name,latitude,longitude,district,neighborhood,district_id,neighborhood_id,bakery_type,is_chain,brand_name,street,house_number,postal_code,opening_hours,website,data_source,source_ids
,52.5103457,13.4082896,Mitte,Mitte,mitte,mitte,artisanal,False,,Alte Jakobstraße,77,10179,,,OSM,node/58489996
Back-Factory,52.4862765,13.3561798,Tempelhof-Schöneberg,Schöneberg,tempelhof-schöneberg,schöneberg,chain,True,Back-Factory,Hauptstraße,22,10827,Mo-Fr 06:00-19:00; Sa 06:30-18:00; Su 07:00-16:00,,OSM,node/253999302
Brot & Brötchen,52.4961316,13.3202337,Charlottenburg-Wilmersdorf,Wilmersdorf,charlottenburg-wilmersdorf,wilmersdorf,artisanal,False,,,,,Mo-Fr 07:00-17:00; Sa 07:00-14:00; Su 07:00-14:00,,OSM,node/254333065
Steinecke,52.4879589,13.2629853,Charlottenburg-Wilmersdorf,Grunewald,charlottenburg-wilmersdorf,grunewald,chain,True,Steinecke,,,,Mo-Fr 06:30-18:00; Sa 07:00-14:00; Su 07:00-12:00,,OSM,node/254992626
Wilmina Brot,52.5069568,13.2972926,Charlottenburg-Wilmersdorf,Charlottenburg,charlottenburg-wilmersdorf,charlottenburg,artisanal,False,,Kantstraße,80,10627,We-Su 08:00-16:00,,OSM,node/258050855
Feinbäckerei Wenzel,52.5150119,13.4637616,Friedrichshain-Kreuzberg,Friedrichshain,friedrichshain-kreuzberg,friedrichshain,artisanal,False,,Frankfurter Allee,47,10247,Mo-Fr 06:30-18:30; Sa 07:00-16:00,,OSM,node/262365563
Müller,52.511619,13.6120334,Marzahn-Hellersdorf,Mahlsdorf,marzahn-hellersdorf,mahlsdorf,chain,True,Christian Müller,Hönower Straße,77,12623,Mo-Fr 05:30-18:30; Sa 05:30-16:30; PH off,,OSM,node/266622845
Mein Brotkorb,52.5115693,13.1813893,Spandau,Wilhelmstadt,spandau,wilhelmstadt,artisanal,False,,,,,Mo-Fr 06:30-18:00; Sa 06:30-12:00; Su 07:00-11:00,,OSM,node/267245380
Steinecke,52.5966354,13.290827,Reinickendorf,Tegel,reinickendorf,tegel,chain,True,Steinecke,,,,,,OSM,node/268424317
Die Leckerei,52.5368767,13.1890809,Spandau,Spandau,spandau,spandau,artisanal,False,,Seegefelder Straße,55,13583,,,OSM,node/271876298
Beumer Lutum,52.4971308,13.4431518,Friedrichshain-Kreuzberg,Kreuzberg,friedrichshain-kreuzberg,kreuzberg,artisanal,False,,Cuvrystraße,22,10997,Mo-Fr 07:00-18:00; Sa-Su 07:00-14:00,,OSM,node/272812495
Steinecke,52.5149758,13.4642337,Friedrichshain-Kreuzberg,Friedrichshain,friedrichshain-kreuzberg,friedrichshain,chain,True,Steinecke,Frankfurter Allee,49,10247,Mo-Fr 06:30-19:00; Sa 07:00-18:00; Su 07:00-11:00,,OSM,node/278874898
Steinecke,52.5115459,13.4571791,Friedrichshain-Kreuzberg,Friedrichshain,friedrichshain-kreuzberg,friedrichshain,chain,True,Steinecke,Simon-Dach-Straße,41a,10245,Mo-Sa 06:30-20:00; Su 06:30-17:00,,OSM,node/282421661
Bäckerei 2000,52.5176593,13.4571456,Friedrichshain-Kreuzberg,Friedrichshain,friedrichshain-kreuzberg,friedrichshain,artisanal,False,,,,,,,OSM,node/282738153
Backfee,52.5125767,13.4666812,Friedrichshain-Kreuzberg,Friedrichshain,friedrichshain-kreuzberg,friedrichshain,artisanal,False,,Jungstraße,10,10247,Mo-Sa 05:00-18:00; Su 06:00-18:00,,OSM,node/282816161
Harry Werksverkauf,52.5551762,13.5469399,Marzahn-Hellersdorf,Marzahn,marzahn-hellersdorf,marzahn,artisanal,False,,,,,"Mo-Fr 05:00-19:00; Sa,Su 06:00-15:00",,OSM,node/286703333
Café Bäckerei Süss,52.4877711,13.4260639,Neukölln,Neukölln,neukölln,neukölln,artisanal,False,,Sonnenallee,5,12047,"Mo-Fr 04:00-20:00; Sa,Su 04:00-19:00",,OSM,node/294257700
Schnell,52.5041272,13.3169693,Charlottenburg-Wilmersdorf,Charlottenburg,charlottenburg-wilmersdorf,charlottenburg,chain,True,Torsten Schnell GmbH,Schlüterstraße,29-30,10629,"Mo-Fr 06:30-18:00; Sa,Su 07:00-15:00",,OSM,node/295147159
Kurfürsten-Bäckerei,52.4263501,13.3352117,Steglitz-Zehlendorf,Lankwitz,steglitz-zehlendorf,lankwitz,artisanal,False,,Kurfürstenstraße,31,12249,Tu-Fr 07:00-17:00; Sa 06:30-12:00; Su 07:30-15:00 ; Mo closed,,OSM,node/299210249
Bäckerei Backfee,52.5249695,13.4521259,Friedrichshain-Kreuzberg,Friedrichshain,friedrichshain-kreuzberg,friedrichshain,artisanal,False,,Ebertystraße,11,10249,Mo-Sa 05:30-18:00; Su 06:00-18:00,,OSM,node/307467688
Mühlenbäck,52.5497834,13.4169793,Pankow,Prenzlauer Berg,pankow,prenzlauer_berg,artisanal,False,,Wichertstraße,9a,10439,Mo-Su 05:00-18:00,,OSM,node/308626327
Johann Mayer,52.4791448,13.3438836,Tempelhof-Schöneberg,Schöneberg,tempelhof-schöneberg,schöneberg,artisanal,False,,Innsbrucker Platz,4,10827,Mo-Fr 06:00-18:00; Sa 07:00-13:00,,OSM,node/310377175
Kafkas Bäckerei,52.4941425,13.4001541,Friedrichshain-Kreuzberg,Kreuzberg,friedrichshain-kreuzberg,kreuzberg,artisanal,False,,,,,Mo-Sa 06:00-18:00; Su 06:00-16:00,,OSM,node/312698799
Bio-Bäckerei Bucco,52.5428039,13.3705212,Mitte,Gesundbrunnen,mitte,gesundbrunnen,artisanal,False,,Ravenéstraße,1,13347,Mo-Fr 08:00-18:00; Sa 08:00-12:00; Su off,,OSM,node/312854886
Back Lounge,52.5253105,13.4451232,Friedrichshain-Kreuzberg,Friedrichshain,friedrichshain-kreuzberg,friedrichshain,artisanal,False,,,,,,,OSM,node/313144183
Steinecke,52.4578174,13.2907631,Steglitz-Zehlendorf,Dahlem,steglitz-zehlendorf,dahlem,chain,True,Steinecke,Königin-Luise-Straße,44,14195,"Mo-Sa 06:30-18:00, Su 08:00-11:00",,OSM,node/313584167
Bäckerei & Bistro,52.5226397,13.4510849,Friedrichshain-Kreuzberg,Friedrichshain,friedrichshain-kreuzberg,friedrichshain,artisanal,False,,,,,"Sa,Su 06:30-16:00; PH 06:30-15:00; Mo-Fr 06:00-18:30",,OSM,node/314401619
Bäckerei Schnell,52.5635495,13.4607404,Pankow,Weißensee,pankow,weißensee,artisanal,False,,Roelckestraße,77-80,13088,Mo-Fr 06:30-18:00; Sa 07:00-12:00,,OSM,node/315780068
Back & Snack,52.5474985,13.3577117,Mitte,Wedding,mitte,wedding,artisanal,False,,Müllerstraße,30,13353,Mo-Su 04:00-18:00,,OSM,node/317179425
Kamps,52.5212635,13.4117898,Mitte,Mitte,mitte,mitte,chain,True,Kamps,,,,Mo-Su 04:00-20:00,,OSM,node/318149467
Backshop ´05,52.5344062,13.4052259,Mitte,Mitte,mitte,mitte,artisanal,False,,,,,Mo-Sa 05:00-20:00; Su 06:00-20:00,,OSM,node/320193680
Perle,52.5083356,13.4631818,Friedrichshain-Kreuzberg,Friedrichshain,friedrichshain-kreuzberg,friedrichshain,artisanal,False,,Wühlischstraße,14,,"Mo-Fr 05:00-20:00; Sa,Su 05:00-19:00",,OSM,node/331347587
Deine Auszeit Stralau,52.4961143,13.4744307,Friedrichshain-Kreuzberg,Friedrichshain,friedrichshain-kreuzberg,friedrichshain,artisanal,False,,Am Speicher,5,10245,Mo-Fr 07:00-17:00; Sa 07:00-13:00; Su 07:00-16:00; PH 07:00-13:00,,OSM,node/366322603
Carree Café,52.4701514,13.4620311,Neukölln,Neukölln,neukölln,neukölln,artisanal,False,,Grenzallee,4,12057,,,OSM,node/367119193
Steinecke,52.5210028,13.3538677,Mitte,Moabit,mitte,moabit,chain,True,Steinecke,,,,"Mo-Fr 06:30-18:00; Sa,Su 06:30-12:00",,OSM,node/370058976
Pappelbäck,52.5463665,13.4178308,Pankow,Prenzlauer Berg,pankow,prenzlauer_berg,artisanal,False,,Pappelallee,57,,Mo-Fr 05:30-19:30; Sa 06:00-17:00; Su 07:00-18:00,,OSM,node/371157964
Salut Backwaren,52.5006012,13.4418988,Friedrichshain-Kreuzberg,Kreuzberg,friedrichshain-kreuzberg,kreuzberg,artisanal,False,,,,,24/7,,OSM,node/410135955
Schnell,52.5120516,13.4969855,Lichtenberg,Lichtenberg,lichtenberg,lichtenberg,artisanal,False,,,,10365,Mo-Fr 06:00-18:00; Sa 07:00-13:00,,OSM,node/427670056
Zeit für Brot,52.5279388,13.4085903,Mitte,Mitte,mitte,mitte,chain,True,Zeit für Brot,Alte Schönhauser Straße,4,10119,Mo-Fr 07:00-20:00; Sa 08:00-20:00; Su 08:00-18:00,,OSM,node/429735241
Lindner,52.5116656,13.3898415,Mitte,Mitte,mitte,mitte,artisanal,False,,,,,Mo-Fr 10:00-15:30; Sa off,,OSM,node/429737718
Demback,52.5032834,13.453492,Friedrichshain-Kreuzberg,Friedrichshain,friedrichshain-kreuzberg,friedrichshain,artisanal,False,,,,,"Mo-Fr 06:00-18:00; Sa,Su 07:00-14:00",,OSM,node/430126692
Hennig - Der Steinofen-Bäcker,52.4557696,13.6250333,Treptow-Köpenick,Friedrichshagen,treptow-köpenick,friedrichshagen,artisanal,False,,Bölschestraße,77,12587,"Mo-Fr 06:00-18:00,Sa 06:30-17:00,Su 07:30-17:00",,OSM,node/439234896
Lietzenbeck,52.456804,13.6251267,Treptow-Köpenick,Friedrichshagen,treptow-köpenick,friedrichshagen,artisanal,False,,Bölschestraße,72,12587,"Mo-Fr 05:30-18:00, Sa 07:00-12:00, Su 08:00-16:00",,OSM,node/439234897
Antepla Bäckerei,52.5013292,13.4279708,Friedrichshain-Kreuzberg,Kreuzberg,friedrichshain-kreuzberg,kreuzberg,artisanal,False,,,,,,,OSM,node/440183604
Thoben,52.5377003,13.202866,Spandau,Spandau,spandau,spandau,artisanal,False,,,,,,http://www.thobens-backwaren.de/spandau_nauen/spandau_moritzstr_22.shtml,OSM,node/441306022
Profitrol,52.4778868,13.4257774,Neukölln,Neukölln,neukölln,neukölln,artisanal,False,,Hermannstraße,51,12049,,,OSM,node/441514943
Thoben,52.478277,13.4256276,Neukölln,Neukölln,neukölln,neukölln,artisanal,False,,Hermannstraße,49,12049,Mo-Fr 06:00-20:00; Sa 06:00-18:00,,OSM,node/441514945
Backstube und Café von Luck,52.430825,13.2064999,Steglitz-Zehlendorf,Nikolassee,steglitz-zehlendorf,nikolassee,artisanal,False,,Von-Luck-Straße,27,14129,Mo-Su 07:00-16:00,,OSM,node/442143540
Schuckert,52.4625486,13.4163173,Tempelhof-Schöneberg,Tempelhof,tempelhof-schöneberg,tempelhof,artisanal,False,,,,,,,OSM,node/442366637
Thoben,52.4601382,13.3849041,Tempelhof-Schöneberg,Tempelhof,tempelhof-schöneberg,tempelhof,artisanal,False,,,,,,,OSM,node/442387119
Back & Snack,52.4552139,13.383669,Tempelhof-Schöneberg,Tempelhof,tempelhof-schöneberg,tempelhof,artisanal,False,,,,,"Mo-Fr 06:00-17:00; Sa,Su 07:00-16:00",,OSM,node/442390880
Back & Snack,52.4461063,13.3854518,Tempelhof-Schöneberg,Mariendorf,tempelhof-schöneberg,mariendorf,artisanal,False,,Mariendorfer Damm,74,12109,"Mo-Fr 05:00-18:00; Sa,Su 06:00-17:00",,OSM,node/442394336
Thoben,52.4451029,13.3856636,Tempelhof-Schöneberg,Mariendorf,tempelhof-schöneberg,mariendorf,artisanal,False,,Mariendorfer Damm,84,12109,Mo-Sa 06:00-20:00; Su 08:00-18:00,http://www.thobens-backwaren.de/,OSM,node/442394342
,52.4677151,13.4417894,Neukölln,Neukölln,neukölln,neukölln,artisanal,False,,,,,,,OSM,node/442749231
Back-Factory,52.5363053,13.2043163,Spandau,Spandau,spandau,spandau,chain,True,Back-Factory,Breite Straße,59,13597,Mo-Fr 06:00-17:00; Sa 08:00-15:00,https://www.back-factory.de/,OSM,node/443719577
Britzer Backstube,52.4528408,13.4388025,Neukölln,Britz,neukölln,britz,artisanal,False,,,,,Mo-Fr 05:00-17:00; Sa 06:30-15:00; Su 07:00-17:00,,OSM,node/445821382
Cafe Carisma,52.4739102,13.4402882,Neukölln,Neukölln,neukölln,neukölln,artisanal,False,,Karl-Marx-Straße,184,12043,,,OSM,node/448809920
Back-Station,52.4913222,13.4234354,Neukölln,Neukölln,neukölln,neukölln,artisanal,False,,Kottbusser Damm,78,10967,Mo-Fr 07:00-19:00; Sa-Su 08:00-16:00,https://back-station.metro.biz/?lang=de,OSM,node/448811297
Backshop Family,52.4531691,13.4522065,Neukölln,Britz,neukölln,britz,artisanal,False,,Buschkrugallee,123,12359,,,OSM,node/452634912
Bäckerei,52.4479093,13.4841532,Treptow-Köpenick,Baumschulenweg,treptow-köpenick,baumschulenweg,artisanal,False,,,,,,,OSM,node/452634933
Schäfer's,52.571092,13.4086081,Pankow,Pankow,pankow,pankow,chain,True,Schäfer's,Breite Straße,11,13187,Mo-Fr 06:30-18:00; Sa 07:00-17:00; Su 08:00-17:00,,OSM,node/454226401
Back Shop Parchimer Allee,52.4452334,13.4558118,Neukölln,Britz,neukölln,britz,artisanal,False,,,,,,,OSM,node/457819195
Knusper Bäcker,52.4471301,13.4018937,Tempelhof-Schöneberg,Mariendorf,tempelhof-schöneberg,mariendorf,artisanal,False,,,,,,,OSM,node/458746985
Schneeglöckchen,52.4738583,13.4507201,Neukölln,Neukölln,neukölln,neukölln,artisanal,False,,,,,"Mo-Fr 06:00-18:00; Sa,Su,PH 07:30-18:00",,OSM,node/461943579
Plötners Bäckerei,52.5292859,13.4704754,Lichtenberg,Fennpfuhl,lichtenberg,fennpfuhl,artisanal,False,,Anton-Saefkow-Platz,11,10369,Mo-Su 09:00-18:00,,OSM,node/463385753
Schäfer's,52.4166132,13.3996142,Tempelhof-Schöneberg,Lichtenrade,tempelhof-schöneberg,lichtenrade,chain,True,Schäfer's,Mariendorfer Damm,430,12107,Mo-Fr 06:00-19:00; Sa 07:00-17:00; Su 09:00-17:00,https://www.schaefers-brot.de/,OSM,node/469135447
Bäckerei Baran,52.4552278,13.3761091,Tempelhof-Schöneberg,Tempelhof,tempelhof-schöneberg,tempelhof,artisanal,False,,,,,,,OSM,node/471134935
Steinecke,52.4976442,13.5030615,Lichtenberg,Friedrichsfelde,lichtenberg,friedrichsfelde,chain,True,Steinecke,Sewanstraße,44,10319,Mo-Sa 06:30-18:00; Su off,,OSM,node/472503586
Dreams Bäckerei,52.4671577,13.4892251,Treptow-Köpenick,Baumschulenweg,treptow-köpenick,baumschulenweg,artisanal,False,,Baumschulenstraße,9/10,12437,"Mo-Fr 05:00-20:00; Sa,Su 06:00-20:00",,OSM,node/502456553
Back & Coffee Shop,52.5577073,13.4437031,Pankow,Weißensee,pankow,weißensee,artisanal,False,,,,,Mo-Th 06:00-15:00; Fr 06:00-14:30,,OSM,node/504618196
Spitzenback,52.479264,13.4499523,Neukölln,Neukölln,neukölln,neukölln,artisanal,False,,,,,,,OSM,node/506133477
Café Karamell Backshop,52.4637583,13.4338067,Neukölln,Neukölln,neukölln,neukölln,artisanal,False,,Hermannstraße,,12051,,,OSM,node/512548108
Bekarei,52.5442169,13.4225579,Pankow,Prenzlauer Berg,pankow,prenzlauer_berg,artisanal,False,,Dunckerstraße,23,10437,Mo-Su 07:30-18:30,,OSM,node/520007623
Van Dahl,52.5705685,13.312764,Reinickendorf,Reinickendorf,reinickendorf,reinickendorf,artisanal,False,,Eichborndamm,29,13403,Mo-Sa 06:00-13:00,,OSM,node/529085203
Fröhliche Bäckerei,52.5149529,13.4735448,Friedrichshain-Kreuzberg,Friedrichshain,friedrichshain-kreuzberg,friedrichshain,artisanal,False,,Rigaer Straße,56,10247,Mo-Fr 03:00-20:00; Sa-Su 03:00-19:00,,OSM,node/529584852
Hansis Brot,52.5411234,13.3572658,Mitte,Wedding,mitte,wedding,chain,True,Johannes Jungnickel,Kiautschoustraße,1,13353,We-Fr 09:00-19:00; Sa 09:00-14:00,https://hansisbrot.berlin/,OSM,node/530715872
Leckerback,52.4864116,13.2971214,Charlottenburg-Wilmersdorf,Schmargendorf,charlottenburg-wilmersdorf,schmargendorf,artisanal,False,,,,,Mo-Fr 06:00-18:00; Sa 06:00-16:00; Su 07:00-16:00,http://leckerback.com/hohenzollerndamm/,OSM,node/534876470
Storchenback,52.5479461,13.5043638,Lichtenberg,Alt-Hohenschönhausen,lichtenberg,alt-hohenschönhausen,artisanal,False,,,,,Mo-Fr 06:00-17:00; Sa 07:30-13:00,,OSM,node/549227570
Schnell - Der Berliner Bäcker,52.5430199,13.4974903,Lichtenberg,Alt-Hohenschönhausen,lichtenberg,alt-hohenschönhausen,artisanal,False,,,,,Mo-Fr 06:30-19:30; Sa 06:30-18:00; Su 08:00-11:00,,OSM,node/549760083
Thürmann,52.5754087,13.2835898,Reinickendorf,Tegel,reinickendorf,tegel,artisanal,False,,,,,"Mo-Sa 07:00-19:00, Su 08:00-11:00",,OSM,node/552357228
Hacker,52.546425,13.4188289,Pankow,Prenzlauer Berg,pankow,prenzlauer_berg,artisanal,False,,Stargarder Straße,69,10437,Tu-Fr 07:00-17:30; Sa 06:30-13:00,,OSM,node/560145216
Aux Delices Normands,52.5065447,13.2915817,Charlottenburg-Wilmersdorf,Charlottenburg,charlottenburg-wilmersdorf,charlottenburg,artisanal,False,,,,,Mo-Fr 06:30-18:00; Sa 06:30-14:00; Su 07:30-16:00,,OSM,node/565034838
Ilbu,52.5119776,13.4729428,Friedrichshain-Kreuzberg,Friedrichshain,friedrichshain-kreuzberg,friedrichshain,artisanal,False,,Jessnerstraße,17,10247,,,OSM,node/573381071
Steinecke,52.4309453,13.1939998,Steglitz-Zehlendorf,Nikolassee,steglitz-zehlendorf,nikolassee,chain,True,Steinecke,,,,Mo-Fr 06:00-19:00; Sa 06:00-17:00; Su 07:00-11:00,,OSM,node/581886030
Cafe Bistro Lion's,52.502047,13.4870445,Lichtenberg,Rummelsburg,lichtenberg,rummelsburg,artisanal,False,,Fischerstraße,1,10317,"Mo-Fr 06:00-16:00 open ""Nur an Schultagen""; PH,SH off",,OSM,node/583937317
Ditsch,52.5149161,13.4746141,Friedrichshain-Kreuzberg,Friedrichshain,friedrichshain-kreuzberg,friedrichshain,chain,True,Ditsch,,,,"Mo-Fr 05:00-20:00; Sa,Su 09:00-17:00",,OSM,node/587631289
Allstein Bäckerie cafè,52.5096988,13.4676331,Friedrichshain-Kreuzberg,Friedrichshain,friedrichshain-kreuzberg,friedrichshain,artisanal,False,,Weserstraße,13,10247,05:00-18:00,,OSM,node/587698560
Schäfer's,52.3868885,13.4004929,Tempelhof-Schöneberg,Lichtenrade,tempelhof-schöneberg,lichtenrade,chain,True,Schäfer's,Bahnhofstraße,,12305,"Sa 07:00-16:00; Su,PH 08:00-16:00; Mo-Fr 06:30-18:00",,OSM,node/588109800
Steinecke,52.4824854,13.5252979,Lichtenberg,Karlshorst,lichtenberg,karlshorst,chain,True,Steinecke,Treskowallee,110,10318,Mo-Fr 06:00-18:00; Sa 06:00-15:00; Su 07:00-11:00,,OSM,node/596559491
Confiserie Reichert,52.5228497,13.3491109,Mitte,Moabit,mitte,moabit,artisanal,False,,Kirchstraße,17,10557,Mo-Fr 06:00-18:00; Sa 06:00-13:00; Su 06:00-12:00,http://www.confiserie-reichert.com/filialen/berlin_moabit.html,OSM,node/597174895
Der Bäcker Feihl,52.5146314,13.4680296,Friedrichshain-Kreuzberg,Friedrichshain,friedrichshain-kreuzberg,friedrichshain,artisanal,False,,Frankfurter Allee,69,10247,Mo-Fr 07:00-18:00,,OSM,node/603300197
Ağam Baklava,52.5547484,13.3890511,Mitte,Gesundbrunnen,mitte,gesundbrunnen,artisanal,False,,Stettiner Straße,30,13357,,,OSM,node/604939149
Thoben,52.5504126,13.38546,Mitte,Gesundbrunnen,mitte,gesundbrunnen,artisanal,False,,Badstraße,11,13357,Mo-Sa 06:00-20:00; Su 09:00-16:00,,OSM,node/606949415
Vollkornbäckerei Hartwich,52.5120703,13.4528034,Friedrichshain-Kreuzberg,Friedrichshain,friedrichshain-kreuzberg,friedrichshain,artisanal,False,,Warschauer Straße,72,10243,Mo-Fr 07:00-19:00; Sa 07:00-18:00; Su off,,OSM,node/607954429
,52.4704286,13.4795222,Treptow-Köpenick,Baumschulenweg,treptow-köpenick,baumschulenweg,artisanal,False,,,,,,,OSM,node/608516554
Brot & mehr,52.5359406,13.4000899,Mitte,Mitte,mitte,mitte,artisanal,False,,Anklamer Straße,32,10115,"Mo-Do 06:00-17:00, Fr 06:00-16:30, Sa 07:00-16:00, Su 07:00-16:30",,OSM,node/608653441
Kamps,52.4294912,13.4569309,Neukölln,Gropiusstadt,neukölln,gropiusstadt,chain,True,Kamps,,,,,,OSM,node/609129082
Wiedemann,52.3868113,13.4042835,Tempelhof-Schöneberg,Lichtenrade,tempelhof-schöneberg,lichtenrade,artisanal,False,,Bahnhofstraße,,12305,"Mo-Fr 06:30-18:00; Sa 06:30-14:00; PH,Su 07:00-12:00",https://baecker-wiedemann.de/,OSM,node/610202853
Balkan Bäckerei Edoni,52.5164436,13.4790038,Lichtenberg,Lichtenberg,lichtenberg,lichtenberg,artisanal,False,,Möllendorffstraße,115,10367,Mo-Fr 05:00-18:00; Sa 07:00-17:00; Su 07:00-17:00,,OSM,node/611732577
Freundliche Bäckerei,52.5331777,13.3280529,Mitte,Moabit,mitte,moabit,artisanal,False,,Beusselstraße,44T,10553,"Mo-Fr 04:00-18:00; Sa,Su 05:00-18:00; PH 05:00-14:00",,OSM,node/617112621
Der Bäcker Feihl,52.634325,13.495557,Pankow,Buch,pankow,buch,artisanal,False,,,,,Mo-Sa 07:00-19:00,,OSM,node/618048317
Back & Shop,52.4822249,13.3771275,Tempelhof-Schöneberg,Tempelhof,tempelhof-schöneberg,tempelhof,artisanal,False,,,,,Mo-Fr 06:30-17:00; Su 08:00-14:00,,OSM,node/620899063
Back Kompakt,52.4371818,13.4484638,Neukölln,Britz,neukölln,britz,artisanal,False,,,,,,,OSM,node/621170710
Cuccis,52.5292797,13.455,Pankow,Prenzlauer Berg,pankow,prenzlauer_berg,artisanal,False,,,,,24/7,,OSM,node/626304105
Hofpfisterei,52.5090214,13.3068314,Charlottenburg-Wilmersdorf,Charlottenburg,charlottenburg-wilmersdorf,charlottenburg,chain,True,Hofpfisterei,Goethestraße,40,10625,Mo-Fr 09:00-19:00; Sa 07:30-16:30,,OSM,node/628068892
Linde,52.5245865,13.480106,Lichtenberg,Fennpfuhl,lichtenberg,fennpfuhl,artisanal,False,,Möllendorffstraße,52,10367,Mo-Fr 06:00-17:00; Su 09:00-16:00,,OSM,node/635871513
Caramel,52.5036221,13.4859718,Lichtenberg,Rummelsburg,lichtenberg,rummelsburg,artisanal,False,,,,,Mo-Fr 05:00-19:00; Sa 05:00-18:00; Su 05:00-18:00,,OSM,node/638953351
Schäfer's,52.5037614,13.3077754,Charlottenburg-Wilmersdorf,Charlottenburg,charlottenburg-wilmersdorf,charlottenburg,chain,True,Schäfer's,Wilmersdorfer Straße,,10629,Mo-Fr 07:00-18:00; Sa 07:00-16:00; Su 08:00-16:00,,OSM,node/639161642
Backfee,52.5081266,13.4973197,Lichtenberg,Rummelsburg,lichtenberg,rummelsburg,artisanal,False,,,,,Mo-Fr 05:30-18:30; Sa 05:30-18:00; Su 06:00-18:00; PH 06:00-18:00,,OSM,node/639631275
der Bäcker Feihl,52.5497714,13.3878895,Mitte,Gesundbrunnen,mitte,gesundbrunnen,artisanal,False,,Badstraße,4,13357,,https://baecker-feihl.de/,OSM,node/646593040
Stern Bäckerei,52.5541978,13.392388,Mitte,Gesundbrunnen,mitte,gesundbrunnen,artisanal,False,,,,,,,OSM,node/646593064
Steinecke,52.499547,13.4787736,Lichtenberg,Rummelsburg,lichtenberg,rummelsburg,chain,True,Steinecke,,,,Mo-Fr 07:00-18:00; Sa 07:00-12:00,,OSM,node/649032162
Atas Profi Back,52.5000629,13.3073797,Charlottenburg-Wilmersdorf,Charlottenburg,charlottenburg-wilmersdorf,charlottenburg,artisanal,False,,,,,,,OSM,node/650788115
Erster Wiener,52.5041093,13.3299493,Charlottenburg-Wilmersdorf,Charlottenburg,charlottenburg-wilmersdorf,charlottenburg,chain,True,Erster Wiener,,,,Mo-Fr 06:00-20:00; Sa 07:00-20:00; Su 08:00-15:00,,OSM,node/651949238
Bäckerei Backfee,52.4233087,13.4361694,Neukölln,Buckow,neukölln,buckow,artisanal,False,,Alt-Buckow,5,12349,"Mo-Fr 06:00-18:00; Sa,Su 06:00-17:00",,OSM,node/652049333
Schäfer's Café Buckow,52.423957,13.4366283,Neukölln,Buckow,neukölln,buckow,chain,True,Schäfer's,,,,Mo-Fr 06:00-18:00; Sa 06:00-16:00; Su 07:00-16:00,,OSM,node/652049359
Back-Shop,52.4479819,13.4496601,Neukölln,Britz,neukölln,britz,chain,True,Fehrid Caliskan,,,,Mo-Fr 06:00-15:00; Sa 06:00-13:00; Su 07:00-13:00,,OSM,node/653657249
Schäfer's,52.4227396,13.3706621,Tempelhof-Schöneberg,Marienfelde,tempelhof-schöneberg,marienfelde,chain,True,Schäfer's,,,,Mo-Fr 06:30-17:00; Sa 07:00-13:00; Su 08:00-13:00,,OSM,node/659034042
My Bakery,52.5107642,13.3052281,Charlottenburg-Wilmersdorf,Charlottenburg,charlottenburg-wilmersdorf,charlottenburg,artisanal,False,,Wilmersdorfer Straße,41,10627,Mo-Fr 05:30-19:00; Sa 06:00-19:00; Su 08:00-16:00,,OSM,node/661126953
Bäckerei & Café,52.5154037,13.302987,Charlottenburg-Wilmersdorf,Charlottenburg,charlottenburg-wilmersdorf,charlottenburg,artisanal,False,,,,,Mo-Fr 06:00-17:00; Sa 06:30-13:00; Su off,,OSM,node/661126960
Steinecke,52.497467,13.2907226,Charlottenburg-Wilmersdorf,Halensee,charlottenburg-wilmersdorf,halensee,chain,True,Steinecke,Kurfürstendamm,,10711,Mo-Fr 06:00-18:00; Sa 07:00-13:00,,OSM,node/663035641
Bäcker Feihl,52.4977961,13.2968374,Charlottenburg-Wilmersdorf,Halensee,charlottenburg-wilmersdorf,halensee,artisanal,False,,Kurfürstendamm,142,10709,Mo-Sa 06:30-18:00; Su 07:00-17:00,,OSM,node/663035644
Baki Backshop,52.4949617,13.3018242,Charlottenburg-Wilmersdorf,Wilmersdorf,charlottenburg-wilmersdorf,wilmersdorf,artisanal,False,,,,,Mo-Fr 06:00-18:00; Su 07:00-13:00; Sa off,http://baki-backshop.de/,OSM,node/663611905
BioBackHaus,52.4744517,13.2940847,Charlottenburg-Wilmersdorf,Schmargendorf,charlottenburg-wilmersdorf,schmargendorf,artisanal,False,,,,,"Mo-Fr 07:00-18:00, Sa 07:00-14:00, Su 07:00-12:00",,OSM,node/664244068
Domberger Brot-Werk,52.5044711,13.3253576,Charlottenburg-Wilmersdorf,Charlottenburg,charlottenburg-wilmersdorf,charlottenburg,artisanal,False,,,,,Tu-Fr 11:00-18:00; Sa 09:00-14:00,https://domberger-brot-werk.com/,OSM,node/665535087
Wiedemann,52.5191305,13.2574416,Charlottenburg-Wilmersdorf,Westend,charlottenburg-wilmersdorf,westend,artisanal,False,,Reichsstraße,35,14052,Mo-Fr 06:30-18:00; Sa 06:30-13:00; Su 08:00-11:00,,OSM,node/667211378
Bäckerei Zimmermann,52.5180501,13.2587434,Charlottenburg-Wilmersdorf,Westend,charlottenburg-wilmersdorf,westend,artisanal,False,,,,,Tu-Fr 05:30-19:00; Sa 05:30-16:00; Su 07:00-16:00,,OSM,node/667211381
Abu Laila,52.5286759,13.328418,Mitte,Moabit,mitte,moabit,artisanal,False,,Beusselstraße,69,10553,09:00-23:00,,OSM,node/667451730
Gragger Brot,52.500981,13.3252298,Charlottenburg-Wilmersdorf,Charlottenburg,charlottenburg-wilmersdorf,charlottenburg,artisanal,False,,Uhlandstraße,170,10719,Mo-Fr 07:00-19:00; Sa 08:00-16:00,https://gragger.de/,OSM,node/670658020
Back Lounge,52.5236862,13.4627564,Pankow,Prenzlauer Berg,pankow,prenzlauer_berg,artisanal,False,,Hermann-Blankenstein-Straße,38,10249,Mo-Sa 07:00-20:00,,OSM,node/671491570
Mond & Stern,52.5429052,13.3927617,Mitte,Gesundbrunnen,mitte,gesundbrunnen,artisanal,False,,,,,Mo-Fr 05:30-18:00; Sa 06:00-14:00; Su 08:00-15:00,,OSM,node/674019823
Vatan Bäckerei,52.5448717,13.2078543,Spandau,Spandau,spandau,spandau,artisanal,False,,,,,,,OSM,node/674100941
Bäcker Kroll,52.5509793,13.424146,Pankow,Prenzlauer Berg,pankow,prenzlauer_berg,artisanal,False,,Kuglerstraße,65,10439,Tu-Fr 06:30-18:30; Sa 06:30-13:00,,OSM,node/674144566
Bäckerei Schnell,52.5536055,13.3604507,Mitte,Wedding,mitte,wedding,artisanal,False,,Oudenarder Straße,14,13347,Mo-Fr 06:30-18:30; Sa 06:30-16:00,,OSM,node/678968214
Familie Schroeter Konditorei & Bäckerei,52.4483688,13.3053059,Steglitz-Zehlendorf,Lichterfelde,steglitz-zehlendorf,lichterfelde,chain,True,Familie Schroeter,Enzianstraße,1,12203,Tu-Fr 06:00-18:00; Sa 06:00-14:00; Su 07:00-16:00; PH 07:00-13:00,https://konditorei-schroeter.de/,OSM,node/691484463
Thoben,52.4718181,13.3350435,Tempelhof-Schöneberg,Friedenau,tempelhof-schöneberg,friedenau,artisanal,False,,Lauterstraße,17-18,12159,Mo-Sa 08:00-18:00; Su 11:30-17:00,,OSM,node/691484790
Wiedemann,52.4720511,13.3350424,Tempelhof-Schöneberg,Friedenau,tempelhof-schöneberg,friedenau,artisanal,False,,Lauterstraße,16,12159,Mo-Fr 07:00-18:00; Sa 07:00-14:00; Su 08:00-12:00,https://baecker-wiedemann.de/,OSM,node/691484832
Tillmann,52.4979983,13.3261713,Charlottenburg-Wilmersdorf,Wilmersdorf,charlottenburg-wilmersdorf,wilmersdorf,artisanal,False,,Ludwigkirchstraße,14,10719,Mo-Fr 07:00-18:00; Sa 08:00-14:00; Su 08:00-12:00,,OSM,node/692167744
Ralf Rajemann,52.5422177,13.4133545,Pankow,Prenzlauer Berg,pankow,prenzlauer_berg,artisanal,False,,Pappelallee,85,10437,Mo-Fr 06:40-18:00; Sa 07:00-12:30,,OSM,node/692196581
Kiezbäckerei,52.5065722,13.5032721,Lichtenberg,Friedrichsfelde,lichtenberg,friedrichsfelde,artisanal,False,,Zachertstraße,14,10315,"Mo-Fr 05:30-18:00; Sa 05:30-17:00; PH,Su 06:30-16:00",,OSM,node/692987887
Bäckerei Viktoria,52.50439,13.4794124,Lichtenberg,Rummelsburg,lichtenberg,rummelsburg,artisanal,False,,Kaskelstraße,27,,Mo-Fr 06:00-17:30; Sa 06:00-16:30; Su 06:00-16:00,,OSM,node/698789139
Backhaus Liberda,52.4915181,13.428978,Neukölln,Neukölln,neukölln,neukölln,artisanal,False,,Liberdastraße,,,Sa 07:00-17:00; Mo-Fr 06:00-18:00; Su 08:00-16:00,,OSM,node/700730133
Steinecke,52.523227,13.4035939,Mitte,Mitte,mitte,mitte,chain,True,Steinecke,Dircksenstraße,52,10178,Mo-Fr 07:00-20:00; Sa 07:00-19:00; Su 07:00-18:00,,OSM,node/700843686
BioBackHaus,52.4908547,13.3262083,Charlottenburg-Wilmersdorf,Wilmersdorf,charlottenburg-wilmersdorf,wilmersdorf,artisanal,False,,,,,"Mo-Fr 07:00-19:00; Sa,Su 07:00-18:00",,OSM,node/701825306
Czerr,52.4907082,13.3300881,Charlottenburg-Wilmersdorf,Wilmersdorf,charlottenburg-wilmersdorf,wilmersdorf,artisanal,False,,Güntzelstraße,55,10717,Mo-Fr 06:30-18:00; Sa 07:00-13:00,https://www.czerr.de/,OSM,node/704002987
Mond & Stern,52.5309172,13.3458904,Mitte,Moabit,mitte,moabit,artisanal,False,,Birkenstraße,58,10559,"Mo-Fr 05:30-18:00; Sa 06:00-14:00; PH,Su 08:00-14:00",,OSM,node/704781852
Harmonie,52.4885941,13.3418879,Tempelhof-Schöneberg,Schöneberg,tempelhof-schöneberg,schöneberg,artisanal,False,,Grunewaldstraße,60,10825,,,OSM,node/704913864
Wiedemann,52.502041,13.313474,Charlottenburg-Wilmersdorf,Charlottenburg,charlottenburg-wilmersdorf,charlottenburg,artisanal,False,,Leibnizstraße,,10629,"Mo-Fr 06:30-18:00; Sa 06:30-12:00,12:30-14:00",,OSM,node/704913878
Sofra shqiptare,52.5508826,13.3787856,Mitte,Gesundbrunnen,mitte,gesundbrunnen,artisanal,False,,,,,"Mo-Su,PH 06:00-23:00",,OSM,node/707353011
Jokum,52.5445317,13.3686249,Mitte,Wedding,mitte,wedding,artisanal,False,,Gerichtstraße,58,13347,Mo-Sa 06:00-18:00,,OSM,node/707409445
Heidel Back,52.4809141,13.3132113,Charlottenburg-Wilmersdorf,Wilmersdorf,charlottenburg-wilmersdorf,wilmersdorf,artisanal,False,,Mecklenburgische Straße,20,10713,,,OSM,node/715203730
Luna,52.4722859,13.298735,Charlottenburg-Wilmersdorf,Wilmersdorf,charlottenburg-wilmersdorf,wilmersdorf,artisanal,False,,,,,,,OSM,node/715203856
Barby Bäcker,52.5706366,13.3180507,Reinickendorf,Reinickendorf,reinickendorf,reinickendorf,artisanal,False,,,,,,,OSM,node/716613637
Mirage Bäckerei,52.5667352,13.3179667,Reinickendorf,Reinickendorf,reinickendorf,reinickendorf,artisanal,False,,Scharnweberstraße,45,13405,,,OSM,node/716613641
BackBaron,52.50832,13.2587011,Charlottenburg-Wilmersdorf,Westend,charlottenburg-wilmersdorf,westend,artisanal,False,,,,,,,OSM,node/718143688
Kamps,52.5603223,13.4291966,Pankow,Heinersdorf,pankow,heinersdorf,chain,True,Kamps,Prenzlauer Promenade,43,13089,,https://www.kamps.de,OSM,node/721617846
BioBackHaus,52.472921,13.3141036,Charlottenburg-Wilmersdorf,Wilmersdorf,charlottenburg-wilmersdorf,wilmersdorf,chain,True,BioBackHaus. Leib GmbH,Rüdesheimer Straße,8,14197,Mo-Fr 07:00-18:30; Sa 07:00-16:00; Su 08:00-16:00,,OSM,node/725621495
Star Backshop,52.5266318,13.5367091,Marzahn-Hellersdorf,Marzahn,marzahn-hellersdorf,marzahn,artisanal,False,,Allee der Kosmonauten,,12681,Mo-Fr 05:00-17:00,,OSM,node/727736835
L'Original,52.5653603,13.3219384,Reinickendorf,Reinickendorf,reinickendorf,reinickendorf,artisanal,False,,Scharnweberstraße,118,13405,,,OSM,node/738915085
Schäfer's,52.5614193,13.2081305,Spandau,Hakenfelde,spandau,hakenfelde,chain,True,Schäfer's,Streitstraße,58,13587,Mo-Fr 06:00-18:00; Sa 06:00-16:00; Su 08:00-16:00,,OSM,node/740152643
Baris‘ta Bäckerei,52.5793919,13.3971561,Pankow,Niederschönhausen,pankow,niederschönhausen,artisanal,False,,Hermann-Hesse-Straße,30,13156,Mo-Fr 05:00-18:00; Su 06:00-18:00; Sa 06:00-15:00,,OSM,node/746853039
Czerr,52.4881224,13.3350638,Charlottenburg-Wilmersdorf,Wilmersdorf,charlottenburg-wilmersdorf,wilmersdorf,artisanal,False,,Berliner Straße,3,10715,Mo-Fr 07:00-17:00; Sa 07:00-13:00; Su 08:00-12:00,,OSM,node/750112089
Rixdorfer Bäckerei Pizza & Salate,52.4736628,13.449036,Neukölln,Neukölln,neukölln,neukölln,artisanal,False,,Böhmische Straße,46,12055,Mo-Su 06:30-20:00,,OSM,node/752938656
Melek Bäckerei,52.4938863,13.3841652,Friedrichshain-Kreuzberg,Kreuzberg,friedrichshain-kreuzberg,kreuzberg,artisanal,False,,Yorckstraße,14,,"Mo-Fr 05:00-16:00; Sa,Su 07:00-16:00",,OSM,node/753108331
Dem Back,52.5677788,13.4118745,Pankow,Pankow,pankow,pankow,artisanal,False,,,,,Mo-Fr 04:00-18:00; Sa 06:00-15:00,,OSM,node/753328977
BackTreff,52.54158,13.3498507,Mitte,Wedding,mitte,wedding,artisanal,False,,,,,,,OSM,node/762607353
Ercan Baklava,52.4801296,13.3525953,Tempelhof-Schöneberg,Schöneberg,tempelhof-schöneberg,schöneberg,artisanal,False,,Dominicusstraße,55,10827,,,OSM,node/765928669
Derin's Back House,52.4896885,13.4078438,Friedrichshain-Kreuzberg,Kreuzberg,friedrichshain-kreuzberg,kreuzberg,artisanal,False,,,,,,,OSM,node/766742186
Bäckerei Sonnenschein,52.5740371,13.3592637,Reinickendorf,Reinickendorf,reinickendorf,reinickendorf,artisanal,False,,Residenzstraße,156,13409,Mo-Su 06:00-18:00,,OSM,node/769318476
Provitrol Bäckerei,52.5745711,13.3545223,Reinickendorf,Reinickendorf,reinickendorf,reinickendorf,artisanal,False,,,,,"Mo-Fr 05:30-16:00; Sa,Su 07:00-13:30",,OSM,node/769326921
Bäckerei Krülls,52.4916139,13.4464183,Treptow-Köpenick,Alt-Treptow,treptow-köpenick,alt-treptow,artisanal,False,,Karl-Kunger-Straße,10,12435,,,OSM,node/772842476
La Maison,52.5374948,13.4210987,Pankow,Prenzlauer Berg,pankow,prenzlauer_berg,artisanal,False,,Rykestraße,39,10405,,,OSM,node/773563727
,52.5948249,13.334951,Reinickendorf,Wittenau,reinickendorf,wittenau,artisanal,False,,,,,Mo-Sa 07:00-23:00,,OSM,node/775808424
Plazebo,52.5374842,13.4083106,Pankow,Prenzlauer Berg,pankow,prenzlauer_berg,artisanal,False,,Kastanienallee,26,10435,Mo-Su 08:00-18:00,,OSM,node/778710966
Lychener Back,52.5409373,13.414858,Pankow,Prenzlauer Berg,pankow,prenzlauer_berg,artisanal,False,,,,,"PH,Mo-Su 06:00-18:00",,OSM,node/783442854
Bisquitte,52.5521926,13.4146092,Pankow,Prenzlauer Berg,pankow,prenzlauer_berg,artisanal,False,,,,,Mo-Su 06:00-20:00,,OSM,node/792247198
Märkisch Edel,52.5544461,13.5020498,Lichtenberg,Alt-Hohenschönhausen,lichtenberg,alt-hohenschönhausen,artisanal,False,,,,,,,OSM,node/792647903
Harmonie Bäckerei,52.5388274,13.3993993,Mitte,Mitte,mitte,mitte,artisanal,False,,Ruppiner Straße,10,10115,,,OSM,node/793735881
M & M Back,52.4946804,13.3607925,Tempelhof-Schöneberg,Schöneberg,tempelhof-schöneberg,schöneberg,artisanal,False,,Potsdamer Straße,170-170b,10783,"Mo-Fr 05:00-20:00; Sa,Su,PH 06:00-20:00",,OSM,node/802697273
Backbaron,52.4577501,13.289957,Steglitz-Zehlendorf,Dahlem,steglitz-zehlendorf,dahlem,artisanal,False,,,,,,,OSM,node/803776974
Pero Piya,52.5165934,13.4686999,Friedrichshain-Kreuzberg,Friedrichshain,friedrichshain-kreuzberg,friedrichshain,artisanal,False,,,,,,,OSM,node/808446072
Back am Plaza 2,52.5649397,13.2094571,Spandau,Hakenfelde,spandau,hakenfelde,artisanal,False,,,,,"Mo-Fr 06:00-16:00; Sa,Su 07:00-12:00",,OSM,node/809907883
Steinecke,52.5615181,13.2135542,Spandau,Hakenfelde,spandau,hakenfelde,chain,True,Steinecke,Goltzstraße,15-17,13587,"Mo-Sa 06:30-20:00; Su,PH off",,OSM,node/809926774
Backwerk,52.4648721,13.3279587,Tempelhof-Schöneberg,Friedenau,tempelhof-schöneberg,friedenau,chain,True,BackWerk,Walther-Schreiber-Platz,1,12161,Mo-Sa 06:30-20:30; Su 08:00-16:00,https://www.back-werk.de,OSM,node/811905824
Bäckerei Czerr,52.4816561,13.3198466,Charlottenburg-Wilmersdorf,Wilmersdorf,charlottenburg-wilmersdorf,wilmersdorf,artisanal,False,,Paretzer Straße,1,10713,"Mo-Fr 07:00-17:00; Sa 07:00-14:00; Su,PH 08:00-16:00",,OSM,node/821121330
Thoben,52.4866786,13.3237248,Charlottenburg-Wilmersdorf,Wilmersdorf,charlottenburg-wilmersdorf,wilmersdorf,artisanal,False,,,,,Mo-Sa 06:00-20:00; Su 08:00-17:00,,OSM,node/825241251
Bäckerei-Konditorei Pierre Wieser,52.4628741,13.3419958,Steglitz-Zehlendorf,Steglitz,steglitz-zehlendorf,steglitz,chain,True,Pierre Wieser,Sachsenwaldstraße,30,12157,Mo-Fr 06:00-16:00; Sa 06:00-12:00; Su 07:00-11:00,http://www.baeckerei-wieser.de,OSM,node/829297713
Steinecke,52.5776521,13.3564992,Reinickendorf,Reinickendorf,reinickendorf,reinickendorf,chain,True,Steinecke,,,,,,OSM,node/831530018
Imbiss & Afghan Brot,52.4821041,13.3491975,Tempelhof-Schöneberg,Schöneberg,tempelhof-schöneberg,schöneberg,artisanal,False,,Hauptstraße,114-115,10827,,,OSM,node/835553668
Café Bäckerei Evina,52.4681266,13.4306539,Neukölln,Neukölln,neukölln,neukölln,artisanal,False,,,,,Mo-Su 03:00-19:00,,OSM,node/837792398
Steinecke,52.4858047,13.3334089,Charlottenburg-Wilmersdorf,Wilmersdorf,charlottenburg-wilmersdorf,wilmersdorf,chain,True,Steinecke,Badensche Straße,42,10715,Mo-Fr 06:30-19:00; Sa 06:30-18:00; Su 08:00-14:00,,OSM,node/846601793
Back Eck,52.4689367,13.3236313,Tempelhof-Schöneberg,Friedenau,tempelhof-schöneberg,friedenau,artisanal,False,,,,,"Mo-Fr 06:00-17:00; Sa,Su 07:00-13:00",,OSM,node/848169208
Bäcker Wiedemann,52.4649065,13.3951319,Tempelhof-Schöneberg,Tempelhof,tempelhof-schöneberg,tempelhof,artisanal,False,,Germaniastraße,12/13,,Mo-Sa 07:00-20:00; PH off,https://baecker-wiedemann.de/filialen/tempelhof-schoeneberg-germaniastrasse,OSM,node/852661172
Sofi,52.5261751,13.4008492,Mitte,Mitte,mitte,mitte,artisanal,False,,Sophienstraße,21,10178,Mo-Fr 07:30-18:30; Sa-Su 08:30-17:30,,OSM,node/860257023
,52.5030764,13.4131921,Friedrichshain-Kreuzberg,Kreuzberg,friedrichshain-kreuzberg,kreuzberg,artisanal,False,,,,,"PH,Mo-Su 05:00-20:30",,OSM,node/871633757
Melek Bäckerei Konditorei,52.5012179,13.4199162,Friedrichshain-Kreuzberg,Kreuzberg,friedrichshain-kreuzberg,kreuzberg,artisanal,False,,Oranienstraße,28,10999,,,OSM,node/872503813
Back-Art,52.4928597,13.4149639,Friedrichshain-Kreuzberg,Kreuzberg,friedrichshain-kreuzberg,kreuzberg,artisanal,False,,Dieffenbachstraße,12,10967,Mo-Fr 06:00-19:00; Sa 06:00-17:00; Su 08:30-17:00,,OSM,node/873726171
Gaziantep Kılıçoğlu Baklavaci,52.5007093,13.4190414,Friedrichshain-Kreuzberg,Kreuzberg,friedrichshain-kreuzberg,kreuzberg,artisanal,False,,,,,,,OSM,node/874290303
eurocan,52.4987277,13.4274332,Friedrichshain-Kreuzberg,Kreuzberg,friedrichshain-kreuzberg,kreuzberg,artisanal,False,,Wiener Straße,8,10999,24/7,,OSM,node/886152065
Backwerk,52.5217424,13.4104474,Mitte,Mitte,mitte,mitte,chain,True,BackWerk,,,,"Mo-Fr 06:00-21:00; Sa,Su 08:00-21:00",,OSM,node/888365921
Melek-Backshop,52.5354253,13.3773209,Mitte,Mitte,mitte,mitte,artisanal,False,,,,,,,OSM,node/910429973
Hannemann,52.5155803,13.4983261,Lichtenberg,Lichtenberg,lichtenberg,lichtenberg,artisanal,False,,Siegfriedstraße,199,10365,"Mo-Fr 06:30-17:00, Sa 06:30-11:30",,OSM,node/918186976
Zimmermann,52.5171599,13.2935283,Charlottenburg-Wilmersdorf,Charlottenburg,charlottenburg-wilmersdorf,charlottenburg,artisanal,False,,Nehringstraße,3,14059,Mo 07:00-13:00; Tu-Fr 07:00-18:00; Sa 07:00-16:00; Su off,,OSM,node/918358203
Bäckerei M. Biesewski,52.532289,13.4358475,Pankow,Prenzlauer Berg,pankow,prenzlauer_berg,artisanal,False,,Pasteurstraße,32,10407,"PH,Mo off; Tu-Fr 07:00-18:30; Sa 06:30-13:00; Su 14:00-16:00",,OSM,node/919556448
Schäfer's,52.4840741,13.3838004,Tempelhof-Schöneberg,Tempelhof,tempelhof-schöneberg,tempelhof,chain,True,Schäfer's,Manfred-von-Richthofen-Straße,8,12101,Mo-Fr 06:00-18:00; Sa 07:00-16:00; Su 08:00-17:00,,OSM,node/928018925
Bäckerei Olive,52.5217798,13.447729,Friedrichshain-Kreuzberg,Friedrichshain,friedrichshain-kreuzberg,friedrichshain,artisanal,False,,,,,Mo-Su 05:00-19:00,,OSM,node/928994583
Ihr Meisterbäcker,52.5213543,13.3278122,Charlottenburg-Wilmersdorf,Charlottenburg,charlottenburg-wilmersdorf,charlottenburg,artisanal,False,,Franklinstraße,19,,Mo-Fr 06:30-14:00,,OSM,node/932295139
Beumer & Lutum,52.4906624,13.3943428,Friedrichshain-Kreuzberg,Kreuzberg,friedrichshain-kreuzberg,kreuzberg,artisanal,False,,Zossener Straße,34,10961,"Mo-Fr 07:00-18:00; Sa,Su 08:00-14:00",http://www.beumer-lutum.de/baeckerei/laden_zossener/,OSM,node/935637558
Hofpfisterei,52.4607365,13.3247073,Steglitz-Zehlendorf,Steglitz,steglitz-zehlendorf,steglitz,chain,True,Hofpfisterei,,,,Mo-Fr 09:00-19:00; Sa 08:00-16:00,,OSM,node/937237159
Mert,52.4911017,13.410782,Friedrichshain-Kreuzberg,Kreuzberg,friedrichshain-kreuzberg,kreuzberg,artisanal,False,,Körtestraße,12,10967,,,OSM,node/947966143
Beumer & Lutum,52.4897819,13.4080311,Friedrichshain-Kreuzberg,Kreuzberg,friedrichshain-kreuzberg,kreuzberg,artisanal,False,,Körtestraße,36,10967,Mo-Fr 07:00-19:00; Sa 07:00-17:00; Su 08:00-17:00,https://www.beumer-lutum.de/,OSM,node/948000949
,52.4097238,13.477718,Neukölln,Rudow,neukölln,rudow,artisanal,False,,,,,Mo-Fr 06:00-18:00; Sa-Su 07:00-13:00,,OSM,node/948656106
back time,52.5193086,13.2989709,Charlottenburg-Wilmersdorf,Charlottenburg,charlottenburg-wilmersdorf,charlottenburg,artisanal,False,,Spandauer Damm,1,14059,"Mo-Fr 06:00-19:00; Sa,Su 07:00-18:00",,OSM,node/953839633
Schäfer's,52.4816295,13.3169088,Charlottenburg-Wilmersdorf,Wilmersdorf,charlottenburg-wilmersdorf,wilmersdorf,chain,True,Schäfer's,Paretzer Straße,7,10713,Mo-Fr 06:30-18:00; Sa 07:00-16:00; Su 08:00-16:00,,OSM,node/954628844
Steinecke,52.4890853,13.3976852,Friedrichshain-Kreuzberg,Kreuzberg,friedrichshain-kreuzberg,kreuzberg,chain,True,Steinecke,,,,Mo-Fr 06:30-18:00; Sa 07:00-17:00; Su 07:00-13:00,,OSM,node/963681285
Korn,52.5472791,13.3894984,Mitte,Gesundbrunnen,mitte,gesundbrunnen,artisanal,False,,Ramlerstraße,38,,"Mo-Fr 05:00-21:00; Sa,Su 06:00-21:00",,OSM,node/979502650
Dalldorfer Backstube,52.5905416,13.3313001,Reinickendorf,Wittenau,reinickendorf,wittenau,artisanal,False,,Alt-Wittenau,25,13437,"Mo-Fr 06:00-14:00; Sa 06:00-13:00; PH,Su 08:00-12:00",,OSM,node/981554327
Johns Bäckerei,52.56712,13.4192026,Pankow,Pankow,pankow,pankow,artisanal,False,,Kissingenstraße,37,13189,Mo-Fr 06:00-18:00; Sa 07:00-12:00; Su 08:00-11:00,,OSM,node/988652466
Hohen,52.4881524,13.3650504,Tempelhof-Schöneberg,Schöneberg,tempelhof-schöneberg,schöneberg,artisanal,False,,,,,Mo-Fr 06:00-17:00; Su 07:00-16:00,,OSM,node/1001470681
Bäcker Walf,52.4286257,13.3287024,Steglitz-Zehlendorf,Lichterfelde,steglitz-zehlendorf,lichterfelde,chain,True,Bäcker Walf GmbH,Lankwitzer Straße,2-3,12209,Mo-Fr 06:00-18:30; Sa 06:30-14:00; Su 07:00-15:00; PH off,,OSM,node/1002586842
Bäckerei Scheele,52.4128225,13.3213905,Steglitz-Zehlendorf,Lichterfelde,steglitz-zehlendorf,lichterfelde,artisanal,False,,Scheelestraße,136,12209,Mo-Fr 06:30-18:00; Sa 07:00-13:00; Su 08:00-13:00,,OSM,node/1002675868
Bäckerei 2000,52.5192879,13.4533139,Friedrichshain-Kreuzberg,Friedrichshain,friedrichshain-kreuzberg,friedrichshain,artisanal,False,,,,,,,OSM,node/1003890932
FREA Bakery,52.5301838,13.3919268,Mitte,Mitte,mitte,mitte,artisanal,False,,Gartenstraße,9,10115,Mo-Su 08:00-17:00,,OSM,node/1004408258
Marai,52.4360549,13.3137063,Steglitz-Zehlendorf,Lichterfelde,steglitz-zehlendorf,lichterfelde,artisanal,False,,,,12203,Mo-Fr 05:00-17:00,,OSM,node/1006711202
Goldback,52.4368679,13.3038513,Steglitz-Zehlendorf,Lichterfelde,steglitz-zehlendorf,lichterfelde,artisanal,False,,Dürerstraße,23,12203,,,OSM,node/1006711291
Steinecke,52.615054,13.470393,Pankow,Karow,pankow,karow,chain,True,Steinecke,Hubertusdamm,64,13125,Mo-Sa 06:30-20:00; Su 07:00-10:30,,OSM,node/1012524097
Back Coffee,52.497411,13.4312602,Friedrichshain-Kreuzberg,Kreuzberg,friedrichshain-kreuzberg,kreuzberg,artisanal,False,,,,10999,,,OSM,node/1018851213
Der Bäcker Feihl,52.5349924,13.4962228,Lichtenberg,Alt-Hohenschönhausen,lichtenberg,alt-hohenschönhausen,artisanal,False,,Landsberger Allee,277,13055,Mo-Sa 07:00-19:00,,OSM,node/1030066960
Wiener Feinbäcker Heberer,52.5350396,13.496527,Lichtenberg,Alt-Hohenschönhausen,lichtenberg,alt-hohenschönhausen,chain,True,Wiener Feinbäcker Heberer,Landsberger Allee,277,13055,Mo-Sa 08:00-20:00,,OSM,node/1030067059
Schäfer's,52.4434907,13.3989888,Tempelhof-Schöneberg,Mariendorf,tempelhof-schöneberg,mariendorf,chain,True,Schäfer's,Rixdorfer Straße,131,12109,Mo-Fr 06:30-17:00; Sa 07:00-16:00; Su 08:00-16:00,,OSM,node/1030875845
Brotmeisterei Steinecke,52.4916412,13.2912302,Charlottenburg-Wilmersdorf,Schmargendorf,charlottenburg-wilmersdorf,schmargendorf,artisanal,False,,Caspar-Theyß-Straße,16,14193,Mo-Fr 06:00-19:00; Sa 06:30-19:00,https://www.steinecke.info/,OSM,node/1035328030
Back-Corner,52.5892918,13.2808519,Reinickendorf,Tegel,reinickendorf,tegel,artisanal,False,,,,,"Mo-Sa 06:00-18:30, Su 06:30-16:00",,OSM,node/1036292702
Back & Coffee Shop,52.5281908,13.3009561,Charlottenburg-Wilmersdorf,Charlottenburg,charlottenburg-wilmersdorf,charlottenburg,artisanal,False,,,,,,,OSM,node/1037921582
Back & Coffee Shop,52.5051108,13.3785008,Friedrichshain-Kreuzberg,Kreuzberg,friedrichshain-kreuzberg,kreuzberg,artisanal,False,,,,,Mo-Fr 06:00-19:00; Sa 06:00-17:00,,OSM,node/1041471016
PadoK.,52.4355589,13.2603521,Steglitz-Zehlendorf,Zehlendorf,steglitz-zehlendorf,zehlendorf,chain,True,Marcelo Esteves Ciocchi,Clayallee,353A,14169,Tu-Fr 08:00-17:00; Sa 08:00-16:00; Su 08:00-13:00,https://www.padok-berlin.de/,OSM,node/1042258695
Le Crobag,52.4311639,13.2589405,Steglitz-Zehlendorf,Zehlendorf,steglitz-zehlendorf,zehlendorf,chain,True,Le Crobag,,,,"Mo-Fr 04:00-20:00; PH,Sa,Su 07:00-15:00",https://www.lecrobag.de/,OSM,node/1042779742
Thoben,52.442904,13.2955279,Steglitz-Zehlendorf,Lichterfelde,steglitz-zehlendorf,lichterfelde,artisanal,False,,Baseler Straße,3,12205,"Mo-Fr 06:15-18:00; Sa 06:15-14:00; Su,PH 08:00-16:00",,OSM,node/1074953821
Steinecke,52.437385,13.2324389,Steglitz-Zehlendorf,Zehlendorf,steglitz-zehlendorf,zehlendorf,chain,True,Steinecke,Mexikoplatz,1,14163,Mo-Fr 06:00-18:00; Sa 06:00-15:00; Su 07:00-11:00,,OSM,node/1075315505
Schäfer's,52.4381427,13.2315835,Steglitz-Zehlendorf,Zehlendorf,steglitz-zehlendorf,zehlendorf,chain,True,Schäfer's,,,,Mo-Fr 06:30-18:00; Sa 06:30-16:00; Su 08:00-17:00,,OSM,node/1075315510
Bäckerei & Bistro NUN,52.4197301,13.2489178,Steglitz-Zehlendorf,Zehlendorf,steglitz-zehlendorf,zehlendorf,artisanal,False,,,,,,,OSM,node/1078531404
Thoben,52.4337576,13.2601076,Steglitz-Zehlendorf,Zehlendorf,steglitz-zehlendorf,zehlendorf,artisanal,False,,Teltower Damm,13,14169,Mo-Fr 06:00-20:00; Sa 06:00-18:00; Su 09:00-16:00,http://www.thobens-backwaren.de/zehlendorf_steglitz_lankwitz/zehlendorf_teltower_damm_13,OSM,node/1082725831
Harmonie,52.547444,13.4050441,Pankow,Prenzlauer Berg,pankow,prenzlauer_berg,artisanal,False,,Ystader Straße,16,10437,,,OSM,node/1085305601
Mein Brotkorb,52.5105494,13.2709311,Charlottenburg-Wilmersdorf,Westend,charlottenburg-wilmersdorf,westend,artisanal,False,,,,,Mo-Fr 07:00-18:30; Sa 07:00-13:00,,OSM,node/1095496816
Schäfer's,52.45902,13.282944,Steglitz-Zehlendorf,Dahlem,steglitz-zehlendorf,dahlem,chain,True,Schäfer's,Königin-Luise-Straße,71,14195,,https://www.schaefers-brot.de/,OSM,node/1108712448
Backmomente,52.5158706,13.4363228,Friedrichshain-Kreuzberg,Friedrichshain,friedrichshain-kreuzberg,friedrichshain,artisanal,False,,Koppenstraße,25,10243,Mo-Fr 06:00-18:30; Sa-So 6:00-17:30,,OSM,node/1113743885
Erva´s Backshop,52.4134459,13.3143549,Steglitz-Zehlendorf,Lichterfelde,steglitz-zehlendorf,lichterfelde,artisanal,False,,,,,,,OSM,node/1119746020
Brot & Feinbäckerei T. Lokocz / Fritz,52.5820124,13.4106782,Pankow,Niederschönhausen,pankow,niederschönhausen,artisanal,False,,Blankenburger Straße,42,13156,Mo-Fr 07:00-18:00; Sa 07:00-11:00,,OSM,node/1120057647
Zuccherino,52.5472555,13.4098839,Pankow,Prenzlauer Berg,pankow,prenzlauer_berg,artisanal,False,,Gleimstraße,20A,,Mo-Su 06:00-20:00,,OSM,node/1142031151
"Backshop ""Emstaler Platz""",52.5773778,13.2783939,Reinickendorf,Tegel,reinickendorf,tegel,artisanal,False,,,,,"Mo-Fr 06:00-17:00, Sa,Su 06:00-14:00",,OSM,node/1145597641
BioLogisch,52.4537643,13.4378584,Neukölln,Britz,neukölln,britz,artisanal,False,,Britzer Damm,100,12347,"Mo,Tu,Th,Fr 06:30-16:00; Sa 06:30-14:00; Su 08:00-14:00; We off",,OSM,node/1155305511
Kamps,52.5225621,13.403827,Mitte,Mitte,mitte,mitte,chain,True,Kamps,An der Spandauer Brücke,10,10178,Mo-Fr 05:30-19:00; Sa 06:00-18:00; Su 07:00-18:00,,OSM,node/1158165824
Oder Brot,52.4695644,13.343396,Tempelhof-Schöneberg,Schöneberg,tempelhof-schöneberg,schöneberg,artisanal,False,,,,,Mo-Fr 06:00-18:00; Sa 07:00-13:00,,OSM,node/1170555186
Damla,52.4657787,13.4254059,Neukölln,Neukölln,neukölln,neukölln,artisanal,False,,,,,,,OSM,node/1175152672
East Side Bakery,52.505326,13.4485193,Friedrichshain-Kreuzberg,Friedrichshain,friedrichshain-kreuzberg,friedrichshain,artisanal,False,,,,,Mo-Su 08:00-19:00,,OSM,node/1181625812
Bäckerei Blank,52.5175778,13.4325404,Friedrichshain-Kreuzberg,Friedrichshain,friedrichshain-kreuzberg,friedrichshain,artisanal,False,,,,,Mo-Fr 07:00-17:00; Sa 07:00-12:00,,OSM,node/1182593490
Altberliner Bäckerei,52.5218904,13.4325876,Friedrichshain-Kreuzberg,Friedrichshain,friedrichshain-kreuzberg,friedrichshain,chain,True,Udo Drescher,Strausberger Straße,46,10243,Mo-Fr 07:00-18:00; Sa 07:00-12:00; Su 08:00-11:00; PH off,,OSM,node/1182598714
bakery & cafe,52.4838481,13.4353022,Neukölln,Neukölln,neukölln,neukölln,artisanal,False,,,,,,,OSM,node/1184599573
Brot und Brötchen,52.4775459,13.4387821,Neukölln,Neukölln,neukölln,neukölln,artisanal,False,,Karl-Marx-Straße,131,12043,Mo-Fr 06:30-19:30; Sa 07:00-18:00; Su 08:00-16:00,http://brotundbroetchen.de/filialen.html,OSM,node/1196899443
Die Backstube,52.4990889,13.4117423,Friedrichshain-Kreuzberg,Kreuzberg,friedrichshain-kreuzberg,kreuzberg,artisanal,False,,Wassertorstraße,2,10969,Mo-Fr 09:00-18:00; Sa 09:00-13:00,,OSM,node/1198768532
Ullstein Cafe,52.4524525,13.3840009,Tempelhof-Schöneberg,Mariendorf,tempelhof-schöneberg,mariendorf,artisanal,False,,,,,,,OSM,node/1199283858
Thobenʼs Backwaren,52.5103993,13.2842664,Charlottenburg-Wilmersdorf,Westend,charlottenburg-wilmersdorf,westend,artisanal,False,,Kaiserdamm,21,14057,Mo-Fr 06:00-18:00; Sa 06:00-14:00,http://thobens-backwaren.de/charlottenburg/charlottenburg_kaiserdamm_21.shtml,OSM,node/1200964567
Süßbrot,52.5572762,13.2188795,Spandau,Hakenfelde,spandau,hakenfelde,artisanal,False,,,,,,,OSM,node/1213752400
Steinecke,52.4750565,13.2909894,Charlottenburg-Wilmersdorf,Schmargendorf,charlottenburg-wilmersdorf,schmargendorf,chain,True,Steinecke,Breite Straße,26,14199,Su 07:00-12:00; Mo-Fr 07:00-18:00; Sa 07:00-16:30,,OSM,node/1224573666
Schäfer's,52.5134328,13.5178314,Lichtenberg,Friedrichsfelde,lichtenberg,friedrichsfelde,chain,True,Schäfer's,,,,"Mo-Sa 07:00-18:00; PH,Su off",,OSM,node/1234657643
Schnell Familienbäckerei,52.5137623,13.5196995,Lichtenberg,Friedrichsfelde,lichtenberg,friedrichsfelde,artisanal,False,,,,,"Mo-Fr 04:30-18:00; Sa,Su 07:30-15:00",,OSM,node/1234657651
Mert,52.4931839,13.4257,Neukölln,Neukölln,neukölln,neukölln,artisanal,False,,Hobrechtstraße,38,,Mo-Sa 06:00-18:00; Su 06:00-16:00,,OSM,node/1237776959
BioBackHaus,52.5479857,13.4138617,Pankow,Prenzlauer Berg,pankow,prenzlauer_berg,artisanal,False,,Schönhauser Allee,70 E,10437,Mo-Fr 07:00-20:00; Sa 07:00-18:00; Su 08:00-13:00,,OSM,node/1241893971
Asmen Backshop,52.515507,13.450246,Friedrichshain-Kreuzberg,Friedrichshain,friedrichshain-kreuzberg,friedrichshain,artisanal,False,,,,,"Mo-Fr 06:00-21:00, Sa 07:00-21:00, Su 21:00-19:00",,OSM,node/1243807194
Thürmann,52.5889829,13.2845767,Reinickendorf,Tegel,reinickendorf,tegel,artisanal,False,,,,,,,OSM,node/1254060371
Röttgen,52.5892439,13.2836429,Reinickendorf,Tegel,reinickendorf,tegel,artisanal,False,,,,,"PH,Mo-Su 09:00-18:00",,OSM,node/1254063156
Bäcker Wiedemann,52.5887473,13.2849966,Reinickendorf,Tegel,reinickendorf,tegel,artisanal,False,,,,,"Mo-Fr 06:30-18:00, Sa 06:30-14:00, Su 07:00-11:00",https://baecker-wiedemann.de/,OSM,node/1254070984
Karia Backhaus,52.5342549,13.488073,Lichtenberg,Alt-Hohenschönhausen,lichtenberg,alt-hohenschönhausen,artisanal,False,,Landsberger Allee,217i,13055,"Mo-Fr 04:00-18:00, Sa 05:00-16:00; Su 05:00-18:00",,OSM,node/1257732880
Herzlich Bäckerei,52.5010934,13.4928396,Lichtenberg,Rummelsburg,lichtenberg,rummelsburg,artisanal,False,,,,,Mo-Su 06:00-18:00; PH 06:00-18:00,,OSM,node/1259381372
Back & Coffee,52.4817774,13.2886184,Charlottenburg-Wilmersdorf,Schmargendorf,charlottenburg-wilmersdorf,schmargendorf,artisanal,False,,,,,Mo-Fr 06:00-16:00; Sa 06:00-14:00,,OSM,node/1262456187
Schwäbische Bäckerei,52.5115027,13.4633197,Friedrichshain-Kreuzberg,Friedrichshain,friedrichshain-kreuzberg,friedrichshain,artisanal,False,,Weserstraße,25,10247,"Mo-Fr 07:00-17:00; Sa,Su 08:00-13:00",,OSM,node/1263875522
Back Titan,52.4433577,13.2947774,Steglitz-Zehlendorf,Lichterfelde,steglitz-zehlendorf,lichterfelde,artisanal,False,,Hans-Sachs-Straße,4E,12205,,,OSM,node/1264336773
Der Bäcker Feihl,52.4996067,13.4972706,Lichtenberg,Friedrichsfelde,lichtenberg,friedrichsfelde,artisanal,False,,Sewanstraße,4,10319,Mo-Sa 07:00-19:00,,OSM,node/1265001568
Back & Snack,52.4029247,13.505824,Neukölln,Rudow,neukölln,rudow,artisanal,False,,,,,,,OSM,node/1277431226
Thoben,52.5898306,13.2841664,Reinickendorf,Tegel,reinickendorf,tegel,artisanal,False,,,,,"Mo-Sa 06:00-20:00, Su 09:00-17:00",,OSM,node/1279778619
Thoben,52.5106088,13.3056795,Charlottenburg-Wilmersdorf,Charlottenburg,charlottenburg-wilmersdorf,charlottenburg,artisanal,False,,Wilmersdorfer Straße,131,10627,Mo-Sa 06:00-20:00; Su 09:00-17:00,,OSM,node/1282080434
Café Forddamm,52.4377257,13.383155,Tempelhof-Schöneberg,Mariendorf,tempelhof-schöneberg,mariendorf,artisanal,False,,Forddamm,13,12107,Mo-Fr 06:00-18:00; Sa 06:00-14:00; Su 07:30-16:00,,OSM,node/1284285750
Bäckerei Schnell,52.4732416,13.3278256,Tempelhof-Schöneberg,Friedenau,tempelhof-schöneberg,friedenau,artisanal,False,,Friedrich-Wilhelm-Platz,1,12161,Mo-Fr 07:00-19:00; Sa 07:00-13:00; Su 07:00-15:00,,OSM,node/1288941805
Backwaren & Cafe,52.554686,13.340647,Mitte,Wedding,mitte,wedding,artisanal,False,,Otawistraße,13,,"Mo-Fr 06:30-15:00; PH,Sa,Su 08:00-14:00",,OSM,node/1296442460
Tobi's Back & Snack,52.5563566,13.342003,Mitte,Wedding,mitte,wedding,artisanal,False,,Müllerstraße,65A,13349,Mo-Sa 06:00-16:00; Su 08:00-16:00; PH closed,,OSM,node/1296447141
Steinecke,52.531692,13.386254,Mitte,Mitte,mitte,mitte,chain,True,Steinecke,,1,10115,Mo-Fr 06:00-19:00; Sa 07:00-14:00; Su 07:00-13:00,,OSM,node/1296489623
Kiezmühle,52.5377479,13.3851155,Mitte,Gesundbrunnen,mitte,gesundbrunnen,artisanal,False,,Ackerstraße,116,13355,Mo-Fr 06:00-19:00; Sa 06:00-13:00; Su 07:00-12:00,,OSM,node/1298512923
EDEKA Backstube,52.5076007,13.5130618,Lichtenberg,Friedrichsfelde,lichtenberg,friedrichsfelde,artisanal,False,,,,,Mo-Sa 07:00-22:00,,OSM,node/1298655469
Back & Snack,52.5176245,13.307202,Charlottenburg-Wilmersdorf,Charlottenburg,charlottenburg-wilmersdorf,charlottenburg,artisanal,False,,,,,Mo-Fr 05:30-17:00; Sa 07:00-14:00; Su 07:00-14:00,,OSM,node/1305230431
Croissanterie,52.4870638,13.4309533,Neukölln,Neukölln,neukölln,neukölln,artisanal,False,,,,,"Mo-Fr 07:00-15:00; Sa,Su,PH 08:00-16:00",,OSM,node/1305276029
Öz Gaziantep,52.4865703,13.4283998,Neukölln,Neukölln,neukölln,neukölln,artisanal,False,,,,,,,OSM,node/1305276037
,52.4869822,13.4282452,Neukölln,Neukölln,neukölln,neukölln,artisanal,False,,,,,,,OSM,node/1305276042
Backcafé,52.4892863,13.3190128,Charlottenburg-Wilmersdorf,Wilmersdorf,charlottenburg-wilmersdorf,wilmersdorf,chain,True,Ömer Bulut,Wegenerstraße,19,10713,"Mo-Fr 03:00-18:30; Sa,Su 06:00-14:00",https://www.lieferback.de,OSM,node/1305834119
Konditorei Aljazeera,52.4872801,13.4274523,Neukölln,Neukölln,neukölln,neukölln,artisanal,False,,,,,Mo-Su 10:00-22:00,,OSM,node/1306177290
Rauch,52.5369253,13.4847063,Lichtenberg,Alt-Hohenschönhausen,lichtenberg,alt-hohenschönhausen,artisanal,False,,Sandinostraße,14,13055,Mo-Fr 06:00-17:00; Sa 06:00-11:30; Su off,https://www.baeckerei-rauch.de/,OSM,node/1306437820
Konditorei Al-Iman,52.4699081,13.4313379,Neukölln,Neukölln,neukölln,neukölln,artisanal,False,,,,,,,OSM,node/1307115321
Knusperbäcker,52.5353875,13.199321,Spandau,Spandau,spandau,spandau,artisanal,False,,,,,Mo-Fr 05:00-19:00; Sa 05:00-19:00; Su 05:00-16:00,https://www.knusperbaecker.com/,OSM,node/1309210149
Bäckerei C. Müller,52.5092382,13.5879312,Marzahn-Hellersdorf,Kaulsdorf,marzahn-hellersdorf,kaulsdorf,chain,True,Christian Müller,Mädewalder Weg,48,12621,Mo-Fr 06:30-18:00; Sa 06:30-12:30; PH off,,OSM,node/1312437470
BackHausLiberda,52.493343,13.3951153,Friedrichshain-Kreuzberg,Kreuzberg,friedrichshain-kreuzberg,kreuzberg,artisanal,False,,Fürbringerstraße,30,10961,"Mo-Fr 06:00-18:00; Sa 07:00-17:00; Su,PH 08:00-15:00",http://www.backhausliberda.de/,OSM,node/1312826395
Bäckerei Plesser,52.4889624,13.4522584,Treptow-Köpenick,Alt-Treptow,treptow-köpenick,alt-treptow,artisanal,False,,Plesser Straße,9,12435,Mo-Fr 06:00-18:00; Sa 07:00-16:00; Su 07:00-15:00,,OSM,node/1315201891
Schleckermäulchen,52.5838503,13.3020233,Reinickendorf,Borsigwalde,reinickendorf,borsigwalde,chain,True,Maureen Muschke,Ernststraße,64,13509,Sa 06:00-13:00; Su 07:00-12:00; PH off; Fr 05:30-14:00; Mo-Th 05:30-15:00,http://xn--eilerts-schleckermulchen-7bc.de/,OSM,node/1316635838
Tinas Feinbäckerei,52.4605697,13.522037,Treptow-Köpenick,Oberschöneweide,treptow-köpenick,oberschöneweide,artisanal,False,,Wilhelminenhofstraße,44,12459,"Tu-Fr 06:00-18:00; Sa,Su 06:00-12:00",,OSM,node/1324863930
BissBack,52.460742,13.3396912,Steglitz-Zehlendorf,Steglitz,steglitz-zehlendorf,steglitz,artisanal,False,,Bismarckstraße,65A,12157,,,OSM,node/1327867344
Bäckerei Perlenmühle,52.5833454,13.3000057,Reinickendorf,Borsigwalde,reinickendorf,borsigwalde,artisanal,False,,Ernststraße,53,13509,Mo-Fr 06:00-18:00; Sa-Su 06:30-16:30,,OSM,node/1330131228
Steinecke,52.4460689,13.5746152,Treptow-Köpenick,Köpenick,treptow-köpenick,köpenick,chain,True,Steinecke,,,,Mo-Fr 06:00-18:00; Sa 06:00-16:00; Su 06:00-13:00,,OSM,node/1331752667
Rubens Back,52.473942,13.3435125,Tempelhof-Schöneberg,Schöneberg,tempelhof-schöneberg,schöneberg,artisanal,False,,Rubensstraße,37,12159,,,OSM,node/1332197462
Cafe Bäckerei Özzy,52.5448606,13.4226577,Pankow,Prenzlauer Berg,pankow,prenzlauer_berg,artisanal,False,,Dunckerstraße,70A,10437,Mo-Fr 06:00-18:30,,OSM,node/1334012198
Backwerk,52.4576003,13.5781689,Treptow-Köpenick,Köpenick,treptow-köpenick,köpenick,chain,True,BackWerk,Bahnhofstraße,33-38,12555,Mo-Fr 07:00-07:00; Sa 08:00-19:00; Su off,,OSM,node/1336678154
Bäckerei Wiedemann,52.537089,13.2043105,Spandau,Spandau,spandau,spandau,artisanal,False,,,,,,https://baecker-wiedemann.de/,OSM,node/1336683836
Back & Snack,52.5381312,13.2068455,Spandau,Spandau,spandau,spandau,artisanal,False,,Breite Straße,35,13597,,,OSM,node/1336716153
Schäfer's,52.4459674,13.5749014,Treptow-Köpenick,Köpenick,treptow-köpenick,köpenick,chain,True,Schäfer's,,,,Mo-Sa 08:00-20:00; PH off,,OSM,node/1336738186
Junge,52.5378928,13.2040166,Spandau,Spandau,spandau,spandau,chain,True,Junge,Carl-Schurz-Straße,43,,Mo-Su 07:00-18:00,,OSM,node/1336813395
Family Bakery,52.5359685,13.4341871,Pankow,Prenzlauer Berg,pankow,prenzlauer_berg,artisanal,False,,Danziger Straße,123,10407,,,OSM,node/1336954996
Schäfer's,52.4154818,13.4061653,Neukölln,Buckow,neukölln,buckow,chain,True,Schäfer's,Marienfelder Chaussee,143,12349,Mo-Sa 07:00-19:00; Su 08:00-11:00,,OSM,node/1340883140
Feinbäckerei Schubbert,52.5188323,13.4387255,Friedrichshain-Kreuzberg,Friedrichshain,friedrichshain-kreuzberg,friedrichshain,artisanal,False,,Palisadenstraße,58,10243,Mo-Fr 06:00-18:00; Sa 06:30-11:30,,OSM,node/1346323982
Bereket Bäckerei,52.4682671,13.4299149,Neukölln,Neukölln,neukölln,neukölln,artisanal,False,,Emser Straße,,12051,,,OSM,node/1348552198
Bafra,52.5017067,13.4320988,Friedrichshain-Kreuzberg,Kreuzberg,friedrichshain-kreuzberg,kreuzberg,artisanal,False,,Eisenbahnstraße,3,10997,,,OSM,node/1348720480
Vita,52.5500113,13.4217202,Pankow,Prenzlauer Berg,pankow,prenzlauer_berg,artisanal,False,,,,,"Mo-Fr 06:00-19:00; Sa,Su 07:00-19:00",,OSM,node/1352734433
Löwenbäcker,52.5422376,13.4895731,Lichtenberg,Alt-Hohenschönhausen,lichtenberg,alt-hohenschönhausen,artisanal,False,,,,,Mo-Fr 06:00-16:30,,OSM,node/1359917695
Thoben,52.5429499,13.2404438,Spandau,Haselhorst,spandau,haselhorst,artisanal,False,,,,,06:00-18:00; Sa 06:00-14:00; Su off,http://www.thobens-backwaren.de/spandau_nauen/spandau_gartenfelder_str_91_93.shtml,OSM,node/1365702039
Café / Bäckerei Aura,52.5355273,13.4327252,Pankow,Prenzlauer Berg,pankow,prenzlauer_berg,artisanal,False,,Greifswalder Straße,46,10405,Su-Fr 05:00-19:00; Sa 05:00-18:00,,OSM,node/1383599516
La Maison,52.476987,13.4224107,Neukölln,Neukölln,neukölln,neukölln,chain,True,à la maison GmbH,Herrfurthplatz,14,12049,Mo-Su 08:00-18:00,https://www.lamaison.berlin/,OSM,node/1386424940
Nicolai,52.5147227,13.4594785,Friedrichshain-Kreuzberg,Friedrichshain,friedrichshain-kreuzberg,friedrichshain,chain,True,Bäckerei & Konditorei Nicolai,Niederbarnimstraße,2,10247,"Mo-Fr 07:30-18:30; Sa,Su 08:00-18:30; PH 08:00-18:00",,OSM,node/1390638285
Wiedemann,52.4565683,13.3210377,Steglitz-Zehlendorf,Steglitz,steglitz-zehlendorf,steglitz,artisanal,False,,,,,Mo-Fr 06:30-19:00; Sa 06:30-14:00,https://baecker-wiedemann.de/,OSM,node/1391486692
Backschloss,52.4563231,13.3219985,Steglitz-Zehlendorf,Steglitz,steglitz-zehlendorf,steglitz,artisanal,False,,,,,,,OSM,node/1391486693
Feinbäckerei,52.5539547,13.4685538,Pankow,Weißensee,pankow,weißensee,artisanal,False,,,,,Mo-Fr 05:30-17:00; Sa 05:30-12:00,,OSM,node/1391516592
Thoben,52.457818,13.3219011,Steglitz-Zehlendorf,Steglitz,steglitz-zehlendorf,steglitz,artisanal,False,,Schloßstraße,89,12163,"Mo-Sa 08:00-18:00; Su,PH 09:00-18:00",https://www.thobens-backwaren.de/zehlendorf_steglitz_lankwitz/steglitz_schlossstr_89.shtml,OSM,node/1391614296
Bäckerei Johann Mayer,52.4786229,13.3458435,Tempelhof-Schöneberg,Schöneberg,tempelhof-schöneberg,schöneberg,chain,True,Bäckerei & Konditorei Johann Mayer OHG,Ebersstraße,42,10827,Mo-Fr 06:00-18:00; Sa 07:00-13:00; Su 08:00-12:30,https://www.johann-mayer.de/,OSM,node/1392695509
Beumer & Lutum,52.5371113,13.4285347,Pankow,Prenzlauer Berg,pankow,prenzlauer_berg,chain,True,Beumer & Lutum GmbH,Winsstraße,34,10405,Mo-Fr 07:00-17:00; Sa 07:00-13:00,,OSM,node/1401087609
Backshop Frisch & Lecker,52.5475858,13.201155,Spandau,Spandau,spandau,spandau,artisanal,False,,Schönwalder Straße,91,13585,,,OSM,node/1405819937
Ihr Meisterbäcker,52.5243479,13.3359982,Mitte,Moabit,mitte,moabit,artisanal,False,,Elberfelder Straße,2,10555,Mo off; Tu-Th 06:30-19:00; Fr 06:30-17:00; Sa 06:30-13:00; Su 07:00-12:00,,OSM,node/1405879358
Tanjas Backparadies,52.5463495,13.2618377,Spandau,Siemensstadt,spandau,siemensstadt,artisanal,False,,,,,,,OSM,node/1408624062
Köşgeroğlu,52.4814507,13.4399064,Neukölln,Neukölln,neukölln,neukölln,artisanal,False,,Erkstraße,14,12043,"Su-Th 08:00-22:00; Fr,Sa 08:00-23:00",,OSM,node/1416202586
Thoben's Backwaren,52.536462,13.2667994,Spandau,Siemensstadt,spandau,siemensstadt,artisanal,False,,Nonnendammallee,82A,13629,Mo-Fr 06:00-18:00; Sa 06:00-13:00,http://www.thobens-backwaren.de/,OSM,node/1419263147
Ringbäckerei Okutucu,52.5391139,13.2728079,Charlottenburg-Wilmersdorf,Charlottenburg-Nord,charlottenburg-wilmersdorf,charlottenburg-nord,artisanal,False,,Goebelstraße,113,13627,,,OSM,node/1420878018
Öz Ege,52.4820334,13.4234226,Neukölln,Neukölln,neukölln,neukölln,artisanal,False,,,,,Mo-Sa 05:00-21:00,,OSM,node/1425707931
Backwerk,52.5202007,13.3883934,Mitte,Mitte,mitte,mitte,chain,True,BackWerk,,,,Mo-Fr 06:00-20:00,,OSM,node/1433073541
Backshop,52.4884643,13.3009458,Charlottenburg-Wilmersdorf,Halensee,charlottenburg-wilmersdorf,halensee,artisanal,False,,,,,Mo-Fr 05:00-15:30,,OSM,node/1437630991
Schäfer's,52.5288435,13.3777462,Mitte,Mitte,mitte,mitte,chain,True,Schäfer's,Invalidenstraße,97,10115,Mo-Fr 06:00-18:00; Sa 07:00-17:00; Su 08:00-17:00,https://www.schaefers-brot.de/,OSM,node/1440942901
Steinecke,52.5139262,13.554356,Marzahn-Hellersdorf,Biesdorf,marzahn-hellersdorf,biesdorf,chain,True,Steinecke,,,,Mo-Fr 06:30-18:00; Sa 06:30-12:00; Su 07:00-10:00,,OSM,node/1445299275
Back Shop,52.4455806,13.4453943,Neukölln,Britz,neukölln,britz,artisanal,False,,,,,"Mo-Fr 06:00-17:00; Sa,Su 08:00-12:00",,OSM,node/1446390435
Bäckerei Grubert,52.5101441,13.5174053,Lichtenberg,Friedrichsfelde,lichtenberg,friedrichsfelde,artisanal,False,,Alt-Friedrichsfelde,90,10315,"Mo-Fr 06:00-17:00, Sa 06:00-11:00",,OSM,node/1453876088
S-Bar Moltke 52,52.4471923,13.3066353,Steglitz-Zehlendorf,Lichterfelde,steglitz-zehlendorf,lichterfelde,artisanal,False,,Moltkestraße,52,12203,Mo-Fr 06:00-14:00; Sa 07:00-12:00; Su off,,OSM,node/1455112119
Stern,52.5116647,13.2812595,Charlottenburg-Wilmersdorf,Westend,charlottenburg-wilmersdorf,westend,artisanal,False,,Königin-Elisabeth-Straße,13,14059,Mo-Fr 04:00-18:00; Su 05:00-16:00,,OSM,node/1469024216
Mehlwurm,52.4856733,13.4300431,Neukölln,Neukölln,neukölln,neukölln,artisanal,False,,Pannierstraße,2,12043,Mo-Fr 07:30-19:00; Sa 07:30-16:00,https://www.mehlwurm.de/,OSM,node/1472171258
La Baguette,52.5417124,13.4223625,Pankow,Prenzlauer Berg,pankow,prenzlauer_berg,artisanal,False,,Raumerstraße,31,10437,,,OSM,node/1489967324
Beumer & Lutum,52.5325268,13.4309034,Pankow,Prenzlauer Berg,pankow,prenzlauer_berg,artisanal,False,,Hufelandstraße,9,10407,Mo-Fr 07:00-19:00; Sa 07:00-17:00; Su 08:00-17:00,,OSM,node/1492336684
Bäckerei Schnell,52.6045061,13.4319777,Pankow,Französisch Buchholz,pankow,französisch_buchholz,artisanal,False,,,,,"Mo-Fr 06:00-18:00; Sa 07:00-14:00; PH,Su 08:00-16:00",https://www.schnell.berlin,OSM,node/1493309770
Der Bäcker Feihl,52.5067146,13.5583089,Marzahn-Hellersdorf,Biesdorf,marzahn-hellersdorf,biesdorf,artisanal,False,,,,,,,OSM,node/1503814097
Bäckerei Schneeglöckchen,52.460121,13.4300978,Neukölln,Britz,neukölln,britz,artisanal,False,,Germaniapromenade,33,12347,"Mo-Fr 05:30-17:30; Sa,Su 06:30-15:00",,OSM,node/1507945387
Hofpfisterei,52.5028492,13.3428267,Tempelhof-Schöneberg,Schöneberg,tempelhof-schöneberg,schöneberg,chain,True,Hofpfisterei,,,,Mo-Fr 08:00-19:00; Sa 09:00-15:00,,OSM,node/1516265394
Bäckerei Zwillinge,52.4671684,13.5110527,Treptow-Köpenick,Oberschöneweide,treptow-köpenick,oberschöneweide,artisanal,False,,,,,Mo-Su 06:00-19:00,,OSM,node/1532601420
Feinbäckerei Hollschewski,52.4829064,13.5260394,Lichtenberg,Karlshorst,lichtenberg,karlshorst,artisanal,False,,Treskowallee,103,10318,Mo-Fr 06:30-18:30; Sa 07:00-17:00; Su 07:00-17:00,http://www.hollschewski.de,OSM,node/1542476277
Bäckerei,52.550113,13.4462014,Pankow,Weißensee,pankow,weißensee,artisanal,False,,Behaimstraße,23,,Mo-Sa 05:30-18:00; Su 06:30-18:00,,OSM,node/1545892063
Tempelhofer Backhaus,52.4466914,13.3722204,Tempelhof-Schöneberg,Mariendorf,tempelhof-schöneberg,mariendorf,artisanal,False,,Gersdorfstraße,39,12105,,,OSM,node/1554257362
Dresdner Feinbäckerei,52.4540912,13.624828,Treptow-Köpenick,Friedrichshagen,treptow-köpenick,friedrichshagen,artisanal,False,,Bölschestraße,89,12587,"Tu-Fr 06:00-18:30; Sa 06:00-14:00; Su,Mo off",https://www.dresdner-feinbaeckerei.de/,OSM,node/1559866473
Wiedemann,52.484338,13.3843727,Tempelhof-Schöneberg,Tempelhof,tempelhof-schöneberg,tempelhof,artisanal,False,,Manfred-von-Richthofen-Straße,4,12101,Mo-Fr 06:00-17:00; Sa 06:00-14:00; Su 08:00-12:00,https://baecker-wiedemann.de/,OSM,node/1574282332
Lion,52.4328561,13.3394052,Steglitz-Zehlendorf,Lankwitz,steglitz-zehlendorf,lankwitz,artisanal,False,,Kaiser-Wilhelm-Straße,38,12247,Mo-Fr 06:00-18:00; Sa 06:00-16:00; Su 07:00-16:00,,OSM,node/1575193678
Lichterfelder Bäckerei,52.4184549,13.3233585,Steglitz-Zehlendorf,Lichterfelde,steglitz-zehlendorf,lichterfelde,artisanal,False,,,,,Mo-Fr 06:00-18:00; Sa 06:00-15:00; Su 08:00-16:00,,OSM,node/1576530415
BioBackHaus,52.451344,13.2700869,Steglitz-Zehlendorf,Dahlem,steglitz-zehlendorf,dahlem,artisanal,False,,Clayallee,177,14195,"Mo-Sa 08:00-20:00; Su,PH off",,OSM,node/1577132740
Öz Ege 1,52.4809982,13.4256476,Neukölln,Neukölln,neukölln,neukölln,artisanal,False,,,,,"Mo-Sa 05:00-20:00, Su,PH 07:00-20:00",,OSM,node/1578857504
Johns Bäckerei und Konditorei,52.5720239,13.4145382,Pankow,Pankow,pankow,pankow,artisanal,False,,Breite Straße,49,13187,Mo-Fr 06:00-18:00; Sa 07:00-12:00,,OSM,node/1579330503
Backstube Sowohlalsauch,52.5381962,13.4205593,Pankow,Prenzlauer Berg,pankow,prenzlauer_berg,artisanal,False,,Sredzkistraße,53,10405,06:00-20:00,http://www.tortenundkuchen.de/backwaren.html,OSM,node/1584760347
La Perle,52.5131545,13.3943076,Mitte,Mitte,mitte,mitte,artisanal,False,,Taubenstraße,,,Mo-Fr 06:00-17:00; Sa 08:00-16:00,,OSM,node/1587088029
,52.5346305,13.5514942,Marzahn-Hellersdorf,Marzahn,marzahn-hellersdorf,marzahn,artisanal,False,,,,12685,,,OSM,node/1588325648
Steinecke,52.5507914,13.4502635,Pankow,Weißensee,pankow,weißensee,chain,True,Steinecke,Charlottenburger Straße,134,13086,Mo-Fr 06:00-19:00; Sa 06:30-13:00; Su 07:00-13:00,https://www.steinecke.info/,OSM,node/1597396553
Lieblings Bäckerei,52.5572488,13.5545272,Marzahn-Hellersdorf,Marzahn,marzahn-hellersdorf,marzahn,artisanal,False,,,,,,,OSM,node/1611170730
Bei Mutti,52.4491066,13.3432613,Steglitz-Zehlendorf,Steglitz,steglitz-zehlendorf,steglitz,artisanal,False,,,,,"Sa,Su 08:00-16:00; Mo-Fr 08:00-18:00",,OSM,node/1611355914
Peter Blank,52.5493103,13.4284309,Pankow,Prenzlauer Berg,pankow,prenzlauer_berg,artisanal,False,,Kuglerstraße,100,10439,Mo-Fr 07:00-18:00; Sa 06:30-14:00; Jan 12-19 off,,OSM,node/1612129081
Round & Edgy,52.4936517,13.4272253,Neukölln,Neukölln,neukölln,neukölln,artisanal,False,,,,,,,OSM,node/1631217647
Hermsdorfer Backstube,52.6104638,13.295669,Reinickendorf,Hermsdorf,reinickendorf,hermsdorf,artisanal,False,,,,,,,OSM,node/1639508918
Thoben,52.5953434,13.3335825,Reinickendorf,Wittenau,reinickendorf,wittenau,artisanal,False,,,,,Mo-Fr 06:00-20:00; Su 09:00-18:00,http://www.thobens-backwaren.de,OSM,node/1640616143
Fein Bäckerei,52.5211231,13.1944419,Spandau,Wilhelmstadt,spandau,wilhelmstadt,artisanal,False,,Adamstraße,10,13595,,,OSM,node/1645273587
Round & Edgy,52.5240193,13.4073657,Mitte,Mitte,mitte,mitte,artisanal,False,,Rochstraße,3,10178,Tu-Sa 11:00-19:00; Su 10:00-19:00,https://www.round-egdy.com/,OSM,node/1652829055
Round & Edgy,52.5240866,13.4074231,Mitte,Mitte,mitte,mitte,artisanal,False,,Rochstraße,3,10178,,,OSM,node/1659260616
Backwerk,52.5387734,13.6037597,Marzahn-Hellersdorf,Hellersdorf,marzahn-hellersdorf,hellersdorf,chain,True,BackWerk,,,,Mo-Fr 05:30-19:00; Sa 06:30-18:00; Su 06:30-16:00,,OSM,node/1667989727
Werner's Backstube,52.4223439,13.539951,Treptow-Köpenick,Altglienicke,treptow-köpenick,altglienicke,artisanal,False,,Köpenicker Straße,45,12524,Mo 06:00-16:00; Tu-Th 06:00-17:00; Fr 06:00-18:00; Sa 06:00-13:00; PH off,,OSM,node/1683679255
Edeka Backstube,52.4641095,13.4858147,Treptow-Köpenick,Baumschulenweg,treptow-köpenick,baumschulenweg,chain,True,Edeka,Baumschulenstraße,31,12437,Mo-Sa 07:00-20:00,,OSM,node/1702700679
Bäckerei Sesam,52.49286,13.4605935,Treptow-Köpenick,Alt-Treptow,treptow-köpenick,alt-treptow,artisanal,False,,,,,,,OSM,node/1706140457
Wriezener Backstube,52.5281892,13.5700839,Marzahn-Hellersdorf,Biesdorf,marzahn-hellersdorf,biesdorf,artisanal,False,,Cecilienstraße,164,12683,Mo-Fr 07:00-18:00; Sa 07:00-13:00,,OSM,node/1715461120
La Femme du Boulanger,52.4768522,13.3307921,Tempelhof-Schöneberg,Friedenau,tempelhof-schöneberg,friedenau,artisanal,False,,Brünnhildestraße,8,12159,Tu-Sa 11:00-20:30,https://www.lafemmeduboulanger.de/,OSM,node/1718477871
Backwaren-Kaiser,52.5902732,13.3977693,Pankow,Niederschönhausen,pankow,niederschönhausen,artisanal,False,,,,,Mo-Fr 09:00-18:00; Sa 07:00-12:00; Su 07:00-11:00,,OSM,node/1734450884
Café Hennig,52.536407,13.4184737,Pankow,Prenzlauer Berg,pankow,prenzlauer_berg,artisanal,False,,,,,Mo-Sa 07:00-14:00,,OSM,node/1737166738
Backshop Ahrensfelde,52.571249,13.5684829,Marzahn-Hellersdorf,Marzahn,marzahn-hellersdorf,marzahn,artisanal,False,,,,,,,OSM,node/1737237304
Bajwa's Handwerksbäckerei,52.5661902,13.4146895,Pankow,Pankow,pankow,pankow,artisanal,False,,Kissingenstraße,4,13189,Tu-Fr 07:00-18:00; Sa 07:00-13:00,,OSM,node/1755252910
Canapé Ökol. Backwaren,52.5046876,13.4763072,Lichtenberg,Rummelsburg,lichtenberg,rummelsburg,artisanal,False,,Pfarrstraße,120,10317,"Mo-Fr 08:00-14:00; Sa,Su 08:00-12:00",,OSM,node/1758320048
Güli`s Backshop,52.5770192,13.2928372,Reinickendorf,Tegel,reinickendorf,tegel,artisanal,False,,Berliner Straße,52e,13507,,,OSM,node/1764332710
Edison Backshop,52.4628825,13.5137924,Treptow-Köpenick,Oberschöneweide,treptow-köpenick,oberschöneweide,artisanal,False,,Edisonstraße,61,12459,Su 05:00-16:00; Mo-Fr 05:00-18:00; Sa 05:00-17:00,,OSM,node/1765153939
Hofpfisterei,52.4951499,13.3235927,Charlottenburg-Wilmersdorf,Wilmersdorf,charlottenburg-wilmersdorf,wilmersdorf,chain,True,Hofpfisterei,,,,Mo-Fr 08:00-20:00; Sa 08:00-16:00,,OSM,node/1773535541
Bäckerei & Konditorei Kadakal,52.4676955,13.3457958,Tempelhof-Schöneberg,Schöneberg,tempelhof-schöneberg,schöneberg,artisanal,False,,Grazer Platz,5,12157,,,OSM,node/1774557663
Back & Snack,52.4552211,13.5769762,Treptow-Köpenick,Köpenick,treptow-köpenick,köpenick,artisanal,False,,Bahnhofstraße,10,12555,,,OSM,node/1774677546
Wiedemann,52.4178415,13.4951916,Neukölln,Rudow,neukölln,rudow,artisanal,False,,Alt-Rudow,56,,Mo-Fr 06:00-18:00; Sa 06:00-14:00; Su 07:00-13:00,https://baecker-wiedemann.de/,OSM,node/1776499515
,52.4136578,13.4214839,Neukölln,Buckow,neukölln,buckow,artisanal,False,,,,,,,OSM,node/1777613516
Der Bäcker Feihl,52.5644094,13.444985,Pankow,Heinersdorf,pankow,heinersdorf,artisanal,False,,,,,Mo-Sa 07:00-20:00,,OSM,node/1784603254
Kamps,52.5224802,13.4018967,Mitte,Mitte,mitte,mitte,chain,True,Kamps,Hackescher Markt,,10178,,https://www.kamps.de,OSM,node/1811163265
Café Bäckerei,52.5046959,13.3419514,Tempelhof-Schöneberg,Schöneberg,tempelhof-schöneberg,schöneberg,artisanal,False,,,,,Mo-Su 06:00-17:00,,OSM,node/1813041523
Café Bistro Bonjour,52.4998823,13.3622746,Mitte,Tiergarten,mitte,tiergarten,artisanal,False,,,,,,,OSM,node/1816857024
Bäcker Wiedemann,52.5200769,13.4043203,Mitte,Mitte,mitte,mitte,artisanal,False,,,,,"Mo-Fr 07:00-20:00; Sa,Su 08:00-20:00",,OSM,node/1819914688
Aux Delices Normands,52.4389828,13.2724213,Steglitz-Zehlendorf,Zehlendorf,steglitz-zehlendorf,zehlendorf,artisanal,False,,Berliner Straße,49,14169,Mo-Fr 06:00-18:00; Sa 06:00-14:00; Su 08:00-14:00,,OSM,node/1828605215
Steh-Café,52.4960956,13.427888,Friedrichshain-Kreuzberg,Kreuzberg,friedrichshain-kreuzberg,kreuzberg,artisanal,False,,,,,,,OSM,node/1834039246
John's Bäckerei & Konditorei,52.5656292,13.395729,Pankow,Pankow,pankow,pankow,artisanal,False,,Wollankstraße,110,13187,Mo-Fr 06:00-18:30; Su 08:00-11:00; Sa 07:00-12:00,,OSM,node/1845283662
Glückliche Bäckerei 2,52.5635991,13.3921077,Mitte,Gesundbrunnen,mitte,gesundbrunnen,artisanal,False,,Wollankstraße,96,13359,,,OSM,node/1847155514
Wollank Bäckerei & Café,52.56428,13.3924795,Mitte,Gesundbrunnen,mitte,gesundbrunnen,artisanal,False,,Wollankstraße,25,13359,,,OSM,node/1847159132
Bio-Konditorei Tillmann,52.5272941,13.3978767,Mitte,Mitte,mitte,mitte,artisanal,False,,Auguststraße,63,10115,"Mo-Fr 06:00-18:00; Sa,Su 07:00-18:00",http://www.tillmannkonditorei.de/,OSM,node/1860405870
DAG,52.5319219,13.4341949,Pankow,Prenzlauer Berg,pankow,prenzlauer_berg,artisanal,False,,,,,Mo-Su 06:00-18:00,,OSM,node/1863560210
Bäckerei Hannemann,52.5163336,13.4806017,Lichtenberg,Lichtenberg,lichtenberg,lichtenberg,artisanal,False,,Normannenstraße,41a,10367,Mo-Fr 06:00-18:00; Sa 06:00-11:30; PH off,,OSM,node/1898418739
Globus Trefferia,52.5334831,13.5086386,Lichtenberg,Lichtenberg,lichtenberg,lichtenberg,artisanal,False,,,,,,,OSM,node/1903667097
Aux Delices Normands,52.4969694,13.3226271,Charlottenburg-Wilmersdorf,Wilmersdorf,charlottenburg-wilmersdorf,wilmersdorf,artisanal,False,,Pfalzburger Straße,76,10719,Mo-Fr 07:00-18:00; Sa 07:00-14:00; Su 08:00-14:00,,OSM,node/1905982600
Thürmann,52.4663503,13.4485637,Neukölln,Neukölln,neukölln,neukölln,artisanal,False,,,,,,,OSM,node/1906523489
Konditorei Damaskus,52.4858135,13.4304557,Neukölln,Neukölln,neukölln,neukölln,artisanal,False,,Sonnenallee,34,12045,,,OSM,node/1907577417
Hofpfisterei,52.5489207,13.4132429,Pankow,Prenzlauer Berg,pankow,prenzlauer_berg,chain,True,Hofpfisterei,Schönhauser Allee,118 A,10437,Mo-Fr 08:30-18:30; Sa 08:30-15:00,,OSM,node/1920573783
Schnell,52.6361296,13.4932779,Pankow,Buch,pankow,buch,artisanal,False,,,,,Mo-Fr 06:00-18:00; Sa 07:00-17:00; Su 07:00-17:00,,OSM,node/1933362461
Bäcker Wiedemann,52.4274836,13.3035211,Steglitz-Zehlendorf,Lichterfelde,steglitz-zehlendorf,lichterfelde,artisanal,False,,,,,Mo-Fr 07:00-18:30; Sa 07:00-13:00; Su 08:00-11:00,,OSM,node/1933863430
Spluffin Store,52.508131,13.4541356,Friedrichshain-Kreuzberg,Friedrichshain,friedrichshain-kreuzberg,friedrichshain,artisanal,False,,Revaler Straße,12,10245,Su 12:00-16:00,,OSM,node/1940602081
Cinnamood,52.5101778,13.4555817,Friedrichshain-Kreuzberg,Friedrichshain,friedrichshain-kreuzberg,friedrichshain,artisanal,False,,,,,"Mo-Th 09:30-20:30; Fr,Sa 09:30-22:30; Su 10:00-16:00",,OSM,node/1943486682
Steinecke,52.5186112,13.2869446,Charlottenburg-Wilmersdorf,Charlottenburg,charlottenburg-wilmersdorf,charlottenburg,chain,True,Steinecke,,,,Mo-Fr 06:00-19:00; Sa 06:30-18:00; Su 07:00-12:00,,OSM,node/1948103193
Schlossbäckerei,52.5186749,13.2875981,Charlottenburg-Wilmersdorf,Charlottenburg,charlottenburg-wilmersdorf,charlottenburg,artisanal,False,,Spandauer Damm,67,14059,,,OSM,node/1948910138
Deluxe Bäckerei & Konditorei,52.4469897,13.3155459,Steglitz-Zehlendorf,Lichterfelde,steglitz-zehlendorf,lichterfelde,artisanal,False,,,,,Mo-Fr 06:00-17:00; Sa 07:00-16:30; Su 07:00-16:00,,OSM,node/1952707967
Bäckerei Wahl,52.4370743,13.5454052,Treptow-Köpenick,Adlershof,treptow-köpenick,adlershof,chain,True,Bäckerei Wahl,,,,Mo-Fr 06:00-18:00; Sa 07:00-12:00; Su 07:00-11:00,https://www.baeckerwahl.de/,OSM,node/1979796734
C&M Kuchenschnecke,52.4401135,13.5538435,Treptow-Köpenick,Adlershof,treptow-köpenick,adlershof,artisanal,False,,Dörpfeldstraße,82,12489,Mo-Fr 05:00-14:00; Sa-Su off,,OSM,node/1979799599
Thoben,52.5498231,13.352638,Mitte,Wedding,mitte,wedding,artisanal,False,,Müllerstraße,138,13353,Mo-Fr 06:00-20:00; Sa 06:00-19:00; Su 09:00-16:00,http://www.thobens-backwaren.de/,OSM,node/1980037176
BackLiebe,52.3865206,13.4061129,Tempelhof-Schöneberg,Lichtenrade,tempelhof-schöneberg,lichtenrade,artisanal,False,,Bahnhofstraße,58,12305,Mo-Fr 06:00-17:00; Sa 08:00-13:00,,OSM,node/2025237204
Backhaus,52.4933094,13.3837152,Friedrichshain-Kreuzberg,Kreuzberg,friedrichshain-kreuzberg,kreuzberg,artisanal,False,,,,,Mo-Su 06:00-16:00,,OSM,node/2026821137
Mehlstübchen,52.4838029,13.3612466,Tempelhof-Schöneberg,Schöneberg,tempelhof-schöneberg,schöneberg,artisanal,False,,Leberstraße,28,10829,Tu-Fr 07:00-18:00; Sa 08:00-14:00,https://www.mehlstuebchen.de/,OSM,node/2032547421
Sammy's Berliner Donuts,52.5263278,13.3992163,Mitte,Mitte,mitte,mitte,artisanal,False,,Sophienstraße,30-31,10178,Mo-Fr 10:00-17:00; Sa-Su 11:00-17:00,,OSM,node/2038221955
Wiener Feinbäcker Heberer,52.5212171,13.5873945,Marzahn-Hellersdorf,Hellersdorf,marzahn-hellersdorf,hellersdorf,chain,True,Wiener Feinbäcker Heberer,Hellersdorfer Straße,77-83,12619,Mo-Fr 07:00-19:30; Sa 08:00-16:00; Su 08:00-13:00,https://www.heberer.de,OSM,node/2038240180
Leckerback,52.4881534,13.3223463,Charlottenburg-Wilmersdorf,Wilmersdorf,charlottenburg-wilmersdorf,wilmersdorf,artisanal,False,,,,,,,OSM,node/2055249976
Museumsbäckerei Alt-Pankow,52.5682848,13.399968,Pankow,Pankow,pankow,pankow,chain,True,Eigenmarke,Wollankstraße,130,13187,"Tu,We,Fr 15:00-18:00; Mo,Th,Sa,Su,PH off || closed ""während der Berliner Schulferien und an Brückentagen geschlossen""",,OSM,node/2055786818
Bonjour,52.5068459,13.3946569,Friedrichshain-Kreuzberg,Kreuzberg,friedrichshain-kreuzberg,kreuzberg,artisanal,False,,Markgrafenstraße,19,10969,Mo-Fr 05:00-19:00; Sa 07:00-15:00,,OSM,node/2059988683
Steinecke,52.6332974,13.2902696,Reinickendorf,Frohnau,reinickendorf,frohnau,chain,True,Steinecke,Zeltinger Platz,2,13465,Mo-Fr 06:00-20:00; Sa 06:30-18:00; Su 07:00-16:00,,OSM,node/2060755563
Junge,52.6321088,13.2891926,Reinickendorf,Frohnau,reinickendorf,frohnau,chain,True,Junge,Welfenallee,1,13465,Mo-Su 07:00-18:00,,OSM,node/2060766839
Bäcker Wiedemann,52.6330023,13.2890003,Reinickendorf,Frohnau,reinickendorf,frohnau,artisanal,False,,Ludolfingerplatz,2,,Mo-Fr 06:30-17:30; Sa 07:00-14:00; Su 08:00-12:00,https://baecker-wiedemann.de/,OSM,node/2060774408
Brotzeit,52.4287929,13.3278647,Steglitz-Zehlendorf,Lichterfelde,steglitz-zehlendorf,lichterfelde,artisanal,False,,Lankwitzer Straße,26,12209,"Mo-Fr 04:00-18:00; Sa,Su 05:00-16:00",,OSM,node/2063153963
Back-Factory,52.5062942,13.3065666,Charlottenburg-Wilmersdorf,Charlottenburg,charlottenburg-wilmersdorf,charlottenburg,chain,True,Back-Factory,Wilmersdorfer Straße,65,10627,Mo-Fr 06:00-20:00; Sa 07:00-20:00; Su 07:00-17:00,,OSM,node/2082268407
Wiener Feinbäcker Heberer,52.502,13.3430121,Tempelhof-Schöneberg,Schöneberg,tempelhof-schöneberg,schöneberg,chain,True,Wiener Feinbäcker Heberer,,,,,,OSM,node/2088402744
Back-Factory,52.5072374,13.3902583,Friedrichshain-Kreuzberg,Kreuzberg,friedrichshain-kreuzberg,kreuzberg,chain,True,Back-Factory,Friedrichstraße,207-208,10969,Mo-Fr 06:00-18:30; Sa 07:00-18:30; Su 07:30-18:30,,OSM,node/2096223250
ARDA,52.4472428,13.3414243,Steglitz-Zehlendorf,Steglitz,steglitz-zehlendorf,steglitz,artisanal,False,,,,,Mo-Fr 06:00-18:00; Sa 06:00-14:30; Su 06:00-16:00,,OSM,node/2098147189
Bärlin Back,52.4472168,13.3422589,Steglitz-Zehlendorf,Steglitz,steglitz-zehlendorf,steglitz,artisanal,False,,Albrechtstraße,70,12167,"Mo-Fr 06:00-18:00; Sa,Su 06:00-16:00",,OSM,node/2098147211
Thoben´s,52.4360163,13.346683,Steglitz-Zehlendorf,Lankwitz,steglitz-zehlendorf,lankwitz,chain,True,Thoben's Backwaren Lutz Thoben,Paul-Schneider-Straße,3,12247,"Mo-Fr 06:00-18:00; Sa 06:00-14:00; Su,PH off",,OSM,node/2098293791
BioBackHaus,52.6138922,13.2451354,Reinickendorf,Heiligensee,reinickendorf,heiligensee,artisanal,False,,,,,Mo-Sa 07:00-20:00; Su 07:00-11:00,,OSM,node/2124160881
Bäckerei Naschkatze,52.5433269,13.5716032,Marzahn-Hellersdorf,Marzahn,marzahn-hellersdorf,marzahn,artisanal,False,,Zinndorfer Straße,3,12685,,https://baeckerei-naschkatze.de/,OSM,node/2136183467
Soluna – Brot und Öl,52.489859,13.4043792,Friedrichshain-Kreuzberg,Kreuzberg,friedrichshain-kreuzberg,kreuzberg,artisanal,False,,Gneisenaustraße,58,10961,"Mo-Fr 08:00-18:00; Sa 08:00-14:00; Su,PH off",,OSM,node/2143425683
Schleckermäulchen,52.5087252,13.3198668,Charlottenburg-Wilmersdorf,Charlottenburg,charlottenburg-wilmersdorf,charlottenburg,artisanal,False,,Grolmanstraße,,10623,,,OSM,node/2171343212
M&M Back,52.4596602,13.3843325,Tempelhof-Schöneberg,Tempelhof,tempelhof-schöneberg,tempelhof,artisanal,False,,,,,Mo-Fr 05:00-19:00; Sa 05:00-18:00; Su 06:00-18:00,,OSM,node/2176000703
Kamps,52.5065852,13.3906953,Friedrichshain-Kreuzberg,Kreuzberg,friedrichshain-kreuzberg,kreuzberg,chain,True,Kamps,,,,,https://kamps.de/standort/kamps-baeckerei-mit-backstube-berlin-friedrichstr-41-rudi-dutschke-strasse-29-27,OSM,node/2181178538
Johann,52.4925265,13.3553305,Tempelhof-Schöneberg,Schöneberg,tempelhof-schöneberg,schöneberg,artisanal,False,,Gleditschstraße,47,10781,"Tu-Th, Sa-Su 08:00-16:00; Fr 08:00-17:00",https://johannbaeckerei.de/,OSM,node/2188663985
Steinecke,52.4911697,13.3864998,Friedrichshain-Kreuzberg,Kreuzberg,friedrichshain-kreuzberg,kreuzberg,chain,True,Steinecke,,,,Mo-Fr 06:30-19:00; Sa 07:00-17:00; Su 07:00-13:00,,OSM,node/2190106061
Thoben,52.5068051,13.3074531,Charlottenburg-Wilmersdorf,Charlottenburg,charlottenburg-wilmersdorf,charlottenburg,artisanal,False,,Kantstraße,56,,Mo-Sa 06:00-20:00; Su 09:00-17:00,,OSM,node/2232169340
Landbäcker,52.5299098,13.1401433,Spandau,Staaken,spandau,staaken,artisanal,False,,,,,"Mo-Fr 06:00-15:00; Sa,Su 07:00-12:00",,OSM,node/2254550276
,52.5510423,13.1638852,Spandau,Falkenhagener Feld,spandau,falkenhagener_feld,artisanal,False,,,,,,,OSM,node/2256238706
Bäckerei Exner,52.3943422,13.4102741,Tempelhof-Schöneberg,Lichtenrade,tempelhof-schöneberg,lichtenrade,artisanal,False,,Groß-Ziethener Straße,35,12309,Mo-Sa 06:00-13:30; Su 07:00-13:30,,OSM,node/2257198428
Schäfer's,52.4173243,13.4958415,Neukölln,Rudow,neukölln,rudow,chain,True,Schäfer's,,,,Mo-Fr 06:00-18:00; Sa 06:00-18:00; Su 07:00-16:00,,OSM,node/2277738556
Wendt,52.3955598,13.5736397,Treptow-Köpenick,Bohnsdorf,treptow-köpenick,bohnsdorf,artisanal,False,,,,,,,OSM,node/2282124807
HAS Bäckerei,52.4739563,13.4541928,Neukölln,Neukölln,neukölln,neukölln,artisanal,False,,,,,24/7,,OSM,node/2286559410
Café Wallstraße,52.511063,13.4057259,Mitte,Mitte,mitte,mitte,chain,True,Schäfers,Wallstraße,14,10179,Mo-Fr 06:00-18:00; Sa 08:00-17:00; Su 08:00-16:00,,OSM,node/2287686983
Traumbäckerei,52.520097,13.3558783,Mitte,Moabit,mitte,moabit,artisanal,False,,,,,,,OSM,node/2288123584
Baker's Turmstraße 85,52.5263162,13.3381311,Mitte,Moabit,mitte,moabit,artisanal,False,,Turmstraße,85,10551,,,OSM,node/2288146328
La Pibabu,52.5112618,13.434407,Friedrichshain-Kreuzberg,Friedrichshain,friedrichshain-kreuzberg,friedrichshain,artisanal,False,,Erich-Steinfurth-Straße,9-11,10243,"Mo-Fr 04:00-20:00; Sa,Su 04:00-19:00",,OSM,node/2302013305
Neue Bäckerei & Knditorei,52.511417,13.4346748,Friedrichshain-Kreuzberg,Friedrichshain,friedrichshain-kreuzberg,friedrichshain,artisanal,False,,Erich-Steinfurth-Straße,,10243,,,OSM,node/2305794183
Schokoback,52.5141599,13.4348612,Friedrichshain-Kreuzberg,Friedrichshain,friedrichshain-kreuzberg,friedrichshain,artisanal,False,,Koppenstraße,75,10243,Mo-Fr 06:00-18:00; Sa-Su 06:00-16:00,,OSM,node/2307999581
Sengüloglu antep baklava,52.5478155,13.3570988,Mitte,Wedding,mitte,wedding,artisanal,False,,Müllerstraße,31,13353,09:00-23:00,https://antepbaklava.de/,OSM,node/2308524318
Çevik,52.5510494,13.3625321,Mitte,Wedding,mitte,wedding,artisanal,False,,,,13347,Mo-Fr 05:00-20:00; Sa-Su 05:00-19:00,,OSM,node/2308657329
Croissanterie Bäckerei,52.5327027,13.3263438,Mitte,Moabit,mitte,moabit,artisanal,False,,,,,Mo-Fr 05:00-17:00; PH off,,OSM,node/2313631478
Ofen und Herz,52.5209183,13.6184087,Marzahn-Hellersdorf,Mahlsdorf,marzahn-hellersdorf,mahlsdorf,artisanal,False,,Hönower Straße,184,12623,"Mo-Fr 07:00 Backsop+Frühstück, 12:00-21:00 Pizza / Sa+So ab 08:00",,OSM,node/2322990560
Wahl,52.3994219,13.5745881,Treptow-Köpenick,Bohnsdorf,treptow-köpenick,bohnsdorf,artisanal,False,,Waltersdorfer Straße,19,12526,Mo-Fr 07:00-18:00; Sa 07:00-16:00; PH off,https://baeckerwahl.de,OSM,node/2328402488
Back-Factory,52.499824,13.3077684,Charlottenburg-Wilmersdorf,Wilmersdorf,charlottenburg-wilmersdorf,wilmersdorf,chain,True,Back-Factory,Kurfürstendamm,,10707,"Mo-Fr 06:00-19:00; Sa,Su 08:00-18:00",,OSM,node/2334538035
Bäcker Wiedemann,52.4998342,13.307868,Charlottenburg-Wilmersdorf,Wilmersdorf,charlottenburg-wilmersdorf,wilmersdorf,artisanal,False,,Kurfürstendamm,,10707,Mo-Fr 06:00-20:00; Sa 06:00-14:00; Su 08:00-12:00,https://baecker-wiedemann.de/,OSM,node/2334538041
Back & Snack,52.4819523,13.3211954,Charlottenburg-Wilmersdorf,Wilmersdorf,charlottenburg-wilmersdorf,wilmersdorf,artisanal,False,,Hildegardstraße,17,10715,,,OSM,node/2339246320
Bäckerei Kosan,52.5169919,13.4478603,Friedrichshain-Kreuzberg,Friedrichshain,friedrichshain-kreuzberg,friedrichshain,artisanal,False,,Karl-Marx-Allee,,10243,Tu-Su 07:00-19:00,,OSM,node/2339940216
Kiezbäckerei & Café,52.4695721,13.4386031,Neukölln,Neukölln,neukölln,neukölln,artisanal,False,,Emser Straße,11,12051,,,OSM,node/2342347259
Café Schönhaus,52.4598553,13.335147,Steglitz-Zehlendorf,Steglitz,steglitz-zehlendorf,steglitz,artisanal,False,,Schönhauser Straße,11,12169,,,OSM,node/2354851620
Hofpfisterei,52.4961946,13.2939122,Charlottenburg-Wilmersdorf,Halensee,charlottenburg-wilmersdorf,halensee,chain,True,Hofpfisterei,Westfälische Straße,,10711,Mo-Fr 08:30-18:30; Sa 08:00-14:00,,OSM,node/2391234922
,52.5549044,13.3762683,Mitte,Gesundbrunnen,mitte,gesundbrunnen,artisanal,False,,Schwedenstraße,3,13357,Mo-Fr 06:00-18:00; Sa 07:00-14:00; Su 08:00-15:00,,OSM,node/2410409432
Jaenichen,52.4643547,13.5845139,Treptow-Köpenick,Köpenick,treptow-köpenick,köpenick,chain,True,Bäckerei & Konditorei R.& M. Jaenichen GbR,,,,Tu-Fr 07:00-18:00; Sa 07:00-13:00; Su 08:00-11:00,http://www.konditorei-jaenichen.de/,OSM,node/2424329919
Bäckerei Konditorei Sturm,52.587341,13.400638,Pankow,Niederschönhausen,pankow,niederschönhausen,artisanal,False,,Uhlandstraße,3,13156,Tu-Fr 07:00-17:00; Sa 07:00-12:00,https://www.baeckerei-konditorei-sturm.de/,OSM,node/2436724363
Rosana Backshop & Sandwich,52.5100372,13.2784185,Charlottenburg-Wilmersdorf,Westend,charlottenburg-wilmersdorf,westend,artisanal,False,,Kaiserdamm,32,14057,,,OSM,node/2439759179
Steinecke,52.5482493,13.5048071,Lichtenberg,Alt-Hohenschönhausen,lichtenberg,alt-hohenschönhausen,chain,True,Steinecke,,,,Mo-Sa 07:00-20:00,,OSM,node/2444783795
Blauert,52.5436436,13.4920192,Lichtenberg,Alt-Hohenschönhausen,lichtenberg,alt-hohenschönhausen,artisanal,False,,,,,Mo-Fr 07:00-17:30; Sa 07:00-13:00; Su 07:30-16:30,,OSM,node/2445574535
Rheingau Bäckerei,52.4686468,13.3216912,Tempelhof-Schöneberg,Friedenau,tempelhof-schöneberg,friedenau,artisanal,False,,Rheingaustraße,5,12161,,,OSM,node/2455987097
Steinecke,52.5051854,13.2979953,Charlottenburg-Wilmersdorf,Charlottenburg,charlottenburg-wilmersdorf,charlottenburg,chain,True,Steinecke,Leonhardtstraße,5,14057,Mo-Fr 06:30-18:30; Sa 07:00-15:00; Su 07:00-12:00,,OSM,node/2466173913
Backshop,52.5125074,13.5889096,Marzahn-Hellersdorf,Kaulsdorf,marzahn-hellersdorf,kaulsdorf,artisanal,False,,,,,,,OSM,node/2471820776
Schäfer's,52.4733629,13.3140995,Charlottenburg-Wilmersdorf,Wilmersdorf,charlottenburg-wilmersdorf,wilmersdorf,chain,True,Schäfer's,Rüdesheimer Straße,6,14197,Mo-Fr 06:30-18:00; Sa 06:30-17:00; Su 08:00-17:00,,OSM,node/2474038480
Wex Bäckerei,52.4788439,13.3301447,Charlottenburg-Wilmersdorf,Wilmersdorf,charlottenburg-wilmersdorf,wilmersdorf,artisanal,False,,Wexstraße,29,10715,,,OSM,node/2476268055
Toskana,52.4866642,13.3229976,Charlottenburg-Wilmersdorf,Wilmersdorf,charlottenburg-wilmersdorf,wilmersdorf,artisanal,False,,Berliner Straße,33,10715,Mo-Fr 05:00-19:00; Sa 05:00-18:00; Su 07:00-14:00,,OSM,node/2476416990
Sultan Zwei Bäckerei,52.4860785,13.4308466,Neukölln,Neukölln,neukölln,neukölln,artisanal,False,,,,,,,OSM,node/2484347010
Friesen,52.4872843,13.39423,Friedrichshain-Kreuzberg,Kreuzberg,friedrichshain-kreuzberg,kreuzberg,artisanal,False,,,,,,,OSM,node/2495554369
Brot & Brötchen,52.4792619,13.4253236,Neukölln,Neukölln,neukölln,neukölln,artisanal,False,,,,,"Mo-Fr 06:30-18:30; Sa 07:30-18:00; PH,Su 07:30-19:00",,OSM,node/2496859117
Steinecke,52.5214004,13.3247548,Charlottenburg-Wilmersdorf,Charlottenburg,charlottenburg-wilmersdorf,charlottenburg,chain,True,Steinecke,Helmholtzstraße,9,10587,Mo-Fr 06:30-18:00; Sa 06:30-16:00; Su 08:00-12:00,,OSM,node/2500313060
Steinecke,52.468588,13.369827,Tempelhof-Schöneberg,Schöneberg,tempelhof-schöneberg,schöneberg,chain,True,Steinecke,Alboinstraße,18,12103,Mo-Th 07:00-20:00; Fr 07:00-21:00; Sa 08:00-21:00,,OSM,node/2512387154
Kiez-Markt,52.5911315,13.4069865,Pankow,Niederschönhausen,pankow,niederschönhausen,artisanal,False,,,,,,,OSM,node/2517567500
Hofpfisterei,52.4839731,13.3835702,Tempelhof-Schöneberg,Tempelhof,tempelhof-schöneberg,tempelhof,chain,True,Hofpfisterei,Manfred-von-Richthofen-Straße,10,12101,Mo-Fr 08:00-18:00; Sa 07:30-13:30,https://www.hofpfisterei.de/,OSM,node/2522233428
M&M Back,52.507204,13.3067244,Charlottenburg-Wilmersdorf,Charlottenburg,charlottenburg-wilmersdorf,charlottenburg,artisanal,False,,Wilmersdorfer Straße,114,,Mo-Sa 05:00-20:00; Su 06:00-18:00,,OSM,node/2532898511
Gorkibäcker,52.5912649,13.2968486,Reinickendorf,Tegel,reinickendorf,tegel,artisanal,False,,,,,,,OSM,node/2540972562
Kado Coffee & Backshop,52.5443189,13.3787833,Mitte,Gesundbrunnen,mitte,gesundbrunnen,artisanal,False,,,,,,,OSM,node/2546237577
adda Backhaus,52.520789,13.1857325,Spandau,Wilhelmstadt,spandau,wilhelmstadt,artisanal,False,,,,,,,OSM,node/2567851652
Back Days,52.4487211,13.3550901,Steglitz-Zehlendorf,Steglitz,steglitz-zehlendorf,steglitz,artisanal,False,,,,,"Mo-Fr 06:00-18:00; Sa,Su 07:00-14:00",,OSM,node/2626494791
Ellys Back & Cafe,52.4981986,13.3853029,Friedrichshain-Kreuzberg,Kreuzberg,friedrichshain-kreuzberg,kreuzberg,artisanal,False,,,,,,,OSM,node/2629230085
Steinecke,52.4231758,13.4746012,Neukölln,Gropiusstadt,neukölln,gropiusstadt,chain,True,Steinecke,,,,Mo-Fr 06:30-19:00; Sa 06:30-18:00; Su 07:00-14:00,https://www.steinecke.info/,OSM,node/2642054196
Backwerk,52.5049168,13.4693294,Friedrichshain-Kreuzberg,Friedrichshain,friedrichshain-kreuzberg,friedrichshain,chain,True,BackWerk,Neue Bahnhofstraße,2,10245,"Mo-Fr 07:00-15:00; Sa,Su 08:00-15:00",,OSM,node/2642267673
Back Baron,52.4233361,13.4748694,Neukölln,Gropiusstadt,neukölln,gropiusstadt,artisanal,False,,,,,Mo-Su 04:00-22:00,https://backbaron.de/startseite.php,OSM,node/2645314001
Neubritzer Backshop,52.4646403,13.4331266,Neukölln,Neukölln,neukölln,neukölln,artisanal,False,,,,,Mo-Fr 06:00-18:00; Sa 06:00-17:00; Su 07:00-17:00,,OSM,node/2657734595
Bäcker Wiedemann,52.4431796,13.2961526,Steglitz-Zehlendorf,Lichterfelde,steglitz-zehlendorf,lichterfelde,artisanal,False,,Drakestraße,45,12205,"Mo-Fr 08:00-15:00; Sa 07:00-11:45,12:15-13:00; Su off",https://baecker-wiedemann.de/,OSM,node/2674838314
Steinecke,52.4425274,13.2960214,Steglitz-Zehlendorf,Lichterfelde,steglitz-zehlendorf,lichterfelde,chain,True,Steinecke,Curtiusstraße,7,12205,Mo-Fr 06:00-18:00; Sa 06:30-17:00; Su 07:00-13:00,,OSM,node/2674838325
Wiener Brot,52.5261075,13.3933113,Mitte,Mitte,mitte,mitte,artisanal,False,,Tucholskystraße,31,10117,Mo-Fr 07:00-19:00; Sa 08:00-15:00,,OSM,node/2675221330
Schnell,52.5027462,13.3440431,Tempelhof-Schöneberg,Schöneberg,tempelhof-schöneberg,schöneberg,artisanal,False,,,,,Mo-Sa 07:00-18:00,,OSM,node/2680092180
Steinecke,52.5092364,13.3252356,Charlottenburg-Wilmersdorf,Charlottenburg,charlottenburg-wilmersdorf,charlottenburg,chain,True,Steinecke,Steinplatz,1,10623,Mo-Fr 06:30-18:00; Sa 08:00-16:00; Su 09:00-13:00,https://www.steinecke.info,OSM,node/2697584603
Mehlwurm,52.4892096,13.3950268,Friedrichshain-Kreuzberg,Kreuzberg,friedrichshain-kreuzberg,kreuzberg,artisanal,False,,Marheinekeplatz,15,10961,Mo-Sa 08:00-18:00,https://www.mehlwurm.de/,OSM,node/2722768975
Bäckerei Tegel,52.588655,13.288971,Reinickendorf,Tegel,reinickendorf,tegel,artisanal,False,,,,,,,OSM,node/2725552262
Schwäbische Bäckerei,52.5177323,13.4659814,Friedrichshain-Kreuzberg,Friedrichshain,friedrichshain-kreuzberg,friedrichshain,artisanal,False,,Samariterstraße,14,10247,"Mo,We-Fr 06:30-14:30; Sa 07:00-12:00; Su 07:00-13:00; PH 07:00-12:00",,OSM,node/2726827674
Shirin Bäckerei,52.5573389,13.385637,Mitte,Gesundbrunnen,mitte,gesundbrunnen,artisanal,False,,Prinzenallee,30,13359,,,OSM,node/2752211177
Seda,52.5577171,13.3904597,Mitte,Gesundbrunnen,mitte,gesundbrunnen,artisanal,False,,Soldiner Straße,12,13359,Mo-Su 05:00-21:00,,OSM,node/2752211184
Bio Company Backshop,52.5439499,13.426633,Pankow,Prenzlauer Berg,pankow,prenzlauer_berg,artisanal,False,,Prenzlauer Allee,180,10405,Mo-Sa 07:30-21:00,,OSM,node/2756963315
Goldstück,52.5422242,13.3521716,Mitte,Wedding,mitte,wedding,artisanal,False,,Triftstraße,44,13353,"Mo-Fr 07:00-16:00; Sa,Su 08:00-13:00",,OSM,node/2759623440
Baker's Company,52.5120614,13.4972537,Lichtenberg,Lichtenberg,lichtenberg,lichtenberg,artisanal,False,,,,,Mo-Fr 05:00-18:00; Sa 06:00-14:00; Su 07:00-17:00; PH 07:00-14:00,,OSM,node/2770502137
Kädtler,52.535292,13.435643,Pankow,Prenzlauer Berg,pankow,prenzlauer_berg,chain,True,Kädtler,Danziger Straße,135,10407,Mo-Fr 06:00-18:00; Sa 07:00-12:00; Su off,http://www.kaedtler.de/,OSM,node/2774817169
BäckerMann,52.4984875,13.3179118,Charlottenburg-Wilmersdorf,Wilmersdorf,charlottenburg-wilmersdorf,wilmersdorf,artisanal,False,,Pariser Straße,20,10707,Mo-Fr 06:00-18:00; Sa 06:00-17:00; Su 08:00-17:00,,OSM,node/2779341523
Berliner Bäcker,52.5910553,13.442677,Pankow,Blankenburg,pankow,blankenburg,artisanal,False,,,,,Mo-Fr 04:00-17:30; Sa 06:00-12:00; Su off,https://www.schnell.berlin,OSM,node/2780151709
Can Bäckerei Conditorei Cafè,52.4668401,13.4314869,Neukölln,Neukölln,neukölln,neukölln,artisanal,False,,Hermannstraße,115,12051,"Mo-Su,PH 04:00-21:00",,OSM,node/2782991750
Chocolate and Cheese,52.4496818,13.4363468,Neukölln,Britz,neukölln,britz,artisanal,False,,Britzer Damm,154,12347,,,OSM,node/2821187499
Backwerk,52.5032004,13.4691355,Friedrichshain-Kreuzberg,Friedrichshain,friedrichshain-kreuzberg,friedrichshain,chain,True,BackWerk,,,,"Mo-Fr 04:00-21:00; Sa,Su 05:00-21:00",,OSM,node/2836860101
Kamps,52.5031975,13.4693147,Friedrichshain-Kreuzberg,Friedrichshain,friedrichshain-kreuzberg,friedrichshain,chain,True,Kamps,,,,Mo-Fr 04:00-22:00; Sa 05:00-20:00; Su 06:00-20:00,,OSM,node/2836861701
Arrey,52.4644869,13.3858349,Tempelhof-Schöneberg,Tempelhof,tempelhof-schöneberg,tempelhof,artisanal,False,,,,,,,OSM,node/2841527485
M & M Back,52.465067,13.385345,Tempelhof-Schöneberg,Tempelhof,tempelhof-schöneberg,tempelhof,artisanal,False,,,,,,,OSM,node/2841527494
Ditsch,52.5988363,13.3549702,Reinickendorf,Märkisches Viertel,reinickendorf,märkisches_viertel,chain,True,Ditsch,Senftenberger Ring,15,13439,Mo-Sa 09:30-18:30,,OSM,node/2850025801
Ritterfeld Landbäckerei,52.4527802,13.1422645,Spandau,Kladow,spandau,kladow,artisanal,False,,Sakrower Landstraße,5,14089,,,OSM,node/2854755505
Back To Go,52.5361219,13.3973038,Mitte,Mitte,mitte,mitte,artisanal,False,,Brunnenstraße,152,10115,Mo-Fr 06:00-17:00; Sa 07:00-16:00,,OSM,node/2861733610
Wiener Feinbäcker Heberer,52.4502325,13.2543243,Steglitz-Zehlendorf,Zehlendorf,steglitz-zehlendorf,zehlendorf,chain,True,Wiener Feinbäcker Heberer,Riemeisterstraße,132,14169,,,OSM,node/2868039537
Zimmermann,52.5346131,13.1574738,Spandau,Staaken,spandau,staaken,artisanal,False,,Magistratsweg,130,13591,Mo-Fr 05:00-19:00; Sa 05:00-15:00; Su 06:00-16:00,,OSM,node/2872420066
denns Biomarkt - Backshop,52.5403299,13.4041865,Mitte,Mitte,mitte,mitte,artisanal,False,,Bernauer Straße,50,10435,Mo-Sa 07:30-21:00; Su 08:00-16:00,https://www.denns-biomarkt.de/34524_Berlin_Mitte.html,OSM,node/2875312287
Sellys Feinkost,52.600535,13.3036051,Reinickendorf,Tegel,reinickendorf,tegel,chain,True,Selda Dogangüzel,Waidmannsluster Damm,78,13509,Mo-Sa 06:00-16:00; Su 07:00-16:00; PH 07:00-14:00,,OSM,node/2889949233
Märkisch Edel,52.6076004,13.4794957,Pankow,Karow,pankow,karow,chain,True,Märkisch Edel,,,,,,OSM,node/2911220034
Ost-West Bäckerei,52.538327,13.395633,Mitte,Gesundbrunnen,mitte,gesundbrunnen,artisanal,False,,Brunnenstraße,123,13355,,,OSM,node/2917279001
Steinecke,52.6105189,13.4312898,Pankow,Französisch Buchholz,pankow,französisch_buchholz,chain,True,Steinecke,Triftstraße,18-24,13127,,https://www.steinecke.info/,OSM,node/2917740637
Palast Konditorei,52.4872746,13.4263532,Neukölln,Neukölln,neukölln,neukölln,artisanal,False,,Sonnenallee,12,12047,,,OSM,node/2926167808
Thoben,52.4872169,13.4265405,Neukölln,Neukölln,neukölln,neukölln,artisanal,False,,Sonnenallee,14,12047,,,OSM,node/2926167813
Backstop,52.6146219,13.2443584,Reinickendorf,Heiligensee,reinickendorf,heiligensee,artisanal,False,,Ruppiner Chaussee,237,13503,Mo-Fr 07:00-24:00; Sa 07:00-23:30; Su 07:00-12:00; PH off,,OSM,node/2928071877
Bäckerei Melek,52.5011641,13.4234745,Friedrichshain-Kreuzberg,Kreuzberg,friedrichshain-kreuzberg,kreuzberg,artisanal,False,,Mariannenstraße,4,10997,,,OSM,node/2935215001
KuchenRausch's Feinbäckerei,52.5084476,13.4627283,Friedrichshain-Kreuzberg,Friedrichshain,friedrichshain-kreuzberg,friedrichshain,artisanal,False,,Wühlischstraße,15-16,10245,"Mo-Fr 07:00-18:00; Sa,Su 08:00-18:00",,OSM,node/2935551101
Back-Corner,52.5700429,13.3607217,Reinickendorf,Reinickendorf,reinickendorf,reinickendorf,artisanal,False,,,,,Mo-Fr 06:00-18:00; Sa 06:00-16:00; Su 07:00-16:00,,OSM,node/2952547135
Brotgarten,52.5155714,13.2923464,Charlottenburg-Wilmersdorf,Charlottenburg,charlottenburg-wilmersdorf,charlottenburg,chain,True,Brotgarten GmbH,Seelingstraße,30,14059,Mo-Fr 07:00-18:30; Sa 07:00-17:00; Su 07:00-17:00; PH off,,OSM,node/2969835594
NAN Bäckerei / DHL Shop,52.4453178,13.5054817,Treptow-Köpenick,Johannisthal,treptow-köpenick,johannisthal,artisanal,False,,Sterndamm,81,12487,Mo-Fr 05:00-18:00; Sa 07:00-14:00,,OSM,node/2989607358
Thoben,52.5001022,13.3062241,Charlottenburg-Wilmersdorf,Charlottenburg,charlottenburg-wilmersdorf,charlottenburg,artisanal,False,,Kurfürstendamm,71,10709,,,OSM,node/3001258771
Back- & Getreidestübchen,52.5412942,13.2028692,Spandau,Spandau,spandau,spandau,artisanal,False,,Achenbachstraße,15,13585,"We, Fr 10:00-15:00; Th 10:00-20:00; Sa 08:00-12:00",https://www.getreide-shop.de/,OSM,node/3017842044
Wiener Feinbäcker Heberer,52.5494337,13.4148412,Pankow,Prenzlauer Berg,pankow,prenzlauer_berg,chain,True,Wiener Feinbäcker Heberer,,,,"Mo-Fr 05:00-20:00, Sa-So 07:00-18:00",,OSM,node/3017979329
ufaBäckerei,52.4538569,13.3825408,Tempelhof-Schöneberg,Tempelhof,tempelhof-schöneberg,tempelhof,artisanal,False,,,,,Mo-Fr 10:00-18:00,https://emelysgarden.eu,OSM,node/3031539872
Güneş Bäckerei,52.4560063,13.3783155,Tempelhof-Schöneberg,Tempelhof,tempelhof-schöneberg,tempelhof,artisanal,False,,,,,,,OSM,node/3033373877
Back 49,52.4986242,13.3828907,Friedrichshain-Kreuzberg,Kreuzberg,friedrichshain-kreuzberg,kreuzberg,artisanal,False,,,,,,,OSM,node/3036788460
Wiener Conditorei,52.4515709,13.2703875,Steglitz-Zehlendorf,Dahlem,steglitz-zehlendorf,dahlem,artisanal,False,,Clayallee,175,14195,,,OSM,node/3041547694
Bäckererei und Imbiss Frank Pötner,52.5215298,13.4965745,Lichtenberg,Lichtenberg,lichtenberg,lichtenberg,artisanal,False,,,,,,,OSM,node/3042320250
,52.5370403,13.2724199,Spandau,Siemensstadt,spandau,siemensstadt,artisanal,False,,,,,,,OSM,node/3051113184
Bäckerei & Konditorei Obergfell,52.4107244,13.4029783,Tempelhof-Schöneberg,Lichtenrade,tempelhof-schöneberg,lichtenrade,artisanal,False,,Lichtenrader Damm,36,12305,Mo-Fr 05:00-18:30; Sa 05:00-14:00; Su 07:00-17:00,https://www.cafe-obergfell.de/,OSM,node/3061546253
Bäckerei 1001 Korn,52.4171962,13.399287,Tempelhof-Schöneberg,Lichtenrade,tempelhof-schöneberg,lichtenrade,artisanal,False,,Mariendorfer Damm,422,12107,"Mo-Fr 06:00-18:00; Sa,Su 07:00-14:00",,OSM,node/3067555906
"Baguette, Croissant & Co.",52.4941974,13.3378375,Tempelhof-Schöneberg,Schöneberg,tempelhof-schöneberg,schöneberg,artisanal,False,,Hohenstaufenstraße,39,10779,Mo-Fr 06:30-15:30; Sa 07:30-15:00; Su 08:00-13:00,http://bacrosco.de,OSM,node/3072343633
Brotgut Backstube & Café,52.4905727,13.3689997,Tempelhof-Schöneberg,Schöneberg,tempelhof-schöneberg,schöneberg,artisanal,False,,Hochkirchstraße,10,10829,Mo-Fr 06:30-18:30; Sa 06:30-13:00,http://www.brotundwein.de,OSM,node/3072942233
Kleine Backstube Café,52.4898115,13.3801328,Friedrichshain-Kreuzberg,Kreuzberg,friedrichshain-kreuzberg,kreuzberg,artisanal,False,,,,,Mo-Su 09:00-19:00,,OSM,node/3073799795
Weichardt Brot,52.4859049,13.3263083,Charlottenburg-Wilmersdorf,Wilmersdorf,charlottenburg-wilmersdorf,wilmersdorf,chain,True,Weichardt Brot GmbH,Mehlitzstraße,7,10715,Tu-Fr 07:30-18:30; Sa 07:30-14:00,https://www.weichardt.de/,OSM,node/3079829355
Steinecke,52.6356652,13.4942974,Pankow,Buch,pankow,buch,chain,True,Steinecke,Wiltbergstraße,19,13125,Mo-Fr 06:30-18:00; Sa 06:30-16:30; Su 07:00-12:00,,OSM,node/3080631524
Bäckerei & Cafe,52.552234,13.3845268,Mitte,Gesundbrunnen,mitte,gesundbrunnen,artisanal,False,,Stettiner Straße,59,,Mo-Fr 05:00-20:00; Sa 06:00-20:00; Su 07:00-16:00,,OSM,node/3086242561
Steinecke,52.4210996,13.1778491,Steglitz-Zehlendorf,Wannsee,steglitz-zehlendorf,wannsee,chain,True,Steinecke,Kronprinzessinnenweg,252,14109,Mo-Sa 06:00-18:00; Su 07:00-12:00,,OSM,node/3092008805
Zeit für Brot,52.5303822,13.4020585,Mitte,Mitte,mitte,mitte,chain,True,Zeit für Brot,Weinbergsweg,2,10119,Mo-Fr 07:00-20:00; Sa-Su 08:00-20:00,,OSM,node/3098125130
Schäfer's,52.4606262,13.3850392,Tempelhof-Schöneberg,Tempelhof,tempelhof-schöneberg,tempelhof,chain,True,Schäfer's,Tempelhofer Damm,200,12099,Mo-Fr 06:00-18:00; Su 08:00-18:00; Sa 07:00-18:00,,OSM,node/3110867996
Hennig,52.5045548,13.561311,Marzahn-Hellersdorf,Biesdorf,marzahn-hellersdorf,biesdorf,artisanal,False,,Köpenicker Straße,28,12683,"Mo-Fr 06:30-19:00, Sa 06:30-18:00, Su 07:30-11:30",https://www.steinofen-baeckerei.de/,OSM,node/3115442671
Back Titan,52.4798698,13.3523332,Tempelhof-Schöneberg,Schöneberg,tempelhof-schöneberg,schöneberg,artisanal,False,,Dominicusstraße,54,10827,,,OSM,node/3143316685
KaDeRi,52.4680516,13.342329,Tempelhof-Schöneberg,Schöneberg,tempelhof-schöneberg,schöneberg,artisanal,False,,Cranachstraße,58,12157,,,OSM,node/3157844842
Schäfer's,52.5448414,13.4270032,Pankow,Prenzlauer Berg,pankow,prenzlauer_berg,chain,True,Schäfer's,,,,Mo-Fr 06:30-18:00; Sa 07:00-16:00; Su 08:00-16:00,,OSM,node/3171990161
Thürmann,52.4731995,13.3019157,Charlottenburg-Wilmersdorf,Wilmersdorf,charlottenburg-wilmersdorf,wilmersdorf,artisanal,False,,Wiesbadener Straße,53,14197,,,OSM,node/3179490877
Der Bäcker,52.5342286,13.4208732,Pankow,Prenzlauer Berg,pankow,prenzlauer_berg,artisanal,False,,Prenzlauer Allee,222,10405,Mo-Fr 07:00-18:00; Sa 07:00-13:00,,OSM,node/3202792867
Ditsch,52.4707932,13.3850428,Tempelhof-Schöneberg,Tempelhof,tempelhof-schöneberg,tempelhof,chain,True,Ditsch,,,,"Mo-Fr 06:00-20:00; Sa,Su 09:00-17:30",,OSM,node/3225762383
Schäfer's,52.4292097,13.3295524,Steglitz-Zehlendorf,Lichterfelde,steglitz-zehlendorf,lichterfelde,chain,True,Schäfer's,,,,Mo-Sa 07:00-18:00,,OSM,node/3242218620
Brotback,52.4579647,13.5782907,Treptow-Köpenick,Köpenick,treptow-köpenick,köpenick,artisanal,False,,Bahnhofstraße,33-38,12555,"Mo-Fr 08:00-20:00; Sa 08:30-20:00; Su,PH off",,OSM,node/3253373747
Leo mit Biss,52.5466743,13.3588791,Mitte,Wedding,mitte,wedding,artisanal,False,,,,,,,OSM,node/3283808615
Backshop Aroser,52.561982,13.354318,Mitte,Wedding,mitte,wedding,artisanal,False,,,,,,,OSM,node/3284006261
Thomas Menzer,52.4470745,13.6322313,Treptow-Köpenick,Friedrichshagen,treptow-köpenick,friedrichshagen,artisanal,False,,Müggelseedamm,229,12587,"Mo,We-Fr 06:00-18:00; Sa 06:00-11:30",,OSM,node/3294052243
Helena Café,52.5733222,13.5041798,Lichtenberg,Neu-Hohenschönhausen,lichtenberg,neu-hohenschönhausen,artisanal,False,,Egon-Erwin-Kisch-Straße,30,13059,Mo-Fr 06:00-17:30,,OSM,node/3328128873
Back & Snack,52.4995431,13.3624717,Tempelhof-Schöneberg,Schöneberg,tempelhof-schöneberg,schöneberg,artisanal,False,,Potsdamer Straße,124,10783,,,OSM,node/3343659159
Der Bäcker Feihl,52.5244666,13.465949,Lichtenberg,Fennpfuhl,lichtenberg,fennpfuhl,artisanal,False,,,,,Sa-Su 07:00-17:00; Mo-Fr 06:30-19:00,,OSM,node/3343687393
Brotmeisterei Steinecke,52.534107,13.3702949,Mitte,Mitte,mitte,mitte,artisanal,False,,Kieler Straße,5,10115,Sa 06:00-18:00; Su 06:00-13:00; Mo-Fr 05:00-19:00,,OSM,node/3344192316
Czerr,52.4885122,13.3410854,Tempelhof-Schöneberg,Schöneberg,tempelhof-schöneberg,schöneberg,artisanal,False,,Grunewaldstraße,57,10825,Mo-Fr 06:00-18:00; Sa 06:00-13:00; Su 8:00-16:00,,OSM,node/3344949663
Märkisch Edel,52.5272992,13.4808842,Lichtenberg,Fennpfuhl,lichtenberg,fennpfuhl,artisanal,False,,Bernhard-Bästlein-Straße,1,10367,Mo-Fr 07:00-19:00; Sa 07:00-18:00,https://www.maerkisch-edel.de/,OSM,node/3350344758
Nicos Süßes Atelier,52.4976474,13.3266434,Charlottenburg-Wilmersdorf,Wilmersdorf,charlottenburg-wilmersdorf,wilmersdorf,artisanal,False,,Fasanenstraße,42,10719,"Mo,Tu off; We-Sa 10:00-17:00; Su 11:00-17:00",,OSM,node/3352561293
Tassa,52.499194,13.3249593,Charlottenburg-Wilmersdorf,Wilmersdorf,charlottenburg-wilmersdorf,wilmersdorf,artisanal,False,,,,,,,OSM,node/3354444681
Bisquitte,52.5703784,13.4061573,Pankow,Pankow,pankow,pankow,artisanal,False,,,,,"Mo-Su,PH 06:00-19:00",,OSM,node/3355441027
Kev’s Kiez Bistro,52.535017,13.399382,Mitte,Mitte,mitte,mitte,artisanal,False,,Anklamer Straße,18,10115,Tu 07:30-12:00; We-Fr 07:30-13:00; Sa 08:00-14:00; Su 08:00-13:00,,OSM,node/3363325293
Backshop,52.5898087,13.2834446,Reinickendorf,Tegel,reinickendorf,tegel,artisanal,False,,,,,,,OSM,node/3372213944
BioBackHaus,52.4582143,13.2909934,Steglitz-Zehlendorf,Dahlem,steglitz-zehlendorf,dahlem,artisanal,False,,Königin-Luise-Straße,43,14195,Sa 07:00-18:00; Su 08:00-18:00; Mo-Fr 07:00-18:00,,OSM,node/3377697125
Steinecke,52.4923064,13.3532175,Tempelhof-Schöneberg,Schöneberg,tempelhof-schöneberg,schöneberg,chain,True,Steinecke,Goltzstraße,40b,10781,Mo-Sa 07:00-19:00; Su 07:30-12:00,,OSM,node/3378069130
M&M Back,52.5206208,13.4096813,Mitte,Mitte,mitte,mitte,artisanal,False,,,,,Mo-Su 06:00-24:00,,OSM,node/3379224620
In den Tag hinein,52.5588442,13.4126677,Pankow,Pankow,pankow,pankow,artisanal,False,,,,,Mo-Fr 06:00-18:00; Sa 07:00-13:00; Su 07:30-13:00,,OSM,node/3384534137
deli am Markt,52.4981732,13.5221325,Lichtenberg,Friedrichsfelde,lichtenberg,friedrichsfelde,artisanal,False,,Am Tierpark,68,10319,Mo-Sa 07:00-22:00,,OSM,node/3387771578
Dreams Bäckerei,52.5224967,13.4661849,Pankow,Prenzlauer Berg,pankow,prenzlauer_berg,artisanal,False,,Hermann-Blankenstein-Straße,44,10249,"Mo-Th 06:00-19:00; Fr,Sa 06:00-20:00",,OSM,node/3400566868
Wahl,52.4090827,13.572207,Treptow-Köpenick,Bohnsdorf,treptow-köpenick,bohnsdorf,artisanal,False,,Buntzelstraße,14,12526,Mo-Sa 07:00-21:00,https://baeckerwahl.de/,OSM,node/3400706771
SI-MA,52.473869,13.4247561,Neukölln,Neukölln,neukölln,neukölln,artisanal,False,,,,,,,OSM,node/3409261174
got dessert?,52.515696,13.4449422,Friedrichshain-Kreuzberg,Friedrichshain,friedrichshain-kreuzberg,friedrichshain,artisanal,False,,Gubener Straße,3a,10243,,,OSM,node/3425198750
Steinecke,52.5501212,13.1287703,Spandau,Staaken,spandau,staaken,chain,True,Steinecke,Seegefelder Weg,466,13591,Mo-Sa 06:00-19:00; Su 07:00-11:30,,OSM,node/3430154498
Köse,52.5511388,13.4048498,Pankow,Prenzlauer Berg,pankow,prenzlauer_berg,artisanal,False,,Schivelbeiner Straße,25,,Mo-Fr 07:00-18:00; Sa-Su 07:00-16:00,,OSM,node/3440616219
1001 Korn,52.4836781,13.3616146,Tempelhof-Schöneberg,Schöneberg,tempelhof-schöneberg,schöneberg,artisanal,False,,Leberstraße,27,10829,Mo-Fr 06:30-17:00; Sa 08:00-14:00; Su 08:00-15:00,,OSM,node/3446653879
Steinecke,52.4853512,13.3627299,Tempelhof-Schöneberg,Schöneberg,tempelhof-schöneberg,schöneberg,chain,True,Steinecke,Kolonnenstraße,14,10829,Mo-Fr 06:30-18:00; Sa 07:00-17:00; Su 07:00-12:00,,OSM,node/3446660897
Kamps,52.5496492,13.414906,Pankow,Prenzlauer Berg,pankow,prenzlauer_berg,chain,True,Kamps,,,10439,Mo-Sa 07:00-20:00,https://kamps.de/standort/kamps-baeckerei-mit-backstube-berlin-schoenhauser-allee-arcaden,OSM,node/3452053746
Back-Anstalt Berlin,52.5505409,13.4127921,Pankow,Prenzlauer Berg,pankow,prenzlauer_berg,artisanal,False,,Schivelbeiner Straße,48,10439,"Mo,Tu 05:30-18:00, Th,Fr 05:30-18:00, Sa,Su 05:30-16:00",,OSM,node/3464936408
Cengo Back & Coffee,52.5068452,13.4229744,Mitte,Mitte,mitte,mitte,artisanal,False,,,,,,,OSM,node/3467329016
Bica,52.5125845,13.3048601,Charlottenburg-Wilmersdorf,Charlottenburg,charlottenburg-wilmersdorf,charlottenburg,artisanal,False,,,,,,,OSM,node/3474035725
Steinecke,52.528391,13.4122706,Pankow,Prenzlauer Berg,pankow,prenzlauer_berg,chain,True,Steinecke,,,,Mo-Fr 06:30-18:30; Sa 07:00-17:00; Su 07:00-12:00,,OSM,node/3488744493
Bäckerei & Kaffee,52.5193947,13.4331159,Friedrichshain-Kreuzberg,Friedrichshain,friedrichshain-kreuzberg,friedrichshain,artisanal,False,,Lebuser Straße,12,10243,"Mo-Fr 06:00-18:00; Sa,Su 07:00-16:00",,OSM,node/3489097518
Dilan Orientalisches Fladenbrot,52.494384,13.4208766,Friedrichshain-Kreuzberg,Kreuzberg,friedrichshain-kreuzberg,kreuzberg,artisanal,False,,Kottbusser Damm,6,10967,,,OSM,node/3499253067
Back Shop Antiochia,52.5017703,13.4171201,Friedrichshain-Kreuzberg,Kreuzberg,friedrichshain-kreuzberg,kreuzberg,artisanal,False,,Oranienstraße,167,10999,,,OSM,node/3503894820
Olivia,52.5397864,13.4188409,Pankow,Prenzlauer Berg,pankow,prenzlauer_berg,chain,True,Ismail Evren,Danziger Straße,40,10435,"Mo-Fr 06:00-17:30; Sa 08:00-16:00; Su,PH 09:00-16:00",,OSM,node/3518023169
Kollwitz,52.5383505,13.4196967,Pankow,Prenzlauer Berg,pankow,prenzlauer_berg,artisanal,False,,Sredzkistraße,51,10435,,,OSM,node/3518023182
Backelfe,52.5521542,13.4308505,Pankow,Weißensee,pankow,weißensee,artisanal,False,,Heinersdorfer Straße,1,13086,Mo-Fr 06:00-18:00; Sa-Su 07:00-18:00,,OSM,node/3522336605
Steinecke,52.5051498,13.3205729,Charlottenburg-Wilmersdorf,Charlottenburg,charlottenburg-wilmersdorf,charlottenburg,artisanal,False,,,,,,,OSM,node/3530877831
Back-Spezi,52.4420993,13.5694649,Treptow-Köpenick,Köpenick,treptow-köpenick,köpenick,artisanal,False,,,,,,,OSM,node/3595355811
Bäcker Wiedemann,52.4331812,13.2597955,Steglitz-Zehlendorf,Zehlendorf,steglitz-zehlendorf,zehlendorf,artisanal,False,,Teltower Damm,19,14169,Mo-Fr 06:30-19:00; Sa 06:30-16:00; Su 07:00-12:00,https://baecker-wiedemann.de/,OSM,node/3600619652
Hofpfisterei,52.4326009,13.2594332,Steglitz-Zehlendorf,Zehlendorf,steglitz-zehlendorf,zehlendorf,chain,True,Hofpfisterei,Teltower Damm,25,,Mo-Fr 09:00-18:00; Sa 08:00-14:00,,OSM,node/3600619657
BioBackHaus,52.4341894,13.2603192,Steglitz-Zehlendorf,Zehlendorf,steglitz-zehlendorf,zehlendorf,artisanal,False,,Teltower Damm,7,14169,Mo-Fr 06:30-18:00; Sa 06:30-16:00; Su 07:00-14:00,,OSM,node/3600619660
Schnell,52.4484776,13.3628457,Tempelhof-Schöneberg,Tempelhof,tempelhof-schöneberg,tempelhof,artisanal,False,,,,,Mo-Fr 07:00-19:00; Sa 07:00-15:00,,OSM,node/3600707483
Coffee Back Time,52.5039373,13.3313509,Charlottenburg-Wilmersdorf,Charlottenburg,charlottenburg-wilmersdorf,charlottenburg,artisanal,False,,,,,,,OSM,node/3602855063
Backwerk,52.5036243,13.331227,Charlottenburg-Wilmersdorf,Charlottenburg,charlottenburg-wilmersdorf,charlottenburg,chain,True,BackWerk,,,,,,OSM,node/3610726359
Manstein Bäckerei,52.4930241,13.3667934,Tempelhof-Schöneberg,Schöneberg,tempelhof-schöneberg,schöneberg,artisanal,False,,Mansteinstraße,1,10783,,,OSM,node/3632387404
Steinecke,52.4386516,13.3442516,Steglitz-Zehlendorf,Lankwitz,steglitz-zehlendorf,lankwitz,chain,True,Steinecke,Leonorenstraße,73,12247,"Mo-Fr 06:30-18:00; Sa,Su 07:00-16:00",,OSM,node/3633912245
Wiedemann,52.4359217,13.3447062,Steglitz-Zehlendorf,Lankwitz,steglitz-zehlendorf,lankwitz,artisanal,False,,,,,Mo-Fr 06:30-18:00; Sa 06:30-14:00; Su 08:00-12:00,https://baecker-wiedemann.de/,OSM,node/3633921030
endorphina,52.4859986,13.4482936,Neukölln,Neukölln,neukölln,neukölln,chain,True,endorphina Backkunst GmbH,Elsenstraße,52,12059,Mo-Su 08:00-18:30,,OSM,node/3634281294
Steinecke,52.4962071,13.3427318,Tempelhof-Schöneberg,Schöneberg,tempelhof-schöneberg,schöneberg,chain,True,Steinecke,Motzstraße,54,10777,Mo-Fr 06:30-18:00; Sa 07:00-13:00; Su 07:00-12:00,,OSM,node/3666631693
Kleine Backstube,52.5002226,13.3408679,Tempelhof-Schöneberg,Schöneberg,tempelhof-schöneberg,schöneberg,artisanal,False,,Ansbacher Straße,36,10789,Mo-Fr 06:00-13:00,,OSM,node/3669516501
Bio Company Backshop,52.4904997,13.3131212,Charlottenburg-Wilmersdorf,Wilmersdorf,charlottenburg-wilmersdorf,wilmersdorf,artisanal,False,,Fehrbelliner Platz,5,10707,"Mo-Fr 07:00-18:00, Sa 7:00-17:00",,OSM,node/3680339902
Le Crobag,52.5463412,13.3588898,Mitte,Wedding,mitte,wedding,chain,True,Le Crobag,,,,"Mo-Fr 04:00-20:00; Sa,Su,PH 04:00-18:00",https://www.lecrobag.de/,OSM,node/3683023909
Schnell,52.5642574,13.5059033,Lichtenberg,Neu-Hohenschönhausen,lichtenberg,neu-hohenschönhausen,artisanal,False,,Prerower Platz,1,13051,Mo-Sa 08:00-20:00,,OSM,node/3685587135
Steinecke,52.4863787,13.4465901,Neukölln,Neukölln,neukölln,neukölln,chain,True,Steinecke,Wildenbruchstraße,23,,Mo-Fr 06:00-18:00; Sa 06:00-13:00; Su 07:00-12:00,,OSM,node/3689369663
Wulff,52.51207,13.3101484,Charlottenburg-Wilmersdorf,Charlottenburg,charlottenburg-wilmersdorf,charlottenburg,artisanal,False,,Bismarckstraße,30,10625,Mo-Fr 06:30-16:00; Sa 07:30-13:00; Su 08:30-13:00,,OSM,node/3714148712
Wieslau,52.4955776,13.2967778,Charlottenburg-Wilmersdorf,Halensee,charlottenburg-wilmersdorf,halensee,artisanal,False,,Westfälische Straße,62,10709,Mo-Fr 07:00-17:00; Sa 07:30-16:00; Su 08:00-16:00,,OSM,node/3719977813
Le Crobag,52.5406148,13.4389006,Pankow,Prenzlauer Berg,pankow,prenzlauer_berg,chain,True,Le Crobag,Greifswalder Straße,81,10405,"Mo-Fr 04:00-20:00; PH,Sa,Su 06:00-20:00",,OSM,node/3741382987
Zenkar Food,52.5595407,13.37721,Mitte,Gesundbrunnen,mitte,gesundbrunnen,artisanal,False,,Drontheimer Straße,16,13359,,,OSM,node/3757314996
Stern Bäckerei,52.5473154,13.3509802,Mitte,Wedding,mitte,wedding,artisanal,False,,Brüsseler Straße,44,13353,"Mo-Fr 05:30-18:00; Sa 05:30-16:00; Su,PH 07:00-16:00",,OSM,node/3760539861
Lindner Backkunst Hausverkauf,52.5685412,13.3770133,Reinickendorf,Reinickendorf,reinickendorf,reinickendorf,artisanal,False,,Hausotterstraße,45,13409,Fr 06:00-08:00,https://www.lindner-esskultur.de,OSM,node/3781019179
Bäcker Wiedemann,52.4576266,13.3201313,Steglitz-Zehlendorf,Steglitz,steglitz-zehlendorf,steglitz,artisanal,False,,Schloßstraße,34-36,12163,Mo-Sa 10:00-19:00,https://baecker-wiedemann.de/filialen/steglitz-zehlendorf-das-schloss,OSM,node/3781966616
Steinecke,52.5086674,13.3773754,Mitte,Mitte,mitte,mitte,chain,True,Steinecke,Potsdamer Platz,9,10117,Mo-Fr 06:00-18:00; Sa 07:00-13:00,,OSM,node/3785214531
Leon's Backshop,52.4623839,13.5148349,Treptow-Köpenick,Oberschöneweide,treptow-köpenick,oberschöneweide,artisanal,False,,Wilhelminenhofstraße,17,12459,Mo-Fr 04:15-16:00; Sa 05:15-15:00; Su 06:00-16:00,,OSM,node/3789159663
Bäckerei Pera,52.485179,13.3745533,Friedrichshain-Kreuzberg,Kreuzberg,friedrichshain-kreuzberg,kreuzberg,artisanal,False,,Dudenstraße,76,10965,"Mo-Fr 06:00-18:00; Sa, Su 06:00-15:00",,OSM,node/3800674721
Steinecke,52.4595813,13.5799833,Treptow-Köpenick,Köpenick,treptow-köpenick,köpenick,chain,True,Steinecke,,,,Mo-Fr 06:00-18:00; Sa 07:00-12:00,,OSM,node/3803786799
Back Shop Marrakesch,52.498783,13.3517609,Tempelhof-Schöneberg,Schöneberg,tempelhof-schöneberg,schöneberg,artisanal,False,,Motzstraße,5,10777,,,OSM,node/3826013958
Hofpfisterei,52.4982698,13.3538358,Tempelhof-Schöneberg,Schöneberg,tempelhof-schöneberg,schöneberg,chain,True,Hofpfisterei,Nollendorfstraße,8,10777,Mo-Fr 08:00-18:00; Sa 08:00-16:00; Su off,,OSM,node/3826014007
La Posha,52.5011313,13.3437237,Tempelhof-Schöneberg,Schöneberg,tempelhof-schöneberg,schöneberg,artisanal,False,,Bayreuther Straße,36,10789,,,OSM,node/3826778476
Maître vite,52.5028967,13.3658439,Mitte,Tiergarten,mitte,tiergarten,artisanal,False,,,,,Mo-Fr 07:00-18:00; Sa 08:00-15:00; Su 08:00-14:00,http://www.maitrevite.com/shop_content.php?coID=772,OSM,node/3834273064
Czerr,52.4851908,13.3453429,Tempelhof-Schöneberg,Schöneberg,tempelhof-schöneberg,schöneberg,chain,True,Konditorei Czerr GmbH & Co. KG,Martin-Luther-Straße,101,10825,Mo-Fr 06:30-18:00; Sa 06:00-15:00; Su 07:30-16:00,,OSM,node/3853848971
Art Sucré,52.5327635,13.333386,Mitte,Moabit,mitte,moabit,chain,True,Nina Junghans,Siemensstraße,14,10551,"""Keine Ladenöffnungszeiten mehr. Per Mail oder Telefon zur Abholung bestellen.""",https://www.art-sucre.biz/,OSM,node/3857441407
Backwerk,52.4931744,13.4608458,Treptow-Köpenick,Alt-Treptow,treptow-köpenick,alt-treptow,chain,True,BackWerk,Elsenstraße,2,12435,"Mo-Fr 05:30-19:00; Sa,Su 09:00-18:00",,OSM,node/3866668285
Back & Snack,52.4711461,13.3345439,Tempelhof-Schöneberg,Friedenau,tempelhof-schöneberg,friedenau,artisanal,False,,,,,,,OSM,node/3874734457
Café & Bäckerei,52.5203932,13.4770081,Lichtenberg,Lichtenberg,lichtenberg,lichtenberg,artisanal,False,,,,,"Sa,Su 07:00-18:00; Mo-Fr 06:00-18:00",,OSM,node/3880266376
Backfee,52.4642961,13.516328,Treptow-Köpenick,Oberschöneweide,treptow-köpenick,oberschöneweide,artisanal,False,,Parsevalstraße,1,12459,Mo-Fr 06:00-18:00; Sa 06:00-17:00; Su 06:00-18:00; PH 06:00-16:00,,OSM,node/3906239786
Backshop,52.5124511,13.4518063,Friedrichshain-Kreuzberg,Friedrichshain,friedrichshain-kreuzberg,friedrichshain,artisanal,False,,Grünberger Straße,30,10245,Mo-Fr 07:00-19:00; Su 07:30-18:00; Sa 07:30-19:00,,OSM,node/3907120184
Steinecke,52.4618539,13.5035681,Treptow-Köpenick,Niederschöneweide,treptow-köpenick,niederschöneweide,chain,True,Steinecke,,,,Mo-Sa 07:00-20:00,,OSM,node/3908213246
Ditsch,52.4694154,13.4431133,Neukölln,Neukölln,neukölln,neukölln,chain,True,Ditsch,,,,Mo-Fr 03:00-20:00; Sa 09:00-17:00; Su 09:00-15:00,,OSM,node/3909480849
BackBaron,52.4622665,13.4454025,Neukölln,Britz,neukölln,britz,artisanal,False,,Buschkrugallee,,12359,,,OSM,node/3911551665
Cafeteria & Backshop,52.5255564,13.3402793,Mitte,Moabit,mitte,moabit,chain,True,Özel,Alt-Moabit,84b,10555,"Mo-Fr 04:00-20:00; Sa,Su 06:00-20:00",,OSM,node/3925316787
Taudien Handwerksbäcker,52.5323273,13.3966989,Mitte,Mitte,mitte,mitte,artisanal,False,,Invalidenstraße,156,10115,"Mo,Tu,Fr,Sa 07:30-18:30; Su 07:30-17:00; PH,We,Th off",,OSM,node/3937667735
Rauch,52.528746,13.4644959,Lichtenberg,Fennpfuhl,lichtenberg,fennpfuhl,artisanal,False,,Karl-Lade-Straße,32,10369,Sa 06:30-11:30; Su 07:30-11:30; Tu-Fr 06:30-17:00,,OSM,node/3949934781
,52.4417465,13.4548008,Neukölln,Britz,neukölln,britz,artisanal,False,,,,,,,OSM,node/3955524161
SK Backstube,52.4420328,13.4560939,Neukölln,Buckow,neukölln,buckow,artisanal,False,,,,,,,OSM,node/3955524162
Schnell,52.543946,13.5485189,Marzahn-Hellersdorf,Marzahn,marzahn-hellersdorf,marzahn,artisanal,False,,,,,Mo-Sa 07:00-22:00,,OSM,node/3957099325
Bäckerei Nurten Emiroglu,52.4599168,13.3645597,Tempelhof-Schöneberg,Schöneberg,tempelhof-schöneberg,schöneberg,artisanal,False,,Eythstraße,32,12105,,,OSM,node/3959782326
Dahlmann Back,52.5023514,13.3036634,Charlottenburg-Wilmersdorf,Charlottenburg,charlottenburg-wilmersdorf,charlottenburg,artisanal,False,,,,,,,OSM,node/3964984208
Steinecke,52.5406619,13.4388273,Pankow,Prenzlauer Berg,pankow,prenzlauer_berg,chain,True,Steinecke,Greifswalder Straße,81,10405,"Mo-Fr 06:00-19:00; Sa,Su 07:00-19:00",,OSM,node/3993517457
Bäckerei Harmonie,52.4687963,13.3280477,Tempelhof-Schöneberg,Friedenau,tempelhof-schöneberg,friedenau,artisanal,False,,Bundesallee,85,12161,Mo-Fr 06:00-18:30; Sa 07:00-16:30,,OSM,node/4029485971
Sönmez Baklava,52.5005892,13.4214102,Friedrichshain-Kreuzberg,Kreuzberg,friedrichshain-kreuzberg,kreuzberg,artisanal,False,,Oranienstraße,186,10999,,,OSM,node/4034138648
Padişah Baklava,52.4999104,13.4172953,Friedrichshain-Kreuzberg,Kreuzberg,friedrichshain-kreuzberg,kreuzberg,artisanal,False,,,,,,,OSM,node/4035165239
Glück Bäckerei,52.5585979,13.3791879,Mitte,Gesundbrunnen,mitte,gesundbrunnen,artisanal,False,,Koloniestraße,25,13359,,,OSM,node/4061948095
Şen Bäckerei,52.5593682,13.3791039,Mitte,Gesundbrunnen,mitte,gesundbrunnen,artisanal,False,,,,,,,OSM,node/4061948101
Bäckerei Spezial,52.5604918,13.3684875,Reinickendorf,Reinickendorf,reinickendorf,reinickendorf,artisanal,False,,Residenzstraße,71,13409,,,OSM,node/4075351186
Steinecke,52.527159,13.478698,Lichtenberg,Fennpfuhl,lichtenberg,fennpfuhl,chain,True,Steinecke,,,,Mo-Fr 07:30-18:00; Sa 07:30-13:00,,OSM,node/4081730093
Conditorei Gerch,52.4412271,13.6873365,Treptow-Köpenick,Rahnsdorf,treptow-köpenick,rahnsdorf,artisanal,False,,,,,"Tu-Su,PH 09:00-18:00",,OSM,node/4095081878
Hanim Eli,52.5406634,13.3938149,Mitte,Gesundbrunnen,mitte,gesundbrunnen,artisanal,False,,Brunnenstraße,120,,Mo-Fr 05:30-18:00; Sa 06:00-16:00; Su 07:00-16:00,,OSM,node/4095732757
,52.5694074,13.1989289,Spandau,Hakenfelde,spandau,hakenfelde,artisanal,False,,,,,,,OSM,node/4100233301
Gül Backshop,52.4620821,13.4451197,Neukölln,Britz,neukölln,britz,artisanal,False,,Buschkrugallee,22,12359,,,OSM,node/4113836091
Bäckerei in Denns Biomarkt,52.4354731,13.5417781,Treptow-Köpenick,Adlershof,treptow-köpenick,adlershof,artisanal,False,,Adlergestell,259,12489,Mo-Sa 07:30-20:00; PH off,,OSM,node/4124433041
Choco Latte,52.5004312,13.3910975,Friedrichshain-Kreuzberg,Kreuzberg,friedrichshain-kreuzberg,kreuzberg,artisanal,False,,Wilhelmstraße,6,10963,Mo-Fr 06:00-18:00; Su 08:00-16:00,,OSM,node/4127146122
Backbox,52.5609789,13.3720011,Reinickendorf,Reinickendorf,reinickendorf,reinickendorf,artisanal,False,,,,,Mo-Fr 06:00-15:30; Sa-Su 07:00-13:00,,OSM,node/4136511348
Back Baron,52.5008899,13.4417379,Friedrichshain-Kreuzberg,Kreuzberg,friedrichshain-kreuzberg,kreuzberg,artisanal,False,,Oppelner Straße,,10997,,,OSM,node/4138620831
BAK Bäckerei & Frühstückshaus,52.5557796,13.3815975,Mitte,Gesundbrunnen,mitte,gesundbrunnen,artisanal,False,,Osloer Straße,104,13359,Mo-Fr 06:00-19:00; Sa 06:00-15:00; Su 08:00-16:00,,OSM,node/4139417218
Steinecke,52.5812394,13.3335299,Reinickendorf,Wittenau,reinickendorf,wittenau,chain,True,Steinecke,,,,Mo-Sa 06:30-20:00; Su 07:00-12:00,https://www.steinecke.info/,OSM,node/4143176393
Istanbul Bäckerei & Café,52.4746715,13.4272074,Neukölln,Neukölln,neukölln,neukölln,artisanal,False,,,,,,,OSM,node/4200088511
Wriezener Backstube,52.5378486,13.6030068,Marzahn-Hellersdorf,Hellersdorf,marzahn-hellersdorf,hellersdorf,artisanal,False,,Fritz-Lang-Straße,6,12627,Mo-Fr 07:00-18:00; Sa 07:00-14:00; Su 07:00-17:00,,OSM,node/4234982896
Thoben's,52.517179,13.3058862,Charlottenburg-Wilmersdorf,Charlottenburg,charlottenburg-wilmersdorf,charlottenburg,artisanal,False,,,3,,Mo-Sa 06:00-19:00; Su 08:00-19:00,,OSM,node/4238368952
Back Baron,52.517469,13.3067527,Charlottenburg-Wilmersdorf,Charlottenburg,charlottenburg-wilmersdorf,charlottenburg,artisanal,False,,,,,,,OSM,node/4250113290
Mond & Stern,52.5474998,13.3937109,Mitte,Gesundbrunnen,mitte,gesundbrunnen,artisanal,False,,Ramlerstraße,28,13355,Mo-Fr 05:30-18:00; Sa 07:00-14:00; Su 08:00-14:00,,OSM,node/4290884742
Wilde Rose,52.5422083,13.2056968,Spandau,Spandau,spandau,spandau,artisanal,False,,,,,"Mo-Fr 06:00-17:00; Sa 06:00-13:00; PH,Su 08:00-13:00",,OSM,node/4317329216
läckerei,52.5428716,13.3921338,Mitte,Gesundbrunnen,mitte,gesundbrunnen,artisanal,False,,Brunnenstraße,11G,13355,Mo-Fr 05:30-17:00,,OSM,node/4317462788
Bäckerei,52.5501731,13.369005,Mitte,Gesundbrunnen,mitte,gesundbrunnen,artisanal,False,,,,,,,OSM,node/4318477522
Brotmeisterei Steinecke,52.6109642,13.2147051,Reinickendorf,Heiligensee,reinickendorf,heiligensee,artisanal,False,,,,,Mo-Sa 06:30-20:00; Su 07:00-12:00,,OSM,node/4324887235
Backstube zum Löwen,52.4551196,13.4441356,Neukölln,Britz,neukölln,britz,artisanal,False,,,,,Mo-Fr 06:30-17:00; Sa 07:00-12:00,,OSM,node/4340053090
Schäfer's,52.5233562,13.3797111,Mitte,Mitte,mitte,mitte,chain,True,Schäfer's,Luisenstraße,46,10117,Mo-Fr 06:00-19:00; Sa 06:00-18:00; Su 08:00-18:00,,OSM,node/4341320107
Backshop,52.5008189,13.2836166,Charlottenburg-Wilmersdorf,Charlottenburg,charlottenburg-wilmersdorf,charlottenburg,artisanal,False,,,,,08:00-01:00,,OSM,node/4357590613
Backshop,52.4700257,13.4413166,Neukölln,Neukölln,neukölln,neukölln,artisanal,False,,Karl-Marx-Straße,224,12055,"Mo-Fr 06:00-20:00; Sa,Su 08:00-16:00",,OSM,node/4360359892
Kirsch & Karamell,52.4662266,13.377603,Tempelhof-Schöneberg,Tempelhof,tempelhof-schöneberg,tempelhof,artisanal,False,,,,,Mo-Su 07:00-18:00,,OSM,node/4363676484
Bäcker Wiedemann,52.510204,13.2722901,Charlottenburg-Wilmersdorf,Westend,charlottenburg-wilmersdorf,westend,artisanal,False,,,,,Mo-Fr 06:30-19:00; Sa 06:30-16:00; Su 08:00-14:00,https://baecker-wiedemann.de/,OSM,node/4366884317
Schäfer's,52.4454377,13.3797366,Tempelhof-Schöneberg,Mariendorf,tempelhof-schöneberg,mariendorf,chain,True,Schäfer's,Kaiserstraße,124,,Mo-Fr 06:30-18:00; Sa 06:30-16:00; Su 08:00-16:00,https://www.schaefers-brot.de/,OSM,node/4379235090
Selvi Bäckerei Café,52.4799944,13.4460949,Neukölln,Neukölln,neukölln,neukölln,artisanal,False,,,,,"Mo-Fr 05:00-19:00, Sa 05:00-18:00, Su 05:00-17:00",,OSM,node/4381301977
Merkez,52.5236593,13.3320651,Mitte,Moabit,mitte,moabit,artisanal,False,,Zinzendorfstraße,,10555,,,OSM,node/4386404495
Cuccis,52.549278,13.3900787,Mitte,Gesundbrunnen,mitte,gesundbrunnen,artisanal,False,,,,,"Mo-Sa 05:00-21:00; Su,PH 06:00-21:00",,OSM,node/4388732495
Cuccis,52.5490967,13.3902017,Mitte,Gesundbrunnen,mitte,gesundbrunnen,artisanal,False,,,,,"Mo-Sa 05:00-23:00; Su,PH 06:00-22:00",,OSM,node/4388735295
Backshop e' Café,52.4990023,13.3138217,Charlottenburg-Wilmersdorf,Wilmersdorf,charlottenburg-wilmersdorf,wilmersdorf,artisanal,False,,,,,"Mo-Fr 07:00-18:30; Sa,Su 07:00-15:00",,OSM,node/4392753004
Bäcker Wiedemann,52.4284757,13.3280769,Steglitz-Zehlendorf,Lichterfelde,steglitz-zehlendorf,lichterfelde,artisanal,False,,,,,"Mo-Fr 06:00-18:00; Sa 06:00-14:00; Su,PH 07:00-12:00",,OSM,node/4396045312
Eichi's Backstube,52.4148772,13.6583128,Treptow-Köpenick,Müggelheim,treptow-köpenick,müggelheim,artisanal,False,,,,,Mo-Fr 07:00-17:00; Sa 07:00-13:00,,OSM,node/4423325713
Schiller Back,52.5582585,13.3516142,Mitte,Wedding,mitte,wedding,artisanal,False,,,,,"Mo-Fr 07:00-18:00; Sa,Su,PH 08:00-13:00",,OSM,node/4423466261
Sironi,52.547572,13.4105138,Pankow,Prenzlauer Berg,pankow,prenzlauer_berg,artisanal,False,,Gleimstraße,38,10437,Mo-Su 09:00-18:00,https://sironi.de,OSM,node/4437710891
Fresh Mesh,52.556417,13.3730375,Mitte,Gesundbrunnen,mitte,gesundbrunnen,artisanal,False,,,,,,,OSM,node/4439716022
Croissanterie,52.484441,13.3535247,Tempelhof-Schöneberg,Schöneberg,tempelhof-schöneberg,schöneberg,artisanal,False,,Hauptstraße,131,10827,"Mo-Fr 07:30-15:00; PH,Sa,Su 08:00-15:00",,OSM,node/4446409740
Ilkberry,52.5047461,13.4155884,Mitte,Mitte,mitte,mitte,artisanal,False,,,,,"Mo-Su,PH 07:00-22:00",,OSM,node/4448181931
Sofra,52.5679792,13.3124719,Reinickendorf,Reinickendorf,reinickendorf,reinickendorf,artisanal,False,,,,,Mo-Su 05:00-22:00,,OSM,node/4448386333
Rose Bäckerei & Café,52.5605335,13.3768018,Mitte,Gesundbrunnen,mitte,gesundbrunnen,artisanal,False,,,,,Mo-Sa 06:00-20:00; Su 07:00-20:00,,OSM,node/4449115011
Prinzen Eck Backshop,52.5589569,13.3861335,Mitte,Gesundbrunnen,mitte,gesundbrunnen,artisanal,False,,Prinzenallee,53,13359,Mo-Su 06:00-20:00,,OSM,node/4449775882
Käffchen,52.4391689,13.3419123,Steglitz-Zehlendorf,Lankwitz,steglitz-zehlendorf,lankwitz,artisanal,False,,Kaulbachstraße,71,12247,"Mo,Tu off; We-Fr 07:30-15:00; Sa,Su 07:30-13:00",,OSM,node/4450654153
Maître vite,52.4366208,13.3451245,Steglitz-Zehlendorf,Lankwitz,steglitz-zehlendorf,lankwitz,artisanal,False,,,,,,,OSM,node/4450654155
Turm Bäckerei Café,52.5274307,13.3302913,Mitte,Moabit,mitte,moabit,artisanal,False,,Turmstraße,56,10551,"Mo-Th,Sa 06:30-20:00; Fr,Su 07:00-16:00",,OSM,node/4454150184
La Boulangerie Berry,52.396851,13.4105854,Tempelhof-Schöneberg,Lichtenrade,tempelhof-schöneberg,lichtenrade,artisanal,False,,Alt-Lichtenrade,68,12309,"Mo-Fr 05:00-15:00; Sa,Su,PH 06:00-13:00",,OSM,node/4461691184
Domberger Brot-Werk,52.5238992,13.3383291,Mitte,Moabit,mitte,moabit,artisanal,False,,Essener Straße,11,10555,Mo 11:00-18:30; Tu-Th 08:00-18:30; Fr 08:00-18:00; Sa 08:00-13:00; PH off,https://domberger-brot-werk.com/,OSM,node/4469979941
Neue Herzbäckerei,52.5642075,13.3700642,Reinickendorf,Reinickendorf,reinickendorf,reinickendorf,artisanal,False,,,,,,,OSM,node/4470092874
Steinecke,52.5250168,13.415169,Mitte,Mitte,mitte,mitte,chain,True,Steinecke,Alex-Wedding-Straße,3,10178,Mo-Fr 06:30-18:30; Sa 07:00-15:00; Su off,,OSM,node/4473261472
Salon Sucré,52.4953399,13.4446729,Friedrichshain-Kreuzberg,Kreuzberg,friedrichshain-kreuzberg,kreuzberg,artisanal,False,,,,,,http://www.salonsucre.de/,OSM,node/4485988893
Biobackhaus,52.4870598,13.3548354,Tempelhof-Schöneberg,Schöneberg,tempelhof-schöneberg,schöneberg,artisanal,False,,Akazienstraße,26,10823,Mo-Fr 07:00-18:00; Sa 07:00-17:00; Su 08:00-17:00,,OSM,node/4513850099
Nour-Eldin Konditorei,52.4751266,13.4396384,Neukölln,Neukölln,neukölln,neukölln,artisanal,False,,Karl-Marx-Straße,166,12043,,,OSM,node/4524893835
Der Bäcker Feihl,52.5670495,13.5276399,Lichtenberg,Neu-Hohenschönhausen,lichtenberg,neu-hohenschönhausen,artisanal,False,,Randowstraße,3,13057,,,OSM,node/4537589634
M&M Back,52.5883186,13.2846515,Reinickendorf,Tegel,reinickendorf,tegel,artisanal,False,,Berliner Straße,7,13507,"Mo-Fr 05:00-18:00; Sa,Su 06:00-18:00",,OSM,node/4555540124
Bacy's Coffee,52.5905963,13.2833256,Reinickendorf,Tegel,reinickendorf,tegel,artisanal,False,,Berliner Straße,105,13507,,,OSM,node/4555556194
Thoben,52.4505056,13.3412471,Steglitz-Zehlendorf,Steglitz,steglitz-zehlendorf,steglitz,artisanal,False,,,,,"Mo-Sa 06:00-20:00, Su,PH 08:00-18:00",,OSM,node/4556060732
Schneider,52.4179985,13.5808097,Treptow-Köpenick,Grünau,treptow-köpenick,grünau,artisanal,False,,Regattastraße,123,12527,Mo-Sa 07:00-20:00,,OSM,node/4558933345
Melek,52.5307795,13.3335998,Mitte,Moabit,mitte,moabit,artisanal,False,,Wiclefstraße,21,10551,"Mo-Sa 05:00-19:00; Su,PH 06:00-19:00",,OSM,node/4568676153
Wiener Feinbäcker,52.467612,13.4896713,Treptow-Köpenick,Baumschulenweg,treptow-köpenick,baumschulenweg,chain,True,Wiener Feinbäcker Heberer,S Baumschulenweg,,12437,"Mo-Fr 05:00-20:00; Sa,Su 07:00-18:00",,OSM,node/4596211010
Betüls Patisserie,52.5505364,13.3560453,Mitte,Wedding,mitte,wedding,artisanal,False,,,,,Mo-Fr 05:30-18:30; Sa 07:00-16:00,,OSM,node/4603298590
Steinecke,52.5831095,13.4131548,Pankow,Niederschönhausen,pankow,niederschönhausen,chain,True,Steinecke,,,13156,Mo-Fr 06:30-19:00; Sa 07:00-18:00; Su 07:00-11:00,,OSM,node/4626305221
Steinecke,52.5666128,13.3459431,Reinickendorf,Reinickendorf,reinickendorf,reinickendorf,chain,True,Steinecke,,,,Mo-Fr 06:30-19:00; Sa 06:30-18:00; Su 07:00-11:00,,OSM,node/4630466563
Steinecke,52.413042,13.4933334,Neukölln,Rudow,neukölln,rudow,chain,True,Steinecke,Waßmannsdorfer Chaussee,26,12355,Mo-Sa 07:00-22:00; Su 07:00-12:00,,OSM,node/4633232189
Konditorei Damaskus,52.4825992,13.4386983,Neukölln,Neukölln,neukölln,neukölln,artisanal,False,,Sonnenallee,93,12045,"Mo-Th, Sa 09:00-22:00; Fr 09:00-13:00, 14:00-22:00; Su 12:00-20:00",,OSM,node/4636056589
Czerr,52.4723196,13.3198721,Charlottenburg-Wilmersdorf,Wilmersdorf,charlottenburg-wilmersdorf,wilmersdorf,chain,True,Konditorei Czerr GmbH & Co. KG,Laubacher Straße,43,14197,Mo-Fr 07:00-18:00; Sa 07:00-14:00; Su 08:00-17:00,https://www.czerr.de/,OSM,node/4685004309
Back-Factory,52.5204028,13.4130413,Mitte,Mitte,mitte,mitte,chain,True,Back-Factory,,,,Mo-Fr 06:30-19:00; Sa 07:00-19:00; Su 07:00-19:00,,OSM,node/4693388094
Kiez Bäckerei,52.4588248,13.5268006,Treptow-Köpenick,Oberschöneweide,treptow-köpenick,oberschöneweide,artisanal,False,,Rathenaustraße,1,12459,Mo-Su 05:00-18:00,,OSM,node/4698884700
DEM BACK,52.4589388,13.5257554,Treptow-Köpenick,Oberschöneweide,treptow-köpenick,oberschöneweide,artisanal,False,,Wilhelminenhofstraße,51,12459,,,OSM,node/4698924997
Hofpfisterei,52.4429445,13.2961198,Steglitz-Zehlendorf,Lichterfelde,steglitz-zehlendorf,lichterfelde,chain,True,Hofpfisterei,Drakestraße,46,12205,Mo-Fr 09:00-18:30; Sa 08:00-13:30; PH off,,OSM,node/4700322226
Weichardt's Vollkorn Bäckerei Konditorei,52.4374259,13.2614974,Steglitz-Zehlendorf,Zehlendorf,steglitz-zehlendorf,zehlendorf,artisanal,False,,Clayallee,333,14169,Mo-Fr 08:00-18:30; Sa 08:00-13:00,https://www.weichardt.de/,OSM,node/4709627346
Leckerback,52.4669255,13.4883832,Treptow-Köpenick,Baumschulenweg,treptow-köpenick,baumschulenweg,artisanal,False,,Baumschulenstraße,95,12437,Mo-Su 06:00-17:00,,OSM,node/4712130390
Back & Sandwich Paradies,52.4682031,13.4899544,Treptow-Köpenick,Baumschulenweg,treptow-köpenick,baumschulenweg,artisanal,False,,Baumschulenstraße,100,12437,Mo-Fr 05:30-17:00; Sa 6:30-15:00; Su 07:00-15:00,,OSM,node/4714765742
Junge,52.5067202,13.3933826,Friedrichshain-Kreuzberg,Kreuzberg,friedrichshain-kreuzberg,kreuzberg,chain,True,Junge,Rudi-Dutschke-Straße,17,10969,"Mo-Fr 06:30-19:00; Sa,Su 08:00-18:00",,OSM,node/4721333035
Gorilla,52.4778249,13.4263721,Neukölln,Neukölln,neukölln,neukölln,artisanal,False,,Hermannstraße,211,12049,Mo-Su 08:00-18:00,https://gorilla-baeckerei.de/,OSM,node/4726238223
Backshop Philopatir,52.5018772,13.333964,Charlottenburg-Wilmersdorf,Charlottenburg,charlottenburg-wilmersdorf,charlottenburg,artisanal,False,,Augsburger Straße,35,10789,Mo-Fr 06:00-18:00; Sa 07:00-16:00,,OSM,node/4732200125
Der Bäcker Feihl,52.5105365,13.4924115,Lichtenberg,Lichtenberg,lichtenberg,lichtenberg,artisanal,False,,Buchberger Straße,5,10365,Mo-Sa 07:00-18:30,,OSM,node/4739039885
Sofra,52.4853532,13.4261456,Neukölln,Neukölln,neukölln,neukölln,artisanal,False,,,,,,,OSM,node/4741998241
Ditsch,52.5073299,13.283206,Charlottenburg-Wilmersdorf,Charlottenburg,charlottenburg-wilmersdorf,charlottenburg,chain,True,Ditsch,Neue Kantstraße,16,14057,"Mo-Fr 05:00-20:00; Sa,Su 08:00-20:00",https://www.ditsch.de/,OSM,node/4747432224
Anjoy Pastry,52.5234571,13.4107782,Mitte,Mitte,mitte,mitte,artisanal,False,,Karl-Liebknecht-Straße,23,10178,Mo-Sa 12:00-19:00; Su off,,OSM,node/4752552106
Ditsch,52.4796574,13.3523137,Tempelhof-Schöneberg,Schöneberg,tempelhof-schöneberg,schöneberg,chain,True,Ditsch,Dominicusstraße/Sachsendamm,,10827,Mo-Fr 05:00-20:00; Sa 10:00-16:00,,OSM,node/4767006125
Leutemanns,52.5310589,13.4330977,Pankow,Prenzlauer Berg,pankow,prenzlauer_berg,artisanal,False,,Bötzowstraße,23,10407,"Mo-Fr 09:00-20:00; Sa-Su,PH 10:00-18:00",,OSM,node/4778391931
Der Bäcker Feihl,52.5604748,13.5505581,Marzahn-Hellersdorf,Marzahn,marzahn-hellersdorf,marzahn,artisanal,False,,Wolfener Straße,29,12681,,,OSM,node/4781371187
denns Biomarkt,52.5486761,13.3889758,Mitte,Gesundbrunnen,mitte,gesundbrunnen,artisanal,False,,,,,Mo-Su 08:00-22:00,,OSM,node/4791546521
Cafe Obergfell,52.3877781,13.4096933,Tempelhof-Schöneberg,Lichtenrade,tempelhof-schöneberg,lichtenrade,artisanal,False,,Alt-Lichtenrade,140,,Mo-Sa 05:00-18:30; Su 07:00-18:30; PH open,,OSM,node/4792258871
Wollank Bäckerei & Café,52.5686684,13.3993806,Pankow,Pankow,pankow,pankow,artisanal,False,,Wollankstraße,2a,13187,Mo-Fr 06:00-18:00; Sa 07:00-12:00,,OSM,node/4807801470
Wiedemann,52.5337814,13.195954,Spandau,Spandau,spandau,spandau,artisanal,False,,,,,Mo-Sa 08:00-20:00,,OSM,node/4816206583
Lunch Company,52.4336439,13.5379451,Treptow-Köpenick,Adlershof,treptow-köpenick,adlershof,artisanal,False,,,,,"Mo-Fr 06:00-16:00; Sa,Su off",,OSM,node/4821450687
Backwerk,52.5698849,13.4042046,Pankow,Pankow,pankow,pankow,chain,True,BackWerk,,,,Mo-Fr 06:30-20:00; Sa 07:30-20:00,,OSM,node/4834609466
Steinecke,52.533538,13.4569432,Pankow,Prenzlauer Berg,pankow,prenzlauer_berg,chain,True,Steinecke,,,,Mo-Sa 07:00-20:00,,OSM,node/4862561441
Steinecke,52.5557835,13.5587138,Marzahn-Hellersdorf,Marzahn,marzahn-hellersdorf,marzahn,chain,True,Steinecke,Mehrower Allee,20,12687,Mo-Sa 07:00-20:00,,OSM,node/4868088441
Berat Bäckerei,52.5528119,13.3788403,Mitte,Gesundbrunnen,mitte,gesundbrunnen,artisanal,False,,Badstraße,45,,24/7,,OSM,node/4877987621
Bäckerei Schneller,52.5105648,13.3963957,Mitte,Mitte,mitte,mitte,artisanal,False,,,,,Mo-Fr 06:30-18:00; Sa 07:00-13:00,,OSM,node/4885579521
Imbiss HIT,52.5527184,13.3807098,Mitte,Gesundbrunnen,mitte,gesundbrunnen,artisanal,False,,,,,,,OSM,node/4899206821
Antepliogullari,52.5514913,13.3827063,Mitte,Gesundbrunnen,mitte,gesundbrunnen,artisanal,False,,Badstraße,57,,"Mo-Sa 10:00-21:00; Su,PH 11:00-21:00",http://www.antepliogullari.de/,OSM,node/4899394021
Backshop,52.5714172,13.3796707,Reinickendorf,Reinickendorf,reinickendorf,reinickendorf,chain,True,Femo,,,,Mo-Su 04:15-12:00,,OSM,node/4908694234
Glückliche Bäckerei,52.5700295,13.3796685,Reinickendorf,Reinickendorf,reinickendorf,reinickendorf,chain,True,Ebubekir Bulut,,,,"Mo-Fr 04:30-18:30, Sa 05:00-16:00, Su 07:00-16:00",https://glückliche-bäckerei.de/,OSM,node/4908694241
Bäcker Lecker,52.4921564,13.4588022,Treptow-Köpenick,Alt-Treptow,treptow-köpenick,alt-treptow,artisanal,False,,,,,"Mo-Fr 05:30-20:00, Sa 06:00-20:00, Su 07:00-18:30, PH 08:00-17:00",,OSM,node/4912454279
Bäckerei Steinecke,52.6180931,13.3080501,Reinickendorf,Hermsdorf,reinickendorf,hermsdorf,artisanal,False,,,,,Mo-Fr 06:30-18:00; Su 07:00-10:30; Sa 07:00-16:00,,OSM,node/4916891086
Thoben's Backwaren,52.597276,13.3546732,Reinickendorf,Märkisches Viertel,reinickendorf,märkisches_viertel,artisanal,False,,Wilhelmsruher Damm,130,13439,Mo-Sa 07:00-20:00; Su 08:00-16:30,,OSM,node/4918144521
Graunback,52.5432569,13.3991185,Mitte,Gesundbrunnen,mitte,gesundbrunnen,artisanal,False,,,,,"Mo-Fr 06:00-18:00; Sa,Su 07:00-17:00",,OSM,node/4931617824
Steinecke,52.5136704,13.4060328,Mitte,Mitte,mitte,mitte,chain,True,Steinecke,Fischerinsel,12,10179,Mo-Sa 07:00-21:00,,OSM,node/4945745208
Sironi,52.5022858,13.4316238,Friedrichshain-Kreuzberg,Kreuzberg,friedrichshain-kreuzberg,kreuzberg,artisanal,False,,Eisenbahnstraße,42-43,10997,,,OSM,node/4948143722
Family Bäckerei,52.4363765,13.2735507,Steglitz-Zehlendorf,Zehlendorf,steglitz-zehlendorf,zehlendorf,artisanal,False,,,,,Mo-Sa 06:00-17:00; Su 07:00-17:00,,OSM,node/4950266746
Czerr,52.4868593,13.3276384,Charlottenburg-Wilmersdorf,Wilmersdorf,charlottenburg-wilmersdorf,wilmersdorf,artisanal,False,,Berliner Straße,19,10715,Mo-Fr 06:30-18:00; Sa 07:00-13:00; Su 08:00-12:00,,OSM,node/4951315354
Ditsch,52.5336203,13.1979486,Spandau,Spandau,spandau,spandau,chain,True,Ditsch,,,,Mo-Sa 09:00-21:00,,OSM,node/4957137309
Miras Bäckerei,52.5569979,13.3334946,Mitte,Wedding,mitte,wedding,artisanal,False,,Manga-Bell-Platz,22,,"Mo-Fr 07:00-18:00; Sa,Su 07:00-13:00",,OSM,node/4964049302
Gümüs,52.48756,13.35799,Tempelhof-Schöneberg,Schöneberg,tempelhof-schöneberg,schöneberg,artisanal,False,,Hauptstraße,148,10827,,http://www.gumusbaeckerei.com/,OSM,node/4967641126
Tole's Backshop,52.4997225,13.3428888,Tempelhof-Schöneberg,Schöneberg,tempelhof-schöneberg,schöneberg,artisanal,False,,Welserstraße,30,10777,Mo-Fr 06:00-18:00; Sa 07:00-16:00; Su 08:00-14:00,,OSM,node/4978786544
Backbaron,52.5068345,13.3329188,Charlottenburg-Wilmersdorf,Charlottenburg,charlottenburg-wilmersdorf,charlottenburg,artisanal,False,,,,,,,OSM,node/4984738197
Aux Merveilleux de Fred,52.4990774,13.3131662,Charlottenburg-Wilmersdorf,Wilmersdorf,charlottenburg-wilmersdorf,wilmersdorf,artisanal,False,,Olivaer Platz,2,10707,Mo-Su 08:00-18:00,,OSM,node/4995415655
100 Brote,52.5327223,13.4297306,Pankow,Prenzlauer Berg,pankow,prenzlauer_berg,artisanal,False,,Hufelandstraße,2,10407,Mo-Sa 08:00-18:00; Su 09:00-18:00,,OSM,node/5001628774
Steinecke,52.5332408,13.4344648,Pankow,Prenzlauer Berg,pankow,prenzlauer_berg,chain,True,Steinecke,,,,Mo-Sa 07:00-20:00,https://www.steinecke.info/,OSM,node/5001644841
Back König,52.5957662,13.333392,Reinickendorf,Wittenau,reinickendorf,wittenau,chain,True,Back König GmbH,,,,,,OSM,node/5031139883
Atas Profi Back,52.5968484,13.3543022,Reinickendorf,Märkisches Viertel,reinickendorf,märkisches_viertel,chain,True,Back König GmbH,,,,Mo-Fr 04:30-20:00; Sa 05:30-20:00; Su 06:30-14:00,,OSM,node/5031148262
Bäckerei 15,52.5480418,13.4275889,Pankow,Prenzlauer Berg,pankow,prenzlauer_berg,artisanal,False,,,,,Mo-Fr 09:00-18:00; Sa 09:00-16:00,,OSM,node/5045475385
LPG Backshop,52.5327171,13.4135999,Pankow,Prenzlauer Berg,pankow,prenzlauer_berg,artisanal,False,,,,,Mo-Sa 07:00-21:00,,OSM,node/5046270193
Bäckerei Konradshöhe,52.5850121,13.2268239,Reinickendorf,Konradshöhe,reinickendorf,konradshöhe,artisanal,False,,Falkenplatz,5,13505,Tu-So 07:00-12:00,,OSM,node/5047369167
Star-Back,52.5264747,13.350749,Mitte,Moabit,mitte,moabit,artisanal,False,,,,,,,OSM,node/5053480962
Bäckerei Steinecke,52.4346632,13.5310701,Treptow-Köpenick,Adlershof,treptow-köpenick,adlershof,chain,True,Steinecke,Groß-Berliner Damm,149,12489,Mo-Tu 06:00-13:00; We-Fr 06:00-18:00; Sa 07:00-11:00; Su off,,OSM,node/5053950405
Le Crobag,52.5363458,13.605535,Marzahn-Hellersdorf,Hellersdorf,marzahn-hellersdorf,hellersdorf,chain,True,Le Crobag,,,,Mo-Fr 04:00-20:00; Sa 04:00-17:00; Su 05:00-16:00,,OSM,node/5060341822
Tiepolo Spätkauf und Bäckerei,52.5461266,13.3983005,Mitte,Gesundbrunnen,mitte,gesundbrunnen,artisanal,False,,Gleimstraße,7,13355,"Mo 07:30-24:00; Tu-Sa 00:00-01:00,07:30-24:00; Su 00:00-01:00,11:00-24:00",,OSM,node/5064174322
Thoben,52.4851551,13.3548556,Tempelhof-Schöneberg,Schöneberg,tempelhof-schöneberg,schöneberg,artisanal,False,,Hauptstraße,137-138,10827,Mo-Sa 06:00-18:00; Su 08:00-17:00,,OSM,node/5103253623
c'est la vie,52.5118555,13.4588387,Friedrichshain-Kreuzberg,Friedrichshain,friedrichshain-kreuzberg,friedrichshain,artisanal,False,,Gabriel-Max-Straße,13,10245,We-Mo 12:00-18:00; Tu off,,OSM,node/5105174122
Bäckerei Schnell,52.5484373,13.4525487,Pankow,Weißensee,pankow,weißensee,artisanal,False,,Berliner Allee,48,13088,Mo-Sa 06:30-18:30; Su 07:00-18:00,http://www.schnell-ihr-baecker.de,OSM,node/5109099522
Crusty,52.5243481,13.449535,Friedrichshain-Kreuzberg,Friedrichshain,friedrichshain-kreuzberg,friedrichshain,artisanal,False,,Petersburger Straße,23,10249,Mo-Fr 05:30-18:30; Su 06:00-17:00; Sa 05:30-18:00,,OSM,node/5111326313
Meine Spreebäckerei,52.4563842,13.5110602,Treptow-Köpenick,Niederschöneweide,treptow-köpenick,niederschöneweide,artisanal,False,,,,,"Mo-Fr 06:00-19:00; Sa 06:30-15:00; Su,PH off",,OSM,node/5111970569
Steinecke,52.4853012,13.1828234,Spandau,Gatow,spandau,gatow,chain,True,Steinecke,,,,"Mo-Sa 06:00-19:00; Su,PH 07:01-11:00",,OSM,node/5113479649
Bäckerei Ergün,52.5428354,13.4231594,Pankow,Prenzlauer Berg,pankow,prenzlauer_berg,artisanal,False,,,,,,,OSM,node/5146292107
Wiener Feinbäcker Heberer,52.5288227,13.4102624,Pankow,Prenzlauer Berg,pankow,prenzlauer_berg,chain,True,Wiener Feinbäcker Heberer,Torstraße,49,10119,Mo-Fr 06:00-19:00; Sa 08:00-18:00; Su 08:00-15:00,https://heberer.de/,OSM,node/5163897581
Thoben,52.5288416,13.1949588,Spandau,Wilhelmstadt,spandau,wilhelmstadt,artisanal,False,,,,,,,OSM,node/5191729404
Schäfer's,52.5092996,13.3898515,Mitte,Mitte,mitte,mitte,chain,True,Schäfer's,,,,"Mo-Fr 06:30-17:00; Sa,Su 08:00-16:30",,OSM,node/5198292860
Knusperback,52.5172247,13.1974433,Spandau,Wilhelmstadt,spandau,wilhelmstadt,artisanal,False,,,,,Mo-Fr 06:00-18:00; Sa 06:00-14:00; Su 08:00-14:00,,OSM,node/5198389966
Glienicker Bäckerei & Café,52.4394819,13.5663249,Treptow-Köpenick,Köpenick,treptow-köpenick,köpenick,artisanal,False,,Glienicker Straße,35,12557,"Mo-Fr 06:00-18:00,Sa-Su 07:00-16:00",,OSM,node/5224049513
Sophie's Café & Backshop,52.5113011,13.2977767,Charlottenburg-Wilmersdorf,Charlottenburg,charlottenburg-wilmersdorf,charlottenburg,artisanal,False,,Bismarckstraße,67,,,,OSM,node/5233789076
Teich-Bäckerei,52.5678434,13.3463243,Reinickendorf,Reinickendorf,reinickendorf,reinickendorf,artisanal,False,,Teichstraße,30,13407,"Mo-Fr 06:00-17:00, Sa 06:00-12:00, Su 08:00-12:00",,OSM,node/5241532519
Engelchen,52.5700733,13.3515882,Reinickendorf,Reinickendorf,reinickendorf,reinickendorf,artisanal,False,,,,,"Mo-Fr 06:00-14:00; Sa,Su 08:00-14:00",,OSM,node/5244459984
Backshop ilay,52.5704493,13.35701,Reinickendorf,Reinickendorf,reinickendorf,reinickendorf,artisanal,False,,,,,Mo-Fr 07:00-18:00,,OSM,node/5252696114
Backgeheimnis,52.5572769,13.3734302,Mitte,Gesundbrunnen,mitte,gesundbrunnen,artisanal,False,,,,,,,OSM,node/5257750955
Bäckerei Rösler,52.5127962,13.1963538,Spandau,Wilhelmstadt,spandau,wilhelmstadt,artisanal,False,,,,,Mo-Sa 06:00-20:00; Su 07:00-16:00,,OSM,node/5289857025
Junge,52.450579,13.3406029,Steglitz-Zehlendorf,Steglitz,steglitz-zehlendorf,steglitz,chain,True,Junge,,,,"Sa,Su 07:00-18:00; Mo-Fr 07:00-18:30",,OSM,node/5295740244
BlackBakery,52.5009919,13.3399459,Tempelhof-Schöneberg,Schöneberg,tempelhof-schöneberg,schöneberg,artisanal,False,,,,,,,OSM,node/5299558613
Toprak Edlib Bäckerei,52.4869356,13.4272604,Neukölln,Neukölln,neukölln,neukölln,artisanal,False,,Sonnenallee,16,12047,,,OSM,node/5313840256
Elit Simit,52.4786673,13.4379672,Neukölln,Neukölln,neukölln,neukölln,artisanal,False,,,,,,,OSM,node/5324065567
Steinecke,52.5507211,13.4101449,Pankow,Prenzlauer Berg,pankow,prenzlauer_berg,chain,True,Steinecke,Schivelbeiner Straße,38,,Mo-Sa 07:00-20:00,,OSM,node/5324520345
Das Brot der frühen Jahre,52.4732729,13.4479283,Neukölln,Neukölln,neukölln,neukölln,artisanal,False,,Zwiestädter Straße,10,12055,,,OSM,node/5324729970
The Sanctuary,52.5531093,13.4033271,Pankow,Prenzlauer Berg,pankow,prenzlauer_berg,artisanal,False,,,,,Mo-Fr 09:00-19:00; Sa-Su 10:00-19:00,https://thesanctuaryberlin.com/,OSM,node/5339162375
Stern Bäckerei & Konditorei,52.5659089,13.3787058,Mitte,Gesundbrunnen,mitte,gesundbrunnen,artisanal,False,,Provinzstraße,34,13409,"Mo-Fr 06:00-18:00; Sa,Su 08:00-16:00",,OSM,node/5339216377
Zeit für Brot,52.5412291,13.4117452,Pankow,Prenzlauer Berg,pankow,prenzlauer_berg,chain,True,Zeit für Brot,Schönhauser Allee,144,10435,Mo-Sa 07:00-20:00; Su 08:00-20:00,https://zeitfuerbrot.com/,OSM,node/5345394346
Steinecke,52.5335215,13.3796725,Mitte,Mitte,mitte,mitte,chain,True,Steinecke,Chausseestraße,38,10115,Mo-Fr 06:00-18:00; Sa 07:00-14:00,,OSM,node/5368793413
Brotquelle,52.508418,13.4598711,Friedrichshain-Kreuzberg,Friedrichshain,friedrichshain-kreuzberg,friedrichshain,chain,True,Mario Alberto Gonzalez LLano,Gärtnerstraße,2,10245,"Mo off; Tu-Fr 09:00-18:00; Sa,Su 09:00-16:00",,OSM,node/5404918245
tigertörtchen,52.5366938,13.3758167,Mitte,Mitte,mitte,mitte,chain,True,Tigertörtchen GmbH,Chausseestraße,60,10115,"Mo-Fr 08:00-18:00; Sa,Su 10:00-18:00",https://www.tigertoertchen.de/,OSM,node/5424534812
Paradiesbäckerei Oguz Kalyoncu,52.5442836,13.2276365,Spandau,Haselhorst,spandau,haselhorst,artisanal,False,,Grützmacherweg,8,,Mo-Fr 06:00-18:30; Sa 07:30-16:00; Su 08:00-15:00; PH 09:00-14:00,,OSM,node/5439641244
Pulvermühle Cafe,52.5471307,13.2255778,Spandau,Haselhorst,spandau,haselhorst,artisanal,False,,Romy-Schneider-Straße,19,,"Mo-Fr 06:30-20:00; Sa,Su 07:30-20:00",,OSM,node/5439641245
Coffee Time,52.4688869,13.3852238,Tempelhof-Schöneberg,Tempelhof,tempelhof-schöneberg,tempelhof,chain,True,Kenan Boldaz,Tempelhofer Damm,122,12099,Mo-Fr 04:00-18:00; Sa 05:00-18:00; Su 07:00-18:00,,OSM,node/5440526353
Multi Backshop,52.5453948,13.4437428,Pankow,Prenzlauer Berg,pankow,prenzlauer_berg,artisanal,False,,Greifswalder Straße,146,10409,,,OSM,node/5457152329
Der Bäcker Feihl,52.5611233,13.4224097,Pankow,Pankow,pankow,pankow,artisanal,False,,,,,Mo-Sa 07:00-18:00,,OSM,node/5471345773
Baking factory,52.5091372,13.302185,Charlottenburg-Wilmersdorf,Charlottenburg,charlottenburg-wilmersdorf,charlottenburg,artisanal,False,,Kaiser-Friedrich-Straße,66,10627,,,OSM,node/5480181394
Demirel,52.4984615,13.4464754,Friedrichshain-Kreuzberg,Kreuzberg,friedrichshain-kreuzberg,kreuzberg,artisanal,False,,Schlesische Straße,20,10997,,,OSM,node/5486308617
Bäckerei Dreißig,52.4550201,13.6254848,Treptow-Köpenick,Friedrichshagen,treptow-köpenick,friedrichshagen,chain,True,Dreißig,Bölschestraße,62,12587,Mo-Su 06:00-17:00,,OSM,node/5488945449
Kampus,52.4986032,13.4422338,Friedrichshain-Kreuzberg,Kreuzberg,friedrichshain-kreuzberg,kreuzberg,artisanal,False,,,,,,,OSM,node/5489585709
Café Rheinback,52.4666768,13.3298684,Tempelhof-Schöneberg,Friedenau,tempelhof-schöneberg,friedenau,artisanal,False,,Rheinstraße,32,12161,"Mo-Fr 06:00-16:00; Sa,Su 07:00-16:00",,OSM,node/5536213388
Good Morning,52.6053093,13.3567338,Reinickendorf,Märkisches Viertel,reinickendorf,märkisches_viertel,artisanal,False,,Senftenberger Ring,46,13435,"Mo-Fr 06:30-17:30, Sa 06:30-12:30, Su 07:00-12:00",,OSM,node/5548762428
Bäckerei & Café Wins,52.5355903,13.4271652,Pankow,Prenzlauer Berg,pankow,prenzlauer_berg,artisanal,False,,Winsstraße,29,10405,Mo-Fr 06:00-16:30; Sa-Su 07:00-14:00,,OSM,node/5559499132
Bäckerei Café,52.5355748,13.5053027,Lichtenberg,Alt-Hohenschönhausen,lichtenberg,alt-hohenschönhausen,artisanal,False,,,,,,,OSM,node/5565068906
Karadeniz Bäckerei,52.4689853,13.4355487,Neukölln,Neukölln,neukölln,neukölln,artisanal,False,,,,,"Mo-Sa 06:00-18:00; Su,PH 07:00-18:00",,OSM,node/5565068912
Back Tempel,52.4673744,13.3851908,Tempelhof-Schöneberg,Tempelhof,tempelhof-schöneberg,tempelhof,artisanal,False,,,,,,,OSM,node/5587090714
Yaro - syrische Süß- und Backwaren-Spezialitäten,52.5698073,13.5668779,Marzahn-Hellersdorf,Marzahn,marzahn-hellersdorf,marzahn,artisanal,False,,Havemannstraße,4a,12689,,https://qm-marzahnnordwest.de/kiezbericht/die-bewohnerinnen-der-gemeinschaftsunterkunft-wirds-freuen,OSM,node/5613523456
Gültat,52.5255509,13.3092344,Charlottenburg-Wilmersdorf,Charlottenburg,charlottenburg-wilmersdorf,charlottenburg,artisanal,False,,,,,,,OSM,node/5630437209
Steinecke,52.5232741,13.3875249,Mitte,Mitte,mitte,mitte,chain,True,Steinecke,,,,Mo-Fr 06:30-18:00; Sa 07:00-14:00,,OSM,node/5632884670
Steinecke,52.5079413,13.392458,Mitte,Mitte,mitte,mitte,chain,True,Steinecke,,,,Mo-Fr 06:30-18:00; Sa 07:00-13:00,,OSM,node/5633365943
Steinecke,52.5448117,13.4225629,Pankow,Prenzlauer Berg,pankow,prenzlauer_berg,chain,True,Steinecke,Stargarder Straße,56,,"Mo-Fr 06:30-18:00; Sa 06:30-16:00; Su 07:30-13:00; Jan 1,Dec 25-26 off; Dec 24,Dec 31 06:30-12:00",https://www.steinecke.info/,OSM,node/5633635290
Basac Café Bäckerei,52.4994711,13.4077406,Friedrichshain-Kreuzberg,Kreuzberg,friedrichshain-kreuzberg,kreuzberg,artisanal,False,,,,,Mo-Su 05:00-19:00,,OSM,node/5636503956
Bäckerei Wahl,52.4188768,13.5372099,Treptow-Köpenick,Altglienicke,treptow-köpenick,altglienicke,chain,True,Bäckerei Wahl,Köpenicker Straße,25-29,12524,Mo-Sa 07:00-20:00; Su 07:00-11:00,https://www.baeckerwahl.de/Filialen/Berlin-Sued/Altglienicke,OSM,node/5638236745
Ma Petite,52.5620061,13.3607424,Reinickendorf,Reinickendorf,reinickendorf,reinickendorf,artisanal,False,,Holländerstraße,13,,,,OSM,node/5650146528
Albatross,52.4913717,13.4167331,Friedrichshain-Kreuzberg,Kreuzberg,friedrichshain-kreuzberg,kreuzberg,artisanal,False,,Graefestraße,66,10967,"Nov-Feb: Mo-Su,PH 08:00-18:00; Mar-Oct: Mo-Su,PH 08:00-20:00",https://albatrossberlin.com/,OSM,node/5652524621
Untek,52.4993663,13.4397209,Friedrichshain-Kreuzberg,Kreuzberg,friedrichshain-kreuzberg,kreuzberg,artisanal,False,,Wrangelstraße,45,,,,OSM,node/5654285402
Bäckerei Thürmann,52.5644134,13.4208075,Pankow,Pankow,pankow,pankow,artisanal,False,,,,,Mo-Sa 07:00-19:00; Su 08:00-16:00,,OSM,node/5654614119
Brotback,52.4692231,13.3422456,Tempelhof-Schöneberg,Schöneberg,tempelhof-schöneberg,schöneberg,artisanal,False,,,,,Mo-Fr 06:00-19:00; Sa 06:00-18:00; Su 06:00-17:00,,OSM,node/5661619321
Bäckerbursche,52.5538397,13.152684,Spandau,Falkenhagener Feld,spandau,falkenhagener_feld,artisanal,False,,,,,Mo-Fr 06:00-17:00; Sa 06:00-13:00; Su 07:00-12:00,,OSM,node/5664531035
BackBaron,52.6360314,13.4918924,Pankow,Buch,pankow,buch,artisanal,False,,,,,"Mo-Su,PH 05:00-21:00",,OSM,node/5677902105
Bäckerstube & Frühstücks-Cafe,52.5518504,13.2096927,Spandau,Hakenfelde,spandau,hakenfelde,artisanal,False,,,,,,,OSM,node/5681315824
Der Bäcker Feihl,52.4813803,13.5256437,Lichtenberg,Karlshorst,lichtenberg,karlshorst,artisanal,False,,Treskowallee,113,10318,Mo-Sa 05:30-18:00; Su 07:00-17:00,,OSM,node/5692822439
Cevik Bäckerei,52.5480244,13.3491777,Mitte,Wedding,mitte,wedding,artisanal,False,,,,,"PH,Su-Fr 13:00-23:00+",,OSM,node/5693005986
Wiedemann,52.5167215,13.3799998,Mitte,Mitte,mitte,mitte,artisanal,False,,,,,Mo-Fr 07:00-18:00; Sa 08:30-18:00,,OSM,node/5715768001
Bäcker Wiedemann,52.5189416,13.388242,Mitte,Mitte,mitte,mitte,artisanal,False,,Friedrichstraße,149,10117,Mo-Fr 06:30-19:00; Sa 08:00-18:00; Su off,https://baecker-wiedemann.de/filialen/mitte-friedrich-carre,OSM,node/5715768009
Antep Baklava,52.4882463,13.3579333,Tempelhof-Schöneberg,Schöneberg,tempelhof-schöneberg,schöneberg,artisanal,False,,,,,,,OSM,node/5718697053
Hayal Bäckerei,52.4864464,13.3579145,Tempelhof-Schöneberg,Schöneberg,tempelhof-schöneberg,schöneberg,artisanal,False,,,,,,,OSM,node/5720120434
Backwerk,52.5141638,13.4748156,Friedrichshain-Kreuzberg,Friedrichshain,friedrichshain-kreuzberg,friedrichshain,chain,True,BackWerk,Frankfurter Allee,111A,10247,"Mo-Su,PH 05:00-20:00, Sa 06:00-20:00, Su 06:00-20:00",https://www.back-werk.de,OSM,node/5733987922
Schneeglöckchen,52.5778233,13.3330708,Reinickendorf,Reinickendorf,reinickendorf,reinickendorf,artisanal,False,,Ollenhauerstraße,69,13403,Mo-Fr 05:00-14:00; Sa-Su 07:00-13:00,,OSM,node/5737079895
Le Brot,52.4834569,13.4352366,Neukölln,Neukölln,neukölln,neukölln,artisanal,False,,Fuldastraße,54,12043,"Mo-Fr 07:30-18:00; Sa 08:00-16:00; Su,PH 08:00-15:00",,OSM,node/5744857507
BäckerMann,52.4753606,13.3238264,Tempelhof-Schöneberg,Friedenau,tempelhof-schöneberg,friedenau,artisanal,False,,Südwestkorso,9,12161,Mo-Fr 06:00-18:00; Su 08:00-17:00; Sa 06:00-17:00,https://www.baecker-mann.de/,OSM,node/5749818809
Dem Back,52.5166954,13.3096878,Charlottenburg-Wilmersdorf,Charlottenburg,charlottenburg-wilmersdorf,charlottenburg,artisanal,False,,,,,"Mo-Fr 05:00-18:00; Sa 07:00-14:00; Su,PH off",,OSM,node/5757079288
Lindner,52.5178712,13.3802677,Mitte,Mitte,mitte,mitte,artisanal,False,,Wilhelmstraße,68a,10117,Mo-Fr 07:30-19:00; Sa-Su closed,https://www.lindner-esskultur.de,OSM,node/5765887860
M&M Back,52.5389788,13.2053338,Spandau,Spandau,spandau,spandau,artisanal,False,,,,,Mo-Fr 05:00-19:00; Sa 05:00-18:00; Su 06:00-18:00,,OSM,node/5774792911
Thoben,52.537085,13.2058059,Spandau,Spandau,spandau,spandau,artisanal,False,,,,,,,OSM,node/5774792923
Backstube & Café,52.4795876,13.6006523,Marzahn-Hellersdorf,Mahlsdorf,marzahn-hellersdorf,mahlsdorf,artisanal,False,,Hultschiner Damm,51,12623,Mo-Sa 07:00-18:00; Su 08:00-18:00,,OSM,node/5794397995
Hofpfisterei,52.5105072,13.2700498,Charlottenburg-Wilmersdorf,Westend,charlottenburg-wilmersdorf,westend,chain,True,Hofpfisterei,,,,Mo-Fr 08:00-18:00; Sa 08:00-13:30,,OSM,node/5796921770
Nicolai,52.5359257,13.4227003,Pankow,Prenzlauer Berg,pankow,prenzlauer_berg,chain,True,Bäckerei & Konditorei Nicolai,Prenzlauer Allee,42,10405,"Mo-Fr 07:00-18:00; Sa,Su 08:00-18:00",,OSM,node/5809045553
Pibabu,52.4674595,13.4226926,Neukölln,Neukölln,neukölln,neukölln,artisanal,False,,Emser Straße,78,12051,Mo-Sa 05:00-20:00,,OSM,node/5827905714
Steinecke,52.5412965,13.5650757,Marzahn-Hellersdorf,Marzahn,marzahn-hellersdorf,marzahn,chain,True,Steinecke,Allee der Kosmonauten,196,12685,Mo-Sa 07:00-20:00; Su 07:00-11:00,,OSM,node/5835803810
Steinecke,52.4893953,13.3942173,Friedrichshain-Kreuzberg,Kreuzberg,friedrichshain-kreuzberg,kreuzberg,chain,True,Steinecke,,,,,,OSM,node/5849339570
BioBackHaus,52.4892847,13.3952141,Friedrichshain-Kreuzberg,Kreuzberg,friedrichshain-kreuzberg,kreuzberg,artisanal,False,,,,,Mo-Sa 08:00-18:00,,OSM,node/5849339572
Bäckerei,52.5121757,13.4192001,Mitte,Mitte,mitte,mitte,artisanal,False,,Rungestraße,16,10179,"Mo-Th 06:00-16:00; Sa,Su 07:00-12:00",,OSM,node/5850784913
Palace Konditorei,52.5516768,13.3833776,Mitte,Gesundbrunnen,mitte,gesundbrunnen,artisanal,False,,Badstraße,19,13357,,,OSM,node/5859059955
Steinecke,52.4629418,13.3388522,Steglitz-Zehlendorf,Steglitz,steglitz-zehlendorf,steglitz,chain,True,Steinecke,,,,Mo-Sa 06:30-20:00; Su 07:00-11:00,,OSM,node/5873247141
Ha's Café,52.5135302,13.3818181,Mitte,Mitte,mitte,mitte,artisanal,False,,Wilhelmstraße,85,10117,"Mo-Fr 07:00-16:00; Sa 08:00-14:00; Su,PH off",,OSM,node/5912146257
Mamecha Seka,52.5265037,13.4068347,Mitte,Mitte,mitte,mitte,artisanal,False,,Steinstraße,2,10119,,,OSM,node/5913018278
Der Bäcker Feihl,52.567388,13.5182811,Lichtenberg,Neu-Hohenschönhausen,lichtenberg,neu-hohenschönhausen,artisanal,False,,Warnitzer Straße,18,13057,"Mo-Fr 07:00-18:00; Sa 07:00-12:00; Su 08:00-10:00,14:00-16:00",http://www.feihl-berlin.de/,OSM,node/5933895471
BackMaster,52.5136898,13.4755172,Lichtenberg,Lichtenberg,lichtenberg,lichtenberg,artisanal,False,,,,,24/7,,OSM,node/5970337246
Konditorei Krautzig,52.5471504,13.4128855,Pankow,Prenzlauer Berg,pankow,prenzlauer_berg,chain,True,Krautzig,Schönhauser Allee,126,10437,Mo-Fr 06:00-18:00; Sa 06:00-14:00,,OSM,node/5978081406
Dreißig,52.4792845,13.4813216,Treptow-Köpenick,Plänterwald,treptow-köpenick,plänterwald,chain,True,Dreißig,Dammweg,56,12435,Mo-Fr 07:00-18:00; Sa 07:00-16:00,https://www.baeckerei-dreissig.de,OSM,node/5991628345
Märkisch Edel,52.5651287,13.5234375,Lichtenberg,Neu-Hohenschönhausen,lichtenberg,neu-hohenschönhausen,artisanal,False,,Welsestraße,56-58,13057,Mo-Sa 07:00-18:00,,OSM,node/5995948087
Bäckerei Konditorei Sofra,52.5479337,13.201466,Spandau,Spandau,spandau,spandau,artisanal,False,,Schönwalder Straße,28,13585,,,OSM,node/5997709681
BackBaron,52.5379461,13.3962455,Mitte,Mitte,mitte,mitte,artisanal,False,,,,,,https://backbaron.de/,OSM,node/6004480485
Steinecke,52.4904464,13.5273346,Lichtenberg,Karlshorst,lichtenberg,karlshorst,chain,True,Steinecke,Hönower Straße,24C,10318,Mo-Fr 06:00-18:00; Sa 06:00-17:00; Su 07:00-13:00,,OSM,node/6017213099
Labigel,52.5101755,13.4988811,Lichtenberg,Rummelsburg,lichtenberg,rummelsburg,artisanal,False,,,,,,,OSM,node/6071477229
Bäckerei & Konditorei Siebert,52.5529174,13.4082514,Pankow,Prenzlauer Berg,pankow,prenzlauer_berg,artisanal,False,,Schönfließer Straße,12,10439,Tu-Fr 06:15-18:30; Sa 06:00-12:30; PH off,https://www.baeckerei-siebert.de/,OSM,node/6071785879
Cam's Bäckerei & Café,52.4687457,13.4303192,Neukölln,Neukölln,neukölln,neukölln,artisanal,False,,,,,,,OSM,node/6102274385
Steinecke,52.5831768,13.2914313,Reinickendorf,Tegel,reinickendorf,tegel,chain,True,Steinecke,Ernststraße,7,13509,Mo-Sa 07:00-22:00; Su 07:00-12:00,,OSM,node/6119531882
Edeka Backstube,52.5078294,13.4152059,Mitte,Mitte,mitte,mitte,artisanal,False,,,,,,,OSM,node/6125229700
Steinecke,52.5054173,13.3514067,Mitte,Tiergarten,mitte,tiergarten,chain,True,Steinecke,,,,Mo-Fr 06:30-18:00; Sa 07:00-16:30; Su 07:00-12:00,,OSM,node/6135428374
Wiener Feinbäcker Heberer,52.4973119,13.28994,Charlottenburg-Wilmersdorf,Halensee,charlottenburg-wilmersdorf,halensee,chain,True,Wiener Feinbäcker Heberer,Kurfürstendamm,116,10711,Mo-Su 04:30-20:00,,OSM,node/6218981426
Edeka Backshop,52.5433191,13.2408126,Spandau,Haselhorst,spandau,haselhorst,artisanal,False,,Gartenfelder Straße,86,13599,Mo-Sa 07:00-20:00; Su 08:00-11:00,,OSM,node/6242548434
Bäckerei & Café,52.461778,13.3185581,Steglitz-Zehlendorf,Steglitz,steglitz-zehlendorf,steglitz,artisanal,False,,,,,Mo-Fr 06:00-17:00; Sa-Su 07:00-13:00,,OSM,node/6256028106
Dreißig,52.4301701,13.5503006,Treptow-Köpenick,Adlershof,treptow-köpenick,adlershof,chain,True,Dreißig,Adlergestell,303,12489,Mo-Fr 08:00-20:00; Sa 08:00-18:00; Su off,https://www.baeckerei-dreissig.de,OSM,node/6259105564
Antepliogullari Baklavacisi,52.475497,13.4267969,Neukölln,Neukölln,neukölln,neukölln,artisanal,False,,,,,Mo-Su 10:00-21:00,http://www.antepliogullari.de,OSM,node/6267883770
Café Altstadt Köpenick,52.4466606,13.5762368,Treptow-Köpenick,Köpenick,treptow-köpenick,köpenick,chain,True,Hennig Steinofenbäcker,,,,Mo-Fr 06:30-18:30; Sa 06:30-18:00; Su 07:30-18:00,,OSM,node/6291915741
Bäcker Hennig,52.5312511,13.5138568,Lichtenberg,Lichtenberg,lichtenberg,lichtenberg,artisanal,False,,,,,,,OSM,node/6323984649
Aera Bread,52.5023314,13.3279115,Charlottenburg-Wilmersdorf,Charlottenburg,charlottenburg-wilmersdorf,charlottenburg,artisanal,False,,Fasanenstraße,74,10719,,,OSM,node/6325710618
Schäfer's,52.5385654,13.2493029,Spandau,Siemensstadt,spandau,siemensstadt,chain,True,Schäfer's,,,,Mo-Sa 08:00-20:00,,OSM,node/6352116397
Wieslau,52.4714365,13.3202946,Tempelhof-Schöneberg,Friedenau,tempelhof-schöneberg,friedenau,artisanal,False,,,,,Mo-Fr 07:00-17:30; Sa 07:30-15:00; Su 08:00-16:00,,OSM,node/6353225399
Bäckerei Schnell,52.5245166,13.3011389,Charlottenburg-Wilmersdorf,Charlottenburg,charlottenburg-wilmersdorf,charlottenburg,artisanal,False,,Tauroggener Straße,40,10589,Mo-Fr 06:30-18:00; Sa 06:30-13:00; Su 08:00-16:00,,OSM,node/6364751545
Steinecke,52.4961701,13.2884921,Charlottenburg-Wilmersdorf,Halensee,charlottenburg-wilmersdorf,halensee,chain,True,Steinecke,Kurfürstendamm,129A,10711,,,OSM,node/6390183368
Steinecke,52.4097736,13.3816594,Tempelhof-Schöneberg,Marienfelde,tempelhof-schöneberg,marienfelde,chain,True,Steinecke,,,,,,OSM,node/6391968823
Confiserie Kalweit,52.5488691,13.4561522,Pankow,Weißensee,pankow,weißensee,artisanal,False,,Herbert-Baum-Straße,5,13088,Tu-Sa 10:00-14:00,https://www.confiserie-kalweit.de/,OSM,node/6430149174
EDEKA Backstube,52.5005896,13.3220109,Charlottenburg-Wilmersdorf,Charlottenburg,charlottenburg-wilmersdorf,charlottenburg,artisanal,False,,,,,Mo-Sa 08:00-20:00; PH closed,,OSM,node/6436945414
Kamps,52.5043015,13.4428915,Friedrichshain-Kreuzberg,Friedrichshain,friedrichshain-kreuzberg,friedrichshain,chain,True,Kamps,Mühlenstraße,13,10243,Mo-Fr 08:00-18:00; Sa 08:00-18:00; Su 08:00-16:00,,OSM,node/6447587235
Keit,52.4935892,13.3539053,Tempelhof-Schöneberg,Schöneberg,tempelhof-schöneberg,schöneberg,artisanal,False,,Goltzstraße,18,10781,Mo off; Tu-Fr 11:00-19:00; Sa 09:00-17:00; Su 09:00-13:00,https://keit.berlin,OSM,node/6458174853
Sternschnuppe Bäckerei & Café,52.4647795,13.3208608,Steglitz-Zehlendorf,Steglitz,steglitz-zehlendorf,steglitz,artisanal,False,,Lepsiusstraße,20,12163,Mo-Fr 05:00-18:30; Sa 06:00-15:00; Su 07:00-16:00,,OSM,node/6458744590
Abu Khaled Sweets,52.5500285,13.3685806,Mitte,Gesundbrunnen,mitte,gesundbrunnen,artisanal,False,,,,,,,OSM,node/6458745585
Back Baron,52.5067892,13.3067558,Charlottenburg-Wilmersdorf,Charlottenburg,charlottenburg-wilmersdorf,charlottenburg,artisanal,False,,Wilmersdorfer Straße,,10627,"Mo-Su,PH 04:00-22:00",,OSM,node/6482721154
Back Baron,52.505833,13.3068403,Charlottenburg-Wilmersdorf,Charlottenburg,charlottenburg-wilmersdorf,charlottenburg,artisanal,False,,Wilmersdorfer Straße,,10627,"Mo-Su,PH 04:00-22:00",,OSM,node/6486131325
Zeit für Brot,52.5060383,13.3214527,Charlottenburg-Wilmersdorf,Charlottenburg,charlottenburg-wilmersdorf,charlottenburg,chain,True,Zeit für Brot,Savignyplatz,9/10,10623,Mo-Fr 07:00-20:00; Sa 08:00-20:00; Su 08:00-19:00,https://zeitfuerbrot.com/,OSM,node/6493111991
Main Back,52.4817921,13.3478527,Tempelhof-Schöneberg,Schöneberg,tempelhof-schöneberg,schöneberg,artisanal,False,,,,,Mo-Su 06:00-19:00,,OSM,node/6501792186
Heidis InterBackshop Am Krossinsee,52.3687562,13.6861306,Treptow-Köpenick,Schmöckwitz,treptow-köpenick,schmöckwitz,artisanal,False,,,,,"PH,Mo-Su 08:00-12:00,15:00-18:00+",,OSM,node/6511011215
Backzeit,52.4506245,13.3225852,Steglitz-Zehlendorf,Steglitz,steglitz-zehlendorf,steglitz,artisanal,False,,Kurze Straße,1,12167,,,OSM,node/6520925286
Feinbäckerei Heider,52.4251827,13.585025,Treptow-Köpenick,Köpenick,treptow-köpenick,köpenick,artisanal,False,,,,,Mo-Sa 07:00-19:00; Su 07:30-10:30,,OSM,node/6525144646
Aux Délices Normands,52.4588098,13.3159513,Steglitz-Zehlendorf,Steglitz,steglitz-zehlendorf,steglitz,artisanal,False,,Lepsiusstraße,83,12163,"Mo-Fr 07:00-18:00; Sa,Su 07:30-17:00",http://www.auxdelicesnormands.de/lepsiusstr,OSM,node/6534895182
Elsa Bäckerei,52.55958,13.4186249,Pankow,Pankow,pankow,pankow,artisanal,False,,Trelleborger Straße,62,13189,Su 07:00-18:00; Sa 07:00-16:30; Mo-Fr 07:00-17:30,,OSM,node/6543282570
Steinecke,52.4180537,13.5366239,Treptow-Köpenick,Altglienicke,treptow-köpenick,altglienicke,chain,True,Steinecke,Schönefelder Chaussee,1,12524,,,OSM,node/6694942654
King Sweets,52.5474209,13.3578113,Mitte,Wedding,mitte,wedding,artisanal,False,,Müllerstraße,29,,,,OSM,node/6696721799
Vatan Bäckerei,52.5451086,13.360976,Mitte,Wedding,mitte,wedding,artisanal,False,,,,,,,OSM,node/6712455232
M&M Back,52.5454283,13.3604089,Mitte,Wedding,mitte,wedding,artisanal,False,,Müllerstraße,156A,,"Mo-Fr 06:00-17:00; Sa 08:00-15:00; Su,PH 08:00-15:00",,OSM,node/6712455252
Lindner,52.5105944,13.3808161,Mitte,Mitte,mitte,mitte,artisanal,False,,,,,Mo-Sa 10:00-20:00,,OSM,node/6723384391
Insel City Backshop,52.5466655,13.3590934,Mitte,Wedding,mitte,wedding,artisanal,False,,,,,,,OSM,node/6735980499
Kamps,52.563044,13.3282138,Reinickendorf,Reinickendorf,reinickendorf,reinickendorf,chain,True,Kamps,Kurt-Schumacher-Platz,1-15,13405,07:00-20:00,https://kamps.de/standort/kamps-baeckerei-mit-backstube-der-clou-shoppingcenter-berlin-kurt-schumacher-platz-1-15,OSM,node/6747298397
Daye Backshop,52.5058567,13.4634339,Friedrichshain-Kreuzberg,Friedrichshain,friedrichshain-kreuzberg,friedrichshain,artisanal,False,,Simplonstraße,51,10245,"Mo-Fr 05:00-22:00; Sa,Su 06:00-22:00",,OSM,node/6759112268
AERA,52.5293952,13.4018639,Mitte,Mitte,mitte,mitte,artisanal,False,,Rosenthaler Straße,72,10119,Mo-Su 09:00-19:00; Th-Sa 10:00-20:00,https://aerabread.com/,OSM,node/6868836190
Patisserie Gil Avnon,52.5082065,13.3181538,Charlottenburg-Wilmersdorf,Charlottenburg,charlottenburg-wilmersdorf,charlottenburg,artisanal,False,,Schlüterstraße,71,10625,"Th,Fr 12:00-18:00; Sa 10:00-18:00; Su 10:00-17:00",,OSM,node/6875467597
Paşam Baklava,52.493317,13.3659638,Tempelhof-Schöneberg,Schöneberg,tempelhof-schöneberg,schöneberg,artisanal,False,,,,,Mo-Su 10:00-20:00,http://www.pasam-baklava.de/,OSM,node/6888135023
Schnell,52.4366717,13.448137,Neukölln,Britz,neukölln,britz,artisanal,False,,,,,Mo-Sa 07:00-20:00,,OSM,node/6893204286
Hermann Backshop,52.4666721,13.4320582,Neukölln,Neukölln,neukölln,neukölln,artisanal,False,,Hermannstraße,156,12051,,,OSM,node/6907526861
Johann Mayer,52.4637127,13.3323186,Steglitz-Zehlendorf,Steglitz,steglitz-zehlendorf,steglitz,artisanal,False,,,,,Mo-Fr 06:00-18:00; Sa 07:00-13:00; Su 08:00-12:30,,OSM,node/6910135324
Genç,52.4290407,13.3233851,Steglitz-Zehlendorf,Lichterfelde,steglitz-zehlendorf,lichterfelde,artisanal,False,,Königsberger Straße,4a,12207,"We-Su 07:00-15:00; Mo,Tu off",,OSM,node/6927617454
Backmühle,52.5270971,13.3929938,Mitte,Mitte,mitte,mitte,artisanal,False,,Tucholskystraße,,10117,,,OSM,node/6938121654
Steinecke,52.429563,13.513021,Treptow-Köpenick,Johannisthal,treptow-köpenick,johannisthal,chain,True,Steinecke,Eisenhutweg,93-95,12487,Mo-Fr 06:00-18:00; Sa-Su 07:00-16:00,,OSM,node/6965495485
Thoben,52.5675425,13.3287229,Reinickendorf,Reinickendorf,reinickendorf,reinickendorf,artisanal,False,,,,,Mo-Sa 07:00-18:30,,OSM,node/6975300460
Palast Konditorei,52.4862469,13.4306463,Neukölln,Neukölln,neukölln,neukölln,artisanal,False,,Pannierstraße,4,12047,Mo-Sa 09:00-23:00; Su 11:00-23:00,,OSM,node/6981297487
Backwerk,52.5120736,13.6118846,Marzahn-Hellersdorf,Mahlsdorf,marzahn-hellersdorf,mahlsdorf,chain,True,BackWerk,,,,Mo-Fr 04:30-19:00; Sa 06:00-17:00; Su 06:00-18:00,,OSM,node/6985197523
Thoben,52.4758999,13.4393077,Neukölln,Neukölln,neukölln,neukölln,artisanal,False,,Karl-Marx-Straße,156,12043,"Mo-Sa 06:00-20:00; Su,PH 08:30-18:00",,OSM,node/6988341840
Der Bäcker Feihl,52.4339714,13.5373342,Treptow-Köpenick,Adlershof,treptow-köpenick,adlershof,artisanal,False,,,,,Mo-Fr 05:30-14:00,,OSM,node/7009844000
Francala,52.486229,13.425053,Neukölln,Neukölln,neukölln,neukölln,artisanal,False,,Karl-Marx-Straße,3,12043,Mo-Fr 06:00-18:00; Sa 06:00-16:00; Su off,,OSM,node/7024048976
Schnell,52.5167399,13.4200841,Mitte,Mitte,mitte,mitte,artisanal,False,,,,,Mo-Fr 06:30-18:30; Sa 07:00-14:30,,OSM,node/7058293291
Schnell,52.553472,13.4347459,Pankow,Weißensee,pankow,weißensee,artisanal,False,,,,,Mo-Fr 06:00-18:00; Sa 07:00-16:00; Su 08:00-17:00,,OSM,node/7090340085
Konditorei Damaskus,52.526483,13.3363269,Mitte,Moabit,mitte,moabit,artisanal,False,,Turmstraße,78,,"Mo-Th 09:00-21:30; Fr 09:00-13:00,14:30-21:30; Sa 09:00-21:30; PH,Su 12:00-19:30",,OSM,node/7124253648
Backwerk,52.5065289,13.4498665,Friedrichshain-Kreuzberg,Friedrichshain,friedrichshain-kreuzberg,friedrichshain,chain,True,BackWerk,,,,Mo-Su 06:00-22:00,,OSM,node/7132010680
Wiener Feinbäcker Heberer,52.5702892,13.4036462,Pankow,Pankow,pankow,pankow,chain,True,Wiener Feinbäcker Heberer,,,,Mo-Sa 09:30-20:00,,OSM,node/7176856811
Bäcker Feihl,52.5704548,13.4047473,Pankow,Pankow,pankow,pankow,artisanal,False,,,,,Mo-Sa 08:00-20:00,,OSM,node/7176856818
Blumen Cake,52.4820775,13.3623391,Tempelhof-Schöneberg,Schöneberg,tempelhof-schöneberg,schöneberg,artisanal,False,,Gustav-Müller-Straße,15,10829,,,OSM,node/7216141846
Bäckerei,52.4143818,13.3511275,Tempelhof-Schöneberg,Marienfelde,tempelhof-schöneberg,marienfelde,artisanal,False,,,,,Mo-Fr 05:00-17:00; Sa 07:00-13:00; Su 07:00-14:00,,OSM,node/7232655960
Bäcker Feihl,52.5434511,13.4427129,Pankow,Prenzlauer Berg,pankow,prenzlauer_berg,artisanal,False,,Greifswalder Straße,90,10409,Mo-Fr 07:00-18:00; Sa 07:00-17:00,,OSM,node/7233554331
Giomecca,52.5521181,13.4149103,Pankow,Prenzlauer Berg,pankow,prenzlauer_berg,chain,True,Giomecca GmbH,Erich-Weinert-Straße,3,10439,Tu-Fr 10:30-19:00; Sa 10:30-18:00; Su 12:00-17:00,https://giomeccapastry.com/,OSM,node/7237064965
Baklavaci Antepli Haciogullari,52.4720241,13.4451638,Neukölln,Neukölln,neukölln,neukölln,artisanal,False,,Schöneweider Straße,16,,Mo-Su 08:00-19:30,,OSM,node/7239671330
Backshop Selina,52.5760712,13.3320298,Reinickendorf,Reinickendorf,reinickendorf,reinickendorf,artisanal,False,,,,,,,OSM,node/7242405887
Kubi's Backstube,52.4928801,13.3970529,Friedrichshain-Kreuzberg,Kreuzberg,friedrichshain-kreuzberg,kreuzberg,artisanal,False,,,,,,,OSM,node/7244270801
Yörem Baklava,52.4737208,13.4277111,Neukölln,Neukölln,neukölln,neukölln,artisanal,False,,,,,Mo-Su 10:00-21:00,,OSM,node/7253094029
Yildiz,52.4750114,13.4265272,Neukölln,Neukölln,neukölln,neukölln,artisanal,False,,,,,,,OSM,node/7258110717
Backshop,52.5198211,13.1714882,Spandau,Wilhelmstadt,spandau,wilhelmstadt,artisanal,False,,,,,Mo-Fr 06:30-14:00; Sa 07:00-12:30; Su 08:00-12:30,,OSM,node/7258430631
Altin Baklava,52.4768081,13.4262192,Neukölln,Neukölln,neukölln,neukölln,artisanal,False,,,,,,,OSM,node/7261111447
Bäckerei Star,52.5637642,13.3536013,Reinickendorf,Reinickendorf,reinickendorf,reinickendorf,artisanal,False,,,,,Mo-Fr 06:00-16:00,,OSM,node/7289480954
Öz Ege 4,52.4775065,13.4246928,Neukölln,Neukölln,neukölln,neukölln,artisanal,False,,,,,Mo-Sa 05:00-21:00; Su 05:00-19:00,,OSM,node/7294253515
Afghanzamin Supermarkt & Bäckerei,52.5640272,13.3651478,Reinickendorf,Reinickendorf,reinickendorf,reinickendorf,artisanal,False,,,,,Mo-Sa 10:00-19:00,,OSM,node/7296855675
,52.5620473,13.3654159,Reinickendorf,Reinickendorf,reinickendorf,reinickendorf,artisanal,False,,,,,,,OSM,node/7296855678
Traum Bäckerei,52.5394776,13.4239826,Pankow,Prenzlauer Berg,pankow,prenzlauer_berg,artisanal,False,,,,,,,OSM,node/7310313661
Bäckerei Stehcafé,52.5216791,13.4547136,Friedrichshain-Kreuzberg,Friedrichshain,friedrichshain-kreuzberg,friedrichshain,artisanal,False,,Ebertystraße,26,10249,Mo-Th 07:00-18:00; Fr 07:00-18:00; Sa 08:00-14:00,,OSM,node/7343957529
Backaro,52.5183407,13.4614467,Friedrichshain-Kreuzberg,Friedrichshain,friedrichshain-kreuzberg,friedrichshain,artisanal,False,,Proskauer Straße,23,10247,Mo-Su 07:30-21:00,https://backaro.de/,OSM,node/7477089825
Ihr Backteam,52.5074308,13.3019287,Charlottenburg-Wilmersdorf,Charlottenburg,charlottenburg-wilmersdorf,charlottenburg,artisanal,False,,,,,Mo-Fr 06:30-17:00; Sa 07:00-15:00; Su 08:00-14:00; PH 08:00-14:00,,OSM,node/7515095087
Bäckerei Schnell,52.4553875,13.384646,Tempelhof-Schöneberg,Tempelhof,tempelhof-schöneberg,tempelhof,artisanal,False,,,,,Mo-Sa 08:00-20:00,,OSM,node/7538236380
Chica,52.4785586,13.3269565,Charlottenburg-Wilmersdorf,Wilmersdorf,charlottenburg-wilmersdorf,wilmersdorf,artisanal,False,,Detmolder Straße,65,10715,,,OSM,node/7560353407
Latodolce Pasticceria,52.4936233,13.4180222,Friedrichshain-Kreuzberg,Kreuzberg,friedrichshain-kreuzberg,kreuzberg,artisanal,False,,Graefestraße,11,,Mo-Sa 09:00-18:00; Su 10:00-17:00,https://latodolce.de,OSM,node/7590532347
Bäckerei Weimann,52.4693314,13.332225,Tempelhof-Schöneberg,Friedenau,tempelhof-schöneberg,friedenau,artisanal,False,,Schmiljanstraße,17,12161,Mo-Sa 06:30-18:00; Su 06:30-16:00,,OSM,node/7598895277
Supa Back & Kumpir,52.4690466,13.332026,Tempelhof-Schöneberg,Friedenau,tempelhof-schöneberg,friedenau,artisanal,False,,Schmiljanstraße,16,12161,,,OSM,node/7598895281
Steinecke,52.5292188,13.2193623,Spandau,Spandau,spandau,spandau,chain,True,Steinecke,,,,"Mo-Fr 07:00-20:00; Sa 08:00-20:00; Su,PH off",,OSM,node/7609369463
Sharri,52.5547908,13.3447725,Mitte,Wedding,mitte,wedding,artisanal,False,,Müllerstraße,59A,13349,,,OSM,node/7612272373
Di Van Torten,52.4741899,13.3381433,Tempelhof-Schöneberg,Friedenau,tempelhof-schöneberg,friedenau,artisanal,False,,Hauptstraße,76,12159,Mo-Sa 10:00-16:00,,OSM,node/7620604053
Feinbäckerei Friedenau,52.4749673,13.3391152,Tempelhof-Schöneberg,Friedenau,tempelhof-schöneberg,friedenau,artisanal,False,,Hauptstraße,72,12159,Mo-Fr 06:00-17:00; Sa 08:00-16:00,,OSM,node/7640833463
Back und Snack,52.552732,13.3475142,Mitte,Wedding,mitte,wedding,artisanal,False,,,,,Mo-Su 05:30-19:00,,OSM,node/7647312766
Schäfer's,52.4968676,13.3117525,Charlottenburg-Wilmersdorf,Wilmersdorf,charlottenburg-wilmersdorf,wilmersdorf,chain,True,Schäfer's,,,,Mo-Fr 06:00-18:00; Sa 07:00-15:00; Su 08:00-16:00,,OSM,node/7682703786
Backshop Friedenau,52.4702089,13.3399094,Tempelhof-Schöneberg,Schöneberg,tempelhof-schöneberg,schöneberg,artisanal,False,,Sponholzstraße,27,12159,"Mo-Fr 06:00-18:00; Sa,Su 07:00-14:00",,OSM,node/7683719220
Backvergnügen,52.5378805,13.4194443,Pankow,Prenzlauer Berg,pankow,prenzlauer_berg,artisanal,False,,Kollwitzstraße,83,10435,,,OSM,node/7705694180
Familienbäckerei Rösler,52.5515134,13.1621674,Spandau,Falkenhagener Feld,spandau,falkenhagener_feld,artisanal,False,,,,,Mo-Fr 06:00-18:00; Sa 06:00-13:00; Su 07:00-16:00,,OSM,node/7707458507
Zuckersüß,52.4855804,13.4493198,Neukölln,Neukölln,neukölln,neukölln,artisanal,False,,,,,Mo-Fr 06:00-17:00; Su 08:00-18:00,,OSM,node/7722029448
Backshop by Arian,52.4225805,13.5085686,Neukölln,Rudow,neukölln,rudow,artisanal,False,,Köpenicker Straße,87,12355,,,OSM,node/7733685991
Bäckerbursche,52.5176662,13.1685932,Spandau,Staaken,spandau,staaken,artisanal,False,,Sandstraße,39,13593,Mo-Sa 06:00-12:00; Su 07:00-12:00,,OSM,node/7737557094
Bäckerei Kevser,52.4709074,13.3440222,Tempelhof-Schöneberg,Schöneberg,tempelhof-schöneberg,schöneberg,artisanal,False,,,,,Mo-Sa 06:00-18:00; Su 08:00-18:00,,OSM,node/7747350427
Schnell,52.5035404,13.3400431,Tempelhof-Schöneberg,Schöneberg,tempelhof-schöneberg,schöneberg,artisanal,False,,,,,Mo-Sa 07:00-19:00; Su 07:00-13:00,,OSM,node/7750446094
Gragger Brot,52.5000736,13.3633703,Mitte,Tiergarten,mitte,tiergarten,artisanal,False,,Potsdamer Straße,107,10785,Mo-Fr 07:00-19:00; Sa 08:00-16:00,https://gragger.de/,OSM,node/7752603784
Cranach Bäckerei,52.4678318,13.3423595,Tempelhof-Schöneberg,Schöneberg,tempelhof-schöneberg,schöneberg,artisanal,False,,Cranachstraße,56,12157,"Mo-Fr 05:30-18:00; Sa 06:00-16:30; Su,PH 06:30-16:30",,OSM,node/7752689587
Hohen,52.4806705,13.3452869,Tempelhof-Schöneberg,Schöneberg,tempelhof-schöneberg,schöneberg,artisanal,False,,,,,Mo-Fr 06:00-19:00; Sa 07:00-18:00; Su 08:00-18:00,,OSM,node/7761740685
Konditorei Bäckerei Café,52.4819032,13.3288193,Charlottenburg-Wilmersdorf,Wilmersdorf,charlottenburg-wilmersdorf,wilmersdorf,artisanal,False,,Hildegardstraße,1,10715,,,OSM,node/7773837718
Aller & Liebst,52.4797277,13.325964,Charlottenburg-Wilmersdorf,Wilmersdorf,charlottenburg-wilmersdorf,wilmersdorf,artisanal,False,,Mainzer Straße,11,10715,Di-Fr 10:00-18:00; Sa 11:00-15:00,http://www.allerundliebst.de/,OSM,node/7792491288
,52.4201908,13.4919364,Neukölln,Rudow,neukölln,rudow,artisanal,False,,,,,Mo-Sa 07:30-20:00,,OSM,node/7869305977
Der Bäcker Feihl,52.5145124,13.4755738,Friedrichshain-Kreuzberg,Friedrichshain,friedrichshain-kreuzberg,friedrichshain,artisanal,False,,Frankfurter Allee,113-117,10365,Mo-Sa 08:00-20:00,,OSM,node/7887845845
Steinecke,52.5392806,13.2992572,Charlottenburg-Wilmersdorf,Charlottenburg-Nord,charlottenburg-wilmersdorf,charlottenburg-nord,chain,True,Steinecke,Heckerdamm,225-231,13627,Mo-Fr 06:00-17:00; Sa 06:00-12:30; Su 07:00-11:00,,OSM,node/7997515585
Café Aux Plaisirs Patisserie,52.4850363,13.3462729,Tempelhof-Schöneberg,Schöneberg,tempelhof-schöneberg,schöneberg,artisanal,False,,Belziger Straße,70,10823,We-Su 10:00-17:00,http://aux-plaisirs.de,OSM,node/7998010530
Bäcker Wiedemann,52.4866551,13.3214472,Charlottenburg-Wilmersdorf,Wilmersdorf,charlottenburg-wilmersdorf,wilmersdorf,artisanal,False,,Berliner Straße,37,10715,Mo-Fr 07:00-18:00; Sa 07:00-14:00,,OSM,node/8000598806
taktil,52.4694041,13.4336712,Neukölln,Neukölln,neukölln,neukölln,artisanal,False,,Nogatstraße,38,12051,Mo off; Tu-Fr 11:00-18:00; Sa-Su 09:30-16:00,,OSM,node/8022140251
Habibi,52.481088,13.4374586,Neukölln,Neukölln,neukölln,neukölln,artisanal,False,,Erkstraße,6,12043,Mo-Sa 10:00-20:00; Su 10:00-16:00,,OSM,node/8095094759
Ditsch,52.4575793,13.3201665,Steglitz-Zehlendorf,Steglitz,steglitz-zehlendorf,steglitz,chain,True,Ditsch,Schloßstraße,34-36,12163,Mo-Sa 10:00-20:00,,OSM,node/8120989351
Delicious Back,52.4668512,13.3286058,Tempelhof-Schöneberg,Friedenau,tempelhof-schöneberg,friedenau,artisanal,False,,Bundesallee,111,12161,,,OSM,node/8122194418
Ditsch,52.4649633,13.3277762,Tempelhof-Schöneberg,Friedenau,tempelhof-schöneberg,friedenau,chain,True,Ditsch,Walther-Schreiber-Platz,1,12161,Mo-Sa 10:00-20:00,,OSM,node/8176633059
Wiener Feinbäcker Heberer,52.5039346,13.4682472,Friedrichshain-Kreuzberg,Friedrichshain,friedrichshain-kreuzberg,friedrichshain,chain,True,Wiener Feinbäcker Heberer,,,,"Mo-Fr 05:00-19:00; Sa-Su,PH 08:00-17:00",,OSM,node/8178676364
Schäfer's,52.4669492,13.3075597,Steglitz-Zehlendorf,Dahlem,steglitz-zehlendorf,dahlem,chain,True,Schäfer's,Breitenbachplatz,14,14195,,,OSM,node/8200085128
Leumann's Konditorei,52.4857243,13.6041742,Marzahn-Hellersdorf,Mahlsdorf,marzahn-hellersdorf,mahlsdorf,artisanal,False,,Hultschiner Damm,122,12623,"Sa 06:15-11:30, Tu-Fr 06:00-18:00y; PH off",,OSM,node/8226920708
Mälzer,52.4584978,13.4249379,Neukölln,Britz,neukölln,britz,artisanal,False,,Tempelhofer Weg,11,12347,Mo-Sa 07:00-16:00,,OSM,node/8260370873
Berliner Backstuben,52.4953746,13.3343477,Charlottenburg-Wilmersdorf,Wilmersdorf,charlottenburg-wilmersdorf,wilmersdorf,artisanal,False,,Grainauer Straße,22,10777,,,OSM,node/8264923019
JOHNs,52.5596352,13.4139361,Pankow,Pankow,pankow,pankow,artisanal,False,,Elsa-Brändström-Straße,2,13189,Mo-Fr 06:00-18:00; Sa 07:00-12:00,,OSM,node/8325878243
Harika Backproduktion,52.6058044,13.3715037,Reinickendorf,Märkisches Viertel,reinickendorf,märkisches_viertel,artisanal,False,,Zerpenschleuser Ring,30,13439,,,OSM,node/8330198880
Cafe Bäckerei Moa,52.5317743,13.3443296,Mitte,Moabit,mitte,moabit,artisanal,False,,,,,,,OSM,node/8348765322
Der Bäcker Feihl,52.4571278,13.5078077,Treptow-Köpenick,Niederschöneweide,treptow-köpenick,niederschöneweide,artisanal,False,,Schnellerstraße,21,12439,Mo-Sa 07:00-20:00,,OSM,node/8413213034
Domberger Brot-Werk,52.5891588,13.2931431,Reinickendorf,Tegel,reinickendorf,tegel,artisanal,False,,,,,,https://domberger-brot-werk.com,OSM,node/8442495424
Steinecke,52.52334,13.4568828,Pankow,Prenzlauer Berg,pankow,prenzlauer_berg,chain,True,Steinecke,Thaerstraße,28,10249,Mo-Fr 06:30-18:30; Sa 07:00-18:00; Su 07:00-12:00,,OSM,node/8444695209
Der Bäcker Feihl,52.4413967,13.5877919,Treptow-Köpenick,Köpenick,treptow-köpenick,köpenick,artisanal,False,,Pablo-Neruda-Straße,2-4,12559,,,OSM,node/8459175730
Wiener Feinbäcker Heberer,52.4582944,13.578464,Treptow-Köpenick,Köpenick,treptow-köpenick,köpenick,chain,True,Wiener Feinbäcker Heberer,Bahnhofstraße,33-38,12555,"Mo-Sa 08:00-19:00; PH,Su off",,OSM,node/8459383488
Ditsch,52.5642927,13.5048607,Lichtenberg,Neu-Hohenschönhausen,lichtenberg,neu-hohenschönhausen,chain,True,Ditsch,Prerower Platz,1,13051,,,OSM,node/8462242285
Streubel,52.5653765,13.5020969,Lichtenberg,Neu-Hohenschönhausen,lichtenberg,neu-hohenschönhausen,artisanal,False,,Barther Straße,3,13051,,,OSM,node/8462242315
KEIT Friedrichshain,52.5113703,13.4598898,Friedrichshain-Kreuzberg,Friedrichshain,friedrichshain-kreuzberg,friedrichshain,artisanal,False,,Grünberger Straße,75,,Mo off; Tu-Fr 11:00-19:00; Sa-Su 09:00-17:00,https://www.keit.berlin/,OSM,node/8463438158
Backshop & Stehcafé,52.5697296,13.4964335,Lichtenberg,Neu-Hohenschönhausen,lichtenberg,neu-hohenschönhausen,artisanal,False,,Ribnitzer Straße,,13051,,,OSM,node/8463977993
Schäfer's,52.5651192,13.5715596,Marzahn-Hellersdorf,Marzahn,marzahn-hellersdorf,marzahn,chain,True,Schäfer's,Wittenberger Straße,76-80,12689,,,OSM,node/8464152652
Steinecke,52.5688689,13.5683097,Marzahn-Hellersdorf,Marzahn,marzahn-hellersdorf,marzahn,chain,True,Steinecke,Havemannstraße,12A,12689,,,OSM,node/8464152659
Junge,52.469743,13.4630137,Neukölln,Neukölln,neukölln,neukölln,chain,True,Junge,,,,Mo-Su 06:30-16:00,,OSM,node/8464276494
Wiener Feinbäcker Heberer,52.5109496,13.4016361,Mitte,Mitte,mitte,mitte,chain,True,Wiener Feinbäcker Heberer,Leipziger Straße,51,10117,Mo-Fr 06:00-19:00; Sa 07:00-15:00; Su 08:00-14:00,https://heberer.de,OSM,node/8467710402
Wriezener Backstube,52.5556609,13.5610515,Marzahn-Hellersdorf,Marzahn,marzahn-hellersdorf,marzahn,artisanal,False,,Mehrower Allee,22,12687,,,OSM,node/8487216787
Backshop,52.5602165,13.4603387,Pankow,Weißensee,pankow,weißensee,artisanal,False,,Pasedagplatz,4,13088,,,OSM,node/8491567695
Tortulla-Motivtorten,52.5249686,13.3262256,Mitte,Moabit,mitte,moabit,artisanal,False,,,,,,,OSM,node/8587228957
Bäckerei Melidio,52.4970107,13.3076788,Charlottenburg-Wilmersdorf,Wilmersdorf,charlottenburg-wilmersdorf,wilmersdorf,artisanal,False,,,,,Mo-Fr 07:00-18:00; Sa 07:00-12:00; Su 08:00-13:00,,OSM,node/8648006250
Amore Bäckerei,52.5003126,13.3007999,Charlottenburg-Wilmersdorf,Charlottenburg,charlottenburg-wilmersdorf,charlottenburg,artisanal,False,,,,,,,OSM,node/8651327938
Scholz,52.4569621,13.580852,Treptow-Köpenick,Köpenick,treptow-köpenick,köpenick,chain,True,Christian Scholz,Borgmannstraße,6,12555,Mo-Fr 06:00-17:30; Sa 06:00-11:30; Su 07:00-11:00,http://baecker-scholz.de/,OSM,node/8678728795
EDEKA Backstube,52.4874134,13.518566,Lichtenberg,Karlshorst,lichtenberg,karlshorst,artisanal,False,,,,,Mo-Sa 07:00-21:00; Su 08:00-12:00,,OSM,node/8690382951
Café Alice,52.4775945,13.4236835,Neukölln,Neukölln,neukölln,neukölln,artisanal,False,,Weisestraße,15,12049,"Mo-Fr 07:00-17:00; Sa,Su 08:00-17:00",https://www.cafealiceberlin.de,OSM,node/8739048021
Kuchen Zeit,52.4501775,13.3231409,Steglitz-Zehlendorf,Steglitz,steglitz-zehlendorf,steglitz,artisanal,False,,Birkbuschstraße,84,,Mo-Su 10:00-17:00,,OSM,node/8744143716
Thoben's Backwaren,52.5217738,13.165123,Spandau,Staaken,spandau,staaken,artisanal,False,,Obstallee,28-30,13593,,,OSM,node/8772451534
Chocolate & Cheese II,52.4562649,13.433283,Neukölln,Britz,neukölln,britz,artisanal,False,,,,,06:00-20:00,,OSM,node/8805464366
Schäfer's Glasufercafè,52.4967131,13.4669548,Friedrichshain-Kreuzberg,Friedrichshain,friedrichshain-kreuzberg,friedrichshain,chain,True,Schäfer's,Alt-Stralau,66,,Mo-Sa 07:00-20:00,https://www.schaefers-brot.de/,OSM,node/8825296306
Steinecke,52.5160772,13.3318274,Charlottenburg-Wilmersdorf,Charlottenburg,charlottenburg-wilmersdorf,charlottenburg,chain,True,Steinecke,,,,Mo-Fr 06:00-19:00; Sa 07:00-17:00; Su 08:00-12:00,https://www.steinecke.info/,OSM,node/8889350800
Dolci e Salati,52.537856,13.1852118,Spandau,Spandau,spandau,spandau,artisanal,False,,,,,,,OSM,node/8910477734
Frühstücks-Cafe-Bäckerei,52.5405028,13.3907485,Mitte,Gesundbrunnen,mitte,gesundbrunnen,artisanal,False,,,,,,,OSM,node/8929005318
Öz Ege 2,52.4811532,13.4247023,Neukölln,Neukölln,neukölln,neukölln,artisanal,False,,,,,,,OSM,node/9031963459
Cookie Couture,52.5246916,13.4046143,Mitte,Mitte,mitte,mitte,artisanal,False,,,,,,,OSM,node/9049145387
Bäckerei Wahl,52.4331471,13.5355134,Treptow-Köpenick,Adlershof,treptow-köpenick,adlershof,chain,True,Bäckerei Wahl,,,,Mo-Sa 07:00-20:00,https://www.baeckerwahl.de/,OSM,node/9060750770
Bäckerei Wahl,52.4551737,13.5145579,Treptow-Köpenick,Niederschöneweide,treptow-köpenick,niederschöneweide,chain,True,Bäckerei Wahl,,,,Mo-Fr 06:00-18:00; Sa 06:30-12:00,,OSM,node/9060750771
Bäckerei Wahl,52.4515494,13.5299871,Treptow-Köpenick,Niederschöneweide,treptow-köpenick,niederschöneweide,chain,True,Bäckerei Wahl,,,,Mo-Sa 06:00-19:00,,OSM,node/9060750772
Don Nacho,52.4682355,13.4421766,Neukölln,Neukölln,neukölln,neukölln,artisanal,False,,,,,,,OSM,node/9160309915
Neumanns um die Ecke,52.5105096,13.4580187,Friedrichshain-Kreuzberg,Friedrichshain,friedrichshain-kreuzberg,friedrichshain,artisanal,False,,Krossener Straße,18a,,Mo-Su 08:00-18:00,,OSM,node/9229648076
Edeka Backstube,52.4967816,13.2900882,Charlottenburg-Wilmersdorf,Halensee,charlottenburg-wilmersdorf,halensee,artisanal,False,,Kurfürstendamm,129,10711,Mo-Sa 06:00-20:00,,OSM,node/9268115216
Maître vite,52.5896866,13.2819845,Reinickendorf,Tegel,reinickendorf,tegel,artisanal,False,,Alt-Tegel,4,13507,"Mar-Oct: Mo-Su 07:00-18:00; Nov-Feb: Mo-Su 07:00-17:00; Sa,Su 08:00-17:00",http://www.maitrevite.com,OSM,node/9271861870
Cafe Karadeniz,52.493247,13.3932687,Friedrichshain-Kreuzberg,Kreuzberg,friedrichshain-kreuzberg,kreuzberg,artisanal,False,,Solmsstraße,47,10961,,,OSM,node/9303528765
Bäcker Hennig,52.5142914,13.5834796,Marzahn-Hellersdorf,Kaulsdorf,marzahn-hellersdorf,kaulsdorf,artisanal,False,,,,,,,OSM,node/9347493834
Dr. Back Shop,52.5420074,13.370383,Mitte,Gesundbrunnen,mitte,gesundbrunnen,artisanal,False,,Schönwalder Straße,17,13347,,,OSM,node/9395604410
Di Munay,52.4895468,13.3486738,Tempelhof-Schöneberg,Schöneberg,tempelhof-schöneberg,schöneberg,artisanal,False,,Grunewaldstraße,26,10823,Mo-Fr 06:00-16:00; Sa 07:00-16:00; Su 10:00-14:00,,OSM,node/9421237666
Morgenlaune,52.4890286,13.348891,Tempelhof-Schöneberg,Schöneberg,tempelhof-schöneberg,schöneberg,artisanal,False,,Eisenacher Straße,43,10823,,,OSM,node/9421237670
Cafe Pause,52.5398038,13.1425982,Spandau,Staaken,spandau,staaken,artisanal,False,,,,,"Mo-Fr 05:00-18:30; Sa,Su 05:00-17:30",,OSM,node/9423589801
Ditsch,52.5400814,13.4393253,Pankow,Prenzlauer Berg,pankow,prenzlauer_berg,chain,True,Ditsch,,,,"Mo-Fr 05:00-20:00; Sa,Su,PH 09:00-17:00",https://www.ditsch.de,OSM,node/9431417940
Linden Markt,52.5499454,13.4626297,Pankow,Weißensee,pankow,weißensee,artisanal,False,,Lindenallee,56,13088,Mo-Fr 07:00-19:00; Sa 07:00-16:00; Su 07:00-13:00,,OSM,node/9431583525
U-Back Sandwich & Coffee,52.5364756,13.265471,Spandau,Siemensstadt,spandau,siemensstadt,artisanal,False,,Nonnendammallee,80,13629,Mo-Fr 05:00-18:00; PH off,,OSM,node/9490105290
Backwerk,52.5485687,13.4529966,Pankow,Weißensee,pankow,weißensee,chain,True,BackWerk,Berliner Allee,50,13088,Mo-Fr 06:30-18:00; Sa-Su 07:00-17:00,,OSM,node/9492136446
Backshop,52.5472527,13.4245901,Pankow,Prenzlauer Berg,pankow,prenzlauer_berg,artisanal,False,,Wichertstraße,51,10439,,,OSM,node/9565946818
Backshop an der Waterkant,52.5553928,13.2255445,Spandau,Haselhorst,spandau,haselhorst,artisanal,False,,,,,Mo-Fr 06:00-17:00; Sa 07:00-16:00; Su 08:00-16:00,,OSM,node/9584532984
Marlena's Rosa Backhaus,52.5268274,13.1799347,Spandau,Wilhelmstadt,spandau,wilhelmstadt,artisanal,False,,,,,Mo-Fr 06:00-12:00; Sa 07:00-11:00; Su 08:00-11:00,,OSM,node/9588535556
Steinecke,52.5686307,13.5564277,Marzahn-Hellersdorf,Marzahn,marzahn-hellersdorf,marzahn,chain,True,Steinecke,,,,Mo-Sa 07:00-20:00,,OSM,node/9595410699
Fit Cake,52.5118956,13.3072481,Charlottenburg-Wilmersdorf,Charlottenburg,charlottenburg-wilmersdorf,charlottenburg,chain,True,"No Sugar GmbH, Rebal El Banna",Bismarckstraße,38,10627,,http://fit-cake.de/,OSM,node/9651559580
Junge,52.3868791,13.3994682,Tempelhof-Schöneberg,Lichtenrade,tempelhof-schöneberg,lichtenrade,chain,True,Junge,,,,"Mo-Fr 07:00-18:00; Sa,Su 07:00-17:00",,OSM,node/9653143653
Ma Maison,52.4365933,13.3504707,Steglitz-Zehlendorf,Lankwitz,steglitz-zehlendorf,lankwitz,artisanal,False,,Bruchwitzstraße,32,12247,Mo-Fr 06:00-16:30; Sa-Su 07:00-13:00; PH 07:00-13:00,,OSM,node/9653902618
Wiener Feinbäcker,52.4856721,13.3559088,Tempelhof-Schöneberg,Schöneberg,tempelhof-schöneberg,schöneberg,chain,True,Wiener Feinbäcker Heberer,,,,,,OSM,node/9661594881
Backshop,52.5742428,13.3467522,Reinickendorf,Reinickendorf,reinickendorf,reinickendorf,artisanal,False,,,,,,,OSM,node/9675667738
Thoben,52.4759303,13.2895892,Charlottenburg-Wilmersdorf,Schmargendorf,charlottenburg-wilmersdorf,schmargendorf,artisanal,False,,,,,"Mo-Su,PH 08:00-17:00",,OSM,node/9719189710
Mom`s Bakery,52.4533525,13.5392252,Treptow-Köpenick,Niederschöneweide,treptow-köpenick,niederschöneweide,artisanal,False,,,,,Mo-Sa 05:00-19:00; Su 08:00-13:00,,OSM,node/9749141028
Märkisch Edel,52.6184934,13.486457,Pankow,Karow,pankow,karow,artisanal,False,,,,,Mo-Fr 07:00-18:00; Sa 07:00-14:00,,OSM,node/9766265727
Schäfer's,52.4025564,13.5246473,Treptow-Köpenick,Altglienicke,treptow-köpenick,altglienicke,chain,True,Schäfer's,Siriusstraße,1,12524,,,OSM,node/9775829187
Backshop,52.472876,13.3069669,Charlottenburg-Wilmersdorf,Wilmersdorf,charlottenburg-wilmersdorf,wilmersdorf,artisanal,False,,Wiesbadener Straße,50A,14197,Mo-Fr 06:00-15:00; Sa 07:00-13:00; Su 08:00-11:00,,OSM,node/9793732714
Steinecke,52.518581,13.4968709,Lichtenberg,Lichtenberg,lichtenberg,lichtenberg,chain,True,Steinecke,Gotlindestraße,40A,10365,Mo-Sa 06:00-20:00; Su 07:30-10:00,,OSM,node/9797339524
Freunde Back,52.4459118,13.3857543,Tempelhof-Schöneberg,Mariendorf,tempelhof-schöneberg,mariendorf,artisanal,False,,,,,,,OSM,node/9815364448
Der Bäcker Feihl,52.5901405,13.2868041,Reinickendorf,Tegel,reinickendorf,tegel,artisanal,False,,,,,,,OSM,node/9816595280
Bir-Tat,52.495282,13.4297422,Friedrichshain-Kreuzberg,Kreuzberg,friedrichshain-kreuzberg,kreuzberg,artisanal,False,,,,,,,OSM,node/9841422982
Fresh Bäckerei,52.5237794,13.386398,Mitte,Mitte,mitte,mitte,artisanal,False,,Reinhardtstraße,8,10117,,http://www.fresh-bakery.de/,OSM,node/9860152924
Sezer Späti & Backshop,52.445599,13.3826864,Tempelhof-Schöneberg,Mariendorf,tempelhof-schöneberg,mariendorf,artisanal,False,,Kaiserstraße,115,12105,,,OSM,node/9879638294
Le Bretagne,52.487306,13.3447729,Tempelhof-Schöneberg,Schöneberg,tempelhof-schöneberg,schöneberg,chain,True,Le Bretagne Karl Reuschle KG,Martin-Luther-Straße,84,10825,Mo-Fr 08:00-15:00; Sa 09:00-13:00; Su off,,OSM,node/9905944451
BioBackHaus.,52.5340178,13.1958919,Spandau,Spandau,spandau,spandau,artisanal,False,,,,,,,OSM,node/9923047611
Steinecke,52.5348182,13.1758959,Spandau,Spandau,spandau,spandau,chain,True,Steinecke,,,,,,OSM,node/9923049390
Tillmann's Café Krone,52.4383373,13.2327332,Steglitz-Zehlendorf,Zehlendorf,steglitz-zehlendorf,zehlendorf,chain,True,Bio Konditorei Tillmann,,,,"Mo-Fr 07:00-18:00; Sa,Su 08:00-18:00",,OSM,node/9934417439
Bäckerei Neumanns,52.51294,13.4705194,Friedrichshain-Kreuzberg,Friedrichshain,friedrichshain-kreuzberg,friedrichshain,artisanal,False,,Weichselstraße,32,10247,"We-Fr 08:00-18:00; Sa,Su 08:00-15:30",https://www.neumanns.berlin/,OSM,node/9963187512
Steinecke,52.5125976,13.396862,Mitte,Mitte,mitte,mitte,chain,True,Steinecke,,,,,,OSM,node/9970177444
Bäckerbistro,52.5362455,13.5255447,Marzahn-Hellersdorf,Marzahn,marzahn-hellersdorf,marzahn,artisanal,False,,,,,,,OSM,node/9975474258
Tobi's Back & Snack,52.4510899,13.385101,Tempelhof-Schöneberg,Mariendorf,tempelhof-schöneberg,mariendorf,artisanal,False,,,,,Mo-Sa 07:00-15:00; Su 08:00-15:00; PH off,,OSM,node/9982887210
Edeka Backstube,52.444005,13.336075,Steglitz-Zehlendorf,Lankwitz,steglitz-zehlendorf,lankwitz,chain,True,Edeka,,,,Mo-Sa 07:00-20:00,,OSM,node/9986728501
Back Mühle & Bistro Sari,52.5807159,13.4033543,Pankow,Niederschönhausen,pankow,niederschönhausen,artisanal,False,,Hermann-Hesse-Straße,1,,Mo-Fr 05:30-17:00; Sa 06:00-15:00; Su 07:00-16:00,,OSM,node/9990504117
Hevida,52.5100758,13.4606927,Friedrichshain-Kreuzberg,Friedrichshain,friedrichshain-kreuzberg,friedrichshain,artisanal,False,,,,,,,OSM,node/10057169547
Bäcker Wiedemann,52.4646931,13.3269166,Steglitz-Zehlendorf,Steglitz,steglitz-zehlendorf,steglitz,artisanal,False,,Schloßstraße,1,12163,Mo-Sa 08:00-20:00,https://baecker-wiedemann.de/filialen/steglitz-zehlendorf-ekz-forum-steglitz,OSM,node/10057200166
Kross Back Cafe,52.4736334,13.4555781,Neukölln,Neukölln,neukölln,neukölln,artisanal,False,,Saalestraße,41,12055,Mo-Fr 05:00-19:00; Sa-Su 08:00-16:00,,OSM,node/10077546549
Greifswalder Backshop,52.5324165,13.4281959,Pankow,Prenzlauer Berg,pankow,prenzlauer_berg,artisanal,False,,Greifswalder Straße,209,10405,,,OSM,node/10103313144
Beumer & Lutum,52.5030441,13.3944354,Friedrichshain-Kreuzberg,Kreuzberg,friedrichshain-kreuzberg,kreuzberg,chain,True,Beumer & Lutum,Fromet-und-Moses-Mendelssohn-Platz,9,10969,"Mo-Fr 08:00-18:00; Sa,Su 08:00-17:00",,OSM,node/10111578840
,52.521002,13.5888761,Marzahn-Hellersdorf,Hellersdorf,marzahn-hellersdorf,hellersdorf,artisanal,False,,,,,,,OSM,node/10167319528
Gallwitz Bäckerei,52.431099,13.34628,Steglitz-Zehlendorf,Lankwitz,steglitz-zehlendorf,lankwitz,artisanal,False,,Gallwitzallee,54,12249,Mo-Fr 06:00-18:00; Sa 08:00-16:00; Su 09:00-16:00,,OSM,node/10182450279
Ditsch,52.5211849,13.4116844,Mitte,Mitte,mitte,mitte,chain,True,Ditsch,,,,Mo-Fr 04:00-21:00; Sa 05:00-20:00; Su 08:00-19:00,,OSM,node/10185196711
Steinecke,52.5039562,13.4497194,Friedrichshain-Kreuzberg,Friedrichshain,friedrichshain-kreuzberg,friedrichshain,chain,True,Steinecke,,,,Mo-Fr 06:00-19:00; Sa 07:00-13:00; Su off,,OSM,node/10201733109
Le Crobag,52.4555697,13.3225793,Steglitz-Zehlendorf,Steglitz,steglitz-zehlendorf,steglitz,chain,True,Le Crobag,,,,Mo-Fr 05:00-18:00,,OSM,node/10225139433
Feinbäckerei Hollschewski,52.4705014,13.5721976,Treptow-Köpenick,Köpenick,treptow-köpenick,köpenick,artisanal,False,,,,,"Mo-Fr 07:00-18:00; Sa, Su 07:00-11:00",,OSM,node/10308892494
Kiezbäckerei,52.4916038,13.364404,Tempelhof-Schöneberg,Schöneberg,tempelhof-schöneberg,schöneberg,artisanal,False,,,,,Mo-Sa 05:30-18:00; Su 06:00-18:00,,OSM,node/10310498237
Schäfer's,52.4381599,13.5482798,Treptow-Köpenick,Adlershof,treptow-köpenick,adlershof,chain,True,Schäfer's,,,,"Mo-Sa 08:00-18:00; Su,PH off",https://www.schaefers-brot.de/,OSM,node/10312100228
Nadine Backshop,52.5491799,13.3487501,Mitte,Wedding,mitte,wedding,artisanal,False,,Seestraße,103,,Mo-Fr 06:00-15:00; Sa-Su 06:00-14:00,,OSM,node/10313697458
Backshop Metropol,52.539697,13.4323392,Pankow,Prenzlauer Berg,pankow,prenzlauer_berg,artisanal,False,,,,,Mo-Fr 07:00-18:00,,OSM,node/10314356479
The Sanctuary,52.528851,13.3945104,Mitte,Mitte,mitte,mitte,chain,True,Sanctuary Vegane Bäckerei GmbH,Torstraße,175,10115,Tu-Su 09:30-18:00; Su 10:00-18:00,https://thesanctuaryberlin.com,OSM,node/10575380292
Back & Coffee,52.4535329,13.5095737,Treptow-Köpenick,Johannisthal,treptow-köpenick,johannisthal,artisanal,False,,,,,Mo-Fr 05:00-18:00,,OSM,node/10632715484
Premium Bakery GmbH,52.601247,13.3382193,Reinickendorf,Wittenau,reinickendorf,wittenau,artisanal,False,,Eichhorster Weg,61,13435,,,OSM,node/10636643577
Schneeglöckchen Bäckerei & Konditorei,52.460447,13.4369656,Neukölln,Britz,neukölln,britz,artisanal,False,,,,,,,OSM,node/10678506513
Freundliche Bäckerei,52.4606518,13.4353956,Neukölln,Britz,neukölln,britz,artisanal,False,,,,,Mo-Fr 06:00+,,OSM,node/10678509087
Rama's Back & Eis,52.609386,13.3353288,Reinickendorf,Waidmannslust,reinickendorf,waidmannslust,artisanal,False,,,,,Su-Fr 06:30-14:00,,OSM,node/10681146555
Schnell,52.5199144,13.4862274,Lichtenberg,Lichtenberg,lichtenberg,lichtenberg,artisanal,False,,Bornitzstraße,46,10365,,,OSM,node/10686832003
Bacy‘s,52.5083706,13.3751483,Mitte,Tiergarten,mitte,tiergarten,artisanal,False,,,,,,,OSM,node/10693118854
Wustrower Back & Snack,52.5663864,13.5084995,Lichtenberg,Neu-Hohenschönhausen,lichtenberg,neu-hohenschönhausen,artisanal,False,,,,,,,OSM,node/10695279155
Rialda,52.5511264,13.4184986,Pankow,Prenzlauer Berg,pankow,prenzlauer_berg,artisanal,False,,,,,Mo-Sa 06:00-23:30; Su 07:00-23:30,,OSM,node/10698856450
Schafer's,52.5973411,13.2956637,Reinickendorf,Tegel,reinickendorf,tegel,artisanal,False,,,,,,,OSM,node/10709747699
Ditsch,52.5846548,13.2857624,Reinickendorf,Tegel,reinickendorf,tegel,chain,True,Ditsch,,,,,,OSM,node/10710019777
Backstube,52.4866369,13.3922364,Friedrichshain-Kreuzberg,Kreuzberg,friedrichshain-kreuzberg,kreuzberg,artisanal,False,,Fidicinstraße,17,,,,OSM,node/10711615420
Mr. Bäcker,52.5402524,13.3699268,Mitte,Wedding,mitte,wedding,artisanal,False,,,,,,,OSM,node/10733516692
Torten by Akram,52.4652442,13.4261077,Neukölln,Neukölln,neukölln,neukölln,artisanal,False,,Silbersteinstraße,115,,,,OSM,node/10759407123
denns BioMarkt,52.5484909,13.3559346,Mitte,Wedding,mitte,wedding,artisanal,False,,Müllerstraße,34,,"Mo-Sa 07:30-21:00; Su,PH off",,OSM,node/10762166139
Alnatura Backshop,52.5267906,13.3328645,Mitte,Moabit,mitte,moabit,artisanal,False,,,,10551,Mo-Sa 08:00-20:00,,OSM,node/10768171561
kiez Bäckerei,52.5007645,13.4086822,Friedrichshain-Kreuzberg,Kreuzberg,friedrichshain-kreuzberg,kreuzberg,artisanal,False,,Prinzenstraße,22,10969,Mo-Fr 07:00-18:00; Sa 7:00-12:30,,OSM,node/10772764507
Dresdner Feinbäckerei,52.4412348,13.6897762,Treptow-Köpenick,Rahnsdorf,treptow-köpenick,rahnsdorf,artisanal,False,,,,,,,OSM,node/10804876423
Thoben,52.52696,13.3310999,Mitte,Moabit,mitte,moabit,artisanal,False,,,,,"Mo-Sa 06:00-18:00; Su,PH 08:00-18:00",,OSM,node/10808973452
Stern Bäckerei,52.4412441,13.5006643,Treptow-Köpenick,Johannisthal,treptow-köpenick,johannisthal,artisanal,False,,,,,Mo-Fr 06:00-18:00; Sa 06:00-13:00; Su 07:00-12:00,,OSM,node/10814333939
Gold Back,52.4499576,13.3458819,Steglitz-Zehlendorf,Steglitz,steglitz-zehlendorf,steglitz,artisanal,False,,,,,Mo-Fr 06:00-16:00; Sa 07:00-13:00; Su 08:00-13:00,,OSM,node/10940381019
La Petite,52.4973923,13.3895096,Friedrichshain-Kreuzberg,Kreuzberg,friedrichshain-kreuzberg,kreuzberg,artisanal,False,,,,,"Mo-Fr 06:00-19:00; Sa,Su 06:00-17:00",,OSM,node/10964801579
Madam Eule Pizzeria und Bäckerei,52.5823818,13.424564,Pankow,Niederschönhausen,pankow,niederschönhausen,artisanal,False,,Schloßallee,35,13156,Th-Su 09:00-18:00,,OSM,node/10969503636
Mohriner Backshop,52.4427069,13.4317158,Neukölln,Britz,neukölln,britz,artisanal,False,,,,,Mo-Sa 05:00-16:00; Su 08:00-13:00,,OSM,node/10991546632
Rüdiger´s,52.4356341,13.5236308,Treptow-Köpenick,Adlershof,treptow-köpenick,adlershof,artisanal,False,,,,,Mo-Fr 06:30-18:00; Sa-Su 07:00-16:00,https://ruedigers-coffee-bakery.eatbu.com/,OSM,node/11009940521
Junge,52.5366476,13.6038044,Marzahn-Hellersdorf,Hellersdorf,marzahn-hellersdorf,hellersdorf,chain,True,Junge,Alice-Salomon-Platz,1,12627,"Mo-Fr 06:30-18:00; Sa,Su 07:00-18:00",https://www.jb.de/,OSM,node/11015734655
Nussladen Kugu,52.4927544,13.4219555,Friedrichshain-Kreuzberg,Kreuzberg,friedrichshain-kreuzberg,kreuzberg,artisanal,False,,,,,Mo-Sa 12:00-21:00,,OSM,node/11052496533
Backbaron,52.4297978,13.4529856,Neukölln,Gropiusstadt,neukölln,gropiusstadt,artisanal,False,,,,,,,OSM,node/11055515379
Steinecke,52.4320256,13.4963063,Neukölln,Rudow,neukölln,rudow,chain,True,Steinecke,,,,,,OSM,node/11069965659
Schneider,52.4143143,13.6589024,Treptow-Köpenick,Müggelheim,treptow-köpenick,müggelheim,artisanal,False,,Müggelheimer Damm,233,,Mo-Sa 07:00-18:00; Su 07:00-11:00,,OSM,node/11080006626
Cuccis,52.5345515,13.1976833,Spandau,Spandau,spandau,spandau,artisanal,False,,,,,"Mo-Sa 06:00-20:00; Su,PH off",,OSM,node/11145708833
Bäckerei Schnell,52.5057342,13.5135667,Lichtenberg,Friedrichsfelde,lichtenberg,friedrichsfelde,artisanal,False,,Einbecker Straße,119,10315,Mo-Fr 06:00-19:00; Sa 07:00-15:00; Su 07:00-15:00,,OSM,node/11152644268
Cuccis,52.4676279,13.4311848,Neukölln,Neukölln,neukölln,neukölln,artisanal,False,,,,,Mo-Sa 05:00-22:00; Su 06:00-21:00,,OSM,node/11191120230
Balkan Backshop,52.4549983,13.3270175,Steglitz-Zehlendorf,Steglitz,steglitz-zehlendorf,steglitz,artisanal,False,,,,,,https://www.balkan-backshop.de/,OSM,node/11232205839
Bekarei,52.5443255,13.4226456,Pankow,Prenzlauer Berg,pankow,prenzlauer_berg,chain,True,Bekarei GmbH,,,,,,OSM,node/11266194611
Stern Bäckerei & Konditorei,52.5255882,13.3108693,Charlottenburg-Wilmersdorf,Charlottenburg,charlottenburg-wilmersdorf,charlottenburg,artisanal,False,,,,,,,OSM,node/11282859592
HappyBACk,52.4817883,13.4394262,Neukölln,Neukölln,neukölln,neukölln,artisanal,False,,Sonnenallee,104,12045,,,OSM,node/11297381269
Kılıçoğlu,52.5100126,13.4518859,Friedrichshain-Kreuzberg,Friedrichshain,friedrichshain-kreuzberg,friedrichshain,artisanal,False,,,,,,,OSM,node/11299381459
BackBaron Berlin,52.5070407,13.3330815,Charlottenburg-Wilmersdorf,Charlottenburg,charlottenburg-wilmersdorf,charlottenburg,artisanal,False,,,,,Mo-Su 04:30-22:00,https://www.backbaron.de/,OSM,node/11310646546
Wiener Feinbäcker Heberer,52.5444866,13.5446694,Marzahn-Hellersdorf,Marzahn,marzahn-hellersdorf,marzahn,chain,True,Wiener Feinbäcker Heberer,,,,Mo-Sa 08:00-20:00; Su off,,OSM,node/11341547562
Royal Back,52.4503307,13.269834,Steglitz-Zehlendorf,Dahlem,steglitz-zehlendorf,dahlem,artisanal,False,,,,,,,OSM,node/11346750969
Back-Bär,52.4665976,13.485313,Treptow-Köpenick,Baumschulenweg,treptow-köpenick,baumschulenweg,artisanal,False,,,,,Mo-Fr 06:00-18:00; Sa 06:00-12:00,,OSM,node/11358742480
Justa Bakery,52.4803452,13.4423381,Neukölln,Neukölln,neukölln,neukölln,artisanal,False,,Sonnenallee,124,,Tu-Su 08:00-17:00,,OSM,node/11361466495
Knabba Baba,52.5533127,13.3660785,Mitte,Wedding,mitte,wedding,chain,True,Aslan Etkol,,,,,,OSM,node/11375248982
Denns BioMarkt,52.5253796,13.3696347,Mitte,Moabit,mitte,moabit,chain,True,Denns BioMarkt,,,,06:30-22:00,,OSM,node/11396070387
Backwerk,52.456842,13.3200011,Steglitz-Zehlendorf,Steglitz,steglitz-zehlendorf,steglitz,chain,True,BackWerk,Schloßstraße,38,12165,Mo-Fr 06:00-20:00; Sa 06:00-20:00; Su 07:00-19:00,https://www.back-werk.de/de/standorte/?City=berlin%20steglitz,OSM,node/11431877876
Cuccis,52.4936447,13.4614791,Treptow-Köpenick,Alt-Treptow,treptow-köpenick,alt-treptow,chain,True,Janova GmbH,,,,Mo-Sa 06:00-21:00,,OSM,node/11492802645
Bakery,52.5255817,13.3895274,Mitte,Mitte,mitte,mitte,chain,True,Fotografiska,Oranienburger Straße,54,10117,"Mo-Fr 08:00-15:00, Sa-Su 09:00-15:00",https://berlin.fotografiska.com/de/restaurants/bakery-mitte,OSM,node/11506333460
Knusper Ecke,52.4337744,13.3417027,Steglitz-Zehlendorf,Lankwitz,steglitz-zehlendorf,lankwitz,artisanal,False,,,,,,,OSM,node/11522219213
Blüte,52.4655899,13.4873509,Treptow-Köpenick,Baumschulenweg,treptow-köpenick,baumschulenweg,artisanal,False,,,,,"Mo-Fr 06:00-20:00; Sa,Su 06:00-19:00",,OSM,node/11556780430
Bäckerei Exotic,52.4636533,13.4844416,Treptow-Köpenick,Baumschulenweg,treptow-köpenick,baumschulenweg,artisanal,False,,,,,"Mo-Fr 06:00-18:00; Sa,Su 07:00-16:00",,OSM,node/11556860985
La Maison,52.4885506,13.422899,Friedrichshain-Kreuzberg,Kreuzberg,friedrichshain-kreuzberg,kreuzberg,artisanal,False,,Urbanstraße,70a,10967,Mo-Fr 07:00-18:00; Sa-Sun 08:00-18:00,https://www.lamaison.berlin/,OSM,node/11583913969
denn's Biomarkt,52.5328105,13.3876561,Mitte,Mitte,mitte,mitte,artisanal,False,,Gartenstraße,85-87,,Mo-Fr 07:30-21:00,,OSM,node/11590202686
SeShu,52.5235857,13.399322,Mitte,Mitte,mitte,mitte,artisanal,False,,Oranienburger Straße,84,,Th-Mo 12:00-18:30,,OSM,node/11599708036
Mum's Kitchen,52.4390771,13.4598787,Neukölln,Buckow,neukölln,buckow,artisanal,False,,,,,,,OSM,node/11630905503
Fi-Rin-Da,52.4828505,13.4344111,Neukölln,Neukölln,neukölln,neukölln,artisanal,False,,,,,,,OSM,node/11648549439
Zuckersüß,52.4563611,13.4372961,Neukölln,Britz,neukölln,britz,artisanal,False,,,,,,,OSM,node/11665414823
Steinecke,52.4820109,13.433294,Neukölln,Neukölln,neukölln,neukölln,chain,True,Steinecke,,,,Mo-Sa 10:00-20:00,,OSM,node/11710482395
Bäckerei Lehmann,52.4178459,13.3671583,Tempelhof-Schöneberg,Marienfelde,tempelhof-schöneberg,marienfelde,artisanal,False,,Marienfelder Allee,99,12277,Mo-Fr 05:30-18:00; Sa 06:00-16:00; Su 07:00-16:00,https://www.baeckerei-lehmann-berlin.de/,OSM,node/11818112663
Bäckerei Villon,52.5155866,13.2908844,Charlottenburg-Wilmersdorf,Charlottenburg,charlottenburg-wilmersdorf,charlottenburg,artisanal,False,,,,,,,OSM,node/11824940463
Fräulein Lietz,52.5087332,13.2942686,Charlottenburg-Wilmersdorf,Charlottenburg,charlottenburg-wilmersdorf,charlottenburg,artisanal,False,,,,,,,OSM,node/11825009064
Steinecke,52.4949958,13.2900939,Charlottenburg-Wilmersdorf,Halensee,charlottenburg-wilmersdorf,halensee,chain,True,Steinecke,Kurfürstendamm,129A,10711,"Mo-Fr 07:00-20:00; Sa 08:00-20:00; Su,PH off",,OSM,node/11845481372
Edeka Backstube,52.4515141,13.6250844,Treptow-Köpenick,Friedrichshagen,treptow-köpenick,friedrichshagen,artisanal,False,,,,,Mo-Fr 07:00-23:59; Sa 07:00-23:30,,OSM,node/11860411053
Acid Mitte,52.5279759,13.4025418,Mitte,Mitte,mitte,mitte,artisanal,False,,Rosenthaler Straße,9,,Mo-Fr 08:00-19:00; Sa-Su 09:00-19:00,https://www.acidcafe.es,OSM,node/11874971677
brammibal's donuts,52.4582503,13.3217396,Steglitz-Zehlendorf,Steglitz,steglitz-zehlendorf,steglitz,chain,True,Brammibal’s Donuts GmbH,Schloßstraße,31,12163,10:00-20:00,https://www.brammibalsdonuts.com,OSM,node/11892372015
Bäckerei Watan,52.5307801,13.4940358,Lichtenberg,Lichtenberg,lichtenberg,lichtenberg,artisanal,False,,Am Wasserwerk,22c,10365,,,OSM,node/11918293428
Italienische Cafe Backshop,52.5174534,13.2808732,Charlottenburg-Wilmersdorf,Westend,charlottenburg-wilmersdorf,westend,artisanal,False,,,,,"Mo-Fr 06:00-16:00; Sa,Su 09:00-17:00",,OSM,node/11919744918
All in one,52.4762512,13.4391175,Neukölln,Neukölln,neukölln,neukölln,artisanal,False,,,,,Mo-Su 07:00-19:00,,OSM,node/11923348426
Leta,52.5110543,13.4470895,Friedrichshain-Kreuzberg,Friedrichshain,friedrichshain-kreuzberg,friedrichshain,artisanal,False,,,,,,,OSM,node/11928034761
Cena,52.5363616,13.4206919,Pankow,Prenzlauer Berg,pankow,prenzlauer_berg,artisanal,False,,Rykestraße,12,,,,OSM,node/11964856359
Domberger Brot-Werk,52.499743,13.3730317,Friedrichshain-Kreuzberg,Kreuzberg,friedrichshain-kreuzberg,kreuzberg,artisanal,False,,,,,Tu-Fr 14:00-18:00; Sa 12:00-17:00,https://domberger-brot-werk.com/,OSM,node/11993949746
Bäcker Südende,52.4488832,13.3536129,Steglitz-Zehlendorf,Steglitz,steglitz-zehlendorf,steglitz,artisanal,False,,,,,,,OSM,node/12031159024
Schäfer's,52.5865359,13.3678769,Pankow,Wilhelmsruh,pankow,wilhelmsruh,chain,True,Schäfer's,,,,Mo-Fr 06:30-18:00; Sa 06:30-13:00; Su 08:00-16:00,,OSM,node/12066348776
,52.5301437,13.4921444,Lichtenberg,Lichtenberg,lichtenberg,lichtenberg,artisanal,False,,,,,,,OSM,node/12089377169
Schwyzer Herz,52.5593297,13.3548537,Mitte,Wedding,mitte,wedding,artisanal,False,,,,,Mo-Fr 07:00-16:00; Sa 07:00-14:00; Su 08:00-14:00,,OSM,node/12100669182
Keyif Frühstückshaus,52.5493506,13.3544396,Mitte,Wedding,mitte,wedding,artisanal,False,,,,,,,OSM,node/12133504472
Bio Company,52.5477613,13.4507844,Pankow,Weißensee,pankow,weißensee,chain,True,Bio Company,Berliner Allee,26,,Mo-Sa 07:30-21:00,,OSM,node/12133757292
Crapulix Gourmetkonditorei,52.4627654,13.3204442,Steglitz-Zehlendorf,Steglitz,steglitz-zehlendorf,steglitz,artisanal,False,,Schildhornstraße,87,12163,We-Fr 10:00-18:00; Su 09:00-14:00; Sa 08:00-16:00,http://crapulix.berlin,OSM,node/12178266205
Gold Back,52.5517767,13.3409889,Mitte,Wedding,mitte,wedding,artisanal,False,,,,,,,OSM,node/12194458801
Yaheli,52.5164522,13.4720937,Friedrichshain-Kreuzberg,Friedrichshain,friedrichshain-kreuzberg,friedrichshain,artisanal,False,,,,,,,OSM,node/12208837728
Atelier Dough,52.4932261,13.4369802,Friedrichshain-Kreuzberg,Kreuzberg,friedrichshain-kreuzberg,kreuzberg,artisanal,False,,Glogauer Straße,9,10999,Tu-We 11:00-17:00; Th-Su 11:00-19:00,,OSM,node/12219289352
Frau Lüske,52.4379991,13.2951511,Steglitz-Zehlendorf,Lichterfelde,steglitz-zehlendorf,lichterfelde,artisanal,False,,Baseler Straße,46,12205,Mo-Sa 09:00-23:00; Su 09:00-18:00,,OSM,node/12260461179
Oliv'chen,52.4578852,13.2927754,Steglitz-Zehlendorf,Dahlem,steglitz-zehlendorf,dahlem,artisanal,False,,Königin-Luise-Straße,38,14195,Mo-Su 06:00-18:00,,OSM,node/12260461441
Manar,52.5504836,13.3491209,Mitte,Wedding,mitte,wedding,artisanal,False,,,,,,,OSM,node/12273343421
Happy Back,52.5603862,13.3339279,Mitte,Wedding,mitte,wedding,artisanal,False,,,,,Mo-Fr 06:00-17:00; Sa 06:00-15:00; Su 08:00-15:00,,OSM,node/12309280670
Star,52.5026371,13.3849983,Friedrichshain-Kreuzberg,Kreuzberg,friedrichshain-kreuzberg,kreuzberg,artisanal,False,,,,,Mo-Su 05:30-20:30,,OSM,node/12315921271
Café & Bäckerei,52.5460579,13.4452007,Pankow,Prenzlauer Berg,pankow,prenzlauer_berg,artisanal,False,,,,,,,OSM,node/12323885112
Breadtime Stories,52.4639844,13.4436379,Neukölln,Neukölln,neukölln,neukölln,artisanal,False,,,,,,,OSM,node/12356853293
Steinecke,52.4128511,13.3543634,Tempelhof-Schöneberg,Marienfelde,tempelhof-schöneberg,marienfelde,chain,True,Steinecke,,,,Mo-Sa 07:00-20:00; Su 07:00-11:00,,OSM,node/12361941464
Adam's Bakery,52.4041427,13.4065185,Tempelhof-Schöneberg,Lichtenrade,tempelhof-schöneberg,lichtenrade,artisanal,False,,,,,Mo-Su 06:00-17:00,,OSM,node/12393828883
Berlin Back,52.4990071,13.418636,Friedrichshain-Kreuzberg,Kreuzberg,friedrichshain-kreuzberg,kreuzberg,artisanal,False,,,,,,,OSM,node/12400347020
KEIT Kreuzberg,52.4945264,13.4186517,Friedrichshain-Kreuzberg,Kreuzberg,friedrichshain-kreuzberg,kreuzberg,artisanal,False,,Graefestraße,7,,Mo off; Tu-Fr 13:00-18:00; Sa-Su off,https://www.keit.berlin,OSM,node/12423629601
Sönmez Baklava,52.545639,13.3575378,Mitte,Wedding,mitte,wedding,artisanal,False,,Luxemburger Straße,6,,,,OSM,node/12441472719
Martin's Place,52.4905979,13.4348978,Neukölln,Neukölln,neukölln,neukölln,artisanal,False,,Pannierstraße,29,,Th-Sa 11:00-17:00,https://martinsplace.de/,OSM,node/12458569055
Backshop Femo,52.5714221,13.3796656,Reinickendorf,Reinickendorf,reinickendorf,reinickendorf,artisanal,False,,,,,,,OSM,node/12469061718
Backbaron,52.5114491,13.3053381,Charlottenburg-Wilmersdorf,Charlottenburg,charlottenburg-wilmersdorf,charlottenburg,artisanal,False,,,,,"Mo-Su,PH 05:00-22:00",,OSM,node/12479844910
Pâtisserie Sarina,52.5403181,13.4125591,Pankow,Prenzlauer Berg,pankow,prenzlauer_berg,artisanal,False,,Schönhauser Allee,43 A,10435,We-Su 12:00-18:00,https://patisserie-sarina.de,OSM,node/12492222336
Steinecke,52.5105925,13.380744,Mitte,Mitte,mitte,mitte,chain,True,Steinecke,,,,,,OSM,node/12504464247
Thoben,52.4674477,13.4325805,Neukölln,Neukölln,neukölln,neukölln,artisanal,False,,,,,,,OSM,node/12512754450
Cuccis,52.5203272,13.3876103,Mitte,Mitte,mitte,mitte,artisanal,False,,,,,,,OSM,node/12518058058
C* Bakery,52.4982114,13.4421993,Friedrichshain-Kreuzberg,Kreuzberg,friedrichshain-kreuzberg,kreuzberg,artisanal,False,,Falckensteinstraße,35,,We-Su 10:00-19:00,,OSM,node/12541228130
Die Backpfeife,52.5116216,13.4266155,Friedrichshain-Kreuzberg,Friedrichshain,friedrichshain-kreuzberg,friedrichshain,artisanal,False,,,,,We-Su 10:30-19:00,,OSM,node/12557626407
Eiscafé Fischerinsel,52.5135677,13.4067331,Mitte,Mitte,mitte,mitte,artisanal,False,,,,,"Mo-Fr 07:00-19:00; Sa,Su 07:00-18:00",,OSM,node/12620062805
Junge,52.6188034,13.3055295,Reinickendorf,Hermsdorf,reinickendorf,hermsdorf,chain,True,Junge,Heinsestraße,46-48,13467,Mo-Su 07:00-18:00,,OSM,node/12623330425
Körner Backshop,52.4710054,13.4406526,Neukölln,Neukölln,neukölln,neukölln,artisanal,False,,,,,,,OSM,node/12640807550
Bäckerei Onur,52.5021852,13.4299448,Friedrichshain-Kreuzberg,Kreuzberg,friedrichshain-kreuzberg,kreuzberg,artisanal,False,,,,,,,OSM,node/12645517188
OOH! Cookies,52.5186138,13.3888243,Mitte,Mitte,mitte,mitte,artisanal,False,,Dorotheenstraße,43,10117,Mo-Fr 10:00-19:00; Sa 11:00-19:00; Su 11:00-18:00,https://oohcookies.de/,OSM,node/12646626301
Bake And Take,52.5173848,13.4609707,Friedrichshain-Kreuzberg,Friedrichshain,friedrichshain-kreuzberg,friedrichshain,artisanal,False,,,,,,,OSM,node/12669763483
Plants & Flours,52.5503937,13.3492729,Mitte,Wedding,mitte,wedding,artisanal,False,,,,,,https://www.plantsandflours.de,OSM,node/12687597786
Mierenback & Café,52.5258999,13.3036774,Charlottenburg-Wilmersdorf,Charlottenburg,charlottenburg-wilmersdorf,charlottenburg,artisanal,False,,,,10589,Mo-Fr 05:30-18:00; Sa 05:30-18:00; Su 07:00-18:00,https://mierenback-cafe.de/,OSM,node/12703360401
Chikz Rollz Zimtschnecken,52.4995806,13.3624615,Tempelhof-Schöneberg,Schöneberg,tempelhof-schöneberg,schöneberg,artisanal,False,,Potsdamer Straße,124,10783,Mo-Su 09:00-21:00,,OSM,node/12733634502
Edeka Backstube,52.4590515,13.3231133,Steglitz-Zehlendorf,Steglitz,steglitz-zehlendorf,steglitz,chain,True,Janine Groß,,,,Mo-Sa 07:00-18:15; Su 08:00-11:00,,OSM,node/12742202995
Wiener Feinbäcker Heberer,52.4975505,13.5216026,Lichtenberg,Friedrichsfelde,lichtenberg,friedrichsfelde,chain,True,Wiener Feinbäcker Heberer,Otto-Schmirgal-Straße,5,10319,Mo-Sa 06:00-20:00; Su 08:00-20:00,,OSM,node/12762273927
ooh! cookies,52.5335342,13.3664264,Mitte,Moabit,mitte,moabit,artisanal,False,,,7,,Mo-Fr 11:00-18:00; Sa-Su 10:00-18:00,https://oohcookies.de/,OSM,node/12772598176
City Back,52.5113433,13.2925279,Charlottenburg-Wilmersdorf,Charlottenburg,charlottenburg-wilmersdorf,charlottenburg,artisanal,False,,Wundtstraße,22,14059,Mo-Fr 06:00-17:00; Sa-Su 07:00-13:00; PH off,,OSM,node/12777256946
Bäckerei Körner,52.4447499,13.5776274,Treptow-Köpenick,Köpenick,treptow-köpenick,köpenick,artisanal,False,,,,,Mo-Fr 13:00-18:00,,OSM,node/12804586797
Crusty Slices,52.5235453,13.4010089,Mitte,Mitte,mitte,mitte,artisanal,False,,Oranienburger Straße,91,,,,OSM,node/12842764503
Bonsoir,52.5213507,13.4462685,Friedrichshain-Kreuzberg,Friedrichshain,friedrichshain-kreuzberg,friedrichshain,artisanal,False,,,,,,,OSM,node/12844614701
LaVanta,52.5272971,13.3517411,Mitte,Moabit,mitte,moabit,artisanal,False,,Wilsnacker Straße,12,,"Mo-Fr 06:30-15:30; Sa,Su 08:00-13:00",,OSM,node/12846982203
Lilien Cafe,52.5496117,13.4577535,Pankow,Weißensee,pankow,weißensee,artisanal,False,,,,,,,OSM,node/12860639460
Palast,52.5242975,13.3318429,Mitte,Moabit,mitte,moabit,artisanal,False,,Alt-Moabit,45,,,,OSM,node/12895114608
Steinecke,52.4257729,13.3916478,Tempelhof-Schöneberg,Mariendorf,tempelhof-schöneberg,mariendorf,chain,True,Steinecke,,,,,,OSM,node/12911295755
Miss Cupcake Berlin,52.5490415,13.4535717,Pankow,Weißensee,pankow,weißensee,chain,True,Katrin Hennig,Berliner Allee,57,13088,We-Fr 12:00-17:30; Sa 10:00-15:30,https://www.mscupcake.de/,OSM,node/12926276849
Cakery Tortenmanufaktur,52.4456981,13.3037708,Steglitz-Zehlendorf,Lichterfelde,steglitz-zehlendorf,lichterfelde,artisanal,False,,Gardeschützenweg,92,12203,,https://www.cakery-berlin.de,OSM,node/12965310317
Steinecke,52.4896481,13.5746471,Marzahn-Hellersdorf,Kaulsdorf,marzahn-hellersdorf,kaulsdorf,chain,True,Steinecke,Chemnitzer Straße,178,,Mo-Sa 06:00-19:00,,OSM,node/12983059362
KoJaKe,52.4833902,13.5222264,Lichtenberg,Karlshorst,lichtenberg,karlshorst,artisanal,False,,Dönhoffstraße,35a,,,,OSM,node/12997847164
La Miche,52.4868385,13.3582454,Tempelhof-Schöneberg,Schöneberg,tempelhof-schöneberg,schöneberg,artisanal,False,,Crellestraße,2,10827,Th-Fr 12:00-18:00; Sa 10:00-14:00,https://lamiche.de,OSM,node/13026729681
Matthes,52.4651423,13.4880138,Treptow-Köpenick,Baumschulenweg,treptow-köpenick,baumschulenweg,artisanal,False,,,,,Tu-Fr 07:00-16:00; Sa 07:00-12:00,,OSM,node/13039209303
LECKER SCHMECKER Backshop,52.4944864,13.4332583,Friedrichshain-Kreuzberg,Kreuzberg,friedrichshain-kreuzberg,kreuzberg,artisanal,False,,,,,,,OSM,node/13095285502
Augustus Bakery,52.5264651,13.3932682,Mitte,Mitte,mitte,mitte,artisanal,False,,,,,"Mo-Su,PH 05:00-18:00",,OSM,node/13098303702
Wulff,52.4148311,13.2666358,Steglitz-Zehlendorf,Zehlendorf,steglitz-zehlendorf,zehlendorf,artisanal,False,,,,,,,OSM,node/13112916538
Thoben,52.4550794,13.1448779,Spandau,Kladow,spandau,kladow,artisanal,False,,,,,,,OSM,node/13169417375
Leckerbackstube,52.5311036,13.4342186,Pankow,Prenzlauer Berg,pankow,prenzlauer_berg,artisanal,False,,,,,,,OSM,node/13173164567
Bäckerei Exner,52.5332802,13.1551633,Spandau,Staaken,spandau,staaken,artisanal,False,,Brunsbütteler Damm,280,13591,Mo-Sa 06:00-19:00; Su 07:00-12:00,,OSM,node/13202075383
,52.4721817,13.4409751,Neukölln,Neukölln,neukölln,neukölln,artisanal,False,,,,,,,OSM,node/13203028901
Backshop 2 Side,52.5342556,13.3586639,Mitte,Moabit,mitte,moabit,artisanal,False,,,,,"Mo-Fr 07:30-18:30; Sa,Su 08:00-19:00",,OSM,node/13228333034
Round & Edgy,52.5100542,13.3728656,Mitte,Tiergarten,mitte,tiergarten,artisanal,False,,Potsdamer Straße,2,,,,OSM,node/13261936154
Junge Die Bäckerei,52.4194575,13.3590129,Tempelhof-Schöneberg,Marienfelde,tempelhof-schöneberg,marienfelde,artisanal,False,,,,,,,OSM,node/13279159604
Tobi,52.4911322,13.3254523,Charlottenburg-Wilmersdorf,Wilmersdorf,charlottenburg-wilmersdorf,wilmersdorf,artisanal,False,,Güntzelstraße,45,10717,Mo-Fr 08:00-16:00; Sa-Su 09:00-17:00,,OSM,node/13283996790
Arino Bäckerei,52.5473441,13.3470972,Mitte,Wedding,mitte,wedding,artisanal,False,,,,,,,OSM,node/13290631064
vis-à-vis,52.5027094,13.3562459,Mitte,Tiergarten,mitte,tiergarten,artisanal,False,,Derfflingerstraße,19,10785,,,OSM,node/13305419201
Benone's Bakery,52.5219338,13.4511682,Friedrichshain-Kreuzberg,Friedrichshain,friedrichshain-kreuzberg,friedrichshain,artisanal,False,,,,,Mo-Fr 08:30-15:00,,OSM,node/13324419026
Mobile Tortenwerkstatt,52.5249228,13.4509686,Friedrichshain-Kreuzberg,Friedrichshain,friedrichshain-kreuzberg,friedrichshain,chain,True,Driandra Porz,Kochhannstraße,28,10249,,https://mobile-tortenwerkstatt.com,OSM,node/13395354219
Wiener Feinbäcker Heberer,52.42601694916117,13.542388119280538,Treptow-Köpenick,Adlershof,treptow-köpenick,adlershof,chain,True,Wiener Feinbäcker Heberer,Volmerstraße,27,12489,Mo-Fr 06:00-19:00; Sa-Su 07:00-17:00,,OSM,way/26991275
Bäckerei Exner,52.613443532769736,13.245948269616125,Reinickendorf,Heiligensee,reinickendorf,heiligensee,artisanal,False,,Ruppiner Chaussee,225,,Mo-Fr 06:30-17:00; Sa 06:30-16:00; Su 07:00-16:00,http://www.baeckerei-exner.de/,OSM,way/30789192
BioBackHaus,52.50890999931265,13.32250262961307,Charlottenburg-Wilmersdorf,Charlottenburg,charlottenburg-wilmersdorf,charlottenburg,artisanal,False,,,,,Mo-Fr 07:00-19:00; Sa 07:00-18:00; Su 08:00-18:00,,OSM,way/32493042
Steinecke,52.4930786986407,13.305111852404266,Charlottenburg-Wilmersdorf,Wilmersdorf,charlottenburg-wilmersdorf,wilmersdorf,chain,True,Steinecke,,,,,,OSM,way/43976619
Backshop Gaese,52.53850272248765,13.272087242451525,Spandau,Siemensstadt,spandau,siemensstadt,artisanal,False,,,,,,,OSM,way/47029598
Wiener Feinbäcker Heberer,52.4309412576841,13.309868585688196,Steglitz-Zehlendorf,Lichterfelde,steglitz-zehlendorf,lichterfelde,chain,True,Wiener Feinbäcker Heberer,Goerzallee,1,12207,Mo-Fr 06:00-20:00; Sa-Su 07:00-19:00,,OSM,way/47419081
Backwerk,52.5252199065009,13.368781221399724,Mitte,Moabit,mitte,moabit,chain,True,BackWerk,,,,"Mo-Fr 03:00-24:00; Sa,Su 00:00-24:00",,OSM,way/59806042
Ditsch,52.52525411091741,13.369823915248588,Mitte,Moabit,mitte,moabit,chain,True,Ditsch,,,,"Mo-Fr 04:00-24:00, Sa,Su 00:00-00:00",https://ditsch.de/,OSM,way/60202996
Wiener Feinbäcker Heberer,52.52501427052999,13.370112890610896,Mitte,Moabit,mitte,moabit,chain,True,Wiener Feinbäcker Heberer,Europaplatz,1,10557,Mo-Su 05:00-21:00,,OSM,way/83809037
Le Crobag,52.52480426268716,13.370256627261055,Mitte,Moabit,mitte,moabit,chain,True,Le Crobag,,,,24/7,,OSM,way/83809039
Nicolai,52.49735749380345,13.51910570206053,Lichtenberg,Friedrichsfelde,lichtenberg,friedrichsfelde,chain,True,Bäckerei & Konditorei Nicolai,Erich-Kurz-Straße,11a,10319,"Mo-Fr 08:00-18:00; Sa,Su 07:30-18:00",,OSM,way/118431976
,52.432425033094106,13.219424927627276,Steglitz-Zehlendorf,Zehlendorf,steglitz-zehlendorf,zehlendorf,artisanal,False,,Spanische Allee,39,14129,,,OSM,way/118613211
Junge,52.42027708167024,13.3130912015652,Steglitz-Zehlendorf,Lichterfelde,steglitz-zehlendorf,lichterfelde,chain,True,Junge,Hildburghauser Straße,258,12207,07:30-18:00,,OSM,way/202064518
Bäckerei & Cafe Märkisch Edel,52.61636264999999,13.47141775,Pankow,Karow,pankow,karow,artisanal,False,,,,,Mo-Fr 07:00-18:00; Sa 07:00-14:00,,OSM,way/222846870
Array,52.42349163024272,13.374137309065194,Tempelhof-Schöneberg,Marienfelde,tempelhof-schöneberg,marienfelde,artisanal,False,,Bahnstraße,6A,12277,Mo-Fr 06:00-17:00,,OSM,way/233154321
Brotschmiede,52.57275450426536,13.43779657388192,Pankow,Heinersdorf,pankow,heinersdorf,artisanal,False,,Romain-Rolland-Straße,122,,Mo-Fr 07:00-18:00; Sa 07:00-11:00,,OSM,way/234982864
Tims Backwaren,52.43886429816036,13.383436888504383,Tempelhof-Schöneberg,Mariendorf,tempelhof-schöneberg,mariendorf,artisanal,False,,Friedenstraße,26,12107,Sa 08:00-15:00,https://timinberlin.de,OSM,way/245537893
Schäfer's,52.5187966,13.341908100000005,Mitte,Hansaviertel,mitte,hansaviertel,chain,True,Schäfer's,Altonaer Straße,18,10557,Mo-Fr 06:30-18:00; Sa 07:00-15:00; Su 08:00-15:00,https://www.schaefers-brot.de/,OSM,way/268901430
Streubel & Cornet,52.568291272335124,13.516955313251838,Lichtenberg,Neu-Hohenschönhausen,lichtenberg,neu-hohenschönhausen,chain,True,Streubel & Cornet GmbH,Falkenberger Chaussee,97,13059,"Mo-Fr 05:30-17:00; Sa 06:00-16:00, Su 06:00-16:00",,OSM,way/285228586
Ditsch,52.52046730000001,13.386875849999997,Mitte,Mitte,mitte,mitte,chain,True,Ditsch,,,,Mo-Sa 04:00-22:00; Su 06:00-22:00,,OSM,way/335561913
Wiener Feinbäcker Heberer,52.52047015,13.3870396,Mitte,Mitte,mitte,mitte,chain,True,Wiener Feinbäcker Heberer,,,,"Mo-Fr 05:00-21:00; Sa,Su 07:00-20:00",,OSM,way/335561914
Le Crobag,52.52036528021021,13.387750853031932,Mitte,Mitte,mitte,mitte,chain,True,Le Crobag,Friedrichstraße,142,10117,"Mo-Th 04:00-23:00; Fr 04:00-23:00; Sa 04:00-23:00; Su,PH 04:00-23:00",,OSM,way/335709640
Backwerk,52.510383191037505,13.43348833462856,Friedrichshain-Kreuzberg,Friedrichshain,friedrichshain-kreuzberg,friedrichshain,chain,True,BackWerk,Am Ostbahnhof,5,10243,"Mo-Fr 06:30-20:00; Sa,Su 08:00-20:00",,OSM,way/336063500
Backwerk,52.51448716373456,13.418417924711587,Mitte,Mitte,mitte,mitte,chain,True,BackWerk,,,,"Mo-Fr 05:00-20:00; Sa,Su,PH 06:00-20:00",,OSM,way/378955759
Backwerk,52.47489859923765,13.366134882083305,Tempelhof-Schöneberg,Schöneberg,tempelhof-schöneberg,schöneberg,chain,True,BackWerk,,,,"Mo-Fr 06:00-20:00; Sa,Su 08:00-20:00",,OSM,way/381240715
Le Crobag,52.47611635367684,13.365331985321015,Tempelhof-Schöneberg,Schöneberg,tempelhof-schöneberg,schöneberg,chain,True,Le Crobag,General-Pape-Straße,1,12101,24/7,https://www.lecrobag.de/shops-de/standorte/berlin-s%C3%BCdkreuz.html,OSM,way/381240734
Le Crobag,52.47476599938659,13.36564730033771,Tempelhof-Schöneberg,Schöneberg,tempelhof-schöneberg,schöneberg,chain,True,Le Crobag,,,,"Mo-Su,PH 06:00-20:00",,OSM,way/381240735
Dreißig,52.47650368247479,13.364644279470284,Tempelhof-Schöneberg,Schöneberg,tempelhof-schöneberg,schöneberg,chain,True,Dreißig,Hildegard-Knef-Platz,1,10829,,https://baeckerei-dreissig.de/,OSM,way/381240850
Backwerk,52.509686463461485,13.435337121397042,Friedrichshain-Kreuzberg,Friedrichshain,friedrichshain-kreuzberg,friedrichshain,chain,True,BackWerk,,,10243,Mo-Fr 05:30-20:00; Sa-Su 07:00-20:00,,OSM,way/381418944
Le Crobag,52.510028276841574,13.434434755512148,Friedrichshain-Kreuzberg,Friedrichshain,friedrichshain-kreuzberg,friedrichshain,chain,True,Le Crobag,,,,"Mo-Su,PH 04:00-20:00",,OSM,way/381418945
Ditsch,52.51000309975179,13.434493149694964,Friedrichshain-Kreuzberg,Friedrichshain,friedrichshain-kreuzberg,friedrichshain,chain,True,Ditsch,,,,"Mo-Fr 06:00-20:00; Sa,Su 08:00-20:00",,OSM,way/381418949
Ditsch,52.54900953018265,13.389075073305372,Mitte,Gesundbrunnen,mitte,gesundbrunnen,chain,True,Ditsch,Badstraße,,13357,,,OSM,way/392605419
Wiener Feinbäcker Heberer,52.54919455797157,13.389021511606268,Mitte,Gesundbrunnen,mitte,gesundbrunnen,chain,True,Wiener Feinbäcker Heberer,Badstraße,1-3,13357,"Mo-Fr 06:00-20:00; Sa,Su 07:00-19:00",,OSM,way/392606750
Le Crobag,52.5446906825466,13.426227394062915,Pankow,Prenzlauer Berg,pankow,prenzlauer_berg,chain,True,Le Crobag,,,,"Mo-Fr 04:00-20:00; Sa 05:00-18:00; PH,Su 06:00-18:00",https://www.lecrobag.de/,OSM,way/393236338
Kamps,52.52474453711385,13.369222717542184,Mitte,Moabit,mitte,moabit,chain,True,Kamps,,,,Mo-Sa 04:30-21:00; Su 06:00-22:00,,OSM,way/403077774
Kamps,52.52473663562898,13.370191261297618,Mitte,Moabit,mitte,moabit,chain,True,Kamps,,,,Mo-Sa 05:00-21:00; Su 06:00-21:00,,OSM,way/407323356
Backwerk,52.507058685703655,13.331777701358224,Charlottenburg-Wilmersdorf,Charlottenburg,charlottenburg-wilmersdorf,charlottenburg,chain,True,BackWerk,Hardenbergplatz,11,10623,Mo-Su 06:00-20:00,https://www.back-werk.de/,OSM,way/420761413
M-Markt,52.50633557558702,13.332247729395563,Charlottenburg-Wilmersdorf,Charlottenburg,charlottenburg-wilmersdorf,charlottenburg,artisanal,False,,,,,,,OSM,way/420821903
Ditsch,52.50678598850462,13.331955653155003,Charlottenburg-Wilmersdorf,Charlottenburg,charlottenburg-wilmersdorf,charlottenburg,chain,True,Ditsch,,,,Mo-Su 05:00-22:00,,OSM,way/420825056
Ditsch,52.50602934400345,13.332415485029795,Charlottenburg-Wilmersdorf,Charlottenburg,charlottenburg-wilmersdorf,charlottenburg,chain,True,Ditsch,,,,,,OSM,way/421816027
Backwerk,52.50693840460668,13.331603430782845,Charlottenburg-Wilmersdorf,Charlottenburg,charlottenburg-wilmersdorf,charlottenburg,chain,True,BackWerk,,,,Mo-Fr 05:00-20:00; Sa-Su 06:00-20:00,,OSM,way/421829976
Backwerk,52.534528159776784,13.198240550707292,Spandau,Spandau,spandau,spandau,chain,True,BackWerk,Seegefelder Straße,1,13597,Mo-Fr 04:00-20:00; Sa 05:00-19:00; Su 06:00-20:00,https://www.back-werk.de/,OSM,way/423847727
Le Crobag,52.53436188407281,13.198407018672647,Spandau,Spandau,spandau,spandau,chain,True,Le Crobag,Seegefelder Straße,1,13597,"Mo-Fr 04:00-22:00; Sa,Su,PH 04:00-22:00",,OSM,way/423847732
Bärlin Back,52.53580214164947,13.199936321670114,Spandau,Spandau,spandau,spandau,artisanal,False,,,,,,,OSM,way/425526919
Deluxe Back,52.53560425546267,13.200114428484289,Spandau,Spandau,spandau,spandau,artisanal,False,,,,,,,OSM,way/426552983
Wiener Feinbäcker,52.509354385575634,13.496950391178371,Lichtenberg,Rummelsburg,lichtenberg,rummelsburg,chain,True,Wiener Feinbäcker Heberer,,,,Mo-Fr 06:00-18:00; Sa 07:00-14:00; Su 07:00-16:00,,OSM,way/430955187
Ditsch,52.542742748358314,13.366903065318525,Mitte,Wedding,mitte,wedding,chain,True,Ditsch,,,,Mo-Fr 05:00-20:00; Sa 08:00-17:00; Su 10:00-17:00,,OSM,way/437595031
Back Baron,52.54296196138698,13.36521594714491,Mitte,Wedding,mitte,wedding,artisanal,False,,,,,,,OSM,way/437780958
Cuccis,52.5490392,13.387965099999999,Mitte,Gesundbrunnen,mitte,gesundbrunnen,artisanal,False,,,,,Mo-Fr 05:00-19:00,,OSM,way/438501232
Back Baron,52.536681972112596,13.342539524690718,Mitte,Moabit,mitte,moabit,artisanal,False,,,,,,,OSM,way/438832771
Le Crobag,52.50500243106198,13.30278711917018,Charlottenburg-Wilmersdorf,Charlottenburg,charlottenburg-wilmersdorf,charlottenburg,chain,True,Le Crobag,,,10627,"Mo-Su,PH 05:00-20:00",,OSM,way/440321015
Wiener Feinbäcker Heberer,52.5088272164375,13.376502563872503,Mitte,Tiergarten,mitte,tiergarten,chain,True,Wiener Feinbäcker Heberer,,,,,,OSM,way/464904378
Steinecke,52.50979366655977,13.376307969659276,Mitte,Tiergarten,mitte,tiergarten,chain,True,Steinecke,,,,Mo-Fr 05:30-21:00; Sa 06:00-20:00; Su 07:00-20:00,,OSM,way/464904418
Backwerk,52.509588818828085,13.376284256167141,Mitte,Tiergarten,mitte,tiergarten,chain,True,BackWerk,,,10785,"Mo-Fr 05:30-20:00, Sa-Su 06:30-18:30",https://www.back-werk.de/,OSM,way/464904422
,52.49878523550496,13.41821083348633,Friedrichshain-Kreuzberg,Kreuzberg,friedrichshain-kreuzberg,kreuzberg,artisanal,False,,,,,,,OSM,way/478218261
Back & go,52.46590863489737,13.38564649012092,Tempelhof-Schöneberg,Tempelhof,tempelhof-schöneberg,tempelhof,artisanal,False,,U-Bahnhof Alt-Tempelhof,,12099,Mo-Fr 05:00-19:00; Sa 05:00-17:00,,OSM,way/491188283
Wiener Feinbäcker Heberer,52.52112893851254,13.412339573851723,Mitte,Mitte,mitte,mitte,chain,True,Wiener Feinbäcker Heberer,,,,,,OSM,way/500794562
Le Crobag,52.521854832588495,13.414064190087895,Mitte,Mitte,mitte,mitte,chain,True,Le Crobag,,,,,,OSM,way/503037487
Ditsch,52.52122895000001,13.4119677,Mitte,Mitte,mitte,mitte,chain,True,Ditsch,,,,,,OSM,way/503037493
Le Crobag,52.52117030143098,13.412062158685282,Mitte,Mitte,mitte,mitte,chain,True,Le Crobag,,,,Mo-Su 04:00-18:00,,OSM,way/503037494
Le Crobag,52.470678292667486,13.385307246663833,Tempelhof-Schöneberg,Tempelhof,tempelhof-schöneberg,tempelhof,chain,True,Le Crobag,Tempelhofer Damm,108,12099,"Mo-Fr 04:00-20:30; Sa 04:00-19:00; Su,PH 05:00-19:00",,OSM,way/521463117
Back Tempel,52.470426274810464,13.385421856470684,Tempelhof-Schöneberg,Tempelhof,tempelhof-schöneberg,tempelhof,artisanal,False,,,,,,,OSM,way/521463199
Falken Bäckerei & Café,52.546156761979034,13.190741180809548,Spandau,Falkenhagener Feld,spandau,falkenhagener_feld,artisanal,False,,Falkenseer Chaussee,278,13583,Mo-Su 05:00-17:00,,OSM,way/746986238
Steinecke,52.53798606101736,13.605382632808414,Marzahn-Hellersdorf,Hellersdorf,marzahn-hellersdorf,hellersdorf,chain,True,Steinecke,,,,,,OSM,way/1002286242
Steinecke,52.51005102782282,13.434504891577824,Friedrichshain-Kreuzberg,Friedrichshain,friedrichshain-kreuzberg,friedrichshain,chain,True,Steinecke,,,,Mo-Sa 06:00-19:00; Su 06:00-14:00,,OSM,way/1003281108
Lecker Bäcker,52.43716543505619,13.546385001798072,Treptow-Köpenick,Adlershof,treptow-köpenick,adlershof,artisanal,False,,,,,,,OSM,way/1048012542
Kramps,52.519469904855114,13.414972774010304,Mitte,Mitte,mitte,mitte,artisanal,False,,,,,,,OSM,way/1197629867
Kamps,52.52647754773816,13.343759645667499,Mitte,Moabit,mitte,moabit,chain,True,Kamps,Turmstraße,,,Su 07:00-14:00; Mo 06:00-20:00; Tu-Sa 06:30-20:00,,OSM,way/1410961516
LPG-Backshop,52.52374377585515,13.34606815863757,Mitte,Moabit,mitte,moabit,artisanal,False,,,,,Mo-Sa 07:00-21:00,,OSM,way/1413027644
