id,source,landuse,geometry,accepted_recycling_items,not_accepted_recycling_items,display_name,name_metadata,entity_type,full_address,contact_combined,website_combined,access_restriction,wheelchair_access,physical_obstacles,environmental_features,floor_level,unit_count,accessibility_features,availability_info,is_operational,district,neighborhood,district_id
26867409,,,POINT (13.296828 52.5013289),['glass_bottles'],,Berlin Recycling,['operator: Berlin Recycling'],,,,,,,,,,,,,,Charlottenburg-Wilmersdorf,Charlottenburg,11004004
254985049,,,POINT (13.3205366 52.4839968),['clothes'],,,,,2 Container,,,,,,,,,,,,Charlottenburg-Wilmersdorf,Wilmersdorf,11004004
262212828,,,POINT (13.4856806 52.5190209),['glass_bottles'],,,,,,,,,,,,,,,,,Lichtenberg,Lichtenberg,11011011
267093410,,,POINT (13.5928941 52.5084566),['glass_bottles'],,,,,,,,,,,,,,,,,Marzahn-Hellersdorf,Kaulsdorf,11010010
272619379,survey,,POINT (13.4556341 52.5218288),['glass_bottles'],,,,,,,,,,,,,,,,,Friedrichshain-Kreuzberg,Friedrichshain,11002002
272619880,,,POINT (13.4535179 52.5258487),['glass_bottles'],,,,,,,,,,,,,,,,,Friedrichshain-Kreuzberg,Friedrichshain,11002002
273174898,,,POINT (13.2984812 52.4576525),['glass_bottles'],,Rhenus,['operator: Rhenus'],,,,,,,,,,,,,,Steglitz-Zehlendorf,Dahlem,11006006
280752631,,,POINT (13.5763842 52.553359),['glass_bottles'],,,,,,,,,,,,,,,,,Marzahn-Hellersdorf,Marzahn,11010010
280938557,,,POINT (13.4794521 52.5263492),['glass_bottles'],,,,,,,,,,,,,,,,,Lichtenberg,Fennpfuhl,11011011
281962480,,,POINT (13.4516945 52.5473847),['glass_bottles'],,,,,,,,,,,,,,,,,Pankow,Weißensee,11003003
288739735,,,POINT (13.4506654 52.4493276),,,,,,,,,residents,,,,,,Access restricted (residents),,,Neukölln,Britz,11008008
288740249,,,POINT (13.1931677 52.5245255),['glass_bottles'],,,,,,,,,,,,,,,,,Spandau,Wilhelmstadt,11005005
290659186,,,POINT (13.4760484 52.6157261),['glass_bottles'],['glass'],,,,,,,,,,,,,,,,Pankow,Karow,11003003
290659525,,,POINT (13.4796049 52.6126468),['glass_bottles'],,,,,,,,,,,,,,,,,Pankow,Karow,11003003
292745926,,,POINT (13.4854219 52.616056),['glass_bottles'],,,,,,,,,,,,,,,,,Pankow,Karow,11003003
292935637,,,POINT (13.4203789 52.4915304),['glass_bottles'],,Karl Meyer Rohstoffverwertung,['operator: Karl Meyer Rohstoffverwertung'],,,,,,,,,,,,,,Friedrichshain-Kreuzberg,Kreuzberg,11002002
294793374,,,POINT (13.2027164 52.5237931),['glass_bottles'],,,,,,,,,,,,,,,,,Spandau,Wilhelmstadt,11005005
302764895,,,POINT (13.6142969 52.5098752),['glass_bottles'],,,,,,,,,,,,,,,,,Marzahn-Hellersdorf,Mahlsdorf,11010010
304367352,,,POINT (13.1916504 52.5363044),['glass_bottles'],,,,,,,,,,,,,,,,,Spandau,Spandau,11005005
304367369,,,POINT (13.1435989 52.5457802),['clothes'],,,,,,,,,,,,,,,,,Spandau,Staaken,11005005
305943442,aerowest,,POINT (13.3147389 52.5255155),['glass_bottles'],,Rhenus,['operator: Rhenus'],,,,,,,,,,,,,,Charlottenburg-Wilmersdorf,Charlottenburg,11004004
306456511,"bezirksamt charlottenburg-wilmersdorf von berlin, umweltamt",,POINT (13.3038217 52.5037785),['glass_bottles'],,Karl Meyer Rohstoffverwertung,['operator: Karl Meyer Rohstoffverwertung'],,,,,,,,,,,,,,Charlottenburg-Wilmersdorf,Charlottenburg,11004004
309364526,,,POINT (13.3285005 52.4948),['glass_bottles'],,Karl Meyer Rohstoffverwertung,['operator: Karl Meyer Rohstoffverwertung'],,Hohenzollerndamm 208 / Wasserwerk,,,,,,,,,,,,Charlottenburg-Wilmersdorf,Wilmersdorf,11004004
309847736,,,POINT (13.2957832 52.4921591),['glass_bottles'],,Karl Meyer Rohstoffverwertung,['operator: Karl Meyer Rohstoffverwertung'],,Paulsborner Str. 70 ggü. Nr. 27 Ecke Seesener Str.,,,,,,,,,,,,Charlottenburg-Wilmersdorf,Halensee,11004004
310440153,,,POINT (13.5852924 52.3949142),"['glass_bottles', 'shoes']",,,,,,,,,,,,,,,,,Treptow-Köpenick,Bohnsdorf,11009009
311090440,,,POINT (13.3051351 52.4970444),['glass_bottles'],,Rhenus,['operator: Rhenus'],,Eisenzahnstr. Ecke Paulsborner Str.,,,,,,,,,,,,Charlottenburg-Wilmersdorf,Wilmersdorf,11004004
311090625,,,POINT (13.308249 52.4953753),['glass_bottles'],,Rhenus,['operator: Rhenus'],,Ballenstedter Str. 2 Ecke Brandenburgische Str.,,,,,,,,,,,,Charlottenburg-Wilmersdorf,Wilmersdorf,11004004
311255499,,,POINT (13.3179542 52.5258812),['glass_bottles'],,,,,,,,,,,,,,,,,Mitte,Moabit,11001001
312385354,,,POINT (13.31579 52.4993759),['glass_bottles'],,Karl Meyer Rohstoffverwertung,['operator: Karl Meyer Rohstoffverwertung'],,Olivaer Platz ggü. Nr. 12,,,,yes,,,,,Wheelchair accessible,,,Charlottenburg-Wilmersdorf,Charlottenburg,11004004
315349525,,,POINT (13.2925454 52.4450277),['glass_bottles'],,Karl Meyer Rohstoffverwertung,['operator: Karl Meyer Rohstoffverwertung'],,,,,,,,,,,,,,Steglitz-Zehlendorf,Lichterfelde,11006006
315363226,,,POINT (13.3667535 52.4614302),['glass_bottles'],,,,,,,,,,,,,,,,,Tempelhof-Schöneberg,Schöneberg,11007007
315812629,,,POINT (13.3513843 52.4858101),"['glass_bottles', 'glass_bottles_white', 'glass_bottles_green', 'glass_bottles_brown']",,Karl Meyer Rohstoffverwertung,['operator: Karl Meyer Rohstoffverwertung'],,,,,,,,,,,,,,Tempelhof-Schöneberg,Schöneberg,11007007
315823154,,,POINT (13.3592464 52.490378),['glass_bottles'],,,,,,,,,,,,,,,,,Tempelhof-Schöneberg,Schöneberg,11007007
317175529,survey,,POINT (13.3280785 52.4542476),['glass_bottles'],,,,,,,,,,,,,,,,,Steglitz-Zehlendorf,Steglitz,11006006
318104085,,,POINT (13.4319972 52.5239353),['glass_bottles'],,,,,,,,,,,,,,,,,Friedrichshain-Kreuzberg,Friedrichshain,11002002
319211562,,,POINT (13.4503172 52.5200205),['glass_bottles'],,,,,,,,,,,,,,,,,Friedrichshain-Kreuzberg,Friedrichshain,11002002
319211585,,,POINT (13.4335698 52.5228181),['glass_bottles'],,,,,,,,,,,,,,,,,Friedrichshain-Kreuzberg,Friedrichshain,11002002
319549473,,,POINT (13.4236271 52.5207028),"['glass_bottles', 'clothes', 'shoes']",,,,,,,,,,,,,,,,,Mitte,Mitte,11001001
319549474,,,POINT (13.4290968 52.52076),['glass_bottles'],,,,,,,,,,,,,,,,,Friedrichshain-Kreuzberg,Friedrichshain,11002002
324610126,,,POINT (13.4273577 52.5227128),['glass_bottles'],,,,,,,,,,,,,,,,,Friedrichshain-Kreuzberg,Friedrichshain,11002002
325161338,,,POINT (13.1808404 52.50974),"['clothes', 'shoes']",,Humana,['operator: Humana'],,,,,,,,,,,,,,Spandau,Wilhelmstadt,11005005
325161422,,,POINT (13.1808748 52.5095928),['glass_bottles'],,,,,,,,,,,,,,,,,Spandau,Wilhelmstadt,11005005
325585969,,,POINT (13.448092 52.5251097),['clothes'],,,,,,,,,,,,,,,,,Friedrichshain-Kreuzberg,Friedrichshain,11002002
330967542,,,POINT (13.3852118 52.5024516),['glass_bottles'],,,,,,,,,yes,,,,,Wheelchair accessible,,,Friedrichshain-Kreuzberg,Kreuzberg,11002002
338497703,,,POINT (13.3877587 52.5672966),"['glass_bottles', 'glass_bottles_white', 'glass_bottles_green', 'glass_bottles_brown']",,Karl Meyer AG,['operator: Karl Meyer AG'],,,,,,,,,,,,,,Mitte,Gesundbrunnen,11001001
338818027,,,POINT (13.3782148 52.4076515),['glass_bottles'],,Karl Meyer AG,['operator: Karl Meyer AG'],,,,,,,,,,,,,,Tempelhof-Schöneberg,Marienfelde,11007007
339115079,changeset 91932395,,POINT (13.379144 52.5661675),"['glass_bottles', 'glass_bottles_green', 'glass_bottles_white']",,Karl Meyer AG,['operator: Karl Meyer AG'],,,,,,,,,,,,,,Mitte,Gesundbrunnen,11001001
339115156,,,POINT (13.3768185 52.5590269),"['glass_bottles', 'glass_bottles_white', 'glass_bottles_green', 'glass_bottles_brown']",,Karl Meyer AG,['operator: Karl Meyer AG'],,,,,,,,,,,,,,Mitte,Gesundbrunnen,11001001
339115213,changeset 91932395,,POINT (13.3914486 52.5516474),"['glass_bottles', 'clothes', 'glass_bottles_green', 'glass_bottles_white']",,Karl Meyer AG,['operator: Karl Meyer AG'],,,,,,,,,,,,,,Mitte,Gesundbrunnen,11001001
339227524,,,POINT (13.3706276 52.5641581),"['glass_bottles', 'glass_bottles_white', 'glass_bottles_green', 'glass_bottles_brown']",,,,,,,,,,,,,,,,,Reinickendorf,Reinickendorf,11012012
339228080,changeset 91932395,,POINT (13.3670021 52.5639652),"['glass_bottles', 'glass_bottles_green', 'glass_bottles_white']",,Karl Meyer AG,['operator: Karl Meyer AG'],,,,,,,,,,,,,,Reinickendorf,Reinickendorf,11012012
339369413,changeset 91932395,,POINT (13.3628496 52.5448003),"['glass_bottles', 'glass_bottles_green', 'glass_bottles_white']",,,,,,,,,,,,,,,,,Mitte,Wedding,11001001
342440323,,,POINT (13.3521442 52.4361424),"['glass_bottles', 'clothes', 'shoes', 'glass_bottles_white', 'glass_bottles_green', 'glass_bottles_brown']",,Berlin Recycling,['operator: Berlin Recycling'],,,,,,,,,,,,,,Steglitz-Zehlendorf,Lankwitz,11006006
343393357,,,POINT (13.354584 52.5476623),"['glass_bottles', 'glass_bottles_white', 'glass_bottles_green', 'glass_bottles_brown']",,,,,,,,,,,,,,,,,Mitte,Wedding,11001001
343397770,,,POINT (13.360931 52.5483992),"['glass_bottles', 'glass_bottles_white', 'glass_bottles_green', 'glass_bottles_brown']",,Karl Meyer AG,['operator: Karl Meyer AG'],,,,,,,,,,,,,,Mitte,Wedding,11001001
344192039,,,POINT (13.4656036 52.5243488),['glass_bottles'],,,,,,,,,,,,,,,,,Lichtenberg,Fennpfuhl,11011011
344455310,,,POINT (13.4460847 52.5445287),['glass_bottles'],,,,,,,,,,,,,,,,,Pankow,Prenzlauer Berg,11003003
345347331,,,POINT (13.4803789 52.5266326),['glass_bottles'],,,,,,,,,limited,,,,,Limited wheelchair access,hours=24/7,,Lichtenberg,Fennpfuhl,11011011
346133693,,,POINT (13.3781128 52.534673),"['glass_bottles', 'glass_bottles_white', 'glass_bottles_green', 'glass_bottles_brown']",,,,,,,,,,,,,,,,,Mitte,Mitte,11001001
347422934,,,POINT (13.3121753 52.4425563),['glass_bottles'],,,,,,,,,,,,,,,,,Steglitz-Zehlendorf,Lichterfelde,11006006
347422937,,,POINT (13.3015735 52.4402454),"['glass_bottles', 'clothes']",,,,,,,,,,,,,,,,,Steglitz-Zehlendorf,Lichterfelde,11006006
347422940,,,POINT (13.2993165 52.4406875),['glass_bottles'],,,,,,,,,,,,,,,,,Steglitz-Zehlendorf,Lichterfelde,11006006
349298172,,,POINT (13.3118207 52.5062887),['glass_bottles'],,Karl Meyer Rohstoffverwertung,['operator: Karl Meyer Rohstoffverwertung'],,Kantstr. 126,,,,,,,,,,,,Charlottenburg-Wilmersdorf,Charlottenburg,11004004
349898360,,,POINT (13.3909235 52.5631357),"['glass_bottles', 'glass_bottles_white', 'glass_bottles_green', 'glass_bottles_brown']",,,,,,,,,,,,,,,,,Mitte,Gesundbrunnen,11001001
351387149,,,POINT (13.2958855 52.4380071),['glass_bottles'],,,,,,,,,,,,,,,,,Steglitz-Zehlendorf,Lichterfelde,11006006
351940059,,,POINT (13.3062104 52.5047808),['glass_bottles'],,Karl Meyer Rohstoffverwertung,['operator: Karl Meyer Rohstoffverwertung'],,Gervinusstr. 3,,,,,,,,,,,,Charlottenburg-Wilmersdorf,Charlottenburg,11004004
352920928,,,POINT (13.36764 52.4911266),['glass_bottles'],,,,,,,,,,,,,,,,,Tempelhof-Schöneberg,Schöneberg,11007007
352945077,,,POINT (13.3663137 52.4914712),['glass_bottles'],,Karl Meyer Rohstoffverwertung,['operator: Karl Meyer Rohstoffverwertung'],,,,,,,,,,,,,,Tempelhof-Schöneberg,Schöneberg,11007007
354513918,,,POINT (13.1474452 52.523657),"['clothes', 'shoes']",,,,,,,,,,,,,,,,,Spandau,Staaken,11005005
354513927,senstadtu dop10-c 2011 erlaubnis 1002-12,,POINT (13.1371426 52.5256057),['glass_bottles'],,Rhenus,['operator: Rhenus'],,,,,,,,,,,,,,Spandau,Staaken,11005005
362178236,,,POINT (13.2942441 52.4492344),['clothes'],,,,,,,,,,,,,,,,,Steglitz-Zehlendorf,Dahlem,11006006
364316397,,,POINT (13.4178705 52.5438109),['clothes'],,Deutsches Rotes Kreuz,['operator: Deutsches Rotes Kreuz'],,,,,,,,,,,,,,Pankow,Prenzlauer Berg,11003003
365599752,,,POINT (13.4959356 52.5654788),"['clothes', 'shoes']",,,,,,,,,,,,,,,,,Lichtenberg,Neu-Hohenschönhausen,11011011
365609937,,,POINT (13.328431 52.5307627),['glass_bottles'],,Karl Meyer Rohstoffverwertung,['operator: Karl Meyer Rohstoffverwertung'],,,,,,,,,,,,,,Mitte,Moabit,11001001
365888924,,,POINT (13.3401753 52.5185491),"['glass_bottles', 'clothes', 'shoes']",,Karl Meyer Rohstoffverwertung,['operator: Karl Meyer Rohstoffverwertung'],,,,,,,,,,,,,,Mitte,Hansaviertel,11001001
371150900,,,POINT (13.4231646 52.4909491),['glass_bottles'],,Karl Meyer Rohstoffverwertung,['operator: Karl Meyer Rohstoffverwertung'],,,,,,,,,,,,,,Friedrichshain-Kreuzberg,Kreuzberg,11002002
371156948,,,POINT (13.2044647 52.5438336),['glass_bottles'],,,,,,,,,,,,,,,,,Spandau,Spandau,11005005
374184467,,,POINT (13.3322142 52.5614676),['glass_bottles'],,,,,,,,,,,,,,,,,Mitte,Wedding,11001001
374420687,,,POINT (13.3135721 52.5049809),"['glass_bottles', 'glass_bottles_white', 'glass_bottles_green', 'glass_bottles_brown']",,Karl Meyer Rohstoffverwertung,['operator: Karl Meyer Rohstoffverwertung'],,Leibnizstr. 65 Ecke Niebuhrstr.,,,,,,,,,,,,Charlottenburg-Wilmersdorf,Charlottenburg,11004004
376726807,,,POINT (13.3858535 52.4897274),['glass_bottles'],,Karl Meyer Rohstoffverwertung,['operator: Karl Meyer Rohstoffverwertung'],,,,,,,,,,,,,,Friedrichshain-Kreuzberg,Kreuzberg,11002002
388414297,,,POINT (13.3794768 52.5956778),['glass_bottles'],,,,,,,,,no,,,,,Not wheelchair accessible,,,Pankow,Rosenthal,11003003
388415435,,,POINT (13.4126742 52.5623895),['glass_bottles'],,,,,,,,,,,,,,,,,Pankow,Pankow,11003003
389391824,,,POINT (13.3661616 52.5924951),['glass_bottles'],,,,,,,,,,,,,,,,,Pankow,Rosenthal,11003003
390474303,,,POINT (13.3852202 52.5831486),['glass_bottles'],,,,,,,,,,,,,,,,,Pankow,Niederschönhausen,11003003
392310411,,,POINT (13.4375685 52.4708171),['glass_bottles'],,,,,,,,,,,,,,,,,Neukölln,Neukölln,11008008
393409424,,,POINT (13.2959643 52.5024629),['glass_bottles'],,Karl Meyer Rohstoffverwertung,['operator: Karl Meyer Rohstoffverwertung'],,Holtzendorffstr. an der S-Bahnbrücke Ecke Heilbronner Str. 12,,,,,,,,,,,,Charlottenburg-Wilmersdorf,Charlottenburg,11004004
393769325,,,POINT (13.3386484 52.5211399),['glass_bottles'],,,,,Bochumer Straße,,,,,,,,,,,,Mitte,Moabit,11001001
401243531,,,POINT (13.4314896 52.5504042),['glass_bottles'],,,,,,,,,,,,,,,,,Pankow,Prenzlauer Berg,11003003
403749825,,,POINT (13.5793429 52.5006928),['glass_bottles'],,,,,,,,,,,,,,,,,Marzahn-Hellersdorf,Kaulsdorf,11010010
406369205,,,POINT (13.3506783 52.5203073),['glass_bottles'],,,,,,,,,,,,,,,,,Mitte,Moabit,11001001
409925348,,,POINT (13.5571988 52.5059284),['glass_bottles'],,,,,,,,,,,,,,,,,Marzahn-Hellersdorf,Biesdorf,11010010
410303081,,,POINT (13.3990973 52.4975614),['glass_bottles'],,,,,,,,,,,,,,,,,Friedrichshain-Kreuzberg,Kreuzberg,11002002
413579921,,,POINT (13.3841641 52.5909195),['glass_bottles'],,,,,,,,,,,,,,,,,Pankow,Rosenthal,11003003
415998143,,,POINT (13.5604202 52.3953594),['glass_bottles'],,,,,,,,,,,,,,,,,Treptow-Köpenick,Bohnsdorf,11009009
416310808,changeset 91932395,,POINT (13.3182255 52.4826342),"['glass_bottles', 'glass_bottles_green', 'glass_bottles_white']",,Karl Meyer Rohstoffverwertung,['operator: Karl Meyer Rohstoffverwertung'],,Aachener Str. Ecke Mecklenburgische Str.,,,,,,,,,,,,Charlottenburg-Wilmersdorf,Wilmersdorf,11004004
418081023,,,POINT (13.3607444 52.5234523),['glass_bottles'],,,,,,,,,,,,,,,,,Mitte,Moabit,11001001
418333606,,,POINT (13.2700489 52.5387042),['glass_bottles'],,,,,,,,,,,,,,,,,Spandau,Siemensstadt,11005005
427764066,,,POINT (13.5752829 52.4889703),['glass_bottles'],,,,,,,,,,,,,,,,,Marzahn-Hellersdorf,Kaulsdorf,11010010
428069663,,,POINT (13.3163025 52.440929),['glass_bottles'],,Karl Meyer Rohstoffverwertung,['operator: Karl Meyer Rohstoffverwertung'],,,,,,,,,,,,,,Steglitz-Zehlendorf,Lichterfelde,11006006
428114305,,,POINT (13.3411168 52.4760791),['glass_bottles'],,,,,,,,,,,,,,,,,Tempelhof-Schöneberg,Friedenau,11007007
429466365,,,POINT (13.4791757 52.5076045),['glass_bottles'],,,,,,,,,yes,,,,,Wheelchair accessible,"hours=Mo-Sa 07:00-13:00,15:00-20:00",,Lichtenberg,Lichtenberg,11011011
429466368,,,POINT (13.4829784 52.5114434),['glass_bottles'],,,,,,,,,,,,,,,,,Lichtenberg,Lichtenberg,11011011
429878219,,,POINT (13.4317462 52.6138268),,,,,,,,,,,,,,,,,,Pankow,Französisch Buchholz,11003003
433831883,,,POINT (13.4920706 52.5162152),['glass_bottles'],,,,,,,,,,,,,,,,,Lichtenberg,Lichtenberg,11011011
434345978,,,POINT (13.3457305 52.552297),['glass_bottles'],,,,,,,,,,,,,,,"hours=Mo-Sa 07:00-13:00, 15:00-20:00",,Mitte,Wedding,11001001
435181683,,,POINT (13.4760197 52.5008851),['glass_bottles'],,,,,,,,,,,,,,,,,Lichtenberg,Rummelsburg,11011011
437371861,,,POINT (13.5050283 52.4682539),['glass_bottles'],,,,,,,,,,,,,,,,,Treptow-Köpenick,Oberschöneweide,11009009
437371863,,,POINT (13.5232036 52.4519822),['glass_bottles'],,,,,,,,,,,,,,,,,Treptow-Köpenick,Niederschöneweide,11009009
437371865,,,POINT (13.5196015 52.4541337),['glass_bottles'],,,,,,,,,,,,,,,,,Treptow-Köpenick,Niederschöneweide,11009009
437371866,,,POINT (13.5013913 52.4561329),['glass_bottles'],,,,,,,,,,,,,,,,,Treptow-Köpenick,Johannisthal,11009009
438255976,,,POINT (13.4225992 52.4867399),['glass_bottles'],,Karl Meyer Rohstoffverwertung,['operator: Karl Meyer Rohstoffverwertung'],,,,,,,,,,,,,,Friedrichshain-Kreuzberg,Kreuzberg,11002002
440661271,,,POINT (13.4034603 52.5215234),['glass_bottles'],,Karl Meyer Rohstoffverwertung,['operator: Karl Meyer Rohstoffverwertung'],,,,,,,,,,,,,,Mitte,Mitte,11001001
440661272,,,POINT (13.4050997 52.5220679),['glass_bottles'],,Karl Meyer Rohstoffverwertung,['operator: Karl Meyer Rohstoffverwertung'],,,,,,,,,,,,,,Mitte,Mitte,11001001
442394432,,,POINT (13.3865612 52.4432465),['glass_bottles'],,,,,,,,,,,,,,,,,Tempelhof-Schöneberg,Mariendorf,11007007
442553351,,,POINT (13.3169493 52.5287338),['glass_bottles'],,,,,,,,,,,,,,,,,Mitte,Moabit,11001001
442877823,,,POINT (13.3106192 52.5270158),"['glass_bottles', 'clothes', 'glass', 'batteries', 'cans', 'paper', 'scrap_metal']",,Recyclinghof Ilsenburger Straße,"['name: Recyclinghof Ilsenburger Straße', 'operator: BSR']",,"Ilsenburger Straße 18-20, 10589 Charlottenburg",,website: https://www.bsr.de/8856.html,,,,,,,,hours=Mo-We 07:00-17:00; Th 09:30-19:30; Fr 07:00-17:00; Sa 07:00-15:30,,Charlottenburg-Wilmersdorf,Charlottenburg,11004004
443966543,,,POINT (13.4148017 52.4950126),['glass_bottles'],,Karl Meyer Rohstoffverwertung,['operator: Karl Meyer Rohstoffverwertung'],,,,,,,,,,,,,,Friedrichshain-Kreuzberg,Kreuzberg,11002002
444000784,,,POINT (13.3128258 52.5121807),['glass_bottles'],,Karl Meyer Rohstoffverwertung,['operator: Karl Meyer Rohstoffverwertung'],,Bismarckstr. 20 ggü. 101 / Zauritzweg,,,,,,,,,,,,Charlottenburg-Wilmersdorf,Charlottenburg,11004004
444000794,,,POINT (13.2972443 52.5135992),"['glass_bottles', 'clothes', 'shoes']",,Bera Textilrecycling,['operator: Bera Textilrecycling'],,,,,,,,,,,,,,Charlottenburg-Wilmersdorf,Charlottenburg,11004004
446099267,,,POINT (13.3816281 52.3969716),['glass_bottles'],,,,,,,,,,,,,,,,,Tempelhof-Schöneberg,Marienfelde,11007007
446099340,,,POINT (13.3827548 52.4042664),['glass_bottles'],,,,,,,,,,,,,,,,,Tempelhof-Schöneberg,Marienfelde,11007007
446904791,,,POINT (13.4367734 52.4660887),['glass_bottles'],,Karl Meyer Rohstoffverwertung,['operator: Karl Meyer Rohstoffverwertung'],,,,,,,,,,,,,,Neukölln,Neukölln,11008008
447563042,,,POINT (13.5849639 52.4932325),['glass_bottles'],,,,,,,,,,,,,,,,,Marzahn-Hellersdorf,Kaulsdorf,11010010
447737051,,,POINT (13.331005 52.4870315),['glass_bottles'],,Karl Meyer Rohstoffverwertung,['operator: Karl Meyer Rohstoffverwertung'],,"Bundesallee 42, Mittelstreifen nahe Wendeschleife",,,,,,,,,,,,Charlottenburg-Wilmersdorf,Wilmersdorf,11004004
447906316,,,POINT (13.436434 52.4888877),['glass_bottles'],,,,,,,,,,,,,,,,,Neukölln,Neukölln,11008008
447924125,,,POINT (13.3947623 52.5039222),['glass_bottles'],,,,,,,,,,,,,,,,,Friedrichshain-Kreuzberg,Kreuzberg,11002002
447938240,,,POINT (13.4093335 52.5337621),['glass_bottles'],,Karl Meyer Rohstoffverwertung,['operator: Karl Meyer Rohstoffverwertung'],,,,,,,,,,,,,,Pankow,Prenzlauer Berg,11003003
448811299,,,POINT (13.4192696 52.4963397),['glass_bottles'],,Karl Meyer Rohstoffverwertung,['operator: Karl Meyer Rohstoffverwertung'],,,,,,,,,,,,,,Friedrichshain-Kreuzberg,Kreuzberg,11002002
448818336,,,POINT (13.4461749 52.5585422),['glass_bottles'],,,,,,,,,,,,,,,,,Pankow,Weißensee,11003003
449219513,,,POINT (13.5197133 52.4649717),['glass_bottles'],,,,,,,,,,,,,,,,,Treptow-Köpenick,Oberschöneweide,11009009
452634938,,,POINT (13.4585534 52.4403083),['glass_bottles'],,,,,,,,,,,,,,,,,Neukölln,Buckow,11008008
453218058,,,POINT (13.471742 52.465751),['glass_bottles'],,,,,,,,,,,,,,,,,Neukölln,Neukölln,11008008
454490704,changeset 91932395,,POINT (13.3205747 52.4832871),"['glass_bottles', 'glass_bottles_green', 'glass_bottles_white']",,Karl Meyer Rohstoffverwertung,['operator: Karl Meyer Rohstoffverwertung'],,Am Volkspark Ecke Blissestr.,,,,,,,,,,,,Charlottenburg-Wilmersdorf,Wilmersdorf,11004004
456393286,,,POINT (13.5005634 52.4475883),['glass_bottles'],,,,,,,,,,,,,,,,,Treptow-Köpenick,Johannisthal,11009009
457818480,,,POINT (13.4588106 52.4452311),['glass_bottles'],,,,,,,,,,,,,,,,,Neukölln,Britz,11008008
457823907,,,POINT (13.441921 52.4565835),['glass_bottles'],,,,,,,,,,,,,,,,,Neukölln,Britz,11008008
457824254,,,POINT (13.4372103 52.4647296),['glass_bottles'],,Karl Meyer Rohstoffverwertung,['operator: Karl Meyer Rohstoffverwertung'],,,,,,,,,,,,,,Neukölln,Neukölln,11008008
458754762,,,POINT (13.3586903 52.4342588),['clothes'],,Loop Textil Recycling Nord,['operator: Loop Textil Recycling Nord'],,,,,,,,,,,,,,Steglitz-Zehlendorf,Lankwitz,11006006
459786552,,,POINT (13.3394059 52.5574212),['glass_bottles'],,,,,,,,,,,,,,,,,Mitte,Wedding,11001001
462694088,,,POINT (13.3494786 52.4494788),"['clothes', 'shoes']",,Deutsches Rotes Kreuz e.V.,['operator: Deutsches Rotes Kreuz e.V.'],,,,,,,,,,,,,,Steglitz-Zehlendorf,Steglitz,11006006
465499973,,,POINT (13.3359866 52.4997583),"['glass_bottles', 'glass_bottles_white', 'glass_bottles_green', 'glass_bottles_brown']",,Karl Meyer Rohstoffverwertung,['operator: Karl Meyer Rohstoffverwertung'],,Nürnberger Str. 41 Ecke Lietzenburger Str.,,,,,,,,,,,,Charlottenburg-Wilmersdorf,Wilmersdorf,11004004
472441901,,,POINT (13.4548357 52.4232609),['glass_bottles'],,,,,,,,,,,,,,,,,Neukölln,Gropiusstadt,11008008
472463190,,,POINT (13.4210755 52.4144025),['clothes'],,,,,,,,,,,,,,,,,Neukölln,Buckow,11008008
472466212,,,POINT (13.415176 52.4221675),['clothes'],,,,,,,,,,,,,,,,,Neukölln,Buckow,11008008
472470011,,,POINT (13.4066725 52.4273682),['glass_bottles'],,,,,,,,,,,,,,,,,Neukölln,Britz,11008008
472470025,,,POINT (13.3981014 52.4399728),['clothes'],,Humana,['operator: Humana'],,,,,,,,,,,,,,Tempelhof-Schöneberg,Mariendorf,11007007
472472559,,,POINT (13.4302674 52.4427817),['glass_bottles'],,,,,,,,,,,,,,,,,Neukölln,Britz,11008008
472496597,,,POINT (13.4313963 52.5128187),['glass_bottles'],,,,,,,,,,,,,,,,,Friedrichshain-Kreuzberg,Friedrichshain,11002002
472505334,,,POINT (13.5148792 52.488706),['glass_bottles'],,,,,,,,,,,,,,,"hours=Mo-Sa 07:00-13:00,15:00-20:00",,Lichtenberg,Karlshorst,11011011
473428818,,,POINT (13.55391 52.3991735),['glass_bottles'],,,,,,,,,,,,,,,,,Treptow-Köpenick,Bohnsdorf,11009009
476243463,,,POINT (13.4667724 52.4854248),['glass_bottles'],,,,,,,,,,,,,,,,,Treptow-Köpenick,Plänterwald,11009009
476258119,,,POINT (13.4504955 52.4769279),['glass_bottles'],,,,,,,,,yes,,,,,Wheelchair accessible,,,Neukölln,Neukölln,11008008
476260483,,,POINT (13.4466309 52.4725019),['glass_bottles'],,Karl Meyer Rohstoffverwertung,['operator: Karl Meyer Rohstoffverwertung'],,,,,,,,,,,,,,Neukölln,Neukölln,11008008
476674871,,,POINT (13.2996901 52.4214856),['glass_bottles'],,,,,,,,,,,,,,,,,Steglitz-Zehlendorf,Lichterfelde,11006006
476675294,senstadtu dop10-c 2011 erlaubnis 1002-12,,POINT (13.3029591 52.4252454),['glass_bottles'],,Karl Meyer Rohstoffverwertung,['operator: Karl Meyer Rohstoffverwertung'],,,,,,,,,,,,,,Steglitz-Zehlendorf,Lichterfelde,11006006
477352263,,,POINT (13.2933841 52.4368795),"['glass_bottles', 'clothes', 'shoes']",,,,,,,,,,,,,,,,,Steglitz-Zehlendorf,Lichterfelde,11006006
477578563,,,POINT (13.4790821 52.5329744),['glass_bottles'],,,,,,,,,,,,,,,,,Lichtenberg,Fennpfuhl,11011011
479301800,,,POINT (13.2969918 52.4231157),['glass_bottles'],,,,,,,,,,,,,,,,,Steglitz-Zehlendorf,Lichterfelde,11006006
485950622,,,POINT (13.5119792 52.5082429),"['clothes', 'shoes']",,Fa. Cavtex (www.cavtex.de),['operator: Fa. Cavtex (www.cavtex.de)'],,,,,,,,,,,,,,Lichtenberg,Friedrichsfelde,11011011
485950623,,,POINT (13.5119677 52.5078361),['glass_bottles'],,,,,,,,,yes,,,,,Wheelchair accessible,"hours=Mo-Sa 07:00-13:00,15:00-20:00",,Lichtenberg,Friedrichsfelde,11011011
485950624,,,POINT (13.5116186 52.5054228),"['clothes', 'shoes']",,TEXAID Deutschland,['operator: TEXAID Deutschland'],,,,,,,,,,,,,,Lichtenberg,Friedrichsfelde,11011011
485950625,,,POINT (13.5113917 52.5046476),['glass_bottles'],,,,,,,,,yes,,,,,Wheelchair accessible,"hours=Mo-Sa 07:00-13:00,15:00-20:00",,Lichtenberg,Friedrichsfelde,11011011
492025511,survey,,POINT (13.4620492 52.5294655),"['glass_bottles', 'glass_bottles_white', 'glass_bottles_green', 'glass_bottles_brown']",,,,,,,,,,,,,,,,,Lichtenberg,Fennpfuhl,11011011
492062434,,,POINT (13.5455305 52.5462933),['glass_bottles'],,,,,,,,,,,,,,,,,Marzahn-Hellersdorf,Marzahn,11010010
492142391,survey,,POINT (13.4712389 52.5311162),['glass_bottles'],,,,,,,,,,,,,,,,,Lichtenberg,Fennpfuhl,11011011
492264503,,,POINT (13.5184686 52.5078064),['glass_bottles'],,,,,,,,,yes,,,,,Wheelchair accessible,"hours=Mo-Sa 07:00-13:00,15:00-20:00",,Lichtenberg,Friedrichsfelde,11011011
493149696,,,POINT (13.4451257 52.523593),['glass_bottles'],,,,,,,,,,,,,,,,,Friedrichshain-Kreuzberg,Friedrichshain,11002002
495534555,,,POINT (13.3205353 52.4980355),"['glass_bottles', 'glass_bottles_white', 'glass_bottles_green', 'glass_bottles_brown']",,Rhenus,['operator: Rhenus'],,Ludwigkirchplatz Ecke Emser Str.,,,,,,,,,,,,Charlottenburg-Wilmersdorf,Wilmersdorf,11004004
496042346,,,POINT (13.5434218 52.5307573),['glass_bottles'],,,,,,,,,,,,,,,,,Marzahn-Hellersdorf,Marzahn,11010010
499987314,survey,,POINT (13.4696453 52.5088198),['glass_bottles'],,Altglas,['name: Altglas'],,,,,yes,yes,,,0.0,,Wheelchair accessible,,,Friedrichshain-Kreuzberg,Friedrichshain,11002002
499987331,,,POINT (13.466411 52.5117097),['glass_bottles'],,,,,,,,,,,,,,,,,Friedrichshain-Kreuzberg,Friedrichshain,11002002
502325486,,,POINT (13.4669762 52.4684586),['glass_bottles'],,,,,,,,,,,,,,,,,Neukölln,Neukölln,11008008
502375520,,,POINT (13.4766848 52.4621982),['clothes'],,,,,,,,,,,,,,,,,Neukölln,Neukölln,11008008
506480293,,,POINT (13.2119003 52.5753268),['glass_bottles'],,,,,,,,,,,,,,,,,Spandau,Hakenfelde,11005005
508540559,,,POINT (13.4868846 52.5088491),"['paper', 'PET', 'cardboard', 'plastic', 'plastic_bottles', 'plastic_packaging']",,,,,,,,,,,,,,,,,Lichtenberg,Lichtenberg,11011011
510603223,,,POINT (13.413352 52.4577697),['glass_bottles'],,,,,,,,,,,,,,,,,Tempelhof-Schöneberg,Tempelhof,11007007
510799080,,,POINT (13.393392 52.459895),['glass_bottles'],,,,,,,,,,,,,,,,,Tempelhof-Schöneberg,Tempelhof,11007007
513998869,,,POINT (13.436905 52.474541),['glass_bottles'],,,,,,,,,,,,,,,,,Neukölln,Neukölln,11008008
515071499,,,POINT (13.3053447 52.4323588),['glass_bottles'],,,,,,,,,,,,,,,,,Steglitz-Zehlendorf,Lichterfelde,11006006
530568687,,,POINT (13.3589297 52.5397407),"['glass_bottles', 'glass_bottles_white', 'glass_bottles_green', 'glass_bottles_brown']",,,,,,,,,,,,,,,,,Mitte,Wedding,11001001
530715897,changeset 91932395,,POINT (13.3552299 52.5438218),"['glass_bottles', 'glass_bottles_green', 'glass_bottles_white']",,,,,,,,,,,,,,,,,Mitte,Wedding,11001001
530715899,,,POINT (13.3562041 52.5433985),['glass_bottles'],,Deutsches Rotes Kreuz,['operator: Deutsches Rotes Kreuz'],,,,,,,,,,,,,,Mitte,Wedding,11001001
531221905,,,POINT (13.3759006 52.5425111),"['clothes', 'shoes']",,Deutsches Rotes Kreuz,['operator: Deutsches Rotes Kreuz'],,,,,,,,,,2,,hours=24/7,,Mitte,Gesundbrunnen,11001001
538247124,,,POINT (13.5754175 52.5706802),"['glass_bottles', 'glass_bottles_white', 'glass_bottles_green', 'glass_bottles_brown']",,,,,,,,,,,,,,,,,Marzahn-Hellersdorf,Marzahn,11010010
538247126,,,POINT (13.5750145 52.5705673),['glass_bottles'],,,,,,,,,,,,,,,,,Marzahn-Hellersdorf,Marzahn,11010010
549220914,,,POINT (13.3985599 52.583664),['glass_bottles'],,,,,,,,,,,,,,,,,Pankow,Niederschönhausen,11003003
559645663,,,POINT (13.5018337 52.5545166),,,,,,,,,,,,,,,,,,Lichtenberg,Alt-Hohenschönhausen,11011011
559945799,,,POINT (13.4314464 52.4976836),['glass_bottles'],,Karl Meyer Rohstoffverwertung,['operator: Karl Meyer Rohstoffverwertung'],,,,,,,,,,,,,,Friedrichshain-Kreuzberg,Kreuzberg,11002002
562662738,,,POINT (13.3530969 52.541336),"['glass_bottles', 'glass_bottles_white', 'glass_bottles_green', 'glass_bottles_brown']",,,,,,,,,,,,,,,,,Mitte,Wedding,11001001
564123151,,,POINT (13.4905536 52.5182555),['glass_bottles'],,,,,,,,,no,,,,,Not wheelchair accessible,,,Lichtenberg,Lichtenberg,11011011
565034843,,,POINT (13.2901862 52.5103497),['glass_bottles'],,Karl Meyer Rohstoffverwertung,['operator: Karl Meyer Rohstoffverwertung'],,Kaiserdamm / Erwin-Barth-Platz / Witzlebenplatz,,,,,,,,,,,,Charlottenburg-Wilmersdorf,Charlottenburg,11004004
568282889,,,POINT (13.4973199 52.5497371),['glass_bottles'],,,,,,,,,,,,,,,,,Lichtenberg,Alt-Hohenschönhausen,11011011
568320414,,,POINT (13.4956676 52.5468671),['glass_bottles'],,,,,,,,,,,,,,,,,Lichtenberg,Alt-Hohenschönhausen,11011011
571799792,,,POINT (13.3001055 52.5047417),['glass_bottles'],,Rhenus,['operator: Rhenus'],,Windscheidstr. Ecke Stuttgarte Platz 24,,,,,,,,,,,,Charlottenburg-Wilmersdorf,Charlottenburg,11004004
572213133,,,POINT (13.3663387 52.4364242),"['glass_bottles', 'glass_bottles_white', 'glass_bottles_green', 'glass_bottles_brown']",,,,,,,,,,,,,,,,,Steglitz-Zehlendorf,Lankwitz,11006006
572257043,,,POINT (13.505926 52.5465601),['glass_bottles'],,,,,,,,,,,,,,,,,Lichtenberg,Alt-Hohenschönhausen,11011011
573810917,,,POINT (13.4918185 52.5440885),"['glass_bottles', 'clothes', 'shoes']",,,,,,,,,,,,,,,,,Lichtenberg,Alt-Hohenschönhausen,11011011
577292534,,,POINT (13.5122178 52.5381283),['glass_bottles'],,,,,,,,,,,,,,,,,Lichtenberg,Alt-Hohenschönhausen,11011011
582464843,,,POINT (13.4945157 52.5596656),['glass_bottles'],,,,,,,,,,,,,,,,,Lichtenberg,Alt-Hohenschönhausen,11011011
583790772,gps,,POINT (13.4468207 52.5688247),['glass_bottles'],,,,,,,,,,,,,,,,,Pankow,Heinersdorf,11003003
599034310,,,POINT (13.4918105 52.5416703),['glass_bottles'],,,,,,,,,,,,,,,,,Lichtenberg,Alt-Hohenschönhausen,11011011
600095365,,,POINT (13.5168765 52.5519913),['glass_bottles'],,,,,,,,,,,,,,,,,Lichtenberg,Alt-Hohenschönhausen,11011011
600109294,,,POINT (13.5209127 52.5524228),['glass_bottles'],,,,,,,,,,,,,,,,,Lichtenberg,Alt-Hohenschönhausen,11011011
600406053,,,POINT (13.5102354 52.4193419),['glass_bottles'],,,,,,,,,,,,,,,,,Neukölln,Rudow,11008008
600406054,,,POINT (13.5120329 52.418837),['cans'],,,,,,,,,,,,,,,,,Neukölln,Rudow,11008008
600406056,,,POINT (13.5132564 52.4191439),,,,,,,,,,,,,,,,,,Neukölln,Rudow,11008008
600818471,,,POINT (13.4858996 52.5494842),['glass_bottles'],,,,,,,,,,,,,,,,,Lichtenberg,Alt-Hohenschönhausen,11011011
603774189,,,POINT (13.4861931 52.5477932),['glass_bottles'],,,,,,,,,,,,,,,,,Lichtenberg,Alt-Hohenschönhausen,11011011
603796618,,,POINT (13.4853333 52.5446315),['glass_bottles'],,,,,,,,,,,,,,,,,Lichtenberg,Alt-Hohenschönhausen,11011011
610896721,,,POINT (13.5010751 52.5387136),['glass_bottles'],,,,,,,,,,,,,,,,,Lichtenberg,Alt-Hohenschönhausen,11011011
611144224,,,POINT (13.4206493 52.542545),['glass_bottles'],,,,,,,,,,,,,,,hours=24/7,,Pankow,Prenzlauer Berg,11003003
612926210,survey,,POINT (13.3272048 52.4485471),['clothes'],,,,,,,,,,,,,,,,,Steglitz-Zehlendorf,Steglitz,11006006
615020653,,,POINT (13.4431247 52.500598),['glass_bottles'],,Karl Meyer Rohstoffverwertung,['operator: Karl Meyer Rohstoffverwertung'],,,,,,,,,,,,,,Friedrichshain-Kreuzberg,Kreuzberg,11002002
615952480,,,POINT (13.314968 52.416215),['glass_bottles'],,,,,,,,,,,,,,,,,Steglitz-Zehlendorf,Lichterfelde,11006006
615952482,,,POINT (13.314684 52.4161334),['clothes'],,,,,,,,,,,,,,,,,Steglitz-Zehlendorf,Lichterfelde,11006006
615952491,,,POINT (13.3291522 52.4182919),['glass_bottles'],,,,,,,,,,,,,,,,,Steglitz-Zehlendorf,Lichterfelde,11006006
615952493,,,POINT (13.3283336 52.4243682),['glass_bottles'],,,,,,,,,,,,,,,,,Steglitz-Zehlendorf,Lichterfelde,11006006
615952495,,,POINT (13.3261926 52.4298428),['glass_bottles'],,,,,,,,,,,,,,,,,Steglitz-Zehlendorf,Lichterfelde,11006006
618443483,,,POINT (13.4454814 52.5723836),['paper'],,,,,,,,,,,,,,,,,Pankow,Heinersdorf,11003003
623071167,senstadtu dop10-c 2011 erlaubnis 1002-12,,POINT (13.2868764 52.4219495),['glass_bottles'],,Karl Meyer Rohstoffverwertung,['operator: Karl Meyer Rohstoffverwertung'],,,,,,,,,,,,,,Steglitz-Zehlendorf,Lichterfelde,11006006
634882452,survey,,POINT (13.285967 52.4866048),"['glass_bottles', 'glass_bottles_white', 'glass_bottles_green', 'glass_bottles_brown']",,berlin recycling,['operator: berlin recycling'],,Warmbrunner Str. ggü. Nr. 6 / Hubertussportplatz,,,,,,,,,,,,Charlottenburg-Wilmersdorf,Grunewald,11004004
634920762,,,POINT (13.287565 52.4599532),"['glass_bottles', 'clothes']",,,,,,,,,,,,,,,,,Steglitz-Zehlendorf,Dahlem,11006006
656348919,,,POINT (13.5443538 52.5256717),"['glass_bottles', 'glass_bottles_white', 'glass_bottles_green', 'glass_bottles_brown']",,,,,,,,,,,,,,,,,Marzahn-Hellersdorf,Marzahn,11010010
656348929,,,POINT (13.5577032 52.5252212),"['glass_bottles', 'glass_bottles_white', 'glass_bottles_green', 'glass_bottles_brown']",,,,,,,,,,,,,,,,,Marzahn-Hellersdorf,Biesdorf,11010010
656450757,,,POINT (13.3281228 52.4772927),"['glass_bottles', 'glass_bottles_white', 'glass_bottles_green', 'glass_bottles_brown']",,Karl Meyer Rohstoffverwertung GmbH,['operator: Karl Meyer Rohstoffverwertung GmbH'],,,operator:phone: +49 30 29666893,,,,,,,,,,,Tempelhof-Schöneberg,Friedenau,11007007
658617877,,,POINT (13.4315905 52.4722731),['glass_bottles'],,,,,,,,,,,,,,,,,Neukölln,Neukölln,11008008
659935547,bing,,POINT (13.3317821 52.487566),['glass_bottles'],,Karl Meyer Rohstoffverwertung,['operator: Karl Meyer Rohstoffverwertung'],,Bundesallee 180 Ecke Berliner Str. vor Euro Gida,,,,,,,,,,,,Charlottenburg-Wilmersdorf,Wilmersdorf,11004004
663078299,,,POINT (13.2822464 52.4783534),['glass_bottles'],,Rhenus,['operator: Rhenus'],,Karlsbader Str. 17 vor Edeka,,,,,,,,,,,,Charlottenburg-Wilmersdorf,Schmargendorf,11004004
663611902,,,POINT (13.2904208 52.4708438),['clothes'],,Deutsches Rotes Kreuz,['operator: Deutsches Rotes Kreuz'],,2 Container,,,,,,,,,,,,Charlottenburg-Wilmersdorf,Schmargendorf,11004004
663956204,,,POINT (13.5054246 52.4095861),['glass_bottles'],,,,,,,,,,,,,,,,,Neukölln,Rudow,11008008
663956206,,,POINT (13.5086072 52.406672),['glass_bottles'],,,,,,,,,,,,,,,,,Neukölln,Rudow,11008008
663956471,,,POINT (13.4978976 52.4153964),['glass_bottles'],,,,,,,,,,,,,,,,,Neukölln,Rudow,11008008
664165944,,,POINT (13.508621 52.4351073),['clothes'],,,,,,,,,,,,,,,,,Treptow-Köpenick,Johannisthal,11009009
664165945,,,POINT (13.5055443 52.4380594),['clothes'],,,,,,,,,,,,,,,,,Treptow-Köpenick,Johannisthal,11009009
664165960,,,POINT (13.5071745 52.4395204),['clothes'],,,,,,,,,,,,,,,,,Treptow-Köpenick,Johannisthal,11009009
664244043,,,POINT (13.2826323 52.4766244),['glass_bottles'],,Karl Meyer Rohstoffverwertung,['operator: Karl Meyer Rohstoffverwertung'],,Hohenzollerndamm 105 am Betty-Hirsch-Platz,,,,,,,,,,,,Charlottenburg-Wilmersdorf,Schmargendorf,11004004
665535057,,,POINT (13.3017853 52.5078891),['glass_bottles'],,Karl Meyer Rohstoffverwertung,['operator: Karl Meyer Rohstoffverwertung'],,Pestalozzistr. Ecke Kaiser-Friedrich-Str. ARAL-Tankstelle,,,,,,,,,,,,Charlottenburg-Wilmersdorf,Charlottenburg,11004004
666388887,,,POINT (13.3145002 52.4915661),['glass_bottles'],,,,,Württembergische Str. 1 / Am Preußenpark,,,,,,,,,,,,Charlottenburg-Wilmersdorf,Wilmersdorf,11004004
666427342,,,POINT (13.2562765 52.5193996),['glass_bottles'],,Karl Meyer Rohstoffverwertung,['operator: Karl Meyer Rohstoffverwertung'],,Reichsstr. 37 ggü. / Brixplatz,,,,,,,,,,,,Charlottenburg-Wilmersdorf,Westend,11004004
667211336,aerowest,,POINT (13.2640205 52.5145534),['glass_bottles'],,Karl Meyer Rohstoffverwertung,['operator: Karl Meyer Rohstoffverwertung'],,Reichsstr. 88A ggü. Ecke Kirschallee,,,,,,,,,,,,Charlottenburg-Wilmersdorf,Westend,11004004
668246113,,,POINT (13.2547114 52.4502288),"['glass_bottles', 'clothes', 'shoes']",,,,,,,,,,,,,,,,,Steglitz-Zehlendorf,Zehlendorf,11006006
669088713,,,POINT (13.5000689 52.44),['glass_bottles'],,,,,,,,,,,,,,,,,Treptow-Köpenick,Johannisthal,11009009
669692992,,,POINT (13.5032336 52.4408893),['clothes'],,,,,,,,,,,,,,,,,Treptow-Köpenick,Johannisthal,11009009
669693018,,,POINT (13.502931 52.4418694),['clothes'],,,,,,,,,,,,,,,,,Treptow-Köpenick,Johannisthal,11009009
670658007,,,POINT (13.3465274 52.4825375),['glass_bottles'],,Karl Meyer Rohstoffverwertung,['operator: Karl Meyer Rohstoffverwertung'],,,,,,,,,,,,,,Tempelhof-Schöneberg,Schöneberg,11007007
670658013,,,POINT (13.345319 52.4871817),['glass_bottles'],,Karl Meyer Rohstoffverwertung,['operator: Karl Meyer Rohstoffverwertung'],,,,,,,,,,,,,,Tempelhof-Schöneberg,Schöneberg,11007007
670658027,,,POINT (13.346407 52.4963133),['glass_bottles'],,,,,,,,,,,,,,,,,Tempelhof-Schöneberg,Schöneberg,11007007
673084078,,,POINT (13.4130937 52.5586064),['glass_bottles'],,,,,,,,,,,,,,,,,Pankow,Pankow,11003003
675112472,,,POINT (13.5044715 52.4364074),['clothes'],,,,,,,,,,,,,,,,,Treptow-Köpenick,Johannisthal,11009009
675450901,,,POINT (13.4267432 52.5629254),['glass_bottles'],,,,,,,,,,,,,,,,,Pankow,Pankow,11003003
676171381,,,POINT (13.4363371 52.5657889),['glass_bottles'],,Karl Meyer,['operator: Karl Meyer'],,,,,,no,,,,,Not wheelchair accessible,"hours=Mo-Sa 07:00-13:00,15:00-20:00; PH closed",,Pankow,Heinersdorf,11003003
677845120,,,POINT (13.4834761 52.6197503),['glass_bottles'],,Karl Meyer Rohstoffverwertung,['operator: Karl Meyer Rohstoffverwertung'],,,,,,,,,,,,,,Pankow,Karow,11003003
678901078,,,POINT (13.291589 52.4462616),['clothes'],,,,,,,,,,,,,,,,,Steglitz-Zehlendorf,Dahlem,11006006
678901093,,,POINT (13.3015088 52.4569601),['glass_bottles'],,,,,,,,,,,,,,,,,Steglitz-Zehlendorf,Dahlem,11006006
678901096,,,POINT (13.302012 52.4586119),['clothes'],,Humana,['operator: Humana'],,,,,,,,,,,,,,Steglitz-Zehlendorf,Dahlem,11006006
681324362,,,POINT (13.4967416 52.4416479),"['clothes', 'shoes']",,,,,,,,,,,,,,,,,Treptow-Köpenick,Johannisthal,11009009
686534293,,,POINT (13.3589432 52.5208646),['glass_bottles'],,,,,,,,,,,,,,,,,Mitte,Moabit,11001001
687954412,,,POINT (13.4324821 52.4885552),['glass_bottles'],,,,,,,,,,,,,,,,,Neukölln,Neukölln,11008008
689563346,,,POINT (13.2966299 52.4464728),['glass_bottles'],,,,,,,,,,,,,,,,,Steglitz-Zehlendorf,Lichterfelde,11006006
689563388,,,POINT (13.3385347 52.4740287),['glass_bottles'],,,,,,,,,,,,,,,hours=Mo-Sa 07:00-20:00; PH closed,,Tempelhof-Schöneberg,Friedenau,11007007
689563394,,,POINT (13.3494981 52.4823138),['clothes'],,,,,,,,,,,,,,,,,Tempelhof-Schöneberg,Schöneberg,11007007
689563395,,,POINT (13.3511517 52.4833251),['glass_bottles'],,,,,,,,,,,,,,,,,Tempelhof-Schöneberg,Schöneberg,11007007
690291927,,,POINT (13.511705 52.4454805),['glass_bottles'],,,,,,,,,,,,,,,,,Treptow-Köpenick,Johannisthal,11009009
691484498,,,POINT (13.317398 52.4501272),['clothes'],,Obdachlosenhilfe Die Brücke,['operator: Obdachlosenhilfe Die Brücke'],,,,,,,,,,,,,,Steglitz-Zehlendorf,Lichterfelde,11006006
691484526,,,POINT (13.3204025 52.4524565),['glass_bottles'],,,,,,,,,,,,,,,,,Steglitz-Zehlendorf,Steglitz,11006006
691484559,,,POINT (13.3237847 52.4546969),"['clothes', 'shoes']",,GAK Textilrecycling,['operator: GAK Textilrecycling'],,,contact:phone: +49 163 954 77 95; contact:email: servicecontainer@web.de,,,,,,,,,,,Steglitz-Zehlendorf,Steglitz,11006006
691484863,,,POINT (13.3422676 52.4774109),['clothes'],,,,,,,,,,,,,,,,,Tempelhof-Schöneberg,Friedenau,11007007
693251387,,,POINT (13.4944524 52.566167),['glass_bottles'],,,,,,,,,,,,,,,,,Lichtenberg,Neu-Hohenschönhausen,11011011
693892009,,,POINT (13.3034941 52.4949871),['clothes'],,GAK Textilrecycling,['operator: GAK Textilrecycling'],,,,,,,,,,,,,,Charlottenburg-Wilmersdorf,Wilmersdorf,11004004
693892033,,,POINT (13.3104158 52.5047905),['clothes'],,,,,,,,,,,,,,,,,Charlottenburg-Wilmersdorf,Charlottenburg,11004004
696733150,,,POINT (13.4101677 52.3824218),['glass_bottles'],,,,,,,,,,,,,,,,,Tempelhof-Schöneberg,Lichtenrade,11007007
697737311,,,POINT (13.4080661 52.5319397),['glass_bottles'],,Karl Meyer Rohstoffverwertung,['operator: Karl Meyer Rohstoffverwertung'],,,,,,,,,,,,,,Pankow,Prenzlauer Berg,11003003
698776030,,,POINT (13.4859766 52.5112797),['glass_bottles'],,,,,,,,,yes,,,,,Wheelchair accessible,"hours=Mo-Sa 07:00-13:00,15:00-20:00",,Lichtenberg,Lichtenberg,11011011
698938901,,,POINT (13.3435103 52.4713002),['glass_bottles'],,,,,,,,,,,,,,,,,Tempelhof-Schöneberg,Schöneberg,11007007
699534099,,,POINT (13.4936098 52.4103536),['glass_bottles'],,,,,,,,,,,,,,,,,Neukölln,Rudow,11008008
699540604,,,POINT (13.5000924 52.4046724),,,,,,,,,,,,,,,,,,Neukölln,Rudow,11008008
701733262,,,POINT (13.6417348 52.3781889),['glass_bottles'],,,,,,,,,,,,,,,,,Treptow-Köpenick,Schmöckwitz,11009009
701809316,,,POINT (13.4857952 52.618705),['glass_bottles'],,,,,,,,,,,,,,,,,Pankow,Karow,11003003
704002930,,,POINT (13.3311917 52.4899238),['glass_bottles'],,Karl Meyer Rohstoffverwertung,['operator: Karl Meyer Rohstoffverwertung'],,Bundesallee 189 Ecke Tharandter Str.,,,,,,,,,,,,Charlottenburg-Wilmersdorf,Wilmersdorf,11004004
704913882,,,POINT (13.3360768 52.4947033),['glass_bottles'],,Karl Meyer Rohstoffverwertung,['operator: Karl Meyer Rohstoffverwertung'],,Nachodstr. 25,,,,,,,,,,,,Charlottenburg-Wilmersdorf,Wilmersdorf,11004004
705513418,,,POINT (13.3005897 52.5076632),['clothes'],,,,,,,,,,,,,,,,,Charlottenburg-Wilmersdorf,Charlottenburg,11004004
707456091,,,POINT (13.3706611 52.5484962),['glass_bottles'],,,,,,,,,,,,,,,,,Mitte,Gesundbrunnen,11001001
710761818,,,POINT (13.5360847 52.4776911),['glass_bottles'],,,,,,,,,,,,,,,,,Lichtenberg,Karlshorst,11011011
712159917,,,POINT (13.4769238 52.5641786),['clothes'],,,,,,,,,,,,,,,,,Pankow,Weißensee,11003003
715040105,,,POINT (13.3477155 52.4465983),['clothes'],,,,,,,,,,,,,,,,,Steglitz-Zehlendorf,Steglitz,11006006
715203762,,,POINT (13.3123926 52.479009),['glass_bottles'],,BR Berlin Recycling GmbH,['operator: BR Berlin Recycling GmbH'],,"Heidelberger Platz, Höhe U-Bahn Eingang",,,,,,,,,,,,Charlottenburg-Wilmersdorf,Wilmersdorf,11004004
715203808,,,POINT (13.3072849 52.477229),"['glass_bottles', 'glass_bottles_white', 'glass_bottles_green', 'glass_bottles_brown']",,Karl Meyer Rohstoffverwertung,['operator: Karl Meyer Rohstoffverwertung'],,Mecklenburgische Str. 65 - 68,,,,,,,,,,,,Charlottenburg-Wilmersdorf,Wilmersdorf,11004004
715911573,,,POINT (13.3109955 52.5105155),"['clothes', 'shoes']",,TEXAID Deutschland,['operator: TEXAID Deutschland'],,,,,,,,,,,,,,Charlottenburg-Wilmersdorf,Charlottenburg,11004004
715911676,,,POINT (13.3000416 52.5100716),['glass_bottles'],,Karl Meyer Rohstoffverwertung,['operator: Karl Meyer Rohstoffverwertung'],,,,,,,,,,,,,,Charlottenburg-Wilmersdorf,Charlottenburg,11004004
718143699,,,POINT (13.289686 52.5065385),['glass_bottles'],,Karl Meyer Rohstoffverwertung,['operator: Karl Meyer Rohstoffverwertung'],,Neue Kantstr. Ecke Kuno-Fischer-Str.,,,,,,,,,,,,Charlottenburg-Wilmersdorf,Charlottenburg,11004004
718143743,,,POINT (13.2279117 52.5077048),['clothes'],,,,,,,,,,,,,,,,,Charlottenburg-Wilmersdorf,Westend,11004004
718143788,aerowest,,POINT (13.2522393 52.5159272),"['glass_bottles', 'glass_bottles_white', 'glass_bottles_green', 'glass_bottles_brown']",,Karl Meyer Rohstoffverwertung,['operator: Karl Meyer Rohstoffverwertung'],,Olympische Str. 30 - 34,,,,,,,,,,,,Charlottenburg-Wilmersdorf,Westend,11004004
718143820,,,POINT (13.2282412 52.5074263),['glass_bottles'],,Rhenus,['operator: Rhenus'],,Schirwindter Allee 2 ggü. Nähe Scholzplatz neben Aral,,,,,,,,,,,,Charlottenburg-Wilmersdorf,Westend,11004004
718143856,,,POINT (13.2286519 52.5093155),['glass_bottles'],,Karl Meyer Rohstoffverwertung,['operator: Karl Meyer Rohstoffverwertung'],,Schirwindter Allee ggü. Nr. 22,,,,,,,,,,,,Charlottenburg-Wilmersdorf,Westend,11004004
726675244,,,POINT (13.4498647 52.5267477),['glass_bottles'],,,,,,,,,,,,,,,,,Friedrichshain-Kreuzberg,Friedrichshain,11002002
726675246,,,POINT (13.4495214 52.5266563),"['cans', 'paper', 'plastic', 'green_waste']",,,,,,,,,,,,,,,,,Friedrichshain-Kreuzberg,Friedrichshain,11002002
727851982,,,POINT (13.3493276 52.4914572),['glass_bottles'],,Karl Meyer Rohstoffverwertung,['operator: Karl Meyer Rohstoffverwertung'],,,,,,,,,,,,,,Tempelhof-Schöneberg,Schöneberg,11007007
727852002,,,POINT (13.3520991 52.4885692),['glass_bottles'],,Karl Meyer Rohstoffverwertung,['operator: Karl Meyer Rohstoffverwertung'],,,,,,,,,,,,,,Tempelhof-Schöneberg,Schöneberg,11007007
727852091,,,POINT (13.3588949 52.485693),['glass_bottles'],,Karl Meyer Rohstoffverwertung,['operator: Karl Meyer Rohstoffverwertung'],,,,,,,,,,,,,,Tempelhof-Schöneberg,Schöneberg,11007007
730172922,,,POINT (13.3643119 52.4954408),['glass_bottles'],,Karl Meyer Rohstoffverwertung,['operator: Karl Meyer Rohstoffverwertung'],,,,,,,,,,,,,,Tempelhof-Schöneberg,Schöneberg,11007007
735944516,,,POINT (13.5632818 52.4466515),"['clothes', 'shoes']",,,,,,,,,,,,,,,,,Treptow-Köpenick,Köpenick,11009009
737212481,,,POINT (13.4396464 52.5411124),['glass_bottles'],,,,,,,,,,,,,,,,,Pankow,Prenzlauer Berg,11003003
737216262,,,POINT (13.4294318 52.5449491),['glass_bottles'],"['clothes', 'cans', 'paper', 'plastic']",Karl Meyer Rohstoffverwertung GmbH,['operator: Karl Meyer Rohstoffverwertung GmbH'],,"Grellstraße, 10409",,,,,,,,,,,,Pankow,Prenzlauer Berg,11003003
737216267,,,POINT (13.4320442 52.5438226),['glass_bottles'],,,,,,,,,,,,,,,,,Pankow,Prenzlauer Berg,11003003
743382953,,,POINT (13.3388778 52.5329326),['glass_bottles'],,,,,,,,,,,,,,,,,Mitte,Moabit,11001001
752903317,,,POINT (13.4526791 52.4726658),['glass_bottles'],,Karl Meyer Rohstoffverwertung,['operator: Karl Meyer Rohstoffverwertung'],,,,,,,,,,,,,,Neukölln,Neukölln,11008008
761371627,,,POINT (13.5640995 52.4457914),['glass_bottles'],,,,,,,,yes,,,,,,,,,Treptow-Köpenick,Köpenick,11009009
762003698,,,POINT (13.5757771 52.4900402),['glass_bottles'],,,,,,,,,,,,,,,,,Marzahn-Hellersdorf,Kaulsdorf,11010010
762607349,,,POINT (13.3499131 52.5420366),['clothes'],,Familienschutzwerk,['operator: Familienschutzwerk'],,,,,,,,,,,,,,Mitte,Wedding,11001001
762607352,,,POINT (13.3499436 52.5420068),['glass_bottles'],,Karl Meyer Rohstoffverwertung,['operator: Karl Meyer Rohstoffverwertung'],,,,,,,,,,,,,,Mitte,Wedding,11001001
764609993,survey,,POINT (13.447836 52.4979991),['glass_bottles'],,Karl Meyer Rohstoffverwertung,['operator: Karl Meyer Rohstoffverwertung'],,,,,,yes,,,0.0,,Wheelchair accessible,,,Friedrichshain-Kreuzberg,Kreuzberg,11002002
766484393,,,POINT (13.4587991 52.5272039),['glass_bottles'],,,,,,,,,,,,,,,,,Lichtenberg,Fennpfuhl,11011011
766718536,,,POINT (13.4214277 52.5824598),['glass_bottles'],,,,,,,,,,,,,,,,,Pankow,Niederschönhausen,11003003
766728455,,,POINT (13.4134212 52.488687),['glass_bottles'],,Karl Meyer Rohstoffverwertung,['operator: Karl Meyer Rohstoffverwertung'],,,,,,,,,,,,,,Friedrichshain-Kreuzberg,Kreuzberg,11002002
768871965,,,POINT (13.2899543 52.4757409),"['glass_bottles', 'glass_bottles_white', 'glass_bottles_green', 'glass_bottles_brown']",,Karl Meyer Rohstoffverwertung,['operator: Karl Meyer Rohstoffverwertung'],,Friedrichshaller Str. Ecke Breite Str. / Berkaer Str.,,,,,,,,,,,,Charlottenburg-Wilmersdorf,Schmargendorf,11004004
770651401,,,POINT (13.4333751 52.5577404),"['clothes', 'shoes']",,Deutsches Rotes Kreuz,['operator: Deutsches Rotes Kreuz'],,,,,,,,,,,,,,Pankow,Weißensee,11003003
775342942,,,POINT (13.3059399 52.4591099),"['glass_bottles', 'clothes']",,Karl Meyer Rohstoffverwertung,['operator: Karl Meyer Rohstoffverwertung'],,,,,,,,,,,,,,Steglitz-Zehlendorf,Steglitz,11006006
779033050,,,POINT (13.4061901 52.505638),['glass_bottles'],,,,,,,,,,,,,,,,,Friedrichshain-Kreuzberg,Kreuzberg,11002002
783500754,,,POINT (13.4464436 52.5113242),['glass_bottles'],,Karl Meyer Rohstoffverwertung,['operator: Karl Meyer Rohstoffverwertung'],,Altglascontainer,,,,,,,,,,"hours=Mo-Sa 07:00-13:00,15:00-20:00",,Friedrichshain-Kreuzberg,Friedrichshain,11002002
790502649,,,POINT (13.4190374 52.5343193),['glass_bottles'],,Karl Meyer Rohstoffverwertung,['operator: Karl Meyer Rohstoffverwertung'],,,,,,,,,,,,,,Pankow,Prenzlauer Berg,11003003
790509210,,,POINT (13.4230098 52.5258235),['clothes'],,Karl Meyer Rohstoffverwertung,['operator: Karl Meyer Rohstoffverwertung'],,,,,,,,,,,,,,Friedrichshain-Kreuzberg,Friedrichshain,11002002
793020070,survey,,POINT (13.3906406 52.5365496),['glass_bottles'],,Karl Meyer Rohstoffverwertung,['operator: Karl Meyer Rohstoffverwertung'],,,,,,,,,0.0,,,,,Mitte,Gesundbrunnen,11001001
793735858,,,POINT (13.3991853 52.5386552),"['clothes', 'shoes']",,RS,['operator: RS'],,,,,,,,,,,,,,Mitte,Mitte,11001001
799244028,,,POINT (13.4640787 52.51292),['glass_bottles'],,,,,,,,,,,,,,,,,Friedrichshain-Kreuzberg,Friedrichshain,11002002
801749159,,,POINT (13.4145711 52.504279),['glass_bottles'],,,,,,,,,,,,,,,,,Friedrichshain-Kreuzberg,Kreuzberg,11002002
801993440,,,POINT (13.3188242 52.4137162),,,,,,,,,,,,,,,,,,Steglitz-Zehlendorf,Lichterfelde,11006006
801994162,,,POINT (13.3172846 52.4118086),['glass_bottles'],,,,,,,,,,,,,,,,,Steglitz-Zehlendorf,Lichterfelde,11006006
802697241,,,POINT (13.3611328 52.4961463),['glass_bottles'],,Karl Meyer Rohstoffverwertung,['operator: Karl Meyer Rohstoffverwertung'],,,,,,,,,,,,,,Tempelhof-Schöneberg,Schöneberg,11007007
809926775,,,POINT (13.2144891 52.5630498),['glass_bottles'],,Berliner Stadtreinigungsbetriebe,"['operator: Berliner Stadtreinigungsbetriebe', 'operator:short: BSR']",,,,,,yes,,,,,Wheelchair accessible,,,Spandau,Hakenfelde,11005005
818852684,,,POINT (13.452075 52.5395821),['glass_bottles'],,,,,,,,,,,,,,,,,Pankow,Prenzlauer Berg,11003003
823788768,,,POINT (13.3034173 52.4495551),['glass_bottles'],,Karl Meyer Rohstoffverwertung,['operator: Karl Meyer Rohstoffverwertung'],,,,contact:website: https://berlin-recycling.de,,,,,0.0,,,"hours=Mo-Sa 07:00-13:00, 15:00-20:00",,Steglitz-Zehlendorf,Lichterfelde,11006006
824505895,,,POINT (13.3908972 52.4877956),['glass_bottles'],,Karl Meyer Rohstoffverwertung,['operator: Karl Meyer Rohstoffverwertung'],,,,,,,,,,,,,,Friedrichshain-Kreuzberg,Kreuzberg,11002002
829287428,,,POINT (13.3392348 52.4615266),['glass_bottles'],,,,,,,,,,,,,,,,,Steglitz-Zehlendorf,Steglitz,11006006
829287977,,,POINT (13.3450342 52.4616365),['glass_bottles'],,,,,,,,,,,,,,,,,Steglitz-Zehlendorf,Steglitz,11006006
830077041,,,POINT (13.4321876 52.5497418),,,,,,,,,private,,,,,,Access restricted (private),,,Pankow,Prenzlauer Berg,11003003
831530060,,,POINT (13.3677036 52.5746038),['glass_bottles'],,Karl Meyer Rohstoffverwertung,['operator: Karl Meyer Rohstoffverwertung'],,,,,,,,,,,,,,Reinickendorf,Reinickendorf,11012012
831530114,,,POINT (13.3679061 52.5746738),['clothes'],,,,,,,,,yes,,,,,Wheelchair accessible,hours=24/7,,Reinickendorf,Reinickendorf,11012012
832549923,,,POINT (13.3667106 52.5580505),['glass_bottles'],,Gew. Fa. Mettex,['operator: Gew. Fa. Mettex'],,,,,,,,,,,,,,Mitte,Gesundbrunnen,11001001
832549963,,,POINT (13.3667606 52.5580632),['glass_bottles'],,Karl Meyer Rohstoffverwertung,['operator: Karl Meyer Rohstoffverwertung'],,,,,,,,,,,,,,Mitte,Gesundbrunnen,11001001
832835230,,,POINT (13.3672002 52.5521892),['glass_bottles'],,Karl Meyer Rohstoffverwertung,['operator: Karl Meyer Rohstoffverwertung'],,,,,,,,,,,,,,Mitte,Wedding,11001001
832835258,,,POINT (13.3657411 52.5548419),"['clothes', 'shoes']",,Gew. Fa. Mettex,['operator: Gew. Fa. Mettex'],,,,,,,,,,,,,,Mitte,Wedding,11001001
832913693,,,POINT (13.3880473 52.6208296),['glass_bottles'],,,,,,,,,,,,,,,,,Pankow,Blankenfelde,11003003
833044272,,,POINT (13.5147372 52.4460212),['glass_bottles'],,,,,,,,,,,,,,,"hours=Mo-Fr 07:00-13:00,15:00-20:00; PH closed",,Treptow-Köpenick,Johannisthal,11009009
833045001,,,POINT (13.5055483 52.4539935),['clothes'],,,,,,,,,,,,,,,,,Treptow-Köpenick,Johannisthal,11009009
833177053,,,POINT (13.4361101 52.4979143),['glass_bottles'],,Karl Meyer Rohstoffverwertung,['operator: Karl Meyer Rohstoffverwertung'],,,,,,,,,,,,,,Friedrichshain-Kreuzberg,Kreuzberg,11002002
835804609,,,POINT (13.4971784 52.4372432),['clothes'],,,,,,,,,,,,,,,,,Treptow-Köpenick,Johannisthal,11009009
835804757,,,POINT (13.497113 52.4401595),['clothes'],,,,,,,,,,,,,,,,,Treptow-Köpenick,Johannisthal,11009009
835805178,,,POINT (13.4932322 52.4386004),['clothes'],,,,,,,,,,,,,,,,,Treptow-Köpenick,Johannisthal,11009009
835805867,,,POINT (13.4931487 52.4386724),['glass_bottles'],,,,,,,,,,parking obstruction,,,,Obstacles: parking obstruction,,,Treptow-Köpenick,Johannisthal,11009009
837696579,,,POINT (13.5141208 52.447966),['clothes'],,,,,,,,,,,,,,,,,Treptow-Köpenick,Johannisthal,11009009
837697248,,,POINT (13.5096802 52.4504759),"['clothes', 'shoes']",,,,,,,,,,,,,,,,,Treptow-Köpenick,Johannisthal,11009009
846642223,,,POINT (13.3331522 52.4822309),['glass_bottles'],,Karl Meyer Rohstoffverwertung,['operator: Karl Meyer Rohstoffverwertung'],,Prinzregentenstr. 35 Ecke Am Volkspark,,,,,,,,,,,,Charlottenburg-Wilmersdorf,Wilmersdorf,11004004
849518351,,,POINT (13.5979887 52.4414702),['glass_bottles'],,,,,,,,,,,,,,,,,Treptow-Köpenick,Köpenick,11009009
851572172,,,POINT (13.5310079 52.404977),['glass_bottles'],,,,,,,,,,,,,,,,,Treptow-Köpenick,Altglienicke,11009009
851572206,,,POINT (13.5265796 52.4012739),['glass_bottles'],,,,,,,,,,,,,,,,,Treptow-Köpenick,Altglienicke,11009009
851572318,,,POINT (13.5258583 52.406534),['glass_bottles'],,,,,,,,,,,,,,,,,Treptow-Köpenick,Altglienicke,11009009
851572524,,,POINT (13.5355462 52.4179618),['clothes'],,,,,,,,,,,,,,,,,Treptow-Köpenick,Altglienicke,11009009
851572590,,,POINT (13.5586995 52.410232),['glass_bottles'],,,,,,,,,,,,,,,,,Treptow-Köpenick,Altglienicke,11009009
851572679,,,POINT (13.547842 52.4171325),['glass_bottles'],,,,,,,,,,,,,,,,,Treptow-Köpenick,Altglienicke,11009009
851572967,,,POINT (13.5272745 52.4246024),['glass_bottles'],,,,,,,,,,,,,,,,,Treptow-Köpenick,Altglienicke,11009009
853380844,,,POINT (13.4997665 52.4597499),['glass_bottles'],,,,,,,,,limited,,,,,Limited wheelchair access,,,Treptow-Köpenick,Baumschulenweg,11009009
853810625,survey,,POINT (13.3970778 52.488942),['glass_bottles'],,Karl Meyer Rohstoffverwertung,['operator: Karl Meyer Rohstoffverwertung'],,,,,,,,,0.0,,,,,Friedrichshain-Kreuzberg,Kreuzberg,11002002
853852735,,,POINT (13.4105734 52.4139766),['glass_bottles'],,,,,,,,,,,,,,,,,Neukölln,Buckow,11008008
853852739,,,POINT (13.4060799 52.4161093),['glass_bottles'],,,,,,,,,,,,,,,,,Neukölln,Buckow,11008008
854327266,,,POINT (13.4346484 52.5356465),['glass_bottles'],,,,,,,,,,,,,,,,,Pankow,Prenzlauer Berg,11003003
854333484,,,POINT (13.3373641 52.4624749),['glass_bottles'],,,,,,,,,,,,,,,,,Steglitz-Zehlendorf,Steglitz,11006006
855356177,,,POINT (13.5285195 52.4123849),['glass_bottles'],,,,,,,,,,,,,,,,,Treptow-Köpenick,Altglienicke,11009009
855356560,,,POINT (13.5243961 52.4057504),['glass_bottles'],,,,,,,,,,,,,,,,,Treptow-Köpenick,Altglienicke,11009009
856852056,,,POINT (13.5112604 52.447065),['clothes'],,,,,,,,,,,,,,,,,Treptow-Köpenick,Johannisthal,11009009
859558760,,,POINT (13.5356545 52.4400324),['glass_bottles'],,,,,,,,,,,,,,,,,Treptow-Köpenick,Adlershof,11009009
861798091,,,POINT (13.4326808 52.4991694),['glass_bottles'],,Karl Meyer Rohstoffverwertung,['operator: Karl Meyer Rohstoffverwertung'],,,,,,,,,,,,"hours=Mo-Sa 07:00-13:00, 15:00-20:00; Su,PH off",,Friedrichshain-Kreuzberg,Kreuzberg,11002002
864945521,,,POINT (13.3946182 52.4641608),['clothes'],,,,,,,,,,,,,,,,,Tempelhof-Schöneberg,Tempelhof,11007007
865282143,,,POINT (13.3256788 52.5216065),"['glass_bottles', 'glass_bottles_white', 'glass_bottles_green', 'glass_bottles_brown']",,Karl Meyer Rohstoffverwertung,['operator: Karl Meyer Rohstoffverwertung'],,Helmholtzstr. ggü. Nr. 28,,,,,,,,,,,,Charlottenburg-Wilmersdorf,Charlottenburg,11004004
874146200,,,POINT (13.1637043 52.5516317),['glass_bottles'],,,,,,,,,,,,,,,,,Spandau,Falkenhagener Feld,11005005
874146205,,,POINT (13.1715152 52.5501356),['glass_bottles'],,,,,,,,,,,,,,,,,Spandau,Falkenhagener Feld,11005005
884859291,,,POINT (13.5335601 52.4599252),['glass_bottles'],,,,,,,,,,,,,,,,,Treptow-Köpenick,Oberschöneweide,11009009
884859342,,,POINT (13.5214177 52.461054),['glass_bottles'],,,,,,,,,,,,,,,,,Treptow-Köpenick,Oberschöneweide,11009009
884890208,,,POINT (13.4649924 52.5071659),['glass_bottles'],,Karl Meyer Rohstoffverwertung,['operator: Karl Meyer Rohstoffverwertung'],,,,,,,,,,,,,,Friedrichshain-Kreuzberg,Friedrichshain,11002002
918358084,,,POINT (13.2903219 52.5189274),"['glass_bottles', 'glass_bottles_white', 'glass_bottles_green', 'glass_bottles_brown']",,Karl Meyer Rohstoffverwertung,['operator: Karl Meyer Rohstoffverwertung'],,Klausenerplatz 23,,,,,,,,,,,,Charlottenburg-Wilmersdorf,Charlottenburg,11004004
919808836,,,POINT (13.34786 52.4857974),['glass_bottles'],,Karl Meyer Rohstoffverwertung,['operator: Karl Meyer Rohstoffverwertung'],,,,,,,,,,,,,,Tempelhof-Schöneberg,Schöneberg,11007007
921503175,,,POINT (13.3800068 52.4977021),['glass_bottles'],,Karl Meyer Rohstoffverwertung,['operator: Karl Meyer Rohstoffverwertung'],,,,,,,,,,,,,,Friedrichshain-Kreuzberg,Kreuzberg,11002002
922500807,,,POINT (13.5051227 52.5178734),['glass_bottles'],,,,,,,,private,,,,,,Access restricted (private),,,Lichtenberg,Lichtenberg,11011011
924592708,,,POINT (13.4905839 52.4048025),['glass_bottles'],,,,,,,,,,,,,,,,,Neukölln,Rudow,11008008
926632450,,,POINT (13.4358834 52.5217582),['glass_bottles'],,,,,,,,,,,,,,,,,Friedrichshain-Kreuzberg,Friedrichshain,11002002
926945643,,,POINT (13.3284308 52.5299299),['clothes'],,Deutsches Rotes Kreuz,['operator: Deutsches Rotes Kreuz'],,,,,,,,,,,,,,Mitte,Moabit,11001001
937153160,,,POINT (13.4949467 52.4318999),['glass_bottles'],,,,,,,,,,,,,,,,,Neukölln,Rudow,11008008
937385028,,,POINT (13.4481781 52.4812443),['glass_bottles'],,,,,,,,,,,,,,,,,Neukölln,Neukölln,11008008
937964262,,,POINT (13.4860905 52.4247903),['glass_bottles'],,,,,,,,,,,,,,,,,Neukölln,Rudow,11008008
937964565,,,POINT (13.42022 52.3903811),['glass_bottles'],,,,,,,,,,,,,,,,,Tempelhof-Schöneberg,Lichtenrade,11007007
937965208,,,POINT (13.4903862 52.4134906),['glass_bottles'],,,,,,,,,,,,,,,,,Neukölln,Rudow,11008008
937965360,,,POINT (13.4838161 52.4166393),['glass_bottles'],,,,,,,,,,,,,,,,,Neukölln,Rudow,11008008
937965437,,,POINT (13.4840775 52.4233134),['clothes'],,,,,,,,,,,,,,,,,Neukölln,Gropiusstadt,11008008
937965627,,,POINT (13.4845339 52.423196),['glass_bottles'],,,,,,,,,,,,,,,,,Neukölln,Rudow,11008008
937965725,,,POINT (13.4946089 52.4309913),['glass_bottles'],,,,,,,,,,,,,,,,,Neukölln,Rudow,11008008
942862141,,,POINT (13.5768683 52.4030508),"['glass_bottles', 'clothes', 'shoes']",,,,,,,,,,,,,,,,,Treptow-Köpenick,Bohnsdorf,11009009
942863649,,,POINT (13.5827279 52.3935365),['glass_bottles'],,,,,,,,,,,,,,,,,Treptow-Köpenick,Bohnsdorf,11009009
944604661,,,POINT (13.5472138 52.5482971),['glass_bottles'],,,,,,,,,,,,,,,,,Marzahn-Hellersdorf,Marzahn,11010010
946947315,,,POINT (13.5606542 52.4033896),['glass_bottles'],,,,,,,,,,parking obstruction,,,,Obstacles: parking obstruction,,,Treptow-Köpenick,Bohnsdorf,11009009
946947593,,,POINT (13.5607441 52.4036568),['clothes'],,,,,,,,,,,,,,,,,Treptow-Köpenick,Bohnsdorf,11009009
946947869,,,POINT (13.5616208 52.4009421),['glass_bottles'],,,,,,,,,,,,,,,,,Treptow-Köpenick,Bohnsdorf,11009009
948654950,,,POINT (13.4915525 52.4206526),['glass_bottles'],,,,,,,,,,,,,,,,,Neukölln,Rudow,11008008
948654983,,,POINT (13.5019542 52.4278736),['glass_bottles'],,,,,,,,,,,,,,,,,Neukölln,Rudow,11008008
948655119,,,POINT (13.4896753 52.4197724),['glass_bottles'],,,,,,,,,,,,,,,,,Neukölln,Rudow,11008008
948655153,,,POINT (13.501819 52.4183961),['clothes'],,,,,,,,,,,,,,,,,Neukölln,Rudow,11008008
948655796,,,POINT (13.5118962 52.4232776),['clothes'],,,,,,,,,,,,,,,,,Neukölln,Rudow,11008008
948655804,,,POINT (13.5141735 52.424239),['glass_bottles'],,,,,,,,,,,,,,,,,Neukölln,Rudow,11008008
948655907,,,POINT (13.4997919 52.4172608),['glass_bottles'],,,,,,,,,,,,,,,,,Neukölln,Rudow,11008008
948656042,,,POINT (13.5012338 52.4202118),['glass_bottles'],,,,,,,,,,,,,,,,,Neukölln,Rudow,11008008
948656045,,,POINT (13.4946495 52.4164176),['clothes'],,,,,,,,,,,,,,,,,Neukölln,Rudow,11008008
948656075,,,POINT (13.4875507 52.4222193),"['clothes', 'shoes']",,,,,,,,,,,,,,,,,Neukölln,Rudow,11008008
948656111,,,POINT (13.5055415 52.4186196),['glass_bottles'],,,,,,,,,,,,,,,,,Neukölln,Rudow,11008008
956276550,,,POINT (13.514252 52.4157965),['glass_bottles'],,,,,,,,,,,,,,,,,Neukölln,Rudow,11008008
956276614,,,POINT (13.5081179 52.4035287),['clothes'],,,,,,,,,,,,,,,,,Neukölln,Rudow,11008008
956276717,,,POINT (13.5237463 52.401925),['clothes'],,,,,,,,,,,,,,,,,Treptow-Köpenick,Altglienicke,11009009
956276836,,,POINT (13.4986872 52.4106029),['clothes'],,,,,,,,,,,,,,,,,Neukölln,Rudow,11008008
956276870,,,POINT (13.5121949 52.4026984),['clothes'],,,,,,,,,,,,,,,,,Neukölln,Rudow,11008008
956276929,,,POINT (13.5070337 52.4031322),"['clothes', 'shoes']",,TEXAID Deutschland,['operator: TEXAID Deutschland'],,,,,,,,,,,,,,Neukölln,Rudow,11008008
956277024,,,POINT (13.5140002 52.416017),['clothes'],,Jugendhilfe e.V.,['operator: Jugendhilfe e.V.'],,,,,,,,,,,,,,Neukölln,Rudow,11008008
957862932,,,POINT (13.416429 52.5027345),['glass_bottles'],,,,,,,,,,,,,,,,,Friedrichshain-Kreuzberg,Kreuzberg,11002002
958860088,,,POINT (13.4051623 52.5220888),['glass_bottles'],,,,,,,,,,,,,,,,,Mitte,Mitte,11001001
961626597,survey,,POINT (13.4034413 52.527267),['glass_bottles'],,Karl Meyer Rohstoffverwertung,['operator: Karl Meyer Rohstoffverwertung'],,,,,,yes,,,0.0,,Wheelchair accessible,,,Mitte,Mitte,11001001
961626645,survey,,POINT (13.4034481 52.5272229),['glass_bottles'],,Bera Textilrecycling,['operator: Bera Textilrecycling'],,,,,,yes,,,0.0,,Wheelchair accessible,,,Mitte,Mitte,11001001
963600605,,,POINT (13.3972985 52.5237641),['glass_bottles'],,RS,['operator: RS'],,,,,,,,,,,,,,Mitte,Mitte,11001001
963600641,,,POINT (13.3971987 52.5237868),['glass_bottles'],,Karl Meyer Rohstoffverwertung,['operator: Karl Meyer Rohstoffverwertung'],,,,,,,,,,,,,,Mitte,Mitte,11001001
963643052,,,POINT (13.3910334 52.4922484),['glass_bottles'],,Karl Meyer Rohstoffverwertung,['operator: Karl Meyer Rohstoffverwertung'],,,,,,,,,,,,,,Friedrichshain-Kreuzberg,Kreuzberg,11002002
963681287,,,POINT (13.3978396 52.49088),['glass_bottles'],,Karl Meyer Rohstoffverwertung,['operator: Karl Meyer Rohstoffverwertung'],,,,,,,,,,,,,,Friedrichshain-Kreuzberg,Kreuzberg,11002002
963681293,,,POINT (13.4022158 52.4851587),['glass_bottles'],,Karl Meyer Rohstoffverwertung,['operator: Karl Meyer Rohstoffverwertung'],,,,,,,,,,,,,,Friedrichshain-Kreuzberg,Kreuzberg,11002002
963695809,,,POINT (13.4100864 52.546176),['glass_bottles'],,,,,,,,,,,,,,,,,Pankow,Prenzlauer Berg,11003003
967206095,,,POINT (13.2879878 52.499298),['clothes'],,GAK Textilrecycling,['operator: GAK Textilrecycling'],,,,,,,,,,,,,,Charlottenburg-Wilmersdorf,Halensee,11004004
968062920,,,POINT (13.329559 52.4599315),['glass_bottles'],,,,,,,,,,,,,,,,,Steglitz-Zehlendorf,Steglitz,11006006
968062923,,,POINT (13.3296376 52.4597584),"['clothes', 'shoes']",,,,,,,,,,,,,,,,,Steglitz-Zehlendorf,Steglitz,11006006
968062927,,,POINT (13.3297043 52.4592986),"['clothes', 'shoes']",,Firma Rotextil,['operator: Firma Rotextil'],,,,,,,,,,,,,,Steglitz-Zehlendorf,Steglitz,11006006
972319896,,,POINT (13.4158312 52.5099962),['glass_bottles'],,Karl Meyer Rohstoffverwertung,['operator: Karl Meyer Rohstoffverwertung'],,,,,,,,,,,,,,Mitte,Mitte,11001001
975866429,,,POINT (13.4002459 52.4903906),['glass_bottles'],,,,,,,,,,,,,,,,,Friedrichshain-Kreuzberg,Kreuzberg,11002002
975885891,,,POINT (13.4139915 52.4933321),['glass_bottles'],,Karl Meyer Rohstoffverwertung,['operator: Karl Meyer Rohstoffverwertung'],,,,,,,,,,,,,,Friedrichshain-Kreuzberg,Kreuzberg,11002002
985901930,,,POINT (13.4942476 52.6274872),['glass_bottles'],,,,,,,,,,,,,,,,,Pankow,Buch,11003003
986312021,,,POINT (13.293417 52.4885794),"['clothes', 'shoes']",,Humana,['operator: Humana'],,,,,,,,,,,,,,Charlottenburg-Wilmersdorf,Schmargendorf,11004004
988742272,,,POINT (13.3666879 52.6050309),['glass_bottles'],,,,,,,,,,,,,,,,,Reinickendorf,Märkisches Viertel,11012012
990239062,,,POINT (13.4252037 52.5563093),['glass_bottles'],,,,,,,,,,,,,,,hours=24/7,,Pankow,Pankow,11003003
998082301,,,POINT (13.2746457 52.4350071),['clothes'],,,,,,,,,,,,,,,,,Steglitz-Zehlendorf,Zehlendorf,11006006
1005959577,,,POINT (13.578863 52.5638358),['glass_bottles'],,,,,,,,,,,,,,,,,Marzahn-Hellersdorf,Marzahn,11010010
1005959581,,,POINT (13.5759237 52.5631543),['glass_bottles'],,,,,,,,,,,,,,,,,Marzahn-Hellersdorf,Marzahn,11010010
1005959589,,,POINT (13.5678173 52.5638332),['glass_bottles'],,,,,,,,,,,,,,,,,Marzahn-Hellersdorf,Marzahn,11010010
1005959644,,,POINT (13.579729 52.5696433),['glass_bottles'],,,,,,,,,,,,,,,,,Marzahn-Hellersdorf,Marzahn,11010010
1005966025,,,POINT (13.571007 52.5674152),['glass_bottles'],,,,,,,,,,,,,,,,,Marzahn-Hellersdorf,Marzahn,11010010
1026507211,,,POINT (13.2775498 52.5099993),['glass_bottles'],,Karl Meyer Rohstoffverwertung,['operator: Karl Meyer Rohstoffverwertung'],,Soorstr. 26 Ecke Kaiserdamm Shell-Tankstelle,,,,,,,,,,,,Charlottenburg-Wilmersdorf,Westend,11004004
1026507217,aerowest,,POINT (13.281218 52.5154843),['glass_bottles'],,Karl Meyer Rohstoffverwertung,['operator: Karl Meyer Rohstoffverwertung'],,Königin-Elisabeth-Str. 32 - 44 / Friedhof,,,,,,,,,,,,Charlottenburg-Wilmersdorf,Westend,11004004
1032978528,,,POINT (13.4887844 52.5344697),"['paper', 'plastic']",,Deutsches Rotes Kreuz,['operator: Deutsches Rotes Kreuz'],,,,,,,,,,,,,,Lichtenberg,Alt-Hohenschönhausen,11011011
1038217542,,,POINT (13.1724843 52.5606455),['glass_bottles'],,,,,,,,,,,,,,,,,Spandau,Hakenfelde,11005005
1038217561,,,POINT (13.163901 52.5512842),['glass_bottles'],,,,,,,,,,,,,,,,,Spandau,Falkenhagener Feld,11005005
1083639793,,,POINT (13.4056959 52.4877041),['green_waste'],,,,,,,,,,,,,,,,,Friedrichshain-Kreuzberg,Kreuzberg,11002002
1107912178,,,POINT (13.4476349 52.4836871),['glass_bottles'],,,,,,,,,,,,,,,,,Neukölln,Neukölln,11008008
1115341318,,,POINT (13.4291053 52.4880536),['glass_bottles'],,Karl Meyer Rohstoffverwertung,['operator: Karl Meyer Rohstoffverwertung'],,,,,,,,,,,,,,Neukölln,Neukölln,11008008
1129802454,,,POINT (13.4903877 52.415207),['glass_bottles'],,,,,,,,,,,,,,,,,Neukölln,Rudow,11008008
1141974517,changeset 91932395,,POINT (13.4287403 52.5025586),"['glass_bottles', 'glass_bottles_brown', 'glass_bottles_green', 'glass_bottles_white']",,,,,,,,,,,,,,,,,Friedrichshain-Kreuzberg,Kreuzberg,11002002
1150615777,,,POINT (13.2178258 52.5090517),"['glass_bottles', 'clothes', 'glass_bottles_white', 'glass_bottles_green', 'glass_bottles_brown']",,,,,,,,,,,,,,,,,Charlottenburg-Wilmersdorf,Westend,11004004
1168914557,,,POINT (13.3102374 52.5717078),,,,,,,,,private,,,,,,Access restricted (private),,,Reinickendorf,Reinickendorf,11012012
1176698906,,,POINT (13.4055713 52.4967965),['glass_bottles'],,,,,,,,,,,,,,,,,Friedrichshain-Kreuzberg,Kreuzberg,11002002
1181625838,,,POINT (13.4534204 52.508069),['glass_bottles'],,Karl Meyer Rohstoffverwertung,['operator: Karl Meyer Rohstoffverwertung'],,,,,,,,,,,,,,Friedrichshain-Kreuzberg,Friedrichshain,11002002
1181625848,,,POINT (13.4533911 52.5080739),['glass_bottles'],,Berlin-Textilrecycling,['operator: Berlin-Textilrecycling'],,,,,,,,,,,,,,Friedrichshain-Kreuzberg,Friedrichshain,11002002
1194597912,,,POINT (13.3068301 52.5168879),"['glass_bottles', 'glass_bottles_white', 'glass_bottles_green', 'glass_bottles_brown']",,Karl Meyer Rohstoffverwertung,['operator: Karl Meyer Rohstoffverwertung'],,Richard-Wagner-Str. 56,,,,,,,,,,,,Charlottenburg-Wilmersdorf,Charlottenburg,11004004
1194782040,,,POINT (13.2968067 52.5160188),['glass_bottles'],,Karl Meyer Rohstoffverwertung,['operator: Karl Meyer Rohstoffverwertung'],,Schloßstr. 56 / Parkplatz,,,,,,,,,,,,Charlottenburg-Wilmersdorf,Charlottenburg,11004004
1194782103,,,POINT (13.2972039 52.5136229),"['glass_bottles', 'clothes']",,Karl Meyer Rohstoffverwertung,['operator: Karl Meyer Rohstoffverwertung'],,Schloßstr. Ecke Hebbelstr.,,,,,,,,,,,,Charlottenburg-Wilmersdorf,Charlottenburg,11004004
1195413136,,,POINT (13.3560612 52.4084315),,,,,,,,,,,,,,,,,,Tempelhof-Schöneberg,Marienfelde,11007007
1196902269,,,POINT (13.4503211 52.449979),,,,,,,,,residents,,,,,,Access restricted (residents),,,Neukölln,Britz,11008008
1198768306,,,POINT (13.3539671 52.5238092),['glass_bottles'],,,,,,,,,,,,,,,,,Mitte,Moabit,11001001
1198768360,,,POINT (13.3160602 52.4670346),['glass_bottles'],,,,,,,,,,,,,,,,,Steglitz-Zehlendorf,Steglitz,11006006
1198768423,,,POINT (13.3897922 52.4942643),['glass_bottles'],,,,,,,,,,,,,,,,,Friedrichshain-Kreuzberg,Kreuzberg,11002002
1212618122,,,POINT (13.5245081 52.4805459),['glass_bottles'],,,,,,,,,,,,,,,,,Lichtenberg,Karlshorst,11011011
1237777021,,,POINT (13.4245178 52.4970817),['glass_bottles'],,,,,,,,,,,,,,,,,Friedrichshain-Kreuzberg,Kreuzberg,11002002
1240609775,changeset 91932395,,POINT (13.2963457 52.4837565),"['glass_bottles', 'glass_bottles_green', 'glass_bottles_white']",,Rhenus,['operator: Rhenus'],,Fritz-Wildung-Str. Ecke Cunostr. im Parkhafen,,,,,,,,,,,,Charlottenburg-Wilmersdorf,Schmargendorf,11004004
1241970079,,,POINT (13.4991269 52.5011484),"['clothes', 'shoes']",,Deutsches Rotes Kreuz e.V.,['operator: Deutsches Rotes Kreuz e.V.'],,,,,,,,,,,,,,Lichtenberg,Friedrichsfelde,11011011
1242393463,,,POINT (13.6460657 52.3492957),['glass_bottles'],,,,,,,,,,,,,,,,,Treptow-Köpenick,Schmöckwitz,11009009
1256825703,,,POINT (13.3461007 52.5202074),['glass_bottles'],,Karl Meyer Rohstoffverwertung,['operator: Karl Meyer Rohstoffverwertung'],,,,,,,,,,,,,,Mitte,Hansaviertel,11001001
1256825711,,,POINT (13.3401384 52.5185676),"['clothes', 'shoes']",,Deutsches Rotes Kreuz,['operator: Deutsches Rotes Kreuz'],,,,,,,,,,,,,,Mitte,Hansaviertel,11001001
1256942896,,,POINT (13.1880493 52.4209448),"['clothes', 'shoes']","['glass', 'batteries', 'cans', 'paper', 'scrap_metal']",Deutsches Rotes Kreuz,['operator: Deutsches Rotes Kreuz'],,,,,,,,,,,,,,Steglitz-Zehlendorf,Nikolassee,11006006
1257922172,,,POINT (13.4775937 52.5028741),['glass_bottles'],,,,,,,,,yes,,,,,Wheelchair accessible,"hours=Mo-Sa 07:00-13:00,15:00-20:00",,Lichtenberg,Rummelsburg,11011011
1278665294,,,POINT (13.1869258 52.4260841),['glass_bottles'],,,,,,,,,,,,,,,,,Steglitz-Zehlendorf,Nikolassee,11006006
1281747185,,,POINT (13.4975046 52.5426627),['glass_bottles'],,,,,,,,,,,,,,,,,Lichtenberg,Alt-Hohenschönhausen,11011011
1289470037,,,POINT (13.3335945 52.479797),['glass_bottles'],,Karl Meyer Rohstoffverwertung,['operator: Karl Meyer Rohstoffverwertung'],,,,,,,,,,,,,,Charlottenburg-Wilmersdorf,Wilmersdorf,11004004
1289505014,,,POINT (13.4429592 52.5179131),['glass_bottles'],,,,,,,,,,,,,,,,,Friedrichshain-Kreuzberg,Friedrichshain,11002002
1289505019,,,POINT (13.4426402 52.5179367),['glass_bottles'],,,,,,,,,,,,,2,,,,Friedrichshain-Kreuzberg,Friedrichshain,11002002
1289968044,,,POINT (13.4032069 52.5371829),['glass_bottles'],,Genehmigte Sammlung Berlin,['operator: Genehmigte Sammlung Berlin'],,,,,,,,,,2,,,,Mitte,Mitte,11001001
1294001869,,,POINT (13.5022889 52.4420625),,,,,,,,,private,,,,,,Access restricted (private),,,Treptow-Köpenick,Johannisthal,11009009
1295543645,,,POINT (13.5432716 52.4273129),"['cans', 'paper', 'scrap_metal', 'plastic']",,,,,,,,,,,,,,,,,Treptow-Köpenick,Adlershof,11009009
1295813853,,,POINT (13.3878297 52.4604161),['glass_bottles'],,,,,,,,,,,,,,,,,Tempelhof-Schöneberg,Tempelhof,11007007
1298546584,,,POINT (13.53352 52.4264823),,,,,,,,,,,,,,,,,,Treptow-Köpenick,Adlershof,11009009
1299614073,,,POINT (13.531202 52.4283619),"['cans', 'paper', 'plastic_packaging']",['plastic'],,,,,,,private,,,,,,Access restricted (private),,,Treptow-Köpenick,Adlershof,11009009
1302791742,,,POINT (13.5298308 52.4277457),,,,,,,,,private,,,,,,Access restricted (private),,,Treptow-Köpenick,Adlershof,11009009
1305230435,,,POINT (13.3154343 52.5178918),['glass_bottles'],,Karl Meyer Rohstoffverwertung,['operator: Karl Meyer Rohstoffverwertung'],,Guerickestr. Ecke Galvanistr.,,,,,,,,,,,,Charlottenburg-Wilmersdorf,Charlottenburg,11004004
1307115282,,,POINT (13.4300438 52.4694907),['glass_bottles'],,Karl Meyer Rohstoffverwertung,['operator: Karl Meyer Rohstoffverwertung'],,,,,,,,,,,,,,Neukölln,Neukölln,11008008
1313558833,,,POINT (13.3770187 52.4835691),['glass_bottles'],,Karl Meyer Rohstoffverwertung,['operator: Karl Meyer Rohstoffverwertung'],,,,,,,,,,,,,,Tempelhof-Schöneberg,Tempelhof,11007007
1313558834,,,POINT (13.376716 52.486865),['glass_bottles'],,Karl Meyer Rohstoffverwertung,['operator: Karl Meyer Rohstoffverwertung'],,,,,,,,,,,,,,Friedrichshain-Kreuzberg,Kreuzberg,11002002
1315007273,,,POINT (13.3894158 52.5397515),['glass_bottles'],,,,,,,,,,,,,,,,,Mitte,Gesundbrunnen,11001001
1322514269,,,POINT (13.3146358 52.4163461),['clothes'],,,,,,,,,,,,,,,,,Steglitz-Zehlendorf,Lichterfelde,11006006
1329525671,,,POINT (13.4757908 52.4758697),['glass_bottles'],,,,,,,,,,,,,,,,,Treptow-Köpenick,Plänterwald,11009009
1331419270,,,POINT (13.6490848 52.3757757),['glass_bottles'],,,,,,,,,,,,,,,,,Treptow-Köpenick,Schmöckwitz,11009009
1331460598,,,POINT (13.6935168 52.3716246),['glass_bottles'],,,,,,,,,,,,,,,,,Treptow-Köpenick,Schmöckwitz,11009009
1334618862,,,POINT (13.4822078 52.4732541),['glass_bottles'],,,,,,,,,,,,,,,,,Treptow-Köpenick,Plänterwald,11009009
1334618871,,,POINT (13.4809554 52.4728119),['clothes'],,,,,,,,,,,,,,,,,Treptow-Köpenick,Plänterwald,11009009
1340487772,,,POINT (13.2955237 52.4771435),['clothes'],,,,,,,,,,,,,,,,,Charlottenburg-Wilmersdorf,Schmargendorf,11004004
1344792863,,,POINT (13.4923283 52.4702999),['glass_bottles'],,,,,,,,,,,,,,,,,Treptow-Köpenick,Baumschulenweg,11009009
1346939802,,,POINT (13.4234422 52.5072722),['clothes'],,,,,,,,,,,,,,,,,Mitte,Mitte,11001001
1348720510,,,POINT (13.4393979 52.5023101),['glass_bottles'],,Karl Meyer Rohstoffverwertung,['operator: Karl Meyer Rohstoffverwertung'],,,,,,,,,,,,,,Friedrichshain-Kreuzberg,Kreuzberg,11002002
1373665465,,,POINT (13.2969747 52.4920913),['clothes'],,,,,,,,,,,,,,,,,Charlottenburg-Wilmersdorf,Halensee,11004004
1389419230,,,POINT (13.392918 52.5282282),['glass_bottles'],,Karl Meyer Rohstoffverwertung,['operator: Karl Meyer Rohstoffverwertung'],,,,,,,,,,,,,,Mitte,Mitte,11001001
1389419259,,,POINT (13.4052878 52.5296584),['glass_bottles'],,Karl Meyer Rohstoffverwertung,['operator: Karl Meyer Rohstoffverwertung'],,,,,,yes,,,,,Wheelchair accessible,,,Mitte,Mitte,11001001
1389419260,,,POINT (13.4052586 52.5296614),['glass_bottles'],,,,,,,,,yes,,,,,Wheelchair accessible,,,Mitte,Mitte,11001001
1396365798,,,POINT (13.3106269 52.4357435),['glass_bottles'],,,,,,,,,,parking obstruction,,,,Obstacles: parking obstruction,,,Steglitz-Zehlendorf,Lichterfelde,11006006
1406131351,,,POINT (13.53917 52.4511732),['glass_bottles'],,,,,,,,,,,,,,,,,Treptow-Köpenick,Niederschöneweide,11009009
1409737001,,,POINT (13.2719612 52.5419378),['glass_bottles'],,,,,,,,,,,,,,,,,Spandau,Siemensstadt,11005005
1409737043,,,POINT (13.2719917 52.541963),['clothes'],,,,,,,,,,,,,,,,,Spandau,Siemensstadt,11005005
1410420341,,,POINT (13.2699203 52.5396318),['clothes'],,,,,,,,,,,,,,,,,Spandau,Siemensstadt,11005005
1410437944,,,POINT (13.3164594 52.4258813),['glass_bottles'],,,,,,,,,,,,,,,,,Steglitz-Zehlendorf,Lichterfelde,11006006
1411536202,,,POINT (13.4467531 52.491486),['glass_bottles'],,,,,,,,,,,,,,,,,Treptow-Köpenick,Alt-Treptow,11009009
1412088225,,,POINT (13.2607589 52.5438605),['clothes'],,,,,,,,,,,,,,,,,Spandau,Siemensstadt,11005005
1414338683,,,POINT (13.4499917 52.4824839),['glass_bottles'],,,,,,,,,,,,,,,,,Neukölln,Neukölln,11008008
1414338685,,,POINT (13.4551614 52.4835976),"['clothes', 'shoes']",,TEXAID Deutschland,['operator: TEXAID Deutschland'],,,,,,,,,,,,,,Neukölln,Neukölln,11008008
1415209049,,,POINT (13.5899499 52.4106849),['glass_bottles'],,,,,,,,,,,,,,,,,Treptow-Köpenick,Grünau,11009009
1420026691,,,POINT (13.2708297 52.547645),['glass_bottles'],,Rhenus,['operator: Rhenus'],,Jungfernheideweg ggü. Nr. 80 Ecke Saatwinkler Damm,,,,,,,,,,,,Charlottenburg-Wilmersdorf,Charlottenburg-Nord,11004004
1420043975,,,POINT (13.2641 52.5383749),['glass_bottles'],,,,,,,,,,,,,,,,,Spandau,Siemensstadt,11005005
1434318202,,,POINT (13.3106793 52.4276826),"['glass', 'paper', 'scrap_metal', 'cardboard', 'plastic', 'plastic_bottles', 'christmas_trees', 'green_waste', 'beverage_cartons', 'books', 'cartons', 'chipboard', 'cork', 'garden_waste', 'newspaper', 'paper_packaging', 'plasterboard', 'plastic_bags', 'polyester', 'waste', 'wood']",,Bernd Klebs Recycling,['name: Bernd Klebs Recycling'],,"Barnackufer 27, 12207 Lichterfelde",,website: https://www.klebs.info/,,,,,,,,hours=Mo-Fr 07:00-16:00,,Steglitz-Zehlendorf,Lichterfelde,11006006
1453577801,,,POINT (13.431868 52.4908661),['glass_bottles'],,,,,,,,,,,,,,,,,Neukölln,Neukölln,11008008
1454810569,,,POINT (13.5303175 52.4484604),['glass_bottles'],,,,,,,,,,,,,,,,,Treptow-Köpenick,Niederschöneweide,11009009
1454810585,,,POINT (13.5279662 52.449117),['clothes'],,DRK Kreisverband Müggelspree e.V.,['operator: DRK Kreisverband Müggelspree e.V.'],,,,,,,,,,,,,,Treptow-Köpenick,Niederschöneweide,11009009
1454810586,,,POINT (13.531127 52.4502592),"['clothes', 'shoes']",,DRK Kreisverband Müggelspree e.V.,['operator: DRK Kreisverband Müggelspree e.V.'],,,,,,,,,,,,,,Treptow-Köpenick,Niederschöneweide,11009009
1464419363,,,POINT (13.4475485 52.5552342),['glass_bottles'],,,,,,,,,,,,,,,,,Pankow,Weißensee,11003003
1478997888,,,POINT (13.4930437 52.469634),"['clothes', 'shoes']",,Humana,['operator: Humana'],,,,,,,,,,,,,,Treptow-Köpenick,Baumschulenweg,11009009
1483523165,,,POINT (13.5418457 52.4357956),"['clothes', 'shoes']",,Textil-Recycling Nord GmbH,['operator: Textil-Recycling Nord GmbH'],,,,,,no,,,,,Not wheelchair accessible,hours=24/7,,Treptow-Köpenick,Adlershof,11009009
1485772797,,,POINT (13.3155733 52.4862608),['clothes'],,,,,,,,,,,,,,,,,Charlottenburg-Wilmersdorf,Wilmersdorf,11004004
1485772906,,,POINT (13.3194655 52.4872508),['glass_bottles'],,Karl Meyer Rohstoffverwertung,['operator: Karl Meyer Rohstoffverwertung'],,Brandenburgische Str. 1 - 2 Ecke Sigmaringer Str.,,,,,,,,,,,,Charlottenburg-Wilmersdorf,Wilmersdorf,11004004
1492489327,,,POINT (13.503135 52.4959714),"['clothes', 'shoes']",,TEXAID Collection GmbH,['operator: TEXAID Collection GmbH'],,,,,,,,,,,,,,Lichtenberg,Friedrichsfelde,11011011
1508583176,,,POINT (13.5019818 52.4419144),,,,,,,,,private,,,,,,Access restricted (private),,,Treptow-Köpenick,Johannisthal,11009009
1508583191,,,POINT (13.5023723 52.4422714),,,,,,,,,private,,,,,,Access restricted (private),,,Treptow-Köpenick,Johannisthal,11009009
1508979023,,,POINT (13.4369789 52.5005593),['glass_bottles'],,,,,,,,,,,,,,,,,Friedrichshain-Kreuzberg,Kreuzberg,11002002
1509965531,,,POINT (13.5083932 52.5116105),['glass_bottles'],,,,,,,,,,,,,,,,,Lichtenberg,Friedrichsfelde,11011011
1512908388,,,POINT (13.5245819 52.5101096),['glass_bottles'],,,,,,,,,yes,,,,,Wheelchair accessible,"hours=Mo-Sa 07:00-13:00,15:00-20:00",,Lichtenberg,Friedrichsfelde,11011011
1534048937,,,POINT (13.5552117 52.4926259),['glass_bottles'],,,,,,,,,,,,,,,,,Marzahn-Hellersdorf,Biesdorf,11010010
1534183014,,,POINT (13.5226046 52.507126),['glass_bottles'],,,,,,,,,yes,,,,,Wheelchair accessible,"hours=Mo-Sa 07:00-13:00,15:00-20:00",,Lichtenberg,Friedrichsfelde,11011011
1534183016,,,POINT (13.5200022 52.5071174),['glass_bottles'],,,,,,,,,yes,,,,,Wheelchair accessible,"hours=Mo-Sa 07:00-13:00,15:00-20:00",,Lichtenberg,Friedrichsfelde,11011011
1542875070,,,POINT (13.258636 52.5447922),"['clothes', 'shoes']",,,,,,,,,,,,,,,,,Spandau,Siemensstadt,11005005
1547251937,,,POINT (13.5079836 52.4992537),['glass_bottles'],,,,,,,,,,,,,,,"hours=Mo-Sa 07:00-13:00,15:00-20:00",,Lichtenberg,Friedrichsfelde,11011011
1554089408,,,POINT (13.5074421 52.492035),['glass_bottles'],,,,,,,,,,,,,,,,,Lichtenberg,Friedrichsfelde,11011011
1554123762,,,POINT (13.5239773 52.4848531),"['clothes', 'shoes']",,DRK,['operator: DRK'],,,,,,,,,,,,,,Lichtenberg,Karlshorst,11011011
1554123803,,,POINT (13.5247461 52.4858451),"['clothes', 'shoes']",,Kopling,['operator: Kopling'],,,,,,,,,,,,,,Lichtenberg,Karlshorst,11011011
1568241124,,,POINT (13.5337696 52.4228032),['clothes'],,,,,,,,,,,,,,,,,Treptow-Köpenick,Altglienicke,11009009
1570571906,aerowest,,POINT (13.2689344 52.5138382),['glass_bottles'],,Rhenus,['operator: Rhenus'],,Platanenallee Nähe Leistikowstr.,,,,,,,,,,,,Charlottenburg-Wilmersdorf,Westend,11004004
1570571913,aerowest,,POINT (13.3218793 52.5165456),['glass_bottles'],,Rhenus,['operator: Rhenus'],,Guerickestr. 25,,,,,,,,,,,,Charlottenburg-Wilmersdorf,Charlottenburg,11004004
1570571914,aerowest,,POINT (13.2729203 52.5195551),['glass_bottles'],,Rhenus,['operator: Rhenus'],,Spandauer Damm / ggü. Kastanienallee,,,,,,,,,,,,Charlottenburg-Wilmersdorf,Westend,11004004
1570571915,aerowest,,POINT (13.2624762 52.5210488),['glass_bottles'],,Karl Meyer Rohstoffverwertung,['operator: Karl Meyer Rohstoffverwertung'],,Spandauer Damm Ecke Bolivarallee 23 - 25,,,,,,,,,,,,Charlottenburg-Wilmersdorf,Westend,11004004
1570571916,aerowest,,POINT (13.3146644 52.5216345),['glass_bottles'],,Karl Meyer Rohstoffverwertung,['operator: Karl Meyer Rohstoffverwertung'],,Darwinstr. ggü. Nr. 5,,,,,,,,,,,,Charlottenburg-Wilmersdorf,Charlottenburg,11004004
1570571917,aerowest,,POINT (13.2585499 52.5217942),['glass_bottles'],,Karl Meyer Rohstoffverwertung,['operator: Karl Meyer Rohstoffverwertung'],,Spandauer Damm 217 Ecke Meiningenallee,,,,,,,,,,,,Charlottenburg-Wilmersdorf,Westend,11004004
1570571918,aerowest,,POINT (13.2554402 52.5225996),['glass_bottles'],,Rhenus,['operator: Rhenus'],,Spandauer Damm 230 Nähe Kolonie Wochenend,,,,,,,,,,,,Charlottenburg-Wilmersdorf,Westend,11004004
1570571920,aerowest,,POINT (13.2445013 52.5237977),['glass_bottles'],,Rhenus,['operator: Rhenus'],,Rominter Allee Ecke Murellenweg / U-Bhf. Ruhleben südl. der U-Bahn-Brücke,,,,,,,,,,,,Charlottenburg-Wilmersdorf,Westend,11004004
1570571929,aerowest,,POINT (13.3025186 52.5270083),['glass_bottles'],,Berlin Recycling,['operator: Berlin Recycling'],,,,,,,,,,,,"hours=Mo-Sa 07:00-13:00, 15:00-20:00; PH off",,Charlottenburg-Wilmersdorf,Charlottenburg,11004004
1570571930,aerowest,,POINT (13.3100308 52.5292827),['glass_bottles'],,Rhenus,['operator: Rhenus'],,Gaußstr. 10 vor der Laubenkolonie,,,,,,,,,,,,Charlottenburg-Wilmersdorf,Charlottenburg,11004004
1570571941,,,POINT (13.2795388 52.5375753),['glass_bottles'],,,,,Heilmannring 2B ggü. Ecke Toeplerstr.,,,,,parking obstruction,,,,Obstacles: parking obstruction,,,Charlottenburg-Wilmersdorf,Charlottenburg-Nord,11004004
1570571950,,,POINT (13.2999481 52.5394539),['glass_bottles'],,Rhenus,['operator: Rhenus'],,,,,,,,,,,,,,Charlottenburg-Wilmersdorf,Charlottenburg-Nord,11004004
1570571951,"bezirksamt charlottenburg-wilmersdorf von berlin, umweltamt",,POINT (13.3113798 52.5394193),['glass_bottles'],,Karl Meyer Rohstoffverwertung,['operator: Karl Meyer Rohstoffverwertung'],,Heckerdamm 178 / ggü. Kolonie Dreilinden,,,,,,,,,,,,Charlottenburg-Wilmersdorf,Charlottenburg-Nord,11004004
1571568630,"bezirksamt charlottenburg-wilmersdorf von berlin, umweltamt",,POINT (13.2427189 52.5073487),['glass_bottles'],,Karl Meyer Rohstoffverwertung,['operator: Karl Meyer Rohstoffverwertung'],,Heerstr. Ecke Kranzallee,,,,,,,,,,,,Charlottenburg-Wilmersdorf,Westend,11004004
1571568670,"bezirksamt charlottenburg-wilmersdorf von berlin, umweltamt",,POINT (13.2423794 52.5077806),['glass_bottles'],,Rhenus,['operator: Rhenus'],,Flatowallee Ecke Heerstraße,,,,,,,,,,,,Charlottenburg-Wilmersdorf,Westend,11004004
1571568685,"bezirksamt charlottenburg-wilmersdorf von berlin, umweltamt",,POINT (13.2503711 52.5078173),['glass_bottles'],,Rhenus,['operator: Rhenus'],,Heerstr. Nähe Ortelsburger Allee,,,,,,,,,,,,Charlottenburg-Wilmersdorf,Westend,11004004
1571568708,,,POINT (13.217972 52.5090213),['clothes'],,,,,,,,,,,,,,,,,Charlottenburg-Wilmersdorf,Westend,11004004
1571568724,"bezirksamt charlottenburg-wilmersdorf von berlin, umweltamt",,POINT (13.2760904 52.5094487),['glass_bottles'],,Karl Meyer Rohstoffverwertung,['operator: Karl Meyer Rohstoffverwertung'],,Kaiserdamm 77 – 79 / RBB,,,,,,,,,,,,Charlottenburg-Wilmersdorf,Westend,11004004
1571568753,"bezirksamt charlottenburg-wilmersdorf von berlin, umweltamt",,POINT (13.2592297 52.5102322),['glass_bottles'],,Karl Meyer Rohstoffverwertung,['operator: Karl Meyer Rohstoffverwertung'],,Preußenallee 11 ggü. / Sportplatz,,,,,,,,,,,,Charlottenburg-Wilmersdorf,Westend,11004004
1571568764,"bezirksamt charlottenburg-wilmersdorf von berlin, umweltamt",,POINT (13.2825502 52.5127995),['glass_bottles'],,Rhenus,['operator: Rhenus'],,Knobelsdorffstr. 85 Nähe Königin-Elisabeth-Str.,,,,,,,,,,,,Charlottenburg-Wilmersdorf,Westend,11004004
1572582116,,,POINT (13.5753389 52.4166443),['glass_bottles'],,,,,,,,,,,,,,,,,Treptow-Köpenick,Grünau,11009009
1573066723,"bezirksamt charlottenburg-wilmersdorf von berlin, umweltamt",,POINT (13.3087079 52.4679214),['glass_bottles'],,Karl Meyer Rohstoffverwertung,['operator: Karl Meyer Rohstoffverwertung'],,Dillenburger Str. 4 / Nahe Breitenbachplatz 4,,,,,,,,,,,,Charlottenburg-Wilmersdorf,Wilmersdorf,11004004
1573066724,,,POINT (13.3003141 52.4684642),['clothes'],,Kleider & Schuhe,['operator: Kleider & Schuhe'],,Lentzeallee 75 Ecke Albrecht-Thaer-Weg,,,,,,,,,,,,Steglitz-Zehlendorf,Dahlem,11006006
1573066729,"bezirksamt charlottenburg-wilmersdorf von berlin, umweltamt",,POINT (13.3115188 52.4684808),['glass_bottles'],,Karl Meyer Rohstoffverwertung,['operator: Karl Meyer Rohstoffverwertung'],,Johannisberger Str. Ecke Südwestkorso neben Kaiser's,,,,,,,,,,,,Charlottenburg-Wilmersdorf,Wilmersdorf,11004004
1573066743,,,POINT (13.2781764 52.4689088),['glass_bottles'],,Rhenus,['operator: Rhenus'],,Clayallee Nähe Pücklerstr. 27,,,,,,,,,,,,Charlottenburg-Wilmersdorf,Schmargendorf,11004004
1573066749,"bezirksamt charlottenburg-wilmersdorf von berlin, umweltamt",,POINT (13.3110323 52.4745513),['glass_bottles'],,Karl Meyer Rohstoffverwertung,['operator: Karl Meyer Rohstoffverwertung'],,Johannisberger Str. 56 Ecke Homburger Str.,,,,,,,,,,,,Charlottenburg-Wilmersdorf,Wilmersdorf,11004004
1573066752,"bezirksamt charlottenburg-wilmersdorf von berlin, umweltamt",,POINT (13.2786773 52.4746712),['glass_bottles'],,Karl Meyer Rohstoffverwertung,['operator: Karl Meyer Rohstoffverwertung'],,Clayallee Ecke Messelstr. / Bernadottestr.,,,,,,,,,,,,Charlottenburg-Wilmersdorf,Grunewald,11004004
1573066775,"bezirksamt charlottenburg-wilmersdorf von berlin, umweltamt",,POINT (13.3139022 52.4758887),['glass_bottles'],,,,,Aßmannshauser Str. ggü. Nr. 17,,,,,,,,,,,,Charlottenburg-Wilmersdorf,Wilmersdorf,11004004
1573066779,,,POINT (13.3203499 52.4765402),['glass_bottles'],,Karl Meyer Rohstoffverwertung,['operator: Karl Meyer Rohstoffverwertung'],,Laubacher Str. 27 Ecke Fehlerstr.,,,,,,,,,,,,Charlottenburg-Wilmersdorf,Wilmersdorf,11004004
1573066789,,,POINT (13.3203985 52.4766439),['glass_bottles'],,recontextil@gmx.de,['operator: recontextil@gmx.de'],,,,,,,,,,,,,,Tempelhof-Schöneberg,Friedenau,11007007
1573066796,,,POINT (13.2963175 52.4811788),"['glass_bottles', 'glass_bottles_white', 'glass_bottles_green', 'glass_bottles_brown']",,Karl Meyer Rohstoffverwertung,['operator: Karl Meyer Rohstoffverwertung'],,Forckenbeckstr. 37 Ecke Cunostr. / Sporthalle,,,,,,,,,,,,Charlottenburg-Wilmersdorf,Schmargendorf,11004004
1573066802,"bezirksamt charlottenburg-wilmersdorf von berlin, umweltamt",,POINT (13.2827904 52.4814),['glass_bottles'],,Karl Meyer Rohstoffverwertung,['operator: Karl Meyer Rohstoffverwertung'],,Berkaer Str. Ecke Karlsbader Str.,,,,,,,,,,,,Charlottenburg-Wilmersdorf,Schmargendorf,11004004
1573066811,,,POINT (13.3074958 52.4842682),"['glass_bottles', 'glass_bottles_white', 'glass_bottles_green', 'glass_bottles_brown']",,Karl Meyer Rohstoffverwertung,['operator: Karl Meyer Rohstoffverwertung'],,Rudolstädter Str. 42 ggü. / Parkpatz unter Brücke Abzweig Steglitz,,,,,,,,,,,,Charlottenburg-Wilmersdorf,Wilmersdorf,11004004
1573066812,"bezirksamt charlottenburg-wilmersdorf von berlin, umweltamt",,POINT (13.2929252 52.4843079),['glass_bottles'],,Berlin Recycling,['operator: Berlin Recycling'],,Flinsberger Platz Ecke Hohenzollerndamm,,,,,,,,,,"hours=Mo-Sa 07:00-13:00, 15:00-20:00; Su, PH off",,Charlottenburg-Wilmersdorf,Schmargendorf,11004004
1573066813,local knowledge,,POINT (13.3079049 52.4876568),['glass_bottles'],,Karl Meyer Rohstoffverwertung,['operator: Karl Meyer Rohstoffverwertung'],,Berliner Str. 80 Ecke Hohenzollerndamm,,,,,,,,,,,,Charlottenburg-Wilmersdorf,Wilmersdorf,11004004
1573066824,"bezirksamt charlottenburg-wilmersdorf von berlin, umweltamt",,POINT (13.2597831 52.489823),['glass_bottles'],,Karl Meyer Rohstoffverwertung,['operator: Karl Meyer Rohstoffverwertung'],,Dauerwaldweg 1 Ecke Falterweg,,,,,,,,,,,,Charlottenburg-Wilmersdorf,Westend,11004004
1573066825,"bezirksamt charlottenburg-wilmersdorf von berlin, umweltamt",,POINT (13.2595718 52.4992247),['glass_bottles'],,Rhenus,['operator: Rhenus'],,Harbigstr. 36 / Parkplatz Kolonie Waldschule,,,,,,,,,,,,Charlottenburg-Wilmersdorf,Westend,11004004
1573066828,"bezirksamt charlottenburg-wilmersdorf von berlin, umweltamt",,POINT (13.2623112 52.5012222),['glass_bottles'],,Rhenus,['operator: Rhenus'],,Harbigstr. 24 ggü. Ecke Waldschulallee,,,,,,,,,,,,Charlottenburg-Wilmersdorf,Westend,11004004
1574114349,,,POINT (13.3218975 52.4106342),['glass_bottles'],,Karl Meyer Rohstoffverwertung,['operator: Karl Meyer Rohstoffverwertung'],,,,,,,,,,,,,,Steglitz-Zehlendorf,Lichterfelde,11006006
1574114357,,,POINT (13.3194539 52.4132143),,,,,,,,,,,,,,,,,,Steglitz-Zehlendorf,Lichterfelde,11006006
1576124803,,,POINT (13.4240656 52.5676319),['glass_bottles'],['glass'],,,,,,,,,,,,,,,,Pankow,Pankow,11003003
1584090989,,,POINT (13.5039137 52.4403363),,,,,,,,,private,,,,,,Access restricted (private),,,Treptow-Köpenick,Johannisthal,11009009
1585077636,,,POINT (13.5027591 52.4400804),,,,,,,,,private,,,,,,Access restricted (private),,,Treptow-Köpenick,Johannisthal,11009009
1585077676,,,POINT (13.5034177 52.440243),,,,,,,,,private,,,,,,Access restricted (private),,,Treptow-Köpenick,Johannisthal,11009009
1585077724,,,POINT (13.5028403 52.4403098),,,,,,,,,private,,,,,,Access restricted (private),,,Treptow-Köpenick,Johannisthal,11009009
1594379963,,,POINT (13.4962292 52.6258196),"['glass_bottles', 'cans', 'paper', 'plastic', 'food_waste']",,,,,,,,,,,,,,,,,Pankow,Buch,11003003
1608593640,senstadtu dop10-c 2011 erlaubnis 1002-12,,POINT (13.2653754 52.4102033),['glass_bottles'],,,,,,,,,,,,,,,,,Steglitz-Zehlendorf,Zehlendorf,11006006
1608593641,senstadtu dop10-c 2011 erlaubnis 1002-12,,POINT (13.2653722 52.4102244),['glass_bottles'],,Rhenus,['operator: Rhenus'],,,,,,,,,,,,,,Steglitz-Zehlendorf,Zehlendorf,11006006
1608593669,senstadtu dop10-c 2011 erlaubnis 1002-12,,POINT (13.1407868 52.4124451),['clothes'],,,,,,,,,,,,,,,,,Steglitz-Zehlendorf,Wannsee,11006006
1608593691,senstadtu dop10-c 2011 erlaubnis 1002-12,,POINT (13.3183471 52.414044),['glass_bottles'],,Karl Meyer Rohstoffverwertung,['operator: Karl Meyer Rohstoffverwertung'],,,,,,,,,,,,,,Steglitz-Zehlendorf,Lichterfelde,11006006
1608593704,,,POINT (13.3375456 52.4167741),['glass_bottles'],,,,,,,,,,,,,,,,,Steglitz-Zehlendorf,Lichterfelde,11006006
1608593707,senstadtu dop10-c 2011 erlaubnis 1002-12,,POINT (13.2853401 52.4175307),['glass_bottles'],,,,,,,,,,,,,,,,,Steglitz-Zehlendorf,Lichterfelde,11006006
1608593721,senstadtu dop10-c 2011 erlaubnis 1002-12,,POINT (13.1806033 52.4191729),"['clothes', 'shoes']",,Rhenus,['operator: Rhenus'],,,,,,,,,,,,,,Steglitz-Zehlendorf,Nikolassee,11006006
1608593741,senstadtu dop10-c 2011 erlaubnis 1002-12,,POINT (13.1806671 52.4192516),['glass_bottles'],,,,,,,,,,,,,,,,,Steglitz-Zehlendorf,Nikolassee,11006006
1608593742,senstadtu dop10-c 2011 erlaubnis 1002-12,,POINT (13.2936811 52.4194818),['glass_bottles'],,Karl Meyer Rohstoffverwertung,['operator: Karl Meyer Rohstoffverwertung'],,,,,,,,,,,,,,Steglitz-Zehlendorf,Lichterfelde,11006006
1608593758,senstadtu dop10-c 2011 erlaubnis 1002-12,,POINT (13.2448218 52.4214044),['glass_bottles'],,Rhenus,['operator: Rhenus'],,,,,,,,,,,,,,Steglitz-Zehlendorf,Zehlendorf,11006006
1608593771,senstadtu dop10-c 2011 erlaubnis 1002-12,,POINT (13.286906 52.4219045),['glass_bottles'],,,,,,,,,,,,,,,,,Steglitz-Zehlendorf,Lichterfelde,11006006
1608593790,senstadtu dop10-c 2011 erlaubnis 1002-12,,POINT (13.2394082 52.4243896),['glass_bottles'],,Rhenus,['operator: Rhenus'],,,,,,,,,,,,,,Steglitz-Zehlendorf,Zehlendorf,11006006
1608593794,senstadtu dop10-c 2011 erlaubnis 1002-12,,POINT (13.302857 52.4252249),"['clothes', 'shoes']",,TEXAID Collection GmbH,['operator: TEXAID Collection GmbH'],,,,,,,,,,,,,,Steglitz-Zehlendorf,Lichterfelde,11006006
1608593840,senstadtu dop10-c 2011 erlaubnis 1002-12,,POINT (13.1869157 52.4260433),['glass_bottles'],,Rhenus,['operator: Rhenus'],,,,,,,,,,,,,,Steglitz-Zehlendorf,Nikolassee,11006006
1608593851,senstadtu dop10-c 2011 erlaubnis 1002-12,,POINT (13.2436776 52.4261425),['glass_bottles'],,Rhenus,['operator: Rhenus'],,,,,,,,,,,,,,Steglitz-Zehlendorf,Zehlendorf,11006006
1608593892,senstadtu dop10-c 2011 erlaubnis 1002-12,,POINT (13.3539226 52.4305793),['glass_bottles'],,Karl Meyer Rohstoffverwertung,['operator: Karl Meyer Rohstoffverwertung'],,,,,,,parking obstruction,,,,Obstacles: parking obstruction,,,Steglitz-Zehlendorf,Lankwitz,11006006
1608593893,senstadtu dop10-c 2011 erlaubnis 1002-12,,POINT (13.2530336 52.4370521),['glass_bottles'],,Rhenus,['operator: Rhenus'],,,,,,,,,,,,,,Steglitz-Zehlendorf,Zehlendorf,11006006
1608593921,senstadtu dop10-c 2011 erlaubnis 1002-12,,POINT (13.2824641 52.4413671),"['glass_bottles', 'clothes', 'shoes']",,Rhenus,['operator: Rhenus'],,,,,,,,,,,,,,Steglitz-Zehlendorf,Zehlendorf,11006006
1608593983,,,POINT (13.2770072 52.464675),['glass_bottles'],,BR Berlin Recycling GmbH,['operator: BR Berlin Recycling GmbH'],,,,,,,,,,,,,,Steglitz-Zehlendorf,Dahlem,11006006
1608593993,senstadtu dop10-c 2011 erlaubnis 1002-12,,POINT (13.1196689 52.4665543),['glass_bottles'],,Rhenus,['operator: Rhenus'],,,,,,,,,,,,,,Spandau,Kladow,11005005
1608594003,senstadtu dop10-c 2011 erlaubnis 1002-12,,POINT (13.1260868 52.4679263),['glass_bottles'],,,,,,,,,,,,,,,,,Spandau,Kladow,11005005
1608594015,senstadtu dop10-c 2011 erlaubnis 1002-12,,POINT (13.5411483 52.4815554),['glass_bottles'],,Karl Meyer Rohstoffverwertung,['operator: Karl Meyer Rohstoffverwertung'],,,,,,yes,,,,,Wheelchair accessible,"hours=Mo-Sa 07:00-13:00, 15:00-20:00",,Lichtenberg,Karlshorst,11011011
1608594048,senstadtu dop10-c 2011 erlaubnis 1002-12,,POINT (13.188577 52.5108178),"['glass_bottles', 'scrap_metal']",,Rhenus,['operator: Rhenus'],,,,,,,,,,,,,,Spandau,Wilhelmstadt,11005005
1608594064,senstadtu dop10-c 2011 erlaubnis 1002-12,,POINT (13.1689557 52.5186514),['glass_bottles'],,Rhenus,['operator: Rhenus'],,,,,,,,,,,,,,Spandau,Staaken,11005005
1608594088,senstadtu dop10-c 2011 erlaubnis 1002-12,,POINT (13.1748669 52.5237451),['glass_bottles'],,Rhenus,['operator: Rhenus'],,,,,,,,,,,,,,Spandau,Wilhelmstadt,11005005
1608594089,senstadtu dop10-c 2011 erlaubnis 1002-12,,POINT (13.1751391 52.5238647),['glass_bottles'],,,,,,,,,,,,,,,,,Spandau,Wilhelmstadt,11005005
1608594093,senstadtu dop10-c 2011 erlaubnis 1002-12,,POINT (13.1296344 52.5269751),['glass_bottles'],,Rhenus,['operator: Rhenus'],,,,,,,,,,,,,,Spandau,Staaken,11005005
1608594094,senstadtu dop10-c 2011 erlaubnis 1002-12,,POINT (13.1484063 52.5306233),['glass_bottles'],,Rhenus,['operator: Rhenus'],,,,,,,,,,,,,,Spandau,Staaken,11005005
1608594096,,,POINT (13.2455981 52.5444113),['glass_bottles'],,Rhenus,['operator: Rhenus'],,,,,,yes,,,,,Wheelchair accessible,"hours=Mo-Sa 07:00-13:00,15:00-20:00",,Spandau,Haselhorst,11005005
1608594098,senstadtu dop10-c 2011 erlaubnis 1002-12,,POINT (13.1958431 52.5549234),['glass_bottles'],,Rhenus,['operator: Rhenus'],,,,,,,,,,,,,,Spandau,Falkenhagener Feld,11005005
1608594101,senstadtu dop10-c 2011 erlaubnis 1002-12,,POINT (13.4764221 52.6051502),['glass_bottles'],,Karl Meyer Rohstoffverwertung,['operator: Karl Meyer Rohstoffverwertung'],,,,,,,,,,,,,,Pankow,Karow,11003003
1608594111,senstadtu dop10-c 2011 erlaubnis 1002-12,,POINT (13.3989311 52.6222104),['glass_bottles'],,,,,,,,,,,,,,,,,Pankow,Blankenfelde,11003003
1608905864,,,POINT (13.4088505 52.5269594),['glass_bottles'],,Karl Meyer Rohstoffverwertung,['operator: Karl Meyer Rohstoffverwertung'],,,,,,,,,,,,,,Mitte,Mitte,11001001
1623643697,,,POINT (13.4373881 52.5718096),['glass_bottles'],,,,,,,,,,,,,,,,,Pankow,Heinersdorf,11003003
1632210483,,,POINT (13.2887979 52.4302065),['glass_bottles'],,,,,,,,,,,,,,,,,Steglitz-Zehlendorf,Lichterfelde,11006006
1653118469,,,POINT (13.5530607 52.4093277),['glass_bottles'],,,,,,,,,,,,,,,,,Treptow-Köpenick,Altglienicke,11009009
1653119376,,,POINT (13.5307007 52.4207229),"['clothes', 'shoes']",,,,,,,,,,,,,,,,,Treptow-Köpenick,Altglienicke,11009009
1654990155,,,POINT (13.5405739 52.404815),['clothes'],,,,,,,,,,,,,,,,,Treptow-Köpenick,Altglienicke,11009009
1654991176,,,POINT (13.5463236 52.4066152),['clothes'],,,,,,,,,,,,,,,,,Treptow-Köpenick,Altglienicke,11009009
1656664346,,,POINT (13.5269176 52.4012118),['clothes'],,,,,,,,,,,,,,,,,Treptow-Köpenick,Altglienicke,11009009
1656670998,,,POINT (13.5395589 52.4083455),['glass_bottles'],,,,,,,,,,,,,,,,,Treptow-Köpenick,Altglienicke,11009009
1659651820,,,POINT (13.5355589 52.4154234),['clothes'],,,,,,,,,,,,,,,,,Treptow-Köpenick,Altglienicke,11009009
1661516003,,,POINT (13.4461655 52.5115044),['clothes'],,DRK,"['short_name: DRK', 'operator: Deutsches Rotes Kreuz']",,,,,,,,,,,,,,Friedrichshain-Kreuzberg,Friedrichshain,11002002
1673191448,,,POINT (13.53941 52.4220486),['clothes'],,,,,,,,,,,,,,,,,Treptow-Köpenick,Altglienicke,11009009
1683679336,,,POINT (13.580088 52.3997396),"['glass_bottles', 'clothes', 'shoes']",,,,,,,,,,,,,,,,,Treptow-Köpenick,Bohnsdorf,11009009
1687722476,,,POINT (13.5574538 52.5579465),['glass_bottles'],,,,,,,,,limited,,,,,Limited wheelchair access,,,Marzahn-Hellersdorf,Marzahn,11010010
1689023137,,,POINT (13.5614844 52.5599471),['glass_bottles'],,,,,,,,,,,,,,,,,Marzahn-Hellersdorf,Marzahn,11010010
1689034104,,,POINT (13.5699133 52.563088),['glass_bottles'],,,,,,,,,,,,,,,,,Marzahn-Hellersdorf,Marzahn,11010010
1690497072,,,POINT (13.4768835 52.4389596),['clothes'],,,,,,,,,,,,,,,,,Neukölln,Rudow,11008008
1696656465,,,POINT (13.4777111 52.4207607),['clothes'],,,,,,,,,,,,,,,,,Neukölln,Gropiusstadt,11008008
1703291311,,,POINT (13.5029543 52.4415256),,,,,,,,,,,,,,,,,,Treptow-Köpenick,Johannisthal,11009009
1704390445,,,POINT (13.5124187 52.4780648),['glass_bottles'],,,,,,,,,yes,,,,,Wheelchair accessible,"hours=Mo-Sa 07:00-13:00, 15:00-20:00",,Lichtenberg,Karlshorst,11011011
1717692232,,,POINT (13.5242196 52.5096654),['glass_bottles'],,,,,,,,,yes,,,,,Wheelchair accessible,"hours=Mo-Sa 07:00-13:00,15:00-20:00",,Lichtenberg,Friedrichsfelde,11011011
1717694173,,,POINT (13.5233294 52.5105668),"['clothes', 'shoes']",,von Berlin für Berlin,['operator: von Berlin für Berlin'],,,,,,,,,,,,,,Lichtenberg,Friedrichsfelde,11011011
1724375695,,,POINT (13.2034042 52.4276833),['glass_bottles'],,,,,,,,,,,,,,,,,Steglitz-Zehlendorf,Nikolassee,11006006
1726313889,,,POINT (13.5246222 52.510796),"['clothes', 'shoes']",,von Berlin für Berlin,['operator: von Berlin für Berlin'],,,,,,,,,,,,,,Lichtenberg,Friedrichsfelde,11011011
1737228542,garmin oregon 550,,POINT (13.5696651 52.5709392),['glass_bottles'],,,,,,,,,,,,,,,,,Marzahn-Hellersdorf,Marzahn,11010010
1738706643,,,POINT (13.3462281 52.4991358),"['glass_bottles', 'glass_bottles_white', 'glass_bottles_green', 'glass_bottles_brown']",,Karl Meyer Rohstoffverwertung,['operator: Karl Meyer Rohstoffverwertung'],,,,,,,,,,,,,,Tempelhof-Schöneberg,Schöneberg,11007007
1739767001,,,POINT (13.3363713 52.5247374),['clothes'],,CAVTEX.de: Fa. Cavuslar,['operator: CAVTEX.de: Fa. Cavuslar'],,,,,,,,,,,,,,Mitte,Moabit,11001001
1759670849,,,POINT (13.5193407 52.4947567),"['clothes', 'shoes']",,Cavtex,['operator: Cavtex'],,,,,,,,,,,,,,Lichtenberg,Friedrichsfelde,11011011
1770361538,,,POINT (13.4535027 52.5010949),['glass_bottles'],,,,,,,,,,,,,,,,,Friedrichshain-Kreuzberg,Friedrichshain,11002002
1773517257,,,POINT (13.5198079 52.4966999),['glass_bottles'],,,,,,,,,,,,,,,"hours=Mo-Sa 07:00-13:00,15:00-20:00",,Lichtenberg,Friedrichsfelde,11011011
1774535020,,,POINT (13.5185597 52.5135293),['glass_bottles'],,,,,,,,,,,,,,,,,Lichtenberg,Friedrichsfelde,11011011
1774535024,,,POINT (13.5070636 52.5147861),['glass_bottles'],,,,,,,,,yes,,,,,Wheelchair accessible,"hours=Mo-Sa 07:00-13:00,15:00-20:00",,Lichtenberg,Lichtenberg,11011011
1778293533,,,POINT (13.3221786 52.4715033),"['glass_bottles', 'glass_bottles_brown', 'glass_bottles_green', 'glass_bottles_white']",,,,,,,,,,,,,,,,,Tempelhof-Schöneberg,Friedenau,11007007
1781334438,,,POINT (13.5220477 52.511013),"['clothes', 'shoes']",,von Berlin für Berlin,['operator: von Berlin für Berlin'],,,,,,,,,,,,,,Lichtenberg,Friedrichsfelde,11011011
1799364266,,,POINT (13.4093738 52.5337453),['glass_bottles'],,,,,,,,,,,,,,,,,Pankow,Prenzlauer Berg,11003003
1834091939,,,POINT (13.4425439 52.4861742),['glass_bottles'],,Karl Meyer Rohstoffverwertung,['operator: Karl Meyer Rohstoffverwertung'],,lane,,,,,,,,,,,,Neukölln,Neukölln,11008008
1837420229,,,POINT (13.432541 52.5054113),['glass_bottles'],,Karl Meyer AG,['operator: Karl Meyer AG'],,,,,,,,,,,,,,Friedrichshain-Kreuzberg,Kreuzberg,11002002
1839824968,,,POINT (13.4125927 52.3926254),['glass_bottles'],,,,,,,,,,,,,,,,,Tempelhof-Schöneberg,Lichtenrade,11007007
1839847121,,,POINT (13.4225626 52.3932139),['glass_bottles'],,,,,,,,,,,,,,,,,Tempelhof-Schöneberg,Lichtenrade,11007007
1839850042,,,POINT (13.4148694 52.3891167),['clothes'],,,,,,,,,,,,,,,,,Tempelhof-Schöneberg,Lichtenrade,11007007
1846185424,,,POINT (13.3941518 52.5615846),,,,,,,,,,,,,,,,,,Mitte,Gesundbrunnen,11001001
1846185463,,,POINT (13.3954553 52.5602965),,,,,,,,,,,,,,,,,,Mitte,Gesundbrunnen,11001001
1856903151,,,POINT (13.3004445 52.4684746),['glass_bottles'],,,,,,,,,,,,,,,,,Charlottenburg-Wilmersdorf,Wilmersdorf,11004004
1861543930,,,POINT (13.4516816 52.4758123),['glass_bottles'],,,,,,,,,,,,,,,,,Neukölln,Neukölln,11008008
1887404323,,,POINT (13.495641 52.4163249),['glass_bottles'],,,,,,,,,,,,,,,,,Neukölln,Rudow,11008008
1888354551,,,POINT (13.4370639 52.5321581),['glass_bottles'],,,,,,,,,,,,,,,,,Pankow,Prenzlauer Berg,11003003
1892081724,,,POINT (13.2761222 52.5927605),['glass_bottles'],,Berliner Stadtreinigungsbetriebe,"['operator: Berliner Stadtreinigungsbetriebe', 'operator:short: BSR']",,,,,,,,,,,,,,Reinickendorf,Tegel,11012012
1894205229,,,POINT (13.4872904 52.4229722),['glass_bottles'],,,,,,,,,,,,,,,,,Neukölln,Rudow,11008008
1913090294,,,POINT (13.4653822 52.504782),"['glass_bottles', 'glass_bottles_white', 'glass_bottles_green', 'glass_bottles_brown']",,,,,,,,,,,,,,,,,Friedrichshain-Kreuzberg,Friedrichshain,11002002
1925861452,,,POINT (13.5576238 52.5273594),"['glass_bottles', 'glass_bottles_white', 'glass_bottles_green', 'glass_bottles_brown']",,,,,,,,,,,,,,,,,Marzahn-Hellersdorf,Biesdorf,11010010
1925861458,,,POINT (13.5555083 52.5276987),"['glass_bottles', 'glass_bottles_white', 'glass_bottles_green', 'glass_bottles_brown']",,,,,,,,,,,,,,,,,Marzahn-Hellersdorf,Biesdorf,11010010
1933351951,,,POINT (13.4968042 52.6410696),"['clothes', 'shoes']",,www.texaid.de,['operator: www.texaid.de'],,,,,,,,,,,,,,Pankow,Buch,11003003
1933351956,,,POINT (13.4961578 52.6417719),"['clothes', 'shoes']",,FWS Altkleider Container Service,['operator: FWS Altkleider Container Service'],,,,,,,,,,,,,,Pankow,Buch,11003003
1933351957,,,POINT (13.4931307 52.6434953),['glass_bottles'],,,,,,,,,,,,,,,,,Pankow,Buch,11003003
1933518071,,,POINT (13.5119375 52.6406207),['glass_bottles'],,,,,Glas Recycling,,,,,,,,,,,,Pankow,Buch,11003003
1962323218,,,POINT (13.341747 52.4790214),['glass_bottles'],,Karl Meyer Rohstoffverwertung,['operator: Karl Meyer Rohstoffverwertung'],,,,,,,,,,,,,,Tempelhof-Schöneberg,Schöneberg,11007007
1962417491,,,POINT (13.4592183 52.5064994),"['glass_bottles', 'glass', 'glass_jars', 'glass_bottles_brown', 'glass_bottles_clear', 'glass_bottles_green']",,Altglas,['name: Altglas'],,,,,,,,,,,,,,Friedrichshain-Kreuzberg,Friedrichshain,11002002
1962417515,,,POINT (13.4575746 52.5091915),['glass_bottles'],,,,,,,,,,,,,,,,,Friedrichshain-Kreuzberg,Friedrichshain,11002002
1965270961,,,POINT (13.4289518 52.4844992),['glass_bottles'],,Karl Meyer Rohstoffverwertung,['operator: Karl Meyer Rohstoffverwertung'],,,,,,,,,,,,,,Neukölln,Neukölln,11008008
1965563952,,,POINT (13.5914492 52.4411249),['glass_bottles'],,,,,,,,,,,,,,,,,Treptow-Köpenick,Köpenick,11009009
1965564034,,,POINT (13.5998988 52.4416123),"['clothes', 'shoes']","['glass', 'batteries', 'cans', 'paper', 'scrap_metal']",Deutsches Rotes Kreuz,['operator: Deutsches Rotes Kreuz'],,,,,,,,,,,,,,Treptow-Köpenick,Köpenick,11009009
1965564089,,,POINT (13.6038867 52.4417038),['glass_bottles'],,,,,,,,,,,,,,,,,Treptow-Köpenick,Köpenick,11009009
1973525349,,,POINT (13.4520939 52.4808169),['glass_bottles'],,,,,,,,,,,,,,,,,Neukölln,Neukölln,11008008
1978650734,,,POINT (13.5422707 52.4366675),['glass_bottles'],,,,,,,,,,,,,,,,,Treptow-Köpenick,Adlershof,11009009
1989459855,survey,,POINT (13.342601 52.5499397),['glass_bottles'],,,,,,,,,,,,,,,,,Mitte,Wedding,11001001
1995245028,,,POINT (13.217336 52.440628),['glass_bottles'],,,,,,,,,,,,,,,,,Steglitz-Zehlendorf,Zehlendorf,11006006
2001719219,,,POINT (13.4671164 52.4228258),['glass_bottles'],,,,,,,,,,,,,,,,,Neukölln,Gropiusstadt,11008008
2006551208,,,POINT (13.4443717 52.4548118),['glass_bottles'],,,,,,,,,,,,,,,,,Neukölln,Britz,11008008
2018710538,,,POINT (13.4796282 52.4285771),['glass_bottles'],,,,,,,,,,,,,,,,,Neukölln,Rudow,11008008
2018710548,,,POINT (13.472948 52.4324975),['glass_bottles'],,,,,,,,,,,,,,,,,Neukölln,Buckow,11008008
2020634156,,,POINT (13.4329981 52.4946966),['glass_bottles'],,Karl Meyer Rohstoffverwertung,['operator: Karl Meyer Rohstoffverwertung'],,,,,,,,,,,,,,Friedrichshain-Kreuzberg,Kreuzberg,11002002
2021286662,,,POINT (13.3572701 52.5743473),['clothes'],,,,,,,,,,,,,,,,,Reinickendorf,Reinickendorf,11012012
2049101856,,,POINT (13.3869123 52.4963168),['clothes'],,recontextil@gmx.de,['operator: recontextil@gmx.de'],,,,,,,,,,,,,,Friedrichshain-Kreuzberg,Kreuzberg,11002002
2053563877,,,POINT (13.3879993 52.4858315),['glass_bottles'],,,,,,,,,,,,,,,,,Friedrichshain-Kreuzberg,Kreuzberg,11002002
2055177140,,,POINT (13.3795699 52.4949998),['glass_bottles'],,,,,,,,,,,,,,,hours=24/7,,Friedrichshain-Kreuzberg,Kreuzberg,11002002
2055699312,,,POINT (13.4029569 52.5603631),['glass_bottles'],,,,,,,,,,,,,,,,,Pankow,Pankow,11003003
2077404856,,,POINT (13.5299038 52.4787201),['glass_bottles'],,,,,,,,,,,,,,,,,Lichtenberg,Karlshorst,11011011
2089773989,,,POINT (13.4365559 52.5383364),"['glass_bottles', 'cans', 'paper', 'plastic', 'food_waste']",,,,,,,,,,,,,,,,,Pankow,Prenzlauer Berg,11003003
2148922578,,,POINT (13.4866688 52.5204188),"['clothes', 'shoes']",,Versero GmbH,['operator: Versero GmbH'],,,,,,,,,,,,,,Lichtenberg,Lichtenberg,11011011
2148931649,,,POINT (13.4775168 52.5230503),['glass_bottles'],['glass'],,,,,,,,no,,,,,Not wheelchair accessible,,,Lichtenberg,Lichtenberg,11011011
2148931651,,,POINT (13.4826954 52.5233055),['clothes'],,Deutsches Rotes Kreuz,['operator: Deutsches Rotes Kreuz'],,,,,,no,,,,,Not wheelchair accessible,hours=24/7,,Lichtenberg,Fennpfuhl,11011011
2178517467,,,POINT (13.2273697 52.5846391),['glass_bottles'],,,,,,,,,,,,,,,,,Reinickendorf,Konradshöhe,11012012
2181178658,,,POINT (13.3986072 52.5072101),['clothes'],,,,,,,,,,,,,,,,,Friedrichshain-Kreuzberg,Kreuzberg,11002002
2205264874,,,POINT (13.292759 52.596261),"['clothes', 'shoes']",,Familienschutzwerk,['operator: Familienschutzwerk'],,,,,,,,,,,,,,Reinickendorf,Tegel,11012012
2246378077,,,POINT (13.2647495 52.5372568),['clothes'],,,,,,,,,,,,,,,,,Spandau,Siemensstadt,11005005
2266856078,,,POINT (13.4684633 52.5237011),['glass_bottles'],,,,,,,,,,,,,,,,,Lichtenberg,Fennpfuhl,11011011
2266856106,,,POINT (13.4508244 52.5269865),"['clothes', 'shoes']",,Firma Rotextil,['operator: Firma Rotextil'],,,,,,,,,,,,,,Friedrichshain-Kreuzberg,Friedrichshain,11002002
2270900400,,,POINT (13.5379318 52.4930724),"['clothes', 'shoes']",,TEXAID Collection GmbH,['operator: TEXAID Collection GmbH'],,,,,,,,,,,,hours=24/7,,Lichtenberg,Karlshorst,11011011
2299861699,,,POINT (13.3415949 52.5342679),['glass_bottles'],['glass'],,,,,,,,,,,,,,,,Mitte,Moabit,11001001
2322995531,,,POINT (13.3828195 52.5485875),['glass_bottles'],,Karl Meyer AG,['operator: Karl Meyer AG'],,,,,,,,,,,,,,Mitte,Gesundbrunnen,11001001
2357179703,,,POINT (13.4004425 52.4632834),['glass_bottles'],,,,,,,,,,,,,,,,,Tempelhof-Schöneberg,Tempelhof,11007007
2370787831,,,POINT (13.5885905 52.4412284),['glass_bottles'],,,,,,,,,,,,,,,,,Treptow-Köpenick,Köpenick,11009009
2370787840,,,POINT (13.57963 52.4446489),['glass_bottles'],,,,,,,,,,,,,,,,,Treptow-Köpenick,Köpenick,11009009
2370787879,,,POINT (13.5796169 52.4522926),['glass_bottles'],,,,,,,,,,,,,,,,,Treptow-Köpenick,Köpenick,11009009
2385420167,,,POINT (13.5834186 52.4554639),['glass_bottles'],['glass'],,,,,,,,,,,,,,,,Treptow-Köpenick,Köpenick,11009009
2451561508,,,POINT (13.2998726 52.4680841),,,,,,,,,private,,,,,,Access restricted (private),,,Steglitz-Zehlendorf,Dahlem,11006006
2453777632,,,POINT (13.2991504 52.4666978),['paper'],,,,,,,,private,,,,,,Access restricted (private),,,Steglitz-Zehlendorf,Dahlem,11006006
2458196842,,,POINT (13.3080801 52.572279),['glass_bottles'],,,,,,,,,,,,,,,,,Reinickendorf,Reinickendorf,11012012
2458196843,,,POINT (13.3081264 52.572187),['glass_bottles'],,Deutsches Rotes Kreuz,['operator: Deutsches Rotes Kreuz'],,,,,,,,,,,,,,Reinickendorf,Reinickendorf,11012012
2462156056,,,POINT (13.2737667 52.5731392),['clothes'],,,,,,,,,,,,,,,,,Reinickendorf,Tegel,11012012
2477745119,,,POINT (13.4325297 52.594588),['glass_bottles'],,,,,,,,,,,,,,,,,Pankow,Französisch Buchholz,11003003
2478182919,,,POINT (13.432609 52.5303909),['glass_bottles'],,,,,,,,,,,,,,,,,Pankow,Prenzlauer Berg,11003003
2478807145,,,POINT (13.482621 52.5805431),['glass_bottles'],,,,,,,,,,,,,,,,,Lichtenberg,Malchow,11011011
2478939039,,,POINT (13.4280398 52.6078558),['glass_bottles'],,,,,,,,,,,,,,,,,Pankow,Französisch Buchholz,11003003
2485088802,,,POINT (13.3389552 52.4567162),['glass_bottles'],,,,,,,,,,,,,,,,,Steglitz-Zehlendorf,Steglitz,11006006
2487590991,,,POINT (13.4209908 52.6066965),"['glass_bottles', 'clothes']",,,,,,,,,,,,,,,,,Pankow,Französisch Buchholz,11003003
2493513521,,,POINT (13.4315405 52.6026852),['glass_bottles'],,,,,,,,,,,,,,,,,Pankow,Französisch Buchholz,11003003
2494363229,,,POINT (13.3289551 52.5649436),['clothes'],,,,,,,,,,,,,,,,,Reinickendorf,Reinickendorf,11012012
2498840769,,,POINT (13.3205312 52.5760696),['clothes'],,,,,,,,,,,,,,,,,Reinickendorf,Reinickendorf,11012012
2498840770,,,POINT (13.3078605 52.5774681),['clothes'],,,,,,,,,,,,,,,,,Reinickendorf,Tegel,11012012
2510633456,,,POINT (13.2847023 52.5763988),['clothes'],,,,,,,,,,,,,,,,,Reinickendorf,Tegel,11012012
2510633460,,,POINT (13.2846954 52.5764166),['clothes'],,,,,,,,,,,,,,,,,Reinickendorf,Tegel,11012012
2510633650,,,POINT (13.2836184 52.5786824),['glass_bottles'],,Berliner Stadtreinigungsbetriebe,"['operator: Berliner Stadtreinigungsbetriebe', 'operator:short: BSR']",,,,,,,,,,,,,,Reinickendorf,Tegel,11012012
2512623620,,,POINT (13.3106486 52.5845073),"['glass_bottles', 'glass_jars', 'glass_bottles_unknown']","['cans', 'aluminium']",Karl Meyer Rohstoffverwertung GmbH,['operator: Karl Meyer Rohstoffverwertung GmbH'],,,operator:phone: +498005889934,operator:website: https://www.karl-meyer.de,,,,,,,,"hours=Mo-Sa 07:00-13:00,15:00-20:00, So,PH off",,Reinickendorf,Borsigwalde,11012012
2517677619,,,POINT (13.2986866 52.5350855),['white_goods'],,,,,,,,,,,,,,,,,Charlottenburg-Wilmersdorf,Charlottenburg-Nord,11004004
2517677620,,,POINT (13.2987081 52.5350943),['glass_bottles'],,,,,,,,,,,,,,,,,Charlottenburg-Wilmersdorf,Charlottenburg-Nord,11004004
2517677621,,,POINT (13.2987305 52.5351044),['glass_bottles'],,,,,,,,,,,,,,,,,Charlottenburg-Wilmersdorf,Charlottenburg-Nord,11004004
2517677622,,,POINT (13.2987544 52.5351149),"['glass_bottles', 'glass_bottles_brown']",,,,,,,,,,,,,,,,,Charlottenburg-Wilmersdorf,Charlottenburg-Nord,11004004
2517677623,,,POINT (13.3026141 52.5356821),['white_goods'],,,,,,,,,,,,,,,,,Charlottenburg-Wilmersdorf,Charlottenburg-Nord,11004004
2517677624,,,POINT (13.3018616 52.5406786),['white_goods'],,,,,,,,,,,,,,,,,Charlottenburg-Wilmersdorf,Charlottenburg-Nord,11004004
2525335317,,,POINT (13.3711125 52.4337318),,,Fritz Pennecke Söhne Abfallentsorgung u. Recycling GmbH & Co. KG,"['name: Fritz Pennecke Söhne Abfallentsorgung u. Recycling GmbH & Co. KG', 'operator: REMONDIS']",,"Greinerstraße 27, 12107 Mariendorf",,website: https://www.fps-entsorgung.de/,,,,,,,,,,Tempelhof-Schöneberg,Mariendorf,11007007
2528943556,,,POINT (13.5506207 52.5076258),['glass_bottles'],,,,,,,,,,,,,,,,,Marzahn-Hellersdorf,Biesdorf,11010010
2528943563,,,POINT (13.561663 52.4937212),['glass_bottles'],,,,,,,,,,,,,,,,,Marzahn-Hellersdorf,Biesdorf,11010010
2528958323,,,POINT (13.5494431 52.4947961),['glass_bottles'],,,,,,,,,,,,,,,,,Marzahn-Hellersdorf,Biesdorf,11010010
2580020217,survey,,POINT (13.4914864 52.5345336),['clothes'],,,,,,,,,,,,,,,,,Lichtenberg,Alt-Hohenschönhausen,11011011
2596510021,,,POINT (13.3291387 52.6094716),['glass_bottles'],,,,,,,,,,,,,,,,,Reinickendorf,Waidmannslust,11012012
2622702082,,,POINT (13.2321504 52.4368612),['glass_bottles'],,,,,,,,,,,,,,,,,Steglitz-Zehlendorf,Zehlendorf,11006006
2627200329,,,POINT (13.2945053 52.5873148),['clothes'],,,,,,,,,,,,,,,,,Reinickendorf,Tegel,11012012
2627200330,,,POINT (13.2930171 52.5872369),['clothes'],,,,,,,,,,,,,,,,,Reinickendorf,Tegel,11012012
2638822189,,,POINT (13.3455491 52.4691401),['clothes'],,,,,,,,,,,,,,,,,Tempelhof-Schöneberg,Schöneberg,11007007
2673428560,,,POINT (13.2507429 52.4279687),['clothes'],,,,,,,,,,,,,,,,,Steglitz-Zehlendorf,Zehlendorf,11006006
2675474222,,,POINT (13.3998974 52.6404803),['glass_bottles'],,,,,,,,,,,,,,,,,Pankow,Blankenfelde,11003003
2686834713,,,POINT (13.5478366 52.4323457),['glass_bottles'],,,,,,,,,,,,,,,,,Treptow-Köpenick,Adlershof,11009009
2704581139,,,POINT (13.5319411 52.4787911),['glass_bottles'],,,,,,,,,,,,,,,,,Lichtenberg,Karlshorst,11011011
2706814293,,,POINT (13.5077281 52.4666585),['glass_bottles'],,,,,,,,,,,,,,,,,Treptow-Köpenick,Oberschöneweide,11009009
2706814294,,,POINT (13.514698 52.4670002),['glass_bottles'],,,,,,,,,,,,,,,,,Treptow-Köpenick,Oberschöneweide,11009009
2709153816,,,POINT (13.5259659 52.4919817),['glass_bottles'],,,,,,,,,,,,,,,,,Lichtenberg,Karlshorst,11011011
2709406264,,,POINT (13.4102446 52.3940945),['glass_bottles'],,,,,,,,,,,,,,,,,Tempelhof-Schöneberg,Lichtenrade,11007007
2709406266,,,POINT (13.4138804 52.3945542),['clothes'],,,,,,,,,,,,,,,,,Tempelhof-Schöneberg,Lichtenrade,11007007
2713708731,,,POINT (13.3024277 52.5134815),['glass_bottles'],,,,,,,,,,,,,,,,,Charlottenburg-Wilmersdorf,Charlottenburg,11004004
2714023800,,,POINT (13.3343376 52.4519725),"['glass_bottles', 'clothes', 'shoes']",,Recycling,['name: Recycling'],,,,,,,,,,,,,,Steglitz-Zehlendorf,Steglitz,11006006
2714602602,,,POINT (13.3199828 52.4726666),"['glass_bottles', 'glass_bottles_brown', 'glass_bottles_green', 'glass_bottles_white']",,,,,,,,,,,,,,,,,Charlottenburg-Wilmersdorf,Wilmersdorf,11004004
2721026410,,,POINT (13.3304921 52.4524037),['glass_bottles'],,,,,,,,,,,,,,,,,Steglitz-Zehlendorf,Steglitz,11006006
2723745393,survey,,POINT (13.3483379 52.4349364),['clothes'],,,,,,,,,,,,,,,,,Steglitz-Zehlendorf,Lankwitz,11006006
2723745394,,,POINT (13.3424389 52.4394713),['glass_bottles'],,,,,,,,,,,,,,,,,Steglitz-Zehlendorf,Lankwitz,11006006
2725632198,,,POINT (13.3558862 52.4276756),['clothes'],,,,,,,,,,,,,,,,,Steglitz-Zehlendorf,Lankwitz,11006006
2727650013,,,POINT (13.3066669 52.4849317),['clothes'],,Deutsches Rotes Kreuz,['operator: Deutsches Rotes Kreuz'],,,,,,,,,,,,,,Charlottenburg-Wilmersdorf,Wilmersdorf,11004004
2728673248,,,POINT (13.3546301 52.4297022),['clothes'],,Bera Textilrecycling,['operator: Bera Textilrecycling'],,,,,,,,,,,,,,Steglitz-Zehlendorf,Lankwitz,11006006
2756822699,,,POINT (13.3455201 52.546748),['glass_bottles'],,,,,,,,,,,,,,,,,Mitte,Wedding,11001001
2820307602,geoportal berlin / hauskoordinaten,,POINT (13.4517441 52.4672959),,,REMONDIS,['operator: REMONDIS'],,"Lahnstraße 31, 12055 Neukölln",,,,,,,,,,,,Neukölln,Neukölln,11008008
2850754101,survey,,POINT (13.3441812 52.4684776),['clothes'],,,,,,,,,,,,,,,,,Tempelhof-Schöneberg,Schöneberg,11007007
2852522557,,,POINT (13.4646468 52.5096355),['glass_bottles'],,Karl Meyer Rohstoffverwertung,['operator: Karl Meyer Rohstoffverwertung'],,,,,,,,,,,,,,Friedrichshain-Kreuzberg,Friedrichshain,11002002
2856612770,,,POINT (13.5774192 52.5666458),['glass_bottles'],,,,,,,,,,,,,,,,,Marzahn-Hellersdorf,Marzahn,11010010
2856612771,,,POINT (13.5750451 52.5674234),['glass_bottles'],,,,,,,,,,,,,,,,,Marzahn-Hellersdorf,Marzahn,11010010
2856686322,,,POINT (13.3914718 52.5443386),['glass_bottles'],,,,,,,,,,,,,,,,,Mitte,Gesundbrunnen,11001001
2870917207,,,POINT (13.5229647 52.4632475),['glass_bottles'],,,,,,,,,,,,,,,,,Treptow-Köpenick,Oberschöneweide,11009009
2887743695,,,POINT (13.4369354 52.4175293),['clothes'],,,,,,,,,,,,,,,,,Neukölln,Buckow,11008008
2887958756,,,POINT (13.5900948 52.4277314),"['cans', 'paper']",,,,,,,,private,,,,,,Access restricted (private),,,Treptow-Köpenick,Köpenick,11009009
2917755301,,,POINT (13.3474318 52.4673623),['glass_bottles'],,,,,,,,,,,,,,,,,Tempelhof-Schöneberg,Schöneberg,11007007
2940776750,,,POINT (13.4780051 52.5630633),['glass_bottles'],,,,,,,,,,,,,,,,,Pankow,Weißensee,11003003
2956193718,,,POINT (13.5673126 52.5054504),['glass_bottles'],,,,,,,,,,,,,,,,,Marzahn-Hellersdorf,Biesdorf,11010010
2967820310,,,POINT (13.1434121 52.5428044),['glass_bottles'],,,,,,,,,,,,,,,,,Spandau,Staaken,11005005
2971105436,,,POINT (13.4551276 52.4894094),"['cans', 'paper', 'scrap_metal', 'plastic']",,,,,,,,,,,,,,,,,Treptow-Köpenick,Alt-Treptow,11009009
2978287430,,,POINT (13.3773434 52.4755258),['glass_bottles'],,,,,,,,,,,,,,,,,Tempelhof-Schöneberg,Tempelhof,11007007
2978980268,,,POINT (13.5505899 52.544007),['glass_bottles'],,,,,,,,,,,,,,,,,Marzahn-Hellersdorf,Marzahn,11010010
3011419207,,,POINT (13.5532718 52.548751),['glass_bottles'],,,,,,,,,,,,,,,,,Marzahn-Hellersdorf,Marzahn,11010010
3011419209,,,POINT (13.5523195 52.5498375),['glass_bottles'],,,,,,,,,,,,,,,,,Marzahn-Hellersdorf,Marzahn,11010010
3011419210,,,POINT (13.5459988 52.540337),['glass_bottles'],,,,,,,,,,,,,,,,,Marzahn-Hellersdorf,Marzahn,11010010
3015494646,,,POINT (13.2863996 52.5352208),"['clothes', 'shoes']",,,,,,,,,,,,,,,,,Charlottenburg-Wilmersdorf,Charlottenburg-Nord,11004004
3015494648,,,POINT (13.282633 52.5349052),['glass_bottles'],,,,,,,,,,,,,,,,,Charlottenburg-Wilmersdorf,Charlottenburg-Nord,11004004
3017519653,,,POINT (13.5641374 52.5567082),['glass_bottles'],,,,,,,,,,,,,,,,,Marzahn-Hellersdorf,Marzahn,11010010
3017519654,,,POINT (13.5476181 52.5281718),['glass_bottles'],,,,,,,,,,,,,,,,,Marzahn-Hellersdorf,Marzahn,11010010
3017758858,,,POINT (13.5594957 52.5474957),['glass_bottles'],,,,,,,,,,,,,,,,,Marzahn-Hellersdorf,Marzahn,11010010
3018653655,,,POINT (13.5604432 52.5532508),"['glass_bottles', 'glass_bottles_white', 'glass_bottles_green', 'glass_bottles_brown']",,,,,,,,,,,,,,,,,Marzahn-Hellersdorf,Marzahn,11010010
3033299470,,,POINT (13.383155 52.459399),['glass_bottles'],,,,,,,,,,,,,,,,,Tempelhof-Schöneberg,Tempelhof,11007007
3041779752,,,POINT (13.3760208 52.4587494),['glass_bottles'],,,,,,,,,,,,,,,,,Tempelhof-Schöneberg,Tempelhof,11007007
3056236300,,,POINT (13.5382077 52.4946287),['glass_bottles'],,,,,,,,,,,,,,,,,Lichtenberg,Karlshorst,11011011
3060713400,,,POINT (13.2626966 52.5038233),['glass_bottles'],,,,,,,,private,,,,,,Access restricted (private),,,Charlottenburg-Wilmersdorf,Westend,11004004
3062738958,,,POINT (13.2634741 52.5037138),"['glass_bottles', 'cans', 'paper', 'scrap_metal']",,,,,,,,private,,,,,,Access restricted (private),,,Charlottenburg-Wilmersdorf,Westend,11004004
3062738965,,,POINT (13.2640655 52.5043601),"['glass_bottles', 'cans', 'paper', 'scrap_metal']",,,,,,,,private,,,,,,Access restricted (private),,,Charlottenburg-Wilmersdorf,Westend,11004004
3063237781,,,POINT (13.2626112 52.5025682),"['glass_bottles', 'cans', 'paper', 'scrap_metal']",,,,,,,,private,,,,,,Access restricted (private),,,Charlottenburg-Wilmersdorf,Westend,11004004
3074141224,,,POINT (13.2936578 52.5754203),['glass_bottles'],,,,,,,,,,,,,,,,,Reinickendorf,Tegel,11012012
3089036478,,,POINT (13.5549188 52.5010659),['glass_bottles'],,,,,,,,,,,,,,,,,Marzahn-Hellersdorf,Biesdorf,11010010
3118827370,,,POINT (13.4720323 52.4581944),['glass_bottles'],,,,,,,,,,,,,,,,,Treptow-Köpenick,Baumschulenweg,11009009
3135376330,,,POINT (13.4936753 52.6337058),"['paper', 'green_waste']",,,,,,,,private,,,,,,Access restricted (private),,,Pankow,Buch,11003003
3140025772,,,POINT (13.4734026 52.4224719),"['clothes', 'shoes']",,Deutsches Rotes Kreuz,['operator: Deutsches Rotes Kreuz'],,,,,,,,,,,,,,Neukölln,Gropiusstadt,11008008
3142060943,,,POINT (13.4770006 52.4225017),['clothes'],,,,,,,,,,,,,,,,,Neukölln,Gropiusstadt,11008008
3153767345,,,POINT (13.575262 52.5642507),['glass_bottles'],,,,,,,,,,,,,,,,,Marzahn-Hellersdorf,Marzahn,11010010
3186290382,,,POINT (13.5846196 52.4405038),['glass_bottles'],,,,,,,,,,,,,,,,,Treptow-Köpenick,Köpenick,11009009
3194550453,,,POINT (13.2587781 52.4131672),['glass_bottles'],,BSR,['operator: BSR'],,,,,,,,,,,,,,Steglitz-Zehlendorf,Zehlendorf,11006006
3220344775,,,POINT (13.2628735 52.4109287),"['glass_bottles', 'clothes', 'shoes']",,,,,,,,,,,,,,,,,Steglitz-Zehlendorf,Zehlendorf,11006006
3225054000,,,POINT (13.3019603 52.571456),"['clothes', 'shoes']",,info-akc@gmx.de,['operator: info-akc@gmx.de'],,,,,,,,,,,,,,Reinickendorf,Reinickendorf,11012012
3241646790,,,POINT (13.3632453 52.5244822),['clothes'],,,,,,,,,,,,,,,,,Mitte,Moabit,11001001
3267508181,,,POINT (13.3310718 52.5736118),"['clothes', 'shoes']",,,,,,,,,,,,,,,,,Reinickendorf,Reinickendorf,11012012
3267508209,,,POINT (13.3257289 52.57383),['clothes'],,,,,,,,,,,,,,,,,Reinickendorf,Reinickendorf,11012012
3267508440,,,POINT (13.3247082 52.5759195),['clothes'],,,,,,,,,,,,,,,,,Reinickendorf,Reinickendorf,11012012
3280484594,,,POINT (13.3137692 52.5842848),['glass_bottles'],,Karl Meyer Rohstoffverwertung GmbH,['operator: Karl Meyer Rohstoffverwertung GmbH'],,,,,,,,,,,,"hours=Mo-Sa 07:00-13:00,15:00-20:00",,Reinickendorf,Borsigwalde,11012012
3289783575,,,POINT (13.5515122 52.549401),"['clothes', 'shoes']",,,,,,,,,,,,,,,,,Marzahn-Hellersdorf,Marzahn,11010010
3308240592,,,POINT (13.3278592 52.569626),['glass_bottles'],,Karl Meyer Rohstoffverwertung GmbH,['operator: Karl Meyer Rohstoffverwertung GmbH'],,,,,,,,,,,,"hours=Mo-Sa 07:00-13:00,15:00-20:00",,Reinickendorf,Reinickendorf,11012012
3309835874,,,POINT (13.3649651 52.4331927),"['clothes', 'cans', 'paper']",,Wertstoff Ankauf Lankwitz,"['name: Wertstoff Ankauf Lankwitz', 'operator: Wertstoff Ankauf Lankwitz']",,"Haynauer Straße 65, 12249 Lankwitz",,,,,,,,,,,,Steglitz-Zehlendorf,Lankwitz,11006006
3327444481,,,POINT (13.3008719 52.5794693),['clothes'],,,,,,,,,,,,,,,,,Reinickendorf,Tegel,11012012
3327444483,,,POINT (13.3004884 52.5797111),['clothes'],,,,,,,,,,,,,,,,,Reinickendorf,Tegel,11012012
3327445119,,,POINT (13.2901731 52.5826617),['clothes'],,Deutsches Rotes Kreuz,['operator: Deutsches Rotes Kreuz'],,,,,,,,,,,,,,Reinickendorf,Tegel,11012012
3327445141,,,POINT (13.2952463 52.5827679),['glass_bottles'],,Berliner Stadtreinigungsbetriebe,"['operator: Berliner Stadtreinigungsbetriebe', 'operator:short: BSR']",,,,,,,,,,,,,,Reinickendorf,Borsigwalde,11012012
3351952464,,,POINT (13.60064 52.5018217),"['clothes', 'shoes']",,,,,,,,,,,,,,,,,Marzahn-Hellersdorf,Mahlsdorf,11010010
3359936228,,,POINT (13.5072385 52.4749214),['glass_bottles'],,,,,,,,,,,,,,,,,Treptow-Köpenick,Oberschöneweide,11009009
3377058044,,,POINT (13.3391126 52.5631692),['glass_bottles'],,,,,,,,,,,,,,,,,Mitte,Wedding,11001001
3442701358,,,POINT (13.440611 52.4944953),['glass_bottles'],,,,,,,,,,,,,,,,,Friedrichshain-Kreuzberg,Kreuzberg,11002002
3442701359,,,POINT (13.4390906 52.4950171),['glass_bottles'],,,,,,,,,,,,,,,,,Friedrichshain-Kreuzberg,Kreuzberg,11002002
3442701360,,,POINT (13.4369349 52.4957387),['glass_bottles'],,,,,,,,,,,,,,,,,Friedrichshain-Kreuzberg,Kreuzberg,11002002
3442706156,,,POINT (13.4492146 52.4882634),['glass_bottles'],,,,,,,,,,,,,,,,,Treptow-Köpenick,Alt-Treptow,11009009
3442706177,,,POINT (13.4506857 52.4916895),['glass_bottles'],,,,,,,,,,,,,,,,,Treptow-Köpenick,Alt-Treptow,11009009
3542025075,,,POINT (13.5065823 52.5059844),['glass_bottles'],,,,,,,,,yes,,,,,Wheelchair accessible,"hours=Mo-Sa 07:00-13:00,15:00-20:00",,Lichtenberg,Friedrichsfelde,11011011
3564543706,,,POINT (13.4217062 52.4786458),['glass_bottles'],,,,,,,,,,,,,,,,,Neukölln,Neukölln,11008008
3609724232,,,POINT (13.6210654 52.4549005),['glass_bottles'],,,,,,,,,,,,,,,,,Treptow-Köpenick,Friedrichshagen,11009009
3635597796,,,POINT (13.425375 52.5477624),['glass_bottles'],,,,,,,,,,,,,,,,,Pankow,Prenzlauer Berg,11003003
3658883569,,,POINT (13.4856819 52.5376521),"['clothes', 'shoes']","['glass', 'cans', 'paper']",Deutsches Rotes Kreuz,['operator: Deutsches Rotes Kreuz'],,,,,,,,,,,,,,Lichtenberg,Alt-Hohenschönhausen,11011011
3677243276,,,POINT (13.2139631 52.6079676),,,,,,,,,,,,,,,,,,Reinickendorf,Heiligensee,11012012
3697399483,,,POINT (13.3820866 52.5378505),['glass_bottles'],,,,,,,,,,,,,,,,,Mitte,Gesundbrunnen,11001001
3715748985,,,POINT (13.6994002 52.4359652),['glass_bottles'],,,,,,,,,,,,,,,,,Treptow-Köpenick,Rahnsdorf,11009009
3715748990,,,POINT (13.6971374 52.4364865),['glass_bottles'],,,,,,,,,,,,,,,,,Treptow-Köpenick,Rahnsdorf,11009009
3724534693,,,POINT (13.1527489 52.4189772),"['glass_bottles', 'clothes', 'glass', 'shoes']","['cans', 'paper', 'cardboard', 'plastic', 'plastic_bottles', 'plastic_packaging', 'waste']",TEXAID Collection GmbH,['operator: TEXAID Collection GmbH'],,,,,,,,,,,,,,Steglitz-Zehlendorf,Wannsee,11006006
3726584213,,,POINT (13.3768198 52.5590741),['glass_bottles'],,Gew. Fa. Mettex,['operator: Gew. Fa. Mettex'],,,,,,,,,,2,,,,Mitte,Gesundbrunnen,11001001
3726668992,,,POINT (13.3723643 52.5486696),"['clothes', 'shoes']",,DRK,"['short_name: DRK', 'operator: Deutsches Rotes Kreuz']",,,,,,,,,,,,,,Mitte,Gesundbrunnen,11001001
3727529592,,,POINT (13.3891128 52.5552619),"['clothes', 'shoes']",,Haytex Textilrecycling,['operator: Haytex Textilrecycling'],,,,,,,,,,,,,,Mitte,Gesundbrunnen,11001001
3727529593,,,POINT (13.3890754 52.5552629),"['clothes', 'shoes']",,Humana,['operator: Humana'],,,,,,,,,,,,,,Mitte,Gesundbrunnen,11001001
3727555814,,,POINT (13.3672195 52.558236),['glass_bottles'],,Gew. Fa. Mettex,['operator: Gew. Fa. Mettex'],,,,,,,,,,,,,,Mitte,Gesundbrunnen,11001001
3727940016,,,POINT (13.4844533 52.5067986),['paper'],,Recon-t,['name: Recon-t'],,"Buchberger Straße 30, 10365",,,,limited,,,,,Limited wheelchair access,hours=Mo-Fr 10:00-16:00; Sa 10:00-13:00,,Lichtenberg,Lichtenberg,11011011
3728681695,,,POINT (13.3716275 52.5538148),['clothes'],,Berlin-Textilrecycling,['operator: Berlin-Textilrecycling'],,,,,,,,,,,,,,Mitte,Gesundbrunnen,11001001
3731078788,,,POINT (13.3914907 52.5443021),['glass_bottles'],,Genehmigte Sammlung Berlin,['operator: Genehmigte Sammlung Berlin'],,,,,,,,,,,,,,Mitte,Gesundbrunnen,11001001
3734445710,survey,,POINT (13.4059231 52.5305586),"['clothes', 'shoes']",,Gew. Fa. Mettex,['operator: Gew. Fa. Mettex'],,,,,,,,,0.0,,,hours=24/7,,Mitte,Mitte,11001001
3736200361,,,POINT (13.3819085 52.547548),"['clothes', 'shoes']",,ÖZ-KA-Textilrecycling,['operator: ÖZ-KA-Textilrecycling'],,,,,,,,,,,,,,Mitte,Gesundbrunnen,11001001
3737499249,,,POINT (13.3774514 52.542635),"['clothes', 'shoes']",,SOEX,['operator: SOEX'],,,,,,,,,,,,,,Mitte,Gesundbrunnen,11001001
3742868428,,,POINT (13.5736893 52.4690043),['glass_bottles'],,,,,,,,,,,,,,,,,Treptow-Köpenick,Köpenick,11009009
3742868429,,,POINT (13.5729527 52.4704542),['glass_bottles'],,,,,,,,,,,,,,,,,Treptow-Köpenick,Köpenick,11009009
3754708090,,,POINT (13.4027369 52.5400079),['clothes'],,Familienschutzwerk,['operator: Familienschutzwerk'],,,,,,,,,,,,,,Mitte,Gesundbrunnen,11001001
3755540776,,,POINT (13.3800397 52.5716052),"['clothes', 'shoes']",,Berlin-Textilrecycling,['operator: Berlin-Textilrecycling'],,,,,,,,,,,,,,Reinickendorf,Reinickendorf,11012012
3769059236,,,POINT (13.3738876 52.5403551),"['clothes', 'shoes']",,,,,,,,,,,,,,,,,Mitte,Gesundbrunnen,11001001
3769077943,,,POINT (13.367195 52.5521481),['glass_bottles'],,Genehmigte Sammlung Berlin,['operator: Genehmigte Sammlung Berlin'],,,,,,,,,,,,,,Mitte,Wedding,11001001
3785063976,,,POINT (13.3753898 52.4851364),['glass_bottles'],,,,,,,,,,,,,,,,,Friedrichshain-Kreuzberg,Kreuzberg,11002002
3785069570,,,POINT (13.3815147 52.4849215),['glass_bottles'],,,,,,,,,,,,,,,,,Friedrichshain-Kreuzberg,Kreuzberg,11002002
3807813320,,,POINT (13.4861015 52.5227644),['clothes'],,Humana,['operator: Humana'],,,,,,,,,,,,,,Lichtenberg,Lichtenberg,11011011
3811297501,,,POINT (13.4535926 52.4554757),['glass_bottles'],,,,,,,,,,,,,,,,,Neukölln,Britz,11008008
3824316260,,,POINT (13.4358635 52.5217559),"['clothes', 'shoes']",,Berlin-Textilrecycling,['operator: Berlin-Textilrecycling'],,,,,,,,,,,,,,Friedrichshain-Kreuzberg,Friedrichshain,11002002
3825491486,,,POINT (13.5592058 52.5471647),['glass_bottles'],,DRK,"['operator: DRK', 'owner: Deutsches Rotes Kreuz']",,,,,,,,,,,,,,Marzahn-Hellersdorf,Marzahn,11010010
3829056557,,,POINT (13.5159952 52.5068236),['glass_bottles'],,Kolping Recycling GmbH,['operator: Kolping Recycling GmbH'],,,,,,,,,,,,,,Lichtenberg,Friedrichsfelde,11011011
3833688869,,,POINT (13.5532457 52.5559775),['glass_bottles'],['glass'],,,,,,,,,,,,,,,,Marzahn-Hellersdorf,Marzahn,11010010
3851450091,,,POINT (13.4690339 52.4634025),['glass_bottles'],,,,,,,,,,,,,,,,,Neukölln,Neukölln,11008008
3859524359,,,POINT (13.5229543 52.4975011),['glass_bottles'],,,,,,,,,,,,,,,"hours=Mo-Sa 07:00-13:00,15:00-20:00",,Lichtenberg,Friedrichsfelde,11011011
3869690287,,,POINT (13.4094318 52.5578271),"['clothes', 'shoes']",,,,,,,,,,,,,,,,,Pankow,Pankow,11003003
3869691414,,,POINT (13.4029055 52.5581244),['clothes'],,,,,,,,,,,,,,,,,Pankow,Pankow,11003003
3877187453,,,POINT (13.3981614 52.565926),"['clothes', 'shoes']",,Humana,['operator: Humana'],,,,,,,,,,2,,,,Pankow,Pankow,11003003
3877187454,,,POINT (13.3981258 52.5659289),"['clothes', 'shoes']",,Humana,['operator: Humana'],,,,,,,,,,2,,,,Pankow,Pankow,11003003
3882279864,,,POINT (13.2014726 52.5476842),['glass_bottles'],,,,,,,,,,,,,,,,,Spandau,Spandau,11005005
3883329115,,,POINT (13.4506474 52.515635),['clothes'],,,,,,,,,,,,,,,,,Friedrichshain-Kreuzberg,Friedrichshain,11002002
3883500971,,,POINT (13.4476283 52.4372303),['glass_bottles'],,,,,,,,,,,,,,,,,Neukölln,Britz,11008008
3883501002,,,POINT (13.4567689 52.4430989),['glass_bottles'],,,,,,,,,,,,,,,,,Neukölln,Britz,11008008
3883501020,,,POINT (13.4539461 52.4488945),['glass_bottles'],,Karl Meyer Rohstoffverwertung,['operator: Karl Meyer Rohstoffverwertung'],,,,,,,,,,,,"hours=Mo-Sa 07:00-13:00, 15:00-20:00; Su,PH off",,Neukölln,Britz,11008008
3883501055,,,POINT (13.4474628 52.4589155),['glass_bottles'],,,,,,,,,,,,,,,,,Neukölln,Britz,11008008
3884823962,,,POINT (13.3811078 52.4380458),['glass_bottles'],,,,,,,,,,,,,,,,,Tempelhof-Schöneberg,Mariendorf,11007007
3885179108,,,POINT (13.5150606 52.4853892),['glass_bottles'],,,,,,,,,yes,parking obstruction,,,,"Wheelchair accessible, Obstacles: parking obstruction","hours=Mo-Sa 07:00-13:00, 15:00-20:00",,Lichtenberg,Karlshorst,11011011
3906273557,,,POINT (13.5152602 52.4647307),['glass_bottles'],,,,,,,,,,,,,,,,,Treptow-Köpenick,Oberschöneweide,11009009
3948690929,,,POINT (13.3847675 52.4522436),['glass_bottles'],,,,,,,,,,,,,,,,,Tempelhof-Schöneberg,Mariendorf,11007007
3949690744,,,POINT (13.3925799 52.4180718),['glass_bottles'],,,,,,,,,,,,,,,,,Tempelhof-Schöneberg,Marienfelde,11007007
3949699469,,,POINT (13.3845593 52.4219946),['glass_bottles'],,,,,,,,,,,,,,,,,Tempelhof-Schöneberg,Marienfelde,11007007
3955524160,,,POINT (13.4603113 52.4519211),,,Beller Schrotthandel,['name: Beller Schrotthandel'],,,,,,,,,,,,,,Neukölln,Britz,11008008
3967791429,,,POINT (13.3914368 52.5516179),['glass_bottles'],,Deutsches Rotes Kreuz,['operator: Deutsches Rotes Kreuz'],,,,,,,,,,,,,,Mitte,Gesundbrunnen,11001001
3973033658,,,POINT (13.3162371 52.5672976),,,,,,,,,,,,,,,,,,Reinickendorf,Reinickendorf,11012012
3977742529,,,POINT (13.3344943 52.5566223),['glass_bottles'],,,,,,,,,,,,,,,,,Mitte,Wedding,11001001
3989326265,,,POINT (13.3531068 52.4493781),['glass_bottles'],,,,,,,,,,,,,,,,,Steglitz-Zehlendorf,Steglitz,11006006
3993968057,,,POINT (13.421136 52.5494698),['glass_bottles'],,,,,,,,,no,,,,,Not wheelchair accessible,,,Pankow,Prenzlauer Berg,11003003
3993976758,survey,,POINT (13.4196895 52.5481001),"['clothes', 'shoes']",,Retextil Recycling International,['operator: Retextil Recycling International'],,,,,,,,,0.0,,,,,Pankow,Prenzlauer Berg,11003003
4003287735,,,POINT (13.4045712 52.5329277),['glass_bottles'],,,,,,,,,,,,,,,,,Mitte,Mitte,11001001
4012358090,,,POINT (13.7216447 52.4253759),['glass_bottles'],,,,,,,,,,,,,,,,,Treptow-Köpenick,Rahnsdorf,11009009
4012502931,,,POINT (13.7250651 52.4251479),['glass_bottles'],,,,,,,,,,,,,,,,,Treptow-Köpenick,Rahnsdorf,11009009
4012502940,,,POINT (13.7184937 52.4299404),['glass_bottles'],,,,,,,,,,,,,,,,,Treptow-Köpenick,Rahnsdorf,11009009
4012502949,,,POINT (13.7140044 52.4318715),['glass_bottles'],,,,,,,,,,,,,,,,,Treptow-Köpenick,Rahnsdorf,11009009
4012502953,,,POINT (13.7061697 52.434065),['glass_bottles'],,,,,,,,,,,,,,,,,Treptow-Köpenick,Rahnsdorf,11009009
4012502976,,,POINT (13.6903563 52.4410279),['glass_bottles'],,,,,,,,,,,,,,,,,Treptow-Köpenick,Rahnsdorf,11009009
4017682666,,,POINT (13.5296008 52.4522832),"['clothes', 'shoes']",,Cavtex,['operator: Cavtex'],,,,,,,,,,,,,,Treptow-Köpenick,Niederschöneweide,11009009
4039713833,,,POINT (13.3940432 52.5504041),['clothes'],,private,['operator: private'],,,,,,,,,,,,,,Mitte,Gesundbrunnen,11001001
4043265018,,,POINT (13.5999565 52.4383884),['glass_bottles'],"['clothes', 'glass', 'cans', 'paper', 'plastic']",,,,,,,,,,,,,,,,Treptow-Köpenick,Köpenick,11009009
4043268713,,,POINT (13.5905903 52.4424656),['glass_bottles'],"['clothes', 'glass', 'cans', 'paper', 'plastic']",,,,,,,,,,,,,,,,Treptow-Köpenick,Köpenick,11009009
4043278382,,,POINT (13.593481 52.4451847),['glass_bottles'],,,,,,,,,,,,,,,,,Treptow-Köpenick,Köpenick,11009009
4058941748,,,POINT (13.5936266 52.4470548),['glass_bottles'],"['clothes', 'glass', 'cans', 'paper', 'plastic']",,,,,,,,,,,,,,,,Treptow-Köpenick,Köpenick,11009009
4078023052,,,POINT (13.5556548 52.5132976),['glass_bottles'],,,,,,,,,,,,,,,,,Marzahn-Hellersdorf,Biesdorf,11010010
4080336394,,,POINT (13.4508097 52.5522521),['glass_bottles'],,,,,,,,,,,,,,,,,Pankow,Weißensee,11003003
4126706089,,,POINT (13.5541088 52.4380342),['glass_bottles'],,,,,,,,,,,,,,,,,Treptow-Köpenick,Adlershof,11009009
4138806031,,,POINT (13.3155336 52.4305707),"['glass_bottles', 'clothes', 'shoes']",,,,,,,,,,,,,,,,,Steglitz-Zehlendorf,Lichterfelde,11006006
4142989741,,,POINT (13.526514 52.5156304),['glass_bottles'],,,,,,,,,yes,,,,,Wheelchair accessible,"hours=Mo-Sa 07:00-13:00,15:00-20:00",,Marzahn-Hellersdorf,Marzahn,11010010
4143174685,,,POINT (13.3307824 52.5722892),"['clothes', 'shoes']",,Deutsches Rotes Kreuz,['operator: Deutsches Rotes Kreuz'],,,,,,,,,,,,,,Reinickendorf,Reinickendorf,11012012
4143174686,,,POINT (13.3307949 52.572328),['clothes'],,Deutsches Rotes Kreuz,['operator: Deutsches Rotes Kreuz'],,,,,,,,,,,,,,Reinickendorf,Reinickendorf,11012012
4144245887,,,POINT (13.448773 52.4213477),['glass_bottles'],,,,,,,,,,,,,,,,,Neukölln,Buckow,11008008
4147051983,,,POINT (13.2928332 52.5878052),,,,,,,,,,,,,,,,,,Reinickendorf,Tegel,11012012
4162708185,,,POINT (13.4846549 52.5271949),['glass_bottles'],,,,,,,,,,,,,,,,,Lichtenberg,Fennpfuhl,11011011
4162714606,,,POINT (13.4850287 52.5287169),['glass_bottles'],,Altglas,"['name: Altglas', 'alt_name: Glasmüll;Glasabfall;Glascontainer']",,,,,,,,,,,,,,Lichtenberg,Fennpfuhl,11011011
4219828598,,,POINT (13.214921 52.4318543),"['clothes', 'shoes']",,Deutsches Rotes Kreuz,['operator: Deutsches Rotes Kreuz'],,,,,,,,,,,,,,Steglitz-Zehlendorf,Nikolassee,11006006
4260163691,,,POINT (13.3069107 52.4082332),['clothes'],,Familienschutzwerk,['operator: Familienschutzwerk'],,,,,,,,,,,,,,Steglitz-Zehlendorf,Lichterfelde,11006006
4260192189,,,POINT (13.3071279 52.4086226),['clothes'],,Humana,['operator: Humana'],,,,,,,,,,,,,,Steglitz-Zehlendorf,Lichterfelde,11006006
4276372369,,,POINT (13.2067631 52.5292732),['glass_bottles'],,,,,,,,,,,,,,,,,Spandau,Spandau,11005005
4286720049,,,POINT (13.4448519 52.4769446),['glass_bottles'],,,,,,,,,,,,,,,,,Neukölln,Neukölln,11008008
4289063940,,,POINT (13.4544138 52.4825491),['glass_bottles'],,,,,,,,,,,,,,,,,Neukölln,Neukölln,11008008
4293320569,,,POINT (13.193713 52.5209584),['glass_bottles'],,,,,,,,,,,,,,,,,Spandau,Wilhelmstadt,11005005
4304633662,,,POINT (13.3534261 52.5428071),"['clothes', 'shoes']",,unknown,['operator: unknown'],,,,,,,,,,,,,,Mitte,Wedding,11001001
4306025967,,,POINT (13.390113 52.531533),['glass_bottles'],,,,,,,,,,,,,,,,,Mitte,Mitte,11001001
4306025968,,,POINT (13.386589 52.5340291),['glass_bottles'],,,,,,,,,,,,,,,,,Mitte,Gesundbrunnen,11001001
4306025970,,,POINT (13.3777795 52.5422307),['glass_bottles'],,,,,,,,,,,,,,,,,Mitte,Gesundbrunnen,11001001
4318477530,,,POINT (13.3853869 52.5393379),['glass_bottles'],,,,,,,,,,,,,,,,,Mitte,Gesundbrunnen,11001001
4319287485,,,POINT (13.4491623 52.5156261),"['glass_bottles', 'cans', 'paper', 'plastic']",,,,,,,,,,,,,,,,,Friedrichshain-Kreuzberg,Friedrichshain,11002002
4319295277,,,POINT (13.4414952 52.5137033),"['clothes', 'shoes']",,,,,,,,,,,,,,,,,Friedrichshain-Kreuzberg,Friedrichshain,11002002
4319305633,,,POINT (13.4515981 52.5151412),['glass_bottles'],,,,,,,,,,,,,,,,,Friedrichshain-Kreuzberg,Friedrichshain,11002002
4323124223,,,POINT (13.4399522 52.5152403),['glass_bottles'],,,,,,,,,,,,,,,,,Friedrichshain-Kreuzberg,Friedrichshain,11002002
4323129684,,,POINT (13.4430635 52.5121816),['clothes'],,,,,,,,,,,,,,,,,Friedrichshain-Kreuzberg,Friedrichshain,11002002
4372570125,,,POINT (13.3734773 52.5656639),"['clothes', 'shoes']",,Gew. Fa. Mettex,['operator: Gew. Fa. Mettex'],,,,,,,,,,,,,,Reinickendorf,Reinickendorf,11012012
4376414816,,,POINT (13.307989 52.5735931),['clothes'],,,,,,,,,,,,,,,,,Reinickendorf,Reinickendorf,11012012
4397906048,,,POINT (13.3218792 52.4355406),['glass_bottles'],,,,,,,,,,,,,,,,,Steglitz-Zehlendorf,Lichterfelde,11006006
4415744965,,,POINT (13.3637324 52.5246312),['glass_bottles'],,,,,,,,,,,,,,,,,Mitte,Moabit,11001001
4427844091,,,POINT (13.371495 52.4526068),['glass_bottles'],,,,,,,,,,,,,,,,,Tempelhof-Schöneberg,Tempelhof,11007007
4431732702,,,POINT (13.3591951 52.5265488),['clothes'],,Deutsches Rotes Kreuz,['operator: Deutsches Rotes Kreuz'],,,,website: http://www.drk-berlin-city.de,,,,,,,,,,Mitte,Moabit,11001001
4444772682,,,POINT (13.4814445 52.4790794),['glass_bottles'],,,,,,,,,,,,,,,,,Treptow-Köpenick,Plänterwald,11009009
4448477388,,,POINT (13.3494583 52.5483642),['glass_bottles'],"['clothes', 'glass', 'cans', 'paper']",,,,,,,,,,,,,,,,Mitte,Wedding,11001001
4480167457,,,POINT (13.4943328 52.5173029),"['clothes', 'shoes']",,,,,,,,,,,,,,,,,Lichtenberg,Lichtenberg,11011011
4489294193,,,POINT (13.5598852 52.5587507),"['clothes', 'shoes']",,DRK Berlin,['operator: DRK Berlin'],,"Liebensteiner Straße, 12687",,,,limited,,,,,Limited wheelchair access,,,Marzahn-Hellersdorf,Marzahn,11010010
4489294195,,,POINT (13.5575756 52.5596501),,,,,,"Liebensteiner Straße, 12687",,,,limited,,,,,Limited wheelchair access,,,Marzahn-Hellersdorf,Marzahn,11010010
4508707277,,,POINT (13.4446884 52.5242845),"['clothes', 'shoes']",,Deutsches Rotes Kreuz,['operator: Deutsches Rotes Kreuz'],,,,,,,,,,,,,,Friedrichshain-Kreuzberg,Friedrichshain,11002002
4588218749,,,POINT (13.5152911 52.4940198),['clothes'],,Cavtex,['operator: Cavtex'],,,,,,,,,,,,,,Lichtenberg,Friedrichsfelde,11011011
4591604475,,,POINT (13.6314523 52.4584477),['glass_bottles'],,,,,,,,,yes,,,,,Wheelchair accessible,"hours=Mo-Sa 07:00-13:00, 15:00-20:00",,Treptow-Köpenick,Friedrichshagen,11009009
4622711142,,,POINT (13.373759 52.5401853),['glass_bottles'],,,,,,,,,,,,,,,,,Mitte,Gesundbrunnen,11001001
4622711143,,,POINT (13.3786097 52.5344935),"['cans', 'paper', 'plastic', 'green_waste', 'food_waste']",,,,,,,,private,,,,,,Access restricted (private),,,Mitte,Mitte,11001001
4639376554,,,POINT (13.3322955 52.4550541),['glass_bottles'],,Recycling,['name: Recycling'],,,,,,,,,,,,,,Steglitz-Zehlendorf,Steglitz,11006006
4639513939,,,POINT (13.4953826 52.4985487),"['clothes', 'shoes']",,"kein firmenname, nur telnr vermerkt: 017640270396","['operator: kein firmenname, nur telnr vermerkt: 017640270396']",,,,,,,,,,,,,,Lichtenberg,Friedrichsfelde,11011011
4640637277,,,POINT (13.5808313 52.4697188),['glass_bottles'],,,,,,,,,,,,,,,,,Treptow-Köpenick,Köpenick,11009009
4640637279,,,POINT (13.5743404 52.4671095),['glass_bottles'],,,,,,,,,,,,,,,,,Treptow-Köpenick,Köpenick,11009009
4645567545,,,POINT (13.2966017 52.4464638),"['glass_bottles', 'clothes', 'shoes']",,Humana,['operator: Humana'],,,,,,,,,,,,,,Steglitz-Zehlendorf,Lichterfelde,11006006
4645567546,,,POINT (13.2942849 52.4492044),['glass_bottles'],,,,,,,,,,,,,,,,,Steglitz-Zehlendorf,Dahlem,11006006
4648420749,,,POINT (13.3284007 52.4243821),"['clothes', 'shoes']",,TEXAID Deutschland,['operator: TEXAID Deutschland'],,,,,,,,,,,,,,Steglitz-Zehlendorf,Lichterfelde,11006006
4659720945,,,POINT (13.2032352 52.4277274),['clothes'],,,,,,,,,,,,,,,,,Steglitz-Zehlendorf,Nikolassee,11006006
4673121130,,,POINT (13.4690855 52.5348165),['glass_bottles'],,,,,,,,,,,,,,,,,Lichtenberg,Fennpfuhl,11011011
4698884697,,,POINT (13.5268234 52.4586239),['glass_bottles'],,,,,,,,,,,,,,,,,Treptow-Köpenick,Oberschöneweide,11009009
4706714519,,,POINT (13.422481 52.530748),['glass_bottles'],,,,,,,,,,,,,,,,,Pankow,Prenzlauer Berg,11003003
4713255044,,,POINT (13.3614068 52.5037315),"['clothes', 'shoes']",,,,,,,,,,,,,,,,,Mitte,Tiergarten,11001001
4731339125,,,POINT (13.3430219 52.4630832),['glass_bottles'],,,,,,,,,,,,,,,,,Tempelhof-Schöneberg,Schöneberg,11007007
4754877389,,,POINT (13.3638165 52.5266029),"['clothes', 'shoes']",,Berliner Stadtmission,['operator: Berliner Stadtmission'],,,,,,,,,,,,,,Mitte,Moabit,11001001
4769043118,,,POINT (13.4013346 52.3862023),['glass_bottles'],,,,,,,,,,,,,,,,,Tempelhof-Schöneberg,Lichtenrade,11007007
4817769382,,,POINT (13.341123 52.5174651),['clothes'],,,,,,,,,,,,,,,,,Mitte,Hansaviertel,11001001
4818920387,,,POINT (13.3702038 52.4480707),['glass_bottles'],,,,,,,,,,,,,,,,,Tempelhof-Schöneberg,Mariendorf,11007007
4818923401,,,POINT (13.3814021 52.4452417),['glass_bottles'],,,,,,,,,,,,,,,,,Tempelhof-Schöneberg,Mariendorf,11007007
4841851230,,,POINT (13.1985707 52.5426594),['glass_bottles'],,,,,,,,,,,,,,,,,Spandau,Spandau,11005005
4841851231,,,POINT (13.1993173 52.5450836),['glass_bottles'],,,,,,,,,,,,,,,,,Spandau,Spandau,11005005
4847113897,,,POINT (13.4149331 52.5083171),"['clothes', 'shoes']",,DRK,['operator: DRK'],,,,,,,,,,,,,,Mitte,Mitte,11001001
4853308260,,,POINT (13.4070767 52.5589436),['glass_bottles'],,Altglas,"['name: Altglas', 'alt_name: Glascontainer;Glasmüll;Glasabfall', 'operator: LOOP']",,,,,,,,,,,,,,Pankow,Pankow,11003003
4853308262,,,POINT (13.4058982 52.5594167),['clothes'],,Deutsches Rotes Kreuz,['operator: Deutsches Rotes Kreuz'],,,,,,,,,,,,,,Pankow,Pankow,11003003
4855084318,,,POINT (13.5127985 52.4120172),['clothes'],,TEXAID Collection,['operator: TEXAID Collection'],,,,contact:website: http://www.texaid.de,,,,,,,,,,Neukölln,Rudow,11008008
4871888150,,,POINT (13.4077781 52.5128216),['glass_bottles'],,,,,,,,,,,,,,,,,Mitte,Mitte,11001001
4871888151,,,POINT (13.4070265 52.5130472),['clothes'],,,,,,,,,yes,,,,,Wheelchair accessible,,,Mitte,Mitte,11001001
4871888152,,,POINT (13.4076768 52.5126502),['glass_bottles'],,,,,,,,,,,,,,,,,Mitte,Mitte,11001001
4876352893,,,POINT (13.3645859 52.5225573),,,,,,,,,private,,,,,,Access restricted (private),,,Mitte,Moabit,11001001
4880475625,,,POINT (13.3850415 52.5382082),['glass_bottles'],,,,,,,,,,,,,,,,,Mitte,Gesundbrunnen,11001001
4880475626,,,POINT (13.3850826 52.5382423),['glass_bottles'],,,,,,,,,,,,,,,,,Mitte,Gesundbrunnen,11001001
4885576861,,,POINT (13.4109048 52.5100163),['clothes'],,Deutsches Rotes Kreuz,['operator: Deutsches Rotes Kreuz'],,,,,,,,,,,,,,Mitte,Mitte,11001001
4972103512,,,POINT (13.2591044 52.4457738),['glass_bottles'],,,,,"Altglas-Container weiß, grün, braun",phone: +49 8003344140,website: https://www.berlin-recycling.de,,,,,,,,"hours=Mo-Fr 07:00-13:00,15:00-20:00",,Steglitz-Zehlendorf,Zehlendorf,11006006
5070021874,,,POINT (13.6013478 52.4418302),['glass_bottles'],"['clothes', 'glass', 'cans', 'paper', 'plastic']",,,,,,,,,,,,,,,,Treptow-Köpenick,Köpenick,11009009
5157205912,,,POINT (13.2587841 52.5437783),"['clothes', 'shoes']",,,,,,,,,,,,,,,,,Spandau,Siemensstadt,11005005
5163685622,,,POINT (13.3887443 52.5307654),"['clothes', 'shoes']",,Deutsches Rotes Kreuz,['operator: Deutsches Rotes Kreuz'],,,,,,,,,,,,,,Mitte,Mitte,11001001
5167671611,,,POINT (13.3629101 52.4942901),"['clothes', 'shoes']",,TEXAID Deutschland,['operator: TEXAID Deutschland'],,2 Container,,,,,,,,,,,,Tempelhof-Schöneberg,Schöneberg,11007007
5176025696,,,POINT (13.2926054 52.4925154),"['clothes', 'shoes']",,,,,,,,,,,,,,,,,Charlottenburg-Wilmersdorf,Schmargendorf,11004004
5176025706,,,POINT (13.2934309 52.4885778),"['clothes', 'shoes']",,Humana,['operator: Humana'],,,,,,,,,,,,,,Charlottenburg-Wilmersdorf,Schmargendorf,11004004
5176026133,,,POINT (13.3050294 52.4763537),['clothes'],,Deutsches Rotes Kreuz,['operator: Deutsches Rotes Kreuz'],,,,,,,,,,,,,,Charlottenburg-Wilmersdorf,Wilmersdorf,11004004
5180482254,,,POINT (13.4289118 52.4248291),"['clothes', 'shoes']",,,,,,,,,,,,,,,,,Neukölln,Buckow,11008008
5180482255,,,POINT (13.4288815 52.4242276),"['clothes', 'shoes']",,,,,,,,,,,,,,,,,Neukölln,Buckow,11008008
5180482257,,,POINT (13.4270173 52.4213099),['glass_bottles'],,Karl Meyer Rohstoffverwertung,['operator: Karl Meyer Rohstoffverwertung'],,,,,,,,,,,,,,Neukölln,Buckow,11008008
5180482258,,,POINT (13.4258986 52.4209538),['clothes'],,,,,,,,,,,,,,,,,Neukölln,Buckow,11008008
5180482259,,,POINT (13.4259862 52.4205548),['glass_bottles'],,Karl Meyer Rohstoffverwertung,['operator: Karl Meyer Rohstoffverwertung'],,,,,,,,,,,,,,Neukölln,Buckow,11008008
5182033085,survey,,POINT (13.3264891 52.519536),['clothes'],,Deutsches Rotes Kreuz,['operator: Deutsches Rotes Kreuz'],,,,,,,,,0.0,,,hours=24/7,,Charlottenburg-Wilmersdorf,Charlottenburg,11004004
5183083028,,,POINT (13.2626411 52.5210161),['glass_bottles'],,Deutsches Rotes Kreuz,['operator: Deutsches Rotes Kreuz'],,,,,,,,,,,,,,Charlottenburg-Wilmersdorf,Westend,11004004
5186010585,,,POINT (13.326161 52.5287791),"['cans', 'paper', 'plastic', 'green_waste']",,,,,,,,,,,,,,,,,Mitte,Moabit,11001001
5188883000,,,POINT (13.2952286 52.5072839),['glass_bottles'],,,,,,,,,,,,,,,,,Charlottenburg-Wilmersdorf,Charlottenburg,11004004
5239619475,,,POINT (13.3620988 52.4914702),['glass_bottles'],,,,,,,,,,,,,,,,,Tempelhof-Schöneberg,Schöneberg,11007007
5241702597,,,POINT (13.4638683 52.5201121),"['clothes', 'shoes']",,HUMANA,['operator: HUMANA'],,,,,,,,,,,,,,Pankow,Prenzlauer Berg,11003003
5248523209,,,POINT (13.4481185 52.4712427),['glass_bottles'],,,,,,,,,,,,,,,,,Neukölln,Neukölln,11008008
5248523210,,,POINT (13.4519196 52.4711961),['glass_bottles'],,,,,,,,,,,,,,,,,Neukölln,Neukölln,11008008
5289937722,,,POINT (13.3149844 52.5256443),['clothes'],,,,,,,,,,,,,,,,,Charlottenburg-Wilmersdorf,Charlottenburg,11004004
5311913077,,,POINT (13.530699 52.4836785),['glass_bottles'],,,,,,,,,,,,,,,"hours=24/7 | restrictions=no @ (13:00-15:00, 20:00-07:00)",,Lichtenberg,Karlshorst,11011011
5312666215,,,POINT (13.4918895 52.5348752),['clothes'],,Deutsches Rotes Kreuz,['operator: Deutsches Rotes Kreuz'],,,,,,,,,,,,,,Lichtenberg,Alt-Hohenschönhausen,11011011
5327532045,,,POINT (13.3297338 52.525853),"['cans', 'paper', 'plastic']",,Deutsches Rotes Kreuz,['operator: Deutsches Rotes Kreuz'],,,,,,,,,,,,,,Mitte,Moabit,11001001
5403962822,,,POINT (13.3993287 52.5536611),,,city Textilverwertung,['operator: city Textilverwertung'],,,,,,,,,,,,,,Pankow,Prenzlauer Berg,11003003
5403962823,,,POINT (13.3993315 52.5536524),['clothes'],,,,,,,,,,,,,,,,,Pankow,Prenzlauer Berg,11003003
5420304914,,,POINT (13.407253 52.560497),"['clothes', 'shoes']",,Deutsches Rotes Kreuz,['operator: Deutsches Rotes Kreuz'],,,,,,,,,,,,,,Pankow,Pankow,11003003
5453718492,,,POINT (13.2431857 52.4337142),"['clothes', 'shoes']",,servicebln@gmx.net,['operator: servicebln@gmx.net'],,,,,,,,,,,,,,Steglitz-Zehlendorf,Zehlendorf,11006006
5517363456,,,POINT (13.4339084 52.4205059),"['clothes', 'shoes']",,,,,,,,,,,,,,,,,Neukölln,Buckow,11008008
5528980751,,,POINT (13.3716345 52.4745052),['glass_bottles'],,,,,,,,,,,,,,,,,Tempelhof-Schöneberg,Tempelhof,11007007
5580738523,,,POINT (13.5562678 52.4224122),['garden_waste'],,,,,,,,private,,,,,,Access restricted (private),,,Treptow-Köpenick,Altglienicke,11009009
5584924473,,,POINT (13.3946834 52.4642121),['clothes'],,Humana Kleidersammlung GmbH,['operator: Humana Kleidersammlung GmbH'],,,,,,,,,,,,,,Tempelhof-Schöneberg,Tempelhof,11007007
5584924475,,,POINT (13.4104941 52.4640171),['clothes'],,Deutsches Rotes Kreuz,['operator: Deutsches Rotes Kreuz'],,,,,,,,,,,,,,Tempelhof-Schöneberg,Tempelhof,11007007
5632350032,,,POINT (13.4283631 52.4939223),['glass_bottles'],,,,,,,,,,,,,,,,,Friedrichshain-Kreuzberg,Kreuzberg,11002002
5792096602,,,POINT (13.3748069 52.4685899),['glass_bottles'],"['clothes', 'batteries', 'cans', 'paper', 'scrap_metal', 'plastic', 'plastic_bottles', 'waste']",,,,,,,,,,,,,,,,Tempelhof-Schöneberg,Tempelhof,11007007
5795418553,,,POINT (13.5769179 52.5536972),"['paper', 'plastic', 'food_waste']",,,,,,,,,,,,,,,,,Marzahn-Hellersdorf,Marzahn,11010010
5809482084,,,POINT (13.3199792 52.4532067),"['clothes', 'shoes']",,,,,,,,,,,,,,,hours=24/7,,Steglitz-Zehlendorf,Steglitz,11006006
5840382084,,,POINT (13.3334286 52.4627702),"['clothes', 'shoes']",,Humana,['operator: Humana'],,Humana Altkleidersammlung,,,,,,,,,,,,Steglitz-Zehlendorf,Steglitz,11006006
5840382839,,,POINT (13.3396591 52.4609488),"['clothes', 'shoes']",,,,,DRK Altkleidersammlung,,,,,,,,,,,,Steglitz-Zehlendorf,Steglitz,11006006
5861427856,,,POINT (13.2600077 52.5452567),['clothes'],,,,,,,,,,,,,,,,,Spandau,Siemensstadt,11005005
5861427857,,,POINT (13.2600385 52.5452627),['clothes'],,,,,,,,,,,,,,,,,Spandau,Siemensstadt,11005005
5869191886,,,POINT (13.39983 52.5812257),['glass_bottles'],,Karl Meyer,['operator: Karl Meyer'],,,,,,no,,,,,Not wheelchair accessible,"hours=Mo-Sa 07:00-13:00,15:00-20:00; PH off",,Pankow,Niederschönhausen,11003003
5871546785,,,POINT (13.2596397 52.5469221),['clothes'],,,,,,,,,,,,,,,,,Spandau,Siemensstadt,11005005
5893309780,,,POINT (13.4706907 52.546966),['glass_bottles'],,,,,,,,,,,,,,,,,Lichtenberg,Alt-Hohenschönhausen,11011011
5893309782,,,POINT (13.4780414 52.5520437),['glass_bottles'],,,,,,,,,,,,,,,,,Pankow,Weißensee,11003003
5893310388,,,POINT (13.4972103 52.5603265),['glass_bottles'],,,,,,,,,,,,,,,,,Lichtenberg,Alt-Hohenschönhausen,11011011
5940358694,,,POINT (13.4690988 52.5450479),"['clothes', 'shoes']",,Stadtmission,['operator: Stadtmission'],,,,,,,,,,,,,,Lichtenberg,Alt-Hohenschönhausen,11011011
5952186916,,,POINT (13.4130642 52.5061242),"['clothes', 'shoes']",,DRK,['operator: DRK'],,,,,,,,,,,,,,Mitte,Mitte,11001001
5966352452,,,POINT (13.323867 52.4576055),"['clothes', 'shoes']",,,,,,,,,,,,,,,,,Steglitz-Zehlendorf,Steglitz,11006006
5981240838,,,POINT (13.422728 52.4747579),['glass_bottles'],,,,,,,,,,,,,,,,,Neukölln,Neukölln,11008008
5986210838,,,POINT (13.3073783 52.5767969),['glass_bottles'],,,,,,,,,yes,,,,,Wheelchair accessible,"hours=Mo-Sa 07:00-13:00, Mo-Sa 15:00-20:00; PH off",,Reinickendorf,Tegel,11012012
5986210839,,,POINT (13.3074028 52.576818),['clothes'],,,,,,,,,yes,,,,,Wheelchair accessible,hours=24/7,,Reinickendorf,Tegel,11012012
6001052325,,,POINT (13.4415143 52.471125),['glass_bottles'],,,,,,,,,,,,,,,,,Neukölln,Neukölln,11008008
6010772465,,,POINT (13.3697809 52.4849899),['glass_bottles'],,,,,,,,,,,,,,,,,Tempelhof-Schöneberg,Schöneberg,11007007
6014024402,,,POINT (13.4381486 52.4530601),['clothes'],,Deutsches Rotes Kreuz,['operator: Deutsches Rotes Kreuz'],,,,,,,,,,,,,,Neukölln,Britz,11008008
6014024406,,,POINT (13.4204222 52.4523355),['glass_bottles'],,,,,,,,,,,,,,,,,Neukölln,Britz,11008008
6019010082,,,POINT (13.2761508 52.5927392),"['clothes', 'shoes']",,Deutsches Rotes Kreuz,['operator: Deutsches Rotes Kreuz'],,,,,,,,,,,,,,Reinickendorf,Tegel,11012012
6039032270,,,POINT (13.5313313 52.4326446),['glass_bottles'],,,,,,,,,,,,,,,,,Treptow-Köpenick,Adlershof,11009009
6053088456,,,POINT (13.2855412 52.5922309),"['clothes', 'shoes']",,Deutsches Rotes Kreuz,['operator: Deutsches Rotes Kreuz'],,,,,,,,,,,,,,Reinickendorf,Tegel,11012012
6053091357,,,POINT (13.285392 52.5928619),['glass_bottles'],,Berliner Stadtreinigungsbetriebe,"['operator: Berliner Stadtreinigungsbetriebe', 'operator:short: BSR']",,,,,,,,,,,,"hours=Mo-Sa 07:00-13:00, 15:00-20:00",,Reinickendorf,Tegel,11012012
6111581832,,,POINT (13.3552739 52.4388001),['clothes'],,Deutsche Rote Kreuz e.V.,['operator: Deutsche Rote Kreuz e.V.'],,,,,,,,,,,,,,Steglitz-Zehlendorf,Lankwitz,11006006
6125229699,,,POINT (13.415765 52.5073018),['glass_bottles'],,,,,,,,,,,,,,,,,Mitte,Mitte,11001001
6150024311,,,POINT (13.2600545 52.5451778),['clothes'],,,,,,,,,,,,,,,,,Spandau,Siemensstadt,11005005
6171061101,,,POINT (13.5281468 52.4817565),"['paper', 'cardboard', 'waste']",,,,,,,,,,,,,,,,,Lichtenberg,Karlshorst,11011011
6183509465,,,POINT (13.3743645 52.5586605),"['clothes', 'shoes']",,Islamic Relief Kleiderkammer,['operator: Islamic Relief Kleiderkammer'],,,,,,,,,,,,,,Mitte,Gesundbrunnen,11001001
6250495172,,,POINT (13.4561287 52.5195157),['glass_bottles'],,,,,,,,,,,,,,,,,Friedrichshain-Kreuzberg,Friedrichshain,11002002
6266460168,,,POINT (13.3729538 52.4630291),['glass_bottles'],,,,,,,,,,,,,,,,,Tempelhof-Schöneberg,Tempelhof,11007007
6291477113,,,POINT (13.4422015 52.4808039),['glass_bottles'],,,,,,,,,,,,,,,,,Neukölln,Neukölln,11008008
6291504490,,,POINT (13.4266439 52.4875077),['glass_bottles'],,,,,,,,,,,,,,,,,Neukölln,Neukölln,11008008
6307952561,,,POINT (13.3458354 52.5600985),['glass_bottles'],,,,,,,,,,,,,,,,,Mitte,Wedding,11001001
6307953013,,,POINT (13.3434925 52.56158),['glass_bottles'],,,,,,,,,,,,,,,,,Mitte,Wedding,11001001
6309068676,,,POINT (13.3466147 52.5568442),['glass_bottles'],,,,,,,,,,,,,,,,,Mitte,Wedding,11001001
6342651616,,,POINT (13.3721118 52.4844946),['glass_bottles'],,,,,,,,,,,,,,,,,Tempelhof-Schöneberg,Tempelhof,11007007
6343931168,,,POINT (13.3747693 52.4893207),['glass_bottles'],,,,,,,,,,,,,,,,,Friedrichshain-Kreuzberg,Kreuzberg,11002002
6372611035,,,POINT (13.4643755 52.4732272),['glass_bottles'],,,,,,,,,,,,,,,,,Neukölln,Neukölln,11008008
6375876681,,,POINT (13.5395202 52.4484719),['glass_bottles'],,,,,,,,,,,,,,,,,Treptow-Köpenick,Niederschöneweide,11009009
6379608512,,,POINT (13.4052631 52.5081815),"['clothes', 'shoes']",,Valtex Altkleidersammlung,['operator: Valtex Altkleidersammlung'],,,,,,,,,,,,,,Friedrichshain-Kreuzberg,Kreuzberg,11002002
6398937081,,,POINT (13.6192118 52.4909501),['glass_bottles'],,,,,,,,,,,,,,,,,Marzahn-Hellersdorf,Mahlsdorf,11010010
6402022550,,,POINT (13.3041138 52.5246241),['glass_bottles'],,Berlin Recycling,['operator: Berlin Recycling'],,,,,,,,,,,,"hours=Mo-Sa 07:00-13:00, 15:00-20:00; PH off",,Charlottenburg-Wilmersdorf,Charlottenburg,11004004
6412144356,,,POINT (13.3757808 52.5042395),['clothes'],,,,,Deutsches Rotes Kreuz,,,,,,,,,,,,Friedrichshain-Kreuzberg,Kreuzberg,11002002
6419371811,,,POINT (13.5875633 52.5206642),['glass_bottles'],,,,,,,,,,,,,,,,,Marzahn-Hellersdorf,Hellersdorf,11010010
6426275116,,,POINT (13.1839508 52.4842482),['glass_bottles'],,Berlin Recycling,['operator: Berlin Recycling'],,,,,,,,,,,,"hours=Mo-Sa 07:00-13:00, 15:00-20:00; PH off",,Spandau,Gatow,11005005
6433751321,,,POINT (13.5555094 52.4499715),['glass_bottles'],,,,,,,,,,,,,,,,,Treptow-Köpenick,Adlershof,11009009
6469790716,,,POINT (13.5740469 52.4212062),['glass_bottles'],,,,,,,,,,,,,,,,,Treptow-Köpenick,Grünau,11009009
6484499540,,,POINT (13.4852321 52.515411),['clothes'],,,,,,,,,,,,,,,hours=24/7,,Lichtenberg,Lichtenberg,11011011
6532305038,,,POINT (13.3428888 52.5477414),['glass_bottles'],,,,,,,,,,,,,,,,,Mitte,Wedding,11001001
6634018863,,,POINT (13.2992954 52.5098018),['glass_bottles'],,,,,,,,,,,,,,,,,Charlottenburg-Wilmersdorf,Charlottenburg,11004004
6697407668,,,POINT (13.3484758 52.5445479),"['clothes', 'shoes']",,Deutsches Rotes Kreuz,['operator: Deutsches Rotes Kreuz'],,,,,,,,,,,,,,Mitte,Wedding,11001001
6728174430,,,POINT (13.4209845 52.480537),['glass_bottles'],,,,,,,,,,,,,,,,,Neukölln,Neukölln,11008008
6771161922,,,POINT (13.3325088 52.457198),['glass_bottles'],,Recycling,['name: Recycling'],,,,,,,,,,,,,,Steglitz-Zehlendorf,Steglitz,11006006
6779262697,,,POINT (13.4223926 52.4757476),['glass_bottles'],,,,,,,,,,,,,,,,,Neukölln,Neukölln,11008008
6820642720,,,POINT (13.39982 52.6404268),['clothes'],,,,,,,,,,,,,,,,,Pankow,Blankenfelde,11003003
6821273558,,,POINT (13.6038677 52.4417501),['clothes'],,,,,,,,,,,,,,,,,Treptow-Köpenick,Köpenick,11009009
6821273559,,,POINT (13.5752553 52.4166242),['clothes'],,Deutsches Rotes Kreuz,['operator: Deutsches Rotes Kreuz'],,,,,,,,,,,,,,Treptow-Köpenick,Grünau,11009009
6822077066,,,POINT (13.5272337 52.4246146),['glass_bottles'],,,,,,,,,,,,,,,,,Treptow-Köpenick,Altglienicke,11009009
6822077067,,,POINT (13.5530761 52.4093544),['clothes'],,,,,,,,,,,,,,,,,Treptow-Köpenick,Altglienicke,11009009
6822077068,,,POINT (13.5586444 52.4102087),['clothes'],,Malteser,['operator: Malteser'],,,,,,,,,,,,,,Treptow-Köpenick,Altglienicke,11009009
6822077069,,,POINT (13.5538285 52.3991841),['clothes'],,,,,,,,,,,,,,,,,Treptow-Köpenick,Bohnsdorf,11009009
6822077070,,,POINT (13.5801208 52.3997047),['clothes'],,,,,,,,,,,,,,,,,Treptow-Köpenick,Bohnsdorf,11009009
6822077071,,,POINT (13.5826944 52.3935812),['glass_bottles'],,,,,,,,,,,,,,,,,Treptow-Köpenick,Bohnsdorf,11009009
6828672060,,,POINT (13.531056 52.4484467),['clothes'],,Bera Textilrecycling GmbH,['operator: Bera Textilrecycling GmbH'],,,,,,,,,,,,,,Treptow-Köpenick,Niederschöneweide,11009009
6828672061,,,POINT (13.5395175 52.448499),"['clothes', 'shoes']",,Malteser Hilfsdienst,['operator: Malteser Hilfsdienst'],,,,,,,,,,,,,,Treptow-Köpenick,Niederschöneweide,11009009
6828742249,,,POINT (13.4998061 52.4597713),"['clothes', 'shoes']",,,,,,,,,limited,,,,,Limited wheelchair access,,,Treptow-Köpenick,Baumschulenweg,11009009
6828742250,,,POINT (13.5013618 52.4561549),['clothes'],,Malteser,['operator: Malteser'],,,,,,,,,,,,,,Treptow-Köpenick,Johannisthal,11009009
6828742251,,,POINT (13.5116883 52.4458337),['clothes'],,,,,,,,,,,,,,,,,Treptow-Köpenick,Johannisthal,11009009
6828742252,,,POINT (13.50031 52.4398237),"['clothes', 'shoes']",,,,,,,,,,,,,,,,,Treptow-Köpenick,Johannisthal,11009009
6829879338,,,POINT (13.5523009 52.5498016),['clothes'],,DRK,"['short_name: DRK', 'operator: Deutsches Rotes Kreuz']",,,,,,,,,,,,,,Marzahn-Hellersdorf,Marzahn,11010010
6829912899,,,POINT (13.5555893 52.5133072),['clothes'],,,,,,,,,,,,,,,,,Marzahn-Hellersdorf,Biesdorf,11010010
6829949594,,,POINT (13.3552551 52.5437968),['glass_bottles'],,,,,,,,,,,,,,,,,Mitte,Wedding,11001001
6831093530,,,POINT (13.4846127 52.5271962),"['clothes', 'shoes']",,GAK Textilrecycling,['operator: GAK Textilrecycling'],,,,,,,,,,,,,,Lichtenberg,Fennpfuhl,11011011
6832293218,,,POINT (13.3343654 52.4520027),['glass_bottles'],,K + K Textilrecycling GmbH,['operator: K + K Textilrecycling GmbH'],,,,,,,,,,,,,,Steglitz-Zehlendorf,Steglitz,11006006
6832293229,,,POINT (13.3664775 52.4364152),"['clothes', 'shoes']",,,,,,,,,,,,,,,,,Steglitz-Zehlendorf,Lankwitz,11006006
6833068712,,,POINT (13.5636212 52.5562541),['glass_bottles'],,,,,,,,,,,,,,,,,Marzahn-Hellersdorf,Marzahn,11010010
6837136618,,,POINT (13.3514735 52.4492937),['glass_bottles'],,,,,,,,,yes,,,,,Wheelchair accessible,,,Steglitz-Zehlendorf,Steglitz,11006006
6837136619,,,POINT (13.3499482 52.4492052),,,,,,,,,,,,,,,,,,Steglitz-Zehlendorf,Steglitz,11006006
6866182797,,,POINT (13.1962404 52.5272906),['gas_bottles'],,,,,,,,,,,,,,,,,Spandau,Wilhelmstadt,11005005
6915505282,,,POINT (13.1965714 52.5379521),['glass_bottles'],,,,,,,,,,,,,,,,,Spandau,Spandau,11005005
6920741867,,,POINT (13.1543921 52.5328077),['glass_bottles'],,,,,,,,,,,,,,,,,Spandau,Staaken,11005005
6959723282,,,POINT (13.3182843 52.4190016),['glass_bottles'],['glass'],,,,,,,,,,,,,,,,Steglitz-Zehlendorf,Lichterfelde,11006006
6960387598,,,POINT (13.4789506 52.4459841),"['glass_bottles', 'clothes']",,,,,,,,,,,,,,,,,Treptow-Köpenick,Baumschulenweg,11009009
6977090522,,,POINT (13.207804 52.526885),"['glass_bottles', 'clothes', 'shoes']",,,,,,,,,,,,,,,,,Spandau,Wilhelmstadt,11005005
6989976320,,,POINT (13.1804884 52.5281146),['glass_bottles'],,,,,,,,,,,,,,,,,Spandau,Wilhelmstadt,11005005
6989976321,,,POINT (13.1792376 52.533057),['glass_bottles'],,,,,,,,,,,,,,,,,Spandau,Spandau,11005005
6992436885,,,POINT (13.4274871 52.517617),['glass_bottles'],['glass'],,,,,,,,,,,,,,,,Friedrichshain-Kreuzberg,Friedrichshain,11002002
7028130673,,,POINT (13.4842828 52.4743728),['glass_bottles'],,,,,,,,,,,,,,,,,Treptow-Köpenick,Plänterwald,11009009
7042090530,,,POINT (13.4079434 52.5415789),['glass_bottles'],,,,,,,,,,,,,,,,,Pankow,Prenzlauer Berg,11003003
7061602023,,,POINT (13.3885885 52.4960693),['glass_bottles'],,,,,,,,,,,,,,,,,Friedrichshain-Kreuzberg,Kreuzberg,11002002
7093051998,,,POINT (13.4603352 52.5571132),['glass_bottles'],,,,,,,,,,,,,,,,,Pankow,Weißensee,11003003
7104741451,,,POINT (13.2961693 52.4957713),['glass_bottles'],,,,,,,,,,,,,,,,,Charlottenburg-Wilmersdorf,Halensee,11004004
7118150705,,,POINT (13.3451962 52.5665946),['glass_bottles'],,,,,,,,,,,,,,,"hours=Mo-Sa 07:00-13:00,15:00-20:00",,Reinickendorf,Reinickendorf,11012012
7126769776,,,POINT (13.3647941 52.5648208),"['clothes', 'shoes']",,HUMANA Kleidersammlung GmbH,['operator: HUMANA Kleidersammlung GmbH'],,,phone: +49 151 47418192,,,,,,,,,,,Reinickendorf,Reinickendorf,11012012
7126803315,,,POINT (13.3702958 52.5655145),"['clothes', 'shoes']",,Kleider | Schuhe,['operator: Kleider | Schuhe'],,,,,,,,,,,,,,Reinickendorf,Reinickendorf,11012012
7217029024,,,POINT (13.3792018 52.4657739),['glass_bottles'],['glass'],,,,,,,,,,,,,,,,Tempelhof-Schöneberg,Tempelhof,11007007
7217029028,,,POINT (13.3866043 52.463002),['glass_bottles'],['glass'],,,,,,,,,,,,,,,,Tempelhof-Schöneberg,Tempelhof,11007007
7232729800,,,POINT (13.3475984 52.4148744),['glass_bottles'],['glass'],,,,,,,,,,,,,,,,Tempelhof-Schöneberg,Marienfelde,11007007
7241863112,,,POINT (13.2955015 52.4933428),['glass_bottles'],,,,,,,,,,,,,,,,,Charlottenburg-Wilmersdorf,Halensee,11004004
7242837665,,,POINT (13.5817355 52.4388083),['glass_bottles'],,,,,,,,,,,,,,,,,Treptow-Köpenick,Köpenick,11009009
7251366577,,,POINT (13.3913146 52.502673),['clothes'],,Recon-T,['operator: Recon-T'],,,,,,,,,,,,,,Friedrichshain-Kreuzberg,Kreuzberg,11002002
7272125086,,,POINT (13.3718196 52.4933042),['clothes'],,GAK-Recycling GmbH,['operator: GAK-Recycling GmbH'],,,,,,,,,,,,,,Friedrichshain-Kreuzberg,Kreuzberg,11002002
7285639747,,,POINT (13.416495 52.5251074),['glass_bottles'],,Berliner Stadtreinigungsbetriebe,"['operator: Berliner Stadtreinigungsbetriebe', 'operator:short: BSR']",,,,,,yes,,,,,Wheelchair accessible,,,Mitte,Mitte,11001001
7299242684,,,POINT (13.373207 52.5421223),['glass_bottles'],,,,,,,,,,,,,,,,,Mitte,Gesundbrunnen,11001001
7299268082,,,POINT (13.3593763 52.5220777),['glass_bottles'],,,,,,,,,,,,,,,,,Mitte,Moabit,11001001
7312580648,,,POINT (13.4055157 52.5015661),['glass_bottles'],['glass'],,,,,,,,,,,,,,,,Friedrichshain-Kreuzberg,Kreuzberg,11002002
7312833506,changeset 82438627,,POINT (13.4010931 52.5021994),"['glass_bottles', 'glass_bottles_white']",,berlin-recycling,['operator: berlin-recycling'],,,,,,,,,,,,,,Friedrichshain-Kreuzberg,Kreuzberg,11002002
7312833507,,,POINT (13.4015151 52.5039337),"['glass_bottles', 'glass_bottles_brown']",,berlin-recycling,['operator: berlin-recycling'],,,,,,,,,,,,,,Friedrichshain-Kreuzberg,Kreuzberg,11002002
7312833508,,,POINT (13.4014919 52.5039419),"['glass_bottles', 'glass_bottles_green']",,berlin-recycling,['operator: berlin-recycling'],,,,,,,,,,,,,,Friedrichshain-Kreuzberg,Kreuzberg,11002002
7312833509,,,POINT (13.401062 52.5021925),"['glass_bottles', 'glass_bottles_green']",,berlin-recycling,['operator: berlin-recycling'],,,,,,,,,,,,,,Friedrichshain-Kreuzberg,Kreuzberg,11002002
7313145498,,,POINT (13.3950453 52.4995565),['glass_bottles'],,,,,,,,,,,,,,,,,Friedrichshain-Kreuzberg,Kreuzberg,11002002
7313145504,,,POINT (13.3873949 52.5040729),['glass_bottles'],,,,,,,,,,,,,,,,,Friedrichshain-Kreuzberg,Kreuzberg,11002002
7313145510,,,POINT (13.3848674 52.4984943),['glass_bottles'],,,,,,,,,,,,,,,,,Friedrichshain-Kreuzberg,Kreuzberg,11002002
7315351047,,,POINT (13.4046796 52.4887194),['glass_bottles'],,,,,,,,,,,,,,,,,Friedrichshain-Kreuzberg,Kreuzberg,11002002
7316084881,survey,,POINT (13.4353392 52.4940079),['glass_bottles'],,,,,,,,,,,,0.0,,,,,Friedrichshain-Kreuzberg,Kreuzberg,11002002
7316212186,,,POINT (13.422589 52.4990054),['glass_bottles'],,,,,,,,,,,,,,,,,Friedrichshain-Kreuzberg,Kreuzberg,11002002
7319276658,,,POINT (13.4136186 52.5324672),['glass_bottles'],,,,,,,,,,,,,,,,,Pankow,Prenzlauer Berg,11003003
7354781207,,,POINT (13.419763 52.5269538),"['glass_bottles', 'glass']",,,,,,,,,,,,,,,,,Pankow,Prenzlauer Berg,11003003
7369027302,,,POINT (13.393583 52.556501),"['clothes', 'shoes']",,DRK,['operator: DRK'],,,,,,,,,,,,,,Mitte,Gesundbrunnen,11001001
7369038309,,,POINT (13.389788 52.5501176),['glass_bottles'],,,,,,,,,,,,,,,,,Mitte,Gesundbrunnen,11001001
7369307324,,,POINT (13.3794581 52.5441528),['glass_bottles'],,,,,,,,,yes,,,,,Wheelchair accessible,hours=24/7,,Mitte,Gesundbrunnen,11001001
7411110793,,,POINT (13.3278352 52.4607592),['glass_bottles'],,,,,,,,,,,,,,,,,Steglitz-Zehlendorf,Steglitz,11006006
7419540969,,,POINT (13.4843338 52.518841),['clothes'],,,,,,,,,no,,,,,Not wheelchair accessible,hours=24/7,,Lichtenberg,Lichtenberg,11011011
7426774021,,,POINT (13.3329083 52.461623),"['clothes', 'shoes']",,,,,,,,,,,,,,,,,Steglitz-Zehlendorf,Steglitz,11006006
7435648896,,,POINT (13.335192 52.4610129),['glass_bottles'],,,,,,,,,,,,,,,,,Steglitz-Zehlendorf,Steglitz,11006006
7454365760,,,POINT (13.6203166 52.5298211),['glass_bottles'],['glass'],,,,,,,,,,,,,,,,Marzahn-Hellersdorf,Hellersdorf,11010010
7454366420,,,POINT (13.6220547 52.5329854),['glass_bottles'],['glass'],,,,,,,,,,,,,,,,Marzahn-Hellersdorf,Hellersdorf,11010010
7454939230,,,POINT (13.3955555 52.4969549),['clothes'],,Humana,['operator: Humana'],,,contact:phone: 033425087777,,,,,,,,,,,Friedrichshain-Kreuzberg,Kreuzberg,11002002
7455040827,,,POINT (13.3952416 52.4956014),"['clothes', 'shoes']",,Fa. Cavuslar,['operator: Fa. Cavuslar'],,,contact:phone: +49 157 56233471; contact:email: info@cavtex.de,,,,,,,,,,,Friedrichshain-Kreuzberg,Kreuzberg,11002002
7476211559,,,POINT (13.1309007 52.3908943),"['glass_bottles', 'clothes', 'shoes']",,,,,,,,,,,,,,,,,Steglitz-Zehlendorf,Wannsee,11006006
7499366502,changeset 84916889,,POINT (13.3786307 52.5646702),"['glass_bottles_brown', 'glass_bottles_green', 'glass_bottles_white']",,,,,,,,,yes,,,,,Wheelchair accessible,hours=24/7,,Mitte,Gesundbrunnen,11001001
7501860765,,,POINT (13.5255219 52.436862),['glass_bottles'],,,,,,,,,,,,,,,,,Treptow-Köpenick,Adlershof,11009009
7502699974,,,POINT (13.4002781 52.506613),['glass_bottles'],,,,,,,,,,,,,,,,,Friedrichshain-Kreuzberg,Kreuzberg,11002002
7562216697,,,POINT (13.335221 52.4610469),['glass_bottles'],,,,,,,,,,,,,,,,,Steglitz-Zehlendorf,Steglitz,11006006
7562216698,,,POINT (13.3352065 52.4610299),['glass_bottles'],,,,,,,,,,,,,,,,,Steglitz-Zehlendorf,Steglitz,11006006
7575427150,,,POINT (13.2374161 52.507048),['glass_bottles'],,,,,,,,,,,,,,,,,Charlottenburg-Wilmersdorf,Westend,11004004
7596812499,,,POINT (13.4296008 52.4601369),['glass_bottles'],,,,,,,,,,,,,,,,,Neukölln,Britz,11008008
7601538531,,,POINT (13.595117 52.4767629),['glass_bottles'],,,,,,,,,,,,,,,,,Treptow-Köpenick,Köpenick,11009009
7605520859,,,POINT (13.3399212 52.557591),['clothes'],,DRK,['operator: DRK'],,,,,,,,,,,,,,Mitte,Wedding,11001001
7617449012,,,POINT (13.3273607 52.4746013),['clothes'],,Deutsches Rotes Kreuz,['operator: Deutsches Rotes Kreuz'],,,,,,,,,,,,,,Tempelhof-Schöneberg,Friedenau,11007007
7617449018,,,POINT (13.3268705 52.4742017),"['clothes', 'shoes']",,Deutsches Rotes Kreuz,['operator: Deutsches Rotes Kreuz'],,,,,,,,,,,,,,Tempelhof-Schöneberg,Friedenau,11007007
7634960848,,,POINT (13.6006197 52.5317797),['glass_bottles'],,Berliner Stadtreinigungsbetriebe,"['operator: Berliner Stadtreinigungsbetriebe', 'operator:short: BSR']",,,,,,,,,,,,hours=24/7,,Marzahn-Hellersdorf,Hellersdorf,11010010
7636205331,,,POINT (13.3405624 52.5552029),"['clothes', 'shoes']",,DRK,['operator: DRK'],,,,,,,,,,,,,,Mitte,Wedding,11001001
7646457520,,,POINT (13.4787752 52.4814649),"['clothes', 'shoes']",,Humana,['operator: Humana'],,,,,,,,,,,,,,Treptow-Köpenick,Plänterwald,11009009
7648680391,,,POINT (13.3400056 52.4818243),['glass_bottles'],,,,,,,,,,,,,,,,,Tempelhof-Schöneberg,Schöneberg,11007007
7680118566,,,POINT (13.341702 52.4669139),['clothes'],,,,,,,,,,,,,,,,,Tempelhof-Schöneberg,Schöneberg,11007007
7685796310,,,POINT (13.3156605 52.4867224),['glass_bottles'],,,,,,,,,,,,,,,,,Charlottenburg-Wilmersdorf,Wilmersdorf,11004004
7689230673,,,POINT (13.3930107 52.4641716),['clothes'],,,,,,,,,,,,,,,,,Tempelhof-Schöneberg,Tempelhof,11007007
7694824640,,,POINT (13.4250817 52.4580887),['glass_bottles'],,,,,,,,,,,lit,,,Lit,,,Neukölln,Britz,11008008
7699630379,,,POINT (13.4362875 52.4584221),['glass_bottles'],,,,,,,,,,,,,,,,,Neukölln,Britz,11008008
7699643385,,,POINT (13.4370379 52.4567297),['glass_bottles'],,,,,,,,,,,,,,,,,Neukölln,Britz,11008008
7736352539,,,POINT (13.4236128 52.5206638),"['glass_bottles', 'clothes', 'shoes']",,Deutsches Rotes Kreuz,['operator: Deutsches Rotes Kreuz'],,,,,,,,,,,,,,Mitte,Mitte,11001001
7747350426,,,POINT (13.3468313 52.4720204),['clothes'],,,,,,,,,,,,,,,,,Tempelhof-Schöneberg,Schöneberg,11007007
7750173255,,,POINT (13.3717305 52.5974035),['clothes'],,VERSERO GmbH,['operator: VERSERO GmbH'],,,,,,,,,,,,,,Pankow,Rosenthal,11003003
7752757117,,,POINT (13.288727 52.4931793),['clothes'],,,,,,,,,,,,,,,,,Charlottenburg-Wilmersdorf,Grunewald,11004004
7779451173,,,POINT (13.382541 52.4911908),['glass_bottles'],['glass'],,,,,,,,,,,,,,,,Friedrichshain-Kreuzberg,Kreuzberg,11002002
7782082936,,,POINT (13.4648683 52.4773963),['glass_bottles'],,,,,,,,,,,,,,,,,Neukölln,Neukölln,11008008
7798151431,,,POINT (13.4816879 52.6007395),['glass_bottles'],,,,,,,,,,,,,,,,,Pankow,Karow,11003003
7802654696,,,POINT (13.4215243 52.4658134),['glass_bottles'],,,,,,,,,,,,,,,,,Tempelhof-Schöneberg,Tempelhof,11007007
7810566347,,,POINT (13.4854886 52.6115595),['glass_bottles'],,,,,,,,,,,,,,,,,Pankow,Karow,11003003
7810997586,,,POINT (13.399804 52.4557488),['glass_bottles'],,,,,,,,,,parking obstruction,,,,Obstacles: parking obstruction,,,Tempelhof-Schöneberg,Tempelhof,11007007
7812554552,,,POINT (13.4245565 52.4585984),"['clothes', 'shoes']",,HUMANA Kleidersammlung GmbH,['operator: HUMANA Kleidersammlung GmbH'],,,,,,,,,,,,,,Neukölln,Britz,11008008
7813399065,,,POINT (13.4991864 52.6293629),['glass_bottles'],['glass'],,,,,,,,,,,,,,,,Pankow,Buch,11003003
7814921459,,,POINT (13.4679282 52.4758496),['glass_bottles'],,,,,,,,,,,,,,,,,Neukölln,Neukölln,11008008
7825046902,,,POINT (13.4813661 52.5203169),"['clothes', 'shoes']",,Keine Information am Container,['operator: Keine Information am Container'],,,,,,no,,,,,Not wheelchair accessible,hours=24/7,,Lichtenberg,Lichtenberg,11011011
7826712250,,,POINT (13.4709697 52.4623993),"['clothes', 'shoes']",,,,,,,,,,,,,,,,,Neukölln,Neukölln,11008008
7850083082,,,POINT (13.5345862 52.4344744),"['clothes', 'shoes']",,,,,,,,,no,,,,,Not wheelchair accessible,,,Treptow-Köpenick,Adlershof,11009009
7859148816,,,POINT (13.3408763 52.4690882),['clothes'],,ERSA Recycling & Textilverwertung GmbH,['operator: ERSA Recycling & Textilverwertung GmbH'],,,,,,,,,,,,,,Tempelhof-Schöneberg,Schöneberg,11007007
7869316523,,,POINT (13.4896279 52.4212422),"['clothes', 'shoes']",,,,,,,,,,,,,,,,,Neukölln,Rudow,11008008
7884797993,,,POINT (13.3744134 52.4751391),"['clothes', 'shoes']",,,,,,,,,,,,,,,,,Tempelhof-Schöneberg,Tempelhof,11007007
7928196005,,,POINT (13.5299333 52.4359979),['glass_bottles'],,,,,,,,,,,,,,,,,Treptow-Köpenick,Adlershof,11009009
7931997450,,,POINT (13.3808849 52.5354118),['clothes'],,Deutsches Rotes Kreuz,['operator: Deutsches Rotes Kreuz'],,,,,,,,,,,,,,Mitte,Mitte,11001001
7941749932,,,POINT (13.5164757 52.505359),['glass_bottles'],['glass'],,,,,,,,limited,,,,,Limited wheelchair access,"hours=Mo-Sa 07:00-13:00,15:00-20:00",,Lichtenberg,Friedrichsfelde,11011011
7942445176,,,POINT (13.405664 52.4903673),['glass_bottles'],,,,,,,,,,,,,,,,,Friedrichshain-Kreuzberg,Kreuzberg,11002002
7951636690,,,POINT (13.2942055 52.4191435),,,Reinhardt Rohstoffe,"['name: Reinhardt Rohstoffe', 'operator: Reinhardt Rohstoffe GmbH']",,"Lichterfelder Weg 1, 14167 Lichterfelde",,contact:website: https://www.reinhardt-rohstoffe.de/,,,,,,,,,,Steglitz-Zehlendorf,Lichterfelde,11006006
7951875992,,,POINT (13.4381832 52.4972496),['glass_bottles'],,Karl Meyer Rohstoffverwertung,['operator: Karl Meyer Rohstoffverwertung'],,,,,,,,,,,,"hours=Mo-Sa 07:00-13:00, 15:00-20:00; Su,PH off",,Friedrichshain-Kreuzberg,Kreuzberg,11002002
7955525990,,,POINT (13.3712274 52.5541734),['glass_bottles'],,,,,,,,,yes,,,,,Wheelchair accessible,hours=24/7,,Mitte,Gesundbrunnen,11001001
7964276364,,,POINT (13.4182777 52.5615802),['glass_bottles'],,,,,,,,,,,,,,,,,Pankow,Pankow,11003003
7964276365,,,POINT (13.4205039 52.5623194),['glass_bottles'],,,,,,,,,,,,,,,,,Pankow,Pankow,11003003
7980829651,local_knowledge,,POINT (13.5379639 52.4930484),['glass_bottles'],,,,,,,,,,,,,,,,,Lichtenberg,Karlshorst,11011011
7980829652,,,POINT (13.5377362 52.4932333),"['clothes', 'shoes']",,DRK,"['short_name: DRK', 'operator: Deutsches Rotes Kreuz']",,,,,,,,,,,,hours=24/7,,Lichtenberg,Karlshorst,11011011
7989806391,,,POINT (13.3678347 52.5026418),['clothes'],,,,,,,,,,,,,,,,,Mitte,Tiergarten,11001001
7994871482,,,POINT (13.3170544 52.485069),['clothes'],,Deutsches Rotes Kreuz e.V.,['operator: Deutsches Rotes Kreuz e.V.'],,,,,,,,,,,,,,Charlottenburg-Wilmersdorf,Wilmersdorf,11004004
7994883596,,,POINT (13.3036938 52.4906879),['clothes'],,,,,,,,,,,,,,,,,Charlottenburg-Wilmersdorf,Wilmersdorf,11004004
7994883597,,,POINT (13.3015429 52.4936695),"['clothes', 'shoes']",,cavtex,['operator: cavtex'],,,,,,,,,,,,,,Charlottenburg-Wilmersdorf,Wilmersdorf,11004004
8018508958,,,POINT (13.6883529 52.439522),['glass_bottles'],,,,,,,,,,,,,,,,,Treptow-Köpenick,Rahnsdorf,11009009
8018613937,,,POINT (13.6942133 52.4384206),['glass_bottles'],,,,,,,,,,,,,,,,,Treptow-Köpenick,Rahnsdorf,11009009
8032390996,,,POINT (13.5341223 52.4847599),['glass_bottles'],,,,,,,,,,,,,,,,,Lichtenberg,Karlshorst,11011011
8071229940,,,POINT (13.3087503 52.41134),"['clothes', 'shoes']",,Recontextil,['operator: Recontextil'],,,,,,,,,,,,,,Steglitz-Zehlendorf,Lichterfelde,11006006
8072492079,,,POINT (13.3498817 52.471574),['clothes'],,,,,,,,,,,,,,,,,Tempelhof-Schöneberg,Schöneberg,11007007
8090076270,,,POINT (13.5730872 52.5535191),"['glass_bottles', 'glass_bottles_white', 'glass_bottles_green', 'glass_bottles_brown']",,,,,,,,,,,,,,,,,Marzahn-Hellersdorf,Marzahn,11010010
8091797807,,,POINT (13.3370659 52.4502532),['clothes'],,could not find the bin during survey,['operator: could not find the bin during survey'],,,,,,,,,,,,,,Steglitz-Zehlendorf,Steglitz,11006006
8091797809,,,POINT (13.3363622 52.4510069),['clothes'],,Schuh-Sammelcontainer,['operator: Schuh-Sammelcontainer'],,,,,,,,,,,,,,Steglitz-Zehlendorf,Steglitz,11006006
8118755952,,,POINT (13.3115926 52.4669172),['clothes'],,,,,,,,,,,,,,,,,Steglitz-Zehlendorf,Steglitz,11006006
8140098662,,,POINT (13.2974419 52.5104915),['glass_bottles'],,,,,,,,,,,,,,,,,Charlottenburg-Wilmersdorf,Charlottenburg,11004004
8154026929,,,POINT (13.4346829 52.4613616),"['clothes', 'shoes']",,Cavtex,['operator: Cavtex'],,,,,,,,,,,,,,Neukölln,Britz,11008008
8156098126,,,POINT (13.3384104 52.4515335),"['clothes', 'shoes']",,www.cavtex.de,['operator: www.cavtex.de'],,,,,,,,,,,,,,Steglitz-Zehlendorf,Steglitz,11006006
8165602934,,,POINT (13.3907456 52.5009698),['glass_bottles'],,,,,,,,,,,,,,,,,Friedrichshain-Kreuzberg,Kreuzberg,11002002
8175559799,,,POINT (13.5557058 52.5485898),['glass_bottles'],,,,,,,,,,,,,,,,,Marzahn-Hellersdorf,Marzahn,11010010
8185079432,,,POINT (13.4225033 52.5482699),['glass_bottles'],,,,,,,,,,,,,,,,,Pankow,Prenzlauer Berg,11003003
8198931877,,,POINT (13.4813347 52.5067521),['glass_bottles'],,,,,,,,,yes,,,,,Wheelchair accessible,"hours=Mo-Sa 07:00-13:00,15:00-20:00",,Lichtenberg,Lichtenberg,11011011
8237691888,,,POINT (13.4851504 52.4959215),['glass_bottles'],,,,,,,,,yes,,,,,Wheelchair accessible,"hours=Mo-Sa 07:00-13:00,15:00-20:00",,Lichtenberg,Rummelsburg,11011011
8242415783,,,POINT (13.5160716 52.4560034),"['glass_bottles', 'glass_bottles_brown', 'glass_bottles_green', 'glass_bottles_white']",,BR Berlin Recycling GmbH,['operator: BR Berlin Recycling GmbH'],,,,,,,,,,,,,,Treptow-Köpenick,Niederschöneweide,11009009
8244411617,,,POINT (13.5522083 52.4438862),['glass_bottles'],,,,,,,,,,,,,,,hours=24/7,,Treptow-Köpenick,Adlershof,11009009
8244525416,,,POINT (13.5509751 52.4427411),"['clothes', 'shoes']",,DRK Kreisverband Müggelspree e.V.,['operator: DRK Kreisverband Müggelspree e.V.'],,,,,,,,,,,,hours=24/7,,Treptow-Köpenick,Adlershof,11009009
8246901494,,,POINT (13.3421954 52.4346091),"['glass_bottles', 'glass']",,,,,,,,,,,,,,,,,Steglitz-Zehlendorf,Lankwitz,11006006
8246901495,,,POINT (13.3389977 52.4375996),['glass_bottles'],['glass'],,,,,,,,,,,,,,,,Steglitz-Zehlendorf,Lankwitz,11006006
8246901500,,,POINT (13.3292965 52.4330653),['glass_bottles'],,,,,,,,,,,,,,,,,Steglitz-Zehlendorf,Lichterfelde,11006006
8247909720,,,POINT (13.479762 52.4912507),['glass_bottles'],,,,,,,,,yes,,,,,Wheelchair accessible,"hours=Mo-Sa 07:00-13:00, 15:00-20:00",,Friedrichshain-Kreuzberg,Friedrichshain,11002002
8251634395,,,POINT (13.4621195 52.5193388),['glass_bottles'],,,,,,,,,,,,,,,,,Friedrichshain-Kreuzberg,Friedrichshain,11002002
8260685343,,,POINT (13.6234416 52.5334728),['clothes'],,,,,,,,,,,,,,,,,Marzahn-Hellersdorf,Hellersdorf,11010010
8285404296,,,POINT (13.5749385 52.5548962),['clothes'],,,,,,,,,,,,,,,,,Marzahn-Hellersdorf,Marzahn,11010010
8285634934,,,POINT (13.5598967 52.5699934),['glass_bottles'],,,,,,,,,,,,,,,,,Marzahn-Hellersdorf,Marzahn,11010010
8295670596,,,POINT (13.551688 52.5491986),['glass_bottles'],,,,,,,,,,,,,,,,,Marzahn-Hellersdorf,Marzahn,11010010
8317694483,,,POINT (13.5250693 52.5360007),"['glass_bottles', 'glass_bottles_white', 'glass_bottles_green', 'glass_bottles_brown']",,,,,,,,,,,,,,,,,Marzahn-Hellersdorf,Marzahn,11010010
8319727954,,,POINT (13.3548133 52.4716815),['glass_bottles'],,,,,,,,,,,,,,,,,Tempelhof-Schöneberg,Schöneberg,11007007
8327512894,,,POINT (13.3205166 52.4639959),['glass_bottles'],,,,,,,,,,,,,,,,,Steglitz-Zehlendorf,Steglitz,11006006
8327512895,,,POINT (13.320561 52.4640407),['glass_bottles'],,Profittex,['operator: Profittex'],,,,,,,,,,,,,,Steglitz-Zehlendorf,Steglitz,11006006
8327534832,,,POINT (13.5047378 52.5042914),['glass_bottles'],,,,,,,,,yes,,,,,Wheelchair accessible,"hours=Mo-Sa 07:00-13:00, 15:00-20:00",,Lichtenberg,Friedrichsfelde,11011011
8327737773,,,POINT (13.4779793 52.5575351),['glass_bottles'],,,,,,,,,,,,,,,,,Pankow,Weißensee,11003003
8327737774,,,POINT (13.46465 52.56),['glass_bottles'],,,,,,,,,,,,,,,,,Pankow,Weißensee,11003003
8345822583,,,POINT (13.3917137 52.4191938),['glass_bottles'],['glass'],,,,,,,,,,,,,,,,Tempelhof-Schöneberg,Marienfelde,11007007
8356387383,,,POINT (13.5624362 52.5032183),['glass_bottles'],,,,,,,,,,,,,,,,,Marzahn-Hellersdorf,Biesdorf,11010010
8357441387,,,POINT (13.3633036 52.5715027),['clothes'],,DRK,"['short_name: DRK', 'operator: Deutsches Rotes Kreuz']",,,,,,yes,,,,,Wheelchair accessible,hours=24/7,,Reinickendorf,Reinickendorf,11012012
8377043001,,,POINT (13.40999 52.5108348),['glass_bottles'],['paper'],Berliner Stadtreinigungsbetriebe,"['operator: Berliner Stadtreinigungsbetriebe', 'operator:short: BSR']",,,,,,,,,,,,,,Mitte,Mitte,11001001
8389728517,,,POINT (13.5885759 52.4455673),['glass_bottles'],,,,,,,,,,,,,,,,,Treptow-Köpenick,Köpenick,11009009
8389728518,,,POINT (13.5921844 52.4471029),['glass_bottles'],,,,,,,,,,,,,,,,,Treptow-Köpenick,Köpenick,11009009
8390524536,,,POINT (13.3241582 52.4952489),['glass_bottles'],,,,,,,,,,,,,,,hours=24/7,,Charlottenburg-Wilmersdorf,Wilmersdorf,11004004
8398710920,,,POINT (13.5730351 52.5523502),"['clothes', 'shoes']",,,,,,,,,,,,,,,,,Marzahn-Hellersdorf,Marzahn,11010010
8398710930,,,POINT (13.5743391 52.5521128),"['clothes', 'shoes']",,,,,,,,,,,,,,,,,Marzahn-Hellersdorf,Marzahn,11010010
8413565927,,,POINT (13.5625637 52.5474673),"['clothes', 'shoes']",,TEXAID Deutschland,['operator: TEXAID Deutschland'],,,,,,,,,,,,,,Marzahn-Hellersdorf,Marzahn,11010010
8413837884,,,POINT (13.5707521 52.5560122),['glass_bottles'],,,,,,,,,,,,,,,,,Marzahn-Hellersdorf,Marzahn,11010010
8414134598,,,POINT (13.5792581 52.5507119),['glass_bottles'],,,,,,,,,,,,,,,,,Marzahn-Hellersdorf,Marzahn,11010010
8414134599,,,POINT (13.5792529 52.5506963),['glass_bottles'],,,,,,,,,,,,,,,,,Marzahn-Hellersdorf,Marzahn,11010010
8414134600,,,POINT (13.5792478 52.5506838),['glass_bottles'],,,,,,,,,,,,,,,,,Marzahn-Hellersdorf,Marzahn,11010010
8414134601,,,POINT (13.5792419 52.5506695),['glass_bottles'],,,,,,,,,,,,,,,,,Marzahn-Hellersdorf,Marzahn,11010010
8414135648,,,POINT (13.5819718 52.5507523),['clothes'],,Deutsches Rotes Kreuz,['operator: Deutsches Rotes Kreuz'],,,,,,,,,,,,,,Marzahn-Hellersdorf,Marzahn,11010010
8414135683,,,POINT (13.578752 52.5489554),"['clothes', 'shoes']",,TEXAID Deutschland,['operator: TEXAID Deutschland'],,,,,,,,,,,,,,Marzahn-Hellersdorf,Marzahn,11010010
8415545277,,,POINT (13.5707995 52.5560798),"['clothes', 'shoes']",,HUMANA,['operator: HUMANA'],,,,,,,,,,,,,,Marzahn-Hellersdorf,Marzahn,11010010
8420785784,,,POINT (13.5634699 52.5605817),"['glass_bottles', 'glass_bottles_white', 'glass_bottles_green', 'glass_bottles_brown']",,,,,,,,,,,,,,,,,Marzahn-Hellersdorf,Marzahn,11010010
8421848899,,,POINT (13.5512324 52.5684484),['glass_bottles'],,,,,,,,,,,,,,,,,Marzahn-Hellersdorf,Marzahn,11010010
8421891371,,,POINT (13.5596143 52.5554108),"['glass_bottles', 'glass_bottles_white', 'glass_bottles_green', 'glass_bottles_brown']",,,,,,,,,,,,,,,,,Marzahn-Hellersdorf,Marzahn,11010010
8421950315,,,POINT (13.5444909 52.5451286),['clothes'],,Deutsches Rotes Kreuz,['operator: Deutsches Rotes Kreuz'],,,,,,,,,,,,,,Marzahn-Hellersdorf,Marzahn,11010010
8421956858,changeset 100950997,,POINT (13.5488494 52.5449916),"['glass_bottles', 'glass_bottles_brown', 'glass_bottles_green', 'glass_bottles_white']",,,,,,,,,,,,,,,,,Marzahn-Hellersdorf,Marzahn,11010010
8421956860,,,POINT (13.5487555 52.544968),"['clothes', 'shoes']",,,,,,,,,,,,,,,,,Marzahn-Hellersdorf,Marzahn,11010010
8421956881,,,POINT (13.5520519 52.545726),['glass_bottles'],,,,,,,,,,,,,,,,,Marzahn-Hellersdorf,Marzahn,11010010
8421956918,,,POINT (13.5551758 52.5477754),['glass_bottles'],,,,,,,,,,,,,,,,,Marzahn-Hellersdorf,Marzahn,11010010
8422055665,,,POINT (13.5580019 52.5406155),['clothes'],,Deutsches Rotes Kreuz,['operator: Deutsches Rotes Kreuz'],,,,,,,,,,,,,,Marzahn-Hellersdorf,Marzahn,11010010
8422055666,,,POINT (13.5581551 52.5395499),['clothes'],,,,,,,,,,,,,,,,,Marzahn-Hellersdorf,Marzahn,11010010
8422237395,,,POINT (13.5563159 52.53952),['glass_bottles'],,,,,,,,,,,,,,,,,Marzahn-Hellersdorf,Marzahn,11010010
8422392233,,,POINT (13.5603644 52.5372968),['glass_bottles'],,,,,,,,,,,,,,,,,Marzahn-Hellersdorf,Marzahn,11010010
8422392242,,,POINT (13.5627553 52.5364263),"['glass_bottles', 'glass_bottles_white', 'glass_bottles_green', 'glass_bottles_brown']",,,,,,,,,,,,,,,,,Marzahn-Hellersdorf,Marzahn,11010010
8422392275,,,POINT (13.5678706 52.538167),['glass_bottles'],,,,,,,,,,,,,,,,,Marzahn-Hellersdorf,Marzahn,11010010
8424346535,,,POINT (13.5710199 52.567429),['glass_bottles'],,,,,,,,,,,,,,,,,Marzahn-Hellersdorf,Marzahn,11010010
8424346536,,,POINT (13.5710346 52.5674419),['glass_bottles'],,,,,,,,,,,,,,,,,Marzahn-Hellersdorf,Marzahn,11010010
8430785530,,,POINT (13.5581429 52.5507935),"['clothes', 'shoes']",,Berliner Obdachlosenhilfe,['operator: Berliner Obdachlosenhilfe'],,,,,,,,,,,,,,Marzahn-Hellersdorf,Marzahn,11010010
8443107036,,,POINT (13.6340848 52.5189928),"['glass_bottles', 'clothes']",,Deutsches Rotes Kreuz,['operator: Deutsches Rotes Kreuz'],,,,,,,,,,,,,,Marzahn-Hellersdorf,Mahlsdorf,11010010
8443107039,,,POINT (13.6341462 52.5190312),"['glass_bottles', 'clothes', 'glass_bottles_white', 'glass_bottles_green', 'glass_bottles_brown']",,,,,,,,,,,,,,,,,Marzahn-Hellersdorf,Mahlsdorf,11010010
8448211666,,,POINT (13.5757071 52.570584),['clothes'],,DRK,['operator: DRK'],,,,,,,,,,,,,,Marzahn-Hellersdorf,Marzahn,11010010
8457364979,,,POINT (13.5731318 52.5523567),"['glass_bottles', 'glass_bottles_white', 'glass_bottles_green', 'glass_bottles_brown']",,,,,,,,,,,,,,,,,Marzahn-Hellersdorf,Marzahn,11010010
8457364980,,,POINT (13.5738499 52.5517583),"['glass_bottles', 'glass_bottles_white', 'glass_bottles_green', 'glass_bottles_brown']",,,,,,,,,,,,,,,,,Marzahn-Hellersdorf,Marzahn,11010010
8457364981,,,POINT (13.57875 52.5500151),['clothes'],,Humana,['operator: Humana'],,,,,,,,,,,,,,Marzahn-Hellersdorf,Marzahn,11010010
8457364982,,,POINT (13.5790555 52.5508014),['clothes'],,,,,,,,,,,,,,,,,Marzahn-Hellersdorf,Marzahn,11010010
8457364983,,,POINT (13.5718059 52.5504316),"['glass_bottles', 'glass_bottles_white', 'glass_bottles_green', 'glass_bottles_brown']",,,,,,,,,,,,,,,,,Marzahn-Hellersdorf,Marzahn,11010010
8457364984,,,POINT (13.5699755 52.5483048),"['glass_bottles', 'glass_bottles_white', 'glass_bottles_green', 'glass_bottles_brown']",,,,,,,,,,,,,,,,,Marzahn-Hellersdorf,Marzahn,11010010
8457364986,,,POINT (13.5706817 52.5560185),"['glass_bottles', 'glass_bottles_white', 'glass_bottles_green', 'glass_bottles_brown']",,,,,,,,,,,,,,,,,Marzahn-Hellersdorf,Marzahn,11010010
8476414695,,,POINT (13.5665367 52.553944),"['glass_bottles', 'glass_bottles_white', 'glass_bottles_green', 'glass_bottles_brown']",,,,,,,,private,,,,,,Access restricted (private),,,Marzahn-Hellersdorf,Marzahn,11010010
8480348933,,,POINT (13.3310313 52.4235509),['glass_bottles'],,,,,,,,,,,,,,,,,Steglitz-Zehlendorf,Lichterfelde,11006006
8480357185,,,POINT (13.34727 52.4306659),['glass_bottles'],,,,,,,,,,,,,,,,,Steglitz-Zehlendorf,Lankwitz,11006006
8484626719,,,POINT (13.5751617 52.5548986),"['glass_bottles', 'glass_bottles_white', 'glass_bottles_green', 'glass_bottles_brown']",,,,,,,,,,,,,,,,,Marzahn-Hellersdorf,Marzahn,11010010
8485883658,,,POINT (13.4071965 52.502272),['glass_bottles'],,,,,,,,,,,,,,,,,Friedrichshain-Kreuzberg,Kreuzberg,11002002
8511247277,,,POINT (13.6197544 52.5405217),"['clothes', 'shoes']",,HUMANA Kleidersammlung GmbH,['operator: HUMANA Kleidersammlung GmbH'],,,,,,,,,,,,,,Marzahn-Hellersdorf,Hellersdorf,11010010
8511247289,,,POINT (13.6147573 52.5406142),['clothes'],,DRK,"['short_name: DRK', 'operator: Deutsches Rotes Kreuz']",,,,,,,,,,,,,,Marzahn-Hellersdorf,Hellersdorf,11010010
8511247302,,,POINT (13.608752 52.5396536),['glass_bottles'],,,,,,,,,,,,,,,,,Marzahn-Hellersdorf,Hellersdorf,11010010
8512471852,,,POINT (13.5934231 52.5447996),['glass_bottles'],,,,,,,,,,,,,,,,,Marzahn-Hellersdorf,Hellersdorf,11010010
8512876846,,,POINT (13.5871981 52.5486957),['glass_bottles'],,,,,,,,,,,,,,,,,Marzahn-Hellersdorf,Hellersdorf,11010010
8521336804,,,POINT (13.4483178 52.4555074),['glass_bottles'],,,,,,,,,,,,,,,,,Neukölln,Britz,11008008
8524773529,,,POINT (13.5624728 52.5351764),['clothes'],,Humana,['operator: Humana'],,,,,,,,,,,,,,Marzahn-Hellersdorf,Marzahn,11010010
8529396406,,,POINT (13.5177495 52.5257701),"['glass_bottles', 'glass_bottles_brown', 'glass_bottles_green', 'glass_bottles_white']",,,,,,,,,,,,,,,,,Lichtenberg,Lichtenberg,11011011
8541232421,,,POINT (13.3391106 52.4856033),['glass_bottles'],,,,,,,,,,,,,,,,,Tempelhof-Schöneberg,Schöneberg,11007007
8541507044,changeset 101406521,,POINT (13.5700036 52.5550434),"['glass_bottles', 'glass_bottles_brown', 'glass_bottles_green', 'glass_bottles_white']",,,,,,,,,,,,,,,,,Marzahn-Hellersdorf,Marzahn,11010010
8541507052,,,POINT (13.5736506 52.5546352),"['glass_bottles', 'glass_bottles_white', 'glass_bottles_green', 'glass_bottles_brown']",,,,,,,,,,,,,,,,,Marzahn-Hellersdorf,Marzahn,11010010
8542988034,,,POINT (13.574276 52.5454353),['clothes'],,Humana,['operator: Humana'],,,,,,,,,,,,,,Marzahn-Hellersdorf,Marzahn,11010010
8542988041,,,POINT (13.5744769 52.5457368),"['glass_bottles', 'glass_bottles_white', 'glass_bottles_green', 'glass_bottles_brown']",,,,,,,,,,,,,,,,,Marzahn-Hellersdorf,Marzahn,11010010
8544127446,,,POINT (13.4331883 52.5588356),"['clothes', 'shoes']",,Fa. Cavuslar,['operator: Fa. Cavuslar'],,,contact:mobile: +49 157 56233471,contact:website: http://www.cavtex.de,,,,,,,,,,Pankow,Heinersdorf,11003003
8544212937,,,POINT (13.4368893 52.5746667),"['clothes', 'shoes']",,±49 176 40270396,['operator: ±49 176 40270396'],,,,,,no,,,,,Not wheelchair accessible,,,Pankow,Heinersdorf,11003003
8544242016,,,POINT (13.4370252 52.576319),['glass_bottles'],,Karl Meyer,['operator: Karl Meyer'],,,,,,no,,,,,Not wheelchair accessible,"hours=Mo-Sa 07:00-13:00,15:00-20:00; PH closed",,Pankow,Heinersdorf,11003003
8556541708,,,POINT (13.4669212 52.5286693),"['glass_bottles', 'glass_bottles_white', 'glass_bottles_green', 'glass_bottles_brown']",,,,,,,,,,,,,,,,,Lichtenberg,Fennpfuhl,11011011
8556541709,,,POINT (13.466983 52.5282838),['clothes'],,Cavtex,['operator: Cavtex'],,,,,,,,,,,,,,Lichtenberg,Fennpfuhl,11011011
8561437704,,,POINT (13.5668656 52.5409927),"['clothes', 'shoes', 'glass_bottles_white', 'glass_bottles_green', 'glass_bottles_brown']",,,,,,,,,,,,,,,,,Marzahn-Hellersdorf,Marzahn,11010010
8566719896,,,POINT (13.5748171 52.5294147),['clothes'],,Deutsches Rotes Kreuz,['operator: Deutsches Rotes Kreuz'],,,,,,,,,,,,,,Marzahn-Hellersdorf,Biesdorf,11010010
8568209999,,,POINT (13.3027855 52.6223656),['glass_bottles'],,,,,,,,,,,,,,,,,Reinickendorf,Hermsdorf,11012012
8574592567,,,POINT (13.3895225 52.555134),['glass_bottles'],,Berliner Stadtreinigungsbetriebe,"['operator: Berliner Stadtreinigungsbetriebe', 'operator:short: BSR']",,,,,,,,,,,,,,Mitte,Gesundbrunnen,11001001
8579738781,,,POINT (13.4808953 52.5136072),"['paper', 'plastic']",,,,,,,,,,,,,,,,,Lichtenberg,Lichtenberg,11011011
8579738783,,,POINT (13.4808388 52.5136128),['waste'],,,,,,,,,,,,,,,,,Lichtenberg,Lichtenberg,11011011
8579738784,,,POINT (13.4808078 52.5136152),['waste'],,,,,,,,,,,,,,,,,Lichtenberg,Lichtenberg,11011011
8583325523,,,POINT (13.5056738 52.5178057),['glass_bottles'],,,,,,,,,,,,,,,,,Lichtenberg,Lichtenberg,11011011
8584782895,,,POINT (13.5376031 52.5335895),['clothes'],,,,,,,,,,,,,,,,,Marzahn-Hellersdorf,Marzahn,11010010
8589591990,,,POINT (13.5638054 52.5370059),"['paper', 'plastic', 'green_waste', 'food_waste']",,,,,,,,,,,,,,,,,Marzahn-Hellersdorf,Marzahn,11010010
8589914288,,,POINT (13.3080516 52.6183403),"['glass_bottles', 'clothes']",,GAK Textilverarbeitungstechnik GMBH,['operator: GAK Textilverarbeitungstechnik GMBH'],,,,,,,,,,,,,,Reinickendorf,Hermsdorf,11012012
8612098092,,,POINT (13.5400493 52.5349942),['glass_bottles'],,,,,,,,,,,,,,,,,Marzahn-Hellersdorf,Marzahn,11010010
8612146217,,,POINT (13.5404962 52.5368788),['clothes'],,,,,,,,,,,,,,,,,Marzahn-Hellersdorf,Marzahn,11010010
8612146240,,,POINT (13.5430529 52.5368863),['glass_bottles'],,,,,,,,,,,,,,,,,Marzahn-Hellersdorf,Marzahn,11010010
8614026212,,,POINT (13.5439405 52.5386096),['clothes'],,Berlin Brandenburg Kreislaufrecycling,['operator: Berlin Brandenburg Kreislaufrecycling'],,,,,,,,,,,,,,Marzahn-Hellersdorf,Marzahn,11010010
8614027332,,,POINT (13.5403054 52.5376485),['clothes'],,,,,,,,,,,,,,,,,Marzahn-Hellersdorf,Marzahn,11010010
8614256823,,,POINT (13.5641668 52.556569),['clothes'],,,,,,,,,,,,,,,,,Marzahn-Hellersdorf,Marzahn,11010010
8615484251,,,POINT (13.5576247 52.4795021),['glass_bottles'],,,,,,,,,,,,,,,,,Marzahn-Hellersdorf,Biesdorf,11010010
8616653312,,,POINT (13.541751 52.53546),['clothes'],,Loop,['operator: Loop'],,,,,,,,,,,,,,Marzahn-Hellersdorf,Marzahn,11010010
8616778463,,,POINT (13.5497184 52.5349714),['glass_bottles'],,,,,,,,,,,,,,,,,Marzahn-Hellersdorf,Marzahn,11010010
8616778464,,,POINT (13.5496618 52.5349177),['clothes'],,Deutsches Rotes Kreuz e.V.,['operator: Deutsches Rotes Kreuz e.V.'],,,,,,,,,,,,,,Marzahn-Hellersdorf,Marzahn,11010010
8617170550,,,POINT (13.5513815 52.5370782),"['clothes', 'shoes']",,TEXAID Deutschland,['operator: TEXAID Deutschland'],,,,,,,,,,,,,,Marzahn-Hellersdorf,Marzahn,11010010
8617479407,,,POINT (13.5583618 52.5366369),"['clothes', 'shoes']",,HUMANA,['operator: HUMANA'],,,,,,,,,,,,,,Marzahn-Hellersdorf,Marzahn,11010010
8617975797,,,POINT (13.558002 52.5406844),['glass_bottles'],,,,,,,,,,,,,,,,,Marzahn-Hellersdorf,Marzahn,11010010
8617975807,,,POINT (13.5604037 52.5391735),"['clothes', 'shoes']",,HUMANA,['operator: HUMANA'],,,,,,,,,,,,,,Marzahn-Hellersdorf,Marzahn,11010010
8617998836,,,POINT (13.5597032 52.5420924),['glass_bottles'],,,,,,,,,,,,,,,,,Marzahn-Hellersdorf,Marzahn,11010010
8618548324,,,POINT (13.5579265 52.5455741),['glass_bottles'],,,,,,,,,,,,,,,,,Marzahn-Hellersdorf,Marzahn,11010010
8618577314,,,POINT (13.5678034 52.5526285),['glass_bottles'],,,,,,,,,,,,,,,,,Marzahn-Hellersdorf,Marzahn,11010010
8627873542,,,POINT (13.5632351 52.549649),"['clothes', 'shoes']",,TEXAID Deutschland,['operator: TEXAID Deutschland'],,,,,,,,,,,,,,Marzahn-Hellersdorf,Marzahn,11010010
8639715883,,,POINT (13.5108117 52.5101467),['clothes'],,Bera Textilrecycling,['operator: Bera Textilrecycling'],,,,,,,,,,,,,,Lichtenberg,Friedrichsfelde,11011011
8640464084,,,POINT (13.5507783 52.5115257),"['clothes', 'shoes']",,Humana,['operator: Humana'],,,,,,,,,,,,,,Marzahn-Hellersdorf,Biesdorf,11010010
8641569886,,,POINT (13.5663648 52.4124616),['glass_bottles'],,,,,,,,,,,,,,,,,Treptow-Köpenick,Bohnsdorf,11009009
8641715431,,,POINT (13.4874288 52.4223243),"['clothes', 'shoes']",,,,,,,,,,,,,,,,,Neukölln,Rudow,11008008
8655903820,,,POINT (13.560097 52.4870137),['glass_bottles'],,,,,,,,,,,,,,,,,Marzahn-Hellersdorf,Biesdorf,11010010
8655903821,,,POINT (13.560162 52.4870104),['clothes'],,Deutsches Rotes Kreuz,['operator: Deutsches Rotes Kreuz'],,,,,,,,,,,,,,Marzahn-Hellersdorf,Biesdorf,11010010
8662694585,,,POINT (13.5753982 52.4144759),"['clothes', 'shoes']",,,,,,,,,,,,,,,,,Treptow-Köpenick,Grünau,11009009
8662695822,,,POINT (13.2544116 52.4433789),['glass_bottles'],,,,,,,,,,,,,,,,,Steglitz-Zehlendorf,Zehlendorf,11006006
8662695875,,,POINT (13.2524841 52.4414659),['glass_bottles'],,,,,,,,,,,,,,,,,Steglitz-Zehlendorf,Zehlendorf,11006006
8664707709,,,POINT (13.4290018 52.5559405),"['clothes', 'shoes']",,Deutsches Rotes Kreuz e.V.,['operator: Deutsches Rotes Kreuz e.V.'],,,,,,,,,,,,,,Pankow,Pankow,11003003
8664715676,,,POINT (13.4332203 52.5501969),['glass_bottles'],,,,,,,,,,,,,,,,,Pankow,Prenzlauer Berg,11003003
8668224655,,,POINT (13.5288805 52.5238503),['glass_bottles'],,,,,,,,,,,,,,,"hours=Mo-Sa 07:00-13:00,15:00-20:00",,Marzahn-Hellersdorf,Marzahn,11010010
8672433667,,,POINT (13.3947317 52.4131505),['glass_bottles'],,,,,,,,,,,,,,,,,Tempelhof-Schöneberg,Lichtenrade,11007007
8684925243,,,POINT (13.5060468 52.5358767),['clothes'],,,,,,,,,,,,,,,,,Lichtenberg,Alt-Hohenschönhausen,11011011
8684925244,,,POINT (13.5060563 52.5358246),['glass_bottles'],,,,,,,,,,,,,,,,,Lichtenberg,Alt-Hohenschönhausen,11011011
8688604786,,,POINT (13.3272842 52.4471728),"['clothes', 'shoes']",,Bera Textilrecycling,['operator: Bera Textilrecycling'],,Altkleider,,,yes,,,,,,,hours=24/7,,Steglitz-Zehlendorf,Steglitz,11006006
8690932056,,,POINT (13.5095963 52.5363612),['glass_bottles'],,,,,,,,,,,,,,,,,Lichtenberg,Alt-Hohenschönhausen,11011011
8690932324,,,POINT (13.507388 52.5381957),['clothes'],,,,,,,,,,,,,,,,,Lichtenberg,Alt-Hohenschönhausen,11011011
8691126879,,,POINT (13.5057761 52.5393908),['glass_bottles'],,,,,,,,,,,,,,,,,Lichtenberg,Alt-Hohenschönhausen,11011011
8691190223,,,POINT (13.3005215 52.570191),['glass_bottles'],['glass'],,,,,,,,,,,,,,,,Reinickendorf,Tegel,11012012
8691606427,,,POINT (13.344613 52.4493119),"['cans', 'paper', 'plastic', 'green_waste']",,,,,,,,,,,,,,,,,Steglitz-Zehlendorf,Steglitz,11006006
8698334514,,,POINT (13.4499285 52.4281904),['glass_bottles'],,,,,,,,,,,,,,,,,Neukölln,Gropiusstadt,11008008
8712029122,,,POINT (13.3414652 52.5753945),['glass_bottles'],,,,,,,,,,,,,,,,,Reinickendorf,Reinickendorf,11012012
8712029123,,,POINT (13.3414369 52.5753978),['glass_bottles'],,,,,,,,,,,,,,,,,Reinickendorf,Reinickendorf,11012012
8712029124,,,POINT (13.3414123 52.5753995),['glass_bottles'],,,,,,,,,,,,,,,,,Reinickendorf,Reinickendorf,11012012
8718519473,,,POINT (13.3745125 52.5717892),['glass_bottles'],,,,,,,,,,,,,,,,,Reinickendorf,Reinickendorf,11012012
8718519474,,,POINT (13.3745378 52.5718114),['clothes'],,Deutsches Rotes Kreuz,['operator: Deutsches Rotes Kreuz'],,,,,,,,,,,,,,Reinickendorf,Reinickendorf,11012012
8722198358,,,POINT (13.412877 52.5293206),"['clothes', 'shoes']",,Berlin-Textilrecycling,['operator: Berlin-Textilrecycling'],,,,website: http://www.berlin-textilrecycling.com/,,yes,,,,,Wheelchair accessible,hours=24/7,,Pankow,Prenzlauer Berg,11003003
8728069777,,,POINT (13.5557876 52.5441645),['glass_bottles'],,,,,,,,,,,,,,,,,Marzahn-Hellersdorf,Marzahn,11010010
8728726347,,,POINT (13.5436073 52.5279927),"['clothes', 'shoes']",,Deutsches Rotes Kreuz,['operator: Deutsches Rotes Kreuz'],,,,,,,,,,,,,,Marzahn-Hellersdorf,Marzahn,11010010
8728726407,,,POINT (13.5466127 52.5334213),['glass_bottles'],,,,,,,,,,,,,,,,,Marzahn-Hellersdorf,Marzahn,11010010
8731827418,,,POINT (13.5468718 52.4403298),"['clothes', 'shoes']",,DRK,['operator: DRK'],,,,,,,,,,,,hours=24/7,,Treptow-Köpenick,Adlershof,11009009
8733016355,,,POINT (13.5683642 52.5400824),['glass_bottles'],,,,,,,,,,,,,,,,,Marzahn-Hellersdorf,Marzahn,11010010
8749816042,,,POINT (13.5686915 52.4665006),['glass_bottles'],,,,,,,,,,,,,,,,,Treptow-Köpenick,Köpenick,11009009
8757731880,,,POINT (13.5690393 52.5407688),['shoes'],,SP Recycling,['operator: SP Recycling'],,,,,,,,,,,,,,Marzahn-Hellersdorf,Marzahn,11010010
8761752958,,,POINT (13.3023379 52.4471646),['clothes'],,Berliner Stadtmission;Ev. Kirche,['operator: Berliner Stadtmission;Ev. Kirche'],,,contact:phone: +49 30 69033-535,contact:website: https://www.berliner-stadtmission.de/sachspenden,,,,,,,,,,Steglitz-Zehlendorf,Lichterfelde,11006006
8766048197,,,POINT (13.4093265 52.4261862),['glass_bottles'],,,,,,,,,,,,,,,,,Neukölln,Buckow,11008008
8768798251,,,POINT (13.4151759 52.4130595),"['clothes', 'shoes']",,FWS AltkleiderContainerService Obdachlosenhilfe Die Brücke e.V,['operator: FWS AltkleiderContainerService Obdachlosenhilfe Die Brücke e.V'],,,,,,,,,,,,,,Neukölln,Buckow,11008008
8772939931,,,POINT (13.3618658 52.452604),['glass_bottles'],,,,,,,,,,,,,,,,,Tempelhof-Schöneberg,Tempelhof,11007007
8776270158,,,POINT (13.5540244 52.5447967),['glass_bottles'],,,,,,,,,,,,,,,,,Marzahn-Hellersdorf,Marzahn,11010010
8785049362,,,POINT (13.5790027 52.5489429),"['glass_bottles', 'glass_bottles_white', 'glass_bottles_green', 'glass_bottles_brown']",,,,,,,,,,,,,,,,,Marzahn-Hellersdorf,Marzahn,11010010
8785059971,,,POINT (13.5631571 52.511387),"['glass_bottles', 'glass_bottles_white', 'glass_bottles_green', 'glass_bottles_brown']",,,,,,,,,,,,,,,,,Marzahn-Hellersdorf,Biesdorf,11010010
8788765765,,,POINT (13.546692 52.5163542),['glass_bottles'],,,,,,,,,,,,,,,,,Marzahn-Hellersdorf,Biesdorf,11010010
8792417752,,,POINT (13.5571588 52.5154869),['clothes'],,Textil-Recycling Nord,['operator: Textil-Recycling Nord'],,,,,,,,,,,,,,Marzahn-Hellersdorf,Biesdorf,11010010
8820390921,,,POINT (13.4466757 52.4857318),,,,,,,,,,,,,,,,,,Neukölln,Neukölln,11008008
8833772212,,,POINT (13.3153141 52.452274),['glass_bottles'],,,,,,,,,,,,,,,,,Steglitz-Zehlendorf,Steglitz,11006006
8836605478,,,POINT (13.4046753 52.4799391),"['glass_bottles', 'cans', 'paper', 'plastic', 'food_waste']",,,,,"überdimensionale Konservendose mit geöffnetem Deckel und der Aufschrift ""Weißblech""",,,,,,,,,,,,Tempelhof-Schöneberg,Tempelhof,11007007
8839973517,,,POINT (13.4209891 52.5527225),"['glass_bottles', 'clothes']",,,,,,,,,,,,,,,,,Pankow,Prenzlauer Berg,11003003
8849510764,,,POINT (13.5669647 52.527312),['glass_bottles'],,,,,,,,,,,,,,,,,Marzahn-Hellersdorf,Biesdorf,11010010
8849510767,,,POINT (13.5669599 52.5276799),['clothes'],,,,,,,,,,,,,,,,,Marzahn-Hellersdorf,Biesdorf,11010010
8857083278,,,POINT (13.4244461 52.4854972),"['clothes', 'shoes']",,,,,,,,,,,,,,,,,Neukölln,Neukölln,11008008
8857083279,,,POINT (13.4244461 52.4855209),"['clothes', 'shoes']",,,,,,,,,,,,,,,,,Neukölln,Neukölln,11008008
8857086558,changeset 106781524,,POINT (13.425014 52.4825324),"['glass_bottles', 'glass_bottles_green', 'glass_bottles_white']",,,,,,,,,yes,,,,,Wheelchair accessible,,,Neukölln,Neukölln,11008008
8860287830,,,POINT (13.4565605 52.534826),['clothes'],,,,,,,,,,,,,,,,,Pankow,Prenzlauer Berg,11003003
8860287831,,,POINT (13.4565415 52.5348197),"['clothes', 'shoes']",,,,,,,,,,,,,,,,,Pankow,Prenzlauer Berg,11003003
8895698573,,,POINT (13.4698805 52.5675002),['glass_bottles'],,,,,,,,,,,,,,,,,Pankow,Stadtrandsiedlung Malchow,11003003
8899621380,,,POINT (13.3671966 52.5568377),"['clothes', 'shoes']",,container-service,['operator: container-service'],,,,,,,,,,,,,,Mitte,Gesundbrunnen,11001001
8907404217,,,POINT (13.4372202 52.4396515),"['clothes', 'shoes']",,,,,,,,,,,,,,,,,Neukölln,Britz,11008008
8909089044,,,POINT (13.4209775 52.5526993),['clothes'],,Deutsches Rotes Kreuz,"['operator: Deutsches Rotes Kreuz', 'operator:short: DRK']",,,,,,,,,,,,,,Pankow,Prenzlauer Berg,11003003
8914365511,,,POINT (13.4448481 52.5450695),['clothes'],,Deutsches Rotes Kreuz,['operator: Deutsches Rotes Kreuz'],,,,,,,,,,,,,,Pankow,Prenzlauer Berg,11003003
8914391626,,,POINT (13.4463397 52.5444751),['glass_bottles'],,,,,,,,,,,,,,,,,Pankow,Prenzlauer Berg,11003003
8914391631,,,POINT (13.446587 52.5443779),"['clothes', 'shoes']",,,,,,,,,,,,,,,,,Pankow,Prenzlauer Berg,11003003
8928575657,,,POINT (13.1946673 52.5482774),['glass_bottles'],,,,,,,,,,,,,,,,,Spandau,Spandau,11005005
8928575715,,,POINT (13.1996072 52.5419926),['glass_bottles'],,,,,,,,,,,,,,,,,Spandau,Spandau,11005005
8929835131,,,POINT (13.5476183 52.5282145),['clothes'],,,,,,,,,,,,,,,,,Marzahn-Hellersdorf,Marzahn,11010010
8930624712,,,POINT (13.1549355 52.533101),['glass_bottles'],,,,,,,,,,,,,,,,,Spandau,Staaken,11005005
8948702865,,,POINT (13.4681653 52.4967217),['glass_bottles'],['glass'],,,,,,,,no,,,,,Not wheelchair accessible,,,Friedrichshain-Kreuzberg,Friedrichshain,11002002
8959582403,,,POINT (13.5075744 52.501995),['glass_bottles'],,,,,,,,,,,,,,,"hours=Mo-Sa 07:00-13:00,15:00-20:00",,Lichtenberg,Friedrichsfelde,11011011
8963885888,,,POINT (13.3723477 52.4443544),['glass_bottles'],,,,,,,,,,,,,,,,,Tempelhof-Schöneberg,Mariendorf,11007007
8986809426,,,POINT (13.5786831 52.5093425),['glass_bottles'],,,,,,,,,,,,,,,hours=24/7,,Marzahn-Hellersdorf,Kaulsdorf,11010010
8987596142,,,POINT (13.3108355 52.4651095),"['clothes', 'shoes']",,DRK,"['short_name: DRK', 'operator: Deutsches Rotes Kreuz']",,,,website: https://www.drk.de/,,,,,,,,,,Steglitz-Zehlendorf,Steglitz,11006006
8989104531,,,POINT (13.4363586 52.42411),['glass_bottles'],,,,,,,,,,,,,,,,,Neukölln,Buckow,11008008
8997164547,,,POINT (13.4445381 52.5751206),['glass_bottles'],,,,,,,,,,,,,,,,,Pankow,Heinersdorf,11003003
8997164548,,,POINT (13.4443591 52.5771009),['glass_bottles'],,,,,,,,,,,,,,,,,Pankow,Heinersdorf,11003003
8999589656,,,POINT (13.5043449 52.4196895),"['clothes', 'shoes']",,,,,,,,,,,,,,,,,Neukölln,Rudow,11008008
9009975724,,,POINT (13.2771527 52.4648853),"['clothes', 'shoes']",,TEXAID Collection GmbH,['operator: TEXAID Collection GmbH'],,,,,,,,,,,,,,Steglitz-Zehlendorf,Dahlem,11006006
9032883654,,,POINT (13.5705612 52.5260081),['glass_bottles'],,,,,,,,,,,,,,,,,Marzahn-Hellersdorf,Biesdorf,11010010
9032883656,,,POINT (13.5690958 52.5260523),['glass_bottles'],,,,,,,,,,,,,,,,,Marzahn-Hellersdorf,Biesdorf,11010010
9039488357,,,POINT (13.4360824 52.5399337),"['glass_bottles', 'cans', 'paper', 'plastic', 'food_waste']","['glass', 'cardboard', 'waste']",versero GmbH,['operator: versero GmbH'],,,,,private,,,,,,Access restricted (private),,,Pankow,Prenzlauer Berg,11003003
9043786014,,,POINT (13.2993664 52.4952879),['glass_bottles'],,,,,,,,,,,,,,,,,Charlottenburg-Wilmersdorf,Halensee,11004004
9043786015,,,POINT (13.3095702 52.4928329),['glass_bottles'],,,,,,,,,,,,,,,,,Charlottenburg-Wilmersdorf,Wilmersdorf,11004004
9063664456,,,POINT (13.5189726 52.4871638),['glass_bottles'],,,,,,,,,limited,,,,,Limited wheelchair access,,,Lichtenberg,Karlshorst,11011011
9074219497,,,POINT (13.4385769 52.5425316),"['glass_bottles', 'glass']",,,,,,,,,yes,,,,,Wheelchair accessible,hours=24/7,,Pankow,Prenzlauer Berg,11003003
9094847284,,,POINT (13.360473 52.4788354),"['glass_bottles', 'cans', 'paper', 'plastic']",,,,,,,,,,,,,,,,,Tempelhof-Schöneberg,Schöneberg,11007007
9101823099,,,POINT (13.314729 52.5693868),['glass_bottles'],,,,,,,,,,,,,,,"hours=Mo-Sa 07:00-13:00,15:00-20:00",,Reinickendorf,Reinickendorf,11012012
9111440982,,,POINT (13.4844755 52.5263853),['glass_bottles'],,,,,,,,,,,,,,,,,Lichtenberg,Fennpfuhl,11011011
9116938383,,,POINT (13.5716495 52.5730535),['glass_bottles'],,,,,,,,,,,,,,,,,Marzahn-Hellersdorf,Marzahn,11010010
9121193636,,,POINT (13.5489106 52.4383431),"['clothes', 'shoes']",,GAK Textilrecycling,['operator: GAK Textilrecycling'],,,contact:phone: +49 157 33566415; contact:email: GAK-Textilrecycling@gmx.de,,,no,,,,,Not wheelchair accessible,hours=24/7,,Treptow-Köpenick,Adlershof,11009009
9123922517,,,POINT (13.4310678 52.515199),['glass_bottles'],,,,,,,,,,,,,,,,,Friedrichshain-Kreuzberg,Friedrichshain,11002002
9129019881,,,POINT (13.4917107 52.6249621),['glass_bottles'],,,,,,,,,,,,,,,,,Pankow,Buch,11003003
9134637158,,,POINT (13.5554032 52.4344236),"['clothes', 'shoes']",,Versero GmbH,['operator: Versero GmbH'],,,contact:phone: +49 30 20 04 68 73,contact:website: https://www.versero.de/,,no,,,,,Not wheelchair accessible,hours=24/7,,Treptow-Köpenick,Adlershof,11009009
9134637159,,,POINT (13.5492452 52.4313235),"['clothes', 'shoes']",,GAK Textilrecycling,['operator: GAK Textilrecycling'],,,contact:phone: +49 157 33566415; contact:email: GAK-Textilrecycling@gmx.de,,,no,,,,,Not wheelchair accessible,hours=24/7,,Treptow-Köpenick,Adlershof,11009009
9134936853,,,POINT (13.5523462 52.4300074),"['clothes', 'shoes']",,GAK Textilrecycling,['operator: GAK Textilrecycling'],,,contact:phone: +49 157 33566415; contact:email: GAK-Textilrecycling@gmx.de,,,no,,,,,Not wheelchair accessible,hours=24/7,,Treptow-Köpenick,Adlershof,11009009
9137736696,,,POINT (13.3668205 52.5462574),['glass_bottles'],,,,,,,,,,,,,,,,,Mitte,Wedding,11001001
9150440828,,,POINT (13.5400432 52.5326748),['glass_bottles'],,,,,,,,,,,,,,,,,Marzahn-Hellersdorf,Marzahn,11010010
9154351063,,,POINT (13.5981219 52.5111214),['glass_bottles'],,,,,,,,,,,,,,,,,Marzahn-Hellersdorf,Kaulsdorf,11010010
9160382299,,,POINT (13.4999972 52.5714978),['glass_bottles'],,,,,,,,,,,,,,,,,Lichtenberg,Neu-Hohenschönhausen,11011011
9160382307,,,POINT (13.4979157 52.5700878),['glass_bottles'],,,,,,,,,,,,,,,,,Lichtenberg,Neu-Hohenschönhausen,11011011
9162480481,,,POINT (13.5429201 52.5209655),['glass_bottles'],,,,,,,,,,,,,,,,,Marzahn-Hellersdorf,Marzahn,11010010
9163465470,,,POINT (13.3748591 52.5747626),['clothes'],,,,,,,,,yes,,,,,Wheelchair accessible,hours=24/7,,Reinickendorf,Reinickendorf,11012012
9163472917,,,POINT (13.3821533 52.5731793),['clothes'],,,,,,phone: +49 163 954 77 95,,,,,,,,,,,Pankow,Niederschönhausen,11003003
9163472930,,,POINT (13.3869397 52.5735013),['glass_bottles'],,,,,,,,,,,,,,,,,Pankow,Niederschönhausen,11003003
9164471377,,,POINT (13.5144365 52.5203388),"['glass_bottles', 'plastic', 'green_waste']",,,,,,,,,yes,,,,,Wheelchair accessible,,,Lichtenberg,Lichtenberg,11011011
9164487926,,,POINT (13.5138381 52.519262),"['glass_bottles', 'plastic', 'green_waste']",,,,,,,,,yes,,,,,Wheelchair accessible,,,Lichtenberg,Lichtenberg,11011011
9164487927,,,POINT (13.5125833 52.518781),"['glass_bottles', 'plastic', 'green_waste']",,,,,,,,,yes,,,,,Wheelchair accessible,,,Lichtenberg,Lichtenberg,11011011
9164487928,,,POINT (13.5130962 52.519103),"['glass_bottles', 'plastic', 'green_waste']",,,,,,,,,yes,,,,,Wheelchair accessible,,,Lichtenberg,Lichtenberg,11011011
9164490546,,,POINT (13.5139778 52.5196096),"['glass_bottles', 'plastic', 'green_waste']",,,,,,,,,yes,,,,,Wheelchair accessible,,,Lichtenberg,Lichtenberg,11011011
9164490548,,,POINT (13.5142182 52.5199438),"['glass_bottles', 'plastic', 'green_waste']",,,,,,,,,yes,,,,,Wheelchair accessible,,,Lichtenberg,Lichtenberg,11011011
9164491875,,,POINT (13.5158622 52.5223316),"['glass_bottles', 'glass', 'plastic', 'green_waste']",,,,,,,,,yes,,,,,Wheelchair accessible,,,Lichtenberg,Lichtenberg,11011011
9164491876,,,POINT (13.5157956 52.522048),"['glass_bottles', 'plastic', 'green_waste']",,,,,,,,,yes,,,,,Wheelchair accessible,,,Lichtenberg,Lichtenberg,11011011
9164491877,,,POINT (13.5154338 52.5219078),"['glass_bottles', 'plastic', 'green_waste']",,,,,,,,,yes,,,,,Wheelchair accessible,,,Lichtenberg,Lichtenberg,11011011
9165978073,,,POINT (13.3675933 52.5667043),['clothes'],,servicebln@gmx.net,['operator: servicebln@gmx.net'],,,,,,yes,,,,,Wheelchair accessible,hours=24/7,,Reinickendorf,Reinickendorf,11012012
9171586715,,,POINT (13.5104949 52.5157819),"['glass_bottles', 'plastic', 'green_waste']",,,,,,,,,yes,,,,,Wheelchair accessible,,,Lichtenberg,Lichtenberg,11011011
9171605662,,,POINT (13.5102997 52.5153657),"['glass_bottles', 'plastic', 'green_waste']",,,,,,,,,yes,,,,,Wheelchair accessible,,,Lichtenberg,Lichtenberg,11011011
9174259321,,,POINT (13.5149557 52.5187209),"['glass_bottles', 'plastic', 'green_waste']",,,,,,,,,yes,,,,,Wheelchair accessible,,,Lichtenberg,Lichtenberg,11011011
9174263488,,,POINT (13.5137046 52.5167969),"['glass_bottles', 'plastic', 'green_waste']",,,,,,,,,yes,,,,,Wheelchair accessible,,,Lichtenberg,Lichtenberg,11011011
9174263872,,,POINT (13.5129262 52.5157218),"['glass_bottles', 'plastic', 'green_waste']",,,,,,,,,yes,,,,,Wheelchair accessible,,,Lichtenberg,Lichtenberg,11011011
9174267451,,,POINT (13.5170361 52.5207168),"['glass_bottles', 'plastic', 'green_waste']",,,,,,,,,yes,,,,,Wheelchair accessible,,,Lichtenberg,Lichtenberg,11011011
9174270571,,,POINT (13.515519 52.5192604),"['glass_bottles', 'plastic', 'green_waste']",,,,,,,,,yes,,,,,Wheelchair accessible,,,Lichtenberg,Lichtenberg,11011011
9174276037,,,POINT (13.5172422 52.5210234),"['glass_bottles', 'plastic', 'green_waste']",,,,,,,,,yes,,,,,Wheelchair accessible,,,Lichtenberg,Lichtenberg,11011011
9174278126,,,POINT (13.5143424 52.5176777),"['glass_bottles', 'plastic', 'green_waste']",,,,,,,,,yes,,,,,Wheelchair accessible,,,Lichtenberg,Lichtenberg,11011011
9174278128,,,POINT (13.5145138 52.5180946),"['glass_bottles', 'plastic', 'green_waste']",,,,,,,,,yes,,,,,Wheelchair accessible,,,Lichtenberg,Lichtenberg,11011011
9174285718,,,POINT (13.516324 52.5200988),"['glass_bottles', 'plastic', 'green_waste']",,,,,,,,,yes,,,,,Wheelchair accessible,,,Lichtenberg,Lichtenberg,11011011
9174291934,,,POINT (13.5171921 52.5222284),"['glass_bottles', 'plastic', 'green_waste']",,,,,,,,,yes,,,,,Wheelchair accessible,,,Lichtenberg,Lichtenberg,11011011
9176208447,,,POINT (13.3440939 52.4692893),['clothes'],,Firma Rotextil,['operator: Firma Rotextil'],,,,,,,,,,,,,,Tempelhof-Schöneberg,Schöneberg,11007007
9176248332,,,POINT (13.5141611 52.5217148),['green_waste'],,,,,,,,,,,,,,,,,Lichtenberg,Lichtenberg,11011011
9176260125,,,POINT (13.5128788 52.521275),"['glass_bottles', 'plastic', 'green_waste']",,,,,,,,,,,,,,,,,Lichtenberg,Lichtenberg,11011011
9176281362,,,POINT (13.5110862 52.5193234),"['glass_bottles', 'plastic', 'green_waste']",,,,,,,,,,,,,,,,,Lichtenberg,Lichtenberg,11011011
9177756390,,,POINT (13.3388609 52.5283903),"['clothes', 'shoes']",,DRK,['operator: DRK'],,,,,,no,,,,,Not wheelchair accessible,hours=24/7,,Mitte,Moabit,11001001
9190993145,,,POINT (13.5037939 52.5620634),['glass_bottles'],,,,,,,,,,,,,,,,,Lichtenberg,Neu-Hohenschönhausen,11011011
9190993146,,,POINT (13.50374 52.5620996),"['clothes', 'shoes']",,Berliner Obdachlosenhilfe,['operator: Berliner Obdachlosenhilfe'],,,,,,,,,,,,,,Lichtenberg,Neu-Hohenschönhausen,11011011
9190993171,,,POINT (13.5096434 52.5643175),['glass_bottles'],,,,,,,,,,,,,,,,,Lichtenberg,Neu-Hohenschönhausen,11011011
9200135428,,,POINT (13.5476842 52.5256154),"['glass_bottles', 'glass_bottles_white', 'glass_bottles_green', 'glass_bottles_brown']",,,,,,,,,,,,,,,,,Marzahn-Hellersdorf,Marzahn,11010010
9211475007,,,POINT (13.540508 52.5233448),['glass_bottles'],,,,,,,,,,,,,,,,,Marzahn-Hellersdorf,Marzahn,11010010
9211475008,,,POINT (13.5404867 52.5234151),"['clothes', 'shoes']",,Deutsches Rotes Kreuz,['operator: Deutsches Rotes Kreuz'],,,,,,,,,,,,,,Marzahn-Hellersdorf,Marzahn,11010010
9211898169,,,POINT (13.5123383 52.5185612),"['glass_bottles', 'plastic', 'green_waste']",,,,,,,,,yes,,,,,Wheelchair accessible,,,Lichtenberg,Lichtenberg,11011011
9211898170,,,POINT (13.5118453 52.5183494),"['glass_bottles', 'plastic', 'green_waste']",,,,,,,,,yes,,,,,Wheelchair accessible,,,Lichtenberg,Lichtenberg,11011011
9211929237,,,POINT (13.510921 52.5168753),"['glass_bottles', 'plastic', 'green_waste']",,,,,,,,,yes,,,,,Wheelchair accessible,,,Lichtenberg,Lichtenberg,11011011
9211962507,,,POINT (13.5148229 52.520746),"['glass_bottles', 'plastic', 'green_waste']",,,,,,,,,yes,,,,,Wheelchair accessible,,,Lichtenberg,Lichtenberg,11011011
9214523185,,,POINT (13.3665806 52.5465513),"['clothes', 'shoes']",,DRK,['operator: DRK'],,,,,,,,,,,,,,Mitte,Wedding,11001001
9218731332,,,POINT (13.5565164 52.4380612),"['clothes', 'shoes']",,Deutsches Rotes Kreuz,['operator: Deutsches Rotes Kreuz'],,,contact:phone: +49 30 5099-679,website: https://www.drk.de/kleidersammlung; contact:website: https://drk-mueggelspree.de,,no,,,,,Not wheelchair accessible,hours=24/7,,Treptow-Köpenick,Adlershof,11009009
9220749677,,,POINT (13.1415953 52.5318788),['glass_bottles'],,,,,,,,,,,,,,,,,Spandau,Staaken,11005005
9230536774,,,POINT (13.569597 52.5285818),['glass_bottles'],,,,,,,,,,,,,,,,,Marzahn-Hellersdorf,Biesdorf,11010010
9230640147,,,POINT (13.5711954 52.5286938),['glass_bottles'],,,,,,,,,,,,,,,,,Marzahn-Hellersdorf,Biesdorf,11010010
9230640163,,,POINT (13.5737658 52.5270493),['glass_bottles'],,,,,,,,,,,,,,,,,Marzahn-Hellersdorf,Biesdorf,11010010
9237680769,,,POINT (13.2124954 52.5632321),['green_waste'],,,,,,,,,,,,,,,,,Spandau,Hakenfelde,11005005
9237680806,,,POINT (13.2105161 52.5639329),['green_waste'],,,,,,,,,,,,,,,,,Spandau,Hakenfelde,11005005
9237680807,,,POINT (13.21052 52.5639495),['green_waste'],,,,,,,,,,,,,,,,,Spandau,Hakenfelde,11005005
9237680810,,,POINT (13.2105367 52.5640001),['paper'],,,,,,,,,,,,,,,,,Spandau,Hakenfelde,11005005
9237680811,,,POINT (13.2105435 52.5640185),['plastic'],,,,,,,,,,,,,,,,,Spandau,Hakenfelde,11005005
9237680812,,,POINT (13.2107015 52.5646473),['green_waste'],,,,,,,,,,,,,,,,,Spandau,Hakenfelde,11005005
9237680813,,,POINT (13.2107105 52.5646659),['green_waste'],,,,,,,,,,,,,,,,,Spandau,Hakenfelde,11005005
9237680814,,,POINT (13.2107157 52.5646819),['paper'],,,,,,,,,,,,,,,,,Spandau,Hakenfelde,11005005
9237680815,,,POINT (13.2107224 52.5646992),['plastic'],,,,,,,,,,,,,,,,,Spandau,Hakenfelde,11005005
9281237576,,,POINT (13.6326129 52.4555635),['glass_bottles'],,,,,,,,yes,,,,,,,,,Treptow-Köpenick,Friedrichshagen,11009009
9286600480,,,POINT (13.3920157 52.5554214),['glass_bottles'],,,,,,,,,,,,,,,,,Mitte,Gesundbrunnen,11001001
9286730162,,,POINT (13.3905305 52.4327177),"['clothes', 'shoes']",,TEXAID Deutschland,['operator: TEXAID Deutschland'],,,,,,,,,,,,,,Tempelhof-Schöneberg,Mariendorf,11007007
9286730163,,,POINT (13.38933 52.4347889),"['clothes', 'shoes']",,TEXAID Deutschland,['operator: TEXAID Deutschland'],,,,,,,,,,,,,,Tempelhof-Schöneberg,Mariendorf,11007007
9286946468,,,POINT (13.3886799 52.4368954),['glass_bottles'],,,,,,,,,,,,,,,,,Tempelhof-Schöneberg,Mariendorf,11007007
9292210815,,,POINT (13.3533124 52.5477905),['glass_bottles'],,,,,,,,,,,,,,,,,Mitte,Wedding,11001001
9292210928,,,POINT (13.3558136 52.4879765),['glass_bottles'],,,,,,,,,,,,,,,,,Tempelhof-Schöneberg,Schöneberg,11007007
9332704129,,,POINT (13.5565545 52.4341099),"['clothes', 'shoes']",,Firma EFB,['operator: Firma EFB'],,,contact:phone: +491625857037,,,no,,,,,Not wheelchair accessible,hours=24/7,,Treptow-Köpenick,Adlershof,11009009
9336522209,,,POINT (13.3592374 52.5507269),"['clothes', 'shoes']",,DRK,['operator: DRK'],,,,,,,,,,,,,,Mitte,Wedding,11001001
9350906192,,,POINT (13.5737602 52.4248883),['glass_bottles'],,,,,,,,,yes,,,,,Wheelchair accessible,,,Treptow-Köpenick,Grünau,11009009
9357171380,,,POINT (13.564552 52.4387643),['glass_bottles'],,,,,,,,,,,,,,,,,Treptow-Köpenick,Köpenick,11009009
9357171381,,,POINT (13.5645994 52.438739),"['clothes', 'shoes']",,,,,,,,,,,,,,,,,Treptow-Köpenick,Köpenick,11009009
9365025146,,,POINT (13.5635022 52.4375815),['clothes'],,,,,,,,,,,,,,,,,Treptow-Köpenick,Köpenick,11009009
9369028138,,,POINT (13.5563125 52.5085892),,,,,,,,,,,,,,,,,,Marzahn-Hellersdorf,Biesdorf,11010010
9369226545,,,POINT (13.5737562 52.4215276),['clothes'],,,,,,,,,,,,,,,,,Treptow-Köpenick,Grünau,11009009
9369226556,,,POINT (13.5740851 52.4211749),"['clothes', 'shoes']",,,,,,,,,,,,,,,,,Treptow-Köpenick,Grünau,11009009
9383459708,,,POINT (13.5724771 52.5277017),"['clothes', 'shoes']",,TEXAID Deutschland,['operator: TEXAID Deutschland'],,,,,,,,,,,,,,Marzahn-Hellersdorf,Biesdorf,11010010
9384512782,,,POINT (13.5222873 52.5101755),['glass_bottles'],,,,,,,,,,,,,,,,,Lichtenberg,Friedrichsfelde,11011011
9393241499,,,POINT (13.3979988 52.5658982),['glass_bottles'],,,,,,,,,,,,,,,,,Pankow,Pankow,11003003
9394816235,,,POINT (13.3976148 52.5673062),['glass_bottles'],,,,,,,,,,,,,,,,,Pankow,Pankow,11003003
9404954541,,,POINT (13.4074303 52.5677334),"['clothes', 'shoes']",,,,,,,,,,,,,,,,,Pankow,Pankow,11003003
9405077424,,,POINT (13.4640099 52.5479928),['glass_bottles'],,,,,,,,,,,,,,,,,Pankow,Weißensee,11003003
9410547242,,,POINT (13.5452987 52.5677235),['glass_bottles'],['glass'],,,,,,,,,,,,,,,,Lichtenberg,Falkenberg,11011011
9421866168,,,POINT (13.5705872 52.5245865),['clothes'],,Deutsches Rotes Kreuz,['operator: Deutsches Rotes Kreuz'],,,,,,,,,,,,,,Marzahn-Hellersdorf,Biesdorf,11010010
9422320378,,,POINT (13.569152 52.5259817),['clothes'],,,,,,,,,,,,,,,,,Marzahn-Hellersdorf,Biesdorf,11010010
9423596370,,,POINT (13.4000187 52.5584716),['glass_bottles'],,Altglas,"['name: Altglas', 'alt_name: Glascontainer;Glasmüll;Glasabfall']",,Altglas Container,,,,,,,,,,,,Pankow,Pankow,11003003
9429717123,,,POINT (13.4078935 52.4884722),"['clothes', 'shoes']",,Valtex,['operator: Valtex'],,,,,,,,,,,,,,Friedrichshain-Kreuzberg,Kreuzberg,11002002
9487396241,,,POINT (13.3388816 52.4566566),['clothes'],,DRK Kreisverband Steglitz-Zehlendorf e.V.,['operator: DRK Kreisverband Steglitz-Zehlendorf e.V.'],,,,,,,,,,,,,,Steglitz-Zehlendorf,Steglitz,11006006
9488848225,,,POINT (13.6003958 52.4388848),['glass_bottles'],,,,,,,,,,,,,,,,,Treptow-Köpenick,Köpenick,11009009
9488848226,,,POINT (13.6005176 52.4384008),['clothes'],,EFB,['operator: EFB'],,,,,,,,,,,,,,Treptow-Köpenick,Köpenick,11009009
9488848240,,,POINT (13.5978075 52.4388273),"['clothes', 'shoes']",,,,,,,,,,,,,,,,,Treptow-Köpenick,Köpenick,11009009
9491673367,,,POINT (13.608427 52.472739),['glass_bottles'],,,,,,,,,,,,,,,,,Marzahn-Hellersdorf,Mahlsdorf,11010010
9492261993,,,POINT (13.5924797 52.455312),['glass_bottles'],,,,,,,,,,,,,,,,,Treptow-Köpenick,Köpenick,11009009
9493119878,,,POINT (13.3878875 52.4601924),"['clothes', 'shoes']",,recontextil,['operator: recontextil'],,,,,,,,,,,,,,Tempelhof-Schöneberg,Tempelhof,11007007
9493119879,,,POINT (13.387929 52.4603648),"['clothes', 'shoes']",,Becontextil,['operator: Becontextil'],,,,,,,,,,,,,,Tempelhof-Schöneberg,Tempelhof,11007007
9496524299,,,POINT (13.3602586 52.5535409),['glass_bottles'],,Karl Meyer Rohstoffverwertung,['operator: Karl Meyer Rohstoffverwertung'],,,,,,,,,,,,,,Mitte,Wedding,11001001
9502963682,,,POINT (13.3105935 52.4950479),['glass_bottles'],,,,,,,,,,,,,,,,,Charlottenburg-Wilmersdorf,Wilmersdorf,11004004
9514604283,,,POINT (13.2926524 52.5011317),"['clothes', 'shoes']",,HUMANA Kleidersammlung GmbH,['operator: HUMANA Kleidersammlung GmbH'],,,,,,,,,,,,,,Charlottenburg-Wilmersdorf,Halensee,11004004
9522078495,,,POINT (13.4862007 52.6411287),['glass_bottles'],,,,,,,,,,,,,,,,,Pankow,Buch,11003003
9523365169,,,POINT (13.4856432 52.6159053),"['clothes', 'shoes']",,,,,,,,,,,,,,,,,Pankow,Karow,11003003
9526790609,,,POINT (13.3765094 52.5679798),['clothes'],,Cavtex,['operator: Cavtex'],,,,,,,,,,,,,,Reinickendorf,Reinickendorf,11012012
9527073816,,,POINT (13.2793122 52.5200356),['clothes'],,Deutsches Rotes Kreuz,['operator: Deutsches Rotes Kreuz'],,,,,,,,,,,,,,Charlottenburg-Wilmersdorf,Westend,11004004
9527989818,,,POINT (13.3611515 52.5663808),['glass_bottles'],,,,,,,,,,,,,,,,,Reinickendorf,Reinickendorf,11012012
9527996759,,,POINT (13.3614485 52.5665082),['clothes'],,servicebln@gmx.net,['operator: servicebln@gmx.net'],,,,,,,,,,,,,,Reinickendorf,Reinickendorf,11012012
9530140476,,,POINT (13.4660997 52.5503406),"['clothes', 'shoes']",,Berlin-Textilrecycling,['operator: Berlin-Textilrecycling'],,,,,,,,,,,,,,Pankow,Weißensee,11003003
9530477239,,,POINT (13.3667269 52.5639886),['glass_bottles'],,,,,,,,,,,,,,,,,Reinickendorf,Reinickendorf,11012012
9530782066,,,POINT (13.3345874 52.4642133),['glass_bottles'],,,,,,,,,,,,,,,,,Steglitz-Zehlendorf,Steglitz,11006006
9544315469,,,POINT (13.5024139 52.554824),['glass_bottles'],,,,,,,,,,,,,,,,,Lichtenberg,Alt-Hohenschönhausen,11011011
9544604597,,,POINT (13.5238167 52.5678275),"['clothes', 'shoes']",,,,,,,,,,,,,,,,,Lichtenberg,Neu-Hohenschönhausen,11011011
9546774120,,,POINT (13.4456068 52.5907261),['glass_bottles'],,,,,,,,,,,,,,,,,Pankow,Blankenburg,11003003
9547008812,,,POINT (13.4321576 52.601172),"['clothes', 'shoes']",,,,,,,,,,,,,,,,,Pankow,Französisch Buchholz,11003003
9547032738,,,POINT (13.4322619 52.6042985),"['clothes', 'shoes']",,Deutsches Rotes Kreuz,['operator: Deutsches Rotes Kreuz'],,,,,,,,,,,,,,Pankow,Französisch Buchholz,11003003
9547212639,,,POINT (13.4317496 52.6157194),"['clothes', 'shoes']",,,,,,,,,,,,,,,,,Pankow,Französisch Buchholz,11003003
9548056559,,,POINT (13.2675403 52.4460694),['glass_bottles'],,,,,,,,,,,,,,,,,Steglitz-Zehlendorf,Dahlem,11006006
9548183115,,,POINT (13.3732465 52.5746858),['plastic'],,CAVTEX (www.cavtex.de),['operator: CAVTEX (www.cavtex.de)'],,,,,,,,,,,,,,Reinickendorf,Reinickendorf,11012012
9548185405,,,POINT (13.3756543 52.5734154),['clothes'],,GAK Textilrecycling,['operator: GAK Textilrecycling'],,,,,,,,,,,,,,Reinickendorf,Reinickendorf,11012012
9548204286,,,POINT (13.3752862 52.5736546),['clothes'],,Rotextil,['operator: Rotextil'],,,,,,,,,,,,,,Reinickendorf,Reinickendorf,11012012
9549407443,,,POINT (13.5558872 52.4362168),"['clothes', 'shoes']",,Valtex,['operator: Valtex'],,,contact:mobile: +49 152 10142291; contact:email: simovvalentin00@gmail.com,,,no,,,,,Not wheelchair accessible,hours=24/7,,Treptow-Köpenick,Adlershof,11009009
9549407444,,,POINT (13.5558306 52.436193),['glass_bottles'],,Karl Meyer Rohstoffverwertung GmbH,['operator: Karl Meyer Rohstoffverwertung GmbH'],,,contact:phone: +49 800 5889934; contact:fax: +49 30 29666894; contact:email: berlin@karl-meyer.de,contact:website: https://karl-meyer.de/,,,,,,,,,,Treptow-Köpenick,Adlershof,11009009
9551021029,,,POINT (13.4403785 52.6139666),['glass_bottles'],,,,,,,,,,,,,,,,,Pankow,Französisch Buchholz,11003003
9551021069,,,POINT (13.4643104 52.6112681),['glass_bottles'],,,,,,,,,,,,,,,,,Pankow,Karow,11003003
9553888962,,,POINT (13.343706 52.4215582),['glass_bottles'],,,,,,,,,,,,,,,,,Steglitz-Zehlendorf,Lankwitz,11006006
9554073855,,,POINT (13.5764002 52.4632203),['glass_bottles'],,,,,,,,,,,,,,,,,Treptow-Köpenick,Köpenick,11009009
9554549496,,,POINT (13.5752383 52.4649989),['glass_bottles'],,,,,,,,,,,,,,,,,Treptow-Köpenick,Köpenick,11009009
9554572321,,,POINT (13.5742699 52.4671579),"['clothes', 'shoes']",,Deutsches Rotes Kreuz,['operator: Deutsches Rotes Kreuz'],,,,,,,,,,,,,,Treptow-Köpenick,Köpenick,11009009
9555398930,,,POINT (13.5726781 52.4704649),"['clothes', 'shoes']",,HUMANA Kleidersammlung GmbH,['operator: HUMANA Kleidersammlung GmbH'],,,,,,,,,,,,,,Treptow-Köpenick,Köpenick,11009009
9556346639,,,POINT (13.5709697 52.4731936),['clothes'],,Loop,['operator: Loop'],,,,,,,,,,,,,,Treptow-Köpenick,Köpenick,11009009
9557137648,,,POINT (13.5752642 52.488878),"['clothes', 'shoes']",,Deutsches Rotes Kreuz,['operator: Deutsches Rotes Kreuz'],,,,,,,,,,,,,,Marzahn-Hellersdorf,Kaulsdorf,11010010
9558352262,,,POINT (13.3325058 52.457166),"['clothes', 'shoes']",,K + K Textilrecycling GmbH,['operator: K + K Textilrecycling GmbH'],,,,,,,,,,,,,,Steglitz-Zehlendorf,Steglitz,11006006
9560001122,,,POINT (13.5092275 52.5366566),['clothes'],,Jugendhilfe E.V,['operator: Jugendhilfe E.V'],,,,,,,,,,,,,,Lichtenberg,Alt-Hohenschönhausen,11011011
9562486048,,,POINT (13.4298425 52.5211746),['clothes'],,cavtex,['operator: cavtex'],,,,,,,,,,,,,,Friedrichshain-Kreuzberg,Friedrichshain,11002002
9566349245,,,POINT (13.3233707 52.4548767),"['clothes', 'shoes']",,GAK Textilrecycling,['operator: GAK Textilrecycling'],,,contact:mobile: +49 1604 56 22 56,contact:website: https://www.gak-textilrecycling.de/,,,,,,,,,,Steglitz-Zehlendorf,Steglitz,11006006
9567431292,,,POINT (13.5779391 52.4980516),['glass_bottles'],,,,,,,,,,,,,,,,,Marzahn-Hellersdorf,Kaulsdorf,11010010
9567431293,,,POINT (13.5779202 52.4980097),"['clothes', 'shoes']",,,,,,,,,,,,,,,,,Marzahn-Hellersdorf,Kaulsdorf,11010010
9575523596,,,POINT (13.3919134 52.5894672),['glass_bottles'],,,,,,,,,,,,,,,,,Pankow,Niederschönhausen,11003003
9575563090,,,POINT (13.4086219 52.5911086),['clothes'],,ariston.a.info@gmail.com,['operator: ariston.a.info@gmail.com'],,,,,,,,,,,,,,Pankow,Niederschönhausen,11003003
9586086997,,,POINT (13.4084839 52.5889651),['glass_bottles'],,,,,,,,,,,,,,,"hours=Mo-Sa 07:00-13:00, 15:00-20:00; Su,PH off",,Pankow,Niederschönhausen,11003003
9592291047,,,POINT (13.5243876 52.4814474),"['clothes', 'shoes']",,GAK Textilrecycling,['operator: GAK Textilrecycling'],,,,,,,,,,,,,,Lichtenberg,Karlshorst,11011011
9592594452,,,POINT (13.3295544 52.4599511),"['clothes', 'shoes']",,K+K Textilrecycling GmbH,['operator: K+K Textilrecycling GmbH'],,Altkleider,,,,,,,,,,hours=24/7,,Steglitz-Zehlendorf,Steglitz,11006006
9595677307,,,POINT (13.3705757 52.5642062),"['clothes', 'shoes']",,DRK Kreisverband Reinickendorf-Wittenau e.V.,['operator: DRK Kreisverband Reinickendorf-Wittenau e.V.'],,,,,,,,,,,,,,Reinickendorf,Reinickendorf,11012012
9603858442,,,POINT (13.3785857 52.5689017),"['clothes', 'shoes']",,Cavtex,['operator: Cavtex'],,,,,,,,,,,,,,Reinickendorf,Reinickendorf,11012012
9603860607,,,POINT (13.4758107 52.4405128),['glass_bottles'],,,,,,,,,,,,,,,,,Neukölln,Britz,11008008
9603881748,,,POINT (13.3630764 52.5689775),,,,,,,,,,,,,,,,,,Reinickendorf,Reinickendorf,11012012
9608401071,,,POINT (13.3957832 52.5661178),"['clothes', 'shoes']",,HUMANA Kleidersammlung GmbH,['operator: HUMANA Kleidersammlung GmbH'],,,,,,,,,,,,,,Pankow,Pankow,11003003
9611203052,,,POINT (13.408053 52.5910604),"['clothes', 'shoes']",,,,,,,,,,,,,,,,,Pankow,Niederschönhausen,11003003
9611216846,,,POINT (13.4029458 52.5941388),['glass_bottles'],,,,,,,,,,,,,,,,,Pankow,Rosenthal,11003003
9614935652,,,POINT (13.4284346 52.5994214),['glass_bottles'],,,,,,,,,,,,,,,,,Pankow,Französisch Buchholz,11003003
9615022961,,,POINT (13.4255798 52.5947059),['glass_bottles'],,,,,,,,,,,,,,,,,Pankow,Französisch Buchholz,11003003
9623852147,,,POINT (13.3750154 52.5376339),"['clothes', 'shoes']",,Deutsches Rotes Kreuz,['operator: Deutsches Rotes Kreuz'],,,,,,,,,,,,,,Mitte,Gesundbrunnen,11001001
9623881526,,,POINT (13.3575668 52.56195),"['clothes', 'shoes']",,,,,,,,,,,,,,,,,Mitte,Wedding,11001001
9623882186,,,POINT (13.374935 52.5375922),['glass_bottles'],,,,,,,,,,,,,,,,,Mitte,Gesundbrunnen,11001001
9626581587,,,POINT (13.5050845 52.4681111),"['clothes', 'shoes']",,,,,,,,,,,,,,,,,Treptow-Köpenick,Oberschöneweide,11009009
9627589768,,,POINT (13.3903488 52.5530645),"['clothes', 'shoes']",,Versero GmbH,['operator: Versero GmbH'],,2x,,,,,,,,,,hours=24/7,,Mitte,Gesundbrunnen,11001001
9633282721,,,POINT (13.3515027 52.5758177),,,,,,,,,,,,,,,,,,Reinickendorf,Reinickendorf,11012012
9633286042,,,POINT (13.3514893 52.5757703),,,,,,,,,,,,,,,,,,Reinickendorf,Reinickendorf,11012012
9633286043,,,POINT (13.371512 52.574881),['clothes'],,ERSA Recycling & Textilverwertung GmbH,['operator: ERSA Recycling & Textilverwertung GmbH'],,,,,,,,,,,,,,Reinickendorf,Reinickendorf,11012012
9642530344,,,POINT (13.2595799 52.5127983),['glass_bottles'],,,,,,,,,,,,,,,,,Charlottenburg-Wilmersdorf,Westend,11004004
9642673602,,,POINT (13.5265966 52.5690021),['glass_bottles'],,,,,,,,,,,,,,,,,Lichtenberg,Neu-Hohenschönhausen,11011011
9642751914,,,POINT (13.5751614 52.5548949),['glass_bottles'],,,,,,,,,,,,,,,,,Marzahn-Hellersdorf,Marzahn,11010010
9644844927,,,POINT (13.5869971 52.513022),"['clothes', 'shoes']",,Deutsches Rotes Kreuz,['operator: Deutsches Rotes Kreuz'],,,,,,,,,,,,,,Marzahn-Hellersdorf,Kaulsdorf,11010010
9644844928,,,POINT (13.5869595 52.512997),['glass_bottles'],,,,,,,,,,,,,,,,,Marzahn-Hellersdorf,Kaulsdorf,11010010
9644981229,,,POINT (13.58773 52.5223629),"['clothes', 'shoes']",,,,,,,,,,,,,,,,,Marzahn-Hellersdorf,Hellersdorf,11010010
9644981231,,,POINT (13.587606 52.5225205),"['clothes', 'shoes']",,,,,,,,,,,,,,,,,Marzahn-Hellersdorf,Hellersdorf,11010010
9651852498,,,POINT (13.5661944 52.4125704),['clothes'],,Malteser,['operator: Malteser'],,,,,,,,,,,,,,Treptow-Köpenick,Bohnsdorf,11009009
9656211894,,,POINT (13.3400446 52.4511368),"['clothes', 'shoes']",,Humana,['operator: Humana'],,,,,,,,,,,,,,Steglitz-Zehlendorf,Steglitz,11006006
9657464427,,,POINT (13.1665366 52.5511406),['clothes'],,,,,,,,,,,,,,,,,Spandau,Falkenhagener Feld,11005005
9658090097,,,POINT (13.4036402 52.5603079),['clothes'],,Deutsches Rotes Kreuz,"['operator: Deutsches Rotes Kreuz', 'operator:short: DRK']",,,,,,,,,,,,,,Pankow,Pankow,11003003
9662360654,,,POINT (13.1912052 52.5461122),['clothes'],,Deutsches Rotes Kreuz,['operator: Deutsches Rotes Kreuz'],,,,,,,,,,,,,,Spandau,Falkenhagener Feld,11005005
9662591185,,,POINT (13.1492794 52.5539814),['clothes'],,,,,,,,,,,,,,,,,Spandau,Falkenhagener Feld,11005005
9663190275,,,POINT (13.3707065 52.5587966),['clothes'],,,,,,,,,,,,,,,,,Mitte,Gesundbrunnen,11001001
9663196341,,,POINT (13.3716474 52.5581207),['clothes'],,,,,,,,,,,,,,,,,Mitte,Gesundbrunnen,11001001
9663203897,,,POINT (13.3544992 52.5606409),['glass_bottles'],,,,,,,,,,,,,,,,,Mitte,Wedding,11001001
9663205341,,,POINT (13.3827861 52.5631601),['glass_bottles'],,,,,,,,,yes,,,,,Wheelchair accessible,hours=24/7,,Mitte,Gesundbrunnen,11001001
9663222883,,,POINT (13.3832529 52.5640588),,,,,,,,,,,,,,,,,,Mitte,Gesundbrunnen,11001001
9663324739,,,POINT (13.1572746 52.5524841),['clothes'],,,,,,,,,,,,,,,,,Spandau,Falkenhagener Feld,11005005
9663324775,,,POINT (13.1642587 52.5511754),['clothes'],,,,,,,,,,,,,,,,,Spandau,Falkenhagener Feld,11005005
9663324776,,,POINT (13.1643792 52.5511516),['clothes'],,,,,,,,,,,,,,,,,Spandau,Falkenhagener Feld,11005005
9663324777,,,POINT (13.164796 52.551072),['clothes'],,,,,,,,,,,,,,,,,Spandau,Falkenhagener Feld,11005005
9663622189,,,POINT (13.6015405 52.5186888),['glass_bottles'],,,,,,,,,,,,,,,,,Marzahn-Hellersdorf,Kaulsdorf,11010010
9663643989,,,POINT (13.6075491 52.5183611),['glass_bottles'],,,,,,,,,,,,,,,,,Marzahn-Hellersdorf,Kaulsdorf,11010010
9665314153,,,POINT (13.5172348 52.4477554),['clothes'],,,,,,,,,,,,,,,,,Treptow-Köpenick,Niederschöneweide,11009009
9665677341,,,POINT (13.6064818 52.5265289),['glass_bottles'],,,,,,,,,,,,,,,,,Marzahn-Hellersdorf,Kaulsdorf,11010010
9665718860,,,POINT (13.5118194 52.4455747),['glass_bottles'],,,,,,,,,,,,,,,,,Treptow-Köpenick,Johannisthal,11009009
9665718873,,,POINT (13.510872 52.4456312),['clothes'],,,,,,,,,,,,,,,,,Treptow-Köpenick,Johannisthal,11009009
9665719339,,,POINT (13.5995729 52.5213543),"['clothes', 'shoes']",,,,,,,,,,,,,,,,,Marzahn-Hellersdorf,Kaulsdorf,11010010
9670545704,,,POINT (13.6030685 52.5148206),"['clothes', 'shoes']",,,,,,,,,,,,,,,,,Marzahn-Hellersdorf,Kaulsdorf,11010010
9671859379,,,POINT (13.6126816 52.519374),['glass_bottles'],,,,,,,,,,,,,,,,,Marzahn-Hellersdorf,Mahlsdorf,11010010
9675644014,,,POINT (13.3451834 52.5665672),['clothes'],,Deutsches Rotes Kreuz,['operator: Deutsches Rotes Kreuz'],,,,,,,,,,,,,,Reinickendorf,Reinickendorf,11012012
9675667668,,,POINT (13.347408 52.5758309),['clothes'],,,,,,,,,,,,,,,,,Reinickendorf,Reinickendorf,11012012
9675669891,,,POINT (13.3563863 52.5691357),['clothes'],,container-service@web.de,['operator: container-service@web.de'],,,,,,,,,,,,,,Reinickendorf,Reinickendorf,11012012
9675680429,,,POINT (13.3515585 52.5731879),['clothes'],,,,,,,,,,,,,,,,,Reinickendorf,Reinickendorf,11012012
9675687379,,,POINT (13.3542305 52.5649997),"['clothes', 'shoes']",,,,,,,,,,,,,,,,,Reinickendorf,Reinickendorf,11012012
9678380949,,,POINT (13.3711269 52.5729495),"['paper', 'plastic', 'waste']",,,,,,,,private,,,,,,Access restricted (private),hours=24/7,,Reinickendorf,Reinickendorf,11012012
9680094220,,,POINT (13.3346312 52.4642185),['glass_bottles'],"['glass', 'paper']",,,,,,,,,,,,,,,,Steglitz-Zehlendorf,Steglitz,11006006
9680273895,,,POINT (13.3408965 52.4691027),['clothes'],,,,,,,,,,,,,,,,,Tempelhof-Schöneberg,Schöneberg,11007007
9689244894,,,POINT (13.5064103 52.4925036),['glass_bottles'],,,,,,,,,,,,,,,,,Lichtenberg,Friedrichsfelde,11011011
9689688647,,,POINT (13.6139767 52.4545291),"['glass_bottles', 'glass']",,,,,,,,,,,,,,,,,Treptow-Köpenick,Friedrichshagen,11009009
9698565770,changeset 120272901,,POINT (13.4138074 52.56892),"['glass_bottles', 'glass_bottles_brown', 'glass_bottles_green', 'glass_bottles_white']",,,,,,,,,,,,,,,hours=24/7,,Pankow,Pankow,11003003
9707534299,,,POINT (13.2270206 52.626779),['glass_bottles'],['glass'],,,,,,,,,,,,,,,,Reinickendorf,Heiligensee,11012012
9710009790,,,POINT (13.5666529 52.3996024),['clothes'],,,,,,,,,,,,,,,,,Treptow-Köpenick,Bohnsdorf,11009009
9724634757,,,POINT (13.354243 52.5687202),['clothes'],,,,,,,,,,,,,,,,,Reinickendorf,Reinickendorf,11012012
9741478931,,,POINT (13.4250839 52.5438835),"['cans', 'paper', 'cardboard', 'plastic', 'plastic_bottles', 'plastic_packaging']",['clothes'],Private,['operator: Private'],,,,,,,,,,,,,,Pankow,Prenzlauer Berg,11003003
9755775814,,,POINT (13.358987 52.5397048),['clothes'],,Deutsches Rotes Kreuz,['operator: Deutsches Rotes Kreuz'],,,,,,,,,,,,,,Mitte,Wedding,11001001
9761475977,,,POINT (13.5937184 52.5169899),['glass_bottles'],,,,,,,,,,,,,,,,,Marzahn-Hellersdorf,Kaulsdorf,11010010
9766130295,,,POINT (13.1911686 52.52679),"['clothes', 'shoes']",,,,,,,,,,,,,,,,,Spandau,Wilhelmstadt,11005005
9766130298,,,POINT (13.1903535 52.5272515),"['clothes', 'shoes']",,,,,,,,,,,,,,,,,Spandau,Wilhelmstadt,11005005
9766130304,,,POINT (13.1784262 52.5169934),"['clothes', 'shoes']",,,,,,,,,,,,,,,,,Spandau,Wilhelmstadt,11005005
9775391591,,,POINT (13.4878408 52.4614442),['clothes'],,,,,2 Container,,,,,,,,,,,,Treptow-Köpenick,Baumschulenweg,11009009
9782250465,,,POINT (13.3610656 52.5330359),,,,,,,,,private,,,,,,Access restricted (private),,,Mitte,Moabit,11001001
9782250466,,,POINT (13.3619276 52.5324063),"['cans', 'paper', 'plastic', 'plastic_packaging', 'green_waste']",,,,,,,,private,,,,,,Access restricted (private),,,Mitte,Moabit,11001001
9782250467,,,POINT (13.3627245 52.5315928),,,,,,,,,private,,,,,,Access restricted (private),,,Mitte,Moabit,11001001
9791786285,,,POINT (13.2859706 52.4177966),['clothes'],,Humana,['operator: Humana'],,,,,,,,,,,,hours=24/7,,Steglitz-Zehlendorf,Lichterfelde,11006006
9816603118,,,POINT (13.3639483 52.5662796),['clothes'],,Valtex,['operator: Valtex'],,,,,,,,,,,,,,Reinickendorf,Reinickendorf,11012012
9822512453,,,POINT (13.615205 52.5065273),['glass_bottles'],,,,,,,,,,,,,,,,,Marzahn-Hellersdorf,Mahlsdorf,11010010
9838756812,,,POINT (13.5401449 52.4417537),"['clothes', 'shoes']",,Deutsches Rotes Kreuz,['operator: Deutsches Rotes Kreuz'],,,,,,,,,,,,,,Treptow-Köpenick,Adlershof,11009009
9874489238,,,POINT (13.5351831 52.4179169),['glass_bottles'],,,,,,,,,,,,,,,,,Treptow-Köpenick,Altglienicke,11009009
9879638293,,,POINT (13.3780529 52.4449279),['clothes'],,,,,,,,,,,,,,,,,Tempelhof-Schöneberg,Mariendorf,11007007
9885838713,,,POINT (13.4824013 52.5028261),['clothes'],,A&P Altkleider- und Papierverwertung,['operator: A&P Altkleider- und Papierverwertung'],,,,,yes,,,,,,,hours=24/7,,Lichtenberg,Rummelsburg,11011011
9891952556,,,POINT (13.525984 52.5668447),"['clothes', 'shoes']",,,,,,,,,,,,,,,,,Lichtenberg,Neu-Hohenschönhausen,11011011
9892789082,,,POINT (13.5503001 52.4361617),['glass_bottles'],,,,,,,,,,,,,,,"hours=Mo-Sa 07:00-13:00,15:00-20:00",,Treptow-Köpenick,Adlershof,11009009
9896533436,,,POINT (13.4704225 52.6149115),['glass_bottles'],,,,,,,,,,,,,,,,,Pankow,Karow,11003003
9896533440,,,POINT (13.4698677 52.6145343),"['clothes', 'shoes']",,Deutsches Rotes Kreuz,['operator: Deutsches Rotes Kreuz'],,,,,,,,,,,,,,Pankow,Karow,11003003
9896925265,,,POINT (13.4744281 52.611969),"['clothes', 'shoes']",,,,,,,,,,,,,,,,,Pankow,Karow,11003003
9898462598,,,POINT (13.5782996 52.5695149),"['clothes', 'shoes']",,Deutsches Rotes Kreuz,['operator: Deutsches Rotes Kreuz'],,,,,,,,,,,,,,Marzahn-Hellersdorf,Marzahn,11010010
9904010896,,,POINT (13.4713947 52.4621536),"['clothes', 'shoes']",,,,,,,,,,,,,,,,,Neukölln,Neukölln,11008008
9906579119,,,POINT (13.2642184 52.4571031),['clothes'],,Deutsches Rotes Kreuz,['operator: Deutsches Rotes Kreuz'],,,,,,,,,,,,,,Steglitz-Zehlendorf,Dahlem,11006006
9921012644,,,POINT (13.2138252 52.563828),['glass_bottles'],,,,,,,,,,,,,,,,,Spandau,Hakenfelde,11005005
9921012645,,,POINT (13.2138585 52.5638268),['glass_bottles'],,,,,,,,,,,,,,,,,Spandau,Hakenfelde,11005005
9921012646,,,POINT (13.2138543 52.5638091),['glass_bottles'],,,,,,,,,,,,,,,,,Spandau,Hakenfelde,11005005
9921012647,,,POINT (13.21382 52.5638148),['glass_bottles'],,,,,,,,,,,,,,,,,Spandau,Hakenfelde,11005005
9925291425,,,POINT (13.1497416 52.4182582),['clothes'],"['glass_bottles', 'glass', 'cans', 'paper', 'cardboard', 'plastic', 'plastic_bottles', 'plastic_packaging', 'waste']",Malteser,['operator: Malteser'],,,,,,,,,,,,,,Steglitz-Zehlendorf,Wannsee,11006006
9938612933,,,POINT (13.6315375 52.5389007),"['clothes', 'shoes']",,Deutsches Rotes Kreuz,['operator: Deutsches Rotes Kreuz'],,,,,,,,,,,,,,Marzahn-Hellersdorf,Hellersdorf,11010010
9938937810,,,POINT (13.6096879 52.5431277),"['clothes', 'shoes']",,,,,,,,,,,,,,,,,Marzahn-Hellersdorf,Hellersdorf,11010010
9939205080,,,POINT (13.5928965 52.5449599),"['clothes', 'shoes']",,,,,,,,,,,,,,,,,Marzahn-Hellersdorf,Hellersdorf,11010010
9939695067,,,POINT (13.5575201 52.5391827),"['clothes', 'shoes']",,Humana,['operator: Humana'],,,,,,,,,,,,,,Marzahn-Hellersdorf,Marzahn,11010010
9945738643,,,POINT (13.5717524 52.5604748),"['clothes', 'shoes']",,,,,,,,,,,,,,,,,Marzahn-Hellersdorf,Marzahn,11010010
9952815366,,,POINT (13.6469117 52.5215311),['glass_bottles'],,,,,,,,,,,,,,,,,Marzahn-Hellersdorf,Mahlsdorf,11010010
9956071283,,,POINT (13.5996445 52.5428862),"['clothes', 'shoes']",,Deutsches Rotes Kreuz,['operator: Deutsches Rotes Kreuz'],,,,,,,,,,,,,,Marzahn-Hellersdorf,Hellersdorf,11010010
9961670775,,,POINT (13.5557221 52.5588975),['glass_bottles'],,,,,,,,,,,,,,,,,Marzahn-Hellersdorf,Marzahn,11010010
9961674980,,,POINT (13.5595332 52.5561289),['glass_bottles'],,,,,,,,,,,,,,,,,Marzahn-Hellersdorf,Marzahn,11010010
9961689811,,,POINT (13.482304 52.5065194),"['clothes', 'shoes']",,Humana,['operator: Humana'],,,,,,,,,,,,,,Lichtenberg,Lichtenberg,11011011
9962999135,,,POINT (13.5509043 52.5105332),['glass_bottles'],,,,,,,,,,,,,,,,,Marzahn-Hellersdorf,Biesdorf,11010010
9963569630,,,POINT (13.5476968 52.5256401),"['clothes', 'shoes']",,Deutsches Rotes Kreuz e.V.,['operator: Deutsches Rotes Kreuz e.V.'],,,,,,,,,,,,,,Marzahn-Hellersdorf,Marzahn,11010010
9963569654,,,POINT (13.5443691 52.5257346),"['clothes', 'shoes']",,Deutsches Rotes Kreuz,['operator: Deutsches Rotes Kreuz'],,,,,,,,,,,,,,Marzahn-Hellersdorf,Marzahn,11010010
9963661689,,,POINT (13.5444729 52.5263996),['glass_bottles'],,,,,,,,,,,,,,,,,Marzahn-Hellersdorf,Marzahn,11010010
9963746812,,,POINT (13.5469983 52.5267295),"['clothes', 'shoes']",,Deutsches Rotes Kreuz,['operator: Deutsches Rotes Kreuz'],,,,,,,,,,,,,,Marzahn-Hellersdorf,Marzahn,11010010
9963779480,,,POINT (13.5476472 52.5275556),"['clothes', 'shoes']",,HUMANA,['operator: HUMANA'],,,,,,,,,,,,,,Marzahn-Hellersdorf,Marzahn,11010010
9965142027,,,POINT (13.5434947 52.5334154),['glass_bottles'],,,,,,,,,,,,,,,,,Marzahn-Hellersdorf,Marzahn,11010010
9965142038,,,POINT (13.5431927 52.533879),['clothes'],,HUMANA,['operator: HUMANA'],,,,,,,,,,,,,,Marzahn-Hellersdorf,Marzahn,11010010
9965180240,,,POINT (13.5418254 52.5308038),['glass_bottles'],,,,,,,,,,,,,,,,,Marzahn-Hellersdorf,Marzahn,11010010
9965191418,,,POINT (13.3532391 52.5028236),"['clothes', 'shoes']",,Privatfirma Ginotex,['operator: Privatfirma Ginotex'],,,,,,,,,,,,,,Mitte,Tiergarten,11001001
9965330314,,,POINT (13.5664517 52.5412114),['clothes'],,Stadt Berlin,['operator: Stadt Berlin'],,,,,,,,,,,,,,Marzahn-Hellersdorf,Marzahn,11010010
9965366030,,,POINT (13.565388 52.541654),['shoes'],,,,,,,,,,,,,,,,,Marzahn-Hellersdorf,Marzahn,11010010
9965366031,,,POINT (13.565409 52.5416536),"['clothes', 'shoes']",,,,,,,,,,,,,,,,,Marzahn-Hellersdorf,Marzahn,11010010
9965366271,,,POINT (13.5646381 52.5431212),['glass_bottles'],,,,,,,,,,,,,,,,,Marzahn-Hellersdorf,Marzahn,11010010
9965366273,,,POINT (13.5648854 52.5427585),['clothes'],,Deutsches Rotes Kreuz,['operator: Deutsches Rotes Kreuz'],,,,,,,,,,,,,,Marzahn-Hellersdorf,Marzahn,11010010
9965569472,,,POINT (13.2294981 52.4264442),['glass_bottles'],,,,,,,,,,,,,,,,,Steglitz-Zehlendorf,Nikolassee,11006006
9965868417,,,POINT (13.5621355 52.5469988),['glass_bottles'],,,,,,,,,,,,,,,,,Marzahn-Hellersdorf,Marzahn,11010010
9967346053,,,POINT (13.5556337 52.5184039),['glass_bottles'],,,,,,,,,,,,,,,,,Marzahn-Hellersdorf,Biesdorf,11010010
9968036125,,,POINT (13.5574933 52.5573231),['glass_bottles'],,,,,,,,,,,,,,,,,Marzahn-Hellersdorf,Marzahn,11010010
9968036127,,,POINT (13.5584031 52.557021),['glass_bottles'],,,,,,,,,,,,,,,,,Marzahn-Hellersdorf,Marzahn,11010010
9968197137,,,POINT (13.5714796 52.5595354),"['clothes', 'shoes']",,Humana,['operator: Humana'],,,,,,,,,,,,,,Marzahn-Hellersdorf,Marzahn,11010010
9968197138,,,POINT (13.571579 52.5594105),['clothes'],,,,,,,,,,,,,,,,,Marzahn-Hellersdorf,Marzahn,11010010
9968197142,,,POINT (13.5733598 52.5582571),"['clothes', 'shoes']",,,,,,,,,,,,,,,,,Marzahn-Hellersdorf,Marzahn,11010010
9968197177,,,POINT (13.5686133 52.556129),"['clothes', 'shoes']",,Deutsche Obdachlosenhilfe,['operator: Deutsche Obdachlosenhilfe'],,,,,,,,,,,,,,Marzahn-Hellersdorf,Marzahn,11010010
9968985932,,,POINT (13.5561404 52.5455055),"['clothes', 'shoes']",,Deutsches Rotes Kreuz,['operator: Deutsches Rotes Kreuz'],,,,,,,,,,,,,,Marzahn-Hellersdorf,Marzahn,11010010
9969011237,,,POINT (13.5521749 52.5445438),"['clothes', 'shoes']",,Deutsches Rotes Kreuz,['operator: Deutsches Rotes Kreuz'],,,,,,,,,,,,,,Marzahn-Hellersdorf,Marzahn,11010010
9971534314,,,POINT (13.5663258 52.5251357),['glass_bottles'],,,,,,,,,,,,,,,,,Marzahn-Hellersdorf,Biesdorf,11010010
9973639880,,,POINT (13.5661776 52.5365688),"['cans', 'paper', 'plastic', 'food_waste']",,,,,,,,,,,,,,,,,Marzahn-Hellersdorf,Marzahn,11010010
9974089100,,,POINT (13.5724709 52.5429786),"['clothes', 'shoes']",,HUMANA Kleidersammlung GmbH,['operator: HUMANA Kleidersammlung GmbH'],,,,,,,,,,,,,,Marzahn-Hellersdorf,Marzahn,11010010
9974144267,,,POINT (13.569019 52.54077),"['clothes', 'shoes']",,,,,,,,,,,,,,,,,Marzahn-Hellersdorf,Marzahn,11010010
9974144280,,,POINT (13.5692195 52.5419355),"['clothes', 'shoes']",,Humana,['operator: Humana'],,,,,,,,,,,,,,Marzahn-Hellersdorf,Marzahn,11010010
9978954768,,,POINT (13.5151906 52.5396951),['glass_bottles'],,,,,,,,,,,,,,,,,Lichtenberg,Alt-Hohenschönhausen,11011011
9979996209,,,POINT (13.5155111 52.5593601),['glass_bottles'],,,,,,,,,,,,,,,,,Lichtenberg,Neu-Hohenschönhausen,11011011
9980967736,,,POINT (13.5172438 52.566461),"['clothes', 'shoes']",,,,,,,,,,,,,,,,,Lichtenberg,Neu-Hohenschönhausen,11011011
9981055906,,,POINT (13.5178194 52.5636779),['glass_bottles'],,,,,,,,,,,,,,,,,Lichtenberg,Neu-Hohenschönhausen,11011011
9981260270,,,POINT (13.5600677 52.5587923),"['clothes', 'shoes']",,Deutsches Rotes Kreuz,['operator: Deutsches Rotes Kreuz'],,,,,,,,,,,,,,Marzahn-Hellersdorf,Marzahn,11010010
9981621306,,,POINT (13.538737 52.5305224),"['clothes', 'shoes']",,,,,,,,,,,,,,,,,Marzahn-Hellersdorf,Marzahn,11010010
9981626649,,,POINT (13.5383202 52.5323823),"['clothes', 'shoes']",,,,,,,,,,,,,,,,,Marzahn-Hellersdorf,Marzahn,11010010
9981770928,,,POINT (13.537899 52.5284446),['glass_bottles'],,,,,,,,,,,,,,,,,Marzahn-Hellersdorf,Marzahn,11010010
9981771006,,,POINT (13.5411462 52.5271379),"['clothes', 'shoes']",,,,,,,,,,,,,,,,,Marzahn-Hellersdorf,Marzahn,11010010
9982270594,,,POINT (13.4262448 52.5352499),"['clothes', 'shoes']",,Kleider & Schuhe,['operator: Kleider & Schuhe'],,,,,,yes,,,,,Wheelchair accessible,,,Pankow,Prenzlauer Berg,11003003
9982795390,,,POINT (13.5293829 52.5117454),"['glass_bottles', 'clothes', 'shoes']",,,,,,,,,,,,,,,,,Lichtenberg,Friedrichsfelde,11011011
9982985771,,,POINT (13.53566 52.5216451),"['clothes', 'shoes']",,,,,,,,,,,,,,,,,Marzahn-Hellersdorf,Marzahn,11010010
9984499779,,,POINT (13.53969 52.4915286),"['clothes', 'shoes']",,Fa. Cavuslar (CavTex),['operator: Fa. Cavuslar (CavTex)'],,,,contact:website: https://www.cavtex.de/,,,,,,,,,,Lichtenberg,Karlshorst,11011011
9984534208,,,POINT (13.5386671 52.4856954),"['clothes', 'shoes']",,Fa. Cavuslar (www.cavtex.de),['operator: Fa. Cavuslar (www.cavtex.de)'],,,,,,,,,,,,,,Lichtenberg,Karlshorst,11011011
9984573007,,,POINT (13.538233 52.4850171),"['clothes', 'shoes']",,Fa. Cavuslar (Cavtex),['operator: Fa. Cavuslar (Cavtex)'],,,,contact:website: https://www.cavtex.de/,,,,,,,,,,Lichtenberg,Karlshorst,11011011
9988170937,,,POINT (13.6075008 52.5298008),['glass_bottles'],,,,,,,,,,,,,,,,,Marzahn-Hellersdorf,Hellersdorf,11010010
9988702678,,,POINT (13.5332553 52.4823521),"['clothes', 'shoes']",,Fa. Cavuslar / Cavtex,['operator: Fa. Cavuslar / Cavtex'],,,,,,,,,,,,,,Lichtenberg,Karlshorst,11011011
9988702679,,,POINT (13.5333479 52.4822246),"['clothes', 'shoes']",,Fa. Cavuslar / Cavtex,['operator: Fa. Cavuslar / Cavtex'],,,,,,,,,,,,,,Lichtenberg,Karlshorst,11011011
9988903473,,,POINT (13.5295391 52.4887243),['glass_bottles'],,,,,,,,,,,,,,,"hours=24/7 | restrictions=no @ (13:00-15:00, 20:00-07:00)",,Lichtenberg,Karlshorst,11011011
9988994338,,,POINT (13.5274923 52.4939571),['glass_bottles'],,,,,,,,,,,,,,,,,Lichtenberg,Karlshorst,11011011
9989229787,,,POINT (13.6104202 52.5331514),['glass_bottles'],,,,,,,,,,,,,,,,,Marzahn-Hellersdorf,Hellersdorf,11010010
9990490403,,,POINT (13.5337268 52.5110364),"['clothes', 'shoes']",,Deutsches Rotes Kreuz,['operator: Deutsches Rotes Kreuz'],,,,,,,,,,,,,,Lichtenberg,Friedrichsfelde,11011011
9990649139,,,POINT (13.5322236 52.5117496),"['clothes', 'shoes']",,Deutsches Rotes Kreuz,['operator: Deutsches Rotes Kreuz'],,,,,,,,,,,,,,Lichtenberg,Friedrichsfelde,11011011
9992268210,,,POINT (13.5532306 52.5364095),"['clothes', 'shoes']",,HUMANA,['operator: HUMANA'],,,,,,,,,,,,,,Marzahn-Hellersdorf,Marzahn,11010010
9992791152,,,POINT (13.5585767 52.5511001),['clothes'],,Deutsches Rotes Kreuz,['operator: Deutsches Rotes Kreuz'],,,,,,,,,,,,,,Marzahn-Hellersdorf,Marzahn,11010010
9992964642,,,POINT (13.56034 52.5532481),"['clothes', 'shoes']",,,,,,,,,,,,,,,,,Marzahn-Hellersdorf,Marzahn,11010010
9995070692,,,POINT (13.540296 52.4961745),"['clothes', 'shoes']",,Fa. Cavuslar (CavTex),['operator: Fa. Cavuslar (CavTex)'],,,,contact:website: https://www.cavtex.de/,,,,,,,,,,Lichtenberg,Karlshorst,11011011
10009272643,,,POINT (13.538187 52.4574473),"['clothes', 'shoes']",,GAX Textilrecycling GmbH,['operator: GAX Textilrecycling GmbH'],,,,,,,,,,,,,,Treptow-Köpenick,Oberschöneweide,11009009
10009504219,,,POINT (13.5302039 52.4605105),"['glass_bottles', 'clothes']",,,,,,,,,,,,,,,,,Treptow-Köpenick,Oberschöneweide,11009009
10010342482,,,POINT (13.5318535 52.4601467),"['clothes', 'shoes']",,IKETA,['operator: IKETA'],,,,,,,,,,,,,,Treptow-Köpenick,Oberschöneweide,11009009
10010491701,,,POINT (13.5652524 52.4490782),"['clothes', 'shoes']",,GAK Textilrecycling,['operator: GAK Textilrecycling'],,,,,,,,,,,,,,Treptow-Köpenick,Köpenick,11009009
10010539595,,,POINT (13.5614749 52.4458975),['clothes'],,Fa. Profittex GmbH,['operator: Fa. Profittex GmbH'],,,,,,,,,,,,,,Treptow-Köpenick,Köpenick,11009009
10013285715,,,POINT (13.5018704 52.5495628),"['clothes', 'shoes']",,Deutsches Rotes Kreuz,['operator: Deutsches Rotes Kreuz'],,,,,,,,,,,,,,Lichtenberg,Alt-Hohenschönhausen,11011011
10013439627,,,POINT (13.4942743 52.5455436),['glass_bottles'],,,,,,,,,,,,,,,,,Lichtenberg,Alt-Hohenschönhausen,11011011
10013714623,,,POINT (13.6125193 52.5119044),['clothes'],,HUMANA Kleidersammlung GmbH,['operator: HUMANA Kleidersammlung GmbH'],,,,,,,,,,,,,,Marzahn-Hellersdorf,Mahlsdorf,11010010
10015184611,,,POINT (13.1429962 52.5394721),"['clothes', 'shoes']",,CAVTEX,['operator: CAVTEX'],,,,,,,,,,,,,,Spandau,Staaken,11005005
10015215169,,,POINT (13.1434803 52.5396467),"['clothes', 'shoes']",,,,,,,,,,,,,,,hours=24/7,,Spandau,Staaken,11005005
10015345718,,,POINT (13.1418441 52.5346492),"['clothes', 'shoes']",,,,,,,,,yes,,,,,Wheelchair accessible,hours=24/7,,Spandau,Staaken,11005005
10015357350,,,POINT (13.141614 52.5352623),"['clothes', 'shoes']",,CAVTEX,['operator: CAVTEX'],,,,,,yes,,,,,Wheelchair accessible,hours=24/7,,Spandau,Staaken,11005005
10021319796,,,POINT (13.5411678 52.5415016),['glass_bottles'],,,,,,,,,,,,,,,,,Marzahn-Hellersdorf,Marzahn,11010010
10024045361,,,POINT (13.4996043 52.5266378),"['clothes', 'shoes']",,CAVTEX,['operator: CAVTEX'],,,,,,,,,,,,,,Lichtenberg,Lichtenberg,11011011
10026233299,,,POINT (13.4998346 52.5351578),['clothes'],,Deutsches Rotes Kreuz,['operator: Deutsches Rotes Kreuz'],,,,,,,,,,,,,,Lichtenberg,Alt-Hohenschönhausen,11011011
10028790995,,,POINT (13.5089302 52.5382779),"['clothes', 'shoes']",,,,,,,,,,,,,,,,,Lichtenberg,Alt-Hohenschönhausen,11011011
10029234719,,,POINT (13.4951199 52.5372797),"['clothes', 'shoes']",,Deutsches Rotes Kreuz,['operator: Deutsches Rotes Kreuz'],,,,,,,,,,,,,,Lichtenberg,Alt-Hohenschönhausen,11011011
10029234837,,,POINT (13.4915464 52.5345066),['glass_bottles'],,,,,,,,,,,,,,,,,Lichtenberg,Alt-Hohenschönhausen,11011011
10029584384,,,POINT (13.4904829 52.5365443),['glass_bottles'],,,,,,,,,,,,,,,,,Lichtenberg,Alt-Hohenschönhausen,11011011
10030761341,,,POINT (13.4795529 52.5357217),['clothes'],,Deutsches Rotes Kreuz,['operator: Deutsches Rotes Kreuz'],,,,,,,,,,,,,,Lichtenberg,Alt-Hohenschönhausen,11011011
10030761356,,,POINT (13.4781075 52.5359091),['glass_bottles'],,,,,,,,,,,,,,,,,Lichtenberg,Alt-Hohenschönhausen,11011011
10030793080,,,POINT (13.4630883 52.5321596),"['clothes', 'shoes']",,cavtex,['operator: cavtex'],,,,,,,,,,,,,,Lichtenberg,Fennpfuhl,11011011
10030806317,,,POINT (13.4623547 52.5312555),"['clothes', 'shoes']",,caxtex,['operator: caxtex'],,,,,,,,,,,,,,Lichtenberg,Fennpfuhl,11011011
10030843606,,,POINT (13.4589478 52.5296358),"['clothes', 'shoes']",,RPT Alt Kleidersammlung,['operator: RPT Alt Kleidersammlung'],,,,,,,,,,,,,,Pankow,Prenzlauer Berg,11003003
10030924834,,,POINT (13.446927 52.5303984),['glass_bottles'],,,,,,,,,,,,,,,,,Pankow,Prenzlauer Berg,11003003
10031393862,,,POINT (13.4271251 52.524214),"['clothes', 'shoes']",,,,,,,,,,,,,,,,,Friedrichshain-Kreuzberg,Friedrichshain,11002002
10031393894,,,POINT (13.4267537 52.5258008),['glass_bottles'],,,,,,,,,,,,,,,,,Friedrichshain-Kreuzberg,Friedrichshain,11002002
10031393895,,,POINT (13.4267843 52.525747),"['clothes', 'shoes']",,,,,,,,,,,,,,,,,Friedrichshain-Kreuzberg,Friedrichshain,11002002
10031393905,,,POINT (13.4245613 52.5269875),"['clothes', 'shoes']",,,,,,,,,,,,,,,,,Friedrichshain-Kreuzberg,Friedrichshain,11002002
10031926005,,,POINT (13.5123608 52.5553396),['clothes'],,,,,,,,,,,,,,,,,Lichtenberg,Alt-Hohenschönhausen,11011011
10032676749,,,POINT (13.5083379 52.5473843),"['clothes', 'shoes']",,,,,,,,,,,,,,,,,Lichtenberg,Alt-Hohenschönhausen,11011011
10032676750,,,POINT (13.5082549 52.547371),['glass_bottles'],,,,,,,,,,,,,,,,,Lichtenberg,Alt-Hohenschönhausen,11011011
10033375277,,,POINT (13.5451526 52.5401212),"['clothes', 'shoes']",,Berlin Brandenburg Kreislaufrecycling,['operator: Berlin Brandenburg Kreislaufrecycling'],,,,,,,,,,,,,,Marzahn-Hellersdorf,Marzahn,11010010
10035442685,,,POINT (13.5287775 52.5812838),['glass_bottles'],,,,,,,,,,,,,,,,,Lichtenberg,Wartenberg,11011011
10035801590,,,POINT (13.5277368 52.5629294),"['clothes', 'shoes']",,Deutsches Rotes Kreuz,['operator: Deutsches Rotes Kreuz'],,,,,,,,,,,,,,Lichtenberg,Neu-Hohenschönhausen,11011011
10035801592,,,POINT (13.5262691 52.5640559),"['clothes', 'shoes']",,Deutsches Rotes Kreuz,['operator: Deutsches Rotes Kreuz'],,,,,,,,,,,,,,Lichtenberg,Neu-Hohenschönhausen,11011011
10036617098,,,POINT (13.4579672 52.533636),['glass_bottles'],,Karl Meyer Rohstoffverwertung,['operator: Karl Meyer Rohstoffverwertung'],,,,,,,,,,,,,,Pankow,Prenzlauer Berg,11003003
10038887105,,,POINT (13.5484429 52.5496764),"['clothes', 'shoes']",,,,,,,,,,,,,,,,,Marzahn-Hellersdorf,Marzahn,11010010
10038926327,,,POINT (13.5495914 52.5500147),"['clothes', 'shoes']",,,,,,,,,,,,,,,,,Marzahn-Hellersdorf,Marzahn,11010010
10039062109,,,POINT (13.555709 52.5570105),"['clothes', 'shoes']",,,,,,,,,,,,,,,,,Marzahn-Hellersdorf,Marzahn,11010010
10039603119,,,POINT (13.3507239 52.5202768),['clothes'],,Deutsches Rotes Kreuz,['operator: Deutsches Rotes Kreuz'],,,,,,,,,,,,,,Mitte,Moabit,11001001
10040314099,,,POINT (13.3366565 52.4592826),"['clothes', 'shoes']",,Cavuslar,['operator: Cavuslar'],,,contact:phone: +49 157 56 23 34 71; contact:email: info@cavtex.de,,,,,,,,,hours=24/7,,Steglitz-Zehlendorf,Steglitz,11006006
10041233928,,,POINT (13.4887275 52.5403451),['clothes'],,CAVTEX / www.cavtex.de,['operator: CAVTEX / www.cavtex.de'],,,,,,,,,,,,,,Lichtenberg,Alt-Hohenschönhausen,11011011
10042261441,,,POINT (13.5002758 52.5462362),"['clothes', 'shoes']",,,,,,,,,,,,,,,,,Lichtenberg,Alt-Hohenschönhausen,11011011
10042425910,,,POINT (13.4958854 52.5466772),"['clothes', 'shoes']",,,,,,,,,,,,,,,,,Lichtenberg,Alt-Hohenschönhausen,11011011
10044165690,,,POINT (13.493661 52.5459077),"['clothes', 'shoes']",,Textil-Recycling Nord,['operator: Textil-Recycling Nord'],,,,,,,,,,,,,,Lichtenberg,Alt-Hohenschönhausen,11011011
10044165697,,,POINT (13.4940699 52.5453035),"['clothes', 'shoes']",,GAK Textilrecycling,['operator: GAK Textilrecycling'],,,,,,,,,,,,,,Lichtenberg,Alt-Hohenschönhausen,11011011
10044647335,,,POINT (13.3964514 52.4995096),['glass_bottles'],,,,,,,,,,,,,,,,,Friedrichshain-Kreuzberg,Kreuzberg,11002002
10046278907,,,POINT (13.5181977 52.557563),['glass_bottles'],,,,,,,,,,,,,,,,,Lichtenberg,Alt-Hohenschönhausen,11011011
10046288968,,,POINT (13.5135165 52.5617392),['glass_bottles'],,,,,,,,,,,,,,,,,Lichtenberg,Neu-Hohenschönhausen,11011011
10046387312,,,POINT (13.5015739 52.5719431),['glass_bottles'],,,,,,,,,,,,,,,,,Lichtenberg,Neu-Hohenschönhausen,11011011
10046387313,,,POINT (13.5015079 52.5719084),"['clothes', 'shoes']",,,,,,,,,,,,,,,,,Lichtenberg,Neu-Hohenschönhausen,11011011
10047213991,,,POINT (13.509595 52.5698006),['glass_bottles'],,,,,,,,,,,,,,,,,Lichtenberg,Neu-Hohenschönhausen,11011011
10047214281,,,POINT (13.5201083 52.5704282),"['clothes', 'shoes']",,Altkleider,"['name: Altkleider', 'operator: Berliner Obdachlosenhilfe']",,,,,,,,,,,,hours=24/7,,Lichtenberg,Neu-Hohenschönhausen,11011011
10047395144,,,POINT (13.5239722 52.5654858),['glass_bottles'],,,,,,,,,,,,,,,,,Lichtenberg,Neu-Hohenschönhausen,11011011
10047395145,,,POINT (13.5238049 52.5653118),"['clothes', 'shoes']",,,,,,,,,,,,,,,,,Lichtenberg,Neu-Hohenschönhausen,11011011
10047558032,,,POINT (13.5277805 52.5676845),"['clothes', 'shoes']",,,,,,,,,,,,,,,,,Lichtenberg,Neu-Hohenschönhausen,11011011
10048478500,,,POINT (13.5502102 52.5681477),"['clothes', 'shoes']",,Deutsches Rotes Kreuz,['operator: Deutsches Rotes Kreuz'],,,,,,,,,,,,,,Marzahn-Hellersdorf,Marzahn,11010010
10048478509,,,POINT (13.5540663 52.5661944),['glass_bottles'],,,,,,,,,,,,,,,,,Marzahn-Hellersdorf,Marzahn,11010010
10048478513,,,POINT (13.5541555 52.5664302),"['clothes', 'shoes']",,Deutsches Rotes Kreuz,['operator: Deutsches Rotes Kreuz'],,,,,,,,,,,,,,Marzahn-Hellersdorf,Marzahn,11010010
10050471639,,,POINT (13.5616885 52.5596935),['clothes'],,,,,,,,,,,,,,,hours=24/7,,Marzahn-Hellersdorf,Marzahn,11010010
10052675443,,,POINT (13.6207618 52.5019778),"['clothes', 'shoes']",,,,,,,,,,,,,,,,,Marzahn-Hellersdorf,Mahlsdorf,11010010
10055025529,,,POINT (13.5852078 52.5075192),['glass_bottles'],,,,,,,,,,,,,,,,,Marzahn-Hellersdorf,Kaulsdorf,11010010
10057493689,,,POINT (13.6012488 52.487948),['glass_bottles'],,,,,,,,,,,,,,,,,Marzahn-Hellersdorf,Mahlsdorf,11010010
10059974731,,,POINT (13.564524 52.5062601),"['clothes', 'shoes']",,,,,,,,,,,,,,,,,Marzahn-Hellersdorf,Biesdorf,11010010
10059974735,,,POINT (13.5649102 52.5061053),['glass_bottles'],,,,,,,,,,,,,,,,,Marzahn-Hellersdorf,Biesdorf,11010010
10060005312,,,POINT (13.5625721 52.5024663),"['clothes', 'shoes']",,,,,,,,,,,,,,,,,Marzahn-Hellersdorf,Biesdorf,11010010
10060007128,,,POINT (13.5650597 52.500761),['glass_bottles'],,,,,,,,,,,,,,,,,Marzahn-Hellersdorf,Biesdorf,11010010
10069222374,,,POINT (13.5773818 52.5039284),['glass_bottles'],,,,,,,,,,,,,,,,,Marzahn-Hellersdorf,Biesdorf,11010010
10078277358,,,POINT (13.4550236 52.5035755),['glass_bottles'],,,,,,,,,,,,,,,,,Friedrichshain-Kreuzberg,Friedrichshain,11002002
10079244117,,,POINT (13.4918669 52.4981553),,,Recyclinghof Fischerstraße,"['name: Recyclinghof Fischerstraße', 'operator: Berliner Stadtreinigungsbetriebe', 'operator:short: BSR']",,,phone: +493075924900,website: https://www.bsr.de/recyclinghoefe-20503.php?currRCLocation=42cdc763-e67e-4e4d-98d7-6e081ce959bd&view=list,,yes,,,,,Wheelchair accessible,"hours=Mo-We,Fr 07:00-17:00; Th 09:30-19:30; Sa 07:00-15:30",,Lichtenberg,Rummelsburg,11011011
10080538210,,,POINT (13.4528931 52.5049284),"['clothes', 'shoes']",,Cavtex,['operator: Cavtex'],,,,,,,,,,,,,,Friedrichshain-Kreuzberg,Friedrichshain,11002002
10080827775,,,POINT (13.471532 52.5171882),['glass_bottles'],,,,,,,,,,,,,,,,,Friedrichshain-Kreuzberg,Friedrichshain,11002002
10082719874,,,POINT (13.4106795 52.4968729),['glass_bottles'],,,,,,,,,,,,,,,,,Friedrichshain-Kreuzberg,Kreuzberg,11002002
10106589783,,,POINT (13.3888518 52.5689463),"['cans', 'paper', 'plastic', 'green_waste', 'food_waste']",,,,,,,,customers,,,,,,Access restricted (customers),,,Pankow,Niederschönhausen,11003003
10111578834,,,POINT (13.4002851 52.5042852),['glass_bottles'],,,,,,,,,,,,,,,,,Friedrichshain-Kreuzberg,Kreuzberg,11002002
10124076874,,,POINT (13.3627829 52.5448),"['clothes', 'shoes']",,Deutsches Rotes Kreuz,['operator: Deutsches Rotes Kreuz'],,,,,,,,,,,,,,Mitte,Wedding,11001001
10127859423,,,POINT (13.5771748 52.5649251),"['clothes', 'shoes']",,,,,,,,,,,,,,,,,Marzahn-Hellersdorf,Marzahn,11010010
10129794663,,,POINT (13.6231352 52.5398627),"['clothes', 'shoes']",,Deutsches Rotes Kreuz,['operator: Deutsches Rotes Kreuz'],,,,,,,,,,,,,,Marzahn-Hellersdorf,Hellersdorf,11010010
10129794669,,,POINT (13.6268684 52.5398959),"['clothes', 'shoes']",,,,,,,,,,,,,,,,,Marzahn-Hellersdorf,Hellersdorf,11010010
10134525271,,,POINT (13.6219213 52.5329709),['glass_bottles'],,,,,,,,,,,,,,,,,Marzahn-Hellersdorf,Hellersdorf,11010010
10138985280,,,POINT (13.4361417 52.5168844),"['clothes', 'shoes']",,SALTEX,['operator: SALTEX'],,,,,,,,,,,,,,Friedrichshain-Kreuzberg,Friedrichshain,11002002
10138985281,,,POINT (13.4361885 52.5167288),['glass_bottles'],,,,,,,,,,,,,,,,,Friedrichshain-Kreuzberg,Friedrichshain,11002002
10142635637,,,POINT (13.5806379 52.51344),['glass_bottles'],,,,,,,,,,,,,,,,,Marzahn-Hellersdorf,Hellersdorf,11010010
10142982339,,,POINT (13.5863981 52.5166351),"['clothes', 'shoes']",,,,,,,,,,,,,,,,,Marzahn-Hellersdorf,Hellersdorf,11010010
10147272004,,,POINT (13.401122 52.5022062),"['glass_bottles', 'glass_bottles_brown']",,berlin-recycling,['operator: berlin-recycling'],,,,,,,,,,,,,,Friedrichshain-Kreuzberg,Kreuzberg,11002002
10151688853,,,POINT (13.3855521 52.4806183),"['clothes', 'shoes']",,,,,,,,,,,,,,,,,Tempelhof-Schöneberg,Tempelhof,11007007
10151836939,,,POINT (13.5673723 52.4695181),"['clothes', 'shoes']",,,,,,,,,,,,,,,,,Treptow-Köpenick,Köpenick,11009009
10156679638,,,POINT (13.5926197 52.5248665),"['clothes', 'shoes']",,Deutsches Rotes Kreuz,['operator: Deutsches Rotes Kreuz'],,,,,,,,,,,,,,Marzahn-Hellersdorf,Hellersdorf,11010010
10158299514,,,POINT (13.3756042 52.5310097),['clothes'],,Deutsches Rotes Kreuz e.V.,['operator: Deutsches Rotes Kreuz e.V.'],,,,,,,,,,,,,,Mitte,Mitte,11001001
10158299515,,,POINT (13.3756324 52.5310074),['clothes'],,Deutsches Rotes Kreuz e.V.,['operator: Deutsches Rotes Kreuz e.V.'],,,,,,,,,,,,,,Mitte,Mitte,11001001
10158738205,,,POINT (13.589915 52.5425083),"['clothes', 'shoes']",,Deutsches Rotes Kreuz,['operator: Deutsches Rotes Kreuz'],,,,,,,,,,,,,,Marzahn-Hellersdorf,Hellersdorf,11010010
10159122139,,,POINT (13.5880666 52.5478033),"['clothes', 'shoes']",,,,,,,,,,,,,,,,,Marzahn-Hellersdorf,Hellersdorf,11010010
10165915690,,,POINT (13.5652982 52.4736654),['glass_bottles'],,,,,,,,,,,,,,,,,Treptow-Köpenick,Köpenick,11009009
10170604625,,,POINT (13.6144768 52.5214684),['glass_bottles'],,,,,,,,,,,,,,,,,Marzahn-Hellersdorf,Kaulsdorf,11010010
10170688983,,,POINT (13.6126379 52.5193898),['glass_bottles'],,Deutsches Rotes Kreuz,['operator: Deutsches Rotes Kreuz'],,,,,,,,,,,,,,Marzahn-Hellersdorf,Mahlsdorf,11010010
10170688989,,,POINT (13.617821 52.5176569),['glass_bottles'],,,,,,,,,,,,,,,,,Marzahn-Hellersdorf,Mahlsdorf,11010010
10170775620,,,POINT (13.6075859 52.5183157),"['clothes', 'shoes']",,Deutsches Rotes Kreuz,['operator: Deutsches Rotes Kreuz'],,,,,,,,,,,,,,Marzahn-Hellersdorf,Kaulsdorf,11010010
10170775630,,,POINT (13.6034568 52.5199487),"['clothes', 'shoes']",,,,,,,,,,,,,,,,,Marzahn-Hellersdorf,Kaulsdorf,11010010
10171146245,,,POINT (13.3977269 52.5011434),"['clothes', 'shoes']",,Deutsches Rotes Kreuz,['operator: Deutsches Rotes Kreuz'],,,,,,,,,,,,,,Friedrichshain-Kreuzberg,Kreuzberg,11002002
10172784850,,,POINT (13.6094583 52.4928987),"['clothes', 'shoes']",,,,,,,,,,,,,,,,,Marzahn-Hellersdorf,Mahlsdorf,11010010
10172784851,,,POINT (13.6095379 52.4928906),['glass_bottles'],,,,,,,,,,,,,,,,,Marzahn-Hellersdorf,Mahlsdorf,11010010
10172850205,,,POINT (13.6052391 52.487463),['glass_bottles'],,,,,,,,,,,,,,,,,Marzahn-Hellersdorf,Mahlsdorf,11010010
10172891530,,,POINT (13.6009637 52.4826136),['glass_bottles'],,,,,,,,,,,,,,,,,Marzahn-Hellersdorf,Mahlsdorf,11010010
10174135909,,,POINT (13.6099257 52.4927915),"['clothes', 'shoes']",,,,,,,,,,,,,,,,,Marzahn-Hellersdorf,Mahlsdorf,11010010
10175009599,,,POINT (13.582724 52.4866555),"['clothes', 'shoes']",,Deutsches Rotes kreuz,['operator: Deutsches Rotes kreuz'],,,,,,,,,,,,hours=24/7,,Marzahn-Hellersdorf,Kaulsdorf,11010010
10175009603,,,POINT (13.5879236 52.4872554),"['clothes', 'shoes']",,,,,,,,,,,,,,,,,Marzahn-Hellersdorf,Kaulsdorf,11010010
10181845079,,,POINT (13.5770273 52.5479045),"['clothes', 'shoes']",,,,,,,,,,,,,,,,,Marzahn-Hellersdorf,Marzahn,11010010
10181845080,,,POINT (13.5770405 52.5478774),"['clothes', 'shoes']",,,,,,,,,,,,,,,,,Marzahn-Hellersdorf,Marzahn,11010010
10181893203,,,POINT (13.5789143 52.5519425),"['clothes', 'shoes']",,,,,,,,,,,,,,,,,Marzahn-Hellersdorf,Marzahn,11010010
10181898030,,,POINT (13.574666 52.5535577),"['clothes', 'shoes']",,,,,,,,,,,,,,,,,Marzahn-Hellersdorf,Marzahn,11010010
10182282232,,,POINT (13.5183854 52.513174),"['clothes', 'shoes']",,,,,,,,,,,,,,,,,Lichtenberg,Friedrichsfelde,11011011
10182282233,,,POINT (13.5183294 52.51198),"['clothes', 'shoes']",,,,,,,,,,,,,,,,,Lichtenberg,Friedrichsfelde,11011011
10182282238,,,POINT (13.5181509 52.5119565),['glass_bottles'],,,,,,,,,,,,,,,,,Lichtenberg,Friedrichsfelde,11011011
10182282252,,,POINT (13.5175898 52.5129963),"['clothes', 'shoes']",,,,,,,,,,,,,,,,,Lichtenberg,Friedrichsfelde,11011011
10182284154,,,POINT (13.5161238 52.5117483),"['clothes', 'shoes']",,,,,,,,,,,,,,,,,Lichtenberg,Friedrichsfelde,11011011
10182337459,,,POINT (13.5178156 52.5109199),"['clothes', 'shoes']",,,,,,,,,,,,,,,,,Lichtenberg,Friedrichsfelde,11011011
10182535284,,,POINT (13.5166993 52.5093901),['glass_bottles'],,,,,,,,,,,,,,,,,Lichtenberg,Friedrichsfelde,11011011
10182535285,,,POINT (13.5151017 52.5094847),['glass_bottles'],,,,,,,,,,,,,,,,,Lichtenberg,Friedrichsfelde,11011011
10184481175,,,POINT (13.4090041 52.5309684),,,,,,,,,,,,,,,,,,Pankow,Prenzlauer Berg,11003003
10187822299,,,POINT (13.479219 52.5111251),['glass_bottles'],,,,,,,,,,,,,,,,,Lichtenberg,Lichtenberg,11011011
10188420840,,,POINT (13.4381158 52.5147545),['glass_bottles'],,,,,,,,,,,,,,,,,Friedrichshain-Kreuzberg,Friedrichshain,11002002
10188478869,,,POINT (13.3419878 52.4288783),['clothes'],,Deutsches Rotes Kreuz e.V.,['operator: Deutsches Rotes Kreuz e.V.'],,,,,,,,,,,,,,Steglitz-Zehlendorf,Lankwitz,11006006
10188478870,,,POINT (13.3420052 52.428886),['clothes'],,,,,,,,,,,,,,,,,Steglitz-Zehlendorf,Lankwitz,11006006
10188739986,,,POINT (13.4284851 52.5150864),"['clothes', 'shoes']",,Deutsches Rotes Kreuz,['operator: Deutsches Rotes Kreuz'],,,,,,,,,,,,,,Friedrichshain-Kreuzberg,Friedrichshain,11002002
10188922576,,,POINT (13.4256868 52.5160754),"['cans', 'plastic_packaging']",['plastic'],,,,,,,,,,,,,,,,Friedrichshain-Kreuzberg,Friedrichshain,11002002
10188922578,,,POINT (13.4251627 52.51603),['clothes'],,Deutsches Rotes Kreuz,['operator: Deutsches Rotes Kreuz'],,,,,,,,,,,,,,Mitte,Mitte,11001001
10188970807,,,POINT (13.4205777 52.51771),['glass_bottles'],,,,,,,,,,,,,,,,,Mitte,Mitte,11001001
10196276134,,,POINT (13.5851201 52.5028359),['glass_bottles'],,,,,,,,,,,,,,,,,Marzahn-Hellersdorf,Kaulsdorf,11010010
10198650413,,,POINT (13.5882569 52.4412587),"['clothes', 'shoes']",,,,,,,,,,,,,,,,,Treptow-Köpenick,Köpenick,11009009
10201060797,,,POINT (13.5856727 52.4416987),"['clothes', 'shoes']",,,,,,,,,,,,,,,,,Treptow-Köpenick,Köpenick,11009009
10201179227,,,POINT (13.1415895 52.5336808),"['clothes', 'shoes']",,,,,,,,,yes,,,,,Wheelchair accessible,hours=24/7,,Spandau,Staaken,11005005
10201730022,,,POINT (13.5835767 52.5236396),"['clothes', 'shoes']",,Berlin Brandenburg Kreislaufrecycling,['operator: Berlin Brandenburg Kreislaufrecycling'],,,,,,,,,,,,,,Marzahn-Hellersdorf,Hellersdorf,11010010
10201730024,,,POINT (13.5829408 52.5238071),['shoes'],,,,,,,,,,,,,,,,,Marzahn-Hellersdorf,Hellersdorf,11010010
10201730026,,,POINT (13.5835182 52.5241194),['glass_bottles'],,,,,,,,,,,,,,,,,Marzahn-Hellersdorf,Hellersdorf,11010010
10203212089,,,POINT (13.5959338 52.5295499),"['clothes', 'shoes']",,,,,,,,,,,,,,,,,Marzahn-Hellersdorf,Hellersdorf,11010010
10203212090,,,POINT (13.5959928 52.529704),"['clothes', 'shoes']",,,,,,,,,,,,,,,,,Marzahn-Hellersdorf,Hellersdorf,11010010
10206710846,,,POINT (13.5942087 52.4478021),"['clothes', 'shoes']",,von Berlin für Berlin,['operator: von Berlin für Berlin'],,,,,,,,,,,,,,Treptow-Köpenick,Köpenick,11009009
10206886636,,,POINT (13.5924001 52.4471676),['clothes'],,,,,,,,,,,,,,,,,Treptow-Köpenick,Köpenick,11009009
10206894279,,,POINT (13.5856447 52.4445269),"['clothes', 'shoes']",,GAK Textilrecycling,['operator: GAK Textilrecycling'],,,,,,,,,,,,,,Treptow-Köpenick,Köpenick,11009009
10207037804,,,POINT (13.5796762 52.444635),"['clothes', 'shoes']",,Textilrecycling GmbH,['operator: Textilrecycling GmbH'],,,,,,,,,,,,,,Treptow-Köpenick,Köpenick,11009009
10208782448,,,POINT (13.5839619 52.4576886),"['clothes', 'shoes']",,,,,,,,,,,,,,,,,Treptow-Köpenick,Köpenick,11009009
10208921439,,,POINT (13.4549617 52.4219541),['glass_bottles'],,,,,,,,,,,,,,,,,Neukölln,Buckow,11008008
10209504049,,,POINT (13.4807039 52.4207454),"['clothes', 'shoes']",,Deutsches Rotes Kreuz,['operator: Deutsches Rotes Kreuz'],,,,,,,,,,,,,,Neukölln,Gropiusstadt,11008008
10209854769,,,POINT (13.4954698 52.4236694),"['clothes', 'shoes']",,Deutsches Rotes Kreuz,['operator: Deutsches Rotes Kreuz'],,,,,,,,,,,,,,Neukölln,Rudow,11008008
10211110889,,,POINT (13.494501 52.4308163),"['clothes', 'shoes']",,GAK Textilrecycling,['operator: GAK Textilrecycling'],,,,,,,,,,,,,,Neukölln,Rudow,11008008
10211218454,,,POINT (13.5118864 52.4295083),['glass_bottles'],,,,,,,,,,,,,,,,,Treptow-Köpenick,Johannisthal,11009009
10211670882,,,POINT (13.506021 52.4427339),"['clothes', 'shoes']",,Humana,['operator: Humana'],,,,,,,,,,,,,,Treptow-Köpenick,Johannisthal,11009009
10213524865,,,POINT (13.6325104 52.4474789),['glass_bottles'],,,,,,,,,,,,,,,,,Treptow-Köpenick,Friedrichshagen,11009009
10215296388,,,POINT (13.3969811 52.5436847),['glass_bottles'],,,,,,,,,,,,,,,,,Mitte,Gesundbrunnen,11001001
10216179597,,,POINT (13.4795964 52.4254645),['glass_bottles'],,,,,,,,,,,,,,,,,Neukölln,Gropiusstadt,11008008
10216782918,,,POINT (13.5005067 52.4476016),"['clothes', 'shoes']",,,,,,,,,,,,,,,,,Treptow-Köpenick,Johannisthal,11009009
10216947633,,,POINT (13.5054722 52.4534322),"['clothes', 'shoes']",,,,,,,,,,,,,,,,,Treptow-Köpenick,Johannisthal,11009009
10218562172,,,POINT (13.4600423 52.5189773),"['clothes', 'shoes']",,GAK Textilrecycling,['operator: GAK Textilrecycling'],,,,,,,,,,,,,,Friedrichshain-Kreuzberg,Friedrichshain,11002002
10219061042,,,POINT (13.5118801 52.4707365),['glass_bottles'],,,,,,,,,,,,,,,,,Treptow-Köpenick,Oberschöneweide,11009009
10219253876,,,POINT (13.5193902 52.494786),"['clothes', 'shoes']",,,,,,,,,,,,,,,,,Lichtenberg,Friedrichsfelde,11011011
10219253877,,,POINT (13.5192027 52.4947958),"['clothes', 'shoes']",,,,,,,,,,,,,,,,,Lichtenberg,Friedrichsfelde,11011011
10219306344,,,POINT (13.5199689 52.4965803),['glass_bottles'],,CavTex,['operator: CavTex'],,,,,,,,,,,,,,Lichtenberg,Friedrichsfelde,11011011
10219369878,,,POINT (13.5172421 52.4991555),"['clothes', 'shoes']",,cavtex www.cavtex.de,['operator: cavtex www.cavtex.de'],,,,,,,,,,,,,,Lichtenberg,Friedrichsfelde,11011011
10220839446,,,POINT (13.5596251 52.4050111),,,,,,,,,,,,,,,,,,Treptow-Köpenick,Bohnsdorf,11009009
10221294670,,,POINT (13.5516651 52.4052381),['glass_bottles'],,,,,,,,,,,,,,,,,Treptow-Köpenick,Altglienicke,11009009
10222771966,,,POINT (13.541132 52.411723),"['clothes', 'shoes']",,,,,,,,,,,,,,,,,Treptow-Köpenick,Altglienicke,11009009
10222878112,,,POINT (13.5136556 52.416333),"['clothes', 'shoes']",,,,,,,,,,,,,,,,,Neukölln,Rudow,11008008
10222878115,,,POINT (13.5141451 52.4159207),"['clothes', 'shoes']",,,,,,,,,,,,,,,,,Neukölln,Rudow,11008008
10224777245,,,POINT (13.4347855 52.4295206),['glass_bottles'],,,,,,,,,,,,,,,,,Neukölln,Britz,11008008
10224844752,,,POINT (13.4031544 52.4267678),['glass_bottles'],,,,,,,,,,,,,,,,,Tempelhof-Schöneberg,Mariendorf,11007007
10224897810,,,POINT (13.3950142 52.4217902),"['clothes', 'shoes']",,,,,,,,,,,,,,,,,Tempelhof-Schöneberg,Mariendorf,11007007
10224897811,,,POINT (13.395022 52.4218028),"['clothes', 'shoes']",,,,,,,,,,,,,,,,,Tempelhof-Schöneberg,Mariendorf,11007007
10224971912,,,POINT (13.392614 52.4174511),"['clothes', 'shoes']",,,,,,,,,,,,,,,,,Tempelhof-Schöneberg,Marienfelde,11007007
10225013328,,,POINT (13.4003447 52.4165678),"['clothes', 'shoes']",,,,,,,,,,,,,,,,,Neukölln,Buckow,11008008
10225258976,,,POINT (13.4248846 52.415877),['glass_bottles'],,,,,,,,,,,,,,,,,Neukölln,Buckow,11008008
10225437054,,,POINT (13.4395 52.4176165),"['clothes', 'shoes']",,,,,,,,,,,,,,,,,Neukölln,Buckow,11008008
10239092478,,,POINT (13.4443985 52.5138487),['glass_bottles'],,,,,,,,,,,,,,,,,Friedrichshain-Kreuzberg,Friedrichshain,11002002
10258752026,,,POINT (13.430649 52.5290938),['glass_bottles'],,,,,,,,,,,,,,,,,Pankow,Prenzlauer Berg,11003003
10274694440,,,POINT (13.4688458 52.5275575),"['clothes', 'shoes']",,Kleiderspende,['operator: Kleiderspende'],,,,,,,,,,,,,,Lichtenberg,Fennpfuhl,11011011
10274694450,,,POINT (13.4712159 52.5256913),['glass_bottles'],,,,,,,,,,,,,,,,,Lichtenberg,Fennpfuhl,11011011
10274954988,,,POINT (13.4713034 52.5255822),"['clothes', 'shoes']",,cavtex,['operator: cavtex'],,,,,,,,,,,,,,Lichtenberg,Fennpfuhl,11011011
10275516809,,,POINT (13.4753149 52.5252196),['glass_bottles'],,,,,,,,,,,,,,,,,Lichtenberg,Fennpfuhl,11011011
10277161668,,,POINT (13.4804483 52.5264803),"['clothes', 'shoes']",,TEXAID Collection GmbH,['operator: TEXAID Collection GmbH'],,,,,,,,,,,,,,Lichtenberg,Fennpfuhl,11011011
10277175053,,,POINT (13.4819321 52.5268828),['glass_bottles'],,Altglas,"['name: Altglas', 'alt_name: Glasabfall;Glasmüll;Glascontainer']",,,,,,,,,,,,,,Lichtenberg,Fennpfuhl,11011011
10277175065,,,POINT (13.4817961 52.5280447),['clothes'],,East-West Textilrecycling Kursun GmbH,['operator: East-West Textilrecycling Kursun GmbH'],,,,,,,,,,,,,,Lichtenberg,Fennpfuhl,11011011
10277229616,,,POINT (13.4824519 52.5326305),['clothes'],,comtex@gmx.de,['operator: comtex@gmx.de'],,,,,,,,,,,,,,Lichtenberg,Fennpfuhl,11011011
10277700368,,,POINT (13.4924011 52.537083),"['clothes', 'shoes']",,,,,,,,,,,,,,,,,Lichtenberg,Alt-Hohenschönhausen,11011011
10277700370,,,POINT (13.4928004 52.5371264),"['clothes', 'shoes']",,,,,,,,,,,,,,,,,Lichtenberg,Alt-Hohenschönhausen,11011011
10279255788,,,POINT (13.5073893 52.5365339),"['clothes', 'shoes']",,,,,,,,,,,,,,,,,Lichtenberg,Alt-Hohenschönhausen,11011011
10279255793,,,POINT (13.505735 52.5364101),"['clothes', 'shoes']",,,,,,,,,,,,,,,,,Lichtenberg,Alt-Hohenschönhausen,11011011
10279312091,,,POINT (13.5088214 52.5394884),"['clothes', 'shoes']",,,,,,,,,,,,,,,,,Lichtenberg,Alt-Hohenschönhausen,11011011
10279326021,,,POINT (13.4988852 52.5393979),"['clothes', 'shoes']",,,,,,,,,,,,,,,,,Lichtenberg,Alt-Hohenschönhausen,11011011
10285463618,,,POINT (13.3953419 52.4987346),"['clothes', 'shoes']",,,,,,,,,,,,,,,,,Friedrichshain-Kreuzberg,Kreuzberg,11002002
10285472323,,,POINT (13.3890014 52.499766),"['clothes', 'shoes']",,,,,,,,,,,,,,,,,Friedrichshain-Kreuzberg,Kreuzberg,11002002
10285472350,,,POINT (13.3912526 52.5008525),['clothes'],,,,,,,,,,,,,,,,,Friedrichshain-Kreuzberg,Kreuzberg,11002002
10285490000,,,POINT (13.3941208 52.5010161),"['clothes', 'shoes']",,,,,,,,,,,,,,,,,Friedrichshain-Kreuzberg,Kreuzberg,11002002
10286920724,,,POINT (13.3922327 52.509497),"['clothes', 'shoes']",,Deutsches Rotes Kreuz,['operator: Deutsches Rotes Kreuz'],,,,,,,,,,,,,,Mitte,Mitte,11001001
10287620815,,,POINT (13.396743 52.5053556),['glass_bottles'],,,,,,,,,,,,,,,,,Friedrichshain-Kreuzberg,Kreuzberg,11002002
10289844681,,,POINT (13.5251496 52.5639692),"['clothes', 'shoes']",,Deutsches Rotes Kreuz,['operator: Deutsches Rotes Kreuz'],,,,,,,,,,,,,,Lichtenberg,Neu-Hohenschönhausen,11011011
10289953326,,,POINT (13.5275223 52.5663464),"['clothes', 'shoes']",,,,,,,,,,,,,,,,,Lichtenberg,Neu-Hohenschönhausen,11011011
10290655680,,,POINT (13.5218316 52.5677432),"['clothes', 'shoes']",,,,,,,,,,,,,,,,,Lichtenberg,Neu-Hohenschönhausen,11011011
10290821402,,,POINT (13.5064131 52.5727735),"['clothes', 'shoes']",,"von Berlin, für Berlin","['operator: von Berlin, für Berlin']",,,,,,,,,,,,,,Lichtenberg,Neu-Hohenschönhausen,11011011
10290821404,,,POINT (13.5056948 52.5728742),['glass_bottles'],,,,,,,,,,,,,,,,,Lichtenberg,Neu-Hohenschönhausen,11011011
10290873630,,,POINT (13.5084205 52.5751234),"['clothes', 'shoes']",,,,,,,,,,,,,,,,,Lichtenberg,Neu-Hohenschönhausen,11011011
10291359798,,,POINT (13.5626358 52.5660942),['clothes'],,,,,,,,,,,,,,,,,Marzahn-Hellersdorf,Marzahn,11010010
10291359799,,,POINT (13.5627792 52.5663237),['glass_bottles'],,,,,,,,,,,,,,,,,Marzahn-Hellersdorf,Marzahn,11010010
10294833192,,,POINT (13.5030961 52.576424),"['clothes', 'shoes']",,Deutsches Rotes Kreuz,['operator: Deutsches Rotes Kreuz'],,,,,,,,,,,,,,Lichtenberg,Neu-Hohenschönhausen,11011011
10294961287,,,POINT (13.5098291 52.5774158),['glass_bottles'],,,,,,,,,,,,,,,,,Lichtenberg,Neu-Hohenschönhausen,11011011
10294961303,,,POINT (13.5123683 52.576522),['glass_bottles'],,,,,,,,,,,,,,,,,Lichtenberg,Wartenberg,11011011
10294970987,,,POINT (13.5041584 52.5755104),"['clothes', 'shoes']",,Deutsches Rotes Kreuz,['operator: Deutsches Rotes Kreuz'],,,,,,,,,,,,,,Lichtenberg,Neu-Hohenschönhausen,11011011
10295464649,,,POINT (13.5264732 52.5686826),['glass_bottles'],,,,,,,,,,,,,,,,,Lichtenberg,Neu-Hohenschönhausen,11011011
10295464674,,,POINT (13.5246409 52.5684792),"['clothes', 'shoes']",,,,,,,,,,,,,,,,,Lichtenberg,Neu-Hohenschönhausen,11011011
10295464696,,,POINT (13.5229612 52.5685413),['glass_bottles'],,,,,,,,,,,,,,,,,Lichtenberg,Neu-Hohenschönhausen,11011011
10295480816,,,POINT (13.5251406 52.568374),"['clothes', 'shoes']",,,,,,,,,,,,,,,,,Lichtenberg,Neu-Hohenschönhausen,11011011
10295480862,,,POINT (13.5287624 52.5687574),"['clothes', 'shoes']",,Deutsches Rotes Kreuz,['operator: Deutsches Rotes Kreuz'],,,,,,,,,,,,,,Lichtenberg,Neu-Hohenschönhausen,11011011
10296539865,,,POINT (13.4828872 52.5179335),"['clothes', 'shoes']",,CAVTEX / www.cavtex.de,['operator: CAVTEX / www.cavtex.de'],,,,,,,,,,,,,,Lichtenberg,Lichtenberg,11011011
10300002440,,,POINT (13.5865796 52.4517017),['glass_bottles'],,,,,,,,,,,,,,,,,Treptow-Köpenick,Köpenick,11009009
10300002441,,,POINT (13.5864882 52.4517093),"['clothes', 'shoes']",,GAK Textilrecycling,['operator: GAK Textilrecycling'],,,,,,,,,,,,,,Treptow-Köpenick,Köpenick,11009009
10303916748,,,POINT (13.6059593 52.4416624),['glass_bottles'],,,,,,,,,,,,,,,,,Treptow-Köpenick,Köpenick,11009009
10303918177,,,POINT (13.5978524 52.4406482),"['clothes', 'shoes']",,Deutsches Rotes Kreuz,['operator: Deutsches Rotes Kreuz'],,,,,,,,,,,,,,Treptow-Köpenick,Köpenick,11009009
10307929049,,,POINT (13.6011361 52.4574438),"['clothes', 'shoes']",,Deutsches Rotes Kreuz,['operator: Deutsches Rotes Kreuz'],,,,,,,,,,,,,,Treptow-Köpenick,Friedrichshagen,11009009
10307971808,,,POINT (13.5017577 52.5154729),['glass_bottles'],,,,,,,,,,,,,,,,,Lichtenberg,Lichtenberg,11011011
10311893302,,,POINT (13.480959 52.4654741),['glass_bottles'],['glass'],,,,,,,,,,,,,,,,Treptow-Köpenick,Baumschulenweg,11009009
10314184136,,,POINT (13.431697 52.5404086),['glass_bottles'],,,,,,,,,,,,,,,,,Pankow,Prenzlauer Berg,11003003
10314597253,,,POINT (13.4055748 52.4968923),['glass_bottles'],,,,,,,,,,,,,,,,,Friedrichshain-Kreuzberg,Kreuzberg,11002002
10314655257,,,POINT (13.4720269 52.4581453),"['clothes', 'shoes']",,Malteser,['operator: Malteser'],,,,,,,,,,,,,,Treptow-Köpenick,Baumschulenweg,11009009
10315058442,,,POINT (13.4360634 52.5380651),"['clothes', 'shoes']",,,,,,,,,,,,,,,,,Pankow,Prenzlauer Berg,11003003
10316059897,,,POINT (13.4506527 52.5358008),"['clothes', 'shoes']",,,,,,,,,,,,,,,,,Pankow,Prenzlauer Berg,11003003
10316096810,,,POINT (13.4525636 52.5337808),,,,,,,,,,,,,,,,,,Pankow,Prenzlauer Berg,11003003
10316164828,,,POINT (13.462046 52.5253082),"['clothes', 'shoes']",,RePa Textilrecycling,['operator: RePa Textilrecycling'],,,,,,,,,,,,,,Lichtenberg,Fennpfuhl,11011011
10536381251,,,POINT (13.4521523 52.5273446),"['clothes', 'shoes']",,GAK Textilrecycling,['operator: GAK Textilrecycling'],,,,,,,,,,,,,,Friedrichshain-Kreuzberg,Friedrichshain,11002002
10536654492,,,POINT (13.4453579 52.5245801),"['clothes', 'shoes']",,Deutsches Rotes Kreuz,['operator: Deutsches Rotes Kreuz'],,,,,,,,,,,,,,Friedrichshain-Kreuzberg,Friedrichshain,11002002
10537027870,,,POINT (13.4559739 52.519248),"['clothes', 'shoes']",,,,,,,,,,,,,,,,,Friedrichshain-Kreuzberg,Friedrichshain,11002002
10538448186,,,POINT (13.3514204 52.4523175),['glass_bottles'],,,,,,,,,,,,,,,,,Steglitz-Zehlendorf,Steglitz,11006006
10538734958,,,POINT (13.438411 52.5346439),"['clothes', 'shoes']",,Recontextil,['operator: Recontextil'],,,,,,,,,,,,,,Pankow,Prenzlauer Berg,11003003
10538972920,,,POINT (13.4757445 52.5009178),"['clothes', 'shoes']",,,,,,,,,,,,,,,,,Lichtenberg,Rummelsburg,11011011
10542425932,,,POINT (13.5067353 52.4685731),"['clothes', 'shoes']",,GAK Textilrecycling,['operator: GAK Textilrecycling'],,,,,,,,,,,,,,Treptow-Köpenick,Oberschöneweide,11009009
10548409786,,,POINT (13.579063 52.4411821),['glass_bottles'],,,,,,,,,,,,,,,,,Treptow-Köpenick,Köpenick,11009009
10548418059,,,POINT (13.5816878 52.4387505),['clothes'],,HUMANA,['operator: HUMANA'],,,,,,,,,,,,,,Treptow-Köpenick,Köpenick,11009009
10548545894,,,POINT (13.5857105 52.4390298),"['clothes', 'shoes']",,,,,,,,,,,,,,,,,Treptow-Köpenick,Köpenick,11009009
10548653722,,,POINT (13.590026 52.4352385),['glass_bottles'],,,,,,,,,,,,,,,,,Treptow-Köpenick,Köpenick,11009009
10549072851,,,POINT (13.5921656 52.4247101),['glass_bottles'],,,,,,,,,,,,,,,,,Treptow-Köpenick,Köpenick,11009009
10549072866,,,POINT (13.5918322 52.424576),"['clothes', 'shoes']",,Deutsches Rotes Kreuz,['operator: Deutsches Rotes Kreuz'],,,,,,,,,,,,,,Treptow-Köpenick,Köpenick,11009009
10554522376,,,POINT (13.6942782 52.4383875),['glass_bottles'],,,,,,,,,,,,,,,,,Treptow-Köpenick,Rahnsdorf,11009009
10554763741,,,POINT (13.713085 52.4304877),"['clothes', 'shoes']",,,,,,,,,,,,,,,,,Treptow-Köpenick,Rahnsdorf,11009009
10554775409,,,POINT (13.7186687 52.4289518),"['clothes', 'shoes']",,von Berlin für Berlin,['operator: von Berlin für Berlin'],,,,,,,,,,,,,,Treptow-Köpenick,Rahnsdorf,11009009
10555157964,,,POINT (13.7385403 52.4286836),"['clothes', 'shoes']",,,,,,,,,,,,,,,,,Treptow-Köpenick,Rahnsdorf,11009009
10555816936,,,POINT (13.7251232 52.425173),"['clothes', 'shoes']",,,,,,,,,,,,,,,,,Treptow-Köpenick,Rahnsdorf,11009009
10555882550,,,POINT (13.7066996 52.4343453),"['clothes', 'shoes']",,,,,,,,,,,,,,,,,Treptow-Köpenick,Rahnsdorf,11009009
10556289093,,,POINT (13.7193918 52.4413387),"['clothes', 'shoes']",,HUMANA,['operator: HUMANA'],,,,,,,,,,,,,,Treptow-Köpenick,Rahnsdorf,11009009
10556384113,,,POINT (13.7414832 52.4279725),"['clothes', 'shoes']",,,,,,,,,,,,,,,,,Treptow-Köpenick,Rahnsdorf,11009009
10556462367,,,POINT (13.5082722 52.4504407),"['clothes', 'shoes']",,GAK Textilrecycling,['operator: GAK Textilrecycling'],,,,,,,,,,,,,,Treptow-Köpenick,Johannisthal,11009009
10560246521,,,POINT (13.5020408 52.5159197),"['clothes', 'shoes']",,,,,,,,,,,,,,,,,Lichtenberg,Lichtenberg,11011011
10560246522,,,POINT (13.5020845 52.5158926),"['clothes', 'shoes']",,,,,,,,,,,,,,,,,Lichtenberg,Lichtenberg,11011011
10562990520,,,POINT (13.4681106 52.5220832),"['clothes', 'shoes']",,,,,,,,,,,,,,,,,Pankow,Prenzlauer Berg,11003003
10563125286,,,POINT (13.4650501 52.5255764),"['clothes', 'shoes']",,,,,,,,,,,,,,,,,Lichtenberg,Fennpfuhl,11011011
10563125287,,,POINT (13.4651068 52.5255892),"['clothes', 'shoes']",,Bera Textilrecycling,['operator: Bera Textilrecycling'],,,,,,,,,,,,,,Lichtenberg,Fennpfuhl,11011011
10564187481,,,POINT (13.4773597 52.5221775),"['clothes', 'shoes']",,,,,,,,,,,,,,,,,Lichtenberg,Lichtenberg,11011011
10564702364,,,POINT (13.4604267 52.5281232),"['clothes', 'shoes']",,cavtex,['operator: cavtex'],,,,,,,,,,,,,,Lichtenberg,Fennpfuhl,11011011
10564702370,,,POINT (13.4611102 52.5288091),"['clothes', 'shoes']",,cavtex,['operator: cavtex'],,,,,,,,,,,,,,Lichtenberg,Fennpfuhl,11011011
10564961656,,,POINT (13.4691637 52.5308108),['glass_bottles'],,,,,,,,,,,,,,,,,Lichtenberg,Fennpfuhl,11011011
10564961657,,,POINT (13.4687329 52.5311346),"['clothes', 'shoes']",,HUMANA Kleidersammlung GmbH,['operator: HUMANA Kleidersammlung GmbH'],,,,,,,,,,,,,,Lichtenberg,Fennpfuhl,11011011
10566846670,,,POINT (13.4700105 52.5362275),"['clothes', 'shoes']",,Fa. Cavuslar,['operator: Fa. Cavuslar'],,,,,,,,,,,,,,Lichtenberg,Fennpfuhl,11011011
10567162174,,,POINT (13.4919175 52.538527),"['clothes', 'shoes']",,Deutsches Rotes Kreuz,['operator: Deutsches Rotes Kreuz'],,,,,,,,,,,,,,Lichtenberg,Alt-Hohenschönhausen,11011011
10568265650,,,POINT (13.5011622 52.5480452),"['clothes', 'shoes']",,,,,,,,,,,,,,,,,Lichtenberg,Alt-Hohenschönhausen,11011011
10568344348,,,POINT (13.5131399 52.4682132),"['clothes', 'shoes']",,GAK Textilrecycling,['operator: GAK Textilrecycling'],,,,,,,,,,,,,,Treptow-Köpenick,Oberschöneweide,11009009
10568344358,,,POINT (13.5129761 52.469777),"['clothes', 'shoes']",,GAK Textilrecycling,['operator: GAK Textilrecycling'],,,,,,,,,,,,,,Treptow-Köpenick,Oberschöneweide,11009009
10570256314,,,POINT (13.436563 52.5190843),['glass_bottles'],,,,,,,,,,,,,,,,,Friedrichshain-Kreuzberg,Friedrichshain,11002002
10572763285,,,POINT (13.4527282 52.5251726),"['clothes', 'shoes']",,Becontextil,['operator: Becontextil'],,,,,,,,,,,,,,Friedrichshain-Kreuzberg,Friedrichshain,11002002
10572790398,,,POINT (13.4610801 52.5332689),"['clothes', 'shoes']",,DRK,['operator: DRK'],,,,,,,,,,,,,,Pankow,Prenzlauer Berg,11003003
10572867509,,,POINT (13.4519146 52.5393873),"['clothes', 'shoes']",,Deutsches Rotes Kreuz,['operator: Deutsches Rotes Kreuz'],,,,,,,,,,,,,,Pankow,Prenzlauer Berg,11003003
10575732851,,,POINT (13.5070663 52.5661272),['glass_bottles'],,,,,,,,,,,,,,,,,Lichtenberg,Neu-Hohenschönhausen,11011011
10575732852,,,POINT (13.5071218 52.5661472),['glass_bottles'],,,,,,,,,,,,,,,,,Lichtenberg,Neu-Hohenschönhausen,11011011
10575741192,,,POINT (13.5057757 52.5679421),['glass_bottles'],,,,,,,,,,,,,,,,,Lichtenberg,Neu-Hohenschönhausen,11011011
10575893420,,,POINT (13.5010001 52.5733378),['clothes'],,,,,,,,,,,,,,,,,Lichtenberg,Neu-Hohenschönhausen,11011011
10575996650,,,POINT (13.4959146 52.5695489),['glass_bottles'],,,,,,,,,,,,,,,,,Lichtenberg,Neu-Hohenschönhausen,11011011
10575996684,,,POINT (13.4945987 52.5692779),"['clothes', 'shoes']",,,,,,,,,,,,,,,,,Lichtenberg,Neu-Hohenschönhausen,11011011
10575996720,,,POINT (13.4930161 52.5681125),['glass_bottles'],,,,,,,,,,,,,,,,,Lichtenberg,Neu-Hohenschönhausen,11011011
10576031591,,,POINT (13.4911143 52.5645241),"['clothes', 'shoes']",,,,,,,,,,,,,,,,,Lichtenberg,Neu-Hohenschönhausen,11011011
10580852123,,,POINT (13.4700263 52.5282633),['clothes'],,,,,,,,,,,,,,,,,Lichtenberg,Fennpfuhl,11011011
10580925563,,,POINT (13.4970611 52.4983143),"['clothes', 'shoes']",,GAK Textilrecycling,['operator: GAK Textilrecycling'],,,,,,,,,,,,,,Lichtenberg,Friedrichsfelde,11011011
10580962849,,,POINT (13.5192616 52.5015666),['glass_bottles'],,,,,,,,,,,,,,,,,Lichtenberg,Friedrichsfelde,11011011
10580962901,,,POINT (13.5127495 52.5074123),"['clothes', 'shoes']",,,,,,,,,,,,,,,,,Lichtenberg,Friedrichsfelde,11011011
10583321786,,,POINT (13.4680649 52.5331262),"['clothes', 'shoes']",,,,,,,,,,,,,,,,,Lichtenberg,Fennpfuhl,11011011
10583321789,,,POINT (13.4680498 52.5327661),['glass_bottles'],,,,,,,,,,,,,,,,,Lichtenberg,Fennpfuhl,11011011
10583321791,,,POINT (13.4683824 52.5327236),"['clothes', 'shoes']",,,,,,,,,,,,,,,,,Lichtenberg,Fennpfuhl,11011011
10583326510,,,POINT (13.4674689 52.5462968),"['clothes', 'shoes']",,,,,,,,,,,,,,,,,Pankow,Weißensee,11003003
10584035370,,,POINT (13.453025 52.5447774),"['clothes', 'shoes']",,,,,,,,,,,,,,,,,Pankow,Prenzlauer Berg,11003003
10584035376,,,POINT (13.4539318 52.5439494),['clothes'],,Deutsches Rotes Kreuz,['operator: Deutsches Rotes Kreuz'],,,,,,,,,,,,,,Pankow,Prenzlauer Berg,11003003
10584257132,,,POINT (13.4559224 52.5413956),['glass_bottles'],,,,,,,,,,,,,,,,,Pankow,Prenzlauer Berg,11003003
10586026360,,,POINT (13.4092548 52.5500931),"['clothes', 'shoes']",,Humana,['operator: Humana'],,,,,,,,,,,,,,Pankow,Prenzlauer Berg,11003003
10586239413,,,POINT (13.3958549 52.5505734),"['clothes', 'shoes']",,,,,,,,,,,,,,,,,Mitte,Gesundbrunnen,11001001
10586255365,,,POINT (13.3946004 52.5472896),"['clothes', 'shoes']",,Deutsches Rotes Kreuz,['operator: Deutsches Rotes Kreuz'],,,,,,,,,,,,,,Mitte,Gesundbrunnen,11001001
10586255366,,,POINT (13.3945923 52.54728),"['clothes', 'shoes']",,Deutsches Rotes Kreuz,['operator: Deutsches Rotes Kreuz'],,,,,,,,,,,,,,Mitte,Gesundbrunnen,11001001
10593120460,,,POINT (13.4367437 52.5111632),"['clothes', 'shoes']",,HUMANA,['operator: HUMANA'],,,,,,,,,,,,,,Friedrichshain-Kreuzberg,Friedrichshain,11002002
10593447882,,,POINT (13.4424903 52.5471779),"['clothes', 'shoes']",,TEXAID Deutschland,['operator: TEXAID Deutschland'],,,,,,,,,,,,,,Pankow,Prenzlauer Berg,11003003
10593671834,,,POINT (13.4363158 52.5490512),"['clothes', 'shoes']",,,,,,,,,,,,,,,,,Pankow,Prenzlauer Berg,11003003
10593671843,,,POINT (13.4361349 52.5491229),"['clothes', 'shoes']",,,,,,,,,,,,,,,,,Pankow,Prenzlauer Berg,11003003
10595421638,,,POINT (13.434781 52.5462285),"['clothes', 'shoes']",,recontextil,['operator: recontextil'],,,,,,,,,,,,,,Pankow,Prenzlauer Berg,11003003
10595421650,,,POINT (13.4379067 52.5463331),"['clothes', 'shoes']",,,,,,,,,,,,,,,,,Pankow,Prenzlauer Berg,11003003
10595463247,,,POINT (13.4240593 52.5536363),"['clothes', 'shoes']",,Deutsches Rotes Kreuz,['operator: Deutsches Rotes Kreuz'],,,,,,,,,,,,,,Pankow,Pankow,11003003
10596022205,,,POINT (13.4090641 52.5555618),['glass_bottles'],,,,,,,,,,,,,,,,,Pankow,Prenzlauer Berg,11003003
10596867146,,,POINT (13.3955246 52.557241),['clothes'],,Cavtex,['operator: Cavtex'],,,,,,,,,,,,,,Mitte,Gesundbrunnen,11001001
10597908169,,,POINT (13.4232547 52.5574792),"['clothes', 'shoes']",,Deutsches Rotes Kreuz,['operator: Deutsches Rotes Kreuz'],,,,,,,,,,,,,,Pankow,Pankow,11003003
10597943316,,,POINT (13.4265433 52.5572688),['clothes'],,Deutsches Rotes Kreuz,['operator: Deutsches Rotes Kreuz'],,,,,,,,,,,,,,Pankow,Pankow,11003003
10598383332,,,POINT (13.4255708 52.5611238),"['clothes', 'shoes']",,,,,,,,,,,,,,,,,Pankow,Pankow,11003003
10598383423,,,POINT (13.4269995 52.5633378),"['clothes', 'shoes']",,,,,,,,,,,,,,,,,Pankow,Pankow,11003003
10598383424,,,POINT (13.4219908 52.5626886),"['clothes', 'shoes']",,Deutsches Rotes Kreuz,['operator: Deutsches Rotes Kreuz'],,,,,,,,,,,,,,Pankow,Pankow,11003003
10598709271,,,POINT (13.4408144 52.561116),"['clothes', 'shoes']",,CAVTEX,['operator: CAVTEX'],,,,,,,,,,,,,,Pankow,Weißensee,11003003
10598709272,,,POINT (13.4407662 52.5609429),['glass_bottles'],,,,,,,,,,,,,,,,,Pankow,Weißensee,11003003
10598709288,,,POINT (13.4435829 52.5574121),['glass_bottles'],,,,,,,,,,,,,,,,,Pankow,Weißensee,11003003
10598709301,,,POINT (13.4408493 52.5562202),['glass_bottles'],,,,,,,,,,,,,,,,,Pankow,Weißensee,11003003
10598989277,,,POINT (13.4534913 52.5616999),"['clothes', 'shoes']",,,,,,,,,,,,,,,,,Pankow,Weißensee,11003003
10600514628,,,POINT (13.4576575 52.5609107),"['clothes', 'shoes']",,,,,,,,,,,,,,,,,Pankow,Weißensee,11003003
10603147611,,,POINT (13.4425217 52.5546699),['glass_bottles'],,,,,,,,,,,,,,,,,Pankow,Weißensee,11003003
10603147632,,,POINT (13.4468439 52.5533178),['clothes'],,HUMANA Kleidersammlung GmbH,['operator: HUMANA Kleidersammlung GmbH'],,,,,,,,,,,,,,Pankow,Weißensee,11003003
10603474995,,,POINT (13.4543455 52.5515163),"['clothes', 'shoes']",,GAK Textilrecycling,['operator: GAK Textilrecycling'],,,,,,,,,,,,,,Pankow,Weißensee,11003003
10603548686,,,POINT (13.4554846 52.5517192),['glass_bottles'],,,,,,,,,,,,,,,,,Pankow,Weißensee,11003003
10603548691,,,POINT (13.4548384 52.5520927),"['clothes', 'shoes']",,versero,['operator: versero'],,,,,,,,,,,,,,Pankow,Weißensee,11003003
10605897001,,,POINT (13.4547717 52.5471285),"['clothes', 'shoes']",,,,,,,,,,,,,,,,,Pankow,Weißensee,11003003
10605897002,,,POINT (13.4548132 52.5471411),"['clothes', 'shoes']",,,,,,,,,,,,,,,,,Pankow,Weißensee,11003003
10608462749,,,POINT (13.3325101 52.4572112),['glass_bottles'],,,,,,,,,,,,,,,,,Steglitz-Zehlendorf,Steglitz,11006006
10608462750,,,POINT (13.3325073 52.4571819),['glass_bottles'],,,,,,,,,,,,,,,,,Steglitz-Zehlendorf,Steglitz,11006006
10613581457,,,POINT (13.4456489 52.5345966),['glass_bottles'],,,,,,,,,,,,,,,,,Pankow,Prenzlauer Berg,11003003
10613713390,,,POINT (13.4308326 52.5471822),"['clothes', 'shoes']",,Junge Hilfe / GAK Textilrecycling,['operator: Junge Hilfe / GAK Textilrecycling'],,,,,,,,,,,,,,Pankow,Prenzlauer Berg,11003003
10619067853,,,POINT (13.4179479 52.532779),['glass_bottles'],,,,,,,,,,,,,,,,,Pankow,Prenzlauer Berg,11003003
10642169986,,,POINT (13.3764159 52.5493284),['glass_bottles'],['glass'],,,,,,,,yes,,,,,Wheelchair accessible,hours=24/7,,Mitte,Gesundbrunnen,11001001
10666181209,,,POINT (13.4751057 52.5535801),"['clothes', 'shoes']",,City Green Point Deutschland GmbH,['operator: City Green Point Deutschland GmbH'],,,,,,,,,,,,,,Pankow,Weißensee,11003003
10678127107,,,POINT (13.6392273 52.4512218),['glass_bottles'],,,,,,,,,,,,,,,,,Treptow-Köpenick,Friedrichshagen,11009009
10678315908,,,POINT (13.278143 52.5182187),"['glass_bottles', 'glass_bottles_white', 'glass_bottles_green', 'glass_bottles_brown']",,,,,,,,,,,,,,,,,Charlottenburg-Wilmersdorf,Westend,11004004
10679260719,,,POINT (13.3061951 52.6020388),['glass_bottles'],,Glascontainer,['name: Glascontainer'],,,,,,,,,,,,,,Reinickendorf,Waidmannslust,11012012
10679689088,,,POINT (13.5639425 52.4382624),"['clothes', 'shoes']",,,,,,,,,,,,,,,,,Treptow-Köpenick,Köpenick,11009009
10682794877,,,POINT (13.5110235 52.5039651),"['clothes', 'shoes']",,GAK Textilrecycling,['operator: GAK Textilrecycling'],,,,,,,,,,,,,,Lichtenberg,Friedrichsfelde,11011011
10687363060,,,POINT (13.4995571 52.5014573),"['clothes', 'shoes']",,Cavtex,['operator: Cavtex'],,,,,,,,,,,,,,Lichtenberg,Friedrichsfelde,11011011
10687514179,,,POINT (13.5044949 52.5065936),"['clothes', 'shoes']",,Cavtex,['operator: Cavtex'],,,,,,,,,,,,,,Lichtenberg,Friedrichsfelde,11011011
10688230599,,,POINT (13.4366966 52.5367002),"['clothes', 'shoes']",,GAK Textilrecycling,['operator: GAK Textilrecycling'],,,,,,,,,,,,,,Pankow,Prenzlauer Berg,11003003
10689803851,,,POINT (13.4240826 52.559968),"['clothes', 'shoes']",,,,,,,,,,,,,,,,,Pankow,Pankow,11003003
10689803852,,,POINT (13.4245185 52.5600613),"['clothes', 'shoes']",,,,,,,,,,,,,,,,,Pankow,Pankow,11003003
10692392800,,,POINT (13.3869863 52.4308754),"['clothes', 'shoes']",,,,,,,,,,,,,,,,,Tempelhof-Schöneberg,Mariendorf,11007007
10695108953,,,POINT (13.5216492 52.5620775),"['clothes', 'shoes']",,,,,,,,,,,,,,,,,Lichtenberg,Neu-Hohenschönhausen,11011011
10696775235,,,POINT (13.4998275 52.5711171),"['clothes', 'shoes']",,,,,,,,,,,,,,,,,Lichtenberg,Neu-Hohenschönhausen,11011011
10696775251,,,POINT (13.5010393 52.5698327),['glass_bottles'],,,,,,,,,,,,,,,,,Lichtenberg,Neu-Hohenschönhausen,11011011
10696951833,,,POINT (13.4983602 52.5681443),['glass_bottles'],,,,,,,,,,,,,,,,,Lichtenberg,Neu-Hohenschönhausen,11011011
10699120329,,,POINT (13.4969059 52.5674518),"['clothes', 'shoes']",,,,,,,,,,,,,,,,,Lichtenberg,Neu-Hohenschönhausen,11011011
10699120369,,,POINT (13.4956334 52.5692281),"['clothes', 'shoes']",,,,,,,,,,,,,,,,,Lichtenberg,Neu-Hohenschönhausen,11011011
10701244976,,,POINT (13.4948289 52.5717595),"['clothes', 'shoes']",,,,,,,,,,,,,,,,,Lichtenberg,Neu-Hohenschönhausen,11011011
10703700969,,,POINT (13.4537743 52.5586645),['glass_bottles'],,,,,,,,,,,,,,,,,Pankow,Weißensee,11003003
10703734183,,,POINT (13.5775032 52.5666437),"['clothes', 'shoes']",,,,,,,,,,,,,,,,,Marzahn-Hellersdorf,Marzahn,11010010
10704190901,,,POINT (13.5574254 52.5684712),"['clothes', 'shoes']",,,,,,,,,,,,,,,,,Marzahn-Hellersdorf,Marzahn,11010010
10704190902,,,POINT (13.5576554 52.5683738),['glass_bottles'],,,,,,,,,,,,,,,,,Marzahn-Hellersdorf,Marzahn,11010010
10704221905,,,POINT (13.5564803 52.5682973),"['clothes', 'shoes']",,,,,,,,,,,,,,,,,Marzahn-Hellersdorf,Marzahn,11010010
10704351937,,,POINT (13.5608654 52.5712994),"['clothes', 'shoes']",,Deutsches Rotes Kreuz,['operator: Deutsches Rotes Kreuz'],,,,,,,,,,,,,,Marzahn-Hellersdorf,Marzahn,11010010
10706466880,,,POINT (13.4752425 52.5495817),['glass_bottles'],,,,,,,,,,,,,,,,,Pankow,Weißensee,11003003
10706466893,,,POINT (13.4759536 52.5503985),['glass_bottles'],,,,,,,,,,,,,,,,,Pankow,Weißensee,11003003
10706481799,,,POINT (13.4752674 52.5496037),"['clothes', 'shoes']",,,,,,,,,,,,,,,,,Pankow,Weißensee,11003003
10706483214,,,POINT (13.4783586 52.5527408),"['clothes', 'shoes']",,,,,,,,,,,,,,,,,Pankow,Weißensee,11003003
10706739926,,,POINT (13.4865151 52.5523342),['glass_bottles'],,,,,,,,,,,,,,,,,Pankow,Weißensee,11003003
10709186973,,,POINT (13.4783767 52.5563768),"['clothes', 'shoes']",,,,,,,,,,,,,,,,,Pankow,Weißensee,11003003
10711356325,,,POINT (13.490717 52.5505147),"['clothes', 'shoes']",,,,,,,,,,,,,,,,,Lichtenberg,Alt-Hohenschönhausen,11011011
10715860561,,,POINT (13.5042242 52.5672917),['glass_bottles'],,,,,,,,,,,,,,,,,Lichtenberg,Neu-Hohenschönhausen,11011011
10715916896,,,POINT (13.5025581 52.5685004),['glass_bottles'],,,,,,,,,,,,,,,,,Lichtenberg,Neu-Hohenschönhausen,11011011
10716803408,,,POINT (13.4499184 52.5509204),"['clothes', 'shoes']",,Deutsches Rotes Kreuz,['operator: Deutsches Rotes Kreuz'],,,,,,,,,,,,,,Pankow,Weißensee,11003003
10716803446,,,POINT (13.451634 52.5518945),"['clothes', 'shoes']",,Deutsches Rotes Kreuz,['operator: Deutsches Rotes Kreuz'],,,,,,,,,,,,,,Pankow,Weißensee,11003003
10718622554,,,POINT (13.463727 52.547664),"['clothes', 'shoes']",,cavtex,['operator: cavtex'],,,,,,,,,,,,,,Pankow,Weißensee,11003003
10721265342,survey,,POINT (13.5512487 52.433166),"['clothes', 'shoes']",,Fa. Cavuslar,['operator: Fa. Cavuslar'],,,contact:phone: +49 1575 6233471; contact:email: info@cavtex.de,,,,,,,,,,,Treptow-Köpenick,Adlershof,11009009
10721719496,,,POINT (13.3605675 52.5593952),['glass_bottles'],,,,,,,,,yes,,,,,Wheelchair accessible,hours=24/7,,Mitte,Wedding,11001001
10722677307,,,POINT (13.5928624 52.4552066),"['clothes', 'shoes']",,GAK Textilrecycling,['operator: GAK Textilrecycling'],,,,,,,,,,,,,,Treptow-Köpenick,Köpenick,11009009
10722689805,,,POINT (13.6126244 52.4539296),"['clothes', 'shoes']",,HUMANA,['operator: HUMANA'],,,,,,,,,,,,,,Treptow-Köpenick,Friedrichshagen,11009009
10725747587,,,POINT (13.6263808 52.4511423),"['clothes', 'shoes']",,,,,,,,,,,,,,,,,Treptow-Köpenick,Friedrichshagen,11009009
10727219053,,,POINT (13.6184669 52.4509003),['glass_bottles'],,,,,,,,,,,,,,,,,Treptow-Köpenick,Friedrichshagen,11009009
10734546937,,,POINT (13.6018966 52.4531454),['glass_bottles'],,,,,,,,,,,,,,,,,Treptow-Köpenick,Friedrichshagen,11009009
10736329241,,,POINT (13.4217162 52.6053088),"['clothes', 'shoes']",,,,,,,,,,,,,,,,,Pankow,Französisch Buchholz,11003003
10741261212,,,POINT (13.5917187 52.4439561),"['clothes', 'shoes']",,HUMANA Kleidersammlung GmbH,['operator: HUMANA Kleidersammlung GmbH'],,,,,,,,,,,,,,Treptow-Köpenick,Köpenick,11009009
10741261213,,,POINT (13.5917474 52.4439481),"['clothes', 'shoes']",,HUMANA Kleidersammlung GmbH,['operator: HUMANA Kleidersammlung GmbH'],,,,,,,,,,,,,,Treptow-Köpenick,Köpenick,11009009
10741261214,,,POINT (13.5921407 52.4439508),['glass_bottles'],,,,,,,,,,,,,,,,,Treptow-Köpenick,Köpenick,11009009
10741360675,,,POINT (13.5883312 52.4421418),"['clothes', 'shoes']",,,,,,,,,,,,,,,,,Treptow-Köpenick,Köpenick,11009009
10741360680,,,POINT (13.5882799 52.4412586),"['clothes', 'shoes']",,,,,,,,,,,,,,,,,Treptow-Köpenick,Köpenick,11009009
10744582699,,,POINT (13.57764 52.446133),"['clothes', 'shoes']",,,,,,,,,,,,,,,,,Treptow-Köpenick,Köpenick,11009009
10744686903,,,POINT (13.4777991 52.5325568),"['clothes', 'shoes']",,TEXAID Collection GmbH,['operator: TEXAID Collection GmbH'],,,,,,,,,,,,,,Lichtenberg,Fennpfuhl,11011011
10744741793,,,POINT (13.4778984 52.5309695),['glass_bottles'],,Altglas,"['name: Altglas', 'alt_name: Glascontainer;Glasmüll;Glasabfall']",,,,,,,,,,,,,,Lichtenberg,Fennpfuhl,11011011
10744886007,,,POINT (13.4850186 52.5305368),['glass_bottles'],,,,,,,,,,,,,,,,,Lichtenberg,Fennpfuhl,11011011
10744886015,,,POINT (13.4837701 52.5316933),['glass_bottles'],,Altglas,"['name: Altglas', 'alt_name: Glasmüll;Glasabfall;Glascontainer']",,,,,,,,,,,,,,Lichtenberg,Fennpfuhl,11011011
10744886016,,,POINT (13.4836702 52.531712),"['clothes', 'shoes']",,Fa. Cavuslar,['operator: Fa. Cavuslar'],,,,,,,,,,,,,,Lichtenberg,Fennpfuhl,11011011
10747680590,,,POINT (13.5052803 52.6295347),['clothes'],,,,,,,,,,,,,,,,,Pankow,Buch,11003003
10747680592,,,POINT (13.5051026 52.6296618),"['clothes', 'shoes']",,Die Johanniter,['operator: Die Johanniter'],,,,,,,,,,,,,,Pankow,Buch,11003003
10747958835,,,POINT (13.4836349 52.4062551),"['clothes', 'shoes']",,,,,,,,,,,,,,,,,Neukölln,Rudow,11008008
10747963995,,,POINT (13.4997319 52.6343289),['glass_bottles'],,,,,,,,,,,,,,,,,Pankow,Buch,11003003
10750136015,,,POINT (13.4858837 52.6221845),"['clothes', 'shoes']",,,,,,,,,,,,,,,,,Pankow,Karow,11003003
10750136016,,,POINT (13.4858706 52.6221714),"['clothes', 'shoes']",,,,,,,,,,,,,,,,,Pankow,Karow,11003003
10751054002,,,POINT (13.4672241 52.5972433),"['clothes', 'shoes']",,,,,,,,,,,,,,,,,Pankow,Blankenburg,11003003
10751072240,,,POINT (13.4735239 52.5941889),['glass_bottles'],,,,,,,,,,,,,,,,,Pankow,Blankenburg,11003003
10755134357,,,POINT (13.5095672 52.5764778),"['clothes', 'shoes']",,,,,,,,,,,,,,,,,Lichtenberg,Neu-Hohenschönhausen,11011011
10755163295,,,POINT (13.5103684 52.5754584),['glass_bottles'],,,,,,,,,,,,,,,,,Lichtenberg,Neu-Hohenschönhausen,11011011
10755559633,,,POINT (13.4983158 52.5811293),['glass_bottles'],,,,,,,,,,,,,,,,,Lichtenberg,Wartenberg,11011011
10758276828,,,POINT (13.4676098 52.5611591),"['clothes', 'shoes']",,,,,,,,,,,,,,,,,Pankow,Weißensee,11003003
10764357190,,,POINT (13.5348384 52.4335739),"['clothes', 'shoes']",,Cavtex,['operator: Cavtex'],,,,,,,,,,,,,,Treptow-Köpenick,Adlershof,11009009
10764357198,,,POINT (13.534106 52.4331514),"['clothes', 'shoes']",,GAK Textilrecycling,['operator: GAK Textilrecycling'],,,,,,,,,,,,,,Treptow-Köpenick,Adlershof,11009009
10765218415,,,POINT (13.5094638 52.5099267),"['clothes', 'shoes']",,Fa. Cavuslar,['operator: Fa. Cavuslar'],,,,,,,,,,,,,,Lichtenberg,Friedrichsfelde,11011011
10765738285,,,POINT (13.5225486 52.4282679),"['clothes', 'shoes']",,,,,,,,,,,,,,,,,Treptow-Köpenick,Adlershof,11009009
10765830335,,,POINT (13.4949504 52.431107),"['clothes', 'shoes']",,GAK Textilrecycling,['operator: GAK Textilrecycling'],,,,,,,,,,,,,,Neukölln,Rudow,11008008
10767661479,,,POINT (13.5181991 52.4868608),"['clothes', 'shoes']",,,,,,,,,,,,,,,,,Lichtenberg,Karlshorst,11011011
10768319382,,,POINT (13.5194313 52.4947802),"['clothes', 'shoes']",,,,,,,,,,,,,,,,,Lichtenberg,Friedrichsfelde,11011011
10768390667,,,POINT (13.5146118 52.4944545),['glass_bottles'],,,,,,,,,,,,,,,,,Lichtenberg,Friedrichsfelde,11011011
10770352713,,,POINT (13.4405582 52.5338866),"['glass_bottles', 'clothes', 'paper', 'plastic_packaging', 'green_waste', 'food_waste']",['plastic'],TEXAID Deutschland,['operator: TEXAID Deutschland'],,,,,,,,,,,,,,Pankow,Prenzlauer Berg,11003003
10770607285,,,POINT (13.421053 52.5494731),"['clothes', 'shoes']",,Deutsches Rotes Kreuz,['operator: Deutsches Rotes Kreuz'],,,,,,no,,,,,Not wheelchair accessible,,,Pankow,Prenzlauer Berg,11003003
10773586304,survey,,POINT (13.3950498 52.5329334),['glass_bottles'],,Karl Meyer,['operator: Karl Meyer'],,,,,,,,,0.0,,,,,Mitte,Mitte,11001001
10774906573,,,POINT (13.5713994 52.5559921),"['clothes', 'shoes']",,Berliner Obdachlosenhilfe,['operator: Berliner Obdachlosenhilfe'],,,,,,,,,,,,,,Marzahn-Hellersdorf,Marzahn,11010010
10774906574,,,POINT (13.5713646 52.555994),"['clothes', 'shoes']",,,,,,,,,,,,,,,,,Marzahn-Hellersdorf,Marzahn,11010010
10779035267,,,POINT (13.3980523 52.5422347),['glass_bottles'],,,,,,,,,,,,,,,,,Mitte,Gesundbrunnen,11001001
10779035276,,,POINT (13.397678 52.5422149),"['clothes', 'shoes']",,jeder,['operator: jeder'],,,,,,,,,,,,hours=24/7,,Mitte,Gesundbrunnen,11001001
10779447804,,,POINT (13.3949906 52.5461002),"['clothes', 'shoes']",,servicecontainer@web.de,['operator: servicecontainer@web.de'],,,,,,,,,,,,hours=24/7,,Mitte,Gesundbrunnen,11001001
10779952909,,,POINT (13.3348803 52.5568737),"['clothes', 'shoes']",,Deutsches Rotes Kreuz,['operator: Deutsches Rotes Kreuz'],,,,,,,,,,,,,,Mitte,Wedding,11001001
10780123876,,,POINT (13.1743933 52.5202079),,,,,,,,,,,,,,,,,,Spandau,Staaken,11005005
10804876428,,,POINT (13.6902722 52.4410199),"['clothes', 'shoes']",,,,,,,,,,,,,,,,,Treptow-Köpenick,Rahnsdorf,11009009
10811472933,,,POINT (13.5152351 52.488583),"['clothes', 'shoes']",,,,,,,,,,,,,,,,,Lichtenberg,Karlshorst,11011011
10811614163,,,POINT (13.5130243 52.4912952),['clothes'],,,,,,,,,,,,,,,,,Lichtenberg,Friedrichsfelde,11011011
10813717088,,,POINT (13.507934 52.492678),['clothes'],,GAK Textilrecycling,['operator: GAK Textilrecycling'],,,,,,,,,,,,,,Lichtenberg,Friedrichsfelde,11011011
10813862319,,,POINT (13.5111879 52.4959404),"['clothes', 'shoes']",,GAK Textilrecycling,['operator: GAK Textilrecycling'],,,,,,,,,,,,,,Lichtenberg,Friedrichsfelde,11011011
10813983418,,,POINT (13.6687476 52.4155717),['glass_bottles'],,,,,,,,,,,,,,,,,Treptow-Köpenick,Müggelheim,11009009
10813983419,,,POINT (13.6686673 52.4157434),"['clothes', 'shoes']",,Deutsches Rotes Kreuz,['operator: Deutsches Rotes Kreuz'],,,,,,,,,,,,,,Treptow-Köpenick,Müggelheim,11009009
10813983421,,,POINT (13.6617239 52.4174244),"['clothes', 'shoes']",,,,,,,,,,,,,,,,,Treptow-Köpenick,Müggelheim,11009009
10814012581,,,POINT (13.5066597 52.4474856),['glass_bottles'],,,,,,,,,,,,,,,,,Treptow-Köpenick,Johannisthal,11009009
10814235049,,,POINT (13.5021639 52.4432321),['glass_bottles'],,,,,,,,,,,,,,,,,Treptow-Köpenick,Johannisthal,11009009
10814415761,,,POINT (13.4962777 52.4416327),"['clothes', 'shoes']",,,,,,,,,,,,,,,,,Treptow-Köpenick,Johannisthal,11009009
10814415772,,,POINT (13.4966627 52.4414498),"['clothes', 'shoes']",,,,,,,,,,,,,,,,,Treptow-Köpenick,Johannisthal,11009009
10814424838,,,POINT (13.4995186 52.4393567),"['clothes', 'shoes']",,,,,,,,,,,,,,,,,Treptow-Köpenick,Johannisthal,11009009
10815749935,,,POINT (13.4762881 52.4249283),"['clothes', 'shoes']",,Deutsches Rotes Kreuz,['operator: Deutsches Rotes Kreuz'],,,,,,,,,,,,,,Neukölln,Gropiusstadt,11008008
10815749946,,,POINT (13.4771134 52.4240389),"['clothes', 'shoes']",,Deutsches Rotes Kreuz,['operator: Deutsches Rotes Kreuz'],,,,,,,,,,,,,,Neukölln,Gropiusstadt,11008008
10819519123,,,POINT (13.6126467 52.4829048),['glass_bottles'],,,,,,,,,,,,,,,,,Marzahn-Hellersdorf,Mahlsdorf,11010010
10819973337,,,POINT (13.3506441 52.5027058),['glass_bottles'],,,,,,,,,,,,,,,,,Tempelhof-Schöneberg,Schöneberg,11007007
10823527888,,,POINT (13.6207828 52.505809),"['clothes', 'shoes']",,,,,,,,,,,,,,,,,Marzahn-Hellersdorf,Mahlsdorf,11010010
10823527889,,,POINT (13.6208809 52.5058769),['glass_bottles'],,,,,,,,,,,,,,,,,Marzahn-Hellersdorf,Mahlsdorf,11010010
10823615309,,,POINT (13.6198792 52.5124294),['glass_bottles'],,,,,,,,,,,,,,,,,Marzahn-Hellersdorf,Mahlsdorf,11010010
10824227938,,,POINT (13.3104736 52.4671181),['clothes'],,,,,,,,,,,,,,,,,Charlottenburg-Wilmersdorf,Wilmersdorf,11004004
10828641281,,,POINT (13.5094453 52.4049553),"['clothes', 'shoes']",,E. P. Textil,['operator: E. P. Textil'],,,,,,,,,,,,,,Neukölln,Rudow,11008008
10830137925,,,POINT (13.5873668 52.4257028),['glass_bottles'],,,,,,,,,,,,,,,,,Treptow-Köpenick,Köpenick,11009009
10830516770,,,POINT (13.5848432 52.4277928),"['clothes', 'shoes']",,,,,,,,,,,,,,,,,Treptow-Köpenick,Köpenick,11009009
10841261281,,,POINT (13.6472649 52.5215064),"['clothes', 'shoes']",,Versero GmbH,['operator: Versero GmbH'],,,,,,,,,,,,,,Marzahn-Hellersdorf,Mahlsdorf,11010010
10841547659,,,POINT (13.611871 52.5390463),"['clothes', 'shoes']",,,,,,,,,,,,,,,,,Marzahn-Hellersdorf,Hellersdorf,11010010
10859522147,,,POINT (13.6425684 52.5230038),['clothes'],,Deutsches Rotes Kreuz,['operator: Deutsches Rotes Kreuz'],,,,,,,,,,,,,,Marzahn-Hellersdorf,Mahlsdorf,11010010
10872767979,,,POINT (13.4947753 52.4319742),"['clothes', 'shoes']",,,,,,,,,,,,,,,,,Neukölln,Rudow,11008008
10872811881,,,POINT (13.4959874 52.42863),['glass_bottles'],,,,,,,,,,,,,,,,,Neukölln,Rudow,11008008
10872908921,,,POINT (13.5070499 52.4172354),"['clothes', 'shoes']",,,,,,,,,,,,,,,,,Neukölln,Rudow,11008008
10872908922,,,POINT (13.506879 52.4173749),"['clothes', 'shoes']",,,,,,,,,,,,,,,,,Neukölln,Rudow,11008008
10872908923,,,POINT (13.5066428 52.417493),"['clothes', 'shoes']",,,,,,,,,,,,,,,,,Neukölln,Rudow,11008008
10872908934,,,POINT (13.5092578 52.4152209),"['clothes', 'shoes']",,,,,,,,,,,,,,,,,Neukölln,Rudow,11008008
10872908956,,,POINT (13.5096016 52.40972),['glass_bottles'],,,,,,,,,,,,,,,,,Neukölln,Rudow,11008008
10873544279,,,POINT (13.2904047 52.4929714),"['clothes', 'shoes']",,GAK Textilrecycling,['operator: GAK Textilrecycling'],,,,,,,,,,,,,,Charlottenburg-Wilmersdorf,Grunewald,11004004
10883058963,,,POINT (13.3999722 52.4997075),"['clothes', 'shoes']",,Deutsches Rotes Kreuz,['operator: Deutsches Rotes Kreuz'],,,,,,,,,,,,,,Friedrichshain-Kreuzberg,Kreuzberg,11002002
10883067009,,,POINT (13.3952134 52.4990869),"['clothes', 'shoes']",,,,,,,,,,,,,,,,,Friedrichshain-Kreuzberg,Kreuzberg,11002002
10883636442,,,POINT (13.3913192 52.5027063),"['clothes', 'shoes']",,info.cbs@gmx.de,['operator: info.cbs@gmx.de'],,,,,,,,,,,,,,Friedrichshain-Kreuzberg,Kreuzberg,11002002
10885844626,,,POINT (13.3915335 52.50211),"['clothes', 'shoes']",,Fa. Cavuslar / info@cavtex.de,['operator: Fa. Cavuslar / info@cavtex.de'],,,,,,,,,,,,,,Friedrichshain-Kreuzberg,Kreuzberg,11002002
10917816901,,,POINT (13.5042613 52.404243),"['clothes', 'shoes']",,,,,,,,,,,,,,,,,Neukölln,Rudow,11008008
10918243102,,,POINT (13.5064972 52.4029309),"['clothes', 'shoes']",,,,,,,,,,,,,,,,,Neukölln,Rudow,11008008
10919446085,,,POINT (13.4846072 52.4072615),"['clothes', 'shoes']",,,,,,,,,,,,,,,,,Neukölln,Rudow,11008008
10941891144,,,POINT (13.5919627 52.4376162),"['clothes', 'shoes']",,HUMANA,['operator: HUMANA'],,,,,,,,,,,,,,Treptow-Köpenick,Köpenick,11009009
10949135955,,,POINT (13.6130536 52.5109807),"['clothes', 'shoes']",,,,,,,,,,,,,,,,,Marzahn-Hellersdorf,Mahlsdorf,11010010
10957725865,,,POINT (13.3846048 52.5677287),"['clothes', 'shoes']",,,,,,,,,,,,,,,,,Reinickendorf,Reinickendorf,11012012
10957815479,,,POINT (13.389637 52.5664009),"['clothes', 'shoes']",,CAVTEX,['operator: CAVTEX'],,,,,,,,,,,,,,Mitte,Gesundbrunnen,11001001
10959849645,,,POINT (13.3601989 52.5761523),"['clothes', 'shoes']",,SM,['operator: SM'],,,,,,,,,,,,,,Reinickendorf,Reinickendorf,11012012
10969675848,,,POINT (13.2718484 52.4911688),['glass_bottles'],,,,,,,,,,,,,,,,,Charlottenburg-Wilmersdorf,Grunewald,11004004
10969675849,,,POINT (13.2597389 52.4869381),['clothes'],,,,,,,,,,,,,,,,,Charlottenburg-Wilmersdorf,Grunewald,11004004
10970600415,,,POINT (13.6240464 52.4918251),['glass_bottles'],,,,,,,,,,,,,,,,,Marzahn-Hellersdorf,Mahlsdorf,11010010
10970925290,,,POINT (13.3835949 52.4593054),"['clothes', 'shoes']",,E.P. Textil,['operator: E.P. Textil'],,,,,,,,,,,,hours=24/7,,Tempelhof-Schöneberg,Tempelhof,11007007
10970925293,,,POINT (13.383147 52.4593469),"['clothes', 'shoes']",,,,,,,,,,,,,,,hours=24/7,,Tempelhof-Schöneberg,Tempelhof,11007007
10978084497,,,POINT (13.5763218 52.5534894),['glass_bottles'],,,,,,,,,,,,,,,,,Marzahn-Hellersdorf,Marzahn,11010010
10978084504,,,POINT (13.5782529 52.5538149),['glass_bottles'],,,,,,,,,,,,,,,,,Marzahn-Hellersdorf,Marzahn,11010010
10985054717,,,POINT (13.4037491 52.5123883),"['glass_bottles', 'glass_bottles_white', 'glass_bottles_green', 'glass_bottles_brown']",,Karl Meyer,['operator: Karl Meyer'],,,,,,,,,,,,,,Mitte,Mitte,11001001
10989192849,,,POINT (13.3680673 52.5415357),['glass_bottles'],,Karl Meyer Rohstoffverwertung GmbH,['operator: Karl Meyer Rohstoffverwertung GmbH'],,,,,,,,,,,,"hours=Mo-Sa 07:00-13:00,15:00-20:00; Su,PH off",,Mitte,Wedding,11001001
10994611742,,,POINT (13.3975846 52.5672805),['glass_bottles'],,Arsaom Recycling,['operator: Arsaom Recycling'],,,,,,,,,,,,,,Pankow,Pankow,11003003
11000953985,,,POINT (13.6219937 52.5337312),"['clothes', 'shoes']",,,,,,,,,,,,,,,,,Marzahn-Hellersdorf,Hellersdorf,11010010
11002624407,,,POINT (13.4700652 52.4953686),"['clothes', 'shoes']",,Fa. Cacuslar,['operator: Fa. Cacuslar'],,,,,,,,,,,,,,Friedrichshain-Kreuzberg,Friedrichshain,11002002
11006452499,,,POINT (13.5798655 52.4673556),"['clothes', 'shoes']",,Deutsches Rotes Kreuz,['operator: Deutsches Rotes Kreuz'],,,,,,,,,,,,,,Treptow-Köpenick,Köpenick,11009009
11006726769,,,POINT (13.5794723 52.4674609),['glass_bottles'],,,,,,,,,,,,,,,,,Treptow-Köpenick,Köpenick,11009009
11007059205,,,POINT (13.5976686 52.4344298),"['clothes', 'shoes']",,Humana,['operator: Humana'],,,,,,,,,,,,,,Treptow-Köpenick,Köpenick,11009009
11008649839,,,POINT (13.3833077 52.5548409),['glass_bottles'],,,,,,,,,,,,,,,,,Mitte,Gesundbrunnen,11001001
11008690432,,,POINT (13.3869377 52.5406529),"['clothes', 'shoes']",,,,,,,,,,,,,,,,,Mitte,Gesundbrunnen,11001001
11008695106,,,POINT (13.4941433 52.6345717),"['glass_bottles', 'glass_bottles_white', 'glass_bottles_green', 'glass_bottles_brown']",,,,,,,,,,,,,,,,,Pankow,Buch,11003003
11009980842,,,POINT (13.5217204 52.4336202),"['clothes', 'shoes']",,Cavtex,['operator: Cavtex'],,,,,,,,,,,,,,Treptow-Köpenick,Adlershof,11009009
11011811038,,,POINT (13.4848415 52.423887),"['clothes', 'shoes']",,,,,,,,,,,,,,,,,Neukölln,Gropiusstadt,11008008
11015694305,,,POINT (13.5244649 52.4826496),['clothes'],,,,['operator:type: private'],,,,,,,,,,,,,Lichtenberg,Karlshorst,11011011
11017569054,,,POINT (13.3462375 52.4990111),['glass_bottles'],,,,,,,,,,,,,,,,,Tempelhof-Schöneberg,Schöneberg,11007007
11025599651,,,POINT (13.3412318 52.5373742),['glass_bottles'],,,,,,,,,,,,,,,,,Mitte,Moabit,11001001
11025599652,,,POINT (13.34126 52.5373763),['glass_bottles'],,,,,,,,,,,,,,,,,Mitte,Moabit,11001001
11026005421,,,POINT (13.3413459 52.5200589),"['clothes', 'shoes']",,Ariston,['operator: Ariston'],,,phone: +491784687106,,,,,,,,,,,Mitte,Hansaviertel,11001001
11026028994,,,POINT (13.3775538 52.5538933),"['clothes', 'shoes']",,servicecontainer@web.de,['operator: servicecontainer@web.de'],,,phone: +4915755605712,,,,,,,,,,,Mitte,Gesundbrunnen,11001001
11028458978,,,POINT (13.3912334 52.5571812),['clothes'],,CAVTEX,['operator: CAVTEX'],,,,,,,,,,,,,,Mitte,Gesundbrunnen,11001001
11036706066,,,POINT (13.3885846 52.503017),"['clothes', 'shoes']",,GAK Textilrecycling,['operator: GAK Textilrecycling'],,,,,,,,,,,,,,Friedrichshain-Kreuzberg,Kreuzberg,11002002
11043256269,,,POINT (13.1435251 52.4555763),"['clothes', 'shoes']",,,,,,,,,,,,,,,,,Spandau,Kladow,11005005
11043256270,,,POINT (13.1436805 52.4558047),['clothes'],,,,,,,,,,,,,,,,,Spandau,Kladow,11005005
11045272467,changeset 138479910,,POINT (13.3663594 52.4951047),"['glass_bottles', 'glass_bottles_brown', 'glass_bottles_green', 'glass_bottles_white']",,,,,,,,,,,,,,,,,Tempelhof-Schöneberg,Schöneberg,11007007
11048854796,,,POINT (13.4993151 52.6433926),['glass_bottles'],,,,,,,,,,,,,,,,,Pankow,Buch,11003003
11048928855,,,POINT (13.5078223 52.6458034),['glass_bottles'],,,,,,,,,,,,,,,,,Pankow,Buch,11003003
11050272974,,,POINT (13.5587572 52.504818),"['clothes', 'shoes']",,,,,,,,,,,,,,,,,Marzahn-Hellersdorf,Biesdorf,11010010
11055003764,,,POINT (13.3919982 52.5546069),['clothes'],,,,,,,,,,,,,,,,,Mitte,Gesundbrunnen,11001001
11055515380,,,POINT (13.4534382 52.4297513),"['clothes', 'shoes']",,Cavtex,['operator: Cavtex'],,,,,,,,,,,,,,Neukölln,Gropiusstadt,11008008
11055515381,,,POINT (13.4531844 52.428645),"['clothes', 'shoes']",,,,,,,,,,,,,,,,,Neukölln,Gropiusstadt,11008008
11056594479,,,POINT (13.491922 52.6281202),['glass_bottles'],,,,,,,,,,,,,,,,,Pankow,Buch,11003003
11056594484,,,POINT (13.4934142 52.6296398),"['clothes', 'shoes']",,Deutsches Rotes Kreuz,['operator: Deutsches Rotes Kreuz'],,,,,,,,,,,,,,Pankow,Buch,11003003
11056818263,,,POINT (13.4961029 52.6254697),"['clothes', 'shoes']",,,,,,,,,,,,,,,,,Pankow,Buch,11003003
11056818276,,,POINT (13.4976601 52.6270297),['glass_bottles'],,,,,,,,,,,,,,,,,Pankow,Buch,11003003
11059686936,,,POINT (13.4999153 52.6304246),"['clothes', 'shoes']",,Deutsches Rotes Kreuz,['operator: Deutsches Rotes Kreuz'],,,,,,,,,,,,,,Pankow,Buch,11003003
11063660557,,,POINT (13.4552188 52.4531868),['clothes'],,,,,,,,,,,,,,,,,Neukölln,Britz,11008008
11063717974,,,POINT (13.4522598 52.4528632),['clothes'],,,,,,,,,,,,,,,,,Neukölln,Britz,11008008
11064682570,,,POINT (13.5000015 52.6341286),['clothes'],,,,,,,,,,,,,,,,,Pankow,Buch,11003003
11065966598,,,POINT (13.5271928 52.4246247),['clothes'],,FWS Altkleider Container Service,['operator: FWS Altkleider Container Service'],,,,,,,,,,,,,,Treptow-Köpenick,Altglienicke,11009009
11066586455,,,POINT (13.4683114 52.4337125),['glass_bottles'],,,,,,,,,,,,,,,,,Neukölln,Buckow,11008008
11076730556,,,POINT (13.3293288 52.4330958),"['clothes', 'shoes']",,Deutsches Rotes Kreuz,['operator: Deutsches Rotes Kreuz'],,,,,,,,,,,,,,Steglitz-Zehlendorf,Lichterfelde,11006006
11076793947,,,POINT (13.2435473 52.4459613),"['clothes', 'shoes']",,"TEXAID, www.texaid.de","['operator: TEXAID, www.texaid.de']",,,,,,,,,,,,,,Steglitz-Zehlendorf,Zehlendorf,11006006
11076793948,,,POINT (13.2434991 52.4459265),['glass_bottles'],,,,,,,,,,,,,,,,,Steglitz-Zehlendorf,Zehlendorf,11006006
11079179283,,,POINT (13.3438869 52.4299131),"['clothes', 'shoes']",,,,,,,,,,,,,,,,,Steglitz-Zehlendorf,Lankwitz,11006006
11108263488,,,POINT (13.3864423 52.5536067),['clothes'],,container-service@web.de,['operator: container-service@web.de'],,,,,,,,,,,,,,Mitte,Gesundbrunnen,11001001
11113111514,,,POINT (13.5934822 52.4452513),"['clothes', 'shoes']",,,,,,,,,,,,,,,,,Treptow-Köpenick,Köpenick,11009009
11117151571,,,POINT (13.6705716 52.4109582),['glass_bottles'],,,,,,,,,,,,,,,,,Treptow-Köpenick,Müggelheim,11009009
11118121490,,,POINT (13.6581844 52.4145745),"['clothes', 'shoes']",,Internationale Kinder Unterstützungsgemeinschaft,['operator: Internationale Kinder Unterstützungsgemeinschaft'],,,,,,,,,,,,,,Treptow-Köpenick,Müggelheim,11009009
11118136994,,,POINT (13.6551836 52.4107188),['glass_bottles'],,,,,,,,,,parking obstruction,,,,Obstacles: parking obstruction,,,Treptow-Köpenick,Müggelheim,11009009
11118136995,,,POINT (13.655143 52.4107358),"['clothes', 'shoes']",,Deutsches Rotes Kreuz,['operator: Deutsches Rotes Kreuz'],,,,,,,parking obstruction,,,,Obstacles: parking obstruction,,,Treptow-Köpenick,Müggelheim,11009009
11118136996,,,POINT (13.6552271 52.4107004),"['clothes', 'shoes']",,,,,,,,,,parking obstruction,,,,Obstacles: parking obstruction,,,Treptow-Köpenick,Müggelheim,11009009
11118149505,,,POINT (13.6539093 52.4124271),['glass_bottles'],,,,,,,,,,parking obstruction,,,,Obstacles: parking obstruction,,,Treptow-Köpenick,Müggelheim,11009009
11125608906,,,POINT (13.4372436 52.4574651),['batteries'],,Batteriesammelstelle,['name: Batteriesammelstelle'],,Im Edeka hinter der Kasse,,,,,,,,,,,,Neukölln,Britz,11008008
11128492818,,,POINT (13.4308004 52.5472749),"['clothes', 'shoes']",,Versero Gmbh,['operator: Versero Gmbh'],,,,,,,,,,,,,,Pankow,Prenzlauer Berg,11003003
11133344200,,,POINT (13.3460547 52.5202091),['clothes'],,Deutsches Rotes Kreuz,['operator: Deutsches Rotes Kreuz'],,,,,,,,,,,,,,Mitte,Hansaviertel,11001001
11135562998,,,POINT (13.3180827 52.5258826),"['clothes', 'shoes']",,Deutsches Rotes Kreuz,['operator: Deutsches Rotes Kreuz'],,,,,,,,,,,,,,Mitte,Moabit,11001001
11136488632,,,POINT (13.3652188 52.5339494),"['clothes', 'shoes']",,Cavtex,['operator: Cavtex'],,,,,,,,,,,,,,Mitte,Moabit,11001001
11173189322,,,POINT (13.5945767 52.5290457),['glass_bottles'],,,,,,,,,,,,,,,,,Marzahn-Hellersdorf,Hellersdorf,11010010
11175825265,,,POINT (13.5563081 52.5585302),"['clothes', 'shoes']",,Deutsches Rotes Kreuz,['operator: Deutsches Rotes Kreuz'],,,,,,,,,,,,,,Marzahn-Hellersdorf,Marzahn,11010010
11175861892,,,POINT (13.5668196 52.5561587),['glass_bottles'],,,,,,,,,,,,,,,,,Marzahn-Hellersdorf,Marzahn,11010010
11176547360,,,POINT (13.5682116 52.5682136),['glass_bottles'],,,,,,,,,,,,,,,,,Marzahn-Hellersdorf,Marzahn,11010010
11176547379,,,POINT (13.5693492 52.5687787),['glass_bottles'],,,,,,,,,,,,,,,,,Marzahn-Hellersdorf,Marzahn,11010010
11181579664,,,POINT (13.3768176 52.559105),['glass_bottles'],,,,,,,,,,,,,,,,,Mitte,Gesundbrunnen,11001001
11187023108,,,POINT (13.5556504 52.5678392),['glass_bottles'],,,,,,,,,,,,,,,,,Marzahn-Hellersdorf,Marzahn,11010010
11200932647,,,POINT (13.3620604 52.4249914),"['clothes', 'shoes']",,,,,,,,,,,,,,,,,Steglitz-Zehlendorf,Lankwitz,11006006
11207555517,,,POINT (13.3331453 52.5929021),,,Glascontainer,['name: Glascontainer'],,Techowpromenade,,,,,,,,,,,,Reinickendorf,Wittenau,11012012
11207566649,,,POINT (13.3357528 52.592042),['glass_bottles'],,,,,Roedernallee,,,,,,,,,,,,Reinickendorf,Wittenau,11012012
11207575950,,,POINT (13.3404882 52.5883567),['glass_bottles'],,Glascontainer,['name: Glascontainer'],,Am Nordgraben,,,,,,,,,,,,Reinickendorf,Reinickendorf,11012012
11209269064,,,POINT (13.6003643 52.5446101),"['clothes', 'shoes']",,,,,,,,,,,,,,,,,Marzahn-Hellersdorf,Hellersdorf,11010010
11211390974,,,POINT (13.5702825 52.5644696),"['clothes', 'shoes']",,,,,,,,,,,,,,,,,Marzahn-Hellersdorf,Marzahn,11010010
11211405973,,,POINT (13.5711371 52.5673508),"['clothes', 'shoes']",,Deutsches Rotes Kreuz,['operator: Deutsches Rotes Kreuz'],,,,,,,,,,,,,,Marzahn-Hellersdorf,Marzahn,11010010
11211415022,,,POINT (13.5694847 52.5667969),['glass_bottles'],,,,,,,,,,,,,,,,,Marzahn-Hellersdorf,Marzahn,11010010
11211415023,,,POINT (13.5695292 52.5667973),"['clothes', 'shoes']",,Deutsches Rotes Kreuz,['operator: Deutsches Rotes Kreuz'],,,,,,,,,,,,,,Marzahn-Hellersdorf,Marzahn,11010010
11211417438,,,POINT (13.5679279 52.5682235),"['clothes', 'shoes']",,,,,,,,,,,,,,,,,Marzahn-Hellersdorf,Marzahn,11010010
11211459594,,,POINT (13.5700634 52.5651256),"['clothes', 'shoes']",,Deutsches Rotes Kreuz,['operator: Deutsches Rotes Kreuz'],,,,,,,,,,,,,,Marzahn-Hellersdorf,Marzahn,11010010
11211459601,,,POINT (13.5686666 52.5655802),['glass_bottles'],,,,,,,,,,,,,,,,,Marzahn-Hellersdorf,Marzahn,11010010
11211459624,,,POINT (13.5674546 52.564665),['glass_bottles'],,,,,,,,,,,,,,,,,Marzahn-Hellersdorf,Marzahn,11010010
11222241718,,,POINT (13.4494682 52.4214784),"['clothes', 'shoes']",,HUMANA Kleidersammlung GmbH,['operator: HUMANA Kleidersammlung GmbH'],,,,,,,,,,,,,,Neukölln,Buckow,11008008
11224520824,,,POINT (13.5732521 52.5474337),['glass_bottles'],,,,,,,,,,,,,,,,,Marzahn-Hellersdorf,Marzahn,11010010
11224592018,,,POINT (13.3653606 52.4272332),"['glass_bottles', 'clothes']",['glass'],,,,,,,,,,,,,,,,Steglitz-Zehlendorf,Lankwitz,11006006
11225406083,,,POINT (13.4105471 52.4967853),['clothes'],,Deutsches Rotes Kreuz,['operator: Deutsches Rotes Kreuz'],,,,,,,,,,,,,,Friedrichshain-Kreuzberg,Kreuzberg,11002002
11226093086,,,POINT (13.4273627 52.4209348),"['clothes', 'shoes']",,,,,,,,,,,,,,,,,Neukölln,Buckow,11008008
11227904781,,,POINT (13.3773339 52.5069034),"['clothes', 'shoes']",,,,,,,,,,,,,,,,,Friedrichshain-Kreuzberg,Kreuzberg,11002002
11228312659,,,POINT (13.3772215 52.5053197),"['clothes', 'shoes']",,Cavtex,['operator: Cavtex'],,,,,,,,,,,,,,Friedrichshain-Kreuzberg,Kreuzberg,11002002
11228313621,,,POINT (13.3873111 52.5043779),"['clothes', 'shoes']",,GAK Textilrecycling,['operator: GAK Textilrecycling'],,,,,,,,,,,,,,Friedrichshain-Kreuzberg,Kreuzberg,11002002
11240798611,,,POINT (13.3597734 52.4203719),['glass_bottles'],,,,,,,,,,,,,,,,,Steglitz-Zehlendorf,Lankwitz,11006006
11253092134,,,POINT (13.344353 52.4923976),['clothes'],,Keine Beschriftung,['operator: Keine Beschriftung'],,,,,,,,,,,,,,Tempelhof-Schöneberg,Schöneberg,11007007
11255377331,,,POINT (13.5668805 52.5708492),"['clothes', 'shoes']",,Humana,['operator: Humana'],,,,,,,,,,,,,,Marzahn-Hellersdorf,Marzahn,11010010
11255411445,,,POINT (13.5720196 52.5687938),"['clothes', 'shoes']",,Deutsches Rotes Kreuz,['operator: Deutsches Rotes Kreuz'],,,,,,,,,,,,,,Marzahn-Hellersdorf,Marzahn,11010010
11255411472,,,POINT (13.5690018 52.570326),"['clothes', 'shoes']",,,,,,,,,,,,,,,,,Marzahn-Hellersdorf,Marzahn,11010010
11257038625,,,POINT (13.5785209 52.5679824),"['clothes', 'shoes']",,,,,,,,,,,,,,,,,Marzahn-Hellersdorf,Marzahn,11010010
11257056033,,,POINT (13.5791567 52.569675),"['clothes', 'shoes']",,,,,,,,,,,,,,,,,Marzahn-Hellersdorf,Marzahn,11010010
11257307884,,,POINT (13.5761036 52.5671849),"['clothes', 'shoes']",,Deutsches Rotes Kreuz,['operator: Deutsches Rotes Kreuz'],,,,,,,,,,,,,,Marzahn-Hellersdorf,Marzahn,11010010
11257610625,,,POINT (13.5797694 52.5650875),"['clothes', 'shoes']",,,,,,,,,,,,,,,,,Marzahn-Hellersdorf,Marzahn,11010010
11257688686,,,POINT (13.5754023 52.5642767),"['clothes', 'shoes']",,Deutsches Rotes Kreuz,['operator: Deutsches Rotes Kreuz'],,,,,,,,,,,,,,Marzahn-Hellersdorf,Marzahn,11010010
11260028194,,,POINT (13.4473079 52.465758),"['clothes', 'shoes']",,,,,,,,,,,,,,,,,Neukölln,Neukölln,11008008
11262195743,,,POINT (13.5749653 52.5580476),"['clothes', 'shoes']",,Firma EFB,['operator: Firma EFB'],,,,,,,,,,,,,,Marzahn-Hellersdorf,Marzahn,11010010
11299161546,,,POINT (13.4923643 52.470252),"['clothes', 'shoes']",,Malteser Hilfsdienst e.V.,['operator: Malteser Hilfsdienst e.V.'],,,,,,,,,,,,,,Treptow-Köpenick,Baumschulenweg,11009009
11299436951,,,POINT (13.2688878 52.5137945),['glass_bottles'],,,,,,,,,,,,,,,,,Charlottenburg-Wilmersdorf,Westend,11004004
11309502725,,,POINT (13.3433419 52.4277363),['clothes'],,E. P. Textil,['operator: E. P. Textil'],,,,,,,,,,,,,,Steglitz-Zehlendorf,Lankwitz,11006006
11328761613,,,POINT (13.4983264 52.5053802),"['clothes', 'shoes']",,CAVTEX.de,['operator: CAVTEX.de'],,,,,,,,,,,,,,Lichtenberg,Rummelsburg,11011011
11329471212,,,POINT (13.5180204 52.5315256),"['clothes', 'shoes']",,TEXAID Deutschland,['operator: TEXAID Deutschland'],,,,,,,,,,,,,,Lichtenberg,Lichtenberg,11011011
11329528012,,,POINT (13.5175961 52.5289971),"['clothes', 'shoes']",,,,,,,,,,,,,,,,,Lichtenberg,Lichtenberg,11011011
11330524690,,,POINT (13.4844655 52.5245346),"['clothes', 'shoes']",,,,,,,,,,,,,,,,,Lichtenberg,Fennpfuhl,11011011
11337090719,,,POINT (13.4989355 52.5182141),['glass_bottles'],,,,,,,,,,,,,,,,,Lichtenberg,Lichtenberg,11011011
11337227315,,,POINT (13.42091 52.5559843),"['clothes', 'shoes']",,Deutsches Rotes Kreuz,['operator: Deutsches Rotes Kreuz'],,,,,,,,,,,,,,Pankow,Pankow,11003003
11338901934,,,POINT (13.4784102 52.5231308),"['clothes', 'shoes']",,,,,,,,,,,,,,,,,Lichtenberg,Fennpfuhl,11011011
11338901955,,,POINT (13.4772728 52.5242209),"['clothes', 'shoes']",,RePa Textilrecycling,['operator: RePa Textilrecycling'],,,,,,,,,,,,,,Lichtenberg,Fennpfuhl,11011011
11340562515,,,POINT (13.4774294 52.5222444),"['clothes', 'shoes']",,,,,,,,,,,,,,,,,Lichtenberg,Lichtenberg,11011011
11340562536,,,POINT (13.4773745 52.5204597),"['clothes', 'shoes']",,recontextil@gmx.de,['operator: recontextil@gmx.de'],,,,,,,,,,,,,,Lichtenberg,Lichtenberg,11011011
11343142224,,,POINT (13.3641986 52.5817671),"['glass_bottles', 'glass', 'green_waste']",,,,,,,,,yes,,,,,Wheelchair accessible,,,Pankow,Wilhelmsruh,11003003
11356641367,,,POINT (13.470011 52.5332593),['glass_bottles'],,,,,,,,,,,,,,,,,Lichtenberg,Fennpfuhl,11011011
11364627761,,,POINT (13.4603092 52.4996658),"['clothes', 'shoes']",,,,,,,,,,,,,,,,,Friedrichshain-Kreuzberg,Friedrichshain,11002002
11364651375,,,POINT (13.4605771 52.5004703),['glass_bottles'],,,,,,,,,,,,,,,,,Friedrichshain-Kreuzberg,Friedrichshain,11002002
11375071100,,,POINT (13.2442704 52.5439557),"['clothes', 'shoes']",,,,,,,,,,,,,,,,,Spandau,Haselhorst,11005005
11375455324,,,POINT (13.1747777 52.5200086),['clothes'],,,,,,,,,,,,,,,,,Spandau,Wilhelmstadt,11005005
11383347769,,,POINT (13.4463908 52.4406503),"['clothes', 'shoes']",,,,,,,,,,,,,,,,,Neukölln,Britz,11008008
11387112735,,,POINT (13.4245464 52.4135299),['glass_bottles'],,,,,,,,,,,,,,,,,Neukölln,Buckow,11008008
11387817916,,,POINT (13.3780723 52.4126081),['glass_bottles'],,,,,,,,,,,,,,,,,Tempelhof-Schöneberg,Marienfelde,11007007
11395341047,,,POINT (13.3789338 52.5110063),"['clothes', 'shoes']",,,,,,,,,,,,,,,,,Mitte,Mitte,11001001
11397179066,,,POINT (13.2602616 52.5480554),"['clothes', 'shoes']",,Deutsches Rotes Kreuz,['operator: Deutsches Rotes Kreuz'],,,,,,,,,,,,,,Spandau,Siemensstadt,11005005
11412122516,,,POINT (13.4670294 52.5557104),['clothes'],,,,,,,,,,,,,,,hours=24/7,,Pankow,Weißensee,11003003
11414826618,,,POINT (13.328897 52.418301),['glass_bottles'],,,,,,,,,,,,,,,,,Steglitz-Zehlendorf,Lichterfelde,11006006
11414826619,,,POINT (13.3289294 52.4182986),['glass_bottles'],,,,,,,,,,,,,,,,,Steglitz-Zehlendorf,Lichterfelde,11006006
11414826620,,,POINT (13.3289662 52.4182945),['glass_bottles'],,,,,,,,,,,,,,,,,Steglitz-Zehlendorf,Lichterfelde,11006006
11414826621,,,POINT (13.3289992 52.4182921),['glass_bottles'],,,,,,,,,,,,,,,,,Steglitz-Zehlendorf,Lichterfelde,11006006
11451292955,,,POINT (13.3184052 52.4789888),"['clothes', 'shoes']",,Deutsches Rotes Kreuz,['operator: Deutsches Rotes Kreuz'],,,,,,,,,,,,,,Charlottenburg-Wilmersdorf,Wilmersdorf,11004004
11456249040,,,POINT (13.5088826 52.4696462),"['clothes', 'shoes']",,GAK Textilrecycling,['operator: GAK Textilrecycling'],,,,,,,,,,,,,,Treptow-Köpenick,Oberschöneweide,11009009
11500678875,,,POINT (13.5698321 52.5535341),"['clothes', 'shoes']",,,,,,,,,,,,,,,,,Marzahn-Hellersdorf,Marzahn,11010010
11545977113,,,POINT (13.5867535 52.5269618),"['clothes', 'shoes']",,Loop,['operator: Loop'],,,,,,,,,,,,hours=24/7,,Marzahn-Hellersdorf,Hellersdorf,11010010
11553793215,,,POINT (13.3789341 52.5425081),"['clothes', 'shoes']",,,,,,,,,,,,,,,,,Mitte,Gesundbrunnen,11001001
11554790366,,,POINT (13.1942438 52.4314388),['glass_bottles'],,,,,,,,,,,,,,,,,Steglitz-Zehlendorf,Nikolassee,11006006
11559435757,,,POINT (13.2573977 52.43134),,,,,,,,,,,,,,,,,,Steglitz-Zehlendorf,Zehlendorf,11006006
11584285829,,,POINT (13.1971094 52.5696682),['green_waste'],,,,,,,,permit,no,,,,,"Not wheelchair accessible, Access restricted (permit)",,,Spandau,Hakenfelde,11005005
11584347764,,,POINT (13.1978198 52.5689439),['glass_bottles'],,,,,,,,permissive,limited,,,,,"Limited wheelchair access, Access restricted (permissive)",,,Spandau,Hakenfelde,11005005
11584369687,,,POINT (13.1950707 52.5687576),"['glass_bottles', 'paper', 'plastic', 'waste']",,,,,,,,yes,yes,,,,,Wheelchair accessible,,,Spandau,Hakenfelde,11005005
11584547785,,,POINT (13.2917803 52.4900147),,,,,,,,,,,,,,,,,,Charlottenburg-Wilmersdorf,Schmargendorf,11004004
11639056690,,,POINT (13.4078015 52.5062943),['clothes'],,Recontextil,['operator: Recontextil'],,,,,,,,,,,,hours=24/7,,Friedrichshain-Kreuzberg,Kreuzberg,11002002
11639056693,,,POINT (13.4054752 52.5124519),['clothes'],,GAK Textilrecycling,['operator: GAK Textilrecycling'],,,,,,yes,,,,,Wheelchair accessible,hours=24/7,,Mitte,Mitte,11001001
11645047367,,,POINT (13.4059741 52.5136664),"['glass_bottles', 'batteries', 'paper', 'plastic_bottles']",,,,,,,,,yes,,,,,Wheelchair accessible,,,Mitte,Mitte,11001001
11659319831,,,POINT (13.3600419 52.4186309),['glass_bottles'],,,,,,,,,,,,,,,,,Tempelhof-Schöneberg,Marienfelde,11007007
11665323212,,,POINT (13.330781 52.558823),['glass_bottles'],,,,,,,,,,,,,,,,,Mitte,Wedding,11001001
11693637689,,,POINT (13.5486041 52.4335212),"['clothes', 'shoes']",,Kleiderspende,['name: Kleiderspende'],,,,,,,,,,,,,,Treptow-Köpenick,Adlershof,11009009
11715799214,,,POINT (13.4770103 52.4808208),"['clothes', 'shoes']",,Humana,['operator: Humana'],,,,,,,,,,,,,,Treptow-Köpenick,Plänterwald,11009009
11717220369,,,POINT (13.2998031 52.5078558),,,Platane19,"['name: Platane19', 'name:de: Platane19 Spendenannahme']",,"Pestalozzistraße 60, 10627",phone: +49 30 30307752,website: https://www.platane19.de/laeden/gebrauchtwarenlaeden/spendenannahme/,,,,,,,,hours=Mo-Fr 10:00-16:00,,Charlottenburg-Wilmersdorf,Charlottenburg,11004004
11786724844,,,POINT (13.5339161 52.5247389),"['clothes', 'shoes']",,,,,,,,,,,,,,,,,Marzahn-Hellersdorf,Marzahn,11010010
11802767490,,,POINT (13.246522 52.6134378),['glass_bottles'],,,,,,,,,,,,,,,,,Reinickendorf,Heiligensee,11012012
11805603438,,,POINT (13.540289 52.4353),"['clothes', 'shoes']",,CAVTEX Altkleidersammlung,['operator: CAVTEX Altkleidersammlung'],,,,contact:website: https://cavtex.de,,,,,,,,,,Treptow-Köpenick,Adlershof,11009009
11817009263,,,POINT (13.3243148 52.4545775),"['clothes', 'shoes']",,Textil & Schuhe Sammelbox,"['name: Textil & Schuhe Sammelbox', 'operator: Creamtex GmbH']",,,,,,,,,,,,,,Steglitz-Zehlendorf,Steglitz,11006006
11818443101,,,POINT (13.4201324 52.3947353),['glass_bottles'],,,,,,,,,,,,,,,hours=24/7,,Tempelhof-Schöneberg,Lichtenrade,11007007
11820136397,,,POINT (13.3344004 52.6102934),['glass_bottles'],,,,,,,,,,,,,,,,,Reinickendorf,Waidmannslust,11012012
11820170837,,,POINT (13.3344081 52.6102801),"['clothes', 'shoes']",,Deutsches Rotes Kreuz,['operator: Deutsches Rotes Kreuz'],,,,,,,,,,,,,,Reinickendorf,Waidmannslust,11012012
11844152104,,,POINT (13.4415421 52.4231909),['glass_bottles'],,,,,,,,,,,,,,,,,Neukölln,Buckow,11008008
11846965493,,,POINT (13.3262521 52.5134831),['batteries'],,ReBat,['operator: ReBat'],,,,,permissive,,,indoor,0.5,,"Indoor, Access restricted (permissive)",,,Charlottenburg-Wilmersdorf,Charlottenburg,11004004
11846965494,,,POINT (13.3236877 52.5165275),['batteries'],,,,,,,,permissive,,,indoor,0.0,,"Indoor, Access restricted (permissive)",,,Charlottenburg-Wilmersdorf,Charlottenburg,11004004
11874334270,,,POINT (13.5173136 52.5249239),,,,,,,,,,,,,,,,,,Lichtenberg,Lichtenberg,11011011
11876681287,,,POINT (13.2603115 52.4276486),['glass_bottles'],,,,,,,,,,,,,,,,,Steglitz-Zehlendorf,Zehlendorf,11006006
11879295761,,,POINT (13.409982 52.510842),"['glass_bottles', 'glass']",,,,,,,,,,,,,,,,,Mitte,Mitte,11001001
11883307505,,,POINT (13.361567 52.5272121),['glass_bottles'],,,,,,,,,,,,,,,,,Mitte,Moabit,11001001
11915629467,,,POINT (13.4673733 52.496143),['clothes'],,Cavtex,['operator: Cavtex'],,,,,,,,,,,,,,Friedrichshain-Kreuzberg,Friedrichshain,11002002
11930190569,,,POINT (13.1875086 52.5148322),['glass_bottles'],,Berlin Recycling,['operator: Berlin Recycling'],,,,,,,,,,,,,,Spandau,Wilhelmstadt,11005005
11933485663,,,POINT (13.4234608 52.5568395),['clothes'],,Versero GmbH,['operator: Versero GmbH'],,,,,,,,,,,,,,Pankow,Pankow,11003003
11934650143,,,POINT (13.5730996 52.5499213),['glass_bottles'],,,,,,,,,,,,,,,,,Marzahn-Hellersdorf,Marzahn,11010010
11962884277,,,POINT (13.3085047 52.5702746),"['clothes', 'shoes']",,TEXAID Deutschland,['operator: TEXAID Deutschland'],,,,,,,,,,,,,,Reinickendorf,Reinickendorf,11012012
11962896810,,,POINT (13.2854109 52.592834),"['clothes', 'shoes']",,Deutsches Rotes Kreuz,['operator: Deutsches Rotes Kreuz'],,,,,,,,,,,,,,Reinickendorf,Tegel,11012012
11962902633,,,POINT (13.2786313 52.578568),['glass_bottles'],,Berliner Stadtreinigungsbetriebe,"['operator: Berliner Stadtreinigungsbetriebe', 'operator:short: BSR']",,,,,,,,,,,,,,Reinickendorf,Tegel,11012012
11962902634,,,POINT (13.2786672 52.5785376),"['clothes', 'shoes']",,Deutsches Rotes Kreuz,['operator: Deutsches Rotes Kreuz'],,,,,,,,,,,,,,Reinickendorf,Tegel,11012012
11962910424,,,POINT (13.2836753 52.5787157),"['clothes', 'shoes']",,Deutsches Rotes Kreuz,['operator: Deutsches Rotes Kreuz'],,,,,,,,,,,,,,Reinickendorf,Tegel,11012012
11971342355,,,POINT (13.4863408 52.6177757),['glass_bottles'],,,,,,,,,,,,,,,,,Pankow,Karow,11003003
11985339377,,,POINT (13.4984154 52.6118929),"['clothes', 'shoes']",,,,,,,,,,,,,,,,,Pankow,Karow,11003003
11985339378,,,POINT (13.4985012 52.6120328),"['clothes', 'shoes']",,,,,,,,,,,,,,,,,Pankow,Karow,11003003
11985339379,,,POINT (13.4962135 52.6132057),"['clothes', 'shoes']",,,,,,,,,,,,,,,,,Pankow,Karow,11003003
11985339388,,,POINT (13.4987231 52.6129711),"['clothes', 'shoes']",,,,,,,,,,,,,,,,,Pankow,Karow,11003003
11985474151,,,POINT (13.490687 52.6166044),"['clothes', 'shoes']",,,,,,,,,,,,,,,,,Pankow,Karow,11003003
11985474152,,,POINT (13.4906354 52.616574),"['clothes', 'shoes']",,,,,,,,,,,,,,,,,Pankow,Karow,11003003
11985512278,,,POINT (13.4969497 52.6152699),"['clothes', 'shoes']",,,,,,,,,,,,,,,,,Pankow,Karow,11003003
11985623177,,,POINT (13.4879417 52.61356),"['clothes', 'shoes']",,,,,,,,,,,,,,,,,Pankow,Karow,11003003
11986843787,,,POINT (13.4729164 52.606855),['glass_bottles'],,,,,,,,,,,,,,,,,Pankow,Karow,11003003
11986843788,,,POINT (13.4729697 52.6068046),"['clothes', 'shoes']",,,,,,,,,,,,,,,,,Pankow,Karow,11003003
11986941311,,,POINT (13.4526553 52.5931751),['glass_bottles'],,,,,,,,,,,,,,,,,Pankow,Blankenburg,11003003
11987042102,,,POINT (13.4635587 52.5879808),['glass_bottles'],,,,,,,,,,,,,,,,,Pankow,Blankenburg,11003003
11993252694,,,POINT (13.4818915 52.6051421),['glass_bottles'],,,,,,,,,,,,,,,,,Pankow,Karow,11003003
11993495184,,,POINT (13.3987959 52.6033724),['green_waste'],,Wurmkiste,"['name: Wurmkiste', 'operator: Weltacker Berlin']",,,,,private,,,,,,Access restricted (private),,,Pankow,Blankenfelde,11003003
11998206489,,,POINT (13.4429384 52.5912766),"['clothes', 'shoes']",,,,,,,,,,,,,,,,,Pankow,Blankenburg,11003003
12000881450,,,POINT (13.189441 52.5172083),"['clothes', 'shoes']",,,,,,,,,,,,,,,,,Spandau,Wilhelmstadt,11005005
12000919718,,,POINT (13.1872477 52.5192467),"['clothes', 'shoes']",,,,,,,,,,,,,,,,,Spandau,Wilhelmstadt,11005005
12000919721,,,POINT (13.1872853 52.519525),['glass_bottles'],,,,,,,,,,,,,,,,,Spandau,Wilhelmstadt,11005005
12020597744,,,POINT (13.485516 52.6178706),"['clothes', 'shoes']",,Versero GmbH,['operator: Versero GmbH'],,,,,,,,,,,,,,Pankow,Karow,11003003
12020633169,,,POINT (13.4835636 52.6199382),"['clothes', 'shoes']",,,,,,,,,,,,,,,,,Pankow,Karow,11003003
12020633170,,,POINT (13.4836732 52.6196955),"['clothes', 'shoes']",,,,,,,,,,,,,,,,,Pankow,Karow,11003003
12020665604,,,POINT (13.4828072 52.6191723),"['clothes', 'shoes']",,,,,,,,,,,,,,,,,Pankow,Karow,11003003
12021032601,,,POINT (13.4880864 52.621604),"['clothes', 'shoes']",,,,,,,,,,,,,,,,,Pankow,Karow,11003003
12022104724,,,POINT (13.48652 52.6177786),"['clothes', 'shoes']",,,,,,,,,,,,,,,,,Pankow,Karow,11003003
12031024375,,,POINT (13.3387069 52.5211897),['clothes'],,Deutsches Rotes Kreuz,['operator: Deutsches Rotes Kreuz'],,,,,,,,,,,,,,Mitte,Moabit,11001001
12033682925,survey,,POINT (13.3940207 52.4897452),['glass_bottles'],,,,,,,,,,,,0.0,,,,,Friedrichshain-Kreuzberg,Kreuzberg,11002002
12033865500,,,POINT (13.3105629 52.4680529),['clothes'],,"CAVTEX, www.cavtex.de","['operator: CAVTEX, www.cavtex.de']",,,,,,,,,,,,,,Charlottenburg-Wilmersdorf,Wilmersdorf,11004004
12036420796,,,POINT (13.4097055 52.5275607),,,,,,,,,,,,,,,,,,Mitte,Mitte,11001001
12039816169,,,POINT (13.4663913 52.5937052),['glass_bottles'],,,,,,,,,,,,,,,,,Pankow,Blankenburg,11003003
12039816203,,,POINT (13.4662276 52.597423),"['clothes', 'shoes']",,,,,,,,,,,,,,,,,Pankow,Blankenburg,11003003
12039816204,,,POINT (13.4662954 52.5974064),['glass_bottles'],,,,,,,,,,,,,,,,,Pankow,Blankenburg,11003003
12066944628,,,POINT (13.5825646 52.4620724),,,,,,,,,,,,,,,,,,Treptow-Köpenick,Köpenick,11009009
12067048568,survey,,POINT (13.3931994 52.5338607),['clothes'],,Bezirksamt Mitte von Berlin,['operator: Bezirksamt Mitte von Berlin'],,,,,,,,,0.0,,,hours=24/7,,Mitte,Mitte,11001001
12068181354,,,POINT (13.5740135 52.421237),['glass_bottles'],,,,,,,,,,,,,,,,,Treptow-Köpenick,Grünau,11009009
12068181355,,,POINT (13.5740268 52.421224),['glass_bottles'],,,,,,,,,,,,,,,,,Treptow-Köpenick,Grünau,11009009
12068181356,,,POINT (13.5740583 52.4211967),['glass_bottles'],,,,,,,,,,,,,,,,,Treptow-Köpenick,Grünau,11009009
12068181361,,,POINT (13.5737679 52.4249052),['glass_bottles'],,,,,,,,,,,,,,,,,Treptow-Köpenick,Grünau,11009009
12068181362,,,POINT (13.5737819 52.4249187),['glass_bottles'],,,,,,,,,,,,,,,,,Treptow-Köpenick,Grünau,11009009
12068850486,survey,,POINT (13.3989179 52.5388994),['clothes'],,,,,,,,,,,,0.0,,,hours=24/7,,Mitte,Mitte,11001001
12069507805,,,POINT (13.5127022 52.5179967),,,,,,,,,,,,,,,,,,Lichtenberg,Lichtenberg,11011011
12069511996,,,POINT (13.5124374 52.5171182),,,,,,,,,,,,,,,,,,Lichtenberg,Lichtenberg,11011011
12069529317,,,POINT (13.5148332 52.5191498),,,,,,,,,,,,,,,,,,Lichtenberg,Lichtenberg,11011011
12071167460,,,POINT (13.5115907 52.5168777),"['plastic', 'green_waste']",,,,,,,,,,,,,,,,,Lichtenberg,Lichtenberg,11011011
12071186464,,,POINT (13.5117993 52.5159731),"['plastic', 'green_waste']",,,,,,,,,,,,,,,,,Lichtenberg,Lichtenberg,11011011
12071186466,,,POINT (13.5134849 52.5188945),"['glass', 'plastic', 'green_waste']",,,,,,,,,,,,,,,,,Lichtenberg,Lichtenberg,11011011
12071193862,,,POINT (13.5113022 52.5177068),"['glass', 'plastic', 'green_waste']",,,,,,,,,,,,,,,,,Lichtenberg,Lichtenberg,11011011
12071210433,,,POINT (13.51258 52.518346),"['glass', 'plastic', 'green_waste']",,,,,,,,,,,,,,,,,Lichtenberg,Lichtenberg,11011011
12071241542,,,POINT (13.5164572 52.528398),,,,,,,,,private,,,,,,Access restricted (private),,,Lichtenberg,Lichtenberg,11011011
12071251916,,,POINT (13.5163415 52.5277879),,,,,,,,,,,,covered,,,Covered,,,Lichtenberg,Lichtenberg,11011011
12074938446,,,POINT (13.5729176 52.5243817),"['clothes', 'shoes']",,,,,,,,,,,,,,,,,Marzahn-Hellersdorf,Biesdorf,11010010
12076081384,,,POINT (13.4211195 52.5187946),['glass_bottles'],,,,,,,,,,,,,,,,,Mitte,Mitte,11001001
12077253546,survey,,POINT (13.4041781 52.4799093),['glass_bottles'],,,,,,,,,,,,0.0,,,,,Tempelhof-Schöneberg,Tempelhof,11007007
12079833084,,,POINT (13.5162857 52.520657),"['glass', 'plastic', 'green_waste']",,,,,,,,,,,,,,,,,Lichtenberg,Lichtenberg,11011011
12079869293,,,POINT (13.516781 52.5215891),"['glass', 'plastic', 'green_waste']",,,,,,,,,,,,,,,,,Lichtenberg,Lichtenberg,11011011
12081159147,survey,,POINT (13.4053222 52.5325413),['clothes'],,unknown,['operator: unknown'],,,,,,,,,0.0,,,hours=24/7,,Mitte,Mitte,11001001
12085799359,changeset 154662730,,POINT (13.328694 52.5309494),"['glass_bottles', 'glass_bottles_white']",,,,,,,,,,,,,,,,,Mitte,Moabit,11001001
12085799360,,,POINT (13.3286933 52.5309629),['glass_bottles'],,,,,,,,,,,,,,,,,Mitte,Moabit,11001001
12085799361,,,POINT (13.3286913 52.5309775),"['glass_bottles', 'glass_bottles_brown']",,,,,,,,,,,,,,,,,Mitte,Moabit,11001001
12087532561,,,POINT (13.4794052 52.522251),"['clothes', 'shoes']",,,,,,,,,,,,,,,,,Lichtenberg,Lichtenberg,11011011
12087532562,,,POINT (13.4794041 52.5222361),"['clothes', 'shoes']",,,,,,,,,,,,,,,,,Lichtenberg,Lichtenberg,11011011
12091841939,,,POINT (13.4462266 52.5186652),"['paper', 'plastic']",,,,,,,,,,,,,,,,,Friedrichshain-Kreuzberg,Friedrichshain,11002002
12104386284,,,POINT (13.4252347 52.5563096),"['clothes', 'shoes']",,,,,,,,,,,,,,,hours=24/7,,Pankow,Pankow,11003003
12112420211,,,POINT (13.5181592 52.5254702),,,,,,,,,,,,,,,,,,Lichtenberg,Lichtenberg,11011011
12118975455,survey,,POINT (13.4192394 52.5083651),['clothes'],,Deutsches Rotes Kreuz,['operator: Deutsches Rotes Kreuz'],,,,,,,,,0.0,,,hours=24/7,,Mitte,Mitte,11001001
12118975456,survey,,POINT (13.4192423 52.5083768),['clothes'],,Deutsches Rotes Kreuz,['operator: Deutsches Rotes Kreuz'],,,,,,,,,0.0,,,hours=24/7,,Mitte,Mitte,11001001
12134027591,,,POINT (13.3568712 52.5550103),['glass_bottles'],,,,,,,,,,,,,,,,,Mitte,Wedding,11001001
12150086776,,,POINT (13.3585812 52.4853387),"['clothes', 'shoes']",,TEXAID Deutschland,['operator: TEXAID Deutschland'],,,,,,,,,,,,,,Tempelhof-Schöneberg,Schöneberg,11007007
12177232914,,,POINT (13.3516763 52.5588968),"['glass_bottles', 'cans', 'paper', 'plastic', 'plastic_packaging', 'green_waste', 'waste']",,,,,,,,private,limited,,,,,"Limited wheelchair access, Access restricted (private)",,,Mitte,Wedding,11001001
12177232916,,,POINT (13.3515744 52.5579652),['clothes'],,,,,,,,,limited,,,,,Limited wheelchair access,hours=24/7,,Mitte,Wedding,11001001
12192582865,,,POINT (13.439187 52.4524486),"['clothes', 'shoes']",,TEXAID Deutschland,['operator: TEXAID Deutschland'],,,,,,,,,,,,,,Neukölln,Britz,11008008
12192680031,,,POINT (13.4812511 52.5123187),"['clothes', 'shoes']",,recontextil,['operator: recontextil'],,,,,,yes,,,,,Wheelchair accessible,hours=24/7,,Lichtenberg,Lichtenberg,11011011
12199374502,,,POINT (13.4037836 52.5584093),,,,,,,,,,,,,,,,,,Pankow,Pankow,11003003
12199380001,,,POINT (13.4011012 52.5591653),,,,,,,,,,,,,,,,,,Pankow,Pankow,11003003
12206666659,,,POINT (13.3512145 52.5668457),"['clothes', 'shoes']",,,,,,,,,,,,,,,,,Reinickendorf,Reinickendorf,11012012
12215021124,,,POINT (13.5616736 52.5403756),"['clothes', 'shoes']",,Humana,['operator: Humana'],,,,,,,,,,,,,,Marzahn-Hellersdorf,Marzahn,11010010
12216836219,survey;local knowledge,,POINT (13.4856157 52.5239414),['glass_bottles'],,Altglas,"['name: Altglas', 'operator: Karl Meyer Rohstoffverwertung GmbH']",,,,,,,,,0.0,,,"hours=Mo-Sa 07:00-13:00,15:00-20:00; Su,PH off",,Lichtenberg,Lichtenberg,11011011
12216836220,survey;local knowledge,,POINT (13.4957536 52.5055813),['glass_bottles'],,Altglas,"['name: Altglas', 'operator: Karl Meyer Rohstoffverwertung GmbH']",,,,,yes,yes,,,0.0,,Wheelchair accessible,"hours=Mo-Sa 07:00-13:00,15:00-20:00; Su,PH off",,Lichtenberg,Rummelsburg,11011011
12216836221,survey;local knowledge,,POINT (13.49482 52.5037276),['glass_bottles'],,Altglas,"['name: Altglas', 'operator: Karl Meyer Rohstoffverwertung GmbH']",,,,,yes,yes,,,0.0,,Wheelchair accessible,"hours=Mo-Sa 07:00-13:00,15:00-20:00; Su,PH off",,Lichtenberg,Rummelsburg,11011011
12216836222,survey;local knowledge,,POINT (13.4750164 52.5115948),['glass_bottles'],,Altglas,['name: Altglas'],,,,,yes,yes,,,0.0,,Wheelchair accessible,,,Friedrichshain-Kreuzberg,Friedrichshain,11002002
12227784328,,,POINT (13.4908654 52.5100295),"['glass_bottles', 'clothes']",,,,,,,,,,,,,,,hours=24/7,,Lichtenberg,Lichtenberg,11011011
12238135715,,,POINT (13.3773366 52.5534989),['glass_bottles'],,,,,,,,,,,,,,,,,Mitte,Gesundbrunnen,11001001
12245879294,survey;local knowledge,,POINT (13.4966101 52.539425),['glass_bottles'],,Altglas,"['name: Altglas', 'operator: Karl Meyer Rohstoffverwertung GmbH']",,,,,yes,yes,,,0.0,,Wheelchair accessible,"hours=Mo-Sa 07:00-13:00,15:00-20:00; Su,PH off",,Lichtenberg,Alt-Hohenschönhausen,11011011
12245879295,survey;local knowledge,,POINT (13.5033864 52.4977713),['glass_bottles'],,Altglas,"['name: Altglas', 'operator: Karl Meyer Rohstoffverwertung GmbH']",,,,,yes,yes,,,0.0,,Wheelchair accessible,"hours=Mo-Sa 07:00-13:00,15:00-20:00; Su,PH off",,Lichtenberg,Friedrichsfelde,11011011
12245879296,,,POINT (13.496396 52.5397802),"['clothes', 'shoes']",,,,,,,,,,,,,,,hours=24/7,,Lichtenberg,Alt-Hohenschönhausen,11011011
12252756999,,,POINT (13.4642229 52.4250899),,,,,,,,,,,,,,,,,,Neukölln,Gropiusstadt,11008008
12260371310,,,POINT (13.3243406 52.4545947),['glass_bottles'],,,,,,,,,,,,,,,,,Steglitz-Zehlendorf,Steglitz,11006006
12276902599,survey,,POINT (13.3305486 52.5919957),['clothes'],,,,,,,,,,,,,,,,,Reinickendorf,Wittenau,11012012
12276902600,survey,,POINT (13.3293424 52.6112589),"['clothes', 'shoes']",,,,,,,,,,,,,,,,,Reinickendorf,Waidmannslust,11012012
12276906386,survey,,POINT (13.3447474 52.4610742),"['clothes', 'shoes']",,,,,,,,,,,,,,,,,Steglitz-Zehlendorf,Steglitz,11006006
12276913219,,,POINT (13.3837253 52.591616),,,,,,,,,,,,,,,,,,Pankow,Rosenthal,11003003
12276922001,,,POINT (13.3362325 52.618378),['glass_bottles'],,,,,,,,,,,,,,,,,Reinickendorf,Lübars,11012012
12290170811,,,POINT (13.3868101 52.471289),['glass_bottles'],,,,,,,,,,,,,,,,,Tempelhof-Schöneberg,Tempelhof,11007007
12318343817,,,POINT (13.4368089 52.4913831),['glass_bottles'],,,,,,,,,,,,,,,,,Friedrichshain-Kreuzberg,Kreuzberg,11002002
12318343830,,,POINT (13.4346747 52.4965175),['glass_bottles'],,,,,,,,,,,,,,,,,Friedrichshain-Kreuzberg,Kreuzberg,11002002
12366188802,,,POINT (13.4092204 52.4952667),['scrap_metal'],['cans'],Kronkorkensammler /Kapazität 25.000 KK/ Bezirk,['operator: Kronkorkensammler /Kapazität 25.000 KK/ Bezirk'],,,,,,yes,,,,,Wheelchair accessible,hours=24/7,,Friedrichshain-Kreuzberg,Kreuzberg,11002002
12387887238,,,POINT (13.4587639 52.4422162),['clothes'],,Humana,['operator: Humana'],,,,,,,,,,,,,,Neukölln,Buckow,11008008
12400092805,,,POINT (13.3979182 52.6030258),['green_waste'],,,,,,,,private,,,,,,Access restricted (private),,,Pankow,Blankenfelde,11003003
12400092806,,,POINT (13.3978737 52.6029726),['green_waste'],,,,,,,,private,,,,,,Access restricted (private),,,Pankow,Blankenfelde,11003003
12401034540,,,POINT (13.4814866 52.5066763),"['clothes', 'shoes']",,E. P. Textil,['operator: E. P. Textil'],,,,,,,,,,,,,,Lichtenberg,Lichtenberg,11011011
12430355545,,,POINT (13.3487718 52.4608892),['clothes'],,,,,,,,,,,,,,,,,Tempelhof-Schöneberg,Schöneberg,11007007
12438764428,,,POINT (13.452894 52.4450061),['clothes'],,Berliner Stadtmission,['operator: Berliner Stadtmission'],,,,,,,,,,,,,,Neukölln,Britz,11008008
12444133032,,,POINT (13.510947 52.490403),"['clothes', 'shoes']",,GA Textilrecycling GmbH,['operator: GA Textilrecycling GmbH'],,,,,,,,,0.0,,,hours=24/7,,Lichtenberg,Karlshorst,11011011
12449816801,,,POINT (13.319212 52.4621314),['clothes'],,Cavtex,['operator: Cavtex'],,,,,,,,,,,,,,Steglitz-Zehlendorf,Steglitz,11006006
12465652672,,,POINT (13.4728085 52.5125106),['clothes'],,CAVTEX,['operator: CAVTEX'],,,,,,,,,0.0,,,hours=24/7,,Friedrichshain-Kreuzberg,Friedrichshain,11002002
12474162598,,,POINT (13.3747702 52.5709183),['clothes'],,Altkleider,['name: Altkleider'],,,,,,,,,,,,,,Reinickendorf,Reinickendorf,11012012
12484684899,,,POINT (13.4216656 52.561434),['glass_bottles'],,,,,,,,,,,,,,,,,Pankow,Pankow,11003003
12485086031,,,POINT (13.4869276 52.4639666),['clothes'],,,,,,,,,,,,,,,,,Treptow-Köpenick,Baumschulenweg,11009009
12485086294,,,POINT (13.4868846 52.4639199),['clothes'],,,,,,,,,,,,,,,,,Treptow-Köpenick,Baumschulenweg,11009009
12498322537,,,POINT (13.3162883 52.4409559),['clothes'],,CreamTex,['operator: CreamTex'],,,,,,,,,,,,,,Steglitz-Zehlendorf,Lichterfelde,11006006
12501666623,,,POINT (13.3683831 52.4245011),['clothes'],,Kolping,['operator: Kolping'],,,,,,,,,,,,hours=24/7,,Tempelhof-Schöneberg,Marienfelde,11007007
12509305495,,,POINT (13.3762776 52.5679882),['clothes'],,Cavtex,"['operator: Cavtex', 'owner: CAVTEX']",,,,website: https://cavtex.de,,,,,,,,,,Reinickendorf,Reinickendorf,11012012
12509467275,,,POINT (13.4289115 52.5528606),"['clothes', 'shoes']",,,,,,,,,,,,,,,,,Pankow,Pankow,11003003
12512565781,,,POINT (13.3734658 52.5656615),,,,,,,,,,,,,,,,,,Reinickendorf,Reinickendorf,11012012
12516406758,,,POINT (13.416784 52.5720167),,,,,,,,,private,,,,,,Access restricted (private),,,Pankow,Pankow,11003003
12518389460,,,POINT (13.4346385 52.5402369),,,,,,,,,private,,,,,,Access restricted (private),,,Pankow,Prenzlauer Berg,11003003
12518394098,,,POINT (13.4308973 52.5391177),"['cans', 'paper', 'plastic', 'green_waste', 'food_waste']",,,,,,,,private,,,,,,Access restricted (private),,,Pankow,Prenzlauer Berg,11003003
12520436052,,,POINT (13.4407495 52.541716),"['clothes', 'shoes']",,GAK Textilrecycling,['operator: GAK Textilrecycling'],,,,,,,,,,,,,,Pankow,Prenzlauer Berg,11003003
12526509737,,,POINT (13.3074364 52.5801949),['clothes'],,,,,,,,,,,,,,,,,Reinickendorf,Borsigwalde,11012012
12528767045,,,POINT (13.4281407 52.4274662),['green_waste'],,Anti-Kompost,['name: Anti-Kompost'],['man_made: composting_plant'],,,,private,,,,,,Access restricted (private),,,Neukölln,Britz,11008008
12528767054,,,POINT (13.4295254 52.4276812),['green_waste'],,ruhender Anti-Kompost,['name: ruhender Anti-Kompost'],['man_made: composting_plant'],,,,private,,,,,,Access restricted (private),,False,Neukölln,Britz,11008008
12528767063,,,POINT (13.4271193 52.4277653),['green_waste'],,,,['man_made: composting_plant'],,,,private,,,,,,Access restricted (private),,,Neukölln,Britz,11008008
12532185521,,,POINT (13.5234217 52.4960298),['clothes'],,GAK Textilrecycling,['operator: GAK Textilrecycling'],,,,,,,,,,,,hours=24/7,,Lichtenberg,Friedrichsfelde,11011011
12534295171,,,POINT (13.3859062 52.4746874),['glass_bottles'],,,,,,,,,,,,,,,,,Tempelhof-Schöneberg,Tempelhof,11007007
12549005354,,,POINT (13.4277035 52.5851145),['glass_bottles'],,,,,,,,,,,,,,,,,Pankow,Niederschönhausen,11003003
12556733780,,,POINT (13.3667958 52.5641077),['batteries'],,,['owner: REBAT'],,,,,,,,,,,,,,Reinickendorf,Reinickendorf,11012012
12556764352,,,POINT (13.3667739 52.5640845),['bottles'],,Pfandstation,['name: Pfandstation'],,,,,,,,,,,,,,Reinickendorf,Reinickendorf,11012012
12570593669,,,POINT (13.4278992 52.4558054),['clothes'],,,,,,,,,,,,,,,,,Neukölln,Britz,11008008
12587526318,,,POINT (13.3579261 52.5566866),['clothes'],,,,,,,,,,,,,,,,,Mitte,Wedding,11001001
12587536639,,,POINT (13.3568729 52.556027),['clothes'],,,,,,,,,,,,,,,,,Mitte,Wedding,11001001
12593029553,,,POINT (13.3403037 52.5593648),['glass_bottles'],,,,,,,,,,,,,,,,,Mitte,Wedding,11001001
12600757701,,,POINT (13.4025356 52.5449264),['clothes'],,berlin-recycling.de,['operator: berlin-recycling.de'],,,,,,,,,,,,,,Pankow,Prenzlauer Berg,11003003
12604770078,,,POINT (13.4283299 52.450609),['cork'],,,,,,,,,,,,,,,hours=Mo-Sa 07:00-19:00,,Neukölln,Britz,11008008
12604770079,,,POINT (13.4283052 52.4506088),['printer_cartridges'],,,,,,,,,,,,,,,hours=Mo-Sa 07:00-19:00,,Neukölln,Britz,11008008
12604770080,,,POINT (13.4284065 52.4506098),['cds'],,,,,,,,,,,,,,,hours=Mo-Sa 07:00-19:00,,Neukölln,Britz,11008008
12604770081,,,POINT (13.4277355 52.4506278),['tyres'],,,,,,,,,,,,,,,hours=Mo-Sa 07:00-19:00,,Neukölln,Britz,11008008
12604770082,,,POINT (13.4291931 52.4505703),"['PET', 'plastic_packaging', 'metal_packaging', 'pmd']",,,,,,,,,,,,,,,hours=Mo-Sa 07:00-19:00,,Neukölln,Britz,11008008
12604770083,,,POINT (13.4290164 52.4505344),"['paper', 'cartons']",,,,,,,,,,,,,,,hours=Mo-Sa 07:00-19:00,,Neukölln,Britz,11008008
12604770084,,,POINT (13.4287363 52.450534),['scrap_metal'],,,,,,,,,,,,,,,hours=Mo-Sa 07:00-19:00,,Neukölln,Britz,11008008
12604770085,,,POINT (13.4285366 52.4503126),['hazardous_waste'],,,,,,,,,,,,,,,hours=Mo-Sa 07:00-19:00,,Neukölln,Britz,11008008
12604770086,,,POINT (13.4283482 52.4505272),['furniture'],,,,,,,,,,,,,,,hours=Mo-Sa 07:00-19:00,,Neukölln,Britz,11008008
12604770087,,,POINT (13.4286018 52.4505319),['wood'],,,,,,,,,,,,,,,hours=Mo-Sa 07:00-19:00,,Neukölln,Britz,11008008
12604770088,,,POINT (13.4280085 52.450521),['shoes'],,,,,,,,,,,,,,,hours=Mo-Sa 07:00-19:00,,Neukölln,Britz,11008008
12604770089,,,POINT (13.4279198 52.4504819),['clothes'],,,,,,,,,,,,,,,hours=Mo-Sa 07:00-19:00,,Neukölln,Britz,11008008
12604770090,,,POINT (13.4275883 52.4500131),['glass_bottles'],,,,,,,,,,,,,,,hours=Mo-Sa 07:00-19:00,,Neukölln,Britz,11008008
12604770091,,,POINT (13.4288661 52.4503753),['white_goods'],,,,,,,,,,,,,,,hours=Mo-Sa 07:00-19:00,,Neukölln,Britz,11008008
12604770093,,,POINT (13.4291351 52.4503796),['electrical_appliances'],,,,,,,,,,,,,,,hours=Mo-Sa 07:00-19:00,,Neukölln,Britz,11008008
12613885633,,,POINT (13.1832206 52.5395723),['glass_bottles'],,,,,,,,,,,,,,,,,Spandau,Spandau,11005005
12616770575,,,POINT (13.2136418 52.5997516),"['glass_bottles', 'clothes', 'shoes']",,Alba,['operator: Alba'],,,,,private,,,,,,Access restricted (private),,,Reinickendorf,Heiligensee,11012012
12630344522,,,POINT (13.1804763 52.5282452),['glass_bottles'],,,,,,,,,,,,,,,,,Spandau,Wilhelmstadt,11005005
12630344546,,,POINT (13.1884224 52.5325705),,,,,,,,,,,,,,,,,,Spandau,Spandau,11005005
12630446902,,,POINT (13.176379 52.5257222),,,,,,,,,,,,,,,,,,Spandau,Wilhelmstadt,11005005
12633877097,,,POINT (13.3997663 52.5619251),['glass_bottles'],,,,,,,,,,,,,,,,,Pankow,Pankow,11003003
12634103431,,,POINT (13.1603014 52.5192316),,,,,,,,,,,,,,,,,,Spandau,Staaken,11005005
12639496129,,,POINT (13.2164571 52.5266094),,,,,,,,,,,,,,,,,,Spandau,Wilhelmstadt,11005005
12643588839,,,POINT (13.2129868 52.5710769),['glass_bottles'],['glass'],,,,,,,,,,,,,,,,Spandau,Hakenfelde,11005005
12647098087,,,POINT (13.2958747 52.6107847),"['clothes', 'shoes']",,,,,,,,,,,,,,,,,Reinickendorf,Hermsdorf,11012012
12673408000,,,POINT (13.4688433 52.4995694),"['clothes', 'shoes']",,,,,,,,,,,,,,,,,Friedrichshain-Kreuzberg,Friedrichshain,11002002
12681940888,,,POINT (13.544411 52.39902),"['clothes', 'shoes']",,BreEnt GmbH,['operator: BreEnt GmbH'],,,,,,,,,,,,,,Treptow-Köpenick,Bohnsdorf,11009009
12681960665,,,POINT (13.540206 52.3987455),['glass_bottles'],,,,,,,,,,,,,,,,,Treptow-Köpenick,Altglienicke,11009009
12691574880,,,POINT (13.3660071 52.6019046),,,,,,,,,,,,,,,,,,Reinickendorf,Märkisches Viertel,11012012
12692471765,,,POINT (13.4048395 52.4040058),"['clothes', 'shoes']",,,,,,,,,,,,,,,,,Tempelhof-Schöneberg,Lichtenrade,11007007
12694787008,,,POINT (13.5831157 52.4320767),"['plastic', 'green_waste', 'waste']",,,,,,,,,,,,,,,,,Treptow-Köpenick,Köpenick,11009009
12694787009,,,POINT (13.5817835 52.4320149),"['plastic', 'green_waste', 'waste']",,,,,,,,,,,,,,,,,Treptow-Köpenick,Köpenick,11009009
12714363095,,,POINT (13.1571701 52.5490853),['clothes'],,Deutsches Rotes Kreuz,['operator: Deutsches Rotes Kreuz'],,,,,,,,,,,,,,Spandau,Falkenhagener Feld,11005005
12734114591,,,POINT (13.4084766 52.4925147),['glass_bottles'],,,,,,,,,,,,,,,,,Friedrichshain-Kreuzberg,Kreuzberg,11002002
12741901388,,,POINT (13.5011746 52.6353381),,,,,,,,,,,,,,,,,,Pankow,Buch,11003003
12749653501,,,POINT (13.4271851 52.4277796),['green_waste'],,,,['man_made: composting_plant'],,,,private,,,,,,Access restricted (private),,,Neukölln,Britz,11008008
12757006046,,,POINT (13.3714562 52.5600882),['clothes'],,,['owner: Caritas'],,"Caritas Kleiderkammer, nur heile Kleidung. 

Außerhalb der Öffnungszeiten der Kleiderkammer",,,,,,,,,,,,Mitte,Gesundbrunnen,11001001
12760029618,,,POINT (13.3260933 52.4580221),"['clothes', 'shoes']",,,,,,,,,,,,,,,,,Steglitz-Zehlendorf,Steglitz,11006006
12765881301,,,POINT (13.3981185 52.6446348),,,,,,,,,,,,,,,,,,Pankow,Blankenfelde,11003003
12770821130,,,POINT (13.4092765 52.5566896),,,,,,,,,,,,,,,,,,Pankow,Prenzlauer Berg,11003003
12776603057,,,POINT (13.3476135 52.492283),"['clothes', 'shoes']",,Faircollect,['operator: Faircollect'],,,,,,,,,,,,,,Tempelhof-Schöneberg,Schöneberg,11007007
12776622193,survey,,POINT (13.3470121 52.4922959),"['clothes', 'shoes']",,Recontextil,['operator: Recontextil'],,,phone: 015733566415,,,,,,,,,,,Tempelhof-Schöneberg,Schöneberg,11007007
12778477401,,,POINT (13.4072164 52.5579022),['glass_bottles'],,,,,,,,,,,,,,,,,Pankow,Pankow,11003003
12782199217,,,POINT (13.4381627 52.5410147),"['clothes', 'shoes']",,Savtex GmbH,['operator: Savtex GmbH'],,,,,,,,,,,,,,Pankow,Prenzlauer Berg,11003003
12786465846,,,POINT (13.4193655 52.5844094),['glass_bottles'],,,,,,,,,,,,,,,,,Pankow,Niederschönhausen,11003003
12786703381,,,POINT (13.460163 52.5183336),,,,,,,,,,,,,,,,,,Friedrichshain-Kreuzberg,Friedrichshain,11002002
12791424338,,,POINT (13.3769985 52.4987042),['clothes'],,Berliner Stadtmission,['operator: Berliner Stadtmission'],,,,website: https://www.berliner-stadtmission.de/sachspenden,,,,,,,,hours=24/7,,Friedrichshain-Kreuzberg,Kreuzberg,11002002
12800138120,,,POINT (13.5398329 52.4509398),"['clothes', 'shoes']",,Sozialladen,['operator: Sozialladen'],,,,,,,,,,,,,,Treptow-Köpenick,Niederschöneweide,11009009
12800138121,,,POINT (13.5398675 52.4509317),"['clothes', 'shoes']",,Sozialladen,['operator: Sozialladen'],,,,,,,,,,,,,,Treptow-Köpenick,Niederschöneweide,11009009
12816767601,,,POINT (13.2992694 52.4578109),,,,,,,,,,,,,,,,,,Steglitz-Zehlendorf,Dahlem,11006006
12835703544,,,POINT (13.4168296 52.5259309),"['clothes', 'shoes']",,Saltex,['operator: Saltex'],,,,,,,,,,,,,,Mitte,Mitte,11001001
12844661466,survey,,POINT (13.4125759 52.5259374),['glass_bottles'],,Karl Meyer,['operator: Karl Meyer'],,,,,,,,,0.0,,,"hours=Mo-Sa 07:00-13:00,15:00-20:00; PH off",,Mitte,Mitte,11001001
12862783816,,,POINT (13.4089692 52.501686),"['clothes', 'shoes']",,GAK Textilrecycling,['operator: GAK Textilrecycling'],,,,,,,,,,,,,,Friedrichshain-Kreuzberg,Kreuzberg,11002002
12891687480,,,POINT (13.3421175 52.5702698),['clothes'],,,,,,,,,,,,,,,,,Reinickendorf,Reinickendorf,11012012
12891690808,,,POINT (13.3426859 52.5696868),['clothes'],,DRK,['operator: DRK'],,,,,,,,,,,,,,Reinickendorf,Reinickendorf,11012012
12895373535,,,POINT (13.3036556 52.4751972),['glass_bottles'],,,,,,,,,,,,,,,,,Charlottenburg-Wilmersdorf,Wilmersdorf,11004004
12895398695,,,POINT (13.4594322 52.5062381),['clothes'],,Humana,['operator: Humana'],,,,,,,,,,,,,,Friedrichshain-Kreuzberg,Friedrichshain,11002002
12926350961,,,POINT (13.4251147 52.4635892),"['clothes', 'shoes']",,,,,,,,yes,,,,,,,hours=24/7,,Neukölln,Neukölln,11008008
12944924801,,,POINT (13.351013 52.5282835),"['clothes', 'shoes']",,Deutsches Rotes Kreuz,['operator: Deutsches Rotes Kreuz'],,,,,,,,,,,,hours=24/7,,Mitte,Moabit,11001001
12950105100,,,POINT (13.4331386 52.5339623),"['cans', 'paper', 'plastic', 'green_waste', 'food_waste']",,,,,,,,permit,,,covered,,,"Covered, Access restricted (permit)",,,Pankow,Prenzlauer Berg,11003003
12950138689,,,POINT (13.4327697 52.5341496),"['cans', 'paper', 'plastic', 'green_waste', 'food_waste']",,,,,,,,permit,limited,,covered,,,"Limited wheelchair access, Covered, Access restricted (permit)",,,Pankow,Prenzlauer Berg,11003003
12956426539,,,POINT (13.3622506 52.4138601),['glass_bottles'],,,,,,,,,,,,,,,,,Tempelhof-Schöneberg,Marienfelde,11007007
12959474692,,,POINT (13.5118169 52.508896),['glass_bottles'],,,,,,,,,,,,,,,,,Lichtenberg,Friedrichsfelde,11011011
13001346174,,,POINT (13.4375733 52.4763303),"['cans', 'paper', 'plastic', 'food_waste', 'cooking_oil']",,,,,,,,,,,,,,,,,Neukölln,Neukölln,11008008
13001410764,,,POINT (13.4376077 52.4763395),['green_waste'],,,,,,,,,,,,,,,,,Neukölln,Neukölln,11008008
13001441741,,,POINT (13.4378706 52.4766691),"['cans', 'paper', 'plastic', 'food_waste']",,,,,,,,,,,,,,,,,Neukölln,Neukölln,11008008
13005153991,,,POINT (13.3537499 52.5428329),['glass_bottles'],,,,,,,,,,,,,,,"hours=Mo-Sa 07:00-13:00,15:00-20:00",,Mitte,Wedding,11001001
13011561103,,,POINT (13.4142566 52.5438775),"['cans', 'paper', 'plastic', 'food_waste']",,,,,,,,,,,,,,,,,Pankow,Prenzlauer Berg,11003003
13015709802,,,POINT (13.3635974 52.5284574),['clothes'],,Unbekannt,['operator: Unbekannt'],,,,,,,,,,,,,,Mitte,Moabit,11001001
13015715601,,,POINT (13.3521242 52.530894),,,Unbekannt,['operator: Unbekannt'],,,,,,,,,,,,,,Mitte,Moabit,11001001
13020196265,,,POINT (13.4632441 52.5049107),"['clothes', 'shoes']",,,,,,,,,,,,,,,,,Friedrichshain-Kreuzberg,Friedrichshain,11002002
13020637760,,,POINT (13.4294294 52.4277025),['green_waste'],,Anti-Kompost,['name: Anti-Kompost'],['man_made: composting_plant'],,,,private,,,,,,Access restricted (private),,True,Neukölln,Britz,11008008
13022354844,,,POINT (13.3586408 52.4342756),['glass_bottles'],,,,,,,,,,,,,,,,,Steglitz-Zehlendorf,Lankwitz,11006006
13023318343,,,POINT (13.4307351 52.4256443),,,,,,,,,,,,,,,,,,Neukölln,Buckow,11008008
13035230732,,,POINT (13.4277298 52.5769097),['glass_bottles'],,,,,,,,,,,,,,,,,Pankow,Pankow,11003003
13037903046,,,POINT (13.2789922 52.5381849),['clothes'],,,,,,,,,,,,,,,,,Charlottenburg-Wilmersdorf,Charlottenburg-Nord,11004004
13050489145,,,POINT (13.4362616 52.5515374),['glass_bottles'],,,,,,,,,,,,,,,,,Pankow,Weißensee,11003003
13068354678,,,POINT (13.1882898 52.5391614),['glass_bottles'],,,,,,,,,,parking obstruction,,,,Obstacles: parking obstruction,,,Spandau,Spandau,11005005
13084628952,,,POINT (13.3575722 52.5572795),"['clothes', 'shoes']",,,,,,,,,,,,,,,,,Mitte,Wedding,11001001
13086506819,,,POINT (13.4286537 52.472844),"['cans', 'paper', 'plastic', 'food_waste']",,,,,,,,,,,,,,,,,Neukölln,Neukölln,11008008
13086509092,,,POINT (13.4287001 52.4733937),"['cans', 'paper', 'plastic', 'green_waste', 'food_waste']",,,,,,,,,,,,,,,,,Neukölln,Neukölln,11008008
13108918185,,,POINT (13.4334003 52.558012),['glass_bottles'],,,,,,,,,,,,,,,,,Pankow,Weißensee,11003003
13109247692,,,POINT (13.4320307 52.5546109),['glass_bottles'],,,,,,,,,,,,,,,,,Pankow,Weißensee,11003003
13125217346,,,POINT (13.3794293 52.5730224),['clothes'],,,,,,,,,,,,,,,hours=24/7,,Pankow,Niederschönhausen,11003003
13127833129,,,POINT (13.3038741 52.4595534),['glass_bottles'],,,,,,,,,,parking obstruction,,,,Obstacles: parking obstruction,,,Steglitz-Zehlendorf,Dahlem,11006006
13147591785,,,POINT (13.3664583 52.5720554),['clothes'],,,,,,,,,,,,,,,hours=24/7,,Reinickendorf,Reinickendorf,11012012
13188919491,,,POINT (13.4264721 52.4689868),['green_waste'],,,,,,,,,,,,,,,,,Neukölln,Neukölln,11008008
13188926760,,,POINT (13.4233417 52.4683242),['green_waste'],,,,,,,,,,,,,,,,,Neukölln,Neukölln,11008008
13234413783,,,POINT (13.4266515 52.4446797),['glass_bottles'],,,,,,,,,,,,,,,,,Neukölln,Britz,11008008
13251243314,,,POINT (13.3923588 52.5389506),['glass_bottles'],,,,,,,,,,,,,,,,,Mitte,Gesundbrunnen,11001001
13261305449,,,POINT (13.3909016 52.5681861),['glass_bottles'],,,,,,,,,,,,,,,,,Pankow,Pankow,11003003
13273791860,,,POINT (13.4493902 52.4176674),['glass_bottles'],,,,,,,,,,,,,,,,,Neukölln,Buckow,11008008
13274347164,,,POINT (13.3637793 52.5305532),,,,,,,,,private,,,,,,Access restricted (private),,,Mitte,Moabit,11001001
13290659025,,,POINT (13.3686587 52.4453763),['glass_bottles'],,,,,,,,,,,,,,,,,Tempelhof-Schöneberg,Mariendorf,11007007
13291309642,,,POINT (13.3515006 52.5869648),,,,,,,,,private,,,,,,Access restricted (private),,,Reinickendorf,Reinickendorf,11012012
13291558209,,,POINT (13.6551666 52.4107259),['glass_bottles'],,,,,,,,,,parking obstruction,,,,Obstacles: parking obstruction,,,Treptow-Köpenick,Müggelheim,11009009
13291558210,,,POINT (13.6551998 52.410712),['glass_bottles'],,,,,,,,,,parking obstruction,,,,Obstacles: parking obstruction,,,Treptow-Köpenick,Müggelheim,11009009
13304714802,,,POINT (13.4425029 52.4381246),"['clothes', 'shoes']",,,,,,,,,,,,,,,,,Neukölln,Britz,11008008
13326754014,,,POINT (13.342351 52.562239),['clothes'],,Deutsches Rotes Kreuz,['operator: Deutsches Rotes Kreuz'],,,,,,,,,,,,,,Mitte,Wedding,11001001
13330589656,,,POINT (13.3630188 52.5313071),['green_waste'],,,,,,,,private,,,,,,Access restricted (private),,,Mitte,Moabit,11001001
13342467622,,,POINT (13.3612281 52.5240776),"['clothes', 'shoes']",,,,,,,,,,,,,,,,,Mitte,Moabit,11001001
13344253155,,,POINT (13.4451795 52.4530918),"['cans', 'paper', 'plastic_packaging', 'food_waste']",,,,,,,,,,,,,,,,,Neukölln,Britz,11008008
13361358428,,,POINT (13.3034192 52.4495607),"['clothes', 'shoes']",,Profittex GmbH,['operator: Profittex GmbH'],,,,,,,,,,,,,,Steglitz-Zehlendorf,Lichterfelde,11006006
10734959,,industrial,"POLYGON ((13.3147498 52.4861025, 13.315528 52.4860928, 13.3155309 52.4861891, 13.3155336 52.4863812, 13.315386 52.4864079, 13.3151284 52.4864526, 13.3147663 52.4865145, 13.3147498 52.4861025))",,,Recyclinghof Berliner Straße,"['name: Recyclinghof Berliner Straße', 'operator: Berliner Stadtreinigungsbetriebe', 'operator:short: BSR']",,"Berliner Straße 110, 10713",,,,yes,,,,,Wheelchair accessible,hours=Mo-Fr 09:00-19:00; Sa 07:00-14:30,,Charlottenburg-Wilmersdorf,Wilmersdorf,11004004
26660877,geoportal berlin / hauskoordinaten,,"POLYGON ((13.4359474 52.5826143, 13.4363913 52.5827145, 13.4364586 52.5822798, 13.4368868 52.5821428, 13.4366937 52.5819433, 13.4364987 52.5816982, 13.4362409 52.5812338, 13.4361609 52.581241, 13.4359881 52.5812565, 13.4358415 52.5811828, 13.4355939 52.5803936, 13.4355307 52.5803915, 13.4354716 52.5803887, 13.4355438 52.580107, 13.4353125 52.5800694, 13.4352079 52.5800074, 13.4349481 52.5801228, 13.4351472 52.5804158, 13.4353814 52.580875, 13.4354237 52.5814842, 13.4355064 52.581472, 13.435652 52.5819326, 13.4358471 52.5819255, 13.4359474 52.5826143))","['clothes', 'glass', 'batteries', 'cans', 'paper', 'scrap_metal', 'green_waste', 'plasterboard', 'wood', 'car_batteries', 'mobile_phones', 'small_electrical_appliances']",['paint'],BSR Recyclinghof Asgardstraße,"['name: BSR Recyclinghof Asgardstraße', 'operator: Berliner Stadtreinigungsbetriebe', 'operator:short: BSR']",,"Asgardstraße 3, 13089 Heinersdorf",,website: https://www.bsr.de/recyclinghoefe-20503.php?currRCLocation=&view=list,,,,,,,,,,,,nan
28198135,,industrial,"POLYGON ((13.4004043 52.5509908, 13.4007201 52.5509822, 13.4027508 52.5511582, 13.4028068 52.551163, 13.402858 52.551168, 13.4029234 52.5511739, 13.4031961 52.5511991, 13.4033998 52.5512156, 13.4034138 52.5510926, 13.4034335 52.5509183, 13.4034404 52.550855, 13.4034469 52.5508022, 13.4034596 52.5506881, 13.4034608 52.5506773, 13.4034714 52.5505836, 13.4034729 52.5505684, 13.4034762 52.5505399, 13.4034772 52.5505271, 13.403479 52.5505054, 13.4034883 52.5504368, 13.403495 52.5503923, 13.4034955 52.5503894, 13.403499 52.5503449, 13.403508 52.5502717, 13.40352 52.5501608, 13.4035276 52.5500912, 13.4035643 52.5497885, 13.4035766 52.549677, 13.4031952 52.5496687, 13.4026974 52.5497313, 13.4022167 52.5498305, 13.401779 52.5499557, 13.4013584 52.5501384, 13.4009293 52.5503941, 13.4006546 52.5506394, 13.4004538 52.5509213, 13.4004043 52.5509908))","['clothes', 'glass', 'shoes', 'batteries', 'paper', 'green_waste', 'cork', 'paper_packaging', 'waste', 'wood', 'white_goods', 'printer_cartridges', 'cds', 'tyres', 'car_batteries', 'paint', 'computers', 'drugs', 'engine_oil', 'fluorescent_tubes', 'hardcore', 'low_energy_bulbs', 'rubble', 'small_appliances', 'waste_oil']",,Recyclinghof Behmstraße,"['name: Recyclinghof Behmstraße', 'operator: Berliner Straßenreinigung', 'operator:short: BSR']",['operator:type: public'],"Behmstraße 74, 10439 Prenzlauer Berg",,contact:website: http://www.bsr.de/8836.html,,yes,wall,,0.0,,"Wheelchair accessible, Obstacles: wall",hours=Mo-Fr 09:00-19:00; Sa 07:00-14:30; PH off,,Pankow,Prenzlauer Berg,11003003
28760600,,,"POLYGON ((13.3480225 52.5815066, 13.3477892 52.5817718, 13.3477144 52.5818155, 13.3476819 52.5818345, 13.3473554 52.5816915, 13.346795 52.5819322, 13.3466181 52.5817912, 13.3464856 52.5816964, 13.3465249 52.5816553, 13.3465377 52.5816407, 13.3466045 52.5815653, 13.3467165 52.5814421, 13.3469386 52.5811871, 13.3469451 52.5811766, 13.3480225 52.5815066))","['glass_bottles', 'clothes', 'glass', 'batteries', 'cans', 'paper', 'scrap_metal', 'cardboard', 'plastic', 'plastic_bottles', 'plastic_packaging', 'green_waste', 'books', 'cartons', 'newspaper', 'paper_packaging', 'waste', 'wood', 'electrical_appliances', 'small_appliances', 'magazines']",,BSR Recyclinghof Lengeder Straße,"['name: BSR Recyclinghof Lengeder Straße', 'operator: Berliner Stadtreinigungsbetriebe', 'operator:short: BSR']",,"Lengeder Straße 6-18, 13407 Reinickendorf",phone: +493075924900,website: https://www.bsr.de/8859.html,,,,,,,,"hours=Mo-We,Fr 07:00-17:00, Th 09:30-19:30, Sa 07:00-15:30",,Reinickendorf,Reinickendorf,11012012
29249002,,,"POLYGON ((13.3075873 52.5745641, 13.3076848 52.5745272, 13.3077134 52.5745163, 13.3077589 52.574555, 13.3076331 52.5746024, 13.3075873 52.5745641))",,,,,,,,,private,,fence,,,,"Obstacles: fence, Access restricted (private)",,,Reinickendorf,Reinickendorf,11012012
39858952,,,"POLYGON ((13.3079356 52.5737552, 13.3080159 52.5737524, 13.3080069 52.5736565, 13.3079726 52.5736577, 13.3079266 52.5736593, 13.3079356 52.5737552))",,,,,,,,,private,,fence,,,,"Obstacles: fence, Access restricted (private)",,,Reinickendorf,Reinickendorf,11012012
43081843,,,"POLYGON ((13.3075691 52.5768109, 13.3075985 52.5768446, 13.3075196 52.5768673, 13.3074419 52.5767878, 13.3074542 52.5767832, 13.307523 52.5767588, 13.3075691 52.5768109))",,,,,,,,,private,,fence,,,,"Obstacles: fence, Access restricted (private)",,,Reinickendorf,Reinickendorf,11012012
45170253,,,"POLYGON ((13.3080191 52.5771263, 13.3080815 52.5771523, 13.3079937 52.5772257, 13.3079287 52.5772012, 13.3080191 52.5771263))",,,,,,,,,private,,fence,,,,"Obstacles: fence, Access restricted (private)",,,Reinickendorf,Reinickendorf,11012012
46990727,,,"POLYGON ((13.3068781 52.5749021, 13.3068272 52.574852, 13.3068348 52.5748493, 13.3069111 52.5748168, 13.3069629 52.5748679, 13.3068781 52.5749021))",,,,,,,,,private,,fence,,,,"Obstacles: fence, Access restricted (private)",,,Reinickendorf,Reinickendorf,11012012
46990728,,,"POLYGON ((13.3074466 52.5742632, 13.3073188 52.5742668, 13.3073135 52.574215, 13.3074098 52.5742139, 13.3074269 52.5742368, 13.3074466 52.5742632))",,,,,,,,,private,,fence,,,,"Obstacles: fence, Access restricted (private)",,,Reinickendorf,Reinickendorf,11012012
47449921,,,"POLYGON ((13.3081834 52.5729395, 13.3081762 52.5728835, 13.308251 52.57288, 13.3082582 52.572936, 13.3081834 52.5729395))",,,,,,,,,private,,fence,,,,"Obstacles: fence, Access restricted (private)",,,Reinickendorf,Reinickendorf,11012012
47450327,,,"POLYGON ((13.3075853 52.5722916, 13.3075825 52.5722422, 13.3076428 52.5722413, 13.3076864 52.5722407, 13.307689 52.5723053, 13.3075852 52.5723068, 13.3075853 52.5722916))",,,,,,,,,private,,fence,,,,"Obstacles: fence, Access restricted (private)",,,Reinickendorf,Reinickendorf,11012012
48502828,,,"POLYGON ((13.2783178 52.5876294, 13.2783628 52.5876366, 13.2783847 52.5875858, 13.278338 52.5875792, 13.2783178 52.5876294))",,,,,,,,,private,,,,,,Access restricted (private),,,Reinickendorf,Tegel,11012012
48502829,,,"POLYGON ((13.2789501 52.5901689, 13.279042 52.5901898, 13.2790554 52.5901661, 13.2789666 52.5901451, 13.2789501 52.5901689))",,,,,,,,,private,,,,,,Access restricted (private),,,Reinickendorf,Tegel,11012012
49327130,,commercial,"POLYGON ((13.2471286 52.4287805, 13.2472448 52.4287119, 13.2472806 52.4283343, 13.2473239 52.428322, 13.247345 52.4281382, 13.2471968 52.427889, 13.2468924 52.4275526, 13.2485136 52.4280391, 13.2498378 52.428465, 13.2494559 52.4287735, 13.2493184 52.4288846, 13.249081 52.429078, 13.2488292 52.4292832, 13.2488024 52.4293051, 13.2485574 52.4294437, 13.2483383 52.4295607, 13.2482242 52.4296216, 13.2481164 52.4296439, 13.2480633 52.4296549, 13.2480587 52.4296087, 13.2480244 52.4295471, 13.2478588 52.4294054, 13.2471286 52.4287805))",,,BSR Recyclinghof Hegauer Weg,"['name: BSR Recyclinghof Hegauer Weg', 'operator: Berliner Stadtreinigungsbetriebe', 'operator:short: BSR']",['operator:type: government'],"Hegauer Weg 17, 14163",,website: https://www.bsr.de/,,,,,,,,"hours=Mo-We,Fr 07:00-17:00; Th 09:30-19:30; Sa 07:00-15:30",,Steglitz-Zehlendorf,Zehlendorf,11006006
53545422,,commercial,"POLYGON ((13.4997126 52.4841664, 13.4980561 52.4834697, 13.4978987 52.4834873, 13.4976033 52.4834944, 13.497337 52.4835101, 13.4970503 52.4833883, 13.4966184 52.4833762, 13.4965404 52.4836251, 13.4974368 52.4837612, 13.4968151 52.4843085, 13.498758 52.4850408, 13.4994594 52.4843663, 13.4994896 52.4843792, 13.4995178 52.4843507, 13.4997126 52.4841664))",,,BRB Baustoff Recycling,['name: BRB Baustoff Recycling'],,,,website: https://www.brb-baustoffe.de/brb-recyclingplaetze/berlin-koepenicker-chausse-15/,,,,,,,,,,Lichtenberg,Rummelsburg,11011011
57681543,,,"POLYGON ((13.3086247 52.5742937, 13.308622 52.574255, 13.3085209 52.5742587, 13.3085355 52.5743715, 13.3086313 52.5743698, 13.3086247 52.5742937))",,,,,,,,,private,,fence,,,,"Obstacles: fence, Access restricted (private)",,,Reinickendorf,Reinickendorf,11012012
57734862,,,"POLYGON ((13.3051495 52.5743239, 13.3052106 52.5743399, 13.3052579 52.5742746, 13.3051992 52.5742596, 13.3051495 52.5743239))",,,,,,,,,private,,fence,,,,"Obstacles: fence, Access restricted (private)",,,Reinickendorf,Reinickendorf,11012012
60608753,,,"POLYGON ((13.3114746 52.5725619, 13.3116128 52.5725425, 13.3115849 52.5724689, 13.3114467 52.5724883, 13.3114746 52.5725619))",,,,,,,,,private,,,,,,Access restricted (private),,,Reinickendorf,Reinickendorf,11012012
98427062,,,"POLYGON ((13.3202716 52.5728548, 13.3203256 52.5728475, 13.3203036 52.5727871, 13.3202495 52.5727944, 13.3202716 52.5728548))",,,,,,,,,private,,fence,,,,"Obstacles: fence, Access restricted (private)",,,Reinickendorf,Reinickendorf,11012012
98427074,,,"POLYGON ((13.3204802 52.5725559, 13.3205626 52.5725451, 13.3205419 52.5724928, 13.320459 52.5725054, 13.3204802 52.5725559))",,,,,,,,,private,,fence,,,,"Obstacles: fence, Access restricted (private)",,,Reinickendorf,Reinickendorf,11012012
104677645,geoportal berlin / hauskoordinaten,industrial,"POLYGON ((13.1904154 52.5336293, 13.1904693 52.5336256, 13.1904702 52.5336301, 13.1906605 52.5336157, 13.1906387 52.5335094, 13.1908664 52.5334921, 13.1912537 52.5334626, 13.1912501 52.5334514, 13.1913501 52.5334432, 13.1914039 52.5334389, 13.1915272 52.5340199, 13.1915453 52.5341051, 13.1916014 52.5341003, 13.1916893 52.5340923, 13.1916751 52.5340296, 13.1916475 52.5339083, 13.1918505 52.5337572, 13.191867 52.533593, 13.1918691 52.5335631, 13.1918432 52.533449, 13.1918468 52.5334288, 13.1918538 52.5334134, 13.1918691 52.5333991, 13.1918898 52.5333868, 13.1919094 52.5333814, 13.1919392 52.5333756, 13.1923001 52.5333467, 13.1924399 52.5333207, 13.19194 52.53235, 13.1911063 52.5323984, 13.1901643 52.5324531, 13.1901834 52.5325308, 13.1902039 52.5326274, 13.1903265 52.5332215, 13.1903385 52.5332709, 13.1903483 52.53332, 13.190358 52.533368, 13.1904154 52.5336293))",,,Berliner Stadtreinigung Brunsbütteler Damm,"['name: Berliner Stadtreinigung Brunsbütteler Damm', 'operator: Berliner Stadtreinigungsbetriebe', 'operator:short: BSR']",,"Brunsbütteler Damm 43, 13581 Spandau",,,,,,,,,,,,Spandau,Spandau,11005005
121296667,,,"POLYGON ((13.2353149 52.6213244, 13.2356828 52.621077, 13.2354101 52.6205523, 13.2347503 52.6210134, 13.2353149 52.6213244))",,,Recyclinghof Ruppiner Chaussee,"['name: Recyclinghof Ruppiner Chaussee', 'operator: Berliner Stadtreinigung', 'operator:short: BSR']",,"Ruppiner Chaussee 341, 13503",,contact:website: https://www.bsr.de/recyclinghoefe-20503.php?currRCLocation=c11ad083-cb97-464d-896b-0bd25a6ba3c2,,,,,,,,"hours=Mo-We, Fr,Sa 07:00-17:00; Th 09:30-19:30",,Reinickendorf,Heiligensee,11012012
125162291,,,"POLYGON ((13.4491427 52.4461483, 13.4491469 52.4461916, 13.4490163 52.4461938, 13.4490144 52.4461515, 13.4491427 52.4461483))","['glass', 'paper', 'plastic', 'green_waste', 'waste', 'aluminium']",,,,,,,,private,,,,,,Access restricted (private),,,Neukölln,Britz,11008008
125208195,,,"POLYGON ((13.3488123 52.5353298, 13.3490081 52.5353507, 13.3489997 52.5353843, 13.3490632 52.5353916, 13.3489773 52.5356919, 13.3487132 52.5356622, 13.3488123 52.5353298))",['scrap_metal'],,Wasdrack Altmetalle,['name: Wasdrack Altmetalle'],,,phone: +49 30 3955847,website: https://www.wasdrack.de/,,,,,,,,hours=Mo-Th 07:30-16:30; Fr 07:30-16:00; Sa 09:00-12:00,,Mitte,Moabit,11001001
128215467,,,"POLYGON ((13.4474884 52.4503209, 13.4475557 52.4503235, 13.4475627 52.450257, 13.4474954 52.4502544, 13.4474884 52.4503209))","['glass', 'paper', 'plastic', 'green_waste', 'waste', 'aluminium']",,,,,,,,private,,,,,,Access restricted (private),,,Neukölln,Britz,11008008
128215468,,,"POLYGON ((13.4490992 52.4490437, 13.4491911 52.4490474, 13.4491846 52.4491071, 13.4490927 52.4491034, 13.4490992 52.4490437))","['glass', 'paper', 'plastic', 'green_waste', 'waste', 'aluminium']",,,,,,,,private,,,,,,Access restricted (private),,,Neukölln,Britz,11008008
128215469,,,"POLYGON ((13.4460661 52.4510802, 13.4461361 52.4510818, 13.4461414 52.4509981, 13.4460715 52.4509964, 13.4460661 52.4510802))","['glass', 'paper', 'plastic', 'green_waste', 'waste', 'aluminium']",,,,,,,,private,,,,,,Access restricted (private),,,Neukölln,Britz,11008008
128215470,,,"POLYGON ((13.4487082 52.4512883, 13.4487927 52.4512963, 13.4488114 52.4512233, 13.4487268 52.4512153, 13.4487082 52.4512883))","['glass', 'paper', 'plastic', 'green_waste', 'waste', 'aluminium']",,,,,,,,private,,,,,,Access restricted (private),,,Neukölln,Britz,11008008
128215471,,,"POLYGON ((13.4453238 52.4477666, 13.4453941 52.4477663, 13.4453952 52.4478469, 13.4453251 52.4478632, 13.4453238 52.4477666))","['glass', 'paper', 'plastic', 'green_waste', 'waste', 'aluminium']",,,,,,,,private,,,,,,Access restricted (private),,,Neukölln,Britz,11008008
128215472,,,"POLYGON ((13.4457846 52.4492205, 13.4457563 52.449143, 13.4458646 52.4491283, 13.4458928 52.4492059, 13.4457846 52.4492205))","['glass', 'paper', 'plastic', 'green_waste', 'waste', 'aluminium']",,,,,,,,private,,,,,,Access restricted (private),,,Neukölln,Britz,11008008
128215473,,,"POLYGON ((13.4480259 52.4473817, 13.4479919 52.4473166, 13.4480607 52.4473033, 13.4480946 52.4473684, 13.4480259 52.4473817))","['glass', 'paper', 'plastic', 'green_waste', 'waste', 'aluminium']",,,,,,,,private,,,,,,Access restricted (private),,,Neukölln,Britz,11008008
128215474,,,"POLYGON ((13.4490101 52.4502709, 13.4490211 52.4502002, 13.4491058 52.4502051, 13.4490948 52.4502758, 13.4490101 52.4502709))","['glass', 'paper', 'plastic', 'green_waste', 'waste', 'aluminium']",,,,,,,,private,,,,,,Access restricted (private),,,Neukölln,Britz,11008008
128215475,,,"POLYGON ((13.4480222 52.4490802, 13.4480837 52.4490892, 13.4480644 52.4491356, 13.4480007 52.4491295, 13.4480222 52.4490802))","['glass_bottles', 'glass', 'paper', 'plastic', 'green_waste', 'waste', 'aluminium']",,,,,,,,private,,,,,,Access restricted (private),,,Neukölln,Britz,11008008
128215476,,,"POLYGON ((13.4465119 52.4463744, 13.4465683 52.4463731, 13.4466563 52.4463711, 13.4466542 52.4463366, 13.4465549 52.4463388, 13.4465098 52.4463399, 13.4465119 52.4463744))","['glass', 'paper', 'plastic', 'green_waste', 'waste', 'aluminium']",,,,,,,,private,,,,,,Access restricted (private),,,Neukölln,Britz,11008008
128215477,,,"POLYGON ((13.4451985 52.4463498, 13.445234 52.4463491, 13.4452684 52.4463484, 13.4453319 52.4463471, 13.4453292 52.4463055, 13.4452319 52.4463066, 13.4451972 52.446307, 13.4451985 52.4463498))","['glass', 'paper', 'plastic', 'green_waste', 'waste', 'aluminium']",,,,,,,,private,,,,,,Access restricted (private),,,Neukölln,Britz,11008008
128215478,,,"POLYGON ((13.4491408 52.4474353, 13.4491375 52.4473818, 13.4492467 52.4473793, 13.44925 52.4474328, 13.4491408 52.4474353))","['glass', 'paper', 'plastic', 'green_waste', 'waste', 'aluminium']",,,,,,,,private,,,,,,Access restricted (private),,,Neukölln,Britz,11008008
128215479,,,"POLYGON ((13.4472873 52.4463604, 13.447287 52.4463333, 13.4473018 52.4463327, 13.4473661 52.4463301, 13.4473979 52.446323, 13.4474731 52.4463215, 13.4474748 52.4463523, 13.4472873 52.4463604))","['glass', 'paper', 'plastic', 'green_waste', 'waste', 'aluminium']",,,,,,,,private,,,,,,Access restricted (private),,,Neukölln,Britz,11008008
128215480,,,"POLYGON ((13.4470454 52.4478459, 13.4470525 52.4478076, 13.4469532 52.4478008, 13.4469461 52.4478391, 13.4470454 52.4478459))","['glass', 'paper', 'plastic', 'green_waste', 'waste', 'aluminium']",,,,,,,,private,,,,,,Access restricted (private),,,Neukölln,Britz,11008008
128912357,,,"POLYGON ((13.4480534 52.4435973, 13.4481393 52.4435665, 13.4480948 52.4435251, 13.4480123 52.4435552, 13.448032 52.4435755, 13.4480534 52.4435973))",,,,,,,,,private,,,,,,Access restricted (private),,,Neukölln,Britz,11008008
129631762,,,"POLYGON ((13.4286379 52.4607395, 13.4287556 52.4607484, 13.428823 52.4605325, 13.4286867 52.4605184, 13.4286379 52.4607395))",,,,,,,,,private,,,,,,Access restricted (private),,,Neukölln,Britz,11008008
131748409,,,"POLYGON ((13.4449691 52.449819, 13.4449596 52.449778, 13.4450824 52.449766, 13.4450934 52.4498075, 13.4449691 52.449819))",,,,,,,,,private,,,,,,Access restricted (private),,,Neukölln,Britz,11008008
131749656,,,"POLYGON ((13.4452977 52.4509815, 13.4452965 52.4509079, 13.4453616 52.4509075, 13.4453628 52.4509811, 13.4452977 52.4509815))",,,,,,,,,private,,,,,,Access restricted (private),,,Neukölln,Britz,11008008
137465676,,,"POLYGON ((13.4270155 52.4590356, 13.4269671 52.4590728, 13.4270021 52.4590882, 13.4270479 52.4590509, 13.4270155 52.4590356))",,,,,,,,,private,,,,,,Access restricted (private),,,Neukölln,Britz,11008008
137465677,,,"POLYGON ((13.4272147 52.4595509, 13.4272108 52.4595749, 13.4272024 52.4596272, 13.427287 52.4596323, 13.4272993 52.4595559, 13.4272147 52.4595509))",,,,,,,,,private,,fence,,,,"Obstacles: fence, Access restricted (private)",,,Neukölln,Britz,11008008
184432188,,,"POLYGON ((13.3851342 52.4724341, 13.3850472 52.4724345, 13.3850452 52.472351, 13.3850842 52.4723505, 13.3851302 52.47235, 13.3851342 52.4724341))","['glass_bottles', 'cans', 'paper']",['glass'],,,,,,,,,fence,,,,Obstacles: fence,,,Tempelhof-Schöneberg,Tempelhof,11007007
206714378,,,"POLYGON ((13.2900076 52.5788138, 13.2900072 52.5787695, 13.2901624 52.5787689, 13.2901628 52.5788133, 13.2900076 52.5788138))",,,,,,,,,private,,fence,,,,"Obstacles: fence, Access restricted (private)",,,Reinickendorf,Tegel,11012012
220269946,,,"POLYGON ((13.2139722 52.6074337, 13.2139132 52.6074582, 13.2139641 52.6074899, 13.2140245 52.6074663, 13.2139722 52.6074337))",,,,,,,,,,,,,,,,,,Reinickendorf,Heiligensee,11012012
220939822,,commercial,"POLYGON ((13.6128289 52.4977282, 13.6130978 52.4980958, 13.61316 52.4981798, 13.613177 52.4982027, 13.6132628 52.4983184, 13.6133807 52.4984774, 13.6134176 52.4984842, 13.6137262 52.49835, 13.6140863 52.4981935, 13.6142817 52.4981085, 13.6137198 52.4975149, 13.6137038 52.497519, 13.6134656 52.4975755, 13.6133851 52.4975951, 13.6128289 52.4977282))",,,Recyclinghof Rahnsdorfer Straße,"['name: Recyclinghof Rahnsdorfer Straße', 'operator: BSR']",['operator:type: public'],"Rahnsdorfer Straße 76, 12623 Mahlsdorf",,website: https://www.bsr.de/recyclinghoefe-20503.php,,,,,,,,"hours=Mo,Tu,We,Fr 07:00-17:00, Th 09:30-19:30, Sa 07:00-15:30; PH off",,Marzahn-Hellersdorf,Mahlsdorf,11010010
230115769,,industrial,"POLYGON ((13.6081436 52.5036901, 13.6082162 52.5034745, 13.6082629 52.5028735, 13.6084041 52.5026181, 13.6085414 52.5023803, 13.6098945 52.5023771, 13.6101307 52.5023178, 13.6104297 52.5021059, 13.6105406 52.5021203, 13.6106267 52.5020695, 13.6107519 52.502056, 13.6125588 52.5024079, 13.6127019 52.5024732, 13.6128561 52.5025371, 13.6131894 52.5026076, 13.6131673 52.5026583, 13.6142685 52.5028499, 13.6142469 52.5029015, 13.6141553 52.5031205, 13.6140341 52.5033876, 13.6139217 52.5036482, 13.613881 52.503745, 13.6122308 52.5034537, 13.6120599 52.5036935, 13.6118865 52.5039048, 13.6117655 52.5039497, 13.6116381 52.5039865, 13.611611 52.5039641, 13.6112519 52.5040824, 13.6106793 52.5042539, 13.6106181 52.5042551, 13.6106221 52.5040023, 13.609095 52.5040088, 13.6089845 52.5041292, 13.60842 52.5044187, 13.6084145 52.5044602, 13.608424 52.5046336, 13.6074761 52.5046377, 13.6075471 52.5045231, 13.6075802 52.5044806, 13.6075889 52.5044747, 13.6077814 52.5043671, 13.6077792 52.5039652, 13.6081436 52.5036901))",,,Alba,"['name: Alba', 'operator: Alba']",,,,,,,,,,,,,,Marzahn-Hellersdorf,Mahlsdorf,11010010
238386331,,,"POLYGON ((13.4349116 52.5144405, 13.4348809 52.5143838, 13.4349344 52.514373, 13.4349745 52.514365, 13.4350053 52.5144217, 13.4349116 52.5144405))",,,,,,,,,,,fence,,,,Obstacles: fence,,,Friedrichshain-Kreuzberg,Friedrichshain,11002002
245314451,,,"POLYGON ((13.3711905 52.4338255, 13.3710872 52.4338286, 13.3710648 52.4336369, 13.3711689 52.4336324, 13.3711842 52.4337634, 13.3711905 52.4338255))",['paper'],,REMONDIS,['operator: REMONDIS'],,,,,,,,,,,,,,Tempelhof-Schöneberg,Mariendorf,11007007
249629288,,,"POLYGON ((13.3012505 52.4692737, 13.3013469 52.4692587, 13.3013643 52.4693001, 13.3012679 52.4693151, 13.3012505 52.4692737))","['plastic', 'plastic_packaging', 'paper_packaging']",,,,,,,,private,,,,,,Access restricted (private),,,Charlottenburg-Wilmersdorf,Wilmersdorf,11004004
258868474,,,"POLYGON ((13.4920374 52.4984191, 13.4925007 52.4979733, 13.4920529 52.4976491, 13.491711 52.4975054, 13.4914396 52.4977302, 13.4914891 52.4977512, 13.4914502 52.497787, 13.4911419 52.4980705, 13.4920374 52.4984191))","['clothes', 'glass', 'batteries', 'paper', 'fluorescent_tubes']",,Recyclinghof Fischerstraße,"['name: Recyclinghof Fischerstraße', 'operator: Berliner Stadtreinigung', 'operator:short: BSR']",,"Fischerstraße 16, 10317",contact:phone: +49 30 75924900,,yes,yes,,,,,Wheelchair accessible,"hours=Mo-We,Fr 07:00-17:00; Th 09:30-19:30; Sa 07:00-15:30",,Lichtenberg,Rummelsburg,11011011
271590558,,,"POLYGON ((13.4336919 52.514585, 13.4337061 52.5145832, 13.4337896 52.5145724, 13.4337806 52.5145449, 13.4337134 52.5145502, 13.4336931 52.5145517, 13.4336919 52.514585))",,,,,,,,,,,,,,,,,,Friedrichshain-Kreuzberg,Friedrichshain,11002002
273194593,,,"POLYGON ((13.4331319 52.5156014, 13.4331196 52.5155672, 13.4331098 52.5155399, 13.4332845 52.5155168, 13.4333065 52.5155783, 13.4331319 52.5156014))",,,,,,,,,,,fence,,,,Obstacles: fence,,,Friedrichshain-Kreuzberg,Friedrichshain,11002002
274805993,,,"POLYGON ((13.4332237 52.51303, 13.4331718 52.5129658, 13.4332289 52.5129487, 13.4332725 52.5130025, 13.4332809 52.5130129, 13.4332237 52.51303))",,,,,,,,,private,,fence,,,,"Obstacles: fence, Access restricted (private)",,,Friedrichshain-Kreuzberg,Friedrichshain,11002002
312336432,,,"POLYGON ((13.4650219 52.5571834, 13.4650216 52.5572157, 13.4650785 52.5572167, 13.4650802 52.5571929, 13.465081 52.557154, 13.4650812 52.5571372, 13.4650476 52.5571369, 13.4650238 52.5571367, 13.4650219 52.5571834))","['glass', 'paper']",,,,,,,,,,,,,,,,,Pankow,Weißensee,11003003
316133651,,,"POLYGON ((13.2768675 52.5768205, 13.2770134 52.5768229, 13.2770145 52.576798, 13.2768686 52.5767957, 13.2768675 52.5768205))",,,,,,,,,,,,,,,,,,Reinickendorf,Tegel,11012012
316133653,,,"POLYGON ((13.2829751 52.5764774, 13.2829608 52.5765238, 13.2830374 52.5765325, 13.2830517 52.5764861, 13.2829751 52.5764774))",,,,,,,,,,,,,,,,,,Reinickendorf,Tegel,11012012
316133654,,,"POLYGON ((13.2819174 52.5764716, 13.28192 52.5765164, 13.2820137 52.5765144, 13.2820111 52.5764696, 13.2819174 52.5764716))",,,,,,,,,,,,,,,,,,Reinickendorf,Tegel,11012012
316133655,,,"POLYGON ((13.2807269 52.5767806, 13.2807283 52.5768251, 13.2808902 52.5768233, 13.2808889 52.5767789, 13.2807269 52.5767806))",,,,,,,,,,,,,,,,,,Reinickendorf,Tegel,11012012
316133656,,,"POLYGON ((13.2752621 52.5774023, 13.2752337 52.5774446, 13.2753946 52.5774845, 13.2754229 52.5774421, 13.2752621 52.5774023))",,,,,,,,,,,,,,,,,,Reinickendorf,Tegel,11012012
316133657,,,"POLYGON ((13.2893262 52.5762783, 13.2893288 52.5763231, 13.2894224 52.5763211, 13.2894198 52.5762763, 13.2893262 52.5762783))",,,,,,,,,,,,,,,,,,Reinickendorf,Tegel,11012012
326224216,,,"POLYGON ((13.4803593 52.5188667, 13.480434 52.5188658, 13.4804313 52.5187784, 13.4803566 52.5187793, 13.4803593 52.5188667))",,,Wohnungsbaugenossenschaft Solidarität eG,['operator: Wohnungsbaugenossenschaft Solidarität eG'],,,,,private,,,,,,Access restricted (private),,,Lichtenberg,Lichtenberg,11011011
329050903,,,"POLYGON ((13.3415188 52.4860365, 13.3416002 52.4860321, 13.3415901 52.4859621, 13.3415087 52.4859664, 13.3415188 52.4860365))",,,,,,,,,,,,,,,,,,Tempelhof-Schöneberg,Schöneberg,11007007
329581127,,,"POLYGON ((13.3213977 52.5733445, 13.3214225 52.5734196, 13.3215433 52.5733664, 13.3215135 52.5732997, 13.3213977 52.5733445))",,,,,,,,,private,,fence,,,,"Obstacles: fence, Access restricted (private)",,,Reinickendorf,Reinickendorf,11012012
329581128,,,"POLYGON ((13.3189 52.5738279, 13.3189039 52.5737853, 13.3190799 52.5737928, 13.3190737 52.5738335, 13.3189 52.5738279))",,,,,,,,,private,,fence,,,,"Obstacles: fence, Access restricted (private)",,,Reinickendorf,Reinickendorf,11012012
329711341,,,"POLYGON ((13.3165107 52.5726488, 13.3166159 52.5726266, 13.3166068 52.5726, 13.316499 52.5726139, 13.3165107 52.5726488))",,,,,,,,,private,,fence,,,,"Obstacles: fence, Access restricted (private)",,,Reinickendorf,Reinickendorf,11012012
329711345,,,"POLYGON ((13.3184385 52.5717705, 13.3185442 52.571754, 13.3185665 52.5718068, 13.3184608 52.5718233, 13.3184385 52.5717705))",,,,,,,,,private,,,,,,Access restricted (private),,,Reinickendorf,Reinickendorf,11012012
332920589,,,"POLYGON ((13.2915896 52.5778806, 13.2916878 52.5778816, 13.2916885 52.5778558, 13.2915903 52.5778548, 13.2915896 52.5778806))",,,,,,,,,private,,fence,,,,"Obstacles: fence, Access restricted (private)",,,Reinickendorf,Tegel,11012012
337672654,,,"POLYGON ((13.2910606 52.5788238, 13.2910602 52.5787795, 13.2912154 52.5787789, 13.2912158 52.5788233, 13.2910606 52.5788238))",,,,,,,,,private,,fence,,,,"Obstacles: fence, Access restricted (private)",,,Reinickendorf,Tegel,11012012
337672655,,,"POLYGON ((13.2884279 52.5808242, 13.2884322 52.5807784, 13.2885233 52.5807816, 13.288519 52.5808274, 13.2884279 52.5808242))",,,,,,,,,private,,fence,,,,"Obstacles: fence, Access restricted (private)",,,Reinickendorf,Tegel,11012012
337672656,,,"POLYGON ((13.2871648 52.5788233, 13.2872811 52.5788246, 13.2872829 52.5787637, 13.2871665 52.5787625, 13.2871648 52.5788233))",,,,,,,,,,,fence,,,,Obstacles: fence,,,Reinickendorf,Tegel,11012012
337672657,,,"POLYGON ((13.2888547 52.5785701, 13.2888574 52.5784894, 13.288939 52.5784903, 13.2889364 52.5785711, 13.2888547 52.5785701))",,,,,,,,,private,,fence,,,,"Obstacles: fence, Access restricted (private)",,,Reinickendorf,Tegel,11012012
337672658,,,"POLYGON ((13.2886298 52.578816, 13.2886309 52.5787717, 13.2887204 52.5787725, 13.2887193 52.5788169, 13.2886298 52.578816))",,,,,,,,,private,,fence,,,,"Obstacles: fence, Access restricted (private)",,,Reinickendorf,Tegel,11012012
368366713,,,"POLYGON ((13.2853924 52.5785093, 13.2853467 52.5785083, 13.2853456 52.5785271, 13.2853914 52.5785281, 13.2853924 52.5785093))",['paper'],"['glass', 'cans']",,,,,,,,,,,,,,,,Reinickendorf,Tegel,11012012
372635346,,,"POLYGON ((13.2963096 52.5681534, 13.2963803 52.5681604, 13.2963907 52.5681215, 13.29632 52.5681145, 13.2963096 52.5681534))",,,,,,B,,,private,,fence,,,,"Obstacles: fence, Access restricted (private)",,,Reinickendorf,Tegel,11012012
372635347,,,"POLYGON ((13.2954396 52.5680093, 13.2955015 52.5680266, 13.2955285 52.5679908, 13.2954666 52.5679735, 13.2954396 52.5680093))",,,,,,C,,,private,,fence,,,,"Obstacles: fence, Access restricted (private)",,,Reinickendorf,Tegel,11012012
372635348,,,"POLYGON ((13.2950328 52.5674681, 13.2951005 52.5674729, 13.2951094 52.5674267, 13.2950418 52.5674219, 13.2950328 52.5674681))",,,,,,D,,,private,,fence,,,,"Obstacles: fence, Access restricted (private)",,,Reinickendorf,Tegel,11012012
372635362,,,"POLYGON ((13.2950706 52.5669564, 13.2951382 52.5669616, 13.2951465 52.5669226, 13.2950789 52.5669173, 13.2950706 52.5669564))",,,,,,K,,,private,,fence,,,,"Obstacles: fence, Access restricted (private)",,,Reinickendorf,Tegel,11012012
380983313,,,"POLYGON ((13.5496869 52.5444381, 13.5496422 52.5443869, 13.5497121 52.5443643, 13.5497568 52.5444156, 13.5496869 52.5444381))",,,,,,,,,,,,,,,,,,Marzahn-Hellersdorf,Marzahn,11010010
385542019,geoportal berlin / hauskoordinaten,commercial,"POLYGON ((13.5531301 52.5084536, 13.5531391 52.5084875, 13.5531648 52.5085758, 13.5532165 52.5087964, 13.5532414 52.5089012, 13.553298 52.5089272, 13.5534653 52.5089152, 13.5534497 52.508829, 13.5535199 52.5087713, 13.5534992 52.5086523, 13.5537883 52.5086364, 13.5537627 52.5084761, 13.5537519 52.5084083, 13.5531301 52.5084536))",['paper'],,Marcus Knospe Wertstoffhandel,['name: Marcus Knospe Wertstoffhandel'],,"Grabensprung 1, 12683 Biesdorf",,website: https://www.mk-wertstoffhandel.de/,,,,,,,,hours=Mo-Sa 10:00-18:00,,Marzahn-Hellersdorf,Biesdorf,11010010
412910072,,commercial,"POLYGON ((13.5600723 52.4475514, 13.5598286 52.4474672, 13.5597166 52.4475947, 13.5596663 52.4475791, 13.5596838 52.4474097, 13.5597015 52.4472397, 13.5597462 52.4468078, 13.5607524 52.4468457, 13.5605217 52.4471068, 13.5601284 52.4474918, 13.5600723 52.4475514))","['clothes', 'glass', 'batteries', 'cans', 'paper', 'scrap_metal']",,BSR Recyclinghof Oberspreestraße,"['name: BSR Recyclinghof Oberspreestraße', 'operator: Berliner Stadtreinigungsbetriebe', 'operator:short: BSR']",,,phone: +49 30 75924900,website: https://www.bsr.de/8868.html,,yes,,,,,Wheelchair accessible,"hours=Mo-We,Fr 07:00-17:00; Th 09:30-19:30; Sa 07:00-15:30; Su,PH off",,Treptow-Köpenick,Köpenick,11009009
429094507,,,"POLYGON ((13.2994803 52.52959, 13.299482 52.5296055, 13.2995496 52.5296028, 13.2995479 52.5295873, 13.2994803 52.52959))",['glass_bottles'],,Rhenus,['operator: Rhenus'],,,,,,,,,,,,,,Charlottenburg-Wilmersdorf,Charlottenburg,11004004
439057366,,,"POLYGON ((13.409987 52.401385, 13.4101135 52.4013902, 13.4101156 52.4013711, 13.4099891 52.4013659, 13.409987 52.401385))","['cans', 'paper', 'cardboard', 'plastic', 'plastic_bottles', 'plastic_packaging', 'waste']",,,,,,,,private,yes,,,,,"Wheelchair accessible, Access restricted (private)",,,Tempelhof-Schöneberg,Lichtenrade,11007007
442114369,,commercial,"POLYGON ((13.547945 52.562602, 13.5480779 52.562559, 13.5481286 52.5625428, 13.5489114 52.5622908, 13.5485109 52.5618062, 13.5475275 52.562116, 13.5478395 52.5624796, 13.5479046 52.5625546, 13.547945 52.562602))",,,Recyclinghof Nordring,"['name: Recyclinghof Nordring', 'operator: Berliner Stadtreinigung']",,"Nordring 5, 12681 Marzahn",,website: https://www.bsr.de/8865.html,,yes,,,,,Wheelchair accessible,"hours=Mo,Tu,We,Fr 07:00-17:00; Th 09:30-19:30; Sa 07:00-15:30",,Marzahn-Hellersdorf,Marzahn,11010010
442118216,,landfill,"POLYGON ((13.5253851 52.552595, 13.5253925 52.5528108, 13.5255402 52.553665, 13.5255333 52.554166, 13.5257076 52.5541909, 13.5264723 52.5529518, 13.5268599 52.552109, 13.5310049 52.5408565, 13.5310616 52.5406318, 13.5313503 52.5394745, 13.5314993 52.5394982, 13.5315285 52.5394407, 13.5313762 52.539407, 13.5315324 52.5391548, 13.531465 52.5391406, 13.5309195 52.5389658, 13.5305279 52.5389768, 13.5300707 52.5394858, 13.5294916 52.5404274, 13.529306 52.5409043, 13.5287624 52.5423933, 13.5286716 52.5427564, 13.5286067 52.5433587, 13.5285147 52.5436642, 13.5283089 52.5441719, 13.528099 52.5447147, 13.5278688 52.5453961, 13.5274007 52.5466226, 13.5270241 52.5477052, 13.5267962 52.5482657, 13.5265807 52.5488792, 13.5263302 52.5495346, 13.525765 52.5505612, 13.5256435 52.5508897, 13.5253821 52.5520916, 13.5253851 52.552595))",['building'],,BTB-Recycling-Hof,['name: BTB-Recycling-Hof'],,,,,,,,,,,,,,Lichtenberg,Alt-Hohenschönhausen,11011011
442174775,,,"POLYGON ((13.3123728 52.6224298, 13.3123774 52.6224102, 13.3125282 52.6224289, 13.312522 52.6224476, 13.3123728 52.6224298))",['glass_bottles'],,,,,,,,,,,,,,,,,Reinickendorf,Hermsdorf,11012012
456090966,,,"POLYGON ((13.3376884 52.5788842, 13.3377608 52.5788954, 13.3377692 52.5788752, 13.3377781 52.5788539, 13.3377058 52.5788427, 13.3376884 52.5788842))",,,,,,,,,private,,fence,,,,"Obstacles: fence, Access restricted (private)",,,Reinickendorf,Wittenau,11012012
464446146,,,"POLYGON ((13.2959702 52.567189, 13.2960382 52.567192, 13.2960432 52.5671528, 13.2959752 52.5671497, 13.2959702 52.567189))",,,,,,J,,,private,,fence,,,,"Obstacles: fence, Access restricted (private)",,,Reinickendorf,Tegel,11012012
464446162,,,"POLYGON ((13.2956564 52.5677663, 13.29569 52.5677742, 13.2957199 52.5677812, 13.2957432 52.5677445, 13.2956797 52.5677295, 13.2956564 52.5677663))",,,,,,L,,,private,,fence,,,,"Obstacles: fence, Access restricted (private)",,,Reinickendorf,Tegel,11012012
464446166,,,"POLYGON ((13.29647 52.5679615, 13.2965416 52.567963, 13.2965439 52.5679236, 13.2964723 52.5679221, 13.29647 52.5679615))",,,,,,M,,,private,,fence,,,,"Obstacles: fence, Access restricted (private)",,,Reinickendorf,Tegel,11012012
464446167,,,"POLYGON ((13.2975318 52.5684563, 13.2975343 52.5684372, 13.2975362 52.5684225, 13.2975988 52.5684255, 13.2975944 52.5684593, 13.2975318 52.5684563))",,,,,,A,,,private,,fence,,,,"Obstacles: fence, Access restricted (private)",,,Reinickendorf,Tegel,11012012
464446168,,,"POLYGON ((13.2978577 52.5680526, 13.297923 52.5680951, 13.2979523 52.568078, 13.2980152 52.5680414, 13.2979861 52.5680211, 13.2979411 52.5679951, 13.2978577 52.5680526))",,,,,,,,,private,,,,,,Access restricted (private),,,Reinickendorf,Tegel,11012012
531991287,,,"POLYGON ((13.341925 52.5172747, 13.3420171 52.5172791, 13.3420357 52.5171677, 13.341925 52.5172747))",,,,,,,,,,,,,,,,,,Mitte,Hansaviertel,11001001
533526771,,,"POLYGON ((13.3435736 52.5181635, 13.3435922 52.5181662, 13.3436926 52.5181737, 13.3437123 52.5181322, 13.3435835 52.5181211, 13.3435736 52.5181635))",,,,,,,,,,,,,,,,,,Mitte,Hansaviertel,11001001
534091267,,,"POLYGON ((13.3024803 52.5672393, 13.3025478 52.5672199, 13.302512 52.5671738, 13.3024445 52.5671932, 13.3024803 52.5672393))",,,,,,,,,private,,,,,,Access restricted (private),,,Reinickendorf,Tegel,11012012
534449088,,,"POLYGON ((13.3405725 52.5165634, 13.3405813 52.5164851, 13.3406663 52.5164886, 13.3406636 52.5165132, 13.3407031 52.5165148, 13.3406971 52.5165686, 13.3405725 52.5165634))",,,,,,,,,,,,,,,,,,Mitte,Hansaviertel,11001001
535500636,,,"POLYGON ((13.345096 52.5189828, 13.3451049 52.5189424, 13.3452076 52.5189503, 13.3452028 52.5189693, 13.3451976 52.5189897, 13.345096 52.5189828))",,,,,,,,,,,,,,,,,,Mitte,Hansaviertel,11001001
535638693,,,"POLYGON ((13.3431423 52.5169473, 13.3431528 52.5168971, 13.3430778 52.5168914, 13.3430711 52.5169418, 13.3431281 52.5169463, 13.3431423 52.5169473))",,,,,,,,,,,,,,,,,,Mitte,Hansaviertel,11001001
543319990,,commercial,"POLYGON ((13.5508428 52.5091815, 13.5503831 52.509212, 13.5500083 52.5092358, 13.5500052 52.5092216, 13.5499707 52.5090759, 13.5499174 52.5088488, 13.54998 52.5088005, 13.5507525 52.5087722, 13.5507678 52.5087977, 13.5508305 52.5090997, 13.5508428 52.5091815))","['customers_paper', 'customers_pallets']",,Paletten König / Papier Fritze,['name: Paletten König / Papier Fritze'],,,,,,,,,,,,,,Marzahn-Hellersdorf,Biesdorf,11010010
551223676,,,"POLYGON ((13.355274 52.518332, 13.3552581 52.5182866, 13.3553414 52.5182758, 13.3553572 52.5183212, 13.355274 52.518332))",,,,,,,,,,,,,,,,,,Mitte,Moabit,11001001
576464012,,,"POLYGON ((13.3729943 52.4723549, 13.372873 52.472396, 13.3728557 52.472377, 13.3728444 52.4723645, 13.3729657 52.4723234, 13.3729943 52.4723549))","['glass', 'paper', 'plastic', 'green_waste']",,,,,,,,,,fence,,,,Obstacles: fence,,,Tempelhof-Schöneberg,Tempelhof,11007007
576464013,,,"POLYGON ((13.373368 52.4725266, 13.373297 52.4724343, 13.3733595 52.4724164, 13.3733898 52.4724558, 13.3734304 52.4725087, 13.373368 52.4725266))","['glass', 'paper', 'plastic', 'green_waste']",,,,,,,,,,fence,,,,Obstacles: fence,,,Tempelhof-Schöneberg,Tempelhof,11007007
579730522,,,"POLYGON ((13.4293726 52.4509137, 13.4276587 52.4509057, 13.4276152 52.4509055, 13.4270874 52.450903, 13.4270726 52.4504437, 13.4270485 52.4504404, 13.4270458 52.4503988, 13.4272443 52.450286, 13.4272268 52.4502451, 13.4272121 52.44995, 13.4274242 52.4499533, 13.4294164 52.4500015, 13.4294865 52.4500022, 13.4294629 52.4504503, 13.429504 52.4504505, 13.4294936 52.4509141, 13.4294739 52.4509137, 13.4294188 52.4509145, 13.4293726 52.4509137))",,,Recyclinghof Gradestraße,"['name: Recyclinghof Gradestraße', 'operator: Berliner Stadtreinigungsbetriebe', 'operator:short: BSR']",,"Gradestraße 73, 12347 Britz",,contact:website: https://www.bsr.de/8850.html,,,fence,,,,Obstacles: fence,hours=Mo-Sa 07:00-19:00,,Neukölln,Britz,11008008
585749353,,,"POLYGON ((13.4210517 52.5022812, 13.4210147 52.5022305, 13.4210664 52.5022166, 13.4210806 52.5022361, 13.4211033 52.5022673, 13.4210517 52.5022812))","['glass', 'paper', 'plastic', 'green_waste']",,,,,,,,private,,,,,,Access restricted (private),,,Friedrichshain-Kreuzberg,Kreuzberg,11002002
604888661,,,"POLYGON ((13.303654 52.408729, 13.3036507 52.4087122, 13.3037193 52.4087076, 13.3037218 52.4087239, 13.303654 52.408729))",['glass_bottles'],,,,,,,,,,,,,,,,,Steglitz-Zehlendorf,Lichterfelde,11006006
647077434,,,"POLYGON ((13.5269581 52.4355895, 13.527054 52.4356491, 13.5269627 52.4357037, 13.526912 52.4356721, 13.5268602 52.4356399, 13.5269515 52.4355854, 13.5269581 52.4355895))",,,,,,,,,private,,fence,,,,"Obstacles: fence, Access restricted (private)",,,Treptow-Köpenick,Adlershof,11009009
648061548,,,"POLYGON ((13.5074493 52.5181542, 13.5075683 52.5181218, 13.5075554 52.5181043, 13.5074364 52.5181368, 13.5074493 52.5181542))","['paper', 'plastic', 'plastic_bottles', 'plastic_packaging', 'waste']",['cardboard'],,,,,,,,yes,,,,,Wheelchair accessible,,,Lichtenberg,Lichtenberg,11011011
656361667,,,"POLYGON ((13.511137 52.4958003, 13.5111216 52.4957678, 13.5112355 52.4957478, 13.5112509 52.4957803, 13.511137 52.4958003))",,,,,,,,,private,,,,,,Access restricted (private),,,Lichtenberg,Friedrichsfelde,11011011
669544919,,,"POLYGON ((13.4095334 52.5500767, 13.409533 52.5500618, 13.4096324 52.5500606, 13.4096329 52.5500755, 13.4095334 52.5500767))",['glass_bottles'],,,,,,,,,,,,,,,,,Pankow,Prenzlauer Berg,11003003
724715761,,,"POLYGON ((13.2899479 52.578562, 13.2899717 52.5785633, 13.289984 52.5784843, 13.2899203 52.578484, 13.2899152 52.5785613, 13.2899479 52.578562))",,,,,,,,,private,,fence,,,,"Obstacles: fence, Access restricted (private)",,,Reinickendorf,Tegel,11012012
724715762,,,"POLYGON ((13.2908732 52.577793, 13.2908748 52.5777469, 13.2910497 52.5777441, 13.2910513 52.577793, 13.2908732 52.577793))",,,,,,,,,private,,fence,,,,"Obstacles: fence, Access restricted (private)",,,Reinickendorf,Tegel,11012012
725133732,,,"POLYGON ((13.2861975 52.576655, 13.2862024 52.576722, 13.2864378 52.5767178, 13.2864261 52.576654, 13.2862085 52.576655, 13.2861975 52.576655))",,,,,,,,,private,,fence,,,,"Obstacles: fence, Access restricted (private)",,,Reinickendorf,Tegel,11012012
740538847,,,"POLYGON ((13.4201578 52.5176534, 13.4201384 52.5176591, 13.4201932 52.5177288, 13.4202127 52.5177231, 13.4201578 52.5176534))",['glass_bottles'],,,,,,,,,,,,,,,,,Mitte,Mitte,11001001
742698826,,,"POLYGON ((13.4184458 52.5206624, 13.4184667 52.5206557, 13.418507 52.5206547, 13.4185433 52.5206566, 13.4185647 52.5206617, 13.4185688 52.5206737, 13.4185616 52.5206856, 13.4185432 52.5206882, 13.4185263 52.5206855, 13.4184821 52.520684, 13.4184517 52.5206915, 13.4184265 52.5207037, 13.418419 52.5207121, 13.4184225 52.5207272, 13.4184146 52.5207416, 13.4183854 52.5207493, 13.4183519 52.5207416, 13.4183416 52.5207186, 13.4183503 52.5207066, 13.4184174 52.5206718, 13.4184308 52.5206668, 13.4184458 52.5206624))",,,,,,,,,private,,,,,,Access restricted (private),,,Mitte,Mitte,11001001
742703931,,,"POLYGON ((13.4202549 52.5202399, 13.420207 52.5202379, 13.4201555 52.5202442, 13.4201056 52.5202598, 13.4200733 52.5202352, 13.4201247 52.5202004, 13.4201254 52.5201843, 13.4201576 52.5201814, 13.4201915 52.5201785, 13.4201996 52.5201959, 13.4202459 52.5201995, 13.4202549 52.5202399))",,,,,,,,,private,,,,,,Access restricted (private),,,Mitte,Mitte,11001001
745628861,,,"POLYGON ((13.4207602 52.5187151, 13.4207791 52.5187198, 13.4207915 52.5187228, 13.4208038 52.5187258, 13.420824 52.5187308, 13.4208106 52.518751, 13.4207645 52.5187397, 13.4207468 52.5187354, 13.4207602 52.5187151))",,,,,,,,,private,,,,,,Access restricted (private),,,Mitte,Mitte,11001001
748562659,,,"POLYGON ((13.4199334 52.5196611, 13.4199652 52.5195688, 13.420044 52.5195788, 13.4200215 52.5196441, 13.4200122 52.5196712, 13.4199334 52.5196611))",,,,,,,,,private,,,,,,Access restricted (private),,,Mitte,Mitte,11001001
770733557,,,"POLYGON ((13.5294657 52.4133154, 13.5295465 52.4132962, 13.5295233 52.4132597, 13.5294425 52.4132789, 13.5294657 52.4133154))",,,,,,,,,private,,,,,,Access restricted (private),,,Treptow-Köpenick,Altglienicke,11009009
770733559,,,"POLYGON ((13.5361264 52.4123, 13.5361409 52.412343, 13.5362334 52.4123314, 13.536219 52.4122884, 13.5361264 52.4123))",,,,,,,,,private,,,,,,Access restricted (private),,,Treptow-Köpenick,Altglienicke,11009009
776604797,,,"POLYGON ((13.3041885 52.5299833, 13.3042025 52.5299444, 13.304347 52.5299636, 13.3043331 52.5300025, 13.3042059 52.5299856, 13.3041885 52.5299833))",,,,,,,,,,,,,,,,,,Charlottenburg-Wilmersdorf,Charlottenburg,11004004
776604798,,,"POLYGON ((13.3036172 52.5299073, 13.3036279 52.5298726, 13.3038112 52.5298936, 13.3038004 52.5299283, 13.3036338 52.5299092, 13.3036172 52.5299073))",,,,,,,,,,,,,,,,,,Charlottenburg-Wilmersdorf,Charlottenburg,11004004
806834860,,,"POLYGON ((13.4469416 52.448605, 13.4469149 52.4485645, 13.4470117 52.4485408, 13.4470383 52.4485812, 13.4469416 52.448605))","['glass', 'paper', 'plastic', 'green_waste', 'waste', 'aluminium']",,,,,,,,private,,,,,,Access restricted (private),,,Neukölln,Britz,11008008
824288993,,,"POLYGON ((13.5555759 52.4003618, 13.5556912 52.4003806, 13.555761 52.4001286, 13.5556631 52.4001491, 13.5555759 52.400217, 13.5555544 52.4002841, 13.5555759 52.4003618))","['paper', 'cardboard', 'paper_packaging']",,,,,,,,,,,,,,,,,Treptow-Köpenick,Bohnsdorf,11009009
888746633,,,"POLYGON ((13.299959 52.469531, 13.3000645 52.4695126, 13.3000445 52.4694668, 13.2999407 52.4694838, 13.299959 52.469531))","['plastic', 'plastic_packaging', 'paper_packaging']",,,,,,,,private,,,,,,Access restricted (private),,,Charlottenburg-Wilmersdorf,Wilmersdorf,11004004
893358010,,,"POLYGON ((13.3872842 52.4580583, 13.3872766 52.4580177, 13.3873022 52.458016, 13.3873098 52.4580565, 13.3872842 52.4580583))",['glass_bottles'],['glass'],,,,,,,,,,,,,,,,Tempelhof-Schöneberg,Tempelhof,11007007
896165233,,,"POLYGON ((13.3663404 52.6132667, 13.3668254 52.6133692, 13.3672626 52.6134617, 13.3675082 52.6135063, 13.3677847 52.6135477, 13.3678054 52.6135855, 13.3678308 52.6136218, 13.3678907 52.61364, 13.3679506 52.6136358, 13.3680566 52.6136428, 13.3682027 52.6136685, 13.3686321 52.613965, 13.3693572 52.614129, 13.3693045 52.6142104, 13.369441 52.614243, 13.3692515 52.6145706, 13.3659668 52.613845, 13.3663404 52.6132667))",['green_waste'],,Kompostplatz Lübars,"['name: Kompostplatz Lübars', 'operator: Hartmann Ingenieure GmbH']",['operator:type: private'],"Alter Bernauer Heerweg 44, 13469 Lübars",contact:phone: +49 30 40203240; contact:fax: +49 30 40203250; contact:email: info@hi-g.de,contact:website: https://www.kompostplatz-berlin-luebars.de,,,,,,,,hours=Mo-Fr 07:00-15:30; May-Nov: Sa 08:00-13:15,,Reinickendorf,Lübars,11012012
966672349,,commercial,"POLYGON ((13.3269648 52.4418214, 13.3267888 52.441511, 13.3267003 52.441475, 13.3266145 52.4415175, 13.3264723 52.4414194, 13.3268316 52.4412005, 13.3271233 52.4413827, 13.3276514 52.4412621, 13.3278409 52.4413361, 13.3278173 52.4413899, 13.3277979 52.4414589, 13.3277965 52.4415303, 13.3278167 52.4416241, 13.3269648 52.4418214))","['glass', 'batteries', 'furniture', 'mobile_phones', 'electrical_items', 'electronics', 'light_bulbs', 'tv_monitor']",,Recyclinghof Ostpreußendamm,"['name: Recyclinghof Ostpreußendamm', 'operator: Berliner Stadtreinigungsbetriebe', 'operator:short: BSR']",,"Ostpreußendamm 1, 12207 Lichterfelde",phone: +49 30 75924900,website: https://www.bsr.de/8871.html,,,,,,,,"hours=Mo-We,Fr 07:00-17:00; Th 09:30-19:30; Sa 07:00-15:30",,,,nan
993509824,,,"POLYGON ((13.5073055 52.5195364, 13.5073758 52.5195186, 13.5073113 52.5194236, 13.5072409 52.5194413, 13.5073055 52.5195364))","['cans', 'paper', 'plastic', 'waste']",,,,,,,,private,,,,0.0,,Access restricted (private),,,Lichtenberg,Lichtenberg,11011011
993509826,,,"POLYGON ((13.5073483 52.5195402, 13.5074178 52.5196438, 13.5074576 52.5196339, 13.5073881 52.5195303, 13.5073483 52.5195402))","['paper', 'plastic', 'waste']",,,,,,,,yes,,,,0.0,,,,,Lichtenberg,Lichtenberg,11011011
1050818163,,,"POLYGON ((13.4088483 52.5634686, 13.4089062 52.563432, 13.4089391 52.5634492, 13.4088782 52.5634848, 13.4088483 52.5634686))",['glass_bottles'],['glass'],,,,,,,,,,,,,,hours=24/7,,Pankow,Pankow,11003003
1050818164,,,"POLYGON ((13.4102523 52.562186, 13.4102849 52.5621951, 13.4103194 52.5621503, 13.4102868 52.5621432, 13.4102523 52.562186))",['glass_bottles'],,,,,,,,,,,,,,,hours=24/7,,Pankow,Pankow,11003003
1051236902,,,"POLYGON ((13.2938273 52.6087247, 13.2938816 52.6086804, 13.2938685 52.6086745, 13.2938142 52.6087188, 13.2938273 52.6087247))",['glass_bottles'],,,,,,,,,,,,,,,,,Reinickendorf,Hermsdorf,11012012
1051824179,,industrial,"POLYGON ((13.4802439 52.4710326, 13.4810214 52.471027, 13.4809223 52.4706941, 13.4807274 52.4706004, 13.4806693 52.4705989, 13.4805651 52.4705962, 13.4802234 52.4708431, 13.4802439 52.4710326))","['paper', 'scrap_metal', 'aluminium']",,EBU Dienstleistungs- GmbH,['name: EBU Dienstleistungs- GmbH'],,,contact:phone: +49 30 513009314; contact:email: info@eburhg.de,contact:website: https://www.eburhg.de/index.php/berlin-treptow,,,,,,,,,,Treptow-Köpenick,Baumschulenweg,11009009
1076181841,,,"POLYGON ((13.3722805 52.5678735, 13.3721931 52.5678626, 13.37222 52.5677835, 13.3723083 52.5677946, 13.3722939 52.5678377, 13.3722844 52.5678638, 13.3722805 52.5678735))",,,,,,,,,,,,,,,,,,Reinickendorf,Reinickendorf,11012012
1081202977,,,"POLYGON ((13.4701691 52.4326969, 13.47017 52.4327139, 13.4701717 52.4327478, 13.4701726 52.4327647, 13.4702758 52.432762, 13.4702714 52.4326942, 13.4701691 52.4326969))",,,,,,,,,,,,,,,,,,Neukölln,Gropiusstadt,11008008
1084099258,,,"POLYGON ((13.4022883 52.4851711, 13.4022887 52.4851547, 13.4020943 52.4851547, 13.4020945 52.4851714, 13.4021773 52.4851713, 13.4022369 52.4851712, 13.4022883 52.4851711))",['glass_bottles'],,,,,,,,,,,,,,,,,Friedrichshain-Kreuzberg,Kreuzberg,11002002
1167933993,,,"POLYGON ((13.3557122 52.4262929, 13.3557293 52.4262569, 13.3557531 52.426261, 13.3557361 52.4262971, 13.3557122 52.4262929))",['glass_bottles'],,,,,,,,,,parking obstruction,,,,Obstacles: parking obstruction,,,Steglitz-Zehlendorf,Lankwitz,11006006
1185165819,,,"POLYGON ((13.3512345 52.5919908, 13.3513249 52.5919957, 13.3513272 52.5919803, 13.3513351 52.5919268, 13.3512447 52.5919218, 13.3512399 52.5919541, 13.3512345 52.5919908))","['glass_bottles', 'paper', 'plastic']",,,,,,,,private,,,,,,Access restricted (private),,,Reinickendorf,Märkisches Viertel,11012012
1187364828,,,"POLYGON ((13.355101 52.5920856, 13.3550956 52.5921214, 13.3550906 52.5921548, 13.3550003 52.5921497, 13.3550107 52.5920806, 13.355101 52.5920856))","['glass_bottles', 'paper', 'plastic']",,,,,,,,private,,,,,,Access restricted (private),,,Reinickendorf,Märkisches Viertel,11012012
1194624071,,,"POLYGON ((13.4485198 52.4273256, 13.448543 52.4273326, 13.4485535 52.4273187, 13.448531 52.4273108, 13.4485198 52.4273256))",['clothes'],,Versero GmbH,['operator: Versero GmbH'],,,,,,,,,,,,,,Neukölln,Gropiusstadt,11008008
1194624072,,,"POLYGON ((13.4485198 52.4273256, 13.4485089 52.42734, 13.4485323 52.4273469, 13.448543 52.4273326, 13.4485198 52.4273256))",['clothes'],,Versero GmbH,['operator: Versero GmbH'],,,,,,,,,,,,,,Neukölln,Gropiusstadt,11008008
1195361886,,,"POLYGON ((13.4363576 52.4240986, 13.4363695 52.4240866, 13.4363494 52.42408, 13.436338 52.4240918, 13.4363576 52.4240986))","['glass_bottles', 'glass_bottles_clear']",,,,,,,,,,,,,,,,,Neukölln,Buckow,11008008
1195361887,,,"POLYGON ((13.4363702 52.4240865, 13.4363816 52.4240745, 13.4363615 52.4240679, 13.4363501 52.4240797, 13.4363702 52.4240865))","['glass_bottles', 'glass_bottles_green']",,,,,,,,,,,,,,,,,Neukölln,Buckow,11008008
1200769075,,industrial,"POLYGON ((13.1914039 52.5334389, 13.1913501 52.5334432, 13.1912501 52.5334514, 13.1912537 52.5334626, 13.1908664 52.5334921, 13.1906387 52.5335094, 13.1906605 52.5336157, 13.1904702 52.5336301, 13.1904693 52.5336256, 13.1904154 52.5336293, 13.1905265 52.5341405, 13.1905516 52.5342564, 13.1905581 52.5342862, 13.1909815 52.5342464, 13.1911254 52.534227, 13.1915355 52.5341528, 13.1915511 52.5341358, 13.1915504 52.5341321, 13.1915453 52.5341051, 13.1915272 52.5340199, 13.1914039 52.5334389))","['glass_bottles', 'clothes', 'glass', 'shoes', 'batteries', 'cans', 'paper', 'scrap_metal', 'cardboard', 'plastic', 'plastic_bottles', 'plastic_packaging', 'green_waste', 'electrical_appliances', 'small_appliances']",,Recyclinghof Brunsbütteler Damm,"['name: Recyclinghof Brunsbütteler Damm', 'operator: Berliner Stadtreinigungsbetriebe Anstalt des öffentlichen Rechts']",,"Brunsbütteler Damm 47, 13581 Spandau",contact:phone: +49 30 75924900,contact:website: https://www.bsr.de/recyclinghoefe-20503.php?currRCLocation=e6bfe221-fbdb-45b2-8e95-a48def81b4ca,,,,,,,,hours=Mo-We 07:00-17:00; Th 09:30-19:30; Fr 07:00-17:00; Sa 07:00-15:30,,Spandau,Spandau,11005005
1212781467,,,"POLYGON ((13.5980366 52.5406828, 13.5980609 52.5407109, 13.5981346 52.5406873, 13.5981103 52.5406592, 13.5980366 52.5406828))",['glass'],,,,,,,,,,,,,,,,,Marzahn-Hellersdorf,Hellersdorf,11010010
1219996410,,,"POLYGON ((13.3322497 52.4551936, 13.3322571 52.4551873, 13.3322852 52.4551996, 13.3322779 52.4552058, 13.3322497 52.4551936))",['clothes'],,,,,,,,,,,,,,,,,Steglitz-Zehlendorf,Steglitz,11006006
1276043535,,,"POLYGON ((13.3266215 52.5101975, 13.3266604 52.5102435, 13.3267484 52.5102157, 13.3267067 52.5101722, 13.3266215 52.5101975))","['glass_bottles', 'paper', 'cardboard', 'plastic_packaging', 'waste']",,,,,,,,unknown,,,,,,Access restricted (unknown),,,Charlottenburg-Wilmersdorf,Charlottenburg,11004004
1286472715,,,"POLYGON ((13.7367274 52.427672, 13.7367089 52.4276429, 13.7367796 52.4276264, 13.7367976 52.4276557, 13.7367274 52.427672))",,,STRATEGIS AG,['operator: STRATEGIS AG'],,,,,,,,,,,,,,Treptow-Köpenick,Rahnsdorf,11009009
1286472717,,,"POLYGON ((13.7359491 52.4279082, 13.7360209 52.4278944, 13.7359975 52.4278491, 13.7359275 52.4278648, 13.7359491 52.4279082))",,,STRATEGIS AG,['operator: STRATEGIS AG'],,,,,,,,,,,,,,Treptow-Köpenick,Rahnsdorf,11009009
1286472723,,,"POLYGON ((13.740355 52.4274993, 13.7404322 52.4274809, 13.7404105 52.4274418, 13.7403311 52.427461, 13.740355 52.4274993))",,,,,,,,,,,,,,,,,,Treptow-Köpenick,Rahnsdorf,11009009
1295964667,,,"POLYGON ((13.5745305 52.5457725, 13.5744719 52.5457798, 13.5744415 52.545689, 13.5745002 52.5456818, 13.5745305 52.5457725))",['waste'],,,,,,,,,,,,,,,,,Marzahn-Hellersdorf,Marzahn,11010010
1296566903,,,"POLYGON ((13.4740406 52.5265039, 13.4741103 52.5264948, 13.4740975 52.5264556, 13.4740256 52.5264713, 13.4740406 52.5265039))","['paper', 'organic']",,,,,,,,,,,,,,,,,Lichtenberg,Fennpfuhl,11011011
1298791073,,,"POLYGON ((13.3242538 52.5138446, 13.3242636 52.5137757, 13.3242772 52.5136774, 13.3247223 52.5137054, 13.3246883 52.5139055, 13.3246662 52.5139046, 13.3243641 52.5138904, 13.324319 52.5138887, 13.324325 52.5138494, 13.3242538 52.5138446))",,,Zentraler Abfallplatz,"['name: Zentraler Abfallplatz', 'operator: Technische Universität Berlin']",['operator:type: university'],Straße des 17. Juni 144,,,,,,,,,,hours=Mo-Fr 10:00-13:00,,Charlottenburg-Wilmersdorf,Charlottenburg,11004004
1301264299,,,"POLYGON ((13.7372365 52.4282692, 13.737306 52.4282521, 13.7372859 52.4282214, 13.7372162 52.4282384, 13.7372365 52.4282692))",,,STRATEGIS AG,['operator: STRATEGIS AG'],,,,,private,,,,,,Access restricted (private),,,Treptow-Köpenick,Rahnsdorf,11009009
1311349819,,,"POLYGON ((13.4932757 52.5018365, 13.4932705 52.5018259, 13.4932905 52.5018223, 13.4932956 52.5018329, 13.4932757 52.5018365))","['clothes', 'shoes']",,Cavuslar,['operator: Cavuslar'],,,,website: https://www.cavtex.de,,,,,,,,hours=24/7,,Lichtenberg,Rummelsburg,11011011
1311349820,,,"POLYGON ((13.4920538 52.504646, 13.4920479 52.5046366, 13.4920653 52.5046326, 13.4920711 52.5046421, 13.4920538 52.504646))","['clothes', 'shoes']",,Cavuslar,['operator: Cavuslar'],,,,website: https://www.cavtex.de,,,,,,,,hours=24/7,,Lichtenberg,Rummelsburg,11011011
1311349821,,,"POLYGON ((13.4920473 52.5046358, 13.4920415 52.5046264, 13.4920589 52.5046224, 13.4920647 52.5046319, 13.4920473 52.5046358))","['clothes', 'shoes']",,Cavuslar,['operator: Cavuslar'],,,,website: https://www.cavtex.de,,,,,,,,hours=24/7,,Lichtenberg,Rummelsburg,11011011
1311349822,,,"POLYGON ((13.4717381 52.5097936, 13.4717294 52.509785, 13.4717451 52.509779, 13.4717539 52.5097876, 13.4717381 52.5097936))",['glass_bottles'],,Humana,['operator: Humana'],,,,website: https://humana-kleidersammlung.de/,,,,,,,,hours=24/7,,Friedrichshain-Kreuzberg,Friedrichshain,11002002
1311349823,,,"POLYGON ((13.4717548 52.5097875, 13.471746 52.5097789, 13.4717618 52.5097729, 13.4717705 52.5097815, 13.4717548 52.5097875))",['glass_bottles'],,Humana,['operator: Humana'],,,,website: https://humana-kleidersammlung.de/,,,,,,,,hours=24/7,,Friedrichshain-Kreuzberg,Friedrichshain,11002002
1311369099,,,"POLYGON ((13.7384237 52.4285762, 13.7385597 52.4285437, 13.7385416 52.4285129, 13.7384034 52.428546, 13.7384237 52.4285762))",,,,,,,,,,,,,,,,,,Treptow-Köpenick,Rahnsdorf,11009009
1311370428,,,"POLYGON ((13.739432 52.4282612, 13.7395235 52.4282393, 13.739496 52.4281967, 13.7394045 52.4282186, 13.739432 52.4282612))",,,,,,,,,,,,,,,,,,Treptow-Köpenick,Rahnsdorf,11009009
1311370429,,,"POLYGON ((13.7397459 52.4281873, 13.7398374 52.4281653, 13.7398099 52.4281227, 13.7397185 52.4281447, 13.7397459 52.4281873))",,,,,,,,,,,,,,,,,,Treptow-Köpenick,Rahnsdorf,11009009
1311370432,,,"POLYGON ((13.7407585 52.427946, 13.74085 52.4279241, 13.7408225 52.4278814, 13.740731 52.4279034, 13.7407585 52.427946))",,,,,,,,,,,,,,,,,,Treptow-Köpenick,Rahnsdorf,11009009
1311370434,,,"POLYGON ((13.7410178 52.4277807, 13.7411093 52.4277588, 13.7410818 52.4277162, 13.7409903 52.4277381, 13.7410178 52.4277807))",,,,,,,,,,,,,,,,,,Treptow-Köpenick,Rahnsdorf,11009009
1312172740,,,"POLYGON ((13.7382305 52.4285847, 13.7382474 52.428611, 13.738132 52.4286387, 13.7381151 52.4286124, 13.7382305 52.4285847))",,,,,,,,,,,,,,,,,,Treptow-Köpenick,Rahnsdorf,11009009
1312172741,,,"POLYGON ((13.7370754 52.4288377, 13.7371677 52.4288167, 13.7371424 52.4287756, 13.7370484 52.4287971, 13.7370754 52.4288377))",,,,,,,,,,,,,,,,,,Treptow-Köpenick,Rahnsdorf,11009009
1312172742,,,"POLYGON ((13.7368545 52.428894, 13.7367518 52.4289196, 13.7367237 52.4288779, 13.7368267 52.4288522, 13.7368545 52.428894))",,,,,,,,,,,,,,,,,,Treptow-Köpenick,Rahnsdorf,11009009
1314935849,,,"POLYGON ((13.7382753 52.4272291, 13.7382947 52.4272932, 13.7382142 52.4273025, 13.7381942 52.4272383, 13.7382753 52.4272291))",,,,,,,,,,,,,,,,,,Treptow-Köpenick,Rahnsdorf,11009009
1317973378,,,"POLYGON ((13.4956242 52.5049588, 13.49564 52.5049556, 13.4956459 52.5049663, 13.4956301 52.5049695, 13.4956242 52.5049588))","['clothes', 'shoes']",,Humana,['operator: Humana'],,,,website: https://humana-kleidersammlung.de/,,,,,,,,hours=24/7,,Lichtenberg,Rummelsburg,11011011
1317973379,,,"POLYGON ((13.4956174 52.5049467, 13.4956331 52.5049435, 13.4956391 52.5049542, 13.4956233 52.5049574, 13.4956174 52.5049467))","['clothes', 'shoes']",,Humana,['operator: Humana'],,,,website: https://humana-kleidersammlung.de/,,,,,,,,hours=24/7,,Lichtenberg,Rummelsburg,11011011
1319892781,,,"POLYGON ((13.4717461 52.5098371, 13.4717335 52.5098256, 13.4717901 52.5098026, 13.4718027 52.509814, 13.4717461 52.5098371))",['glass_bottles'],,Altglas,['name: Altglas'],,,,,,,,,0.0,,,,,Friedrichshain-Kreuzberg,Friedrichshain,11002002
1341530669,,,"POLYGON ((13.4372754 52.4162855, 13.4373651 52.4163015, 13.4373394 52.4163551, 13.4372497 52.4163391, 13.4372754 52.4162855))","['paper', 'plastic', 'waste']",['cardboard'],,,,,,,,,,,,,,,,Neukölln,Buckow,11008008
1341530670,,,"POLYGON ((13.4369375 52.4155032, 13.4370272 52.4155192, 13.4370015 52.4155727, 13.4369118 52.4155567, 13.4369375 52.4155032))","['paper', 'plastic', 'waste']",['cardboard'],,,,,,,,,,,,,,,,Neukölln,Buckow,11008008
1342842405,,,"POLYGON ((13.5951258 52.544133, 13.5953486 52.544102, 13.5953638 52.5441442, 13.5951967 52.5441665, 13.5951258 52.544133))",,,,,,,,,,,,,,,,,,Marzahn-Hellersdorf,Hellersdorf,11010010
1346232452,,,"POLYGON ((13.2490231 52.6107034, 13.2489739 52.6106706, 13.2490103 52.6106505, 13.2490427 52.6106325, 13.2490919 52.6106653, 13.2490231 52.6107034))","['plastic', 'green_waste', 'waste']",,,,,,,,private,,fence,,,,"Obstacles: fence, Access restricted (private)",,,Reinickendorf,Heiligensee,11012012
1346307421,,,"POLYGON ((13.4068479 52.5714633, 13.4068724 52.571427, 13.4068401 52.5714191, 13.4068079 52.5714112, 13.4067834 52.5714471, 13.4068479 52.5714633))","['cardboard', 'plastic', 'green_waste', 'waste']",,,,,,,,private,,,,,,Access restricted (private),,,Pankow,Pankow,11003003
1346310247,,,"POLYGON ((13.4065124 52.5719545, 13.4065368 52.5719188, 13.4064723 52.5719029, 13.4064479 52.5719386, 13.4064808 52.5719465, 13.4065124 52.5719545))","['cardboard', 'plastic', 'green_waste', 'waste']",,,,,,,,private,,wall,,,,"Obstacles: wall, Access restricted (private)",,,Pankow,Pankow,11003003
1346310429,,,"POLYGON ((13.4074354 52.5709301, 13.4073867 52.5709978, 13.4072806 52.5709708, 13.4072965 52.5709471, 13.4073269 52.5709013, 13.4074354 52.5709301))","['cardboard', 'plastic', 'waste']",,,,,,,,private,,,,,,Access restricted (private),,,Pankow,Pankow,11003003
1347787390,,,"POLYGON ((13.4070105 52.5713837, 13.4069746 52.5714348, 13.4070095 52.5714434, 13.4070404 52.5714511, 13.4070748 52.5714002, 13.4070105 52.5713837))","['cardboard', 'plastic', 'green_waste', 'waste']",,,,,,,,private,,,,,,Access restricted (private),,,Pankow,Pankow,11003003
1348015378,,,"POLYGON ((13.4052054 52.5717571, 13.4051255 52.5717397, 13.405148 52.5717016, 13.40519 52.5717108, 13.405228 52.5717191, 13.4052054 52.5717571))","['cardboard', 'plastic', 'green_waste', 'waste']",,,,,,,,private,,wall,,,,"Obstacles: wall, Access restricted (private)",,,Pankow,Pankow,11003003
1350326475,,,"POLYGON ((13.4102184 52.5692203, 13.4102278 52.5691995, 13.4103539 52.5692241, 13.4103339 52.5692634, 13.4102754 52.569247, 13.4102184 52.5692203))","['cardboard', 'plastic', 'waste']",,,,,,,,private,,,,,,Access restricted (private),,,Pankow,Pankow,11003003
1351801330,,,"POLYGON ((13.4070787 52.5718878, 13.407147 52.5719048, 13.4071172 52.571949, 13.4070488 52.5719319, 13.4070787 52.5718878))","['cardboard', 'plastic', 'green_waste', 'waste']",,,,,,,,private,,wall,,,,"Obstacles: wall, Access restricted (private)",,,Pankow,Pankow,11003003
1351944413,,,"POLYGON ((13.4093407 52.5680148, 13.409316 52.5680682, 13.4093686 52.5680772, 13.4093933 52.5680238, 13.4093407 52.5680148))","['cardboard', 'plastic', 'green_waste', 'waste']",,,,,,,,private,,wall,,,,"Obstacles: wall, Access restricted (private)",,,Pankow,Pankow,11003003
1353371891,,,"POLYGON ((13.4048769 52.5691775, 13.4049062 52.5691422, 13.4049474 52.5691549, 13.405033 52.5691812, 13.4050036 52.5692164, 13.4049609 52.5692033, 13.4049176 52.56919, 13.4048769 52.5691775))","['cardboard', 'plastic', 'green_waste', 'waste']",,,,,,,,private,,,,,,Access restricted (private),,,Pankow,Pankow,11003003
1353371892,,,"POLYGON ((13.4043754 52.5690822, 13.4044042 52.569045, 13.4045115 52.5690757, 13.4044827 52.5691129, 13.4044287 52.5690974, 13.4043754 52.5690822))","['cardboard', 'plastic', 'green_waste', 'waste']",,,,,,,,private,,wall,,,,"Obstacles: wall, Access restricted (private)",,,Pankow,Pankow,11003003
1353371894,,,"POLYGON ((13.4051133 52.5685506, 13.4050425 52.5685297, 13.4051047 52.5684519, 13.4051755 52.5684728, 13.4051133 52.5685506))","['cardboard', 'plastic', 'green_waste', 'waste']",,,,,,,,private,,,,,,Access restricted (private),,,Pankow,Pankow,11003003
1353371896,,,"POLYGON ((13.4060476 52.5681554, 13.4060217 52.5681945, 13.406117 52.5682178, 13.4061429 52.5681788, 13.4060476 52.5681554))","['cardboard', 'plastic', 'green_waste', 'waste']",,,,,,,,private,,,,,,Access restricted (private),,,Pankow,Pankow,11003003
1353676493,,,"POLYGON ((13.4058757 52.5721207, 13.4059247 52.5721309, 13.4059067 52.5721629, 13.4058577 52.5721526, 13.4058757 52.5721207))","['cardboard', 'plastic', 'green_waste', 'waste']",,,,,,,,private,,,,,,Access restricted (private),,,Pankow,Pankow,11003003
1353882798,,,"POLYGON ((13.4281289 52.4274569, 13.4281364 52.4274405, 13.4281625 52.4274449, 13.428155 52.4274613, 13.4281289 52.4274569))",['green_waste'],,,,['man_made: composting_plant'],,,,private,,,,,,Access restricted (private),,,Neukölln,Britz,11008008
1353882799,,,"POLYGON ((13.4281364 52.4274405, 13.4281441 52.4274238, 13.4281701 52.4274282, 13.4281625 52.4274449, 13.4281364 52.4274405))",['green_waste'],,,,['man_made: composting_plant'],,,,private,,,,,,Access restricted (private),,,Neukölln,Britz,11008008
1353882800,,,"POLYGON ((13.4281441 52.4274238, 13.4281519 52.4274069, 13.4281779 52.4274115, 13.4281701 52.4274282, 13.4281441 52.4274238))",['green_waste'],,,,['man_made: composting_plant'],,,,private,,,,,,Access restricted (private),,,Neukölln,Britz,11008008
1353882804,,,"POLYGON ((13.4282063 52.4274577, 13.4282131 52.4274453, 13.4282317 52.427449, 13.428225 52.4274614, 13.4282063 52.4274577))",['green_waste'],,,,['man_made: composting_plant'],,,,private,,,,,,Access restricted (private),,,Neukölln,Britz,11008008
1353882805,,,"POLYGON ((13.4282182 52.4274359, 13.4282246 52.4274242, 13.4282432 52.427428, 13.4282368 52.4274397, 13.4282182 52.4274359))",['green_waste'],,,,['man_made: composting_plant'],,,,private,,,,,,Access restricted (private),,,Neukölln,Britz,11008008
1353882806,,,"POLYGON ((13.4282131 52.4274453, 13.4282182 52.4274359, 13.4282368 52.4274397, 13.4282317 52.427449, 13.4282131 52.4274453))",['green_waste'],,,,['man_made: composting_plant'],,,,private,,,,,,Access restricted (private),,,Neukölln,Britz,11008008
1355115071,,,"POLYGON ((13.4071833 52.5735314, 13.4071932 52.5735125, 13.407203 52.5734936, 13.4071366 52.5734816, 13.4071183 52.5735194, 13.4071833 52.5735314))","['cardboard', 'plastic', 'green_waste', 'waste']",,,,,,,,private,,fence,,,,"Obstacles: fence, Access restricted (private)",,,Pankow,Pankow,11003003
1355996113,,,"POLYGON ((13.4042273 52.571811, 13.4042085 52.5718422, 13.4045065 52.5719082, 13.4045252 52.571877, 13.4042273 52.571811))","['cardboard', 'plastic', 'green_waste', 'waste']",,,,,,,,private,,wall,,,,"Obstacles: wall, Access restricted (private)",,,Pankow,Pankow,11003003
1356668405,,,"POLYGON ((13.4092339 52.5742533, 13.4093512 52.574281, 13.4093386 52.5743006, 13.4093261 52.5743202, 13.4092088 52.5742924, 13.4092339 52.5742533))","['cardboard', 'plastic', 'green_waste', 'waste']",,,,['operator:type: private'],,,,private,,fence,,,,"Obstacles: fence, Access restricted (private)",,,Pankow,Pankow,11003003
1356668408,,,"POLYGON ((13.4088196 52.573884, 13.4089085 52.5739039, 13.4088664 52.5739733, 13.4088153 52.5739619, 13.4087775 52.5739534, 13.4088196 52.573884))","['cardboard', 'plastic', 'green_waste', 'waste']",,,,,,,,private,,fence,,,,"Obstacles: fence, Access restricted (private)",,,Pankow,Pankow,11003003
1356668409,,,"POLYGON ((13.4090705 52.5725773, 13.4091481 52.5725958, 13.4091242 52.5726328, 13.4090466 52.5726143, 13.4090705 52.5725773))","['cardboard', 'plastic', 'green_waste', 'waste']",,,,,,,,private,,fence,,,,"Obstacles: fence, Access restricted (private)",,,Pankow,Pankow,11003003
1357802755,,,"POLYGON ((13.4093045 52.5717902, 13.4092888 52.5718181, 13.4092028 52.5718002, 13.4092151 52.5717782, 13.4092185 52.5717723, 13.4093045 52.5717902))","['cardboard', 'plastic', 'waste']",,,,,,,,private,,fence,,,,"Obstacles: fence, Access restricted (private)",,,Pankow,Pankow,11003003
1357802756,,,"POLYGON ((13.4090519 52.5718195, 13.4090323 52.5718548, 13.4089942 52.571847, 13.4090138 52.5718117, 13.4090328 52.5718156, 13.4090519 52.5718195))","['cardboard', 'plastic', 'waste']",,,,,,,,private,,wall,,,,"Obstacles: wall, Access restricted (private)",,,Pankow,Pankow,11003003
1357802763,,,"POLYGON ((13.4093964 52.571584, 13.4093827 52.5716051, 13.4093134 52.5715884, 13.4093225 52.5715745, 13.4093272 52.5715673, 13.4093964 52.571584))","['cardboard', 'plastic', 'waste']",,,,,,,,private,,fence,,,,"Obstacles: fence, Access restricted (private)",,,Pankow,Pankow,11003003
1357808262,,,"POLYGON ((13.4078733 52.5720689, 13.4078561 52.5720964, 13.4077828 52.5720794, 13.4078 52.5720519, 13.4078365 52.5720604, 13.4078733 52.5720689))","['cardboard', 'plastic', 'waste']",,,,,,,,private,,fence,,,,"Obstacles: fence, Access restricted (private)",,,Pankow,Pankow,11003003
1364264695,,,"POLYGON ((13.4118024 52.5766927, 13.4118555 52.5766703, 13.4118155 52.5766358, 13.4117818 52.5766498, 13.4117628 52.5766578, 13.4118024 52.5766927))","['cardboard', 'plastic', 'green_waste', 'waste']",,,,,,,,private,,fence,,,,"Obstacles: fence, Access restricted (private)",,,Pankow,Pankow,11003003
1364347955,,,"POLYGON ((13.401835 52.5624714, 13.40184 52.5624166, 13.4017704 52.5624142, 13.4017654 52.562469, 13.401835 52.5624714))","['cardboard', 'plastic', 'green_waste', 'waste']",,,,,,,,private,,,,,,Access restricted (private),,,Pankow,Pankow,11003003
1365412375,,,"POLYGON ((13.4160123 52.5706158, 13.4159411 52.5706659, 13.4158801 52.5706338, 13.4159513 52.5705837, 13.4160123 52.5706158))","['cardboard', 'plastic', 'waste']",,,,,,,,private,,,,,,Access restricted (private),,,Pankow,Pankow,11003003
1365412376,,,"POLYGON ((13.4143874 52.5729077, 13.4143719 52.572929, 13.4143023 52.5729102, 13.4143178 52.5728889, 13.4143874 52.5729077))","['cardboard', 'plastic', 'waste']",,,,,,,,private,,,,,,Access restricted (private),,,Pankow,Pankow,11003003
1365529065,,,"POLYGON ((13.4104095 52.5665687, 13.4103788 52.5665927, 13.4104133 52.566609, 13.410444 52.5665849, 13.4104095 52.5665687))","['cardboard', 'plastic', 'green_waste', 'waste']",,,,,,,,private,,,,,,Access restricted (private),,,Pankow,Pankow,11003003
1365529068,,,"POLYGON ((13.4105228 52.5665303, 13.4104601 52.5665781, 13.4105102 52.5666024, 13.4105243 52.5666092, 13.410587 52.5665615, 13.4105228 52.5665303))","['cardboard', 'plastic', 'green_waste', 'waste']",,,,,,,,private,,fence,,,,"Obstacles: fence, Access restricted (private)",,,Pankow,Pankow,11003003
1366965273,,,"POLYGON ((13.287664 52.5201288, 13.2878042 52.5201434, 13.287816 52.5201016, 13.2876757 52.520087, 13.2876699 52.5201079, 13.287664 52.5201288))",,,,,,,,,,,fence,,,,Obstacles: fence,,,Charlottenburg-Wilmersdorf,Charlottenburg,11004004
1381350013,,,"POLYGON ((13.4290919 52.4276209, 13.4290876 52.4276243, 13.4290934 52.4276267, 13.4290976 52.4276234, 13.4290919 52.4276209))",['green_waste'],,,,,,,,private,,,,,,Access restricted (private),,,Neukölln,Britz,11008008
1386621054,,,"POLYGON ((13.4310608 52.4246513, 13.43106 52.4245706, 13.4311325 52.4245703, 13.4311327 52.4245942, 13.4311333 52.424651, 13.4310608 52.4246513))",,,,,,,,,private,,,,,,Access restricted (private),,,Neukölln,Buckow,11008008
1417150374,,,"POLYGON ((13.6006549 52.5441544, 13.6008046 52.5441663, 13.6008138 52.5441232, 13.6006642 52.5441113, 13.6006549 52.5441544))","['paper', 'plastic_bottles', 'plastic_packaging', 'waste']",,,,,,,,,,fence,,,,Obstacles: fence,,,Marzahn-Hellersdorf,Hellersdorf,11010010
1417152944,,,"POLYGON ((13.586933 52.5475324, 13.586877 52.5475402, 13.5869098 52.5476274, 13.5869658 52.5476197, 13.586933 52.5475324))","['cans', 'paper', 'plastic_packaging', 'waste']",,,,,,,,,,fence,,,,Obstacles: fence,,,Marzahn-Hellersdorf,Hellersdorf,11010010
1417153112,,,"POLYGON ((13.5870739 52.5479288, 13.587018 52.5479366, 13.5870507 52.5480239, 13.5871067 52.5480161, 13.5870739 52.5479288))","['cans', 'paper', 'plastic_packaging', 'waste']",,,,,,,,,,fence,,,,Obstacles: fence,,,Marzahn-Hellersdorf,Hellersdorf,11010010
1417155268,,,"POLYGON ((13.5885714 52.5484835, 13.588713 52.5484649, 13.5886979 52.5484223, 13.5885563 52.5484409, 13.5885714 52.5484835))","['cans', 'paper', 'plastic', 'waste']",,,,,,,,,,fence,,,,Obstacles: fence,,,Marzahn-Hellersdorf,Hellersdorf,11010010
1417159146,,,"POLYGON ((13.591732 52.5481562, 13.5919532 52.5481266, 13.5919381 52.5480849, 13.5917169 52.5481145, 13.591732 52.5481562))","['glass_bottles', 'cans', 'paper', 'scrap_metal', 'cardboard', 'plastic_bottles', 'plastic_packaging', 'green_waste', 'newspaper', 'paper_packaging', 'waste', 'magazines']",['plastic'],,,,,,,,,,,,,,,,Marzahn-Hellersdorf,Hellersdorf,11010010
1417167812,,,"POLYGON ((13.5899642 52.5453716, 13.589784 52.5453972, 13.5897713 52.5453573, 13.589951 52.5453317, 13.5899642 52.5453716))","['glass_bottles', 'cans', 'paper', 'scrap_metal', 'cardboard', 'plastic', 'plastic_packaging', 'green_waste', 'newspaper', 'paper_packaging', 'waste', 'magazines']",['glass'],,,,,,,,,fence,,,,Obstacles: fence,,,Marzahn-Hellersdorf,Hellersdorf,11010010
1417259981,,,"POLYGON ((13.5948089 52.5447168, 13.5949369 52.5446993, 13.5949217 52.5446582, 13.5947937 52.5446757, 13.5948089 52.5447168))","['glass_bottles', 'cans', 'paper', 'scrap_metal', 'cardboard', 'plastic', 'plastic_bottles', 'plastic_packaging', 'green_waste', 'newspaper', 'paper_packaging', 'waste']",,,,,,,,,,fence,,,,Obstacles: fence,,,Marzahn-Hellersdorf,Hellersdorf,11010010
1417260623,,,"POLYGON ((13.5962704 52.5445091, 13.5962575 52.5444741, 13.5963863 52.5444566, 13.5963992 52.5444916, 13.5962704 52.5445091))","['glass_bottles', 'cans', 'paper', 'scrap_metal', 'cardboard', 'plastic', 'plastic_bottles', 'plastic_packaging', 'green_waste', 'newspaper', 'paper_packaging', 'waste']",,,,,,,,,,fence,,,,Obstacles: fence,,,Marzahn-Hellersdorf,Hellersdorf,11010010
1417272053,,,"POLYGON ((13.5982627 52.5442974, 13.5982788 52.544343, 13.5984207 52.5443245, 13.5984046 52.5442789, 13.5982627 52.5442974))","['glass_bottles', 'cans', 'paper', 'scrap_metal', 'cardboard', 'plastic_bottles', 'plastic_packaging', 'green_waste', 'newspaper', 'paper_packaging', 'waste']",,,,,,,,,,fence,,,,Obstacles: fence,,,Marzahn-Hellersdorf,Hellersdorf,11010010
1417272054,,,"POLYGON ((13.5967642 52.5444419, 13.5968602 52.5444296, 13.596846 52.5443886, 13.59675 52.5444009, 13.5967642 52.5444419))","['glass_bottles', 'cans', 'paper', 'scrap_metal', 'cardboard', 'plastic_bottles', 'plastic_packaging', 'green_waste', 'newspaper', 'paper_packaging', 'waste']",,,,,,,,,,fence,,,,Obstacles: fence,,,Marzahn-Hellersdorf,Hellersdorf,11010010
1421116477,,,"POLYGON ((13.5555335 52.5277308, 13.5555008 52.5277329, 13.5554895 52.5276686, 13.5555222 52.5276664, 13.5555335 52.5277308))",['glass_bottles'],"['glass', 'batteries']",,,,,,,,,,,,,,,,Marzahn-Hellersdorf,Biesdorf,11010010
1422751165,,,"POLYGON ((13.2918716 52.5879357, 13.2919157 52.5879094, 13.2919798 52.587949, 13.2919357 52.5879753, 13.2918716 52.5879357))","['cardboard', 'plastic', 'waste']",,,,,,,,private,,,,,,Access restricted (private),,,Reinickendorf,Tegel,11012012
1423111082,,,"POLYGON ((13.2915822 52.5882514, 13.2916263 52.5882251, 13.2916904 52.5882647, 13.2916463 52.588291, 13.2915822 52.5882514))","['cardboard', 'plastic', 'waste']",,,,,,,,private,,,,,,Access restricted (private),,,Reinickendorf,Tegel,11012012
1423410369,,,"POLYGON ((13.2904846 52.5896327, 13.2905287 52.5896064, 13.2905928 52.589646, 13.2905487 52.5896723, 13.2904846 52.5896327))","['cardboard', 'plastic', 'waste']",,,,,,,,private,,,,,,Access restricted (private),,,Reinickendorf,Tegel,11012012
1423410371,,,"POLYGON ((13.2907749 52.5892983, 13.290819 52.589272, 13.2908831 52.5893116, 13.290839 52.5893379, 13.2907749 52.5892983))","['cardboard', 'plastic', 'waste']",,,,,,,,private,,,,,,Access restricted (private),,,Reinickendorf,Tegel,11012012
1423410372,,,"POLYGON ((13.2910106 52.5889376, 13.2910547 52.5889113, 13.2911188 52.5889509, 13.2910747 52.5889772, 13.2910106 52.5889376))","['cardboard', 'plastic', 'waste']",,,,,,,,private,,,,,,Access restricted (private),,,Reinickendorf,Tegel,11012012
1423410374,,,"POLYGON ((13.2912853 52.5885857, 13.2913294 52.5885594, 13.2913935 52.588599, 13.2913494 52.5886253, 13.2912853 52.5885857))","['cardboard', 'plastic', 'waste']",,,,,,,,private,,,,,,Access restricted (private),,,Reinickendorf,Tegel,11012012
1427710061,,,"POLYGON ((13.4024738 52.5607714, 13.402562 52.5607226, 13.4025419 52.5607092, 13.4025209 52.5606952, 13.4024327 52.5607441, 13.4024738 52.5607714))","['cardboard', 'plastic', 'green_waste', 'waste']",,,,,,,,private,,fence,,,,"Obstacles: fence, Access restricted (private)",,,Pankow,Pankow,11003003
1435699832,,,"POLYGON ((13.3893852 52.5355281, 13.3894089 52.5355498, 13.389444 52.5355825, 13.3894274 52.5355896, 13.389393 52.5356037, 13.3893322 52.5355499, 13.3893325 52.5355498, 13.3893691 52.5355347, 13.3893852 52.5355281))",,,,,,,,,private,,,,,,Access restricted (private),,,Mitte,Gesundbrunnen,11001001
1436214574,,,"POLYGON ((13.3878699 52.5346404, 13.3879007 52.5346279, 13.3879621 52.5346836, 13.3879985 52.5346688, 13.3880347 52.5347017, 13.3879675 52.5347291, 13.3879146 52.5346805, 13.3878699 52.5346404))",,,,,,,,,,,,,,,,,,Mitte,Gesundbrunnen,11001001
1436755940,,,"POLYGON ((13.3886363 52.5352609, 13.3886377 52.5352884, 13.3886315 52.5352969, 13.3886097 52.5353102, 13.3885961 52.5353155, 13.3885819 52.5353211, 13.3885598 52.5353417, 13.3884964 52.5352881, 13.3885455 52.5352679, 13.3886052 52.5352433, 13.3886363 52.5352609))",['garden_waste'],,,,,,,,private,,,,,,Access restricted (private),,,Mitte,Gesundbrunnen,11001001
1437119382,,,"POLYGON ((13.7100361 52.4366391, 13.7100632 52.4366425, 13.7100874 52.4365713, 13.7100603 52.4365679, 13.7100361 52.4366391))",['glass_bottles'],,,,,,,,,,parking obstruction,,,,Obstacles: parking obstruction,,,Treptow-Köpenick,Rahnsdorf,11009009
1448156165,,,"POLYGON ((13.7317206 52.4286915, 13.7317928 52.4286847, 13.731782 52.4286419, 13.7317098 52.4286486, 13.7317206 52.4286915))",,,,,,,,,,,,,,,,,,Treptow-Köpenick,Rahnsdorf,11009009
1448156166,,,"POLYGON ((13.7323911 52.4286221, 13.7324471 52.428616, 13.7324335 52.4285692, 13.7323775 52.4285753, 13.7323911 52.4286221))",,,,,,,,,,,,,,,,,,Treptow-Köpenick,Rahnsdorf,11009009
1448681307,,,"POLYGON ((13.6581296 52.4073382, 13.6581645 52.4073612, 13.6582293 52.4073247, 13.6581944 52.4073016, 13.6581296 52.4073382))","['glass_bottles', 'clothes']",['glass'],,,,,,,,,,,,,,,,Treptow-Köpenick,Müggelheim,11009009
1451298080,,,"POLYGON ((13.5926578 52.4293233, 13.5926897 52.429326, 13.5927071 52.4292496, 13.5926752 52.4292469, 13.5926578 52.4293233))",['glass_bottles'],,,,,,,,,,,,,,,,,Treptow-Köpenick,Köpenick,11009009
1451319774,,,"POLYGON ((13.5972376 52.4343312, 13.5973159 52.4343734, 13.597326 52.4343664, 13.5972478 52.4343242, 13.5972376 52.4343312))",['glass_bottles'],,,,,,,,,,parking obstruction,,,,Obstacles: parking obstruction,,,Treptow-Köpenick,Köpenick,11009009
1452164030,,,"POLYGON ((13.3943996 52.5719623, 13.3944019 52.5718962, 13.3944702 52.571897, 13.394469 52.5719309, 13.3944679 52.5719632, 13.3943996 52.5719623))","['cardboard', 'plastic', 'waste']",,,,,,,,private,,fence,,,,"Obstacles: fence, Access restricted (private)",,,Pankow,Niederschönhausen,11003003
