[2026-02-25T00:03:02.338+0000] {processor.py:186} INFO - Started process (PID=7886) to work on /opt/airflow/dags/core_osm_table_generator_dag.py
[2026-02-25T00:03:02.341+0000] {processor.py:914} INFO - Processing file /opt/airflow/dags/core_osm_table_generator_dag.py for tasks to queue
[2026-02-25T00:03:02.350+0000] {logging_mixin.py:190} INFO - [2026-02-25T00:03:02.348+0000] {dagbag.py:588} INFO - Filling up the DagBag from /opt/airflow/dags/core_osm_table_generator_dag.py
[2026-02-25T00:03:02.395+0000] {processor.py:925} INFO - DAG(s) 'core_osm_table_generator' retrieved from /opt/airflow/dags/core_osm_table_generator_dag.py
[2026-02-25T00:03:02.446+0000] {logging_mixin.py:190} INFO - [2026-02-25T00:03:02.446+0000] {dag.py:3239} INFO - Sync 1 DAGs
[2026-02-25T00:03:02.476+0000] {logging_mixin.py:190} INFO - [2026-02-25T00:03:02.476+0000] {dag.py:4180} INFO - Setting next_dagrun for core_osm_table_generator to None, run_after=None
[2026-02-25T00:03:02.489+0000] {processor.py:208} INFO - Processing /opt/airflow/dags/core_osm_table_generator_dag.py took 0.165 seconds
[2026-02-25T01:13:20.381+0000] {processor.py:186} INFO - Started process (PID=7887) to work on /opt/airflow/dags/core_osm_table_generator_dag.py
[2026-02-25T01:13:20.382+0000] {processor.py:914} INFO - Processing file /opt/airflow/dags/core_osm_table_generator_dag.py for tasks to queue
[2026-02-25T01:13:20.384+0000] {logging_mixin.py:190} INFO - [2026-02-25T01:13:20.383+0000] {dagbag.py:588} INFO - Filling up the DagBag from /opt/airflow/dags/core_osm_table_generator_dag.py
[2026-02-25T01:13:20.449+0000] {processor.py:925} INFO - DAG(s) 'core_osm_table_generator' retrieved from /opt/airflow/dags/core_osm_table_generator_dag.py
[2026-02-25T01:13:20.496+0000] {logging_mixin.py:190} INFO - [2026-02-25T01:13:20.496+0000] {dag.py:3239} INFO - Sync 1 DAGs
[2026-02-25T01:13:20.507+0000] {logging_mixin.py:190} INFO - [2026-02-25T01:13:20.507+0000] {dag.py:4180} INFO - Setting next_dagrun for core_osm_table_generator to None, run_after=None
[2026-02-25T01:13:20.516+0000] {processor.py:208} INFO - Processing /opt/airflow/dags/core_osm_table_generator_dag.py took 0.160 seconds
[2026-02-25T02:06:45.005+0000] {processor.py:186} INFO - Started process (PID=7888) to work on /opt/airflow/dags/core_osm_table_generator_dag.py
[2026-02-25T02:06:45.007+0000] {processor.py:914} INFO - Processing file /opt/airflow/dags/core_osm_table_generator_dag.py for tasks to queue
[2026-02-25T02:06:45.011+0000] {logging_mixin.py:190} INFO - [2026-02-25T02:06:45.010+0000] {dagbag.py:588} INFO - Filling up the DagBag from /opt/airflow/dags/core_osm_table_generator_dag.py
[2026-02-25T02:06:45.063+0000] {processor.py:925} INFO - DAG(s) 'core_osm_table_generator' retrieved from /opt/airflow/dags/core_osm_table_generator_dag.py
[2026-02-25T02:06:45.116+0000] {logging_mixin.py:190} INFO - [2026-02-25T02:06:45.116+0000] {dag.py:3239} INFO - Sync 1 DAGs
[2026-02-25T02:06:45.142+0000] {logging_mixin.py:190} INFO - [2026-02-25T02:06:45.141+0000] {dag.py:4180} INFO - Setting next_dagrun for core_osm_table_generator to None, run_after=None
[2026-02-25T02:06:45.154+0000] {processor.py:208} INFO - Processing /opt/airflow/dags/core_osm_table_generator_dag.py took 0.170 seconds
[2026-02-25T03:24:49.717+0000] {processor.py:186} INFO - Started process (PID=7889) to work on /opt/airflow/dags/core_osm_table_generator_dag.py
[2026-02-25T03:24:49.718+0000] {processor.py:914} INFO - Processing file /opt/airflow/dags/core_osm_table_generator_dag.py for tasks to queue
[2026-02-25T03:24:49.720+0000] {logging_mixin.py:190} INFO - [2026-02-25T03:24:49.719+0000] {dagbag.py:588} INFO - Filling up the DagBag from /opt/airflow/dags/core_osm_table_generator_dag.py
[2026-02-25T03:24:50.781+0000] {processor.py:925} INFO - DAG(s) 'core_osm_table_generator' retrieved from /opt/airflow/dags/core_osm_table_generator_dag.py
[2026-02-25T03:24:50.908+0000] {logging_mixin.py:190} INFO - [2026-02-25T03:24:50.907+0000] {dag.py:3239} INFO - Sync 1 DAGs
[2026-02-25T03:24:50.944+0000] {logging_mixin.py:190} INFO - [2026-02-25T03:24:50.944+0000] {dag.py:4180} INFO - Setting next_dagrun for core_osm_table_generator to None, run_after=None
[2026-02-25T03:24:50.972+0000] {processor.py:208} INFO - Processing /opt/airflow/dags/core_osm_table_generator_dag.py took 1.266 seconds
[2026-02-25T03:48:15.189+0000] {processor.py:186} INFO - Started process (PID=7890) to work on /opt/airflow/dags/core_osm_table_generator_dag.py
[2026-02-25T03:48:15.193+0000] {processor.py:914} INFO - Processing file /opt/airflow/dags/core_osm_table_generator_dag.py for tasks to queue
[2026-02-25T03:48:15.195+0000] {logging_mixin.py:190} INFO - [2026-02-25T03:48:15.194+0000] {dagbag.py:588} INFO - Filling up the DagBag from /opt/airflow/dags/core_osm_table_generator_dag.py
[2026-02-25T03:48:15.273+0000] {processor.py:925} INFO - DAG(s) 'core_osm_table_generator' retrieved from /opt/airflow/dags/core_osm_table_generator_dag.py
[2026-02-25T03:48:15.329+0000] {logging_mixin.py:190} INFO - [2026-02-25T03:48:15.329+0000] {dag.py:3239} INFO - Sync 1 DAGs
[2026-02-25T03:48:15.346+0000] {logging_mixin.py:190} INFO - [2026-02-25T03:48:15.346+0000] {dag.py:4180} INFO - Setting next_dagrun for core_osm_table_generator to None, run_after=None
[2026-02-25T03:48:15.370+0000] {processor.py:208} INFO - Processing /opt/airflow/dags/core_osm_table_generator_dag.py took 0.207 seconds
[2026-02-25T03:48:45.601+0000] {processor.py:186} INFO - Started process (PID=7891) to work on /opt/airflow/dags/core_osm_table_generator_dag.py
[2026-02-25T03:48:45.603+0000] {processor.py:914} INFO - Processing file /opt/airflow/dags/core_osm_table_generator_dag.py for tasks to queue
[2026-02-25T03:48:45.604+0000] {logging_mixin.py:190} INFO - [2026-02-25T03:48:45.604+0000] {dagbag.py:588} INFO - Filling up the DagBag from /opt/airflow/dags/core_osm_table_generator_dag.py
[2026-02-25T03:48:45.656+0000] {processor.py:925} INFO - DAG(s) 'core_osm_table_generator' retrieved from /opt/airflow/dags/core_osm_table_generator_dag.py
[2026-02-25T03:48:45.733+0000] {logging_mixin.py:190} INFO - [2026-02-25T03:48:45.733+0000] {dag.py:3239} INFO - Sync 1 DAGs
[2026-02-25T03:48:45.752+0000] {logging_mixin.py:190} INFO - [2026-02-25T03:48:45.752+0000] {dag.py:4180} INFO - Setting next_dagrun for core_osm_table_generator to None, run_after=None
[2026-02-25T03:48:45.773+0000] {processor.py:208} INFO - Processing /opt/airflow/dags/core_osm_table_generator_dag.py took 0.194 seconds
[2026-02-25T04:04:13.720+0000] {processor.py:186} INFO - Started process (PID=7892) to work on /opt/airflow/dags/core_osm_table_generator_dag.py
[2026-02-25T04:04:13.721+0000] {processor.py:914} INFO - Processing file /opt/airflow/dags/core_osm_table_generator_dag.py for tasks to queue
[2026-02-25T04:04:13.722+0000] {logging_mixin.py:190} INFO - [2026-02-25T04:04:13.722+0000] {dagbag.py:588} INFO - Filling up the DagBag from /opt/airflow/dags/core_osm_table_generator_dag.py
[2026-02-25T04:04:13.759+0000] {processor.py:925} INFO - DAG(s) 'core_osm_table_generator' retrieved from /opt/airflow/dags/core_osm_table_generator_dag.py
[2026-02-25T04:04:13.782+0000] {logging_mixin.py:190} INFO - [2026-02-25T04:04:13.782+0000] {dag.py:3239} INFO - Sync 1 DAGs
[2026-02-25T04:04:13.797+0000] {logging_mixin.py:190} INFO - [2026-02-25T04:04:13.796+0000] {dag.py:4180} INFO - Setting next_dagrun for core_osm_table_generator to None, run_after=None
[2026-02-25T04:04:13.806+0000] {processor.py:208} INFO - Processing /opt/airflow/dags/core_osm_table_generator_dag.py took 0.105 seconds
[2026-02-25T04:19:55.467+0000] {processor.py:186} INFO - Started process (PID=7893) to work on /opt/airflow/dags/core_osm_table_generator_dag.py
[2026-02-25T04:19:55.469+0000] {processor.py:914} INFO - Processing file /opt/airflow/dags/core_osm_table_generator_dag.py for tasks to queue
[2026-02-25T04:19:55.471+0000] {logging_mixin.py:190} INFO - [2026-02-25T04:19:55.470+0000] {dagbag.py:588} INFO - Filling up the DagBag from /opt/airflow/dags/core_osm_table_generator_dag.py
[2026-02-25T04:19:55.517+0000] {processor.py:925} INFO - DAG(s) 'core_osm_table_generator' retrieved from /opt/airflow/dags/core_osm_table_generator_dag.py
[2026-02-25T04:19:55.557+0000] {logging_mixin.py:190} INFO - [2026-02-25T04:19:55.556+0000] {dag.py:3239} INFO - Sync 1 DAGs
[2026-02-25T04:19:55.571+0000] {logging_mixin.py:190} INFO - [2026-02-25T04:19:55.571+0000] {dag.py:4180} INFO - Setting next_dagrun for core_osm_table_generator to None, run_after=None
[2026-02-25T04:19:55.581+0000] {processor.py:208} INFO - Processing /opt/airflow/dags/core_osm_table_generator_dag.py took 0.123 seconds
[2026-02-25T04:20:25.868+0000] {processor.py:186} INFO - Started process (PID=7894) to work on /opt/airflow/dags/core_osm_table_generator_dag.py
[2026-02-25T04:20:25.870+0000] {processor.py:914} INFO - Processing file /opt/airflow/dags/core_osm_table_generator_dag.py for tasks to queue
[2026-02-25T04:20:25.871+0000] {logging_mixin.py:190} INFO - [2026-02-25T04:20:25.871+0000] {dagbag.py:588} INFO - Filling up the DagBag from /opt/airflow/dags/core_osm_table_generator_dag.py
[2026-02-25T04:20:25.902+0000] {processor.py:925} INFO - DAG(s) 'core_osm_table_generator' retrieved from /opt/airflow/dags/core_osm_table_generator_dag.py
[2026-02-25T04:20:25.941+0000] {logging_mixin.py:190} INFO - [2026-02-25T04:20:25.940+0000] {dag.py:3239} INFO - Sync 1 DAGs
[2026-02-25T04:20:25.953+0000] {logging_mixin.py:190} INFO - [2026-02-25T04:20:25.953+0000] {dag.py:4180} INFO - Setting next_dagrun for core_osm_table_generator to None, run_after=None
[2026-02-25T04:20:25.962+0000] {processor.py:208} INFO - Processing /opt/airflow/dags/core_osm_table_generator_dag.py took 0.121 seconds
[2026-02-25T04:36:57.475+0000] {processor.py:186} INFO - Started process (PID=7895) to work on /opt/airflow/dags/core_osm_table_generator_dag.py
[2026-02-25T04:36:57.477+0000] {processor.py:914} INFO - Processing file /opt/airflow/dags/core_osm_table_generator_dag.py for tasks to queue
[2026-02-25T04:36:57.479+0000] {logging_mixin.py:190} INFO - [2026-02-25T04:36:57.479+0000] {dagbag.py:588} INFO - Filling up the DagBag from /opt/airflow/dags/core_osm_table_generator_dag.py
[2026-02-25T04:36:57.520+0000] {processor.py:925} INFO - DAG(s) 'core_osm_table_generator' retrieved from /opt/airflow/dags/core_osm_table_generator_dag.py
[2026-02-25T04:36:57.549+0000] {logging_mixin.py:190} INFO - [2026-02-25T04:36:57.549+0000] {dag.py:3239} INFO - Sync 1 DAGs
[2026-02-25T04:36:57.561+0000] {logging_mixin.py:190} INFO - [2026-02-25T04:36:57.561+0000] {dag.py:4180} INFO - Setting next_dagrun for core_osm_table_generator to None, run_after=None
[2026-02-25T04:36:57.571+0000] {processor.py:208} INFO - Processing /opt/airflow/dags/core_osm_table_generator_dag.py took 0.110 seconds
[2026-02-25T04:37:27.855+0000] {processor.py:186} INFO - Started process (PID=7896) to work on /opt/airflow/dags/core_osm_table_generator_dag.py
[2026-02-25T04:37:27.857+0000] {processor.py:914} INFO - Processing file /opt/airflow/dags/core_osm_table_generator_dag.py for tasks to queue
[2026-02-25T04:37:27.859+0000] {logging_mixin.py:190} INFO - [2026-02-25T04:37:27.859+0000] {dagbag.py:588} INFO - Filling up the DagBag from /opt/airflow/dags/core_osm_table_generator_dag.py
[2026-02-25T04:37:27.906+0000] {processor.py:925} INFO - DAG(s) 'core_osm_table_generator' retrieved from /opt/airflow/dags/core_osm_table_generator_dag.py
[2026-02-25T04:37:27.938+0000] {logging_mixin.py:190} INFO - [2026-02-25T04:37:27.938+0000] {dag.py:3239} INFO - Sync 1 DAGs
[2026-02-25T04:37:27.950+0000] {logging_mixin.py:190} INFO - [2026-02-25T04:37:27.950+0000] {dag.py:4180} INFO - Setting next_dagrun for core_osm_table_generator to None, run_after=None
[2026-02-25T04:37:27.960+0000] {processor.py:208} INFO - Processing /opt/airflow/dags/core_osm_table_generator_dag.py took 0.128 seconds
[2026-02-25T04:54:08.447+0000] {processor.py:186} INFO - Started process (PID=7897) to work on /opt/airflow/dags/core_osm_table_generator_dag.py
[2026-02-25T04:54:08.449+0000] {processor.py:914} INFO - Processing file /opt/airflow/dags/core_osm_table_generator_dag.py for tasks to queue
[2026-02-25T04:54:08.450+0000] {logging_mixin.py:190} INFO - [2026-02-25T04:54:08.450+0000] {dagbag.py:588} INFO - Filling up the DagBag from /opt/airflow/dags/core_osm_table_generator_dag.py
[2026-02-25T04:54:08.497+0000] {processor.py:925} INFO - DAG(s) 'core_osm_table_generator' retrieved from /opt/airflow/dags/core_osm_table_generator_dag.py
[2026-02-25T04:54:08.540+0000] {logging_mixin.py:190} INFO - [2026-02-25T04:54:08.540+0000] {dag.py:3239} INFO - Sync 1 DAGs
[2026-02-25T04:54:08.560+0000] {logging_mixin.py:190} INFO - [2026-02-25T04:54:08.560+0000] {dag.py:4180} INFO - Setting next_dagrun for core_osm_table_generator to None, run_after=None
[2026-02-25T04:54:08.571+0000] {processor.py:208} INFO - Processing /opt/airflow/dags/core_osm_table_generator_dag.py took 0.138 seconds
[2026-02-25T04:54:38.883+0000] {processor.py:186} INFO - Started process (PID=7898) to work on /opt/airflow/dags/core_osm_table_generator_dag.py
[2026-02-25T04:54:38.885+0000] {processor.py:914} INFO - Processing file /opt/airflow/dags/core_osm_table_generator_dag.py for tasks to queue
[2026-02-25T04:54:38.887+0000] {logging_mixin.py:190} INFO - [2026-02-25T04:54:38.886+0000] {dagbag.py:588} INFO - Filling up the DagBag from /opt/airflow/dags/core_osm_table_generator_dag.py
[2026-02-25T04:54:38.916+0000] {processor.py:925} INFO - DAG(s) 'core_osm_table_generator' retrieved from /opt/airflow/dags/core_osm_table_generator_dag.py
[2026-02-25T04:54:38.938+0000] {logging_mixin.py:190} INFO - [2026-02-25T04:54:38.938+0000] {dag.py:3239} INFO - Sync 1 DAGs
[2026-02-25T04:54:38.957+0000] {logging_mixin.py:190} INFO - [2026-02-25T04:54:38.957+0000] {dag.py:4180} INFO - Setting next_dagrun for core_osm_table_generator to None, run_after=None
[2026-02-25T04:54:38.973+0000] {processor.py:208} INFO - Processing /opt/airflow/dags/core_osm_table_generator_dag.py took 0.099 seconds
[2026-02-25T04:55:09.415+0000] {processor.py:186} INFO - Started process (PID=7899) to work on /opt/airflow/dags/core_osm_table_generator_dag.py
[2026-02-25T04:55:09.417+0000] {processor.py:914} INFO - Processing file /opt/airflow/dags/core_osm_table_generator_dag.py for tasks to queue
[2026-02-25T04:55:09.418+0000] {logging_mixin.py:190} INFO - [2026-02-25T04:55:09.418+0000] {dagbag.py:588} INFO - Filling up the DagBag from /opt/airflow/dags/core_osm_table_generator_dag.py
[2026-02-25T04:55:09.466+0000] {processor.py:925} INFO - DAG(s) 'core_osm_table_generator' retrieved from /opt/airflow/dags/core_osm_table_generator_dag.py
[2026-02-25T04:55:09.493+0000] {logging_mixin.py:190} INFO - [2026-02-25T04:55:09.493+0000] {dag.py:3239} INFO - Sync 1 DAGs
[2026-02-25T04:55:09.523+0000] {logging_mixin.py:190} INFO - [2026-02-25T04:55:09.522+0000] {dag.py:4180} INFO - Setting next_dagrun for core_osm_table_generator to None, run_after=None
[2026-02-25T04:55:09.534+0000] {processor.py:208} INFO - Processing /opt/airflow/dags/core_osm_table_generator_dag.py took 0.128 seconds
[2026-02-25T04:55:39.801+0000] {processor.py:186} INFO - Started process (PID=7900) to work on /opt/airflow/dags/core_osm_table_generator_dag.py
[2026-02-25T04:55:39.803+0000] {processor.py:914} INFO - Processing file /opt/airflow/dags/core_osm_table_generator_dag.py for tasks to queue
[2026-02-25T04:55:39.804+0000] {logging_mixin.py:190} INFO - [2026-02-25T04:55:39.804+0000] {dagbag.py:588} INFO - Filling up the DagBag from /opt/airflow/dags/core_osm_table_generator_dag.py
[2026-02-25T04:55:39.822+0000] {processor.py:925} INFO - DAG(s) 'core_osm_table_generator' retrieved from /opt/airflow/dags/core_osm_table_generator_dag.py
[2026-02-25T04:55:39.840+0000] {logging_mixin.py:190} INFO - [2026-02-25T04:55:39.840+0000] {dag.py:3239} INFO - Sync 1 DAGs
[2026-02-25T04:55:39.848+0000] {logging_mixin.py:190} INFO - [2026-02-25T04:55:39.848+0000] {dag.py:4180} INFO - Setting next_dagrun for core_osm_table_generator to None, run_after=None
[2026-02-25T04:55:39.856+0000] {processor.py:208} INFO - Processing /opt/airflow/dags/core_osm_table_generator_dag.py took 0.063 seconds
[2026-02-25T04:56:10.274+0000] {processor.py:186} INFO - Started process (PID=7901) to work on /opt/airflow/dags/core_osm_table_generator_dag.py
[2026-02-25T04:56:10.277+0000] {processor.py:914} INFO - Processing file /opt/airflow/dags/core_osm_table_generator_dag.py for tasks to queue
[2026-02-25T04:56:10.282+0000] {logging_mixin.py:190} INFO - [2026-02-25T04:56:10.281+0000] {dagbag.py:588} INFO - Filling up the DagBag from /opt/airflow/dags/core_osm_table_generator_dag.py
[2026-02-25T04:56:10.321+0000] {processor.py:925} INFO - DAG(s) 'core_osm_table_generator' retrieved from /opt/airflow/dags/core_osm_table_generator_dag.py
[2026-02-25T04:56:10.356+0000] {logging_mixin.py:190} INFO - [2026-02-25T04:56:10.355+0000] {dag.py:3239} INFO - Sync 1 DAGs
[2026-02-25T04:56:10.374+0000] {logging_mixin.py:190} INFO - [2026-02-25T04:56:10.374+0000] {dag.py:4180} INFO - Setting next_dagrun for core_osm_table_generator to None, run_after=None
[2026-02-25T04:56:10.384+0000] {processor.py:208} INFO - Processing /opt/airflow/dags/core_osm_table_generator_dag.py took 0.136 seconds
[2026-02-25T04:56:40.672+0000] {processor.py:186} INFO - Started process (PID=7902) to work on /opt/airflow/dags/core_osm_table_generator_dag.py
[2026-02-25T04:56:40.673+0000] {processor.py:914} INFO - Processing file /opt/airflow/dags/core_osm_table_generator_dag.py for tasks to queue
[2026-02-25T04:56:40.675+0000] {logging_mixin.py:190} INFO - [2026-02-25T04:56:40.674+0000] {dagbag.py:588} INFO - Filling up the DagBag from /opt/airflow/dags/core_osm_table_generator_dag.py
[2026-02-25T04:56:40.692+0000] {processor.py:925} INFO - DAG(s) 'core_osm_table_generator' retrieved from /opt/airflow/dags/core_osm_table_generator_dag.py
[2026-02-25T04:56:40.707+0000] {logging_mixin.py:190} INFO - [2026-02-25T04:56:40.707+0000] {dag.py:3239} INFO - Sync 1 DAGs
[2026-02-25T04:56:40.715+0000] {logging_mixin.py:190} INFO - [2026-02-25T04:56:40.714+0000] {dag.py:4180} INFO - Setting next_dagrun for core_osm_table_generator to None, run_after=None
[2026-02-25T04:56:40.722+0000] {processor.py:208} INFO - Processing /opt/airflow/dags/core_osm_table_generator_dag.py took 0.058 seconds
[2026-02-25T05:09:26.631+0000] {processor.py:186} INFO - Started process (PID=7903) to work on /opt/airflow/dags/core_osm_table_generator_dag.py
[2026-02-25T05:09:26.632+0000] {processor.py:914} INFO - Processing file /opt/airflow/dags/core_osm_table_generator_dag.py for tasks to queue
[2026-02-25T05:09:26.634+0000] {logging_mixin.py:190} INFO - [2026-02-25T05:09:26.633+0000] {dagbag.py:588} INFO - Filling up the DagBag from /opt/airflow/dags/core_osm_table_generator_dag.py
[2026-02-25T05:09:26.673+0000] {processor.py:925} INFO - DAG(s) 'core_osm_table_generator' retrieved from /opt/airflow/dags/core_osm_table_generator_dag.py
[2026-02-25T05:09:26.696+0000] {logging_mixin.py:190} INFO - [2026-02-25T05:09:26.696+0000] {dag.py:3239} INFO - Sync 1 DAGs
[2026-02-25T05:09:26.714+0000] {logging_mixin.py:190} INFO - [2026-02-25T05:09:26.714+0000] {dag.py:4180} INFO - Setting next_dagrun for core_osm_table_generator to None, run_after=None
[2026-02-25T05:09:26.724+0000] {processor.py:208} INFO - Processing /opt/airflow/dags/core_osm_table_generator_dag.py took 0.112 seconds
[2026-02-25T05:09:57.084+0000] {processor.py:186} INFO - Started process (PID=7904) to work on /opt/airflow/dags/core_osm_table_generator_dag.py
[2026-02-25T05:09:57.086+0000] {processor.py:914} INFO - Processing file /opt/airflow/dags/core_osm_table_generator_dag.py for tasks to queue
[2026-02-25T05:09:57.087+0000] {logging_mixin.py:190} INFO - [2026-02-25T05:09:57.087+0000] {dagbag.py:588} INFO - Filling up the DagBag from /opt/airflow/dags/core_osm_table_generator_dag.py
[2026-02-25T05:09:57.104+0000] {processor.py:925} INFO - DAG(s) 'core_osm_table_generator' retrieved from /opt/airflow/dags/core_osm_table_generator_dag.py
[2026-02-25T05:09:57.121+0000] {logging_mixin.py:190} INFO - [2026-02-25T05:09:57.121+0000] {dag.py:3239} INFO - Sync 1 DAGs
[2026-02-25T05:09:57.129+0000] {logging_mixin.py:190} INFO - [2026-02-25T05:09:57.129+0000] {dag.py:4180} INFO - Setting next_dagrun for core_osm_table_generator to None, run_after=None
[2026-02-25T05:09:57.137+0000] {processor.py:208} INFO - Processing /opt/airflow/dags/core_osm_table_generator_dag.py took 0.061 seconds
[2026-02-25T05:10:27.587+0000] {processor.py:186} INFO - Started process (PID=7905) to work on /opt/airflow/dags/core_osm_table_generator_dag.py
[2026-02-25T05:10:27.588+0000] {processor.py:914} INFO - Processing file /opt/airflow/dags/core_osm_table_generator_dag.py for tasks to queue
[2026-02-25T05:10:27.590+0000] {logging_mixin.py:190} INFO - [2026-02-25T05:10:27.589+0000] {dagbag.py:588} INFO - Filling up the DagBag from /opt/airflow/dags/core_osm_table_generator_dag.py
[2026-02-25T05:10:27.621+0000] {processor.py:925} INFO - DAG(s) 'core_osm_table_generator' retrieved from /opt/airflow/dags/core_osm_table_generator_dag.py
[2026-02-25T05:10:27.652+0000] {logging_mixin.py:190} INFO - [2026-02-25T05:10:27.652+0000] {dag.py:3239} INFO - Sync 1 DAGs
[2026-02-25T05:10:27.666+0000] {logging_mixin.py:190} INFO - [2026-02-25T05:10:27.666+0000] {dag.py:4180} INFO - Setting next_dagrun for core_osm_table_generator to None, run_after=None
[2026-02-25T05:10:27.676+0000] {processor.py:208} INFO - Processing /opt/airflow/dags/core_osm_table_generator_dag.py took 0.114 seconds
[2026-02-25T05:10:58.008+0000] {processor.py:186} INFO - Started process (PID=7906) to work on /opt/airflow/dags/core_osm_table_generator_dag.py
[2026-02-25T05:10:58.010+0000] {processor.py:914} INFO - Processing file /opt/airflow/dags/core_osm_table_generator_dag.py for tasks to queue
[2026-02-25T05:10:58.012+0000] {logging_mixin.py:190} INFO - [2026-02-25T05:10:58.011+0000] {dagbag.py:588} INFO - Filling up the DagBag from /opt/airflow/dags/core_osm_table_generator_dag.py
[2026-02-25T05:10:58.038+0000] {processor.py:925} INFO - DAG(s) 'core_osm_table_generator' retrieved from /opt/airflow/dags/core_osm_table_generator_dag.py
[2026-02-25T05:10:58.056+0000] {logging_mixin.py:190} INFO - [2026-02-25T05:10:58.056+0000] {dag.py:3239} INFO - Sync 1 DAGs
[2026-02-25T05:10:58.066+0000] {logging_mixin.py:190} INFO - [2026-02-25T05:10:58.066+0000] {dag.py:4180} INFO - Setting next_dagrun for core_osm_table_generator to None, run_after=None
[2026-02-25T05:10:58.076+0000] {processor.py:208} INFO - Processing /opt/airflow/dags/core_osm_table_generator_dag.py took 0.081 seconds
[2026-02-25T05:27:06.463+0000] {processor.py:186} INFO - Started process (PID=7907) to work on /opt/airflow/dags/core_osm_table_generator_dag.py
[2026-02-25T05:27:06.463+0000] {processor.py:914} INFO - Processing file /opt/airflow/dags/core_osm_table_generator_dag.py for tasks to queue
[2026-02-25T05:27:06.465+0000] {logging_mixin.py:190} INFO - [2026-02-25T05:27:06.464+0000] {dagbag.py:588} INFO - Filling up the DagBag from /opt/airflow/dags/core_osm_table_generator_dag.py
[2026-02-25T05:27:06.506+0000] {processor.py:925} INFO - DAG(s) 'core_osm_table_generator' retrieved from /opt/airflow/dags/core_osm_table_generator_dag.py
[2026-02-25T05:27:06.529+0000] {logging_mixin.py:190} INFO - [2026-02-25T05:27:06.529+0000] {dag.py:3239} INFO - Sync 1 DAGs
[2026-02-25T05:27:06.555+0000] {logging_mixin.py:190} INFO - [2026-02-25T05:27:06.555+0000] {dag.py:4180} INFO - Setting next_dagrun for core_osm_table_generator to None, run_after=None
[2026-02-25T05:27:06.565+0000] {processor.py:208} INFO - Processing /opt/airflow/dags/core_osm_table_generator_dag.py took 0.114 seconds
[2026-02-25T05:27:36.945+0000] {processor.py:186} INFO - Started process (PID=7908) to work on /opt/airflow/dags/core_osm_table_generator_dag.py
[2026-02-25T05:27:36.947+0000] {processor.py:914} INFO - Processing file /opt/airflow/dags/core_osm_table_generator_dag.py for tasks to queue
[2026-02-25T05:27:36.948+0000] {logging_mixin.py:190} INFO - [2026-02-25T05:27:36.948+0000] {dagbag.py:588} INFO - Filling up the DagBag from /opt/airflow/dags/core_osm_table_generator_dag.py
[2026-02-25T05:27:36.989+0000] {processor.py:925} INFO - DAG(s) 'core_osm_table_generator' retrieved from /opt/airflow/dags/core_osm_table_generator_dag.py
[2026-02-25T05:27:37.015+0000] {logging_mixin.py:190} INFO - [2026-02-25T05:27:37.015+0000] {dag.py:3239} INFO - Sync 1 DAGs
[2026-02-25T05:27:37.028+0000] {logging_mixin.py:190} INFO - [2026-02-25T05:27:37.028+0000] {dag.py:4180} INFO - Setting next_dagrun for core_osm_table_generator to None, run_after=None
[2026-02-25T05:27:37.037+0000] {processor.py:208} INFO - Processing /opt/airflow/dags/core_osm_table_generator_dag.py took 0.104 seconds
[2026-02-25T05:28:07.441+0000] {processor.py:186} INFO - Started process (PID=7909) to work on /opt/airflow/dags/core_osm_table_generator_dag.py
[2026-02-25T05:28:07.442+0000] {processor.py:914} INFO - Processing file /opt/airflow/dags/core_osm_table_generator_dag.py for tasks to queue
[2026-02-25T05:28:07.443+0000] {logging_mixin.py:190} INFO - [2026-02-25T05:28:07.443+0000] {dagbag.py:588} INFO - Filling up the DagBag from /opt/airflow/dags/core_osm_table_generator_dag.py
[2026-02-25T05:28:07.473+0000] {processor.py:925} INFO - DAG(s) 'core_osm_table_generator' retrieved from /opt/airflow/dags/core_osm_table_generator_dag.py
[2026-02-25T05:28:07.511+0000] {logging_mixin.py:190} INFO - [2026-02-25T05:28:07.511+0000] {dag.py:3239} INFO - Sync 1 DAGs
[2026-02-25T05:28:07.523+0000] {logging_mixin.py:190} INFO - [2026-02-25T05:28:07.523+0000] {dag.py:4180} INFO - Setting next_dagrun for core_osm_table_generator to None, run_after=None
[2026-02-25T05:28:07.532+0000] {processor.py:208} INFO - Processing /opt/airflow/dags/core_osm_table_generator_dag.py took 0.117 seconds
[2026-02-25T05:28:37.892+0000] {processor.py:186} INFO - Started process (PID=7910) to work on /opt/airflow/dags/core_osm_table_generator_dag.py
[2026-02-25T05:28:37.893+0000] {processor.py:914} INFO - Processing file /opt/airflow/dags/core_osm_table_generator_dag.py for tasks to queue
[2026-02-25T05:28:37.894+0000] {logging_mixin.py:190} INFO - [2026-02-25T05:28:37.893+0000] {dagbag.py:588} INFO - Filling up the DagBag from /opt/airflow/dags/core_osm_table_generator_dag.py
[2026-02-25T05:28:37.909+0000] {processor.py:925} INFO - DAG(s) 'core_osm_table_generator' retrieved from /opt/airflow/dags/core_osm_table_generator_dag.py
[2026-02-25T05:28:37.925+0000] {logging_mixin.py:190} INFO - [2026-02-25T05:28:37.925+0000] {dag.py:3239} INFO - Sync 1 DAGs
[2026-02-25T05:28:37.933+0000] {logging_mixin.py:190} INFO - [2026-02-25T05:28:37.933+0000] {dag.py:4180} INFO - Setting next_dagrun for core_osm_table_generator to None, run_after=None
[2026-02-25T05:28:37.942+0000] {processor.py:208} INFO - Processing /opt/airflow/dags/core_osm_table_generator_dag.py took 0.061 seconds
[2026-02-25T05:29:08.274+0000] {processor.py:186} INFO - Started process (PID=7911) to work on /opt/airflow/dags/core_osm_table_generator_dag.py
[2026-02-25T05:29:08.276+0000] {processor.py:914} INFO - Processing file /opt/airflow/dags/core_osm_table_generator_dag.py for tasks to queue
[2026-02-25T05:29:08.277+0000] {logging_mixin.py:190} INFO - [2026-02-25T05:29:08.277+0000] {dagbag.py:588} INFO - Filling up the DagBag from /opt/airflow/dags/core_osm_table_generator_dag.py
[2026-02-25T05:29:08.330+0000] {processor.py:925} INFO - DAG(s) 'core_osm_table_generator' retrieved from /opt/airflow/dags/core_osm_table_generator_dag.py
[2026-02-25T05:29:08.353+0000] {logging_mixin.py:190} INFO - [2026-02-25T05:29:08.353+0000] {dag.py:3239} INFO - Sync 1 DAGs
[2026-02-25T05:29:08.365+0000] {logging_mixin.py:190} INFO - [2026-02-25T05:29:08.365+0000] {dag.py:4180} INFO - Setting next_dagrun for core_osm_table_generator to None, run_after=None
[2026-02-25T05:29:08.376+0000] {processor.py:208} INFO - Processing /opt/airflow/dags/core_osm_table_generator_dag.py took 0.114 seconds
[2026-02-25T05:29:38.621+0000] {processor.py:186} INFO - Started process (PID=7912) to work on /opt/airflow/dags/core_osm_table_generator_dag.py
[2026-02-25T05:29:38.622+0000] {processor.py:914} INFO - Processing file /opt/airflow/dags/core_osm_table_generator_dag.py for tasks to queue
[2026-02-25T05:29:38.624+0000] {logging_mixin.py:190} INFO - [2026-02-25T05:29:38.623+0000] {dagbag.py:588} INFO - Filling up the DagBag from /opt/airflow/dags/core_osm_table_generator_dag.py
[2026-02-25T05:29:38.638+0000] {processor.py:925} INFO - DAG(s) 'core_osm_table_generator' retrieved from /opt/airflow/dags/core_osm_table_generator_dag.py
[2026-02-25T05:29:38.653+0000] {logging_mixin.py:190} INFO - [2026-02-25T05:29:38.652+0000] {dag.py:3239} INFO - Sync 1 DAGs
[2026-02-25T05:29:38.660+0000] {logging_mixin.py:190} INFO - [2026-02-25T05:29:38.660+0000] {dag.py:4180} INFO - Setting next_dagrun for core_osm_table_generator to None, run_after=None
[2026-02-25T05:29:38.667+0000] {processor.py:208} INFO - Processing /opt/airflow/dags/core_osm_table_generator_dag.py took 0.054 seconds
[2026-02-25T05:46:41.427+0000] {processor.py:186} INFO - Started process (PID=7913) to work on /opt/airflow/dags/core_osm_table_generator_dag.py
[2026-02-25T05:46:41.428+0000] {processor.py:914} INFO - Processing file /opt/airflow/dags/core_osm_table_generator_dag.py for tasks to queue
[2026-02-25T05:46:41.430+0000] {logging_mixin.py:190} INFO - [2026-02-25T05:46:41.429+0000] {dagbag.py:588} INFO - Filling up the DagBag from /opt/airflow/dags/core_osm_table_generator_dag.py
[2026-02-25T05:46:41.460+0000] {processor.py:925} INFO - DAG(s) 'core_osm_table_generator' retrieved from /opt/airflow/dags/core_osm_table_generator_dag.py
[2026-02-25T05:46:41.494+0000] {logging_mixin.py:190} INFO - [2026-02-25T05:46:41.494+0000] {dag.py:3239} INFO - Sync 1 DAGs
[2026-02-25T05:46:41.506+0000] {logging_mixin.py:190} INFO - [2026-02-25T05:46:41.506+0000] {dag.py:4180} INFO - Setting next_dagrun for core_osm_table_generator to None, run_after=None
[2026-02-25T05:46:41.515+0000] {processor.py:208} INFO - Processing /opt/airflow/dags/core_osm_table_generator_dag.py took 0.097 seconds
[2026-02-25T05:47:11.842+0000] {processor.py:186} INFO - Started process (PID=7914) to work on /opt/airflow/dags/core_osm_table_generator_dag.py
[2026-02-25T05:47:11.845+0000] {processor.py:914} INFO - Processing file /opt/airflow/dags/core_osm_table_generator_dag.py for tasks to queue
[2026-02-25T05:47:11.848+0000] {logging_mixin.py:190} INFO - [2026-02-25T05:47:11.847+0000] {dagbag.py:588} INFO - Filling up the DagBag from /opt/airflow/dags/core_osm_table_generator_dag.py
[2026-02-25T05:47:11.903+0000] {processor.py:925} INFO - DAG(s) 'core_osm_table_generator' retrieved from /opt/airflow/dags/core_osm_table_generator_dag.py
[2026-02-25T05:47:11.939+0000] {logging_mixin.py:190} INFO - [2026-02-25T05:47:11.938+0000] {dag.py:3239} INFO - Sync 1 DAGs
[2026-02-25T05:47:11.951+0000] {logging_mixin.py:190} INFO - [2026-02-25T05:47:11.951+0000] {dag.py:4180} INFO - Setting next_dagrun for core_osm_table_generator to None, run_after=None
[2026-02-25T05:47:11.961+0000] {processor.py:208} INFO - Processing /opt/airflow/dags/core_osm_table_generator_dag.py took 0.132 seconds
[2026-02-25T05:47:42.323+0000] {processor.py:186} INFO - Started process (PID=7915) to work on /opt/airflow/dags/core_osm_table_generator_dag.py
[2026-02-25T05:47:42.325+0000] {processor.py:914} INFO - Processing file /opt/airflow/dags/core_osm_table_generator_dag.py for tasks to queue
[2026-02-25T05:47:42.326+0000] {logging_mixin.py:190} INFO - [2026-02-25T05:47:42.326+0000] {dagbag.py:588} INFO - Filling up the DagBag from /opt/airflow/dags/core_osm_table_generator_dag.py
[2026-02-25T05:47:42.357+0000] {processor.py:925} INFO - DAG(s) 'core_osm_table_generator' retrieved from /opt/airflow/dags/core_osm_table_generator_dag.py
[2026-02-25T05:47:42.379+0000] {logging_mixin.py:190} INFO - [2026-02-25T05:47:42.379+0000] {dag.py:3239} INFO - Sync 1 DAGs
[2026-02-25T05:47:42.391+0000] {logging_mixin.py:190} INFO - [2026-02-25T05:47:42.391+0000] {dag.py:4180} INFO - Setting next_dagrun for core_osm_table_generator to None, run_after=None
[2026-02-25T05:47:42.400+0000] {processor.py:208} INFO - Processing /opt/airflow/dags/core_osm_table_generator_dag.py took 0.089 seconds
[2026-02-25T05:48:12.705+0000] {processor.py:186} INFO - Started process (PID=7916) to work on /opt/airflow/dags/core_osm_table_generator_dag.py
[2026-02-25T05:48:12.706+0000] {processor.py:914} INFO - Processing file /opt/airflow/dags/core_osm_table_generator_dag.py for tasks to queue
[2026-02-25T05:48:12.707+0000] {logging_mixin.py:190} INFO - [2026-02-25T05:48:12.707+0000] {dagbag.py:588} INFO - Filling up the DagBag from /opt/airflow/dags/core_osm_table_generator_dag.py
[2026-02-25T05:48:12.722+0000] {processor.py:925} INFO - DAG(s) 'core_osm_table_generator' retrieved from /opt/airflow/dags/core_osm_table_generator_dag.py
[2026-02-25T05:48:12.738+0000] {logging_mixin.py:190} INFO - [2026-02-25T05:48:12.738+0000] {dag.py:3239} INFO - Sync 1 DAGs
[2026-02-25T05:48:12.745+0000] {logging_mixin.py:190} INFO - [2026-02-25T05:48:12.745+0000] {dag.py:4180} INFO - Setting next_dagrun for core_osm_table_generator to None, run_after=None
[2026-02-25T05:48:12.754+0000] {processor.py:208} INFO - Processing /opt/airflow/dags/core_osm_table_generator_dag.py took 0.059 seconds
[2026-02-25T05:48:43.135+0000] {processor.py:186} INFO - Started process (PID=7917) to work on /opt/airflow/dags/core_osm_table_generator_dag.py
[2026-02-25T05:48:43.137+0000] {processor.py:914} INFO - Processing file /opt/airflow/dags/core_osm_table_generator_dag.py for tasks to queue
[2026-02-25T05:48:43.138+0000] {logging_mixin.py:190} INFO - [2026-02-25T05:48:43.138+0000] {dagbag.py:588} INFO - Filling up the DagBag from /opt/airflow/dags/core_osm_table_generator_dag.py
[2026-02-25T05:48:43.184+0000] {processor.py:925} INFO - DAG(s) 'core_osm_table_generator' retrieved from /opt/airflow/dags/core_osm_table_generator_dag.py
[2026-02-25T05:48:43.221+0000] {logging_mixin.py:190} INFO - [2026-02-25T05:48:43.220+0000] {dag.py:3239} INFO - Sync 1 DAGs
[2026-02-25T05:48:43.233+0000] {logging_mixin.py:190} INFO - [2026-02-25T05:48:43.233+0000] {dag.py:4180} INFO - Setting next_dagrun for core_osm_table_generator to None, run_after=None
[2026-02-25T05:48:43.244+0000] {processor.py:208} INFO - Processing /opt/airflow/dags/core_osm_table_generator_dag.py took 0.116 seconds
[2026-02-25T05:49:13.497+0000] {processor.py:186} INFO - Started process (PID=7918) to work on /opt/airflow/dags/core_osm_table_generator_dag.py
[2026-02-25T05:49:13.498+0000] {processor.py:914} INFO - Processing file /opt/airflow/dags/core_osm_table_generator_dag.py for tasks to queue
[2026-02-25T05:49:13.500+0000] {logging_mixin.py:190} INFO - [2026-02-25T05:49:13.499+0000] {dagbag.py:588} INFO - Filling up the DagBag from /opt/airflow/dags/core_osm_table_generator_dag.py
[2026-02-25T05:49:13.517+0000] {processor.py:925} INFO - DAG(s) 'core_osm_table_generator' retrieved from /opt/airflow/dags/core_osm_table_generator_dag.py
[2026-02-25T05:49:13.534+0000] {logging_mixin.py:190} INFO - [2026-02-25T05:49:13.534+0000] {dag.py:3239} INFO - Sync 1 DAGs
[2026-02-25T05:49:13.542+0000] {logging_mixin.py:190} INFO - [2026-02-25T05:49:13.542+0000] {dag.py:4180} INFO - Setting next_dagrun for core_osm_table_generator to None, run_after=None
[2026-02-25T05:49:13.549+0000] {processor.py:208} INFO - Processing /opt/airflow/dags/core_osm_table_generator_dag.py took 0.060 seconds
[2026-02-25T05:49:43.926+0000] {processor.py:186} INFO - Started process (PID=7919) to work on /opt/airflow/dags/core_osm_table_generator_dag.py
[2026-02-25T05:49:43.927+0000] {processor.py:914} INFO - Processing file /opt/airflow/dags/core_osm_table_generator_dag.py for tasks to queue
[2026-02-25T05:49:43.928+0000] {logging_mixin.py:190} INFO - [2026-02-25T05:49:43.928+0000] {dagbag.py:588} INFO - Filling up the DagBag from /opt/airflow/dags/core_osm_table_generator_dag.py
[2026-02-25T05:49:43.979+0000] {processor.py:925} INFO - DAG(s) 'core_osm_table_generator' retrieved from /opt/airflow/dags/core_osm_table_generator_dag.py
[2026-02-25T05:49:44.001+0000] {logging_mixin.py:190} INFO - [2026-02-25T05:49:44.001+0000] {dag.py:3239} INFO - Sync 1 DAGs
[2026-02-25T05:49:44.013+0000] {logging_mixin.py:190} INFO - [2026-02-25T05:49:44.013+0000] {dag.py:4180} INFO - Setting next_dagrun for core_osm_table_generator to None, run_after=None
[2026-02-25T05:49:44.023+0000] {processor.py:208} INFO - Processing /opt/airflow/dags/core_osm_table_generator_dag.py took 0.107 seconds
[2026-02-25T05:50:14.337+0000] {processor.py:186} INFO - Started process (PID=7920) to work on /opt/airflow/dags/core_osm_table_generator_dag.py
[2026-02-25T05:50:14.339+0000] {processor.py:914} INFO - Processing file /opt/airflow/dags/core_osm_table_generator_dag.py for tasks to queue
[2026-02-25T05:50:14.340+0000] {logging_mixin.py:190} INFO - [2026-02-25T05:50:14.339+0000] {dagbag.py:588} INFO - Filling up the DagBag from /opt/airflow/dags/core_osm_table_generator_dag.py
[2026-02-25T05:50:14.355+0000] {processor.py:925} INFO - DAG(s) 'core_osm_table_generator' retrieved from /opt/airflow/dags/core_osm_table_generator_dag.py
[2026-02-25T05:50:14.374+0000] {logging_mixin.py:190} INFO - [2026-02-25T05:50:14.374+0000] {dag.py:3239} INFO - Sync 1 DAGs
[2026-02-25T05:50:14.384+0000] {logging_mixin.py:190} INFO - [2026-02-25T05:50:14.384+0000] {dag.py:4180} INFO - Setting next_dagrun for core_osm_table_generator to None, run_after=None
[2026-02-25T05:50:14.393+0000] {processor.py:208} INFO - Processing /opt/airflow/dags/core_osm_table_generator_dag.py took 0.063 seconds
[2026-02-25T05:50:45.328+0000] {processor.py:186} INFO - Started process (PID=7921) to work on /opt/airflow/dags/core_osm_table_generator_dag.py
[2026-02-25T05:50:45.329+0000] {processor.py:914} INFO - Processing file /opt/airflow/dags/core_osm_table_generator_dag.py for tasks to queue
[2026-02-25T05:50:45.331+0000] {logging_mixin.py:190} INFO - [2026-02-25T05:50:45.331+0000] {dagbag.py:588} INFO - Filling up the DagBag from /opt/airflow/dags/core_osm_table_generator_dag.py
[2026-02-25T05:50:45.376+0000] {processor.py:925} INFO - DAG(s) 'core_osm_table_generator' retrieved from /opt/airflow/dags/core_osm_table_generator_dag.py
[2026-02-25T05:50:45.417+0000] {logging_mixin.py:190} INFO - [2026-02-25T05:50:45.417+0000] {dag.py:3239} INFO - Sync 1 DAGs
[2026-02-25T05:50:45.435+0000] {logging_mixin.py:190} INFO - [2026-02-25T05:50:45.435+0000] {dag.py:4180} INFO - Setting next_dagrun for core_osm_table_generator to None, run_after=None
[2026-02-25T05:50:45.445+0000] {processor.py:208} INFO - Processing /opt/airflow/dags/core_osm_table_generator_dag.py took 0.128 seconds
[2026-02-25T06:06:31.567+0000] {processor.py:186} INFO - Started process (PID=7922) to work on /opt/airflow/dags/core_osm_table_generator_dag.py
[2026-02-25T06:06:31.569+0000] {processor.py:914} INFO - Processing file /opt/airflow/dags/core_osm_table_generator_dag.py for tasks to queue
[2026-02-25T06:06:31.570+0000] {logging_mixin.py:190} INFO - [2026-02-25T06:06:31.569+0000] {dagbag.py:588} INFO - Filling up the DagBag from /opt/airflow/dags/core_osm_table_generator_dag.py
[2026-02-25T06:06:31.598+0000] {processor.py:925} INFO - DAG(s) 'core_osm_table_generator' retrieved from /opt/airflow/dags/core_osm_table_generator_dag.py
[2026-02-25T06:06:31.628+0000] {logging_mixin.py:190} INFO - [2026-02-25T06:06:31.627+0000] {dag.py:3239} INFO - Sync 1 DAGs
[2026-02-25T06:06:31.639+0000] {logging_mixin.py:190} INFO - [2026-02-25T06:06:31.638+0000] {dag.py:4180} INFO - Setting next_dagrun for core_osm_table_generator to None, run_after=None
[2026-02-25T06:06:31.648+0000] {processor.py:208} INFO - Processing /opt/airflow/dags/core_osm_table_generator_dag.py took 0.102 seconds
[2026-02-25T06:07:01.981+0000] {processor.py:186} INFO - Started process (PID=7923) to work on /opt/airflow/dags/core_osm_table_generator_dag.py
[2026-02-25T06:07:01.987+0000] {processor.py:914} INFO - Processing file /opt/airflow/dags/core_osm_table_generator_dag.py for tasks to queue
[2026-02-25T06:07:01.996+0000] {logging_mixin.py:190} INFO - [2026-02-25T06:07:01.993+0000] {dagbag.py:588} INFO - Filling up the DagBag from /opt/airflow/dags/core_osm_table_generator_dag.py
[2026-02-25T06:07:02.050+0000] {processor.py:925} INFO - DAG(s) 'core_osm_table_generator' retrieved from /opt/airflow/dags/core_osm_table_generator_dag.py
[2026-02-25T06:07:02.085+0000] {logging_mixin.py:190} INFO - [2026-02-25T06:07:02.085+0000] {dag.py:3239} INFO - Sync 1 DAGs
[2026-02-25T06:07:02.113+0000] {logging_mixin.py:190} INFO - [2026-02-25T06:07:02.113+0000] {dag.py:4180} INFO - Setting next_dagrun for core_osm_table_generator to None, run_after=None
[2026-02-25T06:07:02.124+0000] {processor.py:208} INFO - Processing /opt/airflow/dags/core_osm_table_generator_dag.py took 0.158 seconds
[2026-02-25T06:07:32.450+0000] {processor.py:186} INFO - Started process (PID=7924) to work on /opt/airflow/dags/core_osm_table_generator_dag.py
[2026-02-25T06:07:32.452+0000] {processor.py:914} INFO - Processing file /opt/airflow/dags/core_osm_table_generator_dag.py for tasks to queue
[2026-02-25T06:07:32.453+0000] {logging_mixin.py:190} INFO - [2026-02-25T06:07:32.453+0000] {dagbag.py:588} INFO - Filling up the DagBag from /opt/airflow/dags/core_osm_table_generator_dag.py
[2026-02-25T06:07:32.469+0000] {processor.py:925} INFO - DAG(s) 'core_osm_table_generator' retrieved from /opt/airflow/dags/core_osm_table_generator_dag.py
[2026-02-25T06:07:32.488+0000] {logging_mixin.py:190} INFO - [2026-02-25T06:07:32.488+0000] {dag.py:3239} INFO - Sync 1 DAGs
[2026-02-25T06:07:32.495+0000] {logging_mixin.py:190} INFO - [2026-02-25T06:07:32.495+0000] {dag.py:4180} INFO - Setting next_dagrun for core_osm_table_generator to None, run_after=None
[2026-02-25T06:07:32.503+0000] {processor.py:208} INFO - Processing /opt/airflow/dags/core_osm_table_generator_dag.py took 0.060 seconds
[2026-02-25T06:08:02.903+0000] {processor.py:186} INFO - Started process (PID=7925) to work on /opt/airflow/dags/core_osm_table_generator_dag.py
[2026-02-25T06:08:02.907+0000] {processor.py:914} INFO - Processing file /opt/airflow/dags/core_osm_table_generator_dag.py for tasks to queue
[2026-02-25T06:08:02.909+0000] {logging_mixin.py:190} INFO - [2026-02-25T06:08:02.909+0000] {dagbag.py:588} INFO - Filling up the DagBag from /opt/airflow/dags/core_osm_table_generator_dag.py
[2026-02-25T06:08:02.941+0000] {processor.py:925} INFO - DAG(s) 'core_osm_table_generator' retrieved from /opt/airflow/dags/core_osm_table_generator_dag.py
[2026-02-25T06:08:02.975+0000] {logging_mixin.py:190} INFO - [2026-02-25T06:08:02.975+0000] {dag.py:3239} INFO - Sync 1 DAGs
[2026-02-25T06:08:02.987+0000] {logging_mixin.py:190} INFO - [2026-02-25T06:08:02.987+0000] {dag.py:4180} INFO - Setting next_dagrun for core_osm_table_generator to None, run_after=None
[2026-02-25T06:08:02.997+0000] {processor.py:208} INFO - Processing /opt/airflow/dags/core_osm_table_generator_dag.py took 0.127 seconds
[2026-02-25T06:24:34.270+0000] {processor.py:186} INFO - Started process (PID=7926) to work on /opt/airflow/dags/core_osm_table_generator_dag.py
[2026-02-25T06:24:34.272+0000] {processor.py:914} INFO - Processing file /opt/airflow/dags/core_osm_table_generator_dag.py for tasks to queue
[2026-02-25T06:24:34.274+0000] {logging_mixin.py:190} INFO - [2026-02-25T06:24:34.274+0000] {dagbag.py:588} INFO - Filling up the DagBag from /opt/airflow/dags/core_osm_table_generator_dag.py
[2026-02-25T06:24:34.337+0000] {processor.py:925} INFO - DAG(s) 'core_osm_table_generator' retrieved from /opt/airflow/dags/core_osm_table_generator_dag.py
[2026-02-25T06:24:34.367+0000] {logging_mixin.py:190} INFO - [2026-02-25T06:24:34.367+0000] {dag.py:3239} INFO - Sync 1 DAGs
[2026-02-25T06:24:34.379+0000] {logging_mixin.py:190} INFO - [2026-02-25T06:24:34.379+0000] {dag.py:4180} INFO - Setting next_dagrun for core_osm_table_generator to None, run_after=None
[2026-02-25T06:24:34.389+0000] {processor.py:208} INFO - Processing /opt/airflow/dags/core_osm_table_generator_dag.py took 0.149 seconds
[2026-02-25T06:25:04.795+0000] {processor.py:186} INFO - Started process (PID=7927) to work on /opt/airflow/dags/core_osm_table_generator_dag.py
[2026-02-25T06:25:04.799+0000] {processor.py:914} INFO - Processing file /opt/airflow/dags/core_osm_table_generator_dag.py for tasks to queue
[2026-02-25T06:25:04.802+0000] {logging_mixin.py:190} INFO - [2026-02-25T06:25:04.801+0000] {dagbag.py:588} INFO - Filling up the DagBag from /opt/airflow/dags/core_osm_table_generator_dag.py
[2026-02-25T06:25:04.843+0000] {processor.py:925} INFO - DAG(s) 'core_osm_table_generator' retrieved from /opt/airflow/dags/core_osm_table_generator_dag.py
[2026-02-25T06:25:04.880+0000] {logging_mixin.py:190} INFO - [2026-02-25T06:25:04.880+0000] {dag.py:3239} INFO - Sync 1 DAGs
[2026-02-25T06:25:04.893+0000] {logging_mixin.py:190} INFO - [2026-02-25T06:25:04.893+0000] {dag.py:4180} INFO - Setting next_dagrun for core_osm_table_generator to None, run_after=None
[2026-02-25T06:25:04.903+0000] {processor.py:208} INFO - Processing /opt/airflow/dags/core_osm_table_generator_dag.py took 0.119 seconds
[2026-02-25T06:25:35.236+0000] {processor.py:186} INFO - Started process (PID=7928) to work on /opt/airflow/dags/core_osm_table_generator_dag.py
[2026-02-25T06:25:35.237+0000] {processor.py:914} INFO - Processing file /opt/airflow/dags/core_osm_table_generator_dag.py for tasks to queue
[2026-02-25T06:25:35.238+0000] {logging_mixin.py:190} INFO - [2026-02-25T06:25:35.238+0000] {dagbag.py:588} INFO - Filling up the DagBag from /opt/airflow/dags/core_osm_table_generator_dag.py
[2026-02-25T06:25:35.254+0000] {processor.py:925} INFO - DAG(s) 'core_osm_table_generator' retrieved from /opt/airflow/dags/core_osm_table_generator_dag.py
[2026-02-25T06:25:35.279+0000] {logging_mixin.py:190} INFO - [2026-02-25T06:25:35.279+0000] {dag.py:3239} INFO - Sync 1 DAGs
[2026-02-25T06:25:35.291+0000] {logging_mixin.py:190} INFO - [2026-02-25T06:25:35.291+0000] {dag.py:4180} INFO - Setting next_dagrun for core_osm_table_generator to None, run_after=None
[2026-02-25T06:25:35.300+0000] {processor.py:208} INFO - Processing /opt/airflow/dags/core_osm_table_generator_dag.py took 0.073 seconds
[2026-02-25T06:26:05.691+0000] {processor.py:186} INFO - Started process (PID=7929) to work on /opt/airflow/dags/core_osm_table_generator_dag.py
[2026-02-25T06:26:05.696+0000] {processor.py:914} INFO - Processing file /opt/airflow/dags/core_osm_table_generator_dag.py for tasks to queue
[2026-02-25T06:26:05.697+0000] {logging_mixin.py:190} INFO - [2026-02-25T06:26:05.697+0000] {dagbag.py:588} INFO - Filling up the DagBag from /opt/airflow/dags/core_osm_table_generator_dag.py
[2026-02-25T06:26:05.728+0000] {processor.py:925} INFO - DAG(s) 'core_osm_table_generator' retrieved from /opt/airflow/dags/core_osm_table_generator_dag.py
[2026-02-25T06:26:05.758+0000] {logging_mixin.py:190} INFO - [2026-02-25T06:26:05.758+0000] {dag.py:3239} INFO - Sync 1 DAGs
[2026-02-25T06:26:05.779+0000] {logging_mixin.py:190} INFO - [2026-02-25T06:26:05.779+0000] {dag.py:4180} INFO - Setting next_dagrun for core_osm_table_generator to None, run_after=None
[2026-02-25T06:26:05.789+0000] {processor.py:208} INFO - Processing /opt/airflow/dags/core_osm_table_generator_dag.py took 0.129 seconds
[2026-02-25T06:26:36.068+0000] {processor.py:186} INFO - Started process (PID=7930) to work on /opt/airflow/dags/core_osm_table_generator_dag.py
[2026-02-25T06:26:36.069+0000] {processor.py:914} INFO - Processing file /opt/airflow/dags/core_osm_table_generator_dag.py for tasks to queue
[2026-02-25T06:26:36.070+0000] {logging_mixin.py:190} INFO - [2026-02-25T06:26:36.069+0000] {dagbag.py:588} INFO - Filling up the DagBag from /opt/airflow/dags/core_osm_table_generator_dag.py
[2026-02-25T06:26:36.085+0000] {processor.py:925} INFO - DAG(s) 'core_osm_table_generator' retrieved from /opt/airflow/dags/core_osm_table_generator_dag.py
[2026-02-25T06:26:36.106+0000] {logging_mixin.py:190} INFO - [2026-02-25T06:26:36.106+0000] {dag.py:3239} INFO - Sync 1 DAGs
[2026-02-25T06:26:36.113+0000] {logging_mixin.py:190} INFO - [2026-02-25T06:26:36.113+0000] {dag.py:4180} INFO - Setting next_dagrun for core_osm_table_generator to None, run_after=None
[2026-02-25T06:26:36.121+0000] {processor.py:208} INFO - Processing /opt/airflow/dags/core_osm_table_generator_dag.py took 0.060 seconds
[2026-02-25T06:42:53.344+0000] {processor.py:186} INFO - Started process (PID=7931) to work on /opt/airflow/dags/core_osm_table_generator_dag.py
[2026-02-25T06:42:53.345+0000] {processor.py:914} INFO - Processing file /opt/airflow/dags/core_osm_table_generator_dag.py for tasks to queue
[2026-02-25T06:42:53.346+0000] {logging_mixin.py:190} INFO - [2026-02-25T06:42:53.346+0000] {dagbag.py:588} INFO - Filling up the DagBag from /opt/airflow/dags/core_osm_table_generator_dag.py
[2026-02-25T06:42:53.384+0000] {processor.py:925} INFO - DAG(s) 'core_osm_table_generator' retrieved from /opt/airflow/dags/core_osm_table_generator_dag.py
[2026-02-25T06:42:53.421+0000] {logging_mixin.py:190} INFO - [2026-02-25T06:42:53.421+0000] {dag.py:3239} INFO - Sync 1 DAGs
[2026-02-25T06:42:53.433+0000] {logging_mixin.py:190} INFO - [2026-02-25T06:42:53.433+0000] {dag.py:4180} INFO - Setting next_dagrun for core_osm_table_generator to None, run_after=None
[2026-02-25T06:42:53.443+0000] {processor.py:208} INFO - Processing /opt/airflow/dags/core_osm_table_generator_dag.py took 0.121 seconds
[2026-02-25T06:43:23.799+0000] {processor.py:186} INFO - Started process (PID=7932) to work on /opt/airflow/dags/core_osm_table_generator_dag.py
[2026-02-25T06:43:23.802+0000] {processor.py:914} INFO - Processing file /opt/airflow/dags/core_osm_table_generator_dag.py for tasks to queue
[2026-02-25T06:43:23.803+0000] {logging_mixin.py:190} INFO - [2026-02-25T06:43:23.803+0000] {dagbag.py:588} INFO - Filling up the DagBag from /opt/airflow/dags/core_osm_table_generator_dag.py
[2026-02-25T06:43:23.848+0000] {processor.py:925} INFO - DAG(s) 'core_osm_table_generator' retrieved from /opt/airflow/dags/core_osm_table_generator_dag.py
[2026-02-25T06:43:23.872+0000] {logging_mixin.py:190} INFO - [2026-02-25T06:43:23.871+0000] {dag.py:3239} INFO - Sync 1 DAGs
[2026-02-25T06:43:23.900+0000] {logging_mixin.py:190} INFO - [2026-02-25T06:43:23.900+0000] {dag.py:4180} INFO - Setting next_dagrun for core_osm_table_generator to None, run_after=None
[2026-02-25T06:43:23.910+0000] {processor.py:208} INFO - Processing /opt/airflow/dags/core_osm_table_generator_dag.py took 0.120 seconds
[2026-02-25T06:43:54.237+0000] {processor.py:186} INFO - Started process (PID=7933) to work on /opt/airflow/dags/core_osm_table_generator_dag.py
[2026-02-25T06:43:54.238+0000] {processor.py:914} INFO - Processing file /opt/airflow/dags/core_osm_table_generator_dag.py for tasks to queue
[2026-02-25T06:43:54.240+0000] {logging_mixin.py:190} INFO - [2026-02-25T06:43:54.239+0000] {dagbag.py:588} INFO - Filling up the DagBag from /opt/airflow/dags/core_osm_table_generator_dag.py
[2026-02-25T06:43:54.265+0000] {processor.py:925} INFO - DAG(s) 'core_osm_table_generator' retrieved from /opt/airflow/dags/core_osm_table_generator_dag.py
[2026-02-25T06:43:54.291+0000] {logging_mixin.py:190} INFO - [2026-02-25T06:43:54.290+0000] {dag.py:3239} INFO - Sync 1 DAGs
[2026-02-25T06:43:54.309+0000] {logging_mixin.py:190} INFO - [2026-02-25T06:43:54.308+0000] {dag.py:4180} INFO - Setting next_dagrun for core_osm_table_generator to None, run_after=None
[2026-02-25T06:43:54.321+0000] {processor.py:208} INFO - Processing /opt/airflow/dags/core_osm_table_generator_dag.py took 0.098 seconds
[2026-02-25T06:44:24.700+0000] {processor.py:186} INFO - Started process (PID=7934) to work on /opt/airflow/dags/core_osm_table_generator_dag.py
[2026-02-25T06:44:24.701+0000] {processor.py:914} INFO - Processing file /opt/airflow/dags/core_osm_table_generator_dag.py for tasks to queue
[2026-02-25T06:44:24.702+0000] {logging_mixin.py:190} INFO - [2026-02-25T06:44:24.702+0000] {dagbag.py:588} INFO - Filling up the DagBag from /opt/airflow/dags/core_osm_table_generator_dag.py
[2026-02-25T06:44:24.717+0000] {processor.py:925} INFO - DAG(s) 'core_osm_table_generator' retrieved from /opt/airflow/dags/core_osm_table_generator_dag.py
[2026-02-25T06:44:24.734+0000] {logging_mixin.py:190} INFO - [2026-02-25T06:44:24.734+0000] {dag.py:3239} INFO - Sync 1 DAGs
[2026-02-25T06:44:24.743+0000] {logging_mixin.py:190} INFO - [2026-02-25T06:44:24.743+0000] {dag.py:4180} INFO - Setting next_dagrun for core_osm_table_generator to None, run_after=None
[2026-02-25T06:44:24.749+0000] {processor.py:208} INFO - Processing /opt/airflow/dags/core_osm_table_generator_dag.py took 0.059 seconds
[2026-02-25T06:44:55.152+0000] {processor.py:186} INFO - Started process (PID=7935) to work on /opt/airflow/dags/core_osm_table_generator_dag.py
[2026-02-25T06:44:55.154+0000] {processor.py:914} INFO - Processing file /opt/airflow/dags/core_osm_table_generator_dag.py for tasks to queue
[2026-02-25T06:44:55.155+0000] {logging_mixin.py:190} INFO - [2026-02-25T06:44:55.155+0000] {dagbag.py:588} INFO - Filling up the DagBag from /opt/airflow/dags/core_osm_table_generator_dag.py
[2026-02-25T06:44:55.199+0000] {processor.py:925} INFO - DAG(s) 'core_osm_table_generator' retrieved from /opt/airflow/dags/core_osm_table_generator_dag.py
[2026-02-25T06:44:55.226+0000] {logging_mixin.py:190} INFO - [2026-02-25T06:44:55.225+0000] {dag.py:3239} INFO - Sync 1 DAGs
[2026-02-25T06:44:55.240+0000] {logging_mixin.py:190} INFO - [2026-02-25T06:44:55.240+0000] {dag.py:4180} INFO - Setting next_dagrun for core_osm_table_generator to None, run_after=None
[2026-02-25T06:44:55.260+0000] {processor.py:208} INFO - Processing /opt/airflow/dags/core_osm_table_generator_dag.py took 0.116 seconds
[2026-02-25T06:45:25.569+0000] {processor.py:186} INFO - Started process (PID=7936) to work on /opt/airflow/dags/core_osm_table_generator_dag.py
[2026-02-25T06:45:25.570+0000] {processor.py:914} INFO - Processing file /opt/airflow/dags/core_osm_table_generator_dag.py for tasks to queue
[2026-02-25T06:45:25.571+0000] {logging_mixin.py:190} INFO - [2026-02-25T06:45:25.571+0000] {dagbag.py:588} INFO - Filling up the DagBag from /opt/airflow/dags/core_osm_table_generator_dag.py
[2026-02-25T06:45:25.588+0000] {processor.py:925} INFO - DAG(s) 'core_osm_table_generator' retrieved from /opt/airflow/dags/core_osm_table_generator_dag.py
[2026-02-25T06:45:25.605+0000] {logging_mixin.py:190} INFO - [2026-02-25T06:45:25.604+0000] {dag.py:3239} INFO - Sync 1 DAGs
[2026-02-25T06:45:25.612+0000] {logging_mixin.py:190} INFO - [2026-02-25T06:45:25.612+0000] {dag.py:4180} INFO - Setting next_dagrun for core_osm_table_generator to None, run_after=None
[2026-02-25T06:45:25.620+0000] {processor.py:208} INFO - Processing /opt/airflow/dags/core_osm_table_generator_dag.py took 0.057 seconds
[2026-02-25T07:02:31.498+0000] {processor.py:186} INFO - Started process (PID=7937) to work on /opt/airflow/dags/core_osm_table_generator_dag.py
[2026-02-25T07:02:31.499+0000] {processor.py:914} INFO - Processing file /opt/airflow/dags/core_osm_table_generator_dag.py for tasks to queue
[2026-02-25T07:02:31.500+0000] {logging_mixin.py:190} INFO - [2026-02-25T07:02:31.500+0000] {dagbag.py:588} INFO - Filling up the DagBag from /opt/airflow/dags/core_osm_table_generator_dag.py
[2026-02-25T07:02:31.537+0000] {processor.py:925} INFO - DAG(s) 'core_osm_table_generator' retrieved from /opt/airflow/dags/core_osm_table_generator_dag.py
[2026-02-25T07:02:31.562+0000] {logging_mixin.py:190} INFO - [2026-02-25T07:02:31.562+0000] {dag.py:3239} INFO - Sync 1 DAGs
[2026-02-25T07:02:31.581+0000] {logging_mixin.py:190} INFO - [2026-02-25T07:02:31.581+0000] {dag.py:4180} INFO - Setting next_dagrun for core_osm_table_generator to None, run_after=None
[2026-02-25T07:02:31.592+0000] {processor.py:208} INFO - Processing /opt/airflow/dags/core_osm_table_generator_dag.py took 0.103 seconds
[2026-02-25T07:03:01.987+0000] {processor.py:186} INFO - Started process (PID=7938) to work on /opt/airflow/dags/core_osm_table_generator_dag.py
[2026-02-25T07:03:01.988+0000] {processor.py:914} INFO - Processing file /opt/airflow/dags/core_osm_table_generator_dag.py for tasks to queue
[2026-02-25T07:03:01.990+0000] {logging_mixin.py:190} INFO - [2026-02-25T07:03:01.990+0000] {dagbag.py:588} INFO - Filling up the DagBag from /opt/airflow/dags/core_osm_table_generator_dag.py
[2026-02-25T07:03:02.030+0000] {processor.py:925} INFO - DAG(s) 'core_osm_table_generator' retrieved from /opt/airflow/dags/core_osm_table_generator_dag.py
[2026-02-25T07:03:02.055+0000] {logging_mixin.py:190} INFO - [2026-02-25T07:03:02.055+0000] {dag.py:3239} INFO - Sync 1 DAGs
[2026-02-25T07:03:02.067+0000] {logging_mixin.py:190} INFO - [2026-02-25T07:03:02.067+0000] {dag.py:4180} INFO - Setting next_dagrun for core_osm_table_generator to None, run_after=None
[2026-02-25T07:03:02.077+0000] {processor.py:208} INFO - Processing /opt/airflow/dags/core_osm_table_generator_dag.py took 0.103 seconds
[2026-02-25T07:03:32.466+0000] {processor.py:186} INFO - Started process (PID=7939) to work on /opt/airflow/dags/core_osm_table_generator_dag.py
[2026-02-25T07:03:32.470+0000] {processor.py:914} INFO - Processing file /opt/airflow/dags/core_osm_table_generator_dag.py for tasks to queue
[2026-02-25T07:03:32.472+0000] {logging_mixin.py:190} INFO - [2026-02-25T07:03:32.471+0000] {dagbag.py:588} INFO - Filling up the DagBag from /opt/airflow/dags/core_osm_table_generator_dag.py
[2026-02-25T07:03:32.526+0000] {processor.py:925} INFO - DAG(s) 'core_osm_table_generator' retrieved from /opt/airflow/dags/core_osm_table_generator_dag.py
[2026-02-25T07:03:32.559+0000] {logging_mixin.py:190} INFO - [2026-02-25T07:03:32.559+0000] {dag.py:3239} INFO - Sync 1 DAGs
[2026-02-25T07:03:32.572+0000] {logging_mixin.py:190} INFO - [2026-02-25T07:03:32.572+0000] {dag.py:4180} INFO - Setting next_dagrun for core_osm_table_generator to None, run_after=None
[2026-02-25T07:03:32.590+0000] {processor.py:208} INFO - Processing /opt/airflow/dags/core_osm_table_generator_dag.py took 0.145 seconds
[2026-02-25T07:04:02.840+0000] {processor.py:186} INFO - Started process (PID=7940) to work on /opt/airflow/dags/core_osm_table_generator_dag.py
[2026-02-25T07:04:02.841+0000] {processor.py:914} INFO - Processing file /opt/airflow/dags/core_osm_table_generator_dag.py for tasks to queue
[2026-02-25T07:04:02.843+0000] {logging_mixin.py:190} INFO - [2026-02-25T07:04:02.842+0000] {dagbag.py:588} INFO - Filling up the DagBag from /opt/airflow/dags/core_osm_table_generator_dag.py
[2026-02-25T07:04:02.871+0000] {processor.py:925} INFO - DAG(s) 'core_osm_table_generator' retrieved from /opt/airflow/dags/core_osm_table_generator_dag.py
[2026-02-25T07:04:02.894+0000] {logging_mixin.py:190} INFO - [2026-02-25T07:04:02.894+0000] {dag.py:3239} INFO - Sync 1 DAGs
[2026-02-25T07:04:02.904+0000] {logging_mixin.py:190} INFO - [2026-02-25T07:04:02.904+0000] {dag.py:4180} INFO - Setting next_dagrun for core_osm_table_generator to None, run_after=None
[2026-02-25T07:04:02.913+0000] {processor.py:208} INFO - Processing /opt/airflow/dags/core_osm_table_generator_dag.py took 0.083 seconds
[2026-02-25T07:04:33.399+0000] {processor.py:186} INFO - Started process (PID=7941) to work on /opt/airflow/dags/core_osm_table_generator_dag.py
[2026-02-25T07:04:33.401+0000] {processor.py:914} INFO - Processing file /opt/airflow/dags/core_osm_table_generator_dag.py for tasks to queue
[2026-02-25T07:04:33.403+0000] {logging_mixin.py:190} INFO - [2026-02-25T07:04:33.402+0000] {dagbag.py:588} INFO - Filling up the DagBag from /opt/airflow/dags/core_osm_table_generator_dag.py
[2026-02-25T07:04:33.441+0000] {processor.py:925} INFO - DAG(s) 'core_osm_table_generator' retrieved from /opt/airflow/dags/core_osm_table_generator_dag.py
[2026-02-25T07:04:33.479+0000] {logging_mixin.py:190} INFO - [2026-02-25T07:04:33.478+0000] {dag.py:3239} INFO - Sync 1 DAGs
[2026-02-25T07:04:33.492+0000] {logging_mixin.py:190} INFO - [2026-02-25T07:04:33.492+0000] {dag.py:4180} INFO - Setting next_dagrun for core_osm_table_generator to None, run_after=None
[2026-02-25T07:04:33.501+0000] {processor.py:208} INFO - Processing /opt/airflow/dags/core_osm_table_generator_dag.py took 0.112 seconds
[2026-02-25T07:06:25.746+0000] {processor.py:186} INFO - Started process (PID=7942) to work on /opt/airflow/dags/core_osm_table_generator_dag.py
[2026-02-25T07:06:25.747+0000] {processor.py:914} INFO - Processing file /opt/airflow/dags/core_osm_table_generator_dag.py for tasks to queue
[2026-02-25T07:06:25.748+0000] {logging_mixin.py:190} INFO - [2026-02-25T07:06:25.748+0000] {dagbag.py:588} INFO - Filling up the DagBag from /opt/airflow/dags/core_osm_table_generator_dag.py
[2026-02-25T07:06:25.777+0000] {processor.py:925} INFO - DAG(s) 'core_osm_table_generator' retrieved from /opt/airflow/dags/core_osm_table_generator_dag.py
[2026-02-25T07:06:25.812+0000] {logging_mixin.py:190} INFO - [2026-02-25T07:06:25.812+0000] {dag.py:3239} INFO - Sync 1 DAGs
[2026-02-25T07:06:25.824+0000] {logging_mixin.py:190} INFO - [2026-02-25T07:06:25.824+0000] {dag.py:4180} INFO - Setting next_dagrun for core_osm_table_generator to None, run_after=None
[2026-02-25T07:06:25.833+0000] {processor.py:208} INFO - Processing /opt/airflow/dags/core_osm_table_generator_dag.py took 0.119 seconds
[2026-02-25T07:06:56.212+0000] {processor.py:186} INFO - Started process (PID=7943) to work on /opt/airflow/dags/core_osm_table_generator_dag.py
[2026-02-25T07:06:56.214+0000] {processor.py:914} INFO - Processing file /opt/airflow/dags/core_osm_table_generator_dag.py for tasks to queue
[2026-02-25T07:06:56.215+0000] {logging_mixin.py:190} INFO - [2026-02-25T07:06:56.215+0000] {dagbag.py:588} INFO - Filling up the DagBag from /opt/airflow/dags/core_osm_table_generator_dag.py
[2026-02-25T07:06:56.248+0000] {processor.py:925} INFO - DAG(s) 'core_osm_table_generator' retrieved from /opt/airflow/dags/core_osm_table_generator_dag.py
[2026-02-25T07:06:56.288+0000] {logging_mixin.py:190} INFO - [2026-02-25T07:06:56.288+0000] {dag.py:3239} INFO - Sync 1 DAGs
[2026-02-25T07:06:56.301+0000] {logging_mixin.py:190} INFO - [2026-02-25T07:06:56.301+0000] {dag.py:4180} INFO - Setting next_dagrun for core_osm_table_generator to None, run_after=None
[2026-02-25T07:06:56.310+0000] {processor.py:208} INFO - Processing /opt/airflow/dags/core_osm_table_generator_dag.py took 0.126 seconds
[2026-02-25T07:07:26.637+0000] {processor.py:186} INFO - Started process (PID=7944) to work on /opt/airflow/dags/core_osm_table_generator_dag.py
[2026-02-25T07:07:26.642+0000] {processor.py:914} INFO - Processing file /opt/airflow/dags/core_osm_table_generator_dag.py for tasks to queue
[2026-02-25T07:07:26.644+0000] {logging_mixin.py:190} INFO - [2026-02-25T07:07:26.643+0000] {dagbag.py:588} INFO - Filling up the DagBag from /opt/airflow/dags/core_osm_table_generator_dag.py
[2026-02-25T07:07:26.695+0000] {processor.py:925} INFO - DAG(s) 'core_osm_table_generator' retrieved from /opt/airflow/dags/core_osm_table_generator_dag.py
[2026-02-25T07:07:26.720+0000] {logging_mixin.py:190} INFO - [2026-02-25T07:07:26.719+0000] {dag.py:3239} INFO - Sync 1 DAGs
[2026-02-25T07:07:26.732+0000] {logging_mixin.py:190} INFO - [2026-02-25T07:07:26.732+0000] {dag.py:4180} INFO - Setting next_dagrun for core_osm_table_generator to None, run_after=None
[2026-02-25T07:07:26.741+0000] {processor.py:208} INFO - Processing /opt/airflow/dags/core_osm_table_generator_dag.py took 0.116 seconds
[2026-02-25T07:07:57.073+0000] {processor.py:186} INFO - Started process (PID=7945) to work on /opt/airflow/dags/core_osm_table_generator_dag.py
[2026-02-25T07:07:57.075+0000] {processor.py:914} INFO - Processing file /opt/airflow/dags/core_osm_table_generator_dag.py for tasks to queue
[2026-02-25T07:07:57.077+0000] {logging_mixin.py:190} INFO - [2026-02-25T07:07:57.076+0000] {dagbag.py:588} INFO - Filling up the DagBag from /opt/airflow/dags/core_osm_table_generator_dag.py
[2026-02-25T07:07:57.117+0000] {processor.py:925} INFO - DAG(s) 'core_osm_table_generator' retrieved from /opt/airflow/dags/core_osm_table_generator_dag.py
[2026-02-25T07:07:57.136+0000] {logging_mixin.py:190} INFO - [2026-02-25T07:07:57.136+0000] {dag.py:3239} INFO - Sync 1 DAGs
[2026-02-25T07:07:57.147+0000] {logging_mixin.py:190} INFO - [2026-02-25T07:07:57.147+0000] {dag.py:4180} INFO - Setting next_dagrun for core_osm_table_generator to None, run_after=None
[2026-02-25T07:07:57.157+0000] {processor.py:208} INFO - Processing /opt/airflow/dags/core_osm_table_generator_dag.py took 0.094 seconds
[2026-02-25T07:08:27.463+0000] {processor.py:186} INFO - Started process (PID=7946) to work on /opt/airflow/dags/core_osm_table_generator_dag.py
[2026-02-25T07:08:27.464+0000] {processor.py:914} INFO - Processing file /opt/airflow/dags/core_osm_table_generator_dag.py for tasks to queue
[2026-02-25T07:08:27.465+0000] {logging_mixin.py:190} INFO - [2026-02-25T07:08:27.465+0000] {dagbag.py:588} INFO - Filling up the DagBag from /opt/airflow/dags/core_osm_table_generator_dag.py
[2026-02-25T07:08:27.480+0000] {processor.py:925} INFO - DAG(s) 'core_osm_table_generator' retrieved from /opt/airflow/dags/core_osm_table_generator_dag.py
[2026-02-25T07:08:27.497+0000] {logging_mixin.py:190} INFO - [2026-02-25T07:08:27.496+0000] {dag.py:3239} INFO - Sync 1 DAGs
[2026-02-25T07:08:27.504+0000] {logging_mixin.py:190} INFO - [2026-02-25T07:08:27.504+0000] {dag.py:4180} INFO - Setting next_dagrun for core_osm_table_generator to None, run_after=None
[2026-02-25T07:08:27.511+0000] {processor.py:208} INFO - Processing /opt/airflow/dags/core_osm_table_generator_dag.py took 0.054 seconds
[2026-02-25T07:09:02.447+0000] {processor.py:186} INFO - Started process (PID=7947) to work on /opt/airflow/dags/core_osm_table_generator_dag.py
[2026-02-25T07:09:02.450+0000] {processor.py:914} INFO - Processing file /opt/airflow/dags/core_osm_table_generator_dag.py for tasks to queue
[2026-02-25T07:09:02.452+0000] {logging_mixin.py:190} INFO - [2026-02-25T07:09:02.451+0000] {dagbag.py:588} INFO - Filling up the DagBag from /opt/airflow/dags/core_osm_table_generator_dag.py
[2026-02-25T07:09:02.485+0000] {processor.py:925} INFO - DAG(s) 'core_osm_table_generator' retrieved from /opt/airflow/dags/core_osm_table_generator_dag.py
[2026-02-25T07:09:02.529+0000] {logging_mixin.py:190} INFO - [2026-02-25T07:09:02.529+0000] {dag.py:3239} INFO - Sync 1 DAGs
[2026-02-25T07:09:02.542+0000] {logging_mixin.py:190} INFO - [2026-02-25T07:09:02.542+0000] {dag.py:4180} INFO - Setting next_dagrun for core_osm_table_generator to None, run_after=None
[2026-02-25T07:09:02.552+0000] {processor.py:208} INFO - Processing /opt/airflow/dags/core_osm_table_generator_dag.py took 0.130 seconds
[2026-02-25T07:09:33.264+0000] {processor.py:186} INFO - Started process (PID=7948) to work on /opt/airflow/dags/core_osm_table_generator_dag.py
[2026-02-25T07:09:33.265+0000] {processor.py:914} INFO - Processing file /opt/airflow/dags/core_osm_table_generator_dag.py for tasks to queue
[2026-02-25T07:09:33.267+0000] {logging_mixin.py:190} INFO - [2026-02-25T07:09:33.267+0000] {dagbag.py:588} INFO - Filling up the DagBag from /opt/airflow/dags/core_osm_table_generator_dag.py
[2026-02-25T07:09:33.294+0000] {processor.py:925} INFO - DAG(s) 'core_osm_table_generator' retrieved from /opt/airflow/dags/core_osm_table_generator_dag.py
[2026-02-25T07:09:33.329+0000] {logging_mixin.py:190} INFO - [2026-02-25T07:09:33.329+0000] {dag.py:3239} INFO - Sync 1 DAGs
[2026-02-25T07:09:33.342+0000] {logging_mixin.py:190} INFO - [2026-02-25T07:09:33.342+0000] {dag.py:4180} INFO - Setting next_dagrun for core_osm_table_generator to None, run_after=None
[2026-02-25T07:09:33.354+0000] {processor.py:208} INFO - Processing /opt/airflow/dags/core_osm_table_generator_dag.py took 0.099 seconds
[2026-02-25T07:10:03.667+0000] {processor.py:186} INFO - Started process (PID=7949) to work on /opt/airflow/dags/core_osm_table_generator_dag.py
[2026-02-25T07:10:03.669+0000] {processor.py:914} INFO - Processing file /opt/airflow/dags/core_osm_table_generator_dag.py for tasks to queue
[2026-02-25T07:10:03.671+0000] {logging_mixin.py:190} INFO - [2026-02-25T07:10:03.670+0000] {dagbag.py:588} INFO - Filling up the DagBag from /opt/airflow/dags/core_osm_table_generator_dag.py
[2026-02-25T07:10:03.705+0000] {processor.py:925} INFO - DAG(s) 'core_osm_table_generator' retrieved from /opt/airflow/dags/core_osm_table_generator_dag.py
[2026-02-25T07:10:03.732+0000] {logging_mixin.py:190} INFO - [2026-02-25T07:10:03.732+0000] {dag.py:3239} INFO - Sync 1 DAGs
[2026-02-25T07:10:03.747+0000] {logging_mixin.py:190} INFO - [2026-02-25T07:10:03.747+0000] {dag.py:4180} INFO - Setting next_dagrun for core_osm_table_generator to None, run_after=None
[2026-02-25T07:10:03.756+0000] {processor.py:208} INFO - Processing /opt/airflow/dags/core_osm_table_generator_dag.py took 0.101 seconds
[2026-02-25T07:10:34.051+0000] {processor.py:186} INFO - Started process (PID=7950) to work on /opt/airflow/dags/core_osm_table_generator_dag.py
[2026-02-25T07:10:34.053+0000] {processor.py:914} INFO - Processing file /opt/airflow/dags/core_osm_table_generator_dag.py for tasks to queue
[2026-02-25T07:10:34.055+0000] {logging_mixin.py:190} INFO - [2026-02-25T07:10:34.054+0000] {dagbag.py:588} INFO - Filling up the DagBag from /opt/airflow/dags/core_osm_table_generator_dag.py
[2026-02-25T07:10:34.077+0000] {processor.py:925} INFO - DAG(s) 'core_osm_table_generator' retrieved from /opt/airflow/dags/core_osm_table_generator_dag.py
[2026-02-25T07:10:34.095+0000] {logging_mixin.py:190} INFO - [2026-02-25T07:10:34.095+0000] {dag.py:3239} INFO - Sync 1 DAGs
[2026-02-25T07:10:34.106+0000] {logging_mixin.py:190} INFO - [2026-02-25T07:10:34.105+0000] {dag.py:4180} INFO - Setting next_dagrun for core_osm_table_generator to None, run_after=None
[2026-02-25T07:10:34.114+0000] {processor.py:208} INFO - Processing /opt/airflow/dags/core_osm_table_generator_dag.py took 0.071 seconds
[2026-02-25T07:11:04.246+0000] {processor.py:186} INFO - Started process (PID=7951) to work on /opt/airflow/dags/core_osm_table_generator_dag.py
[2026-02-25T07:11:04.248+0000] {processor.py:914} INFO - Processing file /opt/airflow/dags/core_osm_table_generator_dag.py for tasks to queue
[2026-02-25T07:11:04.250+0000] {logging_mixin.py:190} INFO - [2026-02-25T07:11:04.249+0000] {dagbag.py:588} INFO - Filling up the DagBag from /opt/airflow/dags/core_osm_table_generator_dag.py
[2026-02-25T07:11:04.285+0000] {processor.py:925} INFO - DAG(s) 'core_osm_table_generator' retrieved from /opt/airflow/dags/core_osm_table_generator_dag.py
[2026-02-25T07:11:04.322+0000] {logging_mixin.py:190} INFO - [2026-02-25T07:11:04.322+0000] {dag.py:3239} INFO - Sync 1 DAGs
[2026-02-25T07:11:04.335+0000] {logging_mixin.py:190} INFO - [2026-02-25T07:11:04.334+0000] {dag.py:4180} INFO - Setting next_dagrun for core_osm_table_generator to None, run_after=None
[2026-02-25T07:11:04.345+0000] {processor.py:208} INFO - Processing /opt/airflow/dags/core_osm_table_generator_dag.py took 0.131 seconds
[2026-02-25T07:11:34.697+0000] {processor.py:186} INFO - Started process (PID=7952) to work on /opt/airflow/dags/core_osm_table_generator_dag.py
[2026-02-25T07:11:34.699+0000] {processor.py:914} INFO - Processing file /opt/airflow/dags/core_osm_table_generator_dag.py for tasks to queue
[2026-02-25T07:11:34.701+0000] {logging_mixin.py:190} INFO - [2026-02-25T07:11:34.700+0000] {dagbag.py:588} INFO - Filling up the DagBag from /opt/airflow/dags/core_osm_table_generator_dag.py
[2026-02-25T07:11:34.729+0000] {processor.py:925} INFO - DAG(s) 'core_osm_table_generator' retrieved from /opt/airflow/dags/core_osm_table_generator_dag.py
[2026-02-25T07:11:34.745+0000] {logging_mixin.py:190} INFO - [2026-02-25T07:11:34.745+0000] {dag.py:3239} INFO - Sync 1 DAGs
[2026-02-25T07:11:34.754+0000] {logging_mixin.py:190} INFO - [2026-02-25T07:11:34.754+0000] {dag.py:4180} INFO - Setting next_dagrun for core_osm_table_generator to None, run_after=None
[2026-02-25T07:11:34.762+0000] {processor.py:208} INFO - Processing /opt/airflow/dags/core_osm_table_generator_dag.py took 0.077 seconds
[2026-02-25T07:27:28.936+0000] {processor.py:186} INFO - Started process (PID=7953) to work on /opt/airflow/dags/core_osm_table_generator_dag.py
[2026-02-25T07:27:28.937+0000] {processor.py:914} INFO - Processing file /opt/airflow/dags/core_osm_table_generator_dag.py for tasks to queue
[2026-02-25T07:27:28.938+0000] {logging_mixin.py:190} INFO - [2026-02-25T07:27:28.938+0000] {dagbag.py:588} INFO - Filling up the DagBag from /opt/airflow/dags/core_osm_table_generator_dag.py
[2026-02-25T07:27:28.983+0000] {processor.py:925} INFO - DAG(s) 'core_osm_table_generator' retrieved from /opt/airflow/dags/core_osm_table_generator_dag.py
[2026-02-25T07:27:29.008+0000] {logging_mixin.py:190} INFO - [2026-02-25T07:27:29.008+0000] {dag.py:3239} INFO - Sync 1 DAGs
[2026-02-25T07:27:29.020+0000] {logging_mixin.py:190} INFO - [2026-02-25T07:27:29.020+0000] {dag.py:4180} INFO - Setting next_dagrun for core_osm_table_generator to None, run_after=None
[2026-02-25T07:27:29.030+0000] {processor.py:208} INFO - Processing /opt/airflow/dags/core_osm_table_generator_dag.py took 0.101 seconds
[2026-02-25T07:27:59.425+0000] {processor.py:186} INFO - Started process (PID=7954) to work on /opt/airflow/dags/core_osm_table_generator_dag.py
[2026-02-25T07:27:59.427+0000] {processor.py:914} INFO - Processing file /opt/airflow/dags/core_osm_table_generator_dag.py for tasks to queue
[2026-02-25T07:27:59.428+0000] {logging_mixin.py:190} INFO - [2026-02-25T07:27:59.428+0000] {dagbag.py:588} INFO - Filling up the DagBag from /opt/airflow/dags/core_osm_table_generator_dag.py
[2026-02-25T07:27:59.475+0000] {processor.py:925} INFO - DAG(s) 'core_osm_table_generator' retrieved from /opt/airflow/dags/core_osm_table_generator_dag.py
[2026-02-25T07:27:59.508+0000] {logging_mixin.py:190} INFO - [2026-02-25T07:27:59.507+0000] {dag.py:3239} INFO - Sync 1 DAGs
[2026-02-25T07:27:59.520+0000] {logging_mixin.py:190} INFO - [2026-02-25T07:27:59.519+0000] {dag.py:4180} INFO - Setting next_dagrun for core_osm_table_generator to None, run_after=None
[2026-02-25T07:27:59.529+0000] {processor.py:208} INFO - Processing /opt/airflow/dags/core_osm_table_generator_dag.py took 0.113 seconds
[2026-02-25T07:28:29.861+0000] {processor.py:186} INFO - Started process (PID=7955) to work on /opt/airflow/dags/core_osm_table_generator_dag.py
[2026-02-25T07:28:29.863+0000] {processor.py:914} INFO - Processing file /opt/airflow/dags/core_osm_table_generator_dag.py for tasks to queue
[2026-02-25T07:28:29.864+0000] {logging_mixin.py:190} INFO - [2026-02-25T07:28:29.864+0000] {dagbag.py:588} INFO - Filling up the DagBag from /opt/airflow/dags/core_osm_table_generator_dag.py
[2026-02-25T07:28:29.915+0000] {processor.py:925} INFO - DAG(s) 'core_osm_table_generator' retrieved from /opt/airflow/dags/core_osm_table_generator_dag.py
[2026-02-25T07:28:29.947+0000] {logging_mixin.py:190} INFO - [2026-02-25T07:28:29.946+0000] {dag.py:3239} INFO - Sync 1 DAGs
[2026-02-25T07:28:29.959+0000] {logging_mixin.py:190} INFO - [2026-02-25T07:28:29.959+0000] {dag.py:4180} INFO - Setting next_dagrun for core_osm_table_generator to None, run_after=None
[2026-02-25T07:28:29.969+0000] {processor.py:208} INFO - Processing /opt/airflow/dags/core_osm_table_generator_dag.py took 0.117 seconds
[2026-02-25T07:29:00.303+0000] {processor.py:186} INFO - Started process (PID=7956) to work on /opt/airflow/dags/core_osm_table_generator_dag.py
[2026-02-25T07:29:00.305+0000] {processor.py:914} INFO - Processing file /opt/airflow/dags/core_osm_table_generator_dag.py for tasks to queue
[2026-02-25T07:29:00.307+0000] {logging_mixin.py:190} INFO - [2026-02-25T07:29:00.306+0000] {dagbag.py:588} INFO - Filling up the DagBag from /opt/airflow/dags/core_osm_table_generator_dag.py
[2026-02-25T07:29:00.321+0000] {processor.py:925} INFO - DAG(s) 'core_osm_table_generator' retrieved from /opt/airflow/dags/core_osm_table_generator_dag.py
[2026-02-25T07:29:00.340+0000] {logging_mixin.py:190} INFO - [2026-02-25T07:29:00.339+0000] {dag.py:3239} INFO - Sync 1 DAGs
[2026-02-25T07:29:00.349+0000] {logging_mixin.py:190} INFO - [2026-02-25T07:29:00.349+0000] {dag.py:4180} INFO - Setting next_dagrun for core_osm_table_generator to None, run_after=None
[2026-02-25T07:29:00.357+0000] {processor.py:208} INFO - Processing /opt/airflow/dags/core_osm_table_generator_dag.py took 0.060 seconds
[2026-02-25T07:29:30.765+0000] {processor.py:186} INFO - Started process (PID=7957) to work on /opt/airflow/dags/core_osm_table_generator_dag.py
[2026-02-25T07:29:30.766+0000] {processor.py:914} INFO - Processing file /opt/airflow/dags/core_osm_table_generator_dag.py for tasks to queue
[2026-02-25T07:29:30.768+0000] {logging_mixin.py:190} INFO - [2026-02-25T07:29:30.768+0000] {dagbag.py:588} INFO - Filling up the DagBag from /opt/airflow/dags/core_osm_table_generator_dag.py
[2026-02-25T07:29:30.818+0000] {processor.py:925} INFO - DAG(s) 'core_osm_table_generator' retrieved from /opt/airflow/dags/core_osm_table_generator_dag.py
[2026-02-25T07:29:30.843+0000] {logging_mixin.py:190} INFO - [2026-02-25T07:29:30.843+0000] {dag.py:3239} INFO - Sync 1 DAGs
[2026-02-25T07:29:30.854+0000] {logging_mixin.py:190} INFO - [2026-02-25T07:29:30.854+0000] {dag.py:4180} INFO - Setting next_dagrun for core_osm_table_generator to None, run_after=None
[2026-02-25T07:29:30.865+0000] {processor.py:208} INFO - Processing /opt/airflow/dags/core_osm_table_generator_dag.py took 0.122 seconds
[2026-02-25T07:46:49.423+0000] {processor.py:186} INFO - Started process (PID=7958) to work on /opt/airflow/dags/core_osm_table_generator_dag.py
[2026-02-25T07:46:49.424+0000] {processor.py:914} INFO - Processing file /opt/airflow/dags/core_osm_table_generator_dag.py for tasks to queue
[2026-02-25T07:46:49.425+0000] {logging_mixin.py:190} INFO - [2026-02-25T07:46:49.425+0000] {dagbag.py:588} INFO - Filling up the DagBag from /opt/airflow/dags/core_osm_table_generator_dag.py
[2026-02-25T07:46:49.450+0000] {processor.py:925} INFO - DAG(s) 'core_osm_table_generator' retrieved from /opt/airflow/dags/core_osm_table_generator_dag.py
[2026-02-25T07:46:49.487+0000] {logging_mixin.py:190} INFO - [2026-02-25T07:46:49.487+0000] {dag.py:3239} INFO - Sync 1 DAGs
[2026-02-25T07:46:49.499+0000] {logging_mixin.py:190} INFO - [2026-02-25T07:46:49.499+0000] {dag.py:4180} INFO - Setting next_dagrun for core_osm_table_generator to None, run_after=None
[2026-02-25T07:46:49.509+0000] {processor.py:208} INFO - Processing /opt/airflow/dags/core_osm_table_generator_dag.py took 0.092 seconds
[2026-02-25T07:47:19.899+0000] {processor.py:186} INFO - Started process (PID=7959) to work on /opt/airflow/dags/core_osm_table_generator_dag.py
[2026-02-25T07:47:19.900+0000] {processor.py:914} INFO - Processing file /opt/airflow/dags/core_osm_table_generator_dag.py for tasks to queue
[2026-02-25T07:47:19.902+0000] {logging_mixin.py:190} INFO - [2026-02-25T07:47:19.901+0000] {dagbag.py:588} INFO - Filling up the DagBag from /opt/airflow/dags/core_osm_table_generator_dag.py
[2026-02-25T07:47:19.953+0000] {processor.py:925} INFO - DAG(s) 'core_osm_table_generator' retrieved from /opt/airflow/dags/core_osm_table_generator_dag.py
[2026-02-25T07:47:19.993+0000] {logging_mixin.py:190} INFO - [2026-02-25T07:47:19.993+0000] {dag.py:3239} INFO - Sync 1 DAGs
[2026-02-25T07:47:20.005+0000] {logging_mixin.py:190} INFO - [2026-02-25T07:47:20.005+0000] {dag.py:4180} INFO - Setting next_dagrun for core_osm_table_generator to None, run_after=None
[2026-02-25T07:47:20.014+0000] {processor.py:208} INFO - Processing /opt/airflow/dags/core_osm_table_generator_dag.py took 0.125 seconds
[2026-02-25T07:47:50.305+0000] {processor.py:186} INFO - Started process (PID=7960) to work on /opt/airflow/dags/core_osm_table_generator_dag.py
[2026-02-25T07:47:50.307+0000] {processor.py:914} INFO - Processing file /opt/airflow/dags/core_osm_table_generator_dag.py for tasks to queue
[2026-02-25T07:47:50.309+0000] {logging_mixin.py:190} INFO - [2026-02-25T07:47:50.308+0000] {dagbag.py:588} INFO - Filling up the DagBag from /opt/airflow/dags/core_osm_table_generator_dag.py
[2026-02-25T07:47:50.338+0000] {processor.py:925} INFO - DAG(s) 'core_osm_table_generator' retrieved from /opt/airflow/dags/core_osm_table_generator_dag.py
[2026-02-25T07:47:50.360+0000] {logging_mixin.py:190} INFO - [2026-02-25T07:47:50.360+0000] {dag.py:3239} INFO - Sync 1 DAGs
[2026-02-25T07:47:50.370+0000] {logging_mixin.py:190} INFO - [2026-02-25T07:47:50.370+0000] {dag.py:4180} INFO - Setting next_dagrun for core_osm_table_generator to None, run_after=None
[2026-02-25T07:47:50.378+0000] {processor.py:208} INFO - Processing /opt/airflow/dags/core_osm_table_generator_dag.py took 0.082 seconds
[2026-02-25T07:48:20.807+0000] {processor.py:186} INFO - Started process (PID=7961) to work on /opt/airflow/dags/core_osm_table_generator_dag.py
[2026-02-25T07:48:20.809+0000] {processor.py:914} INFO - Processing file /opt/airflow/dags/core_osm_table_generator_dag.py for tasks to queue
[2026-02-25T07:48:20.810+0000] {logging_mixin.py:190} INFO - [2026-02-25T07:48:20.810+0000] {dagbag.py:588} INFO - Filling up the DagBag from /opt/airflow/dags/core_osm_table_generator_dag.py
[2026-02-25T07:48:20.826+0000] {processor.py:925} INFO - DAG(s) 'core_osm_table_generator' retrieved from /opt/airflow/dags/core_osm_table_generator_dag.py
[2026-02-25T07:48:20.844+0000] {logging_mixin.py:190} INFO - [2026-02-25T07:48:20.844+0000] {dag.py:3239} INFO - Sync 1 DAGs
[2026-02-25T07:48:20.866+0000] {logging_mixin.py:190} INFO - [2026-02-25T07:48:20.866+0000] {dag.py:4180} INFO - Setting next_dagrun for core_osm_table_generator to None, run_after=None
[2026-02-25T07:48:20.881+0000] {processor.py:208} INFO - Processing /opt/airflow/dags/core_osm_table_generator_dag.py took 0.083 seconds
[2026-02-25T07:48:51.198+0000] {processor.py:186} INFO - Started process (PID=7962) to work on /opt/airflow/dags/core_osm_table_generator_dag.py
[2026-02-25T07:48:51.200+0000] {processor.py:914} INFO - Processing file /opt/airflow/dags/core_osm_table_generator_dag.py for tasks to queue
[2026-02-25T07:48:51.201+0000] {logging_mixin.py:190} INFO - [2026-02-25T07:48:51.201+0000] {dagbag.py:588} INFO - Filling up the DagBag from /opt/airflow/dags/core_osm_table_generator_dag.py
[2026-02-25T07:48:51.231+0000] {processor.py:925} INFO - DAG(s) 'core_osm_table_generator' retrieved from /opt/airflow/dags/core_osm_table_generator_dag.py
[2026-02-25T07:48:51.269+0000] {logging_mixin.py:190} INFO - [2026-02-25T07:48:51.269+0000] {dag.py:3239} INFO - Sync 1 DAGs
[2026-02-25T07:48:51.281+0000] {logging_mixin.py:190} INFO - [2026-02-25T07:48:51.281+0000] {dag.py:4180} INFO - Setting next_dagrun for core_osm_table_generator to None, run_after=None
[2026-02-25T07:48:51.293+0000] {processor.py:208} INFO - Processing /opt/airflow/dags/core_osm_table_generator_dag.py took 0.102 seconds
[2026-02-25T07:49:21.607+0000] {processor.py:186} INFO - Started process (PID=7963) to work on /opt/airflow/dags/core_osm_table_generator_dag.py
[2026-02-25T07:49:21.608+0000] {processor.py:914} INFO - Processing file /opt/airflow/dags/core_osm_table_generator_dag.py for tasks to queue
[2026-02-25T07:49:21.610+0000] {logging_mixin.py:190} INFO - [2026-02-25T07:49:21.610+0000] {dagbag.py:588} INFO - Filling up the DagBag from /opt/airflow/dags/core_osm_table_generator_dag.py
[2026-02-25T07:49:21.665+0000] {processor.py:925} INFO - DAG(s) 'core_osm_table_generator' retrieved from /opt/airflow/dags/core_osm_table_generator_dag.py
[2026-02-25T07:49:21.688+0000] {logging_mixin.py:190} INFO - [2026-02-25T07:49:21.688+0000] {dag.py:3239} INFO - Sync 1 DAGs
[2026-02-25T07:49:21.704+0000] {logging_mixin.py:190} INFO - [2026-02-25T07:49:21.703+0000] {dag.py:4180} INFO - Setting next_dagrun for core_osm_table_generator to None, run_after=None
[2026-02-25T07:49:21.720+0000] {processor.py:208} INFO - Processing /opt/airflow/dags/core_osm_table_generator_dag.py took 0.123 seconds
[2026-02-25T08:06:45.476+0000] {processor.py:186} INFO - Started process (PID=7964) to work on /opt/airflow/dags/core_osm_table_generator_dag.py
[2026-02-25T08:06:45.477+0000] {processor.py:914} INFO - Processing file /opt/airflow/dags/core_osm_table_generator_dag.py for tasks to queue
[2026-02-25T08:06:45.478+0000] {logging_mixin.py:190} INFO - [2026-02-25T08:06:45.478+0000] {dagbag.py:588} INFO - Filling up the DagBag from /opt/airflow/dags/core_osm_table_generator_dag.py
[2026-02-25T08:06:45.515+0000] {processor.py:925} INFO - DAG(s) 'core_osm_table_generator' retrieved from /opt/airflow/dags/core_osm_table_generator_dag.py
[2026-02-25T08:06:45.546+0000] {logging_mixin.py:190} INFO - [2026-02-25T08:06:45.546+0000] {dag.py:3239} INFO - Sync 1 DAGs
[2026-02-25T08:06:45.555+0000] {logging_mixin.py:190} INFO - [2026-02-25T08:06:45.555+0000] {dag.py:4180} INFO - Setting next_dagrun for core_osm_table_generator to None, run_after=None
[2026-02-25T08:06:45.564+0000] {processor.py:208} INFO - Processing /opt/airflow/dags/core_osm_table_generator_dag.py took 0.093 seconds
[2026-02-25T08:07:15.943+0000] {processor.py:186} INFO - Started process (PID=7965) to work on /opt/airflow/dags/core_osm_table_generator_dag.py
[2026-02-25T08:07:15.944+0000] {processor.py:914} INFO - Processing file /opt/airflow/dags/core_osm_table_generator_dag.py for tasks to queue
[2026-02-25T08:07:15.946+0000] {logging_mixin.py:190} INFO - [2026-02-25T08:07:15.946+0000] {dagbag.py:588} INFO - Filling up the DagBag from /opt/airflow/dags/core_osm_table_generator_dag.py
[2026-02-25T08:07:15.978+0000] {processor.py:925} INFO - DAG(s) 'core_osm_table_generator' retrieved from /opt/airflow/dags/core_osm_table_generator_dag.py
[2026-02-25T08:07:16.021+0000] {logging_mixin.py:190} INFO - [2026-02-25T08:07:16.021+0000] {dag.py:3239} INFO - Sync 1 DAGs
[2026-02-25T08:07:16.033+0000] {logging_mixin.py:190} INFO - [2026-02-25T08:07:16.033+0000] {dag.py:4180} INFO - Setting next_dagrun for core_osm_table_generator to None, run_after=None
[2026-02-25T08:07:16.043+0000] {processor.py:208} INFO - Processing /opt/airflow/dags/core_osm_table_generator_dag.py took 0.108 seconds
[2026-02-25T08:07:46.294+0000] {processor.py:186} INFO - Started process (PID=7966) to work on /opt/airflow/dags/core_osm_table_generator_dag.py
[2026-02-25T08:07:46.295+0000] {processor.py:914} INFO - Processing file /opt/airflow/dags/core_osm_table_generator_dag.py for tasks to queue
[2026-02-25T08:07:46.296+0000] {logging_mixin.py:190} INFO - [2026-02-25T08:07:46.296+0000] {dagbag.py:588} INFO - Filling up the DagBag from /opt/airflow/dags/core_osm_table_generator_dag.py
[2026-02-25T08:07:46.311+0000] {processor.py:925} INFO - DAG(s) 'core_osm_table_generator' retrieved from /opt/airflow/dags/core_osm_table_generator_dag.py
[2026-02-25T08:07:46.327+0000] {logging_mixin.py:190} INFO - [2026-02-25T08:07:46.327+0000] {dag.py:3239} INFO - Sync 1 DAGs
[2026-02-25T08:07:46.334+0000] {logging_mixin.py:190} INFO - [2026-02-25T08:07:46.334+0000] {dag.py:4180} INFO - Setting next_dagrun for core_osm_table_generator to None, run_after=None
[2026-02-25T08:07:46.342+0000] {processor.py:208} INFO - Processing /opt/airflow/dags/core_osm_table_generator_dag.py took 0.057 seconds
[2026-02-25T08:08:16.721+0000] {processor.py:186} INFO - Started process (PID=7967) to work on /opt/airflow/dags/core_osm_table_generator_dag.py
[2026-02-25T08:08:16.723+0000] {processor.py:914} INFO - Processing file /opt/airflow/dags/core_osm_table_generator_dag.py for tasks to queue
[2026-02-25T08:08:16.726+0000] {logging_mixin.py:190} INFO - [2026-02-25T08:08:16.725+0000] {dagbag.py:588} INFO - Filling up the DagBag from /opt/airflow/dags/core_osm_table_generator_dag.py
[2026-02-25T08:08:16.779+0000] {processor.py:925} INFO - DAG(s) 'core_osm_table_generator' retrieved from /opt/airflow/dags/core_osm_table_generator_dag.py
[2026-02-25T08:08:16.801+0000] {logging_mixin.py:190} INFO - [2026-02-25T08:08:16.801+0000] {dag.py:3239} INFO - Sync 1 DAGs
[2026-02-25T08:08:16.813+0000] {logging_mixin.py:190} INFO - [2026-02-25T08:08:16.813+0000] {dag.py:4180} INFO - Setting next_dagrun for core_osm_table_generator to None, run_after=None
[2026-02-25T08:08:16.822+0000] {processor.py:208} INFO - Processing /opt/airflow/dags/core_osm_table_generator_dag.py took 0.116 seconds
[2026-02-25T08:26:11.349+0000] {processor.py:186} INFO - Started process (PID=7968) to work on /opt/airflow/dags/core_osm_table_generator_dag.py
[2026-02-25T08:26:11.350+0000] {processor.py:914} INFO - Processing file /opt/airflow/dags/core_osm_table_generator_dag.py for tasks to queue
[2026-02-25T08:26:11.352+0000] {logging_mixin.py:190} INFO - [2026-02-25T08:26:11.351+0000] {dagbag.py:588} INFO - Filling up the DagBag from /opt/airflow/dags/core_osm_table_generator_dag.py
[2026-02-25T08:26:11.398+0000] {processor.py:925} INFO - DAG(s) 'core_osm_table_generator' retrieved from /opt/airflow/dags/core_osm_table_generator_dag.py
[2026-02-25T08:26:11.434+0000] {logging_mixin.py:190} INFO - [2026-02-25T08:26:11.433+0000] {dag.py:3239} INFO - Sync 1 DAGs
[2026-02-25T08:26:11.448+0000] {logging_mixin.py:190} INFO - [2026-02-25T08:26:11.448+0000] {dag.py:4180} INFO - Setting next_dagrun for core_osm_table_generator to None, run_after=None
[2026-02-25T08:26:11.459+0000] {processor.py:208} INFO - Processing /opt/airflow/dags/core_osm_table_generator_dag.py took 0.116 seconds
[2026-02-25T08:26:41.940+0000] {processor.py:186} INFO - Started process (PID=7969) to work on /opt/airflow/dags/core_osm_table_generator_dag.py
[2026-02-25T08:26:41.942+0000] {processor.py:914} INFO - Processing file /opt/airflow/dags/core_osm_table_generator_dag.py for tasks to queue
[2026-02-25T08:26:41.945+0000] {logging_mixin.py:190} INFO - [2026-02-25T08:26:41.944+0000] {dagbag.py:588} INFO - Filling up the DagBag from /opt/airflow/dags/core_osm_table_generator_dag.py
[2026-02-25T08:26:42.001+0000] {processor.py:925} INFO - DAG(s) 'core_osm_table_generator' retrieved from /opt/airflow/dags/core_osm_table_generator_dag.py
[2026-02-25T08:26:42.041+0000] {logging_mixin.py:190} INFO - [2026-02-25T08:26:42.040+0000] {dag.py:3239} INFO - Sync 1 DAGs
[2026-02-25T08:26:42.053+0000] {logging_mixin.py:190} INFO - [2026-02-25T08:26:42.053+0000] {dag.py:4180} INFO - Setting next_dagrun for core_osm_table_generator to None, run_after=None
[2026-02-25T08:26:42.063+0000] {processor.py:208} INFO - Processing /opt/airflow/dags/core_osm_table_generator_dag.py took 0.134 seconds
[2026-02-25T08:27:12.357+0000] {processor.py:186} INFO - Started process (PID=7970) to work on /opt/airflow/dags/core_osm_table_generator_dag.py
[2026-02-25T08:27:12.359+0000] {processor.py:914} INFO - Processing file /opt/airflow/dags/core_osm_table_generator_dag.py for tasks to queue
[2026-02-25T08:27:12.360+0000] {logging_mixin.py:190} INFO - [2026-02-25T08:27:12.360+0000] {dagbag.py:588} INFO - Filling up the DagBag from /opt/airflow/dags/core_osm_table_generator_dag.py
[2026-02-25T08:27:12.376+0000] {processor.py:925} INFO - DAG(s) 'core_osm_table_generator' retrieved from /opt/airflow/dags/core_osm_table_generator_dag.py
[2026-02-25T08:27:12.406+0000] {logging_mixin.py:190} INFO - [2026-02-25T08:27:12.406+0000] {dag.py:3239} INFO - Sync 1 DAGs
[2026-02-25T08:27:12.418+0000] {logging_mixin.py:190} INFO - [2026-02-25T08:27:12.418+0000] {dag.py:4180} INFO - Setting next_dagrun for core_osm_table_generator to None, run_after=None
[2026-02-25T08:27:12.426+0000] {processor.py:208} INFO - Processing /opt/airflow/dags/core_osm_table_generator_dag.py took 0.076 seconds
[2026-02-25T08:27:42.829+0000] {processor.py:186} INFO - Started process (PID=7971) to work on /opt/airflow/dags/core_osm_table_generator_dag.py
[2026-02-25T08:27:42.839+0000] {processor.py:914} INFO - Processing file /opt/airflow/dags/core_osm_table_generator_dag.py for tasks to queue
[2026-02-25T08:27:42.849+0000] {logging_mixin.py:190} INFO - [2026-02-25T08:27:42.848+0000] {dagbag.py:588} INFO - Filling up the DagBag from /opt/airflow/dags/core_osm_table_generator_dag.py
[2026-02-25T08:27:42.886+0000] {processor.py:925} INFO - DAG(s) 'core_osm_table_generator' retrieved from /opt/airflow/dags/core_osm_table_generator_dag.py
[2026-02-25T08:27:42.906+0000] {logging_mixin.py:190} INFO - [2026-02-25T08:27:42.906+0000] {dag.py:3239} INFO - Sync 1 DAGs
[2026-02-25T08:27:42.916+0000] {logging_mixin.py:190} INFO - [2026-02-25T08:27:42.916+0000] {dag.py:4180} INFO - Setting next_dagrun for core_osm_table_generator to None, run_after=None
[2026-02-25T08:27:42.925+0000] {processor.py:208} INFO - Processing /opt/airflow/dags/core_osm_table_generator_dag.py took 0.107 seconds
[2026-02-25T08:28:13.194+0000] {processor.py:186} INFO - Started process (PID=7972) to work on /opt/airflow/dags/core_osm_table_generator_dag.py
[2026-02-25T08:28:13.195+0000] {processor.py:914} INFO - Processing file /opt/airflow/dags/core_osm_table_generator_dag.py for tasks to queue
[2026-02-25T08:28:13.197+0000] {logging_mixin.py:190} INFO - [2026-02-25T08:28:13.196+0000] {dagbag.py:588} INFO - Filling up the DagBag from /opt/airflow/dags/core_osm_table_generator_dag.py
[2026-02-25T08:28:13.214+0000] {processor.py:925} INFO - DAG(s) 'core_osm_table_generator' retrieved from /opt/airflow/dags/core_osm_table_generator_dag.py
[2026-02-25T08:28:13.232+0000] {logging_mixin.py:190} INFO - [2026-02-25T08:28:13.232+0000] {dag.py:3239} INFO - Sync 1 DAGs
[2026-02-25T08:28:13.244+0000] {logging_mixin.py:190} INFO - [2026-02-25T08:28:13.244+0000] {dag.py:4180} INFO - Setting next_dagrun for core_osm_table_generator to None, run_after=None
[2026-02-25T08:28:13.252+0000] {processor.py:208} INFO - Processing /opt/airflow/dags/core_osm_table_generator_dag.py took 0.065 seconds
[2026-02-25T08:46:11.558+0000] {processor.py:186} INFO - Started process (PID=7973) to work on /opt/airflow/dags/core_osm_table_generator_dag.py
[2026-02-25T08:46:11.560+0000] {processor.py:914} INFO - Processing file /opt/airflow/dags/core_osm_table_generator_dag.py for tasks to queue
[2026-02-25T08:46:11.561+0000] {logging_mixin.py:190} INFO - [2026-02-25T08:46:11.560+0000] {dagbag.py:588} INFO - Filling up the DagBag from /opt/airflow/dags/core_osm_table_generator_dag.py
[2026-02-25T08:46:11.603+0000] {processor.py:925} INFO - DAG(s) 'core_osm_table_generator' retrieved from /opt/airflow/dags/core_osm_table_generator_dag.py
[2026-02-25T08:46:11.626+0000] {logging_mixin.py:190} INFO - [2026-02-25T08:46:11.626+0000] {dag.py:3239} INFO - Sync 1 DAGs
[2026-02-25T08:46:11.638+0000] {logging_mixin.py:190} INFO - [2026-02-25T08:46:11.638+0000] {dag.py:4180} INFO - Setting next_dagrun for core_osm_table_generator to None, run_after=None
[2026-02-25T08:46:11.648+0000] {processor.py:208} INFO - Processing /opt/airflow/dags/core_osm_table_generator_dag.py took 0.098 seconds
[2026-02-25T08:46:42.062+0000] {processor.py:186} INFO - Started process (PID=7974) to work on /opt/airflow/dags/core_osm_table_generator_dag.py
[2026-02-25T08:46:42.064+0000] {processor.py:914} INFO - Processing file /opt/airflow/dags/core_osm_table_generator_dag.py for tasks to queue
[2026-02-25T08:46:42.066+0000] {logging_mixin.py:190} INFO - [2026-02-25T08:46:42.065+0000] {dagbag.py:588} INFO - Filling up the DagBag from /opt/airflow/dags/core_osm_table_generator_dag.py
[2026-02-25T08:46:42.110+0000] {processor.py:925} INFO - DAG(s) 'core_osm_table_generator' retrieved from /opt/airflow/dags/core_osm_table_generator_dag.py
[2026-02-25T08:46:42.135+0000] {logging_mixin.py:190} INFO - [2026-02-25T08:46:42.135+0000] {dag.py:3239} INFO - Sync 1 DAGs
[2026-02-25T08:46:42.153+0000] {logging_mixin.py:190} INFO - [2026-02-25T08:46:42.153+0000] {dag.py:4180} INFO - Setting next_dagrun for core_osm_table_generator to None, run_after=None
[2026-02-25T08:46:42.163+0000] {processor.py:208} INFO - Processing /opt/airflow/dags/core_osm_table_generator_dag.py took 0.112 seconds
[2026-02-25T08:47:12.518+0000] {processor.py:186} INFO - Started process (PID=7975) to work on /opt/airflow/dags/core_osm_table_generator_dag.py
[2026-02-25T08:47:12.519+0000] {processor.py:914} INFO - Processing file /opt/airflow/dags/core_osm_table_generator_dag.py for tasks to queue
[2026-02-25T08:47:12.521+0000] {logging_mixin.py:190} INFO - [2026-02-25T08:47:12.520+0000] {dagbag.py:588} INFO - Filling up the DagBag from /opt/airflow/dags/core_osm_table_generator_dag.py
[2026-02-25T08:47:12.565+0000] {processor.py:925} INFO - DAG(s) 'core_osm_table_generator' retrieved from /opt/airflow/dags/core_osm_table_generator_dag.py
[2026-02-25T08:47:12.593+0000] {logging_mixin.py:190} INFO - [2026-02-25T08:47:12.593+0000] {dag.py:3239} INFO - Sync 1 DAGs
[2026-02-25T08:47:12.605+0000] {logging_mixin.py:190} INFO - [2026-02-25T08:47:12.605+0000] {dag.py:4180} INFO - Setting next_dagrun for core_osm_table_generator to None, run_after=None
[2026-02-25T08:47:12.614+0000] {processor.py:208} INFO - Processing /opt/airflow/dags/core_osm_table_generator_dag.py took 0.106 seconds
[2026-02-25T08:47:42.969+0000] {processor.py:186} INFO - Started process (PID=7976) to work on /opt/airflow/dags/core_osm_table_generator_dag.py
[2026-02-25T08:47:42.970+0000] {processor.py:914} INFO - Processing file /opt/airflow/dags/core_osm_table_generator_dag.py for tasks to queue
[2026-02-25T08:47:42.971+0000] {logging_mixin.py:190} INFO - [2026-02-25T08:47:42.971+0000] {dagbag.py:588} INFO - Filling up the DagBag from /opt/airflow/dags/core_osm_table_generator_dag.py
[2026-02-25T08:47:42.986+0000] {processor.py:925} INFO - DAG(s) 'core_osm_table_generator' retrieved from /opt/airflow/dags/core_osm_table_generator_dag.py
[2026-02-25T08:47:43.002+0000] {logging_mixin.py:190} INFO - [2026-02-25T08:47:43.002+0000] {dag.py:3239} INFO - Sync 1 DAGs
[2026-02-25T08:47:43.010+0000] {logging_mixin.py:190} INFO - [2026-02-25T08:47:43.010+0000] {dag.py:4180} INFO - Setting next_dagrun for core_osm_table_generator to None, run_after=None
[2026-02-25T08:47:43.017+0000] {processor.py:208} INFO - Processing /opt/airflow/dags/core_osm_table_generator_dag.py took 0.054 seconds
[2026-02-25T08:48:13.372+0000] {processor.py:186} INFO - Started process (PID=7977) to work on /opt/airflow/dags/core_osm_table_generator_dag.py
[2026-02-25T08:48:13.373+0000] {processor.py:914} INFO - Processing file /opt/airflow/dags/core_osm_table_generator_dag.py for tasks to queue
[2026-02-25T08:48:13.374+0000] {logging_mixin.py:190} INFO - [2026-02-25T08:48:13.373+0000] {dagbag.py:588} INFO - Filling up the DagBag from /opt/airflow/dags/core_osm_table_generator_dag.py
[2026-02-25T08:48:13.423+0000] {processor.py:925} INFO - DAG(s) 'core_osm_table_generator' retrieved from /opt/airflow/dags/core_osm_table_generator_dag.py
[2026-02-25T08:48:13.447+0000] {logging_mixin.py:190} INFO - [2026-02-25T08:48:13.447+0000] {dag.py:3239} INFO - Sync 1 DAGs
[2026-02-25T08:48:13.459+0000] {logging_mixin.py:190} INFO - [2026-02-25T08:48:13.459+0000] {dag.py:4180} INFO - Setting next_dagrun for core_osm_table_generator to None, run_after=None
[2026-02-25T08:48:13.468+0000] {processor.py:208} INFO - Processing /opt/airflow/dags/core_osm_table_generator_dag.py took 0.104 seconds
[2026-02-25T08:48:44.709+0000] {processor.py:186} INFO - Started process (PID=7978) to work on /opt/airflow/dags/core_osm_table_generator_dag.py
[2026-02-25T08:48:44.711+0000] {processor.py:914} INFO - Processing file /opt/airflow/dags/core_osm_table_generator_dag.py for tasks to queue
[2026-02-25T08:48:44.713+0000] {logging_mixin.py:190} INFO - [2026-02-25T08:48:44.713+0000] {dagbag.py:588} INFO - Filling up the DagBag from /opt/airflow/dags/core_osm_table_generator_dag.py
[2026-02-25T08:48:44.783+0000] {processor.py:925} INFO - DAG(s) 'core_osm_table_generator' retrieved from /opt/airflow/dags/core_osm_table_generator_dag.py
[2026-02-25T08:48:44.808+0000] {logging_mixin.py:190} INFO - [2026-02-25T08:48:44.807+0000] {dag.py:3239} INFO - Sync 1 DAGs
[2026-02-25T08:48:44.823+0000] {logging_mixin.py:190} INFO - [2026-02-25T08:48:44.823+0000] {dag.py:4180} INFO - Setting next_dagrun for core_osm_table_generator to None, run_after=None
[2026-02-25T08:48:44.838+0000] {processor.py:208} INFO - Processing /opt/airflow/dags/core_osm_table_generator_dag.py took 0.145 seconds
[2026-02-25T09:05:17.784+0000] {processor.py:186} INFO - Started process (PID=7979) to work on /opt/airflow/dags/core_osm_table_generator_dag.py
[2026-02-25T09:05:17.786+0000] {processor.py:914} INFO - Processing file /opt/airflow/dags/core_osm_table_generator_dag.py for tasks to queue
[2026-02-25T09:05:17.787+0000] {logging_mixin.py:190} INFO - [2026-02-25T09:05:17.787+0000] {dagbag.py:588} INFO - Filling up the DagBag from /opt/airflow/dags/core_osm_table_generator_dag.py
[2026-02-25T09:05:17.834+0000] {processor.py:925} INFO - DAG(s) 'core_osm_table_generator' retrieved from /opt/airflow/dags/core_osm_table_generator_dag.py
[2026-02-25T09:05:17.862+0000] {logging_mixin.py:190} INFO - [2026-02-25T09:05:17.862+0000] {dag.py:3239} INFO - Sync 1 DAGs
[2026-02-25T09:05:17.880+0000] {logging_mixin.py:190} INFO - [2026-02-25T09:05:17.880+0000] {dag.py:4180} INFO - Setting next_dagrun for core_osm_table_generator to None, run_after=None
[2026-02-25T09:05:17.906+0000] {processor.py:208} INFO - Processing /opt/airflow/dags/core_osm_table_generator_dag.py took 0.133 seconds
[2026-02-25T09:05:48.221+0000] {processor.py:186} INFO - Started process (PID=7980) to work on /opt/airflow/dags/core_osm_table_generator_dag.py
[2026-02-25T09:05:48.224+0000] {processor.py:914} INFO - Processing file /opt/airflow/dags/core_osm_table_generator_dag.py for tasks to queue
[2026-02-25T09:05:48.226+0000] {logging_mixin.py:190} INFO - [2026-02-25T09:05:48.226+0000] {dagbag.py:588} INFO - Filling up the DagBag from /opt/airflow/dags/core_osm_table_generator_dag.py
[2026-02-25T09:05:48.283+0000] {processor.py:925} INFO - DAG(s) 'core_osm_table_generator' retrieved from /opt/airflow/dags/core_osm_table_generator_dag.py
[2026-02-25T09:05:48.313+0000] {logging_mixin.py:190} INFO - [2026-02-25T09:05:48.313+0000] {dag.py:3239} INFO - Sync 1 DAGs
[2026-02-25T09:05:48.339+0000] {logging_mixin.py:190} INFO - [2026-02-25T09:05:48.339+0000] {dag.py:4180} INFO - Setting next_dagrun for core_osm_table_generator to None, run_after=None
[2026-02-25T09:05:48.349+0000] {processor.py:208} INFO - Processing /opt/airflow/dags/core_osm_table_generator_dag.py took 0.139 seconds
[2026-02-25T09:06:18.688+0000] {processor.py:186} INFO - Started process (PID=7981) to work on /opt/airflow/dags/core_osm_table_generator_dag.py
[2026-02-25T09:06:18.691+0000] {processor.py:914} INFO - Processing file /opt/airflow/dags/core_osm_table_generator_dag.py for tasks to queue
[2026-02-25T09:06:18.692+0000] {logging_mixin.py:190} INFO - [2026-02-25T09:06:18.692+0000] {dagbag.py:588} INFO - Filling up the DagBag from /opt/airflow/dags/core_osm_table_generator_dag.py
[2026-02-25T09:06:18.744+0000] {processor.py:925} INFO - DAG(s) 'core_osm_table_generator' retrieved from /opt/airflow/dags/core_osm_table_generator_dag.py
[2026-02-25T09:06:18.771+0000] {logging_mixin.py:190} INFO - [2026-02-25T09:06:18.771+0000] {dag.py:3239} INFO - Sync 1 DAGs
[2026-02-25T09:06:18.789+0000] {logging_mixin.py:190} INFO - [2026-02-25T09:06:18.788+0000] {dag.py:4180} INFO - Setting next_dagrun for core_osm_table_generator to None, run_after=None
[2026-02-25T09:06:18.803+0000] {processor.py:208} INFO - Processing /opt/airflow/dags/core_osm_table_generator_dag.py took 0.150 seconds
[2026-02-25T09:06:49.114+0000] {processor.py:186} INFO - Started process (PID=7982) to work on /opt/airflow/dags/core_osm_table_generator_dag.py
[2026-02-25T09:06:49.116+0000] {processor.py:914} INFO - Processing file /opt/airflow/dags/core_osm_table_generator_dag.py for tasks to queue
[2026-02-25T09:06:49.117+0000] {logging_mixin.py:190} INFO - [2026-02-25T09:06:49.117+0000] {dagbag.py:588} INFO - Filling up the DagBag from /opt/airflow/dags/core_osm_table_generator_dag.py
[2026-02-25T09:06:49.131+0000] {processor.py:925} INFO - DAG(s) 'core_osm_table_generator' retrieved from /opt/airflow/dags/core_osm_table_generator_dag.py
[2026-02-25T09:06:49.168+0000] {logging_mixin.py:190} INFO - [2026-02-25T09:06:49.168+0000] {dag.py:3239} INFO - Sync 1 DAGs
[2026-02-25T09:06:49.180+0000] {logging_mixin.py:190} INFO - [2026-02-25T09:06:49.180+0000] {dag.py:4180} INFO - Setting next_dagrun for core_osm_table_generator to None, run_after=None
[2026-02-25T09:06:49.189+0000] {processor.py:208} INFO - Processing /opt/airflow/dags/core_osm_table_generator_dag.py took 0.085 seconds
[2026-02-25T09:07:19.501+0000] {processor.py:186} INFO - Started process (PID=7983) to work on /opt/airflow/dags/core_osm_table_generator_dag.py
[2026-02-25T09:07:19.503+0000] {processor.py:914} INFO - Processing file /opt/airflow/dags/core_osm_table_generator_dag.py for tasks to queue
[2026-02-25T09:07:19.504+0000] {logging_mixin.py:190} INFO - [2026-02-25T09:07:19.504+0000] {dagbag.py:588} INFO - Filling up the DagBag from /opt/airflow/dags/core_osm_table_generator_dag.py
[2026-02-25T09:07:19.536+0000] {processor.py:925} INFO - DAG(s) 'core_osm_table_generator' retrieved from /opt/airflow/dags/core_osm_table_generator_dag.py
[2026-02-25T09:07:19.559+0000] {logging_mixin.py:190} INFO - [2026-02-25T09:07:19.559+0000] {dag.py:3239} INFO - Sync 1 DAGs
[2026-02-25T09:07:19.581+0000] {logging_mixin.py:190} INFO - [2026-02-25T09:07:19.581+0000] {dag.py:4180} INFO - Setting next_dagrun for core_osm_table_generator to None, run_after=None
[2026-02-25T09:07:19.592+0000] {processor.py:208} INFO - Processing /opt/airflow/dags/core_osm_table_generator_dag.py took 0.124 seconds
[2026-02-25T09:07:49.885+0000] {processor.py:186} INFO - Started process (PID=7984) to work on /opt/airflow/dags/core_osm_table_generator_dag.py
[2026-02-25T09:07:49.885+0000] {processor.py:914} INFO - Processing file /opt/airflow/dags/core_osm_table_generator_dag.py for tasks to queue
[2026-02-25T09:07:49.886+0000] {logging_mixin.py:190} INFO - [2026-02-25T09:07:49.886+0000] {dagbag.py:588} INFO - Filling up the DagBag from /opt/airflow/dags/core_osm_table_generator_dag.py
[2026-02-25T09:07:49.898+0000] {processor.py:925} INFO - DAG(s) 'core_osm_table_generator' retrieved from /opt/airflow/dags/core_osm_table_generator_dag.py
[2026-02-25T09:07:49.922+0000] {logging_mixin.py:190} INFO - [2026-02-25T09:07:49.921+0000] {dag.py:3239} INFO - Sync 1 DAGs
[2026-02-25T09:07:49.929+0000] {logging_mixin.py:190} INFO - [2026-02-25T09:07:49.929+0000] {dag.py:4180} INFO - Setting next_dagrun for core_osm_table_generator to None, run_after=None
[2026-02-25T09:07:49.935+0000] {processor.py:208} INFO - Processing /opt/airflow/dags/core_osm_table_generator_dag.py took 0.056 seconds
[2026-02-25T09:08:20.257+0000] {processor.py:186} INFO - Started process (PID=7985) to work on /opt/airflow/dags/core_osm_table_generator_dag.py
[2026-02-25T09:08:20.259+0000] {processor.py:914} INFO - Processing file /opt/airflow/dags/core_osm_table_generator_dag.py for tasks to queue
[2026-02-25T09:08:20.267+0000] {logging_mixin.py:190} INFO - [2026-02-25T09:08:20.264+0000] {dagbag.py:588} INFO - Filling up the DagBag from /opt/airflow/dags/core_osm_table_generator_dag.py
[2026-02-25T09:08:20.310+0000] {processor.py:925} INFO - DAG(s) 'core_osm_table_generator' retrieved from /opt/airflow/dags/core_osm_table_generator_dag.py
[2026-02-25T09:08:20.350+0000] {logging_mixin.py:190} INFO - [2026-02-25T09:08:20.350+0000] {dag.py:3239} INFO - Sync 1 DAGs
[2026-02-25T09:08:20.365+0000] {logging_mixin.py:190} INFO - [2026-02-25T09:08:20.365+0000] {dag.py:4180} INFO - Setting next_dagrun for core_osm_table_generator to None, run_after=None
[2026-02-25T09:08:20.375+0000] {processor.py:208} INFO - Processing /opt/airflow/dags/core_osm_table_generator_dag.py took 0.127 seconds
[2026-02-25T09:08:50.631+0000] {processor.py:186} INFO - Started process (PID=7986) to work on /opt/airflow/dags/core_osm_table_generator_dag.py
[2026-02-25T09:08:50.633+0000] {processor.py:914} INFO - Processing file /opt/airflow/dags/core_osm_table_generator_dag.py for tasks to queue
[2026-02-25T09:08:50.634+0000] {logging_mixin.py:190} INFO - [2026-02-25T09:08:50.634+0000] {dagbag.py:588} INFO - Filling up the DagBag from /opt/airflow/dags/core_osm_table_generator_dag.py
[2026-02-25T09:08:50.665+0000] {processor.py:925} INFO - DAG(s) 'core_osm_table_generator' retrieved from /opt/airflow/dags/core_osm_table_generator_dag.py
[2026-02-25T09:08:50.689+0000] {logging_mixin.py:190} INFO - [2026-02-25T09:08:50.689+0000] {dag.py:3239} INFO - Sync 1 DAGs
[2026-02-25T09:08:50.705+0000] {logging_mixin.py:190} INFO - [2026-02-25T09:08:50.705+0000] {dag.py:4180} INFO - Setting next_dagrun for core_osm_table_generator to None, run_after=None
[2026-02-25T09:08:50.717+0000] {processor.py:208} INFO - Processing /opt/airflow/dags/core_osm_table_generator_dag.py took 0.096 seconds
[2026-02-25T09:09:21.141+0000] {processor.py:186} INFO - Started process (PID=7987) to work on /opt/airflow/dags/core_osm_table_generator_dag.py
[2026-02-25T09:09:21.146+0000] {processor.py:914} INFO - Processing file /opt/airflow/dags/core_osm_table_generator_dag.py for tasks to queue
[2026-02-25T09:09:21.149+0000] {logging_mixin.py:190} INFO - [2026-02-25T09:09:21.148+0000] {dagbag.py:588} INFO - Filling up the DagBag from /opt/airflow/dags/core_osm_table_generator_dag.py
[2026-02-25T09:09:21.187+0000] {processor.py:925} INFO - DAG(s) 'core_osm_table_generator' retrieved from /opt/airflow/dags/core_osm_table_generator_dag.py
[2026-02-25T09:09:21.206+0000] {logging_mixin.py:190} INFO - [2026-02-25T09:09:21.206+0000] {dag.py:3239} INFO - Sync 1 DAGs
[2026-02-25T09:09:21.225+0000] {logging_mixin.py:190} INFO - [2026-02-25T09:09:21.225+0000] {dag.py:4180} INFO - Setting next_dagrun for core_osm_table_generator to None, run_after=None
[2026-02-25T09:09:21.240+0000] {processor.py:208} INFO - Processing /opt/airflow/dags/core_osm_table_generator_dag.py took 0.115 seconds
[2026-02-25T09:09:51.545+0000] {processor.py:186} INFO - Started process (PID=7988) to work on /opt/airflow/dags/core_osm_table_generator_dag.py
[2026-02-25T09:09:51.546+0000] {processor.py:914} INFO - Processing file /opt/airflow/dags/core_osm_table_generator_dag.py for tasks to queue
[2026-02-25T09:09:51.547+0000] {logging_mixin.py:190} INFO - [2026-02-25T09:09:51.547+0000] {dagbag.py:588} INFO - Filling up the DagBag from /opt/airflow/dags/core_osm_table_generator_dag.py
[2026-02-25T09:09:51.563+0000] {processor.py:925} INFO - DAG(s) 'core_osm_table_generator' retrieved from /opt/airflow/dags/core_osm_table_generator_dag.py
[2026-02-25T09:09:51.590+0000] {logging_mixin.py:190} INFO - [2026-02-25T09:09:51.590+0000] {dag.py:3239} INFO - Sync 1 DAGs
[2026-02-25T09:09:51.658+0000] {logging_mixin.py:190} INFO - [2026-02-25T09:09:51.658+0000] {dag.py:4180} INFO - Setting next_dagrun for core_osm_table_generator to None, run_after=None
[2026-02-25T09:09:51.695+0000] {processor.py:208} INFO - Processing /opt/airflow/dags/core_osm_table_generator_dag.py took 0.157 seconds
[2026-02-25T09:10:21.990+0000] {processor.py:186} INFO - Started process (PID=7989) to work on /opt/airflow/dags/core_osm_table_generator_dag.py
[2026-02-25T09:10:21.995+0000] {processor.py:914} INFO - Processing file /opt/airflow/dags/core_osm_table_generator_dag.py for tasks to queue
[2026-02-25T09:10:22.006+0000] {logging_mixin.py:190} INFO - [2026-02-25T09:10:22.001+0000] {dagbag.py:588} INFO - Filling up the DagBag from /opt/airflow/dags/core_osm_table_generator_dag.py
[2026-02-25T09:10:22.049+0000] {processor.py:925} INFO - DAG(s) 'core_osm_table_generator' retrieved from /opt/airflow/dags/core_osm_table_generator_dag.py
[2026-02-25T09:10:22.084+0000] {logging_mixin.py:190} INFO - [2026-02-25T09:10:22.084+0000] {dag.py:3239} INFO - Sync 1 DAGs
[2026-02-25T09:10:22.095+0000] {logging_mixin.py:190} INFO - [2026-02-25T09:10:22.095+0000] {dag.py:4180} INFO - Setting next_dagrun for core_osm_table_generator to None, run_after=None
[2026-02-25T09:10:22.104+0000] {processor.py:208} INFO - Processing /opt/airflow/dags/core_osm_table_generator_dag.py took 0.127 seconds
[2026-02-25T09:10:52.408+0000] {processor.py:186} INFO - Started process (PID=7990) to work on /opt/airflow/dags/core_osm_table_generator_dag.py
[2026-02-25T09:10:52.409+0000] {processor.py:914} INFO - Processing file /opt/airflow/dags/core_osm_table_generator_dag.py for tasks to queue
[2026-02-25T09:10:52.410+0000] {logging_mixin.py:190} INFO - [2026-02-25T09:10:52.410+0000] {dagbag.py:588} INFO - Filling up the DagBag from /opt/airflow/dags/core_osm_table_generator_dag.py
[2026-02-25T09:10:52.428+0000] {processor.py:925} INFO - DAG(s) 'core_osm_table_generator' retrieved from /opt/airflow/dags/core_osm_table_generator_dag.py
[2026-02-25T09:10:52.445+0000] {logging_mixin.py:190} INFO - [2026-02-25T09:10:52.445+0000] {dag.py:3239} INFO - Sync 1 DAGs
[2026-02-25T09:10:52.453+0000] {logging_mixin.py:190} INFO - [2026-02-25T09:10:52.453+0000] {dag.py:4180} INFO - Setting next_dagrun for core_osm_table_generator to None, run_after=None
[2026-02-25T09:10:52.460+0000] {processor.py:208} INFO - Processing /opt/airflow/dags/core_osm_table_generator_dag.py took 0.059 seconds
[2026-02-25T09:11:22.875+0000] {processor.py:186} INFO - Started process (PID=7991) to work on /opt/airflow/dags/core_osm_table_generator_dag.py
[2026-02-25T09:11:22.876+0000] {processor.py:914} INFO - Processing file /opt/airflow/dags/core_osm_table_generator_dag.py for tasks to queue
[2026-02-25T09:11:22.877+0000] {logging_mixin.py:190} INFO - [2026-02-25T09:11:22.877+0000] {dagbag.py:588} INFO - Filling up the DagBag from /opt/airflow/dags/core_osm_table_generator_dag.py
[2026-02-25T09:11:22.913+0000] {processor.py:925} INFO - DAG(s) 'core_osm_table_generator' retrieved from /opt/airflow/dags/core_osm_table_generator_dag.py
[2026-02-25T09:11:22.946+0000] {logging_mixin.py:190} INFO - [2026-02-25T09:11:22.946+0000] {dag.py:3239} INFO - Sync 1 DAGs
[2026-02-25T09:11:22.959+0000] {logging_mixin.py:190} INFO - [2026-02-25T09:11:22.959+0000] {dag.py:4180} INFO - Setting next_dagrun for core_osm_table_generator to None, run_after=None
[2026-02-25T09:11:22.968+0000] {processor.py:208} INFO - Processing /opt/airflow/dags/core_osm_table_generator_dag.py took 0.105 seconds
[2026-02-25T09:11:53.249+0000] {processor.py:186} INFO - Started process (PID=7992) to work on /opt/airflow/dags/core_osm_table_generator_dag.py
[2026-02-25T09:11:53.250+0000] {processor.py:914} INFO - Processing file /opt/airflow/dags/core_osm_table_generator_dag.py for tasks to queue
[2026-02-25T09:11:53.251+0000] {logging_mixin.py:190} INFO - [2026-02-25T09:11:53.251+0000] {dagbag.py:588} INFO - Filling up the DagBag from /opt/airflow/dags/core_osm_table_generator_dag.py
[2026-02-25T09:11:53.267+0000] {processor.py:925} INFO - DAG(s) 'core_osm_table_generator' retrieved from /opt/airflow/dags/core_osm_table_generator_dag.py
[2026-02-25T09:11:53.284+0000] {logging_mixin.py:190} INFO - [2026-02-25T09:11:53.284+0000] {dag.py:3239} INFO - Sync 1 DAGs
[2026-02-25T09:11:53.292+0000] {logging_mixin.py:190} INFO - [2026-02-25T09:11:53.292+0000] {dag.py:4180} INFO - Setting next_dagrun for core_osm_table_generator to None, run_after=None
[2026-02-25T09:11:53.299+0000] {processor.py:208} INFO - Processing /opt/airflow/dags/core_osm_table_generator_dag.py took 0.059 seconds
[2026-02-25T09:12:23.666+0000] {processor.py:186} INFO - Started process (PID=7993) to work on /opt/airflow/dags/core_osm_table_generator_dag.py
[2026-02-25T09:12:23.668+0000] {processor.py:914} INFO - Processing file /opt/airflow/dags/core_osm_table_generator_dag.py for tasks to queue
[2026-02-25T09:12:23.670+0000] {logging_mixin.py:190} INFO - [2026-02-25T09:12:23.670+0000] {dagbag.py:588} INFO - Filling up the DagBag from /opt/airflow/dags/core_osm_table_generator_dag.py
[2026-02-25T09:12:23.702+0000] {processor.py:925} INFO - DAG(s) 'core_osm_table_generator' retrieved from /opt/airflow/dags/core_osm_table_generator_dag.py
[2026-02-25T09:12:23.747+0000] {logging_mixin.py:190} INFO - [2026-02-25T09:12:23.747+0000] {dag.py:3239} INFO - Sync 1 DAGs
[2026-02-25T09:12:23.759+0000] {logging_mixin.py:190} INFO - [2026-02-25T09:12:23.759+0000] {dag.py:4180} INFO - Setting next_dagrun for core_osm_table_generator to None, run_after=None
[2026-02-25T09:12:23.776+0000] {processor.py:208} INFO - Processing /opt/airflow/dags/core_osm_table_generator_dag.py took 0.143 seconds
[2026-02-25T09:12:54.049+0000] {processor.py:186} INFO - Started process (PID=7994) to work on /opt/airflow/dags/core_osm_table_generator_dag.py
[2026-02-25T09:12:54.050+0000] {processor.py:914} INFO - Processing file /opt/airflow/dags/core_osm_table_generator_dag.py for tasks to queue
[2026-02-25T09:12:54.051+0000] {logging_mixin.py:190} INFO - [2026-02-25T09:12:54.051+0000] {dagbag.py:588} INFO - Filling up the DagBag from /opt/airflow/dags/core_osm_table_generator_dag.py
[2026-02-25T09:12:54.068+0000] {processor.py:925} INFO - DAG(s) 'core_osm_table_generator' retrieved from /opt/airflow/dags/core_osm_table_generator_dag.py
[2026-02-25T09:12:54.088+0000] {logging_mixin.py:190} INFO - [2026-02-25T09:12:54.087+0000] {dag.py:3239} INFO - Sync 1 DAGs
[2026-02-25T09:12:54.095+0000] {logging_mixin.py:190} INFO - [2026-02-25T09:12:54.095+0000] {dag.py:4180} INFO - Setting next_dagrun for core_osm_table_generator to None, run_after=None
[2026-02-25T09:12:54.102+0000] {processor.py:208} INFO - Processing /opt/airflow/dags/core_osm_table_generator_dag.py took 0.061 seconds
[2026-02-25T09:13:24.500+0000] {processor.py:186} INFO - Started process (PID=7995) to work on /opt/airflow/dags/core_osm_table_generator_dag.py
[2026-02-25T09:13:24.501+0000] {processor.py:914} INFO - Processing file /opt/airflow/dags/core_osm_table_generator_dag.py for tasks to queue
[2026-02-25T09:13:24.503+0000] {logging_mixin.py:190} INFO - [2026-02-25T09:13:24.502+0000] {dagbag.py:588} INFO - Filling up the DagBag from /opt/airflow/dags/core_osm_table_generator_dag.py
[2026-02-25T09:13:24.543+0000] {processor.py:925} INFO - DAG(s) 'core_osm_table_generator' retrieved from /opt/airflow/dags/core_osm_table_generator_dag.py
[2026-02-25T09:13:24.564+0000] {logging_mixin.py:190} INFO - [2026-02-25T09:13:24.564+0000] {dag.py:3239} INFO - Sync 1 DAGs
[2026-02-25T09:13:24.577+0000] {logging_mixin.py:190} INFO - [2026-02-25T09:13:24.576+0000] {dag.py:4180} INFO - Setting next_dagrun for core_osm_table_generator to None, run_after=None
[2026-02-25T09:13:24.588+0000] {processor.py:208} INFO - Processing /opt/airflow/dags/core_osm_table_generator_dag.py took 0.097 seconds
[2026-02-25T09:13:54.925+0000] {processor.py:186} INFO - Started process (PID=7996) to work on /opt/airflow/dags/core_osm_table_generator_dag.py
[2026-02-25T09:13:54.926+0000] {processor.py:914} INFO - Processing file /opt/airflow/dags/core_osm_table_generator_dag.py for tasks to queue
[2026-02-25T09:13:54.927+0000] {logging_mixin.py:190} INFO - [2026-02-25T09:13:54.927+0000] {dagbag.py:588} INFO - Filling up the DagBag from /opt/airflow/dags/core_osm_table_generator_dag.py
[2026-02-25T09:13:54.947+0000] {processor.py:925} INFO - DAG(s) 'core_osm_table_generator' retrieved from /opt/airflow/dags/core_osm_table_generator_dag.py
[2026-02-25T09:13:54.966+0000] {logging_mixin.py:190} INFO - [2026-02-25T09:13:54.966+0000] {dag.py:3239} INFO - Sync 1 DAGs
[2026-02-25T09:13:54.975+0000] {logging_mixin.py:190} INFO - [2026-02-25T09:13:54.975+0000] {dag.py:4180} INFO - Setting next_dagrun for core_osm_table_generator to None, run_after=None
[2026-02-25T09:13:54.982+0000] {processor.py:208} INFO - Processing /opt/airflow/dags/core_osm_table_generator_dag.py took 0.063 seconds
[2026-02-25T09:14:25.385+0000] {processor.py:186} INFO - Started process (PID=7997) to work on /opt/airflow/dags/core_osm_table_generator_dag.py
[2026-02-25T09:14:25.387+0000] {processor.py:914} INFO - Processing file /opt/airflow/dags/core_osm_table_generator_dag.py for tasks to queue
[2026-02-25T09:14:25.389+0000] {logging_mixin.py:190} INFO - [2026-02-25T09:14:25.388+0000] {dagbag.py:588} INFO - Filling up the DagBag from /opt/airflow/dags/core_osm_table_generator_dag.py
[2026-02-25T09:14:25.437+0000] {processor.py:925} INFO - DAG(s) 'core_osm_table_generator' retrieved from /opt/airflow/dags/core_osm_table_generator_dag.py
[2026-02-25T09:14:25.461+0000] {logging_mixin.py:190} INFO - [2026-02-25T09:14:25.461+0000] {dag.py:3239} INFO - Sync 1 DAGs
[2026-02-25T09:14:25.471+0000] {logging_mixin.py:190} INFO - [2026-02-25T09:14:25.471+0000] {dag.py:4180} INFO - Setting next_dagrun for core_osm_table_generator to None, run_after=None
[2026-02-25T09:14:25.490+0000] {processor.py:208} INFO - Processing /opt/airflow/dags/core_osm_table_generator_dag.py took 0.114 seconds
[2026-02-25T09:14:55.708+0000] {processor.py:186} INFO - Started process (PID=7998) to work on /opt/airflow/dags/core_osm_table_generator_dag.py
[2026-02-25T09:14:55.709+0000] {processor.py:914} INFO - Processing file /opt/airflow/dags/core_osm_table_generator_dag.py for tasks to queue
[2026-02-25T09:14:55.710+0000] {logging_mixin.py:190} INFO - [2026-02-25T09:14:55.709+0000] {dagbag.py:588} INFO - Filling up the DagBag from /opt/airflow/dags/core_osm_table_generator_dag.py
[2026-02-25T09:14:55.725+0000] {processor.py:925} INFO - DAG(s) 'core_osm_table_generator' retrieved from /opt/airflow/dags/core_osm_table_generator_dag.py
[2026-02-25T09:14:55.743+0000] {logging_mixin.py:190} INFO - [2026-02-25T09:14:55.743+0000] {dag.py:3239} INFO - Sync 1 DAGs
[2026-02-25T09:14:55.750+0000] {logging_mixin.py:190} INFO - [2026-02-25T09:14:55.750+0000] {dag.py:4180} INFO - Setting next_dagrun for core_osm_table_generator to None, run_after=None
[2026-02-25T09:14:55.757+0000] {processor.py:208} INFO - Processing /opt/airflow/dags/core_osm_table_generator_dag.py took 0.058 seconds
[2026-02-25T09:15:26.164+0000] {processor.py:186} INFO - Started process (PID=7999) to work on /opt/airflow/dags/core_osm_table_generator_dag.py
[2026-02-25T09:15:26.166+0000] {processor.py:914} INFO - Processing file /opt/airflow/dags/core_osm_table_generator_dag.py for tasks to queue
[2026-02-25T09:15:26.168+0000] {logging_mixin.py:190} INFO - [2026-02-25T09:15:26.167+0000] {dagbag.py:588} INFO - Filling up the DagBag from /opt/airflow/dags/core_osm_table_generator_dag.py
[2026-02-25T09:15:26.199+0000] {processor.py:925} INFO - DAG(s) 'core_osm_table_generator' retrieved from /opt/airflow/dags/core_osm_table_generator_dag.py
[2026-02-25T09:15:26.239+0000] {logging_mixin.py:190} INFO - [2026-02-25T09:15:26.239+0000] {dag.py:3239} INFO - Sync 1 DAGs
[2026-02-25T09:15:26.248+0000] {logging_mixin.py:190} INFO - [2026-02-25T09:15:26.248+0000] {dag.py:4180} INFO - Setting next_dagrun for core_osm_table_generator to None, run_after=None
[2026-02-25T09:15:26.258+0000] {processor.py:208} INFO - Processing /opt/airflow/dags/core_osm_table_generator_dag.py took 0.126 seconds
[2026-02-25T09:15:56.505+0000] {processor.py:186} INFO - Started process (PID=8000) to work on /opt/airflow/dags/core_osm_table_generator_dag.py
[2026-02-25T09:15:56.506+0000] {processor.py:914} INFO - Processing file /opt/airflow/dags/core_osm_table_generator_dag.py for tasks to queue
[2026-02-25T09:15:56.507+0000] {logging_mixin.py:190} INFO - [2026-02-25T09:15:56.507+0000] {dagbag.py:588} INFO - Filling up the DagBag from /opt/airflow/dags/core_osm_table_generator_dag.py
[2026-02-25T09:15:56.524+0000] {processor.py:925} INFO - DAG(s) 'core_osm_table_generator' retrieved from /opt/airflow/dags/core_osm_table_generator_dag.py
[2026-02-25T09:15:56.543+0000] {logging_mixin.py:190} INFO - [2026-02-25T09:15:56.543+0000] {dag.py:3239} INFO - Sync 1 DAGs
[2026-02-25T09:15:56.550+0000] {logging_mixin.py:190} INFO - [2026-02-25T09:15:56.550+0000] {dag.py:4180} INFO - Setting next_dagrun for core_osm_table_generator to None, run_after=None
[2026-02-25T09:15:56.558+0000] {processor.py:208} INFO - Processing /opt/airflow/dags/core_osm_table_generator_dag.py took 0.061 seconds
[2026-02-25T09:16:26.981+0000] {processor.py:186} INFO - Started process (PID=8001) to work on /opt/airflow/dags/core_osm_table_generator_dag.py
[2026-02-25T09:16:26.983+0000] {processor.py:914} INFO - Processing file /opt/airflow/dags/core_osm_table_generator_dag.py for tasks to queue
[2026-02-25T09:16:26.984+0000] {logging_mixin.py:190} INFO - [2026-02-25T09:16:26.984+0000] {dagbag.py:588} INFO - Filling up the DagBag from /opt/airflow/dags/core_osm_table_generator_dag.py
[2026-02-25T09:16:27.015+0000] {processor.py:925} INFO - DAG(s) 'core_osm_table_generator' retrieved from /opt/airflow/dags/core_osm_table_generator_dag.py
[2026-02-25T09:16:27.051+0000] {logging_mixin.py:190} INFO - [2026-02-25T09:16:27.051+0000] {dag.py:3239} INFO - Sync 1 DAGs
[2026-02-25T09:16:27.072+0000] {logging_mixin.py:190} INFO - [2026-02-25T09:16:27.072+0000] {dag.py:4180} INFO - Setting next_dagrun for core_osm_table_generator to None, run_after=None
[2026-02-25T09:16:27.084+0000] {processor.py:208} INFO - Processing /opt/airflow/dags/core_osm_table_generator_dag.py took 0.137 seconds
[2026-02-25T09:16:57.329+0000] {processor.py:186} INFO - Started process (PID=8002) to work on /opt/airflow/dags/core_osm_table_generator_dag.py
[2026-02-25T09:16:57.330+0000] {processor.py:914} INFO - Processing file /opt/airflow/dags/core_osm_table_generator_dag.py for tasks to queue
[2026-02-25T09:16:57.331+0000] {logging_mixin.py:190} INFO - [2026-02-25T09:16:57.331+0000] {dagbag.py:588} INFO - Filling up the DagBag from /opt/airflow/dags/core_osm_table_generator_dag.py
[2026-02-25T09:16:57.347+0000] {processor.py:925} INFO - DAG(s) 'core_osm_table_generator' retrieved from /opt/airflow/dags/core_osm_table_generator_dag.py
[2026-02-25T09:16:57.366+0000] {logging_mixin.py:190} INFO - [2026-02-25T09:16:57.366+0000] {dag.py:3239} INFO - Sync 1 DAGs
[2026-02-25T09:16:57.373+0000] {logging_mixin.py:190} INFO - [2026-02-25T09:16:57.373+0000] {dag.py:4180} INFO - Setting next_dagrun for core_osm_table_generator to None, run_after=None
[2026-02-25T09:16:57.381+0000] {processor.py:208} INFO - Processing /opt/airflow/dags/core_osm_table_generator_dag.py took 0.059 seconds
[2026-02-25T09:17:27.800+0000] {processor.py:186} INFO - Started process (PID=8003) to work on /opt/airflow/dags/core_osm_table_generator_dag.py
[2026-02-25T09:17:27.806+0000] {processor.py:914} INFO - Processing file /opt/airflow/dags/core_osm_table_generator_dag.py for tasks to queue
[2026-02-25T09:17:27.810+0000] {logging_mixin.py:190} INFO - [2026-02-25T09:17:27.809+0000] {dagbag.py:588} INFO - Filling up the DagBag from /opt/airflow/dags/core_osm_table_generator_dag.py
[2026-02-25T09:17:27.854+0000] {processor.py:925} INFO - DAG(s) 'core_osm_table_generator' retrieved from /opt/airflow/dags/core_osm_table_generator_dag.py
[2026-02-25T09:17:27.892+0000] {logging_mixin.py:190} INFO - [2026-02-25T09:17:27.891+0000] {dag.py:3239} INFO - Sync 1 DAGs
[2026-02-25T09:17:27.904+0000] {logging_mixin.py:190} INFO - [2026-02-25T09:17:27.904+0000] {dag.py:4180} INFO - Setting next_dagrun for core_osm_table_generator to None, run_after=None
[2026-02-25T09:17:27.914+0000] {processor.py:208} INFO - Processing /opt/airflow/dags/core_osm_table_generator_dag.py took 0.123 seconds
[2026-02-25T09:17:58.185+0000] {processor.py:186} INFO - Started process (PID=8004) to work on /opt/airflow/dags/core_osm_table_generator_dag.py
[2026-02-25T09:17:58.186+0000] {processor.py:914} INFO - Processing file /opt/airflow/dags/core_osm_table_generator_dag.py for tasks to queue
[2026-02-25T09:17:58.187+0000] {logging_mixin.py:190} INFO - [2026-02-25T09:17:58.187+0000] {dagbag.py:588} INFO - Filling up the DagBag from /opt/airflow/dags/core_osm_table_generator_dag.py
[2026-02-25T09:17:58.205+0000] {processor.py:925} INFO - DAG(s) 'core_osm_table_generator' retrieved from /opt/airflow/dags/core_osm_table_generator_dag.py
[2026-02-25T09:17:58.223+0000] {logging_mixin.py:190} INFO - [2026-02-25T09:17:58.223+0000] {dag.py:3239} INFO - Sync 1 DAGs
[2026-02-25T09:17:58.230+0000] {logging_mixin.py:190} INFO - [2026-02-25T09:17:58.230+0000] {dag.py:4180} INFO - Setting next_dagrun for core_osm_table_generator to None, run_after=None
[2026-02-25T09:17:58.237+0000] {processor.py:208} INFO - Processing /opt/airflow/dags/core_osm_table_generator_dag.py took 0.059 seconds
[2026-02-25T09:18:28.677+0000] {processor.py:186} INFO - Started process (PID=8005) to work on /opt/airflow/dags/core_osm_table_generator_dag.py
[2026-02-25T09:18:28.686+0000] {processor.py:914} INFO - Processing file /opt/airflow/dags/core_osm_table_generator_dag.py for tasks to queue
[2026-02-25T09:18:28.689+0000] {logging_mixin.py:190} INFO - [2026-02-25T09:18:28.688+0000] {dagbag.py:588} INFO - Filling up the DagBag from /opt/airflow/dags/core_osm_table_generator_dag.py
[2026-02-25T09:18:28.724+0000] {processor.py:925} INFO - DAG(s) 'core_osm_table_generator' retrieved from /opt/airflow/dags/core_osm_table_generator_dag.py
[2026-02-25T09:18:28.764+0000] {logging_mixin.py:190} INFO - [2026-02-25T09:18:28.764+0000] {dag.py:3239} INFO - Sync 1 DAGs
[2026-02-25T09:18:28.778+0000] {logging_mixin.py:190} INFO - [2026-02-25T09:18:28.778+0000] {dag.py:4180} INFO - Setting next_dagrun for core_osm_table_generator to None, run_after=None
[2026-02-25T09:18:28.787+0000] {processor.py:208} INFO - Processing /opt/airflow/dags/core_osm_table_generator_dag.py took 0.134 seconds
[2026-02-25T09:18:58.990+0000] {processor.py:186} INFO - Started process (PID=8006) to work on /opt/airflow/dags/core_osm_table_generator_dag.py
[2026-02-25T09:18:58.993+0000] {processor.py:914} INFO - Processing file /opt/airflow/dags/core_osm_table_generator_dag.py for tasks to queue
[2026-02-25T09:18:58.994+0000] {logging_mixin.py:190} INFO - [2026-02-25T09:18:58.993+0000] {dagbag.py:588} INFO - Filling up the DagBag from /opt/airflow/dags/core_osm_table_generator_dag.py
[2026-02-25T09:18:59.011+0000] {processor.py:925} INFO - DAG(s) 'core_osm_table_generator' retrieved from /opt/airflow/dags/core_osm_table_generator_dag.py
[2026-02-25T09:18:59.029+0000] {logging_mixin.py:190} INFO - [2026-02-25T09:18:59.029+0000] {dag.py:3239} INFO - Sync 1 DAGs
[2026-02-25T09:18:59.036+0000] {logging_mixin.py:190} INFO - [2026-02-25T09:18:59.036+0000] {dag.py:4180} INFO - Setting next_dagrun for core_osm_table_generator to None, run_after=None
[2026-02-25T09:18:59.044+0000] {processor.py:208} INFO - Processing /opt/airflow/dags/core_osm_table_generator_dag.py took 0.063 seconds
[2026-02-25T09:19:29.757+0000] {processor.py:186} INFO - Started process (PID=8007) to work on /opt/airflow/dags/core_osm_table_generator_dag.py
[2026-02-25T09:19:29.759+0000] {processor.py:914} INFO - Processing file /opt/airflow/dags/core_osm_table_generator_dag.py for tasks to queue
[2026-02-25T09:19:29.761+0000] {logging_mixin.py:190} INFO - [2026-02-25T09:19:29.760+0000] {dagbag.py:588} INFO - Filling up the DagBag from /opt/airflow/dags/core_osm_table_generator_dag.py
[2026-02-25T09:19:29.792+0000] {processor.py:925} INFO - DAG(s) 'core_osm_table_generator' retrieved from /opt/airflow/dags/core_osm_table_generator_dag.py
[2026-02-25T09:19:29.833+0000] {logging_mixin.py:190} INFO - [2026-02-25T09:19:29.832+0000] {dag.py:3239} INFO - Sync 1 DAGs
[2026-02-25T09:19:29.845+0000] {logging_mixin.py:190} INFO - [2026-02-25T09:19:29.845+0000] {dag.py:4180} INFO - Setting next_dagrun for core_osm_table_generator to None, run_after=None
[2026-02-25T09:19:29.855+0000] {processor.py:208} INFO - Processing /opt/airflow/dags/core_osm_table_generator_dag.py took 0.128 seconds
[2026-02-25T09:20:00.115+0000] {processor.py:186} INFO - Started process (PID=8008) to work on /opt/airflow/dags/core_osm_table_generator_dag.py
[2026-02-25T09:20:00.117+0000] {processor.py:914} INFO - Processing file /opt/airflow/dags/core_osm_table_generator_dag.py for tasks to queue
[2026-02-25T09:20:00.118+0000] {logging_mixin.py:190} INFO - [2026-02-25T09:20:00.117+0000] {dagbag.py:588} INFO - Filling up the DagBag from /opt/airflow/dags/core_osm_table_generator_dag.py
[2026-02-25T09:20:00.132+0000] {processor.py:925} INFO - DAG(s) 'core_osm_table_generator' retrieved from /opt/airflow/dags/core_osm_table_generator_dag.py
[2026-02-25T09:20:00.149+0000] {logging_mixin.py:190} INFO - [2026-02-25T09:20:00.149+0000] {dag.py:3239} INFO - Sync 1 DAGs
[2026-02-25T09:20:00.156+0000] {logging_mixin.py:190} INFO - [2026-02-25T09:20:00.156+0000] {dag.py:4180} INFO - Setting next_dagrun for core_osm_table_generator to None, run_after=None
[2026-02-25T09:20:00.162+0000] {processor.py:208} INFO - Processing /opt/airflow/dags/core_osm_table_generator_dag.py took 0.059 seconds
[2026-02-25T09:20:30.583+0000] {processor.py:186} INFO - Started process (PID=8009) to work on /opt/airflow/dags/core_osm_table_generator_dag.py
[2026-02-25T09:20:30.584+0000] {processor.py:914} INFO - Processing file /opt/airflow/dags/core_osm_table_generator_dag.py for tasks to queue
[2026-02-25T09:20:30.586+0000] {logging_mixin.py:190} INFO - [2026-02-25T09:20:30.585+0000] {dagbag.py:588} INFO - Filling up the DagBag from /opt/airflow/dags/core_osm_table_generator_dag.py
[2026-02-25T09:20:30.615+0000] {processor.py:925} INFO - DAG(s) 'core_osm_table_generator' retrieved from /opt/airflow/dags/core_osm_table_generator_dag.py
[2026-02-25T09:20:30.664+0000] {logging_mixin.py:190} INFO - [2026-02-25T09:20:30.664+0000] {dag.py:3239} INFO - Sync 1 DAGs
[2026-02-25T09:20:30.683+0000] {logging_mixin.py:190} INFO - [2026-02-25T09:20:30.683+0000] {dag.py:4180} INFO - Setting next_dagrun for core_osm_table_generator to None, run_after=None
[2026-02-25T09:20:30.697+0000] {processor.py:208} INFO - Processing /opt/airflow/dags/core_osm_table_generator_dag.py took 0.135 seconds
[2026-02-25T09:21:00.956+0000] {processor.py:186} INFO - Started process (PID=8010) to work on /opt/airflow/dags/core_osm_table_generator_dag.py
[2026-02-25T09:21:00.958+0000] {processor.py:914} INFO - Processing file /opt/airflow/dags/core_osm_table_generator_dag.py for tasks to queue
[2026-02-25T09:21:00.959+0000] {logging_mixin.py:190} INFO - [2026-02-25T09:21:00.959+0000] {dagbag.py:588} INFO - Filling up the DagBag from /opt/airflow/dags/core_osm_table_generator_dag.py
[2026-02-25T09:21:00.978+0000] {processor.py:925} INFO - DAG(s) 'core_osm_table_generator' retrieved from /opt/airflow/dags/core_osm_table_generator_dag.py
[2026-02-25T09:21:00.998+0000] {logging_mixin.py:190} INFO - [2026-02-25T09:21:00.998+0000] {dag.py:3239} INFO - Sync 1 DAGs
[2026-02-25T09:21:01.005+0000] {logging_mixin.py:190} INFO - [2026-02-25T09:21:01.005+0000] {dag.py:4180} INFO - Setting next_dagrun for core_osm_table_generator to None, run_after=None
[2026-02-25T09:21:01.013+0000] {processor.py:208} INFO - Processing /opt/airflow/dags/core_osm_table_generator_dag.py took 0.065 seconds
[2026-02-25T09:21:31.467+0000] {processor.py:186} INFO - Started process (PID=8011) to work on /opt/airflow/dags/core_osm_table_generator_dag.py
[2026-02-25T09:21:31.469+0000] {processor.py:914} INFO - Processing file /opt/airflow/dags/core_osm_table_generator_dag.py for tasks to queue
[2026-02-25T09:21:31.470+0000] {logging_mixin.py:190} INFO - [2026-02-25T09:21:31.470+0000] {dagbag.py:588} INFO - Filling up the DagBag from /opt/airflow/dags/core_osm_table_generator_dag.py
[2026-02-25T09:21:31.500+0000] {processor.py:925} INFO - DAG(s) 'core_osm_table_generator' retrieved from /opt/airflow/dags/core_osm_table_generator_dag.py
[2026-02-25T09:21:31.520+0000] {logging_mixin.py:190} INFO - [2026-02-25T09:21:31.520+0000] {dag.py:3239} INFO - Sync 1 DAGs
[2026-02-25T09:21:31.530+0000] {logging_mixin.py:190} INFO - [2026-02-25T09:21:31.530+0000] {dag.py:4180} INFO - Setting next_dagrun for core_osm_table_generator to None, run_after=None
[2026-02-25T09:21:31.540+0000] {processor.py:208} INFO - Processing /opt/airflow/dags/core_osm_table_generator_dag.py took 0.114 seconds
[2026-02-25T09:22:01.831+0000] {processor.py:186} INFO - Started process (PID=8012) to work on /opt/airflow/dags/core_osm_table_generator_dag.py
[2026-02-25T09:22:01.832+0000] {processor.py:914} INFO - Processing file /opt/airflow/dags/core_osm_table_generator_dag.py for tasks to queue
[2026-02-25T09:22:01.833+0000] {logging_mixin.py:190} INFO - [2026-02-25T09:22:01.833+0000] {dagbag.py:588} INFO - Filling up the DagBag from /opt/airflow/dags/core_osm_table_generator_dag.py
[2026-02-25T09:22:01.851+0000] {processor.py:925} INFO - DAG(s) 'core_osm_table_generator' retrieved from /opt/airflow/dags/core_osm_table_generator_dag.py
[2026-02-25T09:22:01.872+0000] {logging_mixin.py:190} INFO - [2026-02-25T09:22:01.872+0000] {dag.py:3239} INFO - Sync 1 DAGs
[2026-02-25T09:22:01.881+0000] {logging_mixin.py:190} INFO - [2026-02-25T09:22:01.881+0000] {dag.py:4180} INFO - Setting next_dagrun for core_osm_table_generator to None, run_after=None
[2026-02-25T09:22:01.888+0000] {processor.py:208} INFO - Processing /opt/airflow/dags/core_osm_table_generator_dag.py took 0.069 seconds
[2026-02-25T09:22:32.311+0000] {processor.py:186} INFO - Started process (PID=8013) to work on /opt/airflow/dags/core_osm_table_generator_dag.py
[2026-02-25T09:22:32.313+0000] {processor.py:914} INFO - Processing file /opt/airflow/dags/core_osm_table_generator_dag.py for tasks to queue
[2026-02-25T09:22:32.314+0000] {logging_mixin.py:190} INFO - [2026-02-25T09:22:32.313+0000] {dagbag.py:588} INFO - Filling up the DagBag from /opt/airflow/dags/core_osm_table_generator_dag.py
[2026-02-25T09:22:32.343+0000] {processor.py:925} INFO - DAG(s) 'core_osm_table_generator' retrieved from /opt/airflow/dags/core_osm_table_generator_dag.py
[2026-02-25T09:22:32.369+0000] {logging_mixin.py:190} INFO - [2026-02-25T09:22:32.368+0000] {dag.py:3239} INFO - Sync 1 DAGs
[2026-02-25T09:22:32.392+0000] {logging_mixin.py:190} INFO - [2026-02-25T09:22:32.392+0000] {dag.py:4180} INFO - Setting next_dagrun for core_osm_table_generator to None, run_after=None
[2026-02-25T09:22:32.401+0000] {processor.py:208} INFO - Processing /opt/airflow/dags/core_osm_table_generator_dag.py took 0.110 seconds
[2026-02-25T09:23:02.748+0000] {processor.py:186} INFO - Started process (PID=8014) to work on /opt/airflow/dags/core_osm_table_generator_dag.py
[2026-02-25T09:23:02.749+0000] {processor.py:914} INFO - Processing file /opt/airflow/dags/core_osm_table_generator_dag.py for tasks to queue
[2026-02-25T09:23:02.750+0000] {logging_mixin.py:190} INFO - [2026-02-25T09:23:02.750+0000] {dagbag.py:588} INFO - Filling up the DagBag from /opt/airflow/dags/core_osm_table_generator_dag.py
[2026-02-25T09:23:02.766+0000] {processor.py:925} INFO - DAG(s) 'core_osm_table_generator' retrieved from /opt/airflow/dags/core_osm_table_generator_dag.py
[2026-02-25T09:23:02.787+0000] {logging_mixin.py:190} INFO - [2026-02-25T09:23:02.787+0000] {dag.py:3239} INFO - Sync 1 DAGs
[2026-02-25T09:23:02.798+0000] {logging_mixin.py:190} INFO - [2026-02-25T09:23:02.798+0000] {dag.py:4180} INFO - Setting next_dagrun for core_osm_table_generator to None, run_after=None
[2026-02-25T09:23:02.806+0000] {processor.py:208} INFO - Processing /opt/airflow/dags/core_osm_table_generator_dag.py took 0.066 seconds
[2026-02-25T09:23:33.198+0000] {processor.py:186} INFO - Started process (PID=8015) to work on /opt/airflow/dags/core_osm_table_generator_dag.py
[2026-02-25T09:23:33.200+0000] {processor.py:914} INFO - Processing file /opt/airflow/dags/core_osm_table_generator_dag.py for tasks to queue
[2026-02-25T09:23:33.202+0000] {logging_mixin.py:190} INFO - [2026-02-25T09:23:33.201+0000] {dagbag.py:588} INFO - Filling up the DagBag from /opt/airflow/dags/core_osm_table_generator_dag.py
[2026-02-25T09:23:33.249+0000] {processor.py:925} INFO - DAG(s) 'core_osm_table_generator' retrieved from /opt/airflow/dags/core_osm_table_generator_dag.py
[2026-02-25T09:23:33.275+0000] {logging_mixin.py:190} INFO - [2026-02-25T09:23:33.275+0000] {dag.py:3239} INFO - Sync 1 DAGs
[2026-02-25T09:23:33.287+0000] {logging_mixin.py:190} INFO - [2026-02-25T09:23:33.287+0000] {dag.py:4180} INFO - Setting next_dagrun for core_osm_table_generator to None, run_after=None
[2026-02-25T09:23:33.297+0000] {processor.py:208} INFO - Processing /opt/airflow/dags/core_osm_table_generator_dag.py took 0.108 seconds
[2026-02-25T09:24:03.588+0000] {processor.py:186} INFO - Started process (PID=8016) to work on /opt/airflow/dags/core_osm_table_generator_dag.py
[2026-02-25T09:24:03.589+0000] {processor.py:914} INFO - Processing file /opt/airflow/dags/core_osm_table_generator_dag.py for tasks to queue
[2026-02-25T09:24:03.590+0000] {logging_mixin.py:190} INFO - [2026-02-25T09:24:03.590+0000] {dagbag.py:588} INFO - Filling up the DagBag from /opt/airflow/dags/core_osm_table_generator_dag.py
[2026-02-25T09:24:03.606+0000] {processor.py:925} INFO - DAG(s) 'core_osm_table_generator' retrieved from /opt/airflow/dags/core_osm_table_generator_dag.py
[2026-02-25T09:24:03.620+0000] {logging_mixin.py:190} INFO - [2026-02-25T09:24:03.620+0000] {dag.py:3239} INFO - Sync 1 DAGs
[2026-02-25T09:24:03.629+0000] {logging_mixin.py:190} INFO - [2026-02-25T09:24:03.629+0000] {dag.py:4180} INFO - Setting next_dagrun for core_osm_table_generator to None, run_after=None
[2026-02-25T09:24:04.442+0000] {processor.py:208} INFO - Processing /opt/airflow/dags/core_osm_table_generator_dag.py took 0.865 seconds
[2026-02-25T09:24:34.897+0000] {processor.py:186} INFO - Started process (PID=8017) to work on /opt/airflow/dags/core_osm_table_generator_dag.py
[2026-02-25T09:24:34.898+0000] {processor.py:914} INFO - Processing file /opt/airflow/dags/core_osm_table_generator_dag.py for tasks to queue
[2026-02-25T09:24:34.900+0000] {logging_mixin.py:190} INFO - [2026-02-25T09:24:34.899+0000] {dagbag.py:588} INFO - Filling up the DagBag from /opt/airflow/dags/core_osm_table_generator_dag.py
[2026-02-25T09:24:34.942+0000] {processor.py:925} INFO - DAG(s) 'core_osm_table_generator' retrieved from /opt/airflow/dags/core_osm_table_generator_dag.py
[2026-02-25T09:24:34.968+0000] {logging_mixin.py:190} INFO - [2026-02-25T09:24:34.968+0000] {dag.py:3239} INFO - Sync 1 DAGs
[2026-02-25T09:24:35.238+0000] {logging_mixin.py:190} INFO - [2026-02-25T09:24:35.238+0000] {dag.py:4180} INFO - Setting next_dagrun for core_osm_table_generator to None, run_after=None
[2026-02-25T09:24:35.251+0000] {processor.py:208} INFO - Processing /opt/airflow/dags/core_osm_table_generator_dag.py took 0.362 seconds
[2026-02-25T09:25:05.621+0000] {processor.py:186} INFO - Started process (PID=8018) to work on /opt/airflow/dags/core_osm_table_generator_dag.py
[2026-02-25T09:25:05.625+0000] {processor.py:914} INFO - Processing file /opt/airflow/dags/core_osm_table_generator_dag.py for tasks to queue
[2026-02-25T09:25:05.626+0000] {logging_mixin.py:190} INFO - [2026-02-25T09:25:05.626+0000] {dagbag.py:588} INFO - Filling up the DagBag from /opt/airflow/dags/core_osm_table_generator_dag.py
[2026-02-25T09:25:05.982+0000] {processor.py:925} INFO - DAG(s) 'core_osm_table_generator' retrieved from /opt/airflow/dags/core_osm_table_generator_dag.py
[2026-02-25T09:25:06.083+0000] {logging_mixin.py:190} INFO - [2026-02-25T09:25:06.083+0000] {dag.py:3239} INFO - Sync 1 DAGs
[2026-02-25T09:25:06.152+0000] {logging_mixin.py:190} INFO - [2026-02-25T09:25:06.152+0000] {dag.py:4180} INFO - Setting next_dagrun for core_osm_table_generator to None, run_after=None
[2026-02-25T09:25:06.180+0000] {processor.py:208} INFO - Processing /opt/airflow/dags/core_osm_table_generator_dag.py took 0.570 seconds
[2026-02-25T09:25:36.747+0000] {processor.py:186} INFO - Started process (PID=8019) to work on /opt/airflow/dags/core_osm_table_generator_dag.py
[2026-02-25T09:25:36.748+0000] {processor.py:914} INFO - Processing file /opt/airflow/dags/core_osm_table_generator_dag.py for tasks to queue
[2026-02-25T09:25:36.749+0000] {logging_mixin.py:190} INFO - [2026-02-25T09:25:36.749+0000] {dagbag.py:588} INFO - Filling up the DagBag from /opt/airflow/dags/core_osm_table_generator_dag.py
[2026-02-25T09:25:36.784+0000] {processor.py:925} INFO - DAG(s) 'core_osm_table_generator' retrieved from /opt/airflow/dags/core_osm_table_generator_dag.py
[2026-02-25T09:25:36.809+0000] {logging_mixin.py:190} INFO - [2026-02-25T09:25:36.809+0000] {dag.py:3239} INFO - Sync 1 DAGs
[2026-02-25T09:25:36.820+0000] {logging_mixin.py:190} INFO - [2026-02-25T09:25:36.820+0000] {dag.py:4180} INFO - Setting next_dagrun for core_osm_table_generator to None, run_after=None
[2026-02-25T09:25:36.830+0000] {processor.py:208} INFO - Processing /opt/airflow/dags/core_osm_table_generator_dag.py took 0.094 seconds
[2026-02-25T09:26:07.124+0000] {processor.py:186} INFO - Started process (PID=8020) to work on /opt/airflow/dags/core_osm_table_generator_dag.py
[2026-02-25T09:26:07.126+0000] {processor.py:914} INFO - Processing file /opt/airflow/dags/core_osm_table_generator_dag.py for tasks to queue
[2026-02-25T09:26:07.127+0000] {logging_mixin.py:190} INFO - [2026-02-25T09:26:07.127+0000] {dagbag.py:588} INFO - Filling up the DagBag from /opt/airflow/dags/core_osm_table_generator_dag.py
[2026-02-25T09:26:07.145+0000] {processor.py:925} INFO - DAG(s) 'core_osm_table_generator' retrieved from /opt/airflow/dags/core_osm_table_generator_dag.py
[2026-02-25T09:26:07.159+0000] {logging_mixin.py:190} INFO - [2026-02-25T09:26:07.158+0000] {dag.py:3239} INFO - Sync 1 DAGs
[2026-02-25T09:26:07.167+0000] {logging_mixin.py:190} INFO - [2026-02-25T09:26:07.167+0000] {dag.py:4180} INFO - Setting next_dagrun for core_osm_table_generator to None, run_after=None
[2026-02-25T09:26:07.174+0000] {processor.py:208} INFO - Processing /opt/airflow/dags/core_osm_table_generator_dag.py took 0.060 seconds
[2026-02-25T09:26:37.616+0000] {processor.py:186} INFO - Started process (PID=8021) to work on /opt/airflow/dags/core_osm_table_generator_dag.py
[2026-02-25T09:26:37.619+0000] {processor.py:914} INFO - Processing file /opt/airflow/dags/core_osm_table_generator_dag.py for tasks to queue
[2026-02-25T09:26:37.621+0000] {logging_mixin.py:190} INFO - [2026-02-25T09:26:37.620+0000] {dagbag.py:588} INFO - Filling up the DagBag from /opt/airflow/dags/core_osm_table_generator_dag.py
[2026-02-25T09:26:37.682+0000] {processor.py:925} INFO - DAG(s) 'core_osm_table_generator' retrieved from /opt/airflow/dags/core_osm_table_generator_dag.py
[2026-02-25T09:26:37.706+0000] {logging_mixin.py:190} INFO - [2026-02-25T09:26:37.706+0000] {dag.py:3239} INFO - Sync 1 DAGs
[2026-02-25T09:26:37.718+0000] {logging_mixin.py:190} INFO - [2026-02-25T09:26:37.718+0000] {dag.py:4180} INFO - Setting next_dagrun for core_osm_table_generator to None, run_after=None
[2026-02-25T09:26:37.737+0000] {processor.py:208} INFO - Processing /opt/airflow/dags/core_osm_table_generator_dag.py took 0.134 seconds
[2026-02-25T09:27:08.024+0000] {processor.py:186} INFO - Started process (PID=8022) to work on /opt/airflow/dags/core_osm_table_generator_dag.py
[2026-02-25T09:27:08.026+0000] {processor.py:914} INFO - Processing file /opt/airflow/dags/core_osm_table_generator_dag.py for tasks to queue
[2026-02-25T09:27:08.027+0000] {logging_mixin.py:190} INFO - [2026-02-25T09:27:08.027+0000] {dagbag.py:588} INFO - Filling up the DagBag from /opt/airflow/dags/core_osm_table_generator_dag.py
[2026-02-25T09:27:08.044+0000] {processor.py:925} INFO - DAG(s) 'core_osm_table_generator' retrieved from /opt/airflow/dags/core_osm_table_generator_dag.py
[2026-02-25T09:27:08.062+0000] {logging_mixin.py:190} INFO - [2026-02-25T09:27:08.061+0000] {dag.py:3239} INFO - Sync 1 DAGs
[2026-02-25T09:27:08.069+0000] {logging_mixin.py:190} INFO - [2026-02-25T09:27:08.069+0000] {dag.py:4180} INFO - Setting next_dagrun for core_osm_table_generator to None, run_after=None
[2026-02-25T09:27:08.077+0000] {processor.py:208} INFO - Processing /opt/airflow/dags/core_osm_table_generator_dag.py took 0.063 seconds
[2026-02-25T09:27:38.418+0000] {processor.py:186} INFO - Started process (PID=8023) to work on /opt/airflow/dags/core_osm_table_generator_dag.py
[2026-02-25T09:27:38.419+0000] {processor.py:914} INFO - Processing file /opt/airflow/dags/core_osm_table_generator_dag.py for tasks to queue
[2026-02-25T09:27:38.420+0000] {logging_mixin.py:190} INFO - [2026-02-25T09:27:38.420+0000] {dagbag.py:588} INFO - Filling up the DagBag from /opt/airflow/dags/core_osm_table_generator_dag.py
[2026-02-25T09:27:38.479+0000] {processor.py:925} INFO - DAG(s) 'core_osm_table_generator' retrieved from /opt/airflow/dags/core_osm_table_generator_dag.py
[2026-02-25T09:27:38.502+0000] {logging_mixin.py:190} INFO - [2026-02-25T09:27:38.502+0000] {dag.py:3239} INFO - Sync 1 DAGs
[2026-02-25T09:27:38.513+0000] {logging_mixin.py:190} INFO - [2026-02-25T09:27:38.513+0000] {dag.py:4180} INFO - Setting next_dagrun for core_osm_table_generator to None, run_after=None
[2026-02-25T09:27:38.539+0000] {processor.py:208} INFO - Processing /opt/airflow/dags/core_osm_table_generator_dag.py took 0.128 seconds
[2026-02-25T09:28:08.817+0000] {processor.py:186} INFO - Started process (PID=8024) to work on /opt/airflow/dags/core_osm_table_generator_dag.py
[2026-02-25T09:28:08.819+0000] {processor.py:914} INFO - Processing file /opt/airflow/dags/core_osm_table_generator_dag.py for tasks to queue
[2026-02-25T09:28:08.822+0000] {logging_mixin.py:190} INFO - [2026-02-25T09:28:08.821+0000] {dagbag.py:588} INFO - Filling up the DagBag from /opt/airflow/dags/core_osm_table_generator_dag.py
[2026-02-25T09:28:08.845+0000] {processor.py:925} INFO - DAG(s) 'core_osm_table_generator' retrieved from /opt/airflow/dags/core_osm_table_generator_dag.py
[2026-02-25T09:28:08.860+0000] {logging_mixin.py:190} INFO - [2026-02-25T09:28:08.860+0000] {dag.py:3239} INFO - Sync 1 DAGs
[2026-02-25T09:28:08.869+0000] {logging_mixin.py:190} INFO - [2026-02-25T09:28:08.869+0000] {dag.py:4180} INFO - Setting next_dagrun for core_osm_table_generator to None, run_after=None
[2026-02-25T09:28:08.878+0000] {processor.py:208} INFO - Processing /opt/airflow/dags/core_osm_table_generator_dag.py took 0.074 seconds
[2026-02-25T09:28:43.580+0000] {processor.py:186} INFO - Started process (PID=8025) to work on /opt/airflow/dags/core_osm_table_generator_dag.py
[2026-02-25T09:28:43.588+0000] {processor.py:914} INFO - Processing file /opt/airflow/dags/core_osm_table_generator_dag.py for tasks to queue
[2026-02-25T09:28:43.594+0000] {logging_mixin.py:190} INFO - [2026-02-25T09:28:43.593+0000] {dagbag.py:588} INFO - Filling up the DagBag from /opt/airflow/dags/core_osm_table_generator_dag.py
[2026-02-25T09:28:43.972+0000] {processor.py:925} INFO - DAG(s) 'core_osm_table_generator' retrieved from /opt/airflow/dags/core_osm_table_generator_dag.py
[2026-02-25T09:28:44.044+0000] {logging_mixin.py:190} INFO - [2026-02-25T09:28:44.043+0000] {dag.py:3239} INFO - Sync 1 DAGs
[2026-02-25T09:28:44.235+0000] {logging_mixin.py:190} INFO - [2026-02-25T09:28:44.234+0000] {dag.py:4180} INFO - Setting next_dagrun for core_osm_table_generator to None, run_after=None
[2026-02-25T09:28:44.279+0000] {processor.py:208} INFO - Processing /opt/airflow/dags/core_osm_table_generator_dag.py took 0.989 seconds
[2026-02-25T09:33:42.655+0000] {processor.py:186} INFO - Started process (PID=8026) to work on /opt/airflow/dags/core_osm_table_generator_dag.py
[2026-02-25T09:33:42.656+0000] {processor.py:914} INFO - Processing file /opt/airflow/dags/core_osm_table_generator_dag.py for tasks to queue
[2026-02-25T09:33:42.658+0000] {logging_mixin.py:190} INFO - [2026-02-25T09:33:42.657+0000] {dagbag.py:588} INFO - Filling up the DagBag from /opt/airflow/dags/core_osm_table_generator_dag.py
[2026-02-25T09:33:42.748+0000] {processor.py:925} INFO - DAG(s) 'core_osm_table_generator' retrieved from /opt/airflow/dags/core_osm_table_generator_dag.py
[2026-02-25T09:33:42.805+0000] {logging_mixin.py:190} INFO - [2026-02-25T09:33:42.805+0000] {dag.py:3239} INFO - Sync 1 DAGs
[2026-02-25T09:33:42.829+0000] {logging_mixin.py:190} INFO - [2026-02-25T09:33:42.829+0000] {dag.py:4180} INFO - Setting next_dagrun for core_osm_table_generator to None, run_after=None
[2026-02-25T09:33:42.848+0000] {processor.py:208} INFO - Processing /opt/airflow/dags/core_osm_table_generator_dag.py took 0.207 seconds
[2026-02-25T09:34:13.053+0000] {processor.py:186} INFO - Started process (PID=8027) to work on /opt/airflow/dags/core_osm_table_generator_dag.py
[2026-02-25T09:34:13.055+0000] {processor.py:914} INFO - Processing file /opt/airflow/dags/core_osm_table_generator_dag.py for tasks to queue
[2026-02-25T09:34:13.056+0000] {logging_mixin.py:190} INFO - [2026-02-25T09:34:13.056+0000] {dagbag.py:588} INFO - Filling up the DagBag from /opt/airflow/dags/core_osm_table_generator_dag.py
[2026-02-25T09:34:13.100+0000] {processor.py:925} INFO - DAG(s) 'core_osm_table_generator' retrieved from /opt/airflow/dags/core_osm_table_generator_dag.py
[2026-02-25T09:34:13.141+0000] {logging_mixin.py:190} INFO - [2026-02-25T09:34:13.140+0000] {dag.py:3239} INFO - Sync 1 DAGs
[2026-02-25T09:34:13.156+0000] {logging_mixin.py:190} INFO - [2026-02-25T09:34:13.156+0000] {dag.py:4180} INFO - Setting next_dagrun for core_osm_table_generator to None, run_after=None
[2026-02-25T09:34:13.166+0000] {processor.py:208} INFO - Processing /opt/airflow/dags/core_osm_table_generator_dag.py took 0.125 seconds
[2026-02-25T09:34:43.539+0000] {processor.py:186} INFO - Started process (PID=8028) to work on /opt/airflow/dags/core_osm_table_generator_dag.py
[2026-02-25T09:34:43.544+0000] {processor.py:914} INFO - Processing file /opt/airflow/dags/core_osm_table_generator_dag.py for tasks to queue
[2026-02-25T09:34:43.548+0000] {logging_mixin.py:190} INFO - [2026-02-25T09:34:43.547+0000] {dagbag.py:588} INFO - Filling up the DagBag from /opt/airflow/dags/core_osm_table_generator_dag.py
[2026-02-25T09:34:43.598+0000] {processor.py:925} INFO - DAG(s) 'core_osm_table_generator' retrieved from /opt/airflow/dags/core_osm_table_generator_dag.py
[2026-02-25T09:34:43.620+0000] {logging_mixin.py:190} INFO - [2026-02-25T09:34:43.620+0000] {dag.py:3239} INFO - Sync 1 DAGs
[2026-02-25T09:34:43.633+0000] {logging_mixin.py:190} INFO - [2026-02-25T09:34:43.633+0000] {dag.py:4180} INFO - Setting next_dagrun for core_osm_table_generator to None, run_after=None
[2026-02-25T09:34:43.643+0000] {processor.py:208} INFO - Processing /opt/airflow/dags/core_osm_table_generator_dag.py took 0.123 seconds
[2026-02-25T09:35:13.963+0000] {processor.py:186} INFO - Started process (PID=8029) to work on /opt/airflow/dags/core_osm_table_generator_dag.py
[2026-02-25T09:35:13.967+0000] {processor.py:914} INFO - Processing file /opt/airflow/dags/core_osm_table_generator_dag.py for tasks to queue
[2026-02-25T09:35:13.977+0000] {logging_mixin.py:190} INFO - [2026-02-25T09:35:13.972+0000] {dagbag.py:588} INFO - Filling up the DagBag from /opt/airflow/dags/core_osm_table_generator_dag.py
[2026-02-25T09:35:14.027+0000] {processor.py:925} INFO - DAG(s) 'core_osm_table_generator' retrieved from /opt/airflow/dags/core_osm_table_generator_dag.py
[2026-02-25T09:35:14.070+0000] {logging_mixin.py:190} INFO - [2026-02-25T09:35:14.070+0000] {dag.py:3239} INFO - Sync 1 DAGs
[2026-02-25T09:35:14.086+0000] {logging_mixin.py:190} INFO - [2026-02-25T09:35:14.086+0000] {dag.py:4180} INFO - Setting next_dagrun for core_osm_table_generator to None, run_after=None
[2026-02-25T09:35:14.107+0000] {processor.py:208} INFO - Processing /opt/airflow/dags/core_osm_table_generator_dag.py took 0.155 seconds
[2026-02-25T09:35:44.321+0000] {processor.py:186} INFO - Started process (PID=8030) to work on /opt/airflow/dags/core_osm_table_generator_dag.py
[2026-02-25T09:35:44.323+0000] {processor.py:914} INFO - Processing file /opt/airflow/dags/core_osm_table_generator_dag.py for tasks to queue
[2026-02-25T09:35:44.324+0000] {logging_mixin.py:190} INFO - [2026-02-25T09:35:44.324+0000] {dagbag.py:588} INFO - Filling up the DagBag from /opt/airflow/dags/core_osm_table_generator_dag.py
[2026-02-25T09:35:44.384+0000] {processor.py:925} INFO - DAG(s) 'core_osm_table_generator' retrieved from /opt/airflow/dags/core_osm_table_generator_dag.py
[2026-02-25T09:35:44.425+0000] {logging_mixin.py:190} INFO - [2026-02-25T09:35:44.424+0000] {dag.py:3239} INFO - Sync 1 DAGs
[2026-02-25T09:35:44.437+0000] {logging_mixin.py:190} INFO - [2026-02-25T09:35:44.437+0000] {dag.py:4180} INFO - Setting next_dagrun for core_osm_table_generator to None, run_after=None
[2026-02-25T09:35:44.453+0000] {processor.py:208} INFO - Processing /opt/airflow/dags/core_osm_table_generator_dag.py took 0.141 seconds
[2026-02-25T09:36:14.633+0000] {processor.py:186} INFO - Started process (PID=8031) to work on /opt/airflow/dags/core_osm_table_generator_dag.py
[2026-02-25T09:36:14.634+0000] {processor.py:914} INFO - Processing file /opt/airflow/dags/core_osm_table_generator_dag.py for tasks to queue
[2026-02-25T09:36:14.636+0000] {logging_mixin.py:190} INFO - [2026-02-25T09:36:14.635+0000] {dagbag.py:588} INFO - Filling up the DagBag from /opt/airflow/dags/core_osm_table_generator_dag.py
[2026-02-25T09:36:14.666+0000] {processor.py:925} INFO - DAG(s) 'core_osm_table_generator' retrieved from /opt/airflow/dags/core_osm_table_generator_dag.py
[2026-02-25T09:36:14.686+0000] {logging_mixin.py:190} INFO - [2026-02-25T09:36:14.686+0000] {dag.py:3239} INFO - Sync 1 DAGs
[2026-02-25T09:36:14.700+0000] {logging_mixin.py:190} INFO - [2026-02-25T09:36:14.699+0000] {dag.py:4180} INFO - Setting next_dagrun for core_osm_table_generator to None, run_after=None
[2026-02-25T09:36:14.709+0000] {processor.py:208} INFO - Processing /opt/airflow/dags/core_osm_table_generator_dag.py took 0.088 seconds
[2026-02-25T09:52:30.639+0000] {processor.py:186} INFO - Started process (PID=8032) to work on /opt/airflow/dags/core_osm_table_generator_dag.py
[2026-02-25T09:52:30.641+0000] {processor.py:914} INFO - Processing file /opt/airflow/dags/core_osm_table_generator_dag.py for tasks to queue
[2026-02-25T09:52:30.643+0000] {logging_mixin.py:190} INFO - [2026-02-25T09:52:30.642+0000] {dagbag.py:588} INFO - Filling up the DagBag from /opt/airflow/dags/core_osm_table_generator_dag.py
[2026-02-25T09:52:30.694+0000] {processor.py:925} INFO - DAG(s) 'core_osm_table_generator' retrieved from /opt/airflow/dags/core_osm_table_generator_dag.py
[2026-02-25T09:52:30.728+0000] {logging_mixin.py:190} INFO - [2026-02-25T09:52:30.728+0000] {dag.py:3239} INFO - Sync 1 DAGs
[2026-02-25T09:52:30.744+0000] {logging_mixin.py:190} INFO - [2026-02-25T09:52:30.744+0000] {dag.py:4180} INFO - Setting next_dagrun for core_osm_table_generator to None, run_after=None
[2026-02-25T09:52:30.755+0000] {processor.py:208} INFO - Processing /opt/airflow/dags/core_osm_table_generator_dag.py took 0.133 seconds
[2026-02-25T09:53:01.105+0000] {processor.py:186} INFO - Started process (PID=8033) to work on /opt/airflow/dags/core_osm_table_generator_dag.py
[2026-02-25T09:53:01.107+0000] {processor.py:914} INFO - Processing file /opt/airflow/dags/core_osm_table_generator_dag.py for tasks to queue
[2026-02-25T09:53:01.108+0000] {logging_mixin.py:190} INFO - [2026-02-25T09:53:01.108+0000] {dagbag.py:588} INFO - Filling up the DagBag from /opt/airflow/dags/core_osm_table_generator_dag.py
[2026-02-25T09:53:01.163+0000] {processor.py:925} INFO - DAG(s) 'core_osm_table_generator' retrieved from /opt/airflow/dags/core_osm_table_generator_dag.py
[2026-02-25T09:53:01.187+0000] {logging_mixin.py:190} INFO - [2026-02-25T09:53:01.187+0000] {dag.py:3239} INFO - Sync 1 DAGs
[2026-02-25T09:53:01.216+0000] {logging_mixin.py:190} INFO - [2026-02-25T09:53:01.216+0000] {dag.py:4180} INFO - Setting next_dagrun for core_osm_table_generator to None, run_after=None
[2026-02-25T09:53:01.227+0000] {processor.py:208} INFO - Processing /opt/airflow/dags/core_osm_table_generator_dag.py took 0.135 seconds
[2026-02-25T09:53:31.567+0000] {processor.py:186} INFO - Started process (PID=8034) to work on /opt/airflow/dags/core_osm_table_generator_dag.py
[2026-02-25T09:53:31.569+0000] {processor.py:914} INFO - Processing file /opt/airflow/dags/core_osm_table_generator_dag.py for tasks to queue
[2026-02-25T09:53:31.571+0000] {logging_mixin.py:190} INFO - [2026-02-25T09:53:31.570+0000] {dagbag.py:588} INFO - Filling up the DagBag from /opt/airflow/dags/core_osm_table_generator_dag.py
[2026-02-25T09:53:31.625+0000] {processor.py:925} INFO - DAG(s) 'core_osm_table_generator' retrieved from /opt/airflow/dags/core_osm_table_generator_dag.py
[2026-02-25T09:53:31.650+0000] {logging_mixin.py:190} INFO - [2026-02-25T09:53:31.650+0000] {dag.py:3239} INFO - Sync 1 DAGs
[2026-02-25T09:53:31.663+0000] {logging_mixin.py:190} INFO - [2026-02-25T09:53:31.663+0000] {dag.py:4180} INFO - Setting next_dagrun for core_osm_table_generator to None, run_after=None
[2026-02-25T09:53:31.682+0000] {processor.py:208} INFO - Processing /opt/airflow/dags/core_osm_table_generator_dag.py took 0.124 seconds
[2026-02-25T09:54:02.018+0000] {processor.py:186} INFO - Started process (PID=8035) to work on /opt/airflow/dags/core_osm_table_generator_dag.py
[2026-02-25T09:54:02.019+0000] {processor.py:914} INFO - Processing file /opt/airflow/dags/core_osm_table_generator_dag.py for tasks to queue
[2026-02-25T09:54:02.021+0000] {logging_mixin.py:190} INFO - [2026-02-25T09:54:02.020+0000] {dagbag.py:588} INFO - Filling up the DagBag from /opt/airflow/dags/core_osm_table_generator_dag.py
[2026-02-25T09:54:02.077+0000] {processor.py:925} INFO - DAG(s) 'core_osm_table_generator' retrieved from /opt/airflow/dags/core_osm_table_generator_dag.py
[2026-02-25T09:54:02.114+0000] {logging_mixin.py:190} INFO - [2026-02-25T09:54:02.114+0000] {dag.py:3239} INFO - Sync 1 DAGs
[2026-02-25T09:54:02.128+0000] {logging_mixin.py:190} INFO - [2026-02-25T09:54:02.128+0000] {dag.py:4180} INFO - Setting next_dagrun for core_osm_table_generator to None, run_after=None
[2026-02-25T09:54:02.138+0000] {processor.py:208} INFO - Processing /opt/airflow/dags/core_osm_table_generator_dag.py took 0.132 seconds
[2026-02-25T09:54:32.381+0000] {processor.py:186} INFO - Started process (PID=8036) to work on /opt/airflow/dags/core_osm_table_generator_dag.py
[2026-02-25T09:54:32.384+0000] {processor.py:914} INFO - Processing file /opt/airflow/dags/core_osm_table_generator_dag.py for tasks to queue
[2026-02-25T09:54:32.385+0000] {logging_mixin.py:190} INFO - [2026-02-25T09:54:32.384+0000] {dagbag.py:588} INFO - Filling up the DagBag from /opt/airflow/dags/core_osm_table_generator_dag.py
[2026-02-25T09:54:32.400+0000] {processor.py:925} INFO - DAG(s) 'core_osm_table_generator' retrieved from /opt/airflow/dags/core_osm_table_generator_dag.py
[2026-02-25T09:54:32.419+0000] {logging_mixin.py:190} INFO - [2026-02-25T09:54:32.419+0000] {dag.py:3239} INFO - Sync 1 DAGs
[2026-02-25T09:54:32.425+0000] {logging_mixin.py:190} INFO - [2026-02-25T09:54:32.425+0000] {dag.py:4180} INFO - Setting next_dagrun for core_osm_table_generator to None, run_after=None
[2026-02-25T09:54:32.433+0000] {processor.py:208} INFO - Processing /opt/airflow/dags/core_osm_table_generator_dag.py took 0.064 seconds
[2026-02-25T10:10:35.419+0000] {processor.py:186} INFO - Started process (PID=8037) to work on /opt/airflow/dags/core_osm_table_generator_dag.py
[2026-02-25T10:10:35.420+0000] {processor.py:914} INFO - Processing file /opt/airflow/dags/core_osm_table_generator_dag.py for tasks to queue
[2026-02-25T10:10:35.422+0000] {logging_mixin.py:190} INFO - [2026-02-25T10:10:35.421+0000] {dagbag.py:588} INFO - Filling up the DagBag from /opt/airflow/dags/core_osm_table_generator_dag.py
[2026-02-25T10:10:35.468+0000] {processor.py:925} INFO - DAG(s) 'core_osm_table_generator' retrieved from /opt/airflow/dags/core_osm_table_generator_dag.py
[2026-02-25T10:10:35.494+0000] {logging_mixin.py:190} INFO - [2026-02-25T10:10:35.494+0000] {dag.py:3239} INFO - Sync 1 DAGs
[2026-02-25T10:10:35.512+0000] {logging_mixin.py:190} INFO - [2026-02-25T10:10:35.512+0000] {dag.py:4180} INFO - Setting next_dagrun for core_osm_table_generator to None, run_after=None
[2026-02-25T10:10:35.529+0000] {processor.py:208} INFO - Processing /opt/airflow/dags/core_osm_table_generator_dag.py took 0.122 seconds
[2026-02-25T10:11:05.851+0000] {processor.py:186} INFO - Started process (PID=8038) to work on /opt/airflow/dags/core_osm_table_generator_dag.py
[2026-02-25T10:11:05.854+0000] {processor.py:914} INFO - Processing file /opt/airflow/dags/core_osm_table_generator_dag.py for tasks to queue
[2026-02-25T10:11:05.857+0000] {logging_mixin.py:190} INFO - [2026-02-25T10:11:05.856+0000] {dagbag.py:588} INFO - Filling up the DagBag from /opt/airflow/dags/core_osm_table_generator_dag.py
[2026-02-25T10:11:05.921+0000] {processor.py:925} INFO - DAG(s) 'core_osm_table_generator' retrieved from /opt/airflow/dags/core_osm_table_generator_dag.py
[2026-02-25T10:11:05.958+0000] {logging_mixin.py:190} INFO - [2026-02-25T10:11:05.958+0000] {dag.py:3239} INFO - Sync 1 DAGs
[2026-02-25T10:11:05.971+0000] {logging_mixin.py:190} INFO - [2026-02-25T10:11:05.971+0000] {dag.py:4180} INFO - Setting next_dagrun for core_osm_table_generator to None, run_after=None
[2026-02-25T10:11:05.981+0000] {processor.py:208} INFO - Processing /opt/airflow/dags/core_osm_table_generator_dag.py took 0.144 seconds
[2026-02-25T10:11:36.343+0000] {processor.py:186} INFO - Started process (PID=8039) to work on /opt/airflow/dags/core_osm_table_generator_dag.py
[2026-02-25T10:11:36.344+0000] {processor.py:914} INFO - Processing file /opt/airflow/dags/core_osm_table_generator_dag.py for tasks to queue
[2026-02-25T10:11:36.346+0000] {logging_mixin.py:190} INFO - [2026-02-25T10:11:36.345+0000] {dagbag.py:588} INFO - Filling up the DagBag from /opt/airflow/dags/core_osm_table_generator_dag.py
[2026-02-25T10:11:36.398+0000] {processor.py:925} INFO - DAG(s) 'core_osm_table_generator' retrieved from /opt/airflow/dags/core_osm_table_generator_dag.py
[2026-02-25T10:11:36.423+0000] {logging_mixin.py:190} INFO - [2026-02-25T10:11:36.423+0000] {dag.py:3239} INFO - Sync 1 DAGs
[2026-02-25T10:11:36.459+0000] {logging_mixin.py:190} INFO - [2026-02-25T10:11:36.459+0000] {dag.py:4180} INFO - Setting next_dagrun for core_osm_table_generator to None, run_after=None
[2026-02-25T10:11:36.478+0000] {processor.py:208} INFO - Processing /opt/airflow/dags/core_osm_table_generator_dag.py took 0.146 seconds
[2026-02-25T10:12:06.791+0000] {processor.py:186} INFO - Started process (PID=8040) to work on /opt/airflow/dags/core_osm_table_generator_dag.py
[2026-02-25T10:12:06.792+0000] {processor.py:914} INFO - Processing file /opt/airflow/dags/core_osm_table_generator_dag.py for tasks to queue
[2026-02-25T10:12:06.794+0000] {logging_mixin.py:190} INFO - [2026-02-25T10:12:06.793+0000] {dagbag.py:588} INFO - Filling up the DagBag from /opt/airflow/dags/core_osm_table_generator_dag.py
[2026-02-25T10:12:06.830+0000] {processor.py:925} INFO - DAG(s) 'core_osm_table_generator' retrieved from /opt/airflow/dags/core_osm_table_generator_dag.py
[2026-02-25T10:12:06.847+0000] {logging_mixin.py:190} INFO - [2026-02-25T10:12:06.847+0000] {dag.py:3239} INFO - Sync 1 DAGs
[2026-02-25T10:12:06.855+0000] {logging_mixin.py:190} INFO - [2026-02-25T10:12:06.855+0000] {dag.py:4180} INFO - Setting next_dagrun for core_osm_table_generator to None, run_after=None
[2026-02-25T10:12:06.863+0000] {processor.py:208} INFO - Processing /opt/airflow/dags/core_osm_table_generator_dag.py took 0.085 seconds
[2026-02-25T10:12:42.753+0000] {processor.py:186} INFO - Started process (PID=8041) to work on /opt/airflow/dags/core_osm_table_generator_dag.py
[2026-02-25T10:12:42.758+0000] {processor.py:914} INFO - Processing file /opt/airflow/dags/core_osm_table_generator_dag.py for tasks to queue
[2026-02-25T10:12:42.763+0000] {logging_mixin.py:190} INFO - [2026-02-25T10:12:42.762+0000] {dagbag.py:588} INFO - Filling up the DagBag from /opt/airflow/dags/core_osm_table_generator_dag.py
[2026-02-25T10:12:42.905+0000] {processor.py:925} INFO - DAG(s) 'core_osm_table_generator' retrieved from /opt/airflow/dags/core_osm_table_generator_dag.py
[2026-02-25T10:12:42.982+0000] {logging_mixin.py:190} INFO - [2026-02-25T10:12:42.981+0000] {dag.py:3239} INFO - Sync 1 DAGs
[2026-02-25T10:12:43.011+0000] {logging_mixin.py:190} INFO - [2026-02-25T10:12:43.010+0000] {dag.py:4180} INFO - Setting next_dagrun for core_osm_table_generator to None, run_after=None
[2026-02-25T10:12:43.028+0000] {processor.py:208} INFO - Processing /opt/airflow/dags/core_osm_table_generator_dag.py took 0.313 seconds
[2026-02-25T10:18:17.442+0000] {processor.py:186} INFO - Started process (PID=8042) to work on /opt/airflow/dags/core_osm_table_generator_dag.py
[2026-02-25T10:18:17.444+0000] {processor.py:914} INFO - Processing file /opt/airflow/dags/core_osm_table_generator_dag.py for tasks to queue
[2026-02-25T10:18:17.445+0000] {logging_mixin.py:190} INFO - [2026-02-25T10:18:17.445+0000] {dagbag.py:588} INFO - Filling up the DagBag from /opt/airflow/dags/core_osm_table_generator_dag.py
[2026-02-25T10:18:17.493+0000] {processor.py:925} INFO - DAG(s) 'core_osm_table_generator' retrieved from /opt/airflow/dags/core_osm_table_generator_dag.py
[2026-02-25T10:18:17.515+0000] {logging_mixin.py:190} INFO - [2026-02-25T10:18:17.515+0000] {dag.py:3239} INFO - Sync 1 DAGs
[2026-02-25T10:18:17.528+0000] {logging_mixin.py:190} INFO - [2026-02-25T10:18:17.528+0000] {dag.py:4180} INFO - Setting next_dagrun for core_osm_table_generator to None, run_after=None
[2026-02-25T10:18:17.546+0000] {processor.py:208} INFO - Processing /opt/airflow/dags/core_osm_table_generator_dag.py took 0.113 seconds
[2026-02-25T10:18:47.971+0000] {processor.py:186} INFO - Started process (PID=8043) to work on /opt/airflow/dags/core_osm_table_generator_dag.py
[2026-02-25T10:18:47.973+0000] {processor.py:914} INFO - Processing file /opt/airflow/dags/core_osm_table_generator_dag.py for tasks to queue
[2026-02-25T10:18:47.975+0000] {logging_mixin.py:190} INFO - [2026-02-25T10:18:47.974+0000] {dagbag.py:588} INFO - Filling up the DagBag from /opt/airflow/dags/core_osm_table_generator_dag.py
[2026-02-25T10:18:48.027+0000] {processor.py:925} INFO - DAG(s) 'core_osm_table_generator' retrieved from /opt/airflow/dags/core_osm_table_generator_dag.py
[2026-02-25T10:18:48.044+0000] {logging_mixin.py:190} INFO - [2026-02-25T10:18:48.044+0000] {dag.py:3239} INFO - Sync 1 DAGs
[2026-02-25T10:18:48.057+0000] {logging_mixin.py:190} INFO - [2026-02-25T10:18:48.057+0000] {dag.py:4180} INFO - Setting next_dagrun for core_osm_table_generator to None, run_after=None
[2026-02-25T10:18:48.067+0000] {processor.py:208} INFO - Processing /opt/airflow/dags/core_osm_table_generator_dag.py took 0.120 seconds
[2026-02-25T10:19:18.245+0000] {processor.py:186} INFO - Started process (PID=8044) to work on /opt/airflow/dags/core_osm_table_generator_dag.py
[2026-02-25T10:19:18.245+0000] {processor.py:914} INFO - Processing file /opt/airflow/dags/core_osm_table_generator_dag.py for tasks to queue
[2026-02-25T10:19:18.246+0000] {logging_mixin.py:190} INFO - [2026-02-25T10:19:18.246+0000] {dagbag.py:588} INFO - Filling up the DagBag from /opt/airflow/dags/core_osm_table_generator_dag.py
[2026-02-25T10:19:18.256+0000] {processor.py:925} INFO - DAG(s) 'core_osm_table_generator' retrieved from /opt/airflow/dags/core_osm_table_generator_dag.py
[2026-02-25T10:19:18.269+0000] {logging_mixin.py:190} INFO - [2026-02-25T10:19:18.269+0000] {dag.py:3239} INFO - Sync 1 DAGs
[2026-02-25T10:19:18.275+0000] {logging_mixin.py:190} INFO - [2026-02-25T10:19:18.275+0000] {dag.py:4180} INFO - Setting next_dagrun for core_osm_table_generator to None, run_after=None
[2026-02-25T10:19:18.282+0000] {processor.py:208} INFO - Processing /opt/airflow/dags/core_osm_table_generator_dag.py took 0.041 seconds
[2026-02-25T10:34:47.896+0000] {processor.py:186} INFO - Started process (PID=8045) to work on /opt/airflow/dags/core_osm_table_generator_dag.py
[2026-02-25T10:34:47.897+0000] {processor.py:914} INFO - Processing file /opt/airflow/dags/core_osm_table_generator_dag.py for tasks to queue
[2026-02-25T10:34:47.899+0000] {logging_mixin.py:190} INFO - [2026-02-25T10:34:47.898+0000] {dagbag.py:588} INFO - Filling up the DagBag from /opt/airflow/dags/core_osm_table_generator_dag.py
[2026-02-25T10:34:47.949+0000] {processor.py:925} INFO - DAG(s) 'core_osm_table_generator' retrieved from /opt/airflow/dags/core_osm_table_generator_dag.py
[2026-02-25T10:34:47.972+0000] {logging_mixin.py:190} INFO - [2026-02-25T10:34:47.972+0000] {dag.py:3239} INFO - Sync 1 DAGs
[2026-02-25T10:34:47.985+0000] {logging_mixin.py:190} INFO - [2026-02-25T10:34:47.985+0000] {dag.py:4180} INFO - Setting next_dagrun for core_osm_table_generator to None, run_after=None
[2026-02-25T10:34:47.995+0000] {processor.py:208} INFO - Processing /opt/airflow/dags/core_osm_table_generator_dag.py took 0.108 seconds
[2026-02-25T10:35:18.416+0000] {processor.py:186} INFO - Started process (PID=8046) to work on /opt/airflow/dags/core_osm_table_generator_dag.py
[2026-02-25T10:35:18.424+0000] {processor.py:914} INFO - Processing file /opt/airflow/dags/core_osm_table_generator_dag.py for tasks to queue
[2026-02-25T10:35:18.428+0000] {logging_mixin.py:190} INFO - [2026-02-25T10:35:18.426+0000] {dagbag.py:588} INFO - Filling up the DagBag from /opt/airflow/dags/core_osm_table_generator_dag.py
[2026-02-25T10:35:18.481+0000] {processor.py:925} INFO - DAG(s) 'core_osm_table_generator' retrieved from /opt/airflow/dags/core_osm_table_generator_dag.py
[2026-02-25T10:35:18.506+0000] {logging_mixin.py:190} INFO - [2026-02-25T10:35:18.506+0000] {dag.py:3239} INFO - Sync 1 DAGs
[2026-02-25T10:35:18.520+0000] {logging_mixin.py:190} INFO - [2026-02-25T10:35:18.520+0000] {dag.py:4180} INFO - Setting next_dagrun for core_osm_table_generator to None, run_after=None
[2026-02-25T10:35:18.544+0000] {processor.py:208} INFO - Processing /opt/airflow/dags/core_osm_table_generator_dag.py took 0.137 seconds
[2026-02-25T10:52:08.560+0000] {processor.py:186} INFO - Started process (PID=8047) to work on /opt/airflow/dags/core_osm_table_generator_dag.py
[2026-02-25T10:52:08.562+0000] {processor.py:914} INFO - Processing file /opt/airflow/dags/core_osm_table_generator_dag.py for tasks to queue
[2026-02-25T10:52:08.563+0000] {logging_mixin.py:190} INFO - [2026-02-25T10:52:08.563+0000] {dagbag.py:588} INFO - Filling up the DagBag from /opt/airflow/dags/core_osm_table_generator_dag.py
[2026-02-25T10:52:08.604+0000] {processor.py:925} INFO - DAG(s) 'core_osm_table_generator' retrieved from /opt/airflow/dags/core_osm_table_generator_dag.py
[2026-02-25T10:52:08.627+0000] {logging_mixin.py:190} INFO - [2026-02-25T10:52:08.627+0000] {dag.py:3239} INFO - Sync 1 DAGs
[2026-02-25T10:52:08.648+0000] {logging_mixin.py:190} INFO - [2026-02-25T10:52:08.648+0000] {dag.py:4180} INFO - Setting next_dagrun for core_osm_table_generator to None, run_after=None
[2026-02-25T10:52:08.658+0000] {processor.py:208} INFO - Processing /opt/airflow/dags/core_osm_table_generator_dag.py took 0.118 seconds
[2026-02-25T10:52:38.984+0000] {processor.py:186} INFO - Started process (PID=8048) to work on /opt/airflow/dags/core_osm_table_generator_dag.py
[2026-02-25T10:52:38.987+0000] {processor.py:914} INFO - Processing file /opt/airflow/dags/core_osm_table_generator_dag.py for tasks to queue
[2026-02-25T10:52:38.988+0000] {logging_mixin.py:190} INFO - [2026-02-25T10:52:38.988+0000] {dagbag.py:588} INFO - Filling up the DagBag from /opt/airflow/dags/core_osm_table_generator_dag.py
[2026-02-25T10:52:39.006+0000] {processor.py:925} INFO - DAG(s) 'core_osm_table_generator' retrieved from /opt/airflow/dags/core_osm_table_generator_dag.py
[2026-02-25T10:52:39.023+0000] {logging_mixin.py:190} INFO - [2026-02-25T10:52:39.023+0000] {dag.py:3239} INFO - Sync 1 DAGs
[2026-02-25T10:52:39.030+0000] {logging_mixin.py:190} INFO - [2026-02-25T10:52:39.030+0000] {dag.py:4180} INFO - Setting next_dagrun for core_osm_table_generator to None, run_after=None
[2026-02-25T10:52:39.037+0000] {processor.py:208} INFO - Processing /opt/airflow/dags/core_osm_table_generator_dag.py took 0.063 seconds
[2026-02-25T11:09:46.441+0000] {processor.py:186} INFO - Started process (PID=8049) to work on /opt/airflow/dags/core_osm_table_generator_dag.py
[2026-02-25T11:09:46.443+0000] {processor.py:914} INFO - Processing file /opt/airflow/dags/core_osm_table_generator_dag.py for tasks to queue
[2026-02-25T11:09:46.444+0000] {logging_mixin.py:190} INFO - [2026-02-25T11:09:46.444+0000] {dagbag.py:588} INFO - Filling up the DagBag from /opt/airflow/dags/core_osm_table_generator_dag.py
[2026-02-25T11:09:46.479+0000] {processor.py:925} INFO - DAG(s) 'core_osm_table_generator' retrieved from /opt/airflow/dags/core_osm_table_generator_dag.py
[2026-02-25T11:09:46.511+0000] {logging_mixin.py:190} INFO - [2026-02-25T11:09:46.511+0000] {dag.py:3239} INFO - Sync 1 DAGs
[2026-02-25T11:09:46.524+0000] {logging_mixin.py:190} INFO - [2026-02-25T11:09:46.524+0000] {dag.py:4180} INFO - Setting next_dagrun for core_osm_table_generator to None, run_after=None
[2026-02-25T11:09:46.534+0000] {processor.py:208} INFO - Processing /opt/airflow/dags/core_osm_table_generator_dag.py took 0.116 seconds
[2026-02-25T11:26:05.858+0000] {processor.py:186} INFO - Started process (PID=8050) to work on /opt/airflow/dags/core_osm_table_generator_dag.py
[2026-02-25T11:26:05.859+0000] {processor.py:914} INFO - Processing file /opt/airflow/dags/core_osm_table_generator_dag.py for tasks to queue
[2026-02-25T11:26:05.863+0000] {logging_mixin.py:190} INFO - [2026-02-25T11:26:05.861+0000] {dagbag.py:588} INFO - Filling up the DagBag from /opt/airflow/dags/core_osm_table_generator_dag.py
[2026-02-25T11:26:06.027+0000] {processor.py:925} INFO - DAG(s) 'core_osm_table_generator' retrieved from /opt/airflow/dags/core_osm_table_generator_dag.py
[2026-02-25T11:26:06.069+0000] {logging_mixin.py:190} INFO - [2026-02-25T11:26:06.069+0000] {dag.py:3239} INFO - Sync 1 DAGs
[2026-02-25T11:26:06.087+0000] {logging_mixin.py:190} INFO - [2026-02-25T11:26:06.087+0000] {dag.py:4180} INFO - Setting next_dagrun for core_osm_table_generator to None, run_after=None
[2026-02-25T11:26:06.109+0000] {processor.py:208} INFO - Processing /opt/airflow/dags/core_osm_table_generator_dag.py took 0.267 seconds
[2026-02-25T11:26:36.249+0000] {processor.py:186} INFO - Started process (PID=8051) to work on /opt/airflow/dags/core_osm_table_generator_dag.py
[2026-02-25T11:26:36.252+0000] {processor.py:914} INFO - Processing file /opt/airflow/dags/core_osm_table_generator_dag.py for tasks to queue
[2026-02-25T11:26:36.253+0000] {logging_mixin.py:190} INFO - [2026-02-25T11:26:36.253+0000] {dagbag.py:588} INFO - Filling up the DagBag from /opt/airflow/dags/core_osm_table_generator_dag.py
[2026-02-25T11:26:36.303+0000] {processor.py:925} INFO - DAG(s) 'core_osm_table_generator' retrieved from /opt/airflow/dags/core_osm_table_generator_dag.py
[2026-02-25T11:26:36.340+0000] {logging_mixin.py:190} INFO - [2026-02-25T11:26:36.340+0000] {dag.py:3239} INFO - Sync 1 DAGs
[2026-02-25T11:26:36.354+0000] {logging_mixin.py:190} INFO - [2026-02-25T11:26:36.354+0000] {dag.py:4180} INFO - Setting next_dagrun for core_osm_table_generator to None, run_after=None
[2026-02-25T11:26:36.365+0000] {processor.py:208} INFO - Processing /opt/airflow/dags/core_osm_table_generator_dag.py took 0.144 seconds
[2026-02-25T11:27:06.554+0000] {processor.py:186} INFO - Started process (PID=8052) to work on /opt/airflow/dags/core_osm_table_generator_dag.py
[2026-02-25T11:27:06.556+0000] {processor.py:914} INFO - Processing file /opt/airflow/dags/core_osm_table_generator_dag.py for tasks to queue
[2026-02-25T11:27:06.558+0000] {logging_mixin.py:190} INFO - [2026-02-25T11:27:06.557+0000] {dagbag.py:588} INFO - Filling up the DagBag from /opt/airflow/dags/core_osm_table_generator_dag.py
[2026-02-25T11:27:06.610+0000] {processor.py:925} INFO - DAG(s) 'core_osm_table_generator' retrieved from /opt/airflow/dags/core_osm_table_generator_dag.py
[2026-02-25T11:27:06.656+0000] {logging_mixin.py:190} INFO - [2026-02-25T11:27:06.655+0000] {dag.py:3239} INFO - Sync 1 DAGs
[2026-02-25T11:27:06.672+0000] {logging_mixin.py:190} INFO - [2026-02-25T11:27:06.672+0000] {dag.py:4180} INFO - Setting next_dagrun for core_osm_table_generator to None, run_after=None
[2026-02-25T11:27:06.683+0000] {processor.py:208} INFO - Processing /opt/airflow/dags/core_osm_table_generator_dag.py took 0.139 seconds
[2026-02-25T11:27:37.121+0000] {processor.py:186} INFO - Started process (PID=8053) to work on /opt/airflow/dags/core_osm_table_generator_dag.py
[2026-02-25T11:27:37.123+0000] {processor.py:914} INFO - Processing file /opt/airflow/dags/core_osm_table_generator_dag.py for tasks to queue
[2026-02-25T11:27:37.124+0000] {logging_mixin.py:190} INFO - [2026-02-25T11:27:37.123+0000] {dagbag.py:588} INFO - Filling up the DagBag from /opt/airflow/dags/core_osm_table_generator_dag.py
[2026-02-25T11:27:37.177+0000] {processor.py:925} INFO - DAG(s) 'core_osm_table_generator' retrieved from /opt/airflow/dags/core_osm_table_generator_dag.py
[2026-02-25T11:27:37.203+0000] {logging_mixin.py:190} INFO - [2026-02-25T11:27:37.203+0000] {dag.py:3239} INFO - Sync 1 DAGs
[2026-02-25T11:27:37.225+0000] {logging_mixin.py:190} INFO - [2026-02-25T11:27:37.224+0000] {dag.py:4180} INFO - Setting next_dagrun for core_osm_table_generator to None, run_after=None
[2026-02-25T11:27:37.235+0000] {processor.py:208} INFO - Processing /opt/airflow/dags/core_osm_table_generator_dag.py took 0.126 seconds
[2026-02-25T11:28:07.540+0000] {processor.py:186} INFO - Started process (PID=8054) to work on /opt/airflow/dags/core_osm_table_generator_dag.py
[2026-02-25T11:28:07.545+0000] {processor.py:914} INFO - Processing file /opt/airflow/dags/core_osm_table_generator_dag.py for tasks to queue
[2026-02-25T11:28:07.547+0000] {logging_mixin.py:190} INFO - [2026-02-25T11:28:07.547+0000] {dagbag.py:588} INFO - Filling up the DagBag from /opt/airflow/dags/core_osm_table_generator_dag.py
[2026-02-25T11:28:07.584+0000] {processor.py:925} INFO - DAG(s) 'core_osm_table_generator' retrieved from /opt/airflow/dags/core_osm_table_generator_dag.py
[2026-02-25T11:28:07.624+0000] {logging_mixin.py:190} INFO - [2026-02-25T11:28:07.623+0000] {dag.py:3239} INFO - Sync 1 DAGs
[2026-02-25T11:28:07.637+0000] {logging_mixin.py:190} INFO - [2026-02-25T11:28:07.637+0000] {dag.py:4180} INFO - Setting next_dagrun for core_osm_table_generator to None, run_after=None
[2026-02-25T11:28:07.648+0000] {processor.py:208} INFO - Processing /opt/airflow/dags/core_osm_table_generator_dag.py took 0.133 seconds
[2026-02-25T11:28:37.920+0000] {processor.py:186} INFO - Started process (PID=8055) to work on /opt/airflow/dags/core_osm_table_generator_dag.py
[2026-02-25T11:28:37.923+0000] {processor.py:914} INFO - Processing file /opt/airflow/dags/core_osm_table_generator_dag.py for tasks to queue
[2026-02-25T11:28:37.925+0000] {logging_mixin.py:190} INFO - [2026-02-25T11:28:37.924+0000] {dagbag.py:588} INFO - Filling up the DagBag from /opt/airflow/dags/core_osm_table_generator_dag.py
[2026-02-25T11:28:37.988+0000] {processor.py:925} INFO - DAG(s) 'core_osm_table_generator' retrieved from /opt/airflow/dags/core_osm_table_generator_dag.py
[2026-02-25T11:28:38.024+0000] {logging_mixin.py:190} INFO - [2026-02-25T11:28:38.023+0000] {dag.py:3239} INFO - Sync 1 DAGs
[2026-02-25T11:28:38.037+0000] {logging_mixin.py:190} INFO - [2026-02-25T11:28:38.037+0000] {dag.py:4180} INFO - Setting next_dagrun for core_osm_table_generator to None, run_after=None
[2026-02-25T11:28:38.047+0000] {processor.py:208} INFO - Processing /opt/airflow/dags/core_osm_table_generator_dag.py took 0.139 seconds
[2026-02-25T11:29:08.351+0000] {processor.py:186} INFO - Started process (PID=8056) to work on /opt/airflow/dags/core_osm_table_generator_dag.py
[2026-02-25T11:29:08.352+0000] {processor.py:914} INFO - Processing file /opt/airflow/dags/core_osm_table_generator_dag.py for tasks to queue
[2026-02-25T11:29:08.353+0000] {logging_mixin.py:190} INFO - [2026-02-25T11:29:08.353+0000] {dagbag.py:588} INFO - Filling up the DagBag from /opt/airflow/dags/core_osm_table_generator_dag.py
[2026-02-25T11:29:08.369+0000] {processor.py:925} INFO - DAG(s) 'core_osm_table_generator' retrieved from /opt/airflow/dags/core_osm_table_generator_dag.py
[2026-02-25T11:29:08.384+0000] {logging_mixin.py:190} INFO - [2026-02-25T11:29:08.384+0000] {dag.py:3239} INFO - Sync 1 DAGs
[2026-02-25T11:29:08.392+0000] {logging_mixin.py:190} INFO - [2026-02-25T11:29:08.392+0000] {dag.py:4180} INFO - Setting next_dagrun for core_osm_table_generator to None, run_after=None
[2026-02-25T11:29:08.400+0000] {processor.py:208} INFO - Processing /opt/airflow/dags/core_osm_table_generator_dag.py took 0.056 seconds
[2026-02-25T11:29:38.738+0000] {processor.py:186} INFO - Started process (PID=8057) to work on /opt/airflow/dags/core_osm_table_generator_dag.py
[2026-02-25T11:29:38.749+0000] {processor.py:914} INFO - Processing file /opt/airflow/dags/core_osm_table_generator_dag.py for tasks to queue
[2026-02-25T11:29:38.757+0000] {logging_mixin.py:190} INFO - [2026-02-25T11:29:38.755+0000] {dagbag.py:588} INFO - Filling up the DagBag from /opt/airflow/dags/core_osm_table_generator_dag.py
[2026-02-25T11:29:38.794+0000] {processor.py:925} INFO - DAG(s) 'core_osm_table_generator' retrieved from /opt/airflow/dags/core_osm_table_generator_dag.py
[2026-02-25T11:29:38.833+0000] {logging_mixin.py:190} INFO - [2026-02-25T11:29:38.833+0000] {dag.py:3239} INFO - Sync 1 DAGs
[2026-02-25T11:29:38.847+0000] {logging_mixin.py:190} INFO - [2026-02-25T11:29:38.846+0000] {dag.py:4180} INFO - Setting next_dagrun for core_osm_table_generator to None, run_after=None
[2026-02-25T11:29:38.855+0000] {processor.py:208} INFO - Processing /opt/airflow/dags/core_osm_table_generator_dag.py took 0.132 seconds
[2026-02-25T11:30:09.080+0000] {processor.py:186} INFO - Started process (PID=8058) to work on /opt/airflow/dags/core_osm_table_generator_dag.py
[2026-02-25T11:30:09.084+0000] {processor.py:914} INFO - Processing file /opt/airflow/dags/core_osm_table_generator_dag.py for tasks to queue
[2026-02-25T11:30:09.094+0000] {logging_mixin.py:190} INFO - [2026-02-25T11:30:09.089+0000] {dagbag.py:588} INFO - Filling up the DagBag from /opt/airflow/dags/core_osm_table_generator_dag.py
[2026-02-25T11:30:09.150+0000] {processor.py:925} INFO - DAG(s) 'core_osm_table_generator' retrieved from /opt/airflow/dags/core_osm_table_generator_dag.py
[2026-02-25T11:30:09.173+0000] {logging_mixin.py:190} INFO - [2026-02-25T11:30:09.173+0000] {dag.py:3239} INFO - Sync 1 DAGs
[2026-02-25T11:30:09.191+0000] {logging_mixin.py:190} INFO - [2026-02-25T11:30:09.191+0000] {dag.py:4180} INFO - Setting next_dagrun for core_osm_table_generator to None, run_after=None
[2026-02-25T11:30:09.201+0000] {processor.py:208} INFO - Processing /opt/airflow/dags/core_osm_table_generator_dag.py took 0.135 seconds
[2026-02-25T11:30:39.568+0000] {processor.py:186} INFO - Started process (PID=8059) to work on /opt/airflow/dags/core_osm_table_generator_dag.py
[2026-02-25T11:30:39.572+0000] {processor.py:914} INFO - Processing file /opt/airflow/dags/core_osm_table_generator_dag.py for tasks to queue
[2026-02-25T11:30:39.576+0000] {logging_mixin.py:190} INFO - [2026-02-25T11:30:39.574+0000] {dagbag.py:588} INFO - Filling up the DagBag from /opt/airflow/dags/core_osm_table_generator_dag.py
[2026-02-25T11:30:39.613+0000] {processor.py:925} INFO - DAG(s) 'core_osm_table_generator' retrieved from /opt/airflow/dags/core_osm_table_generator_dag.py
[2026-02-25T11:30:39.656+0000] {logging_mixin.py:190} INFO - [2026-02-25T11:30:39.656+0000] {dag.py:3239} INFO - Sync 1 DAGs
[2026-02-25T11:30:39.719+0000] {logging_mixin.py:190} INFO - [2026-02-25T11:30:39.718+0000] {dag.py:4180} INFO - Setting next_dagrun for core_osm_table_generator to None, run_after=None
[2026-02-25T11:30:39.746+0000] {processor.py:208} INFO - Processing /opt/airflow/dags/core_osm_table_generator_dag.py took 0.201 seconds
[2026-02-25T11:31:11.461+0000] {processor.py:186} INFO - Started process (PID=8060) to work on /opt/airflow/dags/core_osm_table_generator_dag.py
[2026-02-25T11:31:11.467+0000] {processor.py:914} INFO - Processing file /opt/airflow/dags/core_osm_table_generator_dag.py for tasks to queue
[2026-02-25T11:31:11.478+0000] {logging_mixin.py:190} INFO - [2026-02-25T11:31:11.476+0000] {dagbag.py:588} INFO - Filling up the DagBag from /opt/airflow/dags/core_osm_table_generator_dag.py
[2026-02-25T11:31:11.706+0000] {processor.py:925} INFO - DAG(s) 'core_osm_table_generator' retrieved from /opt/airflow/dags/core_osm_table_generator_dag.py
[2026-02-25T11:31:11.787+0000] {logging_mixin.py:190} INFO - [2026-02-25T11:31:11.786+0000] {dag.py:3239} INFO - Sync 1 DAGs
[2026-02-25T11:31:11.813+0000] {logging_mixin.py:190} INFO - [2026-02-25T11:31:11.812+0000] {dag.py:4180} INFO - Setting next_dagrun for core_osm_table_generator to None, run_after=None
[2026-02-25T11:31:11.858+0000] {processor.py:208} INFO - Processing /opt/airflow/dags/core_osm_table_generator_dag.py took 0.432 seconds
[2026-02-25T11:31:42.267+0000] {processor.py:186} INFO - Started process (PID=8061) to work on /opt/airflow/dags/core_osm_table_generator_dag.py
[2026-02-25T11:31:42.269+0000] {processor.py:914} INFO - Processing file /opt/airflow/dags/core_osm_table_generator_dag.py for tasks to queue
[2026-02-25T11:31:42.271+0000] {logging_mixin.py:190} INFO - [2026-02-25T11:31:42.270+0000] {dagbag.py:588} INFO - Filling up the DagBag from /opt/airflow/dags/core_osm_table_generator_dag.py
[2026-02-25T11:31:42.322+0000] {processor.py:925} INFO - DAG(s) 'core_osm_table_generator' retrieved from /opt/airflow/dags/core_osm_table_generator_dag.py
[2026-02-25T11:31:42.356+0000] {logging_mixin.py:190} INFO - [2026-02-25T11:31:42.356+0000] {dag.py:3239} INFO - Sync 1 DAGs
[2026-02-25T11:31:42.381+0000] {logging_mixin.py:190} INFO - [2026-02-25T11:31:42.381+0000] {dag.py:4180} INFO - Setting next_dagrun for core_osm_table_generator to None, run_after=None
[2026-02-25T11:31:42.392+0000] {processor.py:208} INFO - Processing /opt/airflow/dags/core_osm_table_generator_dag.py took 0.139 seconds
[2026-02-25T11:32:12.596+0000] {processor.py:186} INFO - Started process (PID=8062) to work on /opt/airflow/dags/core_osm_table_generator_dag.py
[2026-02-25T11:32:12.598+0000] {processor.py:914} INFO - Processing file /opt/airflow/dags/core_osm_table_generator_dag.py for tasks to queue
[2026-02-25T11:32:12.599+0000] {logging_mixin.py:190} INFO - [2026-02-25T11:32:12.599+0000] {dagbag.py:588} INFO - Filling up the DagBag from /opt/airflow/dags/core_osm_table_generator_dag.py
[2026-02-25T11:32:12.624+0000] {processor.py:925} INFO - DAG(s) 'core_osm_table_generator' retrieved from /opt/airflow/dags/core_osm_table_generator_dag.py
[2026-02-25T11:32:12.645+0000] {logging_mixin.py:190} INFO - [2026-02-25T11:32:12.645+0000] {dag.py:3239} INFO - Sync 1 DAGs
[2026-02-25T11:32:12.656+0000] {logging_mixin.py:190} INFO - [2026-02-25T11:32:12.656+0000] {dag.py:4180} INFO - Setting next_dagrun for core_osm_table_generator to None, run_after=None
[2026-02-25T11:32:12.665+0000] {processor.py:208} INFO - Processing /opt/airflow/dags/core_osm_table_generator_dag.py took 0.075 seconds
[2026-02-25T11:32:43.025+0000] {processor.py:186} INFO - Started process (PID=8063) to work on /opt/airflow/dags/core_osm_table_generator_dag.py
[2026-02-25T11:32:43.028+0000] {processor.py:914} INFO - Processing file /opt/airflow/dags/core_osm_table_generator_dag.py for tasks to queue
[2026-02-25T11:32:43.030+0000] {logging_mixin.py:190} INFO - [2026-02-25T11:32:43.029+0000] {dagbag.py:588} INFO - Filling up the DagBag from /opt/airflow/dags/core_osm_table_generator_dag.py
[2026-02-25T11:32:43.091+0000] {processor.py:925} INFO - DAG(s) 'core_osm_table_generator' retrieved from /opt/airflow/dags/core_osm_table_generator_dag.py
[2026-02-25T11:32:43.115+0000] {logging_mixin.py:190} INFO - [2026-02-25T11:32:43.114+0000] {dag.py:3239} INFO - Sync 1 DAGs
[2026-02-25T11:32:43.143+0000] {logging_mixin.py:190} INFO - [2026-02-25T11:32:43.143+0000] {dag.py:4180} INFO - Setting next_dagrun for core_osm_table_generator to None, run_after=None
[2026-02-25T11:32:43.153+0000] {processor.py:208} INFO - Processing /opt/airflow/dags/core_osm_table_generator_dag.py took 0.141 seconds
[2026-02-25T11:33:13.416+0000] {processor.py:186} INFO - Started process (PID=8064) to work on /opt/airflow/dags/core_osm_table_generator_dag.py
[2026-02-25T11:33:13.417+0000] {processor.py:914} INFO - Processing file /opt/airflow/dags/core_osm_table_generator_dag.py for tasks to queue
[2026-02-25T11:33:13.418+0000] {logging_mixin.py:190} INFO - [2026-02-25T11:33:13.418+0000] {dagbag.py:588} INFO - Filling up the DagBag from /opt/airflow/dags/core_osm_table_generator_dag.py
[2026-02-25T11:33:13.474+0000] {processor.py:925} INFO - DAG(s) 'core_osm_table_generator' retrieved from /opt/airflow/dags/core_osm_table_generator_dag.py
[2026-02-25T11:33:13.507+0000] {logging_mixin.py:190} INFO - [2026-02-25T11:33:13.506+0000] {dag.py:3239} INFO - Sync 1 DAGs
[2026-02-25T11:33:13.535+0000] {logging_mixin.py:190} INFO - [2026-02-25T11:33:13.535+0000] {dag.py:4180} INFO - Setting next_dagrun for core_osm_table_generator to None, run_after=None
[2026-02-25T11:33:13.547+0000] {processor.py:208} INFO - Processing /opt/airflow/dags/core_osm_table_generator_dag.py took 0.140 seconds
[2026-02-25T11:33:43.875+0000] {processor.py:186} INFO - Started process (PID=8065) to work on /opt/airflow/dags/core_osm_table_generator_dag.py
[2026-02-25T11:33:43.877+0000] {processor.py:914} INFO - Processing file /opt/airflow/dags/core_osm_table_generator_dag.py for tasks to queue
[2026-02-25T11:33:43.878+0000] {logging_mixin.py:190} INFO - [2026-02-25T11:33:43.878+0000] {dagbag.py:588} INFO - Filling up the DagBag from /opt/airflow/dags/core_osm_table_generator_dag.py
[2026-02-25T11:33:43.926+0000] {processor.py:925} INFO - DAG(s) 'core_osm_table_generator' retrieved from /opt/airflow/dags/core_osm_table_generator_dag.py
[2026-02-25T11:33:43.958+0000] {logging_mixin.py:190} INFO - [2026-02-25T11:33:43.958+0000] {dag.py:3239} INFO - Sync 1 DAGs
[2026-02-25T11:33:43.969+0000] {logging_mixin.py:190} INFO - [2026-02-25T11:33:43.969+0000] {dag.py:4180} INFO - Setting next_dagrun for core_osm_table_generator to None, run_after=None
[2026-02-25T11:33:43.979+0000] {processor.py:208} INFO - Processing /opt/airflow/dags/core_osm_table_generator_dag.py took 0.111 seconds
[2026-02-25T11:34:14.244+0000] {processor.py:186} INFO - Started process (PID=8066) to work on /opt/airflow/dags/core_osm_table_generator_dag.py
[2026-02-25T11:34:14.246+0000] {processor.py:914} INFO - Processing file /opt/airflow/dags/core_osm_table_generator_dag.py for tasks to queue
[2026-02-25T11:34:14.247+0000] {logging_mixin.py:190} INFO - [2026-02-25T11:34:14.246+0000] {dagbag.py:588} INFO - Filling up the DagBag from /opt/airflow/dags/core_osm_table_generator_dag.py
[2026-02-25T11:34:14.265+0000] {processor.py:925} INFO - DAG(s) 'core_osm_table_generator' retrieved from /opt/airflow/dags/core_osm_table_generator_dag.py
[2026-02-25T11:34:14.283+0000] {logging_mixin.py:190} INFO - [2026-02-25T11:34:14.283+0000] {dag.py:3239} INFO - Sync 1 DAGs
[2026-02-25T11:34:14.294+0000] {logging_mixin.py:190} INFO - [2026-02-25T11:34:14.294+0000] {dag.py:4180} INFO - Setting next_dagrun for core_osm_table_generator to None, run_after=None
[2026-02-25T11:34:14.303+0000] {processor.py:208} INFO - Processing /opt/airflow/dags/core_osm_table_generator_dag.py took 0.065 seconds
[2026-02-25T11:34:44.578+0000] {processor.py:186} INFO - Started process (PID=8067) to work on /opt/airflow/dags/core_osm_table_generator_dag.py
[2026-02-25T11:34:44.580+0000] {processor.py:914} INFO - Processing file /opt/airflow/dags/core_osm_table_generator_dag.py for tasks to queue
[2026-02-25T11:34:44.582+0000] {logging_mixin.py:190} INFO - [2026-02-25T11:34:44.581+0000] {dagbag.py:588} INFO - Filling up the DagBag from /opt/airflow/dags/core_osm_table_generator_dag.py
[2026-02-25T11:34:44.652+0000] {processor.py:925} INFO - DAG(s) 'core_osm_table_generator' retrieved from /opt/airflow/dags/core_osm_table_generator_dag.py
[2026-02-25T11:34:44.676+0000] {logging_mixin.py:190} INFO - [2026-02-25T11:34:44.676+0000] {dag.py:3239} INFO - Sync 1 DAGs
[2026-02-25T11:34:44.686+0000] {logging_mixin.py:190} INFO - [2026-02-25T11:34:44.686+0000] {dag.py:4180} INFO - Setting next_dagrun for core_osm_table_generator to None, run_after=None
[2026-02-25T11:34:44.695+0000] {processor.py:208} INFO - Processing /opt/airflow/dags/core_osm_table_generator_dag.py took 0.128 seconds
[2026-02-25T11:35:14.913+0000] {processor.py:186} INFO - Started process (PID=8068) to work on /opt/airflow/dags/core_osm_table_generator_dag.py
[2026-02-25T11:35:14.914+0000] {processor.py:914} INFO - Processing file /opt/airflow/dags/core_osm_table_generator_dag.py for tasks to queue
[2026-02-25T11:35:14.915+0000] {logging_mixin.py:190} INFO - [2026-02-25T11:35:14.915+0000] {dagbag.py:588} INFO - Filling up the DagBag from /opt/airflow/dags/core_osm_table_generator_dag.py
[2026-02-25T11:35:14.931+0000] {processor.py:925} INFO - DAG(s) 'core_osm_table_generator' retrieved from /opt/airflow/dags/core_osm_table_generator_dag.py
[2026-02-25T11:35:14.947+0000] {logging_mixin.py:190} INFO - [2026-02-25T11:35:14.947+0000] {dag.py:3239} INFO - Sync 1 DAGs
[2026-02-25T11:35:14.954+0000] {logging_mixin.py:190} INFO - [2026-02-25T11:35:14.954+0000] {dag.py:4180} INFO - Setting next_dagrun for core_osm_table_generator to None, run_after=None
[2026-02-25T11:35:14.961+0000] {processor.py:208} INFO - Processing /opt/airflow/dags/core_osm_table_generator_dag.py took 0.055 seconds
[2026-02-25T11:35:45.286+0000] {processor.py:186} INFO - Started process (PID=8069) to work on /opt/airflow/dags/core_osm_table_generator_dag.py
[2026-02-25T11:35:45.289+0000] {processor.py:914} INFO - Processing file /opt/airflow/dags/core_osm_table_generator_dag.py for tasks to queue
[2026-02-25T11:35:45.291+0000] {logging_mixin.py:190} INFO - [2026-02-25T11:35:45.290+0000] {dagbag.py:588} INFO - Filling up the DagBag from /opt/airflow/dags/core_osm_table_generator_dag.py
[2026-02-25T11:35:45.344+0000] {processor.py:925} INFO - DAG(s) 'core_osm_table_generator' retrieved from /opt/airflow/dags/core_osm_table_generator_dag.py
[2026-02-25T11:35:45.372+0000] {logging_mixin.py:190} INFO - [2026-02-25T11:35:45.372+0000] {dag.py:3239} INFO - Sync 1 DAGs
[2026-02-25T11:35:45.388+0000] {logging_mixin.py:190} INFO - [2026-02-25T11:35:45.388+0000] {dag.py:4180} INFO - Setting next_dagrun for core_osm_table_generator to None, run_after=None
[2026-02-25T11:35:45.398+0000] {processor.py:208} INFO - Processing /opt/airflow/dags/core_osm_table_generator_dag.py took 0.124 seconds
[2026-02-25T11:36:15.687+0000] {processor.py:186} INFO - Started process (PID=8070) to work on /opt/airflow/dags/core_osm_table_generator_dag.py
[2026-02-25T11:36:15.692+0000] {processor.py:914} INFO - Processing file /opt/airflow/dags/core_osm_table_generator_dag.py for tasks to queue
[2026-02-25T11:36:15.695+0000] {logging_mixin.py:190} INFO - [2026-02-25T11:36:15.693+0000] {dagbag.py:588} INFO - Filling up the DagBag from /opt/airflow/dags/core_osm_table_generator_dag.py
[2026-02-25T11:36:15.723+0000] {processor.py:925} INFO - DAG(s) 'core_osm_table_generator' retrieved from /opt/airflow/dags/core_osm_table_generator_dag.py
[2026-02-25T11:36:15.737+0000] {logging_mixin.py:190} INFO - [2026-02-25T11:36:15.737+0000] {dag.py:3239} INFO - Sync 1 DAGs
[2026-02-25T11:36:15.746+0000] {logging_mixin.py:190} INFO - [2026-02-25T11:36:15.746+0000] {dag.py:4180} INFO - Setting next_dagrun for core_osm_table_generator to None, run_after=None
[2026-02-25T11:36:15.754+0000] {processor.py:208} INFO - Processing /opt/airflow/dags/core_osm_table_generator_dag.py took 0.081 seconds
[2026-02-25T11:36:46.180+0000] {processor.py:186} INFO - Started process (PID=8071) to work on /opt/airflow/dags/core_osm_table_generator_dag.py
[2026-02-25T11:36:46.183+0000] {processor.py:914} INFO - Processing file /opt/airflow/dags/core_osm_table_generator_dag.py for tasks to queue
[2026-02-25T11:36:46.185+0000] {logging_mixin.py:190} INFO - [2026-02-25T11:36:46.184+0000] {dagbag.py:588} INFO - Filling up the DagBag from /opt/airflow/dags/core_osm_table_generator_dag.py
[2026-02-25T11:36:46.245+0000] {processor.py:925} INFO - DAG(s) 'core_osm_table_generator' retrieved from /opt/airflow/dags/core_osm_table_generator_dag.py
[2026-02-25T11:36:46.273+0000] {logging_mixin.py:190} INFO - [2026-02-25T11:36:46.273+0000] {dag.py:3239} INFO - Sync 1 DAGs
[2026-02-25T11:36:46.286+0000] {logging_mixin.py:190} INFO - [2026-02-25T11:36:46.285+0000] {dag.py:4180} INFO - Setting next_dagrun for core_osm_table_generator to None, run_after=None
[2026-02-25T11:36:46.295+0000] {processor.py:208} INFO - Processing /opt/airflow/dags/core_osm_table_generator_dag.py took 0.127 seconds
[2026-02-25T11:37:16.600+0000] {processor.py:186} INFO - Started process (PID=8072) to work on /opt/airflow/dags/core_osm_table_generator_dag.py
[2026-02-25T11:37:16.601+0000] {processor.py:914} INFO - Processing file /opt/airflow/dags/core_osm_table_generator_dag.py for tasks to queue
[2026-02-25T11:37:16.603+0000] {logging_mixin.py:190} INFO - [2026-02-25T11:37:16.603+0000] {dagbag.py:588} INFO - Filling up the DagBag from /opt/airflow/dags/core_osm_table_generator_dag.py
[2026-02-25T11:37:16.622+0000] {processor.py:925} INFO - DAG(s) 'core_osm_table_generator' retrieved from /opt/airflow/dags/core_osm_table_generator_dag.py
[2026-02-25T11:37:16.642+0000] {logging_mixin.py:190} INFO - [2026-02-25T11:37:16.642+0000] {dag.py:3239} INFO - Sync 1 DAGs
[2026-02-25T11:37:16.651+0000] {logging_mixin.py:190} INFO - [2026-02-25T11:37:16.651+0000] {dag.py:4180} INFO - Setting next_dagrun for core_osm_table_generator to None, run_after=None
[2026-02-25T11:37:16.660+0000] {processor.py:208} INFO - Processing /opt/airflow/dags/core_osm_table_generator_dag.py took 0.067 seconds
[2026-02-25T11:37:47.056+0000] {processor.py:186} INFO - Started process (PID=8073) to work on /opt/airflow/dags/core_osm_table_generator_dag.py
[2026-02-25T11:37:47.058+0000] {processor.py:914} INFO - Processing file /opt/airflow/dags/core_osm_table_generator_dag.py for tasks to queue
[2026-02-25T11:37:47.060+0000] {logging_mixin.py:190} INFO - [2026-02-25T11:37:47.060+0000] {dagbag.py:588} INFO - Filling up the DagBag from /opt/airflow/dags/core_osm_table_generator_dag.py
[2026-02-25T11:37:47.096+0000] {processor.py:925} INFO - DAG(s) 'core_osm_table_generator' retrieved from /opt/airflow/dags/core_osm_table_generator_dag.py
[2026-02-25T11:37:47.137+0000] {logging_mixin.py:190} INFO - [2026-02-25T11:37:47.137+0000] {dag.py:3239} INFO - Sync 1 DAGs
[2026-02-25T11:37:47.149+0000] {logging_mixin.py:190} INFO - [2026-02-25T11:37:47.149+0000] {dag.py:4180} INFO - Setting next_dagrun for core_osm_table_generator to None, run_after=None
[2026-02-25T11:37:47.157+0000] {processor.py:208} INFO - Processing /opt/airflow/dags/core_osm_table_generator_dag.py took 0.136 seconds
[2026-02-25T11:38:17.386+0000] {processor.py:186} INFO - Started process (PID=8074) to work on /opt/airflow/dags/core_osm_table_generator_dag.py
[2026-02-25T11:38:17.388+0000] {processor.py:914} INFO - Processing file /opt/airflow/dags/core_osm_table_generator_dag.py for tasks to queue
[2026-02-25T11:38:17.390+0000] {logging_mixin.py:190} INFO - [2026-02-25T11:38:17.389+0000] {dagbag.py:588} INFO - Filling up the DagBag from /opt/airflow/dags/core_osm_table_generator_dag.py
[2026-02-25T11:38:17.403+0000] {processor.py:925} INFO - DAG(s) 'core_osm_table_generator' retrieved from /opt/airflow/dags/core_osm_table_generator_dag.py
[2026-02-25T11:38:17.419+0000] {logging_mixin.py:190} INFO - [2026-02-25T11:38:17.419+0000] {dag.py:3239} INFO - Sync 1 DAGs
[2026-02-25T11:38:17.427+0000] {logging_mixin.py:190} INFO - [2026-02-25T11:38:17.427+0000] {dag.py:4180} INFO - Setting next_dagrun for core_osm_table_generator to None, run_after=None
[2026-02-25T11:38:17.435+0000] {processor.py:208} INFO - Processing /opt/airflow/dags/core_osm_table_generator_dag.py took 0.058 seconds
[2026-02-25T11:38:47.785+0000] {processor.py:186} INFO - Started process (PID=8075) to work on /opt/airflow/dags/core_osm_table_generator_dag.py
[2026-02-25T11:38:47.786+0000] {processor.py:914} INFO - Processing file /opt/airflow/dags/core_osm_table_generator_dag.py for tasks to queue
[2026-02-25T11:38:47.788+0000] {logging_mixin.py:190} INFO - [2026-02-25T11:38:47.788+0000] {dagbag.py:588} INFO - Filling up the DagBag from /opt/airflow/dags/core_osm_table_generator_dag.py
[2026-02-25T11:38:47.856+0000] {processor.py:925} INFO - DAG(s) 'core_osm_table_generator' retrieved from /opt/airflow/dags/core_osm_table_generator_dag.py
[2026-02-25T11:38:47.882+0000] {logging_mixin.py:190} INFO - [2026-02-25T11:38:47.882+0000] {dag.py:3239} INFO - Sync 1 DAGs
[2026-02-25T11:38:47.907+0000] {logging_mixin.py:190} INFO - [2026-02-25T11:38:47.907+0000] {dag.py:4180} INFO - Setting next_dagrun for core_osm_table_generator to None, run_after=None
[2026-02-25T11:38:47.917+0000] {processor.py:208} INFO - Processing /opt/airflow/dags/core_osm_table_generator_dag.py took 0.140 seconds
[2026-02-25T11:39:18.212+0000] {processor.py:186} INFO - Started process (PID=8076) to work on /opt/airflow/dags/core_osm_table_generator_dag.py
[2026-02-25T11:39:18.213+0000] {processor.py:914} INFO - Processing file /opt/airflow/dags/core_osm_table_generator_dag.py for tasks to queue
[2026-02-25T11:39:18.215+0000] {logging_mixin.py:190} INFO - [2026-02-25T11:39:18.215+0000] {dagbag.py:588} INFO - Filling up the DagBag from /opt/airflow/dags/core_osm_table_generator_dag.py
[2026-02-25T11:39:18.231+0000] {processor.py:925} INFO - DAG(s) 'core_osm_table_generator' retrieved from /opt/airflow/dags/core_osm_table_generator_dag.py
[2026-02-25T11:39:18.246+0000] {logging_mixin.py:190} INFO - [2026-02-25T11:39:18.246+0000] {dag.py:3239} INFO - Sync 1 DAGs
[2026-02-25T11:39:18.254+0000] {logging_mixin.py:190} INFO - [2026-02-25T11:39:18.254+0000] {dag.py:4180} INFO - Setting next_dagrun for core_osm_table_generator to None, run_after=None
[2026-02-25T11:39:18.262+0000] {processor.py:208} INFO - Processing /opt/airflow/dags/core_osm_table_generator_dag.py took 0.063 seconds
[2026-02-25T11:39:48.758+0000] {processor.py:186} INFO - Started process (PID=8077) to work on /opt/airflow/dags/core_osm_table_generator_dag.py
[2026-02-25T11:39:48.761+0000] {processor.py:914} INFO - Processing file /opt/airflow/dags/core_osm_table_generator_dag.py for tasks to queue
[2026-02-25T11:39:48.763+0000] {logging_mixin.py:190} INFO - [2026-02-25T11:39:48.762+0000] {dagbag.py:588} INFO - Filling up the DagBag from /opt/airflow/dags/core_osm_table_generator_dag.py
[2026-02-25T11:39:48.819+0000] {processor.py:925} INFO - DAG(s) 'core_osm_table_generator' retrieved from /opt/airflow/dags/core_osm_table_generator_dag.py
[2026-02-25T11:39:48.841+0000] {logging_mixin.py:190} INFO - [2026-02-25T11:39:48.840+0000] {dag.py:3239} INFO - Sync 1 DAGs
[2026-02-25T11:39:48.853+0000] {logging_mixin.py:190} INFO - [2026-02-25T11:39:48.853+0000] {dag.py:4180} INFO - Setting next_dagrun for core_osm_table_generator to None, run_after=None
[2026-02-25T11:39:48.863+0000] {processor.py:208} INFO - Processing /opt/airflow/dags/core_osm_table_generator_dag.py took 0.136 seconds
[2026-02-25T11:40:19.106+0000] {processor.py:186} INFO - Started process (PID=8078) to work on /opt/airflow/dags/core_osm_table_generator_dag.py
[2026-02-25T11:40:19.108+0000] {processor.py:914} INFO - Processing file /opt/airflow/dags/core_osm_table_generator_dag.py for tasks to queue
[2026-02-25T11:40:19.109+0000] {logging_mixin.py:190} INFO - [2026-02-25T11:40:19.109+0000] {dagbag.py:588} INFO - Filling up the DagBag from /opt/airflow/dags/core_osm_table_generator_dag.py
[2026-02-25T11:40:19.126+0000] {processor.py:925} INFO - DAG(s) 'core_osm_table_generator' retrieved from /opt/airflow/dags/core_osm_table_generator_dag.py
[2026-02-25T11:40:19.143+0000] {logging_mixin.py:190} INFO - [2026-02-25T11:40:19.143+0000] {dag.py:3239} INFO - Sync 1 DAGs
[2026-02-25T11:40:19.151+0000] {logging_mixin.py:190} INFO - [2026-02-25T11:40:19.151+0000] {dag.py:4180} INFO - Setting next_dagrun for core_osm_table_generator to None, run_after=None
[2026-02-25T11:40:19.158+0000] {processor.py:208} INFO - Processing /opt/airflow/dags/core_osm_table_generator_dag.py took 0.059 seconds
[2026-02-25T11:40:49.572+0000] {processor.py:186} INFO - Started process (PID=8079) to work on /opt/airflow/dags/core_osm_table_generator_dag.py
[2026-02-25T11:40:49.574+0000] {processor.py:914} INFO - Processing file /opt/airflow/dags/core_osm_table_generator_dag.py for tasks to queue
[2026-02-25T11:40:49.575+0000] {logging_mixin.py:190} INFO - [2026-02-25T11:40:49.575+0000] {dagbag.py:588} INFO - Filling up the DagBag from /opt/airflow/dags/core_osm_table_generator_dag.py
[2026-02-25T11:40:49.629+0000] {processor.py:925} INFO - DAG(s) 'core_osm_table_generator' retrieved from /opt/airflow/dags/core_osm_table_generator_dag.py
[2026-02-25T11:40:49.651+0000] {logging_mixin.py:190} INFO - [2026-02-25T11:40:49.651+0000] {dag.py:3239} INFO - Sync 1 DAGs
[2026-02-25T11:40:49.674+0000] {logging_mixin.py:190} INFO - [2026-02-25T11:40:49.674+0000] {dag.py:4180} INFO - Setting next_dagrun for core_osm_table_generator to None, run_after=None
[2026-02-25T11:40:49.689+0000] {processor.py:208} INFO - Processing /opt/airflow/dags/core_osm_table_generator_dag.py took 0.125 seconds
[2026-02-25T11:41:20.047+0000] {processor.py:186} INFO - Started process (PID=8080) to work on /opt/airflow/dags/core_osm_table_generator_dag.py
[2026-02-25T11:41:20.049+0000] {processor.py:914} INFO - Processing file /opt/airflow/dags/core_osm_table_generator_dag.py for tasks to queue
[2026-02-25T11:41:20.052+0000] {logging_mixin.py:190} INFO - [2026-02-25T11:41:20.051+0000] {dagbag.py:588} INFO - Filling up the DagBag from /opt/airflow/dags/core_osm_table_generator_dag.py
[2026-02-25T11:41:20.102+0000] {processor.py:925} INFO - DAG(s) 'core_osm_table_generator' retrieved from /opt/airflow/dags/core_osm_table_generator_dag.py
[2026-02-25T11:41:20.124+0000] {logging_mixin.py:190} INFO - [2026-02-25T11:41:20.124+0000] {dag.py:3239} INFO - Sync 1 DAGs
[2026-02-25T11:41:20.135+0000] {logging_mixin.py:190} INFO - [2026-02-25T11:41:20.135+0000] {dag.py:4180} INFO - Setting next_dagrun for core_osm_table_generator to None, run_after=None
[2026-02-25T11:41:20.145+0000] {processor.py:208} INFO - Processing /opt/airflow/dags/core_osm_table_generator_dag.py took 0.109 seconds
[2026-02-25T11:41:50.488+0000] {processor.py:186} INFO - Started process (PID=8081) to work on /opt/airflow/dags/core_osm_table_generator_dag.py
[2026-02-25T11:41:50.490+0000] {processor.py:914} INFO - Processing file /opt/airflow/dags/core_osm_table_generator_dag.py for tasks to queue
[2026-02-25T11:41:50.492+0000] {logging_mixin.py:190} INFO - [2026-02-25T11:41:50.491+0000] {dagbag.py:588} INFO - Filling up the DagBag from /opt/airflow/dags/core_osm_table_generator_dag.py
[2026-02-25T11:41:50.537+0000] {processor.py:925} INFO - DAG(s) 'core_osm_table_generator' retrieved from /opt/airflow/dags/core_osm_table_generator_dag.py
[2026-02-25T11:41:50.560+0000] {logging_mixin.py:190} INFO - [2026-02-25T11:41:50.560+0000] {dag.py:3239} INFO - Sync 1 DAGs
[2026-02-25T11:41:50.571+0000] {logging_mixin.py:190} INFO - [2026-02-25T11:41:50.571+0000] {dag.py:4180} INFO - Setting next_dagrun for core_osm_table_generator to None, run_after=None
[2026-02-25T11:41:50.586+0000] {processor.py:208} INFO - Processing /opt/airflow/dags/core_osm_table_generator_dag.py took 0.105 seconds
[2026-02-25T11:42:20.903+0000] {processor.py:186} INFO - Started process (PID=8082) to work on /opt/airflow/dags/core_osm_table_generator_dag.py
[2026-02-25T11:42:20.904+0000] {processor.py:914} INFO - Processing file /opt/airflow/dags/core_osm_table_generator_dag.py for tasks to queue
[2026-02-25T11:42:20.905+0000] {logging_mixin.py:190} INFO - [2026-02-25T11:42:20.905+0000] {dagbag.py:588} INFO - Filling up the DagBag from /opt/airflow/dags/core_osm_table_generator_dag.py
[2026-02-25T11:42:20.934+0000] {processor.py:925} INFO - DAG(s) 'core_osm_table_generator' retrieved from /opt/airflow/dags/core_osm_table_generator_dag.py
[2026-02-25T11:42:20.953+0000] {logging_mixin.py:190} INFO - [2026-02-25T11:42:20.953+0000] {dag.py:3239} INFO - Sync 1 DAGs
[2026-02-25T11:42:20.965+0000] {logging_mixin.py:190} INFO - [2026-02-25T11:42:20.965+0000] {dag.py:4180} INFO - Setting next_dagrun for core_osm_table_generator to None, run_after=None
[2026-02-25T11:42:20.975+0000] {processor.py:208} INFO - Processing /opt/airflow/dags/core_osm_table_generator_dag.py took 0.083 seconds
[2026-02-25T11:42:51.322+0000] {processor.py:186} INFO - Started process (PID=8083) to work on /opt/airflow/dags/core_osm_table_generator_dag.py
[2026-02-25T11:42:51.324+0000] {processor.py:914} INFO - Processing file /opt/airflow/dags/core_osm_table_generator_dag.py for tasks to queue
[2026-02-25T11:42:51.325+0000] {logging_mixin.py:190} INFO - [2026-02-25T11:42:51.325+0000] {dagbag.py:588} INFO - Filling up the DagBag from /opt/airflow/dags/core_osm_table_generator_dag.py
[2026-02-25T11:42:51.345+0000] {processor.py:925} INFO - DAG(s) 'core_osm_table_generator' retrieved from /opt/airflow/dags/core_osm_table_generator_dag.py
[2026-02-25T11:42:51.364+0000] {logging_mixin.py:190} INFO - [2026-02-25T11:42:51.364+0000] {dag.py:3239} INFO - Sync 1 DAGs
[2026-02-25T11:42:51.375+0000] {logging_mixin.py:190} INFO - [2026-02-25T11:42:51.374+0000] {dag.py:4180} INFO - Setting next_dagrun for core_osm_table_generator to None, run_after=None
[2026-02-25T11:42:51.384+0000] {processor.py:208} INFO - Processing /opt/airflow/dags/core_osm_table_generator_dag.py took 0.069 seconds
[2026-02-25T11:43:21.752+0000] {processor.py:186} INFO - Started process (PID=8084) to work on /opt/airflow/dags/core_osm_table_generator_dag.py
[2026-02-25T11:43:21.753+0000] {processor.py:914} INFO - Processing file /opt/airflow/dags/core_osm_table_generator_dag.py for tasks to queue
[2026-02-25T11:43:21.754+0000] {logging_mixin.py:190} INFO - [2026-02-25T11:43:21.754+0000] {dagbag.py:588} INFO - Filling up the DagBag from /opt/airflow/dags/core_osm_table_generator_dag.py
[2026-02-25T11:43:21.812+0000] {processor.py:925} INFO - DAG(s) 'core_osm_table_generator' retrieved from /opt/airflow/dags/core_osm_table_generator_dag.py
[2026-02-25T11:43:21.834+0000] {logging_mixin.py:190} INFO - [2026-02-25T11:43:21.834+0000] {dag.py:3239} INFO - Sync 1 DAGs
[2026-02-25T11:43:21.842+0000] {logging_mixin.py:190} INFO - [2026-02-25T11:43:21.842+0000] {dag.py:4180} INFO - Setting next_dagrun for core_osm_table_generator to None, run_after=None
[2026-02-25T11:43:21.850+0000] {processor.py:208} INFO - Processing /opt/airflow/dags/core_osm_table_generator_dag.py took 0.105 seconds
[2026-02-25T11:43:52.176+0000] {processor.py:186} INFO - Started process (PID=8085) to work on /opt/airflow/dags/core_osm_table_generator_dag.py
[2026-02-25T11:43:52.179+0000] {processor.py:914} INFO - Processing file /opt/airflow/dags/core_osm_table_generator_dag.py for tasks to queue
[2026-02-25T11:43:52.181+0000] {logging_mixin.py:190} INFO - [2026-02-25T11:43:52.181+0000] {dagbag.py:588} INFO - Filling up the DagBag from /opt/airflow/dags/core_osm_table_generator_dag.py
[2026-02-25T11:43:52.217+0000] {processor.py:925} INFO - DAG(s) 'core_osm_table_generator' retrieved from /opt/airflow/dags/core_osm_table_generator_dag.py
[2026-02-25T11:43:52.237+0000] {logging_mixin.py:190} INFO - [2026-02-25T11:43:52.237+0000] {dag.py:3239} INFO - Sync 1 DAGs
[2026-02-25T11:43:52.248+0000] {logging_mixin.py:190} INFO - [2026-02-25T11:43:52.248+0000] {dag.py:4180} INFO - Setting next_dagrun for core_osm_table_generator to None, run_after=None
[2026-02-25T11:43:52.258+0000] {processor.py:208} INFO - Processing /opt/airflow/dags/core_osm_table_generator_dag.py took 0.090 seconds
[2026-02-25T11:44:22.594+0000] {processor.py:186} INFO - Started process (PID=8086) to work on /opt/airflow/dags/core_osm_table_generator_dag.py
[2026-02-25T11:44:22.595+0000] {processor.py:914} INFO - Processing file /opt/airflow/dags/core_osm_table_generator_dag.py for tasks to queue
[2026-02-25T11:44:22.596+0000] {logging_mixin.py:190} INFO - [2026-02-25T11:44:22.595+0000] {dagbag.py:588} INFO - Filling up the DagBag from /opt/airflow/dags/core_osm_table_generator_dag.py
[2026-02-25T11:44:22.613+0000] {processor.py:925} INFO - DAG(s) 'core_osm_table_generator' retrieved from /opt/airflow/dags/core_osm_table_generator_dag.py
[2026-02-25T11:44:22.630+0000] {logging_mixin.py:190} INFO - [2026-02-25T11:44:22.630+0000] {dag.py:3239} INFO - Sync 1 DAGs
[2026-02-25T11:44:22.639+0000] {logging_mixin.py:190} INFO - [2026-02-25T11:44:22.639+0000] {dag.py:4180} INFO - Setting next_dagrun for core_osm_table_generator to None, run_after=None
[2026-02-25T11:44:22.648+0000] {processor.py:208} INFO - Processing /opt/airflow/dags/core_osm_table_generator_dag.py took 0.061 seconds
[2026-02-25T11:44:52.966+0000] {processor.py:186} INFO - Started process (PID=8087) to work on /opt/airflow/dags/core_osm_table_generator_dag.py
[2026-02-25T11:44:52.968+0000] {processor.py:914} INFO - Processing file /opt/airflow/dags/core_osm_table_generator_dag.py for tasks to queue
[2026-02-25T11:44:52.970+0000] {logging_mixin.py:190} INFO - [2026-02-25T11:44:52.969+0000] {dagbag.py:588} INFO - Filling up the DagBag from /opt/airflow/dags/core_osm_table_generator_dag.py
[2026-02-25T11:44:53.007+0000] {processor.py:925} INFO - DAG(s) 'core_osm_table_generator' retrieved from /opt/airflow/dags/core_osm_table_generator_dag.py
[2026-02-25T11:44:53.034+0000] {logging_mixin.py:190} INFO - [2026-02-25T11:44:53.034+0000] {dag.py:3239} INFO - Sync 1 DAGs
[2026-02-25T11:44:53.049+0000] {logging_mixin.py:190} INFO - [2026-02-25T11:44:53.049+0000] {dag.py:4180} INFO - Setting next_dagrun for core_osm_table_generator to None, run_after=None
[2026-02-25T11:44:53.060+0000] {processor.py:208} INFO - Processing /opt/airflow/dags/core_osm_table_generator_dag.py took 0.107 seconds
[2026-02-25T11:45:23.315+0000] {processor.py:186} INFO - Started process (PID=8088) to work on /opt/airflow/dags/core_osm_table_generator_dag.py
[2026-02-25T11:45:23.316+0000] {processor.py:914} INFO - Processing file /opt/airflow/dags/core_osm_table_generator_dag.py for tasks to queue
[2026-02-25T11:45:23.318+0000] {logging_mixin.py:190} INFO - [2026-02-25T11:45:23.318+0000] {dagbag.py:588} INFO - Filling up the DagBag from /opt/airflow/dags/core_osm_table_generator_dag.py
[2026-02-25T11:45:23.351+0000] {processor.py:925} INFO - DAG(s) 'core_osm_table_generator' retrieved from /opt/airflow/dags/core_osm_table_generator_dag.py
[2026-02-25T11:45:23.370+0000] {logging_mixin.py:190} INFO - [2026-02-25T11:45:23.370+0000] {dag.py:3239} INFO - Sync 1 DAGs
[2026-02-25T11:45:23.379+0000] {logging_mixin.py:190} INFO - [2026-02-25T11:45:23.379+0000] {dag.py:4180} INFO - Setting next_dagrun for core_osm_table_generator to None, run_after=None
[2026-02-25T11:45:23.387+0000] {processor.py:208} INFO - Processing /opt/airflow/dags/core_osm_table_generator_dag.py took 0.083 seconds
[2026-02-25T11:45:53.619+0000] {processor.py:186} INFO - Started process (PID=8089) to work on /opt/airflow/dags/core_osm_table_generator_dag.py
[2026-02-25T11:45:53.621+0000] {processor.py:914} INFO - Processing file /opt/airflow/dags/core_osm_table_generator_dag.py for tasks to queue
[2026-02-25T11:45:53.623+0000] {logging_mixin.py:190} INFO - [2026-02-25T11:45:53.622+0000] {dagbag.py:588} INFO - Filling up the DagBag from /opt/airflow/dags/core_osm_table_generator_dag.py
[2026-02-25T11:45:53.643+0000] {processor.py:925} INFO - DAG(s) 'core_osm_table_generator' retrieved from /opt/airflow/dags/core_osm_table_generator_dag.py
[2026-02-25T11:45:53.659+0000] {logging_mixin.py:190} INFO - [2026-02-25T11:45:53.659+0000] {dag.py:3239} INFO - Sync 1 DAGs
[2026-02-25T11:45:53.682+0000] {logging_mixin.py:190} INFO - [2026-02-25T11:45:53.682+0000] {dag.py:4180} INFO - Setting next_dagrun for core_osm_table_generator to None, run_after=None
[2026-02-25T11:45:53.692+0000] {processor.py:208} INFO - Processing /opt/airflow/dags/core_osm_table_generator_dag.py took 0.081 seconds
[2026-02-25T11:46:23.999+0000] {processor.py:186} INFO - Started process (PID=8090) to work on /opt/airflow/dags/core_osm_table_generator_dag.py
[2026-02-25T11:46:24.003+0000] {processor.py:914} INFO - Processing file /opt/airflow/dags/core_osm_table_generator_dag.py for tasks to queue
[2026-02-25T11:46:24.005+0000] {logging_mixin.py:190} INFO - [2026-02-25T11:46:24.005+0000] {dagbag.py:588} INFO - Filling up the DagBag from /opt/airflow/dags/core_osm_table_generator_dag.py
[2026-02-25T11:46:24.059+0000] {processor.py:925} INFO - DAG(s) 'core_osm_table_generator' retrieved from /opt/airflow/dags/core_osm_table_generator_dag.py
[2026-02-25T11:46:24.098+0000] {logging_mixin.py:190} INFO - [2026-02-25T11:46:24.098+0000] {dag.py:3239} INFO - Sync 1 DAGs
[2026-02-25T11:46:24.111+0000] {logging_mixin.py:190} INFO - [2026-02-25T11:46:24.111+0000] {dag.py:4180} INFO - Setting next_dagrun for core_osm_table_generator to None, run_after=None
[2026-02-25T11:46:24.120+0000] {processor.py:208} INFO - Processing /opt/airflow/dags/core_osm_table_generator_dag.py took 0.137 seconds
[2026-02-25T11:46:55.057+0000] {processor.py:186} INFO - Started process (PID=8091) to work on /opt/airflow/dags/core_osm_table_generator_dag.py
[2026-02-25T11:46:55.059+0000] {processor.py:914} INFO - Processing file /opt/airflow/dags/core_osm_table_generator_dag.py for tasks to queue
[2026-02-25T11:46:55.061+0000] {logging_mixin.py:190} INFO - [2026-02-25T11:46:55.060+0000] {dagbag.py:588} INFO - Filling up the DagBag from /opt/airflow/dags/core_osm_table_generator_dag.py
[2026-02-25T11:46:55.118+0000] {processor.py:925} INFO - DAG(s) 'core_osm_table_generator' retrieved from /opt/airflow/dags/core_osm_table_generator_dag.py
[2026-02-25T11:46:55.149+0000] {logging_mixin.py:190} INFO - [2026-02-25T11:46:55.149+0000] {dag.py:3239} INFO - Sync 1 DAGs
[2026-02-25T11:46:55.178+0000] {logging_mixin.py:190} INFO - [2026-02-25T11:46:55.178+0000] {dag.py:4180} INFO - Setting next_dagrun for core_osm_table_generator to None, run_after=None
[2026-02-25T11:46:55.191+0000] {processor.py:208} INFO - Processing /opt/airflow/dags/core_osm_table_generator_dag.py took 0.161 seconds
[2026-02-25T11:47:25.536+0000] {processor.py:186} INFO - Started process (PID=8092) to work on /opt/airflow/dags/core_osm_table_generator_dag.py
[2026-02-25T11:47:25.538+0000] {processor.py:914} INFO - Processing file /opt/airflow/dags/core_osm_table_generator_dag.py for tasks to queue
[2026-02-25T11:47:25.540+0000] {logging_mixin.py:190} INFO - [2026-02-25T11:47:25.539+0000] {dagbag.py:588} INFO - Filling up the DagBag from /opt/airflow/dags/core_osm_table_generator_dag.py
[2026-02-25T11:47:25.585+0000] {processor.py:925} INFO - DAG(s) 'core_osm_table_generator' retrieved from /opt/airflow/dags/core_osm_table_generator_dag.py
[2026-02-25T11:47:25.611+0000] {logging_mixin.py:190} INFO - [2026-02-25T11:47:25.611+0000] {dag.py:3239} INFO - Sync 1 DAGs
[2026-02-25T11:47:25.622+0000] {logging_mixin.py:190} INFO - [2026-02-25T11:47:25.622+0000] {dag.py:4180} INFO - Setting next_dagrun for core_osm_table_generator to None, run_after=None
[2026-02-25T11:47:25.634+0000] {processor.py:208} INFO - Processing /opt/airflow/dags/core_osm_table_generator_dag.py took 0.129 seconds
[2026-02-25T11:47:56.395+0000] {processor.py:186} INFO - Started process (PID=8093) to work on /opt/airflow/dags/core_osm_table_generator_dag.py
[2026-02-25T11:47:56.397+0000] {processor.py:914} INFO - Processing file /opt/airflow/dags/core_osm_table_generator_dag.py for tasks to queue
[2026-02-25T11:47:56.402+0000] {logging_mixin.py:190} INFO - [2026-02-25T11:47:56.400+0000] {dagbag.py:588} INFO - Filling up the DagBag from /opt/airflow/dags/core_osm_table_generator_dag.py
[2026-02-25T11:47:56.606+0000] {processor.py:925} INFO - DAG(s) 'core_osm_table_generator' retrieved from /opt/airflow/dags/core_osm_table_generator_dag.py
[2026-02-25T11:47:56.644+0000] {logging_mixin.py:190} INFO - [2026-02-25T11:47:56.644+0000] {dag.py:3239} INFO - Sync 1 DAGs
[2026-02-25T11:47:56.657+0000] {logging_mixin.py:190} INFO - [2026-02-25T11:47:56.657+0000] {dag.py:4180} INFO - Setting next_dagrun for core_osm_table_generator to None, run_after=None
[2026-02-25T11:47:56.667+0000] {processor.py:208} INFO - Processing /opt/airflow/dags/core_osm_table_generator_dag.py took 0.282 seconds
[2026-02-25T11:48:26.756+0000] {processor.py:186} INFO - Started process (PID=8094) to work on /opt/airflow/dags/core_osm_table_generator_dag.py
[2026-02-25T11:48:26.758+0000] {processor.py:914} INFO - Processing file /opt/airflow/dags/core_osm_table_generator_dag.py for tasks to queue
[2026-02-25T11:48:26.760+0000] {logging_mixin.py:190} INFO - [2026-02-25T11:48:26.759+0000] {dagbag.py:588} INFO - Filling up the DagBag from /opt/airflow/dags/core_osm_table_generator_dag.py
[2026-02-25T11:48:26.790+0000] {processor.py:925} INFO - DAG(s) 'core_osm_table_generator' retrieved from /opt/airflow/dags/core_osm_table_generator_dag.py
[2026-02-25T11:48:26.827+0000] {logging_mixin.py:190} INFO - [2026-02-25T11:48:26.827+0000] {dag.py:3239} INFO - Sync 1 DAGs
[2026-02-25T11:48:26.839+0000] {logging_mixin.py:190} INFO - [2026-02-25T11:48:26.838+0000] {dag.py:4180} INFO - Setting next_dagrun for core_osm_table_generator to None, run_after=None
[2026-02-25T11:48:26.848+0000] {processor.py:208} INFO - Processing /opt/airflow/dags/core_osm_table_generator_dag.py took 0.104 seconds
[2026-02-25T11:48:57.175+0000] {processor.py:186} INFO - Started process (PID=8095) to work on /opt/airflow/dags/core_osm_table_generator_dag.py
[2026-02-25T11:48:57.177+0000] {processor.py:914} INFO - Processing file /opt/airflow/dags/core_osm_table_generator_dag.py for tasks to queue
[2026-02-25T11:48:57.178+0000] {logging_mixin.py:190} INFO - [2026-02-25T11:48:57.178+0000] {dagbag.py:588} INFO - Filling up the DagBag from /opt/airflow/dags/core_osm_table_generator_dag.py
[2026-02-25T11:48:57.207+0000] {processor.py:925} INFO - DAG(s) 'core_osm_table_generator' retrieved from /opt/airflow/dags/core_osm_table_generator_dag.py
[2026-02-25T11:48:57.226+0000] {logging_mixin.py:190} INFO - [2026-02-25T11:48:57.226+0000] {dag.py:3239} INFO - Sync 1 DAGs
[2026-02-25T11:48:57.238+0000] {logging_mixin.py:190} INFO - [2026-02-25T11:48:57.237+0000] {dag.py:4180} INFO - Setting next_dagrun for core_osm_table_generator to None, run_after=None
[2026-02-25T11:48:57.247+0000] {processor.py:208} INFO - Processing /opt/airflow/dags/core_osm_table_generator_dag.py took 0.088 seconds
[2026-02-25T11:49:27.539+0000] {processor.py:186} INFO - Started process (PID=8096) to work on /opt/airflow/dags/core_osm_table_generator_dag.py
[2026-02-25T11:49:27.540+0000] {processor.py:914} INFO - Processing file /opt/airflow/dags/core_osm_table_generator_dag.py for tasks to queue
[2026-02-25T11:49:27.542+0000] {logging_mixin.py:190} INFO - [2026-02-25T11:49:27.541+0000] {dagbag.py:588} INFO - Filling up the DagBag from /opt/airflow/dags/core_osm_table_generator_dag.py
[2026-02-25T11:49:27.566+0000] {processor.py:925} INFO - DAG(s) 'core_osm_table_generator' retrieved from /opt/airflow/dags/core_osm_table_generator_dag.py
[2026-02-25T11:49:27.583+0000] {logging_mixin.py:190} INFO - [2026-02-25T11:49:27.583+0000] {dag.py:3239} INFO - Sync 1 DAGs
[2026-02-25T11:49:27.593+0000] {logging_mixin.py:190} INFO - [2026-02-25T11:49:27.593+0000] {dag.py:4180} INFO - Setting next_dagrun for core_osm_table_generator to None, run_after=None
[2026-02-25T11:49:27.601+0000] {processor.py:208} INFO - Processing /opt/airflow/dags/core_osm_table_generator_dag.py took 0.071 seconds
[2026-02-25T11:49:57.873+0000] {processor.py:186} INFO - Started process (PID=8097) to work on /opt/airflow/dags/core_osm_table_generator_dag.py
[2026-02-25T11:49:57.875+0000] {processor.py:914} INFO - Processing file /opt/airflow/dags/core_osm_table_generator_dag.py for tasks to queue
[2026-02-25T11:49:57.877+0000] {logging_mixin.py:190} INFO - [2026-02-25T11:49:57.876+0000] {dagbag.py:588} INFO - Filling up the DagBag from /opt/airflow/dags/core_osm_table_generator_dag.py
[2026-02-25T11:49:57.912+0000] {processor.py:925} INFO - DAG(s) 'core_osm_table_generator' retrieved from /opt/airflow/dags/core_osm_table_generator_dag.py
[2026-02-25T11:49:57.955+0000] {logging_mixin.py:190} INFO - [2026-02-25T11:49:57.955+0000] {dag.py:3239} INFO - Sync 1 DAGs
[2026-02-25T11:49:57.969+0000] {logging_mixin.py:190} INFO - [2026-02-25T11:49:57.969+0000] {dag.py:4180} INFO - Setting next_dagrun for core_osm_table_generator to None, run_after=None
[2026-02-25T11:49:57.980+0000] {processor.py:208} INFO - Processing /opt/airflow/dags/core_osm_table_generator_dag.py took 0.115 seconds
[2026-02-25T11:50:28.150+0000] {processor.py:186} INFO - Started process (PID=8098) to work on /opt/airflow/dags/core_osm_table_generator_dag.py
[2026-02-25T11:50:28.153+0000] {processor.py:914} INFO - Processing file /opt/airflow/dags/core_osm_table_generator_dag.py for tasks to queue
[2026-02-25T11:50:28.154+0000] {logging_mixin.py:190} INFO - [2026-02-25T11:50:28.153+0000] {dagbag.py:588} INFO - Filling up the DagBag from /opt/airflow/dags/core_osm_table_generator_dag.py
[2026-02-25T11:50:28.176+0000] {processor.py:925} INFO - DAG(s) 'core_osm_table_generator' retrieved from /opt/airflow/dags/core_osm_table_generator_dag.py
[2026-02-25T11:50:28.193+0000] {logging_mixin.py:190} INFO - [2026-02-25T11:50:28.192+0000] {dag.py:3239} INFO - Sync 1 DAGs
[2026-02-25T11:50:28.200+0000] {logging_mixin.py:190} INFO - [2026-02-25T11:50:28.200+0000] {dag.py:4180} INFO - Setting next_dagrun for core_osm_table_generator to None, run_after=None
[2026-02-25T11:50:28.211+0000] {processor.py:208} INFO - Processing /opt/airflow/dags/core_osm_table_generator_dag.py took 0.068 seconds
[2026-02-25T11:50:58.496+0000] {processor.py:186} INFO - Started process (PID=8099) to work on /opt/airflow/dags/core_osm_table_generator_dag.py
[2026-02-25T11:50:58.498+0000] {processor.py:914} INFO - Processing file /opt/airflow/dags/core_osm_table_generator_dag.py for tasks to queue
[2026-02-25T11:50:58.503+0000] {logging_mixin.py:190} INFO - [2026-02-25T11:50:58.501+0000] {dagbag.py:588} INFO - Filling up the DagBag from /opt/airflow/dags/core_osm_table_generator_dag.py
[2026-02-25T11:50:58.567+0000] {processor.py:925} INFO - DAG(s) 'core_osm_table_generator' retrieved from /opt/airflow/dags/core_osm_table_generator_dag.py
[2026-02-25T11:50:58.588+0000] {logging_mixin.py:190} INFO - [2026-02-25T11:50:58.588+0000] {dag.py:3239} INFO - Sync 1 DAGs
[2026-02-25T11:50:58.600+0000] {logging_mixin.py:190} INFO - [2026-02-25T11:50:58.600+0000] {dag.py:4180} INFO - Setting next_dagrun for core_osm_table_generator to None, run_after=None
[2026-02-25T11:50:58.630+0000] {processor.py:208} INFO - Processing /opt/airflow/dags/core_osm_table_generator_dag.py took 0.148 seconds
[2026-02-25T11:51:28.915+0000] {processor.py:186} INFO - Started process (PID=8100) to work on /opt/airflow/dags/core_osm_table_generator_dag.py
[2026-02-25T11:51:28.916+0000] {processor.py:914} INFO - Processing file /opt/airflow/dags/core_osm_table_generator_dag.py for tasks to queue
[2026-02-25T11:51:28.918+0000] {logging_mixin.py:190} INFO - [2026-02-25T11:51:28.917+0000] {dagbag.py:588} INFO - Filling up the DagBag from /opt/airflow/dags/core_osm_table_generator_dag.py
[2026-02-25T11:51:28.941+0000] {processor.py:925} INFO - DAG(s) 'core_osm_table_generator' retrieved from /opt/airflow/dags/core_osm_table_generator_dag.py
[2026-02-25T11:51:28.958+0000] {logging_mixin.py:190} INFO - [2026-02-25T11:51:28.958+0000] {dag.py:3239} INFO - Sync 1 DAGs
[2026-02-25T11:51:28.967+0000] {logging_mixin.py:190} INFO - [2026-02-25T11:51:28.967+0000] {dag.py:4180} INFO - Setting next_dagrun for core_osm_table_generator to None, run_after=None
[2026-02-25T11:51:28.974+0000] {processor.py:208} INFO - Processing /opt/airflow/dags/core_osm_table_generator_dag.py took 0.071 seconds
[2026-02-25T11:51:59.355+0000] {processor.py:186} INFO - Started process (PID=8101) to work on /opt/airflow/dags/core_osm_table_generator_dag.py
[2026-02-25T11:51:59.357+0000] {processor.py:914} INFO - Processing file /opt/airflow/dags/core_osm_table_generator_dag.py for tasks to queue
[2026-02-25T11:51:59.359+0000] {logging_mixin.py:190} INFO - [2026-02-25T11:51:59.359+0000] {dagbag.py:588} INFO - Filling up the DagBag from /opt/airflow/dags/core_osm_table_generator_dag.py
[2026-02-25T11:51:59.409+0000] {processor.py:925} INFO - DAG(s) 'core_osm_table_generator' retrieved from /opt/airflow/dags/core_osm_table_generator_dag.py
[2026-02-25T11:51:59.437+0000] {logging_mixin.py:190} INFO - [2026-02-25T11:51:59.436+0000] {dag.py:3239} INFO - Sync 1 DAGs
[2026-02-25T11:51:59.449+0000] {logging_mixin.py:190} INFO - [2026-02-25T11:51:59.448+0000] {dag.py:4180} INFO - Setting next_dagrun for core_osm_table_generator to None, run_after=None
[2026-02-25T11:51:59.458+0000] {processor.py:208} INFO - Processing /opt/airflow/dags/core_osm_table_generator_dag.py took 0.113 seconds
[2026-02-25T11:52:29.751+0000] {processor.py:186} INFO - Started process (PID=8102) to work on /opt/airflow/dags/core_osm_table_generator_dag.py
[2026-02-25T11:52:29.770+0000] {processor.py:914} INFO - Processing file /opt/airflow/dags/core_osm_table_generator_dag.py for tasks to queue
[2026-02-25T11:52:29.774+0000] {logging_mixin.py:190} INFO - [2026-02-25T11:52:29.773+0000] {dagbag.py:588} INFO - Filling up the DagBag from /opt/airflow/dags/core_osm_table_generator_dag.py
[2026-02-25T11:52:29.823+0000] {processor.py:925} INFO - DAG(s) 'core_osm_table_generator' retrieved from /opt/airflow/dags/core_osm_table_generator_dag.py
[2026-02-25T11:52:29.846+0000] {logging_mixin.py:190} INFO - [2026-02-25T11:52:29.846+0000] {dag.py:3239} INFO - Sync 1 DAGs
[2026-02-25T11:52:29.870+0000] {logging_mixin.py:190} INFO - [2026-02-25T11:52:29.870+0000] {dag.py:4180} INFO - Setting next_dagrun for core_osm_table_generator to None, run_after=None
[2026-02-25T11:52:29.880+0000] {processor.py:208} INFO - Processing /opt/airflow/dags/core_osm_table_generator_dag.py took 0.144 seconds
[2026-02-25T11:53:00.188+0000] {processor.py:186} INFO - Started process (PID=8103) to work on /opt/airflow/dags/core_osm_table_generator_dag.py
[2026-02-25T11:53:00.195+0000] {processor.py:914} INFO - Processing file /opt/airflow/dags/core_osm_table_generator_dag.py for tasks to queue
[2026-02-25T11:53:00.197+0000] {logging_mixin.py:190} INFO - [2026-02-25T11:53:00.197+0000] {dagbag.py:588} INFO - Filling up the DagBag from /opt/airflow/dags/core_osm_table_generator_dag.py
[2026-02-25T11:53:00.248+0000] {processor.py:925} INFO - DAG(s) 'core_osm_table_generator' retrieved from /opt/airflow/dags/core_osm_table_generator_dag.py
[2026-02-25T11:53:00.271+0000] {logging_mixin.py:190} INFO - [2026-02-25T11:53:00.271+0000] {dag.py:3239} INFO - Sync 1 DAGs
[2026-02-25T11:53:00.283+0000] {logging_mixin.py:190} INFO - [2026-02-25T11:53:00.283+0000] {dag.py:4180} INFO - Setting next_dagrun for core_osm_table_generator to None, run_after=None
[2026-02-25T11:53:00.293+0000] {processor.py:208} INFO - Processing /opt/airflow/dags/core_osm_table_generator_dag.py took 0.140 seconds
[2026-02-25T11:53:30.578+0000] {processor.py:186} INFO - Started process (PID=8104) to work on /opt/airflow/dags/core_osm_table_generator_dag.py
[2026-02-25T11:53:30.579+0000] {processor.py:914} INFO - Processing file /opt/airflow/dags/core_osm_table_generator_dag.py for tasks to queue
[2026-02-25T11:53:30.581+0000] {logging_mixin.py:190} INFO - [2026-02-25T11:53:30.580+0000] {dagbag.py:588} INFO - Filling up the DagBag from /opt/airflow/dags/core_osm_table_generator_dag.py
[2026-02-25T11:53:30.601+0000] {processor.py:925} INFO - DAG(s) 'core_osm_table_generator' retrieved from /opt/airflow/dags/core_osm_table_generator_dag.py
[2026-02-25T11:53:30.617+0000] {logging_mixin.py:190} INFO - [2026-02-25T11:53:30.617+0000] {dag.py:3239} INFO - Sync 1 DAGs
[2026-02-25T11:53:30.629+0000] {logging_mixin.py:190} INFO - [2026-02-25T11:53:30.629+0000] {dag.py:4180} INFO - Setting next_dagrun for core_osm_table_generator to None, run_after=None
[2026-02-25T11:53:30.636+0000] {processor.py:208} INFO - Processing /opt/airflow/dags/core_osm_table_generator_dag.py took 0.068 seconds
[2026-02-25T11:54:01.094+0000] {processor.py:186} INFO - Started process (PID=8105) to work on /opt/airflow/dags/core_osm_table_generator_dag.py
[2026-02-25T11:54:01.096+0000] {processor.py:914} INFO - Processing file /opt/airflow/dags/core_osm_table_generator_dag.py for tasks to queue
[2026-02-25T11:54:01.098+0000] {logging_mixin.py:190} INFO - [2026-02-25T11:54:01.097+0000] {dagbag.py:588} INFO - Filling up the DagBag from /opt/airflow/dags/core_osm_table_generator_dag.py
[2026-02-25T11:54:01.149+0000] {processor.py:925} INFO - DAG(s) 'core_osm_table_generator' retrieved from /opt/airflow/dags/core_osm_table_generator_dag.py
[2026-02-25T11:54:01.175+0000] {logging_mixin.py:190} INFO - [2026-02-25T11:54:01.175+0000] {dag.py:3239} INFO - Sync 1 DAGs
[2026-02-25T11:54:01.188+0000] {logging_mixin.py:190} INFO - [2026-02-25T11:54:01.188+0000] {dag.py:4180} INFO - Setting next_dagrun for core_osm_table_generator to None, run_after=None
[2026-02-25T11:54:01.199+0000] {processor.py:208} INFO - Processing /opt/airflow/dags/core_osm_table_generator_dag.py took 0.117 seconds
[2026-02-25T11:54:31.505+0000] {processor.py:186} INFO - Started process (PID=8106) to work on /opt/airflow/dags/core_osm_table_generator_dag.py
[2026-02-25T11:54:31.507+0000] {processor.py:914} INFO - Processing file /opt/airflow/dags/core_osm_table_generator_dag.py for tasks to queue
[2026-02-25T11:54:31.516+0000] {logging_mixin.py:190} INFO - [2026-02-25T11:54:31.511+0000] {dagbag.py:588} INFO - Filling up the DagBag from /opt/airflow/dags/core_osm_table_generator_dag.py
[2026-02-25T11:54:31.568+0000] {processor.py:925} INFO - DAG(s) 'core_osm_table_generator' retrieved from /opt/airflow/dags/core_osm_table_generator_dag.py
[2026-02-25T11:54:31.601+0000] {logging_mixin.py:190} INFO - [2026-02-25T11:54:31.601+0000] {dag.py:3239} INFO - Sync 1 DAGs
[2026-02-25T11:54:31.616+0000] {logging_mixin.py:190} INFO - [2026-02-25T11:54:31.616+0000] {dag.py:4180} INFO - Setting next_dagrun for core_osm_table_generator to None, run_after=None
[2026-02-25T11:54:31.628+0000] {processor.py:208} INFO - Processing /opt/airflow/dags/core_osm_table_generator_dag.py took 0.132 seconds
[2026-02-25T11:55:01.852+0000] {processor.py:186} INFO - Started process (PID=8107) to work on /opt/airflow/dags/core_osm_table_generator_dag.py
[2026-02-25T11:55:01.855+0000] {processor.py:914} INFO - Processing file /opt/airflow/dags/core_osm_table_generator_dag.py for tasks to queue
[2026-02-25T11:55:01.860+0000] {logging_mixin.py:190} INFO - [2026-02-25T11:55:01.858+0000] {dagbag.py:588} INFO - Filling up the DagBag from /opt/airflow/dags/core_osm_table_generator_dag.py
[2026-02-25T11:55:01.906+0000] {processor.py:925} INFO - DAG(s) 'core_osm_table_generator' retrieved from /opt/airflow/dags/core_osm_table_generator_dag.py
[2026-02-25T11:55:01.958+0000] {logging_mixin.py:190} INFO - [2026-02-25T11:55:01.958+0000] {dag.py:3239} INFO - Sync 1 DAGs
[2026-02-25T11:55:01.976+0000] {logging_mixin.py:190} INFO - [2026-02-25T11:55:01.975+0000] {dag.py:4180} INFO - Setting next_dagrun for core_osm_table_generator to None, run_after=None
[2026-02-25T11:55:01.987+0000] {processor.py:208} INFO - Processing /opt/airflow/dags/core_osm_table_generator_dag.py took 0.145 seconds
[2026-02-25T11:55:32.356+0000] {processor.py:186} INFO - Started process (PID=8108) to work on /opt/airflow/dags/core_osm_table_generator_dag.py
[2026-02-25T11:55:32.358+0000] {processor.py:914} INFO - Processing file /opt/airflow/dags/core_osm_table_generator_dag.py for tasks to queue
[2026-02-25T11:55:32.360+0000] {logging_mixin.py:190} INFO - [2026-02-25T11:55:32.360+0000] {dagbag.py:588} INFO - Filling up the DagBag from /opt/airflow/dags/core_osm_table_generator_dag.py
[2026-02-25T11:55:32.401+0000] {processor.py:925} INFO - DAG(s) 'core_osm_table_generator' retrieved from /opt/airflow/dags/core_osm_table_generator_dag.py
[2026-02-25T11:55:32.479+0000] {logging_mixin.py:190} INFO - [2026-02-25T11:55:32.479+0000] {dag.py:3239} INFO - Sync 1 DAGs
[2026-02-25T11:55:32.494+0000] {logging_mixin.py:190} INFO - [2026-02-25T11:55:32.494+0000] {dag.py:4180} INFO - Setting next_dagrun for core_osm_table_generator to None, run_after=None
[2026-02-25T11:55:32.505+0000] {processor.py:208} INFO - Processing /opt/airflow/dags/core_osm_table_generator_dag.py took 0.178 seconds
[2026-02-25T11:56:02.702+0000] {processor.py:186} INFO - Started process (PID=8109) to work on /opt/airflow/dags/core_osm_table_generator_dag.py
[2026-02-25T11:56:02.705+0000] {processor.py:914} INFO - Processing file /opt/airflow/dags/core_osm_table_generator_dag.py for tasks to queue
[2026-02-25T11:56:02.707+0000] {logging_mixin.py:190} INFO - [2026-02-25T11:56:02.707+0000] {dagbag.py:588} INFO - Filling up the DagBag from /opt/airflow/dags/core_osm_table_generator_dag.py
[2026-02-25T11:56:02.766+0000] {processor.py:925} INFO - DAG(s) 'core_osm_table_generator' retrieved from /opt/airflow/dags/core_osm_table_generator_dag.py
[2026-02-25T11:56:02.807+0000] {logging_mixin.py:190} INFO - [2026-02-25T11:56:02.807+0000] {dag.py:3239} INFO - Sync 1 DAGs
[2026-02-25T11:56:02.819+0000] {logging_mixin.py:190} INFO - [2026-02-25T11:56:02.819+0000] {dag.py:4180} INFO - Setting next_dagrun for core_osm_table_generator to None, run_after=None
[2026-02-25T11:56:02.828+0000] {processor.py:208} INFO - Processing /opt/airflow/dags/core_osm_table_generator_dag.py took 0.140 seconds
[2026-02-25T11:56:33.264+0000] {processor.py:186} INFO - Started process (PID=8110) to work on /opt/airflow/dags/core_osm_table_generator_dag.py
[2026-02-25T11:56:33.265+0000] {processor.py:914} INFO - Processing file /opt/airflow/dags/core_osm_table_generator_dag.py for tasks to queue
[2026-02-25T11:56:33.267+0000] {logging_mixin.py:190} INFO - [2026-02-25T11:56:33.266+0000] {dagbag.py:588} INFO - Filling up the DagBag from /opt/airflow/dags/core_osm_table_generator_dag.py
[2026-02-25T11:56:33.302+0000] {processor.py:925} INFO - DAG(s) 'core_osm_table_generator' retrieved from /opt/airflow/dags/core_osm_table_generator_dag.py
[2026-02-25T11:56:33.345+0000] {logging_mixin.py:190} INFO - [2026-02-25T11:56:33.344+0000] {dag.py:3239} INFO - Sync 1 DAGs
[2026-02-25T11:56:33.358+0000] {logging_mixin.py:190} INFO - [2026-02-25T11:56:33.358+0000] {dag.py:4180} INFO - Setting next_dagrun for core_osm_table_generator to None, run_after=None
[2026-02-25T11:56:33.368+0000] {processor.py:208} INFO - Processing /opt/airflow/dags/core_osm_table_generator_dag.py took 0.128 seconds
[2026-02-25T11:57:03.649+0000] {processor.py:186} INFO - Started process (PID=8111) to work on /opt/airflow/dags/core_osm_table_generator_dag.py
[2026-02-25T11:57:03.650+0000] {processor.py:914} INFO - Processing file /opt/airflow/dags/core_osm_table_generator_dag.py for tasks to queue
[2026-02-25T11:57:03.652+0000] {logging_mixin.py:190} INFO - [2026-02-25T11:57:03.652+0000] {dagbag.py:588} INFO - Filling up the DagBag from /opt/airflow/dags/core_osm_table_generator_dag.py
[2026-02-25T11:57:03.682+0000] {processor.py:925} INFO - DAG(s) 'core_osm_table_generator' retrieved from /opt/airflow/dags/core_osm_table_generator_dag.py
[2026-02-25T11:57:03.702+0000] {logging_mixin.py:190} INFO - [2026-02-25T11:57:03.701+0000] {dag.py:3239} INFO - Sync 1 DAGs
[2026-02-25T11:57:03.712+0000] {logging_mixin.py:190} INFO - [2026-02-25T11:57:03.712+0000] {dag.py:4180} INFO - Setting next_dagrun for core_osm_table_generator to None, run_after=None
[2026-02-25T11:57:03.720+0000] {processor.py:208} INFO - Processing /opt/airflow/dags/core_osm_table_generator_dag.py took 0.083 seconds
[2026-02-25T11:57:34.115+0000] {processor.py:186} INFO - Started process (PID=8112) to work on /opt/airflow/dags/core_osm_table_generator_dag.py
[2026-02-25T11:57:34.117+0000] {processor.py:914} INFO - Processing file /opt/airflow/dags/core_osm_table_generator_dag.py for tasks to queue
[2026-02-25T11:57:34.118+0000] {logging_mixin.py:190} INFO - [2026-02-25T11:57:34.118+0000] {dagbag.py:588} INFO - Filling up the DagBag from /opt/airflow/dags/core_osm_table_generator_dag.py
[2026-02-25T11:57:34.161+0000] {processor.py:925} INFO - DAG(s) 'core_osm_table_generator' retrieved from /opt/airflow/dags/core_osm_table_generator_dag.py
[2026-02-25T11:57:34.200+0000] {logging_mixin.py:190} INFO - [2026-02-25T11:57:34.199+0000] {dag.py:3239} INFO - Sync 1 DAGs
[2026-02-25T11:57:34.214+0000] {logging_mixin.py:190} INFO - [2026-02-25T11:57:34.213+0000] {dag.py:4180} INFO - Setting next_dagrun for core_osm_table_generator to None, run_after=None
[2026-02-25T11:57:34.224+0000] {processor.py:208} INFO - Processing /opt/airflow/dags/core_osm_table_generator_dag.py took 0.135 seconds
[2026-02-25T11:58:04.489+0000] {processor.py:186} INFO - Started process (PID=8113) to work on /opt/airflow/dags/core_osm_table_generator_dag.py
[2026-02-25T11:58:04.491+0000] {processor.py:914} INFO - Processing file /opt/airflow/dags/core_osm_table_generator_dag.py for tasks to queue
[2026-02-25T11:58:04.492+0000] {logging_mixin.py:190} INFO - [2026-02-25T11:58:04.492+0000] {dagbag.py:588} INFO - Filling up the DagBag from /opt/airflow/dags/core_osm_table_generator_dag.py
[2026-02-25T11:58:04.529+0000] {processor.py:925} INFO - DAG(s) 'core_osm_table_generator' retrieved from /opt/airflow/dags/core_osm_table_generator_dag.py
[2026-02-25T11:58:04.549+0000] {logging_mixin.py:190} INFO - [2026-02-25T11:58:04.548+0000] {dag.py:3239} INFO - Sync 1 DAGs
[2026-02-25T11:58:04.559+0000] {logging_mixin.py:190} INFO - [2026-02-25T11:58:04.559+0000] {dag.py:4180} INFO - Setting next_dagrun for core_osm_table_generator to None, run_after=None
[2026-02-25T11:58:04.567+0000] {processor.py:208} INFO - Processing /opt/airflow/dags/core_osm_table_generator_dag.py took 0.089 seconds
[2026-02-25T11:58:34.973+0000] {processor.py:186} INFO - Started process (PID=8114) to work on /opt/airflow/dags/core_osm_table_generator_dag.py
[2026-02-25T11:58:34.983+0000] {processor.py:914} INFO - Processing file /opt/airflow/dags/core_osm_table_generator_dag.py for tasks to queue
[2026-02-25T11:58:34.993+0000] {logging_mixin.py:190} INFO - [2026-02-25T11:58:34.992+0000] {dagbag.py:588} INFO - Filling up the DagBag from /opt/airflow/dags/core_osm_table_generator_dag.py
[2026-02-25T11:58:35.043+0000] {processor.py:925} INFO - DAG(s) 'core_osm_table_generator' retrieved from /opt/airflow/dags/core_osm_table_generator_dag.py
[2026-02-25T11:58:35.076+0000] {logging_mixin.py:190} INFO - [2026-02-25T11:58:35.076+0000] {dag.py:3239} INFO - Sync 1 DAGs
[2026-02-25T11:58:35.093+0000] {logging_mixin.py:190} INFO - [2026-02-25T11:58:35.092+0000] {dag.py:4180} INFO - Setting next_dagrun for core_osm_table_generator to None, run_after=None
[2026-02-25T11:58:35.104+0000] {processor.py:208} INFO - Processing /opt/airflow/dags/core_osm_table_generator_dag.py took 0.145 seconds
[2026-02-25T11:59:05.345+0000] {processor.py:186} INFO - Started process (PID=8115) to work on /opt/airflow/dags/core_osm_table_generator_dag.py
[2026-02-25T11:59:05.347+0000] {processor.py:914} INFO - Processing file /opt/airflow/dags/core_osm_table_generator_dag.py for tasks to queue
[2026-02-25T11:59:05.348+0000] {logging_mixin.py:190} INFO - [2026-02-25T11:59:05.348+0000] {dagbag.py:588} INFO - Filling up the DagBag from /opt/airflow/dags/core_osm_table_generator_dag.py
[2026-02-25T11:59:05.391+0000] {processor.py:925} INFO - DAG(s) 'core_osm_table_generator' retrieved from /opt/airflow/dags/core_osm_table_generator_dag.py
[2026-02-25T11:59:05.426+0000] {logging_mixin.py:190} INFO - [2026-02-25T11:59:05.425+0000] {dag.py:3239} INFO - Sync 1 DAGs
[2026-02-25T11:59:05.438+0000] {logging_mixin.py:190} INFO - [2026-02-25T11:59:05.438+0000] {dag.py:4180} INFO - Setting next_dagrun for core_osm_table_generator to None, run_after=None
[2026-02-25T11:59:05.449+0000] {processor.py:208} INFO - Processing /opt/airflow/dags/core_osm_table_generator_dag.py took 0.141 seconds
[2026-02-25T11:59:35.841+0000] {processor.py:186} INFO - Started process (PID=8116) to work on /opt/airflow/dags/core_osm_table_generator_dag.py
[2026-02-25T11:59:35.842+0000] {processor.py:914} INFO - Processing file /opt/airflow/dags/core_osm_table_generator_dag.py for tasks to queue
[2026-02-25T11:59:35.844+0000] {logging_mixin.py:190} INFO - [2026-02-25T11:59:35.843+0000] {dagbag.py:588} INFO - Filling up the DagBag from /opt/airflow/dags/core_osm_table_generator_dag.py
[2026-02-25T11:59:35.887+0000] {processor.py:925} INFO - DAG(s) 'core_osm_table_generator' retrieved from /opt/airflow/dags/core_osm_table_generator_dag.py
[2026-02-25T11:59:35.909+0000] {logging_mixin.py:190} INFO - [2026-02-25T11:59:35.909+0000] {dag.py:3239} INFO - Sync 1 DAGs
[2026-02-25T11:59:35.940+0000] {logging_mixin.py:190} INFO - [2026-02-25T11:59:35.940+0000] {dag.py:4180} INFO - Setting next_dagrun for core_osm_table_generator to None, run_after=None
[2026-02-25T11:59:35.950+0000] {processor.py:208} INFO - Processing /opt/airflow/dags/core_osm_table_generator_dag.py took 0.116 seconds
[2026-02-25T12:00:06.200+0000] {processor.py:186} INFO - Started process (PID=8117) to work on /opt/airflow/dags/core_osm_table_generator_dag.py
[2026-02-25T12:00:06.202+0000] {processor.py:914} INFO - Processing file /opt/airflow/dags/core_osm_table_generator_dag.py for tasks to queue
[2026-02-25T12:00:06.204+0000] {logging_mixin.py:190} INFO - [2026-02-25T12:00:06.203+0000] {dagbag.py:588} INFO - Filling up the DagBag from /opt/airflow/dags/core_osm_table_generator_dag.py
[2026-02-25T12:00:06.266+0000] {processor.py:925} INFO - DAG(s) 'core_osm_table_generator' retrieved from /opt/airflow/dags/core_osm_table_generator_dag.py
[2026-02-25T12:00:06.311+0000] {logging_mixin.py:190} INFO - [2026-02-25T12:00:06.311+0000] {dag.py:3239} INFO - Sync 1 DAGs
[2026-02-25T12:00:06.324+0000] {logging_mixin.py:190} INFO - [2026-02-25T12:00:06.324+0000] {dag.py:4180} INFO - Setting next_dagrun for core_osm_table_generator to None, run_after=None
[2026-02-25T12:00:06.334+0000] {processor.py:208} INFO - Processing /opt/airflow/dags/core_osm_table_generator_dag.py took 0.145 seconds
[2026-02-25T12:00:36.645+0000] {processor.py:186} INFO - Started process (PID=8118) to work on /opt/airflow/dags/core_osm_table_generator_dag.py
[2026-02-25T12:00:36.646+0000] {processor.py:914} INFO - Processing file /opt/airflow/dags/core_osm_table_generator_dag.py for tasks to queue
[2026-02-25T12:00:36.648+0000] {logging_mixin.py:190} INFO - [2026-02-25T12:00:36.647+0000] {dagbag.py:588} INFO - Filling up the DagBag from /opt/airflow/dags/core_osm_table_generator_dag.py
[2026-02-25T12:00:36.726+0000] {processor.py:925} INFO - DAG(s) 'core_osm_table_generator' retrieved from /opt/airflow/dags/core_osm_table_generator_dag.py
[2026-02-25T12:00:36.766+0000] {logging_mixin.py:190} INFO - [2026-02-25T12:00:36.766+0000] {dag.py:3239} INFO - Sync 1 DAGs
[2026-02-25T12:00:36.778+0000] {logging_mixin.py:190} INFO - [2026-02-25T12:00:36.778+0000] {dag.py:4180} INFO - Setting next_dagrun for core_osm_table_generator to None, run_after=None
[2026-02-25T12:00:36.788+0000] {processor.py:208} INFO - Processing /opt/airflow/dags/core_osm_table_generator_dag.py took 0.152 seconds
[2026-02-25T12:01:06.998+0000] {processor.py:186} INFO - Started process (PID=8119) to work on /opt/airflow/dags/core_osm_table_generator_dag.py
[2026-02-25T12:01:07.001+0000] {processor.py:914} INFO - Processing file /opt/airflow/dags/core_osm_table_generator_dag.py for tasks to queue
[2026-02-25T12:01:07.002+0000] {logging_mixin.py:190} INFO - [2026-02-25T12:01:07.002+0000] {dagbag.py:588} INFO - Filling up the DagBag from /opt/airflow/dags/core_osm_table_generator_dag.py
[2026-02-25T12:01:07.058+0000] {processor.py:925} INFO - DAG(s) 'core_osm_table_generator' retrieved from /opt/airflow/dags/core_osm_table_generator_dag.py
[2026-02-25T12:01:07.085+0000] {logging_mixin.py:190} INFO - [2026-02-25T12:01:07.085+0000] {dag.py:3239} INFO - Sync 1 DAGs
[2026-02-25T12:01:07.098+0000] {logging_mixin.py:190} INFO - [2026-02-25T12:01:07.098+0000] {dag.py:4180} INFO - Setting next_dagrun for core_osm_table_generator to None, run_after=None
[2026-02-25T12:01:07.108+0000] {processor.py:208} INFO - Processing /opt/airflow/dags/core_osm_table_generator_dag.py took 0.125 seconds
[2026-02-25T12:01:37.496+0000] {processor.py:186} INFO - Started process (PID=8120) to work on /opt/airflow/dags/core_osm_table_generator_dag.py
[2026-02-25T12:01:37.498+0000] {processor.py:914} INFO - Processing file /opt/airflow/dags/core_osm_table_generator_dag.py for tasks to queue
[2026-02-25T12:01:37.500+0000] {logging_mixin.py:190} INFO - [2026-02-25T12:01:37.499+0000] {dagbag.py:588} INFO - Filling up the DagBag from /opt/airflow/dags/core_osm_table_generator_dag.py
[2026-02-25T12:01:37.560+0000] {processor.py:925} INFO - DAG(s) 'core_osm_table_generator' retrieved from /opt/airflow/dags/core_osm_table_generator_dag.py
[2026-02-25T12:01:37.589+0000] {logging_mixin.py:190} INFO - [2026-02-25T12:01:37.589+0000] {dag.py:3239} INFO - Sync 1 DAGs
[2026-02-25T12:01:37.617+0000] {logging_mixin.py:190} INFO - [2026-02-25T12:01:37.617+0000] {dag.py:4180} INFO - Setting next_dagrun for core_osm_table_generator to None, run_after=None
[2026-02-25T12:01:37.628+0000] {processor.py:208} INFO - Processing /opt/airflow/dags/core_osm_table_generator_dag.py took 0.140 seconds
[2026-02-25T12:02:07.862+0000] {processor.py:186} INFO - Started process (PID=8121) to work on /opt/airflow/dags/core_osm_table_generator_dag.py
[2026-02-25T12:02:07.865+0000] {processor.py:914} INFO - Processing file /opt/airflow/dags/core_osm_table_generator_dag.py for tasks to queue
[2026-02-25T12:02:07.868+0000] {logging_mixin.py:190} INFO - [2026-02-25T12:02:07.867+0000] {dagbag.py:588} INFO - Filling up the DagBag from /opt/airflow/dags/core_osm_table_generator_dag.py
[2026-02-25T12:02:07.926+0000] {processor.py:925} INFO - DAG(s) 'core_osm_table_generator' retrieved from /opt/airflow/dags/core_osm_table_generator_dag.py
[2026-02-25T12:02:07.957+0000] {logging_mixin.py:190} INFO - [2026-02-25T12:02:07.957+0000] {dag.py:3239} INFO - Sync 1 DAGs
[2026-02-25T12:02:07.977+0000] {logging_mixin.py:190} INFO - [2026-02-25T12:02:07.977+0000] {dag.py:4180} INFO - Setting next_dagrun for core_osm_table_generator to None, run_after=None
[2026-02-25T12:02:07.986+0000] {processor.py:208} INFO - Processing /opt/airflow/dags/core_osm_table_generator_dag.py took 0.136 seconds
[2026-02-25T12:02:38.320+0000] {processor.py:186} INFO - Started process (PID=8122) to work on /opt/airflow/dags/core_osm_table_generator_dag.py
[2026-02-25T12:02:38.322+0000] {processor.py:914} INFO - Processing file /opt/airflow/dags/core_osm_table_generator_dag.py for tasks to queue
[2026-02-25T12:02:38.324+0000] {logging_mixin.py:190} INFO - [2026-02-25T12:02:38.323+0000] {dagbag.py:588} INFO - Filling up the DagBag from /opt/airflow/dags/core_osm_table_generator_dag.py
[2026-02-25T12:02:38.367+0000] {processor.py:925} INFO - DAG(s) 'core_osm_table_generator' retrieved from /opt/airflow/dags/core_osm_table_generator_dag.py
[2026-02-25T12:02:38.392+0000] {logging_mixin.py:190} INFO - [2026-02-25T12:02:38.392+0000] {dag.py:3239} INFO - Sync 1 DAGs
[2026-02-25T12:02:38.405+0000] {logging_mixin.py:190} INFO - [2026-02-25T12:02:38.405+0000] {dag.py:4180} INFO - Setting next_dagrun for core_osm_table_generator to None, run_after=None
[2026-02-25T12:02:38.424+0000] {processor.py:208} INFO - Processing /opt/airflow/dags/core_osm_table_generator_dag.py took 0.114 seconds
[2026-02-25T12:03:08.751+0000] {processor.py:186} INFO - Started process (PID=8123) to work on /opt/airflow/dags/core_osm_table_generator_dag.py
[2026-02-25T12:03:08.754+0000] {processor.py:914} INFO - Processing file /opt/airflow/dags/core_osm_table_generator_dag.py for tasks to queue
[2026-02-25T12:03:08.756+0000] {logging_mixin.py:190} INFO - [2026-02-25T12:03:08.756+0000] {dagbag.py:588} INFO - Filling up the DagBag from /opt/airflow/dags/core_osm_table_generator_dag.py
[2026-02-25T12:03:08.809+0000] {processor.py:925} INFO - DAG(s) 'core_osm_table_generator' retrieved from /opt/airflow/dags/core_osm_table_generator_dag.py
[2026-02-25T12:03:08.832+0000] {logging_mixin.py:190} INFO - [2026-02-25T12:03:08.832+0000] {dag.py:3239} INFO - Sync 1 DAGs
[2026-02-25T12:03:08.845+0000] {logging_mixin.py:190} INFO - [2026-02-25T12:03:08.844+0000] {dag.py:4180} INFO - Setting next_dagrun for core_osm_table_generator to None, run_after=None
[2026-02-25T12:03:08.870+0000] {processor.py:208} INFO - Processing /opt/airflow/dags/core_osm_table_generator_dag.py took 0.129 seconds
[2026-02-25T12:03:39.143+0000] {processor.py:186} INFO - Started process (PID=8124) to work on /opt/airflow/dags/core_osm_table_generator_dag.py
[2026-02-25T12:03:39.146+0000] {processor.py:914} INFO - Processing file /opt/airflow/dags/core_osm_table_generator_dag.py for tasks to queue
[2026-02-25T12:03:39.148+0000] {logging_mixin.py:190} INFO - [2026-02-25T12:03:39.147+0000] {dagbag.py:588} INFO - Filling up the DagBag from /opt/airflow/dags/core_osm_table_generator_dag.py
[2026-02-25T12:03:39.211+0000] {processor.py:925} INFO - DAG(s) 'core_osm_table_generator' retrieved from /opt/airflow/dags/core_osm_table_generator_dag.py
[2026-02-25T12:03:39.235+0000] {logging_mixin.py:190} INFO - [2026-02-25T12:03:39.235+0000] {dag.py:3239} INFO - Sync 1 DAGs
[2026-02-25T12:03:39.260+0000] {logging_mixin.py:190} INFO - [2026-02-25T12:03:39.259+0000] {dag.py:4180} INFO - Setting next_dagrun for core_osm_table_generator to None, run_after=None
[2026-02-25T12:03:39.270+0000] {processor.py:208} INFO - Processing /opt/airflow/dags/core_osm_table_generator_dag.py took 0.141 seconds
[2026-02-25T12:04:09.540+0000] {processor.py:186} INFO - Started process (PID=8125) to work on /opt/airflow/dags/core_osm_table_generator_dag.py
[2026-02-25T12:04:09.541+0000] {processor.py:914} INFO - Processing file /opt/airflow/dags/core_osm_table_generator_dag.py for tasks to queue
[2026-02-25T12:04:09.543+0000] {logging_mixin.py:190} INFO - [2026-02-25T12:04:09.542+0000] {dagbag.py:588} INFO - Filling up the DagBag from /opt/airflow/dags/core_osm_table_generator_dag.py
[2026-02-25T12:04:09.577+0000] {processor.py:925} INFO - DAG(s) 'core_osm_table_generator' retrieved from /opt/airflow/dags/core_osm_table_generator_dag.py
[2026-02-25T12:04:09.598+0000] {logging_mixin.py:190} INFO - [2026-02-25T12:04:09.598+0000] {dag.py:3239} INFO - Sync 1 DAGs
[2026-02-25T12:04:09.609+0000] {logging_mixin.py:190} INFO - [2026-02-25T12:04:09.608+0000] {dag.py:4180} INFO - Setting next_dagrun for core_osm_table_generator to None, run_after=None
[2026-02-25T12:04:09.619+0000] {processor.py:208} INFO - Processing /opt/airflow/dags/core_osm_table_generator_dag.py took 0.087 seconds
[2026-02-25T12:04:39.958+0000] {processor.py:186} INFO - Started process (PID=8126) to work on /opt/airflow/dags/core_osm_table_generator_dag.py
[2026-02-25T12:04:39.960+0000] {processor.py:914} INFO - Processing file /opt/airflow/dags/core_osm_table_generator_dag.py for tasks to queue
[2026-02-25T12:04:39.962+0000] {logging_mixin.py:190} INFO - [2026-02-25T12:04:39.961+0000] {dagbag.py:588} INFO - Filling up the DagBag from /opt/airflow/dags/core_osm_table_generator_dag.py
[2026-02-25T12:04:40.013+0000] {processor.py:925} INFO - DAG(s) 'core_osm_table_generator' retrieved from /opt/airflow/dags/core_osm_table_generator_dag.py
[2026-02-25T12:04:40.036+0000] {logging_mixin.py:190} INFO - [2026-02-25T12:04:40.036+0000] {dag.py:3239} INFO - Sync 1 DAGs
[2026-02-25T12:04:40.049+0000] {logging_mixin.py:190} INFO - [2026-02-25T12:04:40.049+0000] {dag.py:4180} INFO - Setting next_dagrun for core_osm_table_generator to None, run_after=None
[2026-02-25T12:04:40.061+0000] {processor.py:208} INFO - Processing /opt/airflow/dags/core_osm_table_generator_dag.py took 0.121 seconds
[2026-02-25T12:05:10.390+0000] {processor.py:186} INFO - Started process (PID=8127) to work on /opt/airflow/dags/core_osm_table_generator_dag.py
[2026-02-25T12:05:10.392+0000] {processor.py:914} INFO - Processing file /opt/airflow/dags/core_osm_table_generator_dag.py for tasks to queue
[2026-02-25T12:05:10.394+0000] {logging_mixin.py:190} INFO - [2026-02-25T12:05:10.393+0000] {dagbag.py:588} INFO - Filling up the DagBag from /opt/airflow/dags/core_osm_table_generator_dag.py
[2026-02-25T12:05:10.443+0000] {processor.py:925} INFO - DAG(s) 'core_osm_table_generator' retrieved from /opt/airflow/dags/core_osm_table_generator_dag.py
[2026-02-25T12:05:10.467+0000] {logging_mixin.py:190} INFO - [2026-02-25T12:05:10.467+0000] {dag.py:3239} INFO - Sync 1 DAGs
[2026-02-25T12:05:10.480+0000] {logging_mixin.py:190} INFO - [2026-02-25T12:05:10.480+0000] {dag.py:4180} INFO - Setting next_dagrun for core_osm_table_generator to None, run_after=None
[2026-02-25T12:05:10.490+0000] {processor.py:208} INFO - Processing /opt/airflow/dags/core_osm_table_generator_dag.py took 0.108 seconds
[2026-02-25T12:05:40.814+0000] {processor.py:186} INFO - Started process (PID=8128) to work on /opt/airflow/dags/core_osm_table_generator_dag.py
[2026-02-25T12:05:40.816+0000] {processor.py:914} INFO - Processing file /opt/airflow/dags/core_osm_table_generator_dag.py for tasks to queue
[2026-02-25T12:05:40.818+0000] {logging_mixin.py:190} INFO - [2026-02-25T12:05:40.817+0000] {dagbag.py:588} INFO - Filling up the DagBag from /opt/airflow/dags/core_osm_table_generator_dag.py
[2026-02-25T12:05:40.870+0000] {processor.py:925} INFO - DAG(s) 'core_osm_table_generator' retrieved from /opt/airflow/dags/core_osm_table_generator_dag.py
[2026-02-25T12:05:40.908+0000] {logging_mixin.py:190} INFO - [2026-02-25T12:05:40.908+0000] {dag.py:3239} INFO - Sync 1 DAGs
[2026-02-25T12:05:40.920+0000] {logging_mixin.py:190} INFO - [2026-02-25T12:05:40.920+0000] {dag.py:4180} INFO - Setting next_dagrun for core_osm_table_generator to None, run_after=None
[2026-02-25T12:05:40.929+0000] {processor.py:208} INFO - Processing /opt/airflow/dags/core_osm_table_generator_dag.py took 0.125 seconds
[2026-02-25T12:06:11.239+0000] {processor.py:186} INFO - Started process (PID=8129) to work on /opt/airflow/dags/core_osm_table_generator_dag.py
[2026-02-25T12:06:11.240+0000] {processor.py:914} INFO - Processing file /opt/airflow/dags/core_osm_table_generator_dag.py for tasks to queue
[2026-02-25T12:06:11.241+0000] {logging_mixin.py:190} INFO - [2026-02-25T12:06:11.241+0000] {dagbag.py:588} INFO - Filling up the DagBag from /opt/airflow/dags/core_osm_table_generator_dag.py
[2026-02-25T12:06:11.293+0000] {processor.py:925} INFO - DAG(s) 'core_osm_table_generator' retrieved from /opt/airflow/dags/core_osm_table_generator_dag.py
[2026-02-25T12:06:11.313+0000] {logging_mixin.py:190} INFO - [2026-02-25T12:06:11.313+0000] {dag.py:3239} INFO - Sync 1 DAGs
[2026-02-25T12:06:11.325+0000] {logging_mixin.py:190} INFO - [2026-02-25T12:06:11.325+0000] {dag.py:4180} INFO - Setting next_dagrun for core_osm_table_generator to None, run_after=None
[2026-02-25T12:06:11.335+0000] {processor.py:208} INFO - Processing /opt/airflow/dags/core_osm_table_generator_dag.py took 0.106 seconds
[2026-02-25T12:06:41.578+0000] {processor.py:186} INFO - Started process (PID=8130) to work on /opt/airflow/dags/core_osm_table_generator_dag.py
[2026-02-25T12:06:41.581+0000] {processor.py:914} INFO - Processing file /opt/airflow/dags/core_osm_table_generator_dag.py for tasks to queue
[2026-02-25T12:06:41.584+0000] {logging_mixin.py:190} INFO - [2026-02-25T12:06:41.583+0000] {dagbag.py:588} INFO - Filling up the DagBag from /opt/airflow/dags/core_osm_table_generator_dag.py
[2026-02-25T12:06:41.647+0000] {processor.py:925} INFO - DAG(s) 'core_osm_table_generator' retrieved from /opt/airflow/dags/core_osm_table_generator_dag.py
[2026-02-25T12:06:41.678+0000] {logging_mixin.py:190} INFO - [2026-02-25T12:06:41.678+0000] {dag.py:3239} INFO - Sync 1 DAGs
[2026-02-25T12:06:41.703+0000] {logging_mixin.py:190} INFO - [2026-02-25T12:06:41.703+0000] {dag.py:4180} INFO - Setting next_dagrun for core_osm_table_generator to None, run_after=None
[2026-02-25T12:06:41.713+0000] {processor.py:208} INFO - Processing /opt/airflow/dags/core_osm_table_generator_dag.py took 0.147 seconds
[2026-02-25T12:07:11.959+0000] {processor.py:186} INFO - Started process (PID=8131) to work on /opt/airflow/dags/core_osm_table_generator_dag.py
[2026-02-25T12:07:11.960+0000] {processor.py:914} INFO - Processing file /opt/airflow/dags/core_osm_table_generator_dag.py for tasks to queue
[2026-02-25T12:07:11.961+0000] {logging_mixin.py:190} INFO - [2026-02-25T12:07:11.961+0000] {dagbag.py:588} INFO - Filling up the DagBag from /opt/airflow/dags/core_osm_table_generator_dag.py
[2026-02-25T12:07:11.978+0000] {processor.py:925} INFO - DAG(s) 'core_osm_table_generator' retrieved from /opt/airflow/dags/core_osm_table_generator_dag.py
[2026-02-25T12:07:12.001+0000] {logging_mixin.py:190} INFO - [2026-02-25T12:07:12.000+0000] {dag.py:3239} INFO - Sync 1 DAGs
[2026-02-25T12:07:12.008+0000] {logging_mixin.py:190} INFO - [2026-02-25T12:07:12.008+0000] {dag.py:4180} INFO - Setting next_dagrun for core_osm_table_generator to None, run_after=None
[2026-02-25T12:07:12.016+0000] {processor.py:208} INFO - Processing /opt/airflow/dags/core_osm_table_generator_dag.py took 0.066 seconds
[2026-02-25T12:07:42.403+0000] {processor.py:186} INFO - Started process (PID=8132) to work on /opt/airflow/dags/core_osm_table_generator_dag.py
[2026-02-25T12:07:42.405+0000] {processor.py:914} INFO - Processing file /opt/airflow/dags/core_osm_table_generator_dag.py for tasks to queue
[2026-02-25T12:07:42.407+0000] {logging_mixin.py:190} INFO - [2026-02-25T12:07:42.406+0000] {dagbag.py:588} INFO - Filling up the DagBag from /opt/airflow/dags/core_osm_table_generator_dag.py
[2026-02-25T12:07:42.462+0000] {processor.py:925} INFO - DAG(s) 'core_osm_table_generator' retrieved from /opt/airflow/dags/core_osm_table_generator_dag.py
[2026-02-25T12:07:42.485+0000] {logging_mixin.py:190} INFO - [2026-02-25T12:07:42.485+0000] {dag.py:3239} INFO - Sync 1 DAGs
[2026-02-25T12:07:42.514+0000] {logging_mixin.py:190} INFO - [2026-02-25T12:07:42.513+0000] {dag.py:4180} INFO - Setting next_dagrun for core_osm_table_generator to None, run_after=None
[2026-02-25T12:07:42.524+0000] {processor.py:208} INFO - Processing /opt/airflow/dags/core_osm_table_generator_dag.py took 0.129 seconds
[2026-02-25T12:08:12.780+0000] {processor.py:186} INFO - Started process (PID=8133) to work on /opt/airflow/dags/core_osm_table_generator_dag.py
[2026-02-25T12:08:12.781+0000] {processor.py:914} INFO - Processing file /opt/airflow/dags/core_osm_table_generator_dag.py for tasks to queue
[2026-02-25T12:08:12.783+0000] {logging_mixin.py:190} INFO - [2026-02-25T12:08:12.782+0000] {dagbag.py:588} INFO - Filling up the DagBag from /opt/airflow/dags/core_osm_table_generator_dag.py
[2026-02-25T12:08:12.799+0000] {processor.py:925} INFO - DAG(s) 'core_osm_table_generator' retrieved from /opt/airflow/dags/core_osm_table_generator_dag.py
[2026-02-25T12:08:12.815+0000] {logging_mixin.py:190} INFO - [2026-02-25T12:08:12.815+0000] {dag.py:3239} INFO - Sync 1 DAGs
[2026-02-25T12:08:12.822+0000] {logging_mixin.py:190} INFO - [2026-02-25T12:08:12.822+0000] {dag.py:4180} INFO - Setting next_dagrun for core_osm_table_generator to None, run_after=None
[2026-02-25T12:08:12.829+0000] {processor.py:208} INFO - Processing /opt/airflow/dags/core_osm_table_generator_dag.py took 0.062 seconds
[2026-02-25T12:08:43.785+0000] {processor.py:186} INFO - Started process (PID=8134) to work on /opt/airflow/dags/core_osm_table_generator_dag.py
[2026-02-25T12:08:43.794+0000] {processor.py:914} INFO - Processing file /opt/airflow/dags/core_osm_table_generator_dag.py for tasks to queue
[2026-02-25T12:08:43.801+0000] {logging_mixin.py:190} INFO - [2026-02-25T12:08:43.800+0000] {dagbag.py:588} INFO - Filling up the DagBag from /opt/airflow/dags/core_osm_table_generator_dag.py
[2026-02-25T12:08:43.884+0000] {processor.py:925} INFO - DAG(s) 'core_osm_table_generator' retrieved from /opt/airflow/dags/core_osm_table_generator_dag.py
[2026-02-25T12:08:43.942+0000] {logging_mixin.py:190} INFO - [2026-02-25T12:08:43.941+0000] {dag.py:3239} INFO - Sync 1 DAGs
[2026-02-25T12:08:43.959+0000] {logging_mixin.py:190} INFO - [2026-02-25T12:08:43.959+0000] {dag.py:4180} INFO - Setting next_dagrun for core_osm_table_generator to None, run_after=None
[2026-02-25T12:08:43.971+0000] {processor.py:208} INFO - Processing /opt/airflow/dags/core_osm_table_generator_dag.py took 0.209 seconds
[2026-02-25T12:09:15.022+0000] {processor.py:186} INFO - Started process (PID=8135) to work on /opt/airflow/dags/core_osm_table_generator_dag.py
[2026-02-25T12:09:15.024+0000] {processor.py:914} INFO - Processing file /opt/airflow/dags/core_osm_table_generator_dag.py for tasks to queue
[2026-02-25T12:09:15.026+0000] {logging_mixin.py:190} INFO - [2026-02-25T12:09:15.025+0000] {dagbag.py:588} INFO - Filling up the DagBag from /opt/airflow/dags/core_osm_table_generator_dag.py
[2026-02-25T12:09:15.061+0000] {processor.py:925} INFO - DAG(s) 'core_osm_table_generator' retrieved from /opt/airflow/dags/core_osm_table_generator_dag.py
[2026-02-25T12:09:15.103+0000] {logging_mixin.py:190} INFO - [2026-02-25T12:09:15.102+0000] {dag.py:3239} INFO - Sync 1 DAGs
[2026-02-25T12:09:15.120+0000] {logging_mixin.py:190} INFO - [2026-02-25T12:09:15.120+0000] {dag.py:4180} INFO - Setting next_dagrun for core_osm_table_generator to None, run_after=None
[2026-02-25T12:09:15.132+0000] {processor.py:208} INFO - Processing /opt/airflow/dags/core_osm_table_generator_dag.py took 0.133 seconds
[2026-02-25T12:09:45.257+0000] {processor.py:186} INFO - Started process (PID=8136) to work on /opt/airflow/dags/core_osm_table_generator_dag.py
[2026-02-25T12:09:45.259+0000] {processor.py:914} INFO - Processing file /opt/airflow/dags/core_osm_table_generator_dag.py for tasks to queue
[2026-02-25T12:09:45.261+0000] {logging_mixin.py:190} INFO - [2026-02-25T12:09:45.260+0000] {dagbag.py:588} INFO - Filling up the DagBag from /opt/airflow/dags/core_osm_table_generator_dag.py
[2026-02-25T12:09:45.301+0000] {processor.py:925} INFO - DAG(s) 'core_osm_table_generator' retrieved from /opt/airflow/dags/core_osm_table_generator_dag.py
[2026-02-25T12:09:45.324+0000] {logging_mixin.py:190} INFO - [2026-02-25T12:09:45.323+0000] {dag.py:3239} INFO - Sync 1 DAGs
[2026-02-25T12:09:45.336+0000] {logging_mixin.py:190} INFO - [2026-02-25T12:09:45.336+0000] {dag.py:4180} INFO - Setting next_dagrun for core_osm_table_generator to None, run_after=None
[2026-02-25T12:09:45.352+0000] {processor.py:208} INFO - Processing /opt/airflow/dags/core_osm_table_generator_dag.py took 0.110 seconds
[2026-02-25T12:10:15.608+0000] {processor.py:186} INFO - Started process (PID=8137) to work on /opt/airflow/dags/core_osm_table_generator_dag.py
[2026-02-25T12:10:15.609+0000] {processor.py:914} INFO - Processing file /opt/airflow/dags/core_osm_table_generator_dag.py for tasks to queue
[2026-02-25T12:10:15.610+0000] {logging_mixin.py:190} INFO - [2026-02-25T12:10:15.610+0000] {dagbag.py:588} INFO - Filling up the DagBag from /opt/airflow/dags/core_osm_table_generator_dag.py
[2026-02-25T12:10:15.621+0000] {processor.py:925} INFO - DAG(s) 'core_osm_table_generator' retrieved from /opt/airflow/dags/core_osm_table_generator_dag.py
[2026-02-25T12:10:15.637+0000] {logging_mixin.py:190} INFO - [2026-02-25T12:10:15.637+0000] {dag.py:3239} INFO - Sync 1 DAGs
[2026-02-25T12:10:15.645+0000] {logging_mixin.py:190} INFO - [2026-02-25T12:10:15.645+0000] {dag.py:4180} INFO - Setting next_dagrun for core_osm_table_generator to None, run_after=None
[2026-02-25T12:10:15.652+0000] {processor.py:208} INFO - Processing /opt/airflow/dags/core_osm_table_generator_dag.py took 0.049 seconds
[2026-02-25T12:10:46.079+0000] {processor.py:186} INFO - Started process (PID=8138) to work on /opt/airflow/dags/core_osm_table_generator_dag.py
[2026-02-25T12:10:46.080+0000] {processor.py:914} INFO - Processing file /opt/airflow/dags/core_osm_table_generator_dag.py for tasks to queue
[2026-02-25T12:10:46.082+0000] {logging_mixin.py:190} INFO - [2026-02-25T12:10:46.082+0000] {dagbag.py:588} INFO - Filling up the DagBag from /opt/airflow/dags/core_osm_table_generator_dag.py
[2026-02-25T12:10:46.134+0000] {processor.py:925} INFO - DAG(s) 'core_osm_table_generator' retrieved from /opt/airflow/dags/core_osm_table_generator_dag.py
[2026-02-25T12:10:46.157+0000] {logging_mixin.py:190} INFO - [2026-02-25T12:10:46.157+0000] {dag.py:3239} INFO - Sync 1 DAGs
[2026-02-25T12:10:46.169+0000] {logging_mixin.py:190} INFO - [2026-02-25T12:10:46.169+0000] {dag.py:4180} INFO - Setting next_dagrun for core_osm_table_generator to None, run_after=None
[2026-02-25T12:10:46.179+0000] {processor.py:208} INFO - Processing /opt/airflow/dags/core_osm_table_generator_dag.py took 0.111 seconds
[2026-02-25T12:11:16.509+0000] {processor.py:186} INFO - Started process (PID=8139) to work on /opt/airflow/dags/core_osm_table_generator_dag.py
[2026-02-25T12:11:16.510+0000] {processor.py:914} INFO - Processing file /opt/airflow/dags/core_osm_table_generator_dag.py for tasks to queue
[2026-02-25T12:11:16.512+0000] {logging_mixin.py:190} INFO - [2026-02-25T12:11:16.512+0000] {dagbag.py:588} INFO - Filling up the DagBag from /opt/airflow/dags/core_osm_table_generator_dag.py
[2026-02-25T12:11:16.540+0000] {processor.py:925} INFO - DAG(s) 'core_osm_table_generator' retrieved from /opt/airflow/dags/core_osm_table_generator_dag.py
[2026-02-25T12:11:16.560+0000] {logging_mixin.py:190} INFO - [2026-02-25T12:11:16.560+0000] {dag.py:3239} INFO - Sync 1 DAGs
[2026-02-25T12:11:16.572+0000] {logging_mixin.py:190} INFO - [2026-02-25T12:11:16.572+0000] {dag.py:4180} INFO - Setting next_dagrun for core_osm_table_generator to None, run_after=None
[2026-02-25T12:11:16.581+0000] {processor.py:208} INFO - Processing /opt/airflow/dags/core_osm_table_generator_dag.py took 0.084 seconds
[2026-02-25T12:11:46.877+0000] {processor.py:186} INFO - Started process (PID=8140) to work on /opt/airflow/dags/core_osm_table_generator_dag.py
[2026-02-25T12:11:46.879+0000] {processor.py:914} INFO - Processing file /opt/airflow/dags/core_osm_table_generator_dag.py for tasks to queue
[2026-02-25T12:11:46.881+0000] {logging_mixin.py:190} INFO - [2026-02-25T12:11:46.881+0000] {dagbag.py:588} INFO - Filling up the DagBag from /opt/airflow/dags/core_osm_table_generator_dag.py
[2026-02-25T12:11:46.915+0000] {processor.py:925} INFO - DAG(s) 'core_osm_table_generator' retrieved from /opt/airflow/dags/core_osm_table_generator_dag.py
[2026-02-25T12:11:46.936+0000] {logging_mixin.py:190} INFO - [2026-02-25T12:11:46.936+0000] {dag.py:3239} INFO - Sync 1 DAGs
[2026-02-25T12:11:46.956+0000] {logging_mixin.py:190} INFO - [2026-02-25T12:11:46.956+0000] {dag.py:4180} INFO - Setting next_dagrun for core_osm_table_generator to None, run_after=None
[2026-02-25T12:11:46.975+0000] {processor.py:208} INFO - Processing /opt/airflow/dags/core_osm_table_generator_dag.py took 0.109 seconds
[2026-02-25T12:12:17.255+0000] {processor.py:186} INFO - Started process (PID=8141) to work on /opt/airflow/dags/core_osm_table_generator_dag.py
[2026-02-25T12:12:17.257+0000] {processor.py:914} INFO - Processing file /opt/airflow/dags/core_osm_table_generator_dag.py for tasks to queue
[2026-02-25T12:12:17.259+0000] {logging_mixin.py:190} INFO - [2026-02-25T12:12:17.258+0000] {dagbag.py:588} INFO - Filling up the DagBag from /opt/airflow/dags/core_osm_table_generator_dag.py
[2026-02-25T12:12:17.294+0000] {processor.py:925} INFO - DAG(s) 'core_osm_table_generator' retrieved from /opt/airflow/dags/core_osm_table_generator_dag.py
[2026-02-25T12:12:17.314+0000] {logging_mixin.py:190} INFO - [2026-02-25T12:12:17.314+0000] {dag.py:3239} INFO - Sync 1 DAGs
[2026-02-25T12:12:17.325+0000] {logging_mixin.py:190} INFO - [2026-02-25T12:12:17.325+0000] {dag.py:4180} INFO - Setting next_dagrun for core_osm_table_generator to None, run_after=None
[2026-02-25T12:12:17.334+0000] {processor.py:208} INFO - Processing /opt/airflow/dags/core_osm_table_generator_dag.py took 0.092 seconds
[2026-02-25T12:12:47.573+0000] {processor.py:186} INFO - Started process (PID=8142) to work on /opt/airflow/dags/core_osm_table_generator_dag.py
[2026-02-25T12:12:47.579+0000] {processor.py:914} INFO - Processing file /opt/airflow/dags/core_osm_table_generator_dag.py for tasks to queue
[2026-02-25T12:12:47.581+0000] {logging_mixin.py:190} INFO - [2026-02-25T12:12:47.581+0000] {dagbag.py:588} INFO - Filling up the DagBag from /opt/airflow/dags/core_osm_table_generator_dag.py
[2026-02-25T12:12:47.632+0000] {processor.py:925} INFO - DAG(s) 'core_osm_table_generator' retrieved from /opt/airflow/dags/core_osm_table_generator_dag.py
[2026-02-25T12:12:47.664+0000] {logging_mixin.py:190} INFO - [2026-02-25T12:12:47.664+0000] {dag.py:3239} INFO - Sync 1 DAGs
[2026-02-25T12:12:47.679+0000] {logging_mixin.py:190} INFO - [2026-02-25T12:12:47.679+0000] {dag.py:4180} INFO - Setting next_dagrun for core_osm_table_generator to None, run_after=None
[2026-02-25T12:12:47.691+0000] {processor.py:208} INFO - Processing /opt/airflow/dags/core_osm_table_generator_dag.py took 0.137 seconds
[2026-02-25T12:13:17.890+0000] {processor.py:186} INFO - Started process (PID=8143) to work on /opt/airflow/dags/core_osm_table_generator_dag.py
[2026-02-25T12:13:17.891+0000] {processor.py:914} INFO - Processing file /opt/airflow/dags/core_osm_table_generator_dag.py for tasks to queue
[2026-02-25T12:13:17.892+0000] {logging_mixin.py:190} INFO - [2026-02-25T12:13:17.892+0000] {dagbag.py:588} INFO - Filling up the DagBag from /opt/airflow/dags/core_osm_table_generator_dag.py
[2026-02-25T12:13:17.906+0000] {processor.py:925} INFO - DAG(s) 'core_osm_table_generator' retrieved from /opt/airflow/dags/core_osm_table_generator_dag.py
[2026-02-25T12:13:17.922+0000] {logging_mixin.py:190} INFO - [2026-02-25T12:13:17.922+0000] {dag.py:3239} INFO - Sync 1 DAGs
[2026-02-25T12:13:17.930+0000] {logging_mixin.py:190} INFO - [2026-02-25T12:13:17.930+0000] {dag.py:4180} INFO - Setting next_dagrun for core_osm_table_generator to None, run_after=None
[2026-02-25T12:13:17.940+0000] {processor.py:208} INFO - Processing /opt/airflow/dags/core_osm_table_generator_dag.py took 0.056 seconds
[2026-02-25T12:13:48.307+0000] {processor.py:186} INFO - Started process (PID=8144) to work on /opt/airflow/dags/core_osm_table_generator_dag.py
[2026-02-25T12:13:48.311+0000] {processor.py:914} INFO - Processing file /opt/airflow/dags/core_osm_table_generator_dag.py for tasks to queue
[2026-02-25T12:13:48.315+0000] {logging_mixin.py:190} INFO - [2026-02-25T12:13:48.313+0000] {dagbag.py:588} INFO - Filling up the DagBag from /opt/airflow/dags/core_osm_table_generator_dag.py
[2026-02-25T12:13:48.350+0000] {processor.py:925} INFO - DAG(s) 'core_osm_table_generator' retrieved from /opt/airflow/dags/core_osm_table_generator_dag.py
[2026-02-25T12:13:48.391+0000] {logging_mixin.py:190} INFO - [2026-02-25T12:13:48.391+0000] {dag.py:3239} INFO - Sync 1 DAGs
[2026-02-25T12:13:48.403+0000] {logging_mixin.py:190} INFO - [2026-02-25T12:13:48.403+0000] {dag.py:4180} INFO - Setting next_dagrun for core_osm_table_generator to None, run_after=None
[2026-02-25T12:13:48.414+0000] {processor.py:208} INFO - Processing /opt/airflow/dags/core_osm_table_generator_dag.py took 0.133 seconds
[2026-02-25T12:14:18.973+0000] {processor.py:186} INFO - Started process (PID=8145) to work on /opt/airflow/dags/core_osm_table_generator_dag.py
[2026-02-25T12:14:18.975+0000] {processor.py:914} INFO - Processing file /opt/airflow/dags/core_osm_table_generator_dag.py for tasks to queue
[2026-02-25T12:14:18.977+0000] {logging_mixin.py:190} INFO - [2026-02-25T12:14:18.977+0000] {dagbag.py:588} INFO - Filling up the DagBag from /opt/airflow/dags/core_osm_table_generator_dag.py
[2026-02-25T12:14:19.036+0000] {processor.py:925} INFO - DAG(s) 'core_osm_table_generator' retrieved from /opt/airflow/dags/core_osm_table_generator_dag.py
[2026-02-25T12:14:19.060+0000] {logging_mixin.py:190} INFO - [2026-02-25T12:14:19.060+0000] {dag.py:3239} INFO - Sync 1 DAGs
[2026-02-25T12:14:19.084+0000] {logging_mixin.py:190} INFO - [2026-02-25T12:14:19.084+0000] {dag.py:4180} INFO - Setting next_dagrun for core_osm_table_generator to None, run_after=None
[2026-02-25T12:14:19.096+0000] {processor.py:208} INFO - Processing /opt/airflow/dags/core_osm_table_generator_dag.py took 0.138 seconds
[2026-02-25T12:14:49.354+0000] {processor.py:186} INFO - Started process (PID=8146) to work on /opt/airflow/dags/core_osm_table_generator_dag.py
[2026-02-25T12:14:49.356+0000] {processor.py:914} INFO - Processing file /opt/airflow/dags/core_osm_table_generator_dag.py for tasks to queue
[2026-02-25T12:14:49.357+0000] {logging_mixin.py:190} INFO - [2026-02-25T12:14:49.357+0000] {dagbag.py:588} INFO - Filling up the DagBag from /opt/airflow/dags/core_osm_table_generator_dag.py
[2026-02-25T12:14:49.411+0000] {processor.py:925} INFO - DAG(s) 'core_osm_table_generator' retrieved from /opt/airflow/dags/core_osm_table_generator_dag.py
[2026-02-25T12:14:49.438+0000] {logging_mixin.py:190} INFO - [2026-02-25T12:14:49.438+0000] {dag.py:3239} INFO - Sync 1 DAGs
[2026-02-25T12:14:49.466+0000] {logging_mixin.py:190} INFO - [2026-02-25T12:14:49.466+0000] {dag.py:4180} INFO - Setting next_dagrun for core_osm_table_generator to None, run_after=None
[2026-02-25T12:14:49.478+0000] {processor.py:208} INFO - Processing /opt/airflow/dags/core_osm_table_generator_dag.py took 0.133 seconds
[2026-02-25T12:15:19.780+0000] {processor.py:186} INFO - Started process (PID=8147) to work on /opt/airflow/dags/core_osm_table_generator_dag.py
[2026-02-25T12:15:19.782+0000] {processor.py:914} INFO - Processing file /opt/airflow/dags/core_osm_table_generator_dag.py for tasks to queue
[2026-02-25T12:15:19.784+0000] {logging_mixin.py:190} INFO - [2026-02-25T12:15:19.783+0000] {dagbag.py:588} INFO - Filling up the DagBag from /opt/airflow/dags/core_osm_table_generator_dag.py
[2026-02-25T12:15:19.815+0000] {processor.py:925} INFO - DAG(s) 'core_osm_table_generator' retrieved from /opt/airflow/dags/core_osm_table_generator_dag.py
[2026-02-25T12:15:19.859+0000] {logging_mixin.py:190} INFO - [2026-02-25T12:15:19.859+0000] {dag.py:3239} INFO - Sync 1 DAGs
[2026-02-25T12:15:19.872+0000] {logging_mixin.py:190} INFO - [2026-02-25T12:15:19.872+0000] {dag.py:4180} INFO - Setting next_dagrun for core_osm_table_generator to None, run_after=None
[2026-02-25T12:15:19.883+0000] {processor.py:208} INFO - Processing /opt/airflow/dags/core_osm_table_generator_dag.py took 0.112 seconds
[2026-02-25T12:15:50.225+0000] {processor.py:186} INFO - Started process (PID=8148) to work on /opt/airflow/dags/core_osm_table_generator_dag.py
[2026-02-25T12:15:50.228+0000] {processor.py:914} INFO - Processing file /opt/airflow/dags/core_osm_table_generator_dag.py for tasks to queue
[2026-02-25T12:15:50.230+0000] {logging_mixin.py:190} INFO - [2026-02-25T12:15:50.230+0000] {dagbag.py:588} INFO - Filling up the DagBag from /opt/airflow/dags/core_osm_table_generator_dag.py
[2026-02-25T12:15:50.290+0000] {processor.py:925} INFO - DAG(s) 'core_osm_table_generator' retrieved from /opt/airflow/dags/core_osm_table_generator_dag.py
[2026-02-25T12:15:50.314+0000] {logging_mixin.py:190} INFO - [2026-02-25T12:15:50.314+0000] {dag.py:3239} INFO - Sync 1 DAGs
[2026-02-25T12:15:50.326+0000] {logging_mixin.py:190} INFO - [2026-02-25T12:15:50.326+0000] {dag.py:4180} INFO - Setting next_dagrun for core_osm_table_generator to None, run_after=None
[2026-02-25T12:15:50.336+0000] {processor.py:208} INFO - Processing /opt/airflow/dags/core_osm_table_generator_dag.py took 0.126 seconds
[2026-02-25T12:16:20.880+0000] {processor.py:186} INFO - Started process (PID=8149) to work on /opt/airflow/dags/core_osm_table_generator_dag.py
[2026-02-25T12:16:20.881+0000] {processor.py:914} INFO - Processing file /opt/airflow/dags/core_osm_table_generator_dag.py for tasks to queue
[2026-02-25T12:16:20.883+0000] {logging_mixin.py:190} INFO - [2026-02-25T12:16:20.882+0000] {dagbag.py:588} INFO - Filling up the DagBag from /opt/airflow/dags/core_osm_table_generator_dag.py
[2026-02-25T12:16:20.932+0000] {processor.py:925} INFO - DAG(s) 'core_osm_table_generator' retrieved from /opt/airflow/dags/core_osm_table_generator_dag.py
[2026-02-25T12:16:20.960+0000] {logging_mixin.py:190} INFO - [2026-02-25T12:16:20.960+0000] {dag.py:3239} INFO - Sync 1 DAGs
[2026-02-25T12:16:20.973+0000] {logging_mixin.py:190} INFO - [2026-02-25T12:16:20.973+0000] {dag.py:4180} INFO - Setting next_dagrun for core_osm_table_generator to None, run_after=None
[2026-02-25T12:16:20.990+0000] {processor.py:208} INFO - Processing /opt/airflow/dags/core_osm_table_generator_dag.py took 0.120 seconds
[2026-02-25T12:16:51.308+0000] {processor.py:186} INFO - Started process (PID=8150) to work on /opt/airflow/dags/core_osm_table_generator_dag.py
[2026-02-25T12:16:51.312+0000] {processor.py:914} INFO - Processing file /opt/airflow/dags/core_osm_table_generator_dag.py for tasks to queue
[2026-02-25T12:16:51.318+0000] {logging_mixin.py:190} INFO - [2026-02-25T12:16:51.316+0000] {dagbag.py:588} INFO - Filling up the DagBag from /opt/airflow/dags/core_osm_table_generator_dag.py
[2026-02-25T12:16:51.387+0000] {processor.py:925} INFO - DAG(s) 'core_osm_table_generator' retrieved from /opt/airflow/dags/core_osm_table_generator_dag.py
[2026-02-25T12:16:51.412+0000] {logging_mixin.py:190} INFO - [2026-02-25T12:16:51.412+0000] {dag.py:3239} INFO - Sync 1 DAGs
[2026-02-25T12:16:51.425+0000] {logging_mixin.py:190} INFO - [2026-02-25T12:16:51.425+0000] {dag.py:4180} INFO - Setting next_dagrun for core_osm_table_generator to None, run_after=None
[2026-02-25T12:16:51.434+0000] {processor.py:208} INFO - Processing /opt/airflow/dags/core_osm_table_generator_dag.py took 0.135 seconds
[2026-02-25T12:17:22.413+0000] {processor.py:186} INFO - Started process (PID=8151) to work on /opt/airflow/dags/core_osm_table_generator_dag.py
[2026-02-25T12:17:22.416+0000] {processor.py:914} INFO - Processing file /opt/airflow/dags/core_osm_table_generator_dag.py for tasks to queue
[2026-02-25T12:17:22.418+0000] {logging_mixin.py:190} INFO - [2026-02-25T12:17:22.417+0000] {dagbag.py:588} INFO - Filling up the DagBag from /opt/airflow/dags/core_osm_table_generator_dag.py
[2026-02-25T12:17:22.477+0000] {processor.py:925} INFO - DAG(s) 'core_osm_table_generator' retrieved from /opt/airflow/dags/core_osm_table_generator_dag.py
[2026-02-25T12:17:22.521+0000] {logging_mixin.py:190} INFO - [2026-02-25T12:17:22.521+0000] {dag.py:3239} INFO - Sync 1 DAGs
[2026-02-25T12:17:22.537+0000] {logging_mixin.py:190} INFO - [2026-02-25T12:17:22.537+0000] {dag.py:4180} INFO - Setting next_dagrun for core_osm_table_generator to None, run_after=None
[2026-02-25T12:17:22.554+0000] {processor.py:208} INFO - Processing /opt/airflow/dags/core_osm_table_generator_dag.py took 0.172 seconds
[2026-02-25T12:17:52.807+0000] {processor.py:186} INFO - Started process (PID=8152) to work on /opt/airflow/dags/core_osm_table_generator_dag.py
[2026-02-25T12:17:52.812+0000] {processor.py:914} INFO - Processing file /opt/airflow/dags/core_osm_table_generator_dag.py for tasks to queue
[2026-02-25T12:17:52.815+0000] {logging_mixin.py:190} INFO - [2026-02-25T12:17:52.814+0000] {dagbag.py:588} INFO - Filling up the DagBag from /opt/airflow/dags/core_osm_table_generator_dag.py
[2026-02-25T12:17:52.887+0000] {processor.py:925} INFO - DAG(s) 'core_osm_table_generator' retrieved from /opt/airflow/dags/core_osm_table_generator_dag.py
[2026-02-25T12:17:52.942+0000] {logging_mixin.py:190} INFO - [2026-02-25T12:17:52.942+0000] {dag.py:3239} INFO - Sync 1 DAGs
[2026-02-25T12:17:52.976+0000] {logging_mixin.py:190} INFO - [2026-02-25T12:17:52.975+0000] {dag.py:4180} INFO - Setting next_dagrun for core_osm_table_generator to None, run_after=None
[2026-02-25T12:17:52.990+0000] {processor.py:208} INFO - Processing /opt/airflow/dags/core_osm_table_generator_dag.py took 0.202 seconds
[2026-02-25T12:18:23.181+0000] {processor.py:186} INFO - Started process (PID=8153) to work on /opt/airflow/dags/core_osm_table_generator_dag.py
[2026-02-25T12:18:23.184+0000] {processor.py:914} INFO - Processing file /opt/airflow/dags/core_osm_table_generator_dag.py for tasks to queue
[2026-02-25T12:18:23.186+0000] {logging_mixin.py:190} INFO - [2026-02-25T12:18:23.185+0000] {dagbag.py:588} INFO - Filling up the DagBag from /opt/airflow/dags/core_osm_table_generator_dag.py
[2026-02-25T12:18:23.239+0000] {processor.py:925} INFO - DAG(s) 'core_osm_table_generator' retrieved from /opt/airflow/dags/core_osm_table_generator_dag.py
[2026-02-25T12:18:23.276+0000] {logging_mixin.py:190} INFO - [2026-02-25T12:18:23.276+0000] {dag.py:3239} INFO - Sync 1 DAGs
[2026-02-25T12:18:23.291+0000] {logging_mixin.py:190} INFO - [2026-02-25T12:18:23.290+0000] {dag.py:4180} INFO - Setting next_dagrun for core_osm_table_generator to None, run_after=None
[2026-02-25T12:18:23.300+0000] {processor.py:208} INFO - Processing /opt/airflow/dags/core_osm_table_generator_dag.py took 0.131 seconds
