{
"type": "FeatureCollection",
"name": "berlin_lakes_clean",
"crs": { "type": "name", "properties": { "name": "urn:ogc:def:crs:OGC:1.3:CRS84" } },
"features": [
{ "type": "Feature", "properties": { "lake_name": "jungfernheideteich", "centroid_lat": 52.543856172682297, "centroid_lon": 13.278930382099784, "water_type": "pond", "area_ha": 6.8416, "max_depth_m": null, "perimeter_m": null, "has_public_access": null, "swimming_allowed": null, "water_quality": null, "data_source": "OSM waterbodies (Berlin)", "last_updated": "2025-11-12 10:22:47.569398" }, "geometry": { "type": "Point", "coordinates": [ 13.278930382099784, 52.543856172682297 ] } },
{ "type": "Feature", "properties": { "lake_name": "spandauer see", "centroid_lat": 52.550212745042657, "centroid_lon": 13.219207081051987, "water_type": "lake", "area_ha": 107.7303, "max_depth_m": null, "perimeter_m": null, "has_public_access": null, "swimming_allowed": null, "water_quality": null, "data_source": "OSM waterbodies (Berlin)", "last_updated": "2025-11-12 10:22:47.569398" }, "geometry": { "type": "Point", "coordinates": [ 13.219207081051987, 52.550212745042657 ] } },
{ "type": "Feature", "properties": { "lake_name": "hubertussee", "centroid_lat": 52.486130764813041, "centroid_lon": 13.280683806642861, "water_type": "lake", "area_ha": 2.4239, "max_depth_m": null, "perimeter_m": null, "has_public_access": null, "swimming_allowed": null, "water_quality": null, "data_source": "OSM waterbodies (Berlin)", "last_updated": "2025-11-12 10:22:47.569398" }, "geometry": { "type": "Point", "coordinates": [ 13.280683806642861, 52.486130764813041 ] } },
{ "type": "Feature", "properties": { "lake_name": "seddinsee", "centroid_lat": 52.386773592823431, "centroid_lon": 13.681003001383678, "water_type": "lake", "area_ha": 262.4847, "max_depth_m": null, "perimeter_m": null, "has_public_access": null, "swimming_allowed": null, "water_quality": null, "data_source": "OSM waterbodies (Berlin)", "last_updated": "2025-11-12 10:22:47.569398" }, "geometry": { "type": "Point", "coordinates": [ 13.681003001383678, 52.386773592823431 ] } },
{ "type": "Feature", "properties": { "lake_name": "langer see", "centroid_lat": 52.400747119279224, "centroid_lon": 13.625819492700556, "water_type": "lake", "area_ha": 312.7947, "max_depth_m": null, "perimeter_m": null, "has_public_access": null, "swimming_allowed": null, "water_quality": null, "data_source": "OSM waterbodies (Berlin)", "last_updated": "2025-11-12 10:22:47.569398" }, "geometry": { "type": "Point", "coordinates": [ 13.625819492700556, 52.400747119279224 ] } },
{ "type": "Feature", "properties": { "lake_name": "neuer see", "centroid_lat": 52.511382596608854, "centroid_lon": 13.342409843277231, "water_type": "pond", "area_ha": 4.669, "max_depth_m": null, "perimeter_m": null, "has_public_access": null, "swimming_allowed": null, "water_quality": null, "data_source": "OSM waterbodies (Berlin)", "last_updated": "2025-11-12 10:22:47.569398" }, "geometry": { "type": "Point", "coordinates": [ 13.342409843277231, 52.511382596608854 ] } },
{ "type": "Feature", "properties": { "lake_name": "schafersee", "centroid_lat": 52.564429077294193, "centroid_lon": 13.360881486397284, "water_type": "lake", "area_ha": 4.1906, "max_depth_m": null, "perimeter_m": null, "has_public_access": null, "swimming_allowed": null, "water_quality": null, "data_source": "OSM waterbodies (Berlin)", "last_updated": "2025-11-12 10:22:47.569398" }, "geometry": { "type": "Point", "coordinates": [ 13.360881486397284, 52.564429077294193 ] } },
{ "type": "Feature", "properties": { "lake_name": "springpfuhl", "centroid_lat": 52.529139119876554, "centroid_lon": 13.540301000022128, "water_type": "lake", "area_ha": 1.2979, "max_depth_m": null, "perimeter_m": null, "has_public_access": null, "swimming_allowed": null, "water_quality": null, "data_source": "OSM waterbodies (Berlin)", "last_updated": "2025-11-12 10:22:47.569398" }, "geometry": { "type": "Point", "coordinates": [ 13.540301000022128, 52.529139119876554 ] } },
{ "type": "Feature", "properties": { "lake_name": "groß glienicker see", "centroid_lat": 52.465373739707971, "centroid_lon": 13.112259399844673, "water_type": "lake", "area_ha": 63.9042, "max_depth_m": null, "perimeter_m": null, "has_public_access": null, "swimming_allowed": null, "water_quality": null, "data_source": "OSM waterbodies (Berlin)", "last_updated": "2025-11-12 10:22:47.569398" }, "geometry": { "type": "Point", "coordinates": [ 13.112259399844673, 52.465373739707971 ] } },
{ "type": "Feature", "properties": { "lake_name": "havel", "centroid_lat": 52.436294151666118, "centroid_lon": 13.127598056517185, "water_type": "lake", "area_ha": 337.741, "max_depth_m": null, "perimeter_m": null, "has_public_access": null, "swimming_allowed": null, "water_quality": null, "data_source": "OSM waterbodies (Berlin)", "last_updated": "2025-11-12 10:22:47.569398" }, "geometry": { "type": "Point", "coordinates": [ 13.127598056517185, 52.436294151666118 ] } },
{ "type": "Feature", "properties": { "lake_name": "obersee", "centroid_lat": 52.548601247220105, "centroid_lon": 13.489121497880472, "water_type": "lake", "area_ha": 3.733, "max_depth_m": null, "perimeter_m": null, "has_public_access": null, "swimming_allowed": null, "water_quality": null, "data_source": "OSM waterbodies (Berlin)", "last_updated": "2025-11-12 10:22:47.569398" }, "geometry": { "type": "Point", "coordinates": [ 13.489121497880472, 52.548601247220105 ] } },
{ "type": "Feature", "properties": { "lake_name": "zeuthener see", "centroid_lat": 52.356932907596963, "centroid_lon": 13.641019635973793, "water_type": "lake", "area_ha": 213.4706, "max_depth_m": null, "perimeter_m": null, "has_public_access": null, "swimming_allowed": null, "water_quality": null, "data_source": "OSM waterbodies (Berlin)", "last_updated": "2025-11-12 10:22:47.569398" }, "geometry": { "type": "Point", "coordinates": [ 13.641019635973793, 52.356932907596963 ] } },
{ "type": "Feature", "properties": { "lake_name": "steinbergsee", "centroid_lat": 52.597672433485215, "centroid_lon": 13.308928578658268, "water_type": "lake", "area_ha": 0.9645, "max_depth_m": null, "perimeter_m": null, "has_public_access": null, "swimming_allowed": null, "water_quality": null, "data_source": "OSM waterbodies (Berlin)", "last_updated": "2025-11-12 10:22:47.569398" }, "geometry": { "type": "Point", "coordinates": [ 13.308928578658268, 52.597672433485215 ] } },
{ "type": "Feature", "properties": { "lake_name": "fauler see", "centroid_lat": 52.519283508625982, "centroid_lon": 13.212941487280196, "water_type": "lake", "area_ha": 2.1215, "max_depth_m": null, "perimeter_m": null, "has_public_access": null, "swimming_allowed": null, "water_quality": null, "data_source": "OSM waterbodies (Berlin)", "last_updated": "2025-11-12 10:22:47.569398" }, "geometry": { "type": "Point", "coordinates": [ 13.212941487280196, 52.519283508625982 ] } },
{ "type": "Feature", "properties": { "lake_name": "hauptsee", "centroid_lat": 52.434277084541762, "centroid_lon": 13.417134638368406, "water_type": "pond", "area_ha": 5.2876, "max_depth_m": null, "perimeter_m": null, "has_public_access": null, "swimming_allowed": null, "water_quality": null, "data_source": "OSM waterbodies (Berlin)", "last_updated": "2025-11-12 10:22:47.569398" }, "geometry": { "type": "Point", "coordinates": [ 13.417134638368406, 52.434277084541762 ] } },
{ "type": "Feature", "properties": { "lake_name": "mittelfeldbecken", "centroid_lat": 52.602840458246995, "centroid_lon": 13.35709969438216, "water_type": "pond", "area_ha": 0.6502, "max_depth_m": null, "perimeter_m": null, "has_public_access": null, "swimming_allowed": null, "water_quality": null, "data_source": "OSM waterbodies (Berlin)", "last_updated": "2025-11-12 10:22:47.569398" }, "geometry": { "type": "Point", "coordinates": [ 13.35709969438216, 52.602840458246995 ] } },
{ "type": "Feature", "properties": { "lake_name": "seggeluchbecken", "centroid_lat": 52.602229595909783, "centroid_lon": 13.348096120666227, "water_type": "pond", "area_ha": 1.9456, "max_depth_m": null, "perimeter_m": null, "has_public_access": null, "swimming_allowed": null, "water_quality": null, "data_source": "OSM waterbodies (Berlin)", "last_updated": "2025-11-12 10:22:47.569398" }, "geometry": { "type": "Point", "coordinates": [ 13.348096120666227, 52.602229595909783 ] } },
{ "type": "Feature", "properties": { "lake_name": "klotzbecken", "centroid_lat": 52.610143706279807, "centroid_lon": 13.345042799933086, "water_type": "pond", "area_ha": 1.701, "max_depth_m": null, "perimeter_m": null, "has_public_access": null, "swimming_allowed": null, "water_quality": null, "data_source": "OSM waterbodies (Berlin)", "last_updated": "2025-11-12 10:22:47.569398" }, "geometry": { "type": "Point", "coordinates": [ 13.345042799933086, 52.610143706279807 ] } },
{ "type": "Feature", "properties": { "lake_name": "tegeler see", "centroid_lat": 52.575334591841901, "centroid_lon": 13.253471701300288, "water_type": "lake", "area_ha": 381.8448, "max_depth_m": null, "perimeter_m": null, "has_public_access": null, "swimming_allowed": null, "water_quality": null, "data_source": "OSM waterbodies (Berlin)", "last_updated": "2025-11-12 10:22:47.569398" }, "geometry": { "type": "Point", "coordinates": [ 13.253471701300288, 52.575334591841901 ] } },
{ "type": "Feature", "properties": { "lake_name": "see im englischen garten", "centroid_lat": 52.517047955344935, "centroid_lon": 13.346793634071378, "water_type": "pond", "area_ha": 0.2311, "max_depth_m": null, "perimeter_m": null, "has_public_access": null, "swimming_allowed": null, "water_quality": null, "data_source": "OSM waterbodies (Berlin)", "last_updated": "2025-11-12 10:22:47.569398" }, "geometry": { "type": "Point", "coordinates": [ 13.346793634071378, 52.517047955344935 ] } },
{ "type": "Feature", "properties": { "lake_name": "halensee", "centroid_lat": 52.494315626758585, "centroid_lon": 13.280127116610116, "water_type": "lake", "area_ha": 5.5806, "max_depth_m": null, "perimeter_m": null, "has_public_access": null, "swimming_allowed": null, "water_quality": null, "data_source": "OSM waterbodies (Berlin)", "last_updated": "2025-11-12 10:22:47.569398" }, "geometry": { "type": "Point", "coordinates": [ 13.280127116610116, 52.494315626758585 ] } },
{ "type": "Feature", "properties": { "lake_name": "jungfernsee", "centroid_lat": 52.424434016506801, "centroid_lon": 13.078208920004815, "water_type": "lake", "area_ha": 220.3968, "max_depth_m": null, "perimeter_m": null, "has_public_access": null, "swimming_allowed": null, "water_quality": null, "data_source": "OSM waterbodies (Berlin)", "last_updated": "2025-11-12 10:22:47.569398" }, "geometry": { "type": "Point", "coordinates": [ 13.078208920004815, 52.424434016506801 ] } },
{ "type": "Feature", "properties": { "lake_name": "silver lake", "centroid_lat": 41.579460737224913, "centroid_lon": -72.773092227702023, "water_type": "lake", "area_ha": 130.2006, "max_depth_m": null, "perimeter_m": null, "has_public_access": null, "swimming_allowed": null, "water_quality": null, "data_source": "OSM waterbodies (Berlin)", "last_updated": "2025-11-12 10:22:47.569398" }, "geometry": { "type": "Point", "coordinates": [ -72.773092227702023, 41.579460737224913 ] } },
{ "type": "Feature", "properties": { "lake_name": "habermannsee", "centroid_lat": 52.492676789950025, "centroid_lon": 13.593828813362569, "water_type": "lake", "area_ha": 13.6368, "max_depth_m": null, "perimeter_m": null, "has_public_access": null, "swimming_allowed": null, "water_quality": null, "data_source": "OSM waterbodies (Berlin)", "last_updated": "2025-11-12 10:22:47.569398" }, "geometry": { "type": "Point", "coordinates": [ 13.593828813362569, 52.492676789950025 ] } },
{ "type": "Feature", "properties": { "lake_name": "butzer see", "centroid_lat": 52.500127608494573, "centroid_lon": 13.591295381115524, "water_type": "lake", "area_ha": 6.3586, "max_depth_m": null, "perimeter_m": null, "has_public_access": null, "swimming_allowed": null, "water_quality": null, "data_source": "OSM waterbodies (Berlin)", "last_updated": "2025-11-12 10:22:47.569398" }, "geometry": { "type": "Point", "coordinates": [ 13.591295381115524, 52.500127608494573 ] } },
{ "type": "Feature", "properties": { "lake_name": "karpfenteich", "centroid_lat": 52.516412345911633, "centroid_lon": 13.574190679970981, "water_type": "pond", "area_ha": 0.2532, "max_depth_m": null, "perimeter_m": null, "has_public_access": null, "swimming_allowed": null, "water_quality": null, "data_source": "OSM waterbodies (Berlin)", "last_updated": "2025-11-12 10:22:47.569398" }, "geometry": { "type": "Point", "coordinates": [ 13.574190679970981, 52.516412345911633 ] } },
{ "type": "Feature", "properties": { "lake_name": "herthasee", "centroid_lat": 52.488298427409809, "centroid_lon": 13.276153410607732, "water_type": "lake", "area_ha": 1.1291, "max_depth_m": null, "perimeter_m": null, "has_public_access": null, "swimming_allowed": null, "water_quality": null, "data_source": "OSM waterbodies (Berlin)", "last_updated": "2025-11-12 10:22:47.569398" }, "geometry": { "type": "Point", "coordinates": [ 13.276153410607732, 52.488298427409809 ] } },
{ "type": "Feature", "properties": { "lake_name": "fontanenteich", "centroid_lat": 52.448079693088054, "centroid_lon": 13.333949724014204, "water_type": "pond", "area_ha": 0.3807, "max_depth_m": null, "perimeter_m": null, "has_public_access": null, "swimming_allowed": null, "water_quality": null, "data_source": "OSM waterbodies (Berlin)", "last_updated": "2025-11-12 10:22:47.569398" }, "geometry": { "type": "Point", "coordinates": [ 13.333949724014204, 52.448079693088054 ] } },
{ "type": "Feature", "properties": { "lake_name": "rohrbruchteich", "centroid_lat": 52.552427952908367, "centroid_lon": 13.2346934994719, "water_type": "pond", "area_ha": 2.3664, "max_depth_m": null, "perimeter_m": null, "has_public_access": null, "swimming_allowed": null, "water_quality": null, "data_source": "OSM waterbodies (Berlin)", "last_updated": "2025-11-12 10:22:47.569398" }, "geometry": { "type": "Point", "coordinates": [ 13.2346934994719, 52.552427952908367 ] } },
{ "type": "Feature", "properties": { "lake_name": "irissee", "centroid_lat": 52.433657330784889, "centroid_lon": 13.413003319651931, "water_type": "pond", "area_ha": 0.2742, "max_depth_m": null, "perimeter_m": null, "has_public_access": null, "swimming_allowed": null, "water_quality": null, "data_source": "OSM waterbodies (Berlin)", "last_updated": "2025-11-12 10:22:47.569398" }, "geometry": { "type": "Point", "coordinates": [ 13.413003319651931, 52.433657330784889 ] } },
{ "type": "Feature", "properties": { "lake_name": "gorlitzer parkteich", "centroid_lat": 52.495125382050482, "centroid_lon": 13.443544660781578, "water_type": "pond", "area_ha": 0.2571, "max_depth_m": null, "perimeter_m": null, "has_public_access": null, "swimming_allowed": null, "water_quality": null, "data_source": "OSM waterbodies (Berlin)", "last_updated": "2025-11-12 10:22:47.569398" }, "geometry": { "type": "Point", "coordinates": [ 13.443544660781578, 52.495125382050482 ] } },
{ "type": "Feature", "properties": { "lake_name": "kleine malche", "centroid_lat": 52.559667841229732, "centroid_lon": 13.235741385204127, "water_type": "pond", "area_ha": 3.9677, "max_depth_m": null, "perimeter_m": null, "has_public_access": null, "swimming_allowed": null, "water_quality": null, "data_source": "OSM waterbodies (Berlin)", "last_updated": "2025-11-12 10:22:47.569398" }, "geometry": { "type": "Point", "coordinates": [ 13.235741385204127, 52.559667841229732 ] } },
{ "type": "Feature", "properties": { "lake_name": "sudparksee", "centroid_lat": 52.515334585746103, "centroid_lon": 13.193265348661964, "water_type": "lake", "area_ha": 2.4506, "max_depth_m": null, "perimeter_m": null, "has_public_access": null, "swimming_allowed": null, "water_quality": null, "data_source": "OSM waterbodies (Berlin)", "last_updated": "2025-11-12 10:22:47.569398" }, "geometry": { "type": "Point", "coordinates": [ 13.193265348661964, 52.515334585746103 ] } },
{ "type": "Feature", "properties": { "lake_name": "elsenteich", "centroid_lat": 52.499719410732624, "centroid_lon": 13.612179417682071, "water_type": "pond", "area_ha": 0.3899, "max_depth_m": null, "perimeter_m": null, "has_public_access": null, "swimming_allowed": null, "water_quality": null, "data_source": "OSM waterbodies (Berlin)", "last_updated": "2025-11-12 10:22:47.569398" }, "geometry": { "type": "Point", "coordinates": [ 13.612179417682071, 52.499719410732624 ] } },
{ "type": "Feature", "properties": { "lake_name": "stiles pond", "centroid_lat": 41.640945921800423, "centroid_lon": -72.754003619077011, "water_type": "lake", "area_ha": 4.899, "max_depth_m": null, "perimeter_m": null, "has_public_access": null, "swimming_allowed": null, "water_quality": null, "data_source": "OSM waterbodies (Berlin)", "last_updated": "2025-11-12 10:22:47.569398" }, "geometry": { "type": "Point", "coordinates": [ -72.754003619077011, 41.640945921800423 ] } },
{ "type": "Feature", "properties": { "lake_name": "pelikane", "centroid_lat": 52.503258458912363, "centroid_lon": 13.524471414534714, "water_type": "pond", "area_ha": 0.0893, "max_depth_m": null, "perimeter_m": null, "has_public_access": null, "swimming_allowed": null, "water_quality": null, "data_source": "OSM waterbodies (Berlin)", "last_updated": "2025-11-12 10:22:47.569398" }, "geometry": { "type": "Point", "coordinates": [ 13.524471414534714, 52.503258458912363 ] } },
{ "type": "Feature", "properties": { "lake_name": "merwins pond", "centroid_lat": 41.640083132195016, "centroid_lon": -72.75749095609477, "water_type": "lake", "area_ha": 32.6994, "max_depth_m": null, "perimeter_m": null, "has_public_access": null, "swimming_allowed": null, "water_quality": null, "data_source": "OSM waterbodies (Berlin)", "last_updated": "2025-11-12 10:22:47.569398" }, "geometry": { "type": "Point", "coordinates": [ -72.75749095609477, 41.640083132195016 ] } },
{ "type": "Feature", "properties": { "lake_name": "staakener teich", "centroid_lat": 52.536301857307258, "centroid_lon": 13.146247471902392, "water_type": "pond", "area_ha": 0.0524, "max_depth_m": null, "perimeter_m": null, "has_public_access": null, "swimming_allowed": null, "water_quality": null, "data_source": "OSM waterbodies (Berlin)", "last_updated": "2025-11-12 10:22:47.569398" }, "geometry": { "type": "Point", "coordinates": [ 13.146247471902392, 52.536301857307258 ] } },
{ "type": "Feature", "properties": { "lake_name": "arboretumsteich", "centroid_lat": 52.455464564412139, "centroid_lon": 13.475775730648804, "water_type": "pond", "area_ha": 153.0, "max_depth_m": null, "perimeter_m": null, "has_public_access": null, "swimming_allowed": null, "water_quality": null, "data_source": "OSM waterbodies (Berlin)", "last_updated": "2025-11-12 10:22:47.569398" }, "geometry": { "type": "Point", "coordinates": [ 13.475775730648804, 52.455464564412139 ] } },
{ "type": "Feature", "properties": { "lake_name": "schlachtensee", "centroid_lat": 52.442075692520937, "centroid_lon": 13.21332272092438, "water_type": "lake", "area_ha": 40.3524, "max_depth_m": null, "perimeter_m": null, "has_public_access": null, "swimming_allowed": null, "water_quality": null, "data_source": "OSM waterbodies (Berlin)", "last_updated": "2025-11-12 10:22:47.569398" }, "geometry": { "type": "Point", "coordinates": [ 13.21332272092438, 52.442075692520937 ] } },
{ "type": "Feature", "properties": { "lake_name": "koenigssee", "centroid_lat": 52.488474177958068, "centroid_lon": 13.272907150781906, "water_type": "lake", "area_ha": 2.2272, "max_depth_m": null, "perimeter_m": null, "has_public_access": null, "swimming_allowed": null, "water_quality": null, "data_source": "OSM waterbodies (Berlin)", "last_updated": "2025-11-12 10:22:47.569398" }, "geometry": { "type": "Point", "coordinates": [ 13.272907150781906, 52.488474177958068 ] } },
{ "type": "Feature", "properties": { "lake_name": "fennsee", "centroid_lat": 52.483685450123097, "centroid_lon": 13.314797053172644, "water_type": "lake", "area_ha": 2.2057, "max_depth_m": null, "perimeter_m": null, "has_public_access": null, "swimming_allowed": null, "water_quality": null, "data_source": "OSM waterbodies (Berlin)", "last_updated": "2025-11-12 10:22:47.569398" }, "geometry": { "type": "Point", "coordinates": [ 13.314797053172644, 52.483685450123097 ] } },
{ "type": "Feature", "properties": { "lake_name": "dreipfuhl", "centroid_lat": 52.447221072884489, "centroid_lon": 13.272662194080654, "water_type": "pond", "area_ha": 0.6412, "max_depth_m": null, "perimeter_m": null, "has_public_access": null, "swimming_allowed": null, "water_quality": null, "data_source": "OSM waterbodies (Berlin)", "last_updated": "2025-11-12 10:22:47.569398" }, "geometry": { "type": "Point", "coordinates": [ 13.272662194080654, 52.447221072884489 ] } },
{ "type": "Feature", "properties": { "lake_name": "lietzensee", "centroid_lat": 52.506695041519293, "centroid_lon": 13.289095643827729, "water_type": "lake", "area_ha": 6.3648, "max_depth_m": null, "perimeter_m": null, "has_public_access": null, "swimming_allowed": null, "water_quality": null, "data_source": "OSM waterbodies (Berlin)", "last_updated": "2025-11-12 10:22:47.569398" }, "geometry": { "type": "Point", "coordinates": [ 13.289095643827729, 52.506695041519293 ] } },
{ "type": "Feature", "properties": { "lake_name": "dianasee", "centroid_lat": 52.486347015502915, "centroid_lon": 13.267837936711571, "water_type": "lake", "area_ha": 2.485, "max_depth_m": null, "perimeter_m": null, "has_public_access": null, "swimming_allowed": null, "water_quality": null, "data_source": "OSM waterbodies (Berlin)", "last_updated": "2025-11-12 10:22:47.569398" }, "geometry": { "type": "Point", "coordinates": [ 13.267837936711571, 52.486347015502915 ] } },
{ "type": "Feature", "properties": { "lake_name": "hundekehlesee", "centroid_lat": 52.482167911537218, "centroid_lon": 13.258697879323416, "water_type": "lake", "area_ha": 7.0979, "max_depth_m": null, "perimeter_m": null, "has_public_access": null, "swimming_allowed": null, "water_quality": null, "data_source": "OSM waterbodies (Berlin)", "last_updated": "2025-11-12 10:22:47.569398" }, "geometry": { "type": "Point", "coordinates": [ 13.258697879323416, 52.482167911537218 ] } },
{ "type": "Feature", "properties": { "lake_name": "grunewaldsee", "centroid_lat": 52.470040307434751, "centroid_lon": 13.262394769466187, "water_type": "lake", "area_ha": 16.1271, "max_depth_m": null, "perimeter_m": null, "has_public_access": null, "swimming_allowed": null, "water_quality": null, "data_source": "OSM waterbodies (Berlin)", "last_updated": "2025-11-12 10:22:47.569398" }, "geometry": { "type": "Point", "coordinates": [ 13.262394769466187, 52.470040307434751 ] } },
{ "type": "Feature", "properties": { "lake_name": "kleiner wannsee", "centroid_lat": 52.416771885405844, "centroid_lon": 13.162966850386482, "water_type": "lake", "area_ha": 19.1545, "max_depth_m": null, "perimeter_m": null, "has_public_access": null, "swimming_allowed": null, "water_quality": null, "data_source": "OSM waterbodies (Berlin)", "last_updated": "2025-11-12 10:22:47.569398" }, "geometry": { "type": "Point", "coordinates": [ 13.162966850386482, 52.416771885405844 ] } },
{ "type": "Feature", "properties": { "lake_name": "stolpchensee", "centroid_lat": 52.40898715575846, "centroid_lon": 13.14061685672986, "water_type": "lake", "area_ha": 8.8915, "max_depth_m": null, "perimeter_m": null, "has_public_access": null, "swimming_allowed": null, "water_quality": null, "data_source": "OSM waterbodies (Berlin)", "last_updated": "2025-11-12 10:22:47.569398" }, "geometry": { "type": "Point", "coordinates": [ 13.14061685672986, 52.40898715575846 ] } },
{ "type": "Feature", "properties": { "lake_name": "glienicker see", "centroid_lat": 52.410990319493507, "centroid_lon": 13.0927851111169, "water_type": "lake", "area_ha": 18.5342, "max_depth_m": null, "perimeter_m": null, "has_public_access": null, "swimming_allowed": null, "water_quality": null, "data_source": "OSM waterbodies (Berlin)", "last_updated": "2025-11-12 10:22:47.569398" }, "geometry": { "type": "Point", "coordinates": [ 13.0927851111169, 52.410990319493507 ] } },
{ "type": "Feature", "properties": { "lake_name": "großer wannsee", "centroid_lat": 52.427874129575649, "centroid_lon": 13.172864320424749, "water_type": "lake", "area_ha": 142.2427, "max_depth_m": null, "perimeter_m": null, "has_public_access": null, "swimming_allowed": null, "water_quality": null, "data_source": "OSM waterbodies (Berlin)", "last_updated": "2025-11-12 10:22:47.569398" }, "geometry": { "type": "Point", "coordinates": [ 13.172864320424749, 52.427874129575649 ] } },
{ "type": "Feature", "properties": { "lake_name": "pohlesee", "centroid_lat": 52.411402532060499, "centroid_lon": 13.15033137220502, "water_type": "lake", "area_ha": 10.4899, "max_depth_m": null, "perimeter_m": null, "has_public_access": null, "swimming_allowed": null, "water_quality": null, "data_source": "OSM waterbodies (Berlin)", "last_updated": "2025-11-12 10:22:47.569398" }, "geometry": { "type": "Point", "coordinates": [ 13.15033137220502, 52.411402532060499 ] } },
{ "type": "Feature", "properties": { "lake_name": "krumme lanke", "centroid_lat": 52.451876915611592, "centroid_lon": 13.233655303934386, "water_type": "lake", "area_ha": 12.5943, "max_depth_m": null, "perimeter_m": null, "has_public_access": null, "swimming_allowed": null, "water_quality": null, "data_source": "OSM waterbodies (Berlin)", "last_updated": "2025-11-12 10:22:47.569398" }, "geometry": { "type": "Point", "coordinates": [ 13.233655303934386, 52.451876915611592 ] } },
{ "type": "Feature", "properties": { "lake_name": "waldsee", "centroid_lat": 52.441423110162781, "centroid_lon": 13.23508592032435, "water_type": "lake", "area_ha": 2.5701, "max_depth_m": null, "perimeter_m": null, "has_public_access": null, "swimming_allowed": null, "water_quality": null, "data_source": "OSM waterbodies (Berlin)", "last_updated": "2025-11-12 10:22:47.569398" }, "geometry": { "type": "Point", "coordinates": [ 13.23508592032435, 52.441423110162781 ] } },
{ "type": "Feature", "properties": { "lake_name": "plotzensee", "centroid_lat": 52.544104857632611, "centroid_lon": 13.330006495121721, "water_type": "lake", "area_ha": 7.7413, "max_depth_m": null, "perimeter_m": null, "has_public_access": null, "swimming_allowed": null, "water_quality": null, "data_source": "OSM waterbodies (Berlin)", "last_updated": "2025-11-12 10:22:47.569398" }, "geometry": { "type": "Point", "coordinates": [ 13.330006495121721, 52.544104857632611 ] } },
{ "type": "Feature", "properties": { "lake_name": "grimnitzsee", "centroid_lat": 52.51471140311142, "centroid_lon": 13.200519683057104, "water_type": "lake", "area_ha": 6.1466, "max_depth_m": null, "perimeter_m": null, "has_public_access": null, "swimming_allowed": null, "water_quality": null, "data_source": "OSM waterbodies (Berlin)", "last_updated": "2025-11-12 10:22:47.569398" }, "geometry": { "type": "Point", "coordinates": [ 13.200519683057104, 52.51471140311142 ] } },
{ "type": "Feature", "properties": { "lake_name": "mowensee", "centroid_lat": 52.553780734399403, "centroid_lon": 13.333818456670215, "water_type": "lake", "area_ha": 1.2291, "max_depth_m": null, "perimeter_m": null, "has_public_access": null, "swimming_allowed": null, "water_quality": null, "data_source": "OSM waterbodies (Berlin)", "last_updated": "2025-11-12 10:22:47.569398" }, "geometry": { "type": "Point", "coordinates": [ 13.333818456670215, 52.553780734399403 ] } },
{ "type": "Feature", "properties": { "lake_name": "entenpfuhl", "centroid_lat": 52.555943032747599, "centroid_lon": 13.330302413373117, "water_type": "lake", "area_ha": 0.2046, "max_depth_m": null, "perimeter_m": null, "has_public_access": null, "swimming_allowed": null, "water_quality": null, "data_source": "OSM waterbodies (Berlin)", "last_updated": "2025-11-12 10:22:47.569398" }, "geometry": { "type": "Point", "coordinates": [ 13.330302413373117, 52.555943032747599 ] } },
{ "type": "Feature", "properties": { "lake_name": "sperlingsee", "centroid_lat": 52.555260085214996, "centroid_lon": 13.331307493633886, "water_type": "lake", "area_ha": 0.2924, "max_depth_m": null, "perimeter_m": null, "has_public_access": null, "swimming_allowed": null, "water_quality": null, "data_source": "OSM waterbodies (Berlin)", "last_updated": "2025-11-12 10:22:47.569398" }, "geometry": { "type": "Point", "coordinates": [ 13.331307493633886, 52.555260085214996 ] } },
{ "type": "Feature", "properties": { "lake_name": "teufelssee", "centroid_lat": 52.49111082759412, "centroid_lon": 13.23359402299036, "water_type": "lake", "area_ha": 2.2119, "max_depth_m": null, "perimeter_m": null, "has_public_access": null, "swimming_allowed": null, "water_quality": null, "data_source": "OSM waterbodies (Berlin)", "last_updated": "2025-11-12 10:22:47.569398" }, "geometry": { "type": "Point", "coordinates": [ 13.23359402299036, 52.49111082759412 ] } },
{ "type": "Feature", "properties": { "lake_name": "garibalditeich", "centroid_lat": 52.58670238885292, "centroid_lon": 13.361240115730151, "water_type": "pond", "area_ha": 0.5514, "max_depth_m": null, "perimeter_m": null, "has_public_access": null, "swimming_allowed": null, "water_quality": null, "data_source": "OSM waterbodies (Berlin)", "last_updated": "2025-11-12 10:22:47.569398" }, "geometry": { "type": "Point", "coordinates": [ 13.361240115730151, 52.58670238885292 ] } },
{ "type": "Feature", "properties": { "lake_name": "nordhafen", "centroid_lat": 52.536796635725658, "centroid_lon": 13.363656060742532, "water_type": "lake", "area_ha": 3.8944, "max_depth_m": null, "perimeter_m": null, "has_public_access": null, "swimming_allowed": null, "water_quality": null, "data_source": "OSM waterbodies (Berlin)", "last_updated": "2025-11-12 10:22:47.569398" }, "geometry": { "type": "Point", "coordinates": [ 13.363656060742532, 52.536796635725658 ] } },
{ "type": "Feature", "properties": { "lake_name": "bitburgerteich", "centroid_lat": 52.563921946647149, "centroid_lon": 13.480818353217201, "water_type": "pond", "area_ha": 0.1407, "max_depth_m": null, "perimeter_m": null, "has_public_access": null, "swimming_allowed": null, "water_quality": null, "data_source": "OSM waterbodies (Berlin)", "last_updated": "2025-11-12 10:22:47.569398" }, "geometry": { "type": "Point", "coordinates": [ 13.480818353217201, 52.563921946647149 ] } },
{ "type": "Feature", "properties": { "lake_name": "orankesee", "centroid_lat": 52.548826014545966, "centroid_lon": 13.48232983455069, "water_type": "lake", "area_ha": 3.9742, "max_depth_m": null, "perimeter_m": null, "has_public_access": null, "swimming_allowed": null, "water_quality": null, "data_source": "OSM waterbodies (Berlin)", "last_updated": "2025-11-12 10:22:47.569398" }, "geometry": { "type": "Point", "coordinates": [ 13.48232983455069, 52.548826014545966 ] } },
{ "type": "Feature", "properties": { "lake_name": "borsighafen", "centroid_lat": 52.581882080866755, "centroid_lon": 13.276197674477649, "water_type": "lake", "area_ha": 4.6342, "max_depth_m": null, "perimeter_m": null, "has_public_access": null, "swimming_allowed": null, "water_quality": null, "data_source": "OSM waterbodies (Berlin)", "last_updated": "2025-11-12 10:22:47.569398" }, "geometry": { "type": "Point", "coordinates": [ 13.276197674477649, 52.581882080866755 ] } },
{ "type": "Feature", "properties": { "lake_name": "ehemalige tongrube", "centroid_lat": 52.616366389085719, "centroid_lon": 13.323754005285071, "water_type": "pond", "area_ha": 0.3372, "max_depth_m": null, "perimeter_m": null, "has_public_access": null, "swimming_allowed": null, "water_quality": null, "data_source": "OSM waterbodies (Berlin)", "last_updated": "2025-11-12 10:22:47.569398" }, "geometry": { "type": "Point", "coordinates": [ 13.323754005285071, 52.616366389085719 ] } },
{ "type": "Feature", "properties": { "lake_name": "ziegeleisee", "centroid_lat": 52.617123241997348, "centroid_lon": 13.334497604539258, "water_type": "lake", "area_ha": 4.4525, "max_depth_m": null, "perimeter_m": null, "has_public_access": null, "swimming_allowed": null, "water_quality": null, "data_source": "OSM waterbodies (Berlin)", "last_updated": "2025-11-12 10:22:47.569398" }, "geometry": { "type": "Point", "coordinates": [ 13.334497604539258, 52.617123241997348 ] } },
{ "type": "Feature", "properties": { "lake_name": "sprintwiesenteich", "centroid_lat": 52.622152798526159, "centroid_lon": 13.363203318379622, "water_type": "pond", "area_ha": 0.8008, "max_depth_m": null, "perimeter_m": null, "has_public_access": null, "swimming_allowed": null, "water_quality": null, "data_source": "OSM waterbodies (Berlin)", "last_updated": "2025-11-12 10:22:47.569398" }, "geometry": { "type": "Point", "coordinates": [ 13.363203318379622, 52.622152798526159 ] } },
{ "type": "Feature", "properties": { "lake_name": "koppchensee", "centroid_lat": 52.625792185807157, "centroid_lon": 13.370690682368902, "water_type": "lake", "area_ha": 4.2335, "max_depth_m": null, "perimeter_m": null, "has_public_access": null, "swimming_allowed": null, "water_quality": null, "data_source": "OSM waterbodies (Berlin)", "last_updated": "2025-11-12 10:22:47.569398" }, "geometry": { "type": "Point", "coordinates": [ 13.370690682368902, 52.625792185807157 ] } },
{ "type": "Feature", "properties": { "lake_name": "ostsee", "centroid_lat": 52.435654758342451, "centroid_lon": 13.419646612521063, "water_type": "pond", "area_ha": 1.6681, "max_depth_m": null, "perimeter_m": null, "has_public_access": null, "swimming_allowed": null, "water_quality": null, "data_source": "OSM waterbodies (Berlin)", "last_updated": "2025-11-12 10:22:47.569398" }, "geometry": { "type": "Point", "coordinates": [ 13.419646612521063, 52.435654758342451 ] } },
{ "type": "Feature", "properties": { "lake_name": "großer spektesee", "centroid_lat": 52.544922421137812, "centroid_lon": 13.165198052429201, "water_type": "lake", "area_ha": 6.2203, "max_depth_m": null, "perimeter_m": null, "has_public_access": null, "swimming_allowed": null, "water_quality": null, "data_source": "OSM waterbodies (Berlin)", "last_updated": "2025-11-12 10:22:47.569398" }, "geometry": { "type": "Point", "coordinates": [ 13.165198052429201, 52.544922421137812 ] } },
{ "type": "Feature", "properties": { "lake_name": "panzersee", "centroid_lat": 52.555431361880878, "centroid_lon": 13.129727076525599, "water_type": "pond", "area_ha": 1.739, "max_depth_m": null, "perimeter_m": null, "has_public_access": null, "swimming_allowed": null, "water_quality": null, "data_source": "OSM waterbodies (Berlin)", "last_updated": "2025-11-12 10:22:47.569398" }, "geometry": { "type": "Point", "coordinates": [ 13.129727076525599, 52.555431361880878 ] } },
{ "type": "Feature", "properties": { "lake_name": "heiligensee", "centroid_lat": 52.604252265461575, "centroid_lon": 13.21504433036829, "water_type": "lake", "area_ha": 31.01, "max_depth_m": null, "perimeter_m": null, "has_public_access": null, "swimming_allowed": null, "water_quality": null, "data_source": "OSM waterbodies (Berlin)", "last_updated": "2025-11-12 10:22:47.569398" }, "geometry": { "type": "Point", "coordinates": [ 13.21504433036829, 52.604252265461575 ] } },
{ "type": "Feature", "properties": { "lake_name": "nieder neuendorfer see", "centroid_lat": 52.615269725825812, "centroid_lon": 13.212378595935254, "water_type": "lake", "area_ha": 90.7937, "max_depth_m": null, "perimeter_m": null, "has_public_access": null, "swimming_allowed": null, "water_quality": null, "data_source": "OSM waterbodies (Berlin)", "last_updated": "2025-11-12 10:22:47.569398" }, "geometry": { "type": "Point", "coordinates": [ 13.212378595935254, 52.615269725825812 ] } },
{ "type": "Feature", "properties": { "lake_name": "sausuhlensee", "centroid_lat": 52.514080413430946, "centroid_lon": 13.250154332888195, "water_type": "lake", "area_ha": 0.9926, "max_depth_m": null, "perimeter_m": null, "has_public_access": null, "swimming_allowed": null, "water_quality": null, "data_source": "OSM waterbodies (Berlin)", "last_updated": "2025-11-12 10:22:47.569398" }, "geometry": { "type": "Point", "coordinates": [ 13.250154332888195, 52.514080413430946 ] } },
{ "type": "Feature", "properties": { "lake_name": "sickerbecken 3", "centroid_lat": 52.55840622852061, "centroid_lon": 13.250047337772548, "water_type": "pond", "area_ha": 0.8864, "max_depth_m": null, "perimeter_m": null, "has_public_access": null, "swimming_allowed": null, "water_quality": null, "data_source": "OSM waterbodies (Berlin)", "last_updated": "2025-11-12 10:22:47.569398" }, "geometry": { "type": "Point", "coordinates": [ 13.250047337772548, 52.55840622852061 ] } },
{ "type": "Feature", "properties": { "lake_name": "sickerbecken 2", "centroid_lat": 52.557005050584714, "centroid_lon": 13.247613814611478, "water_type": "pond", "area_ha": 0.7656, "max_depth_m": null, "perimeter_m": null, "has_public_access": null, "swimming_allowed": null, "water_quality": null, "data_source": "OSM waterbodies (Berlin)", "last_updated": "2025-11-12 10:22:47.569398" }, "geometry": { "type": "Point", "coordinates": [ 13.247613814611478, 52.557005050584714 ] } },
{ "type": "Feature", "properties": { "lake_name": "sickerbecken 1", "centroid_lat": 52.558450535977741, "centroid_lon": 13.246845504678108, "water_type": "pond", "area_ha": 0.8062, "max_depth_m": null, "perimeter_m": null, "has_public_access": null, "swimming_allowed": null, "water_quality": null, "data_source": "OSM waterbodies (Berlin)", "last_updated": "2025-11-12 10:22:47.569398" }, "geometry": { "type": "Point", "coordinates": [ 13.246845504678108, 52.558450535977741 ] } },
{ "type": "Feature", "properties": { "lake_name": "septimerbecken", "centroid_lat": 52.565976633010628, "centroid_lon": 13.341750797625012, "water_type": "pond", "area_ha": 308.0, "max_depth_m": null, "perimeter_m": null, "has_public_access": null, "swimming_allowed": null, "water_quality": null, "data_source": "OSM waterbodies (Berlin)", "last_updated": "2025-11-12 10:22:47.569398" }, "geometry": { "type": "Point", "coordinates": [ 13.341750797625012, 52.565976633010628 ] } },
{ "type": "Feature", "properties": { "lake_name": "schwanenteich", "centroid_lat": 52.577379334866968, "centroid_lon": 13.345185702582976, "water_type": "pond", "area_ha": 0.3799, "max_depth_m": null, "perimeter_m": null, "has_public_access": null, "swimming_allowed": null, "water_quality": null, "data_source": "OSM waterbodies (Berlin)", "last_updated": "2025-11-12 10:22:47.569398" }, "geometry": { "type": "Point", "coordinates": [ 13.345185702582976, 52.577379334866968 ] } },
{ "type": "Feature", "properties": { "lake_name": "ententeich", "centroid_lat": 52.482915635799053, "centroid_lon": 13.341451359092719, "water_type": "pond", "area_ha": 232.0, "max_depth_m": null, "perimeter_m": null, "has_public_access": null, "swimming_allowed": null, "water_quality": null, "data_source": "OSM waterbodies (Berlin)", "last_updated": "2025-11-12 10:22:47.569398" }, "geometry": { "type": "Point", "coordinates": [ 13.341451359092719, 52.482915635799053 ] } },
{ "type": "Feature", "properties": { "lake_name": "messelteich", "centroid_lat": 52.465870678828232, "centroid_lon": 13.29055640594896, "water_type": "pond", "area_ha": 0.0516, "max_depth_m": null, "perimeter_m": null, "has_public_access": null, "swimming_allowed": null, "water_quality": null, "data_source": "OSM waterbodies (Berlin)", "last_updated": "2025-11-12 10:22:47.569398" }, "geometry": { "type": "Point", "coordinates": [ 13.29055640594896, 52.465870678828232 ] } },
{ "type": "Feature", "properties": { "lake_name": "spektelake", "centroid_lat": 52.548796940093354, "centroid_lon": 13.146242533875112, "water_type": "lake", "area_ha": 7.4363, "max_depth_m": null, "perimeter_m": null, "has_public_access": null, "swimming_allowed": null, "water_quality": null, "data_source": "OSM waterbodies (Berlin)", "last_updated": "2025-11-12 10:22:47.569398" }, "geometry": { "type": "Point", "coordinates": [ 13.146242533875112, 52.548796940093354 ] } },
{ "type": "Feature", "properties": { "lake_name": "toter mantel", "centroid_lat": 52.514605369222799, "centroid_lon": 13.208499462331805, "water_type": "pond", "area_ha": 1.5539, "max_depth_m": null, "perimeter_m": null, "has_public_access": null, "swimming_allowed": null, "water_quality": null, "data_source": "OSM waterbodies (Berlin)", "last_updated": "2025-11-12 10:22:47.569398" }, "geometry": { "type": "Point", "coordinates": [ 13.208499462331805, 52.514605369222799 ] } },
{ "type": "Feature", "properties": { "lake_name": "barssee", "centroid_lat": 52.477412059032027, "centroid_lon": 13.215316828177892, "water_type": "pond", "area_ha": 0.8558, "max_depth_m": null, "perimeter_m": null, "has_public_access": null, "swimming_allowed": null, "water_quality": null, "data_source": "OSM waterbodies (Berlin)", "last_updated": "2025-11-12 10:22:47.569398" }, "geometry": { "type": "Point", "coordinates": [ 13.215316828177892, 52.477412059032027 ] } },
{ "type": "Feature", "properties": { "lake_name": "engelbecken", "centroid_lat": 52.50578838929404, "centroid_lon": 13.418286885671254, "water_type": "pond", "area_ha": 916.0, "max_depth_m": null, "perimeter_m": null, "has_public_access": null, "swimming_allowed": null, "water_quality": null, "data_source": "OSM waterbodies (Berlin)", "last_updated": "2025-11-12 10:22:47.569398" }, "geometry": { "type": "Point", "coordinates": [ 13.418286885671254, 52.50578838929404 ] } },
{ "type": "Feature", "properties": { "lake_name": "koldischteich", "centroid_lat": 52.579072115925456, "centroid_lon": 13.325711567580976, "water_type": "pond", "area_ha": 0.5262, "max_depth_m": null, "perimeter_m": null, "has_public_access": null, "swimming_allowed": null, "water_quality": null, "data_source": "OSM waterbodies (Berlin)", "last_updated": "2025-11-12 10:22:47.569398" }, "geometry": { "type": "Point", "coordinates": [ 13.325711567580976, 52.579072115925456 ] } },
{ "type": "Feature", "properties": { "lake_name": "kauzchensteigteich", "centroid_lat": 52.464387388941063, "centroid_lon": 13.27158935697166, "water_type": "pond", "area_ha": 0.2065, "max_depth_m": null, "perimeter_m": null, "has_public_access": null, "swimming_allowed": null, "water_quality": null, "data_source": "OSM waterbodies (Berlin)", "last_updated": "2025-11-12 10:22:47.569398" }, "geometry": { "type": "Point", "coordinates": [ 13.27158935697166, 52.464387388941063 ] } },
{ "type": "Feature", "properties": { "lake_name": "lindenhofweiher", "centroid_lat": 52.456817012523651, "centroid_lon": 13.361676359315799, "water_type": "pond", "area_ha": 0.9486, "max_depth_m": null, "perimeter_m": null, "has_public_access": null, "swimming_allowed": null, "water_quality": null, "data_source": "OSM waterbodies (Berlin)", "last_updated": "2025-11-12 10:22:47.569398" }, "geometry": { "type": "Point", "coordinates": [ 13.361676359315799, 52.456817012523651 ] } },
{ "type": "Feature", "properties": { "lake_name": "dorfteich bohnsdorf", "centroid_lat": 52.399403443463591, "centroid_lon": 13.555183296817283, "water_type": "pond", "area_ha": 0.1085, "max_depth_m": null, "perimeter_m": null, "has_public_access": null, "swimming_allowed": null, "water_quality": null, "data_source": "OSM waterbodies (Berlin)", "last_updated": "2025-11-12 10:22:47.569398" }, "geometry": { "type": "Point", "coordinates": [ 13.555183296817283, 52.399403443463591 ] } },
{ "type": "Feature", "properties": { "lake_name": "großer zug", "centroid_lat": 52.344245191025912, "centroid_lon": 13.655110256315725, "water_type": "lake", "area_ha": 101.8655, "max_depth_m": null, "perimeter_m": null, "has_public_access": null, "swimming_allowed": null, "water_quality": null, "data_source": "OSM waterbodies (Berlin)", "last_updated": "2025-11-12 10:22:47.569398" }, "geometry": { "type": "Point", "coordinates": [ 13.655110256315725, 52.344245191025912 ] } },
{ "type": "Feature", "properties": { "lake_name": "mittelfeldteich", "centroid_lat": 52.612045630975118, "centroid_lon": 13.230210796549359, "water_type": "pond", "area_ha": 0.4268, "max_depth_m": null, "perimeter_m": null, "has_public_access": null, "swimming_allowed": null, "water_quality": null, "data_source": "OSM waterbodies (Berlin)", "last_updated": "2025-11-12 10:22:47.569398" }, "geometry": { "type": "Point", "coordinates": [ 13.230210796549359, 52.612045630975118 ] } },
{ "type": "Feature", "properties": { "lake_name": "fennpfuhl", "centroid_lat": 52.450764044461216, "centroid_lon": 13.444141483934548, "water_type": "pond", "area_ha": 534.0, "max_depth_m": null, "perimeter_m": null, "has_public_access": null, "swimming_allowed": null, "water_quality": null, "data_source": "OSM waterbodies (Berlin)", "last_updated": "2025-11-12 10:22:47.569398" }, "geometry": { "type": "Point", "coordinates": [ 13.444141483934548, 52.450764044461216 ] } },
{ "type": "Feature", "properties": { "lake_name": "krummer pfuhl", "centroid_lat": 52.457828237174674, "centroid_lon": 13.366360131620969, "water_type": "pond", "area_ha": 0.2265, "max_depth_m": null, "perimeter_m": null, "has_public_access": null, "swimming_allowed": null, "water_quality": null, "data_source": "OSM waterbodies (Berlin)", "last_updated": "2025-11-12 10:22:47.569398" }, "geometry": { "type": "Point", "coordinates": [ 13.366360131620969, 52.457828237174674 ] } },
{ "type": "Feature", "properties": { "lake_name": "baketeich", "centroid_lat": 52.444501475368909, "centroid_lon": 13.325828510224479, "water_type": "pond", "area_ha": 0.4291, "max_depth_m": null, "perimeter_m": null, "has_public_access": null, "swimming_allowed": null, "water_quality": null, "data_source": "OSM waterbodies (Berlin)", "last_updated": "2025-11-12 10:22:47.569398" }, "geometry": { "type": "Point", "coordinates": [ 13.325828510224479, 52.444501475368909 ] } },
{ "type": "Feature", "properties": { "lake_name": "gehrensee", "centroid_lat": 52.576247940165551, "centroid_lon": 13.561620511589528, "water_type": "pond", "area_ha": 1.0024, "max_depth_m": null, "perimeter_m": null, "has_public_access": null, "swimming_allowed": null, "water_quality": null, "data_source": "OSM waterbodies (Berlin)", "last_updated": "2025-11-12 10:22:47.569398" }, "geometry": { "type": "Point", "coordinates": [ 13.561620511589528, 52.576247940165551 ] } },
{ "type": "Feature", "properties": { "lake_name": "himmelsauge", "centroid_lat": 52.480386665977811, "centroid_lon": 13.215520764949686, "water_type": "pond", "area_ha": 22.0, "max_depth_m": null, "perimeter_m": null, "has_public_access": null, "swimming_allowed": null, "water_quality": null, "data_source": "OSM waterbodies (Berlin)", "last_updated": "2025-11-12 10:22:47.569398" }, "geometry": { "type": "Point", "coordinates": [ 13.215520764949686, 52.480386665977811 ] } },
{ "type": "Feature", "properties": { "lake_name": "große krampe", "centroid_lat": 52.395324393139525, "centroid_lon": 13.65640538459515, "water_type": "lake", "area_ha": 68.0041, "max_depth_m": null, "perimeter_m": null, "has_public_access": null, "swimming_allowed": null, "water_quality": null, "data_source": "OSM waterbodies (Berlin)", "last_updated": "2025-11-12 10:22:47.569398" }, "geometry": { "type": "Point", "coordinates": [ 13.65640538459515, 52.395324393139525 ] } },
{ "type": "Feature", "properties": { "lake_name": "amerikasee", "centroid_lat": 52.452479810156298, "centroid_lon": 13.307417580686208, "water_type": "pond", "area_ha": 0.3819, "max_depth_m": null, "perimeter_m": null, "has_public_access": null, "swimming_allowed": null, "water_quality": null, "data_source": "OSM waterbodies (Berlin)", "last_updated": "2025-11-12 10:22:47.569398" }, "geometry": { "type": "Point", "coordinates": [ 13.307417580686208, 52.452479810156298 ] } },
{ "type": "Feature", "properties": { "lake_name": "goebenteich", "centroid_lat": 52.448676777464591, "centroid_lon": 13.329998920291812, "water_type": "pond", "area_ha": 0.2855, "max_depth_m": null, "perimeter_m": null, "has_public_access": null, "swimming_allowed": null, "water_quality": null, "data_source": "OSM waterbodies (Berlin)", "last_updated": "2025-11-12 10:22:47.569398" }, "geometry": { "type": "Point", "coordinates": [ 13.329998920291812, 52.448676777464591 ] } },
{ "type": "Feature", "properties": { "lake_name": "restaurantteich", "centroid_lat": 52.447487164554879, "centroid_lon": 13.337060097989433, "water_type": "pond", "area_ha": 0.1613, "max_depth_m": null, "perimeter_m": null, "has_public_access": null, "swimming_allowed": null, "water_quality": null, "data_source": "OSM waterbodies (Berlin)", "last_updated": "2025-11-12 10:22:47.569398" }, "geometry": { "type": "Point", "coordinates": [ 13.337060097989433, 52.447487164554879 ] } },
{ "type": "Feature", "properties": { "lake_name": "krugpfuhl", "centroid_lat": 52.448646662331235, "centroid_lon": 13.451244371806906, "water_type": "pond", "area_ha": 55.0, "max_depth_m": null, "perimeter_m": null, "has_public_access": null, "swimming_allowed": null, "water_quality": null, "data_source": "OSM waterbodies (Berlin)", "last_updated": "2025-11-12 10:22:47.569398" }, "geometry": { "type": "Point", "coordinates": [ 13.451244371806906, 52.448646662331235 ] } },
{ "type": "Feature", "properties": { "lake_name": "teichbach", "centroid_lat": 52.433176977641082, "centroid_lon": 13.411889748841311, "water_type": "pond", "area_ha": 0.0752, "max_depth_m": null, "perimeter_m": null, "has_public_access": null, "swimming_allowed": null, "water_quality": null, "data_source": "OSM waterbodies (Berlin)", "last_updated": "2025-11-12 10:22:47.569398" }, "geometry": { "type": "Point", "coordinates": [ 13.411889748841311, 52.433176977641082 ] } },
{ "type": "Feature", "properties": { "lake_name": "kopfweidenpfuhl", "centroid_lat": 52.430600677795447, "centroid_lon": 13.419502731448601, "water_type": "pond", "area_ha": 0.0998, "max_depth_m": null, "perimeter_m": null, "has_public_access": null, "swimming_allowed": null, "water_quality": null, "data_source": "OSM waterbodies (Berlin)", "last_updated": "2025-11-12 10:22:47.569398" }, "geometry": { "type": "Point", "coordinates": [ 13.419502731448601, 52.430600677795447 ] } },
{ "type": "Feature", "properties": { "lake_name": "teich vollkropfgraben", "centroid_lat": 52.436890838494037, "centroid_lon": 13.567020382351391, "water_type": "pond", "area_ha": 0.2679, "max_depth_m": null, "perimeter_m": null, "has_public_access": null, "swimming_allowed": null, "water_quality": null, "data_source": "OSM waterbodies (Berlin)", "last_updated": "2025-11-12 10:22:47.569398" }, "geometry": { "type": "Point", "coordinates": [ 13.567020382351391, 52.436890838494037 ] } },
{ "type": "Feature", "properties": { "lake_name": "pucklerteich", "centroid_lat": 52.466907451134674, "centroid_lon": 13.273175990452012, "water_type": "pond", "area_ha": 0.3374, "max_depth_m": null, "perimeter_m": null, "has_public_access": null, "swimming_allowed": null, "water_quality": null, "data_source": "OSM waterbodies (Berlin)", "last_updated": "2025-11-12 10:22:47.569398" }, "geometry": { "type": "Point", "coordinates": [ 13.273175990452012, 52.466907451134674 ] } },
{ "type": "Feature", "properties": { "lake_name": "britzer kirchteich", "centroid_lat": 52.447382785125441, "centroid_lon": 13.436414951304249, "water_type": "pond", "area_ha": 0.7398, "max_depth_m": null, "perimeter_m": null, "has_public_access": null, "swimming_allowed": null, "water_quality": null, "data_source": "OSM waterbodies (Berlin)", "last_updated": "2025-11-12 10:22:47.569398" }, "geometry": { "type": "Point", "coordinates": [ 13.436414951304249, 52.447382785125441 ] } },
{ "type": "Feature", "properties": { "lake_name": "stieglakebecken", "centroid_lat": 52.529077762006906, "centroid_lon": 13.149205804689716, "water_type": "pond", "area_ha": 0.1887, "max_depth_m": null, "perimeter_m": null, "has_public_access": null, "swimming_allowed": null, "water_quality": null, "data_source": "OSM waterbodies (Berlin)", "last_updated": "2025-11-12 10:22:47.569398" }, "geometry": { "type": "Point", "coordinates": [ 13.149205804689716, 52.529077762006906 ] } },
{ "type": "Feature", "properties": { "lake_name": "klarpfuhl", "centroid_lat": 52.403137269982203, "centroid_lon": 13.513344111166658, "water_type": "pond", "area_ha": 0.2855, "max_depth_m": null, "perimeter_m": null, "has_public_access": null, "swimming_allowed": null, "water_quality": null, "data_source": "OSM waterbodies (Berlin)", "last_updated": "2025-11-12 10:22:47.569398" }, "geometry": { "type": "Point", "coordinates": [ 13.513344111166658, 52.403137269982203 ] } },
{ "type": "Feature", "properties": { "lake_name": "teich rudow (kleiner rothepfuhl)", "centroid_lat": 52.407861081164249, "centroid_lon": 13.51054168117793, "water_type": "pond", "area_ha": 0.0978, "max_depth_m": null, "perimeter_m": null, "has_public_access": null, "swimming_allowed": null, "water_quality": null, "data_source": "OSM waterbodies (Berlin)", "last_updated": "2025-11-12 10:22:47.569398" }, "geometry": { "type": "Point", "coordinates": [ 13.51054168117793, 52.407861081164249 ] } },
{ "type": "Feature", "properties": { "lake_name": "krummer katzenpfuhl", "centroid_lat": 52.407108077277407, "centroid_lon": 13.507168058055544, "water_type": "pond", "area_ha": 79.0, "max_depth_m": null, "perimeter_m": null, "has_public_access": null, "swimming_allowed": null, "water_quality": null, "data_source": "OSM waterbodies (Berlin)", "last_updated": "2025-11-12 10:22:47.569398" }, "geometry": { "type": "Point", "coordinates": [ 13.507168058055544, 52.407108077277407 ] } },
{ "type": "Feature", "properties": { "lake_name": "rothepfuhl", "centroid_lat": 52.406586598842914, "centroid_lon": 13.509210415855684, "water_type": "pond", "area_ha": 0.1078, "max_depth_m": null, "perimeter_m": null, "has_public_access": null, "swimming_allowed": null, "water_quality": null, "data_source": "OSM waterbodies (Berlin)", "last_updated": "2025-11-12 10:22:47.569398" }, "geometry": { "type": "Point", "coordinates": [ 13.509210415855684, 52.406586598842914 ] } },
{ "type": "Feature", "properties": { "lake_name": "klosterteich", "centroid_lat": 52.414936808275847, "centroid_lon": 13.358625067863766, "water_type": "pond", "area_ha": 0.0711, "max_depth_m": null, "perimeter_m": null, "has_public_access": null, "swimming_allowed": null, "water_quality": null, "data_source": "OSM waterbodies (Berlin)", "last_updated": "2025-11-12 10:22:47.569398" }, "geometry": { "type": "Point", "coordinates": [ 13.358625067863766, 52.414936808275847 ] } },
{ "type": "Feature", "properties": { "lake_name": "buschgraben", "centroid_lat": 52.408173066616285, "centroid_lon": 13.248399172628217, "water_type": "pond", "area_ha": 0.5573, "max_depth_m": null, "perimeter_m": null, "has_public_access": null, "swimming_allowed": null, "water_quality": null, "data_source": "OSM waterbodies (Berlin)", "last_updated": "2025-11-12 10:22:47.569398" }, "geometry": { "type": "Point", "coordinates": [ 13.248399172628217, 52.408173066616285 ] } },
{ "type": "Feature", "properties": { "lake_name": "hohenschonhausener see", "centroid_lat": 52.561223583191264, "centroid_lon": 13.531159568217475, "water_type": "pond", "area_ha": 0.8641, "max_depth_m": null, "perimeter_m": null, "has_public_access": null, "swimming_allowed": null, "water_quality": null, "data_source": "OSM waterbodies (Berlin)", "last_updated": "2025-11-12 10:22:47.569398" }, "geometry": { "type": "Point", "coordinates": [ 13.531159568217475, 52.561223583191264 ] } },
{ "type": "Feature", "properties": { "lake_name": "lichtenrader dorfteich", "centroid_lat": 52.390603391239239, "centroid_lon": 13.41041405131563, "water_type": "pond", "area_ha": 0.8957, "max_depth_m": null, "perimeter_m": null, "has_public_access": null, "swimming_allowed": null, "water_quality": null, "data_source": "OSM waterbodies (Berlin)", "last_updated": "2025-11-12 10:22:47.569398" }, "geometry": { "type": "Point", "coordinates": [ 13.41041405131563, 52.390603391239239 ] } },
{ "type": "Feature", "properties": { "lake_name": "venusbassin", "centroid_lat": 52.514576177402283, "centroid_lon": 13.37062923227082, "water_type": "pond", "area_ha": 0.3145, "max_depth_m": null, "perimeter_m": null, "has_public_access": null, "swimming_allowed": null, "water_quality": null, "data_source": "OSM waterbodies (Berlin)", "last_updated": "2025-11-12 10:22:47.569398" }, "geometry": { "type": "Point", "coordinates": [ 13.37062923227082, 52.514576177402283 ] } },
{ "type": "Feature", "properties": { "lake_name": "sinkende mauer", "centroid_lat": 52.529303682953646, "centroid_lon": 13.376338912406586, "water_type": "pond", "area_ha": 0.2284, "max_depth_m": null, "perimeter_m": null, "has_public_access": null, "swimming_allowed": null, "water_quality": null, "data_source": "OSM waterbodies (Berlin)", "last_updated": "2025-11-12 10:22:47.569398" }, "geometry": { "type": "Point", "coordinates": [ 13.376338912406586, 52.529303682953646 ] } },
{ "type": "Feature", "properties": { "lake_name": "fischtalteich", "centroid_lat": 52.444263392665334, "centroid_lon": 13.257197895346454, "water_type": "pond", "area_ha": 0.2107, "max_depth_m": null, "perimeter_m": null, "has_public_access": null, "swimming_allowed": null, "water_quality": null, "data_source": "OSM waterbodies (Berlin)", "last_updated": "2025-11-12 10:22:47.569398" }, "geometry": { "type": "Point", "coordinates": [ 13.257197895346454, 52.444263392665334 ] } },
{ "type": "Feature", "properties": { "lake_name": "lankegrabenteich", "centroid_lat": 52.436673050672674, "centroid_lon": 13.357876023446874, "water_type": "pond", "area_ha": 0.0717, "max_depth_m": null, "perimeter_m": null, "has_public_access": null, "swimming_allowed": null, "water_quality": null, "data_source": "OSM waterbodies (Berlin)", "last_updated": "2025-11-12 10:22:47.569398" }, "geometry": { "type": "Point", "coordinates": [ 13.357876023446874, 52.436673050672674 ] } },
{ "type": "Feature", "properties": { "lake_name": "triestparkteich", "centroid_lat": 52.449259089644237, "centroid_lon": 13.2873699665759, "water_type": "pond", "area_ha": 0.1057, "max_depth_m": null, "perimeter_m": null, "has_public_access": null, "swimming_allowed": null, "water_quality": null, "data_source": "OSM waterbodies (Berlin)", "last_updated": "2025-11-12 10:22:47.569398" }, "geometry": { "type": "Point", "coordinates": [ 13.2873699665759, 52.449259089644237 ] } },
{ "type": "Feature", "properties": { "lake_name": "kleiner stadtparkteich", "centroid_lat": 52.449187989746335, "centroid_lon": 13.334857396001841, "water_type": "pond", "area_ha": 0.0646, "max_depth_m": null, "perimeter_m": null, "has_public_access": null, "swimming_allowed": null, "water_quality": null, "data_source": "OSM waterbodies (Berlin)", "last_updated": "2025-11-12 10:22:47.569398" }, "geometry": { "type": "Point", "coordinates": [ 13.334857396001841, 52.449187989746335 ] } },
{ "type": "Feature", "properties": { "lake_name": "grimnitz", "centroid_lat": 52.374292861643845, "centroid_lon": 13.646231906272234, "water_type": "lake", "area_ha": 9.521, "max_depth_m": null, "perimeter_m": null, "has_public_access": null, "swimming_allowed": null, "water_quality": null, "data_source": "OSM waterbodies (Berlin)", "last_updated": "2025-11-12 10:22:47.569398" }, "geometry": { "type": "Point", "coordinates": [ 13.646231906272234, 52.374292861643845 ] } },
{ "type": "Feature", "properties": { "lake_name": "wiesenbecken", "centroid_lat": 52.530360841651969, "centroid_lon": 13.160728000696093, "water_type": "lake", "area_ha": 359.0, "max_depth_m": null, "perimeter_m": null, "has_public_access": null, "swimming_allowed": null, "water_quality": null, "data_source": "OSM waterbodies (Berlin)", "last_updated": "2025-11-12 10:22:47.569398" }, "geometry": { "type": "Point", "coordinates": [ 13.160728000696093, 52.530360841651969 ] } },
{ "type": "Feature", "properties": { "lake_name": "eichenpfuhl", "centroid_lat": 52.636749942350093, "centroid_lon": 13.264899552316752, "water_type": "pond", "area_ha": 0.0856, "max_depth_m": null, "perimeter_m": null, "has_public_access": null, "swimming_allowed": null, "water_quality": null, "data_source": "OSM waterbodies (Berlin)", "last_updated": "2025-11-12 10:22:47.569398" }, "geometry": { "type": "Point", "coordinates": [ 13.264899552316752, 52.636749942350093 ] } },
{ "type": "Feature", "properties": { "lake_name": "nibelungenteich", "centroid_lat": 52.637235443508459, "centroid_lon": 13.278636526155699, "water_type": "pond", "area_ha": 0.1282, "max_depth_m": null, "perimeter_m": null, "has_public_access": null, "swimming_allowed": null, "water_quality": null, "data_source": "OSM waterbodies (Berlin)", "last_updated": "2025-11-12 10:22:47.569398" }, "geometry": { "type": "Point", "coordinates": [ 13.278636526155699, 52.637235443508459 ] } },
{ "type": "Feature", "properties": { "lake_name": "studententeich", "centroid_lat": 52.450386558989017, "centroid_lon": 13.284008330370265, "water_type": "pond", "area_ha": 0.0546, "max_depth_m": null, "perimeter_m": null, "has_public_access": null, "swimming_allowed": null, "water_quality": null, "data_source": "OSM waterbodies (Berlin)", "last_updated": "2025-11-12 10:22:47.569398" }, "geometry": { "type": "Point", "coordinates": [ 13.284008330370265, 52.450386558989017 ] } },
{ "type": "Feature", "properties": { "lake_name": "sudsee", "centroid_lat": 52.431998465594759, "centroid_lon": 13.417779336318691, "water_type": "pond", "area_ha": 1.7385, "max_depth_m": null, "perimeter_m": null, "has_public_access": null, "swimming_allowed": null, "water_quality": null, "data_source": "OSM waterbodies (Berlin)", "last_updated": "2025-11-12 10:22:47.569398" }, "geometry": { "type": "Point", "coordinates": [ 13.417779336318691, 52.431998465594759 ] } },
{ "type": "Feature", "properties": { "lake_name": "krossinsee", "centroid_lat": 52.363296409359677, "centroid_lon": 13.678091405729941, "water_type": "lake", "area_ha": 142.4135, "max_depth_m": null, "perimeter_m": null, "has_public_access": null, "swimming_allowed": null, "water_quality": null, "data_source": "OSM waterbodies (Berlin)", "last_updated": "2025-11-12 10:22:47.569398" }, "geometry": { "type": "Point", "coordinates": [ 13.678091405729941, 52.363296409359677 ] } },
{ "type": "Feature", "properties": { "lake_name": "krummes fenn", "centroid_lat": 52.424501982277171, "centroid_lon": 13.23090254479418, "water_type": "pond", "area_ha": 417.0, "max_depth_m": null, "perimeter_m": null, "has_public_access": null, "swimming_allowed": null, "water_quality": null, "data_source": "OSM waterbodies (Berlin)", "last_updated": "2025-11-12 10:22:47.569398" }, "geometry": { "type": "Point", "coordinates": [ 13.23090254479418, 52.424501982277171 ] } },
{ "type": "Feature", "properties": { "lake_name": "große kaskade", "centroid_lat": 52.503380624781052, "centroid_lon": 13.289166485998695, "water_type": "pond", "area_ha": 0.0352, "max_depth_m": null, "perimeter_m": null, "has_public_access": null, "swimming_allowed": null, "water_quality": null, "data_source": "OSM waterbodies (Berlin)", "last_updated": "2025-11-12 10:22:47.569398" }, "geometry": { "type": "Point", "coordinates": [ 13.289166485998695, 52.503380624781052 ] } },
{ "type": "Feature", "properties": { "lake_name": "waldteich im botanischen volkspark", "centroid_lat": 52.605789705778768, "centroid_lon": 13.39367586862169, "water_type": "pond", "area_ha": 0.1314, "max_depth_m": null, "perimeter_m": null, "has_public_access": null, "swimming_allowed": null, "water_quality": null, "data_source": "OSM waterbodies (Berlin)", "last_updated": "2025-11-12 10:22:47.569398" }, "geometry": { "type": "Point", "coordinates": [ 13.39367586862169, 52.605789705778768 ] } },
{ "type": "Feature", "properties": { "lake_name": "chinateich", "centroid_lat": 52.454988856410921, "centroid_lon": 13.305720153709125, "water_type": "pond", "area_ha": 0.03, "max_depth_m": null, "perimeter_m": null, "has_public_access": null, "swimming_allowed": null, "water_quality": null, "data_source": "OSM waterbodies (Berlin)", "last_updated": "2025-11-12 10:22:47.569398" }, "geometry": { "type": "Point", "coordinates": [ 13.305720153709125, 52.454988856410921 ] } },
{ "type": "Feature", "properties": { "lake_name": "laake", "centroid_lat": 52.60147380250794, "centroid_lon": 13.489512071311591, "water_type": "pond", "area_ha": 0.1278, "max_depth_m": null, "perimeter_m": null, "has_public_access": null, "swimming_allowed": null, "water_quality": null, "data_source": "OSM waterbodies (Berlin)", "last_updated": "2025-11-12 10:22:47.569398" }, "geometry": { "type": "Point", "coordinates": [ 13.489512071311591, 52.60147380250794 ] } },
{ "type": "Feature", "properties": { "lake_name": "wuhlebecken", "centroid_lat": 52.481965257276137, "centroid_lon": 13.562739331998737, "water_type": "lake", "area_ha": 3.5663, "max_depth_m": null, "perimeter_m": null, "has_public_access": null, "swimming_allowed": null, "water_quality": null, "data_source": "OSM waterbodies (Berlin)", "last_updated": "2025-11-12 10:22:47.569398" }, "geometry": { "type": "Point", "coordinates": [ 13.562739331998737, 52.481965257276137 ] } },
{ "type": "Feature", "properties": { "lake_name": "klarensee", "centroid_lat": 52.463001160410926, "centroid_lon": 13.38325752139073, "water_type": "pond", "area_ha": 0.6422, "max_depth_m": null, "perimeter_m": null, "has_public_access": null, "swimming_allowed": null, "water_quality": null, "data_source": "OSM waterbodies (Berlin)", "last_updated": "2025-11-12 10:22:47.569398" }, "geometry": { "type": "Point", "coordinates": [ 13.38325752139073, 52.463001160410926 ] } },
{ "type": "Feature", "properties": { "lake_name": "amtsteich", "centroid_lat": 52.448331647004856, "centroid_lon": 13.599146618025436, "water_type": "pond", "area_ha": 0.1002, "max_depth_m": null, "perimeter_m": null, "has_public_access": null, "swimming_allowed": null, "water_quality": null, "data_source": "OSM waterbodies (Berlin)", "last_updated": "2025-11-12 10:22:47.569398" }, "geometry": { "type": "Point", "coordinates": [ 13.599146618025436, 52.448331647004856 ] } },
{ "type": "Feature", "properties": { "lake_name": "vierrutenteich", "centroid_lat": 52.612312369461634, "centroid_lon": 13.334414338630488, "water_type": "pond", "area_ha": 0.0577, "max_depth_m": null, "perimeter_m": null, "has_public_access": null, "swimming_allowed": null, "water_quality": null, "data_source": "OSM waterbodies (Berlin)", "last_updated": "2025-11-12 10:22:47.569398" }, "geometry": { "type": "Point", "coordinates": [ 13.334414338630488, 52.612312369461634 ] } },
{ "type": "Feature", "properties": { "lake_name": "brauningbecken", "centroid_lat": 52.61181159198604, "centroid_lon": 13.334640510327484, "water_type": "pond", "area_ha": 0.1373, "max_depth_m": null, "perimeter_m": null, "has_public_access": null, "swimming_allowed": null, "water_quality": null, "data_source": "OSM waterbodies (Berlin)", "last_updated": "2025-11-12 10:22:47.569398" }, "geometry": { "type": "Point", "coordinates": [ 13.334640510327484, 52.61181159198604 ] } },
{ "type": "Feature", "properties": { "lake_name": "seerosenbecken", "centroid_lat": 52.578754871466906, "centroid_lon": 13.405452392357811, "water_type": "pond", "area_ha": 0.0099, "max_depth_m": null, "perimeter_m": null, "has_public_access": null, "swimming_allowed": null, "water_quality": null, "data_source": "OSM waterbodies (Berlin)", "last_updated": "2025-11-12 10:22:47.569398" }, "geometry": { "type": "Point", "coordinates": [ 13.405452392357811, 52.578754871466906 ] } },
{ "type": "Feature", "properties": { "lake_name": "turkenpfuhl", "centroid_lat": 52.441105362264217, "centroid_lon": 13.407916188971145, "water_type": "pond", "area_ha": 0.3848, "max_depth_m": null, "perimeter_m": null, "has_public_access": null, "swimming_allowed": null, "water_quality": null, "data_source": "OSM waterbodies (Berlin)", "last_updated": "2025-11-12 10:22:47.569398" }, "geometry": { "type": "Point", "coordinates": [ 13.407916188971145, 52.441105362264217 ] } },
{ "type": "Feature", "properties": { "lake_name": "wilhelmsteich", "centroid_lat": 52.464179418264102, "centroid_lon": 13.382782879775196, "water_type": "pond", "area_ha": 0.1698, "max_depth_m": null, "perimeter_m": null, "has_public_access": null, "swimming_allowed": null, "water_quality": null, "data_source": "OSM waterbodies (Berlin)", "last_updated": "2025-11-12 10:22:47.569398" }, "geometry": { "type": "Point", "coordinates": [ 13.382782879775196, 52.464179418264102 ] } },
{ "type": "Feature", "properties": { "lake_name": "francketeich", "centroid_lat": 52.461005769239904, "centroid_lon": 13.389766685584195, "water_type": "pond", "area_ha": 0.0461, "max_depth_m": null, "perimeter_m": null, "has_public_access": null, "swimming_allowed": null, "water_quality": null, "data_source": "OSM waterbodies (Berlin)", "last_updated": "2025-11-12 10:22:47.569398" }, "geometry": { "type": "Point", "coordinates": [ 13.389766685584195, 52.461005769239904 ] } },
{ "type": "Feature", "properties": { "lake_name": "hambuttenpfuhl", "centroid_lat": 52.450291770352635, "centroid_lon": 13.35328012217782, "water_type": "pond", "area_ha": 0.2908, "max_depth_m": null, "perimeter_m": null, "has_public_access": null, "swimming_allowed": null, "water_quality": null, "data_source": "OSM waterbodies (Berlin)", "last_updated": "2025-11-12 10:22:47.569398" }, "geometry": { "type": "Point", "coordinates": [ 13.35328012217782, 52.450291770352635 ] } },
{ "type": "Feature", "properties": { "lake_name": "buckower dorfteich", "centroid_lat": 52.422318191545443, "centroid_lon": 13.431885411989724, "water_type": "pond", "area_ha": 0.2437, "max_depth_m": null, "perimeter_m": null, "has_public_access": null, "swimming_allowed": null, "water_quality": null, "data_source": "OSM waterbodies (Berlin)", "last_updated": "2025-11-12 10:22:47.569398" }, "geometry": { "type": "Point", "coordinates": [ 13.431885411989724, 52.422318191545443 ] } },
{ "type": "Feature", "properties": { "lake_name": "torfstich", "centroid_lat": 52.582709637686314, "centroid_lon": 13.488348337567148, "water_type": "pond", "area_ha": 0.2253, "max_depth_m": null, "perimeter_m": null, "has_public_access": null, "swimming_allowed": null, "water_quality": null, "data_source": "OSM waterbodies (Berlin)", "last_updated": "2025-11-12 10:22:47.569398" }, "geometry": { "type": "Point", "coordinates": [ 13.488348337567148, 52.582709637686314 ] } },
{ "type": "Feature", "properties": { "lake_name": "pilzteich", "centroid_lat": 52.643430850983776, "centroid_lon": 13.303014001706904, "water_type": "pond", "area_ha": 0.1496, "max_depth_m": null, "perimeter_m": null, "has_public_access": null, "swimming_allowed": null, "water_quality": null, "data_source": "OSM waterbodies (Berlin)", "last_updated": "2025-11-12 10:22:47.569398" }, "geometry": { "type": "Point", "coordinates": [ 13.303014001706904, 52.643430850983776 ] } },
{ "type": "Feature", "properties": { "lake_name": "weißer see", "centroid_lat": 52.554204194151438, "centroid_lon": 13.463586704802877, "water_type": "lake", "area_ha": 8.154, "max_depth_m": null, "perimeter_m": null, "has_public_access": null, "swimming_allowed": null, "water_quality": null, "data_source": "OSM waterbodies (Berlin)", "last_updated": "2025-11-12 10:22:47.569398" }, "geometry": { "type": "Point", "coordinates": [ 13.463586704802877, 52.554204194151438 ] } },
{ "type": "Feature", "properties": { "lake_name": "weltenmeer", "centroid_lat": 52.474981854180228, "centroid_lon": 13.441962020870839, "water_type": "pond", "area_ha": 0.0047, "max_depth_m": null, "perimeter_m": null, "has_public_access": null, "swimming_allowed": null, "water_quality": null, "data_source": "OSM waterbodies (Berlin)", "last_updated": "2025-11-12 10:22:47.569398" }, "geometry": { "type": "Point", "coordinates": [ 13.441962020870839, 52.474981854180228 ] } },
{ "type": "Feature", "properties": { "lake_name": "griebnitzsee", "centroid_lat": 52.401097068892767, "centroid_lon": 13.122555274321437, "water_type": "lake", "area_ha": 56.9931, "max_depth_m": null, "perimeter_m": null, "has_public_access": null, "swimming_allowed": null, "water_quality": null, "data_source": "OSM waterbodies (Berlin)", "last_updated": "2025-11-12 10:22:47.569398" }, "geometry": { "type": "Point", "coordinates": [ 13.122555274321437, 52.401097068892767 ] } },
{ "type": "Feature", "properties": { "lake_name": "teich an der sensburger allee", "centroid_lat": 52.511144445680557, "centroid_lon": 13.251844108463184, "water_type": "lake", "area_ha": 0.0841, "max_depth_m": null, "perimeter_m": null, "has_public_access": null, "swimming_allowed": null, "water_quality": null, "data_source": "OSM waterbodies (Berlin)", "last_updated": "2025-11-12 10:22:47.569398" }, "geometry": { "type": "Point", "coordinates": [ 13.251844108463184, 52.511144445680557 ] } },
{ "type": "Feature", "properties": { "lake_name": "olmteich", "centroid_lat": 52.434760629642291, "centroid_lon": 13.565916219165771, "water_type": "pond", "area_ha": 0.0534, "max_depth_m": null, "perimeter_m": null, "has_public_access": null, "swimming_allowed": null, "water_quality": null, "data_source": "OSM waterbodies (Berlin)", "last_updated": "2025-11-12 10:22:47.569398" }, "geometry": { "type": "Point", "coordinates": [ 13.565916219165771, 52.434760629642291 ] } },
{ "type": "Feature", "properties": { "lake_name": "amselteich", "centroid_lat": 52.635458639098978, "centroid_lon": 13.281985833223288, "water_type": "pond", "area_ha": 0.0933, "max_depth_m": null, "perimeter_m": null, "has_public_access": null, "swimming_allowed": null, "water_quality": null, "data_source": "OSM waterbodies (Berlin)", "last_updated": "2025-11-12 10:22:47.569398" }, "geometry": { "type": "Point", "coordinates": [ 13.281985833223288, 52.635458639098978 ] } },
{ "type": "Feature", "properties": { "lake_name": "stolzingteich", "centroid_lat": 52.635996159716242, "centroid_lon": 13.277215690539466, "water_type": "pond", "area_ha": 0.0634, "max_depth_m": null, "perimeter_m": null, "has_public_access": null, "swimming_allowed": null, "water_quality": null, "data_source": "OSM waterbodies (Berlin)", "last_updated": "2025-11-12 10:22:47.569398" }, "geometry": { "type": "Point", "coordinates": [ 13.277215690539466, 52.635996159716242 ] } },
{ "type": "Feature", "properties": { "lake_name": "eckernpfuhl", "centroid_lat": 52.441255782390108, "centroid_lon": 13.394039616345207, "water_type": "pond", "area_ha": 0.4023, "max_depth_m": null, "perimeter_m": null, "has_public_access": null, "swimming_allowed": null, "water_quality": null, "data_source": "OSM waterbodies (Berlin)", "last_updated": "2025-11-12 10:22:47.569398" }, "geometry": { "type": "Point", "coordinates": [ 13.394039616345207, 52.441255782390108 ] } },
{ "type": "Feature", "properties": { "lake_name": "erlengrabenteich", "centroid_lat": 52.615123458148567, "centroid_lon": 13.221743371377176, "water_type": "pond", "area_ha": 0.6714, "max_depth_m": null, "perimeter_m": null, "has_public_access": null, "swimming_allowed": null, "water_quality": null, "data_source": "OSM waterbodies (Berlin)", "last_updated": "2025-11-12 10:22:47.569398" }, "geometry": { "type": "Point", "coordinates": [ 13.221743371377176, 52.615123458148567 ] } },
{ "type": "Feature", "properties": { "lake_name": "vierling", "centroid_lat": 52.446136047641794, "centroid_lon": 13.238341276243656, "water_type": "pond", "area_ha": 0.3924, "max_depth_m": null, "perimeter_m": null, "has_public_access": null, "swimming_allowed": null, "water_quality": null, "data_source": "OSM waterbodies (Berlin)", "last_updated": "2025-11-12 10:22:47.569398" }, "geometry": { "type": "Point", "coordinates": [ 13.238341276243656, 52.446136047641794 ] } },
{ "type": "Feature", "properties": { "lake_name": "hamburger teich", "centroid_lat": 52.567390127353811, "centroid_lon": 13.445441953140987, "water_type": "pond", "area_ha": 0.1725, "max_depth_m": null, "perimeter_m": null, "has_public_access": null, "swimming_allowed": null, "water_quality": null, "data_source": "OSM waterbodies (Berlin)", "last_updated": "2025-11-12 10:22:47.569398" }, "geometry": { "type": "Point", "coordinates": [ 13.445441953140987, 52.567390127353811 ] } },
{ "type": "Feature", "properties": { "lake_name": "karutschenpfuhl", "centroid_lat": 52.451544794332378, "centroid_lon": 13.352636725639467, "water_type": "pond", "area_ha": 0.2959, "max_depth_m": null, "perimeter_m": null, "has_public_access": null, "swimming_allowed": null, "water_quality": null, "data_source": "OSM waterbodies (Berlin)", "last_updated": "2025-11-12 10:22:47.569398" }, "geometry": { "type": "Point", "coordinates": [ 13.352636725639467, 52.451544794332378 ] } },
{ "type": "Feature", "properties": { "lake_name": "huttenteich", "centroid_lat": 52.469512591185342, "centroid_lon": 13.238821748405471, "water_type": "pond", "area_ha": 0.0312, "max_depth_m": null, "perimeter_m": null, "has_public_access": null, "swimming_allowed": null, "water_quality": null, "data_source": "OSM waterbodies (Berlin)", "last_updated": "2025-11-12 10:22:47.569398" }, "geometry": { "type": "Point", "coordinates": [ 13.238821748405471, 52.469512591185342 ] } },
{ "type": "Feature", "properties": { "lake_name": "hufeisenteich", "centroid_lat": 52.448227022200264, "centroid_lon": 13.448613308770833, "water_type": "pond", "area_ha": 0.1394, "max_depth_m": null, "perimeter_m": null, "has_public_access": null, "swimming_allowed": null, "water_quality": null, "data_source": "OSM waterbodies (Berlin)", "last_updated": "2025-11-12 10:22:47.569398" }, "geometry": { "type": "Point", "coordinates": [ 13.448613308770833, 52.448227022200264 ] } },
{ "type": "Feature", "properties": { "lake_name": "goldfischteich", "centroid_lat": 52.554942809052157, "centroid_lon": 13.456595441788634, "water_type": "pond", "area_ha": 0.1649, "max_depth_m": null, "perimeter_m": null, "has_public_access": null, "swimming_allowed": null, "water_quality": null, "data_source": "OSM waterbodies (Berlin)", "last_updated": "2025-11-12 10:22:47.569398" }, "geometry": { "type": "Point", "coordinates": [ 13.456595441788634, 52.554942809052157 ] } },
{ "type": "Feature", "properties": { "lake_name": "kreuzpfuhl", "centroid_lat": 52.55297872780509, "centroid_lon": 13.452744771397406, "water_type": "pond", "area_ha": 0.6913, "max_depth_m": null, "perimeter_m": null, "has_public_access": null, "swimming_allowed": null, "water_quality": null, "data_source": "OSM waterbodies (Berlin)", "last_updated": "2025-11-12 10:22:47.569398" }, "geometry": { "type": "Point", "coordinates": [ 13.452744771397406, 52.55297872780509 ] } },
{ "type": "Feature", "properties": { "lake_name": "furstenteich", "centroid_lat": 52.631821079476843, "centroid_lon": 13.298535548347258, "water_type": "pond", "area_ha": 0.0355, "max_depth_m": null, "perimeter_m": null, "has_public_access": null, "swimming_allowed": null, "water_quality": null, "data_source": "OSM waterbodies (Berlin)", "last_updated": "2025-11-12 10:22:47.569398" }, "geometry": { "type": "Point", "coordinates": [ 13.298535548347258, 52.631821079476843 ] } },
{ "type": "Feature", "properties": { "lake_name": "kleiner muggelsee", "centroid_lat": 52.429714361635959, "centroid_lon": 13.676172173180538, "water_type": "lake", "area_ha": 11.7942, "max_depth_m": null, "perimeter_m": null, "has_public_access": null, "swimming_allowed": null, "water_quality": null, "data_source": "OSM waterbodies (Berlin)", "last_updated": "2025-11-12 10:22:47.569398" }, "geometry": { "type": "Point", "coordinates": [ 13.676172173180538, 52.429714361635959 ] } },
{ "type": "Feature", "properties": { "lake_name": "blanke helle", "centroid_lat": 52.459218229138749, "centroid_lon": 13.36929366617623, "water_type": "pond", "area_ha": 0.3509, "max_depth_m": null, "perimeter_m": null, "has_public_access": null, "swimming_allowed": null, "water_quality": null, "data_source": "OSM waterbodies (Berlin)", "last_updated": "2025-11-12 10:22:47.569398" }, "geometry": { "type": "Point", "coordinates": [ 13.36929366617623, 52.459218229138749 ] } },
{ "type": "Feature", "properties": { "lake_name": "kattenpfuhl", "centroid_lat": 52.417435415612339, "centroid_lon": 13.501131254149149, "water_type": "pond", "area_ha": 0.4189, "max_depth_m": null, "perimeter_m": null, "has_public_access": null, "swimming_allowed": null, "water_quality": null, "data_source": "OSM waterbodies (Berlin)", "last_updated": "2025-11-12 10:22:47.569398" }, "geometry": { "type": "Point", "coordinates": [ 13.501131254149149, 52.417435415612339 ] } },
{ "type": "Feature", "properties": { "lake_name": "kiessee", "centroid_lat": 52.422971504974008, "centroid_lon": 13.52048443768113, "water_type": "pond", "area_ha": 424.0, "max_depth_m": null, "perimeter_m": null, "has_public_access": null, "swimming_allowed": null, "water_quality": null, "data_source": "OSM waterbodies (Berlin)", "last_updated": "2025-11-12 10:22:47.569398" }, "geometry": { "type": "Point", "coordinates": [ 13.52048443768113, 52.422971504974008 ] } },
{ "type": "Feature", "properties": { "lake_name": "nikolassee", "centroid_lat": 52.424096923684246, "centroid_lon": 13.192368973086964, "water_type": "lake", "area_ha": 5.8966, "max_depth_m": null, "perimeter_m": null, "has_public_access": null, "swimming_allowed": null, "water_quality": null, "data_source": "OSM waterbodies (Berlin)", "last_updated": "2025-11-12 10:22:47.569398" }, "geometry": { "type": "Point", "coordinates": [ 13.192368973086964, 52.424096923684246 ] } },
{ "type": "Feature", "properties": { "lake_name": "elsensee", "centroid_lat": 52.49869322465134, "centroid_lon": 13.60202879108016, "water_type": "lake", "area_ha": 11.4847, "max_depth_m": null, "perimeter_m": null, "has_public_access": null, "swimming_allowed": null, "water_quality": null, "data_source": "OSM waterbodies (Berlin)", "last_updated": "2025-11-12 10:22:47.569398" }, "geometry": { "type": "Point", "coordinates": [ 13.60202879108016, 52.49869322465134 ] } },
{ "type": "Feature", "properties": { "lake_name": "railroad pond", "centroid_lat": 41.630830909395215, "centroid_lon": -72.772278218395059, "water_type": "lake", "area_ha": 11.421, "max_depth_m": null, "perimeter_m": null, "has_public_access": null, "swimming_allowed": null, "water_quality": null, "data_source": "OSM waterbodies (Berlin)", "last_updated": "2025-11-12 10:22:47.569398" }, "geometry": { "type": "Point", "coordinates": [ -72.772278218395059, 41.630830909395215 ] } },
{ "type": "Feature", "properties": { "lake_name": "holmes pond", "centroid_lat": 41.62937051931771, "centroid_lon": -72.755594497680008, "water_type": "pond", "area_ha": 1.3344, "max_depth_m": null, "perimeter_m": null, "has_public_access": null, "swimming_allowed": null, "water_quality": null, "data_source": "OSM waterbodies (Berlin)", "last_updated": "2025-11-12 10:22:47.569398" }, "geometry": { "type": "Point", "coordinates": [ -72.755594497680008, 41.62937051931771 ] } },
{ "type": "Feature", "properties": { "lake_name": "roetepfuhl britz", "centroid_lat": 52.441534987127845, "centroid_lon": 13.427840622922089, "water_type": "pond", "area_ha": 0.2002, "max_depth_m": null, "perimeter_m": null, "has_public_access": null, "swimming_allowed": null, "water_quality": null, "data_source": "OSM waterbodies (Berlin)", "last_updated": "2025-11-12 10:22:47.569398" }, "geometry": { "type": "Point", "coordinates": [ 13.427840622922089, 52.441534987127845 ] } },
{ "type": "Feature", "properties": { "lake_name": "seerosenteich", "centroid_lat": 52.518145647360775, "centroid_lon": 13.351709936245218, "water_type": "pond", "area_ha": 0.0886, "max_depth_m": null, "perimeter_m": null, "has_public_access": null, "swimming_allowed": null, "water_quality": null, "data_source": "OSM waterbodies (Berlin)", "last_updated": "2025-11-12 10:22:47.569398" }, "geometry": { "type": "Point", "coordinates": [ 13.351709936245218, 52.518145647360775 ] } },
{ "type": "Feature", "properties": { "lake_name": "dominikusteich", "centroid_lat": 52.621769967564553, "centroid_lon": 13.29459981043501, "water_type": "pond", "area_ha": 0.1479, "max_depth_m": null, "perimeter_m": null, "has_public_access": null, "swimming_allowed": null, "water_quality": null, "data_source": "OSM waterbodies (Berlin)", "last_updated": "2025-11-12 10:22:47.569398" }, "geometry": { "type": "Point", "coordinates": [ 13.29459981043501, 52.621769967564553 ] } },
{ "type": "Feature", "properties": { "lake_name": "kleiner rohrpfuhl", "centroid_lat": 52.410041849492913, "centroid_lon": 13.491611914203546, "water_type": "pond", "area_ha": 0.1429, "max_depth_m": null, "perimeter_m": null, "has_public_access": null, "swimming_allowed": null, "water_quality": null, "data_source": "OSM waterbodies (Berlin)", "last_updated": "2025-11-12 10:22:47.569398" }, "geometry": { "type": "Point", "coordinates": [ 13.491611914203546, 52.410041849492913 ] } },
{ "type": "Feature", "properties": { "lake_name": "wilhelmsruher see", "centroid_lat": 52.584256000458012, "centroid_lon": 13.370021916089588, "water_type": "pond", "area_ha": 0.8099, "max_depth_m": null, "perimeter_m": null, "has_public_access": null, "swimming_allowed": null, "water_quality": null, "data_source": "OSM waterbodies (Berlin)", "last_updated": "2025-11-12 10:22:47.569398" }, "geometry": { "type": "Point", "coordinates": [ 13.370021916089588, 52.584256000458012 ] } },
{ "type": "Feature", "properties": { "lake_name": "großer rohrpfuhl", "centroid_lat": 52.410974374073788, "centroid_lon": 13.49319874812551, "water_type": "pond", "area_ha": 0.6031, "max_depth_m": null, "perimeter_m": null, "has_public_access": null, "swimming_allowed": null, "water_quality": null, "data_source": "OSM waterbodies (Berlin)", "last_updated": "2025-11-12 10:22:47.569398" }, "geometry": { "type": "Point", "coordinates": [ 13.49319874812551, 52.410974374073788 ] } },
{ "type": "Feature", "properties": { "lake_name": "theodosiusteich", "centroid_lat": 52.44029691909661, "centroid_lon": 13.356648396398461, "water_type": "pond", "area_ha": 0.0497, "max_depth_m": null, "perimeter_m": null, "has_public_access": null, "swimming_allowed": null, "water_quality": null, "data_source": "OSM waterbodies (Berlin)", "last_updated": "2025-11-12 10:22:47.569398" }, "geometry": { "type": "Point", "coordinates": [ 13.356648396398461, 52.44029691909661 ] } },
{ "type": "Feature", "properties": { "lake_name": "blumelteich", "centroid_lat": 52.442700055050949, "centroid_lon": 13.388824707827968, "water_type": "pond", "area_ha": 1.3147, "max_depth_m": null, "perimeter_m": null, "has_public_access": null, "swimming_allowed": null, "water_quality": null, "data_source": "OSM waterbodies (Berlin)", "last_updated": "2025-11-12 10:22:47.569398" }, "geometry": { "type": "Point", "coordinates": [ 13.388824707827968, 52.442700055050949 ] } },
{ "type": "Feature", "properties": { "lake_name": "dillgesteich", "centroid_lat": 52.442193275764772, "centroid_lon": 13.388936363057701, "water_type": "pond", "area_ha": 0.0925, "max_depth_m": null, "perimeter_m": null, "has_public_access": null, "swimming_allowed": null, "water_quality": null, "data_source": "OSM waterbodies (Berlin)", "last_updated": "2025-11-12 10:22:47.569398" }, "geometry": { "type": "Point", "coordinates": [ 13.388936363057701, 52.442193275764772 ] } },
{ "type": "Feature", "properties": { "lake_name": "kleiner teich", "centroid_lat": 52.441989944004362, "centroid_lon": 13.390142926585533, "water_type": "pond", "area_ha": 0.0767, "max_depth_m": null, "perimeter_m": null, "has_public_access": null, "swimming_allowed": null, "water_quality": null, "data_source": "OSM waterbodies (Berlin)", "last_updated": "2025-11-12 10:22:47.569398" }, "geometry": { "type": "Point", "coordinates": [ 13.390142926585533, 52.441989944004362 ] } },
{ "type": "Feature", "properties": { "lake_name": "großer karpfenpfuhl", "centroid_lat": 52.43882245542607, "centroid_lon": 13.404093115370337, "water_type": "pond", "area_ha": 0.1805, "max_depth_m": null, "perimeter_m": null, "has_public_access": null, "swimming_allowed": null, "water_quality": null, "data_source": "OSM waterbodies (Berlin)", "last_updated": "2025-11-12 10:22:47.569398" }, "geometry": { "type": "Point", "coordinates": [ 13.404093115370337, 52.43882245542607 ] } },
{ "type": "Feature", "properties": { "lake_name": "rothepfuhl", "centroid_lat": 52.440417556513339, "centroid_lon": 13.40625734473039, "water_type": "pond", "area_ha": 0.3274, "max_depth_m": null, "perimeter_m": null, "has_public_access": null, "swimming_allowed": null, "water_quality": null, "data_source": "OSM waterbodies (Berlin)", "last_updated": "2025-11-12 10:22:47.569398" }, "geometry": { "type": "Point", "coordinates": [ 13.40625734473039, 52.440417556513339 ] } },
{ "type": "Feature", "properties": { "lake_name": "dorfteich", "centroid_lat": 52.418240424951883, "centroid_lon": 13.495494429252783, "water_type": "pond", "area_ha": 0.0498, "max_depth_m": null, "perimeter_m": null, "has_public_access": null, "swimming_allowed": null, "water_quality": null, "data_source": "OSM waterbodies (Berlin)", "last_updated": "2025-11-12 10:22:47.569398" }, "geometry": { "type": "Point", "coordinates": [ 13.495494429252783, 52.418240424951883 ] } },
{ "type": "Feature", "properties": { "lake_name": "waldpfuhl", "centroid_lat": 52.376912479099012, "centroid_lon": 13.414460512618149, "water_type": "pond", "area_ha": 0.0828, "max_depth_m": null, "perimeter_m": null, "has_public_access": null, "swimming_allowed": null, "water_quality": null, "data_source": "OSM waterbodies (Berlin)", "last_updated": "2025-11-12 10:22:47.569398" }, "geometry": { "type": "Point", "coordinates": [ 13.414460512618149, 52.376912479099012 ] } },
{ "type": "Feature", "properties": { "lake_name": "teich britz", "centroid_lat": 52.45837795243375, "centroid_lon": 13.446013125970737, "water_type": "pond", "area_ha": 0.0716, "max_depth_m": null, "perimeter_m": null, "has_public_access": null, "swimming_allowed": null, "water_quality": null, "data_source": "OSM waterbodies (Berlin)", "last_updated": "2025-11-12 10:22:47.569398" }, "geometry": { "type": "Point", "coordinates": [ 13.446013125970737, 52.45837795243375 ] } },
{ "type": "Feature", "properties": { "lake_name": "poloteich", "centroid_lat": 52.644997811096559, "centroid_lon": 13.285889460315545, "water_type": "pond", "area_ha": 0.0287, "max_depth_m": null, "perimeter_m": null, "has_public_access": null, "swimming_allowed": null, "water_quality": null, "data_source": "OSM waterbodies (Berlin)", "last_updated": "2025-11-12 10:22:47.569398" }, "geometry": { "type": "Point", "coordinates": [ 13.285889460315545, 52.644997811096559 ] } },
{ "type": "Feature", "properties": { "lake_name": "laurinteich", "centroid_lat": 52.635142062850299, "centroid_lon": 13.272488805897339, "water_type": "pond", "area_ha": 0.0541, "max_depth_m": null, "perimeter_m": null, "has_public_access": null, "swimming_allowed": null, "water_quality": null, "data_source": "OSM waterbodies (Berlin)", "last_updated": "2025-11-12 10:22:47.569398" }, "geometry": { "type": "Point", "coordinates": [ 13.272488805897339, 52.635142062850299 ] } },
{ "type": "Feature", "properties": { "lake_name": "tropfsteinteich", "centroid_lat": 52.423731873285142, "centroid_lon": 13.412625485133846, "water_type": "pond", "area_ha": 108.0, "max_depth_m": null, "perimeter_m": null, "has_public_access": null, "swimming_allowed": null, "water_quality": null, "data_source": "OSM waterbodies (Berlin)", "last_updated": "2025-11-12 10:22:47.569398" }, "geometry": { "type": "Point", "coordinates": [ 13.412625485133846, 52.423731873285142 ] } },
{ "type": "Feature", "properties": { "lake_name": "gruntenteich", "centroid_lat": 52.439227195866977, "centroid_lon": 13.397987103179814, "water_type": "pond", "area_ha": 0.0407, "max_depth_m": null, "perimeter_m": null, "has_public_access": null, "swimming_allowed": null, "water_quality": null, "data_source": "OSM waterbodies (Berlin)", "last_updated": "2025-11-12 10:22:47.569398" }, "geometry": { "type": "Point", "coordinates": [ 13.397987103179814, 52.439227195866977 ] } },
{ "type": "Feature", "properties": { "lake_name": "beckley pond", "centroid_lat": 41.643019749672568, "centroid_lon": -72.731350436322643, "water_type": "pond", "area_ha": 6.7726, "max_depth_m": null, "perimeter_m": null, "has_public_access": null, "swimming_allowed": null, "water_quality": null, "data_source": "OSM waterbodies (Berlin)", "last_updated": "2025-11-12 10:22:47.569398" }, "geometry": { "type": "Point", "coordinates": [ -72.731350436322643, 41.643019749672568 ] } },
{ "type": "Feature", "properties": { "lake_name": "rixdorfer teich", "centroid_lat": 52.482281309063936, "centroid_lon": 13.412055936378058, "water_type": "pond", "area_ha": 0.3865, "max_depth_m": null, "perimeter_m": null, "has_public_access": null, "swimming_allowed": null, "water_quality": null, "data_source": "OSM waterbodies (Berlin)", "last_updated": "2025-11-12 10:22:47.569398" }, "geometry": { "type": "Point", "coordinates": [ 13.412055936378058, 52.482281309063936 ] } },
{ "type": "Feature", "properties": { "lake_name": "carbo pond", "centroid_lat": 41.638724955985843, "centroid_lon": -72.752376460307289, "water_type": "lake", "area_ha": 6.919, "max_depth_m": null, "perimeter_m": null, "has_public_access": null, "swimming_allowed": null, "water_quality": null, "data_source": "OSM waterbodies (Berlin)", "last_updated": "2025-11-12 10:22:47.569398" }, "geometry": { "type": "Point", "coordinates": [ -72.752376460307289, 41.638724955985843 ] } },
{ "type": "Feature", "properties": { "lake_name": "wheeler pond", "centroid_lat": 42.357927588467696, "centroid_lon": -71.6308334193685, "water_type": "pond", "area_ha": 11.9433, "max_depth_m": null, "perimeter_m": null, "has_public_access": null, "swimming_allowed": null, "water_quality": null, "data_source": "OSM waterbodies (Berlin)", "last_updated": "2025-11-12 10:22:47.569398" }, "geometry": { "type": "Point", "coordinates": [ -71.6308334193685, 42.357927588467696 ] } },
{ "type": "Feature", "properties": { "lake_name": "kelchpfuhl", "centroid_lat": 52.44966000460186, "centroid_lon": 13.357372316546495, "water_type": "pond", "area_ha": 0.0596, "max_depth_m": null, "perimeter_m": null, "has_public_access": null, "swimming_allowed": null, "water_quality": null, "data_source": "OSM waterbodies (Berlin)", "last_updated": "2025-11-12 10:22:47.569398" }, "geometry": { "type": "Point", "coordinates": [ 13.357372316546495, 52.44966000460186 ] } },
{ "type": "Feature", "properties": { "lake_name": "froschteich", "centroid_lat": 52.49845237932054, "centroid_lon": 13.230840363774533, "water_type": "pond", "area_ha": 0.0231, "max_depth_m": null, "perimeter_m": null, "has_public_access": null, "swimming_allowed": null, "water_quality": null, "data_source": "OSM waterbodies (Berlin)", "last_updated": "2025-11-12 10:22:47.569398" }, "geometry": { "type": "Point", "coordinates": [ 13.230840363774533, 52.49845237932054 ] } },
{ "type": "Feature", "properties": { "lake_name": "kleiner karpfenpfuhl", "centroid_lat": 52.439065968982597, "centroid_lon": 13.399647381780641, "water_type": "pond", "area_ha": 0.0925, "max_depth_m": null, "perimeter_m": null, "has_public_access": null, "swimming_allowed": null, "water_quality": null, "data_source": "OSM waterbodies (Berlin)", "last_updated": "2025-11-12 10:22:47.569398" }, "geometry": { "type": "Point", "coordinates": [ 13.399647381780641, 52.439065968982597 ] } },
{ "type": "Feature", "properties": { "lake_name": "juncuspfuhl", "centroid_lat": 52.435521147646163, "centroid_lon": 13.409563617834401, "water_type": "pond", "area_ha": 0.1181, "max_depth_m": null, "perimeter_m": null, "has_public_access": null, "swimming_allowed": null, "water_quality": null, "data_source": "OSM waterbodies (Berlin)", "last_updated": "2025-11-12 10:22:47.569398" }, "geometry": { "type": "Point", "coordinates": [ 13.409563617834401, 52.435521147646163 ] } },
{ "type": "Feature", "properties": { "lake_name": "rotkopf-pfuhl", "centroid_lat": 52.435717337658133, "centroid_lon": 13.40883033661809, "water_type": "pond", "area_ha": 0.0652, "max_depth_m": null, "perimeter_m": null, "has_public_access": null, "swimming_allowed": null, "water_quality": null, "data_source": "OSM waterbodies (Berlin)", "last_updated": "2025-11-12 10:22:47.569398" }, "geometry": { "type": "Point", "coordinates": [ 13.40883033661809, 52.435717337658133 ] } },
{ "type": "Feature", "properties": { "lake_name": "sembritzkiteich", "centroid_lat": 52.452620324280531, "centroid_lon": 13.35026153779426, "water_type": "pond", "area_ha": 0.0126, "max_depth_m": null, "perimeter_m": null, "has_public_access": null, "swimming_allowed": null, "water_quality": null, "data_source": "OSM waterbodies (Berlin)", "last_updated": "2025-11-12 10:22:47.569398" }, "geometry": { "type": "Point", "coordinates": [ 13.35026153779426, 52.452620324280531 ] } },
{ "type": "Feature", "properties": { "lake_name": "massantepfuhl", "centroid_lat": 52.405665654413035, "centroid_lon": 13.517685743221296, "water_type": "pond", "area_ha": 0.3264, "max_depth_m": null, "perimeter_m": null, "has_public_access": null, "swimming_allowed": null, "water_quality": null, "data_source": "OSM waterbodies (Berlin)", "last_updated": "2025-11-12 10:22:47.569398" }, "geometry": { "type": "Point", "coordinates": [ 13.517685743221296, 52.405665654413035 ] } },
{ "type": "Feature", "properties": { "lake_name": "schinkel-fontane", "centroid_lat": 52.518586147490751, "centroid_lon": 13.399684449825154, "water_type": "pond", "area_ha": 0.0166, "max_depth_m": null, "perimeter_m": null, "has_public_access": null, "swimming_allowed": null, "water_quality": null, "data_source": "OSM waterbodies (Berlin)", "last_updated": "2025-11-12 10:22:47.569398" }, "geometry": { "type": "Point", "coordinates": [ 13.399684449825154, 52.518586147490751 ] } },
{ "type": "Feature", "properties": { "lake_name": "scheringteich", "centroid_lat": 52.641955240171086, "centroid_lon": 13.288089271705111, "water_type": "pond", "area_ha": 0.0251, "max_depth_m": null, "perimeter_m": null, "has_public_access": null, "swimming_allowed": null, "water_quality": null, "data_source": "OSM waterbodies (Berlin)", "last_updated": "2025-11-12 10:22:47.569398" }, "geometry": { "type": "Point", "coordinates": [ 13.288089271705111, 52.641955240171086 ] } },
{ "type": "Feature", "properties": { "lake_name": "neurandteich", "centroid_lat": 52.638842050977892, "centroid_lon": 13.273767913437643, "water_type": "pond", "area_ha": 0.0571, "max_depth_m": null, "perimeter_m": null, "has_public_access": null, "swimming_allowed": null, "water_quality": null, "data_source": "OSM waterbodies (Berlin)", "last_updated": "2025-11-12 10:22:47.569398" }, "geometry": { "type": "Point", "coordinates": [ 13.273767913437643, 52.638842050977892 ] } },
{ "type": "Feature", "properties": { "lake_name": "neubruckerteich", "centroid_lat": 52.640470151716919, "centroid_lon": 13.281825983997273, "water_type": "pond", "area_ha": 0.0559, "max_depth_m": null, "perimeter_m": null, "has_public_access": null, "swimming_allowed": null, "water_quality": null, "data_source": "OSM waterbodies (Berlin)", "last_updated": "2025-11-12 10:22:47.569398" }, "geometry": { "type": "Point", "coordinates": [ 13.281825983997273, 52.640470151716919 ] } },
{ "type": "Feature", "properties": { "lake_name": "ludwig-lesser-teich", "centroid_lat": 52.638686422197821, "centroid_lon": 13.288871967172408, "water_type": "pond", "area_ha": 0.0713, "max_depth_m": null, "perimeter_m": null, "has_public_access": null, "swimming_allowed": null, "water_quality": null, "data_source": "OSM waterbodies (Berlin)", "last_updated": "2025-11-12 10:22:47.569398" }, "geometry": { "type": "Point", "coordinates": [ 13.288871967172408, 52.638686422197821 ] } },
{ "type": "Feature", "properties": { "lake_name": "großer muggelsee", "centroid_lat": 52.437544279708348, "centroid_lon": 13.648328022996775, "water_type": "lake", "area_ha": 742.5397, "max_depth_m": null, "perimeter_m": null, "has_public_access": null, "swimming_allowed": null, "water_quality": null, "data_source": "OSM waterbodies (Berlin)", "last_updated": "2025-11-12 10:22:47.569398" }, "geometry": { "type": "Point", "coordinates": [ 13.648328022996775, 52.437544279708348 ] } },
{ "type": "Feature", "properties": { "lake_name": "pfuhl am bullenwinkel", "centroid_lat": 52.470090677307887, "centroid_lon": 13.259918312790427, "water_type": "pond", "area_ha": 0.2274, "max_depth_m": null, "perimeter_m": null, "has_public_access": null, "swimming_allowed": null, "water_quality": null, "data_source": "OSM waterbodies (Berlin)", "last_updated": "2025-11-12 10:22:47.569398" }, "geometry": { "type": "Point", "coordinates": [ 13.259918312790427, 52.470090677307887 ] } },
{ "type": "Feature", "properties": { "lake_name": "schattenteich", "centroid_lat": 52.402601611280296, "centroid_lon": 13.361931268669204, "water_type": "pond", "area_ha": 0.0578, "max_depth_m": null, "perimeter_m": null, "has_public_access": null, "swimming_allowed": null, "water_quality": null, "data_source": "OSM waterbodies (Berlin)", "last_updated": "2025-11-12 10:22:47.569398" }, "geometry": { "type": "Point", "coordinates": [ 13.361931268669204, 52.402601611280296 ] } },
{ "type": "Feature", "properties": { "lake_name": "park drive pond", "centroid_lat": 41.571863671386787, "centroid_lon": -72.813078059489854, "water_type": "pond", "area_ha": 0.4641, "max_depth_m": null, "perimeter_m": null, "has_public_access": null, "swimming_allowed": null, "water_quality": null, "data_source": "OSM waterbodies (Berlin)", "last_updated": "2025-11-12 10:22:47.569398" }, "geometry": { "type": "Point", "coordinates": [ -72.813078059489854, 41.571863671386787 ] } },
{ "type": "Feature", "properties": { "lake_name": "swede pond", "centroid_lat": 41.601739894413136, "centroid_lon": -72.76840583492806, "water_type": "pond", "area_ha": 7.4046, "max_depth_m": null, "perimeter_m": null, "has_public_access": null, "swimming_allowed": null, "water_quality": null, "data_source": "OSM waterbodies (Berlin)", "last_updated": "2025-11-12 10:22:47.569398" }, "geometry": { "type": "Point", "coordinates": [ -72.76840583492806, 41.601739894413136 ] } },
{ "type": "Feature", "properties": { "lake_name": "muhlenfeldteich", "centroid_lat": 52.606518229309437, "centroid_lon": 13.306199339775302, "water_type": "pond", "area_ha": 0.0799, "max_depth_m": null, "perimeter_m": null, "has_public_access": null, "swimming_allowed": null, "water_quality": null, "data_source": "OSM waterbodies (Berlin)", "last_updated": "2025-11-12 10:22:47.569398" }, "geometry": { "type": "Point", "coordinates": [ 13.306199339775302, 52.606518229309437 ] } },
{ "type": "Feature", "properties": { "lake_name": "stubichtbecken", "centroid_lat": 52.606667271867536, "centroid_lon": 13.306657672053664, "water_type": "pond", "area_ha": 0.0853, "max_depth_m": null, "perimeter_m": null, "has_public_access": null, "swimming_allowed": null, "water_quality": null, "data_source": "OSM waterbodies (Berlin)", "last_updated": "2025-11-12 10:22:47.569398" }, "geometry": { "type": "Point", "coordinates": [ 13.306657672053664, 52.606667271867536 ] } },
{ "type": "Feature", "properties": { "lake_name": "feldgrabenteich", "centroid_lat": 52.580995041699211, "centroid_lon": 13.349059159726847, "water_type": "pond", "area_ha": 0.0784, "max_depth_m": null, "perimeter_m": null, "has_public_access": null, "swimming_allowed": null, "water_quality": null, "data_source": "OSM waterbodies (Berlin)", "last_updated": "2025-11-12 10:22:47.569398" }, "geometry": { "type": "Point", "coordinates": [ 13.349059159726847, 52.580995041699211 ] } },
{ "type": "Feature", "properties": { "lake_name": "kafeld pfuhl", "centroid_lat": 52.441173832790163, "centroid_lon": 13.414193092758222, "water_type": "pond", "area_ha": 0.0404, "max_depth_m": null, "perimeter_m": null, "has_public_access": null, "swimming_allowed": null, "water_quality": null, "data_source": "OSM waterbodies (Berlin)", "last_updated": "2025-11-12 10:22:47.569398" }, "geometry": { "type": "Point", "coordinates": [ 13.414193092758222, 52.441173832790163 ] } },
{ "type": "Feature", "properties": { "lake_name": "romerteich", "centroid_lat": 52.445744758697238, "centroid_lon": 13.408815183617795, "water_type": "pond", "area_ha": 0.0216, "max_depth_m": null, "perimeter_m": null, "has_public_access": null, "swimming_allowed": null, "water_quality": null, "data_source": "OSM waterbodies (Berlin)", "last_updated": "2025-11-12 10:22:47.569398" }, "geometry": { "type": "Point", "coordinates": [ 13.408815183617795, 52.445744758697238 ] } },
{ "type": "Feature", "properties": { "lake_name": "rohrpfuhl", "centroid_lat": 52.514200023414148, "centroid_lon": 13.614603017594204, "water_type": "lake", "area_ha": 0.2222, "max_depth_m": null, "perimeter_m": null, "has_public_access": null, "swimming_allowed": null, "water_quality": null, "data_source": "OSM waterbodies (Berlin)", "last_updated": "2025-11-12 10:22:47.569398" }, "geometry": { "type": "Point", "coordinates": [ 13.614603017594204, 52.514200023414148 ] } },
{ "type": "Feature", "properties": { "lake_name": "sudpfuhl", "centroid_lat": 52.407220225640998, "centroid_lon": 13.316806632986248, "water_type": "pond", "area_ha": 0.0914, "max_depth_m": null, "perimeter_m": null, "has_public_access": null, "swimming_allowed": null, "water_quality": null, "data_source": "OSM waterbodies (Berlin)", "last_updated": "2025-11-12 10:22:47.569398" }, "geometry": { "type": "Point", "coordinates": [ 13.316806632986248, 52.407220225640998 ] } },
{ "type": "Feature", "properties": { "lake_name": "leinegans, indische laufente", "centroid_lat": 52.498799711078242, "centroid_lon": 13.529011318089159, "water_type": "pond", "area_ha": 25.0, "max_depth_m": null, "perimeter_m": null, "has_public_access": null, "swimming_allowed": null, "water_quality": null, "data_source": "OSM waterbodies (Berlin)", "last_updated": "2025-11-12 10:22:47.569398" }, "geometry": { "type": "Point", "coordinates": [ 13.529011318089159, 52.498799711078242 ] } },
{ "type": "Feature", "properties": { "lake_name": "brandpfuhl", "centroid_lat": 52.449818824190011, "centroid_lon": 13.433918722369718, "water_type": "pond", "area_ha": 0.0216, "max_depth_m": null, "perimeter_m": null, "has_public_access": null, "swimming_allowed": null, "water_quality": null, "data_source": "OSM waterbodies (Berlin)", "last_updated": "2025-11-12 10:22:47.569398" }, "geometry": { "type": "Point", "coordinates": [ 13.433918722369718, 52.449818824190011 ] } },
{ "type": "Feature", "properties": { "lake_name": "großer ecker-pfuhl", "centroid_lat": 52.4485570090255, "centroid_lon": 13.433568149219028, "water_type": "pond", "area_ha": 0.1386, "max_depth_m": null, "perimeter_m": null, "has_public_access": null, "swimming_allowed": null, "water_quality": null, "data_source": "OSM waterbodies (Berlin)", "last_updated": "2025-11-12 10:22:47.569398" }, "geometry": { "type": "Point", "coordinates": [ 13.433568149219028, 52.4485570090255 ] } },
{ "type": "Feature", "properties": { "lake_name": "camp meribrite swimming hole", "centroid_lat": 41.598789903138098, "centroid_lon": -72.789418267465308, "water_type": "pond", "area_ha": 0.3246, "max_depth_m": null, "perimeter_m": null, "has_public_access": null, "swimming_allowed": null, "water_quality": null, "data_source": "OSM waterbodies (Berlin)", "last_updated": "2025-11-12 10:22:47.569398" }, "geometry": { "type": "Point", "coordinates": [ -72.789418267465308, 41.598789903138098 ] } },
{ "type": "Feature", "properties": { "lake_name": "priesterpfuhl", "centroid_lat": 52.419695630639211, "centroid_lon": 13.517308727976296, "water_type": "pond", "area_ha": 0.1656, "max_depth_m": null, "perimeter_m": null, "has_public_access": null, "swimming_allowed": null, "water_quality": null, "data_source": "OSM waterbodies (Berlin)", "last_updated": "2025-11-12 10:22:47.569398" }, "geometry": { "type": "Point", "coordinates": [ 13.517308727976296, 52.419695630639211 ] } },
{ "type": "Feature", "properties": { "lake_name": "elfenteich", "centroid_lat": 52.606650812221886, "centroid_lon": 13.436225386087854, "water_type": "pond", "area_ha": 0.0471, "max_depth_m": null, "perimeter_m": null, "has_public_access": null, "swimming_allowed": null, "water_quality": null, "data_source": "OSM waterbodies (Berlin)", "last_updated": "2025-11-12 10:22:47.569398" }, "geometry": { "type": "Point", "coordinates": [ 13.436225386087854, 52.606650812221886 ] } },
{ "type": "Feature", "properties": { "lake_name": "murellenteich", "centroid_lat": 52.5227829742959, "centroid_lon": 13.243742524693417, "water_type": "pond", "area_ha": 587.0, "max_depth_m": null, "perimeter_m": null, "has_public_access": null, "swimming_allowed": null, "water_quality": null, "data_source": "OSM waterbodies (Berlin)", "last_updated": "2025-11-12 10:22:47.569398" }, "geometry": { "type": "Point", "coordinates": [ 13.243742524693417, 52.5227829742959 ] } },
{ "type": "Feature", "properties": { "lake_name": "am birkenteich", "centroid_lat": 52.561202313478077, "centroid_lon": 13.491823640419817, "water_type": "pond", "area_ha": 0.0725, "max_depth_m": null, "perimeter_m": null, "has_public_access": null, "swimming_allowed": null, "water_quality": null, "data_source": "OSM waterbodies (Berlin)", "last_updated": "2025-11-12 10:22:47.569398" }, "geometry": { "type": "Point", "coordinates": [ 13.491823640419817, 52.561202313478077 ] } },
{ "type": "Feature", "properties": { "lake_name": "elisabethteich", "centroid_lat": 52.389335037685171, "centroid_lon": 13.387001439282624, "water_type": "pond", "area_ha": 0.0088, "max_depth_m": null, "perimeter_m": null, "has_public_access": null, "swimming_allowed": null, "water_quality": null, "data_source": "OSM waterbodies (Berlin)", "last_updated": "2025-11-12 10:22:47.569398" }, "geometry": { "type": "Point", "coordinates": [ 13.387001439282624, 52.389335037685171 ] } },
{ "type": "Feature", "properties": { "lake_name": "karower becken", "centroid_lat": 52.60377693586004, "centroid_lon": 13.49507149618514, "water_type": "pond", "area_ha": 0.0361, "max_depth_m": null, "perimeter_m": null, "has_public_access": null, "swimming_allowed": null, "water_quality": null, "data_source": "OSM waterbodies (Berlin)", "last_updated": "2025-11-12 10:22:47.569398" }, "geometry": { "type": "Point", "coordinates": [ 13.49507149618514, 52.60377693586004 ] } },
{ "type": "Feature", "properties": { "lake_name": "wernickepfuhl", "centroid_lat": 52.611860798464051, "centroid_lon": 13.312687317775609, "water_type": "pond", "area_ha": 0.0213, "max_depth_m": null, "perimeter_m": null, "has_public_access": null, "swimming_allowed": null, "water_quality": null, "data_source": "OSM waterbodies (Berlin)", "last_updated": "2025-11-12 10:22:47.569398" }, "geometry": { "type": "Point", "coordinates": [ 13.312687317775609, 52.611860798464051 ] } },
{ "type": "Feature", "properties": { "lake_name": "langer deichpfuhl", "centroid_lat": 52.611883643693211, "centroid_lon": 13.312192497113642, "water_type": "pond", "area_ha": 0.0474, "max_depth_m": null, "perimeter_m": null, "has_public_access": null, "swimming_allowed": null, "water_quality": null, "data_source": "OSM waterbodies (Berlin)", "last_updated": "2025-11-12 10:22:47.569398" }, "geometry": { "type": "Point", "coordinates": [ 13.312192497113642, 52.611883643693211 ] } },
{ "type": "Feature", "properties": { "lake_name": "madalenenhof teich", "centroid_lat": 52.571923909625148, "centroid_lon": 13.20113683675654, "water_type": "pond", "area_ha": 0.0453, "max_depth_m": null, "perimeter_m": null, "has_public_access": null, "swimming_allowed": null, "water_quality": null, "data_source": "OSM waterbodies (Berlin)", "last_updated": "2025-11-12 10:22:47.569398" }, "geometry": { "type": "Point", "coordinates": [ 13.20113683675654, 52.571923909625148 ] } },
{ "type": "Feature", "properties": { "lake_name": "parkgrabenteich", "centroid_lat": 52.594518813056531, "centroid_lon": 13.327721880525434, "water_type": "pond", "area_ha": 0.0552, "max_depth_m": null, "perimeter_m": null, "has_public_access": null, "swimming_allowed": null, "water_quality": null, "data_source": "OSM waterbodies (Berlin)", "last_updated": "2025-11-12 10:22:47.569398" }, "geometry": { "type": "Point", "coordinates": [ 13.327721880525434, 52.594518813056531 ] } },
{ "type": "Feature", "properties": { "lake_name": "schlossteich", "centroid_lat": 52.414442770129448, "centroid_lon": 13.097438487320217, "water_type": "pond", "area_ha": 0.3848, "max_depth_m": null, "perimeter_m": null, "has_public_access": null, "swimming_allowed": null, "water_quality": null, "data_source": "OSM waterbodies (Berlin)", "last_updated": "2025-11-12 10:22:47.569398" }, "geometry": { "type": "Point", "coordinates": [ 13.097438487320217, 52.414442770129448 ] } },
{ "type": "Feature", "properties": { "lake_name": "mehringteich", "centroid_lat": 52.640072870462802, "centroid_lon": 13.298466001109842, "water_type": "pond", "area_ha": 0.0364, "max_depth_m": null, "perimeter_m": null, "has_public_access": null, "swimming_allowed": null, "water_quality": null, "data_source": "OSM waterbodies (Berlin)", "last_updated": "2025-11-12 10:22:47.569398" }, "geometry": { "type": "Point", "coordinates": [ 13.298466001109842, 52.640072870462802 ] } },
{ "type": "Feature", "properties": { "lake_name": "teich streckfußstraße", "centroid_lat": 52.614433756800921, "centroid_lon": 13.464900291403936, "water_type": "pond", "area_ha": 0.0105, "max_depth_m": null, "perimeter_m": null, "has_public_access": null, "swimming_allowed": null, "water_quality": null, "data_source": "OSM waterbodies (Berlin)", "last_updated": "2025-11-12 10:22:47.569398" }, "geometry": { "type": "Point", "coordinates": [ 13.464900291403936, 52.614433756800921 ] } },
{ "type": "Feature", "properties": { "lake_name": "teich am außenring", "centroid_lat": 52.585460451698083, "centroid_lon": 13.487229628706332, "water_type": "pond", "area_ha": 0.0801, "max_depth_m": null, "perimeter_m": null, "has_public_access": null, "swimming_allowed": null, "water_quality": null, "data_source": "OSM waterbodies (Berlin)", "last_updated": "2025-11-12 10:22:47.569398" }, "geometry": { "type": "Point", "coordinates": [ 13.487229628706332, 52.585460451698083 ] } },
{ "type": "Feature", "properties": { "lake_name": "cecilienteich", "centroid_lat": 52.624346290614469, "centroid_lon": 13.313495576034656, "water_type": "pond", "area_ha": 0.0352, "max_depth_m": null, "perimeter_m": null, "has_public_access": null, "swimming_allowed": null, "water_quality": null, "data_source": "OSM waterbodies (Berlin)", "last_updated": "2025-11-12 10:22:47.569398" }, "geometry": { "type": "Point", "coordinates": [ 13.313495576034656, 52.624346290614469 ] } },
{ "type": "Feature", "properties": { "lake_name": "viktoriateich", "centroid_lat": 52.604631856297587, "centroid_lon": 13.438847826751614, "water_type": "pond", "area_ha": 0.0678, "max_depth_m": null, "perimeter_m": null, "has_public_access": null, "swimming_allowed": null, "water_quality": null, "data_source": "OSM waterbodies (Berlin)", "last_updated": "2025-11-12 10:22:47.569398" }, "geometry": { "type": "Point", "coordinates": [ 13.438847826751614, 52.604631856297587 ] } },
{ "type": "Feature", "properties": { "lake_name": "inselteich", "centroid_lat": 52.62418355899262, "centroid_lon": 13.461152639711113, "water_type": "lake", "area_ha": 4.1607, "max_depth_m": null, "perimeter_m": null, "has_public_access": null, "swimming_allowed": null, "water_quality": null, "data_source": "OSM waterbodies (Berlin)", "last_updated": "2025-11-12 10:22:47.569398" }, "geometry": { "type": "Point", "coordinates": [ 13.461152639711113, 52.62418355899262 ] } },
{ "type": "Feature", "properties": { "lake_name": "teich heim-krankenhaus", "centroid_lat": 52.649056183422083, "centroid_lon": 13.492630916055766, "water_type": "pond", "area_ha": 0.0466, "max_depth_m": null, "perimeter_m": null, "has_public_access": null, "swimming_allowed": null, "water_quality": null, "data_source": "OSM waterbodies (Berlin)", "last_updated": "2025-11-12 10:22:47.569398" }, "geometry": { "type": "Point", "coordinates": [ 13.492630916055766, 52.649056183422083 ] } },
{ "type": "Feature", "properties": { "lake_name": "teich am parkgraben", "centroid_lat": 52.595584422182341, "centroid_lon": 13.32540028848881, "water_type": "pond", "area_ha": 0.0197, "max_depth_m": null, "perimeter_m": null, "has_public_access": null, "swimming_allowed": null, "water_quality": null, "data_source": "OSM waterbodies (Berlin)", "last_updated": "2025-11-12 10:22:47.569398" }, "geometry": { "type": "Point", "coordinates": [ 13.32540028848881, 52.595584422182341 ] } },
{ "type": "Feature", "properties": { "lake_name": "dorfteich wartenberg", "centroid_lat": 52.575224972062635, "centroid_lon": 13.51477598223112, "water_type": "pond", "area_ha": 0.0377, "max_depth_m": null, "perimeter_m": null, "has_public_access": null, "swimming_allowed": null, "water_quality": null, "data_source": "OSM waterbodies (Berlin)", "last_updated": "2025-11-12 10:22:47.569398" }, "geometry": { "type": "Point", "coordinates": [ 13.51477598223112, 52.575224972062635 ] } },
{ "type": "Feature", "properties": { "lake_name": "regenauffangbecken", "centroid_lat": 52.576179778542425, "centroid_lon": 13.331146161015168, "water_type": "pond", "area_ha": 0.0142, "max_depth_m": null, "perimeter_m": null, "has_public_access": null, "swimming_allowed": null, "water_quality": null, "data_source": "OSM waterbodies (Berlin)", "last_updated": "2025-11-12 10:22:47.569398" }, "geometry": { "type": "Point", "coordinates": [ 13.331146161015168, 52.576179778542425 ] } },
{ "type": "Feature", "properties": { "lake_name": "niederheidesee", "centroid_lat": 52.569136583453997, "centroid_lon": 13.186668740578058, "water_type": "pond", "area_ha": 0.1736, "max_depth_m": null, "perimeter_m": null, "has_public_access": null, "swimming_allowed": null, "water_quality": null, "data_source": "OSM waterbodies (Berlin)", "last_updated": "2025-11-12 10:22:47.569398" }, "geometry": { "type": "Point", "coordinates": [ 13.186668740578058, 52.569136583453997 ] } },
{ "type": "Feature", "properties": { "lake_name": "broff pond", "centroid_lat": 41.646048203091937, "centroid_lon": -72.760266434313507, "water_type": "pond", "area_ha": 1.5973, "max_depth_m": null, "perimeter_m": null, "has_public_access": null, "swimming_allowed": null, "water_quality": null, "data_source": "OSM waterbodies (Berlin)", "last_updated": "2025-11-12 10:22:47.569398" }, "geometry": { "type": "Point", "coordinates": [ -72.760266434313507, 41.646048203091937 ] } },
{ "type": "Feature", "properties": { "lake_name": "sage pond", "centroid_lat": 41.609571969196566, "centroid_lon": -72.743753306314716, "water_type": "pond", "area_ha": 2.2338, "max_depth_m": null, "perimeter_m": null, "has_public_access": null, "swimming_allowed": null, "water_quality": null, "data_source": "OSM waterbodies (Berlin)", "last_updated": "2025-11-12 10:22:47.569398" }, "geometry": { "type": "Point", "coordinates": [ -72.743753306314716, 41.609571969196566 ] } },
{ "type": "Feature", "properties": { "lake_name": "mosaisches becken", "centroid_lat": 52.475143531758583, "centroid_lon": 13.441889525396794, "water_type": "pond", "area_ha": 0.0002, "max_depth_m": null, "perimeter_m": null, "has_public_access": null, "swimming_allowed": null, "water_quality": null, "data_source": "OSM waterbodies (Berlin)", "last_updated": "2025-11-12 10:22:47.569398" }, "geometry": { "type": "Point", "coordinates": [ 13.441889525396794, 52.475143531758583 ] } },
{ "type": "Feature", "properties": { "lake_name": "limonenteich", "centroid_lat": 52.453346933960823, "centroid_lon": 13.299370239113266, "water_type": "pond", "area_ha": 0.0511, "max_depth_m": null, "perimeter_m": null, "has_public_access": null, "swimming_allowed": null, "water_quality": null, "data_source": "OSM waterbodies (Berlin)", "last_updated": "2025-11-12 10:22:47.569398" }, "geometry": { "type": "Point", "coordinates": [ 13.299370239113266, 52.453346933960823 ] } },
{ "type": "Feature", "properties": { "lake_name": "finkenteich", "centroid_lat": 52.465566534463328, "centroid_lon": 13.28719554948171, "water_type": "pond", "area_ha": 0.0233, "max_depth_m": null, "perimeter_m": null, "has_public_access": null, "swimming_allowed": null, "water_quality": null, "data_source": "OSM waterbodies (Berlin)", "last_updated": "2025-11-12 10:22:47.569398" }, "geometry": { "type": "Point", "coordinates": [ 13.28719554948171, 52.465566534463328 ] } },
{ "type": "Feature", "properties": { "lake_name": "konigsheideteich", "centroid_lat": 52.454878383386585, "centroid_lon": 13.485958060366018, "water_type": "pond", "area_ha": 39.0, "max_depth_m": null, "perimeter_m": null, "has_public_access": null, "swimming_allowed": null, "water_quality": null, "data_source": "OSM waterbodies (Berlin)", "last_updated": "2025-11-12 10:22:47.569398" }, "geometry": { "type": "Point", "coordinates": [ 13.485958060366018, 52.454878383386585 ] } },
{ "type": "Feature", "properties": { "lake_name": "mittelmeerteich", "centroid_lat": 52.455862670858252, "centroid_lon": 13.304654280522897, "water_type": "pond", "area_ha": 0.0081, "max_depth_m": null, "perimeter_m": null, "has_public_access": null, "swimming_allowed": null, "water_quality": null, "data_source": "OSM waterbodies (Berlin)", "last_updated": "2025-11-12 10:22:47.569398" }, "geometry": { "type": "Point", "coordinates": [ 13.304654280522897, 52.455862670858252 ] } },
{ "type": "Feature", "properties": { "lake_name": "eichenteich", "centroid_lat": 52.452018025663179, "centroid_lon": 13.308758153145527, "water_type": "pond", "area_ha": 0.5037, "max_depth_m": null, "perimeter_m": null, "has_public_access": null, "swimming_allowed": null, "water_quality": null, "data_source": "OSM waterbodies (Berlin)", "last_updated": "2025-11-12 10:22:47.569398" }, "geometry": { "type": "Point", "coordinates": [ 13.308758153145527, 52.452018025663179 ] } },
{ "type": "Feature", "properties": { "lake_name": "eulenteich", "centroid_lat": 52.396544819418288, "centroid_lon": 13.147303400151085, "water_type": "pond", "area_ha": 111.0, "max_depth_m": null, "perimeter_m": null, "has_public_access": null, "swimming_allowed": null, "water_quality": null, "data_source": "OSM waterbodies (Berlin)", "last_updated": "2025-11-12 10:22:47.569398" }, "geometry": { "type": "Point", "coordinates": [ 13.147303400151085, 52.396544819418288 ] } },
{ "type": "Feature", "properties": { "lake_name": "teich", "centroid_lat": 52.414273662684778, "centroid_lon": 13.34277843148746, "water_type": "pond", "area_ha": 0.0103, "max_depth_m": null, "perimeter_m": null, "has_public_access": null, "swimming_allowed": null, "water_quality": null, "data_source": "OSM waterbodies (Berlin)", "last_updated": "2025-11-12 10:22:47.569398" }, "geometry": { "type": "Point", "coordinates": [ 13.34277843148746, 52.414273662684778 ] } },
{ "type": "Feature", "properties": { "lake_name": "pond #35", "centroid_lat": 41.634916941399403, "centroid_lon": -72.742276319797284, "water_type": "pond", "area_ha": 8.3633, "max_depth_m": null, "perimeter_m": null, "has_public_access": null, "swimming_allowed": null, "water_quality": null, "data_source": "OSM waterbodies (Berlin)", "last_updated": "2025-11-12 10:22:47.569398" }, "geometry": { "type": "Point", "coordinates": [ -72.742276319797284, 41.634916941399403 ] } },
{ "type": "Feature", "properties": { "lake_name": "lindengrabenteich", "centroid_lat": 52.621413754723157, "centroid_lon": 13.228270392175316, "water_type": "pond", "area_ha": 0.0708, "max_depth_m": null, "perimeter_m": null, "has_public_access": null, "swimming_allowed": null, "water_quality": null, "data_source": "OSM waterbodies (Berlin)", "last_updated": "2025-11-12 10:22:47.569398" }, "geometry": { "type": "Point", "coordinates": [ 13.228270392175316, 52.621413754723157 ] } },
{ "type": "Feature", "properties": { "lake_name": "rosenhagteich", "centroid_lat": 52.525418075928293, "centroid_lon": 13.621085089251002, "water_type": "pond", "area_ha": 0.0853, "max_depth_m": null, "perimeter_m": null, "has_public_access": null, "swimming_allowed": null, "water_quality": null, "data_source": "OSM waterbodies (Berlin)", "last_updated": "2025-11-12 10:22:47.569398" }, "geometry": { "type": "Point", "coordinates": [ 13.621085089251002, 52.525418075928293 ] } },
{ "type": "Feature", "properties": { "lake_name": "erlengrundteich", "centroid_lat": 52.586961619044111, "centroid_lon": 13.21383267241292, "water_type": "pond", "area_ha": 0.0056, "max_depth_m": null, "perimeter_m": null, "has_public_access": null, "swimming_allowed": null, "water_quality": null, "data_source": "OSM waterbodies (Berlin)", "last_updated": "2025-11-12 10:22:47.569398" }, "geometry": { "type": "Point", "coordinates": [ 13.21383267241292, 52.586961619044111 ] } },
{ "type": "Feature", "properties": { "lake_name": "marks dam", "centroid_lat": 41.569269149784667, "centroid_lon": -72.82330066153034, "water_type": "pond", "area_ha": 1.5092, "max_depth_m": null, "perimeter_m": null, "has_public_access": null, "swimming_allowed": null, "water_quality": null, "data_source": "OSM waterbodies (Berlin)", "last_updated": "2025-11-12 10:22:47.569398" }, "geometry": { "type": "Point", "coordinates": [ -72.82330066153034, 41.569269149784667 ] } },
{ "type": "Feature", "properties": { "lake_name": "fischerbrunnen", "centroid_lat": 52.513749750428488, "centroid_lon": 13.478128989722372, "water_type": "pond", "area_ha": 0.0144, "max_depth_m": null, "perimeter_m": null, "has_public_access": null, "swimming_allowed": null, "water_quality": null, "data_source": "OSM waterbodies (Berlin)", "last_updated": "2025-11-12 10:22:47.569398" }, "geometry": { "type": "Point", "coordinates": [ 13.478128989722372, 52.513749750428488 ] } },
{ "type": "Feature", "properties": { "lake_name": "buffelteich", "centroid_lat": 52.439478175059683, "centroid_lon": 13.129654966774222, "water_type": "pond", "area_ha": 0.1246, "max_depth_m": null, "perimeter_m": null, "has_public_access": null, "swimming_allowed": null, "water_quality": null, "data_source": "OSM waterbodies (Berlin)", "last_updated": "2025-11-12 10:22:47.569398" }, "geometry": { "type": "Point", "coordinates": [ 13.129654966774222, 52.439478175059683 ] } },
{ "type": "Feature", "properties": { "lake_name": "meiereiteich", "centroid_lat": 52.439210439237407, "centroid_lon": 13.132966872834697, "water_type": "pond", "area_ha": 0.0428, "max_depth_m": null, "perimeter_m": null, "has_public_access": null, "swimming_allowed": null, "water_quality": null, "data_source": "OSM waterbodies (Berlin)", "last_updated": "2025-11-12 10:22:47.569398" }, "geometry": { "type": "Point", "coordinates": [ 13.132966872834697, 52.439210439237407 ] } },
{ "type": "Feature", "properties": { "lake_name": "wasservogelteich", "centroid_lat": 52.432840903737024, "centroid_lon": 13.127399663976451, "water_type": "pond", "area_ha": 0.0828, "max_depth_m": null, "perimeter_m": null, "has_public_access": null, "swimming_allowed": null, "water_quality": null, "data_source": "OSM waterbodies (Berlin)", "last_updated": "2025-11-12 10:22:47.569398" }, "geometry": { "type": "Point", "coordinates": [ 13.127399663976451, 52.432840903737024 ] } },
{ "type": "Feature", "properties": { "lake_name": "biberteich", "centroid_lat": 52.433330487408959, "centroid_lon": 13.13421158282701, "water_type": "pond", "area_ha": 0.0487, "max_depth_m": null, "perimeter_m": null, "has_public_access": null, "swimming_allowed": null, "water_quality": null, "data_source": "OSM waterbodies (Berlin)", "last_updated": "2025-11-12 10:22:47.569398" }, "geometry": { "type": "Point", "coordinates": [ 13.13421158282701, 52.433330487408959 ] } },
{ "type": "Feature", "properties": { "lake_name": "teich kga falkenhohe nord", "centroid_lat": 52.582508026554812, "centroid_lon": 13.537013772063393, "water_type": "pond", "area_ha": 0.0652, "max_depth_m": null, "perimeter_m": null, "has_public_access": null, "swimming_allowed": null, "water_quality": null, "data_source": "OSM waterbodies (Berlin)", "last_updated": "2025-11-12 10:22:47.569398" }, "geometry": { "type": "Point", "coordinates": [ 13.537013772063393, 52.582508026554812 ] } },
{ "type": "Feature", "properties": { "lake_name": "donnlys pond", "centroid_lat": 41.641190607766809, "centroid_lon": -72.764250540773745, "water_type": "lake", "area_ha": 0.8794, "max_depth_m": null, "perimeter_m": null, "has_public_access": null, "swimming_allowed": null, "water_quality": null, "data_source": "OSM waterbodies (Berlin)", "last_updated": "2025-11-12 10:22:47.569398" }, "geometry": { "type": "Point", "coordinates": [ -72.764250540773745, 41.641190607766809 ] } },
{ "type": "Feature", "properties": { "lake_name": "frog pond", "centroid_lat": 42.393124515870994, "centroid_lon": -71.673458694632487, "water_type": "pond", "area_ha": 0.1245, "max_depth_m": null, "perimeter_m": null, "has_public_access": null, "swimming_allowed": null, "water_quality": null, "data_source": "OSM waterbodies (Berlin)", "last_updated": "2025-11-12 10:22:47.569398" }, "geometry": { "type": "Point", "coordinates": [ -71.673458694632487, 42.393124515870994 ] } },
{ "type": "Feature", "properties": { "lake_name": "kleine libelle", "centroid_lat": 52.548992128355728, "centroid_lon": 13.313435639734491, "water_type": "pond", "area_ha": 0.1001, "max_depth_m": null, "perimeter_m": null, "has_public_access": null, "swimming_allowed": null, "water_quality": null, "data_source": "OSM waterbodies (Berlin)", "last_updated": "2025-11-12 10:22:47.569398" }, "geometry": { "type": "Point", "coordinates": [ 13.313435639734491, 52.548992128355728 ] } },
{ "type": "Feature", "properties": { "lake_name": "pferdepfuhl", "centroid_lat": 52.577239277689131, "centroid_lon": 13.480945973787184, "water_type": "pond", "area_ha": 0.0245, "max_depth_m": null, "perimeter_m": null, "has_public_access": null, "swimming_allowed": null, "water_quality": null, "data_source": "OSM waterbodies (Berlin)", "last_updated": "2025-11-12 10:22:47.569398" }, "geometry": { "type": "Point", "coordinates": [ 13.480945973787184, 52.577239277689131 ] } },
{ "type": "Feature", "properties": { "lake_name": "museumspfuhl", "centroid_lat": 52.563288360893914, "centroid_lon": 13.534475559992041, "water_type": "pond", "area_ha": 0.2708, "max_depth_m": null, "perimeter_m": null, "has_public_access": null, "swimming_allowed": null, "water_quality": null, "data_source": "OSM waterbodies (Berlin)", "last_updated": "2025-11-12 10:22:47.569398" }, "geometry": { "type": "Point", "coordinates": [ 13.534475559992041, 52.563288360893914 ] } },
{ "type": "Feature", "properties": { "lake_name": "versunkener see", "centroid_lat": 52.427940637534128, "centroid_lon": 13.721509044909231, "water_type": "pond", "area_ha": 1.4832, "max_depth_m": null, "perimeter_m": null, "has_public_access": null, "swimming_allowed": null, "water_quality": null, "data_source": "OSM waterbodies (Berlin)", "last_updated": "2025-11-12 10:22:47.569398" }, "geometry": { "type": "Point", "coordinates": [ 13.721509044909231, 52.427940637534128 ] } },
{ "type": "Feature", "properties": { "lake_name": "ohne name", "centroid_lat": 52.432969481726808, "centroid_lon": 13.285185957561811, "water_type": "pond", "area_ha": 0.0028, "max_depth_m": null, "perimeter_m": null, "has_public_access": null, "swimming_allowed": null, "water_quality": null, "data_source": "OSM waterbodies (Berlin)", "last_updated": "2025-11-12 10:22:47.569398" }, "geometry": { "type": "Point", "coordinates": [ 13.285185957561811, 52.432969481726808 ] } },
{ "type": "Feature", "properties": { "lake_name": "friedhofsteich", "centroid_lat": 52.426423887387749, "centroid_lon": 13.205465764294413, "water_type": "pond", "area_ha": 0.0038, "max_depth_m": null, "perimeter_m": null, "has_public_access": null, "swimming_allowed": null, "water_quality": null, "data_source": "OSM waterbodies (Berlin)", "last_updated": "2025-11-12 10:22:47.569398" }, "geometry": { "type": "Point", "coordinates": [ 13.205465764294413, 52.426423887387749 ] } },
{ "type": "Feature", "properties": { "lake_name": "duck’s pond", "centroid_lat": 52.542785215042656, "centroid_lon": 13.28284697174778, "water_type": "pond", "area_ha": 0.0001, "max_depth_m": null, "perimeter_m": null, "has_public_access": null, "swimming_allowed": null, "water_quality": null, "data_source": "OSM waterbodies (Berlin)", "last_updated": "2025-11-12 10:22:47.569398" }, "geometry": { "type": "Point", "coordinates": [ 13.28284697174778, 52.542785215042656 ] } },
{ "type": "Feature", "properties": { "lake_name": "kranichpfuhl", "centroid_lat": 52.589265998020629, "centroid_lon": 13.332453583759641, "water_type": "pond", "area_ha": 0.0696, "max_depth_m": null, "perimeter_m": null, "has_public_access": null, "swimming_allowed": null, "water_quality": null, "data_source": "OSM waterbodies (Berlin)", "last_updated": "2025-11-12 10:22:47.569398" }, "geometry": { "type": "Point", "coordinates": [ 13.332453583759641, 52.589265998020629 ] } }
]
}
