[2026-02-21T00:15:58.349+0000] {processor.py:186} INFO - Started process (PID=1037) to work on /opt/airflow/dags/core_osm_table_generator_dag.py
[2026-02-21T00:15:58.350+0000] {processor.py:914} INFO - Processing file /opt/airflow/dags/core_osm_table_generator_dag.py for tasks to queue
[2026-02-21T00:15:58.351+0000] {logging_mixin.py:190} INFO - [2026-02-21T00:15:58.351+0000] {dagbag.py:588} INFO - Filling up the DagBag from /opt/airflow/dags/core_osm_table_generator_dag.py
[2026-02-21T00:15:58.866+0000] {processor.py:925} INFO - DAG(s) 'core_osm_table_generator' retrieved from /opt/airflow/dags/core_osm_table_generator_dag.py
[2026-02-21T00:15:59.879+0000] {logging_mixin.py:190} INFO - [2026-02-21T00:15:59.879+0000] {dag.py:3239} INFO - Sync 1 DAGs
[2026-02-21T00:15:59.890+0000] {logging_mixin.py:190} INFO - [2026-02-21T00:15:59.890+0000] {dag.py:4180} INFO - Setting next_dagrun for core_osm_table_generator to None, run_after=None
[2026-02-21T00:15:59.899+0000] {processor.py:208} INFO - Processing /opt/airflow/dags/core_osm_table_generator_dag.py took 1.557 seconds
[2026-02-21T00:16:30.334+0000] {processor.py:186} INFO - Started process (PID=1038) to work on /opt/airflow/dags/core_osm_table_generator_dag.py
[2026-02-21T00:16:30.334+0000] {processor.py:914} INFO - Processing file /opt/airflow/dags/core_osm_table_generator_dag.py for tasks to queue
[2026-02-21T00:16:30.336+0000] {logging_mixin.py:190} INFO - [2026-02-21T00:16:30.335+0000] {dagbag.py:588} INFO - Filling up the DagBag from /opt/airflow/dags/core_osm_table_generator_dag.py
[2026-02-21T00:16:30.851+0000] {processor.py:925} INFO - DAG(s) 'core_osm_table_generator' retrieved from /opt/airflow/dags/core_osm_table_generator_dag.py
[2026-02-21T00:16:31.861+0000] {logging_mixin.py:190} INFO - [2026-02-21T00:16:31.861+0000] {dag.py:3239} INFO - Sync 1 DAGs
[2026-02-21T00:16:31.872+0000] {logging_mixin.py:190} INFO - [2026-02-21T00:16:31.872+0000] {dag.py:4180} INFO - Setting next_dagrun for core_osm_table_generator to None, run_after=None
[2026-02-21T00:16:31.886+0000] {processor.py:208} INFO - Processing /opt/airflow/dags/core_osm_table_generator_dag.py took 1.590 seconds
[2026-02-21T00:33:38.460+0000] {processor.py:186} INFO - Started process (PID=1039) to work on /opt/airflow/dags/core_osm_table_generator_dag.py
[2026-02-21T00:33:38.461+0000] {processor.py:914} INFO - Processing file /opt/airflow/dags/core_osm_table_generator_dag.py for tasks to queue
[2026-02-21T00:33:38.462+0000] {logging_mixin.py:190} INFO - [2026-02-21T00:33:38.462+0000] {dagbag.py:588} INFO - Filling up the DagBag from /opt/airflow/dags/core_osm_table_generator_dag.py
[2026-02-21T00:33:38.961+0000] {processor.py:925} INFO - DAG(s) 'core_osm_table_generator' retrieved from /opt/airflow/dags/core_osm_table_generator_dag.py
[2026-02-21T00:33:39.968+0000] {logging_mixin.py:190} INFO - [2026-02-21T00:33:39.968+0000] {dag.py:3239} INFO - Sync 1 DAGs
[2026-02-21T00:33:40.184+0000] {logging_mixin.py:190} INFO - [2026-02-21T00:33:40.184+0000] {dag.py:4180} INFO - Setting next_dagrun for core_osm_table_generator to None, run_after=None
[2026-02-21T00:33:40.191+0000] {processor.py:208} INFO - Processing /opt/airflow/dags/core_osm_table_generator_dag.py took 1.741 seconds
[2026-02-21T00:34:10.667+0000] {processor.py:186} INFO - Started process (PID=1040) to work on /opt/airflow/dags/core_osm_table_generator_dag.py
[2026-02-21T00:34:10.670+0000] {processor.py:914} INFO - Processing file /opt/airflow/dags/core_osm_table_generator_dag.py for tasks to queue
[2026-02-21T00:34:10.671+0000] {logging_mixin.py:190} INFO - [2026-02-21T00:34:10.671+0000] {dagbag.py:588} INFO - Filling up the DagBag from /opt/airflow/dags/core_osm_table_generator_dag.py
[2026-02-21T00:34:11.187+0000] {processor.py:925} INFO - DAG(s) 'core_osm_table_generator' retrieved from /opt/airflow/dags/core_osm_table_generator_dag.py
[2026-02-21T00:34:12.417+0000] {logging_mixin.py:190} INFO - [2026-02-21T00:34:12.417+0000] {dag.py:3239} INFO - Sync 1 DAGs
[2026-02-21T00:34:12.423+0000] {logging_mixin.py:190} INFO - [2026-02-21T00:34:12.423+0000] {dag.py:4180} INFO - Setting next_dagrun for core_osm_table_generator to None, run_after=None
[2026-02-21T00:34:12.429+0000] {processor.py:208} INFO - Processing /opt/airflow/dags/core_osm_table_generator_dag.py took 1.778 seconds
[2026-02-21T00:34:42.840+0000] {processor.py:186} INFO - Started process (PID=1041) to work on /opt/airflow/dags/core_osm_table_generator_dag.py
[2026-02-21T00:34:42.842+0000] {processor.py:914} INFO - Processing file /opt/airflow/dags/core_osm_table_generator_dag.py for tasks to queue
[2026-02-21T00:34:42.844+0000] {logging_mixin.py:190} INFO - [2026-02-21T00:34:42.843+0000] {dagbag.py:588} INFO - Filling up the DagBag from /opt/airflow/dags/core_osm_table_generator_dag.py
[2026-02-21T00:34:43.371+0000] {processor.py:925} INFO - DAG(s) 'core_osm_table_generator' retrieved from /opt/airflow/dags/core_osm_table_generator_dag.py
[2026-02-21T00:34:44.378+0000] {logging_mixin.py:190} INFO - [2026-02-21T00:34:44.378+0000] {dag.py:3239} INFO - Sync 1 DAGs
[2026-02-21T00:34:44.404+0000] {logging_mixin.py:190} INFO - [2026-02-21T00:34:44.404+0000] {dag.py:4180} INFO - Setting next_dagrun for core_osm_table_generator to None, run_after=None
[2026-02-21T00:34:44.413+0000] {processor.py:208} INFO - Processing /opt/airflow/dags/core_osm_table_generator_dag.py took 1.587 seconds
[2026-02-21T00:35:14.616+0000] {processor.py:186} INFO - Started process (PID=1042) to work on /opt/airflow/dags/core_osm_table_generator_dag.py
[2026-02-21T00:35:14.618+0000] {processor.py:914} INFO - Processing file /opt/airflow/dags/core_osm_table_generator_dag.py for tasks to queue
[2026-02-21T00:35:14.620+0000] {logging_mixin.py:190} INFO - [2026-02-21T00:35:14.619+0000] {dagbag.py:588} INFO - Filling up the DagBag from /opt/airflow/dags/core_osm_table_generator_dag.py
[2026-02-21T00:35:15.158+0000] {processor.py:925} INFO - DAG(s) 'core_osm_table_generator' retrieved from /opt/airflow/dags/core_osm_table_generator_dag.py
[2026-02-21T00:35:16.185+0000] {logging_mixin.py:190} INFO - [2026-02-21T00:35:16.184+0000] {dag.py:3239} INFO - Sync 1 DAGs
[2026-02-21T00:35:16.195+0000] {logging_mixin.py:190} INFO - [2026-02-21T00:35:16.195+0000] {dag.py:4180} INFO - Setting next_dagrun for core_osm_table_generator to None, run_after=None
[2026-02-21T00:35:16.208+0000] {processor.py:208} INFO - Processing /opt/airflow/dags/core_osm_table_generator_dag.py took 1.602 seconds
[2026-02-21T00:35:46.639+0000] {processor.py:186} INFO - Started process (PID=1043) to work on /opt/airflow/dags/core_osm_table_generator_dag.py
[2026-02-21T00:35:46.640+0000] {processor.py:914} INFO - Processing file /opt/airflow/dags/core_osm_table_generator_dag.py for tasks to queue
[2026-02-21T00:35:46.642+0000] {logging_mixin.py:190} INFO - [2026-02-21T00:35:46.641+0000] {dagbag.py:588} INFO - Filling up the DagBag from /opt/airflow/dags/core_osm_table_generator_dag.py
[2026-02-21T00:35:47.108+0000] {processor.py:925} INFO - DAG(s) 'core_osm_table_generator' retrieved from /opt/airflow/dags/core_osm_table_generator_dag.py
[2026-02-21T00:35:48.085+0000] {logging_mixin.py:190} INFO - [2026-02-21T00:35:48.085+0000] {dag.py:3239} INFO - Sync 1 DAGs
[2026-02-21T00:35:48.274+0000] {logging_mixin.py:190} INFO - [2026-02-21T00:35:48.274+0000] {dag.py:4180} INFO - Setting next_dagrun for core_osm_table_generator to None, run_after=None
[2026-02-21T00:35:48.281+0000] {processor.py:208} INFO - Processing /opt/airflow/dags/core_osm_table_generator_dag.py took 1.652 seconds
[2026-02-21T00:36:18.776+0000] {processor.py:186} INFO - Started process (PID=1044) to work on /opt/airflow/dags/core_osm_table_generator_dag.py
[2026-02-21T00:36:18.779+0000] {processor.py:914} INFO - Processing file /opt/airflow/dags/core_osm_table_generator_dag.py for tasks to queue
[2026-02-21T00:36:18.781+0000] {logging_mixin.py:190} INFO - [2026-02-21T00:36:18.780+0000] {dagbag.py:588} INFO - Filling up the DagBag from /opt/airflow/dags/core_osm_table_generator_dag.py
[2026-02-21T00:36:19.275+0000] {processor.py:925} INFO - DAG(s) 'core_osm_table_generator' retrieved from /opt/airflow/dags/core_osm_table_generator_dag.py
[2026-02-21T00:36:20.486+0000] {logging_mixin.py:190} INFO - [2026-02-21T00:36:20.486+0000] {dag.py:3239} INFO - Sync 1 DAGs
[2026-02-21T00:36:20.492+0000] {logging_mixin.py:190} INFO - [2026-02-21T00:36:20.492+0000] {dag.py:4180} INFO - Setting next_dagrun for core_osm_table_generator to None, run_after=None
[2026-02-21T00:36:20.499+0000] {processor.py:208} INFO - Processing /opt/airflow/dags/core_osm_table_generator_dag.py took 1.748 seconds
[2026-02-21T00:51:49.143+0000] {processor.py:186} INFO - Started process (PID=1045) to work on /opt/airflow/dags/core_osm_table_generator_dag.py
[2026-02-21T00:51:49.144+0000] {processor.py:914} INFO - Processing file /opt/airflow/dags/core_osm_table_generator_dag.py for tasks to queue
[2026-02-21T00:51:49.145+0000] {logging_mixin.py:190} INFO - [2026-02-21T00:51:49.145+0000] {dagbag.py:588} INFO - Filling up the DagBag from /opt/airflow/dags/core_osm_table_generator_dag.py
[2026-02-21T00:51:49.867+0000] {processor.py:925} INFO - DAG(s) 'core_osm_table_generator' retrieved from /opt/airflow/dags/core_osm_table_generator_dag.py
[2026-02-21T00:51:50.856+0000] {logging_mixin.py:190} INFO - [2026-02-21T00:51:50.856+0000] {dag.py:3239} INFO - Sync 1 DAGs
[2026-02-21T00:51:50.861+0000] {logging_mixin.py:190} INFO - [2026-02-21T00:51:50.861+0000] {dag.py:4180} INFO - Setting next_dagrun for core_osm_table_generator to None, run_after=None
[2026-02-21T00:51:50.867+0000] {processor.py:208} INFO - Processing /opt/airflow/dags/core_osm_table_generator_dag.py took 1.730 seconds
[2026-02-21T00:52:20.978+0000] {processor.py:186} INFO - Started process (PID=1046) to work on /opt/airflow/dags/core_osm_table_generator_dag.py
[2026-02-21T00:52:20.980+0000] {processor.py:914} INFO - Processing file /opt/airflow/dags/core_osm_table_generator_dag.py for tasks to queue
[2026-02-21T00:52:20.981+0000] {logging_mixin.py:190} INFO - [2026-02-21T00:52:20.981+0000] {dagbag.py:588} INFO - Filling up the DagBag from /opt/airflow/dags/core_osm_table_generator_dag.py
[2026-02-21T00:52:21.468+0000] {processor.py:925} INFO - DAG(s) 'core_osm_table_generator' retrieved from /opt/airflow/dags/core_osm_table_generator_dag.py
[2026-02-21T00:52:22.480+0000] {logging_mixin.py:190} INFO - [2026-02-21T00:52:22.480+0000] {dag.py:3239} INFO - Sync 1 DAGs
[2026-02-21T00:52:22.489+0000] {logging_mixin.py:190} INFO - [2026-02-21T00:52:22.489+0000] {dag.py:4180} INFO - Setting next_dagrun for core_osm_table_generator to None, run_after=None
[2026-02-21T00:52:22.497+0000] {processor.py:208} INFO - Processing /opt/airflow/dags/core_osm_table_generator_dag.py took 1.532 seconds
[2026-02-21T00:52:52.631+0000] {processor.py:186} INFO - Started process (PID=1047) to work on /opt/airflow/dags/core_osm_table_generator_dag.py
[2026-02-21T00:52:52.633+0000] {processor.py:914} INFO - Processing file /opt/airflow/dags/core_osm_table_generator_dag.py for tasks to queue
[2026-02-21T00:52:52.634+0000] {logging_mixin.py:190} INFO - [2026-02-21T00:52:52.634+0000] {dagbag.py:588} INFO - Filling up the DagBag from /opt/airflow/dags/core_osm_table_generator_dag.py
[2026-02-21T00:52:53.142+0000] {processor.py:925} INFO - DAG(s) 'core_osm_table_generator' retrieved from /opt/airflow/dags/core_osm_table_generator_dag.py
[2026-02-21T00:52:54.153+0000] {logging_mixin.py:190} INFO - [2026-02-21T00:52:54.153+0000] {dag.py:3239} INFO - Sync 1 DAGs
[2026-02-21T00:52:54.168+0000] {logging_mixin.py:190} INFO - [2026-02-21T00:52:54.168+0000] {dag.py:4180} INFO - Setting next_dagrun for core_osm_table_generator to None, run_after=None
[2026-02-21T00:52:54.179+0000] {processor.py:208} INFO - Processing /opt/airflow/dags/core_osm_table_generator_dag.py took 1.558 seconds
[2026-02-21T00:53:24.247+0000] {processor.py:186} INFO - Started process (PID=1048) to work on /opt/airflow/dags/core_osm_table_generator_dag.py
[2026-02-21T00:53:24.248+0000] {processor.py:914} INFO - Processing file /opt/airflow/dags/core_osm_table_generator_dag.py for tasks to queue
[2026-02-21T00:53:24.249+0000] {logging_mixin.py:190} INFO - [2026-02-21T00:53:24.249+0000] {dagbag.py:588} INFO - Filling up the DagBag from /opt/airflow/dags/core_osm_table_generator_dag.py
[2026-02-21T00:53:24.735+0000] {processor.py:925} INFO - DAG(s) 'core_osm_table_generator' retrieved from /opt/airflow/dags/core_osm_table_generator_dag.py
[2026-02-21T00:53:25.758+0000] {logging_mixin.py:190} INFO - [2026-02-21T00:53:25.758+0000] {dag.py:3239} INFO - Sync 1 DAGs
[2026-02-21T00:53:25.768+0000] {logging_mixin.py:190} INFO - [2026-02-21T00:53:25.768+0000] {dag.py:4180} INFO - Setting next_dagrun for core_osm_table_generator to None, run_after=None
[2026-02-21T00:53:25.777+0000] {processor.py:208} INFO - Processing /opt/airflow/dags/core_osm_table_generator_dag.py took 1.540 seconds
[2026-02-21T00:53:55.871+0000] {processor.py:186} INFO - Started process (PID=1049) to work on /opt/airflow/dags/core_osm_table_generator_dag.py
[2026-02-21T00:53:55.872+0000] {processor.py:914} INFO - Processing file /opt/airflow/dags/core_osm_table_generator_dag.py for tasks to queue
[2026-02-21T00:53:55.874+0000] {logging_mixin.py:190} INFO - [2026-02-21T00:53:55.873+0000] {dagbag.py:588} INFO - Filling up the DagBag from /opt/airflow/dags/core_osm_table_generator_dag.py
[2026-02-21T00:53:56.360+0000] {processor.py:925} INFO - DAG(s) 'core_osm_table_generator' retrieved from /opt/airflow/dags/core_osm_table_generator_dag.py
[2026-02-21T00:53:57.373+0000] {logging_mixin.py:190} INFO - [2026-02-21T00:53:57.372+0000] {dag.py:3239} INFO - Sync 1 DAGs
[2026-02-21T00:53:57.383+0000] {logging_mixin.py:190} INFO - [2026-02-21T00:53:57.383+0000] {dag.py:4180} INFO - Setting next_dagrun for core_osm_table_generator to None, run_after=None
[2026-02-21T00:53:57.392+0000] {processor.py:208} INFO - Processing /opt/airflow/dags/core_osm_table_generator_dag.py took 1.531 seconds
[2026-02-21T01:09:46.097+0000] {processor.py:186} INFO - Started process (PID=1050) to work on /opt/airflow/dags/core_osm_table_generator_dag.py
[2026-02-21T01:09:46.098+0000] {processor.py:914} INFO - Processing file /opt/airflow/dags/core_osm_table_generator_dag.py for tasks to queue
[2026-02-21T01:09:46.100+0000] {logging_mixin.py:190} INFO - [2026-02-21T01:09:46.099+0000] {dagbag.py:588} INFO - Filling up the DagBag from /opt/airflow/dags/core_osm_table_generator_dag.py
[2026-02-21T01:09:46.600+0000] {processor.py:925} INFO - DAG(s) 'core_osm_table_generator' retrieved from /opt/airflow/dags/core_osm_table_generator_dag.py
[2026-02-21T01:09:47.625+0000] {logging_mixin.py:190} INFO - [2026-02-21T01:09:47.624+0000] {dag.py:3239} INFO - Sync 1 DAGs
[2026-02-21T01:09:47.636+0000] {logging_mixin.py:190} INFO - [2026-02-21T01:09:47.636+0000] {dag.py:4180} INFO - Setting next_dagrun for core_osm_table_generator to None, run_after=None
[2026-02-21T01:09:47.645+0000] {processor.py:208} INFO - Processing /opt/airflow/dags/core_osm_table_generator_dag.py took 1.557 seconds
[2026-02-21T01:10:18.076+0000] {processor.py:186} INFO - Started process (PID=1051) to work on /opt/airflow/dags/core_osm_table_generator_dag.py
[2026-02-21T01:10:18.078+0000] {processor.py:914} INFO - Processing file /opt/airflow/dags/core_osm_table_generator_dag.py for tasks to queue
[2026-02-21T01:10:18.080+0000] {logging_mixin.py:190} INFO - [2026-02-21T01:10:18.079+0000] {dagbag.py:588} INFO - Filling up the DagBag from /opt/airflow/dags/core_osm_table_generator_dag.py
[2026-02-21T01:10:18.653+0000] {processor.py:925} INFO - DAG(s) 'core_osm_table_generator' retrieved from /opt/airflow/dags/core_osm_table_generator_dag.py
[2026-02-21T01:10:19.716+0000] {logging_mixin.py:190} INFO - [2026-02-21T01:10:19.716+0000] {dag.py:3239} INFO - Sync 1 DAGs
[2026-02-21T01:10:19.745+0000] {logging_mixin.py:190} INFO - [2026-02-21T01:10:19.745+0000] {dag.py:4180} INFO - Setting next_dagrun for core_osm_table_generator to None, run_after=None
[2026-02-21T01:10:19.774+0000] {processor.py:208} INFO - Processing /opt/airflow/dags/core_osm_table_generator_dag.py took 1.715 seconds
[2026-02-21T01:10:49.869+0000] {processor.py:186} INFO - Started process (PID=1052) to work on /opt/airflow/dags/core_osm_table_generator_dag.py
[2026-02-21T01:10:49.870+0000] {processor.py:914} INFO - Processing file /opt/airflow/dags/core_osm_table_generator_dag.py for tasks to queue
[2026-02-21T01:10:49.872+0000] {logging_mixin.py:190} INFO - [2026-02-21T01:10:49.871+0000] {dagbag.py:588} INFO - Filling up the DagBag from /opt/airflow/dags/core_osm_table_generator_dag.py
[2026-02-21T01:10:50.419+0000] {processor.py:925} INFO - DAG(s) 'core_osm_table_generator' retrieved from /opt/airflow/dags/core_osm_table_generator_dag.py
[2026-02-21T01:10:51.435+0000] {logging_mixin.py:190} INFO - [2026-02-21T01:10:51.434+0000] {dag.py:3239} INFO - Sync 1 DAGs
[2026-02-21T01:10:51.449+0000] {logging_mixin.py:190} INFO - [2026-02-21T01:10:51.449+0000] {dag.py:4180} INFO - Setting next_dagrun for core_osm_table_generator to None, run_after=None
[2026-02-21T01:10:51.463+0000] {processor.py:208} INFO - Processing /opt/airflow/dags/core_osm_table_generator_dag.py took 1.604 seconds
[2026-02-21T01:11:21.496+0000] {processor.py:186} INFO - Started process (PID=1053) to work on /opt/airflow/dags/core_osm_table_generator_dag.py
[2026-02-21T01:11:21.497+0000] {processor.py:914} INFO - Processing file /opt/airflow/dags/core_osm_table_generator_dag.py for tasks to queue
[2026-02-21T01:11:21.498+0000] {logging_mixin.py:190} INFO - [2026-02-21T01:11:21.498+0000] {dagbag.py:588} INFO - Filling up the DagBag from /opt/airflow/dags/core_osm_table_generator_dag.py
[2026-02-21T01:11:21.958+0000] {processor.py:925} INFO - DAG(s) 'core_osm_table_generator' retrieved from /opt/airflow/dags/core_osm_table_generator_dag.py
[2026-02-21T01:11:22.934+0000] {logging_mixin.py:190} INFO - [2026-02-21T01:11:22.934+0000] {dag.py:3239} INFO - Sync 1 DAGs
[2026-02-21T01:11:22.947+0000] {logging_mixin.py:190} INFO - [2026-02-21T01:11:22.947+0000] {dag.py:4180} INFO - Setting next_dagrun for core_osm_table_generator to None, run_after=None
[2026-02-21T01:11:22.970+0000] {processor.py:208} INFO - Processing /opt/airflow/dags/core_osm_table_generator_dag.py took 1.480 seconds
[2026-02-21T01:11:53.172+0000] {processor.py:186} INFO - Started process (PID=1054) to work on /opt/airflow/dags/core_osm_table_generator_dag.py
[2026-02-21T01:11:53.176+0000] {processor.py:914} INFO - Processing file /opt/airflow/dags/core_osm_table_generator_dag.py for tasks to queue
[2026-02-21T01:11:53.178+0000] {logging_mixin.py:190} INFO - [2026-02-21T01:11:53.177+0000] {dagbag.py:588} INFO - Filling up the DagBag from /opt/airflow/dags/core_osm_table_generator_dag.py
[2026-02-21T01:11:53.701+0000] {processor.py:925} INFO - DAG(s) 'core_osm_table_generator' retrieved from /opt/airflow/dags/core_osm_table_generator_dag.py
[2026-02-21T01:11:54.715+0000] {logging_mixin.py:190} INFO - [2026-02-21T01:11:54.714+0000] {dag.py:3239} INFO - Sync 1 DAGs
[2026-02-21T01:11:54.726+0000] {logging_mixin.py:190} INFO - [2026-02-21T01:11:54.726+0000] {dag.py:4180} INFO - Setting next_dagrun for core_osm_table_generator to None, run_after=None
[2026-02-21T01:11:54.735+0000] {processor.py:208} INFO - Processing /opt/airflow/dags/core_osm_table_generator_dag.py took 1.573 seconds
[2026-02-21T01:14:27.120+0000] {processor.py:186} INFO - Started process (PID=1055) to work on /opt/airflow/dags/core_osm_table_generator_dag.py
[2026-02-21T01:14:27.121+0000] {processor.py:914} INFO - Processing file /opt/airflow/dags/core_osm_table_generator_dag.py for tasks to queue
[2026-02-21T01:14:27.123+0000] {logging_mixin.py:190} INFO - [2026-02-21T01:14:27.122+0000] {dagbag.py:588} INFO - Filling up the DagBag from /opt/airflow/dags/core_osm_table_generator_dag.py
[2026-02-21T01:14:27.640+0000] {processor.py:925} INFO - DAG(s) 'core_osm_table_generator' retrieved from /opt/airflow/dags/core_osm_table_generator_dag.py
[2026-02-21T01:14:28.668+0000] {logging_mixin.py:190} INFO - [2026-02-21T01:14:28.668+0000] {dag.py:3239} INFO - Sync 1 DAGs
[2026-02-21T01:14:28.730+0000] {logging_mixin.py:190} INFO - [2026-02-21T01:14:28.730+0000] {dag.py:4180} INFO - Setting next_dagrun for core_osm_table_generator to None, run_after=None
[2026-02-21T01:14:28.760+0000] {processor.py:208} INFO - Processing /opt/airflow/dags/core_osm_table_generator_dag.py took 1.648 seconds
[2026-02-21T01:14:59.137+0000] {processor.py:186} INFO - Started process (PID=1056) to work on /opt/airflow/dags/core_osm_table_generator_dag.py
[2026-02-21T01:14:59.139+0000] {processor.py:914} INFO - Processing file /opt/airflow/dags/core_osm_table_generator_dag.py for tasks to queue
[2026-02-21T01:14:59.140+0000] {logging_mixin.py:190} INFO - [2026-02-21T01:14:59.140+0000] {dagbag.py:588} INFO - Filling up the DagBag from /opt/airflow/dags/core_osm_table_generator_dag.py
[2026-02-21T01:14:59.650+0000] {processor.py:925} INFO - DAG(s) 'core_osm_table_generator' retrieved from /opt/airflow/dags/core_osm_table_generator_dag.py
[2026-02-21T01:15:00.668+0000] {logging_mixin.py:190} INFO - [2026-02-21T01:15:00.668+0000] {dag.py:3239} INFO - Sync 1 DAGs
[2026-02-21T01:15:00.683+0000] {logging_mixin.py:190} INFO - [2026-02-21T01:15:00.682+0000] {dag.py:4180} INFO - Setting next_dagrun for core_osm_table_generator to None, run_after=None
[2026-02-21T01:15:00.692+0000] {processor.py:208} INFO - Processing /opt/airflow/dags/core_osm_table_generator_dag.py took 1.571 seconds
[2026-02-21T01:15:30.948+0000] {processor.py:186} INFO - Started process (PID=1057) to work on /opt/airflow/dags/core_osm_table_generator_dag.py
[2026-02-21T01:15:30.949+0000] {processor.py:914} INFO - Processing file /opt/airflow/dags/core_osm_table_generator_dag.py for tasks to queue
[2026-02-21T01:15:30.951+0000] {logging_mixin.py:190} INFO - [2026-02-21T01:15:30.950+0000] {dagbag.py:588} INFO - Filling up the DagBag from /opt/airflow/dags/core_osm_table_generator_dag.py
[2026-02-21T01:15:31.421+0000] {processor.py:925} INFO - DAG(s) 'core_osm_table_generator' retrieved from /opt/airflow/dags/core_osm_table_generator_dag.py
[2026-02-21T01:15:32.403+0000] {logging_mixin.py:190} INFO - [2026-02-21T01:15:32.403+0000] {dag.py:3239} INFO - Sync 1 DAGs
[2026-02-21T01:15:32.409+0000] {logging_mixin.py:190} INFO - [2026-02-21T01:15:32.409+0000] {dag.py:4180} INFO - Setting next_dagrun for core_osm_table_generator to None, run_after=None
[2026-02-21T01:15:32.416+0000] {processor.py:208} INFO - Processing /opt/airflow/dags/core_osm_table_generator_dag.py took 1.476 seconds
[2026-02-21T01:16:02.825+0000] {processor.py:186} INFO - Started process (PID=1058) to work on /opt/airflow/dags/core_osm_table_generator_dag.py
[2026-02-21T01:16:02.827+0000] {processor.py:914} INFO - Processing file /opt/airflow/dags/core_osm_table_generator_dag.py for tasks to queue
[2026-02-21T01:16:02.828+0000] {logging_mixin.py:190} INFO - [2026-02-21T01:16:02.827+0000] {dagbag.py:588} INFO - Filling up the DagBag from /opt/airflow/dags/core_osm_table_generator_dag.py
[2026-02-21T01:16:03.354+0000] {processor.py:925} INFO - DAG(s) 'core_osm_table_generator' retrieved from /opt/airflow/dags/core_osm_table_generator_dag.py
[2026-02-21T01:16:04.354+0000] {logging_mixin.py:190} INFO - [2026-02-21T01:16:04.354+0000] {dag.py:3239} INFO - Sync 1 DAGs
[2026-02-21T01:16:04.366+0000] {logging_mixin.py:190} INFO - [2026-02-21T01:16:04.366+0000] {dag.py:4180} INFO - Setting next_dagrun for core_osm_table_generator to None, run_after=None
[2026-02-21T01:16:04.375+0000] {processor.py:208} INFO - Processing /opt/airflow/dags/core_osm_table_generator_dag.py took 1.560 seconds
[2026-02-21T01:16:35.215+0000] {processor.py:186} INFO - Started process (PID=1059) to work on /opt/airflow/dags/core_osm_table_generator_dag.py
[2026-02-21T01:16:35.217+0000] {processor.py:914} INFO - Processing file /opt/airflow/dags/core_osm_table_generator_dag.py for tasks to queue
[2026-02-21T01:16:35.219+0000] {logging_mixin.py:190} INFO - [2026-02-21T01:16:35.218+0000] {dagbag.py:588} INFO - Filling up the DagBag from /opt/airflow/dags/core_osm_table_generator_dag.py
[2026-02-21T01:16:35.815+0000] {processor.py:925} INFO - DAG(s) 'core_osm_table_generator' retrieved from /opt/airflow/dags/core_osm_table_generator_dag.py
[2026-02-21T01:16:36.884+0000] {logging_mixin.py:190} INFO - [2026-02-21T01:16:36.884+0000] {dag.py:3239} INFO - Sync 1 DAGs
[2026-02-21T01:16:36.898+0000] {logging_mixin.py:190} INFO - [2026-02-21T01:16:36.898+0000] {dag.py:4180} INFO - Setting next_dagrun for core_osm_table_generator to None, run_after=None
[2026-02-21T01:16:36.912+0000] {processor.py:208} INFO - Processing /opt/airflow/dags/core_osm_table_generator_dag.py took 1.710 seconds
[2026-02-21T01:32:52.015+0000] {processor.py:186} INFO - Started process (PID=1060) to work on /opt/airflow/dags/core_osm_table_generator_dag.py
[2026-02-21T01:32:52.016+0000] {processor.py:914} INFO - Processing file /opt/airflow/dags/core_osm_table_generator_dag.py for tasks to queue
[2026-02-21T01:32:52.020+0000] {logging_mixin.py:190} INFO - [2026-02-21T01:32:52.018+0000] {dagbag.py:588} INFO - Filling up the DagBag from /opt/airflow/dags/core_osm_table_generator_dag.py
[2026-02-21T01:32:52.507+0000] {processor.py:925} INFO - DAG(s) 'core_osm_table_generator' retrieved from /opt/airflow/dags/core_osm_table_generator_dag.py
[2026-02-21T01:32:53.500+0000] {logging_mixin.py:190} INFO - [2026-02-21T01:32:53.500+0000] {dag.py:3239} INFO - Sync 1 DAGs
[2026-02-21T01:32:53.512+0000] {logging_mixin.py:190} INFO - [2026-02-21T01:32:53.512+0000] {dag.py:4180} INFO - Setting next_dagrun for core_osm_table_generator to None, run_after=None
[2026-02-21T01:32:53.521+0000] {processor.py:208} INFO - Processing /opt/airflow/dags/core_osm_table_generator_dag.py took 1.515 seconds
[2026-02-21T01:33:23.778+0000] {processor.py:186} INFO - Started process (PID=1061) to work on /opt/airflow/dags/core_osm_table_generator_dag.py
[2026-02-21T01:33:23.780+0000] {processor.py:914} INFO - Processing file /opt/airflow/dags/core_osm_table_generator_dag.py for tasks to queue
[2026-02-21T01:33:23.782+0000] {logging_mixin.py:190} INFO - [2026-02-21T01:33:23.781+0000] {dagbag.py:588} INFO - Filling up the DagBag from /opt/airflow/dags/core_osm_table_generator_dag.py
[2026-02-21T01:33:24.303+0000] {processor.py:925} INFO - DAG(s) 'core_osm_table_generator' retrieved from /opt/airflow/dags/core_osm_table_generator_dag.py
[2026-02-21T01:33:26.124+0000] {logging_mixin.py:190} INFO - [2026-02-21T01:33:26.122+0000] {dag.py:3239} INFO - Sync 1 DAGs
[2026-02-21T01:33:26.172+0000] {logging_mixin.py:190} INFO - [2026-02-21T01:33:26.172+0000] {dag.py:4180} INFO - Setting next_dagrun for core_osm_table_generator to None, run_after=None
[2026-02-21T01:33:26.203+0000] {processor.py:208} INFO - Processing /opt/airflow/dags/core_osm_table_generator_dag.py took 2.438 seconds
[2026-02-21T01:51:09.336+0000] {processor.py:186} INFO - Started process (PID=1062) to work on /opt/airflow/dags/core_osm_table_generator_dag.py
[2026-02-21T01:51:09.337+0000] {processor.py:914} INFO - Processing file /opt/airflow/dags/core_osm_table_generator_dag.py for tasks to queue
[2026-02-21T01:51:09.339+0000] {logging_mixin.py:190} INFO - [2026-02-21T01:51:09.338+0000] {dagbag.py:588} INFO - Filling up the DagBag from /opt/airflow/dags/core_osm_table_generator_dag.py
[2026-02-21T01:51:09.834+0000] {processor.py:925} INFO - DAG(s) 'core_osm_table_generator' retrieved from /opt/airflow/dags/core_osm_table_generator_dag.py
[2026-02-21T01:51:10.848+0000] {logging_mixin.py:190} INFO - [2026-02-21T01:51:10.848+0000] {dag.py:3239} INFO - Sync 1 DAGs
[2026-02-21T01:51:10.859+0000] {logging_mixin.py:190} INFO - [2026-02-21T01:51:10.859+0000] {dag.py:4180} INFO - Setting next_dagrun for core_osm_table_generator to None, run_after=None
[2026-02-21T01:51:10.869+0000] {processor.py:208} INFO - Processing /opt/airflow/dags/core_osm_table_generator_dag.py took 1.543 seconds
[2026-02-21T01:51:41.273+0000] {processor.py:186} INFO - Started process (PID=1063) to work on /opt/airflow/dags/core_osm_table_generator_dag.py
[2026-02-21T01:51:41.274+0000] {processor.py:914} INFO - Processing file /opt/airflow/dags/core_osm_table_generator_dag.py for tasks to queue
[2026-02-21T01:51:41.275+0000] {logging_mixin.py:190} INFO - [2026-02-21T01:51:41.275+0000] {dagbag.py:588} INFO - Filling up the DagBag from /opt/airflow/dags/core_osm_table_generator_dag.py
[2026-02-21T01:51:41.748+0000] {processor.py:925} INFO - DAG(s) 'core_osm_table_generator' retrieved from /opt/airflow/dags/core_osm_table_generator_dag.py
[2026-02-21T01:51:42.747+0000] {logging_mixin.py:190} INFO - [2026-02-21T01:51:42.747+0000] {dag.py:3239} INFO - Sync 1 DAGs
[2026-02-21T01:51:42.758+0000] {logging_mixin.py:190} INFO - [2026-02-21T01:51:42.758+0000] {dag.py:4180} INFO - Setting next_dagrun for core_osm_table_generator to None, run_after=None
[2026-02-21T01:51:42.766+0000] {processor.py:208} INFO - Processing /opt/airflow/dags/core_osm_table_generator_dag.py took 1.505 seconds
[2026-02-21T01:52:13.142+0000] {processor.py:186} INFO - Started process (PID=1064) to work on /opt/airflow/dags/core_osm_table_generator_dag.py
[2026-02-21T01:52:13.147+0000] {processor.py:914} INFO - Processing file /opt/airflow/dags/core_osm_table_generator_dag.py for tasks to queue
[2026-02-21T01:52:13.149+0000] {logging_mixin.py:190} INFO - [2026-02-21T01:52:13.148+0000] {dagbag.py:588} INFO - Filling up the DagBag from /opt/airflow/dags/core_osm_table_generator_dag.py
[2026-02-21T01:52:13.640+0000] {processor.py:925} INFO - DAG(s) 'core_osm_table_generator' retrieved from /opt/airflow/dags/core_osm_table_generator_dag.py
[2026-02-21T01:52:14.665+0000] {logging_mixin.py:190} INFO - [2026-02-21T01:52:14.664+0000] {dag.py:3239} INFO - Sync 1 DAGs
[2026-02-21T01:52:14.680+0000] {logging_mixin.py:190} INFO - [2026-02-21T01:52:14.680+0000] {dag.py:4180} INFO - Setting next_dagrun for core_osm_table_generator to None, run_after=None
[2026-02-21T01:52:14.689+0000] {processor.py:208} INFO - Processing /opt/airflow/dags/core_osm_table_generator_dag.py took 1.581 seconds
[2026-02-21T01:52:45.058+0000] {processor.py:186} INFO - Started process (PID=1065) to work on /opt/airflow/dags/core_osm_table_generator_dag.py
[2026-02-21T01:52:45.059+0000] {processor.py:914} INFO - Processing file /opt/airflow/dags/core_osm_table_generator_dag.py for tasks to queue
[2026-02-21T01:52:45.060+0000] {logging_mixin.py:190} INFO - [2026-02-21T01:52:45.060+0000] {dagbag.py:588} INFO - Filling up the DagBag from /opt/airflow/dags/core_osm_table_generator_dag.py
[2026-02-21T01:52:45.527+0000] {processor.py:925} INFO - DAG(s) 'core_osm_table_generator' retrieved from /opt/airflow/dags/core_osm_table_generator_dag.py
[2026-02-21T01:52:46.513+0000] {logging_mixin.py:190} INFO - [2026-02-21T01:52:46.513+0000] {dag.py:3239} INFO - Sync 1 DAGs
[2026-02-21T01:52:46.519+0000] {logging_mixin.py:190} INFO - [2026-02-21T01:52:46.519+0000] {dag.py:4180} INFO - Setting next_dagrun for core_osm_table_generator to None, run_after=None
[2026-02-21T01:52:46.527+0000] {processor.py:208} INFO - Processing /opt/airflow/dags/core_osm_table_generator_dag.py took 1.475 seconds
[2026-02-21T01:53:16.901+0000] {processor.py:186} INFO - Started process (PID=1066) to work on /opt/airflow/dags/core_osm_table_generator_dag.py
[2026-02-21T01:53:16.902+0000] {processor.py:914} INFO - Processing file /opt/airflow/dags/core_osm_table_generator_dag.py for tasks to queue
[2026-02-21T01:53:16.904+0000] {logging_mixin.py:190} INFO - [2026-02-21T01:53:16.904+0000] {dagbag.py:588} INFO - Filling up the DagBag from /opt/airflow/dags/core_osm_table_generator_dag.py
[2026-02-21T01:53:17.433+0000] {processor.py:925} INFO - DAG(s) 'core_osm_table_generator' retrieved from /opt/airflow/dags/core_osm_table_generator_dag.py
[2026-02-21T01:53:18.433+0000] {logging_mixin.py:190} INFO - [2026-02-21T01:53:18.433+0000] {dag.py:3239} INFO - Sync 1 DAGs
[2026-02-21T01:53:18.444+0000] {logging_mixin.py:190} INFO - [2026-02-21T01:53:18.444+0000] {dag.py:4180} INFO - Setting next_dagrun for core_osm_table_generator to None, run_after=None
[2026-02-21T01:53:18.455+0000] {processor.py:208} INFO - Processing /opt/airflow/dags/core_osm_table_generator_dag.py took 1.563 seconds
[2026-02-21T01:53:48.809+0000] {processor.py:186} INFO - Started process (PID=1067) to work on /opt/airflow/dags/core_osm_table_generator_dag.py
[2026-02-21T01:53:48.810+0000] {processor.py:914} INFO - Processing file /opt/airflow/dags/core_osm_table_generator_dag.py for tasks to queue
[2026-02-21T01:53:48.812+0000] {logging_mixin.py:190} INFO - [2026-02-21T01:53:48.811+0000] {dagbag.py:588} INFO - Filling up the DagBag from /opt/airflow/dags/core_osm_table_generator_dag.py
[2026-02-21T01:53:49.270+0000] {processor.py:925} INFO - DAG(s) 'core_osm_table_generator' retrieved from /opt/airflow/dags/core_osm_table_generator_dag.py
[2026-02-21T01:53:50.248+0000] {logging_mixin.py:190} INFO - [2026-02-21T01:53:50.247+0000] {dag.py:3239} INFO - Sync 1 DAGs
[2026-02-21T01:53:50.254+0000] {logging_mixin.py:190} INFO - [2026-02-21T01:53:50.254+0000] {dag.py:4180} INFO - Setting next_dagrun for core_osm_table_generator to None, run_after=None
[2026-02-21T01:53:50.261+0000] {processor.py:208} INFO - Processing /opt/airflow/dags/core_osm_table_generator_dag.py took 1.458 seconds
[2026-02-21T01:54:20.701+0000] {processor.py:186} INFO - Started process (PID=1068) to work on /opt/airflow/dags/core_osm_table_generator_dag.py
[2026-02-21T01:54:20.704+0000] {processor.py:914} INFO - Processing file /opt/airflow/dags/core_osm_table_generator_dag.py for tasks to queue
[2026-02-21T01:54:20.706+0000] {logging_mixin.py:190} INFO - [2026-02-21T01:54:20.706+0000] {dagbag.py:588} INFO - Filling up the DagBag from /opt/airflow/dags/core_osm_table_generator_dag.py
[2026-02-21T01:54:21.194+0000] {processor.py:925} INFO - DAG(s) 'core_osm_table_generator' retrieved from /opt/airflow/dags/core_osm_table_generator_dag.py
[2026-02-21T01:54:22.204+0000] {logging_mixin.py:190} INFO - [2026-02-21T01:54:22.204+0000] {dag.py:3239} INFO - Sync 1 DAGs
[2026-02-21T01:54:22.220+0000] {logging_mixin.py:190} INFO - [2026-02-21T01:54:22.220+0000] {dag.py:4180} INFO - Setting next_dagrun for core_osm_table_generator to None, run_after=None
[2026-02-21T01:54:22.230+0000] {processor.py:208} INFO - Processing /opt/airflow/dags/core_osm_table_generator_dag.py took 1.557 seconds
[2026-02-21T01:54:52.628+0000] {processor.py:186} INFO - Started process (PID=1069) to work on /opt/airflow/dags/core_osm_table_generator_dag.py
[2026-02-21T01:54:52.631+0000] {processor.py:914} INFO - Processing file /opt/airflow/dags/core_osm_table_generator_dag.py for tasks to queue
[2026-02-21T01:54:52.633+0000] {logging_mixin.py:190} INFO - [2026-02-21T01:54:52.632+0000] {dagbag.py:588} INFO - Filling up the DagBag from /opt/airflow/dags/core_osm_table_generator_dag.py
[2026-02-21T01:54:53.121+0000] {processor.py:925} INFO - DAG(s) 'core_osm_table_generator' retrieved from /opt/airflow/dags/core_osm_table_generator_dag.py
[2026-02-21T01:54:54.118+0000] {logging_mixin.py:190} INFO - [2026-02-21T01:54:54.118+0000] {dag.py:3239} INFO - Sync 1 DAGs
[2026-02-21T01:54:54.130+0000] {logging_mixin.py:190} INFO - [2026-02-21T01:54:54.130+0000] {dag.py:4180} INFO - Setting next_dagrun for core_osm_table_generator to None, run_after=None
[2026-02-21T01:54:54.140+0000] {processor.py:208} INFO - Processing /opt/airflow/dags/core_osm_table_generator_dag.py took 1.524 seconds
[2026-02-21T01:55:24.460+0000] {processor.py:186} INFO - Started process (PID=1070) to work on /opt/airflow/dags/core_osm_table_generator_dag.py
[2026-02-21T01:55:24.462+0000] {processor.py:914} INFO - Processing file /opt/airflow/dags/core_osm_table_generator_dag.py for tasks to queue
[2026-02-21T01:55:24.464+0000] {logging_mixin.py:190} INFO - [2026-02-21T01:55:24.463+0000] {dagbag.py:588} INFO - Filling up the DagBag from /opt/airflow/dags/core_osm_table_generator_dag.py
[2026-02-21T01:55:24.935+0000] {processor.py:925} INFO - DAG(s) 'core_osm_table_generator' retrieved from /opt/airflow/dags/core_osm_table_generator_dag.py
[2026-02-21T01:55:25.935+0000] {logging_mixin.py:190} INFO - [2026-02-21T01:55:25.935+0000] {dag.py:3239} INFO - Sync 1 DAGs
[2026-02-21T01:55:25.942+0000] {logging_mixin.py:190} INFO - [2026-02-21T01:55:25.942+0000] {dag.py:4180} INFO - Setting next_dagrun for core_osm_table_generator to None, run_after=None
[2026-02-21T01:55:25.950+0000] {processor.py:208} INFO - Processing /opt/airflow/dags/core_osm_table_generator_dag.py took 1.498 seconds
[2026-02-21T01:55:56.366+0000] {processor.py:186} INFO - Started process (PID=1071) to work on /opt/airflow/dags/core_osm_table_generator_dag.py
[2026-02-21T01:55:56.368+0000] {processor.py:914} INFO - Processing file /opt/airflow/dags/core_osm_table_generator_dag.py for tasks to queue
[2026-02-21T01:55:56.370+0000] {logging_mixin.py:190} INFO - [2026-02-21T01:55:56.369+0000] {dagbag.py:588} INFO - Filling up the DagBag from /opt/airflow/dags/core_osm_table_generator_dag.py
[2026-02-21T01:55:56.881+0000] {processor.py:925} INFO - DAG(s) 'core_osm_table_generator' retrieved from /opt/airflow/dags/core_osm_table_generator_dag.py
[2026-02-21T01:55:57.881+0000] {logging_mixin.py:190} INFO - [2026-02-21T01:55:57.881+0000] {dag.py:3239} INFO - Sync 1 DAGs
[2026-02-21T01:55:57.892+0000] {logging_mixin.py:190} INFO - [2026-02-21T01:55:57.892+0000] {dag.py:4180} INFO - Setting next_dagrun for core_osm_table_generator to None, run_after=None
[2026-02-21T01:55:57.902+0000] {processor.py:208} INFO - Processing /opt/airflow/dags/core_osm_table_generator_dag.py took 1.549 seconds
[2026-02-21T01:56:28.263+0000] {processor.py:186} INFO - Started process (PID=1072) to work on /opt/airflow/dags/core_osm_table_generator_dag.py
[2026-02-21T01:56:28.264+0000] {processor.py:914} INFO - Processing file /opt/airflow/dags/core_osm_table_generator_dag.py for tasks to queue
[2026-02-21T01:56:28.265+0000] {logging_mixin.py:190} INFO - [2026-02-21T01:56:28.265+0000] {dagbag.py:588} INFO - Filling up the DagBag from /opt/airflow/dags/core_osm_table_generator_dag.py
[2026-02-21T01:56:28.730+0000] {processor.py:925} INFO - DAG(s) 'core_osm_table_generator' retrieved from /opt/airflow/dags/core_osm_table_generator_dag.py
[2026-02-21T01:56:29.781+0000] {logging_mixin.py:190} INFO - [2026-02-21T01:56:29.781+0000] {dag.py:3239} INFO - Sync 1 DAGs
[2026-02-21T01:56:29.795+0000] {logging_mixin.py:190} INFO - [2026-02-21T01:56:29.795+0000] {dag.py:4180} INFO - Setting next_dagrun for core_osm_table_generator to None, run_after=None
[2026-02-21T01:56:29.803+0000] {processor.py:208} INFO - Processing /opt/airflow/dags/core_osm_table_generator_dag.py took 1.549 seconds
[2026-02-21T01:57:00.271+0000] {processor.py:186} INFO - Started process (PID=1073) to work on /opt/airflow/dags/core_osm_table_generator_dag.py
[2026-02-21T01:57:00.274+0000] {processor.py:914} INFO - Processing file /opt/airflow/dags/core_osm_table_generator_dag.py for tasks to queue
[2026-02-21T01:57:00.276+0000] {logging_mixin.py:190} INFO - [2026-02-21T01:57:00.275+0000] {dagbag.py:588} INFO - Filling up the DagBag from /opt/airflow/dags/core_osm_table_generator_dag.py
[2026-02-21T01:57:00.796+0000] {processor.py:925} INFO - DAG(s) 'core_osm_table_generator' retrieved from /opt/airflow/dags/core_osm_table_generator_dag.py
[2026-02-21T01:57:01.813+0000] {logging_mixin.py:190} INFO - [2026-02-21T01:57:01.813+0000] {dag.py:3239} INFO - Sync 1 DAGs
[2026-02-21T01:57:01.825+0000] {logging_mixin.py:190} INFO - [2026-02-21T01:57:01.825+0000] {dag.py:4180} INFO - Setting next_dagrun for core_osm_table_generator to None, run_after=None
[2026-02-21T01:57:01.835+0000] {processor.py:208} INFO - Processing /opt/airflow/dags/core_osm_table_generator_dag.py took 1.581 seconds
[2026-02-21T01:57:32.534+0000] {processor.py:186} INFO - Started process (PID=1074) to work on /opt/airflow/dags/core_osm_table_generator_dag.py
[2026-02-21T01:57:32.537+0000] {processor.py:914} INFO - Processing file /opt/airflow/dags/core_osm_table_generator_dag.py for tasks to queue
[2026-02-21T01:57:32.538+0000] {logging_mixin.py:190} INFO - [2026-02-21T01:57:32.538+0000] {dagbag.py:588} INFO - Filling up the DagBag from /opt/airflow/dags/core_osm_table_generator_dag.py
[2026-02-21T01:57:33.054+0000] {processor.py:925} INFO - DAG(s) 'core_osm_table_generator' retrieved from /opt/airflow/dags/core_osm_table_generator_dag.py
[2026-02-21T01:57:34.071+0000] {logging_mixin.py:190} INFO - [2026-02-21T01:57:34.071+0000] {dag.py:3239} INFO - Sync 1 DAGs
[2026-02-21T01:57:34.082+0000] {logging_mixin.py:190} INFO - [2026-02-21T01:57:34.082+0000] {dag.py:4180} INFO - Setting next_dagrun for core_osm_table_generator to None, run_after=None
[2026-02-21T01:57:34.094+0000] {processor.py:208} INFO - Processing /opt/airflow/dags/core_osm_table_generator_dag.py took 1.571 seconds
[2026-02-21T02:12:59.925+0000] {processor.py:186} INFO - Started process (PID=1075) to work on /opt/airflow/dags/core_osm_table_generator_dag.py
[2026-02-21T02:12:59.926+0000] {processor.py:914} INFO - Processing file /opt/airflow/dags/core_osm_table_generator_dag.py for tasks to queue
[2026-02-21T02:12:59.927+0000] {logging_mixin.py:190} INFO - [2026-02-21T02:12:59.927+0000] {dagbag.py:588} INFO - Filling up the DagBag from /opt/airflow/dags/core_osm_table_generator_dag.py
[2026-02-21T02:13:00.393+0000] {processor.py:925} INFO - DAG(s) 'core_osm_table_generator' retrieved from /opt/airflow/dags/core_osm_table_generator_dag.py
[2026-02-21T02:13:01.374+0000] {logging_mixin.py:190} INFO - [2026-02-21T02:13:01.374+0000] {dag.py:3239} INFO - Sync 1 DAGs
[2026-02-21T02:13:01.381+0000] {logging_mixin.py:190} INFO - [2026-02-21T02:13:01.381+0000] {dag.py:4180} INFO - Setting next_dagrun for core_osm_table_generator to None, run_after=None
[2026-02-21T02:13:01.387+0000] {processor.py:208} INFO - Processing /opt/airflow/dags/core_osm_table_generator_dag.py took 1.468 seconds
[2026-02-21T02:13:31.830+0000] {processor.py:186} INFO - Started process (PID=1076) to work on /opt/airflow/dags/core_osm_table_generator_dag.py
[2026-02-21T02:13:31.833+0000] {processor.py:914} INFO - Processing file /opt/airflow/dags/core_osm_table_generator_dag.py for tasks to queue
[2026-02-21T02:13:31.835+0000] {logging_mixin.py:190} INFO - [2026-02-21T02:13:31.834+0000] {dagbag.py:588} INFO - Filling up the DagBag from /opt/airflow/dags/core_osm_table_generator_dag.py
[2026-02-21T02:13:32.360+0000] {processor.py:925} INFO - DAG(s) 'core_osm_table_generator' retrieved from /opt/airflow/dags/core_osm_table_generator_dag.py
[2026-02-21T02:13:33.378+0000] {logging_mixin.py:190} INFO - [2026-02-21T02:13:33.378+0000] {dag.py:3239} INFO - Sync 1 DAGs
[2026-02-21T02:13:33.390+0000] {logging_mixin.py:190} INFO - [2026-02-21T02:13:33.389+0000] {dag.py:4180} INFO - Setting next_dagrun for core_osm_table_generator to None, run_after=None
[2026-02-21T02:13:33.402+0000] {processor.py:208} INFO - Processing /opt/airflow/dags/core_osm_table_generator_dag.py took 1.581 seconds
[2026-02-21T02:14:03.732+0000] {processor.py:186} INFO - Started process (PID=1077) to work on /opt/airflow/dags/core_osm_table_generator_dag.py
[2026-02-21T02:14:03.734+0000] {processor.py:914} INFO - Processing file /opt/airflow/dags/core_osm_table_generator_dag.py for tasks to queue
[2026-02-21T02:14:03.735+0000] {logging_mixin.py:190} INFO - [2026-02-21T02:14:03.735+0000] {dagbag.py:588} INFO - Filling up the DagBag from /opt/airflow/dags/core_osm_table_generator_dag.py
[2026-02-21T02:14:04.201+0000] {processor.py:925} INFO - DAG(s) 'core_osm_table_generator' retrieved from /opt/airflow/dags/core_osm_table_generator_dag.py
[2026-02-21T02:14:05.183+0000] {logging_mixin.py:190} INFO - [2026-02-21T02:14:05.183+0000] {dag.py:3239} INFO - Sync 1 DAGs
[2026-02-21T02:14:05.196+0000] {logging_mixin.py:190} INFO - [2026-02-21T02:14:05.196+0000] {dag.py:4180} INFO - Setting next_dagrun for core_osm_table_generator to None, run_after=None
[2026-02-21T02:14:05.203+0000] {processor.py:208} INFO - Processing /opt/airflow/dags/core_osm_table_generator_dag.py took 1.479 seconds
[2026-02-21T02:14:35.520+0000] {processor.py:186} INFO - Started process (PID=1078) to work on /opt/airflow/dags/core_osm_table_generator_dag.py
[2026-02-21T02:14:35.533+0000] {processor.py:914} INFO - Processing file /opt/airflow/dags/core_osm_table_generator_dag.py for tasks to queue
[2026-02-21T02:14:35.543+0000] {logging_mixin.py:190} INFO - [2026-02-21T02:14:35.539+0000] {dagbag.py:588} INFO - Filling up the DagBag from /opt/airflow/dags/core_osm_table_generator_dag.py
[2026-02-21T02:14:36.026+0000] {processor.py:925} INFO - DAG(s) 'core_osm_table_generator' retrieved from /opt/airflow/dags/core_osm_table_generator_dag.py
[2026-02-21T02:14:37.042+0000] {logging_mixin.py:190} INFO - [2026-02-21T02:14:37.042+0000] {dag.py:3239} INFO - Sync 1 DAGs
[2026-02-21T02:14:37.052+0000] {logging_mixin.py:190} INFO - [2026-02-21T02:14:37.052+0000] {dag.py:4180} INFO - Setting next_dagrun for core_osm_table_generator to None, run_after=None
[2026-02-21T02:14:37.060+0000] {processor.py:208} INFO - Processing /opt/airflow/dags/core_osm_table_generator_dag.py took 1.549 seconds
[2026-02-21T02:15:07.461+0000] {processor.py:186} INFO - Started process (PID=1079) to work on /opt/airflow/dags/core_osm_table_generator_dag.py
[2026-02-21T02:15:07.462+0000] {processor.py:914} INFO - Processing file /opt/airflow/dags/core_osm_table_generator_dag.py for tasks to queue
[2026-02-21T02:15:07.463+0000] {logging_mixin.py:190} INFO - [2026-02-21T02:15:07.463+0000] {dagbag.py:588} INFO - Filling up the DagBag from /opt/airflow/dags/core_osm_table_generator_dag.py
[2026-02-21T02:15:07.927+0000] {processor.py:925} INFO - DAG(s) 'core_osm_table_generator' retrieved from /opt/airflow/dags/core_osm_table_generator_dag.py
[2026-02-21T02:15:08.911+0000] {logging_mixin.py:190} INFO - [2026-02-21T02:15:08.911+0000] {dag.py:3239} INFO - Sync 1 DAGs
[2026-02-21T02:15:08.919+0000] {logging_mixin.py:190} INFO - [2026-02-21T02:15:08.919+0000] {dag.py:4180} INFO - Setting next_dagrun for core_osm_table_generator to None, run_after=None
[2026-02-21T02:15:08.927+0000] {processor.py:208} INFO - Processing /opt/airflow/dags/core_osm_table_generator_dag.py took 1.473 seconds
[2026-02-21T02:15:39.312+0000] {processor.py:186} INFO - Started process (PID=1080) to work on /opt/airflow/dags/core_osm_table_generator_dag.py
[2026-02-21T02:15:39.313+0000] {processor.py:914} INFO - Processing file /opt/airflow/dags/core_osm_table_generator_dag.py for tasks to queue
[2026-02-21T02:15:39.314+0000] {logging_mixin.py:190} INFO - [2026-02-21T02:15:39.314+0000] {dagbag.py:588} INFO - Filling up the DagBag from /opt/airflow/dags/core_osm_table_generator_dag.py
[2026-02-21T02:15:39.810+0000] {processor.py:925} INFO - DAG(s) 'core_osm_table_generator' retrieved from /opt/airflow/dags/core_osm_table_generator_dag.py
[2026-02-21T02:15:40.811+0000] {logging_mixin.py:190} INFO - [2026-02-21T02:15:40.811+0000] {dag.py:3239} INFO - Sync 1 DAGs
[2026-02-21T02:15:40.824+0000] {logging_mixin.py:190} INFO - [2026-02-21T02:15:40.823+0000] {dag.py:4180} INFO - Setting next_dagrun for core_osm_table_generator to None, run_after=None
[2026-02-21T02:15:40.836+0000] {processor.py:208} INFO - Processing /opt/airflow/dags/core_osm_table_generator_dag.py took 1.551 seconds
[2026-02-21T02:16:11.221+0000] {processor.py:186} INFO - Started process (PID=1081) to work on /opt/airflow/dags/core_osm_table_generator_dag.py
[2026-02-21T02:16:11.222+0000] {processor.py:914} INFO - Processing file /opt/airflow/dags/core_osm_table_generator_dag.py for tasks to queue
[2026-02-21T02:16:11.223+0000] {logging_mixin.py:190} INFO - [2026-02-21T02:16:11.223+0000] {dagbag.py:588} INFO - Filling up the DagBag from /opt/airflow/dags/core_osm_table_generator_dag.py
[2026-02-21T02:16:11.693+0000] {processor.py:925} INFO - DAG(s) 'core_osm_table_generator' retrieved from /opt/airflow/dags/core_osm_table_generator_dag.py
[2026-02-21T02:16:12.671+0000] {logging_mixin.py:190} INFO - [2026-02-21T02:16:12.671+0000] {dag.py:3239} INFO - Sync 1 DAGs
[2026-02-21T02:16:12.682+0000] {logging_mixin.py:190} INFO - [2026-02-21T02:16:12.682+0000] {dag.py:4180} INFO - Setting next_dagrun for core_osm_table_generator to None, run_after=None
[2026-02-21T02:16:12.691+0000] {processor.py:208} INFO - Processing /opt/airflow/dags/core_osm_table_generator_dag.py took 1.479 seconds
[2026-02-21T02:16:43.090+0000] {processor.py:186} INFO - Started process (PID=1082) to work on /opt/airflow/dags/core_osm_table_generator_dag.py
[2026-02-21T02:16:43.091+0000] {processor.py:914} INFO - Processing file /opt/airflow/dags/core_osm_table_generator_dag.py for tasks to queue
[2026-02-21T02:16:43.093+0000] {logging_mixin.py:190} INFO - [2026-02-21T02:16:43.092+0000] {dagbag.py:588} INFO - Filling up the DagBag from /opt/airflow/dags/core_osm_table_generator_dag.py
[2026-02-21T02:16:43.610+0000] {processor.py:925} INFO - DAG(s) 'core_osm_table_generator' retrieved from /opt/airflow/dags/core_osm_table_generator_dag.py
[2026-02-21T02:16:44.616+0000] {logging_mixin.py:190} INFO - [2026-02-21T02:16:44.616+0000] {dag.py:3239} INFO - Sync 1 DAGs
[2026-02-21T02:16:44.627+0000] {logging_mixin.py:190} INFO - [2026-02-21T02:16:44.627+0000] {dag.py:4180} INFO - Setting next_dagrun for core_osm_table_generator to None, run_after=None
[2026-02-21T02:16:44.636+0000] {processor.py:208} INFO - Processing /opt/airflow/dags/core_osm_table_generator_dag.py took 1.558 seconds
[2026-02-21T02:33:10.158+0000] {processor.py:186} INFO - Started process (PID=1083) to work on /opt/airflow/dags/core_osm_table_generator_dag.py
[2026-02-21T02:33:10.159+0000] {processor.py:914} INFO - Processing file /opt/airflow/dags/core_osm_table_generator_dag.py for tasks to queue
[2026-02-21T02:33:10.160+0000] {logging_mixin.py:190} INFO - [2026-02-21T02:33:10.160+0000] {dagbag.py:588} INFO - Filling up the DagBag from /opt/airflow/dags/core_osm_table_generator_dag.py
[2026-02-21T02:33:10.689+0000] {processor.py:925} INFO - DAG(s) 'core_osm_table_generator' retrieved from /opt/airflow/dags/core_osm_table_generator_dag.py
[2026-02-21T02:33:11.717+0000] {logging_mixin.py:190} INFO - [2026-02-21T02:33:11.716+0000] {dag.py:3239} INFO - Sync 1 DAGs
[2026-02-21T02:33:11.727+0000] {logging_mixin.py:190} INFO - [2026-02-21T02:33:11.727+0000] {dag.py:4180} INFO - Setting next_dagrun for core_osm_table_generator to None, run_after=None
[2026-02-21T02:33:11.736+0000] {processor.py:208} INFO - Processing /opt/airflow/dags/core_osm_table_generator_dag.py took 1.587 seconds
[2026-02-21T02:33:42.147+0000] {processor.py:186} INFO - Started process (PID=1084) to work on /opt/airflow/dags/core_osm_table_generator_dag.py
[2026-02-21T02:33:42.151+0000] {processor.py:914} INFO - Processing file /opt/airflow/dags/core_osm_table_generator_dag.py for tasks to queue
[2026-02-21T02:33:42.152+0000] {logging_mixin.py:190} INFO - [2026-02-21T02:33:42.152+0000] {dagbag.py:588} INFO - Filling up the DagBag from /opt/airflow/dags/core_osm_table_generator_dag.py
[2026-02-21T02:33:42.678+0000] {processor.py:925} INFO - DAG(s) 'core_osm_table_generator' retrieved from /opt/airflow/dags/core_osm_table_generator_dag.py
[2026-02-21T02:33:43.847+0000] {logging_mixin.py:190} INFO - [2026-02-21T02:33:43.847+0000] {dag.py:3239} INFO - Sync 1 DAGs
[2026-02-21T02:33:43.859+0000] {logging_mixin.py:190} INFO - [2026-02-21T02:33:43.859+0000] {dag.py:4180} INFO - Setting next_dagrun for core_osm_table_generator to None, run_after=None
[2026-02-21T02:33:43.868+0000] {processor.py:208} INFO - Processing /opt/airflow/dags/core_osm_table_generator_dag.py took 1.737 seconds
[2026-02-21T02:49:53.340+0000] {processor.py:186} INFO - Started process (PID=1085) to work on /opt/airflow/dags/core_osm_table_generator_dag.py
[2026-02-21T02:49:53.341+0000] {processor.py:914} INFO - Processing file /opt/airflow/dags/core_osm_table_generator_dag.py for tasks to queue
[2026-02-21T02:49:53.343+0000] {logging_mixin.py:190} INFO - [2026-02-21T02:49:53.342+0000] {dagbag.py:588} INFO - Filling up the DagBag from /opt/airflow/dags/core_osm_table_generator_dag.py
[2026-02-21T02:49:53.835+0000] {processor.py:925} INFO - DAG(s) 'core_osm_table_generator' retrieved from /opt/airflow/dags/core_osm_table_generator_dag.py
[2026-02-21T02:49:54.850+0000] {logging_mixin.py:190} INFO - [2026-02-21T02:49:54.850+0000] {dag.py:3239} INFO - Sync 1 DAGs
[2026-02-21T02:49:54.865+0000] {logging_mixin.py:190} INFO - [2026-02-21T02:49:54.865+0000] {dag.py:4180} INFO - Setting next_dagrun for core_osm_table_generator to None, run_after=None
[2026-02-21T02:49:54.874+0000] {processor.py:208} INFO - Processing /opt/airflow/dags/core_osm_table_generator_dag.py took 1.545 seconds
[2026-02-21T02:50:25.237+0000] {processor.py:186} INFO - Started process (PID=1086) to work on /opt/airflow/dags/core_osm_table_generator_dag.py
[2026-02-21T02:50:25.239+0000] {processor.py:914} INFO - Processing file /opt/airflow/dags/core_osm_table_generator_dag.py for tasks to queue
[2026-02-21T02:50:25.241+0000] {logging_mixin.py:190} INFO - [2026-02-21T02:50:25.240+0000] {dagbag.py:588} INFO - Filling up the DagBag from /opt/airflow/dags/core_osm_table_generator_dag.py
[2026-02-21T02:50:25.731+0000] {processor.py:925} INFO - DAG(s) 'core_osm_table_generator' retrieved from /opt/airflow/dags/core_osm_table_generator_dag.py
[2026-02-21T02:50:26.719+0000] {logging_mixin.py:190} INFO - [2026-02-21T02:50:26.719+0000] {dag.py:3239} INFO - Sync 1 DAGs
[2026-02-21T02:50:26.727+0000] {logging_mixin.py:190} INFO - [2026-02-21T02:50:26.727+0000] {dag.py:4180} INFO - Setting next_dagrun for core_osm_table_generator to None, run_after=None
[2026-02-21T02:50:26.735+0000] {processor.py:208} INFO - Processing /opt/airflow/dags/core_osm_table_generator_dag.py took 1.510 seconds
[2026-02-21T02:50:57.115+0000] {processor.py:186} INFO - Started process (PID=1087) to work on /opt/airflow/dags/core_osm_table_generator_dag.py
[2026-02-21T02:50:57.117+0000] {processor.py:914} INFO - Processing file /opt/airflow/dags/core_osm_table_generator_dag.py for tasks to queue
[2026-02-21T02:50:57.118+0000] {logging_mixin.py:190} INFO - [2026-02-21T02:50:57.118+0000] {dagbag.py:588} INFO - Filling up the DagBag from /opt/airflow/dags/core_osm_table_generator_dag.py
[2026-02-21T02:50:57.579+0000] {processor.py:925} INFO - DAG(s) 'core_osm_table_generator' retrieved from /opt/airflow/dags/core_osm_table_generator_dag.py
[2026-02-21T02:50:58.566+0000] {logging_mixin.py:190} INFO - [2026-02-21T02:50:58.566+0000] {dag.py:3239} INFO - Sync 1 DAGs
[2026-02-21T02:50:58.572+0000] {logging_mixin.py:190} INFO - [2026-02-21T02:50:58.572+0000] {dag.py:4180} INFO - Setting next_dagrun for core_osm_table_generator to None, run_after=None
[2026-02-21T02:50:58.579+0000] {processor.py:208} INFO - Processing /opt/airflow/dags/core_osm_table_generator_dag.py took 1.475 seconds
[2026-02-21T02:51:28.962+0000] {processor.py:186} INFO - Started process (PID=1088) to work on /opt/airflow/dags/core_osm_table_generator_dag.py
[2026-02-21T02:51:28.965+0000] {processor.py:914} INFO - Processing file /opt/airflow/dags/core_osm_table_generator_dag.py for tasks to queue
[2026-02-21T02:51:28.967+0000] {logging_mixin.py:190} INFO - [2026-02-21T02:51:28.966+0000] {dagbag.py:588} INFO - Filling up the DagBag from /opt/airflow/dags/core_osm_table_generator_dag.py
[2026-02-21T02:51:29.485+0000] {processor.py:925} INFO - DAG(s) 'core_osm_table_generator' retrieved from /opt/airflow/dags/core_osm_table_generator_dag.py
[2026-02-21T02:51:30.490+0000] {logging_mixin.py:190} INFO - [2026-02-21T02:51:30.490+0000] {dag.py:3239} INFO - Sync 1 DAGs
[2026-02-21T02:51:30.501+0000] {logging_mixin.py:190} INFO - [2026-02-21T02:51:30.501+0000] {dag.py:4180} INFO - Setting next_dagrun for core_osm_table_generator to None, run_after=None
[2026-02-21T02:51:30.511+0000] {processor.py:208} INFO - Processing /opt/airflow/dags/core_osm_table_generator_dag.py took 1.564 seconds
[2026-02-21T02:52:00.918+0000] {processor.py:186} INFO - Started process (PID=1089) to work on /opt/airflow/dags/core_osm_table_generator_dag.py
[2026-02-21T02:52:00.919+0000] {processor.py:914} INFO - Processing file /opt/airflow/dags/core_osm_table_generator_dag.py for tasks to queue
[2026-02-21T02:52:00.920+0000] {logging_mixin.py:190} INFO - [2026-02-21T02:52:00.920+0000] {dagbag.py:588} INFO - Filling up the DagBag from /opt/airflow/dags/core_osm_table_generator_dag.py
[2026-02-21T02:52:01.380+0000] {processor.py:925} INFO - DAG(s) 'core_osm_table_generator' retrieved from /opt/airflow/dags/core_osm_table_generator_dag.py
[2026-02-21T02:52:03.167+0000] {logging_mixin.py:190} INFO - [2026-02-21T02:52:03.166+0000] {dag.py:3239} INFO - Sync 1 DAGs
[2026-02-21T02:52:03.527+0000] {logging_mixin.py:190} INFO - [2026-02-21T02:52:03.527+0000] {dag.py:4180} INFO - Setting next_dagrun for core_osm_table_generator to None, run_after=None
[2026-02-21T02:52:03.538+0000] {processor.py:208} INFO - Processing /opt/airflow/dags/core_osm_table_generator_dag.py took 2.626 seconds
[2026-02-21T03:08:00.666+0000] {processor.py:186} INFO - Started process (PID=1090) to work on /opt/airflow/dags/core_osm_table_generator_dag.py
[2026-02-21T03:08:00.668+0000] {processor.py:914} INFO - Processing file /opt/airflow/dags/core_osm_table_generator_dag.py for tasks to queue
[2026-02-21T03:08:00.669+0000] {logging_mixin.py:190} INFO - [2026-02-21T03:08:00.668+0000] {dagbag.py:588} INFO - Filling up the DagBag from /opt/airflow/dags/core_osm_table_generator_dag.py
[2026-02-21T03:08:01.191+0000] {processor.py:925} INFO - DAG(s) 'core_osm_table_generator' retrieved from /opt/airflow/dags/core_osm_table_generator_dag.py
[2026-02-21T03:08:02.224+0000] {logging_mixin.py:190} INFO - [2026-02-21T03:08:02.224+0000] {dag.py:3239} INFO - Sync 1 DAGs
[2026-02-21T03:08:02.427+0000] {logging_mixin.py:190} INFO - [2026-02-21T03:08:02.427+0000] {dag.py:4180} INFO - Setting next_dagrun for core_osm_table_generator to None, run_after=None
[2026-02-21T03:08:02.434+0000] {processor.py:208} INFO - Processing /opt/airflow/dags/core_osm_table_generator_dag.py took 1.776 seconds
[2026-02-21T03:08:32.820+0000] {processor.py:186} INFO - Started process (PID=1091) to work on /opt/airflow/dags/core_osm_table_generator_dag.py
[2026-02-21T03:08:32.822+0000] {processor.py:914} INFO - Processing file /opt/airflow/dags/core_osm_table_generator_dag.py for tasks to queue
[2026-02-21T03:08:32.824+0000] {logging_mixin.py:190} INFO - [2026-02-21T03:08:32.823+0000] {dagbag.py:588} INFO - Filling up the DagBag from /opt/airflow/dags/core_osm_table_generator_dag.py
[2026-02-21T03:08:33.291+0000] {processor.py:925} INFO - DAG(s) 'core_osm_table_generator' retrieved from /opt/airflow/dags/core_osm_table_generator_dag.py
[2026-02-21T03:08:34.390+0000] {logging_mixin.py:190} INFO - [2026-02-21T03:08:34.390+0000] {dag.py:3239} INFO - Sync 1 DAGs
[2026-02-21T03:08:34.396+0000] {logging_mixin.py:190} INFO - [2026-02-21T03:08:34.396+0000] {dag.py:4180} INFO - Setting next_dagrun for core_osm_table_generator to None, run_after=None
[2026-02-21T03:08:34.404+0000] {processor.py:208} INFO - Processing /opt/airflow/dags/core_osm_table_generator_dag.py took 1.596 seconds
[2026-02-21T03:09:04.768+0000] {processor.py:186} INFO - Started process (PID=1092) to work on /opt/airflow/dags/core_osm_table_generator_dag.py
[2026-02-21T03:09:04.771+0000] {processor.py:914} INFO - Processing file /opt/airflow/dags/core_osm_table_generator_dag.py for tasks to queue
[2026-02-21T03:09:04.773+0000] {logging_mixin.py:190} INFO - [2026-02-21T03:09:04.773+0000] {dagbag.py:588} INFO - Filling up the DagBag from /opt/airflow/dags/core_osm_table_generator_dag.py
[2026-02-21T03:09:05.264+0000] {processor.py:925} INFO - DAG(s) 'core_osm_table_generator' retrieved from /opt/airflow/dags/core_osm_table_generator_dag.py
[2026-02-21T03:09:06.267+0000] {logging_mixin.py:190} INFO - [2026-02-21T03:09:06.267+0000] {dag.py:3239} INFO - Sync 1 DAGs
[2026-02-21T03:09:06.278+0000] {logging_mixin.py:190} INFO - [2026-02-21T03:09:06.278+0000] {dag.py:4180} INFO - Setting next_dagrun for core_osm_table_generator to None, run_after=None
[2026-02-21T03:09:06.287+0000] {processor.py:208} INFO - Processing /opt/airflow/dags/core_osm_table_generator_dag.py took 1.529 seconds
[2026-02-21T03:09:36.642+0000] {processor.py:186} INFO - Started process (PID=1093) to work on /opt/airflow/dags/core_osm_table_generator_dag.py
[2026-02-21T03:09:36.643+0000] {processor.py:914} INFO - Processing file /opt/airflow/dags/core_osm_table_generator_dag.py for tasks to queue
[2026-02-21T03:09:36.644+0000] {logging_mixin.py:190} INFO - [2026-02-21T03:09:36.644+0000] {dagbag.py:588} INFO - Filling up the DagBag from /opt/airflow/dags/core_osm_table_generator_dag.py
[2026-02-21T03:09:37.099+0000] {processor.py:925} INFO - DAG(s) 'core_osm_table_generator' retrieved from /opt/airflow/dags/core_osm_table_generator_dag.py
[2026-02-21T03:09:38.079+0000] {logging_mixin.py:190} INFO - [2026-02-21T03:09:38.079+0000] {dag.py:3239} INFO - Sync 1 DAGs
[2026-02-21T03:09:38.088+0000] {logging_mixin.py:190} INFO - [2026-02-21T03:09:38.088+0000] {dag.py:4180} INFO - Setting next_dagrun for core_osm_table_generator to None, run_after=None
[2026-02-21T03:09:38.286+0000] {processor.py:208} INFO - Processing /opt/airflow/dags/core_osm_table_generator_dag.py took 1.651 seconds
[2026-02-21T03:10:09.088+0000] {processor.py:186} INFO - Started process (PID=1094) to work on /opt/airflow/dags/core_osm_table_generator_dag.py
[2026-02-21T03:10:09.090+0000] {processor.py:914} INFO - Processing file /opt/airflow/dags/core_osm_table_generator_dag.py for tasks to queue
[2026-02-21T03:10:09.092+0000] {logging_mixin.py:190} INFO - [2026-02-21T03:10:09.092+0000] {dagbag.py:588} INFO - Filling up the DagBag from /opt/airflow/dags/core_osm_table_generator_dag.py
[2026-02-21T03:10:09.680+0000] {processor.py:925} INFO - DAG(s) 'core_osm_table_generator' retrieved from /opt/airflow/dags/core_osm_table_generator_dag.py
[2026-02-21T03:10:10.734+0000] {logging_mixin.py:190} INFO - [2026-02-21T03:10:10.734+0000] {dag.py:3239} INFO - Sync 1 DAGs
[2026-02-21T03:10:10.988+0000] {logging_mixin.py:190} INFO - [2026-02-21T03:10:10.988+0000] {dag.py:4180} INFO - Setting next_dagrun for core_osm_table_generator to None, run_after=None
[2026-02-21T03:10:10.999+0000] {processor.py:208} INFO - Processing /opt/airflow/dags/core_osm_table_generator_dag.py took 1.938 seconds
[2026-02-21T03:27:11.508+0000] {processor.py:186} INFO - Started process (PID=1095) to work on /opt/airflow/dags/core_osm_table_generator_dag.py
[2026-02-21T03:27:11.510+0000] {processor.py:914} INFO - Processing file /opt/airflow/dags/core_osm_table_generator_dag.py for tasks to queue
[2026-02-21T03:27:11.511+0000] {logging_mixin.py:190} INFO - [2026-02-21T03:27:11.511+0000] {dagbag.py:588} INFO - Filling up the DagBag from /opt/airflow/dags/core_osm_table_generator_dag.py
[2026-02-21T03:27:12.011+0000] {processor.py:925} INFO - DAG(s) 'core_osm_table_generator' retrieved from /opt/airflow/dags/core_osm_table_generator_dag.py
[2026-02-21T03:27:13.207+0000] {logging_mixin.py:190} INFO - [2026-02-21T03:27:13.206+0000] {dag.py:3239} INFO - Sync 1 DAGs
[2026-02-21T03:27:13.213+0000] {logging_mixin.py:190} INFO - [2026-02-21T03:27:13.213+0000] {dag.py:4180} INFO - Setting next_dagrun for core_osm_table_generator to None, run_after=None
[2026-02-21T03:27:13.220+0000] {processor.py:208} INFO - Processing /opt/airflow/dags/core_osm_table_generator_dag.py took 1.729 seconds
[2026-02-21T03:27:43.609+0000] {processor.py:186} INFO - Started process (PID=1096) to work on /opt/airflow/dags/core_osm_table_generator_dag.py
[2026-02-21T03:27:43.611+0000] {processor.py:914} INFO - Processing file /opt/airflow/dags/core_osm_table_generator_dag.py for tasks to queue
[2026-02-21T03:27:43.613+0000] {logging_mixin.py:190} INFO - [2026-02-21T03:27:43.612+0000] {dagbag.py:588} INFO - Filling up the DagBag from /opt/airflow/dags/core_osm_table_generator_dag.py
[2026-02-21T03:27:44.095+0000] {processor.py:925} INFO - DAG(s) 'core_osm_table_generator' retrieved from /opt/airflow/dags/core_osm_table_generator_dag.py
[2026-02-21T03:27:45.092+0000] {logging_mixin.py:190} INFO - [2026-02-21T03:27:45.092+0000] {dag.py:3239} INFO - Sync 1 DAGs
[2026-02-21T03:27:45.103+0000] {logging_mixin.py:190} INFO - [2026-02-21T03:27:45.103+0000] {dag.py:4180} INFO - Setting next_dagrun for core_osm_table_generator to None, run_after=None
[2026-02-21T03:27:45.111+0000] {processor.py:208} INFO - Processing /opt/airflow/dags/core_osm_table_generator_dag.py took 1.514 seconds
[2026-02-21T03:28:15.342+0000] {processor.py:186} INFO - Started process (PID=1097) to work on /opt/airflow/dags/core_osm_table_generator_dag.py
[2026-02-21T03:28:15.345+0000] {processor.py:914} INFO - Processing file /opt/airflow/dags/core_osm_table_generator_dag.py for tasks to queue
[2026-02-21T03:28:15.347+0000] {logging_mixin.py:190} INFO - [2026-02-21T03:28:15.347+0000] {dagbag.py:588} INFO - Filling up the DagBag from /opt/airflow/dags/core_osm_table_generator_dag.py
[2026-02-21T03:28:15.869+0000] {processor.py:925} INFO - DAG(s) 'core_osm_table_generator' retrieved from /opt/airflow/dags/core_osm_table_generator_dag.py
[2026-02-21T03:28:16.897+0000] {logging_mixin.py:190} INFO - [2026-02-21T03:28:16.897+0000] {dag.py:3239} INFO - Sync 1 DAGs
[2026-02-21T03:28:16.909+0000] {logging_mixin.py:190} INFO - [2026-02-21T03:28:16.909+0000] {dag.py:4180} INFO - Setting next_dagrun for core_osm_table_generator to None, run_after=None
[2026-02-21T03:28:16.922+0000] {processor.py:208} INFO - Processing /opt/airflow/dags/core_osm_table_generator_dag.py took 1.599 seconds
[2026-02-21T03:28:47.373+0000] {processor.py:186} INFO - Started process (PID=1098) to work on /opt/airflow/dags/core_osm_table_generator_dag.py
[2026-02-21T03:28:47.375+0000] {processor.py:914} INFO - Processing file /opt/airflow/dags/core_osm_table_generator_dag.py for tasks to queue
[2026-02-21T03:28:47.377+0000] {logging_mixin.py:190} INFO - [2026-02-21T03:28:47.376+0000] {dagbag.py:588} INFO - Filling up the DagBag from /opt/airflow/dags/core_osm_table_generator_dag.py
[2026-02-21T03:28:47.889+0000] {processor.py:925} INFO - DAG(s) 'core_osm_table_generator' retrieved from /opt/airflow/dags/core_osm_table_generator_dag.py
[2026-02-21T03:28:48.931+0000] {logging_mixin.py:190} INFO - [2026-02-21T03:28:48.931+0000] {dag.py:3239} INFO - Sync 1 DAGs
[2026-02-21T03:28:49.135+0000] {logging_mixin.py:190} INFO - [2026-02-21T03:28:49.135+0000] {dag.py:4180} INFO - Setting next_dagrun for core_osm_table_generator to None, run_after=None
[2026-02-21T03:28:49.143+0000] {processor.py:208} INFO - Processing /opt/airflow/dags/core_osm_table_generator_dag.py took 1.798 seconds
[2026-02-21T03:29:19.491+0000] {processor.py:186} INFO - Started process (PID=1099) to work on /opt/airflow/dags/core_osm_table_generator_dag.py
[2026-02-21T03:29:19.493+0000] {processor.py:914} INFO - Processing file /opt/airflow/dags/core_osm_table_generator_dag.py for tasks to queue
[2026-02-21T03:29:19.495+0000] {logging_mixin.py:190} INFO - [2026-02-21T03:29:19.494+0000] {dagbag.py:588} INFO - Filling up the DagBag from /opt/airflow/dags/core_osm_table_generator_dag.py
[2026-02-21T03:29:20.003+0000] {processor.py:925} INFO - DAG(s) 'core_osm_table_generator' retrieved from /opt/airflow/dags/core_osm_table_generator_dag.py
[2026-02-21T03:29:21.224+0000] {logging_mixin.py:190} INFO - [2026-02-21T03:29:21.224+0000] {dag.py:3239} INFO - Sync 1 DAGs
[2026-02-21T03:29:21.231+0000] {logging_mixin.py:190} INFO - [2026-02-21T03:29:21.231+0000] {dag.py:4180} INFO - Setting next_dagrun for core_osm_table_generator to None, run_after=None
[2026-02-21T03:29:21.238+0000] {processor.py:208} INFO - Processing /opt/airflow/dags/core_osm_table_generator_dag.py took 1.761 seconds
[2026-02-21T03:46:35.175+0000] {processor.py:186} INFO - Started process (PID=1100) to work on /opt/airflow/dags/core_osm_table_generator_dag.py
[2026-02-21T03:46:35.177+0000] {processor.py:914} INFO - Processing file /opt/airflow/dags/core_osm_table_generator_dag.py for tasks to queue
[2026-02-21T03:46:35.179+0000] {logging_mixin.py:190} INFO - [2026-02-21T03:46:35.178+0000] {dagbag.py:588} INFO - Filling up the DagBag from /opt/airflow/dags/core_osm_table_generator_dag.py
[2026-02-21T03:46:35.691+0000] {processor.py:925} INFO - DAG(s) 'core_osm_table_generator' retrieved from /opt/airflow/dags/core_osm_table_generator_dag.py
[2026-02-21T03:46:36.704+0000] {logging_mixin.py:190} INFO - [2026-02-21T03:46:36.704+0000] {dag.py:3239} INFO - Sync 1 DAGs
[2026-02-21T03:46:36.715+0000] {logging_mixin.py:190} INFO - [2026-02-21T03:46:36.715+0000] {dag.py:4180} INFO - Setting next_dagrun for core_osm_table_generator to None, run_after=None
[2026-02-21T03:46:36.724+0000] {processor.py:208} INFO - Processing /opt/airflow/dags/core_osm_table_generator_dag.py took 1.579 seconds
[2026-02-21T04:04:36.349+0000] {processor.py:186} INFO - Started process (PID=1101) to work on /opt/airflow/dags/core_osm_table_generator_dag.py
[2026-02-21T04:04:36.351+0000] {processor.py:914} INFO - Processing file /opt/airflow/dags/core_osm_table_generator_dag.py for tasks to queue
[2026-02-21T04:04:36.355+0000] {logging_mixin.py:190} INFO - [2026-02-21T04:04:36.352+0000] {dagbag.py:588} INFO - Filling up the DagBag from /opt/airflow/dags/core_osm_table_generator_dag.py
[2026-02-21T04:04:36.908+0000] {processor.py:925} INFO - DAG(s) 'core_osm_table_generator' retrieved from /opt/airflow/dags/core_osm_table_generator_dag.py
[2026-02-21T04:04:37.968+0000] {logging_mixin.py:190} INFO - [2026-02-21T04:04:37.967+0000] {dag.py:3239} INFO - Sync 1 DAGs
[2026-02-21T04:04:37.979+0000] {logging_mixin.py:190} INFO - [2026-02-21T04:04:37.979+0000] {dag.py:4180} INFO - Setting next_dagrun for core_osm_table_generator to None, run_after=None
[2026-02-21T04:04:37.988+0000] {processor.py:208} INFO - Processing /opt/airflow/dags/core_osm_table_generator_dag.py took 1.652 seconds
[2026-02-21T04:05:08.474+0000] {processor.py:186} INFO - Started process (PID=1102) to work on /opt/airflow/dags/core_osm_table_generator_dag.py
[2026-02-21T04:05:08.477+0000] {processor.py:914} INFO - Processing file /opt/airflow/dags/core_osm_table_generator_dag.py for tasks to queue
[2026-02-21T04:05:08.479+0000] {logging_mixin.py:190} INFO - [2026-02-21T04:05:08.478+0000] {dagbag.py:588} INFO - Filling up the DagBag from /opt/airflow/dags/core_osm_table_generator_dag.py
[2026-02-21T04:05:08.993+0000] {processor.py:925} INFO - DAG(s) 'core_osm_table_generator' retrieved from /opt/airflow/dags/core_osm_table_generator_dag.py
[2026-02-21T04:05:10.015+0000] {logging_mixin.py:190} INFO - [2026-02-21T04:05:10.014+0000] {dag.py:3239} INFO - Sync 1 DAGs
[2026-02-21T04:05:10.235+0000] {logging_mixin.py:190} INFO - [2026-02-21T04:05:10.235+0000] {dag.py:4180} INFO - Setting next_dagrun for core_osm_table_generator to None, run_after=None
[2026-02-21T04:05:10.243+0000] {processor.py:208} INFO - Processing /opt/airflow/dags/core_osm_table_generator_dag.py took 1.785 seconds
[2026-02-21T04:05:40.586+0000] {processor.py:186} INFO - Started process (PID=1103) to work on /opt/airflow/dags/core_osm_table_generator_dag.py
[2026-02-21T04:05:40.588+0000] {processor.py:914} INFO - Processing file /opt/airflow/dags/core_osm_table_generator_dag.py for tasks to queue
[2026-02-21T04:05:40.589+0000] {logging_mixin.py:190} INFO - [2026-02-21T04:05:40.589+0000] {dagbag.py:588} INFO - Filling up the DagBag from /opt/airflow/dags/core_osm_table_generator_dag.py
[2026-02-21T04:05:41.054+0000] {processor.py:925} INFO - DAG(s) 'core_osm_table_generator' retrieved from /opt/airflow/dags/core_osm_table_generator_dag.py
[2026-02-21T04:05:42.136+0000] {logging_mixin.py:190} INFO - [2026-02-21T04:05:42.135+0000] {dag.py:3239} INFO - Sync 1 DAGs
[2026-02-21T04:05:42.141+0000] {logging_mixin.py:190} INFO - [2026-02-21T04:05:42.140+0000] {dag.py:4180} INFO - Setting next_dagrun for core_osm_table_generator to None, run_after=None
[2026-02-21T04:05:42.147+0000] {processor.py:208} INFO - Processing /opt/airflow/dags/core_osm_table_generator_dag.py took 1.570 seconds
[2026-02-21T04:06:12.541+0000] {processor.py:186} INFO - Started process (PID=1104) to work on /opt/airflow/dags/core_osm_table_generator_dag.py
[2026-02-21T04:06:12.544+0000] {processor.py:914} INFO - Processing file /opt/airflow/dags/core_osm_table_generator_dag.py for tasks to queue
[2026-02-21T04:06:12.545+0000] {logging_mixin.py:190} INFO - [2026-02-21T04:06:12.545+0000] {dagbag.py:588} INFO - Filling up the DagBag from /opt/airflow/dags/core_osm_table_generator_dag.py
[2026-02-21T04:06:13.045+0000] {processor.py:925} INFO - DAG(s) 'core_osm_table_generator' retrieved from /opt/airflow/dags/core_osm_table_generator_dag.py
[2026-02-21T04:06:14.046+0000] {logging_mixin.py:190} INFO - [2026-02-21T04:06:14.046+0000] {dag.py:3239} INFO - Sync 1 DAGs
[2026-02-21T04:06:14.057+0000] {logging_mixin.py:190} INFO - [2026-02-21T04:06:14.057+0000] {dag.py:4180} INFO - Setting next_dagrun for core_osm_table_generator to None, run_after=None
[2026-02-21T04:06:14.066+0000] {processor.py:208} INFO - Processing /opt/airflow/dags/core_osm_table_generator_dag.py took 1.536 seconds
[2026-02-21T04:06:44.320+0000] {processor.py:186} INFO - Started process (PID=1105) to work on /opt/airflow/dags/core_osm_table_generator_dag.py
[2026-02-21T04:06:44.322+0000] {processor.py:914} INFO - Processing file /opt/airflow/dags/core_osm_table_generator_dag.py for tasks to queue
[2026-02-21T04:06:44.323+0000] {logging_mixin.py:190} INFO - [2026-02-21T04:06:44.323+0000] {dagbag.py:588} INFO - Filling up the DagBag from /opt/airflow/dags/core_osm_table_generator_dag.py
[2026-02-21T04:06:44.822+0000] {processor.py:925} INFO - DAG(s) 'core_osm_table_generator' retrieved from /opt/airflow/dags/core_osm_table_generator_dag.py
[2026-02-21T04:06:45.817+0000] {logging_mixin.py:190} INFO - [2026-02-21T04:06:45.817+0000] {dag.py:3239} INFO - Sync 1 DAGs
[2026-02-21T04:06:45.824+0000] {logging_mixin.py:190} INFO - [2026-02-21T04:06:45.823+0000] {dag.py:4180} INFO - Setting next_dagrun for core_osm_table_generator to None, run_after=None
[2026-02-21T04:06:45.830+0000] {processor.py:208} INFO - Processing /opt/airflow/dags/core_osm_table_generator_dag.py took 1.517 seconds
[2026-02-21T04:24:27.324+0000] {processor.py:186} INFO - Started process (PID=1106) to work on /opt/airflow/dags/core_osm_table_generator_dag.py
[2026-02-21T04:24:27.325+0000] {processor.py:914} INFO - Processing file /opt/airflow/dags/core_osm_table_generator_dag.py for tasks to queue
[2026-02-21T04:24:27.326+0000] {logging_mixin.py:190} INFO - [2026-02-21T04:24:27.326+0000] {dagbag.py:588} INFO - Filling up the DagBag from /opt/airflow/dags/core_osm_table_generator_dag.py
[2026-02-21T04:24:27.821+0000] {processor.py:925} INFO - DAG(s) 'core_osm_table_generator' retrieved from /opt/airflow/dags/core_osm_table_generator_dag.py
[2026-02-21T04:24:28.832+0000] {logging_mixin.py:190} INFO - [2026-02-21T04:24:28.832+0000] {dag.py:3239} INFO - Sync 1 DAGs
[2026-02-21T04:24:28.848+0000] {logging_mixin.py:190} INFO - [2026-02-21T04:24:28.848+0000] {dag.py:4180} INFO - Setting next_dagrun for core_osm_table_generator to None, run_after=None
[2026-02-21T04:24:29.054+0000] {processor.py:208} INFO - Processing /opt/airflow/dags/core_osm_table_generator_dag.py took 1.741 seconds
[2026-02-21T04:24:59.616+0000] {processor.py:186} INFO - Started process (PID=1107) to work on /opt/airflow/dags/core_osm_table_generator_dag.py
[2026-02-21T04:24:59.620+0000] {processor.py:914} INFO - Processing file /opt/airflow/dags/core_osm_table_generator_dag.py for tasks to queue
[2026-02-21T04:24:59.635+0000] {logging_mixin.py:190} INFO - [2026-02-21T04:24:59.634+0000] {dagbag.py:588} INFO - Filling up the DagBag from /opt/airflow/dags/core_osm_table_generator_dag.py
[2026-02-21T04:25:00.147+0000] {processor.py:925} INFO - DAG(s) 'core_osm_table_generator' retrieved from /opt/airflow/dags/core_osm_table_generator_dag.py
[2026-02-21T04:25:01.177+0000] {logging_mixin.py:190} INFO - [2026-02-21T04:25:01.177+0000] {dag.py:3239} INFO - Sync 1 DAGs
[2026-02-21T04:25:01.399+0000] {logging_mixin.py:190} INFO - [2026-02-21T04:25:01.399+0000] {dag.py:4180} INFO - Setting next_dagrun for core_osm_table_generator to None, run_after=None
[2026-02-21T04:25:01.407+0000] {processor.py:208} INFO - Processing /opt/airflow/dags/core_osm_table_generator_dag.py took 1.802 seconds
[2026-02-21T04:25:31.836+0000] {processor.py:186} INFO - Started process (PID=1108) to work on /opt/airflow/dags/core_osm_table_generator_dag.py
[2026-02-21T04:25:31.837+0000] {processor.py:914} INFO - Processing file /opt/airflow/dags/core_osm_table_generator_dag.py for tasks to queue
[2026-02-21T04:25:31.838+0000] {logging_mixin.py:190} INFO - [2026-02-21T04:25:31.838+0000] {dagbag.py:588} INFO - Filling up the DagBag from /opt/airflow/dags/core_osm_table_generator_dag.py
[2026-02-21T04:25:32.328+0000] {processor.py:925} INFO - DAG(s) 'core_osm_table_generator' retrieved from /opt/airflow/dags/core_osm_table_generator_dag.py
[2026-02-21T04:25:33.553+0000] {logging_mixin.py:190} INFO - [2026-02-21T04:25:33.553+0000] {dag.py:3239} INFO - Sync 1 DAGs
[2026-02-21T04:25:33.559+0000] {logging_mixin.py:190} INFO - [2026-02-21T04:25:33.559+0000] {dag.py:4180} INFO - Setting next_dagrun for core_osm_table_generator to None, run_after=None
[2026-02-21T04:25:33.566+0000] {processor.py:208} INFO - Processing /opt/airflow/dags/core_osm_table_generator_dag.py took 1.754 seconds
[2026-02-21T04:26:03.867+0000] {processor.py:186} INFO - Started process (PID=1109) to work on /opt/airflow/dags/core_osm_table_generator_dag.py
[2026-02-21T04:26:03.868+0000] {processor.py:914} INFO - Processing file /opt/airflow/dags/core_osm_table_generator_dag.py for tasks to queue
[2026-02-21T04:26:03.869+0000] {logging_mixin.py:190} INFO - [2026-02-21T04:26:03.868+0000] {dagbag.py:588} INFO - Filling up the DagBag from /opt/airflow/dags/core_osm_table_generator_dag.py
[2026-02-21T04:26:04.326+0000] {processor.py:925} INFO - DAG(s) 'core_osm_table_generator' retrieved from /opt/airflow/dags/core_osm_table_generator_dag.py
[2026-02-21T04:26:05.307+0000] {logging_mixin.py:190} INFO - [2026-02-21T04:26:05.307+0000] {dag.py:3239} INFO - Sync 1 DAGs
[2026-02-21T04:26:05.313+0000] {logging_mixin.py:190} INFO - [2026-02-21T04:26:05.313+0000] {dag.py:4180} INFO - Setting next_dagrun for core_osm_table_generator to None, run_after=None
[2026-02-21T04:26:05.320+0000] {processor.py:208} INFO - Processing /opt/airflow/dags/core_osm_table_generator_dag.py took 1.457 seconds
[2026-02-21T04:26:35.756+0000] {processor.py:186} INFO - Started process (PID=1110) to work on /opt/airflow/dags/core_osm_table_generator_dag.py
[2026-02-21T04:26:35.757+0000] {processor.py:914} INFO - Processing file /opt/airflow/dags/core_osm_table_generator_dag.py for tasks to queue
[2026-02-21T04:26:35.759+0000] {logging_mixin.py:190} INFO - [2026-02-21T04:26:35.759+0000] {dagbag.py:588} INFO - Filling up the DagBag from /opt/airflow/dags/core_osm_table_generator_dag.py
[2026-02-21T04:26:36.332+0000] {processor.py:925} INFO - DAG(s) 'core_osm_table_generator' retrieved from /opt/airflow/dags/core_osm_table_generator_dag.py
[2026-02-21T04:26:37.391+0000] {logging_mixin.py:190} INFO - [2026-02-21T04:26:37.391+0000] {dag.py:3239} INFO - Sync 1 DAGs
[2026-02-21T04:26:37.406+0000] {logging_mixin.py:190} INFO - [2026-02-21T04:26:37.406+0000] {dag.py:4180} INFO - Setting next_dagrun for core_osm_table_generator to None, run_after=None
[2026-02-21T04:26:37.614+0000] {processor.py:208} INFO - Processing /opt/airflow/dags/core_osm_table_generator_dag.py took 1.870 seconds
[2026-02-21T04:43:08.380+0000] {processor.py:186} INFO - Started process (PID=1111) to work on /opt/airflow/dags/core_osm_table_generator_dag.py
[2026-02-21T04:43:08.381+0000] {processor.py:914} INFO - Processing file /opt/airflow/dags/core_osm_table_generator_dag.py for tasks to queue
[2026-02-21T04:43:08.382+0000] {logging_mixin.py:190} INFO - [2026-02-21T04:43:08.382+0000] {dagbag.py:588} INFO - Filling up the DagBag from /opt/airflow/dags/core_osm_table_generator_dag.py
[2026-02-21T04:43:08.935+0000] {processor.py:925} INFO - DAG(s) 'core_osm_table_generator' retrieved from /opt/airflow/dags/core_osm_table_generator_dag.py
[2026-02-21T04:43:09.939+0000] {logging_mixin.py:190} INFO - [2026-02-21T04:43:09.938+0000] {dag.py:3239} INFO - Sync 1 DAGs
[2026-02-21T04:43:10.158+0000] {logging_mixin.py:190} INFO - [2026-02-21T04:43:10.158+0000] {dag.py:4180} INFO - Setting next_dagrun for core_osm_table_generator to None, run_after=None
[2026-02-21T04:43:10.167+0000] {processor.py:208} INFO - Processing /opt/airflow/dags/core_osm_table_generator_dag.py took 1.794 seconds
[2026-02-21T04:43:40.684+0000] {processor.py:186} INFO - Started process (PID=1112) to work on /opt/airflow/dags/core_osm_table_generator_dag.py
[2026-02-21T04:43:40.687+0000] {processor.py:914} INFO - Processing file /opt/airflow/dags/core_osm_table_generator_dag.py for tasks to queue
[2026-02-21T04:43:40.689+0000] {logging_mixin.py:190} INFO - [2026-02-21T04:43:40.688+0000] {dagbag.py:588} INFO - Filling up the DagBag from /opt/airflow/dags/core_osm_table_generator_dag.py
[2026-02-21T04:43:41.204+0000] {processor.py:925} INFO - DAG(s) 'core_osm_table_generator' retrieved from /opt/airflow/dags/core_osm_table_generator_dag.py
[2026-02-21T04:43:42.416+0000] {logging_mixin.py:190} INFO - [2026-02-21T04:43:42.416+0000] {dag.py:3239} INFO - Sync 1 DAGs
[2026-02-21T04:43:42.422+0000] {logging_mixin.py:190} INFO - [2026-02-21T04:43:42.422+0000] {dag.py:4180} INFO - Setting next_dagrun for core_osm_table_generator to None, run_after=None
[2026-02-21T04:43:42.429+0000] {processor.py:208} INFO - Processing /opt/airflow/dags/core_osm_table_generator_dag.py took 1.760 seconds
[2026-02-21T04:44:12.838+0000] {processor.py:186} INFO - Started process (PID=1113) to work on /opt/airflow/dags/core_osm_table_generator_dag.py
[2026-02-21T04:44:12.840+0000] {processor.py:914} INFO - Processing file /opt/airflow/dags/core_osm_table_generator_dag.py for tasks to queue
[2026-02-21T04:44:12.842+0000] {logging_mixin.py:190} INFO - [2026-02-21T04:44:12.841+0000] {dagbag.py:588} INFO - Filling up the DagBag from /opt/airflow/dags/core_osm_table_generator_dag.py
[2026-02-21T04:44:13.326+0000] {processor.py:925} INFO - DAG(s) 'core_osm_table_generator' retrieved from /opt/airflow/dags/core_osm_table_generator_dag.py
[2026-02-21T04:44:14.312+0000] {logging_mixin.py:190} INFO - [2026-02-21T04:44:14.312+0000] {dag.py:3239} INFO - Sync 1 DAGs
[2026-02-21T04:44:14.322+0000] {logging_mixin.py:190} INFO - [2026-02-21T04:44:14.322+0000] {dag.py:4180} INFO - Setting next_dagrun for core_osm_table_generator to None, run_after=None
[2026-02-21T04:44:14.330+0000] {processor.py:208} INFO - Processing /opt/airflow/dags/core_osm_table_generator_dag.py took 1.505 seconds
[2026-02-21T04:44:44.440+0000] {processor.py:186} INFO - Started process (PID=1114) to work on /opt/airflow/dags/core_osm_table_generator_dag.py
[2026-02-21T04:44:44.441+0000] {processor.py:914} INFO - Processing file /opt/airflow/dags/core_osm_table_generator_dag.py for tasks to queue
[2026-02-21T04:44:44.443+0000] {logging_mixin.py:190} INFO - [2026-02-21T04:44:44.442+0000] {dagbag.py:588} INFO - Filling up the DagBag from /opt/airflow/dags/core_osm_table_generator_dag.py
[2026-02-21T04:44:44.922+0000] {processor.py:925} INFO - DAG(s) 'core_osm_table_generator' retrieved from /opt/airflow/dags/core_osm_table_generator_dag.py
[2026-02-21T04:44:45.910+0000] {logging_mixin.py:190} INFO - [2026-02-21T04:44:45.910+0000] {dag.py:3239} INFO - Sync 1 DAGs
[2026-02-21T04:44:45.920+0000] {logging_mixin.py:190} INFO - [2026-02-21T04:44:45.920+0000] {dag.py:4180} INFO - Setting next_dagrun for core_osm_table_generator to None, run_after=None
[2026-02-21T04:44:45.932+0000] {processor.py:208} INFO - Processing /opt/airflow/dags/core_osm_table_generator_dag.py took 1.501 seconds
[2026-02-21T05:00:30.252+0000] {processor.py:186} INFO - Started process (PID=1115) to work on /opt/airflow/dags/core_osm_table_generator_dag.py
[2026-02-21T05:00:30.253+0000] {processor.py:914} INFO - Processing file /opt/airflow/dags/core_osm_table_generator_dag.py for tasks to queue
[2026-02-21T05:00:30.254+0000] {logging_mixin.py:190} INFO - [2026-02-21T05:00:30.254+0000] {dagbag.py:588} INFO - Filling up the DagBag from /opt/airflow/dags/core_osm_table_generator_dag.py
[2026-02-21T05:00:30.756+0000] {processor.py:925} INFO - DAG(s) 'core_osm_table_generator' retrieved from /opt/airflow/dags/core_osm_table_generator_dag.py
[2026-02-21T05:00:31.761+0000] {logging_mixin.py:190} INFO - [2026-02-21T05:00:31.761+0000] {dag.py:3239} INFO - Sync 1 DAGs
[2026-02-21T05:00:31.991+0000] {logging_mixin.py:190} INFO - [2026-02-21T05:00:31.991+0000] {dag.py:4180} INFO - Setting next_dagrun for core_osm_table_generator to None, run_after=None
[2026-02-21T05:00:32.001+0000] {processor.py:208} INFO - Processing /opt/airflow/dags/core_osm_table_generator_dag.py took 1.757 seconds
[2026-02-21T05:01:02.491+0000] {processor.py:186} INFO - Started process (PID=1116) to work on /opt/airflow/dags/core_osm_table_generator_dag.py
[2026-02-21T05:01:02.492+0000] {processor.py:914} INFO - Processing file /opt/airflow/dags/core_osm_table_generator_dag.py for tasks to queue
[2026-02-21T05:01:02.494+0000] {logging_mixin.py:190} INFO - [2026-02-21T05:01:02.493+0000] {dagbag.py:588} INFO - Filling up the DagBag from /opt/airflow/dags/core_osm_table_generator_dag.py
[2026-02-21T05:01:02.997+0000] {processor.py:925} INFO - DAG(s) 'core_osm_table_generator' retrieved from /opt/airflow/dags/core_osm_table_generator_dag.py
[2026-02-21T05:01:04.214+0000] {logging_mixin.py:190} INFO - [2026-02-21T05:01:04.214+0000] {dag.py:3239} INFO - Sync 1 DAGs
[2026-02-21T05:01:04.221+0000] {logging_mixin.py:190} INFO - [2026-02-21T05:01:04.221+0000] {dag.py:4180} INFO - Setting next_dagrun for core_osm_table_generator to None, run_after=None
[2026-02-21T05:01:04.229+0000] {processor.py:208} INFO - Processing /opt/airflow/dags/core_osm_table_generator_dag.py took 1.749 seconds
[2026-02-21T05:01:34.656+0000] {processor.py:186} INFO - Started process (PID=1117) to work on /opt/airflow/dags/core_osm_table_generator_dag.py
[2026-02-21T05:01:34.657+0000] {processor.py:914} INFO - Processing file /opt/airflow/dags/core_osm_table_generator_dag.py for tasks to queue
[2026-02-21T05:01:34.658+0000] {logging_mixin.py:190} INFO - [2026-02-21T05:01:34.657+0000] {dagbag.py:588} INFO - Filling up the DagBag from /opt/airflow/dags/core_osm_table_generator_dag.py
[2026-02-21T05:01:35.120+0000] {processor.py:925} INFO - DAG(s) 'core_osm_table_generator' retrieved from /opt/airflow/dags/core_osm_table_generator_dag.py
[2026-02-21T05:01:36.097+0000] {logging_mixin.py:190} INFO - [2026-02-21T05:01:36.097+0000] {dag.py:3239} INFO - Sync 1 DAGs
[2026-02-21T05:01:36.103+0000] {logging_mixin.py:190} INFO - [2026-02-21T05:01:36.103+0000] {dag.py:4180} INFO - Setting next_dagrun for core_osm_table_generator to None, run_after=None
[2026-02-21T05:01:36.110+0000] {processor.py:208} INFO - Processing /opt/airflow/dags/core_osm_table_generator_dag.py took 1.461 seconds
[2026-02-21T05:02:06.371+0000] {processor.py:186} INFO - Started process (PID=1118) to work on /opt/airflow/dags/core_osm_table_generator_dag.py
[2026-02-21T05:02:06.373+0000] {processor.py:914} INFO - Processing file /opt/airflow/dags/core_osm_table_generator_dag.py for tasks to queue
[2026-02-21T05:02:06.380+0000] {logging_mixin.py:190} INFO - [2026-02-21T05:02:06.376+0000] {dagbag.py:588} INFO - Filling up the DagBag from /opt/airflow/dags/core_osm_table_generator_dag.py
[2026-02-21T05:02:06.876+0000] {processor.py:925} INFO - DAG(s) 'core_osm_table_generator' retrieved from /opt/airflow/dags/core_osm_table_generator_dag.py
[2026-02-21T05:02:07.897+0000] {logging_mixin.py:190} INFO - [2026-02-21T05:02:07.897+0000] {dag.py:3239} INFO - Sync 1 DAGs
[2026-02-21T05:02:07.907+0000] {logging_mixin.py:190} INFO - [2026-02-21T05:02:07.907+0000] {dag.py:4180} INFO - Setting next_dagrun for core_osm_table_generator to None, run_after=None
[2026-02-21T05:02:07.917+0000] {processor.py:208} INFO - Processing /opt/airflow/dags/core_osm_table_generator_dag.py took 1.575 seconds
[2026-02-21T05:02:38.037+0000] {processor.py:186} INFO - Started process (PID=1119) to work on /opt/airflow/dags/core_osm_table_generator_dag.py
[2026-02-21T05:02:38.039+0000] {processor.py:914} INFO - Processing file /opt/airflow/dags/core_osm_table_generator_dag.py for tasks to queue
[2026-02-21T05:02:38.041+0000] {logging_mixin.py:190} INFO - [2026-02-21T05:02:38.040+0000] {dagbag.py:588} INFO - Filling up the DagBag from /opt/airflow/dags/core_osm_table_generator_dag.py
[2026-02-21T05:02:38.599+0000] {processor.py:925} INFO - DAG(s) 'core_osm_table_generator' retrieved from /opt/airflow/dags/core_osm_table_generator_dag.py
[2026-02-21T05:02:39.615+0000] {logging_mixin.py:190} INFO - [2026-02-21T05:02:39.615+0000] {dag.py:3239} INFO - Sync 1 DAGs
[2026-02-21T05:02:39.819+0000] {logging_mixin.py:190} INFO - [2026-02-21T05:02:39.819+0000] {dag.py:4180} INFO - Setting next_dagrun for core_osm_table_generator to None, run_after=None
[2026-02-21T05:02:39.827+0000] {processor.py:208} INFO - Processing /opt/airflow/dags/core_osm_table_generator_dag.py took 1.801 seconds
[2026-02-21T05:08:56.184+0000] {processor.py:186} INFO - Started process (PID=1120) to work on /opt/airflow/dags/core_osm_table_generator_dag.py
[2026-02-21T05:08:56.186+0000] {processor.py:914} INFO - Processing file /opt/airflow/dags/core_osm_table_generator_dag.py for tasks to queue
[2026-02-21T05:08:56.187+0000] {logging_mixin.py:190} INFO - [2026-02-21T05:08:56.187+0000] {dagbag.py:588} INFO - Filling up the DagBag from /opt/airflow/dags/core_osm_table_generator_dag.py
[2026-02-21T05:08:56.695+0000] {processor.py:925} INFO - DAG(s) 'core_osm_table_generator' retrieved from /opt/airflow/dags/core_osm_table_generator_dag.py
[2026-02-21T05:08:57.714+0000] {logging_mixin.py:190} INFO - [2026-02-21T05:08:57.714+0000] {dag.py:3239} INFO - Sync 1 DAGs
[2026-02-21T05:08:57.926+0000] {logging_mixin.py:190} INFO - [2026-02-21T05:08:57.926+0000] {dag.py:4180} INFO - Setting next_dagrun for core_osm_table_generator to None, run_after=None
[2026-02-21T05:08:57.934+0000] {processor.py:208} INFO - Processing /opt/airflow/dags/core_osm_table_generator_dag.py took 1.759 seconds
[2026-02-21T05:09:28.298+0000] {processor.py:186} INFO - Started process (PID=1121) to work on /opt/airflow/dags/core_osm_table_generator_dag.py
[2026-02-21T05:09:28.301+0000] {processor.py:914} INFO - Processing file /opt/airflow/dags/core_osm_table_generator_dag.py for tasks to queue
[2026-02-21T05:09:28.303+0000] {logging_mixin.py:190} INFO - [2026-02-21T05:09:28.302+0000] {dagbag.py:588} INFO - Filling up the DagBag from /opt/airflow/dags/core_osm_table_generator_dag.py
[2026-02-21T05:09:28.818+0000] {processor.py:925} INFO - DAG(s) 'core_osm_table_generator' retrieved from /opt/airflow/dags/core_osm_table_generator_dag.py
[2026-02-21T05:09:30.058+0000] {logging_mixin.py:190} INFO - [2026-02-21T05:09:30.058+0000] {dag.py:3239} INFO - Sync 1 DAGs
[2026-02-21T05:09:30.065+0000] {logging_mixin.py:190} INFO - [2026-02-21T05:09:30.065+0000] {dag.py:4180} INFO - Setting next_dagrun for core_osm_table_generator to None, run_after=None
[2026-02-21T05:09:30.074+0000] {processor.py:208} INFO - Processing /opt/airflow/dags/core_osm_table_generator_dag.py took 1.789 seconds
[2026-02-21T05:10:00.131+0000] {processor.py:186} INFO - Started process (PID=1122) to work on /opt/airflow/dags/core_osm_table_generator_dag.py
[2026-02-21T05:10:00.132+0000] {processor.py:914} INFO - Processing file /opt/airflow/dags/core_osm_table_generator_dag.py for tasks to queue
[2026-02-21T05:10:00.133+0000] {logging_mixin.py:190} INFO - [2026-02-21T05:10:00.133+0000] {dagbag.py:588} INFO - Filling up the DagBag from /opt/airflow/dags/core_osm_table_generator_dag.py
[2026-02-21T05:10:00.653+0000] {processor.py:925} INFO - DAG(s) 'core_osm_table_generator' retrieved from /opt/airflow/dags/core_osm_table_generator_dag.py
[2026-02-21T05:10:01.667+0000] {logging_mixin.py:190} INFO - [2026-02-21T05:10:01.666+0000] {dag.py:3239} INFO - Sync 1 DAGs
[2026-02-21T05:10:01.678+0000] {logging_mixin.py:190} INFO - [2026-02-21T05:10:01.678+0000] {dag.py:4180} INFO - Setting next_dagrun for core_osm_table_generator to None, run_after=None
[2026-02-21T05:10:01.687+0000] {processor.py:208} INFO - Processing /opt/airflow/dags/core_osm_table_generator_dag.py took 1.570 seconds
[2026-02-21T05:10:31.805+0000] {processor.py:186} INFO - Started process (PID=1123) to work on /opt/airflow/dags/core_osm_table_generator_dag.py
[2026-02-21T05:10:31.807+0000] {processor.py:914} INFO - Processing file /opt/airflow/dags/core_osm_table_generator_dag.py for tasks to queue
[2026-02-21T05:10:31.809+0000] {logging_mixin.py:190} INFO - [2026-02-21T05:10:31.808+0000] {dagbag.py:588} INFO - Filling up the DagBag from /opt/airflow/dags/core_osm_table_generator_dag.py
[2026-02-21T05:10:32.323+0000] {processor.py:925} INFO - DAG(s) 'core_osm_table_generator' retrieved from /opt/airflow/dags/core_osm_table_generator_dag.py
[2026-02-21T05:10:33.315+0000] {logging_mixin.py:190} INFO - [2026-02-21T05:10:33.314+0000] {dag.py:3239} INFO - Sync 1 DAGs
[2026-02-21T05:10:33.328+0000] {logging_mixin.py:190} INFO - [2026-02-21T05:10:33.327+0000] {dag.py:4180} INFO - Setting next_dagrun for core_osm_table_generator to None, run_after=None
[2026-02-21T05:10:33.526+0000] {processor.py:208} INFO - Processing /opt/airflow/dags/core_osm_table_generator_dag.py took 1.733 seconds
[2026-02-21T05:11:03.926+0000] {processor.py:186} INFO - Started process (PID=1124) to work on /opt/airflow/dags/core_osm_table_generator_dag.py
[2026-02-21T05:11:03.929+0000] {processor.py:914} INFO - Processing file /opt/airflow/dags/core_osm_table_generator_dag.py for tasks to queue
[2026-02-21T05:11:03.930+0000] {logging_mixin.py:190} INFO - [2026-02-21T05:11:03.930+0000] {dagbag.py:588} INFO - Filling up the DagBag from /opt/airflow/dags/core_osm_table_generator_dag.py
[2026-02-21T05:11:04.414+0000] {processor.py:925} INFO - DAG(s) 'core_osm_table_generator' retrieved from /opt/airflow/dags/core_osm_table_generator_dag.py
[2026-02-21T05:11:05.415+0000] {logging_mixin.py:190} INFO - [2026-02-21T05:11:05.415+0000] {dag.py:3239} INFO - Sync 1 DAGs
[2026-02-21T05:11:05.553+0000] {logging_mixin.py:190} INFO - [2026-02-21T05:11:05.553+0000] {dag.py:4180} INFO - Setting next_dagrun for core_osm_table_generator to None, run_after=None
[2026-02-21T05:11:05.560+0000] {processor.py:208} INFO - Processing /opt/airflow/dags/core_osm_table_generator_dag.py took 1.647 seconds
[2026-02-21T05:27:18.194+0000] {processor.py:186} INFO - Started process (PID=1125) to work on /opt/airflow/dags/core_osm_table_generator_dag.py
[2026-02-21T05:27:18.194+0000] {processor.py:914} INFO - Processing file /opt/airflow/dags/core_osm_table_generator_dag.py for tasks to queue
[2026-02-21T05:27:18.195+0000] {logging_mixin.py:190} INFO - [2026-02-21T05:27:18.195+0000] {dagbag.py:588} INFO - Filling up the DagBag from /opt/airflow/dags/core_osm_table_generator_dag.py
[2026-02-21T05:27:18.704+0000] {processor.py:925} INFO - DAG(s) 'core_osm_table_generator' retrieved from /opt/airflow/dags/core_osm_table_generator_dag.py
[2026-02-21T05:27:19.928+0000] {logging_mixin.py:190} INFO - [2026-02-21T05:27:19.927+0000] {dag.py:3239} INFO - Sync 1 DAGs
[2026-02-21T05:27:19.933+0000] {logging_mixin.py:190} INFO - [2026-02-21T05:27:19.933+0000] {dag.py:4180} INFO - Setting next_dagrun for core_osm_table_generator to None, run_after=None
[2026-02-21T05:27:19.940+0000] {processor.py:208} INFO - Processing /opt/airflow/dags/core_osm_table_generator_dag.py took 1.752 seconds
[2026-02-21T05:27:50.361+0000] {processor.py:186} INFO - Started process (PID=1126) to work on /opt/airflow/dags/core_osm_table_generator_dag.py
[2026-02-21T05:27:50.363+0000] {processor.py:914} INFO - Processing file /opt/airflow/dags/core_osm_table_generator_dag.py for tasks to queue
[2026-02-21T05:27:50.365+0000] {logging_mixin.py:190} INFO - [2026-02-21T05:27:50.364+0000] {dagbag.py:588} INFO - Filling up the DagBag from /opt/airflow/dags/core_osm_table_generator_dag.py
[2026-02-21T05:27:50.897+0000] {processor.py:925} INFO - DAG(s) 'core_osm_table_generator' retrieved from /opt/airflow/dags/core_osm_table_generator_dag.py
[2026-02-21T05:27:51.910+0000] {logging_mixin.py:190} INFO - [2026-02-21T05:27:51.910+0000] {dag.py:3239} INFO - Sync 1 DAGs
[2026-02-21T05:27:51.922+0000] {logging_mixin.py:190} INFO - [2026-02-21T05:27:51.922+0000] {dag.py:4180} INFO - Setting next_dagrun for core_osm_table_generator to None, run_after=None
[2026-02-21T05:27:51.931+0000] {processor.py:208} INFO - Processing /opt/airflow/dags/core_osm_table_generator_dag.py took 1.578 seconds
[2026-02-21T05:28:22.013+0000] {processor.py:186} INFO - Started process (PID=1127) to work on /opt/airflow/dags/core_osm_table_generator_dag.py
[2026-02-21T05:28:22.014+0000] {processor.py:914} INFO - Processing file /opt/airflow/dags/core_osm_table_generator_dag.py for tasks to queue
[2026-02-21T05:28:22.016+0000] {logging_mixin.py:190} INFO - [2026-02-21T05:28:22.015+0000] {dagbag.py:588} INFO - Filling up the DagBag from /opt/airflow/dags/core_osm_table_generator_dag.py
[2026-02-21T05:28:22.554+0000] {processor.py:925} INFO - DAG(s) 'core_osm_table_generator' retrieved from /opt/airflow/dags/core_osm_table_generator_dag.py
[2026-02-21T05:28:23.566+0000] {logging_mixin.py:190} INFO - [2026-02-21T05:28:23.565+0000] {dag.py:3239} INFO - Sync 1 DAGs
[2026-02-21T05:28:23.577+0000] {logging_mixin.py:190} INFO - [2026-02-21T05:28:23.577+0000] {dag.py:4180} INFO - Setting next_dagrun for core_osm_table_generator to None, run_after=None
[2026-02-21T05:28:23.589+0000] {processor.py:208} INFO - Processing /opt/airflow/dags/core_osm_table_generator_dag.py took 1.587 seconds
[2026-02-21T05:28:53.697+0000] {processor.py:186} INFO - Started process (PID=1128) to work on /opt/airflow/dags/core_osm_table_generator_dag.py
[2026-02-21T05:28:53.698+0000] {processor.py:914} INFO - Processing file /opt/airflow/dags/core_osm_table_generator_dag.py for tasks to queue
[2026-02-21T05:28:53.700+0000] {logging_mixin.py:190} INFO - [2026-02-21T05:28:53.700+0000] {dagbag.py:588} INFO - Filling up the DagBag from /opt/airflow/dags/core_osm_table_generator_dag.py
[2026-02-21T05:28:54.183+0000] {processor.py:925} INFO - DAG(s) 'core_osm_table_generator' retrieved from /opt/airflow/dags/core_osm_table_generator_dag.py
[2026-02-21T05:28:55.176+0000] {logging_mixin.py:190} INFO - [2026-02-21T05:28:55.176+0000] {dag.py:3239} INFO - Sync 1 DAGs
[2026-02-21T05:28:55.387+0000] {logging_mixin.py:190} INFO - [2026-02-21T05:28:55.386+0000] {dag.py:4180} INFO - Setting next_dagrun for core_osm_table_generator to None, run_after=None
[2026-02-21T05:28:55.394+0000] {processor.py:208} INFO - Processing /opt/airflow/dags/core_osm_table_generator_dag.py took 1.709 seconds
[2026-02-21T05:29:25.670+0000] {processor.py:186} INFO - Started process (PID=1129) to work on /opt/airflow/dags/core_osm_table_generator_dag.py
[2026-02-21T05:29:25.674+0000] {processor.py:914} INFO - Processing file /opt/airflow/dags/core_osm_table_generator_dag.py for tasks to queue
[2026-02-21T05:29:25.680+0000] {logging_mixin.py:190} INFO - [2026-02-21T05:29:25.680+0000] {dagbag.py:588} INFO - Filling up the DagBag from /opt/airflow/dags/core_osm_table_generator_dag.py
[2026-02-21T05:29:26.291+0000] {processor.py:925} INFO - DAG(s) 'core_osm_table_generator' retrieved from /opt/airflow/dags/core_osm_table_generator_dag.py
[2026-02-21T05:29:29.093+0000] {logging_mixin.py:190} INFO - [2026-02-21T05:29:29.093+0000] {dag.py:3239} INFO - Sync 1 DAGs
[2026-02-21T05:29:29.100+0000] {logging_mixin.py:190} INFO - [2026-02-21T05:29:29.100+0000] {dag.py:4180} INFO - Setting next_dagrun for core_osm_table_generator to None, run_after=None
[2026-02-21T05:29:29.108+0000] {processor.py:208} INFO - Processing /opt/airflow/dags/core_osm_table_generator_dag.py took 3.459 seconds
[2026-02-21T05:46:48.263+0000] {processor.py:186} INFO - Started process (PID=1130) to work on /opt/airflow/dags/core_osm_table_generator_dag.py
[2026-02-21T05:46:48.265+0000] {processor.py:914} INFO - Processing file /opt/airflow/dags/core_osm_table_generator_dag.py for tasks to queue
[2026-02-21T05:46:48.267+0000] {logging_mixin.py:190} INFO - [2026-02-21T05:46:48.267+0000] {dagbag.py:588} INFO - Filling up the DagBag from /opt/airflow/dags/core_osm_table_generator_dag.py
[2026-02-21T05:46:48.782+0000] {processor.py:925} INFO - DAG(s) 'core_osm_table_generator' retrieved from /opt/airflow/dags/core_osm_table_generator_dag.py
[2026-02-21T05:46:49.799+0000] {logging_mixin.py:190} INFO - [2026-02-21T05:46:49.799+0000] {dag.py:3239} INFO - Sync 1 DAGs
[2026-02-21T05:46:49.809+0000] {logging_mixin.py:190} INFO - [2026-02-21T05:46:49.809+0000] {dag.py:4180} INFO - Setting next_dagrun for core_osm_table_generator to None, run_after=None
[2026-02-21T05:46:49.818+0000] {processor.py:208} INFO - Processing /opt/airflow/dags/core_osm_table_generator_dag.py took 1.566 seconds
[2026-02-21T05:47:20.223+0000] {processor.py:186} INFO - Started process (PID=1131) to work on /opt/airflow/dags/core_osm_table_generator_dag.py
[2026-02-21T05:47:20.224+0000] {processor.py:914} INFO - Processing file /opt/airflow/dags/core_osm_table_generator_dag.py for tasks to queue
[2026-02-21T05:47:20.226+0000] {logging_mixin.py:190} INFO - [2026-02-21T05:47:20.225+0000] {dagbag.py:588} INFO - Filling up the DagBag from /opt/airflow/dags/core_osm_table_generator_dag.py
[2026-02-21T05:47:20.693+0000] {processor.py:925} INFO - DAG(s) 'core_osm_table_generator' retrieved from /opt/airflow/dags/core_osm_table_generator_dag.py
[2026-02-21T05:47:21.679+0000] {logging_mixin.py:190} INFO - [2026-02-21T05:47:21.679+0000] {dag.py:3239} INFO - Sync 1 DAGs
[2026-02-21T05:47:21.689+0000] {logging_mixin.py:190} INFO - [2026-02-21T05:47:21.689+0000] {dag.py:4180} INFO - Setting next_dagrun for core_osm_table_generator to None, run_after=None
[2026-02-21T05:47:21.698+0000] {processor.py:208} INFO - Processing /opt/airflow/dags/core_osm_table_generator_dag.py took 1.486 seconds
[2026-02-21T05:47:52.118+0000] {processor.py:186} INFO - Started process (PID=1132) to work on /opt/airflow/dags/core_osm_table_generator_dag.py
[2026-02-21T05:47:52.121+0000] {processor.py:914} INFO - Processing file /opt/airflow/dags/core_osm_table_generator_dag.py for tasks to queue
[2026-02-21T05:47:52.122+0000] {logging_mixin.py:190} INFO - [2026-02-21T05:47:52.122+0000] {dagbag.py:588} INFO - Filling up the DagBag from /opt/airflow/dags/core_osm_table_generator_dag.py
[2026-02-21T05:47:52.610+0000] {processor.py:925} INFO - DAG(s) 'core_osm_table_generator' retrieved from /opt/airflow/dags/core_osm_table_generator_dag.py
[2026-02-21T05:47:53.608+0000] {logging_mixin.py:190} INFO - [2026-02-21T05:47:53.608+0000] {dag.py:3239} INFO - Sync 1 DAGs
[2026-02-21T05:47:53.816+0000] {logging_mixin.py:190} INFO - [2026-02-21T05:47:53.816+0000] {dag.py:4180} INFO - Setting next_dagrun for core_osm_table_generator to None, run_after=None
[2026-02-21T05:47:53.828+0000] {processor.py:208} INFO - Processing /opt/airflow/dags/core_osm_table_generator_dag.py took 1.720 seconds
[2026-02-21T05:48:23.928+0000] {processor.py:186} INFO - Started process (PID=1133) to work on /opt/airflow/dags/core_osm_table_generator_dag.py
[2026-02-21T05:48:23.929+0000] {processor.py:914} INFO - Processing file /opt/airflow/dags/core_osm_table_generator_dag.py for tasks to queue
[2026-02-21T05:48:23.931+0000] {logging_mixin.py:190} INFO - [2026-02-21T05:48:23.930+0000] {dagbag.py:588} INFO - Filling up the DagBag from /opt/airflow/dags/core_osm_table_generator_dag.py
[2026-02-21T05:48:24.400+0000] {processor.py:925} INFO - DAG(s) 'core_osm_table_generator' retrieved from /opt/airflow/dags/core_osm_table_generator_dag.py
[2026-02-21T05:48:25.468+0000] {logging_mixin.py:190} INFO - [2026-02-21T05:48:25.467+0000] {dag.py:3239} INFO - Sync 1 DAGs
[2026-02-21T05:48:25.472+0000] {logging_mixin.py:190} INFO - [2026-02-21T05:48:25.472+0000] {dag.py:4180} INFO - Setting next_dagrun for core_osm_table_generator to None, run_after=None
[2026-02-21T05:48:25.478+0000] {processor.py:208} INFO - Processing /opt/airflow/dags/core_osm_table_generator_dag.py took 1.561 seconds
[2026-02-21T05:48:55.549+0000] {processor.py:186} INFO - Started process (PID=1134) to work on /opt/airflow/dags/core_osm_table_generator_dag.py
[2026-02-21T05:48:55.550+0000] {processor.py:914} INFO - Processing file /opt/airflow/dags/core_osm_table_generator_dag.py for tasks to queue
[2026-02-21T05:48:55.552+0000] {logging_mixin.py:190} INFO - [2026-02-21T05:48:55.551+0000] {dagbag.py:588} INFO - Filling up the DagBag from /opt/airflow/dags/core_osm_table_generator_dag.py
[2026-02-21T05:48:56.050+0000] {processor.py:925} INFO - DAG(s) 'core_osm_table_generator' retrieved from /opt/airflow/dags/core_osm_table_generator_dag.py
[2026-02-21T05:48:57.049+0000] {logging_mixin.py:190} INFO - [2026-02-21T05:48:57.049+0000] {dag.py:3239} INFO - Sync 1 DAGs
[2026-02-21T05:48:57.061+0000] {logging_mixin.py:190} INFO - [2026-02-21T05:48:57.061+0000] {dag.py:4180} INFO - Setting next_dagrun for core_osm_table_generator to None, run_after=None
[2026-02-21T05:48:57.070+0000] {processor.py:208} INFO - Processing /opt/airflow/dags/core_osm_table_generator_dag.py took 1.536 seconds
[2026-02-21T06:04:26.100+0000] {processor.py:186} INFO - Started process (PID=1135) to work on /opt/airflow/dags/core_osm_table_generator_dag.py
[2026-02-21T06:04:26.101+0000] {processor.py:914} INFO - Processing file /opt/airflow/dags/core_osm_table_generator_dag.py for tasks to queue
[2026-02-21T06:04:26.105+0000] {logging_mixin.py:190} INFO - [2026-02-21T06:04:26.102+0000] {dagbag.py:588} INFO - Filling up the DagBag from /opt/airflow/dags/core_osm_table_generator_dag.py
[2026-02-21T06:04:26.686+0000] {processor.py:925} INFO - DAG(s) 'core_osm_table_generator' retrieved from /opt/airflow/dags/core_osm_table_generator_dag.py
[2026-02-21T06:04:27.709+0000] {logging_mixin.py:190} INFO - [2026-02-21T06:04:27.709+0000] {dag.py:3239} INFO - Sync 1 DAGs
[2026-02-21T06:04:27.720+0000] {logging_mixin.py:190} INFO - [2026-02-21T06:04:27.720+0000] {dag.py:4180} INFO - Setting next_dagrun for core_osm_table_generator to None, run_after=None
[2026-02-21T06:04:27.740+0000] {processor.py:208} INFO - Processing /opt/airflow/dags/core_osm_table_generator_dag.py took 1.650 seconds
[2026-02-21T06:04:58.273+0000] {processor.py:186} INFO - Started process (PID=1136) to work on /opt/airflow/dags/core_osm_table_generator_dag.py
[2026-02-21T06:04:58.275+0000] {processor.py:914} INFO - Processing file /opt/airflow/dags/core_osm_table_generator_dag.py for tasks to queue
[2026-02-21T06:04:58.283+0000] {logging_mixin.py:190} INFO - [2026-02-21T06:04:58.279+0000] {dagbag.py:588} INFO - Filling up the DagBag from /opt/airflow/dags/core_osm_table_generator_dag.py
[2026-02-21T06:04:58.783+0000] {processor.py:925} INFO - DAG(s) 'core_osm_table_generator' retrieved from /opt/airflow/dags/core_osm_table_generator_dag.py
[2026-02-21T06:04:59.802+0000] {logging_mixin.py:190} INFO - [2026-02-21T06:04:59.802+0000] {dag.py:3239} INFO - Sync 1 DAGs
[2026-02-21T06:04:59.817+0000] {logging_mixin.py:190} INFO - [2026-02-21T06:04:59.817+0000] {dag.py:4180} INFO - Setting next_dagrun for core_osm_table_generator to None, run_after=None
[2026-02-21T06:05:00.033+0000] {processor.py:208} INFO - Processing /opt/airflow/dags/core_osm_table_generator_dag.py took 1.779 seconds
[2026-02-21T06:05:30.449+0000] {processor.py:186} INFO - Started process (PID=1137) to work on /opt/airflow/dags/core_osm_table_generator_dag.py
[2026-02-21T06:05:30.450+0000] {processor.py:914} INFO - Processing file /opt/airflow/dags/core_osm_table_generator_dag.py for tasks to queue
[2026-02-21T06:05:30.452+0000] {logging_mixin.py:190} INFO - [2026-02-21T06:05:30.451+0000] {dagbag.py:588} INFO - Filling up the DagBag from /opt/airflow/dags/core_osm_table_generator_dag.py
[2026-02-21T06:05:30.923+0000] {processor.py:925} INFO - DAG(s) 'core_osm_table_generator' retrieved from /opt/airflow/dags/core_osm_table_generator_dag.py
[2026-02-21T06:05:31.906+0000] {logging_mixin.py:190} INFO - [2026-02-21T06:05:31.906+0000] {dag.py:3239} INFO - Sync 1 DAGs
[2026-02-21T06:05:31.996+0000] {logging_mixin.py:190} INFO - [2026-02-21T06:05:31.996+0000] {dag.py:4180} INFO - Setting next_dagrun for core_osm_table_generator to None, run_after=None
[2026-02-21T06:05:32.003+0000] {processor.py:208} INFO - Processing /opt/airflow/dags/core_osm_table_generator_dag.py took 1.562 seconds
[2026-02-21T06:06:02.266+0000] {processor.py:186} INFO - Started process (PID=1138) to work on /opt/airflow/dags/core_osm_table_generator_dag.py
[2026-02-21T06:06:02.268+0000] {processor.py:914} INFO - Processing file /opt/airflow/dags/core_osm_table_generator_dag.py for tasks to queue
[2026-02-21T06:06:02.269+0000] {logging_mixin.py:190} INFO - [2026-02-21T06:06:02.269+0000] {dagbag.py:588} INFO - Filling up the DagBag from /opt/airflow/dags/core_osm_table_generator_dag.py
[2026-02-21T06:06:02.744+0000] {processor.py:925} INFO - DAG(s) 'core_osm_table_generator' retrieved from /opt/airflow/dags/core_osm_table_generator_dag.py
[2026-02-21T06:06:03.921+0000] {logging_mixin.py:190} INFO - [2026-02-21T06:06:03.921+0000] {dag.py:3239} INFO - Sync 1 DAGs
[2026-02-21T06:06:03.927+0000] {logging_mixin.py:190} INFO - [2026-02-21T06:06:03.927+0000] {dag.py:4180} INFO - Setting next_dagrun for core_osm_table_generator to None, run_after=None
[2026-02-21T06:06:03.934+0000] {processor.py:208} INFO - Processing /opt/airflow/dags/core_osm_table_generator_dag.py took 1.674 seconds
[2026-02-21T06:06:34.306+0000] {processor.py:186} INFO - Started process (PID=1139) to work on /opt/airflow/dags/core_osm_table_generator_dag.py
[2026-02-21T06:06:34.308+0000] {processor.py:914} INFO - Processing file /opt/airflow/dags/core_osm_table_generator_dag.py for tasks to queue
[2026-02-21T06:06:34.310+0000] {logging_mixin.py:190} INFO - [2026-02-21T06:06:34.309+0000] {dagbag.py:588} INFO - Filling up the DagBag from /opt/airflow/dags/core_osm_table_generator_dag.py
[2026-02-21T06:06:34.783+0000] {processor.py:925} INFO - DAG(s) 'core_osm_table_generator' retrieved from /opt/airflow/dags/core_osm_table_generator_dag.py
[2026-02-21T06:06:35.777+0000] {logging_mixin.py:190} INFO - [2026-02-21T06:06:35.776+0000] {dag.py:3239} INFO - Sync 1 DAGs
[2026-02-21T06:06:35.784+0000] {logging_mixin.py:190} INFO - [2026-02-21T06:06:35.784+0000] {dag.py:4180} INFO - Setting next_dagrun for core_osm_table_generator to None, run_after=None
[2026-02-21T06:06:35.791+0000] {processor.py:208} INFO - Processing /opt/airflow/dags/core_osm_table_generator_dag.py took 1.495 seconds
[2026-02-21T06:22:17.086+0000] {processor.py:186} INFO - Started process (PID=1140) to work on /opt/airflow/dags/core_osm_table_generator_dag.py
[2026-02-21T06:22:17.087+0000] {processor.py:914} INFO - Processing file /opt/airflow/dags/core_osm_table_generator_dag.py for tasks to queue
[2026-02-21T06:22:17.089+0000] {logging_mixin.py:190} INFO - [2026-02-21T06:22:17.088+0000] {dagbag.py:588} INFO - Filling up the DagBag from /opt/airflow/dags/core_osm_table_generator_dag.py
[2026-02-21T06:22:17.585+0000] {processor.py:925} INFO - DAG(s) 'core_osm_table_generator' retrieved from /opt/airflow/dags/core_osm_table_generator_dag.py
[2026-02-21T06:22:18.602+0000] {logging_mixin.py:190} INFO - [2026-02-21T06:22:18.602+0000] {dag.py:3239} INFO - Sync 1 DAGs
[2026-02-21T06:22:18.614+0000] {logging_mixin.py:190} INFO - [2026-02-21T06:22:18.614+0000] {dag.py:4180} INFO - Setting next_dagrun for core_osm_table_generator to None, run_after=None
[2026-02-21T06:22:18.628+0000] {processor.py:208} INFO - Processing /opt/airflow/dags/core_osm_table_generator_dag.py took 1.553 seconds
[2026-02-21T06:22:49.022+0000] {processor.py:186} INFO - Started process (PID=1141) to work on /opt/airflow/dags/core_osm_table_generator_dag.py
[2026-02-21T06:22:49.024+0000] {processor.py:914} INFO - Processing file /opt/airflow/dags/core_osm_table_generator_dag.py for tasks to queue
[2026-02-21T06:22:49.026+0000] {logging_mixin.py:190} INFO - [2026-02-21T06:22:49.025+0000] {dagbag.py:588} INFO - Filling up the DagBag from /opt/airflow/dags/core_osm_table_generator_dag.py
[2026-02-21T06:22:49.532+0000] {processor.py:925} INFO - DAG(s) 'core_osm_table_generator' retrieved from /opt/airflow/dags/core_osm_table_generator_dag.py
[2026-02-21T06:22:50.567+0000] {logging_mixin.py:190} INFO - [2026-02-21T06:22:50.567+0000] {dag.py:3239} INFO - Sync 1 DAGs
[2026-02-21T06:22:50.785+0000] {logging_mixin.py:190} INFO - [2026-02-21T06:22:50.785+0000] {dag.py:4180} INFO - Setting next_dagrun for core_osm_table_generator to None, run_after=None
[2026-02-21T06:22:50.792+0000] {processor.py:208} INFO - Processing /opt/airflow/dags/core_osm_table_generator_dag.py took 1.784 seconds
[2026-02-21T06:23:20.965+0000] {processor.py:186} INFO - Started process (PID=1142) to work on /opt/airflow/dags/core_osm_table_generator_dag.py
[2026-02-21T06:23:20.968+0000] {processor.py:914} INFO - Processing file /opt/airflow/dags/core_osm_table_generator_dag.py for tasks to queue
[2026-02-21T06:23:20.970+0000] {logging_mixin.py:190} INFO - [2026-02-21T06:23:20.969+0000] {dagbag.py:588} INFO - Filling up the DagBag from /opt/airflow/dags/core_osm_table_generator_dag.py
[2026-02-21T06:23:21.494+0000] {processor.py:925} INFO - DAG(s) 'core_osm_table_generator' retrieved from /opt/airflow/dags/core_osm_table_generator_dag.py
[2026-02-21T06:23:22.727+0000] {logging_mixin.py:190} INFO - [2026-02-21T06:23:22.727+0000] {dag.py:3239} INFO - Sync 1 DAGs
[2026-02-21T06:23:22.733+0000] {logging_mixin.py:190} INFO - [2026-02-21T06:23:22.732+0000] {dag.py:4180} INFO - Setting next_dagrun for core_osm_table_generator to None, run_after=None
[2026-02-21T06:23:22.739+0000] {processor.py:208} INFO - Processing /opt/airflow/dags/core_osm_table_generator_dag.py took 1.799 seconds
[2026-02-21T06:23:53.124+0000] {processor.py:186} INFO - Started process (PID=1143) to work on /opt/airflow/dags/core_osm_table_generator_dag.py
[2026-02-21T06:23:53.126+0000] {processor.py:914} INFO - Processing file /opt/airflow/dags/core_osm_table_generator_dag.py for tasks to queue
[2026-02-21T06:23:53.128+0000] {logging_mixin.py:190} INFO - [2026-02-21T06:23:53.127+0000] {dagbag.py:588} INFO - Filling up the DagBag from /opt/airflow/dags/core_osm_table_generator_dag.py
[2026-02-21T06:23:53.588+0000] {processor.py:925} INFO - DAG(s) 'core_osm_table_generator' retrieved from /opt/airflow/dags/core_osm_table_generator_dag.py
[2026-02-21T06:23:54.569+0000] {logging_mixin.py:190} INFO - [2026-02-21T06:23:54.569+0000] {dag.py:3239} INFO - Sync 1 DAGs
[2026-02-21T06:23:54.575+0000] {logging_mixin.py:190} INFO - [2026-02-21T06:23:54.575+0000] {dag.py:4180} INFO - Setting next_dagrun for core_osm_table_generator to None, run_after=None
[2026-02-21T06:23:54.581+0000] {processor.py:208} INFO - Processing /opt/airflow/dags/core_osm_table_generator_dag.py took 1.464 seconds
[2026-02-21T06:24:26.167+0000] {processor.py:186} INFO - Started process (PID=1144) to work on /opt/airflow/dags/core_osm_table_generator_dag.py
[2026-02-21T06:24:26.169+0000] {processor.py:914} INFO - Processing file /opt/airflow/dags/core_osm_table_generator_dag.py for tasks to queue
[2026-02-21T06:24:26.172+0000] {logging_mixin.py:190} INFO - [2026-02-21T06:24:26.171+0000] {dagbag.py:588} INFO - Filling up the DagBag from /opt/airflow/dags/core_osm_table_generator_dag.py
[2026-02-21T06:24:26.760+0000] {processor.py:925} INFO - DAG(s) 'core_osm_table_generator' retrieved from /opt/airflow/dags/core_osm_table_generator_dag.py
[2026-02-21T06:24:27.786+0000] {logging_mixin.py:190} INFO - [2026-02-21T06:24:27.786+0000] {dag.py:3239} INFO - Sync 1 DAGs
[2026-02-21T06:24:27.798+0000] {logging_mixin.py:190} INFO - [2026-02-21T06:24:27.798+0000] {dag.py:4180} INFO - Setting next_dagrun for core_osm_table_generator to None, run_after=None
[2026-02-21T06:24:27.815+0000] {processor.py:208} INFO - Processing /opt/airflow/dags/core_osm_table_generator_dag.py took 1.658 seconds
[2026-02-21T06:40:45.022+0000] {processor.py:186} INFO - Started process (PID=1145) to work on /opt/airflow/dags/core_osm_table_generator_dag.py
[2026-02-21T06:40:45.024+0000] {processor.py:914} INFO - Processing file /opt/airflow/dags/core_osm_table_generator_dag.py for tasks to queue
[2026-02-21T06:40:45.032+0000] {logging_mixin.py:190} INFO - [2026-02-21T06:40:45.030+0000] {dagbag.py:588} INFO - Filling up the DagBag from /opt/airflow/dags/core_osm_table_generator_dag.py
[2026-02-21T06:40:45.542+0000] {processor.py:925} INFO - DAG(s) 'core_osm_table_generator' retrieved from /opt/airflow/dags/core_osm_table_generator_dag.py
[2026-02-21T06:40:46.553+0000] {logging_mixin.py:190} INFO - [2026-02-21T06:40:46.553+0000] {dag.py:3239} INFO - Sync 1 DAGs
[2026-02-21T06:40:46.778+0000] {logging_mixin.py:190} INFO - [2026-02-21T06:40:46.778+0000] {dag.py:4180} INFO - Setting next_dagrun for core_osm_table_generator to None, run_after=None
[2026-02-21T06:40:46.786+0000] {processor.py:208} INFO - Processing /opt/airflow/dags/core_osm_table_generator_dag.py took 1.783 seconds
[2026-02-21T06:41:17.211+0000] {processor.py:186} INFO - Started process (PID=1146) to work on /opt/airflow/dags/core_osm_table_generator_dag.py
[2026-02-21T06:41:17.213+0000] {processor.py:914} INFO - Processing file /opt/airflow/dags/core_osm_table_generator_dag.py for tasks to queue
[2026-02-21T06:41:17.215+0000] {logging_mixin.py:190} INFO - [2026-02-21T06:41:17.214+0000] {dagbag.py:588} INFO - Filling up the DagBag from /opt/airflow/dags/core_osm_table_generator_dag.py
[2026-02-21T06:41:17.763+0000] {processor.py:925} INFO - DAG(s) 'core_osm_table_generator' retrieved from /opt/airflow/dags/core_osm_table_generator_dag.py
[2026-02-21T06:41:18.977+0000] {logging_mixin.py:190} INFO - [2026-02-21T06:41:18.977+0000] {dag.py:3239} INFO - Sync 1 DAGs
[2026-02-21T06:41:18.984+0000] {logging_mixin.py:190} INFO - [2026-02-21T06:41:18.984+0000] {dag.py:4180} INFO - Setting next_dagrun for core_osm_table_generator to None, run_after=None
[2026-02-21T06:41:18.991+0000] {processor.py:208} INFO - Processing /opt/airflow/dags/core_osm_table_generator_dag.py took 1.794 seconds
[2026-02-21T06:41:49.354+0000] {processor.py:186} INFO - Started process (PID=1147) to work on /opt/airflow/dags/core_osm_table_generator_dag.py
[2026-02-21T06:41:49.357+0000] {processor.py:914} INFO - Processing file /opt/airflow/dags/core_osm_table_generator_dag.py for tasks to queue
[2026-02-21T06:41:49.358+0000] {logging_mixin.py:190} INFO - [2026-02-21T06:41:49.357+0000] {dagbag.py:588} INFO - Filling up the DagBag from /opt/airflow/dags/core_osm_table_generator_dag.py
[2026-02-21T06:41:49.822+0000] {processor.py:925} INFO - DAG(s) 'core_osm_table_generator' retrieved from /opt/airflow/dags/core_osm_table_generator_dag.py
[2026-02-21T06:41:50.807+0000] {logging_mixin.py:190} INFO - [2026-02-21T06:41:50.807+0000] {dag.py:3239} INFO - Sync 1 DAGs
[2026-02-21T06:41:50.813+0000] {logging_mixin.py:190} INFO - [2026-02-21T06:41:50.813+0000] {dag.py:4180} INFO - Setting next_dagrun for core_osm_table_generator to None, run_after=None
[2026-02-21T06:41:50.820+0000] {processor.py:208} INFO - Processing /opt/airflow/dags/core_osm_table_generator_dag.py took 1.473 seconds
[2026-02-21T06:42:21.164+0000] {processor.py:186} INFO - Started process (PID=1148) to work on /opt/airflow/dags/core_osm_table_generator_dag.py
[2026-02-21T06:42:21.166+0000] {processor.py:914} INFO - Processing file /opt/airflow/dags/core_osm_table_generator_dag.py for tasks to queue
[2026-02-21T06:42:21.167+0000] {logging_mixin.py:190} INFO - [2026-02-21T06:42:21.167+0000] {dagbag.py:588} INFO - Filling up the DagBag from /opt/airflow/dags/core_osm_table_generator_dag.py
[2026-02-21T06:42:21.676+0000] {processor.py:925} INFO - DAG(s) 'core_osm_table_generator' retrieved from /opt/airflow/dags/core_osm_table_generator_dag.py
[2026-02-21T06:42:22.692+0000] {logging_mixin.py:190} INFO - [2026-02-21T06:42:22.692+0000] {dag.py:3239} INFO - Sync 1 DAGs
[2026-02-21T06:42:22.704+0000] {logging_mixin.py:190} INFO - [2026-02-21T06:42:22.704+0000] {dag.py:4180} INFO - Setting next_dagrun for core_osm_table_generator to None, run_after=None
[2026-02-21T06:42:22.714+0000] {processor.py:208} INFO - Processing /opt/airflow/dags/core_osm_table_generator_dag.py took 1.560 seconds
[2026-02-21T06:42:53.117+0000] {processor.py:186} INFO - Started process (PID=1149) to work on /opt/airflow/dags/core_osm_table_generator_dag.py
[2026-02-21T06:42:53.118+0000] {processor.py:914} INFO - Processing file /opt/airflow/dags/core_osm_table_generator_dag.py for tasks to queue
[2026-02-21T06:42:53.118+0000] {logging_mixin.py:190} INFO - [2026-02-21T06:42:53.118+0000] {dagbag.py:588} INFO - Filling up the DagBag from /opt/airflow/dags/core_osm_table_generator_dag.py
[2026-02-21T06:42:53.577+0000] {processor.py:925} INFO - DAG(s) 'core_osm_table_generator' retrieved from /opt/airflow/dags/core_osm_table_generator_dag.py
[2026-02-21T06:42:55.477+0000] {logging_mixin.py:190} INFO - [2026-02-21T06:42:55.476+0000] {dag.py:3239} INFO - Sync 1 DAGs
[2026-02-21T06:42:57.318+0000] {logging_mixin.py:190} INFO - [2026-02-21T06:42:57.317+0000] {dag.py:4180} INFO - Setting next_dagrun for core_osm_table_generator to None, run_after=None
[2026-02-21T06:42:57.337+0000] {processor.py:208} INFO - Processing /opt/airflow/dags/core_osm_table_generator_dag.py took 4.227 seconds
[2026-02-21T07:00:12.412+0000] {processor.py:186} INFO - Started process (PID=1150) to work on /opt/airflow/dags/core_osm_table_generator_dag.py
[2026-02-21T07:00:12.413+0000] {processor.py:914} INFO - Processing file /opt/airflow/dags/core_osm_table_generator_dag.py for tasks to queue
[2026-02-21T07:00:12.414+0000] {logging_mixin.py:190} INFO - [2026-02-21T07:00:12.414+0000] {dagbag.py:588} INFO - Filling up the DagBag from /opt/airflow/dags/core_osm_table_generator_dag.py
[2026-02-21T07:00:12.925+0000] {processor.py:925} INFO - DAG(s) 'core_osm_table_generator' retrieved from /opt/airflow/dags/core_osm_table_generator_dag.py
[2026-02-21T07:00:13.957+0000] {logging_mixin.py:190} INFO - [2026-02-21T07:00:13.957+0000] {dag.py:3239} INFO - Sync 1 DAGs
[2026-02-21T07:00:14.179+0000] {logging_mixin.py:190} INFO - [2026-02-21T07:00:14.179+0000] {dag.py:4180} INFO - Setting next_dagrun for core_osm_table_generator to None, run_after=None
[2026-02-21T07:00:14.193+0000] {processor.py:208} INFO - Processing /opt/airflow/dags/core_osm_table_generator_dag.py took 1.790 seconds
[2026-02-21T07:00:44.541+0000] {processor.py:186} INFO - Started process (PID=1151) to work on /opt/airflow/dags/core_osm_table_generator_dag.py
[2026-02-21T07:00:44.542+0000] {processor.py:914} INFO - Processing file /opt/airflow/dags/core_osm_table_generator_dag.py for tasks to queue
[2026-02-21T07:00:44.544+0000] {logging_mixin.py:190} INFO - [2026-02-21T07:00:44.544+0000] {dagbag.py:588} INFO - Filling up the DagBag from /opt/airflow/dags/core_osm_table_generator_dag.py
[2026-02-21T07:00:45.046+0000] {processor.py:925} INFO - DAG(s) 'core_osm_table_generator' retrieved from /opt/airflow/dags/core_osm_table_generator_dag.py
[2026-02-21T07:00:46.259+0000] {logging_mixin.py:190} INFO - [2026-02-21T07:00:46.259+0000] {dag.py:3239} INFO - Sync 1 DAGs
[2026-02-21T07:00:46.265+0000] {logging_mixin.py:190} INFO - [2026-02-21T07:00:46.265+0000] {dag.py:4180} INFO - Setting next_dagrun for core_osm_table_generator to None, run_after=None
[2026-02-21T07:00:46.273+0000] {processor.py:208} INFO - Processing /opt/airflow/dags/core_osm_table_generator_dag.py took 1.747 seconds
[2026-02-21T07:01:16.640+0000] {processor.py:186} INFO - Started process (PID=1152) to work on /opt/airflow/dags/core_osm_table_generator_dag.py
[2026-02-21T07:01:16.641+0000] {processor.py:914} INFO - Processing file /opt/airflow/dags/core_osm_table_generator_dag.py for tasks to queue
[2026-02-21T07:01:16.643+0000] {logging_mixin.py:190} INFO - [2026-02-21T07:01:16.642+0000] {dagbag.py:588} INFO - Filling up the DagBag from /opt/airflow/dags/core_osm_table_generator_dag.py
[2026-02-21T07:01:17.118+0000] {processor.py:925} INFO - DAG(s) 'core_osm_table_generator' retrieved from /opt/airflow/dags/core_osm_table_generator_dag.py
[2026-02-21T07:01:18.124+0000] {logging_mixin.py:190} INFO - [2026-02-21T07:01:18.124+0000] {dag.py:3239} INFO - Sync 1 DAGs
[2026-02-21T07:01:18.133+0000] {logging_mixin.py:190} INFO - [2026-02-21T07:01:18.133+0000] {dag.py:4180} INFO - Setting next_dagrun for core_osm_table_generator to None, run_after=None
[2026-02-21T07:01:18.140+0000] {processor.py:208} INFO - Processing /opt/airflow/dags/core_osm_table_generator_dag.py took 1.510 seconds
[2026-02-21T07:01:48.500+0000] {processor.py:186} INFO - Started process (PID=1153) to work on /opt/airflow/dags/core_osm_table_generator_dag.py
[2026-02-21T07:01:48.502+0000] {processor.py:914} INFO - Processing file /opt/airflow/dags/core_osm_table_generator_dag.py for tasks to queue
[2026-02-21T07:01:48.503+0000] {logging_mixin.py:190} INFO - [2026-02-21T07:01:48.503+0000] {dagbag.py:588} INFO - Filling up the DagBag from /opt/airflow/dags/core_osm_table_generator_dag.py
[2026-02-21T07:01:48.970+0000] {processor.py:925} INFO - DAG(s) 'core_osm_table_generator' retrieved from /opt/airflow/dags/core_osm_table_generator_dag.py
[2026-02-21T07:01:49.951+0000] {logging_mixin.py:190} INFO - [2026-02-21T07:01:49.951+0000] {dag.py:3239} INFO - Sync 1 DAGs
[2026-02-21T07:01:49.962+0000] {logging_mixin.py:190} INFO - [2026-02-21T07:01:49.962+0000] {dag.py:4180} INFO - Setting next_dagrun for core_osm_table_generator to None, run_after=None
[2026-02-21T07:01:50.158+0000] {processor.py:208} INFO - Processing /opt/airflow/dags/core_osm_table_generator_dag.py took 1.665 seconds
[2026-02-21T07:02:20.551+0000] {processor.py:186} INFO - Started process (PID=1154) to work on /opt/airflow/dags/core_osm_table_generator_dag.py
[2026-02-21T07:02:20.553+0000] {processor.py:914} INFO - Processing file /opt/airflow/dags/core_osm_table_generator_dag.py for tasks to queue
[2026-02-21T07:02:20.555+0000] {logging_mixin.py:190} INFO - [2026-02-21T07:02:20.555+0000] {dagbag.py:588} INFO - Filling up the DagBag from /opt/airflow/dags/core_osm_table_generator_dag.py
[2026-02-21T07:02:21.082+0000] {processor.py:925} INFO - DAG(s) 'core_osm_table_generator' retrieved from /opt/airflow/dags/core_osm_table_generator_dag.py
[2026-02-21T07:02:22.104+0000] {logging_mixin.py:190} INFO - [2026-02-21T07:02:22.104+0000] {dag.py:3239} INFO - Sync 1 DAGs
[2026-02-21T07:02:22.320+0000] {logging_mixin.py:190} INFO - [2026-02-21T07:02:22.320+0000] {dag.py:4180} INFO - Setting next_dagrun for core_osm_table_generator to None, run_after=None
[2026-02-21T07:02:22.328+0000] {processor.py:208} INFO - Processing /opt/airflow/dags/core_osm_table_generator_dag.py took 1.786 seconds
[2026-02-21T07:09:59.129+0000] {processor.py:186} INFO - Started process (PID=1155) to work on /opt/airflow/dags/core_osm_table_generator_dag.py
[2026-02-21T07:09:59.131+0000] {processor.py:914} INFO - Processing file /opt/airflow/dags/core_osm_table_generator_dag.py for tasks to queue
[2026-02-21T07:09:59.132+0000] {logging_mixin.py:190} INFO - [2026-02-21T07:09:59.132+0000] {dagbag.py:588} INFO - Filling up the DagBag from /opt/airflow/dags/core_osm_table_generator_dag.py
[2026-02-21T07:09:59.642+0000] {processor.py:925} INFO - DAG(s) 'core_osm_table_generator' retrieved from /opt/airflow/dags/core_osm_table_generator_dag.py
[2026-02-21T07:10:00.851+0000] {logging_mixin.py:190} INFO - [2026-02-21T07:10:00.851+0000] {dag.py:3239} INFO - Sync 1 DAGs
[2026-02-21T07:10:00.858+0000] {logging_mixin.py:190} INFO - [2026-02-21T07:10:00.858+0000] {dag.py:4180} INFO - Setting next_dagrun for core_osm_table_generator to None, run_after=None
[2026-02-21T07:10:00.866+0000] {processor.py:208} INFO - Processing /opt/airflow/dags/core_osm_table_generator_dag.py took 1.757 seconds
[2026-02-21T07:10:31.263+0000] {processor.py:186} INFO - Started process (PID=1156) to work on /opt/airflow/dags/core_osm_table_generator_dag.py
[2026-02-21T07:10:31.265+0000] {processor.py:914} INFO - Processing file /opt/airflow/dags/core_osm_table_generator_dag.py for tasks to queue
[2026-02-21T07:10:31.267+0000] {logging_mixin.py:190} INFO - [2026-02-21T07:10:31.266+0000] {dagbag.py:588} INFO - Filling up the DagBag from /opt/airflow/dags/core_osm_table_generator_dag.py
[2026-02-21T07:10:31.748+0000] {processor.py:925} INFO - DAG(s) 'core_osm_table_generator' retrieved from /opt/airflow/dags/core_osm_table_generator_dag.py
[2026-02-21T07:10:32.736+0000] {logging_mixin.py:190} INFO - [2026-02-21T07:10:32.736+0000] {dag.py:3239} INFO - Sync 1 DAGs
[2026-02-21T07:10:32.747+0000] {logging_mixin.py:190} INFO - [2026-02-21T07:10:32.746+0000] {dag.py:4180} INFO - Setting next_dagrun for core_osm_table_generator to None, run_after=None
[2026-02-21T07:10:32.756+0000] {processor.py:208} INFO - Processing /opt/airflow/dags/core_osm_table_generator_dag.py took 1.504 seconds
[2026-02-21T07:11:03.026+0000] {processor.py:186} INFO - Started process (PID=1157) to work on /opt/airflow/dags/core_osm_table_generator_dag.py
[2026-02-21T07:11:03.026+0000] {processor.py:914} INFO - Processing file /opt/airflow/dags/core_osm_table_generator_dag.py for tasks to queue
[2026-02-21T07:11:03.027+0000] {logging_mixin.py:190} INFO - [2026-02-21T07:11:03.027+0000] {dagbag.py:588} INFO - Filling up the DagBag from /opt/airflow/dags/core_osm_table_generator_dag.py
[2026-02-21T07:11:03.490+0000] {processor.py:925} INFO - DAG(s) 'core_osm_table_generator' retrieved from /opt/airflow/dags/core_osm_table_generator_dag.py
[2026-02-21T07:11:04.475+0000] {logging_mixin.py:190} INFO - [2026-02-21T07:11:04.475+0000] {dag.py:3239} INFO - Sync 1 DAGs
[2026-02-21T07:11:04.482+0000] {logging_mixin.py:190} INFO - [2026-02-21T07:11:04.482+0000] {dag.py:4180} INFO - Setting next_dagrun for core_osm_table_generator to None, run_after=None
[2026-02-21T07:11:04.492+0000] {processor.py:208} INFO - Processing /opt/airflow/dags/core_osm_table_generator_dag.py took 1.471 seconds
[2026-02-21T07:11:34.906+0000] {processor.py:186} INFO - Started process (PID=1158) to work on /opt/airflow/dags/core_osm_table_generator_dag.py
[2026-02-21T07:11:34.907+0000] {processor.py:914} INFO - Processing file /opt/airflow/dags/core_osm_table_generator_dag.py for tasks to queue
[2026-02-21T07:11:34.909+0000] {logging_mixin.py:190} INFO - [2026-02-21T07:11:34.908+0000] {dagbag.py:588} INFO - Filling up the DagBag from /opt/airflow/dags/core_osm_table_generator_dag.py
[2026-02-21T07:11:35.403+0000] {processor.py:925} INFO - DAG(s) 'core_osm_table_generator' retrieved from /opt/airflow/dags/core_osm_table_generator_dag.py
[2026-02-21T07:11:36.416+0000] {logging_mixin.py:190} INFO - [2026-02-21T07:11:36.416+0000] {dag.py:3239} INFO - Sync 1 DAGs
[2026-02-21T07:11:36.624+0000] {logging_mixin.py:190} INFO - [2026-02-21T07:11:36.624+0000] {dag.py:4180} INFO - Setting next_dagrun for core_osm_table_generator to None, run_after=None
[2026-02-21T07:11:36.632+0000] {processor.py:208} INFO - Processing /opt/airflow/dags/core_osm_table_generator_dag.py took 1.735 seconds
[2026-02-21T07:13:11.023+0000] {processor.py:186} INFO - Started process (PID=1159) to work on /opt/airflow/dags/core_osm_table_generator_dag.py
[2026-02-21T07:13:11.026+0000] {processor.py:914} INFO - Processing file /opt/airflow/dags/core_osm_table_generator_dag.py for tasks to queue
[2026-02-21T07:13:11.030+0000] {logging_mixin.py:190} INFO - [2026-02-21T07:13:11.028+0000] {dagbag.py:588} INFO - Filling up the DagBag from /opt/airflow/dags/core_osm_table_generator_dag.py
[2026-02-21T07:13:11.536+0000] {processor.py:925} INFO - DAG(s) 'core_osm_table_generator' retrieved from /opt/airflow/dags/core_osm_table_generator_dag.py
[2026-02-21T07:13:12.758+0000] {logging_mixin.py:190} INFO - [2026-02-21T07:13:12.758+0000] {dag.py:3239} INFO - Sync 1 DAGs
[2026-02-21T07:13:12.765+0000] {logging_mixin.py:190} INFO - [2026-02-21T07:13:12.765+0000] {dag.py:4180} INFO - Setting next_dagrun for core_osm_table_generator to None, run_after=None
[2026-02-21T07:13:12.771+0000] {processor.py:208} INFO - Processing /opt/airflow/dags/core_osm_table_generator_dag.py took 1.761 seconds
[2026-02-21T07:13:43.218+0000] {processor.py:186} INFO - Started process (PID=1160) to work on /opt/airflow/dags/core_osm_table_generator_dag.py
[2026-02-21T07:13:43.220+0000] {processor.py:914} INFO - Processing file /opt/airflow/dags/core_osm_table_generator_dag.py for tasks to queue
[2026-02-21T07:13:43.224+0000] {logging_mixin.py:190} INFO - [2026-02-21T07:13:43.221+0000] {dagbag.py:588} INFO - Filling up the DagBag from /opt/airflow/dags/core_osm_table_generator_dag.py
[2026-02-21T07:13:43.758+0000] {processor.py:925} INFO - DAG(s) 'core_osm_table_generator' retrieved from /opt/airflow/dags/core_osm_table_generator_dag.py
[2026-02-21T07:13:44.779+0000] {logging_mixin.py:190} INFO - [2026-02-21T07:13:44.778+0000] {dag.py:3239} INFO - Sync 1 DAGs
[2026-02-21T07:13:44.790+0000] {logging_mixin.py:190} INFO - [2026-02-21T07:13:44.790+0000] {dag.py:4180} INFO - Setting next_dagrun for core_osm_table_generator to None, run_after=None
[2026-02-21T07:13:44.799+0000] {processor.py:208} INFO - Processing /opt/airflow/dags/core_osm_table_generator_dag.py took 1.596 seconds
[2026-02-21T07:14:14.899+0000] {processor.py:186} INFO - Started process (PID=1161) to work on /opt/airflow/dags/core_osm_table_generator_dag.py
[2026-02-21T07:14:14.900+0000] {processor.py:914} INFO - Processing file /opt/airflow/dags/core_osm_table_generator_dag.py for tasks to queue
[2026-02-21T07:14:14.902+0000] {logging_mixin.py:190} INFO - [2026-02-21T07:14:14.901+0000] {dagbag.py:588} INFO - Filling up the DagBag from /opt/airflow/dags/core_osm_table_generator_dag.py
[2026-02-21T07:14:15.379+0000] {processor.py:925} INFO - DAG(s) 'core_osm_table_generator' retrieved from /opt/airflow/dags/core_osm_table_generator_dag.py
[2026-02-21T07:14:16.373+0000] {logging_mixin.py:190} INFO - [2026-02-21T07:14:16.373+0000] {dag.py:3239} INFO - Sync 1 DAGs
[2026-02-21T07:14:16.380+0000] {logging_mixin.py:190} INFO - [2026-02-21T07:14:16.380+0000] {dag.py:4180} INFO - Setting next_dagrun for core_osm_table_generator to None, run_after=None
[2026-02-21T07:14:16.388+0000] {processor.py:208} INFO - Processing /opt/airflow/dags/core_osm_table_generator_dag.py took 1.500 seconds
[2026-02-21T07:14:46.601+0000] {processor.py:186} INFO - Started process (PID=1162) to work on /opt/airflow/dags/core_osm_table_generator_dag.py
[2026-02-21T07:14:46.604+0000] {processor.py:914} INFO - Processing file /opt/airflow/dags/core_osm_table_generator_dag.py for tasks to queue
[2026-02-21T07:14:46.606+0000] {logging_mixin.py:190} INFO - [2026-02-21T07:14:46.606+0000] {dagbag.py:588} INFO - Filling up the DagBag from /opt/airflow/dags/core_osm_table_generator_dag.py
[2026-02-21T07:14:47.096+0000] {processor.py:925} INFO - DAG(s) 'core_osm_table_generator' retrieved from /opt/airflow/dags/core_osm_table_generator_dag.py
[2026-02-21T07:14:48.098+0000] {logging_mixin.py:190} INFO - [2026-02-21T07:14:48.098+0000] {dag.py:3239} INFO - Sync 1 DAGs
[2026-02-21T07:14:48.307+0000] {logging_mixin.py:190} INFO - [2026-02-21T07:14:48.307+0000] {dag.py:4180} INFO - Setting next_dagrun for core_osm_table_generator to None, run_after=None
[2026-02-21T07:14:48.315+0000] {processor.py:208} INFO - Processing /opt/airflow/dags/core_osm_table_generator_dag.py took 1.729 seconds
[2026-02-21T07:15:18.971+0000] {processor.py:186} INFO - Started process (PID=1163) to work on /opt/airflow/dags/core_osm_table_generator_dag.py
[2026-02-21T07:15:18.973+0000] {processor.py:914} INFO - Processing file /opt/airflow/dags/core_osm_table_generator_dag.py for tasks to queue
[2026-02-21T07:15:18.974+0000] {logging_mixin.py:190} INFO - [2026-02-21T07:15:18.974+0000] {dagbag.py:588} INFO - Filling up the DagBag from /opt/airflow/dags/core_osm_table_generator_dag.py
[2026-02-21T07:15:19.477+0000] {processor.py:925} INFO - DAG(s) 'core_osm_table_generator' retrieved from /opt/airflow/dags/core_osm_table_generator_dag.py
[2026-02-21T07:15:20.692+0000] {logging_mixin.py:190} INFO - [2026-02-21T07:15:20.692+0000] {dag.py:3239} INFO - Sync 1 DAGs
[2026-02-21T07:15:20.698+0000] {logging_mixin.py:190} INFO - [2026-02-21T07:15:20.698+0000] {dag.py:4180} INFO - Setting next_dagrun for core_osm_table_generator to None, run_after=None
[2026-02-21T07:15:20.705+0000] {processor.py:208} INFO - Processing /opt/airflow/dags/core_osm_table_generator_dag.py took 1.748 seconds
[2026-02-21T07:31:41.503+0000] {processor.py:186} INFO - Started process (PID=1164) to work on /opt/airflow/dags/core_osm_table_generator_dag.py
[2026-02-21T07:31:41.504+0000] {processor.py:914} INFO - Processing file /opt/airflow/dags/core_osm_table_generator_dag.py for tasks to queue
[2026-02-21T07:31:41.506+0000] {logging_mixin.py:190} INFO - [2026-02-21T07:31:41.505+0000] {dagbag.py:588} INFO - Filling up the DagBag from /opt/airflow/dags/core_osm_table_generator_dag.py
[2026-02-21T07:31:42.015+0000] {processor.py:925} INFO - DAG(s) 'core_osm_table_generator' retrieved from /opt/airflow/dags/core_osm_table_generator_dag.py
[2026-02-21T07:31:43.204+0000] {logging_mixin.py:190} INFO - [2026-02-21T07:31:43.204+0000] {dag.py:3239} INFO - Sync 1 DAGs
[2026-02-21T07:31:43.210+0000] {logging_mixin.py:190} INFO - [2026-02-21T07:31:43.210+0000] {dag.py:4180} INFO - Setting next_dagrun for core_osm_table_generator to None, run_after=None
[2026-02-21T07:31:43.217+0000] {processor.py:208} INFO - Processing /opt/airflow/dags/core_osm_table_generator_dag.py took 1.723 seconds
[2026-02-21T07:32:13.485+0000] {processor.py:186} INFO - Started process (PID=1165) to work on /opt/airflow/dags/core_osm_table_generator_dag.py
[2026-02-21T07:32:13.486+0000] {processor.py:914} INFO - Processing file /opt/airflow/dags/core_osm_table_generator_dag.py for tasks to queue
[2026-02-21T07:32:13.487+0000] {logging_mixin.py:190} INFO - [2026-02-21T07:32:13.487+0000] {dagbag.py:588} INFO - Filling up the DagBag from /opt/airflow/dags/core_osm_table_generator_dag.py
[2026-02-21T07:32:13.946+0000] {processor.py:925} INFO - DAG(s) 'core_osm_table_generator' retrieved from /opt/airflow/dags/core_osm_table_generator_dag.py
[2026-02-21T07:32:14.924+0000] {logging_mixin.py:190} INFO - [2026-02-21T07:32:14.924+0000] {dag.py:3239} INFO - Sync 1 DAGs
[2026-02-21T07:32:14.930+0000] {logging_mixin.py:190} INFO - [2026-02-21T07:32:14.930+0000] {dag.py:4180} INFO - Setting next_dagrun for core_osm_table_generator to None, run_after=None
[2026-02-21T07:32:14.938+0000] {processor.py:208} INFO - Processing /opt/airflow/dags/core_osm_table_generator_dag.py took 1.459 seconds
[2026-02-21T07:32:45.375+0000] {processor.py:186} INFO - Started process (PID=1166) to work on /opt/airflow/dags/core_osm_table_generator_dag.py
[2026-02-21T07:32:45.377+0000] {processor.py:914} INFO - Processing file /opt/airflow/dags/core_osm_table_generator_dag.py for tasks to queue
[2026-02-21T07:32:45.378+0000] {logging_mixin.py:190} INFO - [2026-02-21T07:32:45.378+0000] {dagbag.py:588} INFO - Filling up the DagBag from /opt/airflow/dags/core_osm_table_generator_dag.py
[2026-02-21T07:32:45.890+0000] {processor.py:925} INFO - DAG(s) 'core_osm_table_generator' retrieved from /opt/airflow/dags/core_osm_table_generator_dag.py
[2026-02-21T07:32:46.976+0000] {logging_mixin.py:190} INFO - [2026-02-21T07:32:46.976+0000] {dag.py:3239} INFO - Sync 1 DAGs
[2026-02-21T07:32:47.010+0000] {logging_mixin.py:190} INFO - [2026-02-21T07:32:47.010+0000] {dag.py:4180} INFO - Setting next_dagrun for core_osm_table_generator to None, run_after=None
[2026-02-21T07:32:47.211+0000] {processor.py:208} INFO - Processing /opt/airflow/dags/core_osm_table_generator_dag.py took 1.847 seconds
[2026-02-21T07:33:17.522+0000] {processor.py:186} INFO - Started process (PID=1167) to work on /opt/airflow/dags/core_osm_table_generator_dag.py
[2026-02-21T07:33:17.524+0000] {processor.py:914} INFO - Processing file /opt/airflow/dags/core_osm_table_generator_dag.py for tasks to queue
[2026-02-21T07:33:17.525+0000] {logging_mixin.py:190} INFO - [2026-02-21T07:33:17.525+0000] {dagbag.py:588} INFO - Filling up the DagBag from /opt/airflow/dags/core_osm_table_generator_dag.py
[2026-02-21T07:33:17.986+0000] {processor.py:925} INFO - DAG(s) 'core_osm_table_generator' retrieved from /opt/airflow/dags/core_osm_table_generator_dag.py
[2026-02-21T07:33:18.971+0000] {logging_mixin.py:190} INFO - [2026-02-21T07:33:18.971+0000] {dag.py:3239} INFO - Sync 1 DAGs
[2026-02-21T07:33:19.068+0000] {logging_mixin.py:190} INFO - [2026-02-21T07:33:19.068+0000] {dag.py:4180} INFO - Setting next_dagrun for core_osm_table_generator to None, run_after=None
[2026-02-21T07:33:19.077+0000] {processor.py:208} INFO - Processing /opt/airflow/dags/core_osm_table_generator_dag.py took 1.564 seconds
[2026-02-21T07:33:49.504+0000] {processor.py:186} INFO - Started process (PID=1168) to work on /opt/airflow/dags/core_osm_table_generator_dag.py
[2026-02-21T07:33:49.505+0000] {processor.py:914} INFO - Processing file /opt/airflow/dags/core_osm_table_generator_dag.py for tasks to queue
[2026-02-21T07:33:49.507+0000] {logging_mixin.py:190} INFO - [2026-02-21T07:33:49.507+0000] {dagbag.py:588} INFO - Filling up the DagBag from /opt/airflow/dags/core_osm_table_generator_dag.py
[2026-02-21T07:33:50.019+0000] {processor.py:925} INFO - DAG(s) 'core_osm_table_generator' retrieved from /opt/airflow/dags/core_osm_table_generator_dag.py
[2026-02-21T07:33:51.243+0000] {logging_mixin.py:190} INFO - [2026-02-21T07:33:51.243+0000] {dag.py:3239} INFO - Sync 1 DAGs
[2026-02-21T07:33:51.249+0000] {logging_mixin.py:190} INFO - [2026-02-21T07:33:51.249+0000] {dag.py:4180} INFO - Setting next_dagrun for core_osm_table_generator to None, run_after=None
[2026-02-21T07:33:51.255+0000] {processor.py:208} INFO - Processing /opt/airflow/dags/core_osm_table_generator_dag.py took 1.766 seconds
[2026-02-21T07:34:21.332+0000] {processor.py:186} INFO - Started process (PID=1169) to work on /opt/airflow/dags/core_osm_table_generator_dag.py
[2026-02-21T07:34:21.333+0000] {processor.py:914} INFO - Processing file /opt/airflow/dags/core_osm_table_generator_dag.py for tasks to queue
[2026-02-21T07:34:21.335+0000] {logging_mixin.py:190} INFO - [2026-02-21T07:34:21.334+0000] {dagbag.py:588} INFO - Filling up the DagBag from /opt/airflow/dags/core_osm_table_generator_dag.py
[2026-02-21T07:34:21.801+0000] {processor.py:925} INFO - DAG(s) 'core_osm_table_generator' retrieved from /opt/airflow/dags/core_osm_table_generator_dag.py
[2026-02-21T07:34:22.778+0000] {logging_mixin.py:190} INFO - [2026-02-21T07:34:22.778+0000] {dag.py:3239} INFO - Sync 1 DAGs
[2026-02-21T07:34:22.784+0000] {logging_mixin.py:190} INFO - [2026-02-21T07:34:22.784+0000] {dag.py:4180} INFO - Setting next_dagrun for core_osm_table_generator to None, run_after=None
[2026-02-21T07:34:22.791+0000] {processor.py:208} INFO - Processing /opt/airflow/dags/core_osm_table_generator_dag.py took 1.466 seconds
[2026-02-21T07:34:52.969+0000] {processor.py:186} INFO - Started process (PID=1170) to work on /opt/airflow/dags/core_osm_table_generator_dag.py
[2026-02-21T07:34:52.970+0000] {processor.py:914} INFO - Processing file /opt/airflow/dags/core_osm_table_generator_dag.py for tasks to queue
[2026-02-21T07:34:52.972+0000] {logging_mixin.py:190} INFO - [2026-02-21T07:34:52.972+0000] {dagbag.py:588} INFO - Filling up the DagBag from /opt/airflow/dags/core_osm_table_generator_dag.py
[2026-02-21T07:34:53.468+0000] {processor.py:925} INFO - DAG(s) 'core_osm_table_generator' retrieved from /opt/airflow/dags/core_osm_table_generator_dag.py
[2026-02-21T07:34:54.465+0000] {logging_mixin.py:190} INFO - [2026-02-21T07:34:54.465+0000] {dag.py:3239} INFO - Sync 1 DAGs
[2026-02-21T07:34:54.479+0000] {logging_mixin.py:190} INFO - [2026-02-21T07:34:54.479+0000] {dag.py:4180} INFO - Setting next_dagrun for core_osm_table_generator to None, run_after=None
[2026-02-21T07:34:54.677+0000] {processor.py:208} INFO - Processing /opt/airflow/dags/core_osm_table_generator_dag.py took 1.719 seconds
[2026-02-21T07:35:25.089+0000] {processor.py:186} INFO - Started process (PID=1171) to work on /opt/airflow/dags/core_osm_table_generator_dag.py
[2026-02-21T07:35:25.090+0000] {processor.py:914} INFO - Processing file /opt/airflow/dags/core_osm_table_generator_dag.py for tasks to queue
[2026-02-21T07:35:25.091+0000] {logging_mixin.py:190} INFO - [2026-02-21T07:35:25.091+0000] {dagbag.py:588} INFO - Filling up the DagBag from /opt/airflow/dags/core_osm_table_generator_dag.py
[2026-02-21T07:35:25.561+0000] {processor.py:925} INFO - DAG(s) 'core_osm_table_generator' retrieved from /opt/airflow/dags/core_osm_table_generator_dag.py
[2026-02-21T07:35:26.551+0000] {logging_mixin.py:190} INFO - [2026-02-21T07:35:26.550+0000] {dag.py:3239} INFO - Sync 1 DAGs
[2026-02-21T07:35:26.643+0000] {logging_mixin.py:190} INFO - [2026-02-21T07:35:26.643+0000] {dag.py:4180} INFO - Setting next_dagrun for core_osm_table_generator to None, run_after=None
[2026-02-21T07:35:26.651+0000] {processor.py:208} INFO - Processing /opt/airflow/dags/core_osm_table_generator_dag.py took 1.570 seconds
[2026-02-21T07:35:57.549+0000] {processor.py:186} INFO - Started process (PID=1172) to work on /opt/airflow/dags/core_osm_table_generator_dag.py
[2026-02-21T07:35:57.551+0000] {processor.py:914} INFO - Processing file /opt/airflow/dags/core_osm_table_generator_dag.py for tasks to queue
[2026-02-21T07:35:57.553+0000] {logging_mixin.py:190} INFO - [2026-02-21T07:35:57.552+0000] {dagbag.py:588} INFO - Filling up the DagBag from /opt/airflow/dags/core_osm_table_generator_dag.py
[2026-02-21T07:35:58.058+0000] {processor.py:925} INFO - DAG(s) 'core_osm_table_generator' retrieved from /opt/airflow/dags/core_osm_table_generator_dag.py
[2026-02-21T07:35:59.272+0000] {logging_mixin.py:190} INFO - [2026-02-21T07:35:59.272+0000] {dag.py:3239} INFO - Sync 1 DAGs
[2026-02-21T07:35:59.277+0000] {logging_mixin.py:190} INFO - [2026-02-21T07:35:59.277+0000] {dag.py:4180} INFO - Setting next_dagrun for core_osm_table_generator to None, run_after=None
[2026-02-21T07:35:59.284+0000] {processor.py:208} INFO - Processing /opt/airflow/dags/core_osm_table_generator_dag.py took 1.762 seconds
[2026-02-21T07:51:11.457+0000] {processor.py:186} INFO - Started process (PID=1173) to work on /opt/airflow/dags/core_osm_table_generator_dag.py
[2026-02-21T07:51:11.462+0000] {processor.py:914} INFO - Processing file /opt/airflow/dags/core_osm_table_generator_dag.py for tasks to queue
[2026-02-21T07:51:11.464+0000] {logging_mixin.py:190} INFO - [2026-02-21T07:51:11.463+0000] {dagbag.py:588} INFO - Filling up the DagBag from /opt/airflow/dags/core_osm_table_generator_dag.py
[2026-02-21T07:51:11.947+0000] {processor.py:925} INFO - DAG(s) 'core_osm_table_generator' retrieved from /opt/airflow/dags/core_osm_table_generator_dag.py
[2026-02-21T07:51:12.933+0000] {logging_mixin.py:190} INFO - [2026-02-21T07:51:12.933+0000] {dag.py:3239} INFO - Sync 1 DAGs
[2026-02-21T07:51:12.940+0000] {logging_mixin.py:190} INFO - [2026-02-21T07:51:12.940+0000] {dag.py:4180} INFO - Setting next_dagrun for core_osm_table_generator to None, run_after=None
[2026-02-21T07:51:12.947+0000] {processor.py:208} INFO - Processing /opt/airflow/dags/core_osm_table_generator_dag.py took 1.499 seconds
[2026-02-21T07:51:43.392+0000] {processor.py:186} INFO - Started process (PID=1174) to work on /opt/airflow/dags/core_osm_table_generator_dag.py
[2026-02-21T07:51:43.396+0000] {processor.py:914} INFO - Processing file /opt/airflow/dags/core_osm_table_generator_dag.py for tasks to queue
[2026-02-21T07:51:43.397+0000] {logging_mixin.py:190} INFO - [2026-02-21T07:51:43.397+0000] {dagbag.py:588} INFO - Filling up the DagBag from /opt/airflow/dags/core_osm_table_generator_dag.py
[2026-02-21T07:51:43.909+0000] {processor.py:925} INFO - DAG(s) 'core_osm_table_generator' retrieved from /opt/airflow/dags/core_osm_table_generator_dag.py
[2026-02-21T07:51:44.925+0000] {logging_mixin.py:190} INFO - [2026-02-21T07:51:44.925+0000] {dag.py:3239} INFO - Sync 1 DAGs
[2026-02-21T07:51:44.936+0000] {logging_mixin.py:190} INFO - [2026-02-21T07:51:44.936+0000] {dag.py:4180} INFO - Setting next_dagrun for core_osm_table_generator to None, run_after=None
[2026-02-21T07:51:44.948+0000] {processor.py:208} INFO - Processing /opt/airflow/dags/core_osm_table_generator_dag.py took 1.568 seconds
[2026-02-21T07:52:15.155+0000] {processor.py:186} INFO - Started process (PID=1175) to work on /opt/airflow/dags/core_osm_table_generator_dag.py
[2026-02-21T07:52:15.156+0000] {processor.py:914} INFO - Processing file /opt/airflow/dags/core_osm_table_generator_dag.py for tasks to queue
[2026-02-21T07:52:15.157+0000] {logging_mixin.py:190} INFO - [2026-02-21T07:52:15.157+0000] {dagbag.py:588} INFO - Filling up the DagBag from /opt/airflow/dags/core_osm_table_generator_dag.py
[2026-02-21T07:52:15.617+0000] {processor.py:925} INFO - DAG(s) 'core_osm_table_generator' retrieved from /opt/airflow/dags/core_osm_table_generator_dag.py
[2026-02-21T07:52:16.594+0000] {logging_mixin.py:190} INFO - [2026-02-21T07:52:16.593+0000] {dag.py:3239} INFO - Sync 1 DAGs
[2026-02-21T07:52:16.790+0000] {logging_mixin.py:190} INFO - [2026-02-21T07:52:16.790+0000] {dag.py:4180} INFO - Setting next_dagrun for core_osm_table_generator to None, run_after=None
[2026-02-21T07:52:16.797+0000] {processor.py:208} INFO - Processing /opt/airflow/dags/core_osm_table_generator_dag.py took 1.648 seconds
[2026-02-21T07:52:47.166+0000] {processor.py:186} INFO - Started process (PID=1176) to work on /opt/airflow/dags/core_osm_table_generator_dag.py
[2026-02-21T07:52:47.178+0000] {processor.py:914} INFO - Processing file /opt/airflow/dags/core_osm_table_generator_dag.py for tasks to queue
[2026-02-21T07:52:47.185+0000] {logging_mixin.py:190} INFO - [2026-02-21T07:52:47.183+0000] {dagbag.py:588} INFO - Filling up the DagBag from /opt/airflow/dags/core_osm_table_generator_dag.py
[2026-02-21T07:52:47.668+0000] {processor.py:925} INFO - DAG(s) 'core_osm_table_generator' retrieved from /opt/airflow/dags/core_osm_table_generator_dag.py
[2026-02-21T07:52:48.820+0000] {logging_mixin.py:190} INFO - [2026-02-21T07:52:48.820+0000] {dag.py:3239} INFO - Sync 1 DAGs
[2026-02-21T07:52:48.826+0000] {logging_mixin.py:190} INFO - [2026-02-21T07:52:48.826+0000] {dag.py:4180} INFO - Setting next_dagrun for core_osm_table_generator to None, run_after=None
[2026-02-21T07:52:48.833+0000] {processor.py:208} INFO - Processing /opt/airflow/dags/core_osm_table_generator_dag.py took 1.680 seconds
[2026-02-21T08:10:42.399+0000] {processor.py:186} INFO - Started process (PID=1177) to work on /opt/airflow/dags/core_osm_table_generator_dag.py
[2026-02-21T08:10:42.399+0000] {processor.py:914} INFO - Processing file /opt/airflow/dags/core_osm_table_generator_dag.py for tasks to queue
[2026-02-21T08:10:42.401+0000] {logging_mixin.py:190} INFO - [2026-02-21T08:10:42.400+0000] {dagbag.py:588} INFO - Filling up the DagBag from /opt/airflow/dags/core_osm_table_generator_dag.py
[2026-02-21T08:10:42.902+0000] {processor.py:925} INFO - DAG(s) 'core_osm_table_generator' retrieved from /opt/airflow/dags/core_osm_table_generator_dag.py
[2026-02-21T08:10:43.920+0000] {logging_mixin.py:190} INFO - [2026-02-21T08:10:43.920+0000] {dag.py:3239} INFO - Sync 1 DAGs
[2026-02-21T08:10:43.931+0000] {logging_mixin.py:190} INFO - [2026-02-21T08:10:43.931+0000] {dag.py:4180} INFO - Setting next_dagrun for core_osm_table_generator to None, run_after=None
[2026-02-21T08:10:43.940+0000] {processor.py:208} INFO - Processing /opt/airflow/dags/core_osm_table_generator_dag.py took 1.550 seconds
[2026-02-21T08:11:14.393+0000] {processor.py:186} INFO - Started process (PID=1178) to work on /opt/airflow/dags/core_osm_table_generator_dag.py
[2026-02-21T08:11:14.395+0000] {processor.py:914} INFO - Processing file /opt/airflow/dags/core_osm_table_generator_dag.py for tasks to queue
[2026-02-21T08:11:14.396+0000] {logging_mixin.py:190} INFO - [2026-02-21T08:11:14.396+0000] {dagbag.py:588} INFO - Filling up the DagBag from /opt/airflow/dags/core_osm_table_generator_dag.py
[2026-02-21T08:11:14.915+0000] {processor.py:925} INFO - DAG(s) 'core_osm_table_generator' retrieved from /opt/airflow/dags/core_osm_table_generator_dag.py
[2026-02-21T08:11:15.908+0000] {logging_mixin.py:190} INFO - [2026-02-21T08:11:15.908+0000] {dag.py:3239} INFO - Sync 1 DAGs
[2026-02-21T08:11:15.919+0000] {logging_mixin.py:190} INFO - [2026-02-21T08:11:15.919+0000] {dag.py:4180} INFO - Setting next_dagrun for core_osm_table_generator to None, run_after=None
[2026-02-21T08:11:15.928+0000] {processor.py:208} INFO - Processing /opt/airflow/dags/core_osm_table_generator_dag.py took 1.568 seconds
[2026-02-21T08:11:46.196+0000] {processor.py:186} INFO - Started process (PID=1179) to work on /opt/airflow/dags/core_osm_table_generator_dag.py
[2026-02-21T08:11:46.197+0000] {processor.py:914} INFO - Processing file /opt/airflow/dags/core_osm_table_generator_dag.py for tasks to queue
[2026-02-21T08:11:46.199+0000] {logging_mixin.py:190} INFO - [2026-02-21T08:11:46.198+0000] {dagbag.py:588} INFO - Filling up the DagBag from /opt/airflow/dags/core_osm_table_generator_dag.py
[2026-02-21T08:11:46.664+0000] {processor.py:925} INFO - DAG(s) 'core_osm_table_generator' retrieved from /opt/airflow/dags/core_osm_table_generator_dag.py
[2026-02-21T08:11:47.657+0000] {logging_mixin.py:190} INFO - [2026-02-21T08:11:47.657+0000] {dag.py:3239} INFO - Sync 1 DAGs
[2026-02-21T08:11:47.871+0000] {logging_mixin.py:190} INFO - [2026-02-21T08:11:47.870+0000] {dag.py:4180} INFO - Setting next_dagrun for core_osm_table_generator to None, run_after=None
[2026-02-21T08:11:47.878+0000] {processor.py:208} INFO - Processing /opt/airflow/dags/core_osm_table_generator_dag.py took 1.694 seconds
[2026-02-21T08:12:18.260+0000] {processor.py:186} INFO - Started process (PID=1180) to work on /opt/airflow/dags/core_osm_table_generator_dag.py
[2026-02-21T08:12:18.262+0000] {processor.py:914} INFO - Processing file /opt/airflow/dags/core_osm_table_generator_dag.py for tasks to queue
[2026-02-21T08:12:18.263+0000] {logging_mixin.py:190} INFO - [2026-02-21T08:12:18.263+0000] {dagbag.py:588} INFO - Filling up the DagBag from /opt/airflow/dags/core_osm_table_generator_dag.py
[2026-02-21T08:12:18.744+0000] {processor.py:925} INFO - DAG(s) 'core_osm_table_generator' retrieved from /opt/airflow/dags/core_osm_table_generator_dag.py
[2026-02-21T08:12:19.853+0000] {logging_mixin.py:190} INFO - [2026-02-21T08:12:19.853+0000] {dag.py:3239} INFO - Sync 1 DAGs
[2026-02-21T08:12:19.859+0000] {logging_mixin.py:190} INFO - [2026-02-21T08:12:19.859+0000] {dag.py:4180} INFO - Setting next_dagrun for core_osm_table_generator to None, run_after=None
[2026-02-21T08:12:19.866+0000] {processor.py:208} INFO - Processing /opt/airflow/dags/core_osm_table_generator_dag.py took 1.616 seconds
[2026-02-21T08:12:50.142+0000] {processor.py:186} INFO - Started process (PID=1181) to work on /opt/airflow/dags/core_osm_table_generator_dag.py
[2026-02-21T08:12:50.143+0000] {processor.py:914} INFO - Processing file /opt/airflow/dags/core_osm_table_generator_dag.py for tasks to queue
[2026-02-21T08:12:50.145+0000] {logging_mixin.py:190} INFO - [2026-02-21T08:12:50.144+0000] {dagbag.py:588} INFO - Filling up the DagBag from /opt/airflow/dags/core_osm_table_generator_dag.py
[2026-02-21T08:12:50.624+0000] {processor.py:925} INFO - DAG(s) 'core_osm_table_generator' retrieved from /opt/airflow/dags/core_osm_table_generator_dag.py
[2026-02-21T08:12:51.608+0000] {logging_mixin.py:190} INFO - [2026-02-21T08:12:51.608+0000] {dag.py:3239} INFO - Sync 1 DAGs
[2026-02-21T08:12:51.615+0000] {logging_mixin.py:190} INFO - [2026-02-21T08:12:51.615+0000] {dag.py:4180} INFO - Setting next_dagrun for core_osm_table_generator to None, run_after=None
[2026-02-21T08:12:51.623+0000] {processor.py:208} INFO - Processing /opt/airflow/dags/core_osm_table_generator_dag.py took 1.488 seconds
[2026-02-21T08:28:10.950+0000] {processor.py:186} INFO - Started process (PID=1182) to work on /opt/airflow/dags/core_osm_table_generator_dag.py
[2026-02-21T08:28:10.952+0000] {processor.py:914} INFO - Processing file /opt/airflow/dags/core_osm_table_generator_dag.py for tasks to queue
[2026-02-21T08:28:10.953+0000] {logging_mixin.py:190} INFO - [2026-02-21T08:28:10.953+0000] {dagbag.py:588} INFO - Filling up the DagBag from /opt/airflow/dags/core_osm_table_generator_dag.py
[2026-02-21T08:28:11.463+0000] {processor.py:925} INFO - DAG(s) 'core_osm_table_generator' retrieved from /opt/airflow/dags/core_osm_table_generator_dag.py
[2026-02-21T08:28:12.500+0000] {logging_mixin.py:190} INFO - [2026-02-21T08:28:12.500+0000] {dag.py:3239} INFO - Sync 1 DAGs
[2026-02-21T08:28:12.509+0000] {logging_mixin.py:190} INFO - [2026-02-21T08:28:12.509+0000] {dag.py:4180} INFO - Setting next_dagrun for core_osm_table_generator to None, run_after=None
[2026-02-21T08:28:12.518+0000] {processor.py:208} INFO - Processing /opt/airflow/dags/core_osm_table_generator_dag.py took 1.612 seconds
[2026-02-21T08:28:42.950+0000] {processor.py:186} INFO - Started process (PID=1183) to work on /opt/airflow/dags/core_osm_table_generator_dag.py
[2026-02-21T08:28:42.952+0000] {processor.py:914} INFO - Processing file /opt/airflow/dags/core_osm_table_generator_dag.py for tasks to queue
[2026-02-21T08:28:42.953+0000] {logging_mixin.py:190} INFO - [2026-02-21T08:28:42.952+0000] {dagbag.py:588} INFO - Filling up the DagBag from /opt/airflow/dags/core_osm_table_generator_dag.py
[2026-02-21T08:28:43.441+0000] {processor.py:925} INFO - DAG(s) 'core_osm_table_generator' retrieved from /opt/airflow/dags/core_osm_table_generator_dag.py
[2026-02-21T08:28:44.450+0000] {logging_mixin.py:190} INFO - [2026-02-21T08:28:44.450+0000] {dag.py:3239} INFO - Sync 1 DAGs
[2026-02-21T08:28:44.465+0000] {logging_mixin.py:190} INFO - [2026-02-21T08:28:44.465+0000] {dag.py:4180} INFO - Setting next_dagrun for core_osm_table_generator to None, run_after=None
[2026-02-21T08:28:44.684+0000] {processor.py:208} INFO - Processing /opt/airflow/dags/core_osm_table_generator_dag.py took 1.745 seconds
[2026-02-21T08:29:14.931+0000] {processor.py:186} INFO - Started process (PID=1184) to work on /opt/airflow/dags/core_osm_table_generator_dag.py
[2026-02-21T08:29:14.934+0000] {processor.py:914} INFO - Processing file /opt/airflow/dags/core_osm_table_generator_dag.py for tasks to queue
[2026-02-21T08:29:14.938+0000] {logging_mixin.py:190} INFO - [2026-02-21T08:29:14.936+0000] {dagbag.py:588} INFO - Filling up the DagBag from /opt/airflow/dags/core_osm_table_generator_dag.py
[2026-02-21T08:29:15.446+0000] {processor.py:925} INFO - DAG(s) 'core_osm_table_generator' retrieved from /opt/airflow/dags/core_osm_table_generator_dag.py
[2026-02-21T08:29:16.451+0000] {logging_mixin.py:190} INFO - [2026-02-21T08:29:16.451+0000] {dag.py:3239} INFO - Sync 1 DAGs
[2026-02-21T08:29:16.658+0000] {logging_mixin.py:190} INFO - [2026-02-21T08:29:16.658+0000] {dag.py:4180} INFO - Setting next_dagrun for core_osm_table_generator to None, run_after=None
[2026-02-21T08:29:16.665+0000] {processor.py:208} INFO - Processing /opt/airflow/dags/core_osm_table_generator_dag.py took 1.750 seconds
[2026-02-21T08:29:47.070+0000] {processor.py:186} INFO - Started process (PID=1185) to work on /opt/airflow/dags/core_osm_table_generator_dag.py
[2026-02-21T08:29:47.071+0000] {processor.py:914} INFO - Processing file /opt/airflow/dags/core_osm_table_generator_dag.py for tasks to queue
[2026-02-21T08:29:47.073+0000] {logging_mixin.py:190} INFO - [2026-02-21T08:29:47.073+0000] {dagbag.py:588} INFO - Filling up the DagBag from /opt/airflow/dags/core_osm_table_generator_dag.py
[2026-02-21T08:29:47.535+0000] {processor.py:925} INFO - DAG(s) 'core_osm_table_generator' retrieved from /opt/airflow/dags/core_osm_table_generator_dag.py
[2026-02-21T08:29:48.608+0000] {logging_mixin.py:190} INFO - [2026-02-21T08:29:48.608+0000] {dag.py:3239} INFO - Sync 1 DAGs
[2026-02-21T08:29:48.615+0000] {logging_mixin.py:190} INFO - [2026-02-21T08:29:48.615+0000] {dag.py:4180} INFO - Setting next_dagrun for core_osm_table_generator to None, run_after=None
[2026-02-21T08:29:48.621+0000] {processor.py:208} INFO - Processing /opt/airflow/dags/core_osm_table_generator_dag.py took 1.562 seconds
[2026-02-21T08:30:18.798+0000] {processor.py:186} INFO - Started process (PID=1186) to work on /opt/airflow/dags/core_osm_table_generator_dag.py
[2026-02-21T08:30:18.800+0000] {processor.py:914} INFO - Processing file /opt/airflow/dags/core_osm_table_generator_dag.py for tasks to queue
[2026-02-21T08:30:18.801+0000] {logging_mixin.py:190} INFO - [2026-02-21T08:30:18.801+0000] {dagbag.py:588} INFO - Filling up the DagBag from /opt/airflow/dags/core_osm_table_generator_dag.py
[2026-02-21T08:30:19.298+0000] {processor.py:925} INFO - DAG(s) 'core_osm_table_generator' retrieved from /opt/airflow/dags/core_osm_table_generator_dag.py
[2026-02-21T08:30:20.305+0000] {logging_mixin.py:190} INFO - [2026-02-21T08:30:20.305+0000] {dag.py:3239} INFO - Sync 1 DAGs
[2026-02-21T08:30:20.318+0000] {logging_mixin.py:190} INFO - [2026-02-21T08:30:20.318+0000] {dag.py:4180} INFO - Setting next_dagrun for core_osm_table_generator to None, run_after=None
[2026-02-21T08:30:20.327+0000] {processor.py:208} INFO - Processing /opt/airflow/dags/core_osm_table_generator_dag.py took 1.540 seconds
[2026-02-21T08:30:50.411+0000] {processor.py:186} INFO - Started process (PID=1187) to work on /opt/airflow/dags/core_osm_table_generator_dag.py
[2026-02-21T08:30:50.413+0000] {processor.py:914} INFO - Processing file /opt/airflow/dags/core_osm_table_generator_dag.py for tasks to queue
[2026-02-21T08:30:50.415+0000] {logging_mixin.py:190} INFO - [2026-02-21T08:30:50.414+0000] {dagbag.py:588} INFO - Filling up the DagBag from /opt/airflow/dags/core_osm_table_generator_dag.py
[2026-02-21T08:30:50.872+0000] {processor.py:925} INFO - DAG(s) 'core_osm_table_generator' retrieved from /opt/airflow/dags/core_osm_table_generator_dag.py
[2026-02-21T08:30:51.936+0000] {logging_mixin.py:190} INFO - [2026-02-21T08:30:51.936+0000] {dag.py:3239} INFO - Sync 1 DAGs
[2026-02-21T08:30:51.951+0000] {logging_mixin.py:190} INFO - [2026-02-21T08:30:51.951+0000] {dag.py:4180} INFO - Setting next_dagrun for core_osm_table_generator to None, run_after=None
[2026-02-21T08:30:52.184+0000] {processor.py:208} INFO - Processing /opt/airflow/dags/core_osm_table_generator_dag.py took 1.783 seconds
[2026-02-21T08:31:22.581+0000] {processor.py:186} INFO - Started process (PID=1188) to work on /opt/airflow/dags/core_osm_table_generator_dag.py
[2026-02-21T08:31:22.583+0000] {processor.py:914} INFO - Processing file /opt/airflow/dags/core_osm_table_generator_dag.py for tasks to queue
[2026-02-21T08:31:22.584+0000] {logging_mixin.py:190} INFO - [2026-02-21T08:31:22.584+0000] {dagbag.py:588} INFO - Filling up the DagBag from /opt/airflow/dags/core_osm_table_generator_dag.py
[2026-02-21T08:31:23.050+0000] {processor.py:925} INFO - DAG(s) 'core_osm_table_generator' retrieved from /opt/airflow/dags/core_osm_table_generator_dag.py
[2026-02-21T08:31:24.041+0000] {logging_mixin.py:190} INFO - [2026-02-21T08:31:24.041+0000] {dag.py:3239} INFO - Sync 1 DAGs
[2026-02-21T08:31:24.145+0000] {logging_mixin.py:190} INFO - [2026-02-21T08:31:24.144+0000] {dag.py:4180} INFO - Setting next_dagrun for core_osm_table_generator to None, run_after=None
[2026-02-21T08:31:24.152+0000] {processor.py:208} INFO - Processing /opt/airflow/dags/core_osm_table_generator_dag.py took 1.581 seconds
[2026-02-21T08:31:54.419+0000] {processor.py:186} INFO - Started process (PID=1189) to work on /opt/airflow/dags/core_osm_table_generator_dag.py
[2026-02-21T08:31:54.420+0000] {processor.py:914} INFO - Processing file /opt/airflow/dags/core_osm_table_generator_dag.py for tasks to queue
[2026-02-21T08:31:54.421+0000] {logging_mixin.py:190} INFO - [2026-02-21T08:31:54.421+0000] {dagbag.py:588} INFO - Filling up the DagBag from /opt/airflow/dags/core_osm_table_generator_dag.py
[2026-02-21T08:31:54.899+0000] {processor.py:925} INFO - DAG(s) 'core_osm_table_generator' retrieved from /opt/airflow/dags/core_osm_table_generator_dag.py
[2026-02-21T08:31:56.065+0000] {logging_mixin.py:190} INFO - [2026-02-21T08:31:56.065+0000] {dag.py:3239} INFO - Sync 1 DAGs
[2026-02-21T08:31:56.072+0000] {logging_mixin.py:190} INFO - [2026-02-21T08:31:56.072+0000] {dag.py:4180} INFO - Setting next_dagrun for core_osm_table_generator to None, run_after=None
[2026-02-21T08:31:56.078+0000] {processor.py:208} INFO - Processing /opt/airflow/dags/core_osm_table_generator_dag.py took 1.669 seconds
[2026-02-21T08:32:26.548+0000] {processor.py:186} INFO - Started process (PID=1190) to work on /opt/airflow/dags/core_osm_table_generator_dag.py
[2026-02-21T08:32:26.549+0000] {processor.py:914} INFO - Processing file /opt/airflow/dags/core_osm_table_generator_dag.py for tasks to queue
[2026-02-21T08:32:26.550+0000] {logging_mixin.py:190} INFO - [2026-02-21T08:32:26.550+0000] {dagbag.py:588} INFO - Filling up the DagBag from /opt/airflow/dags/core_osm_table_generator_dag.py
[2026-02-21T08:32:27.019+0000] {processor.py:925} INFO - DAG(s) 'core_osm_table_generator' retrieved from /opt/airflow/dags/core_osm_table_generator_dag.py
[2026-02-21T08:32:27.999+0000] {logging_mixin.py:190} INFO - [2026-02-21T08:32:27.999+0000] {dag.py:3239} INFO - Sync 1 DAGs
[2026-02-21T08:32:28.008+0000] {logging_mixin.py:190} INFO - [2026-02-21T08:32:28.008+0000] {dag.py:4180} INFO - Setting next_dagrun for core_osm_table_generator to None, run_after=None
[2026-02-21T08:32:28.015+0000] {processor.py:208} INFO - Processing /opt/airflow/dags/core_osm_table_generator_dag.py took 1.477 seconds
[2026-02-21T08:32:58.611+0000] {processor.py:186} INFO - Started process (PID=1191) to work on /opt/airflow/dags/core_osm_table_generator_dag.py
[2026-02-21T08:32:58.613+0000] {processor.py:914} INFO - Processing file /opt/airflow/dags/core_osm_table_generator_dag.py for tasks to queue
[2026-02-21T08:32:58.615+0000] {logging_mixin.py:190} INFO - [2026-02-21T08:32:58.614+0000] {dagbag.py:588} INFO - Filling up the DagBag from /opt/airflow/dags/core_osm_table_generator_dag.py
[2026-02-21T08:32:59.120+0000] {processor.py:925} INFO - DAG(s) 'core_osm_table_generator' retrieved from /opt/airflow/dags/core_osm_table_generator_dag.py
[2026-02-21T08:33:00.129+0000] {logging_mixin.py:190} INFO - [2026-02-21T08:33:00.129+0000] {dag.py:3239} INFO - Sync 1 DAGs
[2026-02-21T08:33:00.144+0000] {logging_mixin.py:190} INFO - [2026-02-21T08:33:00.144+0000] {dag.py:4180} INFO - Setting next_dagrun for core_osm_table_generator to None, run_after=None
[2026-02-21T08:33:00.353+0000] {processor.py:208} INFO - Processing /opt/airflow/dags/core_osm_table_generator_dag.py took 1.765 seconds
[2026-02-21T08:48:09.202+0000] {processor.py:186} INFO - Started process (PID=1192) to work on /opt/airflow/dags/core_osm_table_generator_dag.py
[2026-02-21T08:48:09.203+0000] {processor.py:914} INFO - Processing file /opt/airflow/dags/core_osm_table_generator_dag.py for tasks to queue
[2026-02-21T08:48:09.204+0000] {logging_mixin.py:190} INFO - [2026-02-21T08:48:09.204+0000] {dagbag.py:588} INFO - Filling up the DagBag from /opt/airflow/dags/core_osm_table_generator_dag.py
[2026-02-21T08:48:09.677+0000] {processor.py:925} INFO - DAG(s) 'core_osm_table_generator' retrieved from /opt/airflow/dags/core_osm_table_generator_dag.py
[2026-02-21T08:48:10.660+0000] {logging_mixin.py:190} INFO - [2026-02-21T08:48:10.660+0000] {dag.py:3239} INFO - Sync 1 DAGs
[2026-02-21T08:48:10.767+0000] {logging_mixin.py:190} INFO - [2026-02-21T08:48:10.767+0000] {dag.py:4180} INFO - Setting next_dagrun for core_osm_table_generator to None, run_after=None
[2026-02-21T08:48:10.774+0000] {processor.py:208} INFO - Processing /opt/airflow/dags/core_osm_table_generator_dag.py took 1.581 seconds
[2026-02-21T08:48:40.833+0000] {processor.py:186} INFO - Started process (PID=1193) to work on /opt/airflow/dags/core_osm_table_generator_dag.py
[2026-02-21T08:48:40.836+0000] {processor.py:914} INFO - Processing file /opt/airflow/dags/core_osm_table_generator_dag.py for tasks to queue
[2026-02-21T08:48:40.837+0000] {logging_mixin.py:190} INFO - [2026-02-21T08:48:40.836+0000] {dagbag.py:588} INFO - Filling up the DagBag from /opt/airflow/dags/core_osm_table_generator_dag.py
[2026-02-21T08:48:41.307+0000] {processor.py:925} INFO - DAG(s) 'core_osm_table_generator' retrieved from /opt/airflow/dags/core_osm_table_generator_dag.py
[2026-02-21T08:48:42.437+0000] {logging_mixin.py:190} INFO - [2026-02-21T08:48:42.437+0000] {dag.py:3239} INFO - Sync 1 DAGs
[2026-02-21T08:48:42.443+0000] {logging_mixin.py:190} INFO - [2026-02-21T08:48:42.443+0000] {dag.py:4180} INFO - Setting next_dagrun for core_osm_table_generator to None, run_after=None
[2026-02-21T08:48:42.449+0000] {processor.py:208} INFO - Processing /opt/airflow/dags/core_osm_table_generator_dag.py took 1.624 seconds
[2026-02-21T08:49:12.546+0000] {processor.py:186} INFO - Started process (PID=1194) to work on /opt/airflow/dags/core_osm_table_generator_dag.py
[2026-02-21T08:49:12.549+0000] {processor.py:914} INFO - Processing file /opt/airflow/dags/core_osm_table_generator_dag.py for tasks to queue
[2026-02-21T08:49:12.551+0000] {logging_mixin.py:190} INFO - [2026-02-21T08:49:12.550+0000] {dagbag.py:588} INFO - Filling up the DagBag from /opt/airflow/dags/core_osm_table_generator_dag.py
[2026-02-21T08:49:13.060+0000] {processor.py:925} INFO - DAG(s) 'core_osm_table_generator' retrieved from /opt/airflow/dags/core_osm_table_generator_dag.py
[2026-02-21T08:49:14.073+0000] {logging_mixin.py:190} INFO - [2026-02-21T08:49:14.073+0000] {dag.py:3239} INFO - Sync 1 DAGs
[2026-02-21T08:49:14.092+0000] {logging_mixin.py:190} INFO - [2026-02-21T08:49:14.092+0000] {dag.py:4180} INFO - Setting next_dagrun for core_osm_table_generator to None, run_after=None
[2026-02-21T08:49:14.116+0000] {processor.py:208} INFO - Processing /opt/airflow/dags/core_osm_table_generator_dag.py took 1.584 seconds
[2026-02-21T08:49:44.202+0000] {processor.py:186} INFO - Started process (PID=1195) to work on /opt/airflow/dags/core_osm_table_generator_dag.py
[2026-02-21T08:49:44.202+0000] {processor.py:914} INFO - Processing file /opt/airflow/dags/core_osm_table_generator_dag.py for tasks to queue
[2026-02-21T08:49:44.204+0000] {logging_mixin.py:190} INFO - [2026-02-21T08:49:44.203+0000] {dagbag.py:588} INFO - Filling up the DagBag from /opt/airflow/dags/core_osm_table_generator_dag.py
[2026-02-21T08:49:44.666+0000] {processor.py:925} INFO - DAG(s) 'core_osm_table_generator' retrieved from /opt/airflow/dags/core_osm_table_generator_dag.py
[2026-02-21T08:49:45.662+0000] {logging_mixin.py:190} INFO - [2026-02-21T08:49:45.661+0000] {dag.py:3239} INFO - Sync 1 DAGs
[2026-02-21T08:49:45.668+0000] {logging_mixin.py:190} INFO - [2026-02-21T08:49:45.668+0000] {dag.py:4180} INFO - Setting next_dagrun for core_osm_table_generator to None, run_after=None
[2026-02-21T08:49:45.680+0000] {processor.py:208} INFO - Processing /opt/airflow/dags/core_osm_table_generator_dag.py took 1.486 seconds
[2026-02-21T09:05:08.223+0000] {processor.py:186} INFO - Started process (PID=1196) to work on /opt/airflow/dags/core_osm_table_generator_dag.py
[2026-02-21T09:05:08.225+0000] {processor.py:914} INFO - Processing file /opt/airflow/dags/core_osm_table_generator_dag.py for tasks to queue
[2026-02-21T09:05:08.226+0000] {logging_mixin.py:190} INFO - [2026-02-21T09:05:08.225+0000] {dagbag.py:588} INFO - Filling up the DagBag from /opt/airflow/dags/core_osm_table_generator_dag.py
[2026-02-21T09:05:08.721+0000] {processor.py:925} INFO - DAG(s) 'core_osm_table_generator' retrieved from /opt/airflow/dags/core_osm_table_generator_dag.py
[2026-02-21T09:05:09.737+0000] {logging_mixin.py:190} INFO - [2026-02-21T09:05:09.737+0000] {dag.py:3239} INFO - Sync 1 DAGs
[2026-02-21T09:05:09.965+0000] {logging_mixin.py:190} INFO - [2026-02-21T09:05:09.965+0000] {dag.py:4180} INFO - Setting next_dagrun for core_osm_table_generator to None, run_after=None
[2026-02-21T09:05:09.973+0000] {processor.py:208} INFO - Processing /opt/airflow/dags/core_osm_table_generator_dag.py took 1.760 seconds
[2026-02-21T09:05:40.399+0000] {processor.py:186} INFO - Started process (PID=1197) to work on /opt/airflow/dags/core_osm_table_generator_dag.py
[2026-02-21T09:05:40.406+0000] {processor.py:914} INFO - Processing file /opt/airflow/dags/core_osm_table_generator_dag.py for tasks to queue
[2026-02-21T09:05:40.408+0000] {logging_mixin.py:190} INFO - [2026-02-21T09:05:40.408+0000] {dagbag.py:588} INFO - Filling up the DagBag from /opt/airflow/dags/core_osm_table_generator_dag.py
[2026-02-21T09:05:40.931+0000] {processor.py:925} INFO - DAG(s) 'core_osm_table_generator' retrieved from /opt/airflow/dags/core_osm_table_generator_dag.py
[2026-02-21T09:05:42.153+0000] {logging_mixin.py:190} INFO - [2026-02-21T09:05:42.153+0000] {dag.py:3239} INFO - Sync 1 DAGs
[2026-02-21T09:05:42.160+0000] {logging_mixin.py:190} INFO - [2026-02-21T09:05:42.160+0000] {dag.py:4180} INFO - Setting next_dagrun for core_osm_table_generator to None, run_after=None
[2026-02-21T09:05:42.167+0000] {processor.py:208} INFO - Processing /opt/airflow/dags/core_osm_table_generator_dag.py took 1.789 seconds
[2026-02-21T09:06:12.571+0000] {processor.py:186} INFO - Started process (PID=1198) to work on /opt/airflow/dags/core_osm_table_generator_dag.py
[2026-02-21T09:06:12.571+0000] {processor.py:914} INFO - Processing file /opt/airflow/dags/core_osm_table_generator_dag.py for tasks to queue
[2026-02-21T09:06:12.572+0000] {logging_mixin.py:190} INFO - [2026-02-21T09:06:12.572+0000] {dagbag.py:588} INFO - Filling up the DagBag from /opt/airflow/dags/core_osm_table_generator_dag.py
[2026-02-21T09:06:13.053+0000] {processor.py:925} INFO - DAG(s) 'core_osm_table_generator' retrieved from /opt/airflow/dags/core_osm_table_generator_dag.py
[2026-02-21T09:06:14.039+0000] {logging_mixin.py:190} INFO - [2026-02-21T09:06:14.039+0000] {dag.py:3239} INFO - Sync 1 DAGs
[2026-02-21T09:06:14.049+0000] {logging_mixin.py:190} INFO - [2026-02-21T09:06:14.049+0000] {dag.py:4180} INFO - Setting next_dagrun for core_osm_table_generator to None, run_after=None
[2026-02-21T09:06:14.057+0000] {processor.py:208} INFO - Processing /opt/airflow/dags/core_osm_table_generator_dag.py took 1.493 seconds
[2026-02-21T09:06:44.267+0000] {processor.py:186} INFO - Started process (PID=1199) to work on /opt/airflow/dags/core_osm_table_generator_dag.py
[2026-02-21T09:06:44.268+0000] {processor.py:914} INFO - Processing file /opt/airflow/dags/core_osm_table_generator_dag.py for tasks to queue
[2026-02-21T09:06:44.269+0000] {logging_mixin.py:190} INFO - [2026-02-21T09:06:44.269+0000] {dagbag.py:588} INFO - Filling up the DagBag from /opt/airflow/dags/core_osm_table_generator_dag.py
[2026-02-21T09:06:44.728+0000] {processor.py:925} INFO - DAG(s) 'core_osm_table_generator' retrieved from /opt/airflow/dags/core_osm_table_generator_dag.py
[2026-02-21T09:06:45.707+0000] {logging_mixin.py:190} INFO - [2026-02-21T09:06:45.706+0000] {dag.py:3239} INFO - Sync 1 DAGs
[2026-02-21T09:06:45.712+0000] {logging_mixin.py:190} INFO - [2026-02-21T09:06:45.712+0000] {dag.py:4180} INFO - Setting next_dagrun for core_osm_table_generator to None, run_after=None
[2026-02-21T09:06:45.719+0000] {processor.py:208} INFO - Processing /opt/airflow/dags/core_osm_table_generator_dag.py took 1.461 seconds
[2026-02-21T09:07:16.348+0000] {processor.py:186} INFO - Started process (PID=1200) to work on /opt/airflow/dags/core_osm_table_generator_dag.py
[2026-02-21T09:07:16.354+0000] {processor.py:914} INFO - Processing file /opt/airflow/dags/core_osm_table_generator_dag.py for tasks to queue
[2026-02-21T09:07:16.363+0000] {logging_mixin.py:190} INFO - [2026-02-21T09:07:16.363+0000] {dagbag.py:588} INFO - Filling up the DagBag from /opt/airflow/dags/core_osm_table_generator_dag.py
[2026-02-21T09:07:16.881+0000] {processor.py:925} INFO - DAG(s) 'core_osm_table_generator' retrieved from /opt/airflow/dags/core_osm_table_generator_dag.py
[2026-02-21T09:07:17.885+0000] {logging_mixin.py:190} INFO - [2026-02-21T09:07:17.885+0000] {dag.py:3239} INFO - Sync 1 DAGs
[2026-02-21T09:07:18.106+0000] {logging_mixin.py:190} INFO - [2026-02-21T09:07:18.105+0000] {dag.py:4180} INFO - Setting next_dagrun for core_osm_table_generator to None, run_after=None
[2026-02-21T09:07:18.113+0000] {processor.py:208} INFO - Processing /opt/airflow/dags/core_osm_table_generator_dag.py took 1.788 seconds
[2026-02-21T09:11:55.592+0000] {processor.py:186} INFO - Started process (PID=1201) to work on /opt/airflow/dags/core_osm_table_generator_dag.py
[2026-02-21T09:11:55.593+0000] {processor.py:914} INFO - Processing file /opt/airflow/dags/core_osm_table_generator_dag.py for tasks to queue
[2026-02-21T09:11:55.594+0000] {logging_mixin.py:190} INFO - [2026-02-21T09:11:55.593+0000] {dagbag.py:588} INFO - Filling up the DagBag from /opt/airflow/dags/core_osm_table_generator_dag.py
[2026-02-21T09:11:56.052+0000] {processor.py:925} INFO - DAG(s) 'core_osm_table_generator' retrieved from /opt/airflow/dags/core_osm_table_generator_dag.py
[2026-02-21T09:11:57.030+0000] {logging_mixin.py:190} INFO - [2026-02-21T09:11:57.030+0000] {dag.py:3239} INFO - Sync 1 DAGs
[2026-02-21T09:11:57.114+0000] {logging_mixin.py:190} INFO - [2026-02-21T09:11:57.113+0000] {dag.py:4180} INFO - Setting next_dagrun for core_osm_table_generator to None, run_after=None
[2026-02-21T09:11:57.121+0000] {processor.py:208} INFO - Processing /opt/airflow/dags/core_osm_table_generator_dag.py took 1.535 seconds
[2026-02-21T09:27:24.112+0000] {processor.py:186} INFO - Started process (PID=1202) to work on /opt/airflow/dags/core_osm_table_generator_dag.py
[2026-02-21T09:27:24.113+0000] {processor.py:914} INFO - Processing file /opt/airflow/dags/core_osm_table_generator_dag.py for tasks to queue
[2026-02-21T09:27:24.114+0000] {logging_mixin.py:190} INFO - [2026-02-21T09:27:24.114+0000] {dagbag.py:588} INFO - Filling up the DagBag from /opt/airflow/dags/core_osm_table_generator_dag.py
[2026-02-21T09:27:24.644+0000] {processor.py:925} INFO - DAG(s) 'core_osm_table_generator' retrieved from /opt/airflow/dags/core_osm_table_generator_dag.py
[2026-02-21T09:27:25.864+0000] {logging_mixin.py:190} INFO - [2026-02-21T09:27:25.864+0000] {dag.py:3239} INFO - Sync 1 DAGs
[2026-02-21T09:27:25.869+0000] {logging_mixin.py:190} INFO - [2026-02-21T09:27:25.869+0000] {dag.py:4180} INFO - Setting next_dagrun for core_osm_table_generator to None, run_after=None
[2026-02-21T09:27:25.879+0000] {processor.py:208} INFO - Processing /opt/airflow/dags/core_osm_table_generator_dag.py took 1.776 seconds
[2026-02-21T09:27:56.256+0000] {processor.py:186} INFO - Started process (PID=1203) to work on /opt/airflow/dags/core_osm_table_generator_dag.py
[2026-02-21T09:27:56.257+0000] {processor.py:914} INFO - Processing file /opt/airflow/dags/core_osm_table_generator_dag.py for tasks to queue
[2026-02-21T09:27:56.259+0000] {logging_mixin.py:190} INFO - [2026-02-21T09:27:56.258+0000] {dagbag.py:588} INFO - Filling up the DagBag from /opt/airflow/dags/core_osm_table_generator_dag.py
[2026-02-21T09:27:56.745+0000] {processor.py:925} INFO - DAG(s) 'core_osm_table_generator' retrieved from /opt/airflow/dags/core_osm_table_generator_dag.py
[2026-02-21T09:27:57.739+0000] {logging_mixin.py:190} INFO - [2026-02-21T09:27:57.739+0000] {dag.py:3239} INFO - Sync 1 DAGs
[2026-02-21T09:27:57.749+0000] {logging_mixin.py:190} INFO - [2026-02-21T09:27:57.749+0000] {dag.py:4180} INFO - Setting next_dagrun for core_osm_table_generator to None, run_after=None
[2026-02-21T09:27:57.758+0000] {processor.py:208} INFO - Processing /opt/airflow/dags/core_osm_table_generator_dag.py took 1.516 seconds
[2026-02-21T09:28:27.825+0000] {processor.py:186} INFO - Started process (PID=1204) to work on /opt/airflow/dags/core_osm_table_generator_dag.py
[2026-02-21T09:28:27.827+0000] {processor.py:914} INFO - Processing file /opt/airflow/dags/core_osm_table_generator_dag.py for tasks to queue
[2026-02-21T09:28:27.828+0000] {logging_mixin.py:190} INFO - [2026-02-21T09:28:27.828+0000] {dagbag.py:588} INFO - Filling up the DagBag from /opt/airflow/dags/core_osm_table_generator_dag.py
[2026-02-21T09:28:28.293+0000] {processor.py:925} INFO - DAG(s) 'core_osm_table_generator' retrieved from /opt/airflow/dags/core_osm_table_generator_dag.py
[2026-02-21T09:28:29.269+0000] {logging_mixin.py:190} INFO - [2026-02-21T09:28:29.269+0000] {dag.py:3239} INFO - Sync 1 DAGs
[2026-02-21T09:28:29.280+0000] {logging_mixin.py:190} INFO - [2026-02-21T09:28:29.280+0000] {dag.py:4180} INFO - Setting next_dagrun for core_osm_table_generator to None, run_after=None
[2026-02-21T09:28:29.490+0000] {processor.py:208} INFO - Processing /opt/airflow/dags/core_osm_table_generator_dag.py took 1.675 seconds
[2026-02-21T09:29:00.247+0000] {processor.py:186} INFO - Started process (PID=1205) to work on /opt/airflow/dags/core_osm_table_generator_dag.py
[2026-02-21T09:29:00.248+0000] {processor.py:914} INFO - Processing file /opt/airflow/dags/core_osm_table_generator_dag.py for tasks to queue
[2026-02-21T09:29:00.249+0000] {logging_mixin.py:190} INFO - [2026-02-21T09:29:00.249+0000] {dagbag.py:588} INFO - Filling up the DagBag from /opt/airflow/dags/core_osm_table_generator_dag.py
[2026-02-21T09:29:00.751+0000] {processor.py:925} INFO - DAG(s) 'core_osm_table_generator' retrieved from /opt/airflow/dags/core_osm_table_generator_dag.py
[2026-02-21T09:29:01.760+0000] {logging_mixin.py:190} INFO - [2026-02-21T09:29:01.760+0000] {dag.py:3239} INFO - Sync 1 DAGs
[2026-02-21T09:29:01.972+0000] {logging_mixin.py:190} INFO - [2026-02-21T09:29:01.972+0000] {dag.py:4180} INFO - Setting next_dagrun for core_osm_table_generator to None, run_after=None
[2026-02-21T09:29:01.980+0000] {processor.py:208} INFO - Processing /opt/airflow/dags/core_osm_table_generator_dag.py took 1.739 seconds
[2026-02-21T09:29:32.360+0000] {processor.py:186} INFO - Started process (PID=1206) to work on /opt/airflow/dags/core_osm_table_generator_dag.py
[2026-02-21T09:29:32.362+0000] {processor.py:914} INFO - Processing file /opt/airflow/dags/core_osm_table_generator_dag.py for tasks to queue
[2026-02-21T09:29:32.363+0000] {logging_mixin.py:190} INFO - [2026-02-21T09:29:32.362+0000] {dagbag.py:588} INFO - Filling up the DagBag from /opt/airflow/dags/core_osm_table_generator_dag.py
[2026-02-21T09:29:32.822+0000] {processor.py:925} INFO - DAG(s) 'core_osm_table_generator' retrieved from /opt/airflow/dags/core_osm_table_generator_dag.py
[2026-02-21T09:29:33.887+0000] {logging_mixin.py:190} INFO - [2026-02-21T09:29:33.886+0000] {dag.py:3239} INFO - Sync 1 DAGs
[2026-02-21T09:29:33.892+0000] {logging_mixin.py:190} INFO - [2026-02-21T09:29:33.892+0000] {dag.py:4180} INFO - Setting next_dagrun for core_osm_table_generator to None, run_after=None
[2026-02-21T09:29:33.898+0000] {processor.py:208} INFO - Processing /opt/airflow/dags/core_osm_table_generator_dag.py took 1.545 seconds
[2026-02-21T09:30:04.266+0000] {processor.py:186} INFO - Started process (PID=1207) to work on /opt/airflow/dags/core_osm_table_generator_dag.py
[2026-02-21T09:30:04.271+0000] {processor.py:914} INFO - Processing file /opt/airflow/dags/core_osm_table_generator_dag.py for tasks to queue
[2026-02-21T09:30:04.277+0000] {logging_mixin.py:190} INFO - [2026-02-21T09:30:04.276+0000] {dagbag.py:588} INFO - Filling up the DagBag from /opt/airflow/dags/core_osm_table_generator_dag.py
[2026-02-21T09:30:04.964+0000] {processor.py:925} INFO - DAG(s) 'core_osm_table_generator' retrieved from /opt/airflow/dags/core_osm_table_generator_dag.py
[2026-02-21T09:30:06.042+0000] {logging_mixin.py:190} INFO - [2026-02-21T09:30:06.042+0000] {dag.py:3239} INFO - Sync 1 DAGs
[2026-02-21T09:30:06.055+0000] {logging_mixin.py:190} INFO - [2026-02-21T09:30:06.055+0000] {dag.py:4180} INFO - Setting next_dagrun for core_osm_table_generator to None, run_after=None
[2026-02-21T09:30:06.066+0000] {processor.py:208} INFO - Processing /opt/airflow/dags/core_osm_table_generator_dag.py took 1.826 seconds
[2026-02-21T09:46:40.835+0000] {processor.py:186} INFO - Started process (PID=1208) to work on /opt/airflow/dags/core_osm_table_generator_dag.py
[2026-02-21T09:46:40.836+0000] {processor.py:914} INFO - Processing file /opt/airflow/dags/core_osm_table_generator_dag.py for tasks to queue
[2026-02-21T09:46:40.838+0000] {logging_mixin.py:190} INFO - [2026-02-21T09:46:40.837+0000] {dagbag.py:588} INFO - Filling up the DagBag from /opt/airflow/dags/core_osm_table_generator_dag.py
[2026-02-21T09:46:41.310+0000] {processor.py:925} INFO - DAG(s) 'core_osm_table_generator' retrieved from /opt/airflow/dags/core_osm_table_generator_dag.py
[2026-02-21T09:46:42.310+0000] {logging_mixin.py:190} INFO - [2026-02-21T09:46:42.310+0000] {dag.py:3239} INFO - Sync 1 DAGs
[2026-02-21T09:46:42.320+0000] {logging_mixin.py:190} INFO - [2026-02-21T09:46:42.319+0000] {dag.py:4180} INFO - Setting next_dagrun for core_osm_table_generator to None, run_after=None
[2026-02-21T09:46:42.332+0000] {processor.py:208} INFO - Processing /opt/airflow/dags/core_osm_table_generator_dag.py took 1.511 seconds
[2026-02-21T09:47:12.657+0000] {processor.py:186} INFO - Started process (PID=1209) to work on /opt/airflow/dags/core_osm_table_generator_dag.py
[2026-02-21T09:47:12.658+0000] {processor.py:914} INFO - Processing file /opt/airflow/dags/core_osm_table_generator_dag.py for tasks to queue
[2026-02-21T09:47:12.660+0000] {logging_mixin.py:190} INFO - [2026-02-21T09:47:12.659+0000] {dagbag.py:588} INFO - Filling up the DagBag from /opt/airflow/dags/core_osm_table_generator_dag.py
[2026-02-21T09:47:13.120+0000] {processor.py:925} INFO - DAG(s) 'core_osm_table_generator' retrieved from /opt/airflow/dags/core_osm_table_generator_dag.py
[2026-02-21T09:47:14.103+0000] {logging_mixin.py:190} INFO - [2026-02-21T09:47:14.103+0000] {dag.py:3239} INFO - Sync 1 DAGs
[2026-02-21T09:47:14.285+0000] {logging_mixin.py:190} INFO - [2026-02-21T09:47:14.285+0000] {dag.py:4180} INFO - Setting next_dagrun for core_osm_table_generator to None, run_after=None
[2026-02-21T09:47:14.293+0000] {processor.py:208} INFO - Processing /opt/airflow/dags/core_osm_table_generator_dag.py took 1.645 seconds
[2026-02-21T09:47:44.741+0000] {processor.py:186} INFO - Started process (PID=1210) to work on /opt/airflow/dags/core_osm_table_generator_dag.py
[2026-02-21T09:47:44.743+0000] {processor.py:914} INFO - Processing file /opt/airflow/dags/core_osm_table_generator_dag.py for tasks to queue
[2026-02-21T09:47:44.745+0000] {logging_mixin.py:190} INFO - [2026-02-21T09:47:44.744+0000] {dagbag.py:588} INFO - Filling up the DagBag from /opt/airflow/dags/core_osm_table_generator_dag.py
[2026-02-21T09:47:45.221+0000] {processor.py:925} INFO - DAG(s) 'core_osm_table_generator' retrieved from /opt/airflow/dags/core_osm_table_generator_dag.py
[2026-02-21T09:47:46.309+0000] {logging_mixin.py:190} INFO - [2026-02-21T09:47:46.309+0000] {dag.py:3239} INFO - Sync 1 DAGs
[2026-02-21T09:47:46.316+0000] {logging_mixin.py:190} INFO - [2026-02-21T09:47:46.316+0000] {dag.py:4180} INFO - Setting next_dagrun for core_osm_table_generator to None, run_after=None
[2026-02-21T09:47:46.322+0000] {processor.py:208} INFO - Processing /opt/airflow/dags/core_osm_table_generator_dag.py took 1.593 seconds
[2026-02-21T09:48:16.673+0000] {processor.py:186} INFO - Started process (PID=1211) to work on /opt/airflow/dags/core_osm_table_generator_dag.py
[2026-02-21T09:48:16.674+0000] {processor.py:914} INFO - Processing file /opt/airflow/dags/core_osm_table_generator_dag.py for tasks to queue
[2026-02-21T09:48:16.675+0000] {logging_mixin.py:190} INFO - [2026-02-21T09:48:16.675+0000] {dagbag.py:588} INFO - Filling up the DagBag from /opt/airflow/dags/core_osm_table_generator_dag.py
[2026-02-21T09:48:17.144+0000] {processor.py:925} INFO - DAG(s) 'core_osm_table_generator' retrieved from /opt/airflow/dags/core_osm_table_generator_dag.py
[2026-02-21T09:48:18.138+0000] {logging_mixin.py:190} INFO - [2026-02-21T09:48:18.138+0000] {dag.py:3239} INFO - Sync 1 DAGs
[2026-02-21T09:48:18.145+0000] {logging_mixin.py:190} INFO - [2026-02-21T09:48:18.145+0000] {dag.py:4180} INFO - Setting next_dagrun for core_osm_table_generator to None, run_after=None
[2026-02-21T09:48:18.153+0000] {processor.py:208} INFO - Processing /opt/airflow/dags/core_osm_table_generator_dag.py took 1.490 seconds
[2026-02-21T10:05:03.356+0000] {processor.py:186} INFO - Started process (PID=1212) to work on /opt/airflow/dags/core_osm_table_generator_dag.py
[2026-02-21T10:05:03.356+0000] {processor.py:914} INFO - Processing file /opt/airflow/dags/core_osm_table_generator_dag.py for tasks to queue
[2026-02-21T10:05:03.358+0000] {logging_mixin.py:190} INFO - [2026-02-21T10:05:03.357+0000] {dagbag.py:588} INFO - Filling up the DagBag from /opt/airflow/dags/core_osm_table_generator_dag.py
[2026-02-21T10:05:03.847+0000] {processor.py:925} INFO - DAG(s) 'core_osm_table_generator' retrieved from /opt/airflow/dags/core_osm_table_generator_dag.py
[2026-02-21T10:05:04.844+0000] {logging_mixin.py:190} INFO - [2026-02-21T10:05:04.844+0000] {dag.py:3239} INFO - Sync 1 DAGs
[2026-02-21T10:05:04.853+0000] {logging_mixin.py:190} INFO - [2026-02-21T10:05:04.853+0000] {dag.py:4180} INFO - Setting next_dagrun for core_osm_table_generator to None, run_after=None
[2026-02-21T10:05:04.862+0000] {processor.py:208} INFO - Processing /opt/airflow/dags/core_osm_table_generator_dag.py took 1.514 seconds
[2026-02-21T10:05:35.221+0000] {processor.py:186} INFO - Started process (PID=1213) to work on /opt/airflow/dags/core_osm_table_generator_dag.py
[2026-02-21T10:05:35.222+0000] {processor.py:914} INFO - Processing file /opt/airflow/dags/core_osm_table_generator_dag.py for tasks to queue
[2026-02-21T10:05:35.224+0000] {logging_mixin.py:190} INFO - [2026-02-21T10:05:35.223+0000] {dagbag.py:588} INFO - Filling up the DagBag from /opt/airflow/dags/core_osm_table_generator_dag.py
[2026-02-21T10:05:35.700+0000] {processor.py:925} INFO - DAG(s) 'core_osm_table_generator' retrieved from /opt/airflow/dags/core_osm_table_generator_dag.py
[2026-02-21T10:05:36.690+0000] {logging_mixin.py:190} INFO - [2026-02-21T10:05:36.690+0000] {dag.py:3239} INFO - Sync 1 DAGs
[2026-02-21T10:05:36.899+0000] {logging_mixin.py:190} INFO - [2026-02-21T10:05:36.899+0000] {dag.py:4180} INFO - Setting next_dagrun for core_osm_table_generator to None, run_after=None
[2026-02-21T10:05:36.906+0000] {processor.py:208} INFO - Processing /opt/airflow/dags/core_osm_table_generator_dag.py took 1.696 seconds
[2026-02-21T10:06:07.144+0000] {processor.py:186} INFO - Started process (PID=1214) to work on /opt/airflow/dags/core_osm_table_generator_dag.py
[2026-02-21T10:06:07.146+0000] {processor.py:914} INFO - Processing file /opt/airflow/dags/core_osm_table_generator_dag.py for tasks to queue
[2026-02-21T10:06:07.148+0000] {logging_mixin.py:190} INFO - [2026-02-21T10:06:07.147+0000] {dagbag.py:588} INFO - Filling up the DagBag from /opt/airflow/dags/core_osm_table_generator_dag.py
[2026-02-21T10:06:07.618+0000] {processor.py:925} INFO - DAG(s) 'core_osm_table_generator' retrieved from /opt/airflow/dags/core_osm_table_generator_dag.py
[2026-02-21T10:06:08.708+0000] {logging_mixin.py:190} INFO - [2026-02-21T10:06:08.708+0000] {dag.py:3239} INFO - Sync 1 DAGs
[2026-02-21T10:06:08.714+0000] {logging_mixin.py:190} INFO - [2026-02-21T10:06:08.714+0000] {dag.py:4180} INFO - Setting next_dagrun for core_osm_table_generator to None, run_after=None
[2026-02-21T10:06:08.721+0000] {processor.py:208} INFO - Processing /opt/airflow/dags/core_osm_table_generator_dag.py took 1.586 seconds
[2026-02-21T10:06:39.073+0000] {processor.py:186} INFO - Started process (PID=1215) to work on /opt/airflow/dags/core_osm_table_generator_dag.py
[2026-02-21T10:06:39.075+0000] {processor.py:914} INFO - Processing file /opt/airflow/dags/core_osm_table_generator_dag.py for tasks to queue
[2026-02-21T10:06:39.076+0000] {logging_mixin.py:190} INFO - [2026-02-21T10:06:39.075+0000] {dagbag.py:588} INFO - Filling up the DagBag from /opt/airflow/dags/core_osm_table_generator_dag.py
[2026-02-21T10:06:39.536+0000] {processor.py:925} INFO - DAG(s) 'core_osm_table_generator' retrieved from /opt/airflow/dags/core_osm_table_generator_dag.py
[2026-02-21T10:06:40.516+0000] {logging_mixin.py:190} INFO - [2026-02-21T10:06:40.516+0000] {dag.py:3239} INFO - Sync 1 DAGs
[2026-02-21T10:06:40.523+0000] {logging_mixin.py:190} INFO - [2026-02-21T10:06:40.523+0000] {dag.py:4180} INFO - Setting next_dagrun for core_osm_table_generator to None, run_after=None
[2026-02-21T10:06:40.529+0000] {processor.py:208} INFO - Processing /opt/airflow/dags/core_osm_table_generator_dag.py took 1.464 seconds
[2026-02-21T10:07:11.236+0000] {processor.py:186} INFO - Started process (PID=1216) to work on /opt/airflow/dags/core_osm_table_generator_dag.py
[2026-02-21T10:07:11.239+0000] {processor.py:914} INFO - Processing file /opt/airflow/dags/core_osm_table_generator_dag.py for tasks to queue
[2026-02-21T10:07:11.240+0000] {logging_mixin.py:190} INFO - [2026-02-21T10:07:11.240+0000] {dagbag.py:588} INFO - Filling up the DagBag from /opt/airflow/dags/core_osm_table_generator_dag.py
[2026-02-21T10:07:11.738+0000] {processor.py:925} INFO - DAG(s) 'core_osm_table_generator' retrieved from /opt/airflow/dags/core_osm_table_generator_dag.py
[2026-02-21T10:07:12.771+0000] {logging_mixin.py:190} INFO - [2026-02-21T10:07:12.771+0000] {dag.py:3239} INFO - Sync 1 DAGs
[2026-02-21T10:07:12.783+0000] {logging_mixin.py:190} INFO - [2026-02-21T10:07:12.783+0000] {dag.py:4180} INFO - Setting next_dagrun for core_osm_table_generator to None, run_after=None
[2026-02-21T10:07:12.794+0000] {processor.py:208} INFO - Processing /opt/airflow/dags/core_osm_table_generator_dag.py took 1.567 seconds
[2026-02-21T10:12:59.374+0000] {processor.py:186} INFO - Started process (PID=1217) to work on /opt/airflow/dags/core_osm_table_generator_dag.py
[2026-02-21T10:12:59.375+0000] {processor.py:914} INFO - Processing file /opt/airflow/dags/core_osm_table_generator_dag.py for tasks to queue
[2026-02-21T10:12:59.376+0000] {logging_mixin.py:190} INFO - [2026-02-21T10:12:59.375+0000] {dagbag.py:588} INFO - Filling up the DagBag from /opt/airflow/dags/core_osm_table_generator_dag.py
[2026-02-21T10:12:59.826+0000] {processor.py:925} INFO - DAG(s) 'core_osm_table_generator' retrieved from /opt/airflow/dags/core_osm_table_generator_dag.py
[2026-02-21T10:13:00.802+0000] {logging_mixin.py:190} INFO - [2026-02-21T10:13:00.802+0000] {dag.py:3239} INFO - Sync 1 DAGs
[2026-02-21T10:13:00.813+0000] {logging_mixin.py:190} INFO - [2026-02-21T10:13:00.813+0000] {dag.py:4180} INFO - Setting next_dagrun for core_osm_table_generator to None, run_after=None
[2026-02-21T10:13:01.044+0000] {processor.py:208} INFO - Processing /opt/airflow/dags/core_osm_table_generator_dag.py took 1.676 seconds
[2026-02-21T10:13:31.344+0000] {processor.py:186} INFO - Started process (PID=1218) to work on /opt/airflow/dags/core_osm_table_generator_dag.py
[2026-02-21T10:13:31.346+0000] {processor.py:914} INFO - Processing file /opt/airflow/dags/core_osm_table_generator_dag.py for tasks to queue
[2026-02-21T10:13:31.347+0000] {logging_mixin.py:190} INFO - [2026-02-21T10:13:31.347+0000] {dagbag.py:588} INFO - Filling up the DagBag from /opt/airflow/dags/core_osm_table_generator_dag.py
[2026-02-21T10:13:31.836+0000] {processor.py:925} INFO - DAG(s) 'core_osm_table_generator' retrieved from /opt/airflow/dags/core_osm_table_generator_dag.py
[2026-02-21T10:13:32.833+0000] {logging_mixin.py:190} INFO - [2026-02-21T10:13:32.833+0000] {dag.py:3239} INFO - Sync 1 DAGs
[2026-02-21T10:13:33.021+0000] {logging_mixin.py:190} INFO - [2026-02-21T10:13:33.021+0000] {dag.py:4180} INFO - Setting next_dagrun for core_osm_table_generator to None, run_after=None
[2026-02-21T10:13:33.029+0000] {processor.py:208} INFO - Processing /opt/airflow/dags/core_osm_table_generator_dag.py took 1.694 seconds
[2026-02-21T10:14:03.428+0000] {processor.py:186} INFO - Started process (PID=1219) to work on /opt/airflow/dags/core_osm_table_generator_dag.py
[2026-02-21T10:14:03.430+0000] {processor.py:914} INFO - Processing file /opt/airflow/dags/core_osm_table_generator_dag.py for tasks to queue
[2026-02-21T10:14:03.432+0000] {logging_mixin.py:190} INFO - [2026-02-21T10:14:03.431+0000] {dagbag.py:588} INFO - Filling up the DagBag from /opt/airflow/dags/core_osm_table_generator_dag.py
[2026-02-21T10:14:03.893+0000] {processor.py:925} INFO - DAG(s) 'core_osm_table_generator' retrieved from /opt/airflow/dags/core_osm_table_generator_dag.py
[2026-02-21T10:14:04.967+0000] {logging_mixin.py:190} INFO - [2026-02-21T10:14:04.966+0000] {dag.py:3239} INFO - Sync 1 DAGs
[2026-02-21T10:14:04.972+0000] {logging_mixin.py:190} INFO - [2026-02-21T10:14:04.971+0000] {dag.py:4180} INFO - Setting next_dagrun for core_osm_table_generator to None, run_after=None
[2026-02-21T10:14:04.979+0000] {processor.py:208} INFO - Processing /opt/airflow/dags/core_osm_table_generator_dag.py took 1.561 seconds
[2026-02-21T10:14:35.244+0000] {processor.py:186} INFO - Started process (PID=1220) to work on /opt/airflow/dags/core_osm_table_generator_dag.py
[2026-02-21T10:14:35.247+0000] {processor.py:914} INFO - Processing file /opt/airflow/dags/core_osm_table_generator_dag.py for tasks to queue
[2026-02-21T10:14:35.249+0000] {logging_mixin.py:190} INFO - [2026-02-21T10:14:35.248+0000] {dagbag.py:588} INFO - Filling up the DagBag from /opt/airflow/dags/core_osm_table_generator_dag.py
[2026-02-21T10:14:35.760+0000] {processor.py:925} INFO - DAG(s) 'core_osm_table_generator' retrieved from /opt/airflow/dags/core_osm_table_generator_dag.py
[2026-02-21T10:14:37.218+0000] {logging_mixin.py:190} INFO - [2026-02-21T10:14:37.218+0000] {dag.py:3239} INFO - Sync 1 DAGs
[2026-02-21T10:14:37.257+0000] {logging_mixin.py:190} INFO - [2026-02-21T10:14:37.257+0000] {dag.py:4180} INFO - Setting next_dagrun for core_osm_table_generator to None, run_after=None
[2026-02-21T10:14:37.273+0000] {processor.py:208} INFO - Processing /opt/airflow/dags/core_osm_table_generator_dag.py took 2.044 seconds
[2026-02-21T10:30:50.058+0000] {processor.py:186} INFO - Started process (PID=1221) to work on /opt/airflow/dags/core_osm_table_generator_dag.py
[2026-02-21T10:30:50.064+0000] {processor.py:914} INFO - Processing file /opt/airflow/dags/core_osm_table_generator_dag.py for tasks to queue
[2026-02-21T10:30:50.069+0000] {logging_mixin.py:190} INFO - [2026-02-21T10:30:50.068+0000] {dagbag.py:588} INFO - Filling up the DagBag from /opt/airflow/dags/core_osm_table_generator_dag.py
[2026-02-21T10:30:50.575+0000] {processor.py:925} INFO - DAG(s) 'core_osm_table_generator' retrieved from /opt/airflow/dags/core_osm_table_generator_dag.py
[2026-02-21T10:30:51.605+0000] {logging_mixin.py:190} INFO - [2026-02-21T10:30:51.605+0000] {dag.py:3239} INFO - Sync 1 DAGs
[2026-02-21T10:30:51.616+0000] {logging_mixin.py:190} INFO - [2026-02-21T10:30:51.616+0000] {dag.py:4180} INFO - Setting next_dagrun for core_osm_table_generator to None, run_after=None
[2026-02-21T10:30:51.631+0000] {processor.py:208} INFO - Processing /opt/airflow/dags/core_osm_table_generator_dag.py took 1.584 seconds
[2026-02-21T10:31:22.057+0000] {processor.py:186} INFO - Started process (PID=1222) to work on /opt/airflow/dags/core_osm_table_generator_dag.py
[2026-02-21T10:31:22.059+0000] {processor.py:914} INFO - Processing file /opt/airflow/dags/core_osm_table_generator_dag.py for tasks to queue
[2026-02-21T10:31:22.061+0000] {logging_mixin.py:190} INFO - [2026-02-21T10:31:22.060+0000] {dagbag.py:588} INFO - Filling up the DagBag from /opt/airflow/dags/core_osm_table_generator_dag.py
[2026-02-21T10:31:22.578+0000] {processor.py:925} INFO - DAG(s) 'core_osm_table_generator' retrieved from /opt/airflow/dags/core_osm_table_generator_dag.py
[2026-02-21T10:31:23.593+0000] {logging_mixin.py:190} INFO - [2026-02-21T10:31:23.593+0000] {dag.py:3239} INFO - Sync 1 DAGs
[2026-02-21T10:31:23.804+0000] {logging_mixin.py:190} INFO - [2026-02-21T10:31:23.804+0000] {dag.py:4180} INFO - Setting next_dagrun for core_osm_table_generator to None, run_after=None
[2026-02-21T10:31:23.812+0000] {processor.py:208} INFO - Processing /opt/airflow/dags/core_osm_table_generator_dag.py took 1.771 seconds
[2026-02-21T10:31:54.439+0000] {processor.py:186} INFO - Started process (PID=1223) to work on /opt/airflow/dags/core_osm_table_generator_dag.py
[2026-02-21T10:31:54.442+0000] {processor.py:914} INFO - Processing file /opt/airflow/dags/core_osm_table_generator_dag.py for tasks to queue
[2026-02-21T10:31:54.445+0000] {logging_mixin.py:190} INFO - [2026-02-21T10:31:54.444+0000] {dagbag.py:588} INFO - Filling up the DagBag from /opt/airflow/dags/core_osm_table_generator_dag.py
[2026-02-21T10:31:54.986+0000] {processor.py:925} INFO - DAG(s) 'core_osm_table_generator' retrieved from /opt/airflow/dags/core_osm_table_generator_dag.py
[2026-02-21T10:31:56.223+0000] {logging_mixin.py:190} INFO - [2026-02-21T10:31:56.223+0000] {dag.py:3239} INFO - Sync 1 DAGs
[2026-02-21T10:31:56.230+0000] {logging_mixin.py:190} INFO - [2026-02-21T10:31:56.230+0000] {dag.py:4180} INFO - Setting next_dagrun for core_osm_table_generator to None, run_after=None
[2026-02-21T10:31:56.237+0000] {processor.py:208} INFO - Processing /opt/airflow/dags/core_osm_table_generator_dag.py took 1.811 seconds
[2026-02-21T10:32:26.640+0000] {processor.py:186} INFO - Started process (PID=1224) to work on /opt/airflow/dags/core_osm_table_generator_dag.py
[2026-02-21T10:32:26.641+0000] {processor.py:914} INFO - Processing file /opt/airflow/dags/core_osm_table_generator_dag.py for tasks to queue
[2026-02-21T10:32:26.643+0000] {logging_mixin.py:190} INFO - [2026-02-21T10:32:26.642+0000] {dagbag.py:588} INFO - Filling up the DagBag from /opt/airflow/dags/core_osm_table_generator_dag.py
[2026-02-21T10:32:27.117+0000] {processor.py:925} INFO - DAG(s) 'core_osm_table_generator' retrieved from /opt/airflow/dags/core_osm_table_generator_dag.py
[2026-02-21T10:32:28.107+0000] {logging_mixin.py:190} INFO - [2026-02-21T10:32:28.107+0000] {dag.py:3239} INFO - Sync 1 DAGs
[2026-02-21T10:32:28.115+0000] {logging_mixin.py:190} INFO - [2026-02-21T10:32:28.115+0000] {dag.py:4180} INFO - Setting next_dagrun for core_osm_table_generator to None, run_after=None
[2026-02-21T10:32:28.122+0000] {processor.py:208} INFO - Processing /opt/airflow/dags/core_osm_table_generator_dag.py took 1.493 seconds
[2026-02-21T10:32:58.564+0000] {processor.py:186} INFO - Started process (PID=1225) to work on /opt/airflow/dags/core_osm_table_generator_dag.py
[2026-02-21T10:32:58.565+0000] {processor.py:914} INFO - Processing file /opt/airflow/dags/core_osm_table_generator_dag.py for tasks to queue
[2026-02-21T10:32:58.566+0000] {logging_mixin.py:190} INFO - [2026-02-21T10:32:58.566+0000] {dagbag.py:588} INFO - Filling up the DagBag from /opt/airflow/dags/core_osm_table_generator_dag.py
[2026-02-21T10:32:59.039+0000] {processor.py:925} INFO - DAG(s) 'core_osm_table_generator' retrieved from /opt/airflow/dags/core_osm_table_generator_dag.py
[2026-02-21T10:33:00.216+0000] {logging_mixin.py:190} INFO - [2026-02-21T10:33:00.215+0000] {dag.py:3239} INFO - Sync 1 DAGs
[2026-02-21T10:33:00.230+0000] {logging_mixin.py:190} INFO - [2026-02-21T10:33:00.230+0000] {dag.py:4180} INFO - Setting next_dagrun for core_osm_table_generator to None, run_after=None
[2026-02-21T10:33:00.250+0000] {processor.py:208} INFO - Processing /opt/airflow/dags/core_osm_table_generator_dag.py took 1.696 seconds
[2026-02-21T10:50:25.331+0000] {processor.py:186} INFO - Started process (PID=1226) to work on /opt/airflow/dags/core_osm_table_generator_dag.py
[2026-02-21T10:50:25.337+0000] {processor.py:914} INFO - Processing file /opt/airflow/dags/core_osm_table_generator_dag.py for tasks to queue
[2026-02-21T10:50:25.339+0000] {logging_mixin.py:190} INFO - [2026-02-21T10:50:25.338+0000] {dagbag.py:588} INFO - Filling up the DagBag from /opt/airflow/dags/core_osm_table_generator_dag.py
[2026-02-21T10:50:25.876+0000] {processor.py:925} INFO - DAG(s) 'core_osm_table_generator' retrieved from /opt/airflow/dags/core_osm_table_generator_dag.py
[2026-02-21T10:50:26.884+0000] {logging_mixin.py:190} INFO - [2026-02-21T10:50:26.884+0000] {dag.py:3239} INFO - Sync 1 DAGs
[2026-02-21T10:50:27.069+0000] {logging_mixin.py:190} INFO - [2026-02-21T10:50:27.069+0000] {dag.py:4180} INFO - Setting next_dagrun for core_osm_table_generator to None, run_after=None
[2026-02-21T10:50:27.077+0000] {processor.py:208} INFO - Processing /opt/airflow/dags/core_osm_table_generator_dag.py took 1.763 seconds
[2026-02-21T10:50:57.520+0000] {processor.py:186} INFO - Started process (PID=1227) to work on /opt/airflow/dags/core_osm_table_generator_dag.py
[2026-02-21T10:50:57.522+0000] {processor.py:914} INFO - Processing file /opt/airflow/dags/core_osm_table_generator_dag.py for tasks to queue
[2026-02-21T10:50:57.523+0000] {logging_mixin.py:190} INFO - [2026-02-21T10:50:57.523+0000] {dagbag.py:588} INFO - Filling up the DagBag from /opt/airflow/dags/core_osm_table_generator_dag.py
[2026-02-21T10:50:58.031+0000] {processor.py:925} INFO - DAG(s) 'core_osm_table_generator' retrieved from /opt/airflow/dags/core_osm_table_generator_dag.py
[2026-02-21T10:50:59.286+0000] {logging_mixin.py:190} INFO - [2026-02-21T10:50:59.285+0000] {dag.py:3239} INFO - Sync 1 DAGs
[2026-02-21T10:50:59.292+0000] {logging_mixin.py:190} INFO - [2026-02-21T10:50:59.292+0000] {dag.py:4180} INFO - Setting next_dagrun for core_osm_table_generator to None, run_after=None
[2026-02-21T10:50:59.299+0000] {processor.py:208} INFO - Processing /opt/airflow/dags/core_osm_table_generator_dag.py took 1.797 seconds
[2026-02-21T10:51:29.721+0000] {processor.py:186} INFO - Started process (PID=1228) to work on /opt/airflow/dags/core_osm_table_generator_dag.py
[2026-02-21T10:51:29.722+0000] {processor.py:914} INFO - Processing file /opt/airflow/dags/core_osm_table_generator_dag.py for tasks to queue
[2026-02-21T10:51:29.723+0000] {logging_mixin.py:190} INFO - [2026-02-21T10:51:29.723+0000] {dagbag.py:588} INFO - Filling up the DagBag from /opt/airflow/dags/core_osm_table_generator_dag.py
[2026-02-21T10:51:30.185+0000] {processor.py:925} INFO - DAG(s) 'core_osm_table_generator' retrieved from /opt/airflow/dags/core_osm_table_generator_dag.py
[2026-02-21T10:51:31.161+0000] {logging_mixin.py:190} INFO - [2026-02-21T10:51:31.160+0000] {dag.py:3239} INFO - Sync 1 DAGs
[2026-02-21T10:51:31.166+0000] {logging_mixin.py:190} INFO - [2026-02-21T10:51:31.166+0000] {dag.py:4180} INFO - Setting next_dagrun for core_osm_table_generator to None, run_after=None
[2026-02-21T10:51:31.172+0000] {processor.py:208} INFO - Processing /opt/airflow/dags/core_osm_table_generator_dag.py took 1.458 seconds
[2026-02-21T10:52:01.481+0000] {processor.py:186} INFO - Started process (PID=1229) to work on /opt/airflow/dags/core_osm_table_generator_dag.py
[2026-02-21T10:52:01.482+0000] {processor.py:914} INFO - Processing file /opt/airflow/dags/core_osm_table_generator_dag.py for tasks to queue
[2026-02-21T10:52:01.484+0000] {logging_mixin.py:190} INFO - [2026-02-21T10:52:01.483+0000] {dagbag.py:588} INFO - Filling up the DagBag from /opt/airflow/dags/core_osm_table_generator_dag.py
[2026-02-21T10:52:01.953+0000] {processor.py:925} INFO - DAG(s) 'core_osm_table_generator' retrieved from /opt/airflow/dags/core_osm_table_generator_dag.py
[2026-02-21T10:52:02.934+0000] {logging_mixin.py:190} INFO - [2026-02-21T10:52:02.934+0000] {dag.py:3239} INFO - Sync 1 DAGs
[2026-02-21T10:52:02.940+0000] {logging_mixin.py:190} INFO - [2026-02-21T10:52:02.940+0000] {dag.py:4180} INFO - Setting next_dagrun for core_osm_table_generator to None, run_after=None
[2026-02-21T10:52:02.947+0000] {processor.py:208} INFO - Processing /opt/airflow/dags/core_osm_table_generator_dag.py took 1.476 seconds
[2026-02-21T10:52:33.313+0000] {processor.py:186} INFO - Started process (PID=1230) to work on /opt/airflow/dags/core_osm_table_generator_dag.py
[2026-02-21T10:52:33.314+0000] {processor.py:914} INFO - Processing file /opt/airflow/dags/core_osm_table_generator_dag.py for tasks to queue
[2026-02-21T10:52:33.316+0000] {logging_mixin.py:190} INFO - [2026-02-21T10:52:33.316+0000] {dagbag.py:588} INFO - Filling up the DagBag from /opt/airflow/dags/core_osm_table_generator_dag.py
[2026-02-21T10:52:33.802+0000] {processor.py:925} INFO - DAG(s) 'core_osm_table_generator' retrieved from /opt/airflow/dags/core_osm_table_generator_dag.py
[2026-02-21T10:52:34.822+0000] {logging_mixin.py:190} INFO - [2026-02-21T10:52:34.822+0000] {dag.py:3239} INFO - Sync 1 DAGs
[2026-02-21T10:52:35.037+0000] {logging_mixin.py:190} INFO - [2026-02-21T10:52:35.036+0000] {dag.py:4180} INFO - Setting next_dagrun for core_osm_table_generator to None, run_after=None
[2026-02-21T10:52:35.046+0000] {processor.py:208} INFO - Processing /opt/airflow/dags/core_osm_table_generator_dag.py took 1.744 seconds
[2026-02-21T10:53:05.357+0000] {processor.py:186} INFO - Started process (PID=1231) to work on /opt/airflow/dags/core_osm_table_generator_dag.py
[2026-02-21T10:53:05.359+0000] {processor.py:914} INFO - Processing file /opt/airflow/dags/core_osm_table_generator_dag.py for tasks to queue
[2026-02-21T10:53:05.360+0000] {logging_mixin.py:190} INFO - [2026-02-21T10:53:05.360+0000] {dagbag.py:588} INFO - Filling up the DagBag from /opt/airflow/dags/core_osm_table_generator_dag.py
[2026-02-21T10:53:05.912+0000] {processor.py:925} INFO - DAG(s) 'core_osm_table_generator' retrieved from /opt/airflow/dags/core_osm_table_generator_dag.py
[2026-02-21T10:53:07.076+0000] {logging_mixin.py:190} INFO - [2026-02-21T10:53:07.076+0000] {dag.py:3239} INFO - Sync 1 DAGs
[2026-02-21T10:53:07.083+0000] {logging_mixin.py:190} INFO - [2026-02-21T10:53:07.083+0000] {dag.py:4180} INFO - Setting next_dagrun for core_osm_table_generator to None, run_after=None
[2026-02-21T10:53:07.090+0000] {processor.py:208} INFO - Processing /opt/airflow/dags/core_osm_table_generator_dag.py took 1.794 seconds
[2026-02-21T10:53:37.523+0000] {processor.py:186} INFO - Started process (PID=1232) to work on /opt/airflow/dags/core_osm_table_generator_dag.py
[2026-02-21T10:53:37.526+0000] {processor.py:914} INFO - Processing file /opt/airflow/dags/core_osm_table_generator_dag.py for tasks to queue
[2026-02-21T10:53:37.528+0000] {logging_mixin.py:190} INFO - [2026-02-21T10:53:37.527+0000] {dagbag.py:588} INFO - Filling up the DagBag from /opt/airflow/dags/core_osm_table_generator_dag.py
[2026-02-21T10:53:38.013+0000] {processor.py:925} INFO - DAG(s) 'core_osm_table_generator' retrieved from /opt/airflow/dags/core_osm_table_generator_dag.py
[2026-02-21T10:53:39.003+0000] {logging_mixin.py:190} INFO - [2026-02-21T10:53:39.003+0000] {dag.py:3239} INFO - Sync 1 DAGs
[2026-02-21T10:53:39.012+0000] {logging_mixin.py:190} INFO - [2026-02-21T10:53:39.012+0000] {dag.py:4180} INFO - Setting next_dagrun for core_osm_table_generator to None, run_after=None
[2026-02-21T10:53:39.021+0000] {processor.py:208} INFO - Processing /opt/airflow/dags/core_osm_table_generator_dag.py took 1.507 seconds
[2026-02-21T10:54:09.866+0000] {processor.py:186} INFO - Started process (PID=1233) to work on /opt/airflow/dags/core_osm_table_generator_dag.py
[2026-02-21T10:54:09.878+0000] {processor.py:914} INFO - Processing file /opt/airflow/dags/core_osm_table_generator_dag.py for tasks to queue
[2026-02-21T10:54:09.880+0000] {logging_mixin.py:190} INFO - [2026-02-21T10:54:09.879+0000] {dagbag.py:588} INFO - Filling up the DagBag from /opt/airflow/dags/core_osm_table_generator_dag.py
[2026-02-21T10:54:11.370+0000] {processor.py:925} INFO - DAG(s) 'core_osm_table_generator' retrieved from /opt/airflow/dags/core_osm_table_generator_dag.py
[2026-02-21T10:54:12.453+0000] {logging_mixin.py:190} INFO - [2026-02-21T10:54:12.452+0000] {dag.py:3239} INFO - Sync 1 DAGs
[2026-02-21T10:54:12.471+0000] {logging_mixin.py:190} INFO - [2026-02-21T10:54:12.471+0000] {dag.py:4180} INFO - Setting next_dagrun for core_osm_table_generator to None, run_after=None
[2026-02-21T10:54:12.483+0000] {processor.py:208} INFO - Processing /opt/airflow/dags/core_osm_table_generator_dag.py took 2.634 seconds
[2026-02-21T11:10:20.905+0000] {processor.py:186} INFO - Started process (PID=1234) to work on /opt/airflow/dags/core_osm_table_generator_dag.py
[2026-02-21T11:10:20.906+0000] {processor.py:914} INFO - Processing file /opt/airflow/dags/core_osm_table_generator_dag.py for tasks to queue
[2026-02-21T11:10:20.908+0000] {logging_mixin.py:190} INFO - [2026-02-21T11:10:20.907+0000] {dagbag.py:588} INFO - Filling up the DagBag from /opt/airflow/dags/core_osm_table_generator_dag.py
[2026-02-21T11:10:21.370+0000] {processor.py:925} INFO - DAG(s) 'core_osm_table_generator' retrieved from /opt/airflow/dags/core_osm_table_generator_dag.py
[2026-02-21T11:10:22.352+0000] {logging_mixin.py:190} INFO - [2026-02-21T11:10:22.352+0000] {dag.py:3239} INFO - Sync 1 DAGs
[2026-02-21T11:10:22.361+0000] {logging_mixin.py:190} INFO - [2026-02-21T11:10:22.361+0000] {dag.py:4180} INFO - Setting next_dagrun for core_osm_table_generator to None, run_after=None
[2026-02-21T11:10:22.553+0000] {processor.py:208} INFO - Processing /opt/airflow/dags/core_osm_table_generator_dag.py took 1.661 seconds
[2026-02-21T11:10:52.678+0000] {processor.py:186} INFO - Started process (PID=1235) to work on /opt/airflow/dags/core_osm_table_generator_dag.py
[2026-02-21T11:10:52.678+0000] {processor.py:914} INFO - Processing file /opt/airflow/dags/core_osm_table_generator_dag.py for tasks to queue
[2026-02-21T11:10:52.680+0000] {logging_mixin.py:190} INFO - [2026-02-21T11:10:52.679+0000] {dagbag.py:588} INFO - Filling up the DagBag from /opt/airflow/dags/core_osm_table_generator_dag.py
[2026-02-21T11:10:53.207+0000] {processor.py:925} INFO - DAG(s) 'core_osm_table_generator' retrieved from /opt/airflow/dags/core_osm_table_generator_dag.py
[2026-02-21T11:10:54.193+0000] {logging_mixin.py:190} INFO - [2026-02-21T11:10:54.193+0000] {dag.py:3239} INFO - Sync 1 DAGs
[2026-02-21T11:10:54.328+0000] {logging_mixin.py:190} INFO - [2026-02-21T11:10:54.328+0000] {dag.py:4180} INFO - Setting next_dagrun for core_osm_table_generator to None, run_after=None
[2026-02-21T11:10:54.335+0000] {processor.py:208} INFO - Processing /opt/airflow/dags/core_osm_table_generator_dag.py took 1.667 seconds
[2026-02-21T11:13:54.293+0000] {processor.py:186} INFO - Started process (PID=1236) to work on /opt/airflow/dags/core_osm_table_generator_dag.py
[2026-02-21T11:13:54.295+0000] {processor.py:914} INFO - Processing file /opt/airflow/dags/core_osm_table_generator_dag.py for tasks to queue
[2026-02-21T11:13:54.297+0000] {logging_mixin.py:190} INFO - [2026-02-21T11:13:54.296+0000] {dagbag.py:588} INFO - Filling up the DagBag from /opt/airflow/dags/core_osm_table_generator_dag.py
[2026-02-21T11:13:54.811+0000] {processor.py:925} INFO - DAG(s) 'core_osm_table_generator' retrieved from /opt/airflow/dags/core_osm_table_generator_dag.py
[2026-02-21T11:13:56.000+0000] {logging_mixin.py:190} INFO - [2026-02-21T11:13:56.000+0000] {dag.py:3239} INFO - Sync 1 DAGs
[2026-02-21T11:13:56.008+0000] {logging_mixin.py:190} INFO - [2026-02-21T11:13:56.008+0000] {dag.py:4180} INFO - Setting next_dagrun for core_osm_table_generator to None, run_after=None
[2026-02-21T11:13:56.015+0000] {processor.py:208} INFO - Processing /opt/airflow/dags/core_osm_table_generator_dag.py took 1.753 seconds
[2026-02-21T11:14:26.431+0000] {processor.py:186} INFO - Started process (PID=1237) to work on /opt/airflow/dags/core_osm_table_generator_dag.py
[2026-02-21T11:14:26.432+0000] {processor.py:914} INFO - Processing file /opt/airflow/dags/core_osm_table_generator_dag.py for tasks to queue
[2026-02-21T11:14:26.434+0000] {logging_mixin.py:190} INFO - [2026-02-21T11:14:26.433+0000] {dagbag.py:588} INFO - Filling up the DagBag from /opt/airflow/dags/core_osm_table_generator_dag.py
[2026-02-21T11:14:26.900+0000] {processor.py:925} INFO - DAG(s) 'core_osm_table_generator' retrieved from /opt/airflow/dags/core_osm_table_generator_dag.py
[2026-02-21T11:14:27.878+0000] {logging_mixin.py:190} INFO - [2026-02-21T11:14:27.878+0000] {dag.py:3239} INFO - Sync 1 DAGs
[2026-02-21T11:14:27.884+0000] {logging_mixin.py:190} INFO - [2026-02-21T11:14:27.884+0000] {dag.py:4180} INFO - Setting next_dagrun for core_osm_table_generator to None, run_after=None
[2026-02-21T11:14:27.891+0000] {processor.py:208} INFO - Processing /opt/airflow/dags/core_osm_table_generator_dag.py took 1.466 seconds
[2026-02-21T11:30:47.897+0000] {processor.py:186} INFO - Started process (PID=1238) to work on /opt/airflow/dags/core_osm_table_generator_dag.py
[2026-02-21T11:30:47.898+0000] {processor.py:914} INFO - Processing file /opt/airflow/dags/core_osm_table_generator_dag.py for tasks to queue
[2026-02-21T11:30:47.900+0000] {logging_mixin.py:190} INFO - [2026-02-21T11:30:47.899+0000] {dagbag.py:588} INFO - Filling up the DagBag from /opt/airflow/dags/core_osm_table_generator_dag.py
[2026-02-21T11:30:48.408+0000] {processor.py:925} INFO - DAG(s) 'core_osm_table_generator' retrieved from /opt/airflow/dags/core_osm_table_generator_dag.py
[2026-02-21T11:30:49.430+0000] {logging_mixin.py:190} INFO - [2026-02-21T11:30:49.430+0000] {dag.py:3239} INFO - Sync 1 DAGs
[2026-02-21T11:30:49.459+0000] {logging_mixin.py:190} INFO - [2026-02-21T11:30:49.459+0000] {dag.py:4180} INFO - Setting next_dagrun for core_osm_table_generator to None, run_after=None
[2026-02-21T11:30:49.472+0000] {processor.py:208} INFO - Processing /opt/airflow/dags/core_osm_table_generator_dag.py took 1.584 seconds
[2026-02-21T11:31:19.925+0000] {processor.py:186} INFO - Started process (PID=1239) to work on /opt/airflow/dags/core_osm_table_generator_dag.py
[2026-02-21T11:31:19.926+0000] {processor.py:914} INFO - Processing file /opt/airflow/dags/core_osm_table_generator_dag.py for tasks to queue
[2026-02-21T11:31:19.928+0000] {logging_mixin.py:190} INFO - [2026-02-21T11:31:19.927+0000] {dagbag.py:588} INFO - Filling up the DagBag from /opt/airflow/dags/core_osm_table_generator_dag.py
[2026-02-21T11:31:20.403+0000] {processor.py:925} INFO - DAG(s) 'core_osm_table_generator' retrieved from /opt/airflow/dags/core_osm_table_generator_dag.py
[2026-02-21T11:31:21.406+0000] {logging_mixin.py:190} INFO - [2026-02-21T11:31:21.405+0000] {dag.py:3239} INFO - Sync 1 DAGs
[2026-02-21T11:31:21.610+0000] {logging_mixin.py:190} INFO - [2026-02-21T11:31:21.610+0000] {dag.py:4180} INFO - Setting next_dagrun for core_osm_table_generator to None, run_after=None
[2026-02-21T11:31:21.617+0000] {processor.py:208} INFO - Processing /opt/airflow/dags/core_osm_table_generator_dag.py took 1.704 seconds
[2026-02-21T11:47:40.301+0000] {processor.py:186} INFO - Started process (PID=1240) to work on /opt/airflow/dags/core_osm_table_generator_dag.py
[2026-02-21T11:47:40.302+0000] {processor.py:914} INFO - Processing file /opt/airflow/dags/core_osm_table_generator_dag.py for tasks to queue
[2026-02-21T11:47:40.304+0000] {logging_mixin.py:190} INFO - [2026-02-21T11:47:40.303+0000] {dagbag.py:588} INFO - Filling up the DagBag from /opt/airflow/dags/core_osm_table_generator_dag.py
[2026-02-21T11:47:40.836+0000] {processor.py:925} INFO - DAG(s) 'core_osm_table_generator' retrieved from /opt/airflow/dags/core_osm_table_generator_dag.py
[2026-02-21T11:47:42.168+0000] {logging_mixin.py:190} INFO - [2026-02-21T11:47:42.167+0000] {dag.py:3239} INFO - Sync 1 DAGs
[2026-02-21T11:47:42.176+0000] {logging_mixin.py:190} INFO - [2026-02-21T11:47:42.176+0000] {dag.py:4180} INFO - Setting next_dagrun for core_osm_table_generator to None, run_after=None
[2026-02-21T11:47:42.183+0000] {processor.py:208} INFO - Processing /opt/airflow/dags/core_osm_table_generator_dag.py took 1.890 seconds
[2026-02-21T11:48:12.584+0000] {processor.py:186} INFO - Started process (PID=1241) to work on /opt/airflow/dags/core_osm_table_generator_dag.py
[2026-02-21T11:48:12.586+0000] {processor.py:914} INFO - Processing file /opt/airflow/dags/core_osm_table_generator_dag.py for tasks to queue
[2026-02-21T11:48:12.587+0000] {logging_mixin.py:190} INFO - [2026-02-21T11:48:12.587+0000] {dagbag.py:588} INFO - Filling up the DagBag from /opt/airflow/dags/core_osm_table_generator_dag.py
[2026-02-21T11:48:13.109+0000] {processor.py:925} INFO - DAG(s) 'core_osm_table_generator' retrieved from /opt/airflow/dags/core_osm_table_generator_dag.py
[2026-02-21T11:48:14.117+0000] {logging_mixin.py:190} INFO - [2026-02-21T11:48:14.117+0000] {dag.py:3239} INFO - Sync 1 DAGs
[2026-02-21T11:48:14.127+0000] {logging_mixin.py:190} INFO - [2026-02-21T11:48:14.127+0000] {dag.py:4180} INFO - Setting next_dagrun for core_osm_table_generator to None, run_after=None
[2026-02-21T11:48:14.136+0000] {processor.py:208} INFO - Processing /opt/airflow/dags/core_osm_table_generator_dag.py took 1.562 seconds
[2026-02-21T11:48:44.535+0000] {processor.py:186} INFO - Started process (PID=1242) to work on /opt/airflow/dags/core_osm_table_generator_dag.py
[2026-02-21T11:48:44.537+0000] {processor.py:914} INFO - Processing file /opt/airflow/dags/core_osm_table_generator_dag.py for tasks to queue
[2026-02-21T11:48:44.538+0000] {logging_mixin.py:190} INFO - [2026-02-21T11:48:44.537+0000] {dagbag.py:588} INFO - Filling up the DagBag from /opt/airflow/dags/core_osm_table_generator_dag.py
[2026-02-21T11:48:44.997+0000] {processor.py:925} INFO - DAG(s) 'core_osm_table_generator' retrieved from /opt/airflow/dags/core_osm_table_generator_dag.py
[2026-02-21T11:48:45.992+0000] {logging_mixin.py:190} INFO - [2026-02-21T11:48:45.992+0000] {dag.py:3239} INFO - Sync 1 DAGs
[2026-02-21T11:48:46.003+0000] {logging_mixin.py:190} INFO - [2026-02-21T11:48:46.003+0000] {dag.py:4180} INFO - Setting next_dagrun for core_osm_table_generator to None, run_after=None
[2026-02-21T11:48:46.015+0000] {processor.py:208} INFO - Processing /opt/airflow/dags/core_osm_table_generator_dag.py took 1.489 seconds
[2026-02-21T11:49:16.357+0000] {processor.py:186} INFO - Started process (PID=1243) to work on /opt/airflow/dags/core_osm_table_generator_dag.py
[2026-02-21T11:49:16.358+0000] {processor.py:914} INFO - Processing file /opt/airflow/dags/core_osm_table_generator_dag.py for tasks to queue
[2026-02-21T11:49:16.360+0000] {logging_mixin.py:190} INFO - [2026-02-21T11:49:16.359+0000] {dagbag.py:588} INFO - Filling up the DagBag from /opt/airflow/dags/core_osm_table_generator_dag.py
[2026-02-21T11:49:16.828+0000] {processor.py:925} INFO - DAG(s) 'core_osm_table_generator' retrieved from /opt/airflow/dags/core_osm_table_generator_dag.py
[2026-02-21T11:49:17.813+0000] {logging_mixin.py:190} INFO - [2026-02-21T11:49:17.813+0000] {dag.py:3239} INFO - Sync 1 DAGs
[2026-02-21T11:49:18.015+0000] {logging_mixin.py:190} INFO - [2026-02-21T11:49:18.015+0000] {dag.py:4180} INFO - Setting next_dagrun for core_osm_table_generator to None, run_after=None
[2026-02-21T11:49:18.022+0000] {processor.py:208} INFO - Processing /opt/airflow/dags/core_osm_table_generator_dag.py took 1.673 seconds
[2026-02-21T11:49:48.279+0000] {processor.py:186} INFO - Started process (PID=1244) to work on /opt/airflow/dags/core_osm_table_generator_dag.py
[2026-02-21T11:49:48.280+0000] {processor.py:914} INFO - Processing file /opt/airflow/dags/core_osm_table_generator_dag.py for tasks to queue
[2026-02-21T11:49:48.282+0000] {logging_mixin.py:190} INFO - [2026-02-21T11:49:48.281+0000] {dagbag.py:588} INFO - Filling up the DagBag from /opt/airflow/dags/core_osm_table_generator_dag.py
[2026-02-21T11:49:48.746+0000] {processor.py:925} INFO - DAG(s) 'core_osm_table_generator' retrieved from /opt/airflow/dags/core_osm_table_generator_dag.py
[2026-02-21T11:49:49.803+0000] {logging_mixin.py:190} INFO - [2026-02-21T11:49:49.803+0000] {dag.py:3239} INFO - Sync 1 DAGs
[2026-02-21T11:49:49.808+0000] {logging_mixin.py:190} INFO - [2026-02-21T11:49:49.808+0000] {dag.py:4180} INFO - Setting next_dagrun for core_osm_table_generator to None, run_after=None
[2026-02-21T11:49:49.814+0000] {processor.py:208} INFO - Processing /opt/airflow/dags/core_osm_table_generator_dag.py took 1.544 seconds
[2026-02-21T12:05:31.195+0000] {processor.py:186} INFO - Started process (PID=1245) to work on /opt/airflow/dags/core_osm_table_generator_dag.py
[2026-02-21T12:05:31.197+0000] {processor.py:914} INFO - Processing file /opt/airflow/dags/core_osm_table_generator_dag.py for tasks to queue
[2026-02-21T12:05:31.198+0000] {logging_mixin.py:190} INFO - [2026-02-21T12:05:31.198+0000] {dagbag.py:588} INFO - Filling up the DagBag from /opt/airflow/dags/core_osm_table_generator_dag.py
[2026-02-21T12:05:31.692+0000] {processor.py:925} INFO - DAG(s) 'core_osm_table_generator' retrieved from /opt/airflow/dags/core_osm_table_generator_dag.py
[2026-02-21T12:05:32.704+0000] {logging_mixin.py:190} INFO - [2026-02-21T12:05:32.704+0000] {dag.py:3239} INFO - Sync 1 DAGs
[2026-02-21T12:05:32.716+0000] {logging_mixin.py:190} INFO - [2026-02-21T12:05:32.716+0000] {dag.py:4180} INFO - Setting next_dagrun for core_osm_table_generator to None, run_after=None
[2026-02-21T12:05:32.725+0000] {processor.py:208} INFO - Processing /opt/airflow/dags/core_osm_table_generator_dag.py took 1.548 seconds
[2026-02-21T12:06:02.920+0000] {processor.py:186} INFO - Started process (PID=1246) to work on /opt/airflow/dags/core_osm_table_generator_dag.py
[2026-02-21T12:06:02.923+0000] {processor.py:914} INFO - Processing file /opt/airflow/dags/core_osm_table_generator_dag.py for tasks to queue
[2026-02-21T12:06:02.925+0000] {logging_mixin.py:190} INFO - [2026-02-21T12:06:02.924+0000] {dagbag.py:588} INFO - Filling up the DagBag from /opt/airflow/dags/core_osm_table_generator_dag.py
[2026-02-21T12:06:03.407+0000] {processor.py:925} INFO - DAG(s) 'core_osm_table_generator' retrieved from /opt/airflow/dags/core_osm_table_generator_dag.py
[2026-02-21T12:06:04.399+0000] {logging_mixin.py:190} INFO - [2026-02-21T12:06:04.399+0000] {dag.py:3239} INFO - Sync 1 DAGs
[2026-02-21T12:06:04.411+0000] {logging_mixin.py:190} INFO - [2026-02-21T12:06:04.410+0000] {dag.py:4180} INFO - Setting next_dagrun for core_osm_table_generator to None, run_after=None
[2026-02-21T12:06:04.420+0000] {processor.py:208} INFO - Processing /opt/airflow/dags/core_osm_table_generator_dag.py took 1.512 seconds
[2026-02-21T12:06:34.461+0000] {processor.py:186} INFO - Started process (PID=1247) to work on /opt/airflow/dags/core_osm_table_generator_dag.py
[2026-02-21T12:06:34.462+0000] {processor.py:914} INFO - Processing file /opt/airflow/dags/core_osm_table_generator_dag.py for tasks to queue
[2026-02-21T12:06:34.463+0000] {logging_mixin.py:190} INFO - [2026-02-21T12:06:34.463+0000] {dagbag.py:588} INFO - Filling up the DagBag from /opt/airflow/dags/core_osm_table_generator_dag.py
[2026-02-21T12:06:34.920+0000] {processor.py:925} INFO - DAG(s) 'core_osm_table_generator' retrieved from /opt/airflow/dags/core_osm_table_generator_dag.py
[2026-02-21T12:06:35.893+0000] {logging_mixin.py:190} INFO - [2026-02-21T12:06:35.893+0000] {dag.py:3239} INFO - Sync 1 DAGs
[2026-02-21T12:06:36.107+0000] {logging_mixin.py:190} INFO - [2026-02-21T12:06:36.107+0000] {dag.py:4180} INFO - Setting next_dagrun for core_osm_table_generator to None, run_after=None
[2026-02-21T12:06:36.115+0000] {processor.py:208} INFO - Processing /opt/airflow/dags/core_osm_table_generator_dag.py took 1.662 seconds
[2026-02-21T12:07:06.506+0000] {processor.py:186} INFO - Started process (PID=1248) to work on /opt/airflow/dags/core_osm_table_generator_dag.py
[2026-02-21T12:07:06.509+0000] {processor.py:914} INFO - Processing file /opt/airflow/dags/core_osm_table_generator_dag.py for tasks to queue
[2026-02-21T12:07:06.519+0000] {logging_mixin.py:190} INFO - [2026-02-21T12:07:06.517+0000] {dagbag.py:588} INFO - Filling up the DagBag from /opt/airflow/dags/core_osm_table_generator_dag.py
[2026-02-21T12:07:07.006+0000] {processor.py:925} INFO - DAG(s) 'core_osm_table_generator' retrieved from /opt/airflow/dags/core_osm_table_generator_dag.py
[2026-02-21T12:07:08.124+0000] {logging_mixin.py:190} INFO - [2026-02-21T12:07:08.124+0000] {dag.py:3239} INFO - Sync 1 DAGs
[2026-02-21T12:07:08.130+0000] {logging_mixin.py:190} INFO - [2026-02-21T12:07:08.130+0000] {dag.py:4180} INFO - Setting next_dagrun for core_osm_table_generator to None, run_after=None
[2026-02-21T12:07:08.139+0000] {processor.py:208} INFO - Processing /opt/airflow/dags/core_osm_table_generator_dag.py took 1.643 seconds
[2026-02-21T12:07:38.509+0000] {processor.py:186} INFO - Started process (PID=1249) to work on /opt/airflow/dags/core_osm_table_generator_dag.py
[2026-02-21T12:07:38.510+0000] {processor.py:914} INFO - Processing file /opt/airflow/dags/core_osm_table_generator_dag.py for tasks to queue
[2026-02-21T12:07:38.511+0000] {logging_mixin.py:190} INFO - [2026-02-21T12:07:38.511+0000] {dagbag.py:588} INFO - Filling up the DagBag from /opt/airflow/dags/core_osm_table_generator_dag.py
[2026-02-21T12:07:38.965+0000] {processor.py:925} INFO - DAG(s) 'core_osm_table_generator' retrieved from /opt/airflow/dags/core_osm_table_generator_dag.py
[2026-02-21T12:07:39.943+0000] {logging_mixin.py:190} INFO - [2026-02-21T12:07:39.943+0000] {dag.py:3239} INFO - Sync 1 DAGs
[2026-02-21T12:07:39.950+0000] {logging_mixin.py:190} INFO - [2026-02-21T12:07:39.950+0000] {dag.py:4180} INFO - Setting next_dagrun for core_osm_table_generator to None, run_after=None
[2026-02-21T12:07:39.957+0000] {processor.py:208} INFO - Processing /opt/airflow/dags/core_osm_table_generator_dag.py took 1.456 seconds
[2026-02-21T12:14:51.244+0000] {processor.py:186} INFO - Started process (PID=1250) to work on /opt/airflow/dags/core_osm_table_generator_dag.py
[2026-02-21T12:14:51.246+0000] {processor.py:914} INFO - Processing file /opt/airflow/dags/core_osm_table_generator_dag.py for tasks to queue
[2026-02-21T12:14:51.248+0000] {logging_mixin.py:190} INFO - [2026-02-21T12:14:51.247+0000] {dagbag.py:588} INFO - Filling up the DagBag from /opt/airflow/dags/core_osm_table_generator_dag.py
[2026-02-21T12:14:51.749+0000] {processor.py:925} INFO - DAG(s) 'core_osm_table_generator' retrieved from /opt/airflow/dags/core_osm_table_generator_dag.py
[2026-02-21T12:14:52.744+0000] {logging_mixin.py:190} INFO - [2026-02-21T12:14:52.743+0000] {dag.py:3239} INFO - Sync 1 DAGs
[2026-02-21T12:14:52.754+0000] {logging_mixin.py:190} INFO - [2026-02-21T12:14:52.754+0000] {dag.py:4180} INFO - Setting next_dagrun for core_osm_table_generator to None, run_after=None
[2026-02-21T12:14:52.765+0000] {processor.py:208} INFO - Processing /opt/airflow/dags/core_osm_table_generator_dag.py took 1.535 seconds
[2026-02-21T12:15:23.123+0000] {processor.py:186} INFO - Started process (PID=1251) to work on /opt/airflow/dags/core_osm_table_generator_dag.py
[2026-02-21T12:15:23.124+0000] {processor.py:914} INFO - Processing file /opt/airflow/dags/core_osm_table_generator_dag.py for tasks to queue
[2026-02-21T12:15:23.126+0000] {logging_mixin.py:190} INFO - [2026-02-21T12:15:23.125+0000] {dagbag.py:588} INFO - Filling up the DagBag from /opt/airflow/dags/core_osm_table_generator_dag.py
[2026-02-21T12:15:23.628+0000] {processor.py:925} INFO - DAG(s) 'core_osm_table_generator' retrieved from /opt/airflow/dags/core_osm_table_generator_dag.py
[2026-02-21T12:15:24.651+0000] {logging_mixin.py:190} INFO - [2026-02-21T12:15:24.651+0000] {dag.py:3239} INFO - Sync 1 DAGs
[2026-02-21T12:15:24.667+0000] {logging_mixin.py:190} INFO - [2026-02-21T12:15:24.667+0000] {dag.py:4180} INFO - Setting next_dagrun for core_osm_table_generator to None, run_after=None
[2026-02-21T12:15:25.121+0000] {processor.py:208} INFO - Processing /opt/airflow/dags/core_osm_table_generator_dag.py took 2.006 seconds
[2026-02-21T12:30:56.348+0000] {processor.py:186} INFO - Started process (PID=1252) to work on /opt/airflow/dags/core_osm_table_generator_dag.py
[2026-02-21T12:30:56.349+0000] {processor.py:914} INFO - Processing file /opt/airflow/dags/core_osm_table_generator_dag.py for tasks to queue
[2026-02-21T12:30:56.350+0000] {logging_mixin.py:190} INFO - [2026-02-21T12:30:56.350+0000] {dagbag.py:588} INFO - Filling up the DagBag from /opt/airflow/dags/core_osm_table_generator_dag.py
[2026-02-21T12:30:56.863+0000] {processor.py:925} INFO - DAG(s) 'core_osm_table_generator' retrieved from /opt/airflow/dags/core_osm_table_generator_dag.py
[2026-02-21T12:30:57.859+0000] {logging_mixin.py:190} INFO - [2026-02-21T12:30:57.859+0000] {dag.py:3239} INFO - Sync 1 DAGs
[2026-02-21T12:30:58.058+0000] {logging_mixin.py:190} INFO - [2026-02-21T12:30:58.057+0000] {dag.py:4180} INFO - Setting next_dagrun for core_osm_table_generator to None, run_after=None
[2026-02-21T12:30:58.066+0000] {processor.py:208} INFO - Processing /opt/airflow/dags/core_osm_table_generator_dag.py took 1.725 seconds
[2026-02-21T12:31:28.927+0000] {processor.py:186} INFO - Started process (PID=1253) to work on /opt/airflow/dags/core_osm_table_generator_dag.py
[2026-02-21T12:31:28.931+0000] {processor.py:914} INFO - Processing file /opt/airflow/dags/core_osm_table_generator_dag.py for tasks to queue
[2026-02-21T12:31:28.933+0000] {logging_mixin.py:190} INFO - [2026-02-21T12:31:28.932+0000] {dagbag.py:588} INFO - Filling up the DagBag from /opt/airflow/dags/core_osm_table_generator_dag.py
[2026-02-21T12:31:30.870+0000] {processor.py:925} INFO - DAG(s) 'core_osm_table_generator' retrieved from /opt/airflow/dags/core_osm_table_generator_dag.py
[2026-02-21T12:31:32.232+0000] {logging_mixin.py:190} INFO - [2026-02-21T12:31:32.232+0000] {dag.py:3239} INFO - Sync 1 DAGs
[2026-02-21T12:31:32.240+0000] {logging_mixin.py:190} INFO - [2026-02-21T12:31:32.240+0000] {dag.py:4180} INFO - Setting next_dagrun for core_osm_table_generator to None, run_after=None
[2026-02-21T12:31:32.250+0000] {processor.py:208} INFO - Processing /opt/airflow/dags/core_osm_table_generator_dag.py took 3.347 seconds
[2026-02-21T12:47:54.302+0000] {processor.py:186} INFO - Started process (PID=1254) to work on /opt/airflow/dags/core_osm_table_generator_dag.py
[2026-02-21T12:47:54.303+0000] {processor.py:914} INFO - Processing file /opt/airflow/dags/core_osm_table_generator_dag.py for tasks to queue
[2026-02-21T12:47:54.305+0000] {logging_mixin.py:190} INFO - [2026-02-21T12:47:54.304+0000] {dagbag.py:588} INFO - Filling up the DagBag from /opt/airflow/dags/core_osm_table_generator_dag.py
[2026-02-21T12:47:54.793+0000] {processor.py:925} INFO - DAG(s) 'core_osm_table_generator' retrieved from /opt/airflow/dags/core_osm_table_generator_dag.py
[2026-02-21T12:47:55.801+0000] {logging_mixin.py:190} INFO - [2026-02-21T12:47:55.801+0000] {dag.py:3239} INFO - Sync 1 DAGs
[2026-02-21T12:47:55.812+0000] {logging_mixin.py:190} INFO - [2026-02-21T12:47:55.812+0000] {dag.py:4180} INFO - Setting next_dagrun for core_osm_table_generator to None, run_after=None
[2026-02-21T12:47:55.821+0000] {processor.py:208} INFO - Processing /opt/airflow/dags/core_osm_table_generator_dag.py took 1.529 seconds
[2026-02-21T13:03:28.607+0000] {processor.py:186} INFO - Started process (PID=1255) to work on /opt/airflow/dags/core_osm_table_generator_dag.py
[2026-02-21T13:03:28.608+0000] {processor.py:914} INFO - Processing file /opt/airflow/dags/core_osm_table_generator_dag.py for tasks to queue
[2026-02-21T13:03:28.609+0000] {logging_mixin.py:190} INFO - [2026-02-21T13:03:28.608+0000] {dagbag.py:588} INFO - Filling up the DagBag from /opt/airflow/dags/core_osm_table_generator_dag.py
[2026-02-21T13:03:29.108+0000] {processor.py:925} INFO - DAG(s) 'core_osm_table_generator' retrieved from /opt/airflow/dags/core_osm_table_generator_dag.py
[2026-02-21T13:03:30.124+0000] {logging_mixin.py:190} INFO - [2026-02-21T13:03:30.124+0000] {dag.py:3239} INFO - Sync 1 DAGs
[2026-02-21T13:03:30.148+0000] {logging_mixin.py:190} INFO - [2026-02-21T13:03:30.148+0000] {dag.py:4180} INFO - Setting next_dagrun for core_osm_table_generator to None, run_after=None
[2026-02-21T13:03:30.470+0000] {processor.py:208} INFO - Processing /opt/airflow/dags/core_osm_table_generator_dag.py took 1.872 seconds
[2026-02-21T13:04:00.705+0000] {processor.py:186} INFO - Started process (PID=1256) to work on /opt/airflow/dags/core_osm_table_generator_dag.py
[2026-02-21T13:04:00.708+0000] {processor.py:914} INFO - Processing file /opt/airflow/dags/core_osm_table_generator_dag.py for tasks to queue
[2026-02-21T13:04:00.709+0000] {logging_mixin.py:190} INFO - [2026-02-21T13:04:00.709+0000] {dagbag.py:588} INFO - Filling up the DagBag from /opt/airflow/dags/core_osm_table_generator_dag.py
[2026-02-21T13:04:01.274+0000] {processor.py:925} INFO - DAG(s) 'core_osm_table_generator' retrieved from /opt/airflow/dags/core_osm_table_generator_dag.py
[2026-02-21T13:04:02.335+0000] {logging_mixin.py:190} INFO - [2026-02-21T13:04:02.335+0000] {dag.py:3239} INFO - Sync 1 DAGs
[2026-02-21T13:04:02.550+0000] {logging_mixin.py:190} INFO - [2026-02-21T13:04:02.550+0000] {dag.py:4180} INFO - Setting next_dagrun for core_osm_table_generator to None, run_after=None
[2026-02-21T13:04:02.558+0000] {processor.py:208} INFO - Processing /opt/airflow/dags/core_osm_table_generator_dag.py took 1.890 seconds
[2026-02-21T13:04:33.040+0000] {processor.py:186} INFO - Started process (PID=1257) to work on /opt/airflow/dags/core_osm_table_generator_dag.py
[2026-02-21T13:04:33.043+0000] {processor.py:914} INFO - Processing file /opt/airflow/dags/core_osm_table_generator_dag.py for tasks to queue
[2026-02-21T13:04:33.045+0000] {logging_mixin.py:190} INFO - [2026-02-21T13:04:33.045+0000] {dagbag.py:588} INFO - Filling up the DagBag from /opt/airflow/dags/core_osm_table_generator_dag.py
[2026-02-21T13:04:33.527+0000] {processor.py:925} INFO - DAG(s) 'core_osm_table_generator' retrieved from /opt/airflow/dags/core_osm_table_generator_dag.py
[2026-02-21T13:04:34.656+0000] {logging_mixin.py:190} INFO - [2026-02-21T13:04:34.656+0000] {dag.py:3239} INFO - Sync 1 DAGs
[2026-02-21T13:04:34.663+0000] {logging_mixin.py:190} INFO - [2026-02-21T13:04:34.663+0000] {dag.py:4180} INFO - Setting next_dagrun for core_osm_table_generator to None, run_after=None
[2026-02-21T13:04:34.671+0000] {processor.py:208} INFO - Processing /opt/airflow/dags/core_osm_table_generator_dag.py took 1.648 seconds
[2026-02-21T13:05:05.056+0000] {processor.py:186} INFO - Started process (PID=1258) to work on /opt/airflow/dags/core_osm_table_generator_dag.py
[2026-02-21T13:05:05.058+0000] {processor.py:914} INFO - Processing file /opt/airflow/dags/core_osm_table_generator_dag.py for tasks to queue
[2026-02-21T13:05:05.059+0000] {logging_mixin.py:190} INFO - [2026-02-21T13:05:05.059+0000] {dagbag.py:588} INFO - Filling up the DagBag from /opt/airflow/dags/core_osm_table_generator_dag.py
[2026-02-21T13:05:05.520+0000] {processor.py:925} INFO - DAG(s) 'core_osm_table_generator' retrieved from /opt/airflow/dags/core_osm_table_generator_dag.py
[2026-02-21T13:05:06.505+0000] {logging_mixin.py:190} INFO - [2026-02-21T13:05:06.505+0000] {dag.py:3239} INFO - Sync 1 DAGs
[2026-02-21T13:05:06.515+0000] {logging_mixin.py:190} INFO - [2026-02-21T13:05:06.515+0000] {dag.py:4180} INFO - Setting next_dagrun for core_osm_table_generator to None, run_after=None
[2026-02-21T13:05:06.524+0000] {processor.py:208} INFO - Processing /opt/airflow/dags/core_osm_table_generator_dag.py took 1.479 seconds
[2026-02-21T13:05:36.932+0000] {processor.py:186} INFO - Started process (PID=1259) to work on /opt/airflow/dags/core_osm_table_generator_dag.py
[2026-02-21T13:05:36.934+0000] {processor.py:914} INFO - Processing file /opt/airflow/dags/core_osm_table_generator_dag.py for tasks to queue
[2026-02-21T13:05:36.935+0000] {logging_mixin.py:190} INFO - [2026-02-21T13:05:36.935+0000] {dagbag.py:588} INFO - Filling up the DagBag from /opt/airflow/dags/core_osm_table_generator_dag.py
[2026-02-21T13:05:37.455+0000] {processor.py:925} INFO - DAG(s) 'core_osm_table_generator' retrieved from /opt/airflow/dags/core_osm_table_generator_dag.py
[2026-02-21T13:05:38.593+0000] {logging_mixin.py:190} INFO - [2026-02-21T13:05:38.593+0000] {dag.py:3239} INFO - Sync 1 DAGs
[2026-02-21T13:05:38.609+0000] {logging_mixin.py:190} INFO - [2026-02-21T13:05:38.609+0000] {dag.py:4180} INFO - Setting next_dagrun for core_osm_table_generator to None, run_after=None
[2026-02-21T13:05:38.826+0000] {processor.py:208} INFO - Processing /opt/airflow/dags/core_osm_table_generator_dag.py took 1.903 seconds
[2026-02-21T13:15:58.254+0000] {processor.py:186} INFO - Started process (PID=1260) to work on /opt/airflow/dags/core_osm_table_generator_dag.py
[2026-02-21T13:15:58.256+0000] {processor.py:914} INFO - Processing file /opt/airflow/dags/core_osm_table_generator_dag.py for tasks to queue
[2026-02-21T13:15:58.258+0000] {logging_mixin.py:190} INFO - [2026-02-21T13:15:58.257+0000] {dagbag.py:588} INFO - Filling up the DagBag from /opt/airflow/dags/core_osm_table_generator_dag.py
[2026-02-21T13:15:58.718+0000] {processor.py:925} INFO - DAG(s) 'core_osm_table_generator' retrieved from /opt/airflow/dags/core_osm_table_generator_dag.py
[2026-02-21T13:15:59.699+0000] {logging_mixin.py:190} INFO - [2026-02-21T13:15:59.699+0000] {dag.py:3239} INFO - Sync 1 DAGs
[2026-02-21T13:15:59.806+0000] {logging_mixin.py:190} INFO - [2026-02-21T13:15:59.806+0000] {dag.py:4180} INFO - Setting next_dagrun for core_osm_table_generator to None, run_after=None
[2026-02-21T13:15:59.814+0000] {processor.py:208} INFO - Processing /opt/airflow/dags/core_osm_table_generator_dag.py took 1.568 seconds
[2026-02-21T13:16:30.252+0000] {processor.py:186} INFO - Started process (PID=1261) to work on /opt/airflow/dags/core_osm_table_generator_dag.py
[2026-02-21T13:16:30.254+0000] {processor.py:914} INFO - Processing file /opt/airflow/dags/core_osm_table_generator_dag.py for tasks to queue
[2026-02-21T13:16:30.256+0000] {logging_mixin.py:190} INFO - [2026-02-21T13:16:30.255+0000] {dagbag.py:588} INFO - Filling up the DagBag from /opt/airflow/dags/core_osm_table_generator_dag.py
[2026-02-21T13:16:30.749+0000] {processor.py:925} INFO - DAG(s) 'core_osm_table_generator' retrieved from /opt/airflow/dags/core_osm_table_generator_dag.py
[2026-02-21T13:16:31.923+0000] {logging_mixin.py:190} INFO - [2026-02-21T13:16:31.923+0000] {dag.py:3239} INFO - Sync 1 DAGs
[2026-02-21T13:16:31.929+0000] {logging_mixin.py:190} INFO - [2026-02-21T13:16:31.929+0000] {dag.py:4180} INFO - Setting next_dagrun for core_osm_table_generator to None, run_after=None
[2026-02-21T13:16:31.938+0000] {processor.py:208} INFO - Processing /opt/airflow/dags/core_osm_table_generator_dag.py took 1.700 seconds
[2026-02-21T13:17:02.335+0000] {processor.py:186} INFO - Started process (PID=1262) to work on /opt/airflow/dags/core_osm_table_generator_dag.py
[2026-02-21T13:17:02.337+0000] {processor.py:914} INFO - Processing file /opt/airflow/dags/core_osm_table_generator_dag.py for tasks to queue
[2026-02-21T13:17:02.339+0000] {logging_mixin.py:190} INFO - [2026-02-21T13:17:02.338+0000] {dagbag.py:588} INFO - Filling up the DagBag from /opt/airflow/dags/core_osm_table_generator_dag.py
[2026-02-21T13:17:02.830+0000] {processor.py:925} INFO - DAG(s) 'core_osm_table_generator' retrieved from /opt/airflow/dags/core_osm_table_generator_dag.py
[2026-02-21T13:17:03.830+0000] {logging_mixin.py:190} INFO - [2026-02-21T13:17:03.830+0000] {dag.py:3239} INFO - Sync 1 DAGs
[2026-02-21T13:17:03.840+0000] {logging_mixin.py:190} INFO - [2026-02-21T13:17:03.840+0000] {dag.py:4180} INFO - Setting next_dagrun for core_osm_table_generator to None, run_after=None
[2026-02-21T13:17:03.849+0000] {processor.py:208} INFO - Processing /opt/airflow/dags/core_osm_table_generator_dag.py took 1.526 seconds
[2026-02-21T13:17:34.232+0000] {processor.py:186} INFO - Started process (PID=1263) to work on /opt/airflow/dags/core_osm_table_generator_dag.py
[2026-02-21T13:17:34.233+0000] {processor.py:914} INFO - Processing file /opt/airflow/dags/core_osm_table_generator_dag.py for tasks to queue
[2026-02-21T13:17:34.234+0000] {logging_mixin.py:190} INFO - [2026-02-21T13:17:34.233+0000] {dagbag.py:588} INFO - Filling up the DagBag from /opt/airflow/dags/core_osm_table_generator_dag.py
[2026-02-21T13:17:34.695+0000] {processor.py:925} INFO - DAG(s) 'core_osm_table_generator' retrieved from /opt/airflow/dags/core_osm_table_generator_dag.py
[2026-02-21T13:17:35.670+0000] {logging_mixin.py:190} INFO - [2026-02-21T13:17:35.670+0000] {dag.py:3239} INFO - Sync 1 DAGs
[2026-02-21T13:17:35.676+0000] {logging_mixin.py:190} INFO - [2026-02-21T13:17:35.676+0000] {dag.py:4180} INFO - Setting next_dagrun for core_osm_table_generator to None, run_after=None
[2026-02-21T13:17:35.686+0000] {processor.py:208} INFO - Processing /opt/airflow/dags/core_osm_table_generator_dag.py took 1.461 seconds
[2026-02-21T13:18:06.064+0000] {processor.py:186} INFO - Started process (PID=1264) to work on /opt/airflow/dags/core_osm_table_generator_dag.py
[2026-02-21T13:18:06.065+0000] {processor.py:914} INFO - Processing file /opt/airflow/dags/core_osm_table_generator_dag.py for tasks to queue
[2026-02-21T13:18:06.067+0000] {logging_mixin.py:190} INFO - [2026-02-21T13:18:06.066+0000] {dagbag.py:588} INFO - Filling up the DagBag from /opt/airflow/dags/core_osm_table_generator_dag.py
[2026-02-21T13:18:06.548+0000] {processor.py:925} INFO - DAG(s) 'core_osm_table_generator' retrieved from /opt/airflow/dags/core_osm_table_generator_dag.py
[2026-02-21T13:18:07.560+0000] {logging_mixin.py:190} INFO - [2026-02-21T13:18:07.560+0000] {dag.py:3239} INFO - Sync 1 DAGs
[2026-02-21T13:18:07.764+0000] {logging_mixin.py:190} INFO - [2026-02-21T13:18:07.764+0000] {dag.py:4180} INFO - Setting next_dagrun for core_osm_table_generator to None, run_after=None
[2026-02-21T13:18:07.771+0000] {processor.py:208} INFO - Processing /opt/airflow/dags/core_osm_table_generator_dag.py took 1.727 seconds
[2026-02-21T13:18:37.949+0000] {processor.py:186} INFO - Started process (PID=1265) to work on /opt/airflow/dags/core_osm_table_generator_dag.py
[2026-02-21T13:18:37.951+0000] {processor.py:914} INFO - Processing file /opt/airflow/dags/core_osm_table_generator_dag.py for tasks to queue
[2026-02-21T13:18:37.952+0000] {logging_mixin.py:190} INFO - [2026-02-21T13:18:37.951+0000] {dagbag.py:588} INFO - Filling up the DagBag from /opt/airflow/dags/core_osm_table_generator_dag.py
[2026-02-21T13:18:38.470+0000] {processor.py:925} INFO - DAG(s) 'core_osm_table_generator' retrieved from /opt/airflow/dags/core_osm_table_generator_dag.py
[2026-02-21T13:18:39.615+0000] {logging_mixin.py:190} INFO - [2026-02-21T13:18:39.615+0000] {dag.py:3239} INFO - Sync 1 DAGs
[2026-02-21T13:18:39.621+0000] {logging_mixin.py:190} INFO - [2026-02-21T13:18:39.621+0000] {dag.py:4180} INFO - Setting next_dagrun for core_osm_table_generator to None, run_after=None
[2026-02-21T13:18:39.628+0000] {processor.py:208} INFO - Processing /opt/airflow/dags/core_osm_table_generator_dag.py took 1.687 seconds
[2026-02-21T13:19:10.027+0000] {processor.py:186} INFO - Started process (PID=1266) to work on /opt/airflow/dags/core_osm_table_generator_dag.py
[2026-02-21T13:19:10.029+0000] {processor.py:914} INFO - Processing file /opt/airflow/dags/core_osm_table_generator_dag.py for tasks to queue
[2026-02-21T13:19:10.030+0000] {logging_mixin.py:190} INFO - [2026-02-21T13:19:10.030+0000] {dagbag.py:588} INFO - Filling up the DagBag from /opt/airflow/dags/core_osm_table_generator_dag.py
[2026-02-21T13:19:10.496+0000] {processor.py:925} INFO - DAG(s) 'core_osm_table_generator' retrieved from /opt/airflow/dags/core_osm_table_generator_dag.py
[2026-02-21T13:19:11.525+0000] {logging_mixin.py:190} INFO - [2026-02-21T13:19:11.525+0000] {dag.py:3239} INFO - Sync 1 DAGs
[2026-02-21T13:19:11.532+0000] {logging_mixin.py:190} INFO - [2026-02-21T13:19:11.532+0000] {dag.py:4180} INFO - Setting next_dagrun for core_osm_table_generator to None, run_after=None
[2026-02-21T13:19:11.539+0000] {processor.py:208} INFO - Processing /opt/airflow/dags/core_osm_table_generator_dag.py took 1.520 seconds
[2026-02-21T13:19:41.931+0000] {processor.py:186} INFO - Started process (PID=1267) to work on /opt/airflow/dags/core_osm_table_generator_dag.py
[2026-02-21T13:19:41.932+0000] {processor.py:914} INFO - Processing file /opt/airflow/dags/core_osm_table_generator_dag.py for tasks to queue
[2026-02-21T13:19:41.934+0000] {logging_mixin.py:190} INFO - [2026-02-21T13:19:41.933+0000] {dagbag.py:588} INFO - Filling up the DagBag from /opt/airflow/dags/core_osm_table_generator_dag.py
[2026-02-21T13:19:42.436+0000] {processor.py:925} INFO - DAG(s) 'core_osm_table_generator' retrieved from /opt/airflow/dags/core_osm_table_generator_dag.py
[2026-02-21T13:19:43.426+0000] {logging_mixin.py:190} INFO - [2026-02-21T13:19:43.426+0000] {dag.py:3239} INFO - Sync 1 DAGs
[2026-02-21T13:19:43.437+0000] {logging_mixin.py:190} INFO - [2026-02-21T13:19:43.437+0000] {dag.py:4180} INFO - Setting next_dagrun for core_osm_table_generator to None, run_after=None
[2026-02-21T13:19:43.449+0000] {processor.py:208} INFO - Processing /opt/airflow/dags/core_osm_table_generator_dag.py took 1.559 seconds
[2026-02-21T13:20:13.835+0000] {processor.py:186} INFO - Started process (PID=1268) to work on /opt/airflow/dags/core_osm_table_generator_dag.py
[2026-02-21T13:20:13.836+0000] {processor.py:914} INFO - Processing file /opt/airflow/dags/core_osm_table_generator_dag.py for tasks to queue
[2026-02-21T13:20:13.838+0000] {logging_mixin.py:190} INFO - [2026-02-21T13:20:13.837+0000] {dagbag.py:588} INFO - Filling up the DagBag from /opt/airflow/dags/core_osm_table_generator_dag.py
[2026-02-21T13:20:14.309+0000] {processor.py:925} INFO - DAG(s) 'core_osm_table_generator' retrieved from /opt/airflow/dags/core_osm_table_generator_dag.py
[2026-02-21T13:20:15.284+0000] {logging_mixin.py:190} INFO - [2026-02-21T13:20:15.284+0000] {dag.py:3239} INFO - Sync 1 DAGs
[2026-02-21T13:20:15.462+0000] {logging_mixin.py:190} INFO - [2026-02-21T13:20:15.462+0000] {dag.py:4180} INFO - Setting next_dagrun for core_osm_table_generator to None, run_after=None
[2026-02-21T13:20:15.471+0000] {processor.py:208} INFO - Processing /opt/airflow/dags/core_osm_table_generator_dag.py took 1.644 seconds
[2026-02-21T13:20:45.791+0000] {processor.py:186} INFO - Started process (PID=1269) to work on /opt/airflow/dags/core_osm_table_generator_dag.py
[2026-02-21T13:20:45.792+0000] {processor.py:914} INFO - Processing file /opt/airflow/dags/core_osm_table_generator_dag.py for tasks to queue
[2026-02-21T13:20:45.794+0000] {logging_mixin.py:190} INFO - [2026-02-21T13:20:45.793+0000] {dagbag.py:588} INFO - Filling up the DagBag from /opt/airflow/dags/core_osm_table_generator_dag.py
[2026-02-21T13:20:46.327+0000] {processor.py:925} INFO - DAG(s) 'core_osm_table_generator' retrieved from /opt/airflow/dags/core_osm_table_generator_dag.py
[2026-02-21T13:20:47.479+0000] {logging_mixin.py:190} INFO - [2026-02-21T13:20:47.479+0000] {dag.py:3239} INFO - Sync 1 DAGs
[2026-02-21T13:20:47.486+0000] {logging_mixin.py:190} INFO - [2026-02-21T13:20:47.486+0000] {dag.py:4180} INFO - Setting next_dagrun for core_osm_table_generator to None, run_after=None
[2026-02-21T13:20:47.493+0000] {processor.py:208} INFO - Processing /opt/airflow/dags/core_osm_table_generator_dag.py took 1.717 seconds
[2026-02-21T13:21:17.954+0000] {processor.py:186} INFO - Started process (PID=1270) to work on /opt/airflow/dags/core_osm_table_generator_dag.py
[2026-02-21T13:21:17.955+0000] {processor.py:914} INFO - Processing file /opt/airflow/dags/core_osm_table_generator_dag.py for tasks to queue
[2026-02-21T13:21:17.956+0000] {logging_mixin.py:190} INFO - [2026-02-21T13:21:17.956+0000] {dagbag.py:588} INFO - Filling up the DagBag from /opt/airflow/dags/core_osm_table_generator_dag.py
[2026-02-21T13:21:18.426+0000] {processor.py:925} INFO - DAG(s) 'core_osm_table_generator' retrieved from /opt/airflow/dags/core_osm_table_generator_dag.py
[2026-02-21T13:21:19.402+0000] {logging_mixin.py:190} INFO - [2026-02-21T13:21:19.402+0000] {dag.py:3239} INFO - Sync 1 DAGs
[2026-02-21T13:21:19.408+0000] {logging_mixin.py:190} INFO - [2026-02-21T13:21:19.408+0000] {dag.py:4180} INFO - Setting next_dagrun for core_osm_table_generator to None, run_after=None
[2026-02-21T13:21:19.415+0000] {processor.py:208} INFO - Processing /opt/airflow/dags/core_osm_table_generator_dag.py took 1.469 seconds
[2026-02-21T13:21:49.538+0000] {processor.py:186} INFO - Started process (PID=1271) to work on /opt/airflow/dags/core_osm_table_generator_dag.py
[2026-02-21T13:21:49.540+0000] {processor.py:914} INFO - Processing file /opt/airflow/dags/core_osm_table_generator_dag.py for tasks to queue
[2026-02-21T13:21:49.542+0000] {logging_mixin.py:190} INFO - [2026-02-21T13:21:49.541+0000] {dagbag.py:588} INFO - Filling up the DagBag from /opt/airflow/dags/core_osm_table_generator_dag.py
[2026-02-21T13:21:50.038+0000] {processor.py:925} INFO - DAG(s) 'core_osm_table_generator' retrieved from /opt/airflow/dags/core_osm_table_generator_dag.py
[2026-02-21T13:21:51.042+0000] {logging_mixin.py:190} INFO - [2026-02-21T13:21:51.042+0000] {dag.py:3239} INFO - Sync 1 DAGs
[2026-02-21T13:21:51.052+0000] {logging_mixin.py:190} INFO - [2026-02-21T13:21:51.052+0000] {dag.py:4180} INFO - Setting next_dagrun for core_osm_table_generator to None, run_after=None
[2026-02-21T13:21:51.065+0000] {processor.py:208} INFO - Processing /opt/airflow/dags/core_osm_table_generator_dag.py took 1.539 seconds
[2026-02-21T13:22:21.151+0000] {processor.py:186} INFO - Started process (PID=1272) to work on /opt/airflow/dags/core_osm_table_generator_dag.py
[2026-02-21T13:22:21.152+0000] {processor.py:914} INFO - Processing file /opt/airflow/dags/core_osm_table_generator_dag.py for tasks to queue
[2026-02-21T13:22:21.153+0000] {logging_mixin.py:190} INFO - [2026-02-21T13:22:21.153+0000] {dagbag.py:588} INFO - Filling up the DagBag from /opt/airflow/dags/core_osm_table_generator_dag.py
[2026-02-21T13:22:21.614+0000] {processor.py:925} INFO - DAG(s) 'core_osm_table_generator' retrieved from /opt/airflow/dags/core_osm_table_generator_dag.py
[2026-02-21T13:22:22.587+0000] {logging_mixin.py:190} INFO - [2026-02-21T13:22:22.587+0000] {dag.py:3239} INFO - Sync 1 DAGs
[2026-02-21T13:22:22.780+0000] {logging_mixin.py:190} INFO - [2026-02-21T13:22:22.780+0000] {dag.py:4180} INFO - Setting next_dagrun for core_osm_table_generator to None, run_after=None
[2026-02-21T13:22:22.789+0000] {processor.py:208} INFO - Processing /opt/airflow/dags/core_osm_table_generator_dag.py took 1.649 seconds
[2026-02-21T13:22:53.131+0000] {processor.py:186} INFO - Started process (PID=1273) to work on /opt/airflow/dags/core_osm_table_generator_dag.py
[2026-02-21T13:22:53.132+0000] {processor.py:914} INFO - Processing file /opt/airflow/dags/core_osm_table_generator_dag.py for tasks to queue
[2026-02-21T13:22:53.133+0000] {logging_mixin.py:190} INFO - [2026-02-21T13:22:53.133+0000] {dagbag.py:588} INFO - Filling up the DagBag from /opt/airflow/dags/core_osm_table_generator_dag.py
[2026-02-21T13:22:53.605+0000] {processor.py:925} INFO - DAG(s) 'core_osm_table_generator' retrieved from /opt/airflow/dags/core_osm_table_generator_dag.py
[2026-02-21T13:22:54.693+0000] {logging_mixin.py:190} INFO - [2026-02-21T13:22:54.693+0000] {dag.py:3239} INFO - Sync 1 DAGs
[2026-02-21T13:22:54.699+0000] {logging_mixin.py:190} INFO - [2026-02-21T13:22:54.699+0000] {dag.py:4180} INFO - Setting next_dagrun for core_osm_table_generator to None, run_after=None
[2026-02-21T13:22:54.705+0000] {processor.py:208} INFO - Processing /opt/airflow/dags/core_osm_table_generator_dag.py took 1.583 seconds
[2026-02-21T13:23:25.087+0000] {processor.py:186} INFO - Started process (PID=1274) to work on /opt/airflow/dags/core_osm_table_generator_dag.py
[2026-02-21T13:23:25.088+0000] {processor.py:914} INFO - Processing file /opt/airflow/dags/core_osm_table_generator_dag.py for tasks to queue
[2026-02-21T13:23:25.089+0000] {logging_mixin.py:190} INFO - [2026-02-21T13:23:25.089+0000] {dagbag.py:588} INFO - Filling up the DagBag from /opt/airflow/dags/core_osm_table_generator_dag.py
[2026-02-21T13:23:25.563+0000] {processor.py:925} INFO - DAG(s) 'core_osm_table_generator' retrieved from /opt/airflow/dags/core_osm_table_generator_dag.py
[2026-02-21T13:23:26.542+0000] {logging_mixin.py:190} INFO - [2026-02-21T13:23:26.541+0000] {dag.py:3239} INFO - Sync 1 DAGs
[2026-02-21T13:23:26.549+0000] {logging_mixin.py:190} INFO - [2026-02-21T13:23:26.548+0000] {dag.py:4180} INFO - Setting next_dagrun for core_osm_table_generator to None, run_after=None
[2026-02-21T13:23:26.555+0000] {processor.py:208} INFO - Processing /opt/airflow/dags/core_osm_table_generator_dag.py took 1.477 seconds
[2026-02-21T13:23:56.818+0000] {processor.py:186} INFO - Started process (PID=1275) to work on /opt/airflow/dags/core_osm_table_generator_dag.py
[2026-02-21T13:23:56.821+0000] {processor.py:914} INFO - Processing file /opt/airflow/dags/core_osm_table_generator_dag.py for tasks to queue
[2026-02-21T13:23:56.822+0000] {logging_mixin.py:190} INFO - [2026-02-21T13:23:56.822+0000] {dagbag.py:588} INFO - Filling up the DagBag from /opt/airflow/dags/core_osm_table_generator_dag.py
[2026-02-21T13:23:57.295+0000] {processor.py:925} INFO - DAG(s) 'core_osm_table_generator' retrieved from /opt/airflow/dags/core_osm_table_generator_dag.py
[2026-02-21T13:23:58.275+0000] {logging_mixin.py:190} INFO - [2026-02-21T13:23:58.274+0000] {dag.py:3239} INFO - Sync 1 DAGs
[2026-02-21T13:23:58.283+0000] {logging_mixin.py:190} INFO - [2026-02-21T13:23:58.283+0000] {dag.py:4180} INFO - Setting next_dagrun for core_osm_table_generator to None, run_after=None
[2026-02-21T13:23:58.294+0000] {processor.py:208} INFO - Processing /opt/airflow/dags/core_osm_table_generator_dag.py took 1.487 seconds
[2026-02-21T13:24:28.709+0000] {processor.py:186} INFO - Started process (PID=1276) to work on /opt/airflow/dags/core_osm_table_generator_dag.py
[2026-02-21T13:24:28.710+0000] {processor.py:914} INFO - Processing file /opt/airflow/dags/core_osm_table_generator_dag.py for tasks to queue
[2026-02-21T13:24:28.711+0000] {logging_mixin.py:190} INFO - [2026-02-21T13:24:28.711+0000] {dagbag.py:588} INFO - Filling up the DagBag from /opt/airflow/dags/core_osm_table_generator_dag.py
[2026-02-21T13:24:29.171+0000] {processor.py:925} INFO - DAG(s) 'core_osm_table_generator' retrieved from /opt/airflow/dags/core_osm_table_generator_dag.py
[2026-02-21T13:24:30.151+0000] {logging_mixin.py:190} INFO - [2026-02-21T13:24:30.151+0000] {dag.py:3239} INFO - Sync 1 DAGs
[2026-02-21T13:24:30.354+0000] {logging_mixin.py:190} INFO - [2026-02-21T13:24:30.354+0000] {dag.py:4180} INFO - Setting next_dagrun for core_osm_table_generator to None, run_after=None
[2026-02-21T13:24:30.362+0000] {processor.py:208} INFO - Processing /opt/airflow/dags/core_osm_table_generator_dag.py took 1.665 seconds
[2026-02-21T13:25:00.601+0000] {processor.py:186} INFO - Started process (PID=1277) to work on /opt/airflow/dags/core_osm_table_generator_dag.py
[2026-02-21T13:25:00.602+0000] {processor.py:914} INFO - Processing file /opt/airflow/dags/core_osm_table_generator_dag.py for tasks to queue
[2026-02-21T13:25:00.604+0000] {logging_mixin.py:190} INFO - [2026-02-21T13:25:00.603+0000] {dagbag.py:588} INFO - Filling up the DagBag from /opt/airflow/dags/core_osm_table_generator_dag.py
[2026-02-21T13:25:01.086+0000] {processor.py:925} INFO - DAG(s) 'core_osm_table_generator' retrieved from /opt/airflow/dags/core_osm_table_generator_dag.py
[2026-02-21T13:25:02.225+0000] {logging_mixin.py:190} INFO - [2026-02-21T13:25:02.224+0000] {dag.py:3239} INFO - Sync 1 DAGs
[2026-02-21T13:25:02.230+0000] {logging_mixin.py:190} INFO - [2026-02-21T13:25:02.230+0000] {dag.py:4180} INFO - Setting next_dagrun for core_osm_table_generator to None, run_after=None
[2026-02-21T13:25:02.238+0000] {processor.py:208} INFO - Processing /opt/airflow/dags/core_osm_table_generator_dag.py took 1.647 seconds
[2026-02-21T13:25:32.599+0000] {processor.py:186} INFO - Started process (PID=1278) to work on /opt/airflow/dags/core_osm_table_generator_dag.py
[2026-02-21T13:25:32.600+0000] {processor.py:914} INFO - Processing file /opt/airflow/dags/core_osm_table_generator_dag.py for tasks to queue
[2026-02-21T13:25:32.601+0000] {logging_mixin.py:190} INFO - [2026-02-21T13:25:32.601+0000] {dagbag.py:588} INFO - Filling up the DagBag from /opt/airflow/dags/core_osm_table_generator_dag.py
[2026-02-21T13:25:33.061+0000] {processor.py:925} INFO - DAG(s) 'core_osm_table_generator' retrieved from /opt/airflow/dags/core_osm_table_generator_dag.py
[2026-02-21T13:25:34.060+0000] {logging_mixin.py:190} INFO - [2026-02-21T13:25:34.060+0000] {dag.py:3239} INFO - Sync 1 DAGs
[2026-02-21T13:25:34.067+0000] {logging_mixin.py:190} INFO - [2026-02-21T13:25:34.067+0000] {dag.py:4180} INFO - Setting next_dagrun for core_osm_table_generator to None, run_after=None
[2026-02-21T13:25:34.077+0000] {processor.py:208} INFO - Processing /opt/airflow/dags/core_osm_table_generator_dag.py took 1.488 seconds
[2026-02-21T13:26:04.514+0000] {processor.py:186} INFO - Started process (PID=1279) to work on /opt/airflow/dags/core_osm_table_generator_dag.py
[2026-02-21T13:26:04.516+0000] {processor.py:914} INFO - Processing file /opt/airflow/dags/core_osm_table_generator_dag.py for tasks to queue
[2026-02-21T13:26:04.517+0000] {logging_mixin.py:190} INFO - [2026-02-21T13:26:04.517+0000] {dagbag.py:588} INFO - Filling up the DagBag from /opt/airflow/dags/core_osm_table_generator_dag.py
[2026-02-21T13:26:04.993+0000] {processor.py:925} INFO - DAG(s) 'core_osm_table_generator' retrieved from /opt/airflow/dags/core_osm_table_generator_dag.py
[2026-02-21T13:26:05.994+0000] {logging_mixin.py:190} INFO - [2026-02-21T13:26:05.994+0000] {dag.py:3239} INFO - Sync 1 DAGs
[2026-02-21T13:26:06.003+0000] {logging_mixin.py:190} INFO - [2026-02-21T13:26:06.002+0000] {dag.py:4180} INFO - Setting next_dagrun for core_osm_table_generator to None, run_after=None
[2026-02-21T13:26:06.013+0000] {processor.py:208} INFO - Processing /opt/airflow/dags/core_osm_table_generator_dag.py took 1.511 seconds
[2026-02-21T13:26:36.379+0000] {processor.py:186} INFO - Started process (PID=1280) to work on /opt/airflow/dags/core_osm_table_generator_dag.py
[2026-02-21T13:26:36.380+0000] {processor.py:914} INFO - Processing file /opt/airflow/dags/core_osm_table_generator_dag.py for tasks to queue
[2026-02-21T13:26:36.381+0000] {logging_mixin.py:190} INFO - [2026-02-21T13:26:36.381+0000] {dagbag.py:588} INFO - Filling up the DagBag from /opt/airflow/dags/core_osm_table_generator_dag.py
[2026-02-21T13:26:36.847+0000] {processor.py:925} INFO - DAG(s) 'core_osm_table_generator' retrieved from /opt/airflow/dags/core_osm_table_generator_dag.py
[2026-02-21T13:26:38.017+0000] {logging_mixin.py:190} INFO - [2026-02-21T13:26:38.017+0000] {dag.py:3239} INFO - Sync 1 DAGs
[2026-02-21T13:26:38.266+0000] {logging_mixin.py:190} INFO - [2026-02-21T13:26:38.266+0000] {dag.py:4180} INFO - Setting next_dagrun for core_osm_table_generator to None, run_after=None
[2026-02-21T13:26:38.274+0000] {processor.py:208} INFO - Processing /opt/airflow/dags/core_osm_table_generator_dag.py took 1.905 seconds
[2026-02-21T13:27:08.327+0000] {processor.py:186} INFO - Started process (PID=1281) to work on /opt/airflow/dags/core_osm_table_generator_dag.py
[2026-02-21T13:27:08.328+0000] {processor.py:914} INFO - Processing file /opt/airflow/dags/core_osm_table_generator_dag.py for tasks to queue
[2026-02-21T13:27:08.329+0000] {logging_mixin.py:190} INFO - [2026-02-21T13:27:08.329+0000] {dagbag.py:588} INFO - Filling up the DagBag from /opt/airflow/dags/core_osm_table_generator_dag.py
[2026-02-21T13:27:08.827+0000] {processor.py:925} INFO - DAG(s) 'core_osm_table_generator' retrieved from /opt/airflow/dags/core_osm_table_generator_dag.py
[2026-02-21T13:27:09.919+0000] {logging_mixin.py:190} INFO - [2026-02-21T13:27:09.919+0000] {dag.py:3239} INFO - Sync 1 DAGs
[2026-02-21T13:27:09.933+0000] {logging_mixin.py:190} INFO - [2026-02-21T13:27:09.933+0000] {dag.py:4180} INFO - Setting next_dagrun for core_osm_table_generator to None, run_after=None
[2026-02-21T13:27:09.940+0000] {processor.py:208} INFO - Processing /opt/airflow/dags/core_osm_table_generator_dag.py took 1.625 seconds
[2026-02-21T13:27:40.074+0000] {processor.py:186} INFO - Started process (PID=1282) to work on /opt/airflow/dags/core_osm_table_generator_dag.py
[2026-02-21T13:27:40.076+0000] {processor.py:914} INFO - Processing file /opt/airflow/dags/core_osm_table_generator_dag.py for tasks to queue
[2026-02-21T13:27:40.078+0000] {logging_mixin.py:190} INFO - [2026-02-21T13:27:40.078+0000] {dagbag.py:588} INFO - Filling up the DagBag from /opt/airflow/dags/core_osm_table_generator_dag.py
[2026-02-21T13:27:40.576+0000] {processor.py:925} INFO - DAG(s) 'core_osm_table_generator' retrieved from /opt/airflow/dags/core_osm_table_generator_dag.py
[2026-02-21T13:27:41.560+0000] {logging_mixin.py:190} INFO - [2026-02-21T13:27:41.560+0000] {dag.py:3239} INFO - Sync 1 DAGs
[2026-02-21T13:27:41.569+0000] {logging_mixin.py:190} INFO - [2026-02-21T13:27:41.569+0000] {dag.py:4180} INFO - Setting next_dagrun for core_osm_table_generator to None, run_after=None
[2026-02-21T13:27:41.577+0000] {processor.py:208} INFO - Processing /opt/airflow/dags/core_osm_table_generator_dag.py took 1.515 seconds
[2026-02-21T13:28:11.682+0000] {processor.py:186} INFO - Started process (PID=1283) to work on /opt/airflow/dags/core_osm_table_generator_dag.py
[2026-02-21T13:28:11.683+0000] {processor.py:914} INFO - Processing file /opt/airflow/dags/core_osm_table_generator_dag.py for tasks to queue
[2026-02-21T13:28:11.684+0000] {logging_mixin.py:190} INFO - [2026-02-21T13:28:11.684+0000] {dagbag.py:588} INFO - Filling up the DagBag from /opt/airflow/dags/core_osm_table_generator_dag.py
[2026-02-21T13:28:12.145+0000] {processor.py:925} INFO - DAG(s) 'core_osm_table_generator' retrieved from /opt/airflow/dags/core_osm_table_generator_dag.py
[2026-02-21T13:28:13.123+0000] {logging_mixin.py:190} INFO - [2026-02-21T13:28:13.123+0000] {dag.py:3239} INFO - Sync 1 DAGs
[2026-02-21T13:28:13.130+0000] {logging_mixin.py:190} INFO - [2026-02-21T13:28:13.129+0000] {dag.py:4180} INFO - Setting next_dagrun for core_osm_table_generator to None, run_after=None
[2026-02-21T13:28:13.140+0000] {processor.py:208} INFO - Processing /opt/airflow/dags/core_osm_table_generator_dag.py took 1.466 seconds
[2026-02-21T13:28:43.344+0000] {processor.py:186} INFO - Started process (PID=1284) to work on /opt/airflow/dags/core_osm_table_generator_dag.py
[2026-02-21T13:28:43.345+0000] {processor.py:914} INFO - Processing file /opt/airflow/dags/core_osm_table_generator_dag.py for tasks to queue
[2026-02-21T13:28:43.346+0000] {logging_mixin.py:190} INFO - [2026-02-21T13:28:43.346+0000] {dagbag.py:588} INFO - Filling up the DagBag from /opt/airflow/dags/core_osm_table_generator_dag.py
[2026-02-21T13:28:43.808+0000] {processor.py:925} INFO - DAG(s) 'core_osm_table_generator' retrieved from /opt/airflow/dags/core_osm_table_generator_dag.py
[2026-02-21T13:28:44.805+0000] {logging_mixin.py:190} INFO - [2026-02-21T13:28:44.805+0000] {dag.py:3239} INFO - Sync 1 DAGs
[2026-02-21T13:28:45.015+0000] {logging_mixin.py:190} INFO - [2026-02-21T13:28:45.015+0000] {dag.py:4180} INFO - Setting next_dagrun for core_osm_table_generator to None, run_after=None
[2026-02-21T13:28:45.023+0000] {processor.py:208} INFO - Processing /opt/airflow/dags/core_osm_table_generator_dag.py took 1.688 seconds
[2026-02-21T13:29:15.398+0000] {processor.py:186} INFO - Started process (PID=1285) to work on /opt/airflow/dags/core_osm_table_generator_dag.py
[2026-02-21T13:29:15.401+0000] {processor.py:914} INFO - Processing file /opt/airflow/dags/core_osm_table_generator_dag.py for tasks to queue
[2026-02-21T13:29:15.402+0000] {logging_mixin.py:190} INFO - [2026-02-21T13:29:15.401+0000] {dagbag.py:588} INFO - Filling up the DagBag from /opt/airflow/dags/core_osm_table_generator_dag.py
[2026-02-21T13:29:15.863+0000] {processor.py:925} INFO - DAG(s) 'core_osm_table_generator' retrieved from /opt/airflow/dags/core_osm_table_generator_dag.py
[2026-02-21T13:29:16.932+0000] {logging_mixin.py:190} INFO - [2026-02-21T13:29:16.932+0000] {dag.py:3239} INFO - Sync 1 DAGs
[2026-02-21T13:29:16.938+0000] {logging_mixin.py:190} INFO - [2026-02-21T13:29:16.938+0000] {dag.py:4180} INFO - Setting next_dagrun for core_osm_table_generator to None, run_after=None
[2026-02-21T13:29:16.945+0000] {processor.py:208} INFO - Processing /opt/airflow/dags/core_osm_table_generator_dag.py took 1.555 seconds
[2026-02-21T13:29:47.324+0000] {processor.py:186} INFO - Started process (PID=1286) to work on /opt/airflow/dags/core_osm_table_generator_dag.py
[2026-02-21T13:29:47.325+0000] {processor.py:914} INFO - Processing file /opt/airflow/dags/core_osm_table_generator_dag.py for tasks to queue
[2026-02-21T13:29:47.327+0000] {logging_mixin.py:190} INFO - [2026-02-21T13:29:47.327+0000] {dagbag.py:588} INFO - Filling up the DagBag from /opt/airflow/dags/core_osm_table_generator_dag.py
[2026-02-21T13:29:47.814+0000] {processor.py:925} INFO - DAG(s) 'core_osm_table_generator' retrieved from /opt/airflow/dags/core_osm_table_generator_dag.py
[2026-02-21T13:29:48.804+0000] {logging_mixin.py:190} INFO - [2026-02-21T13:29:48.804+0000] {dag.py:3239} INFO - Sync 1 DAGs
[2026-02-21T13:29:48.815+0000] {logging_mixin.py:190} INFO - [2026-02-21T13:29:48.815+0000] {dag.py:4180} INFO - Setting next_dagrun for core_osm_table_generator to None, run_after=None
[2026-02-21T13:29:48.824+0000] {processor.py:208} INFO - Processing /opt/airflow/dags/core_osm_table_generator_dag.py took 1.510 seconds
[2026-02-21T13:30:19.204+0000] {processor.py:186} INFO - Started process (PID=1287) to work on /opt/airflow/dags/core_osm_table_generator_dag.py
[2026-02-21T13:30:19.206+0000] {processor.py:914} INFO - Processing file /opt/airflow/dags/core_osm_table_generator_dag.py for tasks to queue
[2026-02-21T13:30:19.207+0000] {logging_mixin.py:190} INFO - [2026-02-21T13:30:19.206+0000] {dagbag.py:588} INFO - Filling up the DagBag from /opt/airflow/dags/core_osm_table_generator_dag.py
[2026-02-21T13:30:19.668+0000] {processor.py:925} INFO - DAG(s) 'core_osm_table_generator' retrieved from /opt/airflow/dags/core_osm_table_generator_dag.py
[2026-02-21T13:30:20.646+0000] {logging_mixin.py:190} INFO - [2026-02-21T13:30:20.646+0000] {dag.py:3239} INFO - Sync 1 DAGs
[2026-02-21T13:30:20.653+0000] {logging_mixin.py:190} INFO - [2026-02-21T13:30:20.653+0000] {dag.py:4180} INFO - Setting next_dagrun for core_osm_table_generator to None, run_after=None
[2026-02-21T13:30:20.663+0000] {processor.py:208} INFO - Processing /opt/airflow/dags/core_osm_table_generator_dag.py took 1.471 seconds
[2026-02-21T13:30:51.044+0000] {processor.py:186} INFO - Started process (PID=1288) to work on /opt/airflow/dags/core_osm_table_generator_dag.py
[2026-02-21T13:30:51.044+0000] {processor.py:914} INFO - Processing file /opt/airflow/dags/core_osm_table_generator_dag.py for tasks to queue
[2026-02-21T13:30:51.045+0000] {logging_mixin.py:190} INFO - [2026-02-21T13:30:51.045+0000] {dagbag.py:588} INFO - Filling up the DagBag from /opt/airflow/dags/core_osm_table_generator_dag.py
[2026-02-21T13:30:51.508+0000] {processor.py:925} INFO - DAG(s) 'core_osm_table_generator' retrieved from /opt/airflow/dags/core_osm_table_generator_dag.py
[2026-02-21T13:30:52.485+0000] {logging_mixin.py:190} INFO - [2026-02-21T13:30:52.485+0000] {dag.py:3239} INFO - Sync 1 DAGs
[2026-02-21T13:30:52.678+0000] {logging_mixin.py:190} INFO - [2026-02-21T13:30:52.678+0000] {dag.py:4180} INFO - Setting next_dagrun for core_osm_table_generator to None, run_after=None
[2026-02-21T13:30:52.686+0000] {processor.py:208} INFO - Processing /opt/airflow/dags/core_osm_table_generator_dag.py took 1.649 seconds
[2026-02-21T13:31:23.097+0000] {processor.py:186} INFO - Started process (PID=1289) to work on /opt/airflow/dags/core_osm_table_generator_dag.py
[2026-02-21T13:31:23.098+0000] {processor.py:914} INFO - Processing file /opt/airflow/dags/core_osm_table_generator_dag.py for tasks to queue
[2026-02-21T13:31:23.100+0000] {logging_mixin.py:190} INFO - [2026-02-21T13:31:23.099+0000] {dagbag.py:588} INFO - Filling up the DagBag from /opt/airflow/dags/core_osm_table_generator_dag.py
[2026-02-21T13:31:23.570+0000] {processor.py:925} INFO - DAG(s) 'core_osm_table_generator' retrieved from /opt/airflow/dags/core_osm_table_generator_dag.py
[2026-02-21T13:31:24.664+0000] {logging_mixin.py:190} INFO - [2026-02-21T13:31:24.664+0000] {dag.py:3239} INFO - Sync 1 DAGs
[2026-02-21T13:31:24.669+0000] {logging_mixin.py:190} INFO - [2026-02-21T13:31:24.669+0000] {dag.py:4180} INFO - Setting next_dagrun for core_osm_table_generator to None, run_after=None
[2026-02-21T13:31:24.676+0000] {processor.py:208} INFO - Processing /opt/airflow/dags/core_osm_table_generator_dag.py took 1.587 seconds
[2026-02-21T13:31:55.021+0000] {processor.py:186} INFO - Started process (PID=1290) to work on /opt/airflow/dags/core_osm_table_generator_dag.py
[2026-02-21T13:31:55.023+0000] {processor.py:914} INFO - Processing file /opt/airflow/dags/core_osm_table_generator_dag.py for tasks to queue
[2026-02-21T13:31:55.024+0000] {logging_mixin.py:190} INFO - [2026-02-21T13:31:55.023+0000] {dagbag.py:588} INFO - Filling up the DagBag from /opt/airflow/dags/core_osm_table_generator_dag.py
[2026-02-21T13:31:55.509+0000] {processor.py:925} INFO - DAG(s) 'core_osm_table_generator' retrieved from /opt/airflow/dags/core_osm_table_generator_dag.py
[2026-02-21T13:31:56.495+0000] {logging_mixin.py:190} INFO - [2026-02-21T13:31:56.495+0000] {dag.py:3239} INFO - Sync 1 DAGs
[2026-02-21T13:31:56.504+0000] {logging_mixin.py:190} INFO - [2026-02-21T13:31:56.504+0000] {dag.py:4180} INFO - Setting next_dagrun for core_osm_table_generator to None, run_after=None
[2026-02-21T13:31:56.512+0000] {processor.py:208} INFO - Processing /opt/airflow/dags/core_osm_table_generator_dag.py took 1.499 seconds
[2026-02-21T13:32:26.895+0000] {processor.py:186} INFO - Started process (PID=1291) to work on /opt/airflow/dags/core_osm_table_generator_dag.py
[2026-02-21T13:32:26.897+0000] {processor.py:914} INFO - Processing file /opt/airflow/dags/core_osm_table_generator_dag.py for tasks to queue
[2026-02-21T13:32:26.899+0000] {logging_mixin.py:190} INFO - [2026-02-21T13:32:26.898+0000] {dagbag.py:588} INFO - Filling up the DagBag from /opt/airflow/dags/core_osm_table_generator_dag.py
[2026-02-21T13:32:27.362+0000] {processor.py:925} INFO - DAG(s) 'core_osm_table_generator' retrieved from /opt/airflow/dags/core_osm_table_generator_dag.py
[2026-02-21T13:32:28.347+0000] {logging_mixin.py:190} INFO - [2026-02-21T13:32:28.347+0000] {dag.py:3239} INFO - Sync 1 DAGs
[2026-02-21T13:32:28.356+0000] {logging_mixin.py:190} INFO - [2026-02-21T13:32:28.356+0000] {dag.py:4180} INFO - Setting next_dagrun for core_osm_table_generator to None, run_after=None
[2026-02-21T13:32:28.367+0000] {processor.py:208} INFO - Processing /opt/airflow/dags/core_osm_table_generator_dag.py took 1.485 seconds
[2026-02-21T13:32:58.667+0000] {processor.py:186} INFO - Started process (PID=1292) to work on /opt/airflow/dags/core_osm_table_generator_dag.py
[2026-02-21T13:32:58.668+0000] {processor.py:914} INFO - Processing file /opt/airflow/dags/core_osm_table_generator_dag.py for tasks to queue
[2026-02-21T13:32:58.670+0000] {logging_mixin.py:190} INFO - [2026-02-21T13:32:58.669+0000] {dagbag.py:588} INFO - Filling up the DagBag from /opt/airflow/dags/core_osm_table_generator_dag.py
[2026-02-21T13:32:59.138+0000] {processor.py:925} INFO - DAG(s) 'core_osm_table_generator' retrieved from /opt/airflow/dags/core_osm_table_generator_dag.py
[2026-02-21T13:33:00.114+0000] {logging_mixin.py:190} INFO - [2026-02-21T13:33:00.114+0000] {dag.py:3239} INFO - Sync 1 DAGs
[2026-02-21T13:33:00.338+0000] {logging_mixin.py:190} INFO - [2026-02-21T13:33:00.337+0000] {dag.py:4180} INFO - Setting next_dagrun for core_osm_table_generator to None, run_after=None
[2026-02-21T13:33:00.345+0000] {processor.py:208} INFO - Processing /opt/airflow/dags/core_osm_table_generator_dag.py took 1.686 seconds
[2026-02-21T13:33:30.735+0000] {processor.py:186} INFO - Started process (PID=1293) to work on /opt/airflow/dags/core_osm_table_generator_dag.py
[2026-02-21T13:33:30.736+0000] {processor.py:914} INFO - Processing file /opt/airflow/dags/core_osm_table_generator_dag.py for tasks to queue
[2026-02-21T13:33:30.737+0000] {logging_mixin.py:190} INFO - [2026-02-21T13:33:30.737+0000] {dagbag.py:588} INFO - Filling up the DagBag from /opt/airflow/dags/core_osm_table_generator_dag.py
[2026-02-21T13:33:31.206+0000] {processor.py:925} INFO - DAG(s) 'core_osm_table_generator' retrieved from /opt/airflow/dags/core_osm_table_generator_dag.py
[2026-02-21T13:33:32.291+0000] {logging_mixin.py:190} INFO - [2026-02-21T13:33:32.290+0000] {dag.py:3239} INFO - Sync 1 DAGs
[2026-02-21T13:33:32.296+0000] {logging_mixin.py:190} INFO - [2026-02-21T13:33:32.296+0000] {dag.py:4180} INFO - Setting next_dagrun for core_osm_table_generator to None, run_after=None
[2026-02-21T13:33:32.303+0000] {processor.py:208} INFO - Processing /opt/airflow/dags/core_osm_table_generator_dag.py took 1.576 seconds
[2026-02-21T13:34:02.396+0000] {processor.py:186} INFO - Started process (PID=1294) to work on /opt/airflow/dags/core_osm_table_generator_dag.py
[2026-02-21T13:34:02.397+0000] {processor.py:914} INFO - Processing file /opt/airflow/dags/core_osm_table_generator_dag.py for tasks to queue
[2026-02-21T13:34:02.398+0000] {logging_mixin.py:190} INFO - [2026-02-21T13:34:02.398+0000] {dagbag.py:588} INFO - Filling up the DagBag from /opt/airflow/dags/core_osm_table_generator_dag.py
[2026-02-21T13:34:02.875+0000] {processor.py:925} INFO - DAG(s) 'core_osm_table_generator' retrieved from /opt/airflow/dags/core_osm_table_generator_dag.py
[2026-02-21T13:34:03.861+0000] {logging_mixin.py:190} INFO - [2026-02-21T13:34:03.861+0000] {dag.py:3239} INFO - Sync 1 DAGs
[2026-02-21T13:34:03.870+0000] {logging_mixin.py:190} INFO - [2026-02-21T13:34:03.870+0000] {dag.py:4180} INFO - Setting next_dagrun for core_osm_table_generator to None, run_after=None
[2026-02-21T13:34:03.878+0000] {processor.py:208} INFO - Processing /opt/airflow/dags/core_osm_table_generator_dag.py took 1.492 seconds
[2026-02-21T13:34:34.027+0000] {processor.py:186} INFO - Started process (PID=1295) to work on /opt/airflow/dags/core_osm_table_generator_dag.py
[2026-02-21T13:34:34.028+0000] {processor.py:914} INFO - Processing file /opt/airflow/dags/core_osm_table_generator_dag.py for tasks to queue
[2026-02-21T13:34:34.028+0000] {logging_mixin.py:190} INFO - [2026-02-21T13:34:34.028+0000] {dagbag.py:588} INFO - Filling up the DagBag from /opt/airflow/dags/core_osm_table_generator_dag.py
[2026-02-21T13:34:34.492+0000] {processor.py:925} INFO - DAG(s) 'core_osm_table_generator' retrieved from /opt/airflow/dags/core_osm_table_generator_dag.py
[2026-02-21T13:34:35.475+0000] {logging_mixin.py:190} INFO - [2026-02-21T13:34:35.475+0000] {dag.py:3239} INFO - Sync 1 DAGs
[2026-02-21T13:34:35.481+0000] {logging_mixin.py:190} INFO - [2026-02-21T13:34:35.481+0000] {dag.py:4180} INFO - Setting next_dagrun for core_osm_table_generator to None, run_after=None
[2026-02-21T13:34:35.491+0000] {processor.py:208} INFO - Processing /opt/airflow/dags/core_osm_table_generator_dag.py took 1.469 seconds
[2026-02-21T13:35:05.846+0000] {processor.py:186} INFO - Started process (PID=1296) to work on /opt/airflow/dags/core_osm_table_generator_dag.py
[2026-02-21T13:35:05.848+0000] {processor.py:914} INFO - Processing file /opt/airflow/dags/core_osm_table_generator_dag.py for tasks to queue
[2026-02-21T13:35:05.849+0000] {logging_mixin.py:190} INFO - [2026-02-21T13:35:05.849+0000] {dagbag.py:588} INFO - Filling up the DagBag from /opt/airflow/dags/core_osm_table_generator_dag.py
[2026-02-21T13:35:06.368+0000] {processor.py:925} INFO - DAG(s) 'core_osm_table_generator' retrieved from /opt/airflow/dags/core_osm_table_generator_dag.py
[2026-02-21T13:35:07.372+0000] {logging_mixin.py:190} INFO - [2026-02-21T13:35:07.372+0000] {dag.py:3239} INFO - Sync 1 DAGs
[2026-02-21T13:35:07.583+0000] {logging_mixin.py:190} INFO - [2026-02-21T13:35:07.583+0000] {dag.py:4180} INFO - Setting next_dagrun for core_osm_table_generator to None, run_after=None
[2026-02-21T13:35:07.591+0000] {processor.py:208} INFO - Processing /opt/airflow/dags/core_osm_table_generator_dag.py took 1.755 seconds
[2026-02-21T13:35:37.979+0000] {processor.py:186} INFO - Started process (PID=1297) to work on /opt/airflow/dags/core_osm_table_generator_dag.py
[2026-02-21T13:35:37.981+0000] {processor.py:914} INFO - Processing file /opt/airflow/dags/core_osm_table_generator_dag.py for tasks to queue
[2026-02-21T13:35:37.982+0000] {logging_mixin.py:190} INFO - [2026-02-21T13:35:37.982+0000] {dagbag.py:588} INFO - Filling up the DagBag from /opt/airflow/dags/core_osm_table_generator_dag.py
[2026-02-21T13:35:38.442+0000] {processor.py:925} INFO - DAG(s) 'core_osm_table_generator' retrieved from /opt/airflow/dags/core_osm_table_generator_dag.py
[2026-02-21T13:35:39.549+0000] {logging_mixin.py:190} INFO - [2026-02-21T13:35:39.549+0000] {dag.py:3239} INFO - Sync 1 DAGs
[2026-02-21T13:35:39.555+0000] {logging_mixin.py:190} INFO - [2026-02-21T13:35:39.554+0000] {dag.py:4180} INFO - Setting next_dagrun for core_osm_table_generator to None, run_after=None
[2026-02-21T13:35:39.561+0000] {processor.py:208} INFO - Processing /opt/airflow/dags/core_osm_table_generator_dag.py took 1.594 seconds
[2026-02-21T13:36:09.764+0000] {processor.py:186} INFO - Started process (PID=1298) to work on /opt/airflow/dags/core_osm_table_generator_dag.py
[2026-02-21T13:36:09.765+0000] {processor.py:914} INFO - Processing file /opt/airflow/dags/core_osm_table_generator_dag.py for tasks to queue
[2026-02-21T13:36:09.767+0000] {logging_mixin.py:190} INFO - [2026-02-21T13:36:09.766+0000] {dagbag.py:588} INFO - Filling up the DagBag from /opt/airflow/dags/core_osm_table_generator_dag.py
[2026-02-21T13:36:10.266+0000] {processor.py:925} INFO - DAG(s) 'core_osm_table_generator' retrieved from /opt/airflow/dags/core_osm_table_generator_dag.py
[2026-02-21T13:36:11.264+0000] {logging_mixin.py:190} INFO - [2026-02-21T13:36:11.264+0000] {dag.py:3239} INFO - Sync 1 DAGs
[2026-02-21T13:36:11.272+0000] {logging_mixin.py:190} INFO - [2026-02-21T13:36:11.272+0000] {dag.py:4180} INFO - Setting next_dagrun for core_osm_table_generator to None, run_after=None
[2026-02-21T13:36:11.279+0000] {processor.py:208} INFO - Processing /opt/airflow/dags/core_osm_table_generator_dag.py took 1.523 seconds
[2026-02-21T13:36:41.662+0000] {processor.py:186} INFO - Started process (PID=1299) to work on /opt/airflow/dags/core_osm_table_generator_dag.py
[2026-02-21T13:36:41.663+0000] {processor.py:914} INFO - Processing file /opt/airflow/dags/core_osm_table_generator_dag.py for tasks to queue
[2026-02-21T13:36:41.664+0000] {logging_mixin.py:190} INFO - [2026-02-21T13:36:41.664+0000] {dagbag.py:588} INFO - Filling up the DagBag from /opt/airflow/dags/core_osm_table_generator_dag.py
[2026-02-21T13:36:42.130+0000] {processor.py:925} INFO - DAG(s) 'core_osm_table_generator' retrieved from /opt/airflow/dags/core_osm_table_generator_dag.py
[2026-02-21T13:36:43.170+0000] {logging_mixin.py:190} INFO - [2026-02-21T13:36:43.170+0000] {dag.py:3239} INFO - Sync 1 DAGs
[2026-02-21T13:36:43.178+0000] {logging_mixin.py:190} INFO - [2026-02-21T13:36:43.178+0000] {dag.py:4180} INFO - Setting next_dagrun for core_osm_table_generator to None, run_after=None
[2026-02-21T13:36:43.185+0000] {processor.py:208} INFO - Processing /opt/airflow/dags/core_osm_table_generator_dag.py took 1.536 seconds
[2026-02-21T13:37:13.578+0000] {processor.py:186} INFO - Started process (PID=1300) to work on /opt/airflow/dags/core_osm_table_generator_dag.py
[2026-02-21T13:37:13.579+0000] {processor.py:914} INFO - Processing file /opt/airflow/dags/core_osm_table_generator_dag.py for tasks to queue
[2026-02-21T13:37:13.580+0000] {logging_mixin.py:190} INFO - [2026-02-21T13:37:13.580+0000] {dagbag.py:588} INFO - Filling up the DagBag from /opt/airflow/dags/core_osm_table_generator_dag.py
[2026-02-21T13:37:14.054+0000] {processor.py:925} INFO - DAG(s) 'core_osm_table_generator' retrieved from /opt/airflow/dags/core_osm_table_generator_dag.py
[2026-02-21T13:37:15.991+0000] {logging_mixin.py:190} INFO - [2026-02-21T13:37:15.989+0000] {dag.py:3239} INFO - Sync 1 DAGs
[2026-02-21T13:37:16.259+0000] {logging_mixin.py:190} INFO - [2026-02-21T13:37:16.259+0000] {dag.py:4180} INFO - Setting next_dagrun for core_osm_table_generator to None, run_after=None
[2026-02-21T13:37:16.268+0000] {processor.py:208} INFO - Processing /opt/airflow/dags/core_osm_table_generator_dag.py took 2.700 seconds
[2026-02-21T13:52:38.184+0000] {processor.py:186} INFO - Started process (PID=1301) to work on /opt/airflow/dags/core_osm_table_generator_dag.py
[2026-02-21T13:52:38.184+0000] {processor.py:914} INFO - Processing file /opt/airflow/dags/core_osm_table_generator_dag.py for tasks to queue
[2026-02-21T13:52:38.185+0000] {logging_mixin.py:190} INFO - [2026-02-21T13:52:38.185+0000] {dagbag.py:588} INFO - Filling up the DagBag from /opt/airflow/dags/core_osm_table_generator_dag.py
[2026-02-21T13:52:38.677+0000] {processor.py:925} INFO - DAG(s) 'core_osm_table_generator' retrieved from /opt/airflow/dags/core_osm_table_generator_dag.py
[2026-02-21T13:52:39.689+0000] {logging_mixin.py:190} INFO - [2026-02-21T13:52:39.689+0000] {dag.py:3239} INFO - Sync 1 DAGs
[2026-02-21T13:52:39.892+0000] {logging_mixin.py:190} INFO - [2026-02-21T13:52:39.891+0000] {dag.py:4180} INFO - Setting next_dagrun for core_osm_table_generator to None, run_after=None
[2026-02-21T13:52:39.900+0000] {processor.py:208} INFO - Processing /opt/airflow/dags/core_osm_table_generator_dag.py took 1.724 seconds
[2026-02-21T13:53:10.261+0000] {processor.py:186} INFO - Started process (PID=1302) to work on /opt/airflow/dags/core_osm_table_generator_dag.py
[2026-02-21T13:53:10.262+0000] {processor.py:914} INFO - Processing file /opt/airflow/dags/core_osm_table_generator_dag.py for tasks to queue
[2026-02-21T13:53:10.264+0000] {logging_mixin.py:190} INFO - [2026-02-21T13:53:10.263+0000] {dagbag.py:588} INFO - Filling up the DagBag from /opt/airflow/dags/core_osm_table_generator_dag.py
[2026-02-21T13:53:10.764+0000] {processor.py:925} INFO - DAG(s) 'core_osm_table_generator' retrieved from /opt/airflow/dags/core_osm_table_generator_dag.py
[2026-02-21T13:53:12.012+0000] {logging_mixin.py:190} INFO - [2026-02-21T13:53:12.012+0000] {dag.py:3239} INFO - Sync 1 DAGs
[2026-02-21T13:53:12.019+0000] {logging_mixin.py:190} INFO - [2026-02-21T13:53:12.018+0000] {dag.py:4180} INFO - Setting next_dagrun for core_osm_table_generator to None, run_after=None
[2026-02-21T13:53:12.027+0000] {processor.py:208} INFO - Processing /opt/airflow/dags/core_osm_table_generator_dag.py took 1.776 seconds
[2026-02-21T13:53:42.375+0000] {processor.py:186} INFO - Started process (PID=1303) to work on /opt/airflow/dags/core_osm_table_generator_dag.py
[2026-02-21T13:53:42.375+0000] {processor.py:914} INFO - Processing file /opt/airflow/dags/core_osm_table_generator_dag.py for tasks to queue
[2026-02-21T13:53:42.376+0000] {logging_mixin.py:190} INFO - [2026-02-21T13:53:42.376+0000] {dagbag.py:588} INFO - Filling up the DagBag from /opt/airflow/dags/core_osm_table_generator_dag.py
[2026-02-21T13:53:42.837+0000] {processor.py:925} INFO - DAG(s) 'core_osm_table_generator' retrieved from /opt/airflow/dags/core_osm_table_generator_dag.py
[2026-02-21T13:53:43.815+0000] {logging_mixin.py:190} INFO - [2026-02-21T13:53:43.815+0000] {dag.py:3239} INFO - Sync 1 DAGs
[2026-02-21T13:53:43.821+0000] {logging_mixin.py:190} INFO - [2026-02-21T13:53:43.821+0000] {dag.py:4180} INFO - Setting next_dagrun for core_osm_table_generator to None, run_after=None
[2026-02-21T13:53:43.827+0000] {processor.py:208} INFO - Processing /opt/airflow/dags/core_osm_table_generator_dag.py took 1.460 seconds
[2026-02-21T13:54:14.213+0000] {processor.py:186} INFO - Started process (PID=1304) to work on /opt/airflow/dags/core_osm_table_generator_dag.py
[2026-02-21T13:54:14.214+0000] {processor.py:914} INFO - Processing file /opt/airflow/dags/core_osm_table_generator_dag.py for tasks to queue
[2026-02-21T13:54:14.216+0000] {logging_mixin.py:190} INFO - [2026-02-21T13:54:14.216+0000] {dagbag.py:588} INFO - Filling up the DagBag from /opt/airflow/dags/core_osm_table_generator_dag.py
[2026-02-21T13:54:14.747+0000] {processor.py:925} INFO - DAG(s) 'core_osm_table_generator' retrieved from /opt/airflow/dags/core_osm_table_generator_dag.py
[2026-02-21T13:54:15.757+0000] {logging_mixin.py:190} INFO - [2026-02-21T13:54:15.757+0000] {dag.py:3239} INFO - Sync 1 DAGs
[2026-02-21T13:54:15.771+0000] {logging_mixin.py:190} INFO - [2026-02-21T13:54:15.771+0000] {dag.py:4180} INFO - Setting next_dagrun for core_osm_table_generator to None, run_after=None
[2026-02-21T13:54:15.976+0000] {processor.py:208} INFO - Processing /opt/airflow/dags/core_osm_table_generator_dag.py took 1.776 seconds
[2026-02-21T13:54:46.050+0000] {processor.py:186} INFO - Started process (PID=1305) to work on /opt/airflow/dags/core_osm_table_generator_dag.py
[2026-02-21T13:54:46.051+0000] {processor.py:914} INFO - Processing file /opt/airflow/dags/core_osm_table_generator_dag.py for tasks to queue
[2026-02-21T13:54:46.052+0000] {logging_mixin.py:190} INFO - [2026-02-21T13:54:46.051+0000] {dagbag.py:588} INFO - Filling up the DagBag from /opt/airflow/dags/core_osm_table_generator_dag.py
[2026-02-21T13:54:46.512+0000] {processor.py:925} INFO - DAG(s) 'core_osm_table_generator' retrieved from /opt/airflow/dags/core_osm_table_generator_dag.py
[2026-02-21T13:54:47.576+0000] {logging_mixin.py:190} INFO - [2026-02-21T13:54:47.575+0000] {dag.py:3239} INFO - Sync 1 DAGs
[2026-02-21T13:54:47.710+0000] {logging_mixin.py:190} INFO - [2026-02-21T13:54:47.710+0000] {dag.py:4180} INFO - Setting next_dagrun for core_osm_table_generator to None, run_after=None
[2026-02-21T13:54:47.717+0000] {processor.py:208} INFO - Processing /opt/airflow/dags/core_osm_table_generator_dag.py took 1.675 seconds
[2026-02-21T13:55:18.477+0000] {processor.py:186} INFO - Started process (PID=1306) to work on /opt/airflow/dags/core_osm_table_generator_dag.py
[2026-02-21T13:55:18.479+0000] {processor.py:914} INFO - Processing file /opt/airflow/dags/core_osm_table_generator_dag.py for tasks to queue
[2026-02-21T13:55:18.481+0000] {logging_mixin.py:190} INFO - [2026-02-21T13:55:18.480+0000] {dagbag.py:588} INFO - Filling up the DagBag from /opt/airflow/dags/core_osm_table_generator_dag.py
[2026-02-21T13:55:18.990+0000] {processor.py:925} INFO - DAG(s) 'core_osm_table_generator' retrieved from /opt/airflow/dags/core_osm_table_generator_dag.py
[2026-02-21T13:55:20.199+0000] {logging_mixin.py:190} INFO - [2026-02-21T13:55:20.199+0000] {dag.py:3239} INFO - Sync 1 DAGs
[2026-02-21T13:55:20.205+0000] {logging_mixin.py:190} INFO - [2026-02-21T13:55:20.205+0000] {dag.py:4180} INFO - Setting next_dagrun for core_osm_table_generator to None, run_after=None
[2026-02-21T13:55:20.212+0000] {processor.py:208} INFO - Processing /opt/airflow/dags/core_osm_table_generator_dag.py took 1.749 seconds
[2026-02-21T13:55:51.019+0000] {processor.py:186} INFO - Started process (PID=1307) to work on /opt/airflow/dags/core_osm_table_generator_dag.py
[2026-02-21T13:55:51.021+0000] {processor.py:914} INFO - Processing file /opt/airflow/dags/core_osm_table_generator_dag.py for tasks to queue
[2026-02-21T13:55:51.023+0000] {logging_mixin.py:190} INFO - [2026-02-21T13:55:51.022+0000] {dagbag.py:588} INFO - Filling up the DagBag from /opt/airflow/dags/core_osm_table_generator_dag.py
[2026-02-21T13:55:51.574+0000] {processor.py:925} INFO - DAG(s) 'core_osm_table_generator' retrieved from /opt/airflow/dags/core_osm_table_generator_dag.py
[2026-02-21T13:55:52.600+0000] {logging_mixin.py:190} INFO - [2026-02-21T13:55:52.600+0000] {dag.py:3239} INFO - Sync 1 DAGs
[2026-02-21T13:55:52.615+0000] {logging_mixin.py:190} INFO - [2026-02-21T13:55:52.614+0000] {dag.py:4180} INFO - Setting next_dagrun for core_osm_table_generator to None, run_after=None
[2026-02-21T13:55:52.625+0000] {processor.py:208} INFO - Processing /opt/airflow/dags/core_osm_table_generator_dag.py took 1.628 seconds
[2026-02-21T14:12:43.278+0000] {processor.py:186} INFO - Started process (PID=1308) to work on /opt/airflow/dags/core_osm_table_generator_dag.py
[2026-02-21T14:12:43.286+0000] {processor.py:914} INFO - Processing file /opt/airflow/dags/core_osm_table_generator_dag.py for tasks to queue
[2026-02-21T14:12:43.287+0000] {logging_mixin.py:190} INFO - [2026-02-21T14:12:43.286+0000] {dagbag.py:588} INFO - Filling up the DagBag from /opt/airflow/dags/core_osm_table_generator_dag.py
[2026-02-21T14:12:43.754+0000] {processor.py:925} INFO - DAG(s) 'core_osm_table_generator' retrieved from /opt/airflow/dags/core_osm_table_generator_dag.py
[2026-02-21T14:12:44.748+0000] {logging_mixin.py:190} INFO - [2026-02-21T14:12:44.748+0000] {dag.py:3239} INFO - Sync 1 DAGs
[2026-02-21T14:12:44.755+0000] {logging_mixin.py:190} INFO - [2026-02-21T14:12:44.755+0000] {dag.py:4180} INFO - Setting next_dagrun for core_osm_table_generator to None, run_after=None
[2026-02-21T14:12:44.766+0000] {processor.py:208} INFO - Processing /opt/airflow/dags/core_osm_table_generator_dag.py took 1.496 seconds
[2026-02-21T14:13:15.124+0000] {processor.py:186} INFO - Started process (PID=1309) to work on /opt/airflow/dags/core_osm_table_generator_dag.py
[2026-02-21T14:13:15.126+0000] {processor.py:914} INFO - Processing file /opt/airflow/dags/core_osm_table_generator_dag.py for tasks to queue
[2026-02-21T14:13:15.127+0000] {logging_mixin.py:190} INFO - [2026-02-21T14:13:15.127+0000] {dagbag.py:588} INFO - Filling up the DagBag from /opt/airflow/dags/core_osm_table_generator_dag.py
[2026-02-21T14:13:15.640+0000] {processor.py:925} INFO - DAG(s) 'core_osm_table_generator' retrieved from /opt/airflow/dags/core_osm_table_generator_dag.py
[2026-02-21T14:13:16.641+0000] {logging_mixin.py:190} INFO - [2026-02-21T14:13:16.641+0000] {dag.py:3239} INFO - Sync 1 DAGs
[2026-02-21T14:13:16.858+0000] {logging_mixin.py:190} INFO - [2026-02-21T14:13:16.857+0000] {dag.py:4180} INFO - Setting next_dagrun for core_osm_table_generator to None, run_after=None
[2026-02-21T14:13:16.868+0000] {processor.py:208} INFO - Processing /opt/airflow/dags/core_osm_table_generator_dag.py took 1.758 seconds
[2026-02-21T14:13:47.075+0000] {processor.py:186} INFO - Started process (PID=1310) to work on /opt/airflow/dags/core_osm_table_generator_dag.py
[2026-02-21T14:13:47.076+0000] {processor.py:914} INFO - Processing file /opt/airflow/dags/core_osm_table_generator_dag.py for tasks to queue
[2026-02-21T14:13:47.078+0000] {logging_mixin.py:190} INFO - [2026-02-21T14:13:47.077+0000] {dagbag.py:588} INFO - Filling up the DagBag from /opt/airflow/dags/core_osm_table_generator_dag.py
[2026-02-21T14:13:47.575+0000] {processor.py:925} INFO - DAG(s) 'core_osm_table_generator' retrieved from /opt/airflow/dags/core_osm_table_generator_dag.py
[2026-02-21T14:13:48.765+0000] {logging_mixin.py:190} INFO - [2026-02-21T14:13:48.765+0000] {dag.py:3239} INFO - Sync 1 DAGs
[2026-02-21T14:13:48.772+0000] {logging_mixin.py:190} INFO - [2026-02-21T14:13:48.772+0000] {dag.py:4180} INFO - Setting next_dagrun for core_osm_table_generator to None, run_after=None
[2026-02-21T14:13:48.780+0000] {processor.py:208} INFO - Processing /opt/airflow/dags/core_osm_table_generator_dag.py took 1.713 seconds
[2026-02-21T14:14:19.138+0000] {processor.py:186} INFO - Started process (PID=1311) to work on /opt/airflow/dags/core_osm_table_generator_dag.py
[2026-02-21T14:14:19.139+0000] {processor.py:914} INFO - Processing file /opt/airflow/dags/core_osm_table_generator_dag.py for tasks to queue
[2026-02-21T14:14:19.140+0000] {logging_mixin.py:190} INFO - [2026-02-21T14:14:19.140+0000] {dagbag.py:588} INFO - Filling up the DagBag from /opt/airflow/dags/core_osm_table_generator_dag.py
[2026-02-21T14:14:19.602+0000] {processor.py:925} INFO - DAG(s) 'core_osm_table_generator' retrieved from /opt/airflow/dags/core_osm_table_generator_dag.py
[2026-02-21T14:14:20.577+0000] {logging_mixin.py:190} INFO - [2026-02-21T14:14:20.576+0000] {dag.py:3239} INFO - Sync 1 DAGs
[2026-02-21T14:14:20.584+0000] {logging_mixin.py:190} INFO - [2026-02-21T14:14:20.584+0000] {dag.py:4180} INFO - Setting next_dagrun for core_osm_table_generator to None, run_after=None
[2026-02-21T14:14:20.590+0000] {processor.py:208} INFO - Processing /opt/airflow/dags/core_osm_table_generator_dag.py took 1.459 seconds
[2026-02-21T14:14:51.480+0000] {processor.py:186} INFO - Started process (PID=1312) to work on /opt/airflow/dags/core_osm_table_generator_dag.py
[2026-02-21T14:14:51.483+0000] {processor.py:914} INFO - Processing file /opt/airflow/dags/core_osm_table_generator_dag.py for tasks to queue
[2026-02-21T14:14:51.485+0000] {logging_mixin.py:190} INFO - [2026-02-21T14:14:51.484+0000] {dagbag.py:588} INFO - Filling up the DagBag from /opt/airflow/dags/core_osm_table_generator_dag.py
[2026-02-21T14:14:51.986+0000] {processor.py:925} INFO - DAG(s) 'core_osm_table_generator' retrieved from /opt/airflow/dags/core_osm_table_generator_dag.py
[2026-02-21T14:14:53.007+0000] {logging_mixin.py:190} INFO - [2026-02-21T14:14:53.007+0000] {dag.py:3239} INFO - Sync 1 DAGs
[2026-02-21T14:14:53.019+0000] {logging_mixin.py:190} INFO - [2026-02-21T14:14:53.019+0000] {dag.py:4180} INFO - Setting next_dagrun for core_osm_table_generator to None, run_after=None
[2026-02-21T14:14:53.032+0000] {processor.py:208} INFO - Processing /opt/airflow/dags/core_osm_table_generator_dag.py took 1.575 seconds
[2026-02-21T14:17:00.959+0000] {processor.py:186} INFO - Started process (PID=1313) to work on /opt/airflow/dags/core_osm_table_generator_dag.py
[2026-02-21T14:17:00.960+0000] {processor.py:914} INFO - Processing file /opt/airflow/dags/core_osm_table_generator_dag.py for tasks to queue
[2026-02-21T14:17:00.961+0000] {logging_mixin.py:190} INFO - [2026-02-21T14:17:00.960+0000] {dagbag.py:588} INFO - Filling up the DagBag from /opt/airflow/dags/core_osm_table_generator_dag.py
[2026-02-21T14:17:01.431+0000] {processor.py:925} INFO - DAG(s) 'core_osm_table_generator' retrieved from /opt/airflow/dags/core_osm_table_generator_dag.py
[2026-02-21T14:17:02.409+0000] {logging_mixin.py:190} INFO - [2026-02-21T14:17:02.409+0000] {dag.py:3239} INFO - Sync 1 DAGs
[2026-02-21T14:17:02.600+0000] {logging_mixin.py:190} INFO - [2026-02-21T14:17:02.600+0000] {dag.py:4180} INFO - Setting next_dagrun for core_osm_table_generator to None, run_after=None
[2026-02-21T14:17:02.608+0000] {processor.py:208} INFO - Processing /opt/airflow/dags/core_osm_table_generator_dag.py took 1.657 seconds
[2026-02-21T14:17:32.829+0000] {processor.py:186} INFO - Started process (PID=1314) to work on /opt/airflow/dags/core_osm_table_generator_dag.py
[2026-02-21T14:17:32.832+0000] {processor.py:914} INFO - Processing file /opt/airflow/dags/core_osm_table_generator_dag.py for tasks to queue
[2026-02-21T14:17:32.836+0000] {logging_mixin.py:190} INFO - [2026-02-21T14:17:32.835+0000] {dagbag.py:588} INFO - Filling up the DagBag from /opt/airflow/dags/core_osm_table_generator_dag.py
[2026-02-21T14:17:33.358+0000] {processor.py:925} INFO - DAG(s) 'core_osm_table_generator' retrieved from /opt/airflow/dags/core_osm_table_generator_dag.py
[2026-02-21T14:17:34.574+0000] {logging_mixin.py:190} INFO - [2026-02-21T14:17:34.574+0000] {dag.py:3239} INFO - Sync 1 DAGs
[2026-02-21T14:17:34.580+0000] {logging_mixin.py:190} INFO - [2026-02-21T14:17:34.580+0000] {dag.py:4180} INFO - Setting next_dagrun for core_osm_table_generator to None, run_after=None
[2026-02-21T14:17:34.587+0000] {processor.py:208} INFO - Processing /opt/airflow/dags/core_osm_table_generator_dag.py took 1.787 seconds
[2026-02-21T14:18:05.014+0000] {processor.py:186} INFO - Started process (PID=1315) to work on /opt/airflow/dags/core_osm_table_generator_dag.py
[2026-02-21T14:18:05.015+0000] {processor.py:914} INFO - Processing file /opt/airflow/dags/core_osm_table_generator_dag.py for tasks to queue
[2026-02-21T14:18:05.016+0000] {logging_mixin.py:190} INFO - [2026-02-21T14:18:05.016+0000] {dagbag.py:588} INFO - Filling up the DagBag from /opt/airflow/dags/core_osm_table_generator_dag.py
[2026-02-21T14:18:05.483+0000] {processor.py:925} INFO - DAG(s) 'core_osm_table_generator' retrieved from /opt/airflow/dags/core_osm_table_generator_dag.py
[2026-02-21T14:18:06.475+0000] {logging_mixin.py:190} INFO - [2026-02-21T14:18:06.475+0000] {dag.py:3239} INFO - Sync 1 DAGs
[2026-02-21T14:18:06.482+0000] {logging_mixin.py:190} INFO - [2026-02-21T14:18:06.482+0000] {dag.py:4180} INFO - Setting next_dagrun for core_osm_table_generator to None, run_after=None
[2026-02-21T14:18:06.489+0000] {processor.py:208} INFO - Processing /opt/airflow/dags/core_osm_table_generator_dag.py took 1.482 seconds
[2026-02-21T14:18:36.647+0000] {processor.py:186} INFO - Started process (PID=1316) to work on /opt/airflow/dags/core_osm_table_generator_dag.py
[2026-02-21T14:18:36.649+0000] {processor.py:914} INFO - Processing file /opt/airflow/dags/core_osm_table_generator_dag.py for tasks to queue
[2026-02-21T14:18:36.650+0000] {logging_mixin.py:190} INFO - [2026-02-21T14:18:36.650+0000] {dagbag.py:588} INFO - Filling up the DagBag from /opt/airflow/dags/core_osm_table_generator_dag.py
[2026-02-21T14:18:37.128+0000] {processor.py:925} INFO - DAG(s) 'core_osm_table_generator' retrieved from /opt/airflow/dags/core_osm_table_generator_dag.py
[2026-02-21T14:18:38.108+0000] {logging_mixin.py:190} INFO - [2026-02-21T14:18:38.107+0000] {dag.py:3239} INFO - Sync 1 DAGs
[2026-02-21T14:18:38.118+0000] {logging_mixin.py:190} INFO - [2026-02-21T14:18:38.117+0000] {dag.py:4180} INFO - Setting next_dagrun for core_osm_table_generator to None, run_after=None
[2026-02-21T14:18:38.125+0000] {processor.py:208} INFO - Processing /opt/airflow/dags/core_osm_table_generator_dag.py took 1.486 seconds
[2026-02-21T14:34:20.139+0000] {processor.py:186} INFO - Started process (PID=1317) to work on /opt/airflow/dags/core_osm_table_generator_dag.py
[2026-02-21T14:34:20.141+0000] {processor.py:914} INFO - Processing file /opt/airflow/dags/core_osm_table_generator_dag.py for tasks to queue
[2026-02-21T14:34:20.143+0000] {logging_mixin.py:190} INFO - [2026-02-21T14:34:20.142+0000] {dagbag.py:588} INFO - Filling up the DagBag from /opt/airflow/dags/core_osm_table_generator_dag.py
[2026-02-21T14:34:20.632+0000] {processor.py:925} INFO - DAG(s) 'core_osm_table_generator' retrieved from /opt/airflow/dags/core_osm_table_generator_dag.py
[2026-02-21T14:34:21.662+0000] {logging_mixin.py:190} INFO - [2026-02-21T14:34:21.661+0000] {dag.py:3239} INFO - Sync 1 DAGs
[2026-02-21T14:34:21.677+0000] {logging_mixin.py:190} INFO - [2026-02-21T14:34:21.677+0000] {dag.py:4180} INFO - Setting next_dagrun for core_osm_table_generator to None, run_after=None
[2026-02-21T14:34:21.875+0000] {processor.py:208} INFO - Processing /opt/airflow/dags/core_osm_table_generator_dag.py took 1.753 seconds
[2026-02-21T14:34:52.294+0000] {processor.py:186} INFO - Started process (PID=1318) to work on /opt/airflow/dags/core_osm_table_generator_dag.py
[2026-02-21T14:34:52.295+0000] {processor.py:914} INFO - Processing file /opt/airflow/dags/core_osm_table_generator_dag.py for tasks to queue
[2026-02-21T14:34:52.296+0000] {logging_mixin.py:190} INFO - [2026-02-21T14:34:52.296+0000] {dagbag.py:588} INFO - Filling up the DagBag from /opt/airflow/dags/core_osm_table_generator_dag.py
[2026-02-21T14:34:52.775+0000] {processor.py:925} INFO - DAG(s) 'core_osm_table_generator' retrieved from /opt/airflow/dags/core_osm_table_generator_dag.py
[2026-02-21T14:34:53.761+0000] {logging_mixin.py:190} INFO - [2026-02-21T14:34:53.761+0000] {dag.py:3239} INFO - Sync 1 DAGs
[2026-02-21T14:34:53.915+0000] {logging_mixin.py:190} INFO - [2026-02-21T14:34:53.915+0000] {dag.py:4180} INFO - Setting next_dagrun for core_osm_table_generator to None, run_after=None
[2026-02-21T14:34:53.923+0000] {processor.py:208} INFO - Processing /opt/airflow/dags/core_osm_table_generator_dag.py took 1.641 seconds
[2026-02-21T14:35:24.291+0000] {processor.py:186} INFO - Started process (PID=1319) to work on /opt/airflow/dags/core_osm_table_generator_dag.py
[2026-02-21T14:35:24.292+0000] {processor.py:914} INFO - Processing file /opt/airflow/dags/core_osm_table_generator_dag.py for tasks to queue
[2026-02-21T14:35:24.293+0000] {logging_mixin.py:190} INFO - [2026-02-21T14:35:24.292+0000] {dagbag.py:588} INFO - Filling up the DagBag from /opt/airflow/dags/core_osm_table_generator_dag.py
[2026-02-21T14:35:24.743+0000] {processor.py:925} INFO - DAG(s) 'core_osm_table_generator' retrieved from /opt/airflow/dags/core_osm_table_generator_dag.py
[2026-02-21T14:35:25.815+0000] {logging_mixin.py:190} INFO - [2026-02-21T14:35:25.814+0000] {dag.py:3239} INFO - Sync 1 DAGs
[2026-02-21T14:35:25.820+0000] {logging_mixin.py:190} INFO - [2026-02-21T14:35:25.820+0000] {dag.py:4180} INFO - Setting next_dagrun for core_osm_table_generator to None, run_after=None
[2026-02-21T14:35:25.826+0000] {processor.py:208} INFO - Processing /opt/airflow/dags/core_osm_table_generator_dag.py took 1.539 seconds
[2026-02-21T14:35:56.217+0000] {processor.py:186} INFO - Started process (PID=1320) to work on /opt/airflow/dags/core_osm_table_generator_dag.py
[2026-02-21T14:35:56.218+0000] {processor.py:914} INFO - Processing file /opt/airflow/dags/core_osm_table_generator_dag.py for tasks to queue
[2026-02-21T14:35:56.220+0000] {logging_mixin.py:190} INFO - [2026-02-21T14:35:56.219+0000] {dagbag.py:588} INFO - Filling up the DagBag from /opt/airflow/dags/core_osm_table_generator_dag.py
[2026-02-21T14:35:56.701+0000] {processor.py:925} INFO - DAG(s) 'core_osm_table_generator' retrieved from /opt/airflow/dags/core_osm_table_generator_dag.py
[2026-02-21T14:35:57.694+0000] {logging_mixin.py:190} INFO - [2026-02-21T14:35:57.694+0000] {dag.py:3239} INFO - Sync 1 DAGs
[2026-02-21T14:35:57.705+0000] {logging_mixin.py:190} INFO - [2026-02-21T14:35:57.705+0000] {dag.py:4180} INFO - Setting next_dagrun for core_osm_table_generator to None, run_after=None
[2026-02-21T14:35:57.714+0000] {processor.py:208} INFO - Processing /opt/airflow/dags/core_osm_table_generator_dag.py took 1.510 seconds
[2026-02-21T14:36:28.015+0000] {processor.py:186} INFO - Started process (PID=1321) to work on /opt/airflow/dags/core_osm_table_generator_dag.py
[2026-02-21T14:36:28.015+0000] {processor.py:914} INFO - Processing file /opt/airflow/dags/core_osm_table_generator_dag.py for tasks to queue
[2026-02-21T14:36:28.016+0000] {logging_mixin.py:190} INFO - [2026-02-21T14:36:28.016+0000] {dagbag.py:588} INFO - Filling up the DagBag from /opt/airflow/dags/core_osm_table_generator_dag.py
[2026-02-21T14:36:29.357+0000] {processor.py:925} INFO - DAG(s) 'core_osm_table_generator' retrieved from /opt/airflow/dags/core_osm_table_generator_dag.py
[2026-02-21T14:36:31.041+0000] {logging_mixin.py:190} INFO - [2026-02-21T14:36:31.003+0000] {dag.py:3239} INFO - Sync 1 DAGs
[2026-02-21T14:36:31.886+0000] {logging_mixin.py:190} INFO - [2026-02-21T14:36:31.879+0000] {dag.py:4180} INFO - Setting next_dagrun for core_osm_table_generator to None, run_after=None
[2026-02-21T14:36:32.217+0000] {processor.py:208} INFO - Processing /opt/airflow/dags/core_osm_table_generator_dag.py took 4.207 seconds
[2026-02-21T14:51:52.699+0000] {processor.py:186} INFO - Started process (PID=1322) to work on /opt/airflow/dags/core_osm_table_generator_dag.py
[2026-02-21T14:51:52.700+0000] {processor.py:914} INFO - Processing file /opt/airflow/dags/core_osm_table_generator_dag.py for tasks to queue
[2026-02-21T14:51:52.702+0000] {logging_mixin.py:190} INFO - [2026-02-21T14:51:52.701+0000] {dagbag.py:588} INFO - Filling up the DagBag from /opt/airflow/dags/core_osm_table_generator_dag.py
[2026-02-21T14:51:53.173+0000] {processor.py:925} INFO - DAG(s) 'core_osm_table_generator' retrieved from /opt/airflow/dags/core_osm_table_generator_dag.py
[2026-02-21T14:51:54.166+0000] {logging_mixin.py:190} INFO - [2026-02-21T14:51:54.166+0000] {dag.py:3239} INFO - Sync 1 DAGs
[2026-02-21T14:51:54.304+0000] {logging_mixin.py:190} INFO - [2026-02-21T14:51:54.304+0000] {dag.py:4180} INFO - Setting next_dagrun for core_osm_table_generator to None, run_after=None
[2026-02-21T14:51:54.311+0000] {processor.py:208} INFO - Processing /opt/airflow/dags/core_osm_table_generator_dag.py took 1.622 seconds
[2026-02-21T14:52:24.581+0000] {processor.py:186} INFO - Started process (PID=1323) to work on /opt/airflow/dags/core_osm_table_generator_dag.py
[2026-02-21T14:52:24.582+0000] {processor.py:914} INFO - Processing file /opt/airflow/dags/core_osm_table_generator_dag.py for tasks to queue
[2026-02-21T14:52:24.584+0000] {logging_mixin.py:190} INFO - [2026-02-21T14:52:24.583+0000] {dagbag.py:588} INFO - Filling up the DagBag from /opt/airflow/dags/core_osm_table_generator_dag.py
[2026-02-21T14:52:25.105+0000] {processor.py:925} INFO - DAG(s) 'core_osm_table_generator' retrieved from /opt/airflow/dags/core_osm_table_generator_dag.py
[2026-02-21T14:52:26.317+0000] {logging_mixin.py:190} INFO - [2026-02-21T14:52:26.317+0000] {dag.py:3239} INFO - Sync 1 DAGs
[2026-02-21T14:52:26.324+0000] {logging_mixin.py:190} INFO - [2026-02-21T14:52:26.324+0000] {dag.py:4180} INFO - Setting next_dagrun for core_osm_table_generator to None, run_after=None
[2026-02-21T14:52:26.331+0000] {processor.py:208} INFO - Processing /opt/airflow/dags/core_osm_table_generator_dag.py took 1.761 seconds
[2026-02-21T14:52:56.861+0000] {processor.py:186} INFO - Started process (PID=1324) to work on /opt/airflow/dags/core_osm_table_generator_dag.py
[2026-02-21T14:52:56.862+0000] {processor.py:914} INFO - Processing file /opt/airflow/dags/core_osm_table_generator_dag.py for tasks to queue
[2026-02-21T14:52:56.863+0000] {logging_mixin.py:190} INFO - [2026-02-21T14:52:56.863+0000] {dagbag.py:588} INFO - Filling up the DagBag from /opt/airflow/dags/core_osm_table_generator_dag.py
[2026-02-21T14:52:57.330+0000] {processor.py:925} INFO - DAG(s) 'core_osm_table_generator' retrieved from /opt/airflow/dags/core_osm_table_generator_dag.py
[2026-02-21T14:52:58.317+0000] {logging_mixin.py:190} INFO - [2026-02-21T14:52:58.317+0000] {dag.py:3239} INFO - Sync 1 DAGs
[2026-02-21T14:52:58.326+0000] {logging_mixin.py:190} INFO - [2026-02-21T14:52:58.326+0000] {dag.py:4180} INFO - Setting next_dagrun for core_osm_table_generator to None, run_after=None
[2026-02-21T14:52:58.334+0000] {processor.py:208} INFO - Processing /opt/airflow/dags/core_osm_table_generator_dag.py took 1.479 seconds
[2026-02-21T14:53:28.421+0000] {processor.py:186} INFO - Started process (PID=1325) to work on /opt/airflow/dags/core_osm_table_generator_dag.py
[2026-02-21T14:53:28.422+0000] {processor.py:914} INFO - Processing file /opt/airflow/dags/core_osm_table_generator_dag.py for tasks to queue
[2026-02-21T14:53:28.423+0000] {logging_mixin.py:190} INFO - [2026-02-21T14:53:28.423+0000] {dagbag.py:588} INFO - Filling up the DagBag from /opt/airflow/dags/core_osm_table_generator_dag.py
[2026-02-21T14:53:28.884+0000] {processor.py:925} INFO - DAG(s) 'core_osm_table_generator' retrieved from /opt/airflow/dags/core_osm_table_generator_dag.py
[2026-02-21T14:53:29.871+0000] {logging_mixin.py:190} INFO - [2026-02-21T14:53:29.871+0000] {dag.py:3239} INFO - Sync 1 DAGs
[2026-02-21T14:53:29.879+0000] {logging_mixin.py:190} INFO - [2026-02-21T14:53:29.879+0000] {dag.py:4180} INFO - Setting next_dagrun for core_osm_table_generator to None, run_after=None
[2026-02-21T14:53:29.886+0000] {processor.py:208} INFO - Processing /opt/airflow/dags/core_osm_table_generator_dag.py took 1.475 seconds
[2026-02-21T14:54:00.152+0000] {processor.py:186} INFO - Started process (PID=1326) to work on /opt/airflow/dags/core_osm_table_generator_dag.py
[2026-02-21T14:54:00.154+0000] {processor.py:914} INFO - Processing file /opt/airflow/dags/core_osm_table_generator_dag.py for tasks to queue
[2026-02-21T14:54:00.156+0000] {logging_mixin.py:190} INFO - [2026-02-21T14:54:00.155+0000] {dagbag.py:588} INFO - Filling up the DagBag from /opt/airflow/dags/core_osm_table_generator_dag.py
[2026-02-21T14:54:00.774+0000] {processor.py:925} INFO - DAG(s) 'core_osm_table_generator' retrieved from /opt/airflow/dags/core_osm_table_generator_dag.py
[2026-02-21T14:54:01.869+0000] {logging_mixin.py:190} INFO - [2026-02-21T14:54:01.869+0000] {dag.py:3239} INFO - Sync 1 DAGs
[2026-02-21T14:54:01.886+0000] {logging_mixin.py:190} INFO - [2026-02-21T14:54:01.885+0000] {dag.py:4180} INFO - Setting next_dagrun for core_osm_table_generator to None, run_after=None
[2026-02-21T14:54:01.910+0000] {processor.py:208} INFO - Processing /opt/airflow/dags/core_osm_table_generator_dag.py took 1.777 seconds
[2026-02-21T15:09:40.925+0000] {processor.py:186} INFO - Started process (PID=1327) to work on /opt/airflow/dags/core_osm_table_generator_dag.py
[2026-02-21T15:09:40.926+0000] {processor.py:914} INFO - Processing file /opt/airflow/dags/core_osm_table_generator_dag.py for tasks to queue
[2026-02-21T15:09:40.927+0000] {logging_mixin.py:190} INFO - [2026-02-21T15:09:40.927+0000] {dagbag.py:588} INFO - Filling up the DagBag from /opt/airflow/dags/core_osm_table_generator_dag.py
[2026-02-21T15:09:41.405+0000] {processor.py:925} INFO - DAG(s) 'core_osm_table_generator' retrieved from /opt/airflow/dags/core_osm_table_generator_dag.py
[2026-02-21T15:09:42.402+0000] {logging_mixin.py:190} INFO - [2026-02-21T15:09:42.401+0000] {dag.py:3239} INFO - Sync 1 DAGs
[2026-02-21T15:09:42.409+0000] {logging_mixin.py:190} INFO - [2026-02-21T15:09:42.409+0000] {dag.py:4180} INFO - Setting next_dagrun for core_osm_table_generator to None, run_after=None
[2026-02-21T15:09:42.416+0000] {processor.py:208} INFO - Processing /opt/airflow/dags/core_osm_table_generator_dag.py took 1.500 seconds
[2026-02-21T15:10:12.793+0000] {processor.py:186} INFO - Started process (PID=1328) to work on /opt/airflow/dags/core_osm_table_generator_dag.py
[2026-02-21T15:10:12.796+0000] {processor.py:914} INFO - Processing file /opt/airflow/dags/core_osm_table_generator_dag.py for tasks to queue
[2026-02-21T15:10:12.798+0000] {logging_mixin.py:190} INFO - [2026-02-21T15:10:12.797+0000] {dagbag.py:588} INFO - Filling up the DagBag from /opt/airflow/dags/core_osm_table_generator_dag.py
[2026-02-21T15:10:13.300+0000] {processor.py:925} INFO - DAG(s) 'core_osm_table_generator' retrieved from /opt/airflow/dags/core_osm_table_generator_dag.py
[2026-02-21T15:10:14.309+0000] {logging_mixin.py:190} INFO - [2026-02-21T15:10:14.309+0000] {dag.py:3239} INFO - Sync 1 DAGs
[2026-02-21T15:10:14.321+0000] {logging_mixin.py:190} INFO - [2026-02-21T15:10:14.321+0000] {dag.py:4180} INFO - Setting next_dagrun for core_osm_table_generator to None, run_after=None
[2026-02-21T15:10:14.330+0000] {processor.py:208} INFO - Processing /opt/airflow/dags/core_osm_table_generator_dag.py took 1.548 seconds
[2026-02-21T15:10:44.730+0000] {processor.py:186} INFO - Started process (PID=1329) to work on /opt/airflow/dags/core_osm_table_generator_dag.py
[2026-02-21T15:10:44.731+0000] {processor.py:914} INFO - Processing file /opt/airflow/dags/core_osm_table_generator_dag.py for tasks to queue
[2026-02-21T15:10:44.732+0000] {logging_mixin.py:190} INFO - [2026-02-21T15:10:44.732+0000] {dagbag.py:588} INFO - Filling up the DagBag from /opt/airflow/dags/core_osm_table_generator_dag.py
[2026-02-21T15:10:45.193+0000] {processor.py:925} INFO - DAG(s) 'core_osm_table_generator' retrieved from /opt/airflow/dags/core_osm_table_generator_dag.py
[2026-02-21T15:10:46.174+0000] {logging_mixin.py:190} INFO - [2026-02-21T15:10:46.174+0000] {dag.py:3239} INFO - Sync 1 DAGs
[2026-02-21T15:10:46.183+0000] {logging_mixin.py:190} INFO - [2026-02-21T15:10:46.183+0000] {dag.py:4180} INFO - Setting next_dagrun for core_osm_table_generator to None, run_after=None
[2026-02-21T15:10:46.189+0000] {processor.py:208} INFO - Processing /opt/airflow/dags/core_osm_table_generator_dag.py took 1.467 seconds
[2026-02-21T15:11:16.546+0000] {processor.py:186} INFO - Started process (PID=1330) to work on /opt/airflow/dags/core_osm_table_generator_dag.py
[2026-02-21T15:11:16.549+0000] {processor.py:914} INFO - Processing file /opt/airflow/dags/core_osm_table_generator_dag.py for tasks to queue
[2026-02-21T15:11:16.553+0000] {logging_mixin.py:190} INFO - [2026-02-21T15:11:16.552+0000] {dagbag.py:588} INFO - Filling up the DagBag from /opt/airflow/dags/core_osm_table_generator_dag.py
[2026-02-21T15:11:17.111+0000] {processor.py:925} INFO - DAG(s) 'core_osm_table_generator' retrieved from /opt/airflow/dags/core_osm_table_generator_dag.py
[2026-02-21T15:11:18.126+0000] {logging_mixin.py:190} INFO - [2026-02-21T15:11:18.126+0000] {dag.py:3239} INFO - Sync 1 DAGs
[2026-02-21T15:11:18.156+0000] {logging_mixin.py:190} INFO - [2026-02-21T15:11:18.156+0000] {dag.py:4180} INFO - Setting next_dagrun for core_osm_table_generator to None, run_after=None
[2026-02-21T15:11:18.168+0000] {processor.py:208} INFO - Processing /opt/airflow/dags/core_osm_table_generator_dag.py took 1.659 seconds
[2026-02-21T15:17:42.951+0000] {processor.py:186} INFO - Started process (PID=1331) to work on /opt/airflow/dags/core_osm_table_generator_dag.py
[2026-02-21T15:17:42.952+0000] {processor.py:914} INFO - Processing file /opt/airflow/dags/core_osm_table_generator_dag.py for tasks to queue
[2026-02-21T15:17:42.954+0000] {logging_mixin.py:190} INFO - [2026-02-21T15:17:42.953+0000] {dagbag.py:588} INFO - Filling up the DagBag from /opt/airflow/dags/core_osm_table_generator_dag.py
[2026-02-21T15:17:44.027+0000] {processor.py:925} INFO - DAG(s) 'core_osm_table_generator' retrieved from /opt/airflow/dags/core_osm_table_generator_dag.py
[2026-02-21T15:17:45.187+0000] {logging_mixin.py:190} INFO - [2026-02-21T15:17:45.187+0000] {dag.py:3239} INFO - Sync 1 DAGs
[2026-02-21T15:17:45.218+0000] {logging_mixin.py:190} INFO - [2026-02-21T15:17:45.218+0000] {dag.py:4180} INFO - Setting next_dagrun for core_osm_table_generator to None, run_after=None
[2026-02-21T15:17:45.230+0000] {processor.py:208} INFO - Processing /opt/airflow/dags/core_osm_table_generator_dag.py took 2.288 seconds
[2026-02-21T15:18:15.421+0000] {processor.py:186} INFO - Started process (PID=1332) to work on /opt/airflow/dags/core_osm_table_generator_dag.py
[2026-02-21T15:18:15.424+0000] {processor.py:914} INFO - Processing file /opt/airflow/dags/core_osm_table_generator_dag.py for tasks to queue
[2026-02-21T15:18:15.426+0000] {logging_mixin.py:190} INFO - [2026-02-21T15:18:15.425+0000] {dagbag.py:588} INFO - Filling up the DagBag from /opt/airflow/dags/core_osm_table_generator_dag.py
[2026-02-21T15:18:15.987+0000] {processor.py:925} INFO - DAG(s) 'core_osm_table_generator' retrieved from /opt/airflow/dags/core_osm_table_generator_dag.py
[2026-02-21T15:18:17.017+0000] {logging_mixin.py:190} INFO - [2026-02-21T15:18:17.017+0000] {dag.py:3239} INFO - Sync 1 DAGs
[2026-02-21T15:18:17.041+0000] {logging_mixin.py:190} INFO - [2026-02-21T15:18:17.041+0000] {dag.py:4180} INFO - Setting next_dagrun for core_osm_table_generator to None, run_after=None
[2026-02-21T15:18:17.052+0000] {processor.py:208} INFO - Processing /opt/airflow/dags/core_osm_table_generator_dag.py took 1.659 seconds
[2026-02-21T15:18:47.455+0000] {processor.py:186} INFO - Started process (PID=1333) to work on /opt/airflow/dags/core_osm_table_generator_dag.py
[2026-02-21T15:18:47.457+0000] {processor.py:914} INFO - Processing file /opt/airflow/dags/core_osm_table_generator_dag.py for tasks to queue
[2026-02-21T15:18:47.459+0000] {logging_mixin.py:190} INFO - [2026-02-21T15:18:47.459+0000] {dagbag.py:588} INFO - Filling up the DagBag from /opt/airflow/dags/core_osm_table_generator_dag.py
[2026-02-21T15:18:47.931+0000] {processor.py:925} INFO - DAG(s) 'core_osm_table_generator' retrieved from /opt/airflow/dags/core_osm_table_generator_dag.py
[2026-02-21T15:18:48.922+0000] {logging_mixin.py:190} INFO - [2026-02-21T15:18:48.922+0000] {dag.py:3239} INFO - Sync 1 DAGs
[2026-02-21T15:18:48.934+0000] {logging_mixin.py:190} INFO - [2026-02-21T15:18:48.934+0000] {dag.py:4180} INFO - Setting next_dagrun for core_osm_table_generator to None, run_after=None
[2026-02-21T15:18:48.942+0000] {processor.py:208} INFO - Processing /opt/airflow/dags/core_osm_table_generator_dag.py took 1.500 seconds
[2026-02-21T15:19:19.333+0000] {processor.py:186} INFO - Started process (PID=1334) to work on /opt/airflow/dags/core_osm_table_generator_dag.py
[2026-02-21T15:19:19.335+0000] {processor.py:914} INFO - Processing file /opt/airflow/dags/core_osm_table_generator_dag.py for tasks to queue
[2026-02-21T15:19:19.336+0000] {logging_mixin.py:190} INFO - [2026-02-21T15:19:19.336+0000] {dagbag.py:588} INFO - Filling up the DagBag from /opt/airflow/dags/core_osm_table_generator_dag.py
[2026-02-21T15:19:19.817+0000] {processor.py:925} INFO - DAG(s) 'core_osm_table_generator' retrieved from /opt/airflow/dags/core_osm_table_generator_dag.py
[2026-02-21T15:19:20.820+0000] {logging_mixin.py:190} INFO - [2026-02-21T15:19:20.820+0000] {dag.py:3239} INFO - Sync 1 DAGs
[2026-02-21T15:19:20.831+0000] {logging_mixin.py:190} INFO - [2026-02-21T15:19:20.831+0000] {dag.py:4180} INFO - Setting next_dagrun for core_osm_table_generator to None, run_after=None
[2026-02-21T15:19:20.843+0000] {processor.py:208} INFO - Processing /opt/airflow/dags/core_osm_table_generator_dag.py took 1.517 seconds
[2026-02-21T15:19:51.107+0000] {processor.py:186} INFO - Started process (PID=1335) to work on /opt/airflow/dags/core_osm_table_generator_dag.py
[2026-02-21T15:19:51.109+0000] {processor.py:914} INFO - Processing file /opt/airflow/dags/core_osm_table_generator_dag.py for tasks to queue
[2026-02-21T15:19:51.111+0000] {logging_mixin.py:190} INFO - [2026-02-21T15:19:51.110+0000] {dagbag.py:588} INFO - Filling up the DagBag from /opt/airflow/dags/core_osm_table_generator_dag.py
[2026-02-21T15:19:51.626+0000] {processor.py:925} INFO - DAG(s) 'core_osm_table_generator' retrieved from /opt/airflow/dags/core_osm_table_generator_dag.py
[2026-02-21T15:19:52.895+0000] {logging_mixin.py:190} INFO - [2026-02-21T15:19:52.895+0000] {dag.py:3239} INFO - Sync 1 DAGs
[2026-02-21T15:19:52.910+0000] {logging_mixin.py:190} INFO - [2026-02-21T15:19:52.910+0000] {dag.py:4180} INFO - Setting next_dagrun for core_osm_table_generator to None, run_after=None
[2026-02-21T15:19:52.927+0000] {processor.py:208} INFO - Processing /opt/airflow/dags/core_osm_table_generator_dag.py took 1.830 seconds
[2026-02-21T15:26:27.075+0000] {processor.py:186} INFO - Started process (PID=1336) to work on /opt/airflow/dags/core_osm_table_generator_dag.py
[2026-02-21T15:26:27.077+0000] {processor.py:914} INFO - Processing file /opt/airflow/dags/core_osm_table_generator_dag.py for tasks to queue
[2026-02-21T15:26:27.079+0000] {logging_mixin.py:190} INFO - [2026-02-21T15:26:27.078+0000] {dagbag.py:588} INFO - Filling up the DagBag from /opt/airflow/dags/core_osm_table_generator_dag.py
[2026-02-21T15:26:27.576+0000] {processor.py:925} INFO - DAG(s) 'core_osm_table_generator' retrieved from /opt/airflow/dags/core_osm_table_generator_dag.py
[2026-02-21T15:26:28.563+0000] {logging_mixin.py:190} INFO - [2026-02-21T15:26:28.563+0000] {dag.py:3239} INFO - Sync 1 DAGs
[2026-02-21T15:26:28.571+0000] {logging_mixin.py:190} INFO - [2026-02-21T15:26:28.571+0000] {dag.py:4180} INFO - Setting next_dagrun for core_osm_table_generator to None, run_after=None
[2026-02-21T15:26:28.579+0000] {processor.py:208} INFO - Processing /opt/airflow/dags/core_osm_table_generator_dag.py took 1.515 seconds
[2026-02-21T15:26:58.950+0000] {processor.py:186} INFO - Started process (PID=1337) to work on /opt/airflow/dags/core_osm_table_generator_dag.py
[2026-02-21T15:26:58.952+0000] {processor.py:914} INFO - Processing file /opt/airflow/dags/core_osm_table_generator_dag.py for tasks to queue
[2026-02-21T15:26:58.954+0000] {logging_mixin.py:190} INFO - [2026-02-21T15:26:58.953+0000] {dagbag.py:588} INFO - Filling up the DagBag from /opt/airflow/dags/core_osm_table_generator_dag.py
[2026-02-21T15:26:59.468+0000] {processor.py:925} INFO - DAG(s) 'core_osm_table_generator' retrieved from /opt/airflow/dags/core_osm_table_generator_dag.py
[2026-02-21T15:27:00.482+0000] {logging_mixin.py:190} INFO - [2026-02-21T15:27:00.482+0000] {dag.py:3239} INFO - Sync 1 DAGs
[2026-02-21T15:27:00.494+0000] {logging_mixin.py:190} INFO - [2026-02-21T15:27:00.494+0000] {dag.py:4180} INFO - Setting next_dagrun for core_osm_table_generator to None, run_after=None
[2026-02-21T15:27:00.504+0000] {processor.py:208} INFO - Processing /opt/airflow/dags/core_osm_table_generator_dag.py took 1.569 seconds
[2026-02-21T15:27:31.186+0000] {processor.py:186} INFO - Started process (PID=1338) to work on /opt/airflow/dags/core_osm_table_generator_dag.py
[2026-02-21T15:27:31.188+0000] {processor.py:914} INFO - Processing file /opt/airflow/dags/core_osm_table_generator_dag.py for tasks to queue
[2026-02-21T15:27:31.190+0000] {logging_mixin.py:190} INFO - [2026-02-21T15:27:31.189+0000] {dagbag.py:588} INFO - Filling up the DagBag from /opt/airflow/dags/core_osm_table_generator_dag.py
[2026-02-21T15:27:31.746+0000] {processor.py:925} INFO - DAG(s) 'core_osm_table_generator' retrieved from /opt/airflow/dags/core_osm_table_generator_dag.py
[2026-02-21T15:27:32.788+0000] {logging_mixin.py:190} INFO - [2026-02-21T15:27:32.787+0000] {dag.py:3239} INFO - Sync 1 DAGs
[2026-02-21T15:27:32.801+0000] {logging_mixin.py:190} INFO - [2026-02-21T15:27:32.801+0000] {dag.py:4180} INFO - Setting next_dagrun for core_osm_table_generator to None, run_after=None
[2026-02-21T15:27:32.812+0000] {processor.py:208} INFO - Processing /opt/airflow/dags/core_osm_table_generator_dag.py took 1.641 seconds
[2026-02-21T15:28:03.296+0000] {processor.py:186} INFO - Started process (PID=1339) to work on /opt/airflow/dags/core_osm_table_generator_dag.py
[2026-02-21T15:28:03.298+0000] {processor.py:914} INFO - Processing file /opt/airflow/dags/core_osm_table_generator_dag.py for tasks to queue
[2026-02-21T15:28:03.299+0000] {logging_mixin.py:190} INFO - [2026-02-21T15:28:03.299+0000] {dagbag.py:588} INFO - Filling up the DagBag from /opt/airflow/dags/core_osm_table_generator_dag.py
[2026-02-21T15:28:03.793+0000] {processor.py:925} INFO - DAG(s) 'core_osm_table_generator' retrieved from /opt/airflow/dags/core_osm_table_generator_dag.py
[2026-02-21T15:28:04.812+0000] {logging_mixin.py:190} INFO - [2026-02-21T15:28:04.812+0000] {dag.py:3239} INFO - Sync 1 DAGs
[2026-02-21T15:28:04.828+0000] {logging_mixin.py:190} INFO - [2026-02-21T15:28:04.827+0000] {dag.py:4180} INFO - Setting next_dagrun for core_osm_table_generator to None, run_after=None
[2026-02-21T15:28:04.837+0000] {processor.py:208} INFO - Processing /opt/airflow/dags/core_osm_table_generator_dag.py took 1.578 seconds
[2026-02-21T15:44:37.238+0000] {processor.py:186} INFO - Started process (PID=1340) to work on /opt/airflow/dags/core_osm_table_generator_dag.py
[2026-02-21T15:44:37.239+0000] {processor.py:914} INFO - Processing file /opt/airflow/dags/core_osm_table_generator_dag.py for tasks to queue
[2026-02-21T15:44:37.240+0000] {logging_mixin.py:190} INFO - [2026-02-21T15:44:37.240+0000] {dagbag.py:588} INFO - Filling up the DagBag from /opt/airflow/dags/core_osm_table_generator_dag.py
[2026-02-21T15:44:37.774+0000] {processor.py:925} INFO - DAG(s) 'core_osm_table_generator' retrieved from /opt/airflow/dags/core_osm_table_generator_dag.py
[2026-02-21T15:44:38.810+0000] {logging_mixin.py:190} INFO - [2026-02-21T15:44:38.810+0000] {dag.py:3239} INFO - Sync 1 DAGs
[2026-02-21T15:44:38.823+0000] {logging_mixin.py:190} INFO - [2026-02-21T15:44:38.823+0000] {dag.py:4180} INFO - Setting next_dagrun for core_osm_table_generator to None, run_after=None
[2026-02-21T15:44:38.833+0000] {processor.py:208} INFO - Processing /opt/airflow/dags/core_osm_table_generator_dag.py took 1.604 seconds
[2026-02-21T15:45:09.329+0000] {processor.py:186} INFO - Started process (PID=1341) to work on /opt/airflow/dags/core_osm_table_generator_dag.py
[2026-02-21T15:45:09.330+0000] {processor.py:914} INFO - Processing file /opt/airflow/dags/core_osm_table_generator_dag.py for tasks to queue
[2026-02-21T15:45:09.332+0000] {logging_mixin.py:190} INFO - [2026-02-21T15:45:09.332+0000] {dagbag.py:588} INFO - Filling up the DagBag from /opt/airflow/dags/core_osm_table_generator_dag.py
[2026-02-21T15:45:09.868+0000] {processor.py:925} INFO - DAG(s) 'core_osm_table_generator' retrieved from /opt/airflow/dags/core_osm_table_generator_dag.py
[2026-02-21T15:45:10.937+0000] {logging_mixin.py:190} INFO - [2026-02-21T15:45:10.936+0000] {dag.py:3239} INFO - Sync 1 DAGs
[2026-02-21T15:45:10.952+0000] {logging_mixin.py:190} INFO - [2026-02-21T15:45:10.952+0000] {dag.py:4180} INFO - Setting next_dagrun for core_osm_table_generator to None, run_after=None
[2026-02-21T15:45:10.963+0000] {processor.py:208} INFO - Processing /opt/airflow/dags/core_osm_table_generator_dag.py took 1.644 seconds
[2026-02-21T15:45:41.344+0000] {processor.py:186} INFO - Started process (PID=1342) to work on /opt/airflow/dags/core_osm_table_generator_dag.py
[2026-02-21T15:45:41.345+0000] {processor.py:914} INFO - Processing file /opt/airflow/dags/core_osm_table_generator_dag.py for tasks to queue
[2026-02-21T15:45:41.347+0000] {logging_mixin.py:190} INFO - [2026-02-21T15:45:41.346+0000] {dagbag.py:588} INFO - Filling up the DagBag from /opt/airflow/dags/core_osm_table_generator_dag.py
[2026-02-21T15:45:41.856+0000] {processor.py:925} INFO - DAG(s) 'core_osm_table_generator' retrieved from /opt/airflow/dags/core_osm_table_generator_dag.py
[2026-02-21T15:45:42.872+0000] {logging_mixin.py:190} INFO - [2026-02-21T15:45:42.872+0000] {dag.py:3239} INFO - Sync 1 DAGs
[2026-02-21T15:45:42.881+0000] {logging_mixin.py:190} INFO - [2026-02-21T15:45:42.881+0000] {dag.py:4180} INFO - Setting next_dagrun for core_osm_table_generator to None, run_after=None
[2026-02-21T15:45:42.889+0000] {processor.py:208} INFO - Processing /opt/airflow/dags/core_osm_table_generator_dag.py took 1.555 seconds
[2026-02-21T15:46:13.176+0000] {processor.py:186} INFO - Started process (PID=1343) to work on /opt/airflow/dags/core_osm_table_generator_dag.py
[2026-02-21T15:46:13.177+0000] {processor.py:914} INFO - Processing file /opt/airflow/dags/core_osm_table_generator_dag.py for tasks to queue
[2026-02-21T15:46:13.178+0000] {logging_mixin.py:190} INFO - [2026-02-21T15:46:13.178+0000] {dagbag.py:588} INFO - Filling up the DagBag from /opt/airflow/dags/core_osm_table_generator_dag.py
[2026-02-21T15:46:13.644+0000] {processor.py:925} INFO - DAG(s) 'core_osm_table_generator' retrieved from /opt/airflow/dags/core_osm_table_generator_dag.py
[2026-02-21T15:46:14.621+0000] {logging_mixin.py:190} INFO - [2026-02-21T15:46:14.620+0000] {dag.py:3239} INFO - Sync 1 DAGs
[2026-02-21T15:46:14.630+0000] {logging_mixin.py:190} INFO - [2026-02-21T15:46:14.630+0000] {dag.py:4180} INFO - Setting next_dagrun for core_osm_table_generator to None, run_after=None
[2026-02-21T15:46:14.637+0000] {processor.py:208} INFO - Processing /opt/airflow/dags/core_osm_table_generator_dag.py took 1.468 seconds
[2026-02-21T15:46:45.036+0000] {processor.py:186} INFO - Started process (PID=1344) to work on /opt/airflow/dags/core_osm_table_generator_dag.py
[2026-02-21T15:46:45.042+0000] {processor.py:914} INFO - Processing file /opt/airflow/dags/core_osm_table_generator_dag.py for tasks to queue
[2026-02-21T15:46:45.053+0000] {logging_mixin.py:190} INFO - [2026-02-21T15:46:45.051+0000] {dagbag.py:588} INFO - Filling up the DagBag from /opt/airflow/dags/core_osm_table_generator_dag.py
[2026-02-21T15:46:45.561+0000] {processor.py:925} INFO - DAG(s) 'core_osm_table_generator' retrieved from /opt/airflow/dags/core_osm_table_generator_dag.py
[2026-02-21T15:46:46.591+0000] {logging_mixin.py:190} INFO - [2026-02-21T15:46:46.591+0000] {dag.py:3239} INFO - Sync 1 DAGs
[2026-02-21T15:46:46.603+0000] {logging_mixin.py:190} INFO - [2026-02-21T15:46:46.603+0000] {dag.py:4180} INFO - Setting next_dagrun for core_osm_table_generator to None, run_after=None
[2026-02-21T15:46:46.613+0000] {processor.py:208} INFO - Processing /opt/airflow/dags/core_osm_table_generator_dag.py took 1.590 seconds
[2026-02-21T15:47:16.843+0000] {processor.py:186} INFO - Started process (PID=1345) to work on /opt/airflow/dags/core_osm_table_generator_dag.py
[2026-02-21T15:47:16.845+0000] {processor.py:914} INFO - Processing file /opt/airflow/dags/core_osm_table_generator_dag.py for tasks to queue
[2026-02-21T15:47:16.847+0000] {logging_mixin.py:190} INFO - [2026-02-21T15:47:16.846+0000] {dagbag.py:588} INFO - Filling up the DagBag from /opt/airflow/dags/core_osm_table_generator_dag.py
[2026-02-21T15:47:17.363+0000] {processor.py:925} INFO - DAG(s) 'core_osm_table_generator' retrieved from /opt/airflow/dags/core_osm_table_generator_dag.py
[2026-02-21T15:47:18.380+0000] {logging_mixin.py:190} INFO - [2026-02-21T15:47:18.380+0000] {dag.py:3239} INFO - Sync 1 DAGs
[2026-02-21T15:47:18.393+0000] {logging_mixin.py:190} INFO - [2026-02-21T15:47:18.393+0000] {dag.py:4180} INFO - Setting next_dagrun for core_osm_table_generator to None, run_after=None
[2026-02-21T15:47:18.402+0000] {processor.py:208} INFO - Processing /opt/airflow/dags/core_osm_table_generator_dag.py took 1.573 seconds
[2026-02-21T16:03:41.290+0000] {processor.py:186} INFO - Started process (PID=1346) to work on /opt/airflow/dags/core_osm_table_generator_dag.py
[2026-02-21T16:03:41.291+0000] {processor.py:914} INFO - Processing file /opt/airflow/dags/core_osm_table_generator_dag.py for tasks to queue
[2026-02-21T16:03:41.292+0000] {logging_mixin.py:190} INFO - [2026-02-21T16:03:41.292+0000] {dagbag.py:588} INFO - Filling up the DagBag from /opt/airflow/dags/core_osm_table_generator_dag.py
[2026-02-21T16:03:41.822+0000] {processor.py:925} INFO - DAG(s) 'core_osm_table_generator' retrieved from /opt/airflow/dags/core_osm_table_generator_dag.py
[2026-02-21T16:03:42.840+0000] {logging_mixin.py:190} INFO - [2026-02-21T16:03:42.840+0000] {dag.py:3239} INFO - Sync 1 DAGs
[2026-02-21T16:03:42.852+0000] {logging_mixin.py:190} INFO - [2026-02-21T16:03:42.852+0000] {dag.py:4180} INFO - Setting next_dagrun for core_osm_table_generator to None, run_after=None
[2026-02-21T16:03:42.862+0000] {processor.py:208} INFO - Processing /opt/airflow/dags/core_osm_table_generator_dag.py took 1.580 seconds
[2026-02-21T16:04:13.313+0000] {processor.py:186} INFO - Started process (PID=1347) to work on /opt/airflow/dags/core_osm_table_generator_dag.py
[2026-02-21T16:04:13.315+0000] {processor.py:914} INFO - Processing file /opt/airflow/dags/core_osm_table_generator_dag.py for tasks to queue
[2026-02-21T16:04:13.317+0000] {logging_mixin.py:190} INFO - [2026-02-21T16:04:13.316+0000] {dagbag.py:588} INFO - Filling up the DagBag from /opt/airflow/dags/core_osm_table_generator_dag.py
[2026-02-21T16:04:13.821+0000] {processor.py:925} INFO - DAG(s) 'core_osm_table_generator' retrieved from /opt/airflow/dags/core_osm_table_generator_dag.py
[2026-02-21T16:04:14.833+0000] {logging_mixin.py:190} INFO - [2026-02-21T16:04:14.833+0000] {dag.py:3239} INFO - Sync 1 DAGs
[2026-02-21T16:04:14.847+0000] {logging_mixin.py:190} INFO - [2026-02-21T16:04:14.847+0000] {dag.py:4180} INFO - Setting next_dagrun for core_osm_table_generator to None, run_after=None
[2026-02-21T16:04:14.860+0000] {processor.py:208} INFO - Processing /opt/airflow/dags/core_osm_table_generator_dag.py took 1.562 seconds
[2026-02-21T16:04:45.056+0000] {processor.py:186} INFO - Started process (PID=1348) to work on /opt/airflow/dags/core_osm_table_generator_dag.py
[2026-02-21T16:04:45.057+0000] {processor.py:914} INFO - Processing file /opt/airflow/dags/core_osm_table_generator_dag.py for tasks to queue
[2026-02-21T16:04:45.058+0000] {logging_mixin.py:190} INFO - [2026-02-21T16:04:45.058+0000] {dagbag.py:588} INFO - Filling up the DagBag from /opt/airflow/dags/core_osm_table_generator_dag.py
[2026-02-21T16:04:45.525+0000] {processor.py:925} INFO - DAG(s) 'core_osm_table_generator' retrieved from /opt/airflow/dags/core_osm_table_generator_dag.py
[2026-02-21T16:04:46.501+0000] {logging_mixin.py:190} INFO - [2026-02-21T16:04:46.501+0000] {dag.py:3239} INFO - Sync 1 DAGs
[2026-02-21T16:04:46.510+0000] {logging_mixin.py:190} INFO - [2026-02-21T16:04:46.510+0000] {dag.py:4180} INFO - Setting next_dagrun for core_osm_table_generator to None, run_after=None
[2026-02-21T16:04:46.517+0000] {processor.py:208} INFO - Processing /opt/airflow/dags/core_osm_table_generator_dag.py took 1.467 seconds
[2026-02-21T16:05:16.869+0000] {processor.py:186} INFO - Started process (PID=1349) to work on /opt/airflow/dags/core_osm_table_generator_dag.py
[2026-02-21T16:05:16.870+0000] {processor.py:914} INFO - Processing file /opt/airflow/dags/core_osm_table_generator_dag.py for tasks to queue
[2026-02-21T16:05:16.872+0000] {logging_mixin.py:190} INFO - [2026-02-21T16:05:16.871+0000] {dagbag.py:588} INFO - Filling up the DagBag from /opt/airflow/dags/core_osm_table_generator_dag.py
[2026-02-21T16:05:17.368+0000] {processor.py:925} INFO - DAG(s) 'core_osm_table_generator' retrieved from /opt/airflow/dags/core_osm_table_generator_dag.py
[2026-02-21T16:05:18.381+0000] {logging_mixin.py:190} INFO - [2026-02-21T16:05:18.381+0000] {dag.py:3239} INFO - Sync 1 DAGs
[2026-02-21T16:05:18.392+0000] {logging_mixin.py:190} INFO - [2026-02-21T16:05:18.392+0000] {dag.py:4180} INFO - Setting next_dagrun for core_osm_table_generator to None, run_after=None
[2026-02-21T16:05:18.401+0000] {processor.py:208} INFO - Processing /opt/airflow/dags/core_osm_table_generator_dag.py took 1.542 seconds
[2026-02-21T16:18:41.086+0000] {processor.py:186} INFO - Started process (PID=1350) to work on /opt/airflow/dags/core_osm_table_generator_dag.py
[2026-02-21T16:18:41.087+0000] {processor.py:914} INFO - Processing file /opt/airflow/dags/core_osm_table_generator_dag.py for tasks to queue
[2026-02-21T16:18:41.089+0000] {logging_mixin.py:190} INFO - [2026-02-21T16:18:41.088+0000] {dagbag.py:588} INFO - Filling up the DagBag from /opt/airflow/dags/core_osm_table_generator_dag.py
[2026-02-21T16:18:41.602+0000] {processor.py:925} INFO - DAG(s) 'core_osm_table_generator' retrieved from /opt/airflow/dags/core_osm_table_generator_dag.py
[2026-02-21T16:18:42.620+0000] {logging_mixin.py:190} INFO - [2026-02-21T16:18:42.620+0000] {dag.py:3239} INFO - Sync 1 DAGs
[2026-02-21T16:18:42.633+0000] {logging_mixin.py:190} INFO - [2026-02-21T16:18:42.633+0000] {dag.py:4180} INFO - Setting next_dagrun for core_osm_table_generator to None, run_after=None
[2026-02-21T16:18:42.645+0000] {processor.py:208} INFO - Processing /opt/airflow/dags/core_osm_table_generator_dag.py took 1.578 seconds
[2026-02-21T16:19:13.065+0000] {processor.py:186} INFO - Started process (PID=1351) to work on /opt/airflow/dags/core_osm_table_generator_dag.py
[2026-02-21T16:19:13.068+0000] {processor.py:914} INFO - Processing file /opt/airflow/dags/core_osm_table_generator_dag.py for tasks to queue
[2026-02-21T16:19:13.074+0000] {logging_mixin.py:190} INFO - [2026-02-21T16:19:13.072+0000] {dagbag.py:588} INFO - Filling up the DagBag from /opt/airflow/dags/core_osm_table_generator_dag.py
[2026-02-21T16:19:13.675+0000] {processor.py:925} INFO - DAG(s) 'core_osm_table_generator' retrieved from /opt/airflow/dags/core_osm_table_generator_dag.py
[2026-02-21T16:19:14.723+0000] {logging_mixin.py:190} INFO - [2026-02-21T16:19:14.722+0000] {dag.py:3239} INFO - Sync 1 DAGs
[2026-02-21T16:19:14.734+0000] {logging_mixin.py:190} INFO - [2026-02-21T16:19:14.734+0000] {dag.py:4180} INFO - Setting next_dagrun for core_osm_table_generator to None, run_after=None
[2026-02-21T16:19:14.743+0000] {processor.py:208} INFO - Processing /opt/airflow/dags/core_osm_table_generator_dag.py took 1.684 seconds
[2026-02-21T16:19:45.029+0000] {processor.py:186} INFO - Started process (PID=1352) to work on /opt/airflow/dags/core_osm_table_generator_dag.py
[2026-02-21T16:19:45.031+0000] {processor.py:914} INFO - Processing file /opt/airflow/dags/core_osm_table_generator_dag.py for tasks to queue
[2026-02-21T16:19:45.033+0000] {logging_mixin.py:190} INFO - [2026-02-21T16:19:45.032+0000] {dagbag.py:588} INFO - Filling up the DagBag from /opt/airflow/dags/core_osm_table_generator_dag.py
[2026-02-21T16:19:45.584+0000] {processor.py:925} INFO - DAG(s) 'core_osm_table_generator' retrieved from /opt/airflow/dags/core_osm_table_generator_dag.py
[2026-02-21T16:19:46.595+0000] {logging_mixin.py:190} INFO - [2026-02-21T16:19:46.595+0000] {dag.py:3239} INFO - Sync 1 DAGs
[2026-02-21T16:19:46.610+0000] {logging_mixin.py:190} INFO - [2026-02-21T16:19:46.610+0000] {dag.py:4180} INFO - Setting next_dagrun for core_osm_table_generator to None, run_after=None
[2026-02-21T16:19:46.620+0000] {processor.py:208} INFO - Processing /opt/airflow/dags/core_osm_table_generator_dag.py took 1.600 seconds
[2026-02-21T16:20:16.933+0000] {processor.py:186} INFO - Started process (PID=1353) to work on /opt/airflow/dags/core_osm_table_generator_dag.py
[2026-02-21T16:20:16.935+0000] {processor.py:914} INFO - Processing file /opt/airflow/dags/core_osm_table_generator_dag.py for tasks to queue
[2026-02-21T16:20:16.936+0000] {logging_mixin.py:190} INFO - [2026-02-21T16:20:16.936+0000] {dagbag.py:588} INFO - Filling up the DagBag from /opt/airflow/dags/core_osm_table_generator_dag.py
[2026-02-21T16:20:17.404+0000] {processor.py:925} INFO - DAG(s) 'core_osm_table_generator' retrieved from /opt/airflow/dags/core_osm_table_generator_dag.py
[2026-02-21T16:20:18.391+0000] {logging_mixin.py:190} INFO - [2026-02-21T16:20:18.391+0000] {dag.py:3239} INFO - Sync 1 DAGs
[2026-02-21T16:20:18.399+0000] {logging_mixin.py:190} INFO - [2026-02-21T16:20:18.398+0000] {dag.py:4180} INFO - Setting next_dagrun for core_osm_table_generator to None, run_after=None
[2026-02-21T16:20:18.405+0000] {processor.py:208} INFO - Processing /opt/airflow/dags/core_osm_table_generator_dag.py took 1.480 seconds
[2026-02-21T16:20:49.093+0000] {processor.py:186} INFO - Started process (PID=1354) to work on /opt/airflow/dags/core_osm_table_generator_dag.py
[2026-02-21T16:20:49.094+0000] {processor.py:914} INFO - Processing file /opt/airflow/dags/core_osm_table_generator_dag.py for tasks to queue
[2026-02-21T16:20:49.095+0000] {logging_mixin.py:190} INFO - [2026-02-21T16:20:49.095+0000] {dagbag.py:588} INFO - Filling up the DagBag from /opt/airflow/dags/core_osm_table_generator_dag.py
[2026-02-21T16:20:49.596+0000] {processor.py:925} INFO - DAG(s) 'core_osm_table_generator' retrieved from /opt/airflow/dags/core_osm_table_generator_dag.py
[2026-02-21T16:20:51.426+0000] {logging_mixin.py:190} INFO - [2026-02-21T16:20:51.421+0000] {dag.py:3239} INFO - Sync 1 DAGs
[2026-02-21T16:20:51.461+0000] {logging_mixin.py:190} INFO - [2026-02-21T16:20:51.461+0000] {dag.py:4180} INFO - Setting next_dagrun for core_osm_table_generator to None, run_after=None
[2026-02-21T16:20:51.479+0000] {processor.py:208} INFO - Processing /opt/airflow/dags/core_osm_table_generator_dag.py took 2.404 seconds
[2026-02-21T16:37:37.400+0000] {processor.py:186} INFO - Started process (PID=1355) to work on /opt/airflow/dags/core_osm_table_generator_dag.py
[2026-02-21T16:37:37.401+0000] {processor.py:914} INFO - Processing file /opt/airflow/dags/core_osm_table_generator_dag.py for tasks to queue
[2026-02-21T16:37:37.402+0000] {logging_mixin.py:190} INFO - [2026-02-21T16:37:37.402+0000] {dagbag.py:588} INFO - Filling up the DagBag from /opt/airflow/dags/core_osm_table_generator_dag.py
[2026-02-21T16:37:37.909+0000] {processor.py:925} INFO - DAG(s) 'core_osm_table_generator' retrieved from /opt/airflow/dags/core_osm_table_generator_dag.py
[2026-02-21T16:37:38.920+0000] {logging_mixin.py:190} INFO - [2026-02-21T16:37:38.920+0000] {dag.py:3239} INFO - Sync 1 DAGs
[2026-02-21T16:37:38.934+0000] {logging_mixin.py:190} INFO - [2026-02-21T16:37:38.934+0000] {dag.py:4180} INFO - Setting next_dagrun for core_osm_table_generator to None, run_after=None
[2026-02-21T16:37:38.944+0000] {processor.py:208} INFO - Processing /opt/airflow/dags/core_osm_table_generator_dag.py took 1.558 seconds
[2026-02-21T16:38:09.396+0000] {processor.py:186} INFO - Started process (PID=1356) to work on /opt/airflow/dags/core_osm_table_generator_dag.py
[2026-02-21T16:38:09.398+0000] {processor.py:914} INFO - Processing file /opt/airflow/dags/core_osm_table_generator_dag.py for tasks to queue
[2026-02-21T16:38:09.406+0000] {logging_mixin.py:190} INFO - [2026-02-21T16:38:09.401+0000] {dagbag.py:588} INFO - Filling up the DagBag from /opt/airflow/dags/core_osm_table_generator_dag.py
[2026-02-21T16:38:09.941+0000] {processor.py:925} INFO - DAG(s) 'core_osm_table_generator' retrieved from /opt/airflow/dags/core_osm_table_generator_dag.py
[2026-02-21T16:38:10.943+0000] {logging_mixin.py:190} INFO - [2026-02-21T16:38:10.943+0000] {dag.py:3239} INFO - Sync 1 DAGs
[2026-02-21T16:38:10.967+0000] {logging_mixin.py:190} INFO - [2026-02-21T16:38:10.967+0000] {dag.py:4180} INFO - Setting next_dagrun for core_osm_table_generator to None, run_after=None
[2026-02-21T16:38:10.977+0000] {processor.py:208} INFO - Processing /opt/airflow/dags/core_osm_table_generator_dag.py took 1.591 seconds
[2026-02-21T16:38:41.185+0000] {processor.py:186} INFO - Started process (PID=1357) to work on /opt/airflow/dags/core_osm_table_generator_dag.py
[2026-02-21T16:38:41.187+0000] {processor.py:914} INFO - Processing file /opt/airflow/dags/core_osm_table_generator_dag.py for tasks to queue
[2026-02-21T16:38:41.189+0000] {logging_mixin.py:190} INFO - [2026-02-21T16:38:41.188+0000] {dagbag.py:588} INFO - Filling up the DagBag from /opt/airflow/dags/core_osm_table_generator_dag.py
[2026-02-21T16:38:41.653+0000] {processor.py:925} INFO - DAG(s) 'core_osm_table_generator' retrieved from /opt/airflow/dags/core_osm_table_generator_dag.py
[2026-02-21T16:38:42.637+0000] {logging_mixin.py:190} INFO - [2026-02-21T16:38:42.636+0000] {dag.py:3239} INFO - Sync 1 DAGs
[2026-02-21T16:38:42.644+0000] {logging_mixin.py:190} INFO - [2026-02-21T16:38:42.644+0000] {dag.py:4180} INFO - Setting next_dagrun for core_osm_table_generator to None, run_after=None
[2026-02-21T16:38:42.652+0000] {processor.py:208} INFO - Processing /opt/airflow/dags/core_osm_table_generator_dag.py took 1.474 seconds
[2026-02-21T16:39:12.705+0000] {processor.py:186} INFO - Started process (PID=1358) to work on /opt/airflow/dags/core_osm_table_generator_dag.py
[2026-02-21T16:39:12.706+0000] {processor.py:914} INFO - Processing file /opt/airflow/dags/core_osm_table_generator_dag.py for tasks to queue
[2026-02-21T16:39:12.708+0000] {logging_mixin.py:190} INFO - [2026-02-21T16:39:12.707+0000] {dagbag.py:588} INFO - Filling up the DagBag from /opt/airflow/dags/core_osm_table_generator_dag.py
[2026-02-21T16:39:13.197+0000] {processor.py:925} INFO - DAG(s) 'core_osm_table_generator' retrieved from /opt/airflow/dags/core_osm_table_generator_dag.py
[2026-02-21T16:39:14.218+0000] {logging_mixin.py:190} INFO - [2026-02-21T16:39:14.217+0000] {dag.py:3239} INFO - Sync 1 DAGs
[2026-02-21T16:39:14.229+0000] {logging_mixin.py:190} INFO - [2026-02-21T16:39:14.229+0000] {dag.py:4180} INFO - Setting next_dagrun for core_osm_table_generator to None, run_after=None
[2026-02-21T16:39:14.237+0000] {processor.py:208} INFO - Processing /opt/airflow/dags/core_osm_table_generator_dag.py took 1.544 seconds
[2026-02-21T16:39:44.356+0000] {processor.py:186} INFO - Started process (PID=1359) to work on /opt/airflow/dags/core_osm_table_generator_dag.py
[2026-02-21T16:39:44.356+0000] {processor.py:914} INFO - Processing file /opt/airflow/dags/core_osm_table_generator_dag.py for tasks to queue
[2026-02-21T16:39:44.357+0000] {logging_mixin.py:190} INFO - [2026-02-21T16:39:44.357+0000] {dagbag.py:588} INFO - Filling up the DagBag from /opt/airflow/dags/core_osm_table_generator_dag.py
[2026-02-21T16:39:44.820+0000] {processor.py:925} INFO - DAG(s) 'core_osm_table_generator' retrieved from /opt/airflow/dags/core_osm_table_generator_dag.py
[2026-02-21T16:39:45.899+0000] {logging_mixin.py:190} INFO - [2026-02-21T16:39:45.899+0000] {dag.py:3239} INFO - Sync 1 DAGs
[2026-02-21T16:39:45.933+0000] {logging_mixin.py:190} INFO - [2026-02-21T16:39:45.933+0000] {dag.py:4180} INFO - Setting next_dagrun for core_osm_table_generator to None, run_after=None
[2026-02-21T16:39:45.946+0000] {processor.py:208} INFO - Processing /opt/airflow/dags/core_osm_table_generator_dag.py took 1.596 seconds
[2026-02-21T16:56:52.202+0000] {processor.py:186} INFO - Started process (PID=1360) to work on /opt/airflow/dags/core_osm_table_generator_dag.py
[2026-02-21T16:56:52.203+0000] {processor.py:914} INFO - Processing file /opt/airflow/dags/core_osm_table_generator_dag.py for tasks to queue
[2026-02-21T16:56:52.204+0000] {logging_mixin.py:190} INFO - [2026-02-21T16:56:52.204+0000] {dagbag.py:588} INFO - Filling up the DagBag from /opt/airflow/dags/core_osm_table_generator_dag.py
[2026-02-21T16:56:52.716+0000] {processor.py:925} INFO - DAG(s) 'core_osm_table_generator' retrieved from /opt/airflow/dags/core_osm_table_generator_dag.py
[2026-02-21T16:56:53.759+0000] {logging_mixin.py:190} INFO - [2026-02-21T16:56:53.759+0000] {dag.py:3239} INFO - Sync 1 DAGs
[2026-02-21T16:56:53.772+0000] {logging_mixin.py:190} INFO - [2026-02-21T16:56:53.772+0000] {dag.py:4180} INFO - Setting next_dagrun for core_osm_table_generator to None, run_after=None
[2026-02-21T16:56:53.787+0000] {processor.py:208} INFO - Processing /opt/airflow/dags/core_osm_table_generator_dag.py took 1.599 seconds
[2026-02-21T16:57:24.099+0000] {processor.py:186} INFO - Started process (PID=1361) to work on /opt/airflow/dags/core_osm_table_generator_dag.py
[2026-02-21T16:57:24.104+0000] {processor.py:914} INFO - Processing file /opt/airflow/dags/core_osm_table_generator_dag.py for tasks to queue
[2026-02-21T16:57:24.108+0000] {logging_mixin.py:190} INFO - [2026-02-21T16:57:24.107+0000] {dagbag.py:588} INFO - Filling up the DagBag from /opt/airflow/dags/core_osm_table_generator_dag.py
[2026-02-21T16:57:24.635+0000] {processor.py:925} INFO - DAG(s) 'core_osm_table_generator' retrieved from /opt/airflow/dags/core_osm_table_generator_dag.py
[2026-02-21T16:57:25.638+0000] {logging_mixin.py:190} INFO - [2026-02-21T16:57:25.637+0000] {dag.py:3239} INFO - Sync 1 DAGs
[2026-02-21T16:57:25.653+0000] {logging_mixin.py:190} INFO - [2026-02-21T16:57:25.653+0000] {dag.py:4180} INFO - Setting next_dagrun for core_osm_table_generator to None, run_after=None
[2026-02-21T16:57:25.662+0000] {processor.py:208} INFO - Processing /opt/airflow/dags/core_osm_table_generator_dag.py took 1.575 seconds
[2026-02-21T16:57:55.951+0000] {processor.py:186} INFO - Started process (PID=1362) to work on /opt/airflow/dags/core_osm_table_generator_dag.py
[2026-02-21T16:57:55.953+0000] {processor.py:914} INFO - Processing file /opt/airflow/dags/core_osm_table_generator_dag.py for tasks to queue
[2026-02-21T16:57:55.956+0000] {logging_mixin.py:190} INFO - [2026-02-21T16:57:55.955+0000] {dagbag.py:588} INFO - Filling up the DagBag from /opt/airflow/dags/core_osm_table_generator_dag.py
[2026-02-21T16:57:56.442+0000] {processor.py:925} INFO - DAG(s) 'core_osm_table_generator' retrieved from /opt/airflow/dags/core_osm_table_generator_dag.py
[2026-02-21T16:57:57.431+0000] {logging_mixin.py:190} INFO - [2026-02-21T16:57:57.431+0000] {dag.py:3239} INFO - Sync 1 DAGs
[2026-02-21T16:57:57.441+0000] {logging_mixin.py:190} INFO - [2026-02-21T16:57:57.441+0000] {dag.py:4180} INFO - Setting next_dagrun for core_osm_table_generator to None, run_after=None
[2026-02-21T16:57:57.451+0000] {processor.py:208} INFO - Processing /opt/airflow/dags/core_osm_table_generator_dag.py took 1.510 seconds
[2026-02-21T16:58:27.823+0000] {processor.py:186} INFO - Started process (PID=1363) to work on /opt/airflow/dags/core_osm_table_generator_dag.py
[2026-02-21T16:58:27.824+0000] {processor.py:914} INFO - Processing file /opt/airflow/dags/core_osm_table_generator_dag.py for tasks to queue
[2026-02-21T16:58:27.825+0000] {logging_mixin.py:190} INFO - [2026-02-21T16:58:27.825+0000] {dagbag.py:588} INFO - Filling up the DagBag from /opt/airflow/dags/core_osm_table_generator_dag.py
[2026-02-21T16:58:28.288+0000] {processor.py:925} INFO - DAG(s) 'core_osm_table_generator' retrieved from /opt/airflow/dags/core_osm_table_generator_dag.py
[2026-02-21T16:58:29.265+0000] {logging_mixin.py:190} INFO - [2026-02-21T16:58:29.265+0000] {dag.py:3239} INFO - Sync 1 DAGs
[2026-02-21T16:58:29.271+0000] {logging_mixin.py:190} INFO - [2026-02-21T16:58:29.271+0000] {dag.py:4180} INFO - Setting next_dagrun for core_osm_table_generator to None, run_after=None
[2026-02-21T16:58:29.279+0000] {processor.py:208} INFO - Processing /opt/airflow/dags/core_osm_table_generator_dag.py took 1.466 seconds
[2026-02-21T16:58:59.647+0000] {processor.py:186} INFO - Started process (PID=1364) to work on /opt/airflow/dags/core_osm_table_generator_dag.py
[2026-02-21T16:58:59.648+0000] {processor.py:914} INFO - Processing file /opt/airflow/dags/core_osm_table_generator_dag.py for tasks to queue
[2026-02-21T16:58:59.650+0000] {logging_mixin.py:190} INFO - [2026-02-21T16:58:59.649+0000] {dagbag.py:588} INFO - Filling up the DagBag from /opt/airflow/dags/core_osm_table_generator_dag.py
[2026-02-21T16:59:00.204+0000] {processor.py:925} INFO - DAG(s) 'core_osm_table_generator' retrieved from /opt/airflow/dags/core_osm_table_generator_dag.py
[2026-02-21T16:59:01.228+0000] {logging_mixin.py:190} INFO - [2026-02-21T16:59:01.228+0000] {dag.py:3239} INFO - Sync 1 DAGs
[2026-02-21T16:59:01.241+0000] {logging_mixin.py:190} INFO - [2026-02-21T16:59:01.241+0000] {dag.py:4180} INFO - Setting next_dagrun for core_osm_table_generator to None, run_after=None
[2026-02-21T16:59:01.254+0000] {processor.py:208} INFO - Processing /opt/airflow/dags/core_osm_table_generator_dag.py took 1.618 seconds
[2026-02-21T17:15:06.499+0000] {processor.py:186} INFO - Started process (PID=1365) to work on /opt/airflow/dags/core_osm_table_generator_dag.py
[2026-02-21T17:15:06.500+0000] {processor.py:914} INFO - Processing file /opt/airflow/dags/core_osm_table_generator_dag.py for tasks to queue
[2026-02-21T17:15:06.501+0000] {logging_mixin.py:190} INFO - [2026-02-21T17:15:06.501+0000] {dagbag.py:588} INFO - Filling up the DagBag from /opt/airflow/dags/core_osm_table_generator_dag.py
[2026-02-21T17:15:06.959+0000] {processor.py:925} INFO - DAG(s) 'core_osm_table_generator' retrieved from /opt/airflow/dags/core_osm_table_generator_dag.py
[2026-02-21T17:15:07.948+0000] {logging_mixin.py:190} INFO - [2026-02-21T17:15:07.948+0000] {dag.py:3239} INFO - Sync 1 DAGs
[2026-02-21T17:15:07.959+0000] {logging_mixin.py:190} INFO - [2026-02-21T17:15:07.959+0000] {dag.py:4180} INFO - Setting next_dagrun for core_osm_table_generator to None, run_after=None
[2026-02-21T17:15:07.967+0000] {processor.py:208} INFO - Processing /opt/airflow/dags/core_osm_table_generator_dag.py took 1.473 seconds
[2026-02-21T17:15:38.306+0000] {processor.py:186} INFO - Started process (PID=1366) to work on /opt/airflow/dags/core_osm_table_generator_dag.py
[2026-02-21T17:15:38.307+0000] {processor.py:914} INFO - Processing file /opt/airflow/dags/core_osm_table_generator_dag.py for tasks to queue
[2026-02-21T17:15:38.309+0000] {logging_mixin.py:190} INFO - [2026-02-21T17:15:38.308+0000] {dagbag.py:588} INFO - Filling up the DagBag from /opt/airflow/dags/core_osm_table_generator_dag.py
[2026-02-21T17:15:38.799+0000] {processor.py:925} INFO - DAG(s) 'core_osm_table_generator' retrieved from /opt/airflow/dags/core_osm_table_generator_dag.py
[2026-02-21T17:15:39.813+0000] {logging_mixin.py:190} INFO - [2026-02-21T17:15:39.812+0000] {dag.py:3239} INFO - Sync 1 DAGs
[2026-02-21T17:15:39.825+0000] {logging_mixin.py:190} INFO - [2026-02-21T17:15:39.825+0000] {dag.py:4180} INFO - Setting next_dagrun for core_osm_table_generator to None, run_after=None
[2026-02-21T17:15:39.835+0000] {processor.py:208} INFO - Processing /opt/airflow/dags/core_osm_table_generator_dag.py took 1.557 seconds
[2026-02-21T17:16:10.192+0000] {processor.py:186} INFO - Started process (PID=1367) to work on /opt/airflow/dags/core_osm_table_generator_dag.py
[2026-02-21T17:16:10.193+0000] {processor.py:914} INFO - Processing file /opt/airflow/dags/core_osm_table_generator_dag.py for tasks to queue
[2026-02-21T17:16:10.194+0000] {logging_mixin.py:190} INFO - [2026-02-21T17:16:10.194+0000] {dagbag.py:588} INFO - Filling up the DagBag from /opt/airflow/dags/core_osm_table_generator_dag.py
[2026-02-21T17:16:10.667+0000] {processor.py:925} INFO - DAG(s) 'core_osm_table_generator' retrieved from /opt/airflow/dags/core_osm_table_generator_dag.py
[2026-02-21T17:16:11.656+0000] {logging_mixin.py:190} INFO - [2026-02-21T17:16:11.656+0000] {dag.py:3239} INFO - Sync 1 DAGs
[2026-02-21T17:16:11.664+0000] {logging_mixin.py:190} INFO - [2026-02-21T17:16:11.664+0000] {dag.py:4180} INFO - Setting next_dagrun for core_osm_table_generator to None, run_after=None
[2026-02-21T17:16:11.672+0000] {processor.py:208} INFO - Processing /opt/airflow/dags/core_osm_table_generator_dag.py took 1.487 seconds
[2026-02-21T17:16:42.007+0000] {processor.py:186} INFO - Started process (PID=1368) to work on /opt/airflow/dags/core_osm_table_generator_dag.py
[2026-02-21T17:16:42.008+0000] {processor.py:914} INFO - Processing file /opt/airflow/dags/core_osm_table_generator_dag.py for tasks to queue
[2026-02-21T17:16:42.010+0000] {logging_mixin.py:190} INFO - [2026-02-21T17:16:42.009+0000] {dagbag.py:588} INFO - Filling up the DagBag from /opt/airflow/dags/core_osm_table_generator_dag.py
[2026-02-21T17:16:42.502+0000] {processor.py:925} INFO - DAG(s) 'core_osm_table_generator' retrieved from /opt/airflow/dags/core_osm_table_generator_dag.py
[2026-02-21T17:16:43.500+0000] {logging_mixin.py:190} INFO - [2026-02-21T17:16:43.500+0000] {dag.py:3239} INFO - Sync 1 DAGs
[2026-02-21T17:16:43.511+0000] {logging_mixin.py:190} INFO - [2026-02-21T17:16:43.511+0000] {dag.py:4180} INFO - Setting next_dagrun for core_osm_table_generator to None, run_after=None
[2026-02-21T17:16:43.520+0000] {processor.py:208} INFO - Processing /opt/airflow/dags/core_osm_table_generator_dag.py took 1.547 seconds
[2026-02-21T17:19:47.413+0000] {processor.py:186} INFO - Started process (PID=1369) to work on /opt/airflow/dags/core_osm_table_generator_dag.py
[2026-02-21T17:19:47.416+0000] {processor.py:914} INFO - Processing file /opt/airflow/dags/core_osm_table_generator_dag.py for tasks to queue
[2026-02-21T17:19:47.418+0000] {logging_mixin.py:190} INFO - [2026-02-21T17:19:47.417+0000] {dagbag.py:588} INFO - Filling up the DagBag from /opt/airflow/dags/core_osm_table_generator_dag.py
[2026-02-21T17:19:47.981+0000] {processor.py:925} INFO - DAG(s) 'core_osm_table_generator' retrieved from /opt/airflow/dags/core_osm_table_generator_dag.py
[2026-02-21T17:19:49.007+0000] {logging_mixin.py:190} INFO - [2026-02-21T17:19:49.007+0000] {dag.py:3239} INFO - Sync 1 DAGs
[2026-02-21T17:19:49.026+0000] {logging_mixin.py:190} INFO - [2026-02-21T17:19:49.026+0000] {dag.py:4180} INFO - Setting next_dagrun for core_osm_table_generator to None, run_after=None
[2026-02-21T17:19:49.270+0000] {processor.py:208} INFO - Processing /opt/airflow/dags/core_osm_table_generator_dag.py took 1.870 seconds
[2026-02-21T17:20:19.692+0000] {processor.py:186} INFO - Started process (PID=1370) to work on /opt/airflow/dags/core_osm_table_generator_dag.py
[2026-02-21T17:20:19.695+0000] {processor.py:914} INFO - Processing file /opt/airflow/dags/core_osm_table_generator_dag.py for tasks to queue
[2026-02-21T17:20:19.702+0000] {logging_mixin.py:190} INFO - [2026-02-21T17:20:19.699+0000] {dagbag.py:588} INFO - Filling up the DagBag from /opt/airflow/dags/core_osm_table_generator_dag.py
[2026-02-21T17:20:20.239+0000] {processor.py:925} INFO - DAG(s) 'core_osm_table_generator' retrieved from /opt/airflow/dags/core_osm_table_generator_dag.py
[2026-02-21T17:20:21.266+0000] {logging_mixin.py:190} INFO - [2026-02-21T17:20:21.266+0000] {dag.py:3239} INFO - Sync 1 DAGs
[2026-02-21T17:20:21.474+0000] {logging_mixin.py:190} INFO - [2026-02-21T17:20:21.474+0000] {dag.py:4180} INFO - Setting next_dagrun for core_osm_table_generator to None, run_after=None
[2026-02-21T17:20:21.481+0000] {processor.py:208} INFO - Processing /opt/airflow/dags/core_osm_table_generator_dag.py took 1.803 seconds
[2026-02-21T17:20:51.910+0000] {processor.py:186} INFO - Started process (PID=1371) to work on /opt/airflow/dags/core_osm_table_generator_dag.py
[2026-02-21T17:20:51.912+0000] {processor.py:914} INFO - Processing file /opt/airflow/dags/core_osm_table_generator_dag.py for tasks to queue
[2026-02-21T17:20:51.914+0000] {logging_mixin.py:190} INFO - [2026-02-21T17:20:51.913+0000] {dagbag.py:588} INFO - Filling up the DagBag from /opt/airflow/dags/core_osm_table_generator_dag.py
[2026-02-21T17:20:52.389+0000] {processor.py:925} INFO - DAG(s) 'core_osm_table_generator' retrieved from /opt/airflow/dags/core_osm_table_generator_dag.py
[2026-02-21T17:20:53.474+0000] {logging_mixin.py:190} INFO - [2026-02-21T17:20:53.474+0000] {dag.py:3239} INFO - Sync 1 DAGs
[2026-02-21T17:20:53.480+0000] {logging_mixin.py:190} INFO - [2026-02-21T17:20:53.480+0000] {dag.py:4180} INFO - Setting next_dagrun for core_osm_table_generator to None, run_after=None
[2026-02-21T17:20:53.488+0000] {processor.py:208} INFO - Processing /opt/airflow/dags/core_osm_table_generator_dag.py took 1.589 seconds
[2026-02-21T17:21:23.939+0000] {processor.py:186} INFO - Started process (PID=1372) to work on /opt/airflow/dags/core_osm_table_generator_dag.py
[2026-02-21T17:21:23.941+0000] {processor.py:914} INFO - Processing file /opt/airflow/dags/core_osm_table_generator_dag.py for tasks to queue
[2026-02-21T17:21:23.943+0000] {logging_mixin.py:190} INFO - [2026-02-21T17:21:23.942+0000] {dagbag.py:588} INFO - Filling up the DagBag from /opt/airflow/dags/core_osm_table_generator_dag.py
[2026-02-21T17:21:24.441+0000] {processor.py:925} INFO - DAG(s) 'core_osm_table_generator' retrieved from /opt/airflow/dags/core_osm_table_generator_dag.py
[2026-02-21T17:21:25.447+0000] {logging_mixin.py:190} INFO - [2026-02-21T17:21:25.447+0000] {dag.py:3239} INFO - Sync 1 DAGs
[2026-02-21T17:21:25.459+0000] {logging_mixin.py:190} INFO - [2026-02-21T17:21:25.458+0000] {dag.py:4180} INFO - Setting next_dagrun for core_osm_table_generator to None, run_after=None
[2026-02-21T17:21:25.468+0000] {processor.py:208} INFO - Processing /opt/airflow/dags/core_osm_table_generator_dag.py took 1.541 seconds
[2026-02-21T17:21:55.878+0000] {processor.py:186} INFO - Started process (PID=1373) to work on /opt/airflow/dags/core_osm_table_generator_dag.py
[2026-02-21T17:21:55.884+0000] {processor.py:914} INFO - Processing file /opt/airflow/dags/core_osm_table_generator_dag.py for tasks to queue
[2026-02-21T17:21:55.886+0000] {logging_mixin.py:190} INFO - [2026-02-21T17:21:55.885+0000] {dagbag.py:588} INFO - Filling up the DagBag from /opt/airflow/dags/core_osm_table_generator_dag.py
[2026-02-21T17:21:56.418+0000] {processor.py:925} INFO - DAG(s) 'core_osm_table_generator' retrieved from /opt/airflow/dags/core_osm_table_generator_dag.py
[2026-02-21T17:21:57.424+0000] {logging_mixin.py:190} INFO - [2026-02-21T17:21:57.424+0000] {dag.py:3239} INFO - Sync 1 DAGs
[2026-02-21T17:21:57.441+0000] {logging_mixin.py:190} INFO - [2026-02-21T17:21:57.440+0000] {dag.py:4180} INFO - Setting next_dagrun for core_osm_table_generator to None, run_after=None
[2026-02-21T17:21:57.663+0000] {processor.py:208} INFO - Processing /opt/airflow/dags/core_osm_table_generator_dag.py took 1.797 seconds
[2026-02-21T17:37:49.046+0000] {processor.py:186} INFO - Started process (PID=1374) to work on /opt/airflow/dags/core_osm_table_generator_dag.py
[2026-02-21T17:37:49.047+0000] {processor.py:914} INFO - Processing file /opt/airflow/dags/core_osm_table_generator_dag.py for tasks to queue
[2026-02-21T17:37:49.048+0000] {logging_mixin.py:190} INFO - [2026-02-21T17:37:49.048+0000] {dagbag.py:588} INFO - Filling up the DagBag from /opt/airflow/dags/core_osm_table_generator_dag.py
[2026-02-21T17:37:49.516+0000] {processor.py:925} INFO - DAG(s) 'core_osm_table_generator' retrieved from /opt/airflow/dags/core_osm_table_generator_dag.py
[2026-02-21T17:37:50.495+0000] {logging_mixin.py:190} INFO - [2026-02-21T17:37:50.495+0000] {dag.py:3239} INFO - Sync 1 DAGs
[2026-02-21T17:37:50.592+0000] {logging_mixin.py:190} INFO - [2026-02-21T17:37:50.592+0000] {dag.py:4180} INFO - Setting next_dagrun for core_osm_table_generator to None, run_after=None
[2026-02-21T17:37:50.599+0000] {processor.py:208} INFO - Processing /opt/airflow/dags/core_osm_table_generator_dag.py took 1.561 seconds
[2026-02-21T17:38:20.768+0000] {processor.py:186} INFO - Started process (PID=1375) to work on /opt/airflow/dags/core_osm_table_generator_dag.py
[2026-02-21T17:38:20.771+0000] {processor.py:914} INFO - Processing file /opt/airflow/dags/core_osm_table_generator_dag.py for tasks to queue
[2026-02-21T17:38:20.772+0000] {logging_mixin.py:190} INFO - [2026-02-21T17:38:20.772+0000] {dagbag.py:588} INFO - Filling up the DagBag from /opt/airflow/dags/core_osm_table_generator_dag.py
[2026-02-21T17:38:21.265+0000] {processor.py:925} INFO - DAG(s) 'core_osm_table_generator' retrieved from /opt/airflow/dags/core_osm_table_generator_dag.py
[2026-02-21T17:38:22.500+0000] {logging_mixin.py:190} INFO - [2026-02-21T17:38:22.500+0000] {dag.py:3239} INFO - Sync 1 DAGs
[2026-02-21T17:38:22.507+0000] {logging_mixin.py:190} INFO - [2026-02-21T17:38:22.507+0000] {dag.py:4180} INFO - Setting next_dagrun for core_osm_table_generator to None, run_after=None
[2026-02-21T17:38:22.514+0000] {processor.py:208} INFO - Processing /opt/airflow/dags/core_osm_table_generator_dag.py took 1.759 seconds
[2026-02-21T17:38:52.942+0000] {processor.py:186} INFO - Started process (PID=1376) to work on /opt/airflow/dags/core_osm_table_generator_dag.py
[2026-02-21T17:38:52.943+0000] {processor.py:914} INFO - Processing file /opt/airflow/dags/core_osm_table_generator_dag.py for tasks to queue
[2026-02-21T17:38:52.946+0000] {logging_mixin.py:190} INFO - [2026-02-21T17:38:52.945+0000] {dagbag.py:588} INFO - Filling up the DagBag from /opt/airflow/dags/core_osm_table_generator_dag.py
[2026-02-21T17:38:53.439+0000] {processor.py:925} INFO - DAG(s) 'core_osm_table_generator' retrieved from /opt/airflow/dags/core_osm_table_generator_dag.py
[2026-02-21T17:38:54.435+0000] {logging_mixin.py:190} INFO - [2026-02-21T17:38:54.435+0000] {dag.py:3239} INFO - Sync 1 DAGs
[2026-02-21T17:38:54.445+0000] {logging_mixin.py:190} INFO - [2026-02-21T17:38:54.445+0000] {dag.py:4180} INFO - Setting next_dagrun for core_osm_table_generator to None, run_after=None
[2026-02-21T17:38:54.454+0000] {processor.py:208} INFO - Processing /opt/airflow/dags/core_osm_table_generator_dag.py took 1.520 seconds
[2026-02-21T17:39:24.794+0000] {processor.py:186} INFO - Started process (PID=1377) to work on /opt/airflow/dags/core_osm_table_generator_dag.py
[2026-02-21T17:39:24.795+0000] {processor.py:914} INFO - Processing file /opt/airflow/dags/core_osm_table_generator_dag.py for tasks to queue
[2026-02-21T17:39:24.796+0000] {logging_mixin.py:190} INFO - [2026-02-21T17:39:24.796+0000] {dagbag.py:588} INFO - Filling up the DagBag from /opt/airflow/dags/core_osm_table_generator_dag.py
[2026-02-21T17:39:25.259+0000] {processor.py:925} INFO - DAG(s) 'core_osm_table_generator' retrieved from /opt/airflow/dags/core_osm_table_generator_dag.py
[2026-02-21T17:39:26.239+0000] {logging_mixin.py:190} INFO - [2026-02-21T17:39:26.238+0000] {dag.py:3239} INFO - Sync 1 DAGs
[2026-02-21T17:39:26.245+0000] {logging_mixin.py:190} INFO - [2026-02-21T17:39:26.245+0000] {dag.py:4180} INFO - Setting next_dagrun for core_osm_table_generator to None, run_after=None
[2026-02-21T17:39:26.254+0000] {processor.py:208} INFO - Processing /opt/airflow/dags/core_osm_table_generator_dag.py took 1.470 seconds
[2026-02-21T17:55:12.911+0000] {processor.py:186} INFO - Started process (PID=1378) to work on /opt/airflow/dags/core_osm_table_generator_dag.py
[2026-02-21T17:55:12.913+0000] {processor.py:914} INFO - Processing file /opt/airflow/dags/core_osm_table_generator_dag.py for tasks to queue
[2026-02-21T17:55:12.915+0000] {logging_mixin.py:190} INFO - [2026-02-21T17:55:12.914+0000] {dagbag.py:588} INFO - Filling up the DagBag from /opt/airflow/dags/core_osm_table_generator_dag.py
[2026-02-21T17:55:13.490+0000] {processor.py:925} INFO - DAG(s) 'core_osm_table_generator' retrieved from /opt/airflow/dags/core_osm_table_generator_dag.py
[2026-02-21T17:55:14.585+0000] {logging_mixin.py:190} INFO - [2026-02-21T17:55:14.585+0000] {dag.py:3239} INFO - Sync 1 DAGs
[2026-02-21T17:55:14.834+0000] {logging_mixin.py:190} INFO - [2026-02-21T17:55:14.834+0000] {dag.py:4180} INFO - Setting next_dagrun for core_osm_table_generator to None, run_after=None
[2026-02-21T17:55:14.842+0000] {processor.py:208} INFO - Processing /opt/airflow/dags/core_osm_table_generator_dag.py took 1.950 seconds
[2026-02-21T17:55:45.290+0000] {processor.py:186} INFO - Started process (PID=1379) to work on /opt/airflow/dags/core_osm_table_generator_dag.py
[2026-02-21T17:55:45.291+0000] {processor.py:914} INFO - Processing file /opt/airflow/dags/core_osm_table_generator_dag.py for tasks to queue
[2026-02-21T17:55:45.293+0000] {logging_mixin.py:190} INFO - [2026-02-21T17:55:45.292+0000] {dagbag.py:588} INFO - Filling up the DagBag from /opt/airflow/dags/core_osm_table_generator_dag.py
[2026-02-21T17:55:45.788+0000] {processor.py:925} INFO - DAG(s) 'core_osm_table_generator' retrieved from /opt/airflow/dags/core_osm_table_generator_dag.py
[2026-02-21T17:55:46.964+0000] {logging_mixin.py:190} INFO - [2026-02-21T17:55:46.964+0000] {dag.py:3239} INFO - Sync 1 DAGs
[2026-02-21T17:55:46.970+0000] {logging_mixin.py:190} INFO - [2026-02-21T17:55:46.970+0000] {dag.py:4180} INFO - Setting next_dagrun for core_osm_table_generator to None, run_after=None
[2026-02-21T17:55:46.976+0000] {processor.py:208} INFO - Processing /opt/airflow/dags/core_osm_table_generator_dag.py took 1.702 seconds
[2026-02-21T17:56:17.377+0000] {processor.py:186} INFO - Started process (PID=1380) to work on /opt/airflow/dags/core_osm_table_generator_dag.py
[2026-02-21T17:56:17.379+0000] {processor.py:914} INFO - Processing file /opt/airflow/dags/core_osm_table_generator_dag.py for tasks to queue
[2026-02-21T17:56:17.381+0000] {logging_mixin.py:190} INFO - [2026-02-21T17:56:17.380+0000] {dagbag.py:588} INFO - Filling up the DagBag from /opt/airflow/dags/core_osm_table_generator_dag.py
[2026-02-21T17:56:17.887+0000] {processor.py:925} INFO - DAG(s) 'core_osm_table_generator' retrieved from /opt/airflow/dags/core_osm_table_generator_dag.py
[2026-02-21T17:56:18.873+0000] {logging_mixin.py:190} INFO - [2026-02-21T17:56:18.873+0000] {dag.py:3239} INFO - Sync 1 DAGs
[2026-02-21T17:56:18.884+0000] {logging_mixin.py:190} INFO - [2026-02-21T17:56:18.884+0000] {dag.py:4180} INFO - Setting next_dagrun for core_osm_table_generator to None, run_after=None
[2026-02-21T17:56:18.892+0000] {processor.py:208} INFO - Processing /opt/airflow/dags/core_osm_table_generator_dag.py took 1.525 seconds
[2026-02-21T17:56:49.219+0000] {processor.py:186} INFO - Started process (PID=1381) to work on /opt/airflow/dags/core_osm_table_generator_dag.py
[2026-02-21T17:56:49.221+0000] {processor.py:914} INFO - Processing file /opt/airflow/dags/core_osm_table_generator_dag.py for tasks to queue
[2026-02-21T17:56:49.222+0000] {logging_mixin.py:190} INFO - [2026-02-21T17:56:49.222+0000] {dagbag.py:588} INFO - Filling up the DagBag from /opt/airflow/dags/core_osm_table_generator_dag.py
[2026-02-21T17:56:49.686+0000] {processor.py:925} INFO - DAG(s) 'core_osm_table_generator' retrieved from /opt/airflow/dags/core_osm_table_generator_dag.py
[2026-02-21T17:56:50.670+0000] {logging_mixin.py:190} INFO - [2026-02-21T17:56:50.670+0000] {dag.py:3239} INFO - Sync 1 DAGs
[2026-02-21T17:56:50.677+0000] {logging_mixin.py:190} INFO - [2026-02-21T17:56:50.677+0000] {dag.py:4180} INFO - Setting next_dagrun for core_osm_table_generator to None, run_after=None
[2026-02-21T17:56:50.686+0000] {processor.py:208} INFO - Processing /opt/airflow/dags/core_osm_table_generator_dag.py took 1.473 seconds
[2026-02-21T17:57:21.080+0000] {processor.py:186} INFO - Started process (PID=1382) to work on /opt/airflow/dags/core_osm_table_generator_dag.py
[2026-02-21T17:57:21.081+0000] {processor.py:914} INFO - Processing file /opt/airflow/dags/core_osm_table_generator_dag.py for tasks to queue
[2026-02-21T17:57:21.082+0000] {logging_mixin.py:190} INFO - [2026-02-21T17:57:21.082+0000] {dagbag.py:588} INFO - Filling up the DagBag from /opt/airflow/dags/core_osm_table_generator_dag.py
[2026-02-21T17:57:21.565+0000] {processor.py:925} INFO - DAG(s) 'core_osm_table_generator' retrieved from /opt/airflow/dags/core_osm_table_generator_dag.py
[2026-02-21T17:57:22.565+0000] {logging_mixin.py:190} INFO - [2026-02-21T17:57:22.565+0000] {dag.py:3239} INFO - Sync 1 DAGs
[2026-02-21T17:57:22.783+0000] {logging_mixin.py:190} INFO - [2026-02-21T17:57:22.782+0000] {dag.py:4180} INFO - Setting next_dagrun for core_osm_table_generator to None, run_after=None
[2026-02-21T17:57:22.791+0000] {processor.py:208} INFO - Processing /opt/airflow/dags/core_osm_table_generator_dag.py took 1.720 seconds
[2026-02-21T17:57:52.966+0000] {processor.py:186} INFO - Started process (PID=1383) to work on /opt/airflow/dags/core_osm_table_generator_dag.py
[2026-02-21T17:57:52.972+0000] {processor.py:914} INFO - Processing file /opt/airflow/dags/core_osm_table_generator_dag.py for tasks to queue
[2026-02-21T17:57:52.974+0000] {logging_mixin.py:190} INFO - [2026-02-21T17:57:52.974+0000] {dagbag.py:588} INFO - Filling up the DagBag from /opt/airflow/dags/core_osm_table_generator_dag.py
[2026-02-21T17:57:53.538+0000] {processor.py:925} INFO - DAG(s) 'core_osm_table_generator' retrieved from /opt/airflow/dags/core_osm_table_generator_dag.py
[2026-02-21T17:57:55.063+0000] {logging_mixin.py:190} INFO - [2026-02-21T17:57:55.063+0000] {dag.py:3239} INFO - Sync 1 DAGs
[2026-02-21T17:57:55.071+0000] {logging_mixin.py:190} INFO - [2026-02-21T17:57:55.071+0000] {dag.py:4180} INFO - Setting next_dagrun for core_osm_table_generator to None, run_after=None
[2026-02-21T17:57:55.079+0000] {processor.py:208} INFO - Processing /opt/airflow/dags/core_osm_table_generator_dag.py took 2.133 seconds
[2026-02-21T18:15:11.298+0000] {processor.py:186} INFO - Started process (PID=1384) to work on /opt/airflow/dags/core_osm_table_generator_dag.py
[2026-02-21T18:15:11.299+0000] {processor.py:914} INFO - Processing file /opt/airflow/dags/core_osm_table_generator_dag.py for tasks to queue
[2026-02-21T18:15:11.301+0000] {logging_mixin.py:190} INFO - [2026-02-21T18:15:11.300+0000] {dagbag.py:588} INFO - Filling up the DagBag from /opt/airflow/dags/core_osm_table_generator_dag.py
[2026-02-21T18:15:11.814+0000] {processor.py:925} INFO - DAG(s) 'core_osm_table_generator' retrieved from /opt/airflow/dags/core_osm_table_generator_dag.py
[2026-02-21T18:15:12.955+0000] {logging_mixin.py:190} INFO - [2026-02-21T18:15:12.955+0000] {dag.py:3239} INFO - Sync 1 DAGs
[2026-02-21T18:15:12.960+0000] {logging_mixin.py:190} INFO - [2026-02-21T18:15:12.960+0000] {dag.py:4180} INFO - Setting next_dagrun for core_osm_table_generator to None, run_after=None
[2026-02-21T18:15:12.967+0000] {processor.py:208} INFO - Processing /opt/airflow/dags/core_osm_table_generator_dag.py took 1.680 seconds
[2026-02-21T18:15:43.400+0000] {processor.py:186} INFO - Started process (PID=1385) to work on /opt/airflow/dags/core_osm_table_generator_dag.py
[2026-02-21T18:15:43.407+0000] {processor.py:914} INFO - Processing file /opt/airflow/dags/core_osm_table_generator_dag.py for tasks to queue
[2026-02-21T18:15:43.413+0000] {logging_mixin.py:190} INFO - [2026-02-21T18:15:43.411+0000] {dagbag.py:588} INFO - Filling up the DagBag from /opt/airflow/dags/core_osm_table_generator_dag.py
[2026-02-21T18:15:43.912+0000] {processor.py:925} INFO - DAG(s) 'core_osm_table_generator' retrieved from /opt/airflow/dags/core_osm_table_generator_dag.py
[2026-02-21T18:15:44.945+0000] {logging_mixin.py:190} INFO - [2026-02-21T18:15:44.945+0000] {dag.py:3239} INFO - Sync 1 DAGs
[2026-02-21T18:15:44.957+0000] {logging_mixin.py:190} INFO - [2026-02-21T18:15:44.957+0000] {dag.py:4180} INFO - Setting next_dagrun for core_osm_table_generator to None, run_after=None
[2026-02-21T18:15:44.966+0000] {processor.py:208} INFO - Processing /opt/airflow/dags/core_osm_table_generator_dag.py took 1.593 seconds
[2026-02-21T18:16:15.085+0000] {processor.py:186} INFO - Started process (PID=1386) to work on /opt/airflow/dags/core_osm_table_generator_dag.py
[2026-02-21T18:16:15.086+0000] {processor.py:914} INFO - Processing file /opt/airflow/dags/core_osm_table_generator_dag.py for tasks to queue
[2026-02-21T18:16:15.087+0000] {logging_mixin.py:190} INFO - [2026-02-21T18:16:15.087+0000] {dagbag.py:588} INFO - Filling up the DagBag from /opt/airflow/dags/core_osm_table_generator_dag.py
[2026-02-21T18:16:15.574+0000] {processor.py:925} INFO - DAG(s) 'core_osm_table_generator' retrieved from /opt/airflow/dags/core_osm_table_generator_dag.py
[2026-02-21T18:16:16.592+0000] {logging_mixin.py:190} INFO - [2026-02-21T18:16:16.592+0000] {dag.py:3239} INFO - Sync 1 DAGs
[2026-02-21T18:16:16.604+0000] {logging_mixin.py:190} INFO - [2026-02-21T18:16:16.604+0000] {dag.py:4180} INFO - Setting next_dagrun for core_osm_table_generator to None, run_after=None
[2026-02-21T18:16:16.837+0000] {processor.py:208} INFO - Processing /opt/airflow/dags/core_osm_table_generator_dag.py took 1.759 seconds
[2026-02-21T18:16:47.190+0000] {processor.py:186} INFO - Started process (PID=1387) to work on /opt/airflow/dags/core_osm_table_generator_dag.py
[2026-02-21T18:16:47.190+0000] {processor.py:914} INFO - Processing file /opt/airflow/dags/core_osm_table_generator_dag.py for tasks to queue
[2026-02-21T18:16:47.192+0000] {logging_mixin.py:190} INFO - [2026-02-21T18:16:47.191+0000] {dagbag.py:588} INFO - Filling up the DagBag from /opt/airflow/dags/core_osm_table_generator_dag.py
[2026-02-21T18:16:47.655+0000] {processor.py:925} INFO - DAG(s) 'core_osm_table_generator' retrieved from /opt/airflow/dags/core_osm_table_generator_dag.py
[2026-02-21T18:16:48.636+0000] {logging_mixin.py:190} INFO - [2026-02-21T18:16:48.636+0000] {dag.py:3239} INFO - Sync 1 DAGs
[2026-02-21T18:16:48.723+0000] {logging_mixin.py:190} INFO - [2026-02-21T18:16:48.723+0000] {dag.py:4180} INFO - Setting next_dagrun for core_osm_table_generator to None, run_after=None
[2026-02-21T18:16:48.730+0000] {processor.py:208} INFO - Processing /opt/airflow/dags/core_osm_table_generator_dag.py took 1.549 seconds
[2026-02-21T18:17:19.135+0000] {processor.py:186} INFO - Started process (PID=1388) to work on /opt/airflow/dags/core_osm_table_generator_dag.py
[2026-02-21T18:17:19.136+0000] {processor.py:914} INFO - Processing file /opt/airflow/dags/core_osm_table_generator_dag.py for tasks to queue
[2026-02-21T18:17:19.138+0000] {logging_mixin.py:190} INFO - [2026-02-21T18:17:19.138+0000] {dagbag.py:588} INFO - Filling up the DagBag from /opt/airflow/dags/core_osm_table_generator_dag.py
[2026-02-21T18:17:19.651+0000] {processor.py:925} INFO - DAG(s) 'core_osm_table_generator' retrieved from /opt/airflow/dags/core_osm_table_generator_dag.py
[2026-02-21T18:17:20.886+0000] {logging_mixin.py:190} INFO - [2026-02-21T18:17:20.886+0000] {dag.py:3239} INFO - Sync 1 DAGs
[2026-02-21T18:17:20.893+0000] {logging_mixin.py:190} INFO - [2026-02-21T18:17:20.892+0000] {dag.py:4180} INFO - Setting next_dagrun for core_osm_table_generator to None, run_after=None
[2026-02-21T18:17:20.899+0000] {processor.py:208} INFO - Processing /opt/airflow/dags/core_osm_table_generator_dag.py took 1.774 seconds
[2026-02-21T18:17:51.346+0000] {processor.py:186} INFO - Started process (PID=1389) to work on /opt/airflow/dags/core_osm_table_generator_dag.py
[2026-02-21T18:17:51.349+0000] {processor.py:914} INFO - Processing file /opt/airflow/dags/core_osm_table_generator_dag.py for tasks to queue
[2026-02-21T18:17:51.351+0000] {logging_mixin.py:190} INFO - [2026-02-21T18:17:51.350+0000] {dagbag.py:588} INFO - Filling up the DagBag from /opt/airflow/dags/core_osm_table_generator_dag.py
[2026-02-21T18:17:51.881+0000] {processor.py:925} INFO - DAG(s) 'core_osm_table_generator' retrieved from /opt/airflow/dags/core_osm_table_generator_dag.py
[2026-02-21T18:17:52.881+0000] {logging_mixin.py:190} INFO - [2026-02-21T18:17:52.881+0000] {dag.py:3239} INFO - Sync 1 DAGs
[2026-02-21T18:17:52.892+0000] {logging_mixin.py:190} INFO - [2026-02-21T18:17:52.892+0000] {dag.py:4180} INFO - Setting next_dagrun for core_osm_table_generator to None, run_after=None
[2026-02-21T18:17:52.901+0000] {processor.py:208} INFO - Processing /opt/airflow/dags/core_osm_table_generator_dag.py took 1.569 seconds
[2026-02-21T18:18:23.234+0000] {processor.py:186} INFO - Started process (PID=1390) to work on /opt/airflow/dags/core_osm_table_generator_dag.py
[2026-02-21T18:18:23.235+0000] {processor.py:914} INFO - Processing file /opt/airflow/dags/core_osm_table_generator_dag.py for tasks to queue
[2026-02-21T18:18:23.236+0000] {logging_mixin.py:190} INFO - [2026-02-21T18:18:23.236+0000] {dagbag.py:588} INFO - Filling up the DagBag from /opt/airflow/dags/core_osm_table_generator_dag.py
[2026-02-21T18:18:23.700+0000] {processor.py:925} INFO - DAG(s) 'core_osm_table_generator' retrieved from /opt/airflow/dags/core_osm_table_generator_dag.py
[2026-02-21T18:18:24.678+0000] {logging_mixin.py:190} INFO - [2026-02-21T18:18:24.678+0000] {dag.py:3239} INFO - Sync 1 DAGs
[2026-02-21T18:18:24.687+0000] {logging_mixin.py:190} INFO - [2026-02-21T18:18:24.687+0000] {dag.py:4180} INFO - Setting next_dagrun for core_osm_table_generator to None, run_after=None
[2026-02-21T18:18:24.894+0000] {processor.py:208} INFO - Processing /opt/airflow/dags/core_osm_table_generator_dag.py took 1.667 seconds
[2026-02-21T18:18:55.224+0000] {processor.py:186} INFO - Started process (PID=1391) to work on /opt/airflow/dags/core_osm_table_generator_dag.py
[2026-02-21T18:18:55.225+0000] {processor.py:914} INFO - Processing file /opt/airflow/dags/core_osm_table_generator_dag.py for tasks to queue
[2026-02-21T18:18:55.227+0000] {logging_mixin.py:190} INFO - [2026-02-21T18:18:55.226+0000] {dagbag.py:588} INFO - Filling up the DagBag from /opt/airflow/dags/core_osm_table_generator_dag.py
[2026-02-21T18:18:55.739+0000] {processor.py:925} INFO - DAG(s) 'core_osm_table_generator' retrieved from /opt/airflow/dags/core_osm_table_generator_dag.py
[2026-02-21T18:18:56.750+0000] {logging_mixin.py:190} INFO - [2026-02-21T18:18:56.750+0000] {dag.py:3239} INFO - Sync 1 DAGs
[2026-02-21T18:18:56.900+0000] {logging_mixin.py:190} INFO - [2026-02-21T18:18:56.899+0000] {dag.py:4180} INFO - Setting next_dagrun for core_osm_table_generator to None, run_after=None
[2026-02-21T18:18:56.907+0000] {processor.py:208} INFO - Processing /opt/airflow/dags/core_osm_table_generator_dag.py took 1.726 seconds
[2026-02-21T18:19:27.722+0000] {processor.py:186} INFO - Started process (PID=1392) to work on /opt/airflow/dags/core_osm_table_generator_dag.py
[2026-02-21T18:19:27.724+0000] {processor.py:914} INFO - Processing file /opt/airflow/dags/core_osm_table_generator_dag.py for tasks to queue
[2026-02-21T18:19:27.725+0000] {logging_mixin.py:190} INFO - [2026-02-21T18:19:27.725+0000] {dagbag.py:588} INFO - Filling up the DagBag from /opt/airflow/dags/core_osm_table_generator_dag.py
[2026-02-21T18:19:28.232+0000] {processor.py:925} INFO - DAG(s) 'core_osm_table_generator' retrieved from /opt/airflow/dags/core_osm_table_generator_dag.py
[2026-02-21T18:19:29.453+0000] {logging_mixin.py:190} INFO - [2026-02-21T18:19:29.453+0000] {dag.py:3239} INFO - Sync 1 DAGs
[2026-02-21T18:19:29.459+0000] {logging_mixin.py:190} INFO - [2026-02-21T18:19:29.459+0000] {dag.py:4180} INFO - Setting next_dagrun for core_osm_table_generator to None, run_after=None
[2026-02-21T18:19:29.466+0000] {processor.py:208} INFO - Processing /opt/airflow/dags/core_osm_table_generator_dag.py took 1.762 seconds
[2026-02-21T18:21:02.797+0000] {processor.py:186} INFO - Started process (PID=1393) to work on /opt/airflow/dags/core_osm_table_generator_dag.py
[2026-02-21T18:21:02.797+0000] {processor.py:914} INFO - Processing file /opt/airflow/dags/core_osm_table_generator_dag.py for tasks to queue
[2026-02-21T18:21:02.798+0000] {logging_mixin.py:190} INFO - [2026-02-21T18:21:02.798+0000] {dagbag.py:588} INFO - Filling up the DagBag from /opt/airflow/dags/core_osm_table_generator_dag.py
[2026-02-21T18:21:03.253+0000] {processor.py:925} INFO - DAG(s) 'core_osm_table_generator' retrieved from /opt/airflow/dags/core_osm_table_generator_dag.py
[2026-02-21T18:21:04.229+0000] {logging_mixin.py:190} INFO - [2026-02-21T18:21:04.229+0000] {dag.py:3239} INFO - Sync 1 DAGs
[2026-02-21T18:21:04.234+0000] {logging_mixin.py:190} INFO - [2026-02-21T18:21:04.234+0000] {dag.py:4180} INFO - Setting next_dagrun for core_osm_table_generator to None, run_after=None
[2026-02-21T18:21:04.241+0000] {processor.py:208} INFO - Processing /opt/airflow/dags/core_osm_table_generator_dag.py took 1.450 seconds
[2026-02-21T18:21:34.428+0000] {processor.py:186} INFO - Started process (PID=1394) to work on /opt/airflow/dags/core_osm_table_generator_dag.py
[2026-02-21T18:21:34.429+0000] {processor.py:914} INFO - Processing file /opt/airflow/dags/core_osm_table_generator_dag.py for tasks to queue
[2026-02-21T18:21:34.432+0000] {logging_mixin.py:190} INFO - [2026-02-21T18:21:34.431+0000] {dagbag.py:588} INFO - Filling up the DagBag from /opt/airflow/dags/core_osm_table_generator_dag.py
[2026-02-21T18:21:34.961+0000] {processor.py:925} INFO - DAG(s) 'core_osm_table_generator' retrieved from /opt/airflow/dags/core_osm_table_generator_dag.py
[2026-02-21T18:21:35.956+0000] {logging_mixin.py:190} INFO - [2026-02-21T18:21:35.956+0000] {dag.py:3239} INFO - Sync 1 DAGs
[2026-02-21T18:21:35.969+0000] {logging_mixin.py:190} INFO - [2026-02-21T18:21:35.969+0000] {dag.py:4180} INFO - Setting next_dagrun for core_osm_table_generator to None, run_after=None
[2026-02-21T18:21:35.998+0000] {processor.py:208} INFO - Processing /opt/airflow/dags/core_osm_table_generator_dag.py took 1.582 seconds
[2026-02-21T18:22:06.378+0000] {processor.py:186} INFO - Started process (PID=1395) to work on /opt/airflow/dags/core_osm_table_generator_dag.py
[2026-02-21T18:22:06.379+0000] {processor.py:914} INFO - Processing file /opt/airflow/dags/core_osm_table_generator_dag.py for tasks to queue
[2026-02-21T18:22:06.380+0000] {logging_mixin.py:190} INFO - [2026-02-21T18:22:06.380+0000] {dagbag.py:588} INFO - Filling up the DagBag from /opt/airflow/dags/core_osm_table_generator_dag.py
[2026-02-21T18:22:06.848+0000] {processor.py:925} INFO - DAG(s) 'core_osm_table_generator' retrieved from /opt/airflow/dags/core_osm_table_generator_dag.py
[2026-02-21T18:22:07.830+0000] {logging_mixin.py:190} INFO - [2026-02-21T18:22:07.830+0000] {dag.py:3239} INFO - Sync 1 DAGs
[2026-02-21T18:22:08.045+0000] {logging_mixin.py:190} INFO - [2026-02-21T18:22:08.045+0000] {dag.py:4180} INFO - Setting next_dagrun for core_osm_table_generator to None, run_after=None
[2026-02-21T18:22:08.053+0000] {processor.py:208} INFO - Processing /opt/airflow/dags/core_osm_table_generator_dag.py took 1.682 seconds
[2026-02-21T18:22:38.390+0000] {processor.py:186} INFO - Started process (PID=1396) to work on /opt/airflow/dags/core_osm_table_generator_dag.py
[2026-02-21T18:22:38.391+0000] {processor.py:914} INFO - Processing file /opt/airflow/dags/core_osm_table_generator_dag.py for tasks to queue
[2026-02-21T18:22:38.393+0000] {logging_mixin.py:190} INFO - [2026-02-21T18:22:38.392+0000] {dagbag.py:588} INFO - Filling up the DagBag from /opt/airflow/dags/core_osm_table_generator_dag.py
[2026-02-21T18:22:38.909+0000] {processor.py:925} INFO - DAG(s) 'core_osm_table_generator' retrieved from /opt/airflow/dags/core_osm_table_generator_dag.py
[2026-02-21T18:22:40.150+0000] {logging_mixin.py:190} INFO - [2026-02-21T18:22:40.150+0000] {dag.py:3239} INFO - Sync 1 DAGs
[2026-02-21T18:22:40.156+0000] {logging_mixin.py:190} INFO - [2026-02-21T18:22:40.156+0000] {dag.py:4180} INFO - Setting next_dagrun for core_osm_table_generator to None, run_after=None
[2026-02-21T18:22:40.163+0000] {processor.py:208} INFO - Processing /opt/airflow/dags/core_osm_table_generator_dag.py took 1.783 seconds
[2026-02-21T18:39:52.232+0000] {processor.py:186} INFO - Started process (PID=1397) to work on /opt/airflow/dags/core_osm_table_generator_dag.py
[2026-02-21T18:39:52.232+0000] {processor.py:914} INFO - Processing file /opt/airflow/dags/core_osm_table_generator_dag.py for tasks to queue
[2026-02-21T18:39:52.234+0000] {logging_mixin.py:190} INFO - [2026-02-21T18:39:52.234+0000] {dagbag.py:588} INFO - Filling up the DagBag from /opt/airflow/dags/core_osm_table_generator_dag.py
[2026-02-21T18:39:52.755+0000] {processor.py:925} INFO - DAG(s) 'core_osm_table_generator' retrieved from /opt/airflow/dags/core_osm_table_generator_dag.py
[2026-02-21T18:39:53.989+0000] {logging_mixin.py:190} INFO - [2026-02-21T18:39:53.988+0000] {dag.py:3239} INFO - Sync 1 DAGs
[2026-02-21T18:39:54.003+0000] {logging_mixin.py:190} INFO - [2026-02-21T18:39:54.003+0000] {dag.py:4180} INFO - Setting next_dagrun for core_osm_table_generator to None, run_after=None
[2026-02-21T18:39:54.025+0000] {processor.py:208} INFO - Processing /opt/airflow/dags/core_osm_table_generator_dag.py took 1.810 seconds
[2026-02-21T18:40:24.464+0000] {processor.py:186} INFO - Started process (PID=1398) to work on /opt/airflow/dags/core_osm_table_generator_dag.py
[2026-02-21T18:40:24.474+0000] {processor.py:914} INFO - Processing file /opt/airflow/dags/core_osm_table_generator_dag.py for tasks to queue
[2026-02-21T18:40:24.485+0000] {logging_mixin.py:190} INFO - [2026-02-21T18:40:24.482+0000] {dagbag.py:588} INFO - Filling up the DagBag from /opt/airflow/dags/core_osm_table_generator_dag.py
[2026-02-21T18:40:24.979+0000] {processor.py:925} INFO - DAG(s) 'core_osm_table_generator' retrieved from /opt/airflow/dags/core_osm_table_generator_dag.py
[2026-02-21T18:40:25.977+0000] {logging_mixin.py:190} INFO - [2026-02-21T18:40:25.977+0000] {dag.py:3239} INFO - Sync 1 DAGs
[2026-02-21T18:40:25.989+0000] {logging_mixin.py:190} INFO - [2026-02-21T18:40:25.989+0000] {dag.py:4180} INFO - Setting next_dagrun for core_osm_table_generator to None, run_after=None
[2026-02-21T18:40:25.998+0000] {processor.py:208} INFO - Processing /opt/airflow/dags/core_osm_table_generator_dag.py took 1.550 seconds
[2026-02-21T18:40:56.356+0000] {processor.py:186} INFO - Started process (PID=1399) to work on /opt/airflow/dags/core_osm_table_generator_dag.py
[2026-02-21T18:40:56.357+0000] {processor.py:914} INFO - Processing file /opt/airflow/dags/core_osm_table_generator_dag.py for tasks to queue
[2026-02-21T18:40:56.358+0000] {logging_mixin.py:190} INFO - [2026-02-21T18:40:56.358+0000] {dagbag.py:588} INFO - Filling up the DagBag from /opt/airflow/dags/core_osm_table_generator_dag.py
[2026-02-21T18:40:56.844+0000] {processor.py:925} INFO - DAG(s) 'core_osm_table_generator' retrieved from /opt/airflow/dags/core_osm_table_generator_dag.py
[2026-02-21T18:40:57.836+0000] {logging_mixin.py:190} INFO - [2026-02-21T18:40:57.836+0000] {dag.py:3239} INFO - Sync 1 DAGs
[2026-02-21T18:40:58.059+0000] {logging_mixin.py:190} INFO - [2026-02-21T18:40:58.059+0000] {dag.py:4180} INFO - Setting next_dagrun for core_osm_table_generator to None, run_after=None
[2026-02-21T18:40:58.067+0000] {processor.py:208} INFO - Processing /opt/airflow/dags/core_osm_table_generator_dag.py took 1.732 seconds
[2026-02-21T18:41:28.454+0000] {processor.py:186} INFO - Started process (PID=1400) to work on /opt/airflow/dags/core_osm_table_generator_dag.py
[2026-02-21T18:41:28.455+0000] {processor.py:914} INFO - Processing file /opt/airflow/dags/core_osm_table_generator_dag.py for tasks to queue
[2026-02-21T18:41:28.457+0000] {logging_mixin.py:190} INFO - [2026-02-21T18:41:28.457+0000] {dagbag.py:588} INFO - Filling up the DagBag from /opt/airflow/dags/core_osm_table_generator_dag.py
[2026-02-21T18:41:28.967+0000] {processor.py:925} INFO - DAG(s) 'core_osm_table_generator' retrieved from /opt/airflow/dags/core_osm_table_generator_dag.py
[2026-02-21T18:41:30.206+0000] {logging_mixin.py:190} INFO - [2026-02-21T18:41:30.205+0000] {dag.py:3239} INFO - Sync 1 DAGs
[2026-02-21T18:41:30.211+0000] {logging_mixin.py:190} INFO - [2026-02-21T18:41:30.211+0000] {dag.py:4180} INFO - Setting next_dagrun for core_osm_table_generator to None, run_after=None
[2026-02-21T18:41:30.218+0000] {processor.py:208} INFO - Processing /opt/airflow/dags/core_osm_table_generator_dag.py took 1.773 seconds
[2026-02-21T18:42:00.606+0000] {processor.py:186} INFO - Started process (PID=1401) to work on /opt/airflow/dags/core_osm_table_generator_dag.py
[2026-02-21T18:42:00.607+0000] {processor.py:914} INFO - Processing file /opt/airflow/dags/core_osm_table_generator_dag.py for tasks to queue
[2026-02-21T18:42:00.609+0000] {logging_mixin.py:190} INFO - [2026-02-21T18:42:00.608+0000] {dagbag.py:588} INFO - Filling up the DagBag from /opt/airflow/dags/core_osm_table_generator_dag.py
[2026-02-21T18:42:01.093+0000] {processor.py:925} INFO - DAG(s) 'core_osm_table_generator' retrieved from /opt/airflow/dags/core_osm_table_generator_dag.py
[2026-02-21T18:42:02.078+0000] {logging_mixin.py:190} INFO - [2026-02-21T18:42:02.077+0000] {dag.py:3239} INFO - Sync 1 DAGs
[2026-02-21T18:42:02.086+0000] {logging_mixin.py:190} INFO - [2026-02-21T18:42:02.086+0000] {dag.py:4180} INFO - Setting next_dagrun for core_osm_table_generator to None, run_after=None
[2026-02-21T18:42:02.094+0000] {processor.py:208} INFO - Processing /opt/airflow/dags/core_osm_table_generator_dag.py took 1.499 seconds
[2026-02-21T18:42:32.160+0000] {processor.py:186} INFO - Started process (PID=1402) to work on /opt/airflow/dags/core_osm_table_generator_dag.py
[2026-02-21T18:42:32.161+0000] {processor.py:914} INFO - Processing file /opt/airflow/dags/core_osm_table_generator_dag.py for tasks to queue
[2026-02-21T18:42:32.162+0000] {logging_mixin.py:190} INFO - [2026-02-21T18:42:32.162+0000] {dagbag.py:588} INFO - Filling up the DagBag from /opt/airflow/dags/core_osm_table_generator_dag.py
[2026-02-21T18:42:32.626+0000] {processor.py:925} INFO - DAG(s) 'core_osm_table_generator' retrieved from /opt/airflow/dags/core_osm_table_generator_dag.py
[2026-02-21T18:42:33.628+0000] {logging_mixin.py:190} INFO - [2026-02-21T18:42:33.628+0000] {dag.py:3239} INFO - Sync 1 DAGs
[2026-02-21T18:42:33.637+0000] {logging_mixin.py:190} INFO - [2026-02-21T18:42:33.637+0000] {dag.py:4180} INFO - Setting next_dagrun for core_osm_table_generator to None, run_after=None
[2026-02-21T18:42:33.645+0000] {processor.py:208} INFO - Processing /opt/airflow/dags/core_osm_table_generator_dag.py took 1.496 seconds
[2026-02-21T18:43:03.819+0000] {processor.py:186} INFO - Started process (PID=1403) to work on /opt/airflow/dags/core_osm_table_generator_dag.py
[2026-02-21T18:43:03.820+0000] {processor.py:914} INFO - Processing file /opt/airflow/dags/core_osm_table_generator_dag.py for tasks to queue
[2026-02-21T18:43:03.821+0000] {logging_mixin.py:190} INFO - [2026-02-21T18:43:03.821+0000] {dagbag.py:588} INFO - Filling up the DagBag from /opt/airflow/dags/core_osm_table_generator_dag.py
[2026-02-21T18:43:04.293+0000] {processor.py:925} INFO - DAG(s) 'core_osm_table_generator' retrieved from /opt/airflow/dags/core_osm_table_generator_dag.py
[2026-02-21T18:43:05.280+0000] {logging_mixin.py:190} INFO - [2026-02-21T18:43:05.280+0000] {dag.py:3239} INFO - Sync 1 DAGs
[2026-02-21T18:43:05.527+0000] {logging_mixin.py:190} INFO - [2026-02-21T18:43:05.527+0000] {dag.py:4180} INFO - Setting next_dagrun for core_osm_table_generator to None, run_after=None
[2026-02-21T18:43:05.537+0000] {processor.py:208} INFO - Processing /opt/airflow/dags/core_osm_table_generator_dag.py took 1.726 seconds
[2026-02-21T18:43:35.969+0000] {processor.py:186} INFO - Started process (PID=1404) to work on /opt/airflow/dags/core_osm_table_generator_dag.py
[2026-02-21T18:43:35.971+0000] {processor.py:914} INFO - Processing file /opt/airflow/dags/core_osm_table_generator_dag.py for tasks to queue
[2026-02-21T18:43:35.972+0000] {logging_mixin.py:190} INFO - [2026-02-21T18:43:35.972+0000] {dagbag.py:588} INFO - Filling up the DagBag from /opt/airflow/dags/core_osm_table_generator_dag.py
[2026-02-21T18:43:36.441+0000] {processor.py:925} INFO - DAG(s) 'core_osm_table_generator' retrieved from /opt/airflow/dags/core_osm_table_generator_dag.py
[2026-02-21T18:43:37.506+0000] {logging_mixin.py:190} INFO - [2026-02-21T18:43:37.506+0000] {dag.py:3239} INFO - Sync 1 DAGs
[2026-02-21T18:43:37.511+0000] {logging_mixin.py:190} INFO - [2026-02-21T18:43:37.511+0000] {dag.py:4180} INFO - Setting next_dagrun for core_osm_table_generator to None, run_after=None
[2026-02-21T18:43:37.517+0000] {processor.py:208} INFO - Processing /opt/airflow/dags/core_osm_table_generator_dag.py took 1.558 seconds
[2026-02-21T18:44:07.653+0000] {processor.py:186} INFO - Started process (PID=1405) to work on /opt/airflow/dags/core_osm_table_generator_dag.py
[2026-02-21T18:44:07.655+0000] {processor.py:914} INFO - Processing file /opt/airflow/dags/core_osm_table_generator_dag.py for tasks to queue
[2026-02-21T18:44:07.657+0000] {logging_mixin.py:190} INFO - [2026-02-21T18:44:07.656+0000] {dagbag.py:588} INFO - Filling up the DagBag from /opt/airflow/dags/core_osm_table_generator_dag.py
[2026-02-21T18:44:08.206+0000] {processor.py:925} INFO - DAG(s) 'core_osm_table_generator' retrieved from /opt/airflow/dags/core_osm_table_generator_dag.py
[2026-02-21T18:44:09.219+0000] {logging_mixin.py:190} INFO - [2026-02-21T18:44:09.218+0000] {dag.py:3239} INFO - Sync 1 DAGs
[2026-02-21T18:44:09.246+0000] {logging_mixin.py:190} INFO - [2026-02-21T18:44:09.246+0000] {dag.py:4180} INFO - Setting next_dagrun for core_osm_table_generator to None, run_after=None
[2026-02-21T18:44:09.256+0000] {processor.py:208} INFO - Processing /opt/airflow/dags/core_osm_table_generator_dag.py took 1.612 seconds
[2026-02-21T19:00:06.448+0000] {processor.py:186} INFO - Started process (PID=1406) to work on /opt/airflow/dags/core_osm_table_generator_dag.py
[2026-02-21T19:00:06.449+0000] {processor.py:914} INFO - Processing file /opt/airflow/dags/core_osm_table_generator_dag.py for tasks to queue
[2026-02-21T19:00:06.450+0000] {logging_mixin.py:190} INFO - [2026-02-21T19:00:06.450+0000] {dagbag.py:588} INFO - Filling up the DagBag from /opt/airflow/dags/core_osm_table_generator_dag.py
[2026-02-21T19:00:06.902+0000] {processor.py:925} INFO - DAG(s) 'core_osm_table_generator' retrieved from /opt/airflow/dags/core_osm_table_generator_dag.py
[2026-02-21T19:00:07.878+0000] {logging_mixin.py:190} INFO - [2026-02-21T19:00:07.878+0000] {dag.py:3239} INFO - Sync 1 DAGs
[2026-02-21T19:00:07.884+0000] {logging_mixin.py:190} INFO - [2026-02-21T19:00:07.884+0000] {dag.py:4180} INFO - Setting next_dagrun for core_osm_table_generator to None, run_after=None
[2026-02-21T19:00:07.892+0000] {processor.py:208} INFO - Processing /opt/airflow/dags/core_osm_table_generator_dag.py took 1.453 seconds
[2026-02-21T19:00:38.273+0000] {processor.py:186} INFO - Started process (PID=1407) to work on /opt/airflow/dags/core_osm_table_generator_dag.py
[2026-02-21T19:00:38.275+0000] {processor.py:914} INFO - Processing file /opt/airflow/dags/core_osm_table_generator_dag.py for tasks to queue
[2026-02-21T19:00:38.277+0000] {logging_mixin.py:190} INFO - [2026-02-21T19:00:38.276+0000] {dagbag.py:588} INFO - Filling up the DagBag from /opt/airflow/dags/core_osm_table_generator_dag.py
[2026-02-21T19:00:38.789+0000] {processor.py:925} INFO - DAG(s) 'core_osm_table_generator' retrieved from /opt/airflow/dags/core_osm_table_generator_dag.py
[2026-02-21T19:00:39.799+0000] {logging_mixin.py:190} INFO - [2026-02-21T19:00:39.799+0000] {dag.py:3239} INFO - Sync 1 DAGs
[2026-02-21T19:00:39.813+0000] {logging_mixin.py:190} INFO - [2026-02-21T19:00:39.813+0000] {dag.py:4180} INFO - Setting next_dagrun for core_osm_table_generator to None, run_after=None
[2026-02-21T19:00:40.042+0000] {processor.py:208} INFO - Processing /opt/airflow/dags/core_osm_table_generator_dag.py took 1.782 seconds
[2026-02-21T19:01:10.267+0000] {processor.py:186} INFO - Started process (PID=1408) to work on /opt/airflow/dags/core_osm_table_generator_dag.py
[2026-02-21T19:01:10.269+0000] {processor.py:914} INFO - Processing file /opt/airflow/dags/core_osm_table_generator_dag.py for tasks to queue
[2026-02-21T19:01:10.270+0000] {logging_mixin.py:190} INFO - [2026-02-21T19:01:10.270+0000] {dagbag.py:588} INFO - Filling up the DagBag from /opt/airflow/dags/core_osm_table_generator_dag.py
[2026-02-21T19:01:10.748+0000] {processor.py:925} INFO - DAG(s) 'core_osm_table_generator' retrieved from /opt/airflow/dags/core_osm_table_generator_dag.py
[2026-02-21T19:01:11.735+0000] {logging_mixin.py:190} INFO - [2026-02-21T19:01:11.735+0000] {dag.py:3239} INFO - Sync 1 DAGs
[2026-02-21T19:01:11.865+0000] {logging_mixin.py:190} INFO - [2026-02-21T19:01:11.865+0000] {dag.py:4180} INFO - Setting next_dagrun for core_osm_table_generator to None, run_after=None
[2026-02-21T19:01:11.873+0000] {processor.py:208} INFO - Processing /opt/airflow/dags/core_osm_table_generator_dag.py took 1.619 seconds
[2026-02-21T19:01:42.231+0000] {processor.py:186} INFO - Started process (PID=1409) to work on /opt/airflow/dags/core_osm_table_generator_dag.py
[2026-02-21T19:01:42.233+0000] {processor.py:914} INFO - Processing file /opt/airflow/dags/core_osm_table_generator_dag.py for tasks to queue
[2026-02-21T19:01:42.234+0000] {logging_mixin.py:190} INFO - [2026-02-21T19:01:42.233+0000] {dagbag.py:588} INFO - Filling up the DagBag from /opt/airflow/dags/core_osm_table_generator_dag.py
[2026-02-21T19:01:42.694+0000] {processor.py:925} INFO - DAG(s) 'core_osm_table_generator' retrieved from /opt/airflow/dags/core_osm_table_generator_dag.py
[2026-02-21T19:01:43.783+0000] {logging_mixin.py:190} INFO - [2026-02-21T19:01:43.782+0000] {dag.py:3239} INFO - Sync 1 DAGs
[2026-02-21T19:01:43.787+0000] {logging_mixin.py:190} INFO - [2026-02-21T19:01:43.787+0000] {dag.py:4180} INFO - Setting next_dagrun for core_osm_table_generator to None, run_after=None
[2026-02-21T19:01:43.794+0000] {processor.py:208} INFO - Processing /opt/airflow/dags/core_osm_table_generator_dag.py took 1.569 seconds
[2026-02-21T19:17:07.938+0000] {processor.py:186} INFO - Started process (PID=1410) to work on /opt/airflow/dags/core_osm_table_generator_dag.py
[2026-02-21T19:17:07.940+0000] {processor.py:914} INFO - Processing file /opt/airflow/dags/core_osm_table_generator_dag.py for tasks to queue
[2026-02-21T19:17:07.942+0000] {logging_mixin.py:190} INFO - [2026-02-21T19:17:07.942+0000] {dagbag.py:588} INFO - Filling up the DagBag from /opt/airflow/dags/core_osm_table_generator_dag.py
[2026-02-21T19:17:08.462+0000] {processor.py:925} INFO - DAG(s) 'core_osm_table_generator' retrieved from /opt/airflow/dags/core_osm_table_generator_dag.py
[2026-02-21T19:17:09.476+0000] {logging_mixin.py:190} INFO - [2026-02-21T19:17:09.476+0000] {dag.py:3239} INFO - Sync 1 DAGs
[2026-02-21T19:17:09.488+0000] {logging_mixin.py:190} INFO - [2026-02-21T19:17:09.488+0000] {dag.py:4180} INFO - Setting next_dagrun for core_osm_table_generator to None, run_after=None
[2026-02-21T19:17:09.505+0000] {processor.py:208} INFO - Processing /opt/airflow/dags/core_osm_table_generator_dag.py took 1.587 seconds
[2026-02-21T19:17:39.942+0000] {processor.py:186} INFO - Started process (PID=1411) to work on /opt/airflow/dags/core_osm_table_generator_dag.py
[2026-02-21T19:17:39.945+0000] {processor.py:914} INFO - Processing file /opt/airflow/dags/core_osm_table_generator_dag.py for tasks to queue
[2026-02-21T19:17:39.947+0000] {logging_mixin.py:190} INFO - [2026-02-21T19:17:39.946+0000] {dagbag.py:588} INFO - Filling up the DagBag from /opt/airflow/dags/core_osm_table_generator_dag.py
[2026-02-21T19:17:40.453+0000] {processor.py:925} INFO - DAG(s) 'core_osm_table_generator' retrieved from /opt/airflow/dags/core_osm_table_generator_dag.py
[2026-02-21T19:17:41.592+0000] {logging_mixin.py:190} INFO - [2026-02-21T19:17:41.592+0000] {dag.py:3239} INFO - Sync 1 DAGs
[2026-02-21T19:17:41.604+0000] {logging_mixin.py:190} INFO - [2026-02-21T19:17:41.604+0000] {dag.py:4180} INFO - Setting next_dagrun for core_osm_table_generator to None, run_after=None
[2026-02-21T19:17:41.617+0000] {processor.py:208} INFO - Processing /opt/airflow/dags/core_osm_table_generator_dag.py took 1.688 seconds
[2026-02-21T19:18:12.035+0000] {processor.py:186} INFO - Started process (PID=1412) to work on /opt/airflow/dags/core_osm_table_generator_dag.py
[2026-02-21T19:18:12.037+0000] {processor.py:914} INFO - Processing file /opt/airflow/dags/core_osm_table_generator_dag.py for tasks to queue
[2026-02-21T19:18:12.038+0000] {logging_mixin.py:190} INFO - [2026-02-21T19:18:12.038+0000] {dagbag.py:588} INFO - Filling up the DagBag from /opt/airflow/dags/core_osm_table_generator_dag.py
[2026-02-21T19:18:12.555+0000] {processor.py:925} INFO - DAG(s) 'core_osm_table_generator' retrieved from /opt/airflow/dags/core_osm_table_generator_dag.py
[2026-02-21T19:18:13.555+0000] {logging_mixin.py:190} INFO - [2026-02-21T19:18:13.555+0000] {dag.py:3239} INFO - Sync 1 DAGs
[2026-02-21T19:18:13.788+0000] {logging_mixin.py:190} INFO - [2026-02-21T19:18:13.788+0000] {dag.py:4180} INFO - Setting next_dagrun for core_osm_table_generator to None, run_after=None
[2026-02-21T19:18:13.795+0000] {processor.py:208} INFO - Processing /opt/airflow/dags/core_osm_table_generator_dag.py took 1.774 seconds
[2026-02-21T19:18:43.902+0000] {processor.py:186} INFO - Started process (PID=1413) to work on /opt/airflow/dags/core_osm_table_generator_dag.py
[2026-02-21T19:18:43.904+0000] {processor.py:914} INFO - Processing file /opt/airflow/dags/core_osm_table_generator_dag.py for tasks to queue
[2026-02-21T19:18:43.905+0000] {logging_mixin.py:190} INFO - [2026-02-21T19:18:43.905+0000] {dagbag.py:588} INFO - Filling up the DagBag from /opt/airflow/dags/core_osm_table_generator_dag.py
[2026-02-21T19:18:44.371+0000] {processor.py:925} INFO - DAG(s) 'core_osm_table_generator' retrieved from /opt/airflow/dags/core_osm_table_generator_dag.py
[2026-02-21T19:18:45.434+0000] {logging_mixin.py:190} INFO - [2026-02-21T19:18:45.434+0000] {dag.py:3239} INFO - Sync 1 DAGs
[2026-02-21T19:18:45.440+0000] {logging_mixin.py:190} INFO - [2026-02-21T19:18:45.439+0000] {dag.py:4180} INFO - Setting next_dagrun for core_osm_table_generator to None, run_after=None
[2026-02-21T19:18:45.446+0000] {processor.py:208} INFO - Processing /opt/airflow/dags/core_osm_table_generator_dag.py took 1.552 seconds
[2026-02-21T19:19:15.563+0000] {processor.py:186} INFO - Started process (PID=1414) to work on /opt/airflow/dags/core_osm_table_generator_dag.py
[2026-02-21T19:19:15.564+0000] {processor.py:914} INFO - Processing file /opt/airflow/dags/core_osm_table_generator_dag.py for tasks to queue
[2026-02-21T19:19:15.566+0000] {logging_mixin.py:190} INFO - [2026-02-21T19:19:15.565+0000] {dagbag.py:588} INFO - Filling up the DagBag from /opt/airflow/dags/core_osm_table_generator_dag.py
[2026-02-21T19:19:16.098+0000] {processor.py:925} INFO - DAG(s) 'core_osm_table_generator' retrieved from /opt/airflow/dags/core_osm_table_generator_dag.py
[2026-02-21T19:19:17.092+0000] {logging_mixin.py:190} INFO - [2026-02-21T19:19:17.092+0000] {dag.py:3239} INFO - Sync 1 DAGs
[2026-02-21T19:19:17.103+0000] {logging_mixin.py:190} INFO - [2026-02-21T19:19:17.103+0000] {dag.py:4180} INFO - Setting next_dagrun for core_osm_table_generator to None, run_after=None
[2026-02-21T19:19:17.125+0000] {processor.py:208} INFO - Processing /opt/airflow/dags/core_osm_table_generator_dag.py took 1.573 seconds
[2026-02-21T19:19:47.544+0000] {processor.py:186} INFO - Started process (PID=1415) to work on /opt/airflow/dags/core_osm_table_generator_dag.py
[2026-02-21T19:19:47.546+0000] {processor.py:914} INFO - Processing file /opt/airflow/dags/core_osm_table_generator_dag.py for tasks to queue
[2026-02-21T19:19:47.547+0000] {logging_mixin.py:190} INFO - [2026-02-21T19:19:47.547+0000] {dagbag.py:588} INFO - Filling up the DagBag from /opt/airflow/dags/core_osm_table_generator_dag.py
[2026-02-21T19:19:48.023+0000] {processor.py:925} INFO - DAG(s) 'core_osm_table_generator' retrieved from /opt/airflow/dags/core_osm_table_generator_dag.py
[2026-02-21T19:19:49.017+0000] {logging_mixin.py:190} INFO - [2026-02-21T19:19:49.017+0000] {dag.py:3239} INFO - Sync 1 DAGs
[2026-02-21T19:19:49.023+0000] {logging_mixin.py:190} INFO - [2026-02-21T19:19:49.023+0000] {dag.py:4180} INFO - Setting next_dagrun for core_osm_table_generator to None, run_after=None
[2026-02-21T19:19:49.034+0000] {processor.py:208} INFO - Processing /opt/airflow/dags/core_osm_table_generator_dag.py took 1.500 seconds
[2026-02-21T19:21:47.116+0000] {processor.py:186} INFO - Started process (PID=1416) to work on /opt/airflow/dags/core_osm_table_generator_dag.py
[2026-02-21T19:21:47.118+0000] {processor.py:914} INFO - Processing file /opt/airflow/dags/core_osm_table_generator_dag.py for tasks to queue
[2026-02-21T19:21:47.119+0000] {logging_mixin.py:190} INFO - [2026-02-21T19:21:47.119+0000] {dagbag.py:588} INFO - Filling up the DagBag from /opt/airflow/dags/core_osm_table_generator_dag.py
[2026-02-21T19:21:47.626+0000] {processor.py:925} INFO - DAG(s) 'core_osm_table_generator' retrieved from /opt/airflow/dags/core_osm_table_generator_dag.py
[2026-02-21T19:21:48.642+0000] {logging_mixin.py:190} INFO - [2026-02-21T19:21:48.642+0000] {dag.py:3239} INFO - Sync 1 DAGs
[2026-02-21T19:21:48.884+0000] {logging_mixin.py:190} INFO - [2026-02-21T19:21:48.884+0000] {dag.py:4180} INFO - Setting next_dagrun for core_osm_table_generator to None, run_after=None
[2026-02-21T19:21:48.899+0000] {processor.py:208} INFO - Processing /opt/airflow/dags/core_osm_table_generator_dag.py took 1.816 seconds
[2026-02-21T19:22:19.389+0000] {processor.py:186} INFO - Started process (PID=1417) to work on /opt/airflow/dags/core_osm_table_generator_dag.py
[2026-02-21T19:22:19.391+0000] {processor.py:914} INFO - Processing file /opt/airflow/dags/core_osm_table_generator_dag.py for tasks to queue
[2026-02-21T19:22:19.392+0000] {logging_mixin.py:190} INFO - [2026-02-21T19:22:19.392+0000] {dagbag.py:588} INFO - Filling up the DagBag from /opt/airflow/dags/core_osm_table_generator_dag.py
[2026-02-21T19:22:19.879+0000] {processor.py:925} INFO - DAG(s) 'core_osm_table_generator' retrieved from /opt/airflow/dags/core_osm_table_generator_dag.py
[2026-02-21T19:22:21.114+0000] {logging_mixin.py:190} INFO - [2026-02-21T19:22:21.114+0000] {dag.py:3239} INFO - Sync 1 DAGs
[2026-02-21T19:22:21.120+0000] {logging_mixin.py:190} INFO - [2026-02-21T19:22:21.120+0000] {dag.py:4180} INFO - Setting next_dagrun for core_osm_table_generator to None, run_after=None
[2026-02-21T19:22:21.128+0000] {processor.py:208} INFO - Processing /opt/airflow/dags/core_osm_table_generator_dag.py took 1.753 seconds
[2026-02-21T19:22:51.543+0000] {processor.py:186} INFO - Started process (PID=1418) to work on /opt/airflow/dags/core_osm_table_generator_dag.py
[2026-02-21T19:22:51.545+0000] {processor.py:914} INFO - Processing file /opt/airflow/dags/core_osm_table_generator_dag.py for tasks to queue
[2026-02-21T19:22:51.546+0000] {logging_mixin.py:190} INFO - [2026-02-21T19:22:51.546+0000] {dagbag.py:588} INFO - Filling up the DagBag from /opt/airflow/dags/core_osm_table_generator_dag.py
[2026-02-21T19:22:52.056+0000] {processor.py:925} INFO - DAG(s) 'core_osm_table_generator' retrieved from /opt/airflow/dags/core_osm_table_generator_dag.py
[2026-02-21T19:22:53.067+0000] {logging_mixin.py:190} INFO - [2026-02-21T19:22:53.067+0000] {dag.py:3239} INFO - Sync 1 DAGs
[2026-02-21T19:22:53.078+0000] {logging_mixin.py:190} INFO - [2026-02-21T19:22:53.078+0000] {dag.py:4180} INFO - Setting next_dagrun for core_osm_table_generator to None, run_after=None
[2026-02-21T19:22:53.087+0000] {processor.py:208} INFO - Processing /opt/airflow/dags/core_osm_table_generator_dag.py took 1.556 seconds
[2026-02-21T19:23:23.214+0000] {processor.py:186} INFO - Started process (PID=1419) to work on /opt/airflow/dags/core_osm_table_generator_dag.py
[2026-02-21T19:23:23.215+0000] {processor.py:914} INFO - Processing file /opt/airflow/dags/core_osm_table_generator_dag.py for tasks to queue
[2026-02-21T19:23:23.216+0000] {logging_mixin.py:190} INFO - [2026-02-21T19:23:23.216+0000] {dagbag.py:588} INFO - Filling up the DagBag from /opt/airflow/dags/core_osm_table_generator_dag.py
[2026-02-21T19:23:23.677+0000] {processor.py:925} INFO - DAG(s) 'core_osm_table_generator' retrieved from /opt/airflow/dags/core_osm_table_generator_dag.py
[2026-02-21T19:23:24.756+0000] {logging_mixin.py:190} INFO - [2026-02-21T19:23:24.755+0000] {dag.py:3239} INFO - Sync 1 DAGs
[2026-02-21T19:23:24.769+0000] {logging_mixin.py:190} INFO - [2026-02-21T19:23:24.769+0000] {dag.py:4180} INFO - Setting next_dagrun for core_osm_table_generator to None, run_after=None
[2026-02-21T19:23:24.778+0000] {processor.py:208} INFO - Processing /opt/airflow/dags/core_osm_table_generator_dag.py took 1.571 seconds
[2026-02-21T19:23:55.021+0000] {processor.py:186} INFO - Started process (PID=1420) to work on /opt/airflow/dags/core_osm_table_generator_dag.py
[2026-02-21T19:23:55.023+0000] {processor.py:914} INFO - Processing file /opt/airflow/dags/core_osm_table_generator_dag.py for tasks to queue
[2026-02-21T19:23:55.028+0000] {logging_mixin.py:190} INFO - [2026-02-21T19:23:55.025+0000] {dagbag.py:588} INFO - Filling up the DagBag from /opt/airflow/dags/core_osm_table_generator_dag.py
[2026-02-21T19:23:55.575+0000] {processor.py:925} INFO - DAG(s) 'core_osm_table_generator' retrieved from /opt/airflow/dags/core_osm_table_generator_dag.py
[2026-02-21T19:23:57.877+0000] {logging_mixin.py:190} INFO - [2026-02-21T19:23:57.875+0000] {dag.py:3239} INFO - Sync 1 DAGs
[2026-02-21T19:23:58.329+0000] {logging_mixin.py:190} INFO - [2026-02-21T19:23:58.328+0000] {dag.py:4180} INFO - Setting next_dagrun for core_osm_table_generator to None, run_after=None
[2026-02-21T19:23:58.339+0000] {processor.py:208} INFO - Processing /opt/airflow/dags/core_osm_table_generator_dag.py took 3.335 seconds
[2026-02-21T19:39:49.042+0000] {processor.py:186} INFO - Started process (PID=1421) to work on /opt/airflow/dags/core_osm_table_generator_dag.py
[2026-02-21T19:39:49.042+0000] {processor.py:914} INFO - Processing file /opt/airflow/dags/core_osm_table_generator_dag.py for tasks to queue
[2026-02-21T19:39:49.043+0000] {logging_mixin.py:190} INFO - [2026-02-21T19:39:49.043+0000] {dagbag.py:588} INFO - Filling up the DagBag from /opt/airflow/dags/core_osm_table_generator_dag.py
[2026-02-21T19:39:49.516+0000] {processor.py:925} INFO - DAG(s) 'core_osm_table_generator' retrieved from /opt/airflow/dags/core_osm_table_generator_dag.py
[2026-02-21T19:39:50.571+0000] {logging_mixin.py:190} INFO - [2026-02-21T19:39:50.571+0000] {dag.py:3239} INFO - Sync 1 DAGs
[2026-02-21T19:39:50.913+0000] {logging_mixin.py:190} INFO - [2026-02-21T19:39:50.913+0000] {dag.py:4180} INFO - Setting next_dagrun for core_osm_table_generator to None, run_after=None
[2026-02-21T19:39:50.921+0000] {processor.py:208} INFO - Processing /opt/airflow/dags/core_osm_table_generator_dag.py took 1.887 seconds
[2026-02-21T19:40:21.349+0000] {processor.py:186} INFO - Started process (PID=1422) to work on /opt/airflow/dags/core_osm_table_generator_dag.py
[2026-02-21T19:40:21.351+0000] {processor.py:914} INFO - Processing file /opt/airflow/dags/core_osm_table_generator_dag.py for tasks to queue
[2026-02-21T19:40:21.353+0000] {logging_mixin.py:190} INFO - [2026-02-21T19:40:21.352+0000] {dagbag.py:588} INFO - Filling up the DagBag from /opt/airflow/dags/core_osm_table_generator_dag.py
[2026-02-21T19:40:21.870+0000] {processor.py:925} INFO - DAG(s) 'core_osm_table_generator' retrieved from /opt/airflow/dags/core_osm_table_generator_dag.py
[2026-02-21T19:40:23.099+0000] {logging_mixin.py:190} INFO - [2026-02-21T19:40:23.099+0000] {dag.py:3239} INFO - Sync 1 DAGs
[2026-02-21T19:40:23.105+0000] {logging_mixin.py:190} INFO - [2026-02-21T19:40:23.105+0000] {dag.py:4180} INFO - Setting next_dagrun for core_osm_table_generator to None, run_after=None
[2026-02-21T19:40:23.112+0000] {processor.py:208} INFO - Processing /opt/airflow/dags/core_osm_table_generator_dag.py took 1.775 seconds
[2026-02-21T19:40:53.507+0000] {processor.py:186} INFO - Started process (PID=1423) to work on /opt/airflow/dags/core_osm_table_generator_dag.py
[2026-02-21T19:40:53.509+0000] {processor.py:914} INFO - Processing file /opt/airflow/dags/core_osm_table_generator_dag.py for tasks to queue
[2026-02-21T19:40:53.510+0000] {logging_mixin.py:190} INFO - [2026-02-21T19:40:53.510+0000] {dagbag.py:588} INFO - Filling up the DagBag from /opt/airflow/dags/core_osm_table_generator_dag.py
[2026-02-21T19:40:53.972+0000] {processor.py:925} INFO - DAG(s) 'core_osm_table_generator' retrieved from /opt/airflow/dags/core_osm_table_generator_dag.py
[2026-02-21T19:40:54.949+0000] {logging_mixin.py:190} INFO - [2026-02-21T19:40:54.949+0000] {dag.py:3239} INFO - Sync 1 DAGs
[2026-02-21T19:40:54.955+0000] {logging_mixin.py:190} INFO - [2026-02-21T19:40:54.955+0000] {dag.py:4180} INFO - Setting next_dagrun for core_osm_table_generator to None, run_after=None
[2026-02-21T19:40:54.961+0000] {processor.py:208} INFO - Processing /opt/airflow/dags/core_osm_table_generator_dag.py took 1.462 seconds
[2026-02-21T19:41:25.184+0000] {processor.py:186} INFO - Started process (PID=1424) to work on /opt/airflow/dags/core_osm_table_generator_dag.py
[2026-02-21T19:41:25.185+0000] {processor.py:914} INFO - Processing file /opt/airflow/dags/core_osm_table_generator_dag.py for tasks to queue
[2026-02-21T19:41:25.187+0000] {logging_mixin.py:190} INFO - [2026-02-21T19:41:25.186+0000] {dagbag.py:588} INFO - Filling up the DagBag from /opt/airflow/dags/core_osm_table_generator_dag.py
[2026-02-21T19:41:25.664+0000] {processor.py:925} INFO - DAG(s) 'core_osm_table_generator' retrieved from /opt/airflow/dags/core_osm_table_generator_dag.py
[2026-02-21T19:41:26.653+0000] {logging_mixin.py:190} INFO - [2026-02-21T19:41:26.653+0000] {dag.py:3239} INFO - Sync 1 DAGs
[2026-02-21T19:41:26.665+0000] {logging_mixin.py:190} INFO - [2026-02-21T19:41:26.665+0000] {dag.py:4180} INFO - Setting next_dagrun for core_osm_table_generator to None, run_after=None
[2026-02-21T19:41:26.800+0000] {processor.py:208} INFO - Processing /opt/airflow/dags/core_osm_table_generator_dag.py took 1.627 seconds
[2026-02-21T19:42:15.237+0000] {processor.py:186} INFO - Started process (PID=1425) to work on /opt/airflow/dags/core_osm_table_generator_dag.py
[2026-02-21T19:42:15.239+0000] {processor.py:914} INFO - Processing file /opt/airflow/dags/core_osm_table_generator_dag.py for tasks to queue
[2026-02-21T19:42:15.240+0000] {logging_mixin.py:190} INFO - [2026-02-21T19:42:15.240+0000] {dagbag.py:588} INFO - Filling up the DagBag from /opt/airflow/dags/core_osm_table_generator_dag.py
[2026-02-21T19:42:15.758+0000] {processor.py:925} INFO - DAG(s) 'core_osm_table_generator' retrieved from /opt/airflow/dags/core_osm_table_generator_dag.py
[2026-02-21T19:42:16.759+0000] {logging_mixin.py:190} INFO - [2026-02-21T19:42:16.759+0000] {dag.py:3239} INFO - Sync 1 DAGs
[2026-02-21T19:42:16.985+0000] {logging_mixin.py:190} INFO - [2026-02-21T19:42:16.984+0000] {dag.py:4180} INFO - Setting next_dagrun for core_osm_table_generator to None, run_after=None
[2026-02-21T19:42:16.996+0000] {processor.py:208} INFO - Processing /opt/airflow/dags/core_osm_table_generator_dag.py took 1.769 seconds
[2026-02-21T19:42:47.446+0000] {processor.py:186} INFO - Started process (PID=1426) to work on /opt/airflow/dags/core_osm_table_generator_dag.py
[2026-02-21T19:42:47.448+0000] {processor.py:914} INFO - Processing file /opt/airflow/dags/core_osm_table_generator_dag.py for tasks to queue
[2026-02-21T19:42:47.456+0000] {logging_mixin.py:190} INFO - [2026-02-21T19:42:47.453+0000] {dagbag.py:588} INFO - Filling up the DagBag from /opt/airflow/dags/core_osm_table_generator_dag.py
[2026-02-21T19:42:47.983+0000] {processor.py:925} INFO - DAG(s) 'core_osm_table_generator' retrieved from /opt/airflow/dags/core_osm_table_generator_dag.py
[2026-02-21T19:42:49.204+0000] {logging_mixin.py:190} INFO - [2026-02-21T19:42:49.203+0000] {dag.py:3239} INFO - Sync 1 DAGs
[2026-02-21T19:42:49.209+0000] {logging_mixin.py:190} INFO - [2026-02-21T19:42:49.209+0000] {dag.py:4180} INFO - Setting next_dagrun for core_osm_table_generator to None, run_after=None
[2026-02-21T19:42:49.216+0000] {processor.py:208} INFO - Processing /opt/airflow/dags/core_osm_table_generator_dag.py took 1.784 seconds
[2026-02-21T19:43:19.616+0000] {processor.py:186} INFO - Started process (PID=1427) to work on /opt/airflow/dags/core_osm_table_generator_dag.py
[2026-02-21T19:43:19.617+0000] {processor.py:914} INFO - Processing file /opt/airflow/dags/core_osm_table_generator_dag.py for tasks to queue
[2026-02-21T19:43:19.618+0000] {logging_mixin.py:190} INFO - [2026-02-21T19:43:19.618+0000] {dagbag.py:588} INFO - Filling up the DagBag from /opt/airflow/dags/core_osm_table_generator_dag.py
[2026-02-21T19:43:20.085+0000] {processor.py:925} INFO - DAG(s) 'core_osm_table_generator' retrieved from /opt/airflow/dags/core_osm_table_generator_dag.py
[2026-02-21T19:43:21.070+0000] {logging_mixin.py:190} INFO - [2026-02-21T19:43:21.070+0000] {dag.py:3239} INFO - Sync 1 DAGs
[2026-02-21T19:43:21.076+0000] {logging_mixin.py:190} INFO - [2026-02-21T19:43:21.076+0000] {dag.py:4180} INFO - Setting next_dagrun for core_osm_table_generator to None, run_after=None
[2026-02-21T19:43:21.083+0000] {processor.py:208} INFO - Processing /opt/airflow/dags/core_osm_table_generator_dag.py took 1.475 seconds
[2026-02-21T19:43:51.363+0000] {processor.py:186} INFO - Started process (PID=1428) to work on /opt/airflow/dags/core_osm_table_generator_dag.py
[2026-02-21T19:43:51.364+0000] {processor.py:914} INFO - Processing file /opt/airflow/dags/core_osm_table_generator_dag.py for tasks to queue
[2026-02-21T19:43:51.366+0000] {logging_mixin.py:190} INFO - [2026-02-21T19:43:51.365+0000] {dagbag.py:588} INFO - Filling up the DagBag from /opt/airflow/dags/core_osm_table_generator_dag.py
[2026-02-21T19:43:51.862+0000] {processor.py:925} INFO - DAG(s) 'core_osm_table_generator' retrieved from /opt/airflow/dags/core_osm_table_generator_dag.py
[2026-02-21T19:43:52.877+0000] {logging_mixin.py:190} INFO - [2026-02-21T19:43:52.877+0000] {dag.py:3239} INFO - Sync 1 DAGs
[2026-02-21T19:43:52.886+0000] {logging_mixin.py:190} INFO - [2026-02-21T19:43:52.886+0000] {dag.py:4180} INFO - Setting next_dagrun for core_osm_table_generator to None, run_after=None
[2026-02-21T19:43:52.898+0000] {processor.py:208} INFO - Processing /opt/airflow/dags/core_osm_table_generator_dag.py took 1.548 seconds
[2026-02-21T19:44:23.319+0000] {processor.py:186} INFO - Started process (PID=1429) to work on /opt/airflow/dags/core_osm_table_generator_dag.py
[2026-02-21T19:44:23.320+0000] {processor.py:914} INFO - Processing file /opt/airflow/dags/core_osm_table_generator_dag.py for tasks to queue
[2026-02-21T19:44:23.321+0000] {logging_mixin.py:190} INFO - [2026-02-21T19:44:23.321+0000] {dagbag.py:588} INFO - Filling up the DagBag from /opt/airflow/dags/core_osm_table_generator_dag.py
[2026-02-21T19:44:23.779+0000] {processor.py:925} INFO - DAG(s) 'core_osm_table_generator' retrieved from /opt/airflow/dags/core_osm_table_generator_dag.py
[2026-02-21T19:44:24.773+0000] {logging_mixin.py:190} INFO - [2026-02-21T19:44:24.773+0000] {dag.py:3239} INFO - Sync 1 DAGs
[2026-02-21T19:44:25.000+0000] {logging_mixin.py:190} INFO - [2026-02-21T19:44:25.000+0000] {dag.py:4180} INFO - Setting next_dagrun for core_osm_table_generator to None, run_after=None
[2026-02-21T19:44:25.009+0000] {processor.py:208} INFO - Processing /opt/airflow/dags/core_osm_table_generator_dag.py took 1.698 seconds
[2026-02-21T19:44:55.240+0000] {processor.py:186} INFO - Started process (PID=1430) to work on /opt/airflow/dags/core_osm_table_generator_dag.py
[2026-02-21T19:44:55.242+0000] {processor.py:914} INFO - Processing file /opt/airflow/dags/core_osm_table_generator_dag.py for tasks to queue
[2026-02-21T19:44:55.243+0000] {logging_mixin.py:190} INFO - [2026-02-21T19:44:55.243+0000] {dagbag.py:588} INFO - Filling up the DagBag from /opt/airflow/dags/core_osm_table_generator_dag.py
[2026-02-21T19:44:55.750+0000] {processor.py:925} INFO - DAG(s) 'core_osm_table_generator' retrieved from /opt/airflow/dags/core_osm_table_generator_dag.py
[2026-02-21T19:44:56.840+0000] {logging_mixin.py:190} INFO - [2026-02-21T19:44:56.840+0000] {dag.py:3239} INFO - Sync 1 DAGs
[2026-02-21T19:44:56.846+0000] {logging_mixin.py:190} INFO - [2026-02-21T19:44:56.846+0000] {dag.py:4180} INFO - Setting next_dagrun for core_osm_table_generator to None, run_after=None
[2026-02-21T19:44:56.853+0000] {processor.py:208} INFO - Processing /opt/airflow/dags/core_osm_table_generator_dag.py took 1.621 seconds
[2026-02-21T20:00:22.993+0000] {processor.py:186} INFO - Started process (PID=1431) to work on /opt/airflow/dags/core_osm_table_generator_dag.py
[2026-02-21T20:00:22.995+0000] {processor.py:914} INFO - Processing file /opt/airflow/dags/core_osm_table_generator_dag.py for tasks to queue
[2026-02-21T20:00:22.996+0000] {logging_mixin.py:190} INFO - [2026-02-21T20:00:22.996+0000] {dagbag.py:588} INFO - Filling up the DagBag from /opt/airflow/dags/core_osm_table_generator_dag.py
[2026-02-21T20:00:23.521+0000] {processor.py:925} INFO - DAG(s) 'core_osm_table_generator' retrieved from /opt/airflow/dags/core_osm_table_generator_dag.py
[2026-02-21T20:00:24.515+0000] {logging_mixin.py:190} INFO - [2026-02-21T20:00:24.515+0000] {dag.py:3239} INFO - Sync 1 DAGs
[2026-02-21T20:00:24.527+0000] {logging_mixin.py:190} INFO - [2026-02-21T20:00:24.527+0000] {dag.py:4180} INFO - Setting next_dagrun for core_osm_table_generator to None, run_after=None
[2026-02-21T20:00:24.536+0000] {processor.py:208} INFO - Processing /opt/airflow/dags/core_osm_table_generator_dag.py took 1.566 seconds
[2026-02-21T20:00:54.918+0000] {processor.py:186} INFO - Started process (PID=1432) to work on /opt/airflow/dags/core_osm_table_generator_dag.py
[2026-02-21T20:00:54.920+0000] {processor.py:914} INFO - Processing file /opt/airflow/dags/core_osm_table_generator_dag.py for tasks to queue
[2026-02-21T20:00:54.923+0000] {logging_mixin.py:190} INFO - [2026-02-21T20:00:54.922+0000] {dagbag.py:588} INFO - Filling up the DagBag from /opt/airflow/dags/core_osm_table_generator_dag.py
[2026-02-21T20:00:55.458+0000] {processor.py:925} INFO - DAG(s) 'core_osm_table_generator' retrieved from /opt/airflow/dags/core_osm_table_generator_dag.py
[2026-02-21T20:00:56.452+0000] {logging_mixin.py:190} INFO - [2026-02-21T20:00:56.452+0000] {dag.py:3239} INFO - Sync 1 DAGs
[2026-02-21T20:00:56.463+0000] {logging_mixin.py:190} INFO - [2026-02-21T20:00:56.463+0000] {dag.py:4180} INFO - Setting next_dagrun for core_osm_table_generator to None, run_after=None
[2026-02-21T20:00:56.471+0000] {processor.py:208} INFO - Processing /opt/airflow/dags/core_osm_table_generator_dag.py took 1.566 seconds
[2026-02-21T20:01:26.863+0000] {processor.py:186} INFO - Started process (PID=1433) to work on /opt/airflow/dags/core_osm_table_generator_dag.py
[2026-02-21T20:01:26.865+0000] {processor.py:914} INFO - Processing file /opt/airflow/dags/core_osm_table_generator_dag.py for tasks to queue
[2026-02-21T20:01:26.866+0000] {logging_mixin.py:190} INFO - [2026-02-21T20:01:26.865+0000] {dagbag.py:588} INFO - Filling up the DagBag from /opt/airflow/dags/core_osm_table_generator_dag.py
[2026-02-21T20:01:27.339+0000] {processor.py:925} INFO - DAG(s) 'core_osm_table_generator' retrieved from /opt/airflow/dags/core_osm_table_generator_dag.py
[2026-02-21T20:01:28.332+0000] {logging_mixin.py:190} INFO - [2026-02-21T20:01:28.332+0000] {dag.py:3239} INFO - Sync 1 DAGs
[2026-02-21T20:01:28.529+0000] {logging_mixin.py:190} INFO - [2026-02-21T20:01:28.529+0000] {dag.py:4180} INFO - Setting next_dagrun for core_osm_table_generator to None, run_after=None
[2026-02-21T20:01:28.536+0000] {processor.py:208} INFO - Processing /opt/airflow/dags/core_osm_table_generator_dag.py took 1.681 seconds
[2026-02-21T20:01:58.628+0000] {processor.py:186} INFO - Started process (PID=1434) to work on /opt/airflow/dags/core_osm_table_generator_dag.py
[2026-02-21T20:01:58.630+0000] {processor.py:914} INFO - Processing file /opt/airflow/dags/core_osm_table_generator_dag.py for tasks to queue
[2026-02-21T20:01:58.631+0000] {logging_mixin.py:190} INFO - [2026-02-21T20:01:58.631+0000] {dagbag.py:588} INFO - Filling up the DagBag from /opt/airflow/dags/core_osm_table_generator_dag.py
[2026-02-21T20:01:59.127+0000] {processor.py:925} INFO - DAG(s) 'core_osm_table_generator' retrieved from /opt/airflow/dags/core_osm_table_generator_dag.py
[2026-02-21T20:02:00.373+0000] {logging_mixin.py:190} INFO - [2026-02-21T20:02:00.373+0000] {dag.py:3239} INFO - Sync 1 DAGs
[2026-02-21T20:02:00.380+0000] {logging_mixin.py:190} INFO - [2026-02-21T20:02:00.380+0000] {dag.py:4180} INFO - Setting next_dagrun for core_osm_table_generator to None, run_after=None
[2026-02-21T20:02:00.387+0000] {processor.py:208} INFO - Processing /opt/airflow/dags/core_osm_table_generator_dag.py took 1.770 seconds
[2026-02-21T20:02:30.746+0000] {processor.py:186} INFO - Started process (PID=1435) to work on /opt/airflow/dags/core_osm_table_generator_dag.py
[2026-02-21T20:02:30.747+0000] {processor.py:914} INFO - Processing file /opt/airflow/dags/core_osm_table_generator_dag.py for tasks to queue
[2026-02-21T20:02:30.749+0000] {logging_mixin.py:190} INFO - [2026-02-21T20:02:30.748+0000] {dagbag.py:588} INFO - Filling up the DagBag from /opt/airflow/dags/core_osm_table_generator_dag.py
[2026-02-21T20:02:31.260+0000] {processor.py:925} INFO - DAG(s) 'core_osm_table_generator' retrieved from /opt/airflow/dags/core_osm_table_generator_dag.py
[2026-02-21T20:02:32.275+0000] {logging_mixin.py:190} INFO - [2026-02-21T20:02:32.275+0000] {dag.py:3239} INFO - Sync 1 DAGs
[2026-02-21T20:02:32.286+0000] {logging_mixin.py:190} INFO - [2026-02-21T20:02:32.286+0000] {dag.py:4180} INFO - Setting next_dagrun for core_osm_table_generator to None, run_after=None
[2026-02-21T20:02:32.295+0000] {processor.py:208} INFO - Processing /opt/airflow/dags/core_osm_table_generator_dag.py took 1.560 seconds
[2026-02-21T20:18:56.961+0000] {processor.py:186} INFO - Started process (PID=1436) to work on /opt/airflow/dags/core_osm_table_generator_dag.py
[2026-02-21T20:18:56.963+0000] {processor.py:914} INFO - Processing file /opt/airflow/dags/core_osm_table_generator_dag.py for tasks to queue
[2026-02-21T20:18:56.965+0000] {logging_mixin.py:190} INFO - [2026-02-21T20:18:56.964+0000] {dagbag.py:588} INFO - Filling up the DagBag from /opt/airflow/dags/core_osm_table_generator_dag.py
[2026-02-21T20:18:57.465+0000] {processor.py:925} INFO - DAG(s) 'core_osm_table_generator' retrieved from /opt/airflow/dags/core_osm_table_generator_dag.py
[2026-02-21T20:18:58.516+0000] {logging_mixin.py:190} INFO - [2026-02-21T20:18:58.516+0000] {dag.py:3239} INFO - Sync 1 DAGs
[2026-02-21T20:18:58.527+0000] {logging_mixin.py:190} INFO - [2026-02-21T20:18:58.527+0000] {dag.py:4180} INFO - Setting next_dagrun for core_osm_table_generator to None, run_after=None
[2026-02-21T20:18:58.536+0000] {processor.py:208} INFO - Processing /opt/airflow/dags/core_osm_table_generator_dag.py took 1.588 seconds
[2026-02-21T20:19:28.754+0000] {processor.py:186} INFO - Started process (PID=1437) to work on /opt/airflow/dags/core_osm_table_generator_dag.py
[2026-02-21T20:19:28.756+0000] {processor.py:914} INFO - Processing file /opt/airflow/dags/core_osm_table_generator_dag.py for tasks to queue
[2026-02-21T20:19:28.758+0000] {logging_mixin.py:190} INFO - [2026-02-21T20:19:28.757+0000] {dagbag.py:588} INFO - Filling up the DagBag from /opt/airflow/dags/core_osm_table_generator_dag.py
[2026-02-21T20:19:29.287+0000] {processor.py:925} INFO - DAG(s) 'core_osm_table_generator' retrieved from /opt/airflow/dags/core_osm_table_generator_dag.py
[2026-02-21T20:19:30.287+0000] {logging_mixin.py:190} INFO - [2026-02-21T20:19:30.287+0000] {dag.py:3239} INFO - Sync 1 DAGs
[2026-02-21T20:19:30.301+0000] {logging_mixin.py:190} INFO - [2026-02-21T20:19:30.301+0000] {dag.py:4180} INFO - Setting next_dagrun for core_osm_table_generator to None, run_after=None
[2026-02-21T20:19:30.514+0000] {processor.py:208} INFO - Processing /opt/airflow/dags/core_osm_table_generator_dag.py took 1.786 seconds
[2026-02-21T20:20:00.940+0000] {processor.py:186} INFO - Started process (PID=1438) to work on /opt/airflow/dags/core_osm_table_generator_dag.py
[2026-02-21T20:20:00.942+0000] {processor.py:914} INFO - Processing file /opt/airflow/dags/core_osm_table_generator_dag.py for tasks to queue
[2026-02-21T20:20:00.943+0000] {logging_mixin.py:190} INFO - [2026-02-21T20:20:00.943+0000] {dagbag.py:588} INFO - Filling up the DagBag from /opt/airflow/dags/core_osm_table_generator_dag.py
[2026-02-21T20:20:01.443+0000] {processor.py:925} INFO - DAG(s) 'core_osm_table_generator' retrieved from /opt/airflow/dags/core_osm_table_generator_dag.py
[2026-02-21T20:20:02.452+0000] {logging_mixin.py:190} INFO - [2026-02-21T20:20:02.452+0000] {dag.py:3239} INFO - Sync 1 DAGs
[2026-02-21T20:20:02.669+0000] {logging_mixin.py:190} INFO - [2026-02-21T20:20:02.669+0000] {dag.py:4180} INFO - Setting next_dagrun for core_osm_table_generator to None, run_after=None
[2026-02-21T20:20:02.676+0000] {processor.py:208} INFO - Processing /opt/airflow/dags/core_osm_table_generator_dag.py took 1.747 seconds
[2026-02-21T20:20:33.020+0000] {processor.py:186} INFO - Started process (PID=1439) to work on /opt/airflow/dags/core_osm_table_generator_dag.py
[2026-02-21T20:20:33.021+0000] {processor.py:914} INFO - Processing file /opt/airflow/dags/core_osm_table_generator_dag.py for tasks to queue
[2026-02-21T20:20:33.022+0000] {logging_mixin.py:190} INFO - [2026-02-21T20:20:33.022+0000] {dagbag.py:588} INFO - Filling up the DagBag from /opt/airflow/dags/core_osm_table_generator_dag.py
[2026-02-21T20:20:33.477+0000] {processor.py:925} INFO - DAG(s) 'core_osm_table_generator' retrieved from /opt/airflow/dags/core_osm_table_generator_dag.py
[2026-02-21T20:20:34.639+0000] {logging_mixin.py:190} INFO - [2026-02-21T20:20:34.639+0000] {dag.py:3239} INFO - Sync 1 DAGs
[2026-02-21T20:20:34.647+0000] {logging_mixin.py:190} INFO - [2026-02-21T20:20:34.647+0000] {dag.py:4180} INFO - Setting next_dagrun for core_osm_table_generator to None, run_after=None
[2026-02-21T20:20:34.654+0000] {processor.py:208} INFO - Processing /opt/airflow/dags/core_osm_table_generator_dag.py took 1.642 seconds
[2026-02-21T20:21:05.071+0000] {processor.py:186} INFO - Started process (PID=1440) to work on /opt/airflow/dags/core_osm_table_generator_dag.py
[2026-02-21T20:21:05.073+0000] {processor.py:914} INFO - Processing file /opt/airflow/dags/core_osm_table_generator_dag.py for tasks to queue
[2026-02-21T20:21:05.074+0000] {logging_mixin.py:190} INFO - [2026-02-21T20:21:05.074+0000] {dagbag.py:588} INFO - Filling up the DagBag from /opt/airflow/dags/core_osm_table_generator_dag.py
[2026-02-21T20:21:05.568+0000] {processor.py:925} INFO - DAG(s) 'core_osm_table_generator' retrieved from /opt/airflow/dags/core_osm_table_generator_dag.py
[2026-02-21T20:21:06.591+0000] {logging_mixin.py:190} INFO - [2026-02-21T20:21:06.591+0000] {dag.py:3239} INFO - Sync 1 DAGs
[2026-02-21T20:21:06.602+0000] {logging_mixin.py:190} INFO - [2026-02-21T20:21:06.602+0000] {dag.py:4180} INFO - Setting next_dagrun for core_osm_table_generator to None, run_after=None
[2026-02-21T20:21:06.612+0000] {processor.py:208} INFO - Processing /opt/airflow/dags/core_osm_table_generator_dag.py took 1.569 seconds
[2026-02-21T20:22:46.941+0000] {processor.py:186} INFO - Started process (PID=1441) to work on /opt/airflow/dags/core_osm_table_generator_dag.py
[2026-02-21T20:22:46.943+0000] {processor.py:914} INFO - Processing file /opt/airflow/dags/core_osm_table_generator_dag.py for tasks to queue
[2026-02-21T20:22:46.945+0000] {logging_mixin.py:190} INFO - [2026-02-21T20:22:46.944+0000] {dagbag.py:588} INFO - Filling up the DagBag from /opt/airflow/dags/core_osm_table_generator_dag.py
[2026-02-21T20:22:47.443+0000] {processor.py:925} INFO - DAG(s) 'core_osm_table_generator' retrieved from /opt/airflow/dags/core_osm_table_generator_dag.py
[2026-02-21T20:22:48.448+0000] {logging_mixin.py:190} INFO - [2026-02-21T20:22:48.448+0000] {dag.py:3239} INFO - Sync 1 DAGs
[2026-02-21T20:22:48.460+0000] {logging_mixin.py:190} INFO - [2026-02-21T20:22:48.460+0000] {dag.py:4180} INFO - Setting next_dagrun for core_osm_table_generator to None, run_after=None
[2026-02-21T20:22:48.472+0000] {processor.py:208} INFO - Processing /opt/airflow/dags/core_osm_table_generator_dag.py took 1.553 seconds
[2026-02-21T20:23:18.897+0000] {processor.py:186} INFO - Started process (PID=1442) to work on /opt/airflow/dags/core_osm_table_generator_dag.py
[2026-02-21T20:23:18.899+0000] {processor.py:914} INFO - Processing file /opt/airflow/dags/core_osm_table_generator_dag.py for tasks to queue
[2026-02-21T20:23:18.900+0000] {logging_mixin.py:190} INFO - [2026-02-21T20:23:18.900+0000] {dagbag.py:588} INFO - Filling up the DagBag from /opt/airflow/dags/core_osm_table_generator_dag.py
[2026-02-21T20:23:19.384+0000] {processor.py:925} INFO - DAG(s) 'core_osm_table_generator' retrieved from /opt/airflow/dags/core_osm_table_generator_dag.py
[2026-02-21T20:23:20.376+0000] {logging_mixin.py:190} INFO - [2026-02-21T20:23:20.376+0000] {dag.py:3239} INFO - Sync 1 DAGs
[2026-02-21T20:23:20.587+0000] {logging_mixin.py:190} INFO - [2026-02-21T20:23:20.587+0000] {dag.py:4180} INFO - Setting next_dagrun for core_osm_table_generator to None, run_after=None
[2026-02-21T20:23:20.595+0000] {processor.py:208} INFO - Processing /opt/airflow/dags/core_osm_table_generator_dag.py took 1.707 seconds
[2026-02-21T20:23:50.959+0000] {processor.py:186} INFO - Started process (PID=1443) to work on /opt/airflow/dags/core_osm_table_generator_dag.py
[2026-02-21T20:23:50.960+0000] {processor.py:914} INFO - Processing file /opt/airflow/dags/core_osm_table_generator_dag.py for tasks to queue
[2026-02-21T20:23:50.961+0000] {logging_mixin.py:190} INFO - [2026-02-21T20:23:50.961+0000] {dagbag.py:588} INFO - Filling up the DagBag from /opt/airflow/dags/core_osm_table_generator_dag.py
[2026-02-21T20:23:51.425+0000] {processor.py:925} INFO - DAG(s) 'core_osm_table_generator' retrieved from /opt/airflow/dags/core_osm_table_generator_dag.py
[2026-02-21T20:23:52.496+0000] {logging_mixin.py:190} INFO - [2026-02-21T20:23:52.496+0000] {dag.py:3239} INFO - Sync 1 DAGs
[2026-02-21T20:23:52.501+0000] {logging_mixin.py:190} INFO - [2026-02-21T20:23:52.501+0000] {dag.py:4180} INFO - Setting next_dagrun for core_osm_table_generator to None, run_after=None
[2026-02-21T20:23:52.508+0000] {processor.py:208} INFO - Processing /opt/airflow/dags/core_osm_table_generator_dag.py took 1.556 seconds
[2026-02-21T20:24:22.898+0000] {processor.py:186} INFO - Started process (PID=1444) to work on /opt/airflow/dags/core_osm_table_generator_dag.py
[2026-02-21T20:24:22.899+0000] {processor.py:914} INFO - Processing file /opt/airflow/dags/core_osm_table_generator_dag.py for tasks to queue
[2026-02-21T20:24:22.901+0000] {logging_mixin.py:190} INFO - [2026-02-21T20:24:22.900+0000] {dagbag.py:588} INFO - Filling up the DagBag from /opt/airflow/dags/core_osm_table_generator_dag.py
[2026-02-21T20:24:23.399+0000] {processor.py:925} INFO - DAG(s) 'core_osm_table_generator' retrieved from /opt/airflow/dags/core_osm_table_generator_dag.py
[2026-02-21T20:24:24.415+0000] {logging_mixin.py:190} INFO - [2026-02-21T20:24:24.415+0000] {dag.py:3239} INFO - Sync 1 DAGs
[2026-02-21T20:24:24.424+0000] {logging_mixin.py:190} INFO - [2026-02-21T20:24:24.424+0000] {dag.py:4180} INFO - Setting next_dagrun for core_osm_table_generator to None, run_after=None
[2026-02-21T20:24:24.433+0000] {processor.py:208} INFO - Processing /opt/airflow/dags/core_osm_table_generator_dag.py took 1.549 seconds
[2026-02-21T20:24:55.132+0000] {processor.py:186} INFO - Started process (PID=1445) to work on /opt/airflow/dags/core_osm_table_generator_dag.py
[2026-02-21T20:24:55.134+0000] {processor.py:914} INFO - Processing file /opt/airflow/dags/core_osm_table_generator_dag.py for tasks to queue
[2026-02-21T20:24:55.137+0000] {logging_mixin.py:190} INFO - [2026-02-21T20:24:55.136+0000] {dagbag.py:588} INFO - Filling up the DagBag from /opt/airflow/dags/core_osm_table_generator_dag.py
[2026-02-21T20:24:56.849+0000] {processor.py:925} INFO - DAG(s) 'core_osm_table_generator' retrieved from /opt/airflow/dags/core_osm_table_generator_dag.py
[2026-02-21T20:25:01.523+0000] {logging_mixin.py:190} INFO - [2026-02-21T20:25:01.521+0000] {dag.py:3239} INFO - Sync 1 DAGs
[2026-02-21T20:25:02.487+0000] {logging_mixin.py:190} INFO - [2026-02-21T20:25:02.477+0000] {dag.py:4180} INFO - Setting next_dagrun for core_osm_table_generator to None, run_after=None
[2026-02-21T20:25:02.794+0000] {processor.py:208} INFO - Processing /opt/airflow/dags/core_osm_table_generator_dag.py took 7.682 seconds
[2026-02-21T20:34:03.341+0000] {processor.py:186} INFO - Started process (PID=1446) to work on /opt/airflow/dags/core_osm_table_generator_dag.py
[2026-02-21T20:34:03.343+0000] {processor.py:914} INFO - Processing file /opt/airflow/dags/core_osm_table_generator_dag.py for tasks to queue
[2026-02-21T20:34:03.345+0000] {logging_mixin.py:190} INFO - [2026-02-21T20:34:03.344+0000] {dagbag.py:588} INFO - Filling up the DagBag from /opt/airflow/dags/core_osm_table_generator_dag.py
[2026-02-21T20:34:03.887+0000] {processor.py:925} INFO - DAG(s) 'core_osm_table_generator' retrieved from /opt/airflow/dags/core_osm_table_generator_dag.py
[2026-02-21T20:34:05.988+0000] {logging_mixin.py:190} INFO - [2026-02-21T20:34:05.984+0000] {dag.py:3239} INFO - Sync 1 DAGs
[2026-02-21T20:34:07.612+0000] {logging_mixin.py:190} INFO - [2026-02-21T20:34:07.611+0000] {dag.py:4180} INFO - Setting next_dagrun for core_osm_table_generator to None, run_after=None
[2026-02-21T20:34:07.644+0000] {processor.py:208} INFO - Processing /opt/airflow/dags/core_osm_table_generator_dag.py took 4.325 seconds
[2026-02-21T20:34:38.969+0000] {processor.py:186} INFO - Started process (PID=1447) to work on /opt/airflow/dags/core_osm_table_generator_dag.py
[2026-02-21T20:34:38.978+0000] {processor.py:914} INFO - Processing file /opt/airflow/dags/core_osm_table_generator_dag.py for tasks to queue
[2026-02-21T20:34:38.984+0000] {logging_mixin.py:190} INFO - [2026-02-21T20:34:38.982+0000] {dagbag.py:588} INFO - Filling up the DagBag from /opt/airflow/dags/core_osm_table_generator_dag.py
[2026-02-21T20:34:39.556+0000] {processor.py:925} INFO - DAG(s) 'core_osm_table_generator' retrieved from /opt/airflow/dags/core_osm_table_generator_dag.py
[2026-02-21T20:34:43.372+0000] {logging_mixin.py:190} INFO - [2026-02-21T20:34:43.370+0000] {dag.py:3239} INFO - Sync 1 DAGs
[2026-02-21T20:34:43.389+0000] {logging_mixin.py:190} INFO - [2026-02-21T20:34:43.389+0000] {dag.py:4180} INFO - Setting next_dagrun for core_osm_table_generator to None, run_after=None
[2026-02-21T20:34:43.406+0000] {processor.py:208} INFO - Processing /opt/airflow/dags/core_osm_table_generator_dag.py took 4.569 seconds
[2026-02-21T20:35:14.670+0000] {processor.py:186} INFO - Started process (PID=1448) to work on /opt/airflow/dags/core_osm_table_generator_dag.py
[2026-02-21T20:35:14.684+0000] {processor.py:914} INFO - Processing file /opt/airflow/dags/core_osm_table_generator_dag.py for tasks to queue
[2026-02-21T20:35:14.688+0000] {logging_mixin.py:190} INFO - [2026-02-21T20:35:14.686+0000] {dagbag.py:588} INFO - Filling up the DagBag from /opt/airflow/dags/core_osm_table_generator_dag.py
[2026-02-21T20:35:15.347+0000] {processor.py:925} INFO - DAG(s) 'core_osm_table_generator' retrieved from /opt/airflow/dags/core_osm_table_generator_dag.py
[2026-02-21T20:35:16.395+0000] {logging_mixin.py:190} INFO - [2026-02-21T20:35:16.395+0000] {dag.py:3239} INFO - Sync 1 DAGs
[2026-02-21T20:35:16.409+0000] {logging_mixin.py:190} INFO - [2026-02-21T20:35:16.408+0000] {dag.py:4180} INFO - Setting next_dagrun for core_osm_table_generator to None, run_after=None
[2026-02-21T20:35:16.425+0000] {processor.py:208} INFO - Processing /opt/airflow/dags/core_osm_table_generator_dag.py took 1.801 seconds
[2026-02-21T20:35:46.812+0000] {processor.py:186} INFO - Started process (PID=1449) to work on /opt/airflow/dags/core_osm_table_generator_dag.py
[2026-02-21T20:35:46.815+0000] {processor.py:914} INFO - Processing file /opt/airflow/dags/core_osm_table_generator_dag.py for tasks to queue
[2026-02-21T20:35:46.817+0000] {logging_mixin.py:190} INFO - [2026-02-21T20:35:46.817+0000] {dagbag.py:588} INFO - Filling up the DagBag from /opt/airflow/dags/core_osm_table_generator_dag.py
[2026-02-21T20:35:47.369+0000] {processor.py:925} INFO - DAG(s) 'core_osm_table_generator' retrieved from /opt/airflow/dags/core_osm_table_generator_dag.py
[2026-02-21T20:35:48.402+0000] {logging_mixin.py:190} INFO - [2026-02-21T20:35:48.402+0000] {dag.py:3239} INFO - Sync 1 DAGs
[2026-02-21T20:35:48.419+0000] {logging_mixin.py:190} INFO - [2026-02-21T20:35:48.418+0000] {dag.py:4180} INFO - Setting next_dagrun for core_osm_table_generator to None, run_after=None
[2026-02-21T20:35:48.430+0000] {processor.py:208} INFO - Processing /opt/airflow/dags/core_osm_table_generator_dag.py took 1.631 seconds
[2026-02-21T20:36:18.826+0000] {processor.py:186} INFO - Started process (PID=1450) to work on /opt/airflow/dags/core_osm_table_generator_dag.py
[2026-02-21T20:36:18.829+0000] {processor.py:914} INFO - Processing file /opt/airflow/dags/core_osm_table_generator_dag.py for tasks to queue
[2026-02-21T20:36:18.834+0000] {logging_mixin.py:190} INFO - [2026-02-21T20:36:18.833+0000] {dagbag.py:588} INFO - Filling up the DagBag from /opt/airflow/dags/core_osm_table_generator_dag.py
[2026-02-21T20:36:20.445+0000] {processor.py:925} INFO - DAG(s) 'core_osm_table_generator' retrieved from /opt/airflow/dags/core_osm_table_generator_dag.py
[2026-02-21T20:36:22.834+0000] {logging_mixin.py:190} INFO - [2026-02-21T20:36:22.833+0000] {dag.py:3239} INFO - Sync 1 DAGs
[2026-02-21T20:36:24.905+0000] {logging_mixin.py:190} INFO - [2026-02-21T20:36:24.904+0000] {dag.py:4180} INFO - Setting next_dagrun for core_osm_table_generator to None, run_after=None
[2026-02-21T20:36:24.924+0000] {processor.py:208} INFO - Processing /opt/airflow/dags/core_osm_table_generator_dag.py took 6.108 seconds
[2026-02-21T20:51:44.440+0000] {processor.py:186} INFO - Started process (PID=1451) to work on /opt/airflow/dags/core_osm_table_generator_dag.py
[2026-02-21T20:51:44.441+0000] {processor.py:914} INFO - Processing file /opt/airflow/dags/core_osm_table_generator_dag.py for tasks to queue
[2026-02-21T20:51:44.443+0000] {logging_mixin.py:190} INFO - [2026-02-21T20:51:44.442+0000] {dagbag.py:588} INFO - Filling up the DagBag from /opt/airflow/dags/core_osm_table_generator_dag.py
[2026-02-21T20:51:44.979+0000] {processor.py:925} INFO - DAG(s) 'core_osm_table_generator' retrieved from /opt/airflow/dags/core_osm_table_generator_dag.py
[2026-02-21T20:51:46.948+0000] {logging_mixin.py:190} INFO - [2026-02-21T20:51:46.947+0000] {dag.py:3239} INFO - Sync 1 DAGs
[2026-02-21T20:51:47.214+0000] {logging_mixin.py:190} INFO - [2026-02-21T20:51:47.214+0000] {dag.py:4180} INFO - Setting next_dagrun for core_osm_table_generator to None, run_after=None
[2026-02-21T20:51:47.223+0000] {processor.py:208} INFO - Processing /opt/airflow/dags/core_osm_table_generator_dag.py took 2.804 seconds
[2026-02-21T20:52:17.947+0000] {processor.py:186} INFO - Started process (PID=1452) to work on /opt/airflow/dags/core_osm_table_generator_dag.py
[2026-02-21T20:52:17.949+0000] {processor.py:914} INFO - Processing file /opt/airflow/dags/core_osm_table_generator_dag.py for tasks to queue
[2026-02-21T20:52:17.952+0000] {logging_mixin.py:190} INFO - [2026-02-21T20:52:17.951+0000] {dagbag.py:588} INFO - Filling up the DagBag from /opt/airflow/dags/core_osm_table_generator_dag.py
[2026-02-21T20:52:18.452+0000] {processor.py:925} INFO - DAG(s) 'core_osm_table_generator' retrieved from /opt/airflow/dags/core_osm_table_generator_dag.py
[2026-02-21T20:52:19.668+0000] {logging_mixin.py:190} INFO - [2026-02-21T20:52:19.668+0000] {dag.py:3239} INFO - Sync 1 DAGs
[2026-02-21T20:52:19.674+0000] {logging_mixin.py:190} INFO - [2026-02-21T20:52:19.674+0000] {dag.py:4180} INFO - Setting next_dagrun for core_osm_table_generator to None, run_after=None
[2026-02-21T20:52:19.681+0000] {processor.py:208} INFO - Processing /opt/airflow/dags/core_osm_table_generator_dag.py took 1.760 seconds
[2026-02-21T20:52:50.092+0000] {processor.py:186} INFO - Started process (PID=1453) to work on /opt/airflow/dags/core_osm_table_generator_dag.py
[2026-02-21T20:52:50.094+0000] {processor.py:914} INFO - Processing file /opt/airflow/dags/core_osm_table_generator_dag.py for tasks to queue
[2026-02-21T20:52:50.096+0000] {logging_mixin.py:190} INFO - [2026-02-21T20:52:50.095+0000] {dagbag.py:588} INFO - Filling up the DagBag from /opt/airflow/dags/core_osm_table_generator_dag.py
[2026-02-21T20:52:50.564+0000] {processor.py:925} INFO - DAG(s) 'core_osm_table_generator' retrieved from /opt/airflow/dags/core_osm_table_generator_dag.py
[2026-02-21T20:52:51.660+0000] {logging_mixin.py:190} INFO - [2026-02-21T20:52:51.660+0000] {dag.py:3239} INFO - Sync 1 DAGs
[2026-02-21T20:52:51.671+0000] {logging_mixin.py:190} INFO - [2026-02-21T20:52:51.671+0000] {dag.py:4180} INFO - Setting next_dagrun for core_osm_table_generator to None, run_after=None
[2026-02-21T20:52:51.680+0000] {processor.py:208} INFO - Processing /opt/airflow/dags/core_osm_table_generator_dag.py took 1.599 seconds
[2026-02-21T20:53:21.741+0000] {processor.py:186} INFO - Started process (PID=1454) to work on /opt/airflow/dags/core_osm_table_generator_dag.py
[2026-02-21T20:53:21.743+0000] {processor.py:914} INFO - Processing file /opt/airflow/dags/core_osm_table_generator_dag.py for tasks to queue
[2026-02-21T20:53:21.745+0000] {logging_mixin.py:190} INFO - [2026-02-21T20:53:21.744+0000] {dagbag.py:588} INFO - Filling up the DagBag from /opt/airflow/dags/core_osm_table_generator_dag.py
[2026-02-21T20:53:22.233+0000] {processor.py:925} INFO - DAG(s) 'core_osm_table_generator' retrieved from /opt/airflow/dags/core_osm_table_generator_dag.py
[2026-02-21T20:53:23.234+0000] {logging_mixin.py:190} INFO - [2026-02-21T20:53:23.234+0000] {dag.py:3239} INFO - Sync 1 DAGs
[2026-02-21T20:53:23.245+0000] {logging_mixin.py:190} INFO - [2026-02-21T20:53:23.245+0000] {dag.py:4180} INFO - Setting next_dagrun for core_osm_table_generator to None, run_after=None
[2026-02-21T20:53:23.446+0000] {processor.py:208} INFO - Processing /opt/airflow/dags/core_osm_table_generator_dag.py took 1.718 seconds
[2026-02-21T20:53:54.996+0000] {processor.py:186} INFO - Started process (PID=1455) to work on /opt/airflow/dags/core_osm_table_generator_dag.py
[2026-02-21T20:53:54.999+0000] {processor.py:914} INFO - Processing file /opt/airflow/dags/core_osm_table_generator_dag.py for tasks to queue
[2026-02-21T20:53:55.007+0000] {logging_mixin.py:190} INFO - [2026-02-21T20:53:55.006+0000] {dagbag.py:588} INFO - Filling up the DagBag from /opt/airflow/dags/core_osm_table_generator_dag.py
[2026-02-21T20:53:55.698+0000] {processor.py:925} INFO - DAG(s) 'core_osm_table_generator' retrieved from /opt/airflow/dags/core_osm_table_generator_dag.py
[2026-02-21T20:53:59.148+0000] {logging_mixin.py:190} INFO - [2026-02-21T20:53:59.147+0000] {dag.py:3239} INFO - Sync 1 DAGs
[2026-02-21T20:53:59.529+0000] {logging_mixin.py:190} INFO - [2026-02-21T20:53:59.528+0000] {dag.py:4180} INFO - Setting next_dagrun for core_osm_table_generator to None, run_after=None
[2026-02-21T20:53:59.541+0000] {processor.py:208} INFO - Processing /opt/airflow/dags/core_osm_table_generator_dag.py took 4.563 seconds
[2026-02-21T21:09:33.228+0000] {processor.py:186} INFO - Started process (PID=1456) to work on /opt/airflow/dags/core_osm_table_generator_dag.py
[2026-02-21T21:09:33.229+0000] {processor.py:914} INFO - Processing file /opt/airflow/dags/core_osm_table_generator_dag.py for tasks to queue
[2026-02-21T21:09:33.231+0000] {logging_mixin.py:190} INFO - [2026-02-21T21:09:33.230+0000] {dagbag.py:588} INFO - Filling up the DagBag from /opt/airflow/dags/core_osm_table_generator_dag.py
[2026-02-21T21:09:33.771+0000] {processor.py:925} INFO - DAG(s) 'core_osm_table_generator' retrieved from /opt/airflow/dags/core_osm_table_generator_dag.py
[2026-02-21T21:09:34.986+0000] {logging_mixin.py:190} INFO - [2026-02-21T21:09:34.985+0000] {dag.py:3239} INFO - Sync 1 DAGs
[2026-02-21T21:09:34.991+0000] {logging_mixin.py:190} INFO - [2026-02-21T21:09:34.991+0000] {dag.py:4180} INFO - Setting next_dagrun for core_osm_table_generator to None, run_after=None
[2026-02-21T21:09:34.999+0000] {processor.py:208} INFO - Processing /opt/airflow/dags/core_osm_table_generator_dag.py took 1.782 seconds
[2026-02-21T21:10:05.450+0000] {processor.py:186} INFO - Started process (PID=1457) to work on /opt/airflow/dags/core_osm_table_generator_dag.py
[2026-02-21T21:10:05.452+0000] {processor.py:914} INFO - Processing file /opt/airflow/dags/core_osm_table_generator_dag.py for tasks to queue
[2026-02-21T21:10:05.453+0000] {logging_mixin.py:190} INFO - [2026-02-21T21:10:05.452+0000] {dagbag.py:588} INFO - Filling up the DagBag from /opt/airflow/dags/core_osm_table_generator_dag.py
[2026-02-21T21:10:05.918+0000] {processor.py:925} INFO - DAG(s) 'core_osm_table_generator' retrieved from /opt/airflow/dags/core_osm_table_generator_dag.py
[2026-02-21T21:10:06.896+0000] {logging_mixin.py:190} INFO - [2026-02-21T21:10:06.896+0000] {dag.py:3239} INFO - Sync 1 DAGs
[2026-02-21T21:10:06.902+0000] {logging_mixin.py:190} INFO - [2026-02-21T21:10:06.902+0000] {dag.py:4180} INFO - Setting next_dagrun for core_osm_table_generator to None, run_after=None
[2026-02-21T21:10:06.908+0000] {processor.py:208} INFO - Processing /opt/airflow/dags/core_osm_table_generator_dag.py took 1.466 seconds
[2026-02-21T21:10:37.317+0000] {processor.py:186} INFO - Started process (PID=1458) to work on /opt/airflow/dags/core_osm_table_generator_dag.py
[2026-02-21T21:10:37.318+0000] {processor.py:914} INFO - Processing file /opt/airflow/dags/core_osm_table_generator_dag.py for tasks to queue
[2026-02-21T21:10:37.319+0000] {logging_mixin.py:190} INFO - [2026-02-21T21:10:37.319+0000] {dagbag.py:588} INFO - Filling up the DagBag from /opt/airflow/dags/core_osm_table_generator_dag.py
[2026-02-21T21:10:37.827+0000] {processor.py:925} INFO - DAG(s) 'core_osm_table_generator' retrieved from /opt/airflow/dags/core_osm_table_generator_dag.py
[2026-02-21T21:10:38.829+0000] {logging_mixin.py:190} INFO - [2026-02-21T21:10:38.829+0000] {dag.py:3239} INFO - Sync 1 DAGs
[2026-02-21T21:10:38.840+0000] {logging_mixin.py:190} INFO - [2026-02-21T21:10:38.840+0000] {dag.py:4180} INFO - Setting next_dagrun for core_osm_table_generator to None, run_after=None
[2026-02-21T21:10:38.867+0000] {processor.py:208} INFO - Processing /opt/airflow/dags/core_osm_table_generator_dag.py took 1.561 seconds
[2026-02-21T21:11:09.229+0000] {processor.py:186} INFO - Started process (PID=1459) to work on /opt/airflow/dags/core_osm_table_generator_dag.py
[2026-02-21T21:11:09.231+0000] {processor.py:914} INFO - Processing file /opt/airflow/dags/core_osm_table_generator_dag.py for tasks to queue
[2026-02-21T21:11:09.233+0000] {logging_mixin.py:190} INFO - [2026-02-21T21:11:09.232+0000] {dagbag.py:588} INFO - Filling up the DagBag from /opt/airflow/dags/core_osm_table_generator_dag.py
[2026-02-21T21:11:09.860+0000] {processor.py:925} INFO - DAG(s) 'core_osm_table_generator' retrieved from /opt/airflow/dags/core_osm_table_generator_dag.py
[2026-02-21T21:11:10.922+0000] {logging_mixin.py:190} INFO - [2026-02-21T21:11:10.922+0000] {dag.py:3239} INFO - Sync 1 DAGs
[2026-02-21T21:11:11.135+0000] {logging_mixin.py:190} INFO - [2026-02-21T21:11:11.135+0000] {dag.py:4180} INFO - Setting next_dagrun for core_osm_table_generator to None, run_after=None
[2026-02-21T21:11:11.143+0000] {processor.py:208} INFO - Processing /opt/airflow/dags/core_osm_table_generator_dag.py took 1.927 seconds
[2026-02-21T21:11:41.567+0000] {processor.py:186} INFO - Started process (PID=1460) to work on /opt/airflow/dags/core_osm_table_generator_dag.py
[2026-02-21T21:11:41.568+0000] {processor.py:914} INFO - Processing file /opt/airflow/dags/core_osm_table_generator_dag.py for tasks to queue
[2026-02-21T21:11:41.570+0000] {logging_mixin.py:190} INFO - [2026-02-21T21:11:41.569+0000] {dagbag.py:588} INFO - Filling up the DagBag from /opt/airflow/dags/core_osm_table_generator_dag.py
[2026-02-21T21:11:42.062+0000] {processor.py:925} INFO - DAG(s) 'core_osm_table_generator' retrieved from /opt/airflow/dags/core_osm_table_generator_dag.py
[2026-02-21T21:11:43.246+0000] {logging_mixin.py:190} INFO - [2026-02-21T21:11:43.246+0000] {dag.py:3239} INFO - Sync 1 DAGs
[2026-02-21T21:11:43.279+0000] {logging_mixin.py:190} INFO - [2026-02-21T21:11:43.279+0000] {dag.py:4180} INFO - Setting next_dagrun for core_osm_table_generator to None, run_after=None
[2026-02-21T21:11:43.309+0000] {processor.py:208} INFO - Processing /opt/airflow/dags/core_osm_table_generator_dag.py took 1.752 seconds
[2026-02-21T21:12:13.506+0000] {processor.py:186} INFO - Started process (PID=1461) to work on /opt/airflow/dags/core_osm_table_generator_dag.py
[2026-02-21T21:12:13.523+0000] {processor.py:914} INFO - Processing file /opt/airflow/dags/core_osm_table_generator_dag.py for tasks to queue
[2026-02-21T21:12:13.527+0000] {logging_mixin.py:190} INFO - [2026-02-21T21:12:13.526+0000] {dagbag.py:588} INFO - Filling up the DagBag from /opt/airflow/dags/core_osm_table_generator_dag.py
[2026-02-21T21:12:14.040+0000] {processor.py:925} INFO - DAG(s) 'core_osm_table_generator' retrieved from /opt/airflow/dags/core_osm_table_generator_dag.py
[2026-02-21T21:12:15.057+0000] {logging_mixin.py:190} INFO - [2026-02-21T21:12:15.057+0000] {dag.py:3239} INFO - Sync 1 DAGs
[2026-02-21T21:12:15.068+0000] {logging_mixin.py:190} INFO - [2026-02-21T21:12:15.068+0000] {dag.py:4180} INFO - Setting next_dagrun for core_osm_table_generator to None, run_after=None
[2026-02-21T21:12:15.077+0000] {processor.py:208} INFO - Processing /opt/airflow/dags/core_osm_table_generator_dag.py took 1.588 seconds
[2026-02-21T21:12:45.485+0000] {processor.py:186} INFO - Started process (PID=1462) to work on /opt/airflow/dags/core_osm_table_generator_dag.py
[2026-02-21T21:12:45.487+0000] {processor.py:914} INFO - Processing file /opt/airflow/dags/core_osm_table_generator_dag.py for tasks to queue
[2026-02-21T21:12:45.489+0000] {logging_mixin.py:190} INFO - [2026-02-21T21:12:45.488+0000] {dagbag.py:588} INFO - Filling up the DagBag from /opt/airflow/dags/core_osm_table_generator_dag.py
[2026-02-21T21:12:45.961+0000] {processor.py:925} INFO - DAG(s) 'core_osm_table_generator' retrieved from /opt/airflow/dags/core_osm_table_generator_dag.py
[2026-02-21T21:12:46.945+0000] {logging_mixin.py:190} INFO - [2026-02-21T21:12:46.945+0000] {dag.py:3239} INFO - Sync 1 DAGs
[2026-02-21T21:12:46.954+0000] {logging_mixin.py:190} INFO - [2026-02-21T21:12:46.954+0000] {dag.py:4180} INFO - Setting next_dagrun for core_osm_table_generator to None, run_after=None
[2026-02-21T21:12:46.964+0000] {processor.py:208} INFO - Processing /opt/airflow/dags/core_osm_table_generator_dag.py took 1.489 seconds
[2026-02-21T21:13:17.369+0000] {processor.py:186} INFO - Started process (PID=1463) to work on /opt/airflow/dags/core_osm_table_generator_dag.py
[2026-02-21T21:13:17.370+0000] {processor.py:914} INFO - Processing file /opt/airflow/dags/core_osm_table_generator_dag.py for tasks to queue
[2026-02-21T21:13:17.372+0000] {logging_mixin.py:190} INFO - [2026-02-21T21:13:17.371+0000] {dagbag.py:588} INFO - Filling up the DagBag from /opt/airflow/dags/core_osm_table_generator_dag.py
[2026-02-21T21:13:18.135+0000] {processor.py:925} INFO - DAG(s) 'core_osm_table_generator' retrieved from /opt/airflow/dags/core_osm_table_generator_dag.py
[2026-02-21T21:13:19.202+0000] {logging_mixin.py:190} INFO - [2026-02-21T21:13:19.202+0000] {dag.py:3239} INFO - Sync 1 DAGs
[2026-02-21T21:13:19.464+0000] {logging_mixin.py:190} INFO - [2026-02-21T21:13:19.464+0000] {dag.py:4180} INFO - Setting next_dagrun for core_osm_table_generator to None, run_after=None
[2026-02-21T21:13:19.472+0000] {processor.py:208} INFO - Processing /opt/airflow/dags/core_osm_table_generator_dag.py took 2.112 seconds
[2026-02-21T21:13:50.129+0000] {processor.py:186} INFO - Started process (PID=1464) to work on /opt/airflow/dags/core_osm_table_generator_dag.py
[2026-02-21T21:13:50.131+0000] {processor.py:914} INFO - Processing file /opt/airflow/dags/core_osm_table_generator_dag.py for tasks to queue
[2026-02-21T21:13:50.133+0000] {logging_mixin.py:190} INFO - [2026-02-21T21:13:50.132+0000] {dagbag.py:588} INFO - Filling up the DagBag from /opt/airflow/dags/core_osm_table_generator_dag.py
[2026-02-21T21:13:51.748+0000] {processor.py:925} INFO - DAG(s) 'core_osm_table_generator' retrieved from /opt/airflow/dags/core_osm_table_generator_dag.py
[2026-02-21T21:13:54.275+0000] {logging_mixin.py:190} INFO - [2026-02-21T21:13:54.275+0000] {dag.py:3239} INFO - Sync 1 DAGs
[2026-02-21T21:13:54.283+0000] {logging_mixin.py:190} INFO - [2026-02-21T21:13:54.283+0000] {dag.py:4180} INFO - Setting next_dagrun for core_osm_table_generator to None, run_after=None
[2026-02-21T21:13:54.298+0000] {processor.py:208} INFO - Processing /opt/airflow/dags/core_osm_table_generator_dag.py took 4.183 seconds
[2026-02-21T21:24:09.258+0000] {processor.py:186} INFO - Started process (PID=1465) to work on /opt/airflow/dags/core_osm_table_generator_dag.py
[2026-02-21T21:24:09.259+0000] {processor.py:914} INFO - Processing file /opt/airflow/dags/core_osm_table_generator_dag.py for tasks to queue
[2026-02-21T21:24:09.260+0000] {logging_mixin.py:190} INFO - [2026-02-21T21:24:09.260+0000] {dagbag.py:588} INFO - Filling up the DagBag from /opt/airflow/dags/core_osm_table_generator_dag.py
[2026-02-21T21:24:11.088+0000] {processor.py:925} INFO - DAG(s) 'core_osm_table_generator' retrieved from /opt/airflow/dags/core_osm_table_generator_dag.py
[2026-02-21T21:24:13.393+0000] {logging_mixin.py:190} INFO - [2026-02-21T21:24:13.391+0000] {dag.py:3239} INFO - Sync 1 DAGs
[2026-02-21T21:24:13.433+0000] {logging_mixin.py:190} INFO - [2026-02-21T21:24:13.433+0000] {dag.py:4180} INFO - Setting next_dagrun for core_osm_table_generator to None, run_after=None
[2026-02-21T21:24:13.452+0000] {processor.py:208} INFO - Processing /opt/airflow/dags/core_osm_table_generator_dag.py took 4.205 seconds
[2026-02-21T21:24:43.724+0000] {processor.py:186} INFO - Started process (PID=1466) to work on /opt/airflow/dags/core_osm_table_generator_dag.py
[2026-02-21T21:24:43.726+0000] {processor.py:914} INFO - Processing file /opt/airflow/dags/core_osm_table_generator_dag.py for tasks to queue
[2026-02-21T21:24:43.728+0000] {logging_mixin.py:190} INFO - [2026-02-21T21:24:43.727+0000] {dagbag.py:588} INFO - Filling up the DagBag from /opt/airflow/dags/core_osm_table_generator_dag.py
[2026-02-21T21:24:44.235+0000] {processor.py:925} INFO - DAG(s) 'core_osm_table_generator' retrieved from /opt/airflow/dags/core_osm_table_generator_dag.py
[2026-02-21T21:24:45.258+0000] {logging_mixin.py:190} INFO - [2026-02-21T21:24:45.257+0000] {dag.py:3239} INFO - Sync 1 DAGs
[2026-02-21T21:24:45.269+0000] {logging_mixin.py:190} INFO - [2026-02-21T21:24:45.269+0000] {dag.py:4180} INFO - Setting next_dagrun for core_osm_table_generator to None, run_after=None
[2026-02-21T21:24:45.278+0000] {processor.py:208} INFO - Processing /opt/airflow/dags/core_osm_table_generator_dag.py took 1.564 seconds
[2026-02-21T21:25:15.707+0000] {processor.py:186} INFO - Started process (PID=1467) to work on /opt/airflow/dags/core_osm_table_generator_dag.py
[2026-02-21T21:25:15.708+0000] {processor.py:914} INFO - Processing file /opt/airflow/dags/core_osm_table_generator_dag.py for tasks to queue
[2026-02-21T21:25:15.709+0000] {logging_mixin.py:190} INFO - [2026-02-21T21:25:15.709+0000] {dagbag.py:588} INFO - Filling up the DagBag from /opt/airflow/dags/core_osm_table_generator_dag.py
[2026-02-21T21:25:16.307+0000] {processor.py:925} INFO - DAG(s) 'core_osm_table_generator' retrieved from /opt/airflow/dags/core_osm_table_generator_dag.py
[2026-02-21T21:25:17.339+0000] {logging_mixin.py:190} INFO - [2026-02-21T21:25:17.338+0000] {dag.py:3239} INFO - Sync 1 DAGs
[2026-02-21T21:25:17.556+0000] {logging_mixin.py:190} INFO - [2026-02-21T21:25:17.556+0000] {dag.py:4180} INFO - Setting next_dagrun for core_osm_table_generator to None, run_after=None
[2026-02-21T21:25:17.564+0000] {processor.py:208} INFO - Processing /opt/airflow/dags/core_osm_table_generator_dag.py took 1.870 seconds
[2026-02-21T21:25:48.174+0000] {processor.py:186} INFO - Started process (PID=1468) to work on /opt/airflow/dags/core_osm_table_generator_dag.py
[2026-02-21T21:25:48.175+0000] {processor.py:914} INFO - Processing file /opt/airflow/dags/core_osm_table_generator_dag.py for tasks to queue
[2026-02-21T21:25:48.177+0000] {logging_mixin.py:190} INFO - [2026-02-21T21:25:48.176+0000] {dagbag.py:588} INFO - Filling up the DagBag from /opt/airflow/dags/core_osm_table_generator_dag.py
[2026-02-21T21:25:48.670+0000] {processor.py:925} INFO - DAG(s) 'core_osm_table_generator' retrieved from /opt/airflow/dags/core_osm_table_generator_dag.py
[2026-02-21T21:25:49.897+0000] {logging_mixin.py:190} INFO - [2026-02-21T21:25:49.897+0000] {dag.py:3239} INFO - Sync 1 DAGs
[2026-02-21T21:25:49.906+0000] {logging_mixin.py:190} INFO - [2026-02-21T21:25:49.906+0000] {dag.py:4180} INFO - Setting next_dagrun for core_osm_table_generator to None, run_after=None
[2026-02-21T21:25:49.915+0000] {processor.py:208} INFO - Processing /opt/airflow/dags/core_osm_table_generator_dag.py took 1.777 seconds
[2026-02-21T21:42:03.960+0000] {processor.py:186} INFO - Started process (PID=1469) to work on /opt/airflow/dags/core_osm_table_generator_dag.py
[2026-02-21T21:42:03.961+0000] {processor.py:914} INFO - Processing file /opt/airflow/dags/core_osm_table_generator_dag.py for tasks to queue
[2026-02-21T21:42:03.963+0000] {logging_mixin.py:190} INFO - [2026-02-21T21:42:03.962+0000] {dagbag.py:588} INFO - Filling up the DagBag from /opt/airflow/dags/core_osm_table_generator_dag.py
[2026-02-21T21:42:04.496+0000] {processor.py:925} INFO - DAG(s) 'core_osm_table_generator' retrieved from /opt/airflow/dags/core_osm_table_generator_dag.py
[2026-02-21T21:42:05.757+0000] {logging_mixin.py:190} INFO - [2026-02-21T21:42:05.756+0000] {dag.py:3239} INFO - Sync 1 DAGs
[2026-02-21T21:42:05.763+0000] {logging_mixin.py:190} INFO - [2026-02-21T21:42:05.763+0000] {dag.py:4180} INFO - Setting next_dagrun for core_osm_table_generator to None, run_after=None
[2026-02-21T21:42:05.771+0000] {processor.py:208} INFO - Processing /opt/airflow/dags/core_osm_table_generator_dag.py took 1.820 seconds
[2026-02-21T21:42:36.173+0000] {processor.py:186} INFO - Started process (PID=1470) to work on /opt/airflow/dags/core_osm_table_generator_dag.py
[2026-02-21T21:42:36.175+0000] {processor.py:914} INFO - Processing file /opt/airflow/dags/core_osm_table_generator_dag.py for tasks to queue
[2026-02-21T21:42:36.176+0000] {logging_mixin.py:190} INFO - [2026-02-21T21:42:36.176+0000] {dagbag.py:588} INFO - Filling up the DagBag from /opt/airflow/dags/core_osm_table_generator_dag.py
[2026-02-21T21:42:36.688+0000] {processor.py:925} INFO - DAG(s) 'core_osm_table_generator' retrieved from /opt/airflow/dags/core_osm_table_generator_dag.py
[2026-02-21T21:42:37.721+0000] {logging_mixin.py:190} INFO - [2026-02-21T21:42:37.721+0000] {dag.py:3239} INFO - Sync 1 DAGs
[2026-02-21T21:42:37.732+0000] {logging_mixin.py:190} INFO - [2026-02-21T21:42:37.732+0000] {dag.py:4180} INFO - Setting next_dagrun for core_osm_table_generator to None, run_after=None
[2026-02-21T21:42:37.741+0000] {processor.py:208} INFO - Processing /opt/airflow/dags/core_osm_table_generator_dag.py took 1.578 seconds
[2026-02-21T21:43:08.133+0000] {processor.py:186} INFO - Started process (PID=1471) to work on /opt/airflow/dags/core_osm_table_generator_dag.py
[2026-02-21T21:43:08.146+0000] {processor.py:914} INFO - Processing file /opt/airflow/dags/core_osm_table_generator_dag.py for tasks to queue
[2026-02-21T21:43:08.153+0000] {logging_mixin.py:190} INFO - [2026-02-21T21:43:08.151+0000] {dagbag.py:588} INFO - Filling up the DagBag from /opt/airflow/dags/core_osm_table_generator_dag.py
[2026-02-21T21:43:08.669+0000] {processor.py:925} INFO - DAG(s) 'core_osm_table_generator' retrieved from /opt/airflow/dags/core_osm_table_generator_dag.py
[2026-02-21T21:43:09.692+0000] {logging_mixin.py:190} INFO - [2026-02-21T21:43:09.692+0000] {dag.py:3239} INFO - Sync 1 DAGs
[2026-02-21T21:43:09.707+0000] {logging_mixin.py:190} INFO - [2026-02-21T21:43:09.707+0000] {dag.py:4180} INFO - Setting next_dagrun for core_osm_table_generator to None, run_after=None
[2026-02-21T21:43:09.934+0000] {processor.py:208} INFO - Processing /opt/airflow/dags/core_osm_table_generator_dag.py took 1.816 seconds
[2026-02-21T21:43:40.052+0000] {processor.py:186} INFO - Started process (PID=1472) to work on /opt/airflow/dags/core_osm_table_generator_dag.py
[2026-02-21T21:43:40.054+0000] {processor.py:914} INFO - Processing file /opt/airflow/dags/core_osm_table_generator_dag.py for tasks to queue
[2026-02-21T21:43:40.057+0000] {logging_mixin.py:190} INFO - [2026-02-21T21:43:40.056+0000] {dagbag.py:588} INFO - Filling up the DagBag from /opt/airflow/dags/core_osm_table_generator_dag.py
[2026-02-21T21:43:40.574+0000] {processor.py:925} INFO - DAG(s) 'core_osm_table_generator' retrieved from /opt/airflow/dags/core_osm_table_generator_dag.py
[2026-02-21T21:43:41.589+0000] {logging_mixin.py:190} INFO - [2026-02-21T21:43:41.589+0000] {dag.py:3239} INFO - Sync 1 DAGs
[2026-02-21T21:43:41.793+0000] {logging_mixin.py:190} INFO - [2026-02-21T21:43:41.793+0000] {dag.py:4180} INFO - Setting next_dagrun for core_osm_table_generator to None, run_after=None
[2026-02-21T21:43:41.800+0000] {processor.py:208} INFO - Processing /opt/airflow/dags/core_osm_table_generator_dag.py took 1.767 seconds
[2026-02-21T21:44:12.176+0000] {processor.py:186} INFO - Started process (PID=1473) to work on /opt/airflow/dags/core_osm_table_generator_dag.py
[2026-02-21T21:44:12.179+0000] {processor.py:914} INFO - Processing file /opt/airflow/dags/core_osm_table_generator_dag.py for tasks to queue
[2026-02-21T21:44:12.181+0000] {logging_mixin.py:190} INFO - [2026-02-21T21:44:12.180+0000] {dagbag.py:588} INFO - Filling up the DagBag from /opt/airflow/dags/core_osm_table_generator_dag.py
[2026-02-21T21:44:12.675+0000] {processor.py:925} INFO - DAG(s) 'core_osm_table_generator' retrieved from /opt/airflow/dags/core_osm_table_generator_dag.py
[2026-02-21T21:44:13.805+0000] {logging_mixin.py:190} INFO - [2026-02-21T21:44:13.805+0000] {dag.py:3239} INFO - Sync 1 DAGs
[2026-02-21T21:44:13.812+0000] {logging_mixin.py:190} INFO - [2026-02-21T21:44:13.812+0000] {dag.py:4180} INFO - Setting next_dagrun for core_osm_table_generator to None, run_after=None
[2026-02-21T21:44:13.819+0000] {processor.py:208} INFO - Processing /opt/airflow/dags/core_osm_table_generator_dag.py took 1.657 seconds
[2026-02-21T21:44:44.010+0000] {processor.py:186} INFO - Started process (PID=1474) to work on /opt/airflow/dags/core_osm_table_generator_dag.py
[2026-02-21T21:44:44.011+0000] {processor.py:914} INFO - Processing file /opt/airflow/dags/core_osm_table_generator_dag.py for tasks to queue
[2026-02-21T21:44:44.013+0000] {logging_mixin.py:190} INFO - [2026-02-21T21:44:44.012+0000] {dagbag.py:588} INFO - Filling up the DagBag from /opt/airflow/dags/core_osm_table_generator_dag.py
[2026-02-21T21:44:44.481+0000] {processor.py:925} INFO - DAG(s) 'core_osm_table_generator' retrieved from /opt/airflow/dags/core_osm_table_generator_dag.py
[2026-02-21T21:44:46.359+0000] {logging_mixin.py:190} INFO - [2026-02-21T21:44:46.357+0000] {dag.py:3239} INFO - Sync 1 DAGs
[2026-02-21T21:44:46.376+0000] {logging_mixin.py:190} INFO - [2026-02-21T21:44:46.375+0000] {dag.py:4180} INFO - Setting next_dagrun for core_osm_table_generator to None, run_after=None
[2026-02-21T21:44:46.402+0000] {processor.py:208} INFO - Processing /opt/airflow/dags/core_osm_table_generator_dag.py took 2.399 seconds
[2026-02-21T22:01:05.910+0000] {processor.py:186} INFO - Started process (PID=1475) to work on /opt/airflow/dags/core_osm_table_generator_dag.py
[2026-02-21T22:01:05.914+0000] {processor.py:914} INFO - Processing file /opt/airflow/dags/core_osm_table_generator_dag.py for tasks to queue
[2026-02-21T22:01:05.919+0000] {logging_mixin.py:190} INFO - [2026-02-21T22:01:05.917+0000] {dagbag.py:588} INFO - Filling up the DagBag from /opt/airflow/dags/core_osm_table_generator_dag.py
[2026-02-21T22:01:06.502+0000] {processor.py:925} INFO - DAG(s) 'core_osm_table_generator' retrieved from /opt/airflow/dags/core_osm_table_generator_dag.py
[2026-02-21T22:01:08.665+0000] {logging_mixin.py:190} INFO - [2026-02-21T22:01:08.664+0000] {dag.py:3239} INFO - Sync 1 DAGs
[2026-02-21T22:01:08.695+0000] {logging_mixin.py:190} INFO - [2026-02-21T22:01:08.695+0000] {dag.py:4180} INFO - Setting next_dagrun for core_osm_table_generator to None, run_after=None
[2026-02-21T22:01:08.714+0000] {processor.py:208} INFO - Processing /opt/airflow/dags/core_osm_table_generator_dag.py took 2.816 seconds
[2026-02-21T22:01:49.928+0000] {processor.py:186} INFO - Started process (PID=1476) to work on /opt/airflow/dags/core_osm_table_generator_dag.py
[2026-02-21T22:01:49.940+0000] {processor.py:914} INFO - Processing file /opt/airflow/dags/core_osm_table_generator_dag.py for tasks to queue
[2026-02-21T22:01:49.984+0000] {logging_mixin.py:190} INFO - [2026-02-21T22:01:49.969+0000] {dagbag.py:588} INFO - Filling up the DagBag from /opt/airflow/dags/core_osm_table_generator_dag.py
[2026-02-21T22:01:52.352+0000] {processor.py:925} INFO - DAG(s) 'core_osm_table_generator' retrieved from /opt/airflow/dags/core_osm_table_generator_dag.py
[2026-02-21T22:01:54.887+0000] {logging_mixin.py:190} INFO - [2026-02-21T22:01:54.886+0000] {dag.py:3239} INFO - Sync 1 DAGs
[2026-02-21T22:01:56.652+0000] {logging_mixin.py:190} INFO - [2026-02-21T22:01:56.652+0000] {dag.py:4180} INFO - Setting next_dagrun for core_osm_table_generator to None, run_after=None
[2026-02-21T22:01:56.672+0000] {processor.py:208} INFO - Processing /opt/airflow/dags/core_osm_table_generator_dag.py took 7.989 seconds
[2026-02-21T22:02:27.435+0000] {processor.py:186} INFO - Started process (PID=1477) to work on /opt/airflow/dags/core_osm_table_generator_dag.py
[2026-02-21T22:02:27.437+0000] {processor.py:914} INFO - Processing file /opt/airflow/dags/core_osm_table_generator_dag.py for tasks to queue
[2026-02-21T22:02:27.438+0000] {logging_mixin.py:190} INFO - [2026-02-21T22:02:27.437+0000] {dagbag.py:588} INFO - Filling up the DagBag from /opt/airflow/dags/core_osm_table_generator_dag.py
[2026-02-21T22:02:27.959+0000] {processor.py:925} INFO - DAG(s) 'core_osm_table_generator' retrieved from /opt/airflow/dags/core_osm_table_generator_dag.py
[2026-02-21T22:02:29.199+0000] {logging_mixin.py:190} INFO - [2026-02-21T22:02:29.199+0000] {dag.py:3239} INFO - Sync 1 DAGs
[2026-02-21T22:02:29.207+0000] {logging_mixin.py:190} INFO - [2026-02-21T22:02:29.207+0000] {dag.py:4180} INFO - Setting next_dagrun for core_osm_table_generator to None, run_after=None
[2026-02-21T22:02:29.215+0000] {processor.py:208} INFO - Processing /opt/airflow/dags/core_osm_table_generator_dag.py took 1.788 seconds
[2026-02-21T22:17:45.553+0000] {processor.py:186} INFO - Started process (PID=1478) to work on /opt/airflow/dags/core_osm_table_generator_dag.py
[2026-02-21T22:17:45.554+0000] {processor.py:914} INFO - Processing file /opt/airflow/dags/core_osm_table_generator_dag.py for tasks to queue
[2026-02-21T22:17:45.556+0000] {logging_mixin.py:190} INFO - [2026-02-21T22:17:45.556+0000] {dagbag.py:588} INFO - Filling up the DagBag from /opt/airflow/dags/core_osm_table_generator_dag.py
[2026-02-21T22:17:47.259+0000] {processor.py:925} INFO - DAG(s) 'core_osm_table_generator' retrieved from /opt/airflow/dags/core_osm_table_generator_dag.py
[2026-02-21T22:17:49.850+0000] {logging_mixin.py:190} INFO - [2026-02-21T22:17:49.848+0000] {dag.py:3239} INFO - Sync 1 DAGs
[2026-02-21T22:17:49.891+0000] {logging_mixin.py:190} INFO - [2026-02-21T22:17:49.891+0000] {dag.py:4180} INFO - Setting next_dagrun for core_osm_table_generator to None, run_after=None
[2026-02-21T22:17:49.910+0000] {processor.py:208} INFO - Processing /opt/airflow/dags/core_osm_table_generator_dag.py took 4.369 seconds
[2026-02-21T22:18:25.245+0000] {processor.py:186} INFO - Started process (PID=1479) to work on /opt/airflow/dags/core_osm_table_generator_dag.py
[2026-02-21T22:18:25.250+0000] {processor.py:914} INFO - Processing file /opt/airflow/dags/core_osm_table_generator_dag.py for tasks to queue
[2026-02-21T22:18:25.264+0000] {logging_mixin.py:190} INFO - [2026-02-21T22:18:25.254+0000] {dagbag.py:588} INFO - Filling up the DagBag from /opt/airflow/dags/core_osm_table_generator_dag.py
[2026-02-21T22:18:26.378+0000] {processor.py:925} INFO - DAG(s) 'core_osm_table_generator' retrieved from /opt/airflow/dags/core_osm_table_generator_dag.py
[2026-02-21T22:18:28.147+0000] {logging_mixin.py:190} INFO - [2026-02-21T22:18:28.147+0000] {dag.py:3239} INFO - Sync 1 DAGs
[2026-02-21T22:18:28.176+0000] {logging_mixin.py:190} INFO - [2026-02-21T22:18:28.176+0000] {dag.py:4180} INFO - Setting next_dagrun for core_osm_table_generator to None, run_after=None
[2026-02-21T22:18:28.202+0000] {processor.py:208} INFO - Processing /opt/airflow/dags/core_osm_table_generator_dag.py took 3.125 seconds
[2026-02-21T22:19:37.397+0000] {processor.py:186} INFO - Started process (PID=1480) to work on /opt/airflow/dags/core_osm_table_generator_dag.py
[2026-02-21T22:19:37.405+0000] {processor.py:914} INFO - Processing file /opt/airflow/dags/core_osm_table_generator_dag.py for tasks to queue
[2026-02-21T22:19:37.411+0000] {logging_mixin.py:190} INFO - [2026-02-21T22:19:37.409+0000] {dagbag.py:588} INFO - Filling up the DagBag from /opt/airflow/dags/core_osm_table_generator_dag.py
[2026-02-21T22:19:37.938+0000] {processor.py:925} INFO - DAG(s) 'core_osm_table_generator' retrieved from /opt/airflow/dags/core_osm_table_generator_dag.py
[2026-02-21T22:19:38.984+0000] {logging_mixin.py:190} INFO - [2026-02-21T22:19:38.984+0000] {dag.py:3239} INFO - Sync 1 DAGs
[2026-02-21T22:19:38.995+0000] {logging_mixin.py:190} INFO - [2026-02-21T22:19:38.995+0000] {dag.py:4180} INFO - Setting next_dagrun for core_osm_table_generator to None, run_after=None
[2026-02-21T22:19:39.018+0000] {processor.py:208} INFO - Processing /opt/airflow/dags/core_osm_table_generator_dag.py took 1.629 seconds
[2026-02-21T22:20:09.491+0000] {processor.py:186} INFO - Started process (PID=1481) to work on /opt/airflow/dags/core_osm_table_generator_dag.py
[2026-02-21T22:20:09.492+0000] {processor.py:914} INFO - Processing file /opt/airflow/dags/core_osm_table_generator_dag.py for tasks to queue
[2026-02-21T22:20:09.494+0000] {logging_mixin.py:190} INFO - [2026-02-21T22:20:09.493+0000] {dagbag.py:588} INFO - Filling up the DagBag from /opt/airflow/dags/core_osm_table_generator_dag.py
[2026-02-21T22:20:10.036+0000] {processor.py:925} INFO - DAG(s) 'core_osm_table_generator' retrieved from /opt/airflow/dags/core_osm_table_generator_dag.py
[2026-02-21T22:20:11.082+0000] {logging_mixin.py:190} INFO - [2026-02-21T22:20:11.082+0000] {dag.py:3239} INFO - Sync 1 DAGs
[2026-02-21T22:20:11.378+0000] {logging_mixin.py:190} INFO - [2026-02-21T22:20:11.378+0000] {dag.py:4180} INFO - Setting next_dagrun for core_osm_table_generator to None, run_after=None
[2026-02-21T22:20:11.386+0000] {processor.py:208} INFO - Processing /opt/airflow/dags/core_osm_table_generator_dag.py took 1.908 seconds
[2026-02-21T22:20:41.827+0000] {processor.py:186} INFO - Started process (PID=1482) to work on /opt/airflow/dags/core_osm_table_generator_dag.py
[2026-02-21T22:20:41.830+0000] {processor.py:914} INFO - Processing file /opt/airflow/dags/core_osm_table_generator_dag.py for tasks to queue
[2026-02-21T22:20:41.832+0000] {logging_mixin.py:190} INFO - [2026-02-21T22:20:41.831+0000] {dagbag.py:588} INFO - Filling up the DagBag from /opt/airflow/dags/core_osm_table_generator_dag.py
[2026-02-21T22:20:42.358+0000] {processor.py:925} INFO - DAG(s) 'core_osm_table_generator' retrieved from /opt/airflow/dags/core_osm_table_generator_dag.py
[2026-02-21T22:20:43.610+0000] {logging_mixin.py:190} INFO - [2026-02-21T22:20:43.610+0000] {dag.py:3239} INFO - Sync 1 DAGs
[2026-02-21T22:20:43.619+0000] {logging_mixin.py:190} INFO - [2026-02-21T22:20:43.618+0000] {dag.py:4180} INFO - Setting next_dagrun for core_osm_table_generator to None, run_after=None
[2026-02-21T22:20:43.627+0000] {processor.py:208} INFO - Processing /opt/airflow/dags/core_osm_table_generator_dag.py took 1.809 seconds
[2026-02-21T22:21:13.729+0000] {processor.py:186} INFO - Started process (PID=1483) to work on /opt/airflow/dags/core_osm_table_generator_dag.py
[2026-02-21T22:21:13.731+0000] {processor.py:914} INFO - Processing file /opt/airflow/dags/core_osm_table_generator_dag.py for tasks to queue
[2026-02-21T22:21:13.732+0000] {logging_mixin.py:190} INFO - [2026-02-21T22:21:13.732+0000] {dagbag.py:588} INFO - Filling up the DagBag from /opt/airflow/dags/core_osm_table_generator_dag.py
[2026-02-21T22:21:14.216+0000] {processor.py:925} INFO - DAG(s) 'core_osm_table_generator' retrieved from /opt/airflow/dags/core_osm_table_generator_dag.py
[2026-02-21T22:21:15.224+0000] {logging_mixin.py:190} INFO - [2026-02-21T22:21:15.224+0000] {dag.py:3239} INFO - Sync 1 DAGs
[2026-02-21T22:21:15.232+0000] {logging_mixin.py:190} INFO - [2026-02-21T22:21:15.232+0000] {dag.py:4180} INFO - Setting next_dagrun for core_osm_table_generator to None, run_after=None
[2026-02-21T22:21:15.239+0000] {processor.py:208} INFO - Processing /opt/airflow/dags/core_osm_table_generator_dag.py took 1.520 seconds
[2026-02-21T22:21:45.461+0000] {processor.py:186} INFO - Started process (PID=1484) to work on /opt/airflow/dags/core_osm_table_generator_dag.py
[2026-02-21T22:21:45.462+0000] {processor.py:914} INFO - Processing file /opt/airflow/dags/core_osm_table_generator_dag.py for tasks to queue
[2026-02-21T22:21:45.463+0000] {logging_mixin.py:190} INFO - [2026-02-21T22:21:45.463+0000] {dagbag.py:588} INFO - Filling up the DagBag from /opt/airflow/dags/core_osm_table_generator_dag.py
[2026-02-21T22:21:45.937+0000] {processor.py:925} INFO - DAG(s) 'core_osm_table_generator' retrieved from /opt/airflow/dags/core_osm_table_generator_dag.py
[2026-02-21T22:21:46.923+0000] {logging_mixin.py:190} INFO - [2026-02-21T22:21:46.923+0000] {dag.py:3239} INFO - Sync 1 DAGs
[2026-02-21T22:21:46.932+0000] {logging_mixin.py:190} INFO - [2026-02-21T22:21:46.932+0000] {dag.py:4180} INFO - Setting next_dagrun for core_osm_table_generator to None, run_after=None
[2026-02-21T22:21:46.944+0000] {processor.py:208} INFO - Processing /opt/airflow/dags/core_osm_table_generator_dag.py took 1.491 seconds
[2026-02-21T22:22:17.390+0000] {processor.py:186} INFO - Started process (PID=1485) to work on /opt/airflow/dags/core_osm_table_generator_dag.py
[2026-02-21T22:22:17.392+0000] {processor.py:914} INFO - Processing file /opt/airflow/dags/core_osm_table_generator_dag.py for tasks to queue
[2026-02-21T22:22:17.397+0000] {logging_mixin.py:190} INFO - [2026-02-21T22:22:17.395+0000] {dagbag.py:588} INFO - Filling up the DagBag from /opt/airflow/dags/core_osm_table_generator_dag.py
[2026-02-21T22:22:17.937+0000] {processor.py:925} INFO - DAG(s) 'core_osm_table_generator' retrieved from /opt/airflow/dags/core_osm_table_generator_dag.py
[2026-02-21T22:22:18.963+0000] {logging_mixin.py:190} INFO - [2026-02-21T22:22:18.962+0000] {dag.py:3239} INFO - Sync 1 DAGs
[2026-02-21T22:22:19.209+0000] {logging_mixin.py:190} INFO - [2026-02-21T22:22:19.209+0000] {dag.py:4180} INFO - Setting next_dagrun for core_osm_table_generator to None, run_after=None
[2026-02-21T22:22:19.217+0000] {processor.py:208} INFO - Processing /opt/airflow/dags/core_osm_table_generator_dag.py took 1.838 seconds
[2026-02-21T22:22:49.293+0000] {processor.py:186} INFO - Started process (PID=1486) to work on /opt/airflow/dags/core_osm_table_generator_dag.py
[2026-02-21T22:22:49.295+0000] {processor.py:914} INFO - Processing file /opt/airflow/dags/core_osm_table_generator_dag.py for tasks to queue
[2026-02-21T22:22:49.301+0000] {logging_mixin.py:190} INFO - [2026-02-21T22:22:49.296+0000] {dagbag.py:588} INFO - Filling up the DagBag from /opt/airflow/dags/core_osm_table_generator_dag.py
[2026-02-21T22:22:49.819+0000] {processor.py:925} INFO - DAG(s) 'core_osm_table_generator' retrieved from /opt/airflow/dags/core_osm_table_generator_dag.py
[2026-02-21T22:22:51.087+0000] {logging_mixin.py:190} INFO - [2026-02-21T22:22:51.086+0000] {dag.py:3239} INFO - Sync 1 DAGs
[2026-02-21T22:22:51.093+0000] {logging_mixin.py:190} INFO - [2026-02-21T22:22:51.093+0000] {dag.py:4180} INFO - Setting next_dagrun for core_osm_table_generator to None, run_after=None
[2026-02-21T22:22:51.102+0000] {processor.py:208} INFO - Processing /opt/airflow/dags/core_osm_table_generator_dag.py took 1.824 seconds
[2026-02-21T22:23:21.558+0000] {processor.py:186} INFO - Started process (PID=1487) to work on /opt/airflow/dags/core_osm_table_generator_dag.py
[2026-02-21T22:23:21.564+0000] {processor.py:914} INFO - Processing file /opt/airflow/dags/core_osm_table_generator_dag.py for tasks to queue
[2026-02-21T22:23:21.571+0000] {logging_mixin.py:190} INFO - [2026-02-21T22:23:21.568+0000] {dagbag.py:588} INFO - Filling up the DagBag from /opt/airflow/dags/core_osm_table_generator_dag.py
[2026-02-21T22:23:22.083+0000] {processor.py:925} INFO - DAG(s) 'core_osm_table_generator' retrieved from /opt/airflow/dags/core_osm_table_generator_dag.py
[2026-02-21T22:23:23.120+0000] {logging_mixin.py:190} INFO - [2026-02-21T22:23:23.120+0000] {dag.py:3239} INFO - Sync 1 DAGs
[2026-02-21T22:23:23.131+0000] {logging_mixin.py:190} INFO - [2026-02-21T22:23:23.131+0000] {dag.py:4180} INFO - Setting next_dagrun for core_osm_table_generator to None, run_after=None
[2026-02-21T22:23:23.140+0000] {processor.py:208} INFO - Processing /opt/airflow/dags/core_osm_table_generator_dag.py took 1.604 seconds
[2026-02-21T22:23:53.393+0000] {processor.py:186} INFO - Started process (PID=1488) to work on /opt/airflow/dags/core_osm_table_generator_dag.py
[2026-02-21T22:23:53.394+0000] {processor.py:914} INFO - Processing file /opt/airflow/dags/core_osm_table_generator_dag.py for tasks to queue
[2026-02-21T22:23:53.395+0000] {logging_mixin.py:190} INFO - [2026-02-21T22:23:53.394+0000] {dagbag.py:588} INFO - Filling up the DagBag from /opt/airflow/dags/core_osm_table_generator_dag.py
[2026-02-21T22:23:53.864+0000] {processor.py:925} INFO - DAG(s) 'core_osm_table_generator' retrieved from /opt/airflow/dags/core_osm_table_generator_dag.py
[2026-02-21T22:23:54.864+0000] {logging_mixin.py:190} INFO - [2026-02-21T22:23:54.864+0000] {dag.py:3239} INFO - Sync 1 DAGs
[2026-02-21T22:23:54.874+0000] {logging_mixin.py:190} INFO - [2026-02-21T22:23:54.874+0000] {dag.py:4180} INFO - Setting next_dagrun for core_osm_table_generator to None, run_after=None
[2026-02-21T22:23:54.885+0000] {processor.py:208} INFO - Processing /opt/airflow/dags/core_osm_table_generator_dag.py took 1.500 seconds
[2026-02-21T22:24:25.303+0000] {processor.py:186} INFO - Started process (PID=1489) to work on /opt/airflow/dags/core_osm_table_generator_dag.py
[2026-02-21T22:24:25.305+0000] {processor.py:914} INFO - Processing file /opt/airflow/dags/core_osm_table_generator_dag.py for tasks to queue
[2026-02-21T22:24:25.306+0000] {logging_mixin.py:190} INFO - [2026-02-21T22:24:25.306+0000] {dagbag.py:588} INFO - Filling up the DagBag from /opt/airflow/dags/core_osm_table_generator_dag.py
[2026-02-21T22:24:25.819+0000] {processor.py:925} INFO - DAG(s) 'core_osm_table_generator' retrieved from /opt/airflow/dags/core_osm_table_generator_dag.py
[2026-02-21T22:24:26.839+0000] {logging_mixin.py:190} INFO - [2026-02-21T22:24:26.839+0000] {dag.py:3239} INFO - Sync 1 DAGs
[2026-02-21T22:24:27.056+0000] {logging_mixin.py:190} INFO - [2026-02-21T22:24:27.055+0000] {dag.py:4180} INFO - Setting next_dagrun for core_osm_table_generator to None, run_after=None
[2026-02-21T22:24:27.063+0000] {processor.py:208} INFO - Processing /opt/airflow/dags/core_osm_table_generator_dag.py took 1.772 seconds
[2026-02-21T22:24:57.239+0000] {processor.py:186} INFO - Started process (PID=1490) to work on /opt/airflow/dags/core_osm_table_generator_dag.py
[2026-02-21T22:24:57.240+0000] {processor.py:914} INFO - Processing file /opt/airflow/dags/core_osm_table_generator_dag.py for tasks to queue
[2026-02-21T22:24:57.242+0000] {logging_mixin.py:190} INFO - [2026-02-21T22:24:57.242+0000] {dagbag.py:588} INFO - Filling up the DagBag from /opt/airflow/dags/core_osm_table_generator_dag.py
[2026-02-21T22:24:57.736+0000] {processor.py:925} INFO - DAG(s) 'core_osm_table_generator' retrieved from /opt/airflow/dags/core_osm_table_generator_dag.py
[2026-02-21T22:24:58.896+0000] {logging_mixin.py:190} INFO - [2026-02-21T22:24:58.896+0000] {dag.py:3239} INFO - Sync 1 DAGs
[2026-02-21T22:24:58.901+0000] {logging_mixin.py:190} INFO - [2026-02-21T22:24:58.901+0000] {dag.py:4180} INFO - Setting next_dagrun for core_osm_table_generator to None, run_after=None
[2026-02-21T22:24:58.907+0000] {processor.py:208} INFO - Processing /opt/airflow/dags/core_osm_table_generator_dag.py took 1.680 seconds
[2026-02-21T22:25:29.303+0000] {processor.py:186} INFO - Started process (PID=1491) to work on /opt/airflow/dags/core_osm_table_generator_dag.py
[2026-02-21T22:25:29.304+0000] {processor.py:914} INFO - Processing file /opt/airflow/dags/core_osm_table_generator_dag.py for tasks to queue
[2026-02-21T22:25:29.305+0000] {logging_mixin.py:190} INFO - [2026-02-21T22:25:29.305+0000] {dagbag.py:588} INFO - Filling up the DagBag from /opt/airflow/dags/core_osm_table_generator_dag.py
[2026-02-21T22:25:29.793+0000] {processor.py:925} INFO - DAG(s) 'core_osm_table_generator' retrieved from /opt/airflow/dags/core_osm_table_generator_dag.py
[2026-02-21T22:25:30.782+0000] {logging_mixin.py:190} INFO - [2026-02-21T22:25:30.781+0000] {dag.py:3239} INFO - Sync 1 DAGs
[2026-02-21T22:25:30.791+0000] {logging_mixin.py:190} INFO - [2026-02-21T22:25:30.791+0000] {dag.py:4180} INFO - Setting next_dagrun for core_osm_table_generator to None, run_after=None
[2026-02-21T22:25:30.799+0000] {processor.py:208} INFO - Processing /opt/airflow/dags/core_osm_table_generator_dag.py took 1.506 seconds
[2026-02-21T22:26:01.155+0000] {processor.py:186} INFO - Started process (PID=1492) to work on /opt/airflow/dags/core_osm_table_generator_dag.py
[2026-02-21T22:26:01.156+0000] {processor.py:914} INFO - Processing file /opt/airflow/dags/core_osm_table_generator_dag.py for tasks to queue
[2026-02-21T22:26:01.157+0000] {logging_mixin.py:190} INFO - [2026-02-21T22:26:01.157+0000] {dagbag.py:588} INFO - Filling up the DagBag from /opt/airflow/dags/core_osm_table_generator_dag.py
[2026-02-21T22:26:01.649+0000] {processor.py:925} INFO - DAG(s) 'core_osm_table_generator' retrieved from /opt/airflow/dags/core_osm_table_generator_dag.py
[2026-02-21T22:26:02.633+0000] {logging_mixin.py:190} INFO - [2026-02-21T22:26:02.633+0000] {dag.py:3239} INFO - Sync 1 DAGs
[2026-02-21T22:26:02.641+0000] {logging_mixin.py:190} INFO - [2026-02-21T22:26:02.641+0000] {dag.py:4180} INFO - Setting next_dagrun for core_osm_table_generator to None, run_after=None
[2026-02-21T22:26:02.651+0000] {processor.py:208} INFO - Processing /opt/airflow/dags/core_osm_table_generator_dag.py took 1.504 seconds
[2026-02-21T22:26:33.080+0000] {processor.py:186} INFO - Started process (PID=1493) to work on /opt/airflow/dags/core_osm_table_generator_dag.py
[2026-02-21T22:26:33.083+0000] {processor.py:914} INFO - Processing file /opt/airflow/dags/core_osm_table_generator_dag.py for tasks to queue
[2026-02-21T22:26:33.085+0000] {logging_mixin.py:190} INFO - [2026-02-21T22:26:33.084+0000] {dagbag.py:588} INFO - Filling up the DagBag from /opt/airflow/dags/core_osm_table_generator_dag.py
[2026-02-21T22:26:33.601+0000] {processor.py:925} INFO - DAG(s) 'core_osm_table_generator' retrieved from /opt/airflow/dags/core_osm_table_generator_dag.py
[2026-02-21T22:26:34.615+0000] {logging_mixin.py:190} INFO - [2026-02-21T22:26:34.615+0000] {dag.py:3239} INFO - Sync 1 DAGs
[2026-02-21T22:26:34.826+0000] {logging_mixin.py:190} INFO - [2026-02-21T22:26:34.826+0000] {dag.py:4180} INFO - Setting next_dagrun for core_osm_table_generator to None, run_after=None
[2026-02-21T22:26:34.834+0000] {processor.py:208} INFO - Processing /opt/airflow/dags/core_osm_table_generator_dag.py took 1.763 seconds
[2026-02-21T22:27:04.920+0000] {processor.py:186} INFO - Started process (PID=1494) to work on /opt/airflow/dags/core_osm_table_generator_dag.py
[2026-02-21T22:27:04.921+0000] {processor.py:914} INFO - Processing file /opt/airflow/dags/core_osm_table_generator_dag.py for tasks to queue
[2026-02-21T22:27:04.923+0000] {logging_mixin.py:190} INFO - [2026-02-21T22:27:04.922+0000] {dagbag.py:588} INFO - Filling up the DagBag from /opt/airflow/dags/core_osm_table_generator_dag.py
[2026-02-21T22:27:05.410+0000] {processor.py:925} INFO - DAG(s) 'core_osm_table_generator' retrieved from /opt/airflow/dags/core_osm_table_generator_dag.py
[2026-02-21T22:27:06.753+0000] {logging_mixin.py:190} INFO - [2026-02-21T22:27:06.752+0000] {dag.py:3239} INFO - Sync 1 DAGs
[2026-02-21T22:27:06.772+0000] {logging_mixin.py:190} INFO - [2026-02-21T22:27:06.772+0000] {dag.py:4180} INFO - Setting next_dagrun for core_osm_table_generator to None, run_after=None
[2026-02-21T22:27:06.781+0000] {processor.py:208} INFO - Processing /opt/airflow/dags/core_osm_table_generator_dag.py took 1.872 seconds
[2026-02-21T22:27:37.191+0000] {processor.py:186} INFO - Started process (PID=1495) to work on /opt/airflow/dags/core_osm_table_generator_dag.py
[2026-02-21T22:27:37.192+0000] {processor.py:914} INFO - Processing file /opt/airflow/dags/core_osm_table_generator_dag.py for tasks to queue
[2026-02-21T22:27:37.194+0000] {logging_mixin.py:190} INFO - [2026-02-21T22:27:37.193+0000] {dagbag.py:588} INFO - Filling up the DagBag from /opt/airflow/dags/core_osm_table_generator_dag.py
[2026-02-21T22:27:37.724+0000] {processor.py:925} INFO - DAG(s) 'core_osm_table_generator' retrieved from /opt/airflow/dags/core_osm_table_generator_dag.py
[2026-02-21T22:27:38.737+0000] {logging_mixin.py:190} INFO - [2026-02-21T22:27:38.736+0000] {dag.py:3239} INFO - Sync 1 DAGs
[2026-02-21T22:27:38.748+0000] {logging_mixin.py:190} INFO - [2026-02-21T22:27:38.748+0000] {dag.py:4180} INFO - Setting next_dagrun for core_osm_table_generator to None, run_after=None
[2026-02-21T22:27:38.757+0000] {processor.py:208} INFO - Processing /opt/airflow/dags/core_osm_table_generator_dag.py took 1.576 seconds
[2026-02-21T22:28:09.078+0000] {processor.py:186} INFO - Started process (PID=1496) to work on /opt/airflow/dags/core_osm_table_generator_dag.py
[2026-02-21T22:28:09.079+0000] {processor.py:914} INFO - Processing file /opt/airflow/dags/core_osm_table_generator_dag.py for tasks to queue
[2026-02-21T22:28:09.082+0000] {logging_mixin.py:190} INFO - [2026-02-21T22:28:09.081+0000] {dagbag.py:588} INFO - Filling up the DagBag from /opt/airflow/dags/core_osm_table_generator_dag.py
[2026-02-21T22:28:09.548+0000] {processor.py:925} INFO - DAG(s) 'core_osm_table_generator' retrieved from /opt/airflow/dags/core_osm_table_generator_dag.py
[2026-02-21T22:28:10.552+0000] {logging_mixin.py:190} INFO - [2026-02-21T22:28:10.552+0000] {dag.py:3239} INFO - Sync 1 DAGs
[2026-02-21T22:28:10.559+0000] {logging_mixin.py:190} INFO - [2026-02-21T22:28:10.559+0000] {dag.py:4180} INFO - Setting next_dagrun for core_osm_table_generator to None, run_after=None
[2026-02-21T22:28:10.570+0000] {processor.py:208} INFO - Processing /opt/airflow/dags/core_osm_table_generator_dag.py took 1.502 seconds
[2026-02-21T22:28:40.935+0000] {processor.py:186} INFO - Started process (PID=1497) to work on /opt/airflow/dags/core_osm_table_generator_dag.py
[2026-02-21T22:28:40.936+0000] {processor.py:914} INFO - Processing file /opt/airflow/dags/core_osm_table_generator_dag.py for tasks to queue
[2026-02-21T22:28:40.938+0000] {logging_mixin.py:190} INFO - [2026-02-21T22:28:40.937+0000] {dagbag.py:588} INFO - Filling up the DagBag from /opt/airflow/dags/core_osm_table_generator_dag.py
[2026-02-21T22:28:41.433+0000] {processor.py:925} INFO - DAG(s) 'core_osm_table_generator' retrieved from /opt/airflow/dags/core_osm_table_generator_dag.py
[2026-02-21T22:28:42.465+0000] {logging_mixin.py:190} INFO - [2026-02-21T22:28:42.465+0000] {dag.py:3239} INFO - Sync 1 DAGs
[2026-02-21T22:28:42.661+0000] {logging_mixin.py:190} INFO - [2026-02-21T22:28:42.661+0000] {dag.py:4180} INFO - Setting next_dagrun for core_osm_table_generator to None, run_after=None
[2026-02-21T22:28:42.670+0000] {processor.py:208} INFO - Processing /opt/airflow/dags/core_osm_table_generator_dag.py took 1.742 seconds
[2026-02-21T22:29:12.867+0000] {processor.py:186} INFO - Started process (PID=1498) to work on /opt/airflow/dags/core_osm_table_generator_dag.py
[2026-02-21T22:29:12.869+0000] {processor.py:914} INFO - Processing file /opt/airflow/dags/core_osm_table_generator_dag.py for tasks to queue
[2026-02-21T22:29:12.871+0000] {logging_mixin.py:190} INFO - [2026-02-21T22:29:12.870+0000] {dagbag.py:588} INFO - Filling up the DagBag from /opt/airflow/dags/core_osm_table_generator_dag.py
[2026-02-21T22:29:13.386+0000] {processor.py:925} INFO - DAG(s) 'core_osm_table_generator' retrieved from /opt/airflow/dags/core_osm_table_generator_dag.py
[2026-02-21T22:29:14.601+0000] {logging_mixin.py:190} INFO - [2026-02-21T22:29:14.601+0000] {dag.py:3239} INFO - Sync 1 DAGs
[2026-02-21T22:29:14.608+0000] {logging_mixin.py:190} INFO - [2026-02-21T22:29:14.608+0000] {dag.py:4180} INFO - Setting next_dagrun for core_osm_table_generator to None, run_after=None
[2026-02-21T22:29:14.616+0000] {processor.py:208} INFO - Processing /opt/airflow/dags/core_osm_table_generator_dag.py took 1.764 seconds
[2026-02-21T22:29:44.997+0000] {processor.py:186} INFO - Started process (PID=1499) to work on /opt/airflow/dags/core_osm_table_generator_dag.py
[2026-02-21T22:29:44.998+0000] {processor.py:914} INFO - Processing file /opt/airflow/dags/core_osm_table_generator_dag.py for tasks to queue
[2026-02-21T22:29:45.000+0000] {logging_mixin.py:190} INFO - [2026-02-21T22:29:44.999+0000] {dagbag.py:588} INFO - Filling up the DagBag from /opt/airflow/dags/core_osm_table_generator_dag.py
[2026-02-21T22:29:45.469+0000] {processor.py:925} INFO - DAG(s) 'core_osm_table_generator' retrieved from /opt/airflow/dags/core_osm_table_generator_dag.py
[2026-02-21T22:29:46.463+0000] {logging_mixin.py:190} INFO - [2026-02-21T22:29:46.463+0000] {dag.py:3239} INFO - Sync 1 DAGs
[2026-02-21T22:29:46.471+0000] {logging_mixin.py:190} INFO - [2026-02-21T22:29:46.471+0000] {dag.py:4180} INFO - Setting next_dagrun for core_osm_table_generator to None, run_after=None
[2026-02-21T22:29:46.479+0000] {processor.py:208} INFO - Processing /opt/airflow/dags/core_osm_table_generator_dag.py took 1.491 seconds
[2026-02-21T22:30:16.757+0000] {processor.py:186} INFO - Started process (PID=1500) to work on /opt/airflow/dags/core_osm_table_generator_dag.py
[2026-02-21T22:30:16.760+0000] {processor.py:914} INFO - Processing file /opt/airflow/dags/core_osm_table_generator_dag.py for tasks to queue
[2026-02-21T22:30:16.761+0000] {logging_mixin.py:190} INFO - [2026-02-21T22:30:16.761+0000] {dagbag.py:588} INFO - Filling up the DagBag from /opt/airflow/dags/core_osm_table_generator_dag.py
[2026-02-21T22:30:17.262+0000] {processor.py:925} INFO - DAG(s) 'core_osm_table_generator' retrieved from /opt/airflow/dags/core_osm_table_generator_dag.py
[2026-02-21T22:30:18.270+0000] {logging_mixin.py:190} INFO - [2026-02-21T22:30:18.270+0000] {dag.py:3239} INFO - Sync 1 DAGs
[2026-02-21T22:30:18.282+0000] {logging_mixin.py:190} INFO - [2026-02-21T22:30:18.282+0000] {dag.py:4180} INFO - Setting next_dagrun for core_osm_table_generator to None, run_after=None
[2026-02-21T22:30:18.302+0000] {processor.py:208} INFO - Processing /opt/airflow/dags/core_osm_table_generator_dag.py took 1.556 seconds
[2026-02-21T22:30:48.680+0000] {processor.py:186} INFO - Started process (PID=1501) to work on /opt/airflow/dags/core_osm_table_generator_dag.py
[2026-02-21T22:30:48.682+0000] {processor.py:914} INFO - Processing file /opt/airflow/dags/core_osm_table_generator_dag.py for tasks to queue
[2026-02-21T22:30:48.683+0000] {logging_mixin.py:190} INFO - [2026-02-21T22:30:48.683+0000] {dagbag.py:588} INFO - Filling up the DagBag from /opt/airflow/dags/core_osm_table_generator_dag.py
[2026-02-21T22:30:49.179+0000] {processor.py:925} INFO - DAG(s) 'core_osm_table_generator' retrieved from /opt/airflow/dags/core_osm_table_generator_dag.py
[2026-02-21T22:30:50.193+0000] {logging_mixin.py:190} INFO - [2026-02-21T22:30:50.193+0000] {dag.py:3239} INFO - Sync 1 DAGs
[2026-02-21T22:30:50.397+0000] {logging_mixin.py:190} INFO - [2026-02-21T22:30:50.397+0000] {dag.py:4180} INFO - Setting next_dagrun for core_osm_table_generator to None, run_after=None
[2026-02-21T22:30:50.405+0000] {processor.py:208} INFO - Processing /opt/airflow/dags/core_osm_table_generator_dag.py took 1.736 seconds
[2026-02-21T22:31:20.603+0000] {processor.py:186} INFO - Started process (PID=1502) to work on /opt/airflow/dags/core_osm_table_generator_dag.py
[2026-02-21T22:31:20.606+0000] {processor.py:914} INFO - Processing file /opt/airflow/dags/core_osm_table_generator_dag.py for tasks to queue
[2026-02-21T22:31:20.607+0000] {logging_mixin.py:190} INFO - [2026-02-21T22:31:20.607+0000] {dagbag.py:588} INFO - Filling up the DagBag from /opt/airflow/dags/core_osm_table_generator_dag.py
[2026-02-21T22:31:21.116+0000] {processor.py:925} INFO - DAG(s) 'core_osm_table_generator' retrieved from /opt/airflow/dags/core_osm_table_generator_dag.py
[2026-02-21T22:31:22.327+0000] {logging_mixin.py:190} INFO - [2026-02-21T22:31:22.327+0000] {dag.py:3239} INFO - Sync 1 DAGs
[2026-02-21T22:31:22.334+0000] {logging_mixin.py:190} INFO - [2026-02-21T22:31:22.334+0000] {dag.py:4180} INFO - Setting next_dagrun for core_osm_table_generator to None, run_after=None
[2026-02-21T22:31:22.342+0000] {processor.py:208} INFO - Processing /opt/airflow/dags/core_osm_table_generator_dag.py took 1.752 seconds
[2026-02-21T22:31:52.738+0000] {processor.py:186} INFO - Started process (PID=1503) to work on /opt/airflow/dags/core_osm_table_generator_dag.py
[2026-02-21T22:31:52.739+0000] {processor.py:914} INFO - Processing file /opt/airflow/dags/core_osm_table_generator_dag.py for tasks to queue
[2026-02-21T22:31:52.741+0000] {logging_mixin.py:190} INFO - [2026-02-21T22:31:52.740+0000] {dagbag.py:588} INFO - Filling up the DagBag from /opt/airflow/dags/core_osm_table_generator_dag.py
[2026-02-21T22:31:53.214+0000] {processor.py:925} INFO - DAG(s) 'core_osm_table_generator' retrieved from /opt/airflow/dags/core_osm_table_generator_dag.py
[2026-02-21T22:31:54.211+0000] {logging_mixin.py:190} INFO - [2026-02-21T22:31:54.211+0000] {dag.py:3239} INFO - Sync 1 DAGs
[2026-02-21T22:31:54.218+0000] {logging_mixin.py:190} INFO - [2026-02-21T22:31:54.218+0000] {dag.py:4180} INFO - Setting next_dagrun for core_osm_table_generator to None, run_after=None
[2026-02-21T22:31:54.224+0000] {processor.py:208} INFO - Processing /opt/airflow/dags/core_osm_table_generator_dag.py took 1.493 seconds
[2026-02-21T22:32:24.469+0000] {processor.py:186} INFO - Started process (PID=1504) to work on /opt/airflow/dags/core_osm_table_generator_dag.py
[2026-02-21T22:32:24.471+0000] {processor.py:914} INFO - Processing file /opt/airflow/dags/core_osm_table_generator_dag.py for tasks to queue
[2026-02-21T22:32:24.474+0000] {logging_mixin.py:190} INFO - [2026-02-21T22:32:24.473+0000] {dagbag.py:588} INFO - Filling up the DagBag from /opt/airflow/dags/core_osm_table_generator_dag.py
[2026-02-21T22:32:24.979+0000] {processor.py:925} INFO - DAG(s) 'core_osm_table_generator' retrieved from /opt/airflow/dags/core_osm_table_generator_dag.py
[2026-02-21T22:32:26.012+0000] {logging_mixin.py:190} INFO - [2026-02-21T22:32:26.012+0000] {dag.py:3239} INFO - Sync 1 DAGs
[2026-02-21T22:32:26.025+0000] {logging_mixin.py:190} INFO - [2026-02-21T22:32:26.025+0000] {dag.py:4180} INFO - Setting next_dagrun for core_osm_table_generator to None, run_after=None
[2026-02-21T22:32:26.038+0000] {processor.py:208} INFO - Processing /opt/airflow/dags/core_osm_table_generator_dag.py took 1.581 seconds
[2026-02-21T22:32:56.398+0000] {processor.py:186} INFO - Started process (PID=1505) to work on /opt/airflow/dags/core_osm_table_generator_dag.py
[2026-02-21T22:32:56.400+0000] {processor.py:914} INFO - Processing file /opt/airflow/dags/core_osm_table_generator_dag.py for tasks to queue
[2026-02-21T22:32:56.401+0000] {logging_mixin.py:190} INFO - [2026-02-21T22:32:56.401+0000] {dagbag.py:588} INFO - Filling up the DagBag from /opt/airflow/dags/core_osm_table_generator_dag.py
[2026-02-21T22:32:56.869+0000] {processor.py:925} INFO - DAG(s) 'core_osm_table_generator' retrieved from /opt/airflow/dags/core_osm_table_generator_dag.py
[2026-02-21T22:32:57.874+0000] {logging_mixin.py:190} INFO - [2026-02-21T22:32:57.874+0000] {dag.py:3239} INFO - Sync 1 DAGs
[2026-02-21T22:32:58.097+0000] {logging_mixin.py:190} INFO - [2026-02-21T22:32:58.097+0000] {dag.py:4180} INFO - Setting next_dagrun for core_osm_table_generator to None, run_after=None
[2026-02-21T22:32:58.106+0000] {processor.py:208} INFO - Processing /opt/airflow/dags/core_osm_table_generator_dag.py took 1.715 seconds
[2026-02-21T22:33:28.384+0000] {processor.py:186} INFO - Started process (PID=1506) to work on /opt/airflow/dags/core_osm_table_generator_dag.py
[2026-02-21T22:33:28.386+0000] {processor.py:914} INFO - Processing file /opt/airflow/dags/core_osm_table_generator_dag.py for tasks to queue
[2026-02-21T22:33:28.387+0000] {logging_mixin.py:190} INFO - [2026-02-21T22:33:28.387+0000] {dagbag.py:588} INFO - Filling up the DagBag from /opt/airflow/dags/core_osm_table_generator_dag.py
[2026-02-21T22:33:28.882+0000] {processor.py:925} INFO - DAG(s) 'core_osm_table_generator' retrieved from /opt/airflow/dags/core_osm_table_generator_dag.py
[2026-02-21T22:33:30.069+0000] {logging_mixin.py:190} INFO - [2026-02-21T22:33:30.069+0000] {dag.py:3239} INFO - Sync 1 DAGs
[2026-02-21T22:33:30.076+0000] {logging_mixin.py:190} INFO - [2026-02-21T22:33:30.076+0000] {dag.py:4180} INFO - Setting next_dagrun for core_osm_table_generator to None, run_after=None
[2026-02-21T22:33:30.084+0000] {processor.py:208} INFO - Processing /opt/airflow/dags/core_osm_table_generator_dag.py took 1.712 seconds
[2026-02-21T22:34:00.473+0000] {processor.py:186} INFO - Started process (PID=1507) to work on /opt/airflow/dags/core_osm_table_generator_dag.py
[2026-02-21T22:34:00.475+0000] {processor.py:914} INFO - Processing file /opt/airflow/dags/core_osm_table_generator_dag.py for tasks to queue
[2026-02-21T22:34:00.477+0000] {logging_mixin.py:190} INFO - [2026-02-21T22:34:00.476+0000] {dagbag.py:588} INFO - Filling up the DagBag from /opt/airflow/dags/core_osm_table_generator_dag.py
[2026-02-21T22:34:00.942+0000] {processor.py:925} INFO - DAG(s) 'core_osm_table_generator' retrieved from /opt/airflow/dags/core_osm_table_generator_dag.py
[2026-02-21T22:34:01.928+0000] {logging_mixin.py:190} INFO - [2026-02-21T22:34:01.928+0000] {dag.py:3239} INFO - Sync 1 DAGs
[2026-02-21T22:34:01.936+0000] {logging_mixin.py:190} INFO - [2026-02-21T22:34:01.936+0000] {dag.py:4180} INFO - Setting next_dagrun for core_osm_table_generator to None, run_after=None
[2026-02-21T22:34:01.946+0000] {processor.py:208} INFO - Processing /opt/airflow/dags/core_osm_table_generator_dag.py took 1.482 seconds
[2026-02-21T22:34:32.232+0000] {processor.py:186} INFO - Started process (PID=1508) to work on /opt/airflow/dags/core_osm_table_generator_dag.py
[2026-02-21T22:34:32.233+0000] {processor.py:914} INFO - Processing file /opt/airflow/dags/core_osm_table_generator_dag.py for tasks to queue
[2026-02-21T22:34:32.234+0000] {logging_mixin.py:190} INFO - [2026-02-21T22:34:32.234+0000] {dagbag.py:588} INFO - Filling up the DagBag from /opt/airflow/dags/core_osm_table_generator_dag.py
[2026-02-21T22:34:32.726+0000] {processor.py:925} INFO - DAG(s) 'core_osm_table_generator' retrieved from /opt/airflow/dags/core_osm_table_generator_dag.py
[2026-02-21T22:34:33.728+0000] {logging_mixin.py:190} INFO - [2026-02-21T22:34:33.728+0000] {dag.py:3239} INFO - Sync 1 DAGs
[2026-02-21T22:34:33.740+0000] {logging_mixin.py:190} INFO - [2026-02-21T22:34:33.740+0000] {dag.py:4180} INFO - Setting next_dagrun for core_osm_table_generator to None, run_after=None
[2026-02-21T22:34:33.752+0000] {processor.py:208} INFO - Processing /opt/airflow/dags/core_osm_table_generator_dag.py took 1.527 seconds
[2026-02-21T22:35:04.167+0000] {processor.py:186} INFO - Started process (PID=1509) to work on /opt/airflow/dags/core_osm_table_generator_dag.py
[2026-02-21T22:35:04.168+0000] {processor.py:914} INFO - Processing file /opt/airflow/dags/core_osm_table_generator_dag.py for tasks to queue
[2026-02-21T22:35:04.170+0000] {logging_mixin.py:190} INFO - [2026-02-21T22:35:04.169+0000] {dagbag.py:588} INFO - Filling up the DagBag from /opt/airflow/dags/core_osm_table_generator_dag.py
[2026-02-21T22:35:04.641+0000] {processor.py:925} INFO - DAG(s) 'core_osm_table_generator' retrieved from /opt/airflow/dags/core_osm_table_generator_dag.py
[2026-02-21T22:35:05.642+0000] {logging_mixin.py:190} INFO - [2026-02-21T22:35:05.642+0000] {dag.py:3239} INFO - Sync 1 DAGs
[2026-02-21T22:35:05.851+0000] {logging_mixin.py:190} INFO - [2026-02-21T22:35:05.851+0000] {dag.py:4180} INFO - Setting next_dagrun for core_osm_table_generator to None, run_after=None
[2026-02-21T22:35:05.859+0000] {processor.py:208} INFO - Processing /opt/airflow/dags/core_osm_table_generator_dag.py took 1.699 seconds
[2026-02-21T22:35:36.045+0000] {processor.py:186} INFO - Started process (PID=1510) to work on /opt/airflow/dags/core_osm_table_generator_dag.py
[2026-02-21T22:35:36.046+0000] {processor.py:914} INFO - Processing file /opt/airflow/dags/core_osm_table_generator_dag.py for tasks to queue
[2026-02-21T22:35:36.048+0000] {logging_mixin.py:190} INFO - [2026-02-21T22:35:36.047+0000] {dagbag.py:588} INFO - Filling up the DagBag from /opt/airflow/dags/core_osm_table_generator_dag.py
[2026-02-21T22:35:36.587+0000] {processor.py:925} INFO - DAG(s) 'core_osm_table_generator' retrieved from /opt/airflow/dags/core_osm_table_generator_dag.py
[2026-02-21T22:35:37.840+0000] {logging_mixin.py:190} INFO - [2026-02-21T22:35:37.840+0000] {dag.py:3239} INFO - Sync 1 DAGs
[2026-02-21T22:35:37.848+0000] {logging_mixin.py:190} INFO - [2026-02-21T22:35:37.848+0000] {dag.py:4180} INFO - Setting next_dagrun for core_osm_table_generator to None, run_after=None
[2026-02-21T22:35:37.856+0000] {processor.py:208} INFO - Processing /opt/airflow/dags/core_osm_table_generator_dag.py took 1.819 seconds
[2026-02-21T22:36:08.240+0000] {processor.py:186} INFO - Started process (PID=1511) to work on /opt/airflow/dags/core_osm_table_generator_dag.py
[2026-02-21T22:36:08.242+0000] {processor.py:914} INFO - Processing file /opt/airflow/dags/core_osm_table_generator_dag.py for tasks to queue
[2026-02-21T22:36:08.243+0000] {logging_mixin.py:190} INFO - [2026-02-21T22:36:08.243+0000] {dagbag.py:588} INFO - Filling up the DagBag from /opt/airflow/dags/core_osm_table_generator_dag.py
[2026-02-21T22:36:08.727+0000] {processor.py:925} INFO - DAG(s) 'core_osm_table_generator' retrieved from /opt/airflow/dags/core_osm_table_generator_dag.py
[2026-02-21T22:36:09.737+0000] {logging_mixin.py:190} INFO - [2026-02-21T22:36:09.737+0000] {dag.py:3239} INFO - Sync 1 DAGs
[2026-02-21T22:36:09.745+0000] {logging_mixin.py:190} INFO - [2026-02-21T22:36:09.745+0000] {dag.py:4180} INFO - Setting next_dagrun for core_osm_table_generator to None, run_after=None
[2026-02-21T22:36:09.752+0000] {processor.py:208} INFO - Processing /opt/airflow/dags/core_osm_table_generator_dag.py took 1.523 seconds
[2026-02-21T22:36:39.834+0000] {processor.py:186} INFO - Started process (PID=1512) to work on /opt/airflow/dags/core_osm_table_generator_dag.py
[2026-02-21T22:36:39.835+0000] {processor.py:914} INFO - Processing file /opt/airflow/dags/core_osm_table_generator_dag.py for tasks to queue
[2026-02-21T22:36:39.836+0000] {logging_mixin.py:190} INFO - [2026-02-21T22:36:39.836+0000] {dagbag.py:588} INFO - Filling up the DagBag from /opt/airflow/dags/core_osm_table_generator_dag.py
[2026-02-21T22:36:40.338+0000] {processor.py:925} INFO - DAG(s) 'core_osm_table_generator' retrieved from /opt/airflow/dags/core_osm_table_generator_dag.py
[2026-02-21T22:36:41.331+0000] {logging_mixin.py:190} INFO - [2026-02-21T22:36:41.331+0000] {dag.py:3239} INFO - Sync 1 DAGs
[2026-02-21T22:36:41.340+0000] {logging_mixin.py:190} INFO - [2026-02-21T22:36:41.340+0000] {dag.py:4180} INFO - Setting next_dagrun for core_osm_table_generator to None, run_after=None
[2026-02-21T22:36:41.352+0000] {processor.py:208} INFO - Processing /opt/airflow/dags/core_osm_table_generator_dag.py took 1.527 seconds
[2026-02-21T22:37:11.525+0000] {processor.py:186} INFO - Started process (PID=1513) to work on /opt/airflow/dags/core_osm_table_generator_dag.py
[2026-02-21T22:37:11.527+0000] {processor.py:914} INFO - Processing file /opt/airflow/dags/core_osm_table_generator_dag.py for tasks to queue
[2026-02-21T22:37:11.532+0000] {logging_mixin.py:190} INFO - [2026-02-21T22:37:11.528+0000] {dagbag.py:588} INFO - Filling up the DagBag from /opt/airflow/dags/core_osm_table_generator_dag.py
[2026-02-21T22:37:12.058+0000] {processor.py:925} INFO - DAG(s) 'core_osm_table_generator' retrieved from /opt/airflow/dags/core_osm_table_generator_dag.py
[2026-02-21T22:37:13.108+0000] {logging_mixin.py:190} INFO - [2026-02-21T22:37:13.108+0000] {dag.py:3239} INFO - Sync 1 DAGs
[2026-02-21T22:37:13.312+0000] {logging_mixin.py:190} INFO - [2026-02-21T22:37:13.312+0000] {dag.py:4180} INFO - Setting next_dagrun for core_osm_table_generator to None, run_after=None
[2026-02-21T22:37:13.320+0000] {processor.py:208} INFO - Processing /opt/airflow/dags/core_osm_table_generator_dag.py took 1.809 seconds
[2026-02-21T22:37:43.827+0000] {processor.py:186} INFO - Started process (PID=1514) to work on /opt/airflow/dags/core_osm_table_generator_dag.py
[2026-02-21T22:37:43.830+0000] {processor.py:914} INFO - Processing file /opt/airflow/dags/core_osm_table_generator_dag.py for tasks to queue
[2026-02-21T22:37:43.833+0000] {logging_mixin.py:190} INFO - [2026-02-21T22:37:43.832+0000] {dagbag.py:588} INFO - Filling up the DagBag from /opt/airflow/dags/core_osm_table_generator_dag.py
[2026-02-21T22:37:44.344+0000] {processor.py:925} INFO - DAG(s) 'core_osm_table_generator' retrieved from /opt/airflow/dags/core_osm_table_generator_dag.py
[2026-02-21T22:37:45.584+0000] {logging_mixin.py:190} INFO - [2026-02-21T22:37:45.584+0000] {dag.py:3239} INFO - Sync 1 DAGs
[2026-02-21T22:37:45.591+0000] {logging_mixin.py:190} INFO - [2026-02-21T22:37:45.591+0000] {dag.py:4180} INFO - Setting next_dagrun for core_osm_table_generator to None, run_after=None
[2026-02-21T22:37:45.599+0000] {processor.py:208} INFO - Processing /opt/airflow/dags/core_osm_table_generator_dag.py took 1.807 seconds
[2026-02-21T22:38:16.031+0000] {processor.py:186} INFO - Started process (PID=1515) to work on /opt/airflow/dags/core_osm_table_generator_dag.py
[2026-02-21T22:38:16.032+0000] {processor.py:914} INFO - Processing file /opt/airflow/dags/core_osm_table_generator_dag.py for tasks to queue
[2026-02-21T22:38:16.034+0000] {logging_mixin.py:190} INFO - [2026-02-21T22:38:16.033+0000] {dagbag.py:588} INFO - Filling up the DagBag from /opt/airflow/dags/core_osm_table_generator_dag.py
[2026-02-21T22:38:16.522+0000] {processor.py:925} INFO - DAG(s) 'core_osm_table_generator' retrieved from /opt/airflow/dags/core_osm_table_generator_dag.py
[2026-02-21T22:38:17.532+0000] {logging_mixin.py:190} INFO - [2026-02-21T22:38:17.531+0000] {dag.py:3239} INFO - Sync 1 DAGs
[2026-02-21T22:38:17.542+0000] {logging_mixin.py:190} INFO - [2026-02-21T22:38:17.542+0000] {dag.py:4180} INFO - Setting next_dagrun for core_osm_table_generator to None, run_after=None
[2026-02-21T22:38:17.551+0000] {processor.py:208} INFO - Processing /opt/airflow/dags/core_osm_table_generator_dag.py took 1.530 seconds
[2026-02-21T22:38:47.823+0000] {processor.py:186} INFO - Started process (PID=1516) to work on /opt/airflow/dags/core_osm_table_generator_dag.py
[2026-02-21T22:38:47.825+0000] {processor.py:914} INFO - Processing file /opt/airflow/dags/core_osm_table_generator_dag.py for tasks to queue
[2026-02-21T22:38:47.826+0000] {logging_mixin.py:190} INFO - [2026-02-21T22:38:47.826+0000] {dagbag.py:588} INFO - Filling up the DagBag from /opt/airflow/dags/core_osm_table_generator_dag.py
[2026-02-21T22:38:48.300+0000] {processor.py:925} INFO - DAG(s) 'core_osm_table_generator' retrieved from /opt/airflow/dags/core_osm_table_generator_dag.py
[2026-02-21T22:38:49.290+0000] {logging_mixin.py:190} INFO - [2026-02-21T22:38:49.290+0000] {dag.py:3239} INFO - Sync 1 DAGs
[2026-02-21T22:38:49.298+0000] {logging_mixin.py:190} INFO - [2026-02-21T22:38:49.298+0000] {dag.py:4180} INFO - Setting next_dagrun for core_osm_table_generator to None, run_after=None
[2026-02-21T22:38:49.310+0000] {processor.py:208} INFO - Processing /opt/airflow/dags/core_osm_table_generator_dag.py took 1.493 seconds
[2026-02-21T22:39:19.770+0000] {processor.py:186} INFO - Started process (PID=1517) to work on /opt/airflow/dags/core_osm_table_generator_dag.py
[2026-02-21T22:39:19.775+0000] {processor.py:914} INFO - Processing file /opt/airflow/dags/core_osm_table_generator_dag.py for tasks to queue
[2026-02-21T22:39:19.778+0000] {logging_mixin.py:190} INFO - [2026-02-21T22:39:19.777+0000] {dagbag.py:588} INFO - Filling up the DagBag from /opt/airflow/dags/core_osm_table_generator_dag.py
[2026-02-21T22:39:20.294+0000] {processor.py:925} INFO - DAG(s) 'core_osm_table_generator' retrieved from /opt/airflow/dags/core_osm_table_generator_dag.py
[2026-02-21T22:39:21.309+0000] {logging_mixin.py:190} INFO - [2026-02-21T22:39:21.309+0000] {dag.py:3239} INFO - Sync 1 DAGs
[2026-02-21T22:39:21.537+0000] {logging_mixin.py:190} INFO - [2026-02-21T22:39:21.537+0000] {dag.py:4180} INFO - Setting next_dagrun for core_osm_table_generator to None, run_after=None
[2026-02-21T22:39:21.545+0000] {processor.py:208} INFO - Processing /opt/airflow/dags/core_osm_table_generator_dag.py took 1.808 seconds
[2026-02-21T22:39:51.604+0000] {processor.py:186} INFO - Started process (PID=1518) to work on /opt/airflow/dags/core_osm_table_generator_dag.py
[2026-02-21T22:39:51.606+0000] {processor.py:914} INFO - Processing file /opt/airflow/dags/core_osm_table_generator_dag.py for tasks to queue
[2026-02-21T22:39:51.607+0000] {logging_mixin.py:190} INFO - [2026-02-21T22:39:51.606+0000] {dagbag.py:588} INFO - Filling up the DagBag from /opt/airflow/dags/core_osm_table_generator_dag.py
[2026-02-21T22:39:52.076+0000] {processor.py:925} INFO - DAG(s) 'core_osm_table_generator' retrieved from /opt/airflow/dags/core_osm_table_generator_dag.py
[2026-02-21T22:39:53.176+0000] {logging_mixin.py:190} INFO - [2026-02-21T22:39:53.176+0000] {dag.py:3239} INFO - Sync 1 DAGs
[2026-02-21T22:39:53.182+0000] {logging_mixin.py:190} INFO - [2026-02-21T22:39:53.182+0000] {dag.py:4180} INFO - Setting next_dagrun for core_osm_table_generator to None, run_after=None
[2026-02-21T22:39:53.190+0000] {processor.py:208} INFO - Processing /opt/airflow/dags/core_osm_table_generator_dag.py took 1.594 seconds
[2026-02-21T22:40:23.269+0000] {processor.py:186} INFO - Started process (PID=1519) to work on /opt/airflow/dags/core_osm_table_generator_dag.py
[2026-02-21T22:40:23.270+0000] {processor.py:914} INFO - Processing file /opt/airflow/dags/core_osm_table_generator_dag.py for tasks to queue
[2026-02-21T22:40:23.272+0000] {logging_mixin.py:190} INFO - [2026-02-21T22:40:23.271+0000] {dagbag.py:588} INFO - Filling up the DagBag from /opt/airflow/dags/core_osm_table_generator_dag.py
[2026-02-21T22:40:23.787+0000] {processor.py:925} INFO - DAG(s) 'core_osm_table_generator' retrieved from /opt/airflow/dags/core_osm_table_generator_dag.py
[2026-02-21T22:40:24.826+0000] {logging_mixin.py:190} INFO - [2026-02-21T22:40:24.826+0000] {dag.py:3239} INFO - Sync 1 DAGs
[2026-02-21T22:40:24.838+0000] {logging_mixin.py:190} INFO - [2026-02-21T22:40:24.838+0000] {dag.py:4180} INFO - Setting next_dagrun for core_osm_table_generator to None, run_after=None
[2026-02-21T22:40:24.847+0000] {processor.py:208} INFO - Processing /opt/airflow/dags/core_osm_table_generator_dag.py took 1.585 seconds
[2026-02-21T22:40:54.961+0000] {processor.py:186} INFO - Started process (PID=1520) to work on /opt/airflow/dags/core_osm_table_generator_dag.py
[2026-02-21T22:40:54.963+0000] {processor.py:914} INFO - Processing file /opt/airflow/dags/core_osm_table_generator_dag.py for tasks to queue
[2026-02-21T22:40:54.964+0000] {logging_mixin.py:190} INFO - [2026-02-21T22:40:54.964+0000] {dagbag.py:588} INFO - Filling up the DagBag from /opt/airflow/dags/core_osm_table_generator_dag.py
[2026-02-21T22:40:55.441+0000] {processor.py:925} INFO - DAG(s) 'core_osm_table_generator' retrieved from /opt/airflow/dags/core_osm_table_generator_dag.py
[2026-02-21T22:40:56.442+0000] {logging_mixin.py:190} INFO - [2026-02-21T22:40:56.442+0000] {dag.py:3239} INFO - Sync 1 DAGs
[2026-02-21T22:40:56.449+0000] {logging_mixin.py:190} INFO - [2026-02-21T22:40:56.449+0000] {dag.py:4180} INFO - Setting next_dagrun for core_osm_table_generator to None, run_after=None
[2026-02-21T22:40:56.460+0000] {processor.py:208} INFO - Processing /opt/airflow/dags/core_osm_table_generator_dag.py took 1.509 seconds
[2026-02-21T22:41:26.656+0000] {processor.py:186} INFO - Started process (PID=1521) to work on /opt/airflow/dags/core_osm_table_generator_dag.py
[2026-02-21T22:41:26.658+0000] {processor.py:914} INFO - Processing file /opt/airflow/dags/core_osm_table_generator_dag.py for tasks to queue
[2026-02-21T22:41:26.660+0000] {logging_mixin.py:190} INFO - [2026-02-21T22:41:26.659+0000] {dagbag.py:588} INFO - Filling up the DagBag from /opt/airflow/dags/core_osm_table_generator_dag.py
[2026-02-21T22:41:27.162+0000] {processor.py:925} INFO - DAG(s) 'core_osm_table_generator' retrieved from /opt/airflow/dags/core_osm_table_generator_dag.py
[2026-02-21T22:41:28.174+0000] {logging_mixin.py:190} INFO - [2026-02-21T22:41:28.174+0000] {dag.py:3239} INFO - Sync 1 DAGs
[2026-02-21T22:41:28.401+0000] {logging_mixin.py:190} INFO - [2026-02-21T22:41:28.401+0000] {dag.py:4180} INFO - Setting next_dagrun for core_osm_table_generator to None, run_after=None
[2026-02-21T22:41:28.410+0000] {processor.py:208} INFO - Processing /opt/airflow/dags/core_osm_table_generator_dag.py took 1.766 seconds
[2026-02-21T22:41:58.783+0000] {processor.py:186} INFO - Started process (PID=1522) to work on /opt/airflow/dags/core_osm_table_generator_dag.py
[2026-02-21T22:41:58.784+0000] {processor.py:914} INFO - Processing file /opt/airflow/dags/core_osm_table_generator_dag.py for tasks to queue
[2026-02-21T22:41:58.785+0000] {logging_mixin.py:190} INFO - [2026-02-21T22:41:58.785+0000] {dagbag.py:588} INFO - Filling up the DagBag from /opt/airflow/dags/core_osm_table_generator_dag.py
[2026-02-21T22:41:59.255+0000] {processor.py:925} INFO - DAG(s) 'core_osm_table_generator' retrieved from /opt/airflow/dags/core_osm_table_generator_dag.py
[2026-02-21T22:42:00.366+0000] {logging_mixin.py:190} INFO - [2026-02-21T22:42:00.366+0000] {dag.py:3239} INFO - Sync 1 DAGs
[2026-02-21T22:42:00.372+0000] {logging_mixin.py:190} INFO - [2026-02-21T22:42:00.372+0000] {dag.py:4180} INFO - Setting next_dagrun for core_osm_table_generator to None, run_after=None
[2026-02-21T22:42:00.380+0000] {processor.py:208} INFO - Processing /opt/airflow/dags/core_osm_table_generator_dag.py took 1.605 seconds
[2026-02-21T22:42:30.608+0000] {processor.py:186} INFO - Started process (PID=1523) to work on /opt/airflow/dags/core_osm_table_generator_dag.py
[2026-02-21T22:42:30.611+0000] {processor.py:914} INFO - Processing file /opt/airflow/dags/core_osm_table_generator_dag.py for tasks to queue
[2026-02-21T22:42:30.613+0000] {logging_mixin.py:190} INFO - [2026-02-21T22:42:30.612+0000] {dagbag.py:588} INFO - Filling up the DagBag from /opt/airflow/dags/core_osm_table_generator_dag.py
[2026-02-21T22:42:31.089+0000] {processor.py:925} INFO - DAG(s) 'core_osm_table_generator' retrieved from /opt/airflow/dags/core_osm_table_generator_dag.py
[2026-02-21T22:42:32.083+0000] {logging_mixin.py:190} INFO - [2026-02-21T22:42:32.083+0000] {dag.py:3239} INFO - Sync 1 DAGs
[2026-02-21T22:42:32.091+0000] {logging_mixin.py:190} INFO - [2026-02-21T22:42:32.091+0000] {dag.py:4180} INFO - Setting next_dagrun for core_osm_table_generator to None, run_after=None
[2026-02-21T22:42:32.100+0000] {processor.py:208} INFO - Processing /opt/airflow/dags/core_osm_table_generator_dag.py took 1.503 seconds
[2026-02-21T22:43:02.533+0000] {processor.py:186} INFO - Started process (PID=1524) to work on /opt/airflow/dags/core_osm_table_generator_dag.py
[2026-02-21T22:43:02.534+0000] {processor.py:914} INFO - Processing file /opt/airflow/dags/core_osm_table_generator_dag.py for tasks to queue
[2026-02-21T22:43:02.535+0000] {logging_mixin.py:190} INFO - [2026-02-21T22:43:02.535+0000] {dagbag.py:588} INFO - Filling up the DagBag from /opt/airflow/dags/core_osm_table_generator_dag.py
[2026-02-21T22:43:03.017+0000] {processor.py:925} INFO - DAG(s) 'core_osm_table_generator' retrieved from /opt/airflow/dags/core_osm_table_generator_dag.py
[2026-02-21T22:43:04.026+0000] {logging_mixin.py:190} INFO - [2026-02-21T22:43:04.026+0000] {dag.py:3239} INFO - Sync 1 DAGs
[2026-02-21T22:43:04.037+0000] {logging_mixin.py:190} INFO - [2026-02-21T22:43:04.036+0000] {dag.py:4180} INFO - Setting next_dagrun for core_osm_table_generator to None, run_after=None
[2026-02-21T22:43:04.048+0000] {processor.py:208} INFO - Processing /opt/airflow/dags/core_osm_table_generator_dag.py took 1.525 seconds
[2026-02-21T22:43:34.463+0000] {processor.py:186} INFO - Started process (PID=1525) to work on /opt/airflow/dags/core_osm_table_generator_dag.py
[2026-02-21T22:43:34.464+0000] {processor.py:914} INFO - Processing file /opt/airflow/dags/core_osm_table_generator_dag.py for tasks to queue
[2026-02-21T22:43:34.465+0000] {logging_mixin.py:190} INFO - [2026-02-21T22:43:34.465+0000] {dagbag.py:588} INFO - Filling up the DagBag from /opt/airflow/dags/core_osm_table_generator_dag.py
[2026-02-21T22:43:35.012+0000] {processor.py:925} INFO - DAG(s) 'core_osm_table_generator' retrieved from /opt/airflow/dags/core_osm_table_generator_dag.py
[2026-02-21T22:43:36.024+0000] {logging_mixin.py:190} INFO - [2026-02-21T22:43:36.024+0000] {dag.py:3239} INFO - Sync 1 DAGs
[2026-02-21T22:43:36.227+0000] {logging_mixin.py:190} INFO - [2026-02-21T22:43:36.227+0000] {dag.py:4180} INFO - Setting next_dagrun for core_osm_table_generator to None, run_after=None
[2026-02-21T22:43:36.235+0000] {processor.py:208} INFO - Processing /opt/airflow/dags/core_osm_table_generator_dag.py took 1.783 seconds
[2026-02-21T22:44:06.300+0000] {processor.py:186} INFO - Started process (PID=1526) to work on /opt/airflow/dags/core_osm_table_generator_dag.py
[2026-02-21T22:44:06.301+0000] {processor.py:914} INFO - Processing file /opt/airflow/dags/core_osm_table_generator_dag.py for tasks to queue
[2026-02-21T22:44:06.302+0000] {logging_mixin.py:190} INFO - [2026-02-21T22:44:06.302+0000] {dagbag.py:588} INFO - Filling up the DagBag from /opt/airflow/dags/core_osm_table_generator_dag.py
[2026-02-21T22:44:06.880+0000] {processor.py:925} INFO - DAG(s) 'core_osm_table_generator' retrieved from /opt/airflow/dags/core_osm_table_generator_dag.py
[2026-02-21T22:44:08.062+0000] {logging_mixin.py:190} INFO - [2026-02-21T22:44:08.062+0000] {dag.py:3239} INFO - Sync 1 DAGs
[2026-02-21T22:44:08.069+0000] {logging_mixin.py:190} INFO - [2026-02-21T22:44:08.069+0000] {dag.py:4180} INFO - Setting next_dagrun for core_osm_table_generator to None, run_after=None
[2026-02-21T22:44:08.076+0000] {processor.py:208} INFO - Processing /opt/airflow/dags/core_osm_table_generator_dag.py took 1.783 seconds
[2026-02-21T22:44:38.518+0000] {processor.py:186} INFO - Started process (PID=1527) to work on /opt/airflow/dags/core_osm_table_generator_dag.py
[2026-02-21T22:44:38.519+0000] {processor.py:914} INFO - Processing file /opt/airflow/dags/core_osm_table_generator_dag.py for tasks to queue
[2026-02-21T22:44:38.520+0000] {logging_mixin.py:190} INFO - [2026-02-21T22:44:38.519+0000] {dagbag.py:588} INFO - Filling up the DagBag from /opt/airflow/dags/core_osm_table_generator_dag.py
[2026-02-21T22:44:38.996+0000] {processor.py:925} INFO - DAG(s) 'core_osm_table_generator' retrieved from /opt/airflow/dags/core_osm_table_generator_dag.py
[2026-02-21T22:44:40.005+0000] {logging_mixin.py:190} INFO - [2026-02-21T22:44:40.005+0000] {dag.py:3239} INFO - Sync 1 DAGs
[2026-02-21T22:44:40.015+0000] {logging_mixin.py:190} INFO - [2026-02-21T22:44:40.015+0000] {dag.py:4180} INFO - Setting next_dagrun for core_osm_table_generator to None, run_after=None
[2026-02-21T22:44:40.024+0000] {processor.py:208} INFO - Processing /opt/airflow/dags/core_osm_table_generator_dag.py took 1.511 seconds
[2026-02-21T22:45:10.503+0000] {processor.py:186} INFO - Started process (PID=1528) to work on /opt/airflow/dags/core_osm_table_generator_dag.py
[2026-02-21T22:45:10.506+0000] {processor.py:914} INFO - Processing file /opt/airflow/dags/core_osm_table_generator_dag.py for tasks to queue
[2026-02-21T22:45:10.508+0000] {logging_mixin.py:190} INFO - [2026-02-21T22:45:10.507+0000] {dagbag.py:588} INFO - Filling up the DagBag from /opt/airflow/dags/core_osm_table_generator_dag.py
[2026-02-21T22:45:11.012+0000] {processor.py:925} INFO - DAG(s) 'core_osm_table_generator' retrieved from /opt/airflow/dags/core_osm_table_generator_dag.py
[2026-02-21T22:45:12.021+0000] {logging_mixin.py:190} INFO - [2026-02-21T22:45:12.021+0000] {dag.py:3239} INFO - Sync 1 DAGs
[2026-02-21T22:45:12.033+0000] {logging_mixin.py:190} INFO - [2026-02-21T22:45:12.032+0000] {dag.py:4180} INFO - Setting next_dagrun for core_osm_table_generator to None, run_after=None
[2026-02-21T22:45:12.046+0000] {processor.py:208} INFO - Processing /opt/airflow/dags/core_osm_table_generator_dag.py took 1.567 seconds
[2026-02-21T22:45:42.465+0000] {processor.py:186} INFO - Started process (PID=1529) to work on /opt/airflow/dags/core_osm_table_generator_dag.py
[2026-02-21T22:45:42.466+0000] {processor.py:914} INFO - Processing file /opt/airflow/dags/core_osm_table_generator_dag.py for tasks to queue
[2026-02-21T22:45:42.467+0000] {logging_mixin.py:190} INFO - [2026-02-21T22:45:42.467+0000] {dagbag.py:588} INFO - Filling up the DagBag from /opt/airflow/dags/core_osm_table_generator_dag.py
[2026-02-21T22:45:42.943+0000] {processor.py:925} INFO - DAG(s) 'core_osm_table_generator' retrieved from /opt/airflow/dags/core_osm_table_generator_dag.py
[2026-02-21T22:45:43.945+0000] {logging_mixin.py:190} INFO - [2026-02-21T22:45:43.945+0000] {dag.py:3239} INFO - Sync 1 DAGs
[2026-02-21T22:45:44.171+0000] {logging_mixin.py:190} INFO - [2026-02-21T22:45:44.171+0000] {dag.py:4180} INFO - Setting next_dagrun for core_osm_table_generator to None, run_after=None
[2026-02-21T22:45:44.179+0000] {processor.py:208} INFO - Processing /opt/airflow/dags/core_osm_table_generator_dag.py took 1.722 seconds
[2026-02-21T22:46:14.275+0000] {processor.py:186} INFO - Started process (PID=1530) to work on /opt/airflow/dags/core_osm_table_generator_dag.py
[2026-02-21T22:46:14.277+0000] {processor.py:914} INFO - Processing file /opt/airflow/dags/core_osm_table_generator_dag.py for tasks to queue
[2026-02-21T22:46:14.278+0000] {logging_mixin.py:190} INFO - [2026-02-21T22:46:14.278+0000] {dagbag.py:588} INFO - Filling up the DagBag from /opt/airflow/dags/core_osm_table_generator_dag.py
[2026-02-21T22:46:14.820+0000] {processor.py:925} INFO - DAG(s) 'core_osm_table_generator' retrieved from /opt/airflow/dags/core_osm_table_generator_dag.py
[2026-02-21T22:46:15.994+0000] {logging_mixin.py:190} INFO - [2026-02-21T22:46:15.994+0000] {dag.py:3239} INFO - Sync 1 DAGs
[2026-02-21T22:46:16.000+0000] {logging_mixin.py:190} INFO - [2026-02-21T22:46:16.000+0000] {dag.py:4180} INFO - Setting next_dagrun for core_osm_table_generator to None, run_after=None
[2026-02-21T22:46:16.008+0000] {processor.py:208} INFO - Processing /opt/airflow/dags/core_osm_table_generator_dag.py took 1.745 seconds
[2026-02-21T22:46:46.500+0000] {processor.py:186} INFO - Started process (PID=1531) to work on /opt/airflow/dags/core_osm_table_generator_dag.py
[2026-02-21T22:46:46.502+0000] {processor.py:914} INFO - Processing file /opt/airflow/dags/core_osm_table_generator_dag.py for tasks to queue
[2026-02-21T22:46:46.503+0000] {logging_mixin.py:190} INFO - [2026-02-21T22:46:46.503+0000] {dagbag.py:588} INFO - Filling up the DagBag from /opt/airflow/dags/core_osm_table_generator_dag.py
[2026-02-21T22:46:47.011+0000] {processor.py:925} INFO - DAG(s) 'core_osm_table_generator' retrieved from /opt/airflow/dags/core_osm_table_generator_dag.py
[2026-02-21T22:46:48.022+0000] {logging_mixin.py:190} INFO - [2026-02-21T22:46:48.022+0000] {dag.py:3239} INFO - Sync 1 DAGs
[2026-02-21T22:46:48.032+0000] {logging_mixin.py:190} INFO - [2026-02-21T22:46:48.032+0000] {dag.py:4180} INFO - Setting next_dagrun for core_osm_table_generator to None, run_after=None
[2026-02-21T22:46:48.041+0000] {processor.py:208} INFO - Processing /opt/airflow/dags/core_osm_table_generator_dag.py took 1.552 seconds
[2026-02-21T22:47:18.299+0000] {processor.py:186} INFO - Started process (PID=1532) to work on /opt/airflow/dags/core_osm_table_generator_dag.py
[2026-02-21T22:47:18.301+0000] {processor.py:914} INFO - Processing file /opt/airflow/dags/core_osm_table_generator_dag.py for tasks to queue
[2026-02-21T22:47:18.303+0000] {logging_mixin.py:190} INFO - [2026-02-21T22:47:18.302+0000] {dagbag.py:588} INFO - Filling up the DagBag from /opt/airflow/dags/core_osm_table_generator_dag.py
[2026-02-21T22:47:18.814+0000] {processor.py:925} INFO - DAG(s) 'core_osm_table_generator' retrieved from /opt/airflow/dags/core_osm_table_generator_dag.py
[2026-02-21T22:47:19.827+0000] {logging_mixin.py:190} INFO - [2026-02-21T22:47:19.827+0000] {dag.py:3239} INFO - Sync 1 DAGs
[2026-02-21T22:47:19.838+0000] {logging_mixin.py:190} INFO - [2026-02-21T22:47:19.838+0000] {dag.py:4180} INFO - Setting next_dagrun for core_osm_table_generator to None, run_after=None
[2026-02-21T22:47:19.852+0000] {processor.py:208} INFO - Processing /opt/airflow/dags/core_osm_table_generator_dag.py took 1.567 seconds
[2026-02-21T22:47:50.180+0000] {processor.py:186} INFO - Started process (PID=1533) to work on /opt/airflow/dags/core_osm_table_generator_dag.py
[2026-02-21T22:47:50.181+0000] {processor.py:914} INFO - Processing file /opt/airflow/dags/core_osm_table_generator_dag.py for tasks to queue
[2026-02-21T22:47:50.183+0000] {logging_mixin.py:190} INFO - [2026-02-21T22:47:50.183+0000] {dagbag.py:588} INFO - Filling up the DagBag from /opt/airflow/dags/core_osm_table_generator_dag.py
[2026-02-21T22:47:50.669+0000] {processor.py:925} INFO - DAG(s) 'core_osm_table_generator' retrieved from /opt/airflow/dags/core_osm_table_generator_dag.py
[2026-02-21T22:47:51.673+0000] {logging_mixin.py:190} INFO - [2026-02-21T22:47:51.673+0000] {dag.py:3239} INFO - Sync 1 DAGs
[2026-02-21T22:47:51.887+0000] {logging_mixin.py:190} INFO - [2026-02-21T22:47:51.887+0000] {dag.py:4180} INFO - Setting next_dagrun for core_osm_table_generator to None, run_after=None
[2026-02-21T22:47:51.894+0000] {processor.py:208} INFO - Processing /opt/airflow/dags/core_osm_table_generator_dag.py took 1.722 seconds
[2026-02-21T22:48:22.407+0000] {processor.py:186} INFO - Started process (PID=1534) to work on /opt/airflow/dags/core_osm_table_generator_dag.py
[2026-02-21T22:48:22.408+0000] {processor.py:914} INFO - Processing file /opt/airflow/dags/core_osm_table_generator_dag.py for tasks to queue
[2026-02-21T22:48:22.410+0000] {logging_mixin.py:190} INFO - [2026-02-21T22:48:22.409+0000] {dagbag.py:588} INFO - Filling up the DagBag from /opt/airflow/dags/core_osm_table_generator_dag.py
[2026-02-21T22:48:22.907+0000] {processor.py:925} INFO - DAG(s) 'core_osm_table_generator' retrieved from /opt/airflow/dags/core_osm_table_generator_dag.py
[2026-02-21T22:48:24.149+0000] {logging_mixin.py:190} INFO - [2026-02-21T22:48:24.149+0000] {dag.py:3239} INFO - Sync 1 DAGs
[2026-02-21T22:48:24.156+0000] {logging_mixin.py:190} INFO - [2026-02-21T22:48:24.156+0000] {dag.py:4180} INFO - Setting next_dagrun for core_osm_table_generator to None, run_after=None
[2026-02-21T22:48:24.164+0000] {processor.py:208} INFO - Processing /opt/airflow/dags/core_osm_table_generator_dag.py took 1.785 seconds
[2026-02-21T22:48:54.591+0000] {processor.py:186} INFO - Started process (PID=1535) to work on /opt/airflow/dags/core_osm_table_generator_dag.py
[2026-02-21T22:48:54.593+0000] {processor.py:914} INFO - Processing file /opt/airflow/dags/core_osm_table_generator_dag.py for tasks to queue
[2026-02-21T22:48:54.594+0000] {logging_mixin.py:190} INFO - [2026-02-21T22:48:54.594+0000] {dagbag.py:588} INFO - Filling up the DagBag from /opt/airflow/dags/core_osm_table_generator_dag.py
[2026-02-21T22:48:55.065+0000] {processor.py:925} INFO - DAG(s) 'core_osm_table_generator' retrieved from /opt/airflow/dags/core_osm_table_generator_dag.py
[2026-02-21T22:48:56.058+0000] {logging_mixin.py:190} INFO - [2026-02-21T22:48:56.058+0000] {dag.py:3239} INFO - Sync 1 DAGs
[2026-02-21T22:48:56.065+0000] {logging_mixin.py:190} INFO - [2026-02-21T22:48:56.065+0000] {dag.py:4180} INFO - Setting next_dagrun for core_osm_table_generator to None, run_after=None
[2026-02-21T22:48:56.073+0000] {processor.py:208} INFO - Processing /opt/airflow/dags/core_osm_table_generator_dag.py took 1.493 seconds
[2026-02-21T22:49:26.262+0000] {processor.py:186} INFO - Started process (PID=1536) to work on /opt/airflow/dags/core_osm_table_generator_dag.py
[2026-02-21T22:49:26.265+0000] {processor.py:914} INFO - Processing file /opt/airflow/dags/core_osm_table_generator_dag.py for tasks to queue
[2026-02-21T22:49:26.267+0000] {logging_mixin.py:190} INFO - [2026-02-21T22:49:26.267+0000] {dagbag.py:588} INFO - Filling up the DagBag from /opt/airflow/dags/core_osm_table_generator_dag.py
[2026-02-21T22:49:26.798+0000] {processor.py:925} INFO - DAG(s) 'core_osm_table_generator' retrieved from /opt/airflow/dags/core_osm_table_generator_dag.py
[2026-02-21T22:49:27.854+0000] {logging_mixin.py:190} INFO - [2026-02-21T22:49:27.853+0000] {dag.py:3239} INFO - Sync 1 DAGs
[2026-02-21T22:49:27.868+0000] {logging_mixin.py:190} INFO - [2026-02-21T22:49:27.867+0000] {dag.py:4180} INFO - Setting next_dagrun for core_osm_table_generator to None, run_after=None
[2026-02-21T22:49:27.880+0000] {processor.py:208} INFO - Processing /opt/airflow/dags/core_osm_table_generator_dag.py took 1.631 seconds
[2026-02-21T22:49:58.228+0000] {processor.py:186} INFO - Started process (PID=1537) to work on /opt/airflow/dags/core_osm_table_generator_dag.py
[2026-02-21T22:49:58.233+0000] {processor.py:914} INFO - Processing file /opt/airflow/dags/core_osm_table_generator_dag.py for tasks to queue
[2026-02-21T22:49:58.237+0000] {logging_mixin.py:190} INFO - [2026-02-21T22:49:58.236+0000] {dagbag.py:588} INFO - Filling up the DagBag from /opt/airflow/dags/core_osm_table_generator_dag.py
[2026-02-21T22:49:58.759+0000] {processor.py:925} INFO - DAG(s) 'core_osm_table_generator' retrieved from /opt/airflow/dags/core_osm_table_generator_dag.py
[2026-02-21T22:49:59.795+0000] {logging_mixin.py:190} INFO - [2026-02-21T22:49:59.795+0000] {dag.py:3239} INFO - Sync 1 DAGs
[2026-02-21T22:50:00.010+0000] {logging_mixin.py:190} INFO - [2026-02-21T22:50:00.010+0000] {dag.py:4180} INFO - Setting next_dagrun for core_osm_table_generator to None, run_after=None
[2026-02-21T22:50:00.027+0000] {processor.py:208} INFO - Processing /opt/airflow/dags/core_osm_table_generator_dag.py took 1.813 seconds
[2026-02-21T22:50:30.468+0000] {processor.py:186} INFO - Started process (PID=1538) to work on /opt/airflow/dags/core_osm_table_generator_dag.py
[2026-02-21T22:50:30.470+0000] {processor.py:914} INFO - Processing file /opt/airflow/dags/core_osm_table_generator_dag.py for tasks to queue
[2026-02-21T22:50:30.471+0000] {logging_mixin.py:190} INFO - [2026-02-21T22:50:30.471+0000] {dagbag.py:588} INFO - Filling up the DagBag from /opt/airflow/dags/core_osm_table_generator_dag.py
[2026-02-21T22:50:30.986+0000] {processor.py:925} INFO - DAG(s) 'core_osm_table_generator' retrieved from /opt/airflow/dags/core_osm_table_generator_dag.py
[2026-02-21T22:50:32.233+0000] {logging_mixin.py:190} INFO - [2026-02-21T22:50:32.233+0000] {dag.py:3239} INFO - Sync 1 DAGs
[2026-02-21T22:50:32.240+0000] {logging_mixin.py:190} INFO - [2026-02-21T22:50:32.240+0000] {dag.py:4180} INFO - Setting next_dagrun for core_osm_table_generator to None, run_after=None
[2026-02-21T22:50:32.247+0000] {processor.py:208} INFO - Processing /opt/airflow/dags/core_osm_table_generator_dag.py took 1.790 seconds
[2026-02-21T22:51:02.622+0000] {processor.py:186} INFO - Started process (PID=1539) to work on /opt/airflow/dags/core_osm_table_generator_dag.py
[2026-02-21T22:51:02.623+0000] {processor.py:914} INFO - Processing file /opt/airflow/dags/core_osm_table_generator_dag.py for tasks to queue
[2026-02-21T22:51:02.624+0000] {logging_mixin.py:190} INFO - [2026-02-21T22:51:02.624+0000] {dagbag.py:588} INFO - Filling up the DagBag from /opt/airflow/dags/core_osm_table_generator_dag.py
[2026-02-21T22:51:03.091+0000] {processor.py:925} INFO - DAG(s) 'core_osm_table_generator' retrieved from /opt/airflow/dags/core_osm_table_generator_dag.py
[2026-02-21T22:51:04.076+0000] {logging_mixin.py:190} INFO - [2026-02-21T22:51:04.076+0000] {dag.py:3239} INFO - Sync 1 DAGs
[2026-02-21T22:51:04.082+0000] {logging_mixin.py:190} INFO - [2026-02-21T22:51:04.082+0000] {dag.py:4180} INFO - Setting next_dagrun for core_osm_table_generator to None, run_after=None
[2026-02-21T22:51:04.088+0000] {processor.py:208} INFO - Processing /opt/airflow/dags/core_osm_table_generator_dag.py took 1.473 seconds
[2026-02-21T22:51:34.279+0000] {processor.py:186} INFO - Started process (PID=1540) to work on /opt/airflow/dags/core_osm_table_generator_dag.py
[2026-02-21T22:51:34.280+0000] {processor.py:914} INFO - Processing file /opt/airflow/dags/core_osm_table_generator_dag.py for tasks to queue
[2026-02-21T22:51:34.282+0000] {logging_mixin.py:190} INFO - [2026-02-21T22:51:34.281+0000] {dagbag.py:588} INFO - Filling up the DagBag from /opt/airflow/dags/core_osm_table_generator_dag.py
[2026-02-21T22:51:34.801+0000] {processor.py:925} INFO - DAG(s) 'core_osm_table_generator' retrieved from /opt/airflow/dags/core_osm_table_generator_dag.py
[2026-02-21T22:51:35.831+0000] {logging_mixin.py:190} INFO - [2026-02-21T22:51:35.831+0000] {dag.py:3239} INFO - Sync 1 DAGs
[2026-02-21T22:51:35.842+0000] {logging_mixin.py:190} INFO - [2026-02-21T22:51:35.842+0000] {dag.py:4180} INFO - Setting next_dagrun for core_osm_table_generator to None, run_after=None
[2026-02-21T22:51:35.855+0000] {processor.py:208} INFO - Processing /opt/airflow/dags/core_osm_table_generator_dag.py took 1.586 seconds
[2026-02-21T22:52:06.267+0000] {processor.py:186} INFO - Started process (PID=1541) to work on /opt/airflow/dags/core_osm_table_generator_dag.py
[2026-02-21T22:52:06.268+0000] {processor.py:914} INFO - Processing file /opt/airflow/dags/core_osm_table_generator_dag.py for tasks to queue
[2026-02-21T22:52:06.269+0000] {logging_mixin.py:190} INFO - [2026-02-21T22:52:06.268+0000] {dagbag.py:588} INFO - Filling up the DagBag from /opt/airflow/dags/core_osm_table_generator_dag.py
[2026-02-21T22:52:06.923+0000] {processor.py:925} INFO - DAG(s) 'core_osm_table_generator' retrieved from /opt/airflow/dags/core_osm_table_generator_dag.py
[2026-02-21T22:52:07.974+0000] {logging_mixin.py:190} INFO - [2026-02-21T22:52:07.974+0000] {dag.py:3239} INFO - Sync 1 DAGs
[2026-02-21T22:52:08.200+0000] {logging_mixin.py:190} INFO - [2026-02-21T22:52:08.200+0000] {dag.py:4180} INFO - Setting next_dagrun for core_osm_table_generator to None, run_after=None
[2026-02-21T22:52:08.208+0000] {processor.py:208} INFO - Processing /opt/airflow/dags/core_osm_table_generator_dag.py took 1.955 seconds
[2026-02-21T22:52:38.573+0000] {processor.py:186} INFO - Started process (PID=1542) to work on /opt/airflow/dags/core_osm_table_generator_dag.py
[2026-02-21T22:52:38.574+0000] {processor.py:914} INFO - Processing file /opt/airflow/dags/core_osm_table_generator_dag.py for tasks to queue
[2026-02-21T22:52:38.576+0000] {logging_mixin.py:190} INFO - [2026-02-21T22:52:38.575+0000] {dagbag.py:588} INFO - Filling up the DagBag from /opt/airflow/dags/core_osm_table_generator_dag.py
[2026-02-21T22:52:39.105+0000] {processor.py:925} INFO - DAG(s) 'core_osm_table_generator' retrieved from /opt/airflow/dags/core_osm_table_generator_dag.py
[2026-02-21T22:52:40.328+0000] {logging_mixin.py:190} INFO - [2026-02-21T22:52:40.328+0000] {dag.py:3239} INFO - Sync 1 DAGs
[2026-02-21T22:52:40.334+0000] {logging_mixin.py:190} INFO - [2026-02-21T22:52:40.334+0000] {dag.py:4180} INFO - Setting next_dagrun for core_osm_table_generator to None, run_after=None
[2026-02-21T22:52:40.346+0000] {processor.py:208} INFO - Processing /opt/airflow/dags/core_osm_table_generator_dag.py took 1.785 seconds
[2026-02-21T22:53:10.602+0000] {processor.py:186} INFO - Started process (PID=1543) to work on /opt/airflow/dags/core_osm_table_generator_dag.py
[2026-02-21T22:53:10.604+0000] {processor.py:914} INFO - Processing file /opt/airflow/dags/core_osm_table_generator_dag.py for tasks to queue
[2026-02-21T22:53:10.605+0000] {logging_mixin.py:190} INFO - [2026-02-21T22:53:10.605+0000] {dagbag.py:588} INFO - Filling up the DagBag from /opt/airflow/dags/core_osm_table_generator_dag.py
[2026-02-21T22:53:11.103+0000] {processor.py:925} INFO - DAG(s) 'core_osm_table_generator' retrieved from /opt/airflow/dags/core_osm_table_generator_dag.py
[2026-02-21T22:53:12.104+0000] {logging_mixin.py:190} INFO - [2026-02-21T22:53:12.104+0000] {dag.py:3239} INFO - Sync 1 DAGs
[2026-02-21T22:53:12.113+0000] {logging_mixin.py:190} INFO - [2026-02-21T22:53:12.113+0000] {dag.py:4180} INFO - Setting next_dagrun for core_osm_table_generator to None, run_after=None
[2026-02-21T22:53:12.121+0000] {processor.py:208} INFO - Processing /opt/airflow/dags/core_osm_table_generator_dag.py took 1.530 seconds
[2026-02-21T22:53:42.519+0000] {processor.py:186} INFO - Started process (PID=1544) to work on /opt/airflow/dags/core_osm_table_generator_dag.py
[2026-02-21T22:53:42.522+0000] {processor.py:914} INFO - Processing file /opt/airflow/dags/core_osm_table_generator_dag.py for tasks to queue
[2026-02-21T22:53:42.523+0000] {logging_mixin.py:190} INFO - [2026-02-21T22:53:42.523+0000] {dagbag.py:588} INFO - Filling up the DagBag from /opt/airflow/dags/core_osm_table_generator_dag.py
[2026-02-21T22:53:43.008+0000] {processor.py:925} INFO - DAG(s) 'core_osm_table_generator' retrieved from /opt/airflow/dags/core_osm_table_generator_dag.py
[2026-02-21T22:53:44.016+0000] {logging_mixin.py:190} INFO - [2026-02-21T22:53:44.016+0000] {dag.py:3239} INFO - Sync 1 DAGs
[2026-02-21T22:53:44.027+0000] {logging_mixin.py:190} INFO - [2026-02-21T22:53:44.027+0000] {dag.py:4180} INFO - Setting next_dagrun for core_osm_table_generator to None, run_after=None
[2026-02-21T22:53:44.039+0000] {processor.py:208} INFO - Processing /opt/airflow/dags/core_osm_table_generator_dag.py took 1.532 seconds
[2026-02-21T22:54:14.296+0000] {processor.py:186} INFO - Started process (PID=1545) to work on /opt/airflow/dags/core_osm_table_generator_dag.py
[2026-02-21T22:54:14.299+0000] {processor.py:914} INFO - Processing file /opt/airflow/dags/core_osm_table_generator_dag.py for tasks to queue
[2026-02-21T22:54:14.302+0000] {logging_mixin.py:190} INFO - [2026-02-21T22:54:14.301+0000] {dagbag.py:588} INFO - Filling up the DagBag from /opt/airflow/dags/core_osm_table_generator_dag.py
[2026-02-21T22:54:14.836+0000] {processor.py:925} INFO - DAG(s) 'core_osm_table_generator' retrieved from /opt/airflow/dags/core_osm_table_generator_dag.py
[2026-02-21T22:54:15.860+0000] {logging_mixin.py:190} INFO - [2026-02-21T22:54:15.860+0000] {dag.py:3239} INFO - Sync 1 DAGs
[2026-02-21T22:54:16.075+0000] {logging_mixin.py:190} INFO - [2026-02-21T22:54:16.075+0000] {dag.py:4180} INFO - Setting next_dagrun for core_osm_table_generator to None, run_after=None
[2026-02-21T22:54:16.083+0000] {processor.py:208} INFO - Processing /opt/airflow/dags/core_osm_table_generator_dag.py took 1.803 seconds
[2026-02-21T22:54:46.510+0000] {processor.py:186} INFO - Started process (PID=1546) to work on /opt/airflow/dags/core_osm_table_generator_dag.py
[2026-02-21T22:54:46.511+0000] {processor.py:914} INFO - Processing file /opt/airflow/dags/core_osm_table_generator_dag.py for tasks to queue
[2026-02-21T22:54:46.513+0000] {logging_mixin.py:190} INFO - [2026-02-21T22:54:46.512+0000] {dagbag.py:588} INFO - Filling up the DagBag from /opt/airflow/dags/core_osm_table_generator_dag.py
[2026-02-21T22:54:46.983+0000] {processor.py:925} INFO - DAG(s) 'core_osm_table_generator' retrieved from /opt/airflow/dags/core_osm_table_generator_dag.py
[2026-02-21T22:54:48.079+0000] {logging_mixin.py:190} INFO - [2026-02-21T22:54:48.079+0000] {dag.py:3239} INFO - Sync 1 DAGs
[2026-02-21T22:54:48.085+0000] {logging_mixin.py:190} INFO - [2026-02-21T22:54:48.085+0000] {dag.py:4180} INFO - Setting next_dagrun for core_osm_table_generator to None, run_after=None
[2026-02-21T22:54:48.093+0000] {processor.py:208} INFO - Processing /opt/airflow/dags/core_osm_table_generator_dag.py took 1.591 seconds
[2026-02-21T22:55:18.186+0000] {processor.py:186} INFO - Started process (PID=1547) to work on /opt/airflow/dags/core_osm_table_generator_dag.py
[2026-02-21T22:55:18.187+0000] {processor.py:914} INFO - Processing file /opt/airflow/dags/core_osm_table_generator_dag.py for tasks to queue
[2026-02-21T22:55:18.188+0000] {logging_mixin.py:190} INFO - [2026-02-21T22:55:18.188+0000] {dagbag.py:588} INFO - Filling up the DagBag from /opt/airflow/dags/core_osm_table_generator_dag.py
[2026-02-21T22:55:18.705+0000] {processor.py:925} INFO - DAG(s) 'core_osm_table_generator' retrieved from /opt/airflow/dags/core_osm_table_generator_dag.py
[2026-02-21T22:55:19.760+0000] {logging_mixin.py:190} INFO - [2026-02-21T22:55:19.760+0000] {dag.py:3239} INFO - Sync 1 DAGs
[2026-02-21T22:55:19.772+0000] {logging_mixin.py:190} INFO - [2026-02-21T22:55:19.771+0000] {dag.py:4180} INFO - Setting next_dagrun for core_osm_table_generator to None, run_after=None
[2026-02-21T22:55:19.782+0000] {processor.py:208} INFO - Processing /opt/airflow/dags/core_osm_table_generator_dag.py took 1.604 seconds
[2026-02-21T22:55:49.909+0000] {processor.py:186} INFO - Started process (PID=1548) to work on /opt/airflow/dags/core_osm_table_generator_dag.py
[2026-02-21T22:55:49.910+0000] {processor.py:914} INFO - Processing file /opt/airflow/dags/core_osm_table_generator_dag.py for tasks to queue
[2026-02-21T22:55:49.912+0000] {logging_mixin.py:190} INFO - [2026-02-21T22:55:49.911+0000] {dagbag.py:588} INFO - Filling up the DagBag from /opt/airflow/dags/core_osm_table_generator_dag.py
[2026-02-21T22:55:50.396+0000] {processor.py:925} INFO - DAG(s) 'core_osm_table_generator' retrieved from /opt/airflow/dags/core_osm_table_generator_dag.py
[2026-02-21T22:55:51.389+0000] {logging_mixin.py:190} INFO - [2026-02-21T22:55:51.389+0000] {dag.py:3239} INFO - Sync 1 DAGs
[2026-02-21T22:55:51.398+0000] {logging_mixin.py:190} INFO - [2026-02-21T22:55:51.398+0000] {dag.py:4180} INFO - Setting next_dagrun for core_osm_table_generator to None, run_after=None
[2026-02-21T22:55:51.409+0000] {processor.py:208} INFO - Processing /opt/airflow/dags/core_osm_table_generator_dag.py took 1.509 seconds
[2026-02-21T22:56:21.485+0000] {processor.py:186} INFO - Started process (PID=1549) to work on /opt/airflow/dags/core_osm_table_generator_dag.py
[2026-02-21T22:56:21.487+0000] {processor.py:914} INFO - Processing file /opt/airflow/dags/core_osm_table_generator_dag.py for tasks to queue
[2026-02-21T22:56:21.489+0000] {logging_mixin.py:190} INFO - [2026-02-21T22:56:21.488+0000] {dagbag.py:588} INFO - Filling up the DagBag from /opt/airflow/dags/core_osm_table_generator_dag.py
[2026-02-21T22:56:21.995+0000] {processor.py:925} INFO - DAG(s) 'core_osm_table_generator' retrieved from /opt/airflow/dags/core_osm_table_generator_dag.py
[2026-02-21T22:56:23.013+0000] {logging_mixin.py:190} INFO - [2026-02-21T22:56:23.013+0000] {dag.py:3239} INFO - Sync 1 DAGs
[2026-02-21T22:56:23.237+0000] {logging_mixin.py:190} INFO - [2026-02-21T22:56:23.237+0000] {dag.py:4180} INFO - Setting next_dagrun for core_osm_table_generator to None, run_after=None
[2026-02-21T22:56:23.245+0000] {processor.py:208} INFO - Processing /opt/airflow/dags/core_osm_table_generator_dag.py took 1.774 seconds
[2026-02-21T22:56:53.683+0000] {processor.py:186} INFO - Started process (PID=1550) to work on /opt/airflow/dags/core_osm_table_generator_dag.py
[2026-02-21T22:56:53.685+0000] {processor.py:914} INFO - Processing file /opt/airflow/dags/core_osm_table_generator_dag.py for tasks to queue
[2026-02-21T22:56:53.686+0000] {logging_mixin.py:190} INFO - [2026-02-21T22:56:53.686+0000] {dagbag.py:588} INFO - Filling up the DagBag from /opt/airflow/dags/core_osm_table_generator_dag.py
[2026-02-21T22:56:54.164+0000] {processor.py:925} INFO - DAG(s) 'core_osm_table_generator' retrieved from /opt/airflow/dags/core_osm_table_generator_dag.py
[2026-02-21T22:56:55.262+0000] {logging_mixin.py:190} INFO - [2026-02-21T22:56:55.262+0000] {dag.py:3239} INFO - Sync 1 DAGs
[2026-02-21T22:56:55.268+0000] {logging_mixin.py:190} INFO - [2026-02-21T22:56:55.268+0000] {dag.py:4180} INFO - Setting next_dagrun for core_osm_table_generator to None, run_after=None
[2026-02-21T22:56:55.275+0000] {processor.py:208} INFO - Processing /opt/airflow/dags/core_osm_table_generator_dag.py took 1.604 seconds
[2026-02-21T22:57:25.520+0000] {processor.py:186} INFO - Started process (PID=1551) to work on /opt/airflow/dags/core_osm_table_generator_dag.py
[2026-02-21T22:57:25.521+0000] {processor.py:914} INFO - Processing file /opt/airflow/dags/core_osm_table_generator_dag.py for tasks to queue
[2026-02-21T22:57:25.522+0000] {logging_mixin.py:190} INFO - [2026-02-21T22:57:25.522+0000] {dagbag.py:588} INFO - Filling up the DagBag from /opt/airflow/dags/core_osm_table_generator_dag.py
[2026-02-21T22:57:26.014+0000] {processor.py:925} INFO - DAG(s) 'core_osm_table_generator' retrieved from /opt/airflow/dags/core_osm_table_generator_dag.py
[2026-02-21T22:57:27.016+0000] {logging_mixin.py:190} INFO - [2026-02-21T22:57:27.015+0000] {dag.py:3239} INFO - Sync 1 DAGs
[2026-02-21T22:57:27.024+0000] {logging_mixin.py:190} INFO - [2026-02-21T22:57:27.024+0000] {dag.py:4180} INFO - Setting next_dagrun for core_osm_table_generator to None, run_after=None
[2026-02-21T22:57:27.033+0000] {processor.py:208} INFO - Processing /opt/airflow/dags/core_osm_table_generator_dag.py took 1.522 seconds
[2026-02-21T22:57:57.378+0000] {processor.py:186} INFO - Started process (PID=1552) to work on /opt/airflow/dags/core_osm_table_generator_dag.py
[2026-02-21T22:57:57.379+0000] {processor.py:914} INFO - Processing file /opt/airflow/dags/core_osm_table_generator_dag.py for tasks to queue
[2026-02-21T22:57:57.381+0000] {logging_mixin.py:190} INFO - [2026-02-21T22:57:57.380+0000] {dagbag.py:588} INFO - Filling up the DagBag from /opt/airflow/dags/core_osm_table_generator_dag.py
[2026-02-21T22:57:57.862+0000] {processor.py:925} INFO - DAG(s) 'core_osm_table_generator' retrieved from /opt/airflow/dags/core_osm_table_generator_dag.py
[2026-02-21T22:57:58.856+0000] {logging_mixin.py:190} INFO - [2026-02-21T22:57:58.856+0000] {dag.py:3239} INFO - Sync 1 DAGs
[2026-02-21T22:57:58.865+0000] {logging_mixin.py:190} INFO - [2026-02-21T22:57:58.864+0000] {dag.py:4180} INFO - Setting next_dagrun for core_osm_table_generator to None, run_after=None
[2026-02-21T22:57:58.875+0000] {processor.py:208} INFO - Processing /opt/airflow/dags/core_osm_table_generator_dag.py took 1.508 seconds
[2026-02-21T22:58:29.303+0000] {processor.py:186} INFO - Started process (PID=1553) to work on /opt/airflow/dags/core_osm_table_generator_dag.py
[2026-02-21T22:58:29.305+0000] {processor.py:914} INFO - Processing file /opt/airflow/dags/core_osm_table_generator_dag.py for tasks to queue
[2026-02-21T22:58:29.307+0000] {logging_mixin.py:190} INFO - [2026-02-21T22:58:29.307+0000] {dagbag.py:588} INFO - Filling up the DagBag from /opt/airflow/dags/core_osm_table_generator_dag.py
[2026-02-21T22:58:29.794+0000] {processor.py:925} INFO - DAG(s) 'core_osm_table_generator' retrieved from /opt/airflow/dags/core_osm_table_generator_dag.py
[2026-02-21T22:58:30.814+0000] {logging_mixin.py:190} INFO - [2026-02-21T22:58:30.814+0000] {dag.py:3239} INFO - Sync 1 DAGs
[2026-02-21T22:58:31.032+0000] {logging_mixin.py:190} INFO - [2026-02-21T22:58:31.032+0000] {dag.py:4180} INFO - Setting next_dagrun for core_osm_table_generator to None, run_after=None
[2026-02-21T22:58:31.040+0000] {processor.py:208} INFO - Processing /opt/airflow/dags/core_osm_table_generator_dag.py took 1.765 seconds
[2026-02-21T22:59:01.076+0000] {processor.py:186} INFO - Started process (PID=1554) to work on /opt/airflow/dags/core_osm_table_generator_dag.py
[2026-02-21T22:59:01.077+0000] {processor.py:914} INFO - Processing file /opt/airflow/dags/core_osm_table_generator_dag.py for tasks to queue
[2026-02-21T22:59:01.078+0000] {logging_mixin.py:190} INFO - [2026-02-21T22:59:01.078+0000] {dagbag.py:588} INFO - Filling up the DagBag from /opt/airflow/dags/core_osm_table_generator_dag.py
[2026-02-21T22:59:01.554+0000] {processor.py:925} INFO - DAG(s) 'core_osm_table_generator' retrieved from /opt/airflow/dags/core_osm_table_generator_dag.py
[2026-02-21T22:59:02.639+0000] {logging_mixin.py:190} INFO - [2026-02-21T22:59:02.639+0000] {dag.py:3239} INFO - Sync 1 DAGs
[2026-02-21T22:59:02.651+0000] {logging_mixin.py:190} INFO - [2026-02-21T22:59:02.651+0000] {dag.py:4180} INFO - Setting next_dagrun for core_osm_table_generator to None, run_after=None
[2026-02-21T22:59:02.664+0000] {processor.py:208} INFO - Processing /opt/airflow/dags/core_osm_table_generator_dag.py took 1.595 seconds
[2026-02-21T22:59:32.881+0000] {processor.py:186} INFO - Started process (PID=1555) to work on /opt/airflow/dags/core_osm_table_generator_dag.py
[2026-02-21T22:59:32.883+0000] {processor.py:914} INFO - Processing file /opt/airflow/dags/core_osm_table_generator_dag.py for tasks to queue
[2026-02-21T22:59:32.884+0000] {logging_mixin.py:190} INFO - [2026-02-21T22:59:32.884+0000] {dagbag.py:588} INFO - Filling up the DagBag from /opt/airflow/dags/core_osm_table_generator_dag.py
[2026-02-21T22:59:33.399+0000] {processor.py:925} INFO - DAG(s) 'core_osm_table_generator' retrieved from /opt/airflow/dags/core_osm_table_generator_dag.py
[2026-02-21T22:59:34.415+0000] {logging_mixin.py:190} INFO - [2026-02-21T22:59:34.414+0000] {dag.py:3239} INFO - Sync 1 DAGs
[2026-02-21T22:59:34.426+0000] {logging_mixin.py:190} INFO - [2026-02-21T22:59:34.426+0000] {dag.py:4180} INFO - Setting next_dagrun for core_osm_table_generator to None, run_after=None
[2026-02-21T22:59:34.435+0000] {processor.py:208} INFO - Processing /opt/airflow/dags/core_osm_table_generator_dag.py took 1.569 seconds
[2026-02-21T23:00:04.823+0000] {processor.py:186} INFO - Started process (PID=1556) to work on /opt/airflow/dags/core_osm_table_generator_dag.py
[2026-02-21T23:00:04.826+0000] {processor.py:914} INFO - Processing file /opt/airflow/dags/core_osm_table_generator_dag.py for tasks to queue
[2026-02-21T23:00:04.828+0000] {logging_mixin.py:190} INFO - [2026-02-21T23:00:04.827+0000] {dagbag.py:588} INFO - Filling up the DagBag from /opt/airflow/dags/core_osm_table_generator_dag.py
[2026-02-21T23:00:05.367+0000] {processor.py:925} INFO - DAG(s) 'core_osm_table_generator' retrieved from /opt/airflow/dags/core_osm_table_generator_dag.py
[2026-02-21T23:00:06.379+0000] {logging_mixin.py:190} INFO - [2026-02-21T23:00:06.379+0000] {dag.py:3239} INFO - Sync 1 DAGs
[2026-02-21T23:00:06.391+0000] {logging_mixin.py:190} INFO - [2026-02-21T23:00:06.390+0000] {dag.py:4180} INFO - Setting next_dagrun for core_osm_table_generator to None, run_after=None
[2026-02-21T23:00:06.403+0000] {processor.py:208} INFO - Processing /opt/airflow/dags/core_osm_table_generator_dag.py took 1.590 seconds
[2026-02-21T23:00:36.740+0000] {processor.py:186} INFO - Started process (PID=1557) to work on /opt/airflow/dags/core_osm_table_generator_dag.py
[2026-02-21T23:00:36.741+0000] {processor.py:914} INFO - Processing file /opt/airflow/dags/core_osm_table_generator_dag.py for tasks to queue
[2026-02-21T23:00:36.743+0000] {logging_mixin.py:190} INFO - [2026-02-21T23:00:36.742+0000] {dagbag.py:588} INFO - Filling up the DagBag from /opt/airflow/dags/core_osm_table_generator_dag.py
[2026-02-21T23:00:37.216+0000] {processor.py:925} INFO - DAG(s) 'core_osm_table_generator' retrieved from /opt/airflow/dags/core_osm_table_generator_dag.py
[2026-02-21T23:00:38.232+0000] {logging_mixin.py:190} INFO - [2026-02-21T23:00:38.232+0000] {dag.py:3239} INFO - Sync 1 DAGs
[2026-02-21T23:00:38.455+0000] {logging_mixin.py:190} INFO - [2026-02-21T23:00:38.455+0000] {dag.py:4180} INFO - Setting next_dagrun for core_osm_table_generator to None, run_after=None
[2026-02-21T23:00:38.466+0000] {processor.py:208} INFO - Processing /opt/airflow/dags/core_osm_table_generator_dag.py took 1.734 seconds
[2026-02-21T23:01:08.878+0000] {processor.py:186} INFO - Started process (PID=1558) to work on /opt/airflow/dags/core_osm_table_generator_dag.py
[2026-02-21T23:01:08.879+0000] {processor.py:914} INFO - Processing file /opt/airflow/dags/core_osm_table_generator_dag.py for tasks to queue
[2026-02-21T23:01:08.880+0000] {logging_mixin.py:190} INFO - [2026-02-21T23:01:08.880+0000] {dagbag.py:588} INFO - Filling up the DagBag from /opt/airflow/dags/core_osm_table_generator_dag.py
[2026-02-21T23:01:09.375+0000] {processor.py:925} INFO - DAG(s) 'core_osm_table_generator' retrieved from /opt/airflow/dags/core_osm_table_generator_dag.py
[2026-02-21T23:01:10.505+0000] {logging_mixin.py:190} INFO - [2026-02-21T23:01:10.505+0000] {dag.py:3239} INFO - Sync 1 DAGs
[2026-02-21T23:01:10.512+0000] {logging_mixin.py:190} INFO - [2026-02-21T23:01:10.512+0000] {dag.py:4180} INFO - Setting next_dagrun for core_osm_table_generator to None, run_after=None
[2026-02-21T23:01:10.519+0000] {processor.py:208} INFO - Processing /opt/airflow/dags/core_osm_table_generator_dag.py took 1.650 seconds
[2026-02-21T23:01:40.884+0000] {processor.py:186} INFO - Started process (PID=1559) to work on /opt/airflow/dags/core_osm_table_generator_dag.py
[2026-02-21T23:01:40.885+0000] {processor.py:914} INFO - Processing file /opt/airflow/dags/core_osm_table_generator_dag.py for tasks to queue
[2026-02-21T23:01:40.887+0000] {logging_mixin.py:190} INFO - [2026-02-21T23:01:40.886+0000] {dagbag.py:588} INFO - Filling up the DagBag from /opt/airflow/dags/core_osm_table_generator_dag.py
[2026-02-21T23:01:41.404+0000] {processor.py:925} INFO - DAG(s) 'core_osm_table_generator' retrieved from /opt/airflow/dags/core_osm_table_generator_dag.py
[2026-02-21T23:01:42.423+0000] {logging_mixin.py:190} INFO - [2026-02-21T23:01:42.423+0000] {dag.py:3239} INFO - Sync 1 DAGs
[2026-02-21T23:01:42.433+0000] {logging_mixin.py:190} INFO - [2026-02-21T23:01:42.432+0000] {dag.py:4180} INFO - Setting next_dagrun for core_osm_table_generator to None, run_after=None
[2026-02-21T23:01:42.441+0000] {processor.py:208} INFO - Processing /opt/airflow/dags/core_osm_table_generator_dag.py took 1.567 seconds
[2026-02-21T23:02:12.817+0000] {processor.py:186} INFO - Started process (PID=1560) to work on /opt/airflow/dags/core_osm_table_generator_dag.py
[2026-02-21T23:02:12.822+0000] {processor.py:914} INFO - Processing file /opt/airflow/dags/core_osm_table_generator_dag.py for tasks to queue
[2026-02-21T23:02:12.830+0000] {logging_mixin.py:190} INFO - [2026-02-21T23:02:12.827+0000] {dagbag.py:588} INFO - Filling up the DagBag from /opt/airflow/dags/core_osm_table_generator_dag.py
[2026-02-21T23:02:13.333+0000] {processor.py:925} INFO - DAG(s) 'core_osm_table_generator' retrieved from /opt/airflow/dags/core_osm_table_generator_dag.py
[2026-02-21T23:02:14.362+0000] {logging_mixin.py:190} INFO - [2026-02-21T23:02:14.362+0000] {dag.py:3239} INFO - Sync 1 DAGs
[2026-02-21T23:02:14.374+0000] {logging_mixin.py:190} INFO - [2026-02-21T23:02:14.374+0000] {dag.py:4180} INFO - Setting next_dagrun for core_osm_table_generator to None, run_after=None
[2026-02-21T23:02:14.386+0000] {processor.py:208} INFO - Processing /opt/airflow/dags/core_osm_table_generator_dag.py took 1.578 seconds
[2026-02-21T23:02:44.815+0000] {processor.py:186} INFO - Started process (PID=1561) to work on /opt/airflow/dags/core_osm_table_generator_dag.py
[2026-02-21T23:02:44.816+0000] {processor.py:914} INFO - Processing file /opt/airflow/dags/core_osm_table_generator_dag.py for tasks to queue
[2026-02-21T23:02:44.817+0000] {logging_mixin.py:190} INFO - [2026-02-21T23:02:44.817+0000] {dagbag.py:588} INFO - Filling up the DagBag from /opt/airflow/dags/core_osm_table_generator_dag.py
[2026-02-21T23:02:45.283+0000] {processor.py:925} INFO - DAG(s) 'core_osm_table_generator' retrieved from /opt/airflow/dags/core_osm_table_generator_dag.py
[2026-02-21T23:02:46.277+0000] {logging_mixin.py:190} INFO - [2026-02-21T23:02:46.277+0000] {dag.py:3239} INFO - Sync 1 DAGs
[2026-02-21T23:02:46.478+0000] {logging_mixin.py:190} INFO - [2026-02-21T23:02:46.478+0000] {dag.py:4180} INFO - Setting next_dagrun for core_osm_table_generator to None, run_after=None
[2026-02-21T23:02:46.486+0000] {processor.py:208} INFO - Processing /opt/airflow/dags/core_osm_table_generator_dag.py took 1.679 seconds
[2026-02-21T23:03:16.595+0000] {processor.py:186} INFO - Started process (PID=1562) to work on /opt/airflow/dags/core_osm_table_generator_dag.py
[2026-02-21T23:03:16.597+0000] {processor.py:914} INFO - Processing file /opt/airflow/dags/core_osm_table_generator_dag.py for tasks to queue
[2026-02-21T23:03:16.599+0000] {logging_mixin.py:190} INFO - [2026-02-21T23:03:16.599+0000] {dagbag.py:588} INFO - Filling up the DagBag from /opt/airflow/dags/core_osm_table_generator_dag.py
[2026-02-21T23:03:17.128+0000] {processor.py:925} INFO - DAG(s) 'core_osm_table_generator' retrieved from /opt/airflow/dags/core_osm_table_generator_dag.py
[2026-02-21T23:03:18.334+0000] {logging_mixin.py:190} INFO - [2026-02-21T23:03:18.334+0000] {dag.py:3239} INFO - Sync 1 DAGs
[2026-02-21T23:03:18.342+0000] {logging_mixin.py:190} INFO - [2026-02-21T23:03:18.342+0000] {dag.py:4180} INFO - Setting next_dagrun for core_osm_table_generator to None, run_after=None
[2026-02-21T23:03:18.349+0000] {processor.py:208} INFO - Processing /opt/airflow/dags/core_osm_table_generator_dag.py took 1.770 seconds
[2026-02-21T23:03:48.767+0000] {processor.py:186} INFO - Started process (PID=1563) to work on /opt/airflow/dags/core_osm_table_generator_dag.py
[2026-02-21T23:03:48.769+0000] {processor.py:914} INFO - Processing file /opt/airflow/dags/core_osm_table_generator_dag.py for tasks to queue
[2026-02-21T23:03:48.770+0000] {logging_mixin.py:190} INFO - [2026-02-21T23:03:48.770+0000] {dagbag.py:588} INFO - Filling up the DagBag from /opt/airflow/dags/core_osm_table_generator_dag.py
[2026-02-21T23:03:49.253+0000] {processor.py:925} INFO - DAG(s) 'core_osm_table_generator' retrieved from /opt/airflow/dags/core_osm_table_generator_dag.py
[2026-02-21T23:03:50.243+0000] {logging_mixin.py:190} INFO - [2026-02-21T23:03:50.243+0000] {dag.py:3239} INFO - Sync 1 DAGs
[2026-02-21T23:03:50.250+0000] {logging_mixin.py:190} INFO - [2026-02-21T23:03:50.250+0000] {dag.py:4180} INFO - Setting next_dagrun for core_osm_table_generator to None, run_after=None
[2026-02-21T23:03:50.258+0000] {processor.py:208} INFO - Processing /opt/airflow/dags/core_osm_table_generator_dag.py took 1.502 seconds
[2026-02-21T23:04:20.709+0000] {processor.py:186} INFO - Started process (PID=1564) to work on /opt/airflow/dags/core_osm_table_generator_dag.py
[2026-02-21T23:04:20.711+0000] {processor.py:914} INFO - Processing file /opt/airflow/dags/core_osm_table_generator_dag.py for tasks to queue
[2026-02-21T23:04:20.713+0000] {logging_mixin.py:190} INFO - [2026-02-21T23:04:20.713+0000] {dagbag.py:588} INFO - Filling up the DagBag from /opt/airflow/dags/core_osm_table_generator_dag.py
[2026-02-21T23:04:21.229+0000] {processor.py:925} INFO - DAG(s) 'core_osm_table_generator' retrieved from /opt/airflow/dags/core_osm_table_generator_dag.py
[2026-02-21T23:04:22.237+0000] {logging_mixin.py:190} INFO - [2026-02-21T23:04:22.237+0000] {dag.py:3239} INFO - Sync 1 DAGs
[2026-02-21T23:04:22.248+0000] {logging_mixin.py:190} INFO - [2026-02-21T23:04:22.248+0000] {dag.py:4180} INFO - Setting next_dagrun for core_osm_table_generator to None, run_after=None
[2026-02-21T23:04:22.262+0000] {processor.py:208} INFO - Processing /opt/airflow/dags/core_osm_table_generator_dag.py took 1.565 seconds
[2026-02-21T23:04:52.649+0000] {processor.py:186} INFO - Started process (PID=1565) to work on /opt/airflow/dags/core_osm_table_generator_dag.py
[2026-02-21T23:04:52.650+0000] {processor.py:914} INFO - Processing file /opt/airflow/dags/core_osm_table_generator_dag.py for tasks to queue
[2026-02-21T23:04:52.651+0000] {logging_mixin.py:190} INFO - [2026-02-21T23:04:52.651+0000] {dagbag.py:588} INFO - Filling up the DagBag from /opt/airflow/dags/core_osm_table_generator_dag.py
[2026-02-21T23:04:53.120+0000] {processor.py:925} INFO - DAG(s) 'core_osm_table_generator' retrieved from /opt/airflow/dags/core_osm_table_generator_dag.py
[2026-02-21T23:04:54.110+0000] {logging_mixin.py:190} INFO - [2026-02-21T23:04:54.110+0000] {dag.py:3239} INFO - Sync 1 DAGs
[2026-02-21T23:04:54.318+0000] {logging_mixin.py:190} INFO - [2026-02-21T23:04:54.318+0000] {dag.py:4180} INFO - Setting next_dagrun for core_osm_table_generator to None, run_after=None
[2026-02-21T23:04:54.326+0000] {processor.py:208} INFO - Processing /opt/airflow/dags/core_osm_table_generator_dag.py took 1.686 seconds
[2026-02-21T23:05:24.456+0000] {processor.py:186} INFO - Started process (PID=1566) to work on /opt/airflow/dags/core_osm_table_generator_dag.py
[2026-02-21T23:05:24.459+0000] {processor.py:914} INFO - Processing file /opt/airflow/dags/core_osm_table_generator_dag.py for tasks to queue
[2026-02-21T23:05:24.460+0000] {logging_mixin.py:190} INFO - [2026-02-21T23:05:24.460+0000] {dagbag.py:588} INFO - Filling up the DagBag from /opt/airflow/dags/core_osm_table_generator_dag.py
[2026-02-21T23:05:24.977+0000] {processor.py:925} INFO - DAG(s) 'core_osm_table_generator' retrieved from /opt/airflow/dags/core_osm_table_generator_dag.py
[2026-02-21T23:05:26.224+0000] {logging_mixin.py:190} INFO - [2026-02-21T23:05:26.224+0000] {dag.py:3239} INFO - Sync 1 DAGs
[2026-02-21T23:05:26.232+0000] {logging_mixin.py:190} INFO - [2026-02-21T23:05:26.232+0000] {dag.py:4180} INFO - Setting next_dagrun for core_osm_table_generator to None, run_after=None
[2026-02-21T23:05:26.239+0000] {processor.py:208} INFO - Processing /opt/airflow/dags/core_osm_table_generator_dag.py took 1.795 seconds
[2026-02-21T23:05:56.611+0000] {processor.py:186} INFO - Started process (PID=1567) to work on /opt/airflow/dags/core_osm_table_generator_dag.py
[2026-02-21T23:05:56.612+0000] {processor.py:914} INFO - Processing file /opt/airflow/dags/core_osm_table_generator_dag.py for tasks to queue
[2026-02-21T23:05:56.613+0000] {logging_mixin.py:190} INFO - [2026-02-21T23:05:56.612+0000] {dagbag.py:588} INFO - Filling up the DagBag from /opt/airflow/dags/core_osm_table_generator_dag.py
[2026-02-21T23:05:57.081+0000] {processor.py:925} INFO - DAG(s) 'core_osm_table_generator' retrieved from /opt/airflow/dags/core_osm_table_generator_dag.py
[2026-02-21T23:05:58.074+0000] {logging_mixin.py:190} INFO - [2026-02-21T23:05:58.074+0000] {dag.py:3239} INFO - Sync 1 DAGs
[2026-02-21T23:05:58.080+0000] {logging_mixin.py:190} INFO - [2026-02-21T23:05:58.080+0000] {dag.py:4180} INFO - Setting next_dagrun for core_osm_table_generator to None, run_after=None
[2026-02-21T23:05:58.086+0000] {processor.py:208} INFO - Processing /opt/airflow/dags/core_osm_table_generator_dag.py took 1.482 seconds
[2026-02-21T23:06:28.480+0000] {processor.py:186} INFO - Started process (PID=1568) to work on /opt/airflow/dags/core_osm_table_generator_dag.py
[2026-02-21T23:06:28.481+0000] {processor.py:914} INFO - Processing file /opt/airflow/dags/core_osm_table_generator_dag.py for tasks to queue
[2026-02-21T23:06:28.483+0000] {logging_mixin.py:190} INFO - [2026-02-21T23:06:28.483+0000] {dagbag.py:588} INFO - Filling up the DagBag from /opt/airflow/dags/core_osm_table_generator_dag.py
[2026-02-21T23:06:29.005+0000] {processor.py:925} INFO - DAG(s) 'core_osm_table_generator' retrieved from /opt/airflow/dags/core_osm_table_generator_dag.py
[2026-02-21T23:06:30.046+0000] {logging_mixin.py:190} INFO - [2026-02-21T23:06:30.046+0000] {dag.py:3239} INFO - Sync 1 DAGs
[2026-02-21T23:06:30.058+0000] {logging_mixin.py:190} INFO - [2026-02-21T23:06:30.058+0000] {dag.py:4180} INFO - Setting next_dagrun for core_osm_table_generator to None, run_after=None
[2026-02-21T23:06:30.070+0000] {processor.py:208} INFO - Processing /opt/airflow/dags/core_osm_table_generator_dag.py took 1.604 seconds
[2026-02-21T23:07:00.492+0000] {processor.py:186} INFO - Started process (PID=1569) to work on /opt/airflow/dags/core_osm_table_generator_dag.py
[2026-02-21T23:07:00.494+0000] {processor.py:914} INFO - Processing file /opt/airflow/dags/core_osm_table_generator_dag.py for tasks to queue
[2026-02-21T23:07:00.495+0000] {logging_mixin.py:190} INFO - [2026-02-21T23:07:00.495+0000] {dagbag.py:588} INFO - Filling up the DagBag from /opt/airflow/dags/core_osm_table_generator_dag.py
[2026-02-21T23:07:00.967+0000] {processor.py:925} INFO - DAG(s) 'core_osm_table_generator' retrieved from /opt/airflow/dags/core_osm_table_generator_dag.py
[2026-02-21T23:07:01.966+0000] {logging_mixin.py:190} INFO - [2026-02-21T23:07:01.966+0000] {dag.py:3239} INFO - Sync 1 DAGs
[2026-02-21T23:07:02.190+0000] {logging_mixin.py:190} INFO - [2026-02-21T23:07:02.190+0000] {dag.py:4180} INFO - Setting next_dagrun for core_osm_table_generator to None, run_after=None
[2026-02-21T23:07:02.199+0000] {processor.py:208} INFO - Processing /opt/airflow/dags/core_osm_table_generator_dag.py took 1.717 seconds
[2026-02-21T23:07:32.540+0000] {processor.py:186} INFO - Started process (PID=1570) to work on /opt/airflow/dags/core_osm_table_generator_dag.py
[2026-02-21T23:07:32.543+0000] {processor.py:914} INFO - Processing file /opt/airflow/dags/core_osm_table_generator_dag.py for tasks to queue
[2026-02-21T23:07:32.545+0000] {logging_mixin.py:190} INFO - [2026-02-21T23:07:32.544+0000] {dagbag.py:588} INFO - Filling up the DagBag from /opt/airflow/dags/core_osm_table_generator_dag.py
[2026-02-21T23:07:33.036+0000] {processor.py:925} INFO - DAG(s) 'core_osm_table_generator' retrieved from /opt/airflow/dags/core_osm_table_generator_dag.py
[2026-02-21T23:07:34.253+0000] {logging_mixin.py:190} INFO - [2026-02-21T23:07:34.253+0000] {dag.py:3239} INFO - Sync 1 DAGs
[2026-02-21T23:07:34.260+0000] {logging_mixin.py:190} INFO - [2026-02-21T23:07:34.260+0000] {dag.py:4180} INFO - Setting next_dagrun for core_osm_table_generator to None, run_after=None
[2026-02-21T23:07:34.267+0000] {processor.py:208} INFO - Processing /opt/airflow/dags/core_osm_table_generator_dag.py took 1.737 seconds
[2026-02-21T23:08:04.632+0000] {processor.py:186} INFO - Started process (PID=1571) to work on /opt/airflow/dags/core_osm_table_generator_dag.py
[2026-02-21T23:08:04.633+0000] {processor.py:914} INFO - Processing file /opt/airflow/dags/core_osm_table_generator_dag.py for tasks to queue
[2026-02-21T23:08:04.635+0000] {logging_mixin.py:190} INFO - [2026-02-21T23:08:04.634+0000] {dagbag.py:588} INFO - Filling up the DagBag from /opt/airflow/dags/core_osm_table_generator_dag.py
[2026-02-21T23:08:05.111+0000] {processor.py:925} INFO - DAG(s) 'core_osm_table_generator' retrieved from /opt/airflow/dags/core_osm_table_generator_dag.py
[2026-02-21T23:08:06.108+0000] {logging_mixin.py:190} INFO - [2026-02-21T23:08:06.107+0000] {dag.py:3239} INFO - Sync 1 DAGs
[2026-02-21T23:08:06.115+0000] {logging_mixin.py:190} INFO - [2026-02-21T23:08:06.115+0000] {dag.py:4180} INFO - Setting next_dagrun for core_osm_table_generator to None, run_after=None
[2026-02-21T23:08:06.122+0000] {processor.py:208} INFO - Processing /opt/airflow/dags/core_osm_table_generator_dag.py took 1.496 seconds
[2026-02-21T23:08:36.450+0000] {processor.py:186} INFO - Started process (PID=1572) to work on /opt/airflow/dags/core_osm_table_generator_dag.py
[2026-02-21T23:08:36.452+0000] {processor.py:914} INFO - Processing file /opt/airflow/dags/core_osm_table_generator_dag.py for tasks to queue
[2026-02-21T23:08:36.454+0000] {logging_mixin.py:190} INFO - [2026-02-21T23:08:36.454+0000] {dagbag.py:588} INFO - Filling up the DagBag from /opt/airflow/dags/core_osm_table_generator_dag.py
[2026-02-21T23:08:36.973+0000] {processor.py:925} INFO - DAG(s) 'core_osm_table_generator' retrieved from /opt/airflow/dags/core_osm_table_generator_dag.py
[2026-02-21T23:08:38.010+0000] {logging_mixin.py:190} INFO - [2026-02-21T23:08:38.010+0000] {dag.py:3239} INFO - Sync 1 DAGs
[2026-02-21T23:08:38.022+0000] {logging_mixin.py:190} INFO - [2026-02-21T23:08:38.022+0000] {dag.py:4180} INFO - Setting next_dagrun for core_osm_table_generator to None, run_after=None
[2026-02-21T23:08:38.035+0000] {processor.py:208} INFO - Processing /opt/airflow/dags/core_osm_table_generator_dag.py took 1.619 seconds
[2026-02-21T23:09:09.043+0000] {processor.py:186} INFO - Started process (PID=1573) to work on /opt/airflow/dags/core_osm_table_generator_dag.py
[2026-02-21T23:09:09.052+0000] {processor.py:914} INFO - Processing file /opt/airflow/dags/core_osm_table_generator_dag.py for tasks to queue
[2026-02-21T23:09:09.054+0000] {logging_mixin.py:190} INFO - [2026-02-21T23:09:09.053+0000] {dagbag.py:588} INFO - Filling up the DagBag from /opt/airflow/dags/core_osm_table_generator_dag.py
[2026-02-21T23:09:09.565+0000] {processor.py:925} INFO - DAG(s) 'core_osm_table_generator' retrieved from /opt/airflow/dags/core_osm_table_generator_dag.py
[2026-02-21T23:09:10.593+0000] {logging_mixin.py:190} INFO - [2026-02-21T23:09:10.592+0000] {dag.py:3239} INFO - Sync 1 DAGs
[2026-02-21T23:09:10.807+0000] {logging_mixin.py:190} INFO - [2026-02-21T23:09:10.807+0000] {dag.py:4180} INFO - Setting next_dagrun for core_osm_table_generator to None, run_after=None
[2026-02-21T23:09:10.817+0000] {processor.py:208} INFO - Processing /opt/airflow/dags/core_osm_table_generator_dag.py took 1.788 seconds
[2026-02-21T23:09:41.272+0000] {processor.py:186} INFO - Started process (PID=1574) to work on /opt/airflow/dags/core_osm_table_generator_dag.py
[2026-02-21T23:09:41.273+0000] {processor.py:914} INFO - Processing file /opt/airflow/dags/core_osm_table_generator_dag.py for tasks to queue
[2026-02-21T23:09:41.275+0000] {logging_mixin.py:190} INFO - [2026-02-21T23:09:41.275+0000] {dagbag.py:588} INFO - Filling up the DagBag from /opt/airflow/dags/core_osm_table_generator_dag.py
[2026-02-21T23:09:41.747+0000] {processor.py:925} INFO - DAG(s) 'core_osm_table_generator' retrieved from /opt/airflow/dags/core_osm_table_generator_dag.py
[2026-02-21T23:09:42.822+0000] {logging_mixin.py:190} INFO - [2026-02-21T23:09:42.821+0000] {dag.py:3239} INFO - Sync 1 DAGs
[2026-02-21T23:09:42.828+0000] {logging_mixin.py:190} INFO - [2026-02-21T23:09:42.828+0000] {dag.py:4180} INFO - Setting next_dagrun for core_osm_table_generator to None, run_after=None
[2026-02-21T23:09:42.835+0000] {processor.py:208} INFO - Processing /opt/airflow/dags/core_osm_table_generator_dag.py took 1.573 seconds
[2026-02-21T23:10:13.226+0000] {processor.py:186} INFO - Started process (PID=1575) to work on /opt/airflow/dags/core_osm_table_generator_dag.py
[2026-02-21T23:10:13.229+0000] {processor.py:914} INFO - Processing file /opt/airflow/dags/core_osm_table_generator_dag.py for tasks to queue
[2026-02-21T23:10:13.231+0000] {logging_mixin.py:190} INFO - [2026-02-21T23:10:13.230+0000] {dagbag.py:588} INFO - Filling up the DagBag from /opt/airflow/dags/core_osm_table_generator_dag.py
[2026-02-21T23:10:13.767+0000] {processor.py:925} INFO - DAG(s) 'core_osm_table_generator' retrieved from /opt/airflow/dags/core_osm_table_generator_dag.py
[2026-02-21T23:10:14.791+0000] {logging_mixin.py:190} INFO - [2026-02-21T23:10:14.791+0000] {dag.py:3239} INFO - Sync 1 DAGs
[2026-02-21T23:10:14.803+0000] {logging_mixin.py:190} INFO - [2026-02-21T23:10:14.803+0000] {dag.py:4180} INFO - Setting next_dagrun for core_osm_table_generator to None, run_after=None
[2026-02-21T23:10:14.812+0000] {processor.py:208} INFO - Processing /opt/airflow/dags/core_osm_table_generator_dag.py took 1.601 seconds
[2026-02-21T23:10:45.140+0000] {processor.py:186} INFO - Started process (PID=1576) to work on /opt/airflow/dags/core_osm_table_generator_dag.py
[2026-02-21T23:10:45.141+0000] {processor.py:914} INFO - Processing file /opt/airflow/dags/core_osm_table_generator_dag.py for tasks to queue
[2026-02-21T23:10:45.143+0000] {logging_mixin.py:190} INFO - [2026-02-21T23:10:45.142+0000] {dagbag.py:588} INFO - Filling up the DagBag from /opt/airflow/dags/core_osm_table_generator_dag.py
[2026-02-21T23:10:45.613+0000] {processor.py:925} INFO - DAG(s) 'core_osm_table_generator' retrieved from /opt/airflow/dags/core_osm_table_generator_dag.py
[2026-02-21T23:10:46.625+0000] {logging_mixin.py:190} INFO - [2026-02-21T23:10:46.625+0000] {dag.py:3239} INFO - Sync 1 DAGs
[2026-02-21T23:10:46.633+0000] {logging_mixin.py:190} INFO - [2026-02-21T23:10:46.633+0000] {dag.py:4180} INFO - Setting next_dagrun for core_osm_table_generator to None, run_after=None
[2026-02-21T23:10:46.643+0000] {processor.py:208} INFO - Processing /opt/airflow/dags/core_osm_table_generator_dag.py took 1.512 seconds
[2026-02-21T23:11:17.038+0000] {processor.py:186} INFO - Started process (PID=1577) to work on /opt/airflow/dags/core_osm_table_generator_dag.py
[2026-02-21T23:11:17.041+0000] {processor.py:914} INFO - Processing file /opt/airflow/dags/core_osm_table_generator_dag.py for tasks to queue
[2026-02-21T23:11:17.043+0000] {logging_mixin.py:190} INFO - [2026-02-21T23:11:17.043+0000] {dagbag.py:588} INFO - Filling up the DagBag from /opt/airflow/dags/core_osm_table_generator_dag.py
[2026-02-21T23:11:17.562+0000] {processor.py:925} INFO - DAG(s) 'core_osm_table_generator' retrieved from /opt/airflow/dags/core_osm_table_generator_dag.py
[2026-02-21T23:11:18.577+0000] {logging_mixin.py:190} INFO - [2026-02-21T23:11:18.576+0000] {dag.py:3239} INFO - Sync 1 DAGs
[2026-02-21T23:11:18.794+0000] {logging_mixin.py:190} INFO - [2026-02-21T23:11:18.794+0000] {dag.py:4180} INFO - Setting next_dagrun for core_osm_table_generator to None, run_after=None
[2026-02-21T23:11:18.802+0000] {processor.py:208} INFO - Processing /opt/airflow/dags/core_osm_table_generator_dag.py took 1.786 seconds
[2026-02-21T23:11:48.981+0000] {processor.py:186} INFO - Started process (PID=1578) to work on /opt/airflow/dags/core_osm_table_generator_dag.py
[2026-02-21T23:11:48.983+0000] {processor.py:914} INFO - Processing file /opt/airflow/dags/core_osm_table_generator_dag.py for tasks to queue
[2026-02-21T23:11:48.985+0000] {logging_mixin.py:190} INFO - [2026-02-21T23:11:48.985+0000] {dagbag.py:588} INFO - Filling up the DagBag from /opt/airflow/dags/core_osm_table_generator_dag.py
[2026-02-21T23:11:49.466+0000] {processor.py:925} INFO - DAG(s) 'core_osm_table_generator' retrieved from /opt/airflow/dags/core_osm_table_generator_dag.py
[2026-02-21T23:11:50.587+0000] {logging_mixin.py:190} INFO - [2026-02-21T23:11:50.586+0000] {dag.py:3239} INFO - Sync 1 DAGs
[2026-02-21T23:11:50.593+0000] {logging_mixin.py:190} INFO - [2026-02-21T23:11:50.593+0000] {dag.py:4180} INFO - Setting next_dagrun for core_osm_table_generator to None, run_after=None
[2026-02-21T23:11:50.600+0000] {processor.py:208} INFO - Processing /opt/airflow/dags/core_osm_table_generator_dag.py took 1.631 seconds
[2026-02-21T23:12:20.988+0000] {processor.py:186} INFO - Started process (PID=1579) to work on /opt/airflow/dags/core_osm_table_generator_dag.py
[2026-02-21T23:12:20.990+0000] {processor.py:914} INFO - Processing file /opt/airflow/dags/core_osm_table_generator_dag.py for tasks to queue
[2026-02-21T23:12:20.992+0000] {logging_mixin.py:190} INFO - [2026-02-21T23:12:20.991+0000] {dagbag.py:588} INFO - Filling up the DagBag from /opt/airflow/dags/core_osm_table_generator_dag.py
[2026-02-21T23:12:21.489+0000] {processor.py:925} INFO - DAG(s) 'core_osm_table_generator' retrieved from /opt/airflow/dags/core_osm_table_generator_dag.py
[2026-02-21T23:12:22.507+0000] {logging_mixin.py:190} INFO - [2026-02-21T23:12:22.507+0000] {dag.py:3239} INFO - Sync 1 DAGs
[2026-02-21T23:12:22.518+0000] {logging_mixin.py:190} INFO - [2026-02-21T23:12:22.517+0000] {dag.py:4180} INFO - Setting next_dagrun for core_osm_table_generator to None, run_after=None
[2026-02-21T23:12:22.526+0000] {processor.py:208} INFO - Processing /opt/airflow/dags/core_osm_table_generator_dag.py took 1.549 seconds
[2026-02-21T23:12:52.889+0000] {processor.py:186} INFO - Started process (PID=1580) to work on /opt/airflow/dags/core_osm_table_generator_dag.py
[2026-02-21T23:12:52.891+0000] {processor.py:914} INFO - Processing file /opt/airflow/dags/core_osm_table_generator_dag.py for tasks to queue
[2026-02-21T23:12:52.892+0000] {logging_mixin.py:190} INFO - [2026-02-21T23:12:52.892+0000] {dagbag.py:588} INFO - Filling up the DagBag from /opt/airflow/dags/core_osm_table_generator_dag.py
[2026-02-21T23:12:53.364+0000] {processor.py:925} INFO - DAG(s) 'core_osm_table_generator' retrieved from /opt/airflow/dags/core_osm_table_generator_dag.py
[2026-02-21T23:12:54.366+0000] {logging_mixin.py:190} INFO - [2026-02-21T23:12:54.366+0000] {dag.py:3239} INFO - Sync 1 DAGs
[2026-02-21T23:12:54.373+0000] {logging_mixin.py:190} INFO - [2026-02-21T23:12:54.373+0000] {dag.py:4180} INFO - Setting next_dagrun for core_osm_table_generator to None, run_after=None
[2026-02-21T23:12:54.384+0000] {processor.py:208} INFO - Processing /opt/airflow/dags/core_osm_table_generator_dag.py took 1.502 seconds
[2026-02-21T23:13:24.802+0000] {processor.py:186} INFO - Started process (PID=1581) to work on /opt/airflow/dags/core_osm_table_generator_dag.py
[2026-02-21T23:13:24.806+0000] {processor.py:914} INFO - Processing file /opt/airflow/dags/core_osm_table_generator_dag.py for tasks to queue
[2026-02-21T23:13:24.809+0000] {logging_mixin.py:190} INFO - [2026-02-21T23:13:24.808+0000] {dagbag.py:588} INFO - Filling up the DagBag from /opt/airflow/dags/core_osm_table_generator_dag.py
[2026-02-21T23:13:25.321+0000] {processor.py:925} INFO - DAG(s) 'core_osm_table_generator' retrieved from /opt/airflow/dags/core_osm_table_generator_dag.py
[2026-02-21T23:13:26.337+0000] {logging_mixin.py:190} INFO - [2026-02-21T23:13:26.337+0000] {dag.py:3239} INFO - Sync 1 DAGs
[2026-02-21T23:13:26.554+0000] {logging_mixin.py:190} INFO - [2026-02-21T23:13:26.554+0000] {dag.py:4180} INFO - Setting next_dagrun for core_osm_table_generator to None, run_after=None
[2026-02-21T23:13:26.562+0000] {processor.py:208} INFO - Processing /opt/airflow/dags/core_osm_table_generator_dag.py took 1.784 seconds
[2026-02-21T23:13:56.636+0000] {processor.py:186} INFO - Started process (PID=1582) to work on /opt/airflow/dags/core_osm_table_generator_dag.py
[2026-02-21T23:13:56.638+0000] {processor.py:914} INFO - Processing file /opt/airflow/dags/core_osm_table_generator_dag.py for tasks to queue
[2026-02-21T23:13:56.640+0000] {logging_mixin.py:190} INFO - [2026-02-21T23:13:56.639+0000] {dagbag.py:588} INFO - Filling up the DagBag from /opt/airflow/dags/core_osm_table_generator_dag.py
[2026-02-21T23:13:57.128+0000] {processor.py:925} INFO - DAG(s) 'core_osm_table_generator' retrieved from /opt/airflow/dags/core_osm_table_generator_dag.py
[2026-02-21T23:13:58.238+0000] {logging_mixin.py:190} INFO - [2026-02-21T23:13:58.238+0000] {dag.py:3239} INFO - Sync 1 DAGs
[2026-02-21T23:13:58.245+0000] {logging_mixin.py:190} INFO - [2026-02-21T23:13:58.245+0000] {dag.py:4180} INFO - Setting next_dagrun for core_osm_table_generator to None, run_after=None
[2026-02-21T23:13:58.252+0000] {processor.py:208} INFO - Processing /opt/airflow/dags/core_osm_table_generator_dag.py took 1.629 seconds
[2026-02-21T23:14:28.580+0000] {processor.py:186} INFO - Started process (PID=1583) to work on /opt/airflow/dags/core_osm_table_generator_dag.py
[2026-02-21T23:14:28.583+0000] {processor.py:914} INFO - Processing file /opt/airflow/dags/core_osm_table_generator_dag.py for tasks to queue
[2026-02-21T23:14:28.584+0000] {logging_mixin.py:190} INFO - [2026-02-21T23:14:28.584+0000] {dagbag.py:588} INFO - Filling up the DagBag from /opt/airflow/dags/core_osm_table_generator_dag.py
[2026-02-21T23:14:29.087+0000] {processor.py:925} INFO - DAG(s) 'core_osm_table_generator' retrieved from /opt/airflow/dags/core_osm_table_generator_dag.py
[2026-02-21T23:14:30.100+0000] {logging_mixin.py:190} INFO - [2026-02-21T23:14:30.100+0000] {dag.py:3239} INFO - Sync 1 DAGs
[2026-02-21T23:14:30.111+0000] {logging_mixin.py:190} INFO - [2026-02-21T23:14:30.110+0000] {dag.py:4180} INFO - Setting next_dagrun for core_osm_table_generator to None, run_after=None
[2026-02-21T23:14:30.119+0000] {processor.py:208} INFO - Processing /opt/airflow/dags/core_osm_table_generator_dag.py took 1.550 seconds
[2026-02-21T23:15:00.520+0000] {processor.py:186} INFO - Started process (PID=1584) to work on /opt/airflow/dags/core_osm_table_generator_dag.py
[2026-02-21T23:15:00.521+0000] {processor.py:914} INFO - Processing file /opt/airflow/dags/core_osm_table_generator_dag.py for tasks to queue
[2026-02-21T23:15:00.523+0000] {logging_mixin.py:190} INFO - [2026-02-21T23:15:00.522+0000] {dagbag.py:588} INFO - Filling up the DagBag from /opt/airflow/dags/core_osm_table_generator_dag.py
[2026-02-21T23:15:01.001+0000] {processor.py:925} INFO - DAG(s) 'core_osm_table_generator' retrieved from /opt/airflow/dags/core_osm_table_generator_dag.py
[2026-02-21T23:15:02.003+0000] {logging_mixin.py:190} INFO - [2026-02-21T23:15:02.002+0000] {dag.py:3239} INFO - Sync 1 DAGs
[2026-02-21T23:15:02.009+0000] {logging_mixin.py:190} INFO - [2026-02-21T23:15:02.009+0000] {dag.py:4180} INFO - Setting next_dagrun for core_osm_table_generator to None, run_after=None
[2026-02-21T23:15:02.021+0000] {processor.py:208} INFO - Processing /opt/airflow/dags/core_osm_table_generator_dag.py took 1.512 seconds
[2026-02-21T23:15:32.306+0000] {processor.py:186} INFO - Started process (PID=1585) to work on /opt/airflow/dags/core_osm_table_generator_dag.py
[2026-02-21T23:15:32.309+0000] {processor.py:914} INFO - Processing file /opt/airflow/dags/core_osm_table_generator_dag.py for tasks to queue
[2026-02-21T23:15:32.311+0000] {logging_mixin.py:190} INFO - [2026-02-21T23:15:32.310+0000] {dagbag.py:588} INFO - Filling up the DagBag from /opt/airflow/dags/core_osm_table_generator_dag.py
[2026-02-21T23:15:32.820+0000] {processor.py:925} INFO - DAG(s) 'core_osm_table_generator' retrieved from /opt/airflow/dags/core_osm_table_generator_dag.py
[2026-02-21T23:15:33.844+0000] {logging_mixin.py:190} INFO - [2026-02-21T23:15:33.844+0000] {dag.py:3239} INFO - Sync 1 DAGs
[2026-02-21T23:15:34.079+0000] {logging_mixin.py:190} INFO - [2026-02-21T23:15:34.078+0000] {dag.py:4180} INFO - Setting next_dagrun for core_osm_table_generator to None, run_after=None
[2026-02-21T23:15:34.086+0000] {processor.py:208} INFO - Processing /opt/airflow/dags/core_osm_table_generator_dag.py took 1.788 seconds
[2026-02-21T23:16:04.496+0000] {processor.py:186} INFO - Started process (PID=1586) to work on /opt/airflow/dags/core_osm_table_generator_dag.py
[2026-02-21T23:16:04.497+0000] {processor.py:914} INFO - Processing file /opt/airflow/dags/core_osm_table_generator_dag.py for tasks to queue
[2026-02-21T23:16:04.498+0000] {logging_mixin.py:190} INFO - [2026-02-21T23:16:04.497+0000] {dagbag.py:588} INFO - Filling up the DagBag from /opt/airflow/dags/core_osm_table_generator_dag.py
[2026-02-21T23:16:04.969+0000] {processor.py:925} INFO - DAG(s) 'core_osm_table_generator' retrieved from /opt/airflow/dags/core_osm_table_generator_dag.py
[2026-02-21T23:16:06.045+0000] {logging_mixin.py:190} INFO - [2026-02-21T23:16:06.045+0000] {dag.py:3239} INFO - Sync 1 DAGs
[2026-02-21T23:16:06.052+0000] {logging_mixin.py:190} INFO - [2026-02-21T23:16:06.052+0000] {dag.py:4180} INFO - Setting next_dagrun for core_osm_table_generator to None, run_after=None
[2026-02-21T23:16:06.063+0000] {processor.py:208} INFO - Processing /opt/airflow/dags/core_osm_table_generator_dag.py took 1.574 seconds
[2026-02-21T23:16:36.134+0000] {processor.py:186} INFO - Started process (PID=1587) to work on /opt/airflow/dags/core_osm_table_generator_dag.py
[2026-02-21T23:16:36.135+0000] {processor.py:914} INFO - Processing file /opt/airflow/dags/core_osm_table_generator_dag.py for tasks to queue
[2026-02-21T23:16:36.137+0000] {logging_mixin.py:190} INFO - [2026-02-21T23:16:36.136+0000] {dagbag.py:588} INFO - Filling up the DagBag from /opt/airflow/dags/core_osm_table_generator_dag.py
[2026-02-21T23:16:36.659+0000] {processor.py:925} INFO - DAG(s) 'core_osm_table_generator' retrieved from /opt/airflow/dags/core_osm_table_generator_dag.py
[2026-02-21T23:16:37.686+0000] {logging_mixin.py:190} INFO - [2026-02-21T23:16:37.686+0000] {dag.py:3239} INFO - Sync 1 DAGs
[2026-02-21T23:16:37.706+0000] {logging_mixin.py:190} INFO - [2026-02-21T23:16:37.706+0000] {dag.py:4180} INFO - Setting next_dagrun for core_osm_table_generator to None, run_after=None
[2026-02-21T23:16:37.717+0000] {processor.py:208} INFO - Processing /opt/airflow/dags/core_osm_table_generator_dag.py took 1.594 seconds
[2026-02-21T23:17:07.885+0000] {processor.py:186} INFO - Started process (PID=1588) to work on /opt/airflow/dags/core_osm_table_generator_dag.py
[2026-02-21T23:17:07.886+0000] {processor.py:914} INFO - Processing file /opt/airflow/dags/core_osm_table_generator_dag.py for tasks to queue
[2026-02-21T23:17:07.888+0000] {logging_mixin.py:190} INFO - [2026-02-21T23:17:07.887+0000] {dagbag.py:588} INFO - Filling up the DagBag from /opt/airflow/dags/core_osm_table_generator_dag.py
[2026-02-21T23:17:08.408+0000] {processor.py:925} INFO - DAG(s) 'core_osm_table_generator' retrieved from /opt/airflow/dags/core_osm_table_generator_dag.py
[2026-02-21T23:17:09.476+0000] {logging_mixin.py:190} INFO - [2026-02-21T23:17:09.476+0000] {dag.py:3239} INFO - Sync 1 DAGs
[2026-02-21T23:17:09.488+0000] {logging_mixin.py:190} INFO - [2026-02-21T23:17:09.488+0000] {dag.py:4180} INFO - Setting next_dagrun for core_osm_table_generator to None, run_after=None
[2026-02-21T23:17:09.501+0000] {processor.py:208} INFO - Processing /opt/airflow/dags/core_osm_table_generator_dag.py took 1.631 seconds
[2026-02-21T23:17:39.895+0000] {processor.py:186} INFO - Started process (PID=1589) to work on /opt/airflow/dags/core_osm_table_generator_dag.py
[2026-02-21T23:17:39.897+0000] {processor.py:914} INFO - Processing file /opt/airflow/dags/core_osm_table_generator_dag.py for tasks to queue
[2026-02-21T23:17:39.908+0000] {logging_mixin.py:190} INFO - [2026-02-21T23:17:39.902+0000] {dagbag.py:588} INFO - Filling up the DagBag from /opt/airflow/dags/core_osm_table_generator_dag.py
[2026-02-21T23:17:40.471+0000] {processor.py:925} INFO - DAG(s) 'core_osm_table_generator' retrieved from /opt/airflow/dags/core_osm_table_generator_dag.py
[2026-02-21T23:17:41.531+0000] {logging_mixin.py:190} INFO - [2026-02-21T23:17:41.531+0000] {dag.py:3239} INFO - Sync 1 DAGs
[2026-02-21T23:17:41.754+0000] {logging_mixin.py:190} INFO - [2026-02-21T23:17:41.754+0000] {dag.py:4180} INFO - Setting next_dagrun for core_osm_table_generator to None, run_after=None
[2026-02-21T23:17:41.762+0000] {processor.py:208} INFO - Processing /opt/airflow/dags/core_osm_table_generator_dag.py took 1.885 seconds
[2026-02-21T23:18:11.888+0000] {processor.py:186} INFO - Started process (PID=1590) to work on /opt/airflow/dags/core_osm_table_generator_dag.py
[2026-02-21T23:18:11.889+0000] {processor.py:914} INFO - Processing file /opt/airflow/dags/core_osm_table_generator_dag.py for tasks to queue
[2026-02-21T23:18:11.891+0000] {logging_mixin.py:190} INFO - [2026-02-21T23:18:11.890+0000] {dagbag.py:588} INFO - Filling up the DagBag from /opt/airflow/dags/core_osm_table_generator_dag.py
[2026-02-21T23:18:12.403+0000] {processor.py:925} INFO - DAG(s) 'core_osm_table_generator' retrieved from /opt/airflow/dags/core_osm_table_generator_dag.py
[2026-02-21T23:18:13.693+0000] {logging_mixin.py:190} INFO - [2026-02-21T23:18:13.693+0000] {dag.py:3239} INFO - Sync 1 DAGs
[2026-02-21T23:18:13.700+0000] {logging_mixin.py:190} INFO - [2026-02-21T23:18:13.700+0000] {dag.py:4180} INFO - Setting next_dagrun for core_osm_table_generator to None, run_after=None
[2026-02-21T23:18:13.709+0000] {processor.py:208} INFO - Processing /opt/airflow/dags/core_osm_table_generator_dag.py took 1.831 seconds
[2026-02-21T23:18:44.017+0000] {processor.py:186} INFO - Started process (PID=1591) to work on /opt/airflow/dags/core_osm_table_generator_dag.py
[2026-02-21T23:18:44.017+0000] {processor.py:914} INFO - Processing file /opt/airflow/dags/core_osm_table_generator_dag.py for tasks to queue
[2026-02-21T23:18:44.018+0000] {logging_mixin.py:190} INFO - [2026-02-21T23:18:44.018+0000] {dagbag.py:588} INFO - Filling up the DagBag from /opt/airflow/dags/core_osm_table_generator_dag.py
[2026-02-21T23:18:44.481+0000] {processor.py:925} INFO - DAG(s) 'core_osm_table_generator' retrieved from /opt/airflow/dags/core_osm_table_generator_dag.py
[2026-02-21T23:18:45.480+0000] {logging_mixin.py:190} INFO - [2026-02-21T23:18:45.480+0000] {dag.py:3239} INFO - Sync 1 DAGs
[2026-02-21T23:18:45.487+0000] {logging_mixin.py:190} INFO - [2026-02-21T23:18:45.487+0000] {dag.py:4180} INFO - Setting next_dagrun for core_osm_table_generator to None, run_after=None
[2026-02-21T23:18:45.494+0000] {processor.py:208} INFO - Processing /opt/airflow/dags/core_osm_table_generator_dag.py took 1.485 seconds
[2026-02-21T23:19:15.883+0000] {processor.py:186} INFO - Started process (PID=1592) to work on /opt/airflow/dags/core_osm_table_generator_dag.py
[2026-02-21T23:19:15.887+0000] {processor.py:914} INFO - Processing file /opt/airflow/dags/core_osm_table_generator_dag.py for tasks to queue
[2026-02-21T23:19:15.889+0000] {logging_mixin.py:190} INFO - [2026-02-21T23:19:15.888+0000] {dagbag.py:588} INFO - Filling up the DagBag from /opt/airflow/dags/core_osm_table_generator_dag.py
[2026-02-21T23:19:16.399+0000] {processor.py:925} INFO - DAG(s) 'core_osm_table_generator' retrieved from /opt/airflow/dags/core_osm_table_generator_dag.py
[2026-02-21T23:19:17.442+0000] {logging_mixin.py:190} INFO - [2026-02-21T23:19:17.442+0000] {dag.py:3239} INFO - Sync 1 DAGs
[2026-02-21T23:19:17.463+0000] {logging_mixin.py:190} INFO - [2026-02-21T23:19:17.463+0000] {dag.py:4180} INFO - Setting next_dagrun for core_osm_table_generator to None, run_after=None
[2026-02-21T23:19:17.477+0000] {processor.py:208} INFO - Processing /opt/airflow/dags/core_osm_table_generator_dag.py took 1.604 seconds
[2026-02-21T23:19:47.857+0000] {processor.py:186} INFO - Started process (PID=1593) to work on /opt/airflow/dags/core_osm_table_generator_dag.py
[2026-02-21T23:19:47.859+0000] {processor.py:914} INFO - Processing file /opt/airflow/dags/core_osm_table_generator_dag.py for tasks to queue
[2026-02-21T23:19:47.860+0000] {logging_mixin.py:190} INFO - [2026-02-21T23:19:47.860+0000] {dagbag.py:588} INFO - Filling up the DagBag from /opt/airflow/dags/core_osm_table_generator_dag.py
[2026-02-21T23:19:48.395+0000] {processor.py:925} INFO - DAG(s) 'core_osm_table_generator' retrieved from /opt/airflow/dags/core_osm_table_generator_dag.py
[2026-02-21T23:19:49.403+0000] {logging_mixin.py:190} INFO - [2026-02-21T23:19:49.403+0000] {dag.py:3239} INFO - Sync 1 DAGs
[2026-02-21T23:19:49.610+0000] {logging_mixin.py:190} INFO - [2026-02-21T23:19:49.610+0000] {dag.py:4180} INFO - Setting next_dagrun for core_osm_table_generator to None, run_after=None
[2026-02-21T23:19:49.627+0000] {processor.py:208} INFO - Processing /opt/airflow/dags/core_osm_table_generator_dag.py took 1.779 seconds
[2026-02-21T23:20:20.028+0000] {processor.py:186} INFO - Started process (PID=1594) to work on /opt/airflow/dags/core_osm_table_generator_dag.py
[2026-02-21T23:20:20.030+0000] {processor.py:914} INFO - Processing file /opt/airflow/dags/core_osm_table_generator_dag.py for tasks to queue
[2026-02-21T23:20:20.031+0000] {logging_mixin.py:190} INFO - [2026-02-21T23:20:20.030+0000] {dagbag.py:588} INFO - Filling up the DagBag from /opt/airflow/dags/core_osm_table_generator_dag.py
[2026-02-21T23:20:20.552+0000] {processor.py:925} INFO - DAG(s) 'core_osm_table_generator' retrieved from /opt/airflow/dags/core_osm_table_generator_dag.py
[2026-02-21T23:20:21.772+0000] {logging_mixin.py:190} INFO - [2026-02-21T23:20:21.771+0000] {dag.py:3239} INFO - Sync 1 DAGs
[2026-02-21T23:20:21.785+0000] {logging_mixin.py:190} INFO - [2026-02-21T23:20:21.785+0000] {dag.py:4180} INFO - Setting next_dagrun for core_osm_table_generator to None, run_after=None
[2026-02-21T23:20:21.792+0000] {processor.py:208} INFO - Processing /opt/airflow/dags/core_osm_table_generator_dag.py took 1.772 seconds
[2026-02-21T23:20:52.199+0000] {processor.py:186} INFO - Started process (PID=1595) to work on /opt/airflow/dags/core_osm_table_generator_dag.py
[2026-02-21T23:20:52.200+0000] {processor.py:914} INFO - Processing file /opt/airflow/dags/core_osm_table_generator_dag.py for tasks to queue
[2026-02-21T23:20:52.202+0000] {logging_mixin.py:190} INFO - [2026-02-21T23:20:52.201+0000] {dagbag.py:588} INFO - Filling up the DagBag from /opt/airflow/dags/core_osm_table_generator_dag.py
[2026-02-21T23:20:52.671+0000] {processor.py:925} INFO - DAG(s) 'core_osm_table_generator' retrieved from /opt/airflow/dags/core_osm_table_generator_dag.py
[2026-02-21T23:20:53.655+0000] {logging_mixin.py:190} INFO - [2026-02-21T23:20:53.655+0000] {dag.py:3239} INFO - Sync 1 DAGs
[2026-02-21T23:20:53.661+0000] {logging_mixin.py:190} INFO - [2026-02-21T23:20:53.661+0000] {dag.py:4180} INFO - Setting next_dagrun for core_osm_table_generator to None, run_after=None
[2026-02-21T23:20:53.667+0000] {processor.py:208} INFO - Processing /opt/airflow/dags/core_osm_table_generator_dag.py took 1.475 seconds
[2026-02-21T23:21:24.077+0000] {processor.py:186} INFO - Started process (PID=1596) to work on /opt/airflow/dags/core_osm_table_generator_dag.py
[2026-02-21T23:21:24.079+0000] {processor.py:914} INFO - Processing file /opt/airflow/dags/core_osm_table_generator_dag.py for tasks to queue
[2026-02-21T23:21:24.080+0000] {logging_mixin.py:190} INFO - [2026-02-21T23:21:24.080+0000] {dagbag.py:588} INFO - Filling up the DagBag from /opt/airflow/dags/core_osm_table_generator_dag.py
[2026-02-21T23:21:24.573+0000] {processor.py:925} INFO - DAG(s) 'core_osm_table_generator' retrieved from /opt/airflow/dags/core_osm_table_generator_dag.py
[2026-02-21T23:21:25.601+0000] {logging_mixin.py:190} INFO - [2026-02-21T23:21:25.601+0000] {dag.py:3239} INFO - Sync 1 DAGs
[2026-02-21T23:21:25.613+0000] {logging_mixin.py:190} INFO - [2026-02-21T23:21:25.613+0000] {dag.py:4180} INFO - Setting next_dagrun for core_osm_table_generator to None, run_after=None
[2026-02-21T23:21:25.626+0000] {processor.py:208} INFO - Processing /opt/airflow/dags/core_osm_table_generator_dag.py took 1.584 seconds
[2026-02-21T23:21:56.039+0000] {processor.py:186} INFO - Started process (PID=1597) to work on /opt/airflow/dags/core_osm_table_generator_dag.py
[2026-02-21T23:21:56.041+0000] {processor.py:914} INFO - Processing file /opt/airflow/dags/core_osm_table_generator_dag.py for tasks to queue
[2026-02-21T23:21:56.042+0000] {logging_mixin.py:190} INFO - [2026-02-21T23:21:56.042+0000] {dagbag.py:588} INFO - Filling up the DagBag from /opt/airflow/dags/core_osm_table_generator_dag.py
[2026-02-21T23:21:56.512+0000] {processor.py:925} INFO - DAG(s) 'core_osm_table_generator' retrieved from /opt/airflow/dags/core_osm_table_generator_dag.py
[2026-02-21T23:21:57.520+0000] {logging_mixin.py:190} INFO - [2026-02-21T23:21:57.519+0000] {dag.py:3239} INFO - Sync 1 DAGs
[2026-02-21T23:21:57.729+0000] {logging_mixin.py:190} INFO - [2026-02-21T23:21:57.729+0000] {dag.py:4180} INFO - Setting next_dagrun for core_osm_table_generator to None, run_after=None
[2026-02-21T23:21:57.736+0000] {processor.py:208} INFO - Processing /opt/airflow/dags/core_osm_table_generator_dag.py took 1.705 seconds
[2026-02-21T23:22:27.880+0000] {processor.py:186} INFO - Started process (PID=1598) to work on /opt/airflow/dags/core_osm_table_generator_dag.py
[2026-02-21T23:22:27.883+0000] {processor.py:914} INFO - Processing file /opt/airflow/dags/core_osm_table_generator_dag.py for tasks to queue
[2026-02-21T23:22:27.884+0000] {logging_mixin.py:190} INFO - [2026-02-21T23:22:27.884+0000] {dagbag.py:588} INFO - Filling up the DagBag from /opt/airflow/dags/core_osm_table_generator_dag.py
[2026-02-21T23:22:28.410+0000] {processor.py:925} INFO - DAG(s) 'core_osm_table_generator' retrieved from /opt/airflow/dags/core_osm_table_generator_dag.py
[2026-02-21T23:22:29.629+0000] {logging_mixin.py:190} INFO - [2026-02-21T23:22:29.629+0000] {dag.py:3239} INFO - Sync 1 DAGs
[2026-02-21T23:22:29.636+0000] {logging_mixin.py:190} INFO - [2026-02-21T23:22:29.636+0000] {dag.py:4180} INFO - Setting next_dagrun for core_osm_table_generator to None, run_after=None
[2026-02-21T23:22:29.644+0000] {processor.py:208} INFO - Processing /opt/airflow/dags/core_osm_table_generator_dag.py took 1.779 seconds
[2026-02-21T23:23:00.061+0000] {processor.py:186} INFO - Started process (PID=1599) to work on /opt/airflow/dags/core_osm_table_generator_dag.py
[2026-02-21T23:23:00.061+0000] {processor.py:914} INFO - Processing file /opt/airflow/dags/core_osm_table_generator_dag.py for tasks to queue
[2026-02-21T23:23:00.062+0000] {logging_mixin.py:190} INFO - [2026-02-21T23:23:00.062+0000] {dagbag.py:588} INFO - Filling up the DagBag from /opt/airflow/dags/core_osm_table_generator_dag.py
[2026-02-21T23:23:00.527+0000] {processor.py:925} INFO - DAG(s) 'core_osm_table_generator' retrieved from /opt/airflow/dags/core_osm_table_generator_dag.py
[2026-02-21T23:23:01.529+0000] {logging_mixin.py:190} INFO - [2026-02-21T23:23:01.528+0000] {dag.py:3239} INFO - Sync 1 DAGs
[2026-02-21T23:23:01.535+0000] {logging_mixin.py:190} INFO - [2026-02-21T23:23:01.535+0000] {dag.py:4180} INFO - Setting next_dagrun for core_osm_table_generator to None, run_after=None
[2026-02-21T23:23:01.543+0000] {processor.py:208} INFO - Processing /opt/airflow/dags/core_osm_table_generator_dag.py took 1.488 seconds
[2026-02-21T23:23:31.920+0000] {processor.py:186} INFO - Started process (PID=1600) to work on /opt/airflow/dags/core_osm_table_generator_dag.py
[2026-02-21T23:23:31.923+0000] {processor.py:914} INFO - Processing file /opt/airflow/dags/core_osm_table_generator_dag.py for tasks to queue
[2026-02-21T23:23:31.924+0000] {logging_mixin.py:190} INFO - [2026-02-21T23:23:31.924+0000] {dagbag.py:588} INFO - Filling up the DagBag from /opt/airflow/dags/core_osm_table_generator_dag.py
[2026-02-21T23:23:32.441+0000] {processor.py:925} INFO - DAG(s) 'core_osm_table_generator' retrieved from /opt/airflow/dags/core_osm_table_generator_dag.py
[2026-02-21T23:23:33.459+0000] {logging_mixin.py:190} INFO - [2026-02-21T23:23:33.459+0000] {dag.py:3239} INFO - Sync 1 DAGs
[2026-02-21T23:23:33.471+0000] {logging_mixin.py:190} INFO - [2026-02-21T23:23:33.471+0000] {dag.py:4180} INFO - Setting next_dagrun for core_osm_table_generator to None, run_after=None
[2026-02-21T23:23:33.503+0000] {processor.py:208} INFO - Processing /opt/airflow/dags/core_osm_table_generator_dag.py took 1.592 seconds
[2026-02-21T23:24:03.910+0000] {processor.py:186} INFO - Started process (PID=1601) to work on /opt/airflow/dags/core_osm_table_generator_dag.py
[2026-02-21T23:24:03.911+0000] {processor.py:914} INFO - Processing file /opt/airflow/dags/core_osm_table_generator_dag.py for tasks to queue
[2026-02-21T23:24:03.912+0000] {logging_mixin.py:190} INFO - [2026-02-21T23:24:03.912+0000] {dagbag.py:588} INFO - Filling up the DagBag from /opt/airflow/dags/core_osm_table_generator_dag.py
[2026-02-21T23:24:04.381+0000] {processor.py:925} INFO - DAG(s) 'core_osm_table_generator' retrieved from /opt/airflow/dags/core_osm_table_generator_dag.py
[2026-02-21T23:24:05.378+0000] {logging_mixin.py:190} INFO - [2026-02-21T23:24:05.378+0000] {dag.py:3239} INFO - Sync 1 DAGs
[2026-02-21T23:24:05.579+0000] {logging_mixin.py:190} INFO - [2026-02-21T23:24:05.579+0000] {dag.py:4180} INFO - Setting next_dagrun for core_osm_table_generator to None, run_after=None
[2026-02-21T23:24:05.588+0000] {processor.py:208} INFO - Processing /opt/airflow/dags/core_osm_table_generator_dag.py took 1.686 seconds
[2026-02-21T23:24:35.996+0000] {processor.py:186} INFO - Started process (PID=1602) to work on /opt/airflow/dags/core_osm_table_generator_dag.py
[2026-02-21T23:24:35.998+0000] {processor.py:914} INFO - Processing file /opt/airflow/dags/core_osm_table_generator_dag.py for tasks to queue
[2026-02-21T23:24:35.999+0000] {logging_mixin.py:190} INFO - [2026-02-21T23:24:35.999+0000] {dagbag.py:588} INFO - Filling up the DagBag from /opt/airflow/dags/core_osm_table_generator_dag.py
[2026-02-21T23:24:36.499+0000] {processor.py:925} INFO - DAG(s) 'core_osm_table_generator' retrieved from /opt/airflow/dags/core_osm_table_generator_dag.py
[2026-02-21T23:24:37.735+0000] {logging_mixin.py:190} INFO - [2026-02-21T23:24:37.735+0000] {dag.py:3239} INFO - Sync 1 DAGs
[2026-02-21T23:24:37.742+0000] {logging_mixin.py:190} INFO - [2026-02-21T23:24:37.742+0000] {dag.py:4180} INFO - Setting next_dagrun for core_osm_table_generator to None, run_after=None
[2026-02-21T23:24:37.750+0000] {processor.py:208} INFO - Processing /opt/airflow/dags/core_osm_table_generator_dag.py took 1.764 seconds
[2026-02-21T23:25:08.047+0000] {processor.py:186} INFO - Started process (PID=1603) to work on /opt/airflow/dags/core_osm_table_generator_dag.py
[2026-02-21T23:25:08.055+0000] {processor.py:914} INFO - Processing file /opt/airflow/dags/core_osm_table_generator_dag.py for tasks to queue
[2026-02-21T23:25:08.058+0000] {logging_mixin.py:190} INFO - [2026-02-21T23:25:08.057+0000] {dagbag.py:588} INFO - Filling up the DagBag from /opt/airflow/dags/core_osm_table_generator_dag.py
[2026-02-21T23:25:08.559+0000] {processor.py:925} INFO - DAG(s) 'core_osm_table_generator' retrieved from /opt/airflow/dags/core_osm_table_generator_dag.py
[2026-02-21T23:25:09.571+0000] {logging_mixin.py:190} INFO - [2026-02-21T23:25:09.570+0000] {dag.py:3239} INFO - Sync 1 DAGs
[2026-02-21T23:25:09.581+0000] {logging_mixin.py:190} INFO - [2026-02-21T23:25:09.581+0000] {dag.py:4180} INFO - Setting next_dagrun for core_osm_table_generator to None, run_after=None
[2026-02-21T23:25:09.590+0000] {processor.py:208} INFO - Processing /opt/airflow/dags/core_osm_table_generator_dag.py took 1.556 seconds
[2026-02-21T23:25:40.012+0000] {processor.py:186} INFO - Started process (PID=1604) to work on /opt/airflow/dags/core_osm_table_generator_dag.py
[2026-02-21T23:25:40.014+0000] {processor.py:914} INFO - Processing file /opt/airflow/dags/core_osm_table_generator_dag.py for tasks to queue
[2026-02-21T23:25:40.015+0000] {logging_mixin.py:190} INFO - [2026-02-21T23:25:40.015+0000] {dagbag.py:588} INFO - Filling up the DagBag from /opt/airflow/dags/core_osm_table_generator_dag.py
[2026-02-21T23:25:40.492+0000] {processor.py:925} INFO - DAG(s) 'core_osm_table_generator' retrieved from /opt/airflow/dags/core_osm_table_generator_dag.py
[2026-02-21T23:25:41.490+0000] {logging_mixin.py:190} INFO - [2026-02-21T23:25:41.490+0000] {dag.py:3239} INFO - Sync 1 DAGs
[2026-02-21T23:25:41.498+0000] {logging_mixin.py:190} INFO - [2026-02-21T23:25:41.498+0000] {dag.py:4180} INFO - Setting next_dagrun for core_osm_table_generator to None, run_after=None
[2026-02-21T23:25:41.511+0000] {processor.py:208} INFO - Processing /opt/airflow/dags/core_osm_table_generator_dag.py took 1.509 seconds
[2026-02-21T23:26:11.889+0000] {processor.py:186} INFO - Started process (PID=1605) to work on /opt/airflow/dags/core_osm_table_generator_dag.py
[2026-02-21T23:26:11.891+0000] {processor.py:914} INFO - Processing file /opt/airflow/dags/core_osm_table_generator_dag.py for tasks to queue
[2026-02-21T23:26:11.894+0000] {logging_mixin.py:190} INFO - [2026-02-21T23:26:11.893+0000] {dagbag.py:588} INFO - Filling up the DagBag from /opt/airflow/dags/core_osm_table_generator_dag.py
[2026-02-21T23:26:12.397+0000] {processor.py:925} INFO - DAG(s) 'core_osm_table_generator' retrieved from /opt/airflow/dags/core_osm_table_generator_dag.py
[2026-02-21T23:26:13.427+0000] {logging_mixin.py:190} INFO - [2026-02-21T23:26:13.427+0000] {dag.py:3239} INFO - Sync 1 DAGs
[2026-02-21T23:26:13.667+0000] {logging_mixin.py:190} INFO - [2026-02-21T23:26:13.667+0000] {dag.py:4180} INFO - Setting next_dagrun for core_osm_table_generator to None, run_after=None
[2026-02-21T23:26:13.675+0000] {processor.py:208} INFO - Processing /opt/airflow/dags/core_osm_table_generator_dag.py took 1.814 seconds
[2026-02-21T23:26:44.083+0000] {processor.py:186} INFO - Started process (PID=1606) to work on /opt/airflow/dags/core_osm_table_generator_dag.py
[2026-02-21T23:26:44.084+0000] {processor.py:914} INFO - Processing file /opt/airflow/dags/core_osm_table_generator_dag.py for tasks to queue
[2026-02-21T23:26:44.085+0000] {logging_mixin.py:190} INFO - [2026-02-21T23:26:44.085+0000] {dagbag.py:588} INFO - Filling up the DagBag from /opt/airflow/dags/core_osm_table_generator_dag.py
[2026-02-21T23:26:44.555+0000] {processor.py:925} INFO - DAG(s) 'core_osm_table_generator' retrieved from /opt/airflow/dags/core_osm_table_generator_dag.py
[2026-02-21T23:26:45.646+0000] {logging_mixin.py:190} INFO - [2026-02-21T23:26:45.646+0000] {dag.py:3239} INFO - Sync 1 DAGs
[2026-02-21T23:26:45.653+0000] {logging_mixin.py:190} INFO - [2026-02-21T23:26:45.652+0000] {dag.py:4180} INFO - Setting next_dagrun for core_osm_table_generator to None, run_after=None
[2026-02-21T23:26:45.661+0000] {processor.py:208} INFO - Processing /opt/airflow/dags/core_osm_table_generator_dag.py took 1.588 seconds
[2026-02-21T23:27:16.104+0000] {processor.py:186} INFO - Started process (PID=1607) to work on /opt/airflow/dags/core_osm_table_generator_dag.py
[2026-02-21T23:27:16.107+0000] {processor.py:914} INFO - Processing file /opt/airflow/dags/core_osm_table_generator_dag.py for tasks to queue
[2026-02-21T23:27:16.112+0000] {logging_mixin.py:190} INFO - [2026-02-21T23:27:16.110+0000] {dagbag.py:588} INFO - Filling up the DagBag from /opt/airflow/dags/core_osm_table_generator_dag.py
[2026-02-21T23:27:16.645+0000] {processor.py:925} INFO - DAG(s) 'core_osm_table_generator' retrieved from /opt/airflow/dags/core_osm_table_generator_dag.py
[2026-02-21T23:27:17.656+0000] {logging_mixin.py:190} INFO - [2026-02-21T23:27:17.656+0000] {dag.py:3239} INFO - Sync 1 DAGs
[2026-02-21T23:27:17.667+0000] {logging_mixin.py:190} INFO - [2026-02-21T23:27:17.667+0000] {dag.py:4180} INFO - Setting next_dagrun for core_osm_table_generator to None, run_after=None
[2026-02-21T23:27:17.687+0000] {processor.py:208} INFO - Processing /opt/airflow/dags/core_osm_table_generator_dag.py took 1.595 seconds
[2026-02-21T23:27:47.974+0000] {processor.py:186} INFO - Started process (PID=1608) to work on /opt/airflow/dags/core_osm_table_generator_dag.py
[2026-02-21T23:27:47.975+0000] {processor.py:914} INFO - Processing file /opt/airflow/dags/core_osm_table_generator_dag.py for tasks to queue
[2026-02-21T23:27:47.976+0000] {logging_mixin.py:190} INFO - [2026-02-21T23:27:47.975+0000] {dagbag.py:588} INFO - Filling up the DagBag from /opt/airflow/dags/core_osm_table_generator_dag.py
[2026-02-21T23:27:48.446+0000] {processor.py:925} INFO - DAG(s) 'core_osm_table_generator' retrieved from /opt/airflow/dags/core_osm_table_generator_dag.py
[2026-02-21T23:27:49.443+0000] {logging_mixin.py:190} INFO - [2026-02-21T23:27:49.443+0000] {dag.py:3239} INFO - Sync 1 DAGs
[2026-02-21T23:27:49.449+0000] {logging_mixin.py:190} INFO - [2026-02-21T23:27:49.449+0000] {dag.py:4180} INFO - Setting next_dagrun for core_osm_table_generator to None, run_after=None
[2026-02-21T23:27:49.459+0000] {processor.py:208} INFO - Processing /opt/airflow/dags/core_osm_table_generator_dag.py took 1.495 seconds
[2026-02-21T23:28:19.805+0000] {processor.py:186} INFO - Started process (PID=1609) to work on /opt/airflow/dags/core_osm_table_generator_dag.py
[2026-02-21T23:28:19.807+0000] {processor.py:914} INFO - Processing file /opt/airflow/dags/core_osm_table_generator_dag.py for tasks to queue
[2026-02-21T23:28:19.808+0000] {logging_mixin.py:190} INFO - [2026-02-21T23:28:19.808+0000] {dagbag.py:588} INFO - Filling up the DagBag from /opt/airflow/dags/core_osm_table_generator_dag.py
[2026-02-21T23:28:20.312+0000] {processor.py:925} INFO - DAG(s) 'core_osm_table_generator' retrieved from /opt/airflow/dags/core_osm_table_generator_dag.py
[2026-02-21T23:28:21.340+0000] {logging_mixin.py:190} INFO - [2026-02-21T23:28:21.340+0000] {dag.py:3239} INFO - Sync 1 DAGs
[2026-02-21T23:28:21.552+0000] {logging_mixin.py:190} INFO - [2026-02-21T23:28:21.552+0000] {dag.py:4180} INFO - Setting next_dagrun for core_osm_table_generator to None, run_after=None
[2026-02-21T23:28:21.560+0000] {processor.py:208} INFO - Processing /opt/airflow/dags/core_osm_table_generator_dag.py took 1.767 seconds
[2026-02-21T23:28:51.860+0000] {processor.py:186} INFO - Started process (PID=1610) to work on /opt/airflow/dags/core_osm_table_generator_dag.py
[2026-02-21T23:28:51.863+0000] {processor.py:914} INFO - Processing file /opt/airflow/dags/core_osm_table_generator_dag.py for tasks to queue
[2026-02-21T23:28:51.864+0000] {logging_mixin.py:190} INFO - [2026-02-21T23:28:51.863+0000] {dagbag.py:588} INFO - Filling up the DagBag from /opt/airflow/dags/core_osm_table_generator_dag.py
[2026-02-21T23:28:52.332+0000] {processor.py:925} INFO - DAG(s) 'core_osm_table_generator' retrieved from /opt/airflow/dags/core_osm_table_generator_dag.py
[2026-02-21T23:28:53.409+0000] {logging_mixin.py:190} INFO - [2026-02-21T23:28:53.409+0000] {dag.py:3239} INFO - Sync 1 DAGs
[2026-02-21T23:28:53.415+0000] {logging_mixin.py:190} INFO - [2026-02-21T23:28:53.415+0000] {dag.py:4180} INFO - Setting next_dagrun for core_osm_table_generator to None, run_after=None
[2026-02-21T23:28:53.424+0000] {processor.py:208} INFO - Processing /opt/airflow/dags/core_osm_table_generator_dag.py took 1.572 seconds
[2026-02-21T23:29:23.843+0000] {processor.py:186} INFO - Started process (PID=1611) to work on /opt/airflow/dags/core_osm_table_generator_dag.py
[2026-02-21T23:29:23.844+0000] {processor.py:914} INFO - Processing file /opt/airflow/dags/core_osm_table_generator_dag.py for tasks to queue
[2026-02-21T23:29:23.846+0000] {logging_mixin.py:190} INFO - [2026-02-21T23:29:23.845+0000] {dagbag.py:588} INFO - Filling up the DagBag from /opt/airflow/dags/core_osm_table_generator_dag.py
[2026-02-21T23:29:24.369+0000] {processor.py:925} INFO - DAG(s) 'core_osm_table_generator' retrieved from /opt/airflow/dags/core_osm_table_generator_dag.py
[2026-02-21T23:29:25.386+0000] {logging_mixin.py:190} INFO - [2026-02-21T23:29:25.386+0000] {dag.py:3239} INFO - Sync 1 DAGs
[2026-02-21T23:29:25.399+0000] {logging_mixin.py:190} INFO - [2026-02-21T23:29:25.399+0000] {dag.py:4180} INFO - Setting next_dagrun for core_osm_table_generator to None, run_after=None
[2026-02-21T23:29:25.408+0000] {processor.py:208} INFO - Processing /opt/airflow/dags/core_osm_table_generator_dag.py took 1.579 seconds
[2026-02-21T23:29:55.614+0000] {processor.py:186} INFO - Started process (PID=1612) to work on /opt/airflow/dags/core_osm_table_generator_dag.py
[2026-02-21T23:29:55.616+0000] {processor.py:914} INFO - Processing file /opt/airflow/dags/core_osm_table_generator_dag.py for tasks to queue
[2026-02-21T23:29:55.617+0000] {logging_mixin.py:190} INFO - [2026-02-21T23:29:55.616+0000] {dagbag.py:588} INFO - Filling up the DagBag from /opt/airflow/dags/core_osm_table_generator_dag.py
[2026-02-21T23:29:56.087+0000] {processor.py:925} INFO - DAG(s) 'core_osm_table_generator' retrieved from /opt/airflow/dags/core_osm_table_generator_dag.py
[2026-02-21T23:29:57.087+0000] {logging_mixin.py:190} INFO - [2026-02-21T23:29:57.087+0000] {dag.py:3239} INFO - Sync 1 DAGs
[2026-02-21T23:29:57.095+0000] {logging_mixin.py:190} INFO - [2026-02-21T23:29:57.095+0000] {dag.py:4180} INFO - Setting next_dagrun for core_osm_table_generator to None, run_after=None
[2026-02-21T23:29:57.107+0000] {processor.py:208} INFO - Processing /opt/airflow/dags/core_osm_table_generator_dag.py took 1.500 seconds
[2026-02-21T23:30:27.518+0000] {processor.py:186} INFO - Started process (PID=1613) to work on /opt/airflow/dags/core_osm_table_generator_dag.py
[2026-02-21T23:30:27.519+0000] {processor.py:914} INFO - Processing file /opt/airflow/dags/core_osm_table_generator_dag.py for tasks to queue
[2026-02-21T23:30:27.520+0000] {logging_mixin.py:190} INFO - [2026-02-21T23:30:27.519+0000] {dagbag.py:588} INFO - Filling up the DagBag from /opt/airflow/dags/core_osm_table_generator_dag.py
[2026-02-21T23:30:28.026+0000] {processor.py:925} INFO - DAG(s) 'core_osm_table_generator' retrieved from /opt/airflow/dags/core_osm_table_generator_dag.py
[2026-02-21T23:30:29.046+0000] {logging_mixin.py:190} INFO - [2026-02-21T23:30:29.046+0000] {dag.py:3239} INFO - Sync 1 DAGs
[2026-02-21T23:30:29.267+0000] {logging_mixin.py:190} INFO - [2026-02-21T23:30:29.266+0000] {dag.py:4180} INFO - Setting next_dagrun for core_osm_table_generator to None, run_after=None
[2026-02-21T23:30:29.274+0000] {processor.py:208} INFO - Processing /opt/airflow/dags/core_osm_table_generator_dag.py took 1.767 seconds
[2026-02-21T23:30:59.470+0000] {processor.py:186} INFO - Started process (PID=1614) to work on /opt/airflow/dags/core_osm_table_generator_dag.py
[2026-02-21T23:30:59.471+0000] {processor.py:914} INFO - Processing file /opt/airflow/dags/core_osm_table_generator_dag.py for tasks to queue
[2026-02-21T23:30:59.473+0000] {logging_mixin.py:190} INFO - [2026-02-21T23:30:59.472+0000] {dagbag.py:588} INFO - Filling up the DagBag from /opt/airflow/dags/core_osm_table_generator_dag.py
[2026-02-21T23:30:59.944+0000] {processor.py:925} INFO - DAG(s) 'core_osm_table_generator' retrieved from /opt/airflow/dags/core_osm_table_generator_dag.py
[2026-02-21T23:31:01.086+0000] {logging_mixin.py:190} INFO - [2026-02-21T23:31:01.086+0000] {dag.py:3239} INFO - Sync 1 DAGs
[2026-02-21T23:31:01.092+0000] {logging_mixin.py:190} INFO - [2026-02-21T23:31:01.092+0000] {dag.py:4180} INFO - Setting next_dagrun for core_osm_table_generator to None, run_after=None
[2026-02-21T23:31:01.099+0000] {processor.py:208} INFO - Processing /opt/airflow/dags/core_osm_table_generator_dag.py took 1.638 seconds
[2026-02-21T23:31:31.482+0000] {processor.py:186} INFO - Started process (PID=1615) to work on /opt/airflow/dags/core_osm_table_generator_dag.py
[2026-02-21T23:31:31.483+0000] {processor.py:914} INFO - Processing file /opt/airflow/dags/core_osm_table_generator_dag.py for tasks to queue
[2026-02-21T23:31:31.484+0000] {logging_mixin.py:190} INFO - [2026-02-21T23:31:31.484+0000] {dagbag.py:588} INFO - Filling up the DagBag from /opt/airflow/dags/core_osm_table_generator_dag.py
[2026-02-21T23:31:31.996+0000] {processor.py:925} INFO - DAG(s) 'core_osm_table_generator' retrieved from /opt/airflow/dags/core_osm_table_generator_dag.py
[2026-02-21T23:31:33.012+0000] {logging_mixin.py:190} INFO - [2026-02-21T23:31:33.012+0000] {dag.py:3239} INFO - Sync 1 DAGs
[2026-02-21T23:31:33.022+0000] {logging_mixin.py:190} INFO - [2026-02-21T23:31:33.022+0000] {dag.py:4180} INFO - Setting next_dagrun for core_osm_table_generator to None, run_after=None
[2026-02-21T23:31:33.031+0000] {processor.py:208} INFO - Processing /opt/airflow/dags/core_osm_table_generator_dag.py took 1.556 seconds
[2026-02-21T23:32:03.398+0000] {processor.py:186} INFO - Started process (PID=1616) to work on /opt/airflow/dags/core_osm_table_generator_dag.py
[2026-02-21T23:32:03.400+0000] {processor.py:914} INFO - Processing file /opt/airflow/dags/core_osm_table_generator_dag.py for tasks to queue
[2026-02-21T23:32:03.401+0000] {logging_mixin.py:190} INFO - [2026-02-21T23:32:03.401+0000] {dagbag.py:588} INFO - Filling up the DagBag from /opt/airflow/dags/core_osm_table_generator_dag.py
[2026-02-21T23:32:03.870+0000] {processor.py:925} INFO - DAG(s) 'core_osm_table_generator' retrieved from /opt/airflow/dags/core_osm_table_generator_dag.py
[2026-02-21T23:32:04.872+0000] {logging_mixin.py:190} INFO - [2026-02-21T23:32:04.872+0000] {dag.py:3239} INFO - Sync 1 DAGs
[2026-02-21T23:32:04.878+0000] {logging_mixin.py:190} INFO - [2026-02-21T23:32:04.878+0000] {dag.py:4180} INFO - Setting next_dagrun for core_osm_table_generator to None, run_after=None
[2026-02-21T23:32:04.888+0000] {processor.py:208} INFO - Processing /opt/airflow/dags/core_osm_table_generator_dag.py took 1.498 seconds
[2026-02-21T23:32:35.250+0000] {processor.py:186} INFO - Started process (PID=1617) to work on /opt/airflow/dags/core_osm_table_generator_dag.py
[2026-02-21T23:32:35.252+0000] {processor.py:914} INFO - Processing file /opt/airflow/dags/core_osm_table_generator_dag.py for tasks to queue
[2026-02-21T23:32:35.254+0000] {logging_mixin.py:190} INFO - [2026-02-21T23:32:35.253+0000] {dagbag.py:588} INFO - Filling up the DagBag from /opt/airflow/dags/core_osm_table_generator_dag.py
[2026-02-21T23:32:35.751+0000] {processor.py:925} INFO - DAG(s) 'core_osm_table_generator' retrieved from /opt/airflow/dags/core_osm_table_generator_dag.py
[2026-02-21T23:32:36.781+0000] {logging_mixin.py:190} INFO - [2026-02-21T23:32:36.781+0000] {dag.py:3239} INFO - Sync 1 DAGs
[2026-02-21T23:32:37.001+0000] {logging_mixin.py:190} INFO - [2026-02-21T23:32:37.001+0000] {dag.py:4180} INFO - Setting next_dagrun for core_osm_table_generator to None, run_after=None
[2026-02-21T23:32:37.009+0000] {processor.py:208} INFO - Processing /opt/airflow/dags/core_osm_table_generator_dag.py took 1.770 seconds
[2026-02-21T23:33:07.214+0000] {processor.py:186} INFO - Started process (PID=1618) to work on /opt/airflow/dags/core_osm_table_generator_dag.py
[2026-02-21T23:33:07.216+0000] {processor.py:914} INFO - Processing file /opt/airflow/dags/core_osm_table_generator_dag.py for tasks to queue
[2026-02-21T23:33:07.218+0000] {logging_mixin.py:190} INFO - [2026-02-21T23:33:07.217+0000] {dagbag.py:588} INFO - Filling up the DagBag from /opt/airflow/dags/core_osm_table_generator_dag.py
[2026-02-21T23:33:07.745+0000] {processor.py:925} INFO - DAG(s) 'core_osm_table_generator' retrieved from /opt/airflow/dags/core_osm_table_generator_dag.py
[2026-02-21T23:33:08.992+0000] {logging_mixin.py:190} INFO - [2026-02-21T23:33:08.992+0000] {dag.py:3239} INFO - Sync 1 DAGs
[2026-02-21T23:33:08.999+0000] {logging_mixin.py:190} INFO - [2026-02-21T23:33:08.999+0000] {dag.py:4180} INFO - Setting next_dagrun for core_osm_table_generator to None, run_after=None
[2026-02-21T23:33:09.007+0000] {processor.py:208} INFO - Processing /opt/airflow/dags/core_osm_table_generator_dag.py took 1.829 seconds
[2026-02-21T23:33:39.419+0000] {processor.py:186} INFO - Started process (PID=1619) to work on /opt/airflow/dags/core_osm_table_generator_dag.py
[2026-02-21T23:33:39.421+0000] {processor.py:914} INFO - Processing file /opt/airflow/dags/core_osm_table_generator_dag.py for tasks to queue
[2026-02-21T23:33:39.423+0000] {logging_mixin.py:190} INFO - [2026-02-21T23:33:39.422+0000] {dagbag.py:588} INFO - Filling up the DagBag from /opt/airflow/dags/core_osm_table_generator_dag.py
[2026-02-21T23:33:39.902+0000] {processor.py:925} INFO - DAG(s) 'core_osm_table_generator' retrieved from /opt/airflow/dags/core_osm_table_generator_dag.py
[2026-02-21T23:33:40.901+0000] {logging_mixin.py:190} INFO - [2026-02-21T23:33:40.901+0000] {dag.py:3239} INFO - Sync 1 DAGs
[2026-02-21T23:33:40.909+0000] {logging_mixin.py:190} INFO - [2026-02-21T23:33:40.909+0000] {dag.py:4180} INFO - Setting next_dagrun for core_osm_table_generator to None, run_after=None
[2026-02-21T23:33:40.916+0000] {processor.py:208} INFO - Processing /opt/airflow/dags/core_osm_table_generator_dag.py took 1.506 seconds
[2026-02-21T23:34:11.000+0000] {processor.py:186} INFO - Started process (PID=1620) to work on /opt/airflow/dags/core_osm_table_generator_dag.py
[2026-02-21T23:34:11.002+0000] {processor.py:914} INFO - Processing file /opt/airflow/dags/core_osm_table_generator_dag.py for tasks to queue
[2026-02-21T23:34:11.003+0000] {logging_mixin.py:190} INFO - [2026-02-21T23:34:11.003+0000] {dagbag.py:588} INFO - Filling up the DagBag from /opt/airflow/dags/core_osm_table_generator_dag.py
[2026-02-21T23:34:11.496+0000] {processor.py:925} INFO - DAG(s) 'core_osm_table_generator' retrieved from /opt/airflow/dags/core_osm_table_generator_dag.py
[2026-02-21T23:34:12.514+0000] {logging_mixin.py:190} INFO - [2026-02-21T23:34:12.514+0000] {dag.py:3239} INFO - Sync 1 DAGs
[2026-02-21T23:34:12.530+0000] {logging_mixin.py:190} INFO - [2026-02-21T23:34:12.529+0000] {dag.py:4180} INFO - Setting next_dagrun for core_osm_table_generator to None, run_after=None
[2026-02-21T23:34:12.543+0000] {processor.py:208} INFO - Processing /opt/airflow/dags/core_osm_table_generator_dag.py took 1.552 seconds
[2026-02-21T23:34:42.656+0000] {processor.py:186} INFO - Started process (PID=1621) to work on /opt/airflow/dags/core_osm_table_generator_dag.py
[2026-02-21T23:34:42.657+0000] {processor.py:914} INFO - Processing file /opt/airflow/dags/core_osm_table_generator_dag.py for tasks to queue
[2026-02-21T23:34:42.659+0000] {logging_mixin.py:190} INFO - [2026-02-21T23:34:42.658+0000] {dagbag.py:588} INFO - Filling up the DagBag from /opt/airflow/dags/core_osm_table_generator_dag.py
[2026-02-21T23:34:43.143+0000] {processor.py:925} INFO - DAG(s) 'core_osm_table_generator' retrieved from /opt/airflow/dags/core_osm_table_generator_dag.py
[2026-02-21T23:34:44.145+0000] {logging_mixin.py:190} INFO - [2026-02-21T23:34:44.145+0000] {dag.py:3239} INFO - Sync 1 DAGs
[2026-02-21T23:34:44.371+0000] {logging_mixin.py:190} INFO - [2026-02-21T23:34:44.371+0000] {dag.py:4180} INFO - Setting next_dagrun for core_osm_table_generator to None, run_after=None
[2026-02-21T23:34:44.379+0000] {processor.py:208} INFO - Processing /opt/airflow/dags/core_osm_table_generator_dag.py took 1.734 seconds
[2026-02-21T23:35:14.690+0000] {processor.py:186} INFO - Started process (PID=1622) to work on /opt/airflow/dags/core_osm_table_generator_dag.py
[2026-02-21T23:35:14.691+0000] {processor.py:914} INFO - Processing file /opt/airflow/dags/core_osm_table_generator_dag.py for tasks to queue
[2026-02-21T23:35:14.692+0000] {logging_mixin.py:190} INFO - [2026-02-21T23:35:14.692+0000] {dagbag.py:588} INFO - Filling up the DagBag from /opt/airflow/dags/core_osm_table_generator_dag.py
[2026-02-21T23:35:15.162+0000] {processor.py:925} INFO - DAG(s) 'core_osm_table_generator' retrieved from /opt/airflow/dags/core_osm_table_generator_dag.py
[2026-02-21T23:35:16.346+0000] {logging_mixin.py:190} INFO - [2026-02-21T23:35:16.346+0000] {dag.py:3239} INFO - Sync 1 DAGs
[2026-02-21T23:35:16.353+0000] {logging_mixin.py:190} INFO - [2026-02-21T23:35:16.353+0000] {dag.py:4180} INFO - Setting next_dagrun for core_osm_table_generator to None, run_after=None
[2026-02-21T23:35:16.361+0000] {processor.py:208} INFO - Processing /opt/airflow/dags/core_osm_table_generator_dag.py took 1.680 seconds
[2026-02-21T23:35:46.619+0000] {processor.py:186} INFO - Started process (PID=1623) to work on /opt/airflow/dags/core_osm_table_generator_dag.py
[2026-02-21T23:35:46.621+0000] {processor.py:914} INFO - Processing file /opt/airflow/dags/core_osm_table_generator_dag.py for tasks to queue
[2026-02-21T23:35:46.623+0000] {logging_mixin.py:190} INFO - [2026-02-21T23:35:46.622+0000] {dagbag.py:588} INFO - Filling up the DagBag from /opt/airflow/dags/core_osm_table_generator_dag.py
[2026-02-21T23:35:47.098+0000] {processor.py:925} INFO - DAG(s) 'core_osm_table_generator' retrieved from /opt/airflow/dags/core_osm_table_generator_dag.py
[2026-02-21T23:35:48.098+0000] {logging_mixin.py:190} INFO - [2026-02-21T23:35:48.098+0000] {dag.py:3239} INFO - Sync 1 DAGs
[2026-02-21T23:35:48.105+0000] {logging_mixin.py:190} INFO - [2026-02-21T23:35:48.105+0000] {dag.py:4180} INFO - Setting next_dagrun for core_osm_table_generator to None, run_after=None
[2026-02-21T23:35:48.111+0000] {processor.py:208} INFO - Processing /opt/airflow/dags/core_osm_table_generator_dag.py took 1.500 seconds
[2026-02-21T23:36:18.513+0000] {processor.py:186} INFO - Started process (PID=1624) to work on /opt/airflow/dags/core_osm_table_generator_dag.py
[2026-02-21T23:36:18.514+0000] {processor.py:914} INFO - Processing file /opt/airflow/dags/core_osm_table_generator_dag.py for tasks to queue
[2026-02-21T23:36:18.516+0000] {logging_mixin.py:190} INFO - [2026-02-21T23:36:18.515+0000] {dagbag.py:588} INFO - Filling up the DagBag from /opt/airflow/dags/core_osm_table_generator_dag.py
[2026-02-21T23:36:19.027+0000] {processor.py:925} INFO - DAG(s) 'core_osm_table_generator' retrieved from /opt/airflow/dags/core_osm_table_generator_dag.py
[2026-02-21T23:36:20.053+0000] {logging_mixin.py:190} INFO - [2026-02-21T23:36:20.053+0000] {dag.py:3239} INFO - Sync 1 DAGs
[2026-02-21T23:36:20.063+0000] {logging_mixin.py:190} INFO - [2026-02-21T23:36:20.063+0000] {dag.py:4180} INFO - Setting next_dagrun for core_osm_table_generator to None, run_after=None
[2026-02-21T23:36:20.075+0000] {processor.py:208} INFO - Processing /opt/airflow/dags/core_osm_table_generator_dag.py took 1.573 seconds
[2026-02-21T23:36:50.441+0000] {processor.py:186} INFO - Started process (PID=1625) to work on /opt/airflow/dags/core_osm_table_generator_dag.py
[2026-02-21T23:36:50.443+0000] {processor.py:914} INFO - Processing file /opt/airflow/dags/core_osm_table_generator_dag.py for tasks to queue
[2026-02-21T23:36:50.444+0000] {logging_mixin.py:190} INFO - [2026-02-21T23:36:50.444+0000] {dagbag.py:588} INFO - Filling up the DagBag from /opt/airflow/dags/core_osm_table_generator_dag.py
[2026-02-21T23:36:50.939+0000] {processor.py:925} INFO - DAG(s) 'core_osm_table_generator' retrieved from /opt/airflow/dags/core_osm_table_generator_dag.py
[2026-02-21T23:36:51.948+0000] {logging_mixin.py:190} INFO - [2026-02-21T23:36:51.948+0000] {dag.py:3239} INFO - Sync 1 DAGs
[2026-02-21T23:36:52.168+0000] {logging_mixin.py:190} INFO - [2026-02-21T23:36:52.168+0000] {dag.py:4180} INFO - Setting next_dagrun for core_osm_table_generator to None, run_after=None
[2026-02-21T23:36:52.180+0000] {processor.py:208} INFO - Processing /opt/airflow/dags/core_osm_table_generator_dag.py took 1.748 seconds
[2026-02-21T23:37:22.615+0000] {processor.py:186} INFO - Started process (PID=1626) to work on /opt/airflow/dags/core_osm_table_generator_dag.py
[2026-02-21T23:37:22.618+0000] {processor.py:914} INFO - Processing file /opt/airflow/dags/core_osm_table_generator_dag.py for tasks to queue
[2026-02-21T23:37:22.619+0000] {logging_mixin.py:190} INFO - [2026-02-21T23:37:22.619+0000] {dagbag.py:588} INFO - Filling up the DagBag from /opt/airflow/dags/core_osm_table_generator_dag.py
[2026-02-21T23:37:23.123+0000] {processor.py:925} INFO - DAG(s) 'core_osm_table_generator' retrieved from /opt/airflow/dags/core_osm_table_generator_dag.py
[2026-02-21T23:37:24.360+0000] {logging_mixin.py:190} INFO - [2026-02-21T23:37:24.360+0000] {dag.py:3239} INFO - Sync 1 DAGs
[2026-02-21T23:37:24.368+0000] {logging_mixin.py:190} INFO - [2026-02-21T23:37:24.367+0000] {dag.py:4180} INFO - Setting next_dagrun for core_osm_table_generator to None, run_after=None
[2026-02-21T23:37:24.375+0000] {processor.py:208} INFO - Processing /opt/airflow/dags/core_osm_table_generator_dag.py took 1.772 seconds
[2026-02-21T23:37:54.569+0000] {processor.py:186} INFO - Started process (PID=1627) to work on /opt/airflow/dags/core_osm_table_generator_dag.py
[2026-02-21T23:37:54.570+0000] {processor.py:914} INFO - Processing file /opt/airflow/dags/core_osm_table_generator_dag.py for tasks to queue
[2026-02-21T23:37:54.571+0000] {logging_mixin.py:190} INFO - [2026-02-21T23:37:54.571+0000] {dagbag.py:588} INFO - Filling up the DagBag from /opt/airflow/dags/core_osm_table_generator_dag.py
[2026-02-21T23:37:55.041+0000] {processor.py:925} INFO - DAG(s) 'core_osm_table_generator' retrieved from /opt/airflow/dags/core_osm_table_generator_dag.py
[2026-02-21T23:37:56.033+0000] {logging_mixin.py:190} INFO - [2026-02-21T23:37:56.033+0000] {dag.py:3239} INFO - Sync 1 DAGs
[2026-02-21T23:37:56.040+0000] {logging_mixin.py:190} INFO - [2026-02-21T23:37:56.040+0000] {dag.py:4180} INFO - Setting next_dagrun for core_osm_table_generator to None, run_after=None
[2026-02-21T23:37:56.047+0000] {processor.py:208} INFO - Processing /opt/airflow/dags/core_osm_table_generator_dag.py took 1.485 seconds
[2026-02-21T23:38:26.477+0000] {processor.py:186} INFO - Started process (PID=1628) to work on /opt/airflow/dags/core_osm_table_generator_dag.py
[2026-02-21T23:38:26.481+0000] {processor.py:914} INFO - Processing file /opt/airflow/dags/core_osm_table_generator_dag.py for tasks to queue
[2026-02-21T23:38:26.484+0000] {logging_mixin.py:190} INFO - [2026-02-21T23:38:26.483+0000] {dagbag.py:588} INFO - Filling up the DagBag from /opt/airflow/dags/core_osm_table_generator_dag.py
[2026-02-21T23:38:26.995+0000] {processor.py:925} INFO - DAG(s) 'core_osm_table_generator' retrieved from /opt/airflow/dags/core_osm_table_generator_dag.py
[2026-02-21T23:38:28.007+0000] {logging_mixin.py:190} INFO - [2026-02-21T23:38:28.007+0000] {dag.py:3239} INFO - Sync 1 DAGs
[2026-02-21T23:38:28.018+0000] {logging_mixin.py:190} INFO - [2026-02-21T23:38:28.018+0000] {dag.py:4180} INFO - Setting next_dagrun for core_osm_table_generator to None, run_after=None
[2026-02-21T23:38:28.032+0000] {processor.py:208} INFO - Processing /opt/airflow/dags/core_osm_table_generator_dag.py took 1.595 seconds
[2026-02-21T23:38:58.445+0000] {processor.py:186} INFO - Started process (PID=1629) to work on /opt/airflow/dags/core_osm_table_generator_dag.py
[2026-02-21T23:38:58.447+0000] {processor.py:914} INFO - Processing file /opt/airflow/dags/core_osm_table_generator_dag.py for tasks to queue
[2026-02-21T23:38:58.448+0000] {logging_mixin.py:190} INFO - [2026-02-21T23:38:58.447+0000] {dagbag.py:588} INFO - Filling up the DagBag from /opt/airflow/dags/core_osm_table_generator_dag.py
[2026-02-21T23:38:58.916+0000] {processor.py:925} INFO - DAG(s) 'core_osm_table_generator' retrieved from /opt/airflow/dags/core_osm_table_generator_dag.py
[2026-02-21T23:38:59.904+0000] {logging_mixin.py:190} INFO - [2026-02-21T23:38:59.904+0000] {dag.py:3239} INFO - Sync 1 DAGs
[2026-02-21T23:39:00.118+0000] {logging_mixin.py:190} INFO - [2026-02-21T23:39:00.118+0000] {dag.py:4180} INFO - Setting next_dagrun for core_osm_table_generator to None, run_after=None
[2026-02-21T23:39:00.126+0000] {processor.py:208} INFO - Processing /opt/airflow/dags/core_osm_table_generator_dag.py took 1.690 seconds
[2026-02-21T23:39:30.564+0000] {processor.py:186} INFO - Started process (PID=1630) to work on /opt/airflow/dags/core_osm_table_generator_dag.py
[2026-02-21T23:39:30.566+0000] {processor.py:914} INFO - Processing file /opt/airflow/dags/core_osm_table_generator_dag.py for tasks to queue
[2026-02-21T23:39:30.568+0000] {logging_mixin.py:190} INFO - [2026-02-21T23:39:30.567+0000] {dagbag.py:588} INFO - Filling up the DagBag from /opt/airflow/dags/core_osm_table_generator_dag.py
[2026-02-21T23:39:31.077+0000] {processor.py:925} INFO - DAG(s) 'core_osm_table_generator' retrieved from /opt/airflow/dags/core_osm_table_generator_dag.py
[2026-02-21T23:39:32.281+0000] {logging_mixin.py:190} INFO - [2026-02-21T23:39:32.281+0000] {dag.py:3239} INFO - Sync 1 DAGs
[2026-02-21T23:39:32.288+0000] {logging_mixin.py:190} INFO - [2026-02-21T23:39:32.288+0000] {dag.py:4180} INFO - Setting next_dagrun for core_osm_table_generator to None, run_after=None
[2026-02-21T23:39:32.296+0000] {processor.py:208} INFO - Processing /opt/airflow/dags/core_osm_table_generator_dag.py took 1.740 seconds
[2026-02-21T23:40:02.512+0000] {processor.py:186} INFO - Started process (PID=1631) to work on /opt/airflow/dags/core_osm_table_generator_dag.py
[2026-02-21T23:40:02.514+0000] {processor.py:914} INFO - Processing file /opt/airflow/dags/core_osm_table_generator_dag.py for tasks to queue
[2026-02-21T23:40:02.515+0000] {logging_mixin.py:190} INFO - [2026-02-21T23:40:02.515+0000] {dagbag.py:588} INFO - Filling up the DagBag from /opt/airflow/dags/core_osm_table_generator_dag.py
[2026-02-21T23:40:02.992+0000] {processor.py:925} INFO - DAG(s) 'core_osm_table_generator' retrieved from /opt/airflow/dags/core_osm_table_generator_dag.py
[2026-02-21T23:40:03.992+0000] {logging_mixin.py:190} INFO - [2026-02-21T23:40:03.992+0000] {dag.py:3239} INFO - Sync 1 DAGs
[2026-02-21T23:40:03.999+0000] {logging_mixin.py:190} INFO - [2026-02-21T23:40:03.999+0000] {dag.py:4180} INFO - Setting next_dagrun for core_osm_table_generator to None, run_after=None
[2026-02-21T23:40:04.007+0000] {processor.py:208} INFO - Processing /opt/airflow/dags/core_osm_table_generator_dag.py took 1.503 seconds
[2026-02-21T23:40:34.439+0000] {processor.py:186} INFO - Started process (PID=1632) to work on /opt/airflow/dags/core_osm_table_generator_dag.py
[2026-02-21T23:40:34.441+0000] {processor.py:914} INFO - Processing file /opt/airflow/dags/core_osm_table_generator_dag.py for tasks to queue
[2026-02-21T23:40:34.442+0000] {logging_mixin.py:190} INFO - [2026-02-21T23:40:34.442+0000] {dagbag.py:588} INFO - Filling up the DagBag from /opt/airflow/dags/core_osm_table_generator_dag.py
[2026-02-21T23:40:34.946+0000] {processor.py:925} INFO - DAG(s) 'core_osm_table_generator' retrieved from /opt/airflow/dags/core_osm_table_generator_dag.py
[2026-02-21T23:40:35.959+0000] {logging_mixin.py:190} INFO - [2026-02-21T23:40:35.959+0000] {dag.py:3239} INFO - Sync 1 DAGs
[2026-02-21T23:40:35.972+0000] {logging_mixin.py:190} INFO - [2026-02-21T23:40:35.971+0000] {dag.py:4180} INFO - Setting next_dagrun for core_osm_table_generator to None, run_after=None
[2026-02-21T23:40:35.984+0000] {processor.py:208} INFO - Processing /opt/airflow/dags/core_osm_table_generator_dag.py took 1.557 seconds
[2026-02-21T23:41:06.399+0000] {processor.py:186} INFO - Started process (PID=1633) to work on /opt/airflow/dags/core_osm_table_generator_dag.py
[2026-02-21T23:41:06.400+0000] {processor.py:914} INFO - Processing file /opt/airflow/dags/core_osm_table_generator_dag.py for tasks to queue
[2026-02-21T23:41:06.401+0000] {logging_mixin.py:190} INFO - [2026-02-21T23:41:06.401+0000] {dagbag.py:588} INFO - Filling up the DagBag from /opt/airflow/dags/core_osm_table_generator_dag.py
[2026-02-21T23:41:07.012+0000] {processor.py:925} INFO - DAG(s) 'core_osm_table_generator' retrieved from /opt/airflow/dags/core_osm_table_generator_dag.py
[2026-02-21T23:41:08.036+0000] {logging_mixin.py:190} INFO - [2026-02-21T23:41:08.036+0000] {dag.py:3239} INFO - Sync 1 DAGs
[2026-02-21T23:41:08.259+0000] {logging_mixin.py:190} INFO - [2026-02-21T23:41:08.259+0000] {dag.py:4180} INFO - Setting next_dagrun for core_osm_table_generator to None, run_after=None
[2026-02-21T23:41:08.267+0000] {processor.py:208} INFO - Processing /opt/airflow/dags/core_osm_table_generator_dag.py took 1.878 seconds
[2026-02-21T23:41:38.740+0000] {processor.py:186} INFO - Started process (PID=1634) to work on /opt/airflow/dags/core_osm_table_generator_dag.py
[2026-02-21T23:41:38.742+0000] {processor.py:914} INFO - Processing file /opt/airflow/dags/core_osm_table_generator_dag.py for tasks to queue
[2026-02-21T23:41:38.743+0000] {logging_mixin.py:190} INFO - [2026-02-21T23:41:38.743+0000] {dagbag.py:588} INFO - Filling up the DagBag from /opt/airflow/dags/core_osm_table_generator_dag.py
[2026-02-21T23:41:39.222+0000] {processor.py:925} INFO - DAG(s) 'core_osm_table_generator' retrieved from /opt/airflow/dags/core_osm_table_generator_dag.py
[2026-02-21T23:41:40.373+0000] {logging_mixin.py:190} INFO - [2026-02-21T23:41:40.372+0000] {dag.py:3239} INFO - Sync 1 DAGs
[2026-02-21T23:41:40.380+0000] {logging_mixin.py:190} INFO - [2026-02-21T23:41:40.380+0000] {dag.py:4180} INFO - Setting next_dagrun for core_osm_table_generator to None, run_after=None
[2026-02-21T23:41:40.387+0000] {processor.py:208} INFO - Processing /opt/airflow/dags/core_osm_table_generator_dag.py took 1.670 seconds
[2026-02-21T23:42:10.534+0000] {processor.py:186} INFO - Started process (PID=1635) to work on /opt/airflow/dags/core_osm_table_generator_dag.py
[2026-02-21T23:42:10.536+0000] {processor.py:914} INFO - Processing file /opt/airflow/dags/core_osm_table_generator_dag.py for tasks to queue
[2026-02-21T23:42:10.538+0000] {logging_mixin.py:190} INFO - [2026-02-21T23:42:10.537+0000] {dagbag.py:588} INFO - Filling up the DagBag from /opt/airflow/dags/core_osm_table_generator_dag.py
[2026-02-21T23:42:11.038+0000] {processor.py:925} INFO - DAG(s) 'core_osm_table_generator' retrieved from /opt/airflow/dags/core_osm_table_generator_dag.py
[2026-02-21T23:42:12.062+0000] {logging_mixin.py:190} INFO - [2026-02-21T23:42:12.062+0000] {dag.py:3239} INFO - Sync 1 DAGs
[2026-02-21T23:42:12.093+0000] {logging_mixin.py:190} INFO - [2026-02-21T23:42:12.093+0000] {dag.py:4180} INFO - Setting next_dagrun for core_osm_table_generator to None, run_after=None
[2026-02-21T23:42:12.103+0000] {processor.py:208} INFO - Processing /opt/airflow/dags/core_osm_table_generator_dag.py took 1.580 seconds
[2026-02-21T23:42:42.150+0000] {processor.py:186} INFO - Started process (PID=1636) to work on /opt/airflow/dags/core_osm_table_generator_dag.py
[2026-02-21T23:42:42.153+0000] {processor.py:914} INFO - Processing file /opt/airflow/dags/core_osm_table_generator_dag.py for tasks to queue
[2026-02-21T23:42:42.154+0000] {logging_mixin.py:190} INFO - [2026-02-21T23:42:42.154+0000] {dagbag.py:588} INFO - Filling up the DagBag from /opt/airflow/dags/core_osm_table_generator_dag.py
[2026-02-21T23:42:42.637+0000] {processor.py:925} INFO - DAG(s) 'core_osm_table_generator' retrieved from /opt/airflow/dags/core_osm_table_generator_dag.py
[2026-02-21T23:42:43.630+0000] {logging_mixin.py:190} INFO - [2026-02-21T23:42:43.630+0000] {dag.py:3239} INFO - Sync 1 DAGs
[2026-02-21T23:42:43.638+0000] {logging_mixin.py:190} INFO - [2026-02-21T23:42:43.638+0000] {dag.py:4180} INFO - Setting next_dagrun for core_osm_table_generator to None, run_after=None
[2026-02-21T23:42:43.649+0000] {processor.py:208} INFO - Processing /opt/airflow/dags/core_osm_table_generator_dag.py took 1.507 seconds
[2026-02-21T23:43:13.841+0000] {processor.py:186} INFO - Started process (PID=1637) to work on /opt/airflow/dags/core_osm_table_generator_dag.py
[2026-02-21T23:43:13.843+0000] {processor.py:914} INFO - Processing file /opt/airflow/dags/core_osm_table_generator_dag.py for tasks to queue
[2026-02-21T23:43:13.844+0000] {logging_mixin.py:190} INFO - [2026-02-21T23:43:13.844+0000] {dagbag.py:588} INFO - Filling up the DagBag from /opt/airflow/dags/core_osm_table_generator_dag.py
[2026-02-21T23:43:14.336+0000] {processor.py:925} INFO - DAG(s) 'core_osm_table_generator' retrieved from /opt/airflow/dags/core_osm_table_generator_dag.py
[2026-02-21T23:43:15.351+0000] {logging_mixin.py:190} INFO - [2026-02-21T23:43:15.351+0000] {dag.py:3239} INFO - Sync 1 DAGs
[2026-02-21T23:43:15.572+0000] {logging_mixin.py:190} INFO - [2026-02-21T23:43:15.572+0000] {dag.py:4180} INFO - Setting next_dagrun for core_osm_table_generator to None, run_after=None
[2026-02-21T23:43:15.580+0000] {processor.py:208} INFO - Processing /opt/airflow/dags/core_osm_table_generator_dag.py took 1.751 seconds
[2026-02-21T23:43:46.017+0000] {processor.py:186} INFO - Started process (PID=1638) to work on /opt/airflow/dags/core_osm_table_generator_dag.py
[2026-02-21T23:43:46.018+0000] {processor.py:914} INFO - Processing file /opt/airflow/dags/core_osm_table_generator_dag.py for tasks to queue
[2026-02-21T23:43:46.020+0000] {logging_mixin.py:190} INFO - [2026-02-21T23:43:46.019+0000] {dagbag.py:588} INFO - Filling up the DagBag from /opt/airflow/dags/core_osm_table_generator_dag.py
[2026-02-21T23:43:46.503+0000] {processor.py:925} INFO - DAG(s) 'core_osm_table_generator' retrieved from /opt/airflow/dags/core_osm_table_generator_dag.py
[2026-02-21T23:43:47.599+0000] {logging_mixin.py:190} INFO - [2026-02-21T23:43:47.599+0000] {dag.py:3239} INFO - Sync 1 DAGs
[2026-02-21T23:43:47.614+0000] {logging_mixin.py:190} INFO - [2026-02-21T23:43:47.613+0000] {dag.py:4180} INFO - Setting next_dagrun for core_osm_table_generator to None, run_after=None
[2026-02-21T23:43:47.626+0000] {processor.py:208} INFO - Processing /opt/airflow/dags/core_osm_table_generator_dag.py took 1.618 seconds
[2026-02-21T23:44:17.754+0000] {processor.py:186} INFO - Started process (PID=1639) to work on /opt/airflow/dags/core_osm_table_generator_dag.py
[2026-02-21T23:44:17.762+0000] {processor.py:914} INFO - Processing file /opt/airflow/dags/core_osm_table_generator_dag.py for tasks to queue
[2026-02-21T23:44:17.764+0000] {logging_mixin.py:190} INFO - [2026-02-21T23:44:17.763+0000] {dagbag.py:588} INFO - Filling up the DagBag from /opt/airflow/dags/core_osm_table_generator_dag.py
[2026-02-21T23:44:18.320+0000] {processor.py:925} INFO - DAG(s) 'core_osm_table_generator' retrieved from /opt/airflow/dags/core_osm_table_generator_dag.py
[2026-02-21T23:44:19.409+0000] {logging_mixin.py:190} INFO - [2026-02-21T23:44:19.409+0000] {dag.py:3239} INFO - Sync 1 DAGs
[2026-02-21T23:44:19.470+0000] {logging_mixin.py:190} INFO - [2026-02-21T23:44:19.469+0000] {dag.py:4180} INFO - Setting next_dagrun for core_osm_table_generator to None, run_after=None
[2026-02-21T23:44:19.517+0000] {processor.py:208} INFO - Processing /opt/airflow/dags/core_osm_table_generator_dag.py took 1.804 seconds
[2026-02-21T23:44:49.932+0000] {processor.py:186} INFO - Started process (PID=1640) to work on /opt/airflow/dags/core_osm_table_generator_dag.py
[2026-02-21T23:44:49.933+0000] {processor.py:914} INFO - Processing file /opt/airflow/dags/core_osm_table_generator_dag.py for tasks to queue
[2026-02-21T23:44:49.934+0000] {logging_mixin.py:190} INFO - [2026-02-21T23:44:49.934+0000] {dagbag.py:588} INFO - Filling up the DagBag from /opt/airflow/dags/core_osm_table_generator_dag.py
[2026-02-21T23:44:50.398+0000] {processor.py:925} INFO - DAG(s) 'core_osm_table_generator' retrieved from /opt/airflow/dags/core_osm_table_generator_dag.py
[2026-02-21T23:44:51.394+0000] {logging_mixin.py:190} INFO - [2026-02-21T23:44:51.394+0000] {dag.py:3239} INFO - Sync 1 DAGs
[2026-02-21T23:44:51.400+0000] {logging_mixin.py:190} INFO - [2026-02-21T23:44:51.400+0000] {dag.py:4180} INFO - Setting next_dagrun for core_osm_table_generator to None, run_after=None
[2026-02-21T23:44:51.410+0000] {processor.py:208} INFO - Processing /opt/airflow/dags/core_osm_table_generator_dag.py took 1.486 seconds
[2026-02-21T23:45:21.825+0000] {processor.py:186} INFO - Started process (PID=1641) to work on /opt/airflow/dags/core_osm_table_generator_dag.py
[2026-02-21T23:45:21.828+0000] {processor.py:914} INFO - Processing file /opt/airflow/dags/core_osm_table_generator_dag.py for tasks to queue
[2026-02-21T23:45:21.830+0000] {logging_mixin.py:190} INFO - [2026-02-21T23:45:21.829+0000] {dagbag.py:588} INFO - Filling up the DagBag from /opt/airflow/dags/core_osm_table_generator_dag.py
[2026-02-21T23:45:22.339+0000] {processor.py:925} INFO - DAG(s) 'core_osm_table_generator' retrieved from /opt/airflow/dags/core_osm_table_generator_dag.py
[2026-02-21T23:45:23.420+0000] {logging_mixin.py:190} INFO - [2026-02-21T23:45:23.420+0000] {dag.py:3239} INFO - Sync 1 DAGs
[2026-02-21T23:45:23.668+0000] {logging_mixin.py:190} INFO - [2026-02-21T23:45:23.668+0000] {dag.py:4180} INFO - Setting next_dagrun for core_osm_table_generator to None, run_after=None
[2026-02-21T23:45:23.676+0000] {processor.py:208} INFO - Processing /opt/airflow/dags/core_osm_table_generator_dag.py took 1.863 seconds
[2026-02-21T23:45:54.048+0000] {processor.py:186} INFO - Started process (PID=1642) to work on /opt/airflow/dags/core_osm_table_generator_dag.py
[2026-02-21T23:45:54.049+0000] {processor.py:914} INFO - Processing file /opt/airflow/dags/core_osm_table_generator_dag.py for tasks to queue
[2026-02-21T23:45:54.050+0000] {logging_mixin.py:190} INFO - [2026-02-21T23:45:54.050+0000] {dagbag.py:588} INFO - Filling up the DagBag from /opt/airflow/dags/core_osm_table_generator_dag.py
[2026-02-21T23:45:54.518+0000] {processor.py:925} INFO - DAG(s) 'core_osm_table_generator' retrieved from /opt/airflow/dags/core_osm_table_generator_dag.py
[2026-02-21T23:45:55.580+0000] {logging_mixin.py:190} INFO - [2026-02-21T23:45:55.580+0000] {dag.py:3239} INFO - Sync 1 DAGs
[2026-02-21T23:45:55.585+0000] {logging_mixin.py:190} INFO - [2026-02-21T23:45:55.585+0000] {dag.py:4180} INFO - Setting next_dagrun for core_osm_table_generator to None, run_after=None
[2026-02-21T23:45:55.591+0000] {processor.py:208} INFO - Processing /opt/airflow/dags/core_osm_table_generator_dag.py took 1.552 seconds
[2026-02-21T23:46:26.080+0000] {processor.py:186} INFO - Started process (PID=1643) to work on /opt/airflow/dags/core_osm_table_generator_dag.py
[2026-02-21T23:46:26.081+0000] {processor.py:914} INFO - Processing file /opt/airflow/dags/core_osm_table_generator_dag.py for tasks to queue
[2026-02-21T23:46:26.083+0000] {logging_mixin.py:190} INFO - [2026-02-21T23:46:26.083+0000] {dagbag.py:588} INFO - Filling up the DagBag from /opt/airflow/dags/core_osm_table_generator_dag.py
[2026-02-21T23:46:26.621+0000] {processor.py:925} INFO - DAG(s) 'core_osm_table_generator' retrieved from /opt/airflow/dags/core_osm_table_generator_dag.py
[2026-02-21T23:46:27.626+0000] {logging_mixin.py:190} INFO - [2026-02-21T23:46:27.626+0000] {dag.py:3239} INFO - Sync 1 DAGs
[2026-02-21T23:46:27.637+0000] {logging_mixin.py:190} INFO - [2026-02-21T23:46:27.637+0000] {dag.py:4180} INFO - Setting next_dagrun for core_osm_table_generator to None, run_after=None
[2026-02-21T23:46:27.645+0000] {processor.py:208} INFO - Processing /opt/airflow/dags/core_osm_table_generator_dag.py took 1.580 seconds
[2026-02-21T23:46:57.897+0000] {processor.py:186} INFO - Started process (PID=1644) to work on /opt/airflow/dags/core_osm_table_generator_dag.py
[2026-02-21T23:46:57.900+0000] {processor.py:914} INFO - Processing file /opt/airflow/dags/core_osm_table_generator_dag.py for tasks to queue
[2026-02-21T23:46:57.902+0000] {logging_mixin.py:190} INFO - [2026-02-21T23:46:57.902+0000] {dagbag.py:588} INFO - Filling up the DagBag from /opt/airflow/dags/core_osm_table_generator_dag.py
[2026-02-21T23:46:58.367+0000] {processor.py:925} INFO - DAG(s) 'core_osm_table_generator' retrieved from /opt/airflow/dags/core_osm_table_generator_dag.py
[2026-02-21T23:46:59.351+0000] {logging_mixin.py:190} INFO - [2026-02-21T23:46:59.351+0000] {dag.py:3239} INFO - Sync 1 DAGs
[2026-02-21T23:46:59.359+0000] {logging_mixin.py:190} INFO - [2026-02-21T23:46:59.359+0000] {dag.py:4180} INFO - Setting next_dagrun for core_osm_table_generator to None, run_after=None
[2026-02-21T23:46:59.371+0000] {processor.py:208} INFO - Processing /opt/airflow/dags/core_osm_table_generator_dag.py took 1.483 seconds
[2026-02-21T23:47:29.787+0000] {processor.py:186} INFO - Started process (PID=1645) to work on /opt/airflow/dags/core_osm_table_generator_dag.py
[2026-02-21T23:47:29.799+0000] {processor.py:914} INFO - Processing file /opt/airflow/dags/core_osm_table_generator_dag.py for tasks to queue
[2026-02-21T23:47:29.805+0000] {logging_mixin.py:190} INFO - [2026-02-21T23:47:29.802+0000] {dagbag.py:588} INFO - Filling up the DagBag from /opt/airflow/dags/core_osm_table_generator_dag.py
[2026-02-21T23:47:30.340+0000] {processor.py:925} INFO - DAG(s) 'core_osm_table_generator' retrieved from /opt/airflow/dags/core_osm_table_generator_dag.py
[2026-02-21T23:47:31.355+0000] {logging_mixin.py:190} INFO - [2026-02-21T23:47:31.355+0000] {dag.py:3239} INFO - Sync 1 DAGs
[2026-02-21T23:47:31.562+0000] {logging_mixin.py:190} INFO - [2026-02-21T23:47:31.562+0000] {dag.py:4180} INFO - Setting next_dagrun for core_osm_table_generator to None, run_after=None
[2026-02-21T23:47:31.572+0000] {processor.py:208} INFO - Processing /opt/airflow/dags/core_osm_table_generator_dag.py took 1.805 seconds
[2026-02-21T23:48:01.811+0000] {processor.py:186} INFO - Started process (PID=1646) to work on /opt/airflow/dags/core_osm_table_generator_dag.py
[2026-02-21T23:48:01.813+0000] {processor.py:914} INFO - Processing file /opt/airflow/dags/core_osm_table_generator_dag.py for tasks to queue
[2026-02-21T23:48:01.814+0000] {logging_mixin.py:190} INFO - [2026-02-21T23:48:01.813+0000] {dagbag.py:588} INFO - Filling up the DagBag from /opt/airflow/dags/core_osm_table_generator_dag.py
[2026-02-21T23:48:02.325+0000] {processor.py:925} INFO - DAG(s) 'core_osm_table_generator' retrieved from /opt/airflow/dags/core_osm_table_generator_dag.py
[2026-02-21T23:48:03.526+0000] {logging_mixin.py:190} INFO - [2026-02-21T23:48:03.526+0000] {dag.py:3239} INFO - Sync 1 DAGs
[2026-02-21T23:48:03.533+0000] {logging_mixin.py:190} INFO - [2026-02-21T23:48:03.533+0000] {dag.py:4180} INFO - Setting next_dagrun for core_osm_table_generator to None, run_after=None
[2026-02-21T23:48:03.540+0000] {processor.py:208} INFO - Processing /opt/airflow/dags/core_osm_table_generator_dag.py took 1.739 seconds
[2026-02-21T23:48:34.000+0000] {processor.py:186} INFO - Started process (PID=1647) to work on /opt/airflow/dags/core_osm_table_generator_dag.py
[2026-02-21T23:48:34.001+0000] {processor.py:914} INFO - Processing file /opt/airflow/dags/core_osm_table_generator_dag.py for tasks to queue
[2026-02-21T23:48:34.002+0000] {logging_mixin.py:190} INFO - [2026-02-21T23:48:34.002+0000] {dagbag.py:588} INFO - Filling up the DagBag from /opt/airflow/dags/core_osm_table_generator_dag.py
[2026-02-21T23:48:34.499+0000] {processor.py:925} INFO - DAG(s) 'core_osm_table_generator' retrieved from /opt/airflow/dags/core_osm_table_generator_dag.py
[2026-02-21T23:48:35.526+0000] {logging_mixin.py:190} INFO - [2026-02-21T23:48:35.526+0000] {dag.py:3239} INFO - Sync 1 DAGs
[2026-02-21T23:48:35.537+0000] {logging_mixin.py:190} INFO - [2026-02-21T23:48:35.537+0000] {dag.py:4180} INFO - Setting next_dagrun for core_osm_table_generator to None, run_after=None
[2026-02-21T23:48:35.552+0000] {processor.py:208} INFO - Processing /opt/airflow/dags/core_osm_table_generator_dag.py took 1.585 seconds
[2026-02-21T23:49:05.670+0000] {processor.py:186} INFO - Started process (PID=1648) to work on /opt/airflow/dags/core_osm_table_generator_dag.py
[2026-02-21T23:49:05.673+0000] {processor.py:914} INFO - Processing file /opt/airflow/dags/core_osm_table_generator_dag.py for tasks to queue
[2026-02-21T23:49:05.674+0000] {logging_mixin.py:190} INFO - [2026-02-21T23:49:05.674+0000] {dagbag.py:588} INFO - Filling up the DagBag from /opt/airflow/dags/core_osm_table_generator_dag.py
[2026-02-21T23:49:06.208+0000] {processor.py:925} INFO - DAG(s) 'core_osm_table_generator' retrieved from /opt/airflow/dags/core_osm_table_generator_dag.py
[2026-02-21T23:49:07.344+0000] {logging_mixin.py:190} INFO - [2026-02-21T23:49:07.344+0000] {dag.py:3239} INFO - Sync 1 DAGs
[2026-02-21T23:49:07.359+0000] {logging_mixin.py:190} INFO - [2026-02-21T23:49:07.359+0000] {dag.py:4180} INFO - Setting next_dagrun for core_osm_table_generator to None, run_after=None
[2026-02-21T23:49:07.374+0000] {processor.py:208} INFO - Processing /opt/airflow/dags/core_osm_table_generator_dag.py took 1.716 seconds
[2026-02-21T23:49:37.617+0000] {processor.py:186} INFO - Started process (PID=1649) to work on /opt/airflow/dags/core_osm_table_generator_dag.py
[2026-02-21T23:49:37.619+0000] {processor.py:914} INFO - Processing file /opt/airflow/dags/core_osm_table_generator_dag.py for tasks to queue
[2026-02-21T23:49:37.620+0000] {logging_mixin.py:190} INFO - [2026-02-21T23:49:37.620+0000] {dagbag.py:588} INFO - Filling up the DagBag from /opt/airflow/dags/core_osm_table_generator_dag.py
[2026-02-21T23:49:38.156+0000] {processor.py:925} INFO - DAG(s) 'core_osm_table_generator' retrieved from /opt/airflow/dags/core_osm_table_generator_dag.py
[2026-02-21T23:49:39.186+0000] {logging_mixin.py:190} INFO - [2026-02-21T23:49:39.186+0000] {dag.py:3239} INFO - Sync 1 DAGs
[2026-02-21T23:49:39.677+0000] {logging_mixin.py:190} INFO - [2026-02-21T23:49:39.677+0000] {dag.py:4180} INFO - Setting next_dagrun for core_osm_table_generator to None, run_after=None
[2026-02-21T23:49:39.685+0000] {processor.py:208} INFO - Processing /opt/airflow/dags/core_osm_table_generator_dag.py took 2.082 seconds
[2026-02-21T23:50:10.037+0000] {processor.py:186} INFO - Started process (PID=1650) to work on /opt/airflow/dags/core_osm_table_generator_dag.py
[2026-02-21T23:50:10.039+0000] {processor.py:914} INFO - Processing file /opt/airflow/dags/core_osm_table_generator_dag.py for tasks to queue
[2026-02-21T23:50:10.040+0000] {logging_mixin.py:190} INFO - [2026-02-21T23:50:10.040+0000] {dagbag.py:588} INFO - Filling up the DagBag from /opt/airflow/dags/core_osm_table_generator_dag.py
[2026-02-21T23:50:10.543+0000] {processor.py:925} INFO - DAG(s) 'core_osm_table_generator' retrieved from /opt/airflow/dags/core_osm_table_generator_dag.py
[2026-02-21T23:50:11.821+0000] {logging_mixin.py:190} INFO - [2026-02-21T23:50:11.821+0000] {dag.py:3239} INFO - Sync 1 DAGs
[2026-02-21T23:50:11.828+0000] {logging_mixin.py:190} INFO - [2026-02-21T23:50:11.828+0000] {dag.py:4180} INFO - Setting next_dagrun for core_osm_table_generator to None, run_after=None
[2026-02-21T23:50:11.836+0000] {processor.py:208} INFO - Processing /opt/airflow/dags/core_osm_table_generator_dag.py took 1.846 seconds
[2026-02-21T23:50:42.191+0000] {processor.py:186} INFO - Started process (PID=1651) to work on /opt/airflow/dags/core_osm_table_generator_dag.py
[2026-02-21T23:50:42.192+0000] {processor.py:914} INFO - Processing file /opt/airflow/dags/core_osm_table_generator_dag.py for tasks to queue
[2026-02-21T23:50:42.194+0000] {logging_mixin.py:190} INFO - [2026-02-21T23:50:42.193+0000] {dagbag.py:588} INFO - Filling up the DagBag from /opt/airflow/dags/core_osm_table_generator_dag.py
[2026-02-21T23:50:42.668+0000] {processor.py:925} INFO - DAG(s) 'core_osm_table_generator' retrieved from /opt/airflow/dags/core_osm_table_generator_dag.py
[2026-02-21T23:50:43.662+0000] {logging_mixin.py:190} INFO - [2026-02-21T23:50:43.662+0000] {dag.py:3239} INFO - Sync 1 DAGs
[2026-02-21T23:50:43.669+0000] {logging_mixin.py:190} INFO - [2026-02-21T23:50:43.669+0000] {dag.py:4180} INFO - Setting next_dagrun for core_osm_table_generator to None, run_after=None
[2026-02-21T23:50:43.676+0000] {processor.py:208} INFO - Processing /opt/airflow/dags/core_osm_table_generator_dag.py took 1.494 seconds
[2026-02-21T23:51:14.073+0000] {processor.py:186} INFO - Started process (PID=1652) to work on /opt/airflow/dags/core_osm_table_generator_dag.py
[2026-02-21T23:51:14.075+0000] {processor.py:914} INFO - Processing file /opt/airflow/dags/core_osm_table_generator_dag.py for tasks to queue
[2026-02-21T23:51:14.077+0000] {logging_mixin.py:190} INFO - [2026-02-21T23:51:14.076+0000] {dagbag.py:588} INFO - Filling up the DagBag from /opt/airflow/dags/core_osm_table_generator_dag.py
[2026-02-21T23:51:14.568+0000] {processor.py:925} INFO - DAG(s) 'core_osm_table_generator' retrieved from /opt/airflow/dags/core_osm_table_generator_dag.py
[2026-02-21T23:51:15.576+0000] {logging_mixin.py:190} INFO - [2026-02-21T23:51:15.576+0000] {dag.py:3239} INFO - Sync 1 DAGs
[2026-02-21T23:51:15.588+0000] {logging_mixin.py:190} INFO - [2026-02-21T23:51:15.588+0000] {dag.py:4180} INFO - Setting next_dagrun for core_osm_table_generator to None, run_after=None
[2026-02-21T23:51:15.600+0000] {processor.py:208} INFO - Processing /opt/airflow/dags/core_osm_table_generator_dag.py took 1.541 seconds
[2026-02-21T23:51:46.024+0000] {processor.py:186} INFO - Started process (PID=1653) to work on /opt/airflow/dags/core_osm_table_generator_dag.py
[2026-02-21T23:51:46.026+0000] {processor.py:914} INFO - Processing file /opt/airflow/dags/core_osm_table_generator_dag.py for tasks to queue
[2026-02-21T23:51:46.027+0000] {logging_mixin.py:190} INFO - [2026-02-21T23:51:46.027+0000] {dagbag.py:588} INFO - Filling up the DagBag from /opt/airflow/dags/core_osm_table_generator_dag.py
[2026-02-21T23:51:46.495+0000] {processor.py:925} INFO - DAG(s) 'core_osm_table_generator' retrieved from /opt/airflow/dags/core_osm_table_generator_dag.py
[2026-02-21T23:51:47.487+0000] {logging_mixin.py:190} INFO - [2026-02-21T23:51:47.487+0000] {dag.py:3239} INFO - Sync 1 DAGs
[2026-02-21T23:51:47.695+0000] {logging_mixin.py:190} INFO - [2026-02-21T23:51:47.695+0000] {dag.py:4180} INFO - Setting next_dagrun for core_osm_table_generator to None, run_after=None
[2026-02-21T23:51:47.703+0000] {processor.py:208} INFO - Processing /opt/airflow/dags/core_osm_table_generator_dag.py took 1.689 seconds
[2026-02-21T23:52:17.803+0000] {processor.py:186} INFO - Started process (PID=1654) to work on /opt/airflow/dags/core_osm_table_generator_dag.py
[2026-02-21T23:52:17.810+0000] {processor.py:914} INFO - Processing file /opt/airflow/dags/core_osm_table_generator_dag.py for tasks to queue
[2026-02-21T23:52:17.815+0000] {logging_mixin.py:190} INFO - [2026-02-21T23:52:17.813+0000] {dagbag.py:588} INFO - Filling up the DagBag from /opt/airflow/dags/core_osm_table_generator_dag.py
[2026-02-21T23:52:18.311+0000] {processor.py:925} INFO - DAG(s) 'core_osm_table_generator' retrieved from /opt/airflow/dags/core_osm_table_generator_dag.py
[2026-02-21T23:52:19.497+0000] {logging_mixin.py:190} INFO - [2026-02-21T23:52:19.496+0000] {dag.py:3239} INFO - Sync 1 DAGs
[2026-02-21T23:52:19.503+0000] {logging_mixin.py:190} INFO - [2026-02-21T23:52:19.503+0000] {dag.py:4180} INFO - Setting next_dagrun for core_osm_table_generator to None, run_after=None
[2026-02-21T23:52:19.510+0000] {processor.py:208} INFO - Processing /opt/airflow/dags/core_osm_table_generator_dag.py took 1.729 seconds
[2026-02-21T23:52:49.892+0000] {processor.py:186} INFO - Started process (PID=1655) to work on /opt/airflow/dags/core_osm_table_generator_dag.py
[2026-02-21T23:52:49.893+0000] {processor.py:914} INFO - Processing file /opt/airflow/dags/core_osm_table_generator_dag.py for tasks to queue
[2026-02-21T23:52:49.894+0000] {logging_mixin.py:190} INFO - [2026-02-21T23:52:49.893+0000] {dagbag.py:588} INFO - Filling up the DagBag from /opt/airflow/dags/core_osm_table_generator_dag.py
[2026-02-21T23:52:50.366+0000] {processor.py:925} INFO - DAG(s) 'core_osm_table_generator' retrieved from /opt/airflow/dags/core_osm_table_generator_dag.py
[2026-02-21T23:52:51.372+0000] {logging_mixin.py:190} INFO - [2026-02-21T23:52:51.372+0000] {dag.py:3239} INFO - Sync 1 DAGs
[2026-02-21T23:52:51.379+0000] {logging_mixin.py:190} INFO - [2026-02-21T23:52:51.379+0000] {dag.py:4180} INFO - Setting next_dagrun for core_osm_table_generator to None, run_after=None
[2026-02-21T23:52:51.386+0000] {processor.py:208} INFO - Processing /opt/airflow/dags/core_osm_table_generator_dag.py took 1.502 seconds
[2026-02-21T23:53:21.793+0000] {processor.py:186} INFO - Started process (PID=1656) to work on /opt/airflow/dags/core_osm_table_generator_dag.py
[2026-02-21T23:53:21.795+0000] {processor.py:914} INFO - Processing file /opt/airflow/dags/core_osm_table_generator_dag.py for tasks to queue
[2026-02-21T23:53:21.796+0000] {logging_mixin.py:190} INFO - [2026-02-21T23:53:21.796+0000] {dagbag.py:588} INFO - Filling up the DagBag from /opt/airflow/dags/core_osm_table_generator_dag.py
[2026-02-21T23:53:22.311+0000] {processor.py:925} INFO - DAG(s) 'core_osm_table_generator' retrieved from /opt/airflow/dags/core_osm_table_generator_dag.py
[2026-02-21T23:53:23.366+0000] {logging_mixin.py:190} INFO - [2026-02-21T23:53:23.366+0000] {dag.py:3239} INFO - Sync 1 DAGs
[2026-02-21T23:53:23.378+0000] {logging_mixin.py:190} INFO - [2026-02-21T23:53:23.378+0000] {dag.py:4180} INFO - Setting next_dagrun for core_osm_table_generator to None, run_after=None
[2026-02-21T23:53:23.390+0000] {processor.py:208} INFO - Processing /opt/airflow/dags/core_osm_table_generator_dag.py took 1.605 seconds
[2026-02-21T23:53:53.766+0000] {processor.py:186} INFO - Started process (PID=1657) to work on /opt/airflow/dags/core_osm_table_generator_dag.py
[2026-02-21T23:53:53.768+0000] {processor.py:914} INFO - Processing file /opt/airflow/dags/core_osm_table_generator_dag.py for tasks to queue
[2026-02-21T23:53:53.769+0000] {logging_mixin.py:190} INFO - [2026-02-21T23:53:53.769+0000] {dagbag.py:588} INFO - Filling up the DagBag from /opt/airflow/dags/core_osm_table_generator_dag.py
[2026-02-21T23:53:54.242+0000] {processor.py:925} INFO - DAG(s) 'core_osm_table_generator' retrieved from /opt/airflow/dags/core_osm_table_generator_dag.py
[2026-02-21T23:53:55.230+0000] {logging_mixin.py:190} INFO - [2026-02-21T23:53:55.230+0000] {dag.py:3239} INFO - Sync 1 DAGs
[2026-02-21T23:53:55.438+0000] {logging_mixin.py:190} INFO - [2026-02-21T23:53:55.438+0000] {dag.py:4180} INFO - Setting next_dagrun for core_osm_table_generator to None, run_after=None
[2026-02-21T23:53:55.446+0000] {processor.py:208} INFO - Processing /opt/airflow/dags/core_osm_table_generator_dag.py took 1.688 seconds
[2026-02-21T23:54:25.553+0000] {processor.py:186} INFO - Started process (PID=1658) to work on /opt/airflow/dags/core_osm_table_generator_dag.py
[2026-02-21T23:54:25.554+0000] {processor.py:914} INFO - Processing file /opt/airflow/dags/core_osm_table_generator_dag.py for tasks to queue
[2026-02-21T23:54:25.556+0000] {logging_mixin.py:190} INFO - [2026-02-21T23:54:25.556+0000] {dagbag.py:588} INFO - Filling up the DagBag from /opt/airflow/dags/core_osm_table_generator_dag.py
[2026-02-21T23:54:26.050+0000] {processor.py:925} INFO - DAG(s) 'core_osm_table_generator' retrieved from /opt/airflow/dags/core_osm_table_generator_dag.py
[2026-02-21T23:54:27.252+0000] {logging_mixin.py:190} INFO - [2026-02-21T23:54:27.251+0000] {dag.py:3239} INFO - Sync 1 DAGs
[2026-02-21T23:54:27.258+0000] {logging_mixin.py:190} INFO - [2026-02-21T23:54:27.258+0000] {dag.py:4180} INFO - Setting next_dagrun for core_osm_table_generator to None, run_after=None
[2026-02-21T23:54:27.266+0000] {processor.py:208} INFO - Processing /opt/airflow/dags/core_osm_table_generator_dag.py took 1.723 seconds
[2026-02-21T23:54:57.640+0000] {processor.py:186} INFO - Started process (PID=1659) to work on /opt/airflow/dags/core_osm_table_generator_dag.py
[2026-02-21T23:54:57.641+0000] {processor.py:914} INFO - Processing file /opt/airflow/dags/core_osm_table_generator_dag.py for tasks to queue
[2026-02-21T23:54:57.643+0000] {logging_mixin.py:190} INFO - [2026-02-21T23:54:57.642+0000] {dagbag.py:588} INFO - Filling up the DagBag from /opt/airflow/dags/core_osm_table_generator_dag.py
[2026-02-21T23:54:58.142+0000] {processor.py:925} INFO - DAG(s) 'core_osm_table_generator' retrieved from /opt/airflow/dags/core_osm_table_generator_dag.py
[2026-02-21T23:54:59.155+0000] {logging_mixin.py:190} INFO - [2026-02-21T23:54:59.155+0000] {dag.py:3239} INFO - Sync 1 DAGs
[2026-02-21T23:54:59.162+0000] {logging_mixin.py:190} INFO - [2026-02-21T23:54:59.162+0000] {dag.py:4180} INFO - Setting next_dagrun for core_osm_table_generator to None, run_after=None
[2026-02-21T23:54:59.169+0000] {processor.py:208} INFO - Processing /opt/airflow/dags/core_osm_table_generator_dag.py took 1.539 seconds
[2026-02-21T23:55:29.575+0000] {processor.py:186} INFO - Started process (PID=1660) to work on /opt/airflow/dags/core_osm_table_generator_dag.py
[2026-02-21T23:55:29.575+0000] {processor.py:914} INFO - Processing file /opt/airflow/dags/core_osm_table_generator_dag.py for tasks to queue
[2026-02-21T23:55:29.577+0000] {logging_mixin.py:190} INFO - [2026-02-21T23:55:29.577+0000] {dagbag.py:588} INFO - Filling up the DagBag from /opt/airflow/dags/core_osm_table_generator_dag.py
[2026-02-21T23:55:30.069+0000] {processor.py:925} INFO - DAG(s) 'core_osm_table_generator' retrieved from /opt/airflow/dags/core_osm_table_generator_dag.py
[2026-02-21T23:55:31.076+0000] {logging_mixin.py:190} INFO - [2026-02-21T23:55:31.075+0000] {dag.py:3239} INFO - Sync 1 DAGs
[2026-02-21T23:55:31.086+0000] {logging_mixin.py:190} INFO - [2026-02-21T23:55:31.086+0000] {dag.py:4180} INFO - Setting next_dagrun for core_osm_table_generator to None, run_after=None
[2026-02-21T23:55:31.105+0000] {processor.py:208} INFO - Processing /opt/airflow/dags/core_osm_table_generator_dag.py took 1.541 seconds
[2026-02-21T23:56:01.511+0000] {processor.py:186} INFO - Started process (PID=1661) to work on /opt/airflow/dags/core_osm_table_generator_dag.py
[2026-02-21T23:56:01.512+0000] {processor.py:914} INFO - Processing file /opt/airflow/dags/core_osm_table_generator_dag.py for tasks to queue
[2026-02-21T23:56:01.513+0000] {logging_mixin.py:190} INFO - [2026-02-21T23:56:01.512+0000] {dagbag.py:588} INFO - Filling up the DagBag from /opt/airflow/dags/core_osm_table_generator_dag.py
[2026-02-21T23:56:01.988+0000] {processor.py:925} INFO - DAG(s) 'core_osm_table_generator' retrieved from /opt/airflow/dags/core_osm_table_generator_dag.py
[2026-02-21T23:56:02.980+0000] {logging_mixin.py:190} INFO - [2026-02-21T23:56:02.980+0000] {dag.py:3239} INFO - Sync 1 DAGs
[2026-02-21T23:56:03.183+0000] {logging_mixin.py:190} INFO - [2026-02-21T23:56:03.183+0000] {dag.py:4180} INFO - Setting next_dagrun for core_osm_table_generator to None, run_after=None
[2026-02-21T23:56:03.191+0000] {processor.py:208} INFO - Processing /opt/airflow/dags/core_osm_table_generator_dag.py took 1.686 seconds
[2026-02-21T23:56:33.407+0000] {processor.py:186} INFO - Started process (PID=1662) to work on /opt/airflow/dags/core_osm_table_generator_dag.py
[2026-02-21T23:56:33.409+0000] {processor.py:914} INFO - Processing file /opt/airflow/dags/core_osm_table_generator_dag.py for tasks to queue
[2026-02-21T23:56:33.410+0000] {logging_mixin.py:190} INFO - [2026-02-21T23:56:33.410+0000] {dagbag.py:588} INFO - Filling up the DagBag from /opt/airflow/dags/core_osm_table_generator_dag.py
[2026-02-21T23:56:33.927+0000] {processor.py:925} INFO - DAG(s) 'core_osm_table_generator' retrieved from /opt/airflow/dags/core_osm_table_generator_dag.py
[2026-02-21T23:56:35.128+0000] {logging_mixin.py:190} INFO - [2026-02-21T23:56:35.128+0000] {dag.py:3239} INFO - Sync 1 DAGs
[2026-02-21T23:56:35.135+0000] {logging_mixin.py:190} INFO - [2026-02-21T23:56:35.135+0000] {dag.py:4180} INFO - Setting next_dagrun for core_osm_table_generator to None, run_after=None
[2026-02-21T23:56:35.143+0000] {processor.py:208} INFO - Processing /opt/airflow/dags/core_osm_table_generator_dag.py took 1.746 seconds
[2026-02-21T23:57:05.550+0000] {processor.py:186} INFO - Started process (PID=1663) to work on /opt/airflow/dags/core_osm_table_generator_dag.py
[2026-02-21T23:57:05.551+0000] {processor.py:914} INFO - Processing file /opt/airflow/dags/core_osm_table_generator_dag.py for tasks to queue
[2026-02-21T23:57:05.552+0000] {logging_mixin.py:190} INFO - [2026-02-21T23:57:05.552+0000] {dagbag.py:588} INFO - Filling up the DagBag from /opt/airflow/dags/core_osm_table_generator_dag.py
[2026-02-21T23:57:06.018+0000] {processor.py:925} INFO - DAG(s) 'core_osm_table_generator' retrieved from /opt/airflow/dags/core_osm_table_generator_dag.py
[2026-02-21T23:57:07.146+0000] {logging_mixin.py:190} INFO - [2026-02-21T23:57:07.146+0000] {dag.py:3239} INFO - Sync 1 DAGs
[2026-02-21T23:57:07.158+0000] {logging_mixin.py:190} INFO - [2026-02-21T23:57:07.158+0000] {dag.py:4180} INFO - Setting next_dagrun for core_osm_table_generator to None, run_after=None
[2026-02-21T23:57:07.168+0000] {processor.py:208} INFO - Processing /opt/airflow/dags/core_osm_table_generator_dag.py took 1.630 seconds
[2026-02-21T23:57:37.323+0000] {processor.py:186} INFO - Started process (PID=1664) to work on /opt/airflow/dags/core_osm_table_generator_dag.py
[2026-02-21T23:57:37.324+0000] {processor.py:914} INFO - Processing file /opt/airflow/dags/core_osm_table_generator_dag.py for tasks to queue
[2026-02-21T23:57:37.325+0000] {logging_mixin.py:190} INFO - [2026-02-21T23:57:37.325+0000] {dagbag.py:588} INFO - Filling up the DagBag from /opt/airflow/dags/core_osm_table_generator_dag.py
[2026-02-21T23:57:37.827+0000] {processor.py:925} INFO - DAG(s) 'core_osm_table_generator' retrieved from /opt/airflow/dags/core_osm_table_generator_dag.py
[2026-02-21T23:57:38.830+0000] {logging_mixin.py:190} INFO - [2026-02-21T23:57:38.830+0000] {dag.py:3239} INFO - Sync 1 DAGs
[2026-02-21T23:57:38.837+0000] {logging_mixin.py:190} INFO - [2026-02-21T23:57:38.837+0000] {dag.py:4180} INFO - Setting next_dagrun for core_osm_table_generator to None, run_after=None
[2026-02-21T23:57:38.847+0000] {processor.py:208} INFO - Processing /opt/airflow/dags/core_osm_table_generator_dag.py took 1.534 seconds
[2026-02-21T23:58:08.985+0000] {processor.py:186} INFO - Started process (PID=1665) to work on /opt/airflow/dags/core_osm_table_generator_dag.py
[2026-02-21T23:58:08.987+0000] {processor.py:914} INFO - Processing file /opt/airflow/dags/core_osm_table_generator_dag.py for tasks to queue
[2026-02-21T23:58:08.988+0000] {logging_mixin.py:190} INFO - [2026-02-21T23:58:08.988+0000] {dagbag.py:588} INFO - Filling up the DagBag from /opt/airflow/dags/core_osm_table_generator_dag.py
[2026-02-21T23:58:09.491+0000] {processor.py:925} INFO - DAG(s) 'core_osm_table_generator' retrieved from /opt/airflow/dags/core_osm_table_generator_dag.py
[2026-02-21T23:58:10.516+0000] {logging_mixin.py:190} INFO - [2026-02-21T23:58:10.516+0000] {dag.py:3239} INFO - Sync 1 DAGs
[2026-02-21T23:58:10.748+0000] {logging_mixin.py:190} INFO - [2026-02-21T23:58:10.748+0000] {dag.py:4180} INFO - Setting next_dagrun for core_osm_table_generator to None, run_after=None
[2026-02-21T23:58:10.757+0000] {processor.py:208} INFO - Processing /opt/airflow/dags/core_osm_table_generator_dag.py took 1.782 seconds
[2026-02-21T23:58:41.204+0000] {processor.py:186} INFO - Started process (PID=1666) to work on /opt/airflow/dags/core_osm_table_generator_dag.py
[2026-02-21T23:58:41.205+0000] {processor.py:914} INFO - Processing file /opt/airflow/dags/core_osm_table_generator_dag.py for tasks to queue
[2026-02-21T23:58:41.207+0000] {logging_mixin.py:190} INFO - [2026-02-21T23:58:41.206+0000] {dagbag.py:588} INFO - Filling up the DagBag from /opt/airflow/dags/core_osm_table_generator_dag.py
[2026-02-21T23:58:41.712+0000] {processor.py:925} INFO - DAG(s) 'core_osm_table_generator' retrieved from /opt/airflow/dags/core_osm_table_generator_dag.py
[2026-02-21T23:58:42.934+0000] {logging_mixin.py:190} INFO - [2026-02-21T23:58:42.934+0000] {dag.py:3239} INFO - Sync 1 DAGs
[2026-02-21T23:58:42.947+0000] {logging_mixin.py:190} INFO - [2026-02-21T23:58:42.947+0000] {dag.py:4180} INFO - Setting next_dagrun for core_osm_table_generator to None, run_after=None
[2026-02-21T23:58:42.960+0000] {processor.py:208} INFO - Processing /opt/airflow/dags/core_osm_table_generator_dag.py took 1.769 seconds
[2026-02-21T23:59:13.377+0000] {processor.py:186} INFO - Started process (PID=1667) to work on /opt/airflow/dags/core_osm_table_generator_dag.py
[2026-02-21T23:59:13.381+0000] {processor.py:914} INFO - Processing file /opt/airflow/dags/core_osm_table_generator_dag.py for tasks to queue
[2026-02-21T23:59:13.382+0000] {logging_mixin.py:190} INFO - [2026-02-21T23:59:13.382+0000] {dagbag.py:588} INFO - Filling up the DagBag from /opt/airflow/dags/core_osm_table_generator_dag.py
[2026-02-21T23:59:13.867+0000] {processor.py:925} INFO - DAG(s) 'core_osm_table_generator' retrieved from /opt/airflow/dags/core_osm_table_generator_dag.py
[2026-02-21T23:59:14.886+0000] {logging_mixin.py:190} INFO - [2026-02-21T23:59:14.886+0000] {dag.py:3239} INFO - Sync 1 DAGs
[2026-02-21T23:59:14.897+0000] {logging_mixin.py:190} INFO - [2026-02-21T23:59:14.896+0000] {dag.py:4180} INFO - Setting next_dagrun for core_osm_table_generator to None, run_after=None
[2026-02-21T23:59:14.907+0000] {processor.py:208} INFO - Processing /opt/airflow/dags/core_osm_table_generator_dag.py took 1.542 seconds
[2026-02-21T23:59:45.129+0000] {processor.py:186} INFO - Started process (PID=1668) to work on /opt/airflow/dags/core_osm_table_generator_dag.py
[2026-02-21T23:59:45.130+0000] {processor.py:914} INFO - Processing file /opt/airflow/dags/core_osm_table_generator_dag.py for tasks to queue
[2026-02-21T23:59:45.131+0000] {logging_mixin.py:190} INFO - [2026-02-21T23:59:45.131+0000] {dagbag.py:588} INFO - Filling up the DagBag from /opt/airflow/dags/core_osm_table_generator_dag.py
[2026-02-21T23:59:45.605+0000] {processor.py:925} INFO - DAG(s) 'core_osm_table_generator' retrieved from /opt/airflow/dags/core_osm_table_generator_dag.py
[2026-02-21T23:59:46.591+0000] {logging_mixin.py:190} INFO - [2026-02-21T23:59:46.590+0000] {dag.py:3239} INFO - Sync 1 DAGs
[2026-02-21T23:59:46.597+0000] {logging_mixin.py:190} INFO - [2026-02-21T23:59:46.597+0000] {dag.py:4180} INFO - Setting next_dagrun for core_osm_table_generator to None, run_after=None
[2026-02-21T23:59:46.608+0000] {processor.py:208} INFO - Processing /opt/airflow/dags/core_osm_table_generator_dag.py took 1.486 seconds
