{
  "type": "FeatureCollection",
  "generator": "overpass-turbo",
  "copyright": "The data included in this document is from www.openstreetmap.org. The data is made available under ODbL.",
  "timestamp": "2025-10-24T11:17:21Z",
  "features": [
    {
      "type": "Feature",
      "properties": {
        "@id": "way/23278633",
        "amenity": "nightclub",
        "building": "yes",
        "name": "Roadrunners Rock & Motor Club",
        "phone": "+49 30 78082991",
        "website": "http://www.roadrunners-paradise.de",
        "wheelchair": "limited"
      },
      "geometry": {
        "type": "Polygon",
        "coordinates": [
          [
            [
              13.4122937,
              52.5298504
            ],
            [
              13.412287,
              52.5298462
            ],
            [
              13.4122826,
              52.5298428
            ],
            [
              13.4122865,
              52.5298405
            ],
            [
              13.4122148,
              52.5297691
            ],
            [
              13.412081,
              52.5296716
            ],
            [
              13.4123974,
              52.529548
            ],
            [
              13.4125044,
              52.5296512
            ],
            [
              13.4124997,
              52.5296897
            ],
            [
              13.4125542,
              52.5297398
            ],
            [
              13.4125069,
              52.5297601
            ],
            [
              13.4125134,
              52.5297672
            ],
            [
              13.4124237,
              52.5298006
            ],
            [
              13.4122937,
              52.5298504
            ]
          ]
        ]
      },
      "id": "way/23278633"
    },
    {
      "type": "Feature",
      "properties": {
        "@id": "way/24248500",
        "amenity": "nightclub",
        "building": "residential",
        "building:levels": "1",
        "email": "info@werk9.de",
        "name": "Werk9",
        "opening_hours:signed": "no",
        "phone": "+49 30 20165823",
        "roof:shape": "flat",
        "smoking": "no",
        "toilets:wheelchair": "yes",
        "website": "https://www.werk9.de/",
        "wheelchair": "limited",
        "wheelchair:description": "Haben für den Eingang eine Rampe, die muss bei Bedarf hingelegt werden. Eine behindertengerechte Toilette ist vorhanden."
      },
      "geometry": {
        "type": "Polygon",
        "coordinates": [
          [
            [
              13.3945099,
              52.5092466
            ],
            [
              13.3941738,
              52.5092275
            ],
            [
              13.3941583,
              52.5092267
            ],
            [
              13.3941835,
              52.5090614
            ],
            [
              13.3941955,
              52.5089981
            ],
            [
              13.3945517,
              52.509018
            ],
            [
              13.3945099,
              52.5092466
            ]
          ]
        ]
      },
      "id": "way/24248500"
    },
    {
      "type": "Feature",
      "properties": {
        "@id": "way/24283864",
        "addr:city": "Berlin",
        "addr:country": "DE",
        "addr:housenumber": "26",
        "addr:postcode": "10247",
        "addr:street": "Colbestraße",
        "addr:suburb": "Friedrichshain",
        "amenity": "nightclub",
        "building": "commercial",
        "building:levels": "1",
        "name": "Pride Warehouse",
        "wheelchair": "limited"
      },
      "geometry": {
        "type": "Polygon",
        "coordinates": [
          [
            [
              13.4631854,
              52.5123664
            ],
            [
              13.4631509,
              52.512297
            ],
            [
              13.4633849,
              52.5122528
            ],
            [
              13.4634199,
              52.5123223
            ],
            [
              13.4631854,
              52.5123664
            ]
          ]
        ]
      },
      "id": "way/24283864"
    },
    {
      "type": "Feature",
      "properties": {
        "@id": "way/36908987",
        "addr:city": "Berlin",
        "addr:country": "DE",
        "addr:housenumber": "19-21",
        "addr:postcode": "10963",
        "addr:street": "Obentrautstraße",
        "amenity": "nightclub",
        "building": "industrial",
        "building:levels": "1",
        "contact:facebook": "https://www.facebook.com/gretchen.club/",
        "contact:instagram": "https://www.instagram.com/clubgretchen/",
        "contact:phone": "+49 30 25922702",
        "contact:twitter": "https://twitter.com/clubGRETCHEN/",
        "contact:website": "https://www.gretchen-club.de/",
        "email": "gretchen@gretchen-club.de",
        "name": "Gretchen",
        "opening_hours": "\"Je nach Veranstaltung\"",
        "roof:colour": "#74817e",
        "roof:levels": "0",
        "roof:shape": "gabled",
        "smoking": "isolated",
        "wheelchair": "yes"
      },
      "geometry": {
        "type": "Polygon",
        "coordinates": [
          [
            [
              13.3871979,
              52.4960977
            ],
            [
              13.3878081,
              52.4958958
            ],
            [
              13.3878872,
              52.4959878
            ],
            [
              13.3877381,
              52.4960364
            ],
            [
              13.387276,
              52.4961866
            ],
            [
              13.3871979,
              52.4960977
            ]
          ]
        ]
      },
      "id": "way/36908987"
    },
    {
      "type": "Feature",
      "properties": {
        "@id": "way/41474936",
        "addr:city": "Berlin",
        "addr:country": "DE",
        "addr:housenumber": "64",
        "addr:postcode": "10439",
        "addr:street": "Dunckerstraße",
        "addr:suburb": "Prenzlauer Berg",
        "alt_name": "Dunckerclub",
        "amenity": "nightclub",
        "building": "school",
        "building:colour": "#b47876",
        "building:levels": "1",
        "building:material": "brick",
        "check_date": "2025-01-26",
        "check_date:opening_hours": "2025-01-26",
        "contact:facebook": "https://www.facebook.com/dunckerclub",
        "contact:instagram": "https://www.instagram.com/dunckerclub/",
        "contact:phone": "+49 30 4459509",
        "contact:website": "https://www.dunckerclub.de/",
        "image": "https://www.dunckerclub.de/bilder/duncker_aussen.jpg",
        "name": "Duncker",
        "opening_hours": "Mo 22:00-04:00; Fr-Sa 22:00-05:00; Su 12:00-19:00",
        "opening_hours:signed": "no",
        "roof:colour": "#3b3d46",
        "roof:levels": "1",
        "roof:shape": "hipped",
        "start_date": "1989",
        "toilets:wheelchair": "no",
        "wheelchair": "yes",
        "year_of_construction": "1913..1914"
      },
      "geometry": {
        "type": "Polygon",
        "coordinates": [
          [
            [
              13.4235712,
              52.5461956
            ],
            [
              13.4237341,
              52.5461111
            ],
            [
              13.4238574,
              52.5462124
            ],
            [
              13.4236839,
              52.546287
            ],
            [
              13.4235712,
              52.5461956
            ]
          ]
        ]
      },
      "id": "way/41474936"
    },
    {
      "type": "Feature",
      "properties": {
        "@id": "way/42163697",
        "addr:city": "Berlin",
        "addr:country": "DE",
        "addr:housenumber": "3",
        "addr:postcode": "10243",
        "addr:street": "An der Schillingbrücke",
        "addr:suburb": "Friedrichshain",
        "amenity": "nightclub",
        "building": "yes",
        "contact:facebook": "https://www.facebook.com/YAAM.Berlin",
        "contact:instagram": "https://www.instagram.com/yaam_berlin/",
        "contact:mobile": "+49 176 10051189",
        "contact:website": "https://www.yaam.de/",
        "name": "yaam",
        "opening_hours": "Mo-Su 11:00-24:00",
        "operator": "KULT. Verein für Jugendkultur e.V.",
        "wheelchair": "limited"
      },
      "geometry": {
        "type": "Polygon",
        "coordinates": [
          [
            [
              13.4301347,
              52.5092757
            ],
            [
              13.4306639,
              52.50904
            ],
            [
              13.4308627,
              52.5089514
            ],
            [
              13.4308817,
              52.5089672
            ],
            [
              13.4310628,
              52.5088866
            ],
            [
              13.4312021,
              52.5090024
            ],
            [
              13.431021,
              52.5090831
            ],
            [
              13.431055,
              52.5091114
            ],
            [
              13.4310978,
              52.5091471
            ],
            [
              13.4310142,
              52.5091857
            ],
            [
              13.4310787,
              52.5092388
            ],
            [
              13.4305544,
              52.5094758
            ],
            [
              13.4304938,
              52.5094669
            ],
            [
              13.4304578,
              52.5094381
            ],
            [
              13.4303758,
              52.5094761
            ],
            [
              13.4303582,
              52.5094614
            ],
            [
              13.4302378,
              52.5093614
            ],
            [
              13.4301347,
              52.5092757
            ]
          ]
        ]
      },
      "id": "way/42163697"
    },
    {
      "type": "Feature",
      "properties": {
        "@id": "way/45001954",
        "addr:housenumber": "99",
        "addr:postcode": "10245",
        "addr:street": "Revaler Straße",
        "amenity": "nightclub",
        "building": "commercial",
        "building:levels": "1",
        "contact:instagram": "lokschuppenberlin",
        "email": "contact@lokschuppen-berlin.com",
        "name": "Lokschuppen",
        "previously": "Suicide Circus",
        "smoking": "yes",
        "website": "https://www.lokschuppen-berlin.com/",
        "wheelchair": "limited"
      },
      "geometry": {
        "type": "Polygon",
        "coordinates": [
          [
            [
              13.4511066,
              52.5072312
            ],
            [
              13.4509571,
              52.5072593
            ],
            [
              13.4508967,
              52.5071398
            ],
            [
              13.4511207,
              52.5070977
            ],
            [
              13.4511225,
              52.5071012
            ],
            [
              13.4511999,
              52.5070866
            ],
            [
              13.4512572,
              52.5071999
            ],
            [
              13.4511737,
              52.5072151
            ],
            [
              13.4511919,
              52.5072511
            ],
            [
              13.4511231,
              52.507264
            ],
            [
              13.4511066,
              52.5072312
            ]
          ]
        ]
      },
      "id": "way/45001954"
    },
    {
      "type": "Feature",
      "properties": {
        "@id": "way/45001955",
        "addr:city": "Berlin",
        "addr:country": "DE",
        "addr:housenumber": "99",
        "addr:postcode": "10245",
        "addr:street": "Revaler Straße",
        "addr:suburb": "Friedrichshain",
        "amenity": "nightclub",
        "building": "commercial",
        "building:levels": "1",
        "contact:email": "info@astra-berlin.de",
        "contact:facebook": "http://www.facebook.com/astraberlin",
        "contact:fax": "+49 30 69566842",
        "contact:instagram": "astraberlin",
        "contact:phone": "+49 30 20056767",
        "contact:website": "https://www.astra-berlin.de/",
        "drink:club-mate": "yes",
        "leisure": "music_venue",
        "live_music": "yes",
        "name": "Astra Kulturhaus",
        "opening_hours": "\"irregular events\"",
        "operator": "Kreuzberg Musik Produktion GmbH",
        "operator:type": "business",
        "owner": "Kreuzberg Musik Produktion GmbH",
        "smoking": "isolated",
        "toilets:wheelchair": "yes",
        "wheelchair": "yes",
        "wheelchair:description": "Tribüne rollstuhlgerecht bei Konzerten",
        "wikidata": "Q105762275",
        "wikimedia_commons": "Category:Astra Kulturhaus"
      },
      "geometry": {
        "type": "Polygon",
        "coordinates": [
          [
            [
              13.4518764,
              52.5077399
            ],
            [
              13.4517863,
              52.5075511
            ],
            [
              13.4517843,
              52.507547
            ],
            [
              13.4516,
              52.5071608
            ],
            [
              13.4515353,
              52.5071723
            ],
            [
              13.4514618,
              52.5070182
            ],
            [
              13.4516018,
              52.5069934
            ],
            [
              13.4515972,
              52.5069836
            ],
            [
              13.4518172,
              52.5069446
            ],
            [
              13.4518203,
              52.5069512
            ],
            [
              13.4520143,
              52.5069168
            ],
            [
              13.4520645,
              52.5070221
            ],
            [
              13.4518695,
              52.5070568
            ],
            [
              13.4519763,
              52.5072806
            ],
            [
              13.4520302,
              52.507271
            ],
            [
              13.4521322,
              52.5074847
            ],
            [
              13.4521233,
              52.5074863
            ],
            [
              13.452157,
              52.507557
            ],
            [
              13.4521704,
              52.5075851
            ],
            [
              13.4520357,
              52.507609
            ],
            [
              13.4520229,
              52.5075822
            ],
            [
              13.4519145,
              52.5076014
            ],
            [
              13.4519725,
              52.5077228
            ],
            [
              13.4519006,
              52.5077356
            ],
            [
              13.4518764,
              52.5077399
            ]
          ]
        ]
      },
      "id": "way/45001955"
    },
    {
      "type": "Feature",
      "properties": {
        "@id": "way/72984386",
        "amenity": "nightclub",
        "building": "viaduct",
        "check_date:opening_hours": "2025-10-08",
        "layer": "2",
        "name": "Golden Gate",
        "opening_hours:signed": "no",
        "roof:colour": "#414141",
        "roof:shape": "flat",
        "smoking": "yes",
        "toilets:wheelchair": "no",
        "website": "https://www.goldengate-berlin.de/",
        "wheelchair": "limited",
        "wikidata": "Q21036515"
      },
      "geometry": {
        "type": "Polygon",
        "coordinates": [
          [
            [
              13.4167219,
              52.5160562
            ],
            [
              13.4168259,
              52.515866
            ],
            [
              13.4168744,
              52.5158635
            ],
            [
              13.4169456,
              52.5158601
            ],
            [
              13.4170133,
              52.5158564
            ],
            [
              13.4170725,
              52.5158539
            ],
            [
              13.4171337,
              52.515851
            ],
            [
              13.4169735,
              52.5161108
            ],
            [
              13.4169306,
              52.5161015
            ],
            [
              13.4168797,
              52.5160904
            ],
            [
              13.4168222,
              52.516078
            ],
            [
              13.4167702,
              52.5160666
            ],
            [
              13.4167421,
              52.5160617
            ],
            [
              13.4167219,
              52.5160562
            ]
          ]
        ]
      },
      "id": "way/72984386"
    },
    {
      "type": "Feature",
      "properties": {
        "@id": "way/108243893",
        "addr:city": "Berlin",
        "addr:country": "DE",
        "addr:housenumber": "23",
        "addr:postcode": "13086",
        "addr:street": "Langhansstraße",
        "addr:suburb": "Weißensee",
        "amenity": "nightclub",
        "building": "commercial",
        "name": "OC23",
        "opening_hours": "Mo-Th 13:00-20:00; Su 12:00-18:00",
        "phone": "+49 30 92092120",
        "source": "Geoportal Berlin / Hauskoordinaten",
        "website": "https://kinderring-berlin.de/oc23/"
      },
      "geometry": {
        "type": "Polygon",
        "coordinates": [
          [
            [
              13.4453208,
              52.5507673
            ],
            [
              13.4450795,
              52.5508437
            ],
            [
              13.4450516,
              52.55081
            ],
            [
              13.4450266,
              52.5508188
            ],
            [
              13.4448804,
              52.55064
            ],
            [
              13.4447935,
              52.550528
            ],
            [
              13.4449354,
              52.5504833
            ],
            [
              13.4449815,
              52.5505366
            ],
            [
              13.4450201,
              52.5505248
            ],
            [
              13.4452051,
              52.5507575
            ],
            [
              13.445291,
              52.5507314
            ],
            [
              13.4453208,
              52.5507673
            ]
          ]
        ]
      },
      "id": "way/108243893"
    },
    {
      "type": "Feature",
      "properties": {
        "@id": "way/118327391",
        "amenity": "nightclub",
        "building": "boat",
        "building:levels": "2",
        "layer": "1",
        "name": "MS Hoppetosse",
        "seamark:hulk:category": "casino_boat",
        "seamark:type": "hulk",
        "wheelchair": "no"
      },
      "geometry": {
        "type": "Polygon",
        "coordinates": [
          [
            [
              13.4548587,
              52.4975343
            ],
            [
              13.4545458,
              52.4976005
            ],
            [
              13.4545128,
              52.4976055
            ],
            [
              13.45449,
              52.4976071
            ],
            [
              13.4544657,
              52.4976064
            ],
            [
              13.4544449,
              52.4976023
            ],
            [
              13.4544237,
              52.4975937
            ],
            [
              13.4544138,
              52.4975876
            ],
            [
              13.4544146,
              52.4975796
            ],
            [
              13.4544232,
              52.4975674
            ],
            [
              13.454439,
              52.4975562
            ],
            [
              13.4544587,
              52.4975481
            ],
            [
              13.4544827,
              52.4975406
            ],
            [
              13.4545119,
              52.497532
            ],
            [
              13.4548097,
              52.4974658
            ],
            [
              13.4549559,
              52.4974456
            ],
            [
              13.4550484,
              52.4974476
            ],
            [
              13.4549784,
              52.4974914
            ],
            [
              13.4548587,
              52.4975343
            ]
          ]
        ]
      },
      "id": "way/118327391"
    },
    {
      "type": "Feature",
      "properties": {
        "@id": "way/119172796",
        "addr:city": "Berlin",
        "addr:country": "DE",
        "addr:housenumber": "23",
        "addr:postcode": "13347",
        "addr:street": "Gerichtstraße",
        "addr:suburb": "Gesundbrunnen",
        "amenity": "nightclub",
        "name": "Panke",
        "toilets:wheelchair": "no",
        "website": "https://www.pankeculture.com/"
      },
      "geometry": {
        "type": "Polygon",
        "coordinates": [
          [
            [
              13.3740694,
              52.5450648
            ],
            [
              13.374092,
              52.5450446
            ],
            [
              13.3741226,
              52.5450173
            ],
            [
              13.3740283,
              52.5449763
            ],
            [
              13.374161,
              52.544865
            ],
            [
              13.3743406,
              52.5449418
            ],
            [
              13.3743632,
              52.5449398
            ],
            [
              13.3743795,
              52.5449384
            ],
            [
              13.3743858,
              52.5449378
            ],
            [
              13.3744117,
              52.5450364
            ],
            [
              13.3743892,
              52.5450386
            ],
            [
              13.3743666,
              52.5450408
            ],
            [
              13.3742569,
              52.545139
            ],
            [
              13.3740694,
              52.5450648
            ]
          ]
        ]
      },
      "id": "way/119172796"
    },
    {
      "type": "Feature",
      "properties": {
        "@id": "way/123019464",
        "addr:city": "Berlin",
        "addr:country": "DE",
        "addr:housenumber": "99",
        "addr:postcode": "10245",
        "addr:street": "Revaler Straße",
        "addr:suburb": "Friedrichshain",
        "amenity": "nightclub",
        "building": "yes",
        "contact:email": "info@badehaus-berlin.com",
        "contact:facebook": "https://www.facebook.com/Badehaus.Berlin",
        "contact:instagram": "https://www.instagram.com/badehaus_berlin/",
        "contact:phone": "+49 30 25933042",
        "contact:website": "http://www.badehaus-berlin.com/",
        "name": "Badehaus",
        "operator": "Badehaus Musik GmbH",
        "toilets:wheelchair": "yes",
        "wheelchair": "limited",
        "wheelchair:description": "enge Toilette"
      },
      "geometry": {
        "type": "Polygon",
        "coordinates": [
          [
            [
              13.4551114,
              52.5077003
            ],
            [
              13.4550251,
              52.5075215
            ],
            [
              13.4550752,
              52.5075113
            ],
            [
              13.4550612,
              52.5074807
            ],
            [
              13.4551863,
              52.5074576
            ],
            [
              13.4552755,
              52.507642
            ],
            [
              13.455193,
              52.507657
            ],
            [
              13.4552039,
              52.507683
            ],
            [
              13.4551114,
              52.5077003
            ]
          ]
        ]
      },
      "id": "way/123019464"
    },
    {
      "type": "Feature",
      "properties": {
        "@id": "way/123750257",
        "amenity": "nightclub",
        "building": "residential",
        "building:levels": "3",
        "name": "Prägewerk",
        "smoking": "yes"
      },
      "geometry": {
        "type": "Polygon",
        "coordinates": [
          [
            [
              13.4089833,
              52.5153035
            ],
            [
              13.4086999,
              52.5153544
            ],
            [
              13.4084273,
              52.5154098
            ],
            [
              13.4083712,
              52.5153032
            ],
            [
              13.4086439,
              52.5152462
            ],
            [
              13.4089268,
              52.5151962
            ],
            [
              13.4089833,
              52.5153035
            ]
          ]
        ]
      },
      "id": "way/123750257"
    },
    {
      "type": "Feature",
      "properties": {
        "@id": "way/136852555",
        "addr:city": "Berlin",
        "addr:country": "DE",
        "addr:housename": "Bogen 47",
        "addr:housenumber": "15—18",
        "addr:place": "Stadtbahnbogen",
        "addr:postcode": "10179",
        "addr:street": "Holzmarktstraße",
        "addr:suburb": "Mitte",
        "amenity": "nightclub",
        "building:levels": "1",
        "building:part": "yes",
        "contact:facebook": "lark.berlin",
        "contact:instagram": "lark.berlin",
        "email": "club@larkberlin.com",
        "layer": "1",
        "name": "LARK",
        "toilets:wheelchair": "no",
        "website": "https://larkberlin.com/",
        "wheelchair": "yes"
      },
      "geometry": {
        "type": "Polygon",
        "coordinates": [
          [
            [
              13.4227891,
              52.5129229
            ],
            [
              13.422939,
              52.5130452
            ],
            [
              13.4227642,
              52.5131245
            ],
            [
              13.4226143,
              52.5130021
            ],
            [
              13.4227891,
              52.5129229
            ]
          ]
        ]
      },
      "id": "way/136852555"
    },
    {
      "type": "Feature",
      "properties": {
        "@id": "way/136852556",
        "addr:city": "Berlin",
        "addr:country": "DE",
        "addr:housename": "Bogen 49",
        "addr:housenumber": "49",
        "addr:place": "Stadtbahnbogen",
        "addr:postcode": "10179",
        "addr:suburb": "Mitte",
        "amenity": "nightclub",
        "building:levels": "1",
        "building:part": "yes",
        "layer": "1",
        "name": "Hangar 49",
        "website": "https://hangar49.de/",
        "wheelchair": "yes"
      },
      "geometry": {
        "type": "Polygon",
        "coordinates": [
          [
            [
              13.4223744,
              52.513093
            ],
            [
              13.4225174,
              52.5132228
            ],
            [
              13.4223415,
              52.5132945
            ],
            [
              13.4221986,
              52.5131647
            ],
            [
              13.4223744,
              52.513093
            ]
          ]
        ]
      },
      "id": "way/136852556"
    },
    {
      "type": "Feature",
      "properties": {
        "@id": "way/148829988",
        "addr:city": "Berlin",
        "addr:country": "DE",
        "addr:housenumber": "15",
        "addr:postcode": "10317",
        "addr:street": "Hauptstraße",
        "addr:suburb": "Rummelsburg",
        "amenity": "nightclub",
        "contact:facebook": "https://www.facebook.com/sisyface",
        "contact:instagram": "https://www.instagram.com/sisyphosberlin",
        "contact:ra": "https://ra.co/clubs/17118",
        "contact:website": "http://www.sisyphos-berlin.net",
        "culture": "open_air",
        "name": "Sisyphos",
        "name:etymology:wikidata": "Q102561",
        "name:etymology:wikipedia": "de:Sisyphos",
        "open_air": "yes",
        "opening_hours": "Mar-Dec: Sa,Su,PH 00:00-24:00",
        "operator": "Sisyphos Event GmbH",
        "smoking": "yes",
        "start_date": "2009",
        "toilets:wheelchair": "yes",
        "wheelchair": "yes",
        "wikidata": "Q21036516",
        "wikipedia": "de:Sisyphos (Berlin)"
      },
      "geometry": {
        "type": "Polygon",
        "coordinates": [
          [
            [
              13.4914026,
              52.4927637
            ],
            [
              13.4918394,
              52.4929284
            ],
            [
              13.4927505,
              52.4932842
            ],
            [
              13.4927736,
              52.4932937
            ],
            [
              13.4929245,
              52.4933579
            ],
            [
              13.492086,
              52.4937419
            ],
            [
              13.4916615,
              52.4939181
            ],
            [
              13.4916493,
              52.4939081
            ],
            [
              13.4915935,
              52.4938609
            ],
            [
              13.491684,
              52.4938194
            ],
            [
              13.4917144,
              52.493699
            ],
            [
              13.4916897,
              52.4936147
            ],
            [
              13.4908218,
              52.4932765
            ],
            [
              13.4914026,
              52.4927637
            ]
          ]
        ]
      },
      "id": "way/148829988"
    },
    {
      "type": "Feature",
      "properties": {
        "@id": "way/167777311",
        "amenity": "nightclub",
        "building": "yes",
        "leisure": "cultural_institution",
        "name": "Jugendschiff \"ReMiLi\"",
        "opening_hours": "Mo-Fr 14:00-20:00",
        "website": "https://remili.de/",
        "wheelchair": "no",
        "wikidata": "Q112861701",
        "wikimedia_commons": "Category:Remili (ship, 1906)"
      },
      "geometry": {
        "type": "Polygon",
        "coordinates": [
          [
            [
              13.5170582,
              52.4580843
            ],
            [
              13.5170436,
              52.4580148
            ],
            [
              13.5173564,
              52.4579838
            ],
            [
              13.5178736,
              52.4579325
            ],
            [
              13.5179322,
              52.4579415
            ],
            [
              13.5179688,
              52.4579589
            ],
            [
              13.5179444,
              52.4579849
            ],
            [
              13.5178884,
              52.4580044
            ],
            [
              13.5170582,
              52.4580843
            ]
          ]
        ]
      },
      "id": "way/167777311"
    },
    {
      "type": "Feature",
      "properties": {
        "@id": "way/172900722",
        "amenity": "nightclub",
        "building": "yes",
        "name": "Fiese Remise"
      },
      "geometry": {
        "type": "Polygon",
        "coordinates": [
          [
            [
              13.4322671,
              52.5057848
            ],
            [
              13.4324376,
              52.5059216
            ],
            [
              13.4323497,
              52.5059622
            ],
            [
              13.4321791,
              52.5058254
            ],
            [
              13.4322671,
              52.5057848
            ]
          ]
        ]
      },
      "id": "way/172900722"
    },
    {
      "type": "Feature",
      "properties": {
        "@id": "way/277805717",
        "addr:city": "Berlin",
        "addr:floor": "0",
        "addr:housenumber": "2",
        "addr:postcode": "12435",
        "addr:street": "Am Flutgraben",
        "amenity": "nightclub",
        "bar": "yes",
        "check_date": "2024-08-28",
        "contact:facebook": "https://www.facebook.com/FestsaalKreuzberg/",
        "contact:instagram": "https://www.instagram.com/festsaalkreuzberg/",
        "level": "0",
        "name": "Festsaal Kreuzberg",
        "operator": "Neue Flutgraben Betriebsgesellschaft mbH & Co KG",
        "payment:cash": "yes",
        "payment:credit_cards": "yes",
        "payment:debit_cards": "yes",
        "payment:mastercard": "yes",
        "payment:visa": "yes",
        "phone": "+49 30 403655630",
        "ref:vatin": "DE310804941",
        "smoking": "outside",
        "source": "survey",
        "toilets": "yes",
        "website": "https://www.festsaal-kreuzberg.de/",
        "wheelchair": "yes",
        "wheelchair:description": "Durchs Tor kann man ebenerdig, kein Rolli-WC",
        "wikidata": "Q115794233",
        "wikimedia_commons": "File:20230916 xl 1534-Festsaal Kreuzberg 2.jpg"
      },
      "geometry": {
        "type": "Polygon",
        "coordinates": [
          [
            [
              13.4520853,
              52.4965382
            ],
            [
              13.4523213,
              52.4968324
            ],
            [
              13.4515065,
              52.4970638
            ],
            [
              13.4514394,
              52.4970789
            ],
            [
              13.4514188,
              52.4970843
            ],
            [
              13.4513773,
              52.4970953
            ],
            [
              13.4513017,
              52.4971122
            ],
            [
              13.4512122,
              52.4971013
            ],
            [
              13.4510367,
              52.4970079
            ],
            [
              13.4508769,
              52.4969091
            ],
            [
              13.4508276,
              52.4968721
            ],
            [
              13.4507947,
              52.4968454
            ],
            [
              13.4507944,
              52.4968303
            ],
            [
              13.4508001,
              52.496816
            ],
            [
              13.4508122,
              52.4968013
            ],
            [
              13.4508335,
              52.4967907
            ],
            [
              13.4511953,
              52.4967003
            ],
            [
              13.451217,
              52.4967333
            ],
            [
              13.4512405,
              52.4967675
            ],
            [
              13.4512577,
              52.4967637
            ],
            [
              13.4512779,
              52.4967583
            ],
            [
              13.4520853,
              52.4965382
            ]
          ]
        ]
      },
      "id": "way/277805717"
    },
    {
      "type": "Feature",
      "properties": {
        "@id": "way/286165789",
        "addr:city": "Berlin",
        "addr:country": "DE",
        "addr:postcode": "10243",
        "addr:street": "Am Wriezener Bahnhof",
        "addr:suburb": "Friedrichshain",
        "amenity": "nightclub",
        "building": "yes",
        "check_date": "2023-11-03",
        "contact:facebook": "https://www.facebook.com/KantineamBerghain/",
        "email": "support@berghain.de",
        "name": "Berghain Kantine",
        "nohousenumber": "yes",
        "operator": "Berghain OstGut GmbH",
        "website": "https://www.berghain.berlin/de/program/kantine-am-berghain/",
        "wheelchair": "limited"
      },
      "geometry": {
        "type": "Polygon",
        "coordinates": [
          [
            [
              13.4426035,
              52.5115321
            ],
            [
              13.44244,
              52.5116308
            ],
            [
              13.4422882,
              52.5115377
            ],
            [
              13.4423951,
              52.5114732
            ],
            [
              13.4424148,
              52.5114853
            ],
            [
              13.4425228,
              52.5114201
            ],
            [
              13.4426314,
              52.5114867
            ],
            [
              13.44258,
              52.5115177
            ],
            [
              13.4426035,
              52.5115321
            ]
          ]
        ]
      },
      "id": "way/286165789"
    },
    {
      "type": "Feature",
      "properties": {
        "@id": "way/291111616",
        "addr:housenumber": "3",
        "addr:postcode": "10997",
        "addr:street": "Schleusenufer",
        "amenity": "nightclub",
        "name": "ÆDEN",
        "opening_hours": "Tu 22:00-08:00; Th 22:00-08:00; Fr 22:00-10:00; Sa 18:00-10:00",
        "website": "http://aedenberlin.com",
        "wheelchair": "no"
      },
      "geometry": {
        "type": "Polygon",
        "coordinates": [
          [
            [
              13.4494746,
              52.4970744
            ],
            [
              13.449871,
              52.4973648
            ],
            [
              13.4498327,
              52.4973853
            ],
            [
              13.4495369,
              52.4975372
            ],
            [
              13.4491609,
              52.4972611
            ],
            [
              13.4492832,
              52.4971896
            ],
            [
              13.4492715,
              52.4971823
            ],
            [
              13.4493595,
              52.4971309
            ],
            [
              13.4493711,
              52.4971382
            ],
            [
              13.4494277,
              52.4971052
            ],
            [
              13.4494746,
              52.4970744
            ]
          ]
        ]
      },
      "id": "way/291111616"
    },
    {
      "type": "Feature",
      "properties": {
        "@id": "way/293386107",
        "addr:city": "Berlin",
        "addr:country": "DE",
        "addr:housenumber": "25",
        "addr:postcode": "10243",
        "addr:street": "Holzmarktstraße",
        "addr:suburb": "Friedrichshain",
        "amenity": "nightclub",
        "building": "yes",
        "contact:email": "info@katerblau.de;hello@katerblau.de",
        "contact:facebook": "https://www.facebook.com/katerblau/events",
        "contact:instagram": "https://www.instagram.com/katerblaugram",
        "contact:phone": "+49 30 47361686",
        "contact:ra": "https://ra.co/clubs/99161",
        "contact:website": "http://www.katerblau.de",
        "name": "Kater Blau",
        "operator": "Katerclub GmbH",
        "smoking": "separated",
        "start_date": "2014",
        "toilets:wheelchair": "yes",
        "wheelchair": "yes",
        "wikidata": "Q2658747",
        "wikipedia": "de:Kater Blau"
      },
      "geometry": {
        "type": "Polygon",
        "coordinates": [
          [
            [
              13.4252054,
              52.5120276
            ],
            [
              13.4251395,
              52.511943
            ],
            [
              13.4252818,
              52.5118627
            ],
            [
              13.4253595,
              52.5118206
            ],
            [
              13.4255155,
              52.5118618
            ],
            [
              13.4255266,
              52.5119873
            ],
            [
              13.4253373,
              52.5120105
            ],
            [
              13.4252054,
              52.5120276
            ]
          ]
        ]
      },
      "id": "way/293386107"
    },
    {
      "type": "Feature",
      "properties": {
        "@id": "way/342600129",
        "addr:city": "Berlin",
        "addr:country": "DE",
        "addr:housenumber": "99",
        "addr:postcode": "10245",
        "addr:street": "Revaler Straße",
        "addr:suburb": "Friedrichshain",
        "amenity": "nightclub",
        "club": "culture",
        "contact:email": "info@maaya.de",
        "contact:instagram": "https://www.instagram.com/maaya_berlin/",
        "contact:phone": "+49 30 297766770",
        "leisure": "music_venue",
        "name": "Maaya",
        "opening_hours": "Tu-Th,Su 12:00-22:00; Fr,Sa 12:00-23:00; ",
        "operator": "Maaya Event GmbH",
        "website": "https://maaya.de/"
      },
      "geometry": {
        "type": "Polygon",
        "coordinates": [
          [
            [
              13.4528316,
              52.5077175
            ],
            [
              13.4528061,
              52.5076655
            ],
            [
              13.4526345,
              52.5076971
            ],
            [
              13.4525491,
              52.5076522
            ],
            [
              13.452507,
              52.5075641
            ],
            [
              13.4522219,
              52.5069652
            ],
            [
              13.4521544,
              52.506838
            ],
            [
              13.4528247,
              52.5067194
            ],
            [
              13.4528446,
              52.5067652
            ],
            [
              13.4528847,
              52.5068467
            ],
            [
              13.4529094,
              52.5068938
            ],
            [
              13.4531242,
              52.5068577
            ],
            [
              13.4532481,
              52.5071105
            ],
            [
              13.4530307,
              52.5071505
            ],
            [
              13.453175,
              52.5074436
            ],
            [
              13.4532435,
              52.5075868
            ],
            [
              13.4530135,
              52.5076293
            ],
            [
              13.4530404,
              52.507679
            ],
            [
              13.4528316,
              52.5077175
            ]
          ]
        ]
      },
      "id": "way/342600129"
    },
    {
      "type": "Feature",
      "properties": {
        "@id": "way/355476495",
        "addr:city": "Berlin",
        "addr:country": "DE",
        "addr:housenumber": "1-4",
        "addr:postcode": "10365",
        "addr:street": "Wiesenweg",
        "addr:suburb": "Lichtenberg",
        "amenity": "nightclub",
        "contact:website": "https://oxi-garten.de/",
        "name": "OXI Garten",
        "wheelchair": "limited"
      },
      "geometry": {
        "type": "Polygon",
        "coordinates": [
          [
            [
              13.4753,
              52.507698
            ],
            [
              13.4750333,
              52.5077523
            ],
            [
              13.4749151,
              52.507775
            ],
            [
              13.4747884,
              52.5078007
            ],
            [
              13.4747491,
              52.5078088
            ],
            [
              13.474568,
              52.507494
            ],
            [
              13.4747176,
              52.5074619
            ],
            [
              13.4751132,
              52.5073752
            ],
            [
              13.4752021,
              52.5075262
            ],
            [
              13.4753,
              52.507698
            ]
          ]
        ]
      },
      "id": "way/355476495"
    },
    {
      "type": "Feature",
      "properties": {
        "@id": "way/379305718",
        "addr:city": "Berlin",
        "addr:housenumber": "5",
        "addr:postcode": "10777",
        "addr:street": "Nollendorfplatz",
        "amenity": "nightclub",
        "brewery": "Krombacher;Starnberger",
        "building": "yes",
        "building:levels": "5",
        "email": "info@metropol-berlin.de",
        "name": "Metropol",
        "official_name": "Metropol Berlin",
        "opening_hours": "\"zu Veranstaltungen\"",
        "phone": "+49 30 403678560",
        "smoking": "separated",
        "source_ref:url": "https://metropol-berlin.de/contact",
        "toilets:wheelchair": "yes",
        "website": "https://metropol-berlin.de",
        "wheelchair": "yes",
        "wikidata": "Q1724204",
        "wikipedia": "de:Metropol (Berlin)"
      },
      "geometry": {
        "type": "Polygon",
        "coordinates": [
          [
            [
              13.3526283,
              52.499074
            ],
            [
              13.3526279,
              52.4990796
            ],
            [
              13.3526032,
              52.4990801
            ],
            [
              13.3525795,
              52.4990806
            ],
            [
              13.3525784,
              52.4990709
            ],
            [
              13.3525213,
              52.4990719
            ],
            [
              13.3525025,
              52.4990686
            ],
            [
              13.3524864,
              52.4990605
            ],
            [
              13.3524776,
              52.4990513
            ],
            [
              13.3524748,
              52.4990194
            ],
            [
              13.3524287,
              52.4990209
            ],
            [
              13.352387,
              52.4990223
            ],
            [
              13.3523724,
              52.4988604
            ],
            [
              13.3523711,
              52.4988489
            ],
            [
              13.3524147,
              52.4988477
            ],
            [
              13.3524641,
              52.4988477
            ],
            [
              13.3524633,
              52.4988398
            ],
            [
              13.3529229,
              52.4988265
            ],
            [
              13.3529256,
              52.4988445
            ],
            [
              13.3530222,
              52.4988409
            ],
            [
              13.3530367,
              52.499026
            ],
            [
              13.3530366,
              52.4990265
            ],
            [
              13.3529756,
              52.4990283
            ],
            [
              13.3529281,
              52.4990298
            ],
            [
              13.3529286,
              52.4990341
            ],
            [
              13.3529211,
              52.4990506
            ],
            [
              13.3528707,
              52.4990613
            ],
            [
              13.3528336,
              52.4990617
            ],
            [
              13.3528331,
              52.4990692
            ],
            [
              13.352825,
              52.4990727
            ],
            [
              13.3527873,
              52.4990736
            ],
            [
              13.3527861,
              52.4990702
            ],
            [
              13.3526283,
              52.499074
            ]
          ]
        ]
      },
      "id": "way/379305718"
    },
    {
      "type": "Feature",
      "properties": {
        "@id": "way/684464913",
        "addr:city": "Berlin",
        "addr:country": "DE",
        "addr:housenumber": "99",
        "addr:postcode": "10245",
        "addr:street": "Revaler Straße",
        "addr:suburb": "Friedrichshain",
        "amenity": "nightclub",
        "building": "commercial",
        "building:levels": "1",
        "contact:instagram": "cassiopeia_berlin",
        "contact:website": "https://cassiopeia-berlin.de/",
        "live_music": "yes",
        "name": "Cassiopeia",
        "toilets:wheelchair": "yes",
        "wheelchair": "limited",
        "wikidata": "Q47163174",
        "wikimedia_commons": "Category:Cassiopeia (Berlin)"
      },
      "geometry": {
        "type": "Polygon",
        "coordinates": [
          [
            [
              13.4549032,
              52.5072058
            ],
            [
              13.4549371,
              52.5072764
            ],
            [
              13.4549424,
              52.5072878
            ],
            [
              13.4546968,
              52.5073321
            ],
            [
              13.4546402,
              52.5072141
            ],
            [
              13.4548862,
              52.5071704
            ],
            [
              13.4549032,
              52.5072058
            ]
          ]
        ]
      },
      "id": "way/684464913"
    },
    {
      "type": "Feature",
      "properties": {
        "@id": "way/1081145396",
        "addr:city": "Berlin",
        "addr:country": "DE",
        "addr:housenumber": "121",
        "addr:postcode": "10407",
        "addr:street": "Storkower Straße",
        "addr:suburb": "Prenzlauer Berg",
        "amenity": "nightclub",
        "contact:instagram": "https://www.instagram.com/abstrakt.berlin",
        "contact:phone": "+49 30 65832595",
        "contact:ra": "https://de.ra.co/clubs/233027",
        "name": "Abstrakt",
        "old_contact:facebook": "https://www.facebook.com/menschmeierberlin/events",
        "old_contact:ra": "https://ra.co/clubs/103373;https://ra.co/clubs/227831",
        "old_name:2015--2024-01-22": "Mensch Meier",
        "old_operator": "Mensch Meier GmbH",
        "old_wikidata": "Q105762292",
        "smoking": "no",
        "toilets:wheelchair": "yes",
        "wheelchair": "yes",
        "wifi": "no"
      },
      "geometry": {
        "type": "Polygon",
        "coordinates": [
          [
            [
              13.4524935,
              52.5354607
            ],
            [
              13.4519388,
              52.5352597
            ],
            [
              13.4519736,
              52.5352242
            ],
            [
              13.4522325,
              52.5349579
            ],
            [
              13.4527779,
              52.5351579
            ],
            [
              13.4524935,
              52.5354607
            ]
          ]
        ]
      },
      "id": "way/1081145396"
    },
    {
      "type": "Feature",
      "properties": {
        "@id": "node/259845846",
        "addr:city": "Berlin",
        "addr:country": "DE",
        "addr:housenumber": "18",
        "addr:postcode": "10961",
        "addr:street": "Gneisenaustraße",
        "addr:suburb": "Kreuzberg",
        "amenity": "nightclub",
        "name": "Junction-Bar",
        "phone": "+49306946602",
        "website": "https://www.junction-bar.de/",
        "wheelchair": "no"
      },
      "geometry": {
        "type": "Point",
        "coordinates": [
          13.3931533,
          52.4913696
        ]
      },
      "id": "node/259845846"
    },
    {
      "type": "Feature",
      "properties": {
        "@id": "node/262818281",
        "addr:city": "Berlin",
        "addr:housenumber": "7",
        "addr:postcode": "10178",
        "addr:street": "Alexanderstraße",
        "amenity": "nightclub",
        "check_date": "2025-06-30",
        "check_date:smoking": "2025-06-30",
        "name": "ASeven Club",
        "opening_hours": "Fr 23:30-06:00, Sa 19:00-06:00",
        "smoking": "no",
        "website": "https://www.aseven.de",
        "wheelchair": "limited"
      },
      "geometry": {
        "type": "Point",
        "coordinates": [
          13.4164254,
          52.5232268
        ]
      },
      "id": "node/262818281"
    },
    {
      "type": "Feature",
      "properties": {
        "@id": "node/339749949",
        "addr:city": "Berlin",
        "addr:country": "DE",
        "addr:housenumber": "18",
        "addr:postcode": "10245",
        "addr:street": "Warschauer Platz",
        "addr:suburb": "Friedrichshain",
        "amenity": "nightclub",
        "contact:email": "hallo@matrix-berlin.de",
        "contact:phone": "+49 30 29369990",
        "contact:website": "https://www.matrix-berlin.de/",
        "level": "0",
        "name": "Matrix",
        "opening_hours": "Mo-Su 22:00-07:00",
        "smoking": "isolated",
        "toilets:wheelchair": "no",
        "wheelchair": "limited",
        "wikidata": "Q552863",
        "wikimedia_commons": "Category:Matrix (club)",
        "wikipedia": "en:Matrix (club)"
      },
      "geometry": {
        "type": "Point",
        "coordinates": [
          13.4490212,
          52.5046782
        ]
      },
      "id": "node/339749949"
    },
    {
      "type": "Feature",
      "properties": {
        "@id": "node/360111407",
        "addr:city": "Berlin",
        "addr:country": "DE",
        "addr:housenumber": "7",
        "addr:postcode": "10997",
        "addr:street": "Cuvrystraße",
        "addr:suburb": "Kreuzberg",
        "amenity": "nightclub",
        "check_date:opening_hours": "2025-01-20",
        "contact:facebook": "https://www.facebook.com/lidoberlin/",
        "contact:instagram": "lidoberlin",
        "contact:phone": "+49 30 69566840",
        "contact:website": "https://www.lido-berlin.de/",
        "drink:club-mate": "yes",
        "live_music": "yes",
        "name": "Lido",
        "opening_hours:signed": "no",
        "smoking": "isolated",
        "toilets:wheelchair": "yes",
        "wheelchair": "yes",
        "wheelchair:description": "Stufe am Haupteingang, Rampe vorhanden. Für das rolligerechte WC bitte vor Ort nach dem Schlüssel fragen.",
        "wikidata": "Q100256393",
        "wikimedia_commons": "Category:Lido (Berlin)"
      },
      "geometry": {
        "type": "Point",
        "coordinates": [
          13.4450748,
          52.4992172
        ]
      },
      "id": "node/360111407"
    },
    {
      "type": "Feature",
      "properties": {
        "@id": "node/373095675",
        "addr:city": "Berlin",
        "addr:housenumber": "46",
        "addr:postcode": "13357",
        "addr:street": "Hochstraße",
        "amenity": "nightclub",
        "check_date": "2023-08-29",
        "name": "Humboldthain Club",
        "opening_hours": "Tu 18:00-04:00, Th 19:00-04:00, Sa-Su 23:00-09:00",
        "website": "https://www.humboldthain.com/",
        "wheelchair": "no"
      },
      "geometry": {
        "type": "Point",
        "coordinates": [
          13.3787124,
          52.5441625
        ]
      },
      "id": "node/373095675"
    },
    {
      "type": "Feature",
      "properties": {
        "@id": "node/383210462",
        "amenity": "nightclub",
        "check_date": "2024-11-26",
        "check_date:opening_hours": "2024-11-26",
        "name": "Narva Lounge",
        "opening_hours:signed": "no",
        "wheelchair": "yes"
      },
      "geometry": {
        "type": "Point",
        "coordinates": [
          13.4489112,
          52.5045582
        ]
      },
      "id": "node/383210462"
    },
    {
      "type": "Feature",
      "properties": {
        "@id": "node/410135945",
        "addr:postcode": "10999",
        "amenity": "nightclub",
        "check_date": "2023-11-01",
        "name": "Wild at Heart",
        "opening_hours": "\"When they host a concert, doors opens at 20h. Otherwise they are closed\"",
        "website": "http://wildatheartberlin.de",
        "wheelchair": "no"
      },
      "geometry": {
        "type": "Point",
        "coordinates": [
          13.4310967,
          52.4974686
        ]
      },
      "id": "node/410135945"
    },
    {
      "type": "Feature",
      "properties": {
        "@id": "node/429735547",
        "addr:city": "Berlin",
        "addr:country": "DE",
        "addr:housenumber": "24",
        "addr:postcode": "10117",
        "addr:street": "Auguststraße",
        "addr:suburb": "Mitte",
        "amenity": "nightclub",
        "check_date": "2024-08-17",
        "contact:facebook": "https://www.facebook.com/claerchens.ballhaus/",
        "contact:instagram": "https://www.instagram.com/claerchens_ballhaus",
        "contact:phone": "+49 30 2829295",
        "email": "info@claerchensball.haus",
        "name": "Clärchens Ballhaus",
        "opening_hours": "Tu-Fr 17:00-23:00; Sa-Su 14:00-23:00",
        "smoking": "outside",
        "toilets:wheelchair": "no",
        "website": "https://www.claerchensball.haus/",
        "wheelchair": "no",
        "wikidata": "Q1103846",
        "wikimedia_commons": "Category:Clärchens Ballhaus",
        "wikipedia": "de:Clärchens Ballhaus"
      },
      "geometry": {
        "type": "Point",
        "coordinates": [
          13.39691,
          52.5264743
        ]
      },
      "id": "node/429735547"
    },
    {
      "type": "Feature",
      "properties": {
        "@id": "node/461623768",
        "amenity": "nightclub",
        "name": "Sun Chiller Lounge",
        "old_name": "Café Warschau",
        "opening_hours": "We-Sa 16:00-24:00+, Su 14:00-24:00+; PH 14:00-24:00+",
        "wheelchair": "limited"
      },
      "geometry": {
        "type": "Point",
        "coordinates": [
          13.441495,
          52.5179462
        ]
      },
      "id": "node/461623768"
    },
    {
      "type": "Feature",
      "properties": {
        "@id": "node/475153994",
        "addr:city": "Berlin",
        "addr:country": "DE",
        "addr:housenumber": "8",
        "addr:postcode": "10243",
        "addr:street": "Straße der Pariser Kommune",
        "addr:suburb": "Friedrichshain",
        "alt_name": "Postbahnhof am Ostbahnhof",
        "amenity": "nightclub",
        "contact:email": "events@postbahnhof.com",
        "contact:facebook": "https://www.facebook.com/PostbahnhofEvent/",
        "contact:mobile": "+49 152 5374 4760",
        "contact:website": "https://postbahnhof.com/",
        "name": "Postbahnhof",
        "old_name": "Fritzclub",
        "wheelchair": "yes",
        "wikidata": "Q62011644",
        "wikimedia_commons": "Category:Postbahnhof (venue)"
      },
      "geometry": {
        "type": "Point",
        "coordinates": [
          13.4363946,
          52.5086309
        ]
      },
      "id": "node/475153994"
    },
    {
      "type": "Feature",
      "properties": {
        "@id": "node/485354535",
        "amenity": "nightclub",
        "name": "Glashaus"
      },
      "geometry": {
        "type": "Point",
        "coordinates": [
          13.4530728,
          52.4973833
        ]
      },
      "id": "node/485354535"
    },
    {
      "type": "Feature",
      "properties": {
        "@id": "node/485640732",
        "addr:city": "Berlin",
        "addr:country": "DE",
        "addr:housenumber": "70",
        "addr:postcode": "10245",
        "addr:street": "Alt-Stralau",
        "addr:suburb": "Friedrichshain",
        "amenity": "nightclub",
        "check_date:currency:XBT": "2024-04-19",
        "check_date:opening_hours": "2025-10-14",
        "contact:fax": "+49 30 25041427",
        "contact:instagram": "https://www.instagram.com/wilderenate",
        "contact:phone": "+49 30 25041426",
        "contact:ra": "https://ra.co/clubs/8556",
        "contact:website": "https://www.renate.cc",
        "currency:XBT": "no",
        "drink:club-mate": "served",
        "loc_name": "Renate",
        "name": "Zur Wilden Renate",
        "name:en": "Wilde Renate",
        "old_name": "Salon zur Wilden Renate",
        "opening_hours:description": "\"At night. since 23.00h till early in the morning.\"",
        "opening_hours:signed": "no",
        "operator": "Zur Wilden Renate oHG",
        "outdoor_seating": "yes",
        "payment:credit_cards": "yes",
        "payment:debit_cards": "yes",
        "payment:lightning": "no",
        "payment:lightning_contactless": "no",
        "payment:onchain": "no",
        "smoking": "yes",
        "start_date": "2007-09",
        "wheelchair": "no",
        "wikidata": "Q21036513",
        "wikipedia": "de:Wilde Renate"
      },
      "geometry": {
        "type": "Point",
        "coordinates": [
          13.4653065,
          52.4973901
        ]
      },
      "id": "node/485640732"
    },
    {
      "type": "Feature",
      "properties": {
        "@id": "node/492849637",
        "addr:city": "Berlin",
        "addr:country": "DE",
        "addr:housenumber": "99",
        "addr:postcode": "10245",
        "addr:street": "Revaler Straße",
        "addr:suburb": "Friedrichshain",
        "amenity": "nightclub",
        "contact:website": "http://www.raw-tempel.de/",
        "name": "RAW 99",
        "wheelchair": "limited"
      },
      "geometry": {
        "type": "Point",
        "coordinates": [
          13.454537,
          52.5076615
        ]
      },
      "id": "node/492849637"
    },
    {
      "type": "Feature",
      "properties": {
        "@id": "node/621429565",
        "addr:city": "Berlin",
        "addr:country": "DE",
        "addr:housenumber": "32",
        "addr:postcode": "10245",
        "addr:street": "Simon-Dach-Straße",
        "addr:suburb": "Friedrichshain",
        "amenity": "nightclub",
        "check_date:opening_hours": "2025-03-10",
        "name": "Berndhain",
        "opening_hours:signed": "no"
      },
      "geometry": {
        "type": "Point",
        "coordinates": [
          13.4560428,
          52.5091003
        ]
      },
      "id": "node/621429565"
    },
    {
      "type": "Feature",
      "properties": {
        "@id": "node/652884290",
        "addr:city": "Berlin",
        "addr:country": "DE",
        "addr:housenumber": "21",
        "addr:postcode": "10119",
        "addr:street": "Veteranenstraße",
        "addr:suburb": "Mitte",
        "amenity": "nightclub",
        "contact:phone": "+49 30 83030144",
        "name": "Calabash"
      },
      "geometry": {
        "type": "Point",
        "coordinates": [
          13.4007592,
          52.5336193
        ]
      },
      "id": "node/652884290"
    },
    {
      "type": "Feature",
      "properties": {
        "@id": "node/667842214",
        "addr:city": "Berlin",
        "addr:country": "DE",
        "addr:housenumber": "76",
        "addr:postcode": "10179",
        "addr:street": "Köpenicker Straße",
        "addr:suburb": "Mitte",
        "amenity": "nightclub",
        "contact:facebook": "https://www.facebook.com/RockatSageBerlin/",
        "contact:instagram": "https://www.instagram.com/rockatsage/",
        "name": "Sage",
        "note": "subsidiary of KitKat",
        "smoking": "no",
        "toilets:wheelchair": "yes",
        "website": "https://www.sage-club.de/",
        "wheelchair": "yes",
        "wikidata": "Q2211685",
        "wikipedia": "de:Sage Club"
      },
      "geometry": {
        "type": "Point",
        "coordinates": [
          13.4169088,
          52.5110197
        ]
      },
      "id": "node/667842214"
    },
    {
      "type": "Feature",
      "properties": {
        "@id": "node/670069373",
        "addr:city": "Berlin",
        "addr:country": "DE",
        "addr:housenumber": "5",
        "addr:postcode": "10119",
        "addr:street": "Zionskirchstraße",
        "addr:suburb": "Mitte",
        "amenity": "nightclub",
        "check_date": "2023-06-04",
        "contact:phone": "+49 179 4261189",
        "contact:website": "http://www.neueberlinerinitiative.de",
        "name": "NBI Club",
        "opening_hours": "Mo-Su 20:00+",
        "wheelchair": "no"
      },
      "geometry": {
        "type": "Point",
        "coordinates": [
          13.401179,
          52.53567
        ]
      },
      "id": "node/670069373"
    },
    {
      "type": "Feature",
      "properties": {
        "@id": "node/729294555",
        "addr:city": "Berlin",
        "addr:country": "DE",
        "addr:housenumber": "76",
        "addr:postcode": "10179",
        "addr:street": "Köpenicker Straße",
        "addr:suburb": "Mitte",
        "alt_name": "KitKat Club;KitKatClub",
        "amenity": "nightclub",
        "contact:instagram": "kitkatclub.official",
        "contact:phone": "+49 30 7871896",
        "contact:website": "http://www.kitkatclub.org",
        "kinky": "yes",
        "live_music": "yes",
        "name": "Kit Kat Club",
        "smoking": "yes",
        "toilets:wheelchair": "yes",
        "wheelchair": "limited",
        "wikidata": "Q322135",
        "wikimedia_commons": "Category:KitKatClub",
        "wikipedia": "de:KitKatClub"
      },
      "geometry": {
        "type": "Point",
        "coordinates": [
          13.4169157,
          52.5112074
        ]
      },
      "id": "node/729294555"
    },
    {
      "type": "Feature",
      "properties": {
        "@id": "node/736787851",
        "access": "customers",
        "addr:city": "Berlin",
        "addr:country": "DE",
        "addr:housenumber": "41",
        "addr:postcode": "10178",
        "addr:street": "Rosa-Luxemburg-Straße",
        "addr:suburb": "Mitte",
        "amenity": "nightclub",
        "entrance": "yes",
        "name": "1820",
        "opening_hours": "Mo-Su 19:00-00:00",
        "phone": "+493081453960",
        "smoking": "yes",
        "website": "https://www.belushis.com/bars/berlin",
        "wheelchair": "no"
      },
      "geometry": {
        "type": "Point",
        "coordinates": [
          13.4107036,
          52.526786
        ]
      },
      "id": "node/736787851"
    },
    {
      "type": "Feature",
      "properties": {
        "@id": "node/739305494",
        "addr:city": "Berlin",
        "addr:country": "DE",
        "addr:housenumber": "17",
        "addr:postcode": "12099",
        "addr:street": "Alt-Tempelhof",
        "addr:suburb": "Tempelhof",
        "amenity": "nightclub",
        "brothel:swingerclub": "events",
        "description": "Erotic Nightclub",
        "email": "dominique@insomnia-berlin.de",
        "fax": "+49 30 51654143",
        "kinky": "yes",
        "min_age": "18",
        "mobile": "+49 177 2333878",
        "name": "Insomnia",
        "opening_hours": "Tu 19:00-02:00, We 20:00-02:00, Th 14:00-24:00; Fr-Sa 22:00+, Su 19:00-02:00",
        "operator": "Insomnia GbR",
        "phone": "+49 30 51654143",
        "website": "https://www.insomnia-berlin.de/",
        "wikidata": "Q1285955",
        "wikipedia": "de:Insomnia (Club)"
      },
      "geometry": {
        "type": "Point",
        "coordinates": [
          13.3860876,
          52.4655581
        ]
      },
      "id": "node/739305494"
    },
    {
      "type": "Feature",
      "properties": {
        "@id": "node/821646254",
        "addr:city": "Berlin",
        "addr:country": "DE",
        "addr:postcode": "10243",
        "addr:street": "Karl-Marx-Allee",
        "addr:suburb": "Friedrichshain",
        "amenity": "nightclub",
        "check_date:opening_hours": "2023-11-29",
        "name": "Abgedreht Klub",
        "opening_hours:signed": "no"
      },
      "geometry": {
        "type": "Point",
        "coordinates": [
          13.452579,
          52.5156316
        ]
      },
      "id": "node/821646254"
    },
    {
      "type": "Feature",
      "properties": {
        "@id": "node/898983650",
        "addr:city": "Berlin",
        "addr:country": "DE",
        "addr:housenumber": "133/134",
        "addr:postcode": "10711",
        "addr:street": "Kurfürstendamm",
        "addr:suburb": "Halensee",
        "amenity": "nightclub",
        "contact:website": "http://night-lounge.net/",
        "name": "K133 Night Lounge",
        "wheelchair": "no"
      },
      "geometry": {
        "type": "Point",
        "coordinates": [
          13.2932442,
          52.4972653
        ]
      },
      "id": "node/898983650"
    },
    {
      "type": "Feature",
      "properties": {
        "@id": "node/910429971",
        "addr:city": "Berlin",
        "addr:country": "DE",
        "addr:housenumber": "102",
        "addr:postcode": "10115",
        "addr:street": "Chausseestraße",
        "addr:suburb": "Mitte",
        "amenity": "nightclub",
        "email": "info@ballhaus-berlin.de",
        "facebook": "https://www.facebook.com/ballhaus.berlin",
        "image": "https://media04.berliner-woche.de/event/2016/05/18/6/16526_XXL.png",
        "instagram": "https://www.instagram.com/ballhausberlin/",
        "name": "Ballhaus Berlin",
        "opening_hours": "Mo-Sa 15:00-04:00, Su 15:00-01:00",
        "operator": "Ballhaus Berlin GmbH",
        "phone": "+49 30 2827575",
        "start_date": "1905",
        "website": "https://www.ballhaus-berlin.de/",
        "wheelchair": "yes",
        "wikimedia_commons": "File:Ballhaus Berlin Chausseestraße.jpg"
      },
      "geometry": {
        "type": "Point",
        "coordinates": [
          13.380294,
          52.5320796
        ]
      },
      "id": "node/910429971"
    },
    {
      "type": "Feature",
      "properties": {
        "@id": "node/918183904",
        "addr:city": "Berlin",
        "addr:country": "DE",
        "addr:housenumber": "8",
        "addr:postcode": "10117",
        "addr:street": "Rosmarinstraße",
        "addr:suburb": "Mitte",
        "amenity": "nightclub",
        "contact:phone": "+49 30 544 69663",
        "name": "Club R8",
        "smoking": "no",
        "website": "http://www.clubr8.com/",
        "wheelchair": "limited"
      },
      "geometry": {
        "type": "Point",
        "coordinates": [
          13.3899473,
          52.5161783
        ]
      },
      "id": "node/918183904"
    },
    {
      "type": "Feature",
      "properties": {
        "@id": "node/959344243",
        "addr:city": "Berlin",
        "addr:country": "DE",
        "addr:housenumber": "26",
        "addr:postcode": "12053",
        "addr:street": "Rollbergstraße",
        "addr:suburb": "Neukölln",
        "amenity": "nightclub",
        "check_date": "2025-07-03",
        "contact:email": "pr@schwuz.de",
        "contact:fax": "+49 30 5770 227-10",
        "contact:phone": "+49 30 5770 227-0",
        "contact:website": "http://www.schwuz.de",
        "image": "https://www.schwuz.de/wp-content/uploads/2022/03/2013-gruendung-schwuz-verwaltungs-gmbh-berlin.jpg",
        "lgbtq": "primary",
        "name": "SchwuZ",
        "operator": "SchwuZ Kulturveranstaltungs GmbH",
        "payment:cash": "yes",
        "payment:credit_cards": "yes",
        "payment:debit_cards": "yes",
        "payment:mastercard": "yes",
        "payment:visa": "yes",
        "smoking": "isolated",
        "toilets:wheelchair": "yes",
        "wheelchair": "yes",
        "wikidata": "Q834245",
        "wikimedia_commons": "Category:SchwuZ",
        "wikipedia": "de:SchwuZ"
      },
      "geometry": {
        "type": "Point",
        "coordinates": [
          13.4337837,
          52.4794629
        ]
      },
      "id": "node/959344243"
    },
    {
      "type": "Feature",
      "properties": {
        "@id": "node/959625062",
        "addr:city": "Berlin",
        "addr:housenumber": "30",
        "addr:postcode": "10827",
        "addr:street": "Hauptstraße",
        "alt_name": "Havanna Club",
        "amenity": "nightclub",
        "contact:phone": "+49 30 78899655",
        "contact:website": "https://www.havanna-berlin.de/",
        "name": "Havanna",
        "opening_hours": "We 20:00+; Fr-Sa 22:00+",
        "start_date": "1997",
        "wheelchair": "yes"
      },
      "geometry": {
        "type": "Point",
        "coordinates": [
          13.3534485,
          52.4852704
        ]
      },
      "id": "node/959625062"
    },
    {
      "type": "Feature",
      "properties": {
        "@id": "node/975700421",
        "addr:city": "Berlin",
        "addr:country": "DE",
        "addr:housenumber": "107-113",
        "addr:postcode": "10967",
        "addr:street": "Hasenheide",
        "addr:suburb": "Neukölln",
        "amenity": "nightclub",
        "contact:phone": "+49 30 78099810",
        "contact:website": "https://huxleysneuewelt.com/",
        "name": "Huxleys Neue Welt",
        "opening_hours": "\"Je nach Veranstaltung\"",
        "toilets:wheelchair": "yes",
        "wheelchair": "yes"
      },
      "geometry": {
        "type": "Point",
        "coordinates": [
          13.4217418,
          52.4864896
        ]
      },
      "id": "node/975700421"
    },
    {
      "type": "Feature",
      "properties": {
        "@id": "node/979969868",
        "addr:city": "Berlin",
        "addr:country": "DE",
        "addr:housenumber": "26",
        "addr:postcode": "10969",
        "addr:street": "Ritterstraße",
        "addr:suburb": "Kreuzberg",
        "amenity": "nightclub",
        "check_date": "2025-08-26",
        "check_date:opening_hours": "2025-08-21",
        "check_date:smoking": "2025-07-01",
        "contact:email": "info@ritter-butzke.de",
        "contact:facebook": "https://facebook.com/ritterbutzkeberlin/events",
        "contact:fax": "+49 30 213007811",
        "contact:instagram": "https://www.instagram.com/ritterbutzke.berlin",
        "contact:ra": "https://ra.co/clubs/6950",
        "contact:website": "https://club.ritterbutzke.com",
        "image": "https://www.theclubmap.com/wp-content/uploads/2021/09/ritter-butzke-club-berlin-7.jpg",
        "name": "Ritter Butzke",
        "opening_hours": "\"siehe Website\"",
        "operator": "Ritter Butzke Production GmbH",
        "payment:cash": "yes",
        "payment:credit_cards": "yes",
        "payment:debit_cards": "yes",
        "short_name": "Butzke",
        "smoking": "no",
        "start_date": "2009-10",
        "toilets:wheelchair": "yes",
        "wheelchair": "yes",
        "wheelchair:description": "WC war gerade kaputt, ansonsten im EG alles ok erreichbar",
        "wikidata": "Q21036533",
        "wikipedia": "de:Ritter Butzke"
      },
      "geometry": {
        "type": "Point",
        "coordinates": [
          13.4081361,
          52.5030121
        ]
      },
      "id": "node/979969868"
    },
    {
      "type": "Feature",
      "properties": {
        "@id": "node/988192687",
        "amenity": "nightclub",
        "name": "Silverwings",
        "website": "https://silverwings.de/",
        "wheelchair": "no",
        "wheelchair:description": "Befindet sich im 1. Stock. Achtung: Ignoriert das Nichtraucherschutzgesetz."
      },
      "geometry": {
        "type": "Point",
        "coordinates": [
          13.390553,
          52.4835867
        ]
      },
      "id": "node/988192687"
    },
    {
      "type": "Feature",
      "properties": {
        "@id": "node/1144034120",
        "addr:city": "Berlin",
        "addr:country": "DE",
        "addr:housenumber": "2",
        "addr:postcode": "10178",
        "addr:street": "Am Zwirngraben",
        "addr:suburb": "Mitte",
        "amenity": "nightclub",
        "check_date": "2025-06-30",
        "check_date:smoking": "2025-06-30",
        "contact:facebook": "amtopmberlin",
        "contact:phone": "+49 30 24085301",
        "email": "Cloudamtopm@gmail.com",
        "internet_access": "wlan",
        "name": "AM to PM",
        "opening_hours": "zurzeit geschlossen",
        "smoking": "no",
        "toilets:wheelchair": "no",
        "url": "https://am-to-pm.metro.bar/",
        "wheelchair": "no"
      },
      "geometry": {
        "type": "Point",
        "coordinates": [
          13.4034635,
          52.5229379
        ]
      },
      "id": "node/1144034120"
    },
    {
      "type": "Feature",
      "properties": {
        "@id": "node/1145853246",
        "addr:city": "Berlin",
        "addr:country": "DE",
        "addr:housenumber": "11",
        "addr:postcode": "10178",
        "addr:street": "Karl-Liebknecht-Straße",
        "addr:suburb": "Mitte",
        "amenity": "nightclub",
        "contact:phone": "+49302828593",
        "music_genre": "schlager",
        "name": "Hafenbar",
        "name:ja": "ハーフェンバー",
        "opening_hours": "Fr-Sa 21:00-05:00",
        "website": "https://www.hafenbar-berlin.de/",
        "wheelchair": "no"
      },
      "geometry": {
        "type": "Point",
        "coordinates": [
          13.4075481,
          52.5217615
        ]
      },
      "id": "node/1145853246"
    },
    {
      "type": "Feature",
      "properties": {
        "@id": "node/1162812586",
        "addr:city": "Berlin",
        "addr:country": "DE",
        "addr:housenumber": "7",
        "addr:postcode": "10178",
        "addr:street": "Alexanderstraße",
        "addr:suburb": "Mitte",
        "amenity": "nightclub",
        "check_date": "2025-06-30",
        "check_date:smoking": "2025-06-30",
        "contact:phone": "+49 30 24631676",
        "contact:website": "http://www.week-end-berlin.de/",
        "name": "Weekend Club",
        "name:ja": "ウィークエンド・クラブ",
        "opening_hours": "Fr,Tu 22:00-06:00, Sa 19:00-06:00",
        "smoking": "no",
        "wheelchair": "limited"
      },
      "geometry": {
        "type": "Point",
        "coordinates": [
          13.4164231,
          52.5229029
        ]
      },
      "id": "node/1162812586"
    },
    {
      "type": "Feature",
      "properties": {
        "@id": "node/1165008486",
        "addr:city": "Berlin",
        "addr:country": "DE",
        "addr:housenumber": "97",
        "addr:postcode": "10435",
        "addr:street": "Knaackstraße",
        "addr:suburb": "Prenzlauer Berg",
        "amenity": "nightclub",
        "check_date": "2023-11-10",
        "internet_access": "no",
        "level": "1",
        "name": "Soda Club",
        "opening_hours": "Th,So 19:00-02:00; Fr-Sa 22:00-06:00",
        "payment:cash": "yes",
        "payment:credit_cards": "yes",
        "payment:debit_cards": "yes",
        "payment:free": "yes",
        "website": "https://www.soda-berlin.de/",
        "wheelchair": "limited"
      },
      "geometry": {
        "type": "Point",
        "coordinates": [
          13.4142448,
          52.5395232
        ]
      },
      "id": "node/1165008486"
    },
    {
      "type": "Feature",
      "properties": {
        "@id": "node/1228317932",
        "addr:city": "Berlin",
        "addr:country": "DE",
        "addr:housenumber": "90",
        "addr:postcode": "10627",
        "addr:street": "Bismarckstraße",
        "addr:suburb": "Charlottenburg",
        "amenity": "nightclub",
        "check_date": "2024-03-03",
        "contact:phone": "+49 172 3858879",
        "contact:website": "https://www.tabuclub.de/",
        "level": "0",
        "name": "Tabu",
        "wheelchair": "limited"
      },
      "geometry": {
        "type": "Point",
        "coordinates": [
          13.3084909,
          52.5114893
        ]
      },
      "id": "node/1228317932"
    },
    {
      "type": "Feature",
      "properties": {
        "@id": "node/1310466406",
        "addr:city": "Berlin",
        "addr:housenumber": "30",
        "addr:postcode": "10117",
        "addr:street": "Anton-Wilhelm-Amo-Straße",
        "amenity": "nightclub",
        "name": "BRICKS Club",
        "operator": "BRICKS Gastronomie GmbH",
        "smoking": "no",
        "website": "https://bricks-berlin.club",
        "wheelchair": "yes"
      },
      "geometry": {
        "type": "Point",
        "coordinates": [
          13.3932376,
          52.5121321
        ]
      },
      "id": "node/1310466406"
    },
    {
      "type": "Feature",
      "properties": {
        "@id": "node/1361259244",
        "addr:city": "Berlin",
        "addr:country": "DE",
        "addr:housenumber": "18",
        "addr:postcode": "10245",
        "addr:street": "Warschauer Platz",
        "addr:suburb": "Friedrichshain",
        "amenity": "nightclub",
        "check_date": "2023-11-03",
        "contact:facebook": "https://www.facebook.com/diebuscheberlin",
        "contact:instagram": "https://www.instagram.com/discothek_die_busche/",
        "contact:phone": "+49 30 2960800",
        "contact:website": "http://www.diebusche.de",
        "email": "mail@diebusche.de",
        "lgbtq": "primary",
        "name": "Die Busche",
        "opening_hours": "We 23:00-05:00,Fr 22:00-07:00,Sa 22:00-07:00",
        "phone": "+49 30 2960800",
        "toilets:wheelchair": "yes",
        "wheelchair": "limited"
      },
      "geometry": {
        "type": "Point",
        "coordinates": [
          13.448261,
          52.503615
        ]
      },
      "id": "node/1361259244"
    },
    {
      "type": "Feature",
      "properties": {
        "@id": "node/1370001597",
        "addr:city": "Berlin",
        "addr:housenumber": "85f",
        "addr:postcode": "10969",
        "addr:street": "Prinzenstraße",
        "amenity": "nightclub",
        "contact:email": "info@princecharlesberlin.com",
        "contact:website": "https://www.princecharlesberlin.com/",
        "image": "https://groove.de/wp-content/uploads/2019/05/prince-charles-final.jpg",
        "name": "Prince Charles",
        "smoking": "yes",
        "wheelchair": "yes"
      },
      "geometry": {
        "type": "Point",
        "coordinates": [
          13.4087274,
          52.5032996
        ]
      },
      "id": "node/1370001597"
    },
    {
      "type": "Feature",
      "properties": {
        "@id": "node/1402543376",
        "addr:city": "Berlin",
        "addr:country": "DE",
        "addr:housename": "Europa-Center",
        "addr:housenumber": "9-12",
        "addr:postcode": "10789",
        "addr:street": "Tauentzienstraße",
        "addr:suburb": "Charlottenburg",
        "amenity": "nightclub",
        "contact:website": "http://www.puroberlin.de/",
        "level": "20",
        "name": "Puro Sky Lounge Berlin"
      },
      "geometry": {
        "type": "Point",
        "coordinates": [
          13.3379413,
          52.5040556
        ]
      },
      "id": "node/1402543376"
    },
    {
      "type": "Feature",
      "properties": {
        "@id": "node/1450635676",
        "addr:city": "Berlin",
        "addr:country": "DE",
        "addr:housenumber": "1",
        "addr:postcode": "10178",
        "addr:street": "Rosa-Luxemburg-Platz",
        "addr:suburb": "Mitte",
        "amenity": "nightclub",
        "check_date": "2024-06-10",
        "name": "Roter Salon",
        "opening_hours": "Mo-Sa 11:00-18:00",
        "operator": "Volksbühne am Rosa-Luxemburg-Platz",
        "wheelchair": "no"
      },
      "geometry": {
        "type": "Point",
        "coordinates": [
          13.4116224,
          52.5271131
        ]
      },
      "id": "node/1450635676"
    },
    {
      "type": "Feature",
      "properties": {
        "@id": "node/1667559178",
        "amenity": "nightclub",
        "leisure": "music_venue",
        "name": "Bi Nuu",
        "toilets:wheelchair": "yes",
        "website": "http://www.bi-nuu.de/",
        "wheelchair": "yes"
      },
      "geometry": {
        "type": "Point",
        "coordinates": [
          13.4414613,
          52.5007558
        ]
      },
      "id": "node/1667559178"
    },
    {
      "type": "Feature",
      "properties": {
        "@id": "node/1820069776",
        "addr:city": "Berlin",
        "addr:country": "DE",
        "addr:housenumber": "40",
        "addr:postcode": "10178",
        "addr:street": "Dircksenstraße",
        "addr:suburb": "Mitte",
        "amenity": "nightclub",
        "contact:email": "mail@b-flat-berlin.de",
        "contact:phone": "+49 30 2833123",
        "contact:website": "http://b-flat-berlin.de/",
        "level": "-1",
        "live_music": "yes",
        "name": "b-flat",
        "opening_hours": "Mo-Su 20:00-01:00",
        "outdoor_seating": "no",
        "payment:cash": "yes",
        "payment:credit_cards": "no",
        "payment:debit_cards": "no",
        "smoking": "no",
        "wheelchair": "no"
      },
      "geometry": {
        "type": "Point",
        "coordinates": [
          13.4069893,
          52.5235538
        ]
      },
      "id": "node/1820069776"
    },
    {
      "type": "Feature",
      "properties": {
        "@id": "node/1882869375",
        "addr:city": "Berlin",
        "addr:country": "DE",
        "addr:housenumber": "33",
        "addr:postcode": "10777",
        "addr:street": "Fuggerstraße",
        "addr:suburb": "Schöneberg",
        "amenity": "nightclub",
        "contact:email": "info@connection-berlin.de",
        "contact:fax": "+49 30 2177686",
        "contact:phone": "+49 30 2181432",
        "contact:website": "http://www.connection-berlin.de",
        "cruising": "yes",
        "lgbtq": "primary",
        "lgbtq:cruising": "yes",
        "lgbtq:men": "only",
        "name": "Connection",
        "opening_hours": "Mo-Th 10:00-01:00, Fr-Sa 10:00-05:00, Su 14:00-01:00",
        "operator": "Michael Sonntag, Michael Klatt",
        "wheelchair": "limited"
      },
      "geometry": {
        "type": "Point",
        "coordinates": [
          13.3424928,
          52.4990172
        ]
      },
      "id": "node/1882869375"
    },
    {
      "type": "Feature",
      "properties": {
        "@id": "node/1897123562",
        "addr:housenumber": "5",
        "addr:street": "Pfuelstraße",
        "amenity": "nightclub",
        "contact:facebook": "fluxbau",
        "contact:instagram": "FluxBau",
        "email": "fluxbau@fluxfm.de",
        "name": "FluxBau",
        "phone": "+4917643562611",
        "toilets:wheelchair": "no",
        "website": "https://www.fluxfm.de/fluxbau/",
        "wheelchair": "no"
      },
      "geometry": {
        "type": "Point",
        "coordinates": [
          13.4411582,
          52.5029678
        ]
      },
      "id": "node/1897123562"
    },
    {
      "type": "Feature",
      "properties": {
        "@id": "node/1934211315",
        "addr:city": "Berlin",
        "addr:country": "DE",
        "addr:housenumber": "77",
        "addr:postcode": "10623",
        "addr:street": "Knesebeckstraße",
        "addr:suburb": "Charlottenburg",
        "amenity": "nightclub",
        "name": "Vagabund Club",
        "opening_hours": "00:00+",
        "opening_hours:signed": "no",
        "website": "https://www.vagabund-berlin.com/",
        "wheelchair": "limited"
      },
      "geometry": {
        "type": "Point",
        "coordinates": [
          13.3224146,
          52.504062
        ]
      },
      "id": "node/1934211315"
    },
    {
      "type": "Feature",
      "properties": {
        "@id": "node/1941952571",
        "addr:city": "Berlin",
        "addr:country": "DE",
        "addr:housenumber": "114",
        "addr:postcode": "10999",
        "addr:street": "Skalitzer Straße",
        "addr:suburb": "Kreuzberg",
        "amenity": "nightclub",
        "contact:email": "mail@bulbulberlin.de",
        "contact:facebook": "https://www.facebook.com/BulbulBerlin/",
        "contact:phone": "+49 30 53091711",
        "name": "Bulbul Berlin",
        "website": "https://www.bulbulberlin.de/"
      },
      "geometry": {
        "type": "Point",
        "coordinates": [
          13.4242521,
          52.4993312
        ]
      },
      "id": "node/1941952571"
    },
    {
      "type": "Feature",
      "properties": {
        "@id": "node/1954332576",
        "addr:city": "Berlin",
        "addr:country": "DE",
        "addr:housenumber": "35",
        "addr:postcode": "10557",
        "addr:street": "Lehrter Straße",
        "addr:suburb": "Moabit",
        "amenity": "nightclub",
        "contact:phone": "+49 30 3975056",
        "email": "info@slaughterhouse-berlin.de",
        "name": "Slaughterhouse",
        "toilets:wheelchair": "yes",
        "website": "https://www.slaughterhouse-berlin.de/",
        "wheelchair": "limited"
      },
      "geometry": {
        "type": "Point",
        "coordinates": [
          13.3597082,
          52.5344022
        ]
      },
      "id": "node/1954332576"
    },
    {
      "type": "Feature",
      "properties": {
        "@id": "node/2126202628",
        "addr:city": "Berlin",
        "addr:country": "DE",
        "addr:housenumber": "74",
        "addr:postcode": "13347",
        "addr:street": "Reinickendorfer Straße",
        "addr:suburb": "Wedding",
        "amenity": "nightclub",
        "check_date:opening_hours": "2023-11-17",
        "contact:phone": "+49 157 79 13 79 14",
        "name": "Orchidea",
        "opening_hours:signed": "no",
        "wheelchair": "no",
        "wheelchair:description": "eine Rollstuhlrampe wird auf Anfrage ausgelegt"
      },
      "geometry": {
        "type": "Point",
        "coordinates": [
          13.3672515,
          52.551145
        ]
      },
      "id": "node/2126202628"
    },
    {
      "type": "Feature",
      "properties": {
        "@id": "node/2147941967",
        "addr:city": "Berlin",
        "addr:country": "DE",
        "addr:housenumber": "85-86",
        "addr:postcode": "10997",
        "addr:street": "Skalitzer Straße",
        "addr:suburb": "Kreuzberg",
        "amenity": "nightclub",
        "contact:facebook": "https://www.facebook.com/privatclub",
        "contact:instagram": "https://www.instagram.com/privatclub_berlin/",
        "contact:website": "http://www.privatclub-berlin.de",
        "email": "info@privatclub-berlin.de",
        "leisure": "music_venue",
        "name": "Privatclub",
        "opening_hours:office": "Mo-Fr 11:00-16:00",
        "opening_hours:signed": "no",
        "operator": "Milchmädchen Musikkultur GmbH",
        "phone": "+49 30 35522598",
        "toilets:wheelchair": "yes",
        "wheelchair": "yes",
        "wheelchair:description": "Es gibt zwar eine rollstuhlgerechte Toilette, aber auch Treppen am Eingang. Man kann wohl hinten rum über einen Lastenaufzug...",
        "wikidata": "Q105762300"
      },
      "geometry": {
        "type": "Point",
        "coordinates": [
          13.4348491,
          52.5000715
        ]
      },
      "id": "node/2147941967"
    },
    {
      "type": "Feature",
      "properties": {
        "@id": "node/2147953685",
        "amenity": "nightclub",
        "name": "Metrom Lounge"
      },
      "geometry": {
        "type": "Point",
        "coordinates": [
          13.4474984,
          52.5029659
        ]
      },
      "id": "node/2147953685"
    },
    {
      "type": "Feature",
      "properties": {
        "@id": "node/2188253833",
        "addr:city": "Berlin",
        "addr:housenumber": "25",
        "addr:postcode": "10719",
        "addr:street": "Joachimsthaler Straße",
        "amenity": "nightclub",
        "name": "The Door",
        "unused:amenity": "nightclub",
        "website": "https://thedoor.club/",
        "wheelchair": "limited"
      },
      "geometry": {
        "type": "Point",
        "coordinates": [
          13.3311044,
          52.5008789
        ]
      },
      "id": "node/2188253833"
    },
    {
      "type": "Feature",
      "properties": {
        "@id": "node/2347398754",
        "addr:city": "Berlin",
        "addr:country": "DE",
        "addr:housenumber": "15",
        "addr:postcode": "10719",
        "addr:street": "Joachimsthaler Straße",
        "addr:suburb": "Charlottenburg",
        "amenity": "nightclub",
        "contact:whatsapp": "0176 32289595",
        "email": "kontakt@maxxim-berlin.de",
        "name": "Maxxim Club",
        "opening_hours": "22:30+; Tu 19:00+",
        "phone": "+49 30 41766240",
        "website": "https://www.maxxim-berlin.de/",
        "wheelchair": "no"
      },
      "geometry": {
        "type": "Point",
        "coordinates": [
          13.3308361,
          52.5019061
        ]
      },
      "id": "node/2347398754"
    },
    {
      "type": "Feature",
      "properties": {
        "@id": "node/2381034158",
        "amenity": "nightclub",
        "check_date": "2025-05-03",
        "name": "Reset",
        "opening_hours": "\"abhängig von Veranstaltungen\"",
        "toilets:wheelchair": "no",
        "wheelchair": "no"
      },
      "geometry": {
        "type": "Point",
        "coordinates": [
          13.4351165,
          52.4961326
        ]
      },
      "id": "node/2381034158"
    },
    {
      "type": "Feature",
      "properties": {
        "@id": "node/2435092394",
        "addr:city": "Berlin",
        "addr:country": "DE",
        "addr:housenumber": "146",
        "addr:postcode": "12051",
        "addr:street": "Hermannstraße",
        "addr:suburb": "Neukölln",
        "alt_name": "Hole Berlin",
        "alt_name_1": "Hole 44",
        "amenity": "nightclub",
        "contact:instagram": "holeberlin",
        "level": "0",
        "live_music": "yes",
        "name": "Hole⁴⁴",
        "opening_hours": "\"zu Veranstaltungen\"",
        "website": "https://hole-berlin.de/",
        "wheelchair": "yes",
        "wikidata": "Q130601665"
      },
      "geometry": {
        "type": "Point",
        "coordinates": [
          13.4333842,
          52.4643506
        ]
      },
      "id": "node/2435092394"
    },
    {
      "type": "Feature",
      "properties": {
        "@id": "node/2665268971",
        "amenity": "nightclub",
        "contact:facebook": "https://www.facebook.com/auster.berlin/",
        "name": "Auster-Club",
        "opening_hours": "Mo-Su 12:00-18:00+",
        "smoking": "isolated",
        "wheelchair": "no"
      },
      "geometry": {
        "type": "Point",
        "coordinates": [
          13.4311437,
          52.502437
        ]
      },
      "id": "node/2665268971"
    },
    {
      "type": "Feature",
      "properties": {
        "@id": "node/2876098523",
        "addr:city": "Berlin",
        "addr:country": "DE",
        "addr:housenumber": "70",
        "addr:postcode": "10179",
        "addr:street": "Köpenicker Straße",
        "addr:suburb": "Mitte",
        "amenity": "nightclub",
        "contact:facebook": "https://www.facebook.com/shiftberlin",
        "contact:instagram": "https://www.instagram.com/ohmberlin/",
        "name": "Ohm",
        "smoking": "no",
        "website": "http://www.ohmberlin.com/"
      },
      "geometry": {
        "type": "Point",
        "coordinates": [
          13.4197888,
          52.5105954
        ]
      },
      "id": "node/2876098523"
    },
    {
      "type": "Feature",
      "properties": {
        "@id": "node/2968181705",
        "addr:city": "Berlin",
        "addr:country": "DE",
        "addr:housenumber": "25",
        "addr:postcode": "10243",
        "addr:street": "Holzmarktstraße",
        "addr:suburb": "Friedrichshain",
        "amenity": "nightclub",
        "entrance": "main",
        "name": "Nachtclub"
      },
      "geometry": {
        "type": "Point",
        "coordinates": [
          13.4247322,
          52.5126865
        ]
      },
      "id": "node/2968181705"
    },
    {
      "type": "Feature",
      "properties": {
        "@id": "node/3121055734",
        "addr:city": "Berlin",
        "addr:country": "DE",
        "addr:housenumber": "32",
        "addr:postcode": "10117",
        "addr:street": "Tucholskystraße",
        "addr:suburb": "Mitte",
        "amenity": "nightclub",
        "name": "Flow Bar",
        "opening_hours": "Su,Mo,Tu off, We,Th 21:00-05:00, Fr,Sa 21:00-06:00",
        "smoking": "no",
        "toilets:wheelchair": "no",
        "wheelchair": "no"
      },
      "geometry": {
        "type": "Point",
        "coordinates": [
          13.393681,
          52.5261173
        ]
      },
      "id": "node/3121055734"
    },
    {
      "type": "Feature",
      "properties": {
        "@id": "node/3298592393",
        "amenity": "nightclub",
        "name": "Konzulát",
        "opening_hours:signed": "no",
        "smoking": "no"
      },
      "geometry": {
        "type": "Point",
        "coordinates": [
          13.3961493,
          52.5112236
        ]
      },
      "id": "node/3298592393"
    },
    {
      "type": "Feature",
      "properties": {
        "@id": "node/3469247893",
        "addr:city": "Berlin",
        "addr:country": "DE",
        "addr:housenumber": "97",
        "addr:postcode": "10435",
        "addr:street": "Knaackstraße",
        "addr:suburb": "Prenzlauer Berg",
        "amenity": "nightclub",
        "contact:phone": "+49 30 44341952",
        "mapillary": "458394502129423",
        "name": "Alte Kantine",
        "opening_hours": "Mo 22:00-06:00; Th 22:00-05:00; Fr 19:00-06:00; Sa 20:00-06:30",
        "smoking": "isolated",
        "toilets:wheelchair": "yes",
        "website": "https://alte-kantine.eu",
        "wheelchair": "limited"
      },
      "geometry": {
        "type": "Point",
        "coordinates": [
          13.4136676,
          52.5395329
        ]
      },
      "id": "node/3469247893"
    },
    {
      "type": "Feature",
      "properties": {
        "@id": "node/3610779779",
        "addr:city": "Berlin",
        "addr:country": "DE",
        "addr:housenumber": "5",
        "addr:postcode": "10365",
        "addr:street": "Wiesenweg",
        "addr:suburb": "Lichtenberg",
        "amenity": "nightclub",
        "contact:website": "http://www.void-club.de/",
        "name": "Void"
      },
      "geometry": {
        "type": "Point",
        "coordinates": [
          13.4758087,
          52.5075429
        ]
      },
      "id": "node/3610779779"
    },
    {
      "type": "Feature",
      "properties": {
        "@id": "node/3777579770",
        "amenity": "nightclub",
        "check_date": "2023-07-23",
        "name": "Top Disco Berlin",
        "opening_hours": "Fr,Sa 22:00+",
        "phone": "+49 30 720 15 430",
        "toilets:wheelchair": "yes",
        "website": "http://topdisco-berlin.de/home/",
        "wheelchair": "yes"
      },
      "geometry": {
        "type": "Point",
        "coordinates": [
          13.4833923,
          52.4260543
        ]
      },
      "id": "node/3777579770"
    },
    {
      "type": "Feature",
      "properties": {
        "@id": "node/3783242657",
        "addr:city": "Berlin",
        "addr:country": "DE",
        "addr:housenumber": "123-124",
        "addr:postcode": "10178",
        "addr:street": "Dircksenstraße",
        "addr:suburb": "Mitte",
        "amenity": "nightclub",
        "name": "M-BIA",
        "opening_hours": "We 23:00-07:00; Fr-Sa 23:00-09:00",
        "smoking": "no"
      },
      "geometry": {
        "type": "Point",
        "coordinates": [
          13.4092273,
          52.5226319
        ]
      },
      "id": "node/3783242657"
    },
    {
      "type": "Feature",
      "properties": {
        "@id": "node/3783290025",
        "addr:city": "Berlin",
        "addr:country": "DE",
        "addr:housenumber": "21",
        "addr:postcode": "10119",
        "addr:street": "Veteranenstraße",
        "addr:suburb": "Mitte",
        "amenity": "nightclub",
        "name": "ACUD",
        "wheelchair": "limited"
      },
      "geometry": {
        "type": "Point",
        "coordinates": [
          13.4008094,
          52.5335177
        ]
      },
      "id": "node/3783290025"
    },
    {
      "type": "Feature",
      "properties": {
        "@id": "node/3783296627",
        "addr:city": "Berlin",
        "addr:housenumber": "1",
        "addr:postcode": "10785",
        "addr:street": "Marlene-Dietrich-Platz",
        "amenity": "nightclub",
        "name": "Adagio",
        "wheelchair": "yes"
      },
      "geometry": {
        "type": "Point",
        "coordinates": [
          13.3718571,
          52.5075016
        ]
      },
      "id": "node/3783296627"
    },
    {
      "type": "Feature",
      "properties": {
        "@id": "node/3783307323",
        "addr:city": "Berlin",
        "addr:housenumber": "142c",
        "addr:postcode": "13439",
        "addr:street": "Wilhelmsruher Damm",
        "addr:suburb": "Märkisches Viertel",
        "amenity": "nightclub",
        "name": "American Western Saloon",
        "toilets:wheelchair": "yes",
        "wheelchair": "limited"
      },
      "geometry": {
        "type": "Point",
        "coordinates": [
          13.3526876,
          52.5975687
        ]
      },
      "id": "node/3783307323"
    },
    {
      "type": "Feature",
      "properties": {
        "@id": "node/3826455881",
        "addr:city": "Berlin",
        "addr:country": "DE",
        "addr:housenumber": "7",
        "addr:postcode": "10777",
        "addr:street": "Kalckreuthstraße",
        "addr:suburb": "Schöneberg",
        "amenity": "nightclub",
        "check_date:opening_hours": "2024-02-19",
        "min_age": "18",
        "name": "Pussy Cat",
        "opening_hours": "Mo-Su 18:00-06:00",
        "phone": "+49 30 2133586",
        "smoking": "yes",
        "website": "http://www.pussycat-berlin.de",
        "wheelchair": "no"
      },
      "geometry": {
        "type": "Point",
        "coordinates": [
          13.3479726,
          52.4987104
        ]
      },
      "id": "node/3826455881"
    },
    {
      "type": "Feature",
      "properties": {
        "@id": "node/3830239588",
        "addr:city": "Berlin",
        "addr:housenumber": "9",
        "addr:postcode": "10785",
        "addr:street": "Lützowplatz",
        "amenity": "nightclub",
        "name": "Trompete",
        "website": "https://trompete-berlin.de/",
        "wheelchair": "no"
      },
      "geometry": {
        "type": "Point",
        "coordinates": [
          13.3534385,
          52.5044307
        ]
      },
      "id": "node/3830239588"
    },
    {
      "type": "Feature",
      "properties": {
        "@id": "node/4034138645",
        "addr:city": "Berlin",
        "addr:country": "DE",
        "addr:floor": "0",
        "addr:housename": "SO36",
        "addr:housenumber": "190",
        "addr:postcode": "10999",
        "addr:street": "Oranienstraße",
        "addr:suburb": "Kreuzberg",
        "air_conditioning": "yes",
        "amenity": "nightclub",
        "check_date": "2024-09-01",
        "contact:email": "post@so36.de",
        "contact:facebook": "https://www.facebook.com/pages/_/171604075171",
        "contact:instagram": "so36_club",
        "contact:phone": "+49 30 61401306",
        "contact:qype": "https://www.qype.com/place/3091",
        "contact:website": "https://www.so36.de",
        "contact:yelp": "https://www.yelp.com/biz/so36-berlin",
        "description": "concert collective;concert venue;events",
        "identity": "solidarity_economy",
        "level": "0",
        "live_music": "yes",
        "name": "SO36",
        "opening_hours": "\"Je nach Programm\"",
        "payment:cash": "yes",
        "payment:credit_cards": "yes",
        "payment:debit_cards": "yes",
        "payment:mastercard": "yes",
        "payment:visa": "yes",
        "provides": "culture;spaces",
        "smoking": "isolated",
        "source": "Solikon 2015;survey",
        "toilets:wheelchair": "yes",
        "wheelchair": "yes",
        "wheelchair:description": "Rampe am Eingang wird auf Nachfrage hingelegt;Drinnen: Rollstuh auf ein Podest heben zum Konzert schauen",
        "wikidata": "Q561850",
        "wikimedia_commons": "Category:SO36",
        "wikipedia": "de:SO36"
      },
      "geometry": {
        "type": "Point",
        "coordinates": [
          13.4221612,
          52.5003909
        ]
      },
      "id": "node/4034138645"
    },
    {
      "type": "Feature",
      "properties": {
        "@id": "node/4118217590",
        "addr:city": "Berlin",
        "addr:housenumber": "14",
        "addr:postcode": "12347",
        "addr:street": "Jahnstraße",
        "amenity": "nightclub",
        "name": "Stella Berlin",
        "opening_hours": "Mo-Fr 09:00-21:00; Sa-Su 11:00-20:00",
        "phone": "+49 30 61740855",
        "website": "https://stella-berlin.de/"
      },
      "geometry": {
        "type": "Point",
        "coordinates": [
          13.4442907,
          52.4613006
        ]
      },
      "id": "node/4118217590"
    },
    {
      "type": "Feature",
      "properties": {
        "@id": "node/4172803384",
        "addr:city": "Berlin",
        "addr:country": "DE",
        "addr:housenumber": "177 B",
        "addr:postcode": "10119",
        "addr:street": "Schönhauser Allee",
        "addr:suburb": "Prenzlauer Berg",
        "amenity": "nightclub",
        "bar": "yes",
        "check_date": "2025-09-28",
        "check_date:opening_hours": "2025-09-28",
        "email": "info@8mmbar.de",
        "facebook": "https://www.facebook.com/8millimeterbar/",
        "instagram": "https://www.instagram.com/8mmbar/",
        "name": "8MM",
        "opening_hours": "Mo-Su 19:00-04:00",
        "operator": "8MM Bar Veranstaltungs GmbH",
        "smoking": "yes",
        "website": "https://www.8mmbar.de/"
      },
      "geometry": {
        "type": "Point",
        "coordinates": [
          13.4115684,
          52.5312243
        ]
      },
      "id": "node/4172803384"
    },
    {
      "type": "Feature",
      "properties": {
        "@id": "node/4217156190",
        "addr:city": "Berlin",
        "addr:country": "DE",
        "addr:housenumber": "31",
        "addr:postcode": "10179",
        "addr:street": "Schillingstraße",
        "addr:suburb": "Mitte",
        "amenity": "nightclub",
        "contact:email": "info@beate-uwe.de",
        "contact:facebook": "https://www.facebook.com/beateuweberlin/events",
        "contact:instagram": "https://www.instagram.com/beateuwe_official",
        "contact:ra": "https://ra.co/clubs/98993",
        "contact:website": "https://beate-uwe.de",
        "min_age": "18",
        "name": "Beate Uwe",
        "operator": "Javid und Ücel GbR",
        "smoking": "no",
        "start_date": "2014-12",
        "toilets:wheelchair": "no",
        "wheelchair": "yes"
      },
      "geometry": {
        "type": "Point",
        "coordinates": [
          13.419024,
          52.5174812
        ]
      },
      "id": "node/4217156190"
    },
    {
      "type": "Feature",
      "properties": {
        "@id": "node/4236204189",
        "addr:housenumber": "5",
        "addr:place": "Richard-Wagner-Platz",
        "addr:postcode": "10585",
        "amenity": "nightclub",
        "email": "info@misalsa.de",
        "name": "MiSalsa",
        "opening_hours": "Fr-Sa 22:00-05:00",
        "operator": "Humberto Castillo",
        "phone": "+493034540769",
        "website": "https://misalsa.de",
        "wheelchair": "no"
      },
      "geometry": {
        "type": "Point",
        "coordinates": [
          13.305791,
          52.5172277
        ]
      },
      "id": "node/4236204189"
    },
    {
      "type": "Feature",
      "properties": {
        "@id": "node/4283150545",
        "addr:city": "Berlin",
        "addr:housenumber": "27",
        "addr:postcode": "10999",
        "addr:street": "Mariannenstraße",
        "amenity": "nightclub",
        "name": "Cake Club"
      },
      "geometry": {
        "type": "Point",
        "coordinates": [
          13.4204665,
          52.4966876
        ]
      },
      "id": "node/4283150545"
    },
    {
      "type": "Feature",
      "properties": {
        "@id": "node/4458466133",
        "addr:city": "Berlin",
        "addr:housenumber": "12",
        "addr:postcode": "13051",
        "addr:street": "Prerower Platz",
        "amenity": "nightclub",
        "name": "KISS Lounge"
      },
      "geometry": {
        "type": "Point",
        "coordinates": [
          13.5048839,
          52.564751
        ]
      },
      "id": "node/4458466133"
    },
    {
      "type": "Feature",
      "properties": {
        "@id": "node/4574958092",
        "amenity": "nightclub",
        "name": "Vitrin",
        "wheelchair": "yes"
      },
      "geometry": {
        "type": "Point",
        "coordinates": [
          13.327462,
          52.5046309
        ]
      },
      "id": "node/4574958092"
    },
    {
      "type": "Feature",
      "properties": {
        "@id": "node/4784529624",
        "addr:housenumber": "144",
        "addr:postcode": "10115",
        "addr:street": "Linienstraße",
        "amenity": "nightclub",
        "name": "Geheimclub (Annika von Trier)",
        "smoking": "no",
        "website": "https://annika-von-trier.com/geheimclub/"
      },
      "geometry": {
        "type": "Point",
        "coordinates": [
          13.3908678,
          52.5267961
        ]
      },
      "id": "node/4784529624"
    },
    {
      "type": "Feature",
      "properties": {
        "@id": "node/4815124323",
        "addr:city": "Berlin",
        "addr:country": "DE",
        "addr:housenumber": "10",
        "addr:postcode": "12435",
        "addr:street": "An den Treptowers",
        "addr:suburb": "Alt-Treptow",
        "amenity": "nightclub",
        "check_date": "2023-05-23",
        "contact:website": "http://else.tv/",
        "name": "Else",
        "opening_hours": "Tu-Sa 16:00+",
        "wheelchair": "no"
      },
      "geometry": {
        "type": "Point",
        "coordinates": [
          13.4625984,
          52.4951405
        ]
      },
      "id": "node/4815124323"
    },
    {
      "type": "Feature",
      "properties": {
        "@id": "node/4870128450",
        "addr:city": "Berlin",
        "addr:country": "DE",
        "addr:housenumber": "70",
        "addr:postcode": "10179",
        "addr:street": "Köpenicker Straße",
        "addr:suburb": "Mitte",
        "amenity": "nightclub",
        "contact:facebook": "http://www.facebook.com/tresorberlin",
        "contact:instagram": "https://www.instagram.com/tresorberlin",
        "contact:phone": "+49 30 6953770",
        "contact:ra": "https://ra.co/clubs/5494",
        "contact:website": "https://tresorberlin.com",
        "live_music": "yes",
        "name": "Tresor Berlin",
        "operator": "Tresor Berlin GmbH",
        "smoking": "no",
        "start_date": "2007",
        "toilets:wheelchair": "yes",
        "wheelchair": "yes",
        "wikidata": "Q678186",
        "wikipedia": "de:Tresor (Club)"
      },
      "geometry": {
        "type": "Point",
        "coordinates": [
          13.419484,
          52.5106807
        ]
      },
      "id": "node/4870128450"
    },
    {
      "type": "Feature",
      "properties": {
        "@id": "node/4894544353",
        "addr:city": "Berlin",
        "addr:country": "DE",
        "addr:housenumber": "261",
        "addr:postcode": "12351",
        "addr:street": "Johannisthaler Chaussee",
        "addr:suburb": "Buckow",
        "amenity": "nightclub",
        "contact:website": "http://blackwhite-danceclub.de/",
        "facebook": "https://www.facebook.com/people/BLACK-WHITE-DANCE-CLUB/100049051157624/",
        "fixme": "Website ist down, die Betreibergesellschaft insolvent, existiert der Club noch?",
        "name": "BlackWhite Danceclub",
        "opening_hours": "Fr 22:00+, Sa 21:00+",
        "wheelchair": "no"
      },
      "geometry": {
        "type": "Point",
        "coordinates": [
          13.4615989,
          52.4322129
        ]
      },
      "id": "node/4894544353"
    },
    {
      "type": "Feature",
      "properties": {
        "@id": "node/5155961321",
        "addr:postcode": "10245",
        "amenity": "nightclub",
        "contact:facebook": "DerWeisseHaseBerlin",
        "name": "Der Weiße Hase",
        "name:en": "The White Rabbit",
        "name:es": "Conejo Blanco",
        "phone": "+49 174 1976833"
      },
      "geometry": {
        "type": "Point",
        "coordinates": [
          13.4545322,
          52.5075831
        ]
      },
      "id": "node/5155961321"
    },
    {
      "type": "Feature",
      "properties": {
        "@id": "node/5244438075",
        "addr:city": "Berlin",
        "addr:housenumber": "11",
        "addr:postcode": "12057",
        "addr:street": "Ziegrastraße",
        "amenity": "nightclub",
        "name": "Internet Explorer"
      },
      "geometry": {
        "type": "Point",
        "coordinates": [
          13.4598687,
          52.4764177
        ]
      },
      "id": "node/5244438075"
    },
    {
      "type": "Feature",
      "properties": {
        "@id": "node/5247942730",
        "amenity": "nightclub",
        "entrance": "main",
        "name": "Kater Blau"
      },
      "geometry": {
        "type": "Point",
        "coordinates": [
          13.4260899,
          52.5119933
        ]
      },
      "id": "node/5247942730"
    },
    {
      "type": "Feature",
      "properties": {
        "@id": "node/5838965221",
        "addr:city": "Berlin",
        "addr:country": "DE",
        "addr:housenumber": "60",
        "addr:postcode": "12053",
        "addr:street": "Boddinstraße",
        "addr:suburb": "Neukölln",
        "amenity": "nightclub",
        "contact:instagram": "loophole_brln",
        "contact:website": "https://loophole.berlin/",
        "name": "Loophole",
        "wheelchair": "no"
      },
      "geometry": {
        "type": "Point",
        "coordinates": [
          13.4330336,
          52.4806929
        ]
      },
      "id": "node/5838965221"
    },
    {
      "type": "Feature",
      "properties": {
        "@id": "node/5873234785",
        "addr:city": "Berlin",
        "addr:country": "DE",
        "addr:housenumber": "99",
        "addr:postcode": "10245",
        "addr:street": "Revaler Straße",
        "addr:suburb": "Friedrichshain",
        "amenity": "nightclub",
        "delivery": "no",
        "name": "Tabula Rasa",
        "old_name": "Khwan",
        "outdoor_seating": "yes",
        "payment:cash": "only",
        "smoking": "outside",
        "takeaway": "no"
      },
      "geometry": {
        "type": "Point",
        "coordinates": [
          13.4556606,
          52.5074123
        ]
      },
      "id": "node/5873234785"
    },
    {
      "type": "Feature",
      "properties": {
        "@id": "node/5906879511",
        "addr:city": "Berlin",
        "addr:country": "DE",
        "addr:housenumber": "24c",
        "addr:postcode": "10245",
        "addr:street": "Markgrafendamm",
        "addr:suburb": "Friedrichshain",
        "amenity": "nightclub",
        "check_date": "2024-09-08",
        "contact:email": "info@aboutblank.li;lost@aboutblank.li",
        "contact:facebook": "https://www.facebook.com/about.party/events",
        "contact:instagram": "https://www.instagram.com/about.blank.berlin",
        "contact:phone": "+49 30 69536290",
        "contact:ra": "https://ra.co/clubs/28354",
        "contact:website": "https://aboutblank.li",
        "description": "ATM inside",
        "internet_access": "no",
        "name": "://about blank",
        "opening_hours": "\"je nach Veranstaltung\"",
        "operator": "about blank eG",
        "payment:cards": "no",
        "payment:cash": "yes",
        "payment:credit_cards": "no",
        "payment:debit_cards": "no",
        "smoking": "yes",
        "start_date": "2010",
        "toilets:wheelchair": "yes",
        "wheelchair": "no",
        "wikidata": "Q23906461",
        "wikipedia": "de:About Blank"
      },
      "geometry": {
        "type": "Point",
        "coordinates": [
          13.466302,
          52.5024767
        ]
      },
      "id": "node/5906879511"
    },
    {
      "type": "Feature",
      "properties": {
        "@id": "node/6032392904",
        "amenity": "nightclub",
        "karaoke": "yes",
        "name": "KTV Bar"
      },
      "geometry": {
        "type": "Point",
        "coordinates": [
          13.3099366,
          52.5063423
        ]
      },
      "id": "node/6032392904"
    },
    {
      "type": "Feature",
      "properties": {
        "@id": "node/6192377288",
        "addr:city": "Berlin",
        "addr:country": "DE",
        "addr:housenumber": "18",
        "addr:postcode": "10245",
        "addr:street": "Warschauer Platz",
        "addr:suburb": "Friedrichshain",
        "amenity": "nightclub",
        "check_date": "2025-09-13",
        "contact:email": "info@club-ava-berlin.de",
        "contact:facebook": "https://www.facebook.com/ElektroAva/",
        "contact:website": "http://www.club-ava-berlin.de/",
        "name": "Ava Club"
      },
      "geometry": {
        "type": "Point",
        "coordinates": [
          13.4473091,
          52.5029373
        ]
      },
      "id": "node/6192377288"
    },
    {
      "type": "Feature",
      "properties": {
        "@id": "node/6252070333",
        "addr:city": "Berlin",
        "addr:housenumber": "83",
        "addr:postcode": "10719",
        "addr:street": "Pfalzburger Straße",
        "amenity": "nightclub",
        "check_date": "2024-07-27",
        "name": "al2 eventlocation berlin",
        "opening_hours": "\"nach Vereinbarung\"",
        "operator": "Alexander Schulzendorff",
        "phone": "+49 30 88917960",
        "website": "https://al2-eventlocation.de"
      },
      "geometry": {
        "type": "Point",
        "coordinates": [
          13.3230448,
          52.4989003
        ]
      },
      "id": "node/6252070333"
    },
    {
      "type": "Feature",
      "properties": {
        "@id": "node/6341225967",
        "addr:city": "Berlin",
        "addr:country": "DE",
        "addr:postcode": "10243",
        "addr:street": "Am Wriezener Bahnhof",
        "addr:suburb": "Friedrichshain",
        "alt_name": "Berghain Panorama Bar",
        "amenity": "nightclub",
        "contact:facebook": "https://www.facebook.com/BerghainPanoramaBarOfficial",
        "contact:instagram": "https://www.instagram.com/berghain_panoramabar",
        "contact:phone": "+49 30 29351830",
        "contact:ra": "https://ra.co/clubs/5031",
        "contact:website": "https://www.berghain.de",
        "live_music": "yes",
        "name": "Berghain",
        "nohousenumber": "yes",
        "operator": "Berghain OstGut GmbH",
        "smoking": "yes",
        "toilets:wheelchair": "yes",
        "wheelchair": "yes",
        "wheelchair:description": "keine Stufen, alles mit Rampen und Fahrstühlen zu erreichen, lediglich die Rampen im Garten lassen sich nur mit guter Armfunktion bewältigen, WCs sind mit Haltegriffen ausgestattet, aber nicht vollständig behindertengerecht",
        "wikidata": "Q136975",
        "wikipedia": "de:Berghain"
      },
      "geometry": {
        "type": "Point",
        "coordinates": [
          13.4430356,
          52.5111669
        ]
      },
      "id": "node/6341225967"
    },
    {
      "type": "Feature",
      "properties": {
        "@id": "node/6381619922",
        "addr:city": "Berlin",
        "addr:housenumber": "23A",
        "addr:postcode": "10405",
        "addr:street": "Greifswalder Straße",
        "amenity": "nightclub",
        "check_date": "2024-06-16",
        "contact:facebook": "https://www.facebook.com/Musikbrauerei",
        "name": "Musikbrauerei",
        "opening_hours": "Mo-Su 10:00-20:15"
      },
      "geometry": {
        "type": "Point",
        "coordinates": [
          13.4286665,
          52.5306542
        ]
      },
      "id": "node/6381619922"
    },
    {
      "type": "Feature",
      "properties": {
        "@id": "node/6381637814",
        "addr:city": "Berlin",
        "addr:housenumber": "50",
        "addr:postcode": "10557",
        "addr:street": "Heidestraße",
        "amenity": "nightclub",
        "name": "Trauma Bar und Kino",
        "smoking": "no",
        "website": "https://www.traumabarundkino.de/"
      },
      "geometry": {
        "type": "Point",
        "coordinates": [
          13.3667562,
          52.5306327
        ]
      },
      "id": "node/6381637814"
    },
    {
      "type": "Feature",
      "properties": {
        "@id": "node/6441603779",
        "addr:city": "Berlin",
        "addr:country": "DE",
        "addr:housenumber": "134",
        "addr:postcode": "10625",
        "addr:street": "Kantstraße",
        "addr:suburb": "Charlottenburg",
        "amenity": "nightclub",
        "contact:website": "http://www.newwestclub.de/",
        "name": "New West Club",
        "opening_hours:signed": "no",
        "wheelchair": "limited"
      },
      "geometry": {
        "type": "Point",
        "coordinates": [
          13.3153141,
          52.5060456
        ]
      },
      "id": "node/6441603779"
    },
    {
      "type": "Feature",
      "properties": {
        "@id": "node/6482231157",
        "addr:city": "Berlin",
        "addr:country": "DE",
        "addr:housenumber": "197-198",
        "addr:postcode": "10119",
        "addr:street": "Brunnenstraße",
        "addr:suburb": "Mitte",
        "amenity": "nightclub",
        "check_date": "2025-07-02",
        "check_date:smoking": "2025-07-02",
        "contact:phone": "+49 30 27590873",
        "contact:website": "https://www.cosmic-kaspar.de/",
        "description": "rentable",
        "name": "Cosmic Kaspar",
        "operator": "Mein Haus am See GmbH",
        "smoking": "no"
      },
      "geometry": {
        "type": "Point",
        "coordinates": [
          13.4006925,
          52.5299774
        ]
      },
      "id": "node/6482231157"
    },
    {
      "type": "Feature",
      "properties": {
        "@id": "node/6573680438",
        "addr:city": "Berlin",
        "addr:country": "DE",
        "addr:housenumber": "5",
        "addr:postcode": "13597",
        "addr:street": "Dorfstraße",
        "addr:suburb": "Spandau",
        "amenity": "nightclub",
        "contact:website": "https://ballhaus-spandau.club/",
        "name": "Ballhaus Spandau",
        "opening_hours:signed": "no",
        "wikidata": "Q805252",
        "wikimedia_commons": "Category:Ballhaus Spandau",
        "wikipedia": "de:Ballhaus Spandau"
      },
      "geometry": {
        "type": "Point",
        "coordinates": [
          13.2107129,
          52.5227525
        ]
      },
      "id": "node/6573680438"
    },
    {
      "type": "Feature",
      "properties": {
        "@id": "node/7230925407",
        "amenity": "nightclub",
        "name": "Mokka Mitte Bar",
        "opening_hours": "Mo-Th 16:00-23:00; Fr 14:00-23:30; Sa 13:00-23:30; Su 12:30-22:00",
        "phone": "+493084710709",
        "smoking": "no",
        "website": "https://www.mokkamitte.de/"
      },
      "geometry": {
        "type": "Point",
        "coordinates": [
          13.398307,
          52.5222381
        ]
      },
      "id": "node/7230925407"
    },
    {
      "type": "Feature",
      "properties": {
        "@id": "node/8069721818",
        "addr:city": "Berlin",
        "addr:country": "DE",
        "addr:housenumber": "1-2",
        "addr:postcode": "10245",
        "addr:street": "Alt-Stralau",
        "addr:suburb": "Friedrichshain",
        "alt_name": "Club OST",
        "amenity": "nightclub",
        "contact:facebook": "https://www.facebook.com/club.ost/",
        "contact:instagram": "https://www.instagram.com/club.ost/",
        "name": "OST",
        "phone": "+49 30 29369990",
        "website": "https://clubost.de/"
      },
      "geometry": {
        "type": "Point",
        "coordinates": [
          13.4650321,
          52.4970681
        ]
      },
      "id": "node/8069721818"
    },
    {
      "type": "Feature",
      "properties": {
        "@id": "node/9216819283",
        "addr:city": "Berlin",
        "addr:country": "DE",
        "addr:housenumber": "137",
        "addr:postcode": "12439",
        "addr:street": "Schnellerstraße",
        "addr:suburb": "Niederschöneweide",
        "amenity": "nightclub",
        "contact:website": "https://reviersuedost.de/",
        "name": "Revier Südost"
      },
      "geometry": {
        "type": "Point",
        "coordinates": [
          13.5052662,
          52.4599968
        ]
      },
      "id": "node/9216819283"
    },
    {
      "type": "Feature",
      "properties": {
        "@id": "node/9271890630",
        "amenity": "nightclub",
        "check_date:opening_hours": "2023-04-02",
        "name": "Entenkeller 2.0",
        "opening_hours:signed": "no",
        "phone": "+49 162 3692008"
      },
      "geometry": {
        "type": "Point",
        "coordinates": [
          13.2809654,
          52.5893599
        ]
      },
      "id": "node/9271890630"
    },
    {
      "type": "Feature",
      "properties": {
        "@id": "node/9272743117",
        "addr:housenumber": "1",
        "addr:postcode": "10179",
        "addr:street": "Brückenstraße",
        "amenity": "nightclub",
        "check_date": "2025-06-30",
        "check_date:smoking": "2025-06-30",
        "name": "Melancholie 2",
        "opening_hours": "Su 16:00-04:00; Fr-Sa 23:00-10:00",
        "smoking": "no"
      },
      "geometry": {
        "type": "Point",
        "coordinates": [
          13.416812,
          52.5111747
        ]
      },
      "id": "node/9272743117"
    },
    {
      "type": "Feature",
      "properties": {
        "@id": "node/9662447417",
        "addr:housenumber": "53B",
        "addr:postcode": "10365",
        "addr:street": "Herzbergstraße",
        "amenity": "nightclub",
        "name": "Velvet Monkey"
      },
      "geometry": {
        "type": "Point",
        "coordinates": [
          13.4976566,
          52.5248136
        ]
      },
      "id": "node/9662447417"
    },
    {
      "type": "Feature",
      "properties": {
        "@id": "node/9683590917",
        "addr:city": "Berlin",
        "addr:country": "DE",
        "addr:housenumber": "1",
        "addr:postcode": "13353",
        "addr:street": "Seestraße",
        "addr:suburb": "Charlottenburg-Nord",
        "amenity": "nightclub",
        "name": "Heideglühen",
        "opening_hours": "Sa 00:00-24:00; Su 00:00-06:00",
        "wheelchair": "limited"
      },
      "geometry": {
        "type": "Point",
        "coordinates": [
          13.3279584,
          52.5381993
        ]
      },
      "id": "node/9683590917"
    },
    {
      "type": "Feature",
      "properties": {
        "@id": "node/9806828894",
        "addr:city": "Berlin",
        "addr:country": "DE",
        "addr:housenumber": "78-80",
        "addr:postcode": "10243",
        "addr:street": "Mühlenstraße",
        "addr:suburb": "Friedrichshain",
        "amenity": "nightclub",
        "contact:email": "info@piratesberlin.com",
        "contact:phone": "+49 30 97002414",
        "contact:website": "https://piratesberlin.com/club/",
        "name": "Pirates Club",
        "operator": "Spreewies'n GmbH & Co. Beach Betriebsgesellschaft KG",
        "wheelchair": "limited"
      },
      "geometry": {
        "type": "Point",
        "coordinates": [
          13.4453492,
          52.5027268
        ]
      },
      "id": "node/9806828894"
    },
    {
      "type": "Feature",
      "properties": {
        "@id": "node/9830787917",
        "amenity": "nightclub",
        "check_date": "2024-11-02",
        "name": "MONOM",
        "smoking": "outside",
        "website": "https://www.monomsound.com/"
      },
      "geometry": {
        "type": "Point",
        "coordinates": [
          13.4997366,
          52.4792421
        ]
      },
      "id": "node/9830787917"
    },
    {
      "type": "Feature",
      "properties": {
        "@id": "node/9895178218",
        "addr:city": "Berlin",
        "addr:country": "DE",
        "addr:housenumber": "16",
        "addr:postcode": "10997",
        "addr:street": "Köpenicker Straße",
        "addr:suburb": "Kreuzberg",
        "amenity": "nightclub",
        "contact:facebook": "https://www.facebook.com/spindlerklattberlin",
        "contact:instagram": "https://www.instagram.com/spindlerklatt/",
        "contact:website": "https://spindlerklatt.com/",
        "name": "spindler & klatt",
        "wikidata": "Q116142643"
      },
      "geometry": {
        "type": "Point",
        "coordinates": [
          13.4346441,
          52.5058678
        ]
      },
      "id": "node/9895178218"
    },
    {
      "type": "Feature",
      "properties": {
        "@id": "node/10621062970",
        "addr:city": "Berlin",
        "addr:housenumber": "15—18",
        "addr:postcode": "10179",
        "addr:street": "Holzmarktstraße",
        "amenity": "nightclub",
        "contact:facebook": "Fitzroy.Berlin",
        "contact:instagram": "fitzroyclub",
        "description": "2nd address: S-Bahn Bogen 46",
        "email": "club@fitzroy-berlin.de",
        "image": "https://i.imgur.com/zRbEgb0.jpeg",
        "mapillary": "371476558518986",
        "name": "Fitzroy",
        "website": "https://fitzroy-berlin.de"
      },
      "geometry": {
        "type": "Point",
        "coordinates": [
          13.4228651,
          52.5130757
        ]
      },
      "id": "node/10621062970"
    },
    {
      "type": "Feature",
      "properties": {
        "@id": "node/10672763641",
        "amenity": "nightclub",
        "name": "The Hub"
      },
      "geometry": {
        "type": "Point",
        "coordinates": [
          13.2965109,
          52.4752767
        ]
      },
      "id": "node/10672763641"
    },
    {
      "type": "Feature",
      "properties": {
        "@id": "node/11066768896",
        "addr:city": "Berlin",
        "addr:country": "DE",
        "addr:housenumber": "1",
        "addr:postcode": "12057",
        "addr:street": "Ziegrastraße",
        "amenity": "nightclub",
        "contact:email": "info@s27.de",
        "contact:website": "https://falscherfisch.net/",
        "disused:amenity": "restaurant",
        "disused:name": "Marin",
        "name": "Falscher Fisch"
      },
      "geometry": {
        "type": "Point",
        "coordinates": [
          13.4594974,
          52.4775471
        ]
      },
      "id": "node/11066768896"
    },
    {
      "type": "Feature",
      "properties": {
        "@id": "node/11435535669",
        "amenity": "nightclub",
        "name:en": "Menagerie"
      },
      "geometry": {
        "type": "Point",
        "coordinates": [
          13.3540571,
          52.5509569
        ]
      },
      "id": "node/11435535669"
    },
    {
      "type": "Feature",
      "properties": {
        "@id": "node/11472992147",
        "amenity": "nightclub",
        "name": "Nachspiel - Afterhour @KitKat Club Berlin",
        "smoking": "no"
      },
      "geometry": {
        "type": "Point",
        "coordinates": [
          13.4173531,
          52.5115871
        ]
      },
      "id": "node/11472992147"
    },
    {
      "type": "Feature",
      "properties": {
        "@id": "node/12137704154",
        "addr:city": "Berlin",
        "addr:housenumber": "30-35",
        "addr:postcode": "10969",
        "addr:street": "Lobeckstraße",
        "amenity": "nightclub",
        "name": "Kreuzwerk",
        "smoking": "no",
        "website": "https://kreuzwerk.berlin/"
      },
      "geometry": {
        "type": "Point",
        "coordinates": [
          13.407825,
          52.5030057
        ]
      },
      "id": "node/12137704154"
    },
    {
      "type": "Feature",
      "properties": {
        "@id": "node/12290743501",
        "amenity": "nightclub",
        "name": "Sin City Tabledance"
      },
      "geometry": {
        "type": "Point",
        "coordinates": [
          13.3045469,
          52.5057271
        ]
      },
      "id": "node/12290743501"
    },
    {
      "type": "Feature",
      "properties": {
        "@id": "node/12301286133",
        "addr:housenumber": "87",
        "addr:street": "Leibnitzstraße",
        "amenity": "nightclub",
        "charge:conditional": "no @ (female;couple)",
        "contact:email": "info@moechtegern.com",
        "fee": "yes",
        "name": "Frivole Bar moechtegern",
        "nudism": "yes",
        "opening_hours": "Mo-Su 20:00-04:00",
        "operator": "Ingo Kaatz",
        "phone": "0152 58 521 471",
        "website": "https://moechtegern.com/"
      },
      "geometry": {
        "type": "Point",
        "coordinates": [
          13.3142158,
          52.5099265
        ]
      },
      "id": "node/12301286133"
    },
    {
      "type": "Feature",
      "properties": {
        "@id": "node/12372968542",
        "amenity": "nightclub",
        "name": "808"
      },
      "geometry": {
        "type": "Point",
        "coordinates": [
          13.3380226,
          52.5055769
        ]
      },
      "id": "node/12372968542"
    },
    {
      "type": "Feature",
      "properties": {
        "@id": "node/12942103605",
        "amenity": "nightclub",
        "check_date": "2025-06-21",
        "name": "Arena Club"
      },
      "geometry": {
        "type": "Point",
        "coordinates": [
          13.4529279,
          52.4971313
        ]
      },
      "id": "node/12942103605"
    },
    {
      "type": "Feature",
      "properties": {
        "@id": "node/13235448541",
        "amenity": "nightclub",
        "contact:website": "https://brickhouse-berlin.com/",
        "live_music": "yes",
        "name": "Brickhouse Berlin"
      },
      "geometry": {
        "type": "Point",
        "coordinates": [
          13.443135,
          52.5502159
        ]
      },
      "id": "node/13235448541"
    }
  ]
}