{
"type": "FeatureCollection",
"name": "library_raw",
"crs": { "type": "name", "properties": { "name": "urn:ogc:def:crs:OGC:1.3:CRS84" } },
"features": [
{ "type": "Feature", "properties": { "library_id": 29071031, "name": "Bruno-Lösche-Bibliothek", "amenity": "library", "operator_type": null, "operator": null, "street": "Perleberger Straße", "housenumber": "33", "postcode": "10559", "city": "Berlin", "country": "DE", "latitude": 52.5312448, "longitude": 13.3475136, "opening_hours": "Mo-Fr 10:00-19:30; Sa 10:00-14:00", "wheelchair_accessible": "yes", "toilets_wheelchair": "no", "level": null, "internet_access": null, "isil_code": "DE-B707", "final_email": null, "final_phone": "+49 30901833025", "website_url": "http://www.berlin.de/stadtbibliothek-mitte/bibliotheken/bruno-loesche-bibliothek/" }, "geometry": { "type": "Point", "coordinates": [ 13.3475136, 52.5312448 ] } },
{ "type": "Feature", "properties": { "library_id": 60848456, "name": "Anton-Saefkow-Bibliothek", "amenity": "library", "operator_type": null, "operator": null, "street": "Anton-Saefkow-Platz", "housenumber": "14", "postcode": "10369", "city": "Berlin", "country": "DE", "latitude": 52.5307772, "longitude": 13.4708382, "opening_hours": "Sa 09:00-18:00; Mo,Tu 09:00-19:00; We 13:00-19:00; Th,Fr 09:00-18:00", "wheelchair_accessible": "yes", "toilets_wheelchair": null, "level": null, "internet_access": null, "isil_code": null, "final_email": null, "final_phone": "+4930902963773", "website_url": "http://www.berlin.de/ba-lichtenberg/auf-einen-blick/buergerservice/bildung/artikel.298020.php" }, "geometry": { "type": "Point", "coordinates": [ 13.4708382, 52.5307772 ] } },
{ "type": "Feature", "properties": { "library_id": 203557001, "name": "Stadtteilbibliothek Erich Weinert", "amenity": "library", "operator_type": null, "operator": null, "street": "Helene-Weigel-Platz", "housenumber": "4", "postcode": "12681", "city": "Berlin", "country": "DE", "latitude": 52.5281578, "longitude": 13.538715, "opening_hours": "Mo,Tu,Th 14:00-18:00; We,Fr 09:00-13:00; Su,PH off; 2024 May 10,2024 Jun 12,2024 Oct 04,2024 Nov 08,2024 Dec 23,2024 Dec 27,2024 Dec 30 off", "wheelchair_accessible": "limited", "toilets_wheelchair": null, "level": null, "internet_access": null, "isil_code": null, "final_email": null, "final_phone": "+49 30 5429251", "website_url": "https://www.berlin.de/bibliotheken-mh/bibliotheken/stadtteilbibliothek-erich-weinert/" }, "geometry": { "type": "Point", "coordinates": [ 13.538715, 52.5281578 ] } },
{ "type": "Feature", "properties": { "library_id": 256922190, "name": "Stadtteilbibliothek Halemweg", "amenity": "library", "operator_type": null, "operator": null, "street": "Halemweg", "housenumber": "18", "postcode": "13627", "city": "Berlin", "country": "DE", "latitude": 52.5375039, "longitude": 13.2871861, "opening_hours": null, "wheelchair_accessible": "yes", "toilets_wheelchair": null, "level": null, "internet_access": "wlan", "isil_code": "none", "final_email": null, "final_phone": null, "website_url": null }, "geometry": { "type": "Point", "coordinates": [ 13.2871861, 52.5375039 ] } },
{ "type": "Feature", "properties": { "library_id": 257708789, "name": "Bezirkszentralbibliothek Spandau", "amenity": "library", "operator_type": null, "operator": null, "street": "Carl-Schurz-Straße", "housenumber": "13", "postcode": "13597", "city": "Berlin", "country": "DE", "latitude": 52.5361334, "longitude": 13.2013864, "opening_hours": "Mo-Fr 11:00-19:00;\nMo-Fr 10:00-11:00 \"ohne Fachpersonal\";\nSa 10:00-15:00;\nSa 15:00-18:00 \"ohne Fachpersonal\";\nSo 10:00-18:00 \"ohne Fachpersonal\";", "wheelchair_accessible": "yes", "toilets_wheelchair": null, "level": null, "internet_access": "wlan", "isil_code": null, "final_email": "bibliothek@ba-spandau.berlin.de", "final_phone": "+49 30 90279 5537", "website_url": "https://www.berlin.de/stadtbibliothek-spandau/bibliotheken/bezirkszentralbibliothek/" }, "geometry": { "type": "Point", "coordinates": [ 13.2013864, 52.5361334 ] } },
{ "type": "Feature", "properties": { "library_id": 263679066, "name": "Bezirkszentralbibliothek Mark Twain", "amenity": "library", "operator_type": null, "operator": null, "street": "Marzahner Promenade", "housenumber": "52-54", "postcode": "12679", "city": "Berlin", "country": "DE", "latitude": 52.54722, "longitude": 13.556704, "opening_hours": "Mo,Tu,Th,Fr 10:00-19:30; We 14:00-19:30; Sa 10:00-14:00", "wheelchair_accessible": "yes", "toilets_wheelchair": null, "level": null, "internet_access": null, "isil_code": "DE-B2228", "final_email": null, "final_phone": "+49 30 54704154", "website_url": "https://www.berlin.de/bibliotheken-mh/bibliotheken/bezirkszentralbibliothek-mark-twain/" }, "geometry": { "type": "Point", "coordinates": [ 13.556704, 52.54722 ] } },
{ "type": "Feature", "properties": { "library_id": 264776935, "name": "Ibero-Amerikanisches Institut", "amenity": "library", "operator_type": null, "operator": "Stiftung Preußischer Kulturbesitz", "street": "Potsdamer Straße", "housenumber": "37", "postcode": "10785", "city": "Berlin", "country": "DE", "latitude": 52.5068092, "longitude": 13.369701, "opening_hours": "Mo-Sa 08:00-22:00", "wheelchair_accessible": "limited", "toilets_wheelchair": "no", "level": null, "internet_access": "wlan", "isil_code": "DE-204", "final_email": null, "final_phone": null, "website_url": "https://www.iai.spk-berlin.de/" }, "geometry": { "type": "Point", "coordinates": [ 13.369701, 52.5068092 ] } },
{ "type": "Feature", "properties": { "library_id": 266540876, "name": "Bezirkszentralbibliothek Philipp Schaeffer", "amenity": "library", "operator_type": null, "operator": null, "street": "Brunnenstraße", "housenumber": "181", "postcode": "10119", "city": "Berlin", "country": "DE", "latitude": 52.5316059, "longitude": 13.3986959, "opening_hours": "Mo-Fr 10:00-19:30; Sa 10:00-14:00", "wheelchair_accessible": "yes", "toilets_wheelchair": "yes", "level": null, "internet_access": "wlan", "isil_code": "DE-B456", "final_email": "service@stb-mitte.de", "final_phone": "+49 30 90182 4444;+49 30 90182 4422;+49 30 90182 4431", "website_url": "http://www.berlin.de/stadtbibliothek-mitte/bibliotheken/bezirkszentralbibliothek-philipp-schaeffer/" }, "geometry": { "type": "Point", "coordinates": [ 13.3986959, 52.5316059 ] } },
{ "type": "Feature", "properties": { "library_id": 266629485, "name": "Stadtteilbibliothek Mahlsdorf", "amenity": "library", "operator_type": null, "operator": null, "street": "Alt-Mahlsdorf", "housenumber": "24-26", "postcode": "12623", "city": "Berlin", "country": "DE", "latitude": 52.5055546, "longitude": 13.6127893, "opening_hours": "Mo 13:00-17:00, Tu,Th 13:00-19:00, We,Fr 10:00-14:00; PH off; 2024 May 10,2024 Jun 12,2024 Oct 04,2024 Nov 08,2024 Dec 23,2024 Dec 27,2024 Dec 30 off", "wheelchair_accessible": "yes", "toilets_wheelchair": null, "level": null, "internet_access": "wlan", "isil_code": null, "final_email": "bibl.service@ba-mh.berlin.de", "final_phone": "+49 30 5676866", "website_url": "https://www.berlin.de/bibliotheken-mh/bibliotheken/stadtteilbibliothek-mahlsdorf/" }, "geometry": { "type": "Point", "coordinates": [ 13.6127893, 52.5055546 ] } },
{ "type": "Feature", "properties": { "library_id": 271685475, "name": "Philologische Bibliothek", "amenity": "library", "operator_type": "university", "operator": "Freie Universität Berlin", "street": "Habelschwerdter Allee", "housenumber": "45", "postcode": "14195", "city": "Berlin", "country": "DE", "latitude": 52.4518573, "longitude": 13.2883334, "opening_hours": "Mo-Fr 09:00-22:00; Sa-Su 10:00-20:00", "wheelchair_accessible": "yes", "toilets_wheelchair": "yes", "level": null, "internet_access": "yes", "isil_code": "DE-188-920", "final_email": null, "final_phone": null, "website_url": "https://www.fu-berlin.de/sites/philbib/index.html" }, "geometry": { "type": "Point", "coordinates": [ 13.2883334, 52.4518573 ] } },
{ "type": "Feature", "properties": { "library_id": 271875991, "name": "Campusbibliothek Natur-, Kultur- und Bildungswissenschaften, Mathematik, Informatik und Psychologie", "amenity": "library", "operator_type": "university", "operator": "Freie Universität Berlin", "street": "Fabeckstraße", "housenumber": "23/25", "postcode": "14195", "city": "Berlin", "country": "DE", "latitude": 52.4535775, "longitude": 13.2902597, "opening_hours": "Mo-Fr 09:00-22:00; Sa-Su 10:00-20:00; PH off", "wheelchair_accessible": "limited", "toilets_wheelchair": "yes", "level": null, "internet_access": "yes", "isil_code": "DE-188-930", "final_email": "auskunft@campusbib.fu-berlin.de", "final_phone": null, "website_url": "https://www.fu-berlin.de/sites/campusbib/" }, "geometry": { "type": "Point", "coordinates": [ 13.2902597, 52.4535775 ] } },
{ "type": "Feature", "properties": { "library_id": 281375131, "name": "Wolfdietrich-Schnurre-Bibliothek", "amenity": "library", "operator_type": null, "operator": null, "street": "Bizetstraße", "housenumber": "41", "postcode": "13088", "city": "Berlin", "country": "DE", "latitude": 52.5477387, "longitude": 13.4528367, "opening_hours": "Mo 10:00-19:00; Tu 10:00-17:00; We 13:00-19:00; Th 10:00-19:00; Fr 10:00-17:00", "wheelchair_accessible": "limited", "toilets_wheelchair": null, "level": null, "internet_access": "wlan", "isil_code": null, "final_email": "wolfdietrich-schnurre-bibliothek@ba-pankow.berlin.de", "final_phone": "+49 30 90295 3861", "website_url": "http://www.berlin.de/ba-pankow/stadtbibliothek/wolfdiehttps://www.berlin.de/stadtbibliothek-pankow/bibliotheken/wolfdietrich-schnurre-bibliothek/trich-schnurre/" }, "geometry": { "type": "Point", "coordinates": [ 13.4528367, 52.5477387 ] } },
{ "type": "Feature", "properties": { "library_id": 293137702, "name": "Stadtteilbibliothek Karow", "amenity": "library", "operator_type": null, "operator": null, "street": "Zum Kappgraben", "housenumber": null, "postcode": "13125", "city": "Berlin", "country": "Germany", "latitude": 52.616548, "longitude": 13.4917041, "opening_hours": null, "wheelchair_accessible": "yes", "toilets_wheelchair": null, "level": null, "internet_access": null, "isil_code": null, "final_email": null, "final_phone": null, "website_url": null }, "geometry": { "type": "Point", "coordinates": [ 13.4917041, 52.616548 ] } },
{ "type": "Feature", "properties": { "library_id": 308811018, "name": "Bettina von Arnim Bibliothek", "amenity": "library", "operator_type": "public", "operator": null, "street": "Schönhauser Allee", "housenumber": "75", "postcode": "10439", "city": "Berlin", "country": "DE", "latitude": 52.5492616, "longitude": 13.414088, "opening_hours": "Mo-We,Fr 13:00-19:00; Th 10:00-17:00", "wheelchair_accessible": "yes", "toilets_wheelchair": "yes", "level": "3", "internet_access": "wlan", "isil_code": null, "final_email": "mailto:bettina-von-arnim.bibliothek@ba-pankow.berlin.de", "final_phone": "+4930902956933", "website_url": "https://www.berlin.de/stadtbibliothek-pankow/bibliotheken/bettina-von-arnim-bibliothek/" }, "geometry": { "type": "Point", "coordinates": [ 13.414088, 52.5492616 ] } },
{ "type": "Feature", "properties": { "library_id": 323991172, "name": "Egon-Erwin-Kisch-Bibliothek", "amenity": "library", "operator_type": null, "operator": null, "street": "Frankfurter Allee", "housenumber": "149", "postcode": "10365", "city": "Berlin", "country": "Germany", "latitude": 52.5134373, "longitude": 13.4813674, "opening_hours": "We 13:00-18:00; Sa 09:00-18:00; Su-Tu, Th-Fr 10:00-18:00", "wheelchair_accessible": "limited", "toilets_wheelchair": null, "level": "2", "internet_access": "wlan", "isil_code": null, "final_email": null, "final_phone": "+49305556719", "website_url": "https://www.berlin.de/stadtbibliothek-lichtenberg/standorte/egon-erwin-kisch-bibliothek/" }, "geometry": { "type": "Point", "coordinates": [ 13.4813674, 52.5134373 ] } },
{ "type": "Feature", "properties": { "library_id": 333343782, "name": "Helene-Nathan-Bibliothek", "amenity": "library", "operator_type": null, "operator": null, "street": "Karl-Marx-Straße", "housenumber": "66", "postcode": "12043", "city": "Berlin", "country": "DE", "latitude": 52.4819616, "longitude": 13.4327729, "opening_hours": "Mo-Fr 09:00-18:00; Sa 10:00-13:00", "wheelchair_accessible": "yes", "toilets_wheelchair": null, "level": "4", "internet_access": "wlan", "isil_code": "DE-B700", "final_email": "info@stadtbibliothek-neukoelln.de", "final_phone": "+49 30 902394313", "website_url": "https://berlin.de/stadtbibliothek-neukoelln" }, "geometry": { "type": "Point", "coordinates": [ 13.4327729, 52.4819616 ] } },
{ "type": "Feature", "properties": { "library_id": 345162417, "name": "Ingeborg-Drewitz-Bibliothek", "amenity": "library", "operator_type": null, "operator": null, "street": "Grunewaldstraße", "housenumber": "3", "postcode": "12165", "city": "Berlin", "country": "DE", "latitude": 52.4577849, "longitude": 13.3196255, "opening_hours": "Mo-Fr 11:00-19:00; Sa 11:00-16:00; PH off", "wheelchair_accessible": "yes", "toilets_wheelchair": "yes", "level": "3", "internet_access": null, "isil_code": "DE-B702", "final_email": null, "final_phone": null, "website_url": "https://www.berlin.de/stadtbibliothek-steglitz-zehlendorf/" }, "geometry": { "type": "Point", "coordinates": [ 13.3196255, 52.4577849 ] } },
{ "type": "Feature", "properties": { "library_id": 439229151, "name": "Johannes-Bobrowski-Bibliothek", "amenity": "library", "operator_type": null, "operator": null, "street": "Peter-Hille-Straße", "housenumber": "1", "postcode": "12587", "city": "Berlin", "country": "DE", "latitude": 52.4548013, "longitude": 13.6214013, "opening_hours": "Mo,Tu 12:00-17:00; We,Th 14:00-19:00; PH,Fr-Su off", "wheelchair_accessible": "yes", "toilets_wheelchair": null, "level": null, "internet_access": "wlan", "isil_code": null, "final_email": null, "final_phone": null, "website_url": "http://www.sb-tk.de" }, "geometry": { "type": "Point", "coordinates": [ 13.6214013, 52.4548013 ] } },
{ "type": "Feature", "properties": { "library_id": 444731308, "name": "Stadtteilbibliothek Lichenrade", "amenity": "library", "operator_type": null, "operator": null, "street": "Steinstraße", "housenumber": "41", "postcode": "12307", "city": "Berlin", "country": "DE", "latitude": 52.3879238, "longitude": 13.3973796, "opening_hours": "Mo, We-Fr 11:00-18:00; Tu 12:00-16:00", "wheelchair_accessible": "yes", "toilets_wheelchair": "designated", "level": "0,1", "internet_access": null, "isil_code": null, "final_email": "stabi-lichtenrade@ba-ts.berlin.de", "final_phone": "+49 30 902778286", "website_url": "https://www.berlin.de/stadtbibliothek-tempelhof-schoeneberg/bibliotheken/stadtteilbibliothek-lichtenrade/" }, "geometry": { "type": "Point", "coordinates": [ 13.3973796, 52.3879238 ] } },
{ "type": "Feature", "properties": { "library_id": 444994924, "name": "Heinrich-Schulz-Bibliothek", "amenity": "library", "operator_type": null, "operator": null, "street": "Otto-Suhr-Allee", "housenumber": "96", "postcode": "10585", "city": "Berlin", "country": "DE", "latitude": 52.5171056, "longitude": 13.308865, "opening_hours": "Mo-Fr 12:00-19:00; Sa 11:00-16:00; Su 12:00-18:00", "wheelchair_accessible": "yes", "toilets_wheelchair": "no", "level": null, "internet_access": "wlan", "isil_code": null, "final_email": null, "final_phone": "+49309029-12217", "website_url": "http://www.berlin.de/ba-charlottenburg-wilmersdorf/verwaltung/bibliotheken/artikel.203398.php" }, "geometry": { "type": "Point", "coordinates": [ 13.308865, 52.5171056 ] } },
{ "type": "Feature", "properties": { "library_id": 482710823, "name": "Zweigbibliothek Naturwissenschaften", "amenity": "library", "operator_type": "university", "operator": "Universitätsbibliothek der Humboldt-Universität zu Berlin", "street": "Rudower Chaussee", "housenumber": "26", "postcode": "12489", "city": "Berlin", "country": "DE", "latitude": 52.4310682, "longitude": 13.5314264, "opening_hours": "Mo-Fr 09:00-20:00", "wheelchair_accessible": "yes", "toilets_wheelchair": null, "level": null, "internet_access": "wlan", "isil_code": "DE-11-87", "final_email": "nawi@ub.hu-berlin.de", "final_phone": "+49 30 2093-99725", "website_url": "https://www.ub.hu-berlin.de/de/standorte/erwin-schroedinger-zentrum-zwbib-nawi" }, "geometry": { "type": "Point", "coordinates": [ 13.5314264, 52.4310682 ] } },
{ "type": "Feature", "properties": { "library_id": 486517226, "name": "Bibliothek Campus Wilhelminenhof", "amenity": "library", "operator_type": null, "operator": null, "street": "Johannes-Kraaz-Straße", "housenumber": null, "postcode": "12459", "city": "Berlin", "country": "Germany", "latitude": 52.4554005, "longitude": 13.5247238, "opening_hours": "Mo-Fr 10:00-21:00; Sa 12:00-18:00", "wheelchair_accessible": "yes", "toilets_wheelchair": null, "level": "1", "internet_access": null, "isil_code": null, "final_email": null, "final_phone": null, "website_url": "https://bibliothek.htw-berlin.de/ueber-uns/bibliothek-campus-wilhelminenhof/" }, "geometry": { "type": "Point", "coordinates": [ 13.5247238, 52.4554005 ] } },
{ "type": "Feature", "properties": { "library_id": 507660382, "name": "KEH Bibliothek", "amenity": "library", "operator_type": null, "operator": null, "street": null, "housenumber": null, "postcode": "10315", "city": "Berlin", "country": "Germany", "latitude": 52.5280812, "longitude": 13.5120545, "opening_hours": null, "wheelchair_accessible": "limited", "toilets_wheelchair": null, "level": null, "internet_access": null, "isil_code": null, "final_email": null, "final_phone": null, "website_url": null }, "geometry": { "type": "Point", "coordinates": [ 13.5120545, 52.5280812 ] } },
{ "type": "Feature", "properties": { "library_id": 529557633, "name": "Eberhard-Alexander-Burgh-Bibliothek", "amenity": "library", "operator_type": null, "operator": null, "street": "Rüdesheimer Straße", "housenumber": null, "postcode": "14197", "city": "Berlin", "country": "Germany", "latitude": 52.4713483, "longitude": 13.313449, "opening_hours": "Mo,Th 12:00-16:00; Tu,Fr 14:00-18:00; SH Mo, Th 12:00-16:00; PH off", "wheelchair_accessible": "yes", "toilets_wheelchair": "yes", "level": null, "internet_access": "wlan", "isil_code": null, "final_email": null, "final_phone": null, "website_url": null }, "geometry": { "type": "Point", "coordinates": [ 13.313449, 52.4713483 ] } },
{ "type": "Feature", "properties": { "library_id": 560823423, "name": "Friedrich-von-Raumer-Bibliothek", "amenity": "library", "operator_type": null, "operator": null, "street": "Dudenstraße", "housenumber": "18-20", "postcode": "10965", "city": "Berlin", "country": "DE", "latitude": 52.4851862, "longitude": 13.3827588, "opening_hours": "Mo,Tu 13:00-19:00; We 11:00-17:00; Th 13:00-19:00; Fr 11:00-17:00", "wheelchair_accessible": "no", "toilets_wheelchair": null, "level": null, "internet_access": "wlan", "isil_code": null, "final_email": null, "final_phone": "+49 30 50587613", "website_url": "https://www.berlin.de/stadtbibliothek-friedrichshain-kreuzberg/bibliotheken/stadtteilbibliothek-friedrich-von-raumer/" }, "geometry": { "type": "Point", "coordinates": [ 13.3827588, 52.4851862 ] } },
{ "type": "Feature", "properties": { "library_id": 586328524, "name": "Bibliothek des John-F.-Kennedy-Instituts", "amenity": "library", "operator_type": "university", "operator": "Universitätsbibliothek der Freien Universität Berlin", "street": "Lansstraße", "housenumber": "7-9", "postcode": "14195", "city": "Berlin", "country": "DE", "latitude": 52.4571611, "longitude": 13.2920178, "opening_hours": "Mo-Fr 09:00-20:00", "wheelchair_accessible": "no", "toilets_wheelchair": "no", "level": null, "internet_access": "wlan", "isil_code": "DE-188-144", "final_email": "library@jfki.fu-berlin.de", "final_phone": "+49 30 838-52862", "website_url": "http://www.jfki.fu-berlin.de/library" }, "geometry": { "type": "Point", "coordinates": [ 13.2920178, 52.4571611 ] } },
{ "type": "Feature", "properties": { "library_id": 618048288, "name": "Stadtteilbibliothek Buch", "amenity": "library", "operator_type": null, "operator": null, "street": "Schlosspark-Passage", "housenumber": null, "postcode": "13125", "city": "Berlin", "country": "Germany", "latitude": 52.6356441, "longitude": 13.4938846, "opening_hours": "Mo,Th,Fr 13:00-19:00; Tu 10:00-16:00; We 13:00-17:00; Sa 10:00-15:00", "wheelchair_accessible": "yes", "toilets_wheelchair": null, "level": "1", "internet_access": "wlan", "isil_code": null, "final_email": null, "final_phone": null, "website_url": "https://www.berlin.de/stadtbibliothek-pankow/bibliotheken/stadtteilbibliothek-buch/" }, "geometry": { "type": "Point", "coordinates": [ 13.4938846, 52.6356441 ] } },
{ "type": "Feature", "properties": { "library_id": 639552895, "name": "HU Berlin – Zweigbibliothek Rechtswissenschaft", "amenity": "library", "operator_type": "university", "operator": "Universitätsbibliothek der Humboldt-Universität zu Berlin", "street": "Bebelplatz", "housenumber": "1", "postcode": "10117", "city": "Berlin", "country": "DE", "latitude": 52.5164298, "longitude": 13.3932385, "opening_hours": "Mo-Fr 09:00-21:30; Sa 09:00-18:00; Su 13:00-18:00", "wheelchair_accessible": "limited", "toilets_wheelchair": "yes", "level": null, "internet_access": "wlan", "isil_code": "DE-11-68", "final_email": null, "final_phone": "+49 30 209 33374", "website_url": "http://info.ub.hu-berlin.de/bibliothek/zweigbibliotheken/jurist/jurist.html" }, "geometry": { "type": "Point", "coordinates": [ 13.3932385, 52.5164298 ] } },
{ "type": "Feature", "properties": { "library_id": 665121783, "name": "Comicbibliothek Renate", "amenity": "library", "operator_type": null, "operator": null, "street": "Tucholskystraße", "housenumber": "32", "postcode": "10117", "city": "Berlin", "country": "DE", "latitude": 52.5261368, "longitude": 13.3937348, "opening_hours": null, "wheelchair_accessible": "no", "toilets_wheelchair": null, "level": null, "internet_access": null, "isil_code": null, "final_email": null, "final_phone": "+49 30 97005815;+49 30 97005816", "website_url": "http://www.renatecomics.de/" }, "geometry": { "type": "Point", "coordinates": [ 13.3937348, 52.5261368 ] } },
{ "type": "Feature", "properties": { "library_id": 737212457, "name": "Heinrich-Böll-Bibliothek", "amenity": "library", "operator_type": null, "operator": null, "street": "Greifswalder Straße", "housenumber": "87", "postcode": "10409", "city": "Berlin", "country": "DE", "latitude": 52.5418167, "longitude": 13.4408459, "opening_hours": "Mo-Tu, Th-Fr 09:00-19:00; We 13:00-19:00; Sa-Su 10:00-19:00", "wheelchair_accessible": "yes", "toilets_wheelchair": null, "level": null, "internet_access": "wlan", "isil_code": "DE-B457", "final_email": null, "final_phone": null, "website_url": "https://www.berlin.de/stadtbibliothek-pankow/bibliotheken/heinrich-boell-bibliothek/" }, "geometry": { "type": "Point", "coordinates": [ 13.4408459, 52.5418167 ] } },
{ "type": "Feature", "properties": { "library_id": 795561505, "name": "Adolf-Reichwein-Bibliothek", "amenity": "library", "operator_type": null, "operator": null, "street": "Berkaer Straße", "housenumber": "7", "postcode": "14199", "city": "Berlin", "country": "DE", "latitude": 52.4775843, "longitude": 13.2878878, "opening_hours": "Mo-Fr 14:00-18:00; Sa,Su,PH off", "wheelchair_accessible": "yes", "toilets_wheelchair": null, "level": null, "internet_access": "wlan", "isil_code": null, "final_email": null, "final_phone": null, "website_url": "http://www.berlin.de/ba-charlottenburg-wilmersdorf/org/bibliotheken/adolfreichweinbibliothek.html" }, "geometry": { "type": "Point", "coordinates": [ 13.2878878, 52.4775843 ] } },
{ "type": "Feature", "properties": { "library_id": 1070809009, "name": "Zweigbibliothek Klassische Archäologie", "amenity": "library", "operator_type": "university", "operator": "Universitätsbibliothek der Humboldt-Universität zu Berlin", "street": "Unter den Linden", "housenumber": "6", "postcode": "10117", "city": "Berlin", "country": "DE", "latitude": 52.5190211, "longitude": 13.3928706, "opening_hours": "Mo-Th 10:00-16:00; PH off", "wheelchair_accessible": "limited", "toilets_wheelchair": null, "level": "1", "internet_access": "wlan", "isil_code": "DE-11-88", "final_email": "archaeologie@ub.hu-berlin.de", "final_phone": "+49 30 2093 2234", "website_url": "https://www.ub.hu-berlin.de/de/standorte/zwbarchaeologie" }, "geometry": { "type": "Point", "coordinates": [ 13.3928706, 52.5190211 ] } },
{ "type": "Feature", "properties": { "library_id": 1070809020, "name": "Zweigbibliothek Fremdsprachliche Philologien / Teilbibliothek Großbritannien-Zentrum", "amenity": "library", "operator_type": "university", "operator": "Universitätsbibliothek der Humboldt-Universität zu Berlin", "street": "Dorotheenstraße", "housenumber": "65", "postcode": "10117", "city": "Berlin", "country": "DE", "latitude": 52.5183016, "longitude": 13.386705, "opening_hours": "Mo-Fr 09:00-20:00; PH off", "wheelchair_accessible": "yes", "toilets_wheelchair": null, "level": "1;2", "internet_access": "wlan", "isil_code": "DE-11-149", "final_email": "fremdphilo@ub.hu-berlin.de", "final_phone": "+49 30 2093-12377", "website_url": null }, "geometry": { "type": "Point", "coordinates": [ 13.386705, 52.5183016 ] } },
{ "type": "Feature", "properties": { "library_id": 1346361343, "name": "Bodo-Uhse-Bibliothek", "amenity": "library", "operator_type": null, "operator": null, "street": "Erich-Kurz-Straße", "housenumber": "9", "postcode": "10319", "city": "Berlin", "country": "DE", "latitude": 52.4978553, "longitude": 13.5209225, "opening_hours": "Mo-Tu 09:00-19:00; We 13:00-19:00; Th-Sa 09:00-18:00", "wheelchair_accessible": "limited", "toilets_wheelchair": null, "level": "1", "internet_access": "wlan", "isil_code": null, "final_email": null, "final_phone": "+49 30 5122102", "website_url": "https://www.berlin.de/stadtbibliothek-lichtenberg/standorte/bodo-uhse-bibliothek/" }, "geometry": { "type": "Point", "coordinates": [ 13.5209225, 52.4978553 ] } },
{ "type": "Feature", "properties": { "library_id": 1356847676, "name": "Janusz-Korczak-Bibliothek", "amenity": "library", "operator_type": null, "operator": null, "street": "Berliner Straße", "housenumber": "120", "postcode": "13187", "city": "Berlin", "country": "DE", "latitude": 52.568454, "longitude": 13.4123577, "opening_hours": "Mo,Tu,Th,Fr 09:00-19:00; We 13:00-19:00; Sa,Su 10:00-19:00", "wheelchair_accessible": "limited", "toilets_wheelchair": null, "level": null, "internet_access": "wlan", "isil_code": "DE-B462", "final_email": null, "final_phone": null, "website_url": "https://www.berlin.de/stadtbibliothek-pankow/bibliotheken/janusz-korczak-bibliothek/" }, "geometry": { "type": "Point", "coordinates": [ 13.4123577, 52.568454 ] } },
{ "type": "Feature", "properties": { "library_id": 1362209543, "name": "Ingeborg-Bachmann-Bibliothek", "amenity": "library", "operator_type": null, "operator": null, "street": "Nehringstraße", "housenumber": "10", "postcode": "14059", "city": "Berlin", "country": "DE", "latitude": 52.5145468, "longitude": 13.2939985, "opening_hours": "Mo,We,Th,Fr 14:00-18:00; PH off", "wheelchair_accessible": "yes", "toilets_wheelchair": null, "level": null, "internet_access": "wlan", "isil_code": null, "final_email": null, "final_phone": "+4930902924313", "website_url": "http://www.berlin.de/ba-charlottenburg-wilmersdorf/verwaltung/bibliotheken/artikel.194044.php" }, "geometry": { "type": "Point", "coordinates": [ 13.2939985, 52.5145468 ] } },
{ "type": "Feature", "properties": { "library_id": 1425169658, "name": "Bibliothek des Friedrich-Meinecke-Instituts und des Kunsthistorisches Instituts", "amenity": "library", "operator_type": null, "operator": null, "street": "Koserstraße", "housenumber": "20", "postcode": "14195", "city": "Berlin", "country": "DE", "latitude": 52.4613917, "longitude": 13.2947799, "opening_hours": null, "wheelchair_accessible": "limited", "toilets_wheelchair": "no", "level": null, "internet_access": null, "isil_code": null, "final_email": null, "final_phone": "+493083854550", "website_url": "http://www.ub.fu-berlin.de/fbb/gesch-kultur/kug809.html" }, "geometry": { "type": "Point", "coordinates": [ 13.2947799, 52.4613917 ] } },
{ "type": "Feature", "properties": { "library_id": 1445349886, "name": "Trude-Jugend-Bib", "amenity": "library", "operator_type": null, "operator": null, "street": "Bat-Yam-Platz", "housenumber": "1", "postcode": "12353", "city": "Berlin", "country": "DE", "latitude": 52.4255455, "longitude": 13.4622976, "opening_hours": null, "wheelchair_accessible": "yes", "toilets_wheelchair": null, "level": null, "internet_access": null, "isil_code": null, "final_email": null, "final_phone": null, "website_url": "https://www.berlin.de/stadtbibliothek-neukoelln/bibliotheken/gertrud-junge-bibliothek/" }, "geometry": { "type": "Point", "coordinates": [ 13.4622976, 52.4255455 ] } },
{ "type": "Feature", "properties": { "library_id": 1472976631, "name": "Else-Ury-Bibliothek", "amenity": "library", "operator_type": null, "operator": null, "street": "Glogauer Straße", "housenumber": "13", "postcode": "10999", "city": "Berlin", "country": "DE", "latitude": 52.4925504, "longitude": 13.4362136, "opening_hours": "Mo 13:00-18:00;\nTu 10:00-15:00;\nTh 13:00-18:00;\nFr 12:00-17:00", "wheelchair_accessible": "no", "toilets_wheelchair": null, "level": null, "internet_access": "wlan", "isil_code": null, "final_email": null, "final_phone": "+49 30 22502613", "website_url": "https://www.berlin.de/stadtbibliothek-friedrichshain-kreuzberg/bibliotheken/familienbibliothek-else-ury/" }, "geometry": { "type": "Point", "coordinates": [ 13.4362136, 52.4925504 ] } },
{ "type": "Feature", "properties": { "library_id": 1481377095, "name": "Die Bibliothek Wirtschaft und Management", "amenity": "library", "operator_type": null, "operator": null, "street": "Straße des 17. Juni", "housenumber": "135", "postcode": "10623", "city": "Berlin", "country": "DE", "latitude": 52.5121417, "longitude": 13.3262714, "opening_hours": "Apr-Jul,Oct-Feb: Mo-Fr 09:00-21:00; Apr-Jul,Oct-Feb: Sa 10:00-16:00; Mar,Aug-Sep: Mo-Fr 10:00-21:00; Mar,Aug-Sep: Sa 10:00-16:00", "wheelchair_accessible": "yes", "toilets_wheelchair": null, "level": "5", "internet_access": "wlan", "isil_code": null, "final_email": null, "final_phone": "+49 30 31422601", "website_url": "https://www.dbwm.tu-berlin.de/menue/startseite/" }, "geometry": { "type": "Point", "coordinates": [ 13.3262714, 52.5121417 ] } },
{ "type": "Feature", "properties": { "library_id": 1670728349, "name": "Fachbibliothek Kurdologie", "amenity": "library", "operator_type": null, "operator": "Europäisches Zentrum für Kurdische Studien - Berliner Gesellschaft zur Förderung der Kurdologie e. V.", "street": "Emser Straße", "housenumber": "26", "postcode": "12051", "city": "Berlin", "country": "DE", "latitude": 52.4690497, "longitude": 13.4339544, "opening_hours": "Mo-Fr 11:00-16:00, \"Nach Vereinbarung\"", "wheelchair_accessible": null, "toilets_wheelchair": null, "level": null, "internet_access": null, "isil_code": null, "final_email": null, "final_phone": null, "website_url": null }, "geometry": { "type": "Point", "coordinates": [ 13.4339544, 52.4690497 ] } },
{ "type": "Feature", "properties": { "library_id": 1684737379, "name": "Bibliothek der Freien", "amenity": "library", "operator_type": null, "operator": null, "street": "Greifswalder Straße", "housenumber": "4", "postcode": "10405", "city": "Berlin", "country": "DE", "latitude": 52.5286995, "longitude": 13.4254805, "opening_hours": "Th, Fr 18:00-20:00; PH off", "wheelchair_accessible": "limited", "toilets_wheelchair": "yes", "level": "1", "internet_access": "no", "isil_code": "DE-B1576", "final_email": "DieFreien@BibliothekderFreien.de", "final_phone": "+49 30 7521768", "website_url": "https://www.bibliothekderfreien.de/" }, "geometry": { "type": "Point", "coordinates": [ 13.4254805, 52.5286995 ] } },
{ "type": "Feature", "properties": { "library_id": 1685672555, "name": "Archiv für Alternativkultur", "amenity": "library", "operator_type": null, "operator": null, "street": "Anton-Wilhelm-Amo-Straße", "housenumber": "41", "postcode": "10117", "city": "Berlin", "country": "DE", "latitude": 52.5127362, "longitude": 13.3957618, "opening_hours": null, "wheelchair_accessible": null, "toilets_wheelchair": null, "level": null, "internet_access": null, "isil_code": null, "final_email": null, "final_phone": null, "website_url": "http://www.fis-kultur.net/alternativkultur/" }, "geometry": { "type": "Point", "coordinates": [ 13.3957618, 52.5127362 ] } },
{ "type": "Feature", "properties": { "library_id": 1818848292, "name": "Johanna-Moosdorf-Bibliothek", "amenity": "library", "operator_type": null, "operator": null, "street": "Westendallee", "housenumber": "45", "postcode": "14052", "city": "Berlin", "country": "DE", "latitude": 52.5106578, "longitude": 13.2586101, "opening_hours": "Tu,Fr 14:00-18:00; We 12:00-18:00; Th 10:00-16:00", "wheelchair_accessible": "no", "toilets_wheelchair": null, "level": null, "internet_access": "wlan", "isil_code": null, "final_email": null, "final_phone": null, "website_url": null }, "geometry": { "type": "Point", "coordinates": [ 13.2586101, 52.5106578 ] } },
{ "type": "Feature", "properties": { "library_id": 1863570970, "name": "Kurt-Tucholsky-Bibliothek", "amenity": "library", "operator_type": "public", "operator": "Bezirksamt Pankow von Berlin, Amt für Weiterbildung und Kultur", "street": "Esmarchstraße", "housenumber": "18", "postcode": "10407", "city": "Berlin", "country": "DE", "latitude": 52.5328818, "longitude": 13.4321724, "opening_hours": "Mo, We-Fr 13:00-18:00; Tu 10:00-15:00; Sa 11:00-13:00", "wheelchair_accessible": "no", "toilets_wheelchair": null, "level": null, "internet_access": null, "isil_code": null, "final_email": "kurt-tucholsky-bibliothek@ba-pankow.berlin.de", "final_phone": "+49 30 902 95 3 963", "website_url": "https://www.berlin.de/stadtbibliothek-pankow/bibliotheken/kurt-tucholsky-bibliothek/" }, "geometry": { "type": "Point", "coordinates": [ 13.4321724, 52.5328818 ] } },
{ "type": "Feature", "properties": { "library_id": 1874529829, "name": "Artothek", "amenity": "library", "operator_type": null, "operator": null, "street": "Hohenzollerndamm", "housenumber": "176", "postcode": "10713", "city": "Berlin", "country": "DE", "latitude": 52.489441, "longitude": 13.3118736, "opening_hours": "Mo off ; Tu,Th,Fr 11:00-17:00 ; We 11:00-19:00", "wheelchair_accessible": "yes", "toilets_wheelchair": null, "level": null, "internet_access": null, "isil_code": null, "final_email": "info@artothek.charlottenburg-wilmersdorf.de", "final_phone": "+49 30 9029-16709", "website_url": null }, "geometry": { "type": "Point", "coordinates": [ 13.3118736, 52.489441 ] } },
{ "type": "Feature", "properties": { "library_id": 1933757018, "name": "Bibliothek für Sozialwissenschaften und Osteuropastudien, Stiller Lesesaal", "amenity": "library", "operator_type": "university", "operator": "Freie Universität Berlin", "street": "Ihnestraße", "housenumber": "21", "postcode": "14195", "city": "Berlin", "country": "DE", "latitude": 52.449221, "longitude": 13.2769658, "opening_hours": null, "wheelchair_accessible": "yes", "toilets_wheelchair": null, "level": null, "internet_access": null, "isil_code": null, "final_email": null, "final_phone": null, "website_url": null }, "geometry": { "type": "Point", "coordinates": [ 13.2769658, 52.449221 ] } },
{ "type": "Feature", "properties": { "library_id": 2094774970, "name": "Kunstbibliothek", "amenity": "library", "operator_type": null, "operator": null, "street": "Matthäikirchplatz", "housenumber": "6", "postcode": "10785", "city": "Berlin", "country": "DE", "latitude": 52.5085131, "longitude": 13.3669367, "opening_hours": "Mo-Tu off; We-Fr 10:00-17:00; Sa-Su,PH 10:00-18:00; Jan 1 12:00-18:00; Dec 24,Dec 31 off", "wheelchair_accessible": "yes", "toilets_wheelchair": "no", "level": null, "internet_access": "wlan", "isil_code": "DE-B11", "final_email": null, "final_phone": null, "website_url": "https://www.smb.museum/museen-einrichtungen/kunstbibliothek/home" }, "geometry": { "type": "Point", "coordinates": [ 13.3669367, 52.5085131 ] } },
{ "type": "Feature", "properties": { "library_id": 2270319509, "name": "Das Buddhistische Haus", "amenity": "library", "operator_type": null, "operator": null, "street": "Oppenheimer Weg", "housenumber": null, "postcode": "13465", "city": "Berlin", "country": "Germany", "latitude": 52.635613, "longitude": 13.3029182, "opening_hours": "Mo-Su 09:00-18:00", "wheelchair_accessible": "no", "toilets_wheelchair": null, "level": null, "internet_access": null, "isil_code": null, "final_email": null, "final_phone": null, "website_url": null }, "geometry": { "type": "Point", "coordinates": [ 13.3029182, 52.635613 ] } },
{ "type": "Feature", "properties": { "library_id": 2402339489, "name": "La Rayuela", "amenity": "library", "operator_type": null, "operator": null, "street": "Südstern", "housenumber": "2", "postcode": "10961", "city": "Berlin", "country": "DE", "latitude": 52.4900049, "longitude": 13.4056371, "opening_hours": "Mo-Fr 10:00-19:00; Sa 10:00-16:00", "wheelchair_accessible": "no", "toilets_wheelchair": null, "level": null, "internet_access": null, "isil_code": null, "final_email": "info@la-rayuela.de", "final_phone": "+49 (0)30 44013293", "website_url": "https://la-rayuela.typepad.com/" }, "geometry": { "type": "Point", "coordinates": [ 13.4056371, 52.4900049 ] } },
{ "type": "Feature", "properties": { "library_id": 2479053622, "name": "Institut Français Berlin, Mediathek", "amenity": "library", "operator_type": null, "operator": null, "street": "Kurfürstendamm", "housenumber": "211", "postcode": "10719", "city": "Berlin", "country": "DE", "latitude": 52.5021314, "longitude": 13.3248746, "opening_hours": "Tu,Th 14:00-18:30; We,Fr 12:00-18:30; Sa 11:00-17:00; Mo off", "wheelchair_accessible": "limited", "toilets_wheelchair": "no", "level": null, "internet_access": null, "isil_code": "DE-B452", "final_email": null, "final_phone": null, "website_url": "https://berlin.institutfrancais.de/mediathek" }, "geometry": { "type": "Point", "coordinates": [ 13.3248746, 52.5021314 ] } },
{ "type": "Feature", "properties": { "library_id": 2571245538, "name": "Stadtteilbibliothek Altglienicke im Bürgerhaus", "amenity": "library", "operator_type": null, "operator": null, "street": "Ortolfstraße", "housenumber": "182", "postcode": "12524", "city": "Berlin", "country": "DE", "latitude": 52.4033811, "longitude": 13.5286278, "opening_hours": null, "wheelchair_accessible": null, "toilets_wheelchair": null, "level": null, "internet_access": null, "isil_code": null, "final_email": null, "final_phone": "+49 30 902976722", "website_url": null }, "geometry": { "type": "Point", "coordinates": [ 13.5286278, 52.4033811 ] } },
{ "type": "Feature", "properties": { "library_id": 2644700001, "name": "Archiv der Jugendkulturen", "amenity": "library", "operator_type": null, "operator": null, "street": "Fidicinstraße", "housenumber": "3", "postcode": "10965", "city": "Berlin", "country": "DE", "latitude": 52.4864803, "longitude": 13.389689, "opening_hours": null, "wheelchair_accessible": null, "toilets_wheelchair": null, "level": null, "internet_access": null, "isil_code": "DE-2323", "final_email": null, "final_phone": null, "website_url": "https://jugendkulturen.de" }, "geometry": { "type": "Point", "coordinates": [ 13.389689, 52.4864803 ] } },
{ "type": "Feature", "properties": { "library_id": 2777497901, "name": "Patientenbibliothek", "amenity": "library", "operator_type": null, "operator": "Charité Mitte", "street": "Bonhoefferweg", "housenumber": "4", "postcode": "10117", "city": "Berlin", "country": "Germany", "latitude": 52.5266936, "longitude": 13.3766679, "opening_hours": "Mo,Tu,Th 12:00-16:00; Fr 12:00-15:00", "wheelchair_accessible": null, "toilets_wheelchair": null, "level": null, "internet_access": null, "isil_code": null, "final_email": null, "final_phone": null, "website_url": null }, "geometry": { "type": "Point", "coordinates": [ 13.3766679, 52.5266936 ] } },
{ "type": "Feature", "properties": { "library_id": 2802477601, "name": "Stadtteilbibliothek", "amenity": "library", "operator_type": null, "operator": null, "street": "Westerwaldstraße", "housenumber": null, "postcode": "13589", "city": "Berlin", "country": "Germany", "latitude": 52.5499724, "longitude": 13.1780019, "opening_hours": "Tu,We,Fr 12:00-17:00; Mo,Th 13:00-19:00", "wheelchair_accessible": "yes", "toilets_wheelchair": null, "level": null, "internet_access": null, "isil_code": null, "final_email": null, "final_phone": null, "website_url": null }, "geometry": { "type": "Point", "coordinates": [ 13.1780019, 52.5499724 ] } },
{ "type": "Feature", "properties": { "library_id": 2964523835, "name": "Kulturpost und Bibliothek", "amenity": "library", "operator_type": null, "operator": "Leben in Wilhelmsruh", "street": "Hauptstraße", "housenumber": "32", "postcode": "13158", "city": "Berlin", "country": "DE", "latitude": 52.5871192, "longitude": 13.3678296, "opening_hours": "Mo,Di,Do 14:00-19:00; Mi,Fr,Sa 10:00-13:00", "wheelchair_accessible": null, "toilets_wheelchair": null, "level": null, "internet_access": null, "isil_code": null, "final_email": "info@leben-in-wilhelmsruh.de", "final_phone": "+49 30 40724848", "website_url": "https://www.leben-in-wilhelmsruh.de/" }, "geometry": { "type": "Point", "coordinates": [ 13.3678296, 52.5871192 ] } },
{ "type": "Feature", "properties": { "library_id": 3203713887, "name": "kalabal!k", "amenity": "library", "operator_type": null, "operator": "kalabal!k", "street": "Reichenberger Straße", "housenumber": "63a", "postcode": "10999", "city": "Berlin", "country": "DE", "latitude": 52.4952361, "longitude": 13.4307312, "opening_hours": "We 17:00-20:00; Su 15:00-18:00", "wheelchair_accessible": "no", "toilets_wheelchair": null, "level": null, "internet_access": null, "isil_code": null, "final_email": "kalabalik@riseup.net", "final_phone": null, "website_url": "https://kalabalik.blackblogs.org/" }, "geometry": { "type": "Point", "coordinates": [ 13.4307312, 52.4952361 ] } },
{ "type": "Feature", "properties": { "library_id": 3428467245, "name": "Universitätsarchiv", "amenity": "library", "operator_type": "university", "operator": "Universitätsbibliothek der Freien Universität Berlin", "street": "Malteserstraße", "housenumber": "74-100", "postcode": "12249", "city": "Berlin", "country": "DE", "latitude": 52.4260423, "longitude": 13.3587376, "opening_hours": "We,Th 09:00-16:00", "wheelchair_accessible": "yes", "toilets_wheelchair": null, "level": null, "internet_access": null, "isil_code": null, "final_email": null, "final_phone": null, "website_url": null }, "geometry": { "type": "Point", "coordinates": [ 13.3587376, 52.4260423 ] } },
{ "type": "Feature", "properties": { "library_id": 3478842465, "name": "Schulbiblothek", "amenity": "library", "operator_type": null, "operator": "Sophie-Scholl-Oberschule", "street": "Pallasstraße", "housenumber": null, "postcode": "10781", "city": "Berlin", "country": "Germany", "latitude": 52.4943297, "longitude": 13.3578235, "opening_hours": null, "wheelchair_accessible": null, "toilets_wheelchair": null, "level": null, "internet_access": null, "isil_code": null, "final_email": null, "final_phone": null, "website_url": null }, "geometry": { "type": "Point", "coordinates": [ 13.3578235, 52.4943297 ] } },
{ "type": "Feature", "properties": { "library_id": 3518345658, "name": "Joseph Wulf Bibliothek", "amenity": "library", "operator_type": null, "operator": null, "street": "Am Großen Wannsee", "housenumber": "58", "postcode": "14109", "city": "Berlin", "country": "DE", "latitude": 52.4327843, "longitude": 13.1656465, "opening_hours": "Mo-Fr 11:00-16:00; PH,Sa,Su off", "wheelchair_accessible": null, "toilets_wheelchair": null, "level": null, "internet_access": null, "isil_code": "DE-B1525", "final_email": "library@ghwk.de", "final_phone": "+49 30 805 00120", "website_url": "https://www.ghwk.de/de/bibliothek" }, "geometry": { "type": "Point", "coordinates": [ 13.1656465, 52.4327843 ] } },
{ "type": "Feature", "properties": { "library_id": 3806550974, "name": "Bibliothek des Deutschen Bundestages", "amenity": "library", "operator_type": "government", "operator": "Deutscher Bundestag", "street": "Adele-Schreiber-Krieger-Straße", "housenumber": "1", "postcode": "10117", "city": "Berlin", "country": "DE", "latitude": 52.5202388, "longitude": 13.3772992, "opening_hours": "\"nicht öffentlich zugänglich; nur auf Antrag\"", "wheelchair_accessible": null, "toilets_wheelchair": null, "level": null, "internet_access": null, "isil_code": "DE-281", "final_email": null, "final_phone": "+49 30 22733073", "website_url": "https://www.bundestag.de/dokumente/bibliothek" }, "geometry": { "type": "Point", "coordinates": [ 13.3772992, 52.5202388 ] } },
{ "type": "Feature", "properties": { "library_id": 3837620248, "name": "Bibliothek Tiergarten-Süd", "amenity": "library", "operator_type": null, "operator": null, "street": "Lützowstraße", "housenumber": "27", "postcode": "10785", "city": "Berlin", "country": "DE", "latitude": 52.5037597, "longitude": 13.3634291, "opening_hours": "Mo-Fr 12:30-18:00", "wheelchair_accessible": "yes", "toilets_wheelchair": null, "level": null, "internet_access": null, "isil_code": null, "final_email": null, "final_phone": null, "website_url": "https://www.berlin.de/stadtbibliothek-mitte/bibliotheken/bibliothek-tiergarten-sued/" }, "geometry": { "type": "Point", "coordinates": [ 13.3634291, 52.5037597 ] } },
{ "type": "Feature", "properties": { "library_id": 3952396497, "name": "Umweltbibliothek", "amenity": "library", "operator_type": null, "operator": "Umweltbundesamt", "street": "Bismarckplatz", "housenumber": "1", "postcode": "14193", "city": "Berlin", "country": "DE", "latitude": 52.4921781, "longitude": 13.2826514, "opening_hours": null, "wheelchair_accessible": null, "toilets_wheelchair": null, "level": null, "internet_access": null, "isil_code": null, "final_email": null, "final_phone": null, "website_url": null }, "geometry": { "type": "Point", "coordinates": [ 13.2826514, 52.4921781 ] } },
{ "type": "Feature", "properties": { "library_id": 3981795844, "name": "Anna-Seghers-Bibliothek", "amenity": "library", "operator_type": null, "operator": null, "street": "Prerower Platz", "housenumber": "2", "postcode": "13051", "city": "Berlin", "country": "DE", "latitude": 52.5649762, "longitude": 13.5061185, "opening_hours": "Mo,Tu 09:00-19:00; We 13:00-19:00; Th,Fr 09:00-18:00; Sa 09:00-13:00", "wheelchair_accessible": "yes", "toilets_wheelchair": null, "level": "1,2,3", "internet_access": null, "isil_code": null, "final_email": null, "final_phone": "+49 30 92796410", "website_url": "https://www.berlin.de/stadtbibliothek-lichtenberg/standorte/anna-seghers-bibliothek/" }, "geometry": { "type": "Point", "coordinates": [ 13.5061185, 52.5649762 ] } },
{ "type": "Feature", "properties": { "library_id": 4114649179, "name": "Bibliothek der Stiftung Topographie des Terrors", "amenity": "library", "operator_type": null, "operator": null, "street": "Niederkirchnerstraße", "housenumber": "8", "postcode": "10963", "city": "Berlin", "country": "DE", "latitude": 52.5067416, "longitude": 13.383896, "opening_hours": "Mo-Fr 10:00-17:00", "wheelchair_accessible": "yes", "toilets_wheelchair": null, "level": null, "internet_access": "wlan", "isil_code": null, "final_email": "bibliothek@topographie.de", "final_phone": "+4930 254509-23", "website_url": "https://www.topographie.de/bibliothek/" }, "geometry": { "type": "Point", "coordinates": [ 13.383896, 52.5067416 ] } },
{ "type": "Feature", "properties": { "library_id": 4221527005, "name": "Zweigbibliothek Asien-/Afrikawissenschaften und Islamische Theologie", "amenity": "library", "operator_type": "university", "operator": "Universitätsbibliothek der Humboldt-Universität zu Berlin", "street": "Invalidenstraße", "housenumber": "118", "postcode": "10115", "city": "Berlin", "country": "DE", "latitude": 52.5305537, "longitude": 13.3859469, "opening_hours": "Mo-Fr 09:00-17:00", "wheelchair_accessible": "yes", "toilets_wheelchair": null, "level": "0", "internet_access": "yes", "isil_code": "DE-11-103", "final_email": "asa@ub.hu-berlin.de", "final_phone": "+49 30 209366093", "website_url": "https://www.ub.hu-berlin.de/de/standorte/zwbasienafrika" }, "geometry": { "type": "Point", "coordinates": [ 13.3859469, 52.5305537 ] } },
{ "type": "Feature", "properties": { "library_id": 4271022996, "name": "Stadtteilbibliothek Kladow", "amenity": "library", "operator_type": null, "operator": "Stadtbibliothek Spandau", "street": "Sakrower Landstraße", "housenumber": "2", "postcode": "14089", "city": "Berlin", "country": "DE", "latitude": 52.453258, "longitude": 13.1429895, "opening_hours": "Mo,Th 13:00-19:00; Tu,We 13:00-17:00; Fr 09:00-15:00", "wheelchair_accessible": "yes", "toilets_wheelchair": "yes", "level": "0", "internet_access": "terminal", "isil_code": null, "final_email": null, "final_phone": "+49 30 8161-5889", "website_url": "http://www.berlin.de/stadtbibliothek-spandau/bibliotheken/kladow/artikel.182136.php" }, "geometry": { "type": "Point", "coordinates": [ 13.1429895, 52.453258 ] } },
{ "type": "Feature", "properties": { "library_id": 4432723694, "name": "Bibliothek Am Wasserturm", "amenity": "library", "operator_type": null, "operator": null, "street": "Prenzlauer Allee", "housenumber": "227-228", "postcode": "10405", "city": "Berlin", "country": "DE", "latitude": 52.5331584, "longitude": 13.419505, "opening_hours": "Mo-Sa 08:00-22:00", "wheelchair_accessible": null, "toilets_wheelchair": "yes", "level": null, "internet_access": "wlan", "isil_code": null, "final_email": null, "final_phone": "+49 30 902953921", "website_url": "https://www.berlin.de/stadtbibliothek-pankow/bibliotheken/bibliothek-am-wasserturm/" }, "geometry": { "type": "Point", "coordinates": [ 13.419505, 52.5331584 ] } },
{ "type": "Feature", "properties": { "library_id": 4706616647, "name": "Bibliothek", "amenity": "library", "operator_type": "public", "operator": "Stiftung Topographie des Terrors", "street": "Britzer Straße", "housenumber": "5", "postcode": "12439", "city": "Berlin", "country": "DE", "latitude": 52.4525785, "longitude": 13.5189284, "opening_hours": null, "wheelchair_accessible": "yes", "toilets_wheelchair": null, "level": null, "internet_access": "yes", "isil_code": "DE-2401", "final_email": "bibliothek-sw@topographie.de", "final_phone": "+49 30 63 90 288 23", "website_url": "https://www.ns-zwangsarbeit.de/bibliothek/" }, "geometry": { "type": "Point", "coordinates": [ 13.5189284, 52.4525785 ] } },
{ "type": "Feature", "properties": { "library_id": 4805428213, "name": "Medienforum Berlin", "amenity": "library", "operator_type": null, "operator": null, "street": "Levetzowstraße", "housenumber": "1-2", "postcode": "10555", "city": "Berlin", "country": "DE", "latitude": 52.5222118, "longitude": 13.3308065, "opening_hours": "Mo,Tu 13:00-18:00; We 10:00-15:00; Th 13:00-18:00", "wheelchair_accessible": null, "toilets_wheelchair": null, "level": null, "internet_access": null, "isil_code": "DE-B1585", "final_email": "mf.info@senbjw.berlin.de", "final_phone": "+49 30 90 22 99-111", "website_url": "https://www.berlin.de/sen/bildung/unterricht/medien/medienforum/" }, "geometry": { "type": "Point", "coordinates": [ 13.3308065, 52.5222118 ] } },
{ "type": "Feature", "properties": { "library_id": 4806499594, "name": "Hansabibliothek", "amenity": "library", "operator_type": null, "operator": null, "street": "Altonaer Straße", "housenumber": "15", "postcode": "10557", "city": "Berlin", "country": "DE", "latitude": 52.5170943, "longitude": 13.3427522, "opening_hours": "Mo, Fr 13:00-19:30; Tu-Th 12:00-18:00; Sa 10:00-14:00", "wheelchair_accessible": "yes", "toilets_wheelchair": "yes", "level": null, "internet_access": null, "isil_code": null, "final_email": "service@stb-mitte.de", "final_phone": "+4930901832156", "website_url": "https://www.berlin.de/stadtbibliothek-mitte/bibliotheken/hansabibliothek/" }, "geometry": { "type": "Point", "coordinates": [ 13.3427522, 52.5170943 ] } },
{ "type": "Feature", "properties": { "library_id": 5062614778, "name": null, "amenity": "library", "operator_type": null, "operator": null, "street": "Alt-Moabit", "housenumber": "140", "postcode": "10557", "city": "Berlin", "country": "Germany", "latitude": 52.521758, "longitude": 13.3638336, "opening_hours": null, "wheelchair_accessible": null, "toilets_wheelchair": null, "level": "1", "internet_access": null, "isil_code": null, "final_email": null, "final_phone": null, "website_url": null }, "geometry": { "type": "Point", "coordinates": [ 13.3638336, 52.521758 ] } },
{ "type": "Feature", "properties": { "library_id": 5245440325, "name": "Zweigbibliothek Musikwissenschaft", "amenity": "library", "operator_type": "university", "operator": "Universitätsbibliothek der Humboldt-Universität zu Berlin", "street": "Am Kupfergraben", "housenumber": "5", "postcode": "10117", "city": "Berlin", "country": "DE", "latitude": 52.5203781, "longitude": 13.395109, "opening_hours": "Mo-Fr 10:00-18:00; Feb 17-Apr 10, PH Mo-Fr 10:00-16:00", "wheelchair_accessible": "yes", "toilets_wheelchair": null, "level": null, "internet_access": "yes", "isil_code": "DE-11-128", "final_email": "musikwissenschaften@ub.hu-berlin.de", "final_phone": "+49 30 20932788", "website_url": "https://www.ub.hu-berlin.de/de/standorte/zwbmusikwissenschaft" }, "geometry": { "type": "Point", "coordinates": [ 13.395109, 52.5203781 ] } },
{ "type": "Feature", "properties": { "library_id": 5275440213, "name": "Peter-Weiss-Bibliothek", "amenity": "library", "operator_type": null, "operator": "AGRARBÖRSE Deutschland Ost e.V.", "street": "Hellersdorfer Promenade", "housenumber": "24", "postcode": "12627", "city": "Berlin", "country": "DE", "latitude": 52.5416071, "longitude": 13.6068282, "opening_hours": "Tu,We 14:00-18:00; PH off || \"nach Vereinbarung\"", "wheelchair_accessible": null, "toilets_wheelchair": null, "level": null, "internet_access": "terminal", "isil_code": null, "final_email": "pwb-hellersdorf@peter-weiss-bibliothek.de", "final_phone": "+49 30 99282525", "website_url": "https://www.peter-weiss-bibliothek.de/" }, "geometry": { "type": "Point", "coordinates": [ 13.6068282, 52.5416071 ] } },
{ "type": "Feature", "properties": { "library_id": 5318467222, "name": "Bibliothek im Märkischen Viertel", "amenity": "library", "operator_type": "public", "operator": "Bezirksamt Reinickendorf Abteilung Bauen, Bildung und Kultur", "street": "Wilhelmsruher Damm", "housenumber": "142c", "postcode": "13439", "city": "Berlin", "country": "DE", "latitude": 52.5976675, "longitude": 13.3523189, "opening_hours": "Mo 13:00-19:00; Tu,We 11:00-17:00; Th 13:00-19:00; Fr 11:00-17:00", "wheelchair_accessible": null, "toilets_wheelchair": null, "level": null, "internet_access": null, "isil_code": null, "final_email": null, "final_phone": "+49 30 902943833", "website_url": "https://www.berlin.de/stadtbibliothek-reinickendorf/bibliotheken/bibliothek-im-maerkischen-viertel/bibliothek-im-maerkischen-viertel-im-fontane-haus-336916.php" }, "geometry": { "type": "Point", "coordinates": [ 13.3523189, 52.5976675 ] } },
{ "type": "Feature", "properties": { "library_id": 5533888846, "name": "Charité Medizinische Bibliothek Campus Mitte", "amenity": "library", "operator_type": null, "operator": null, "street": "Philippstraße", "housenumber": "11/12", "postcode": "10115", "city": "Berlin", "country": "DE", "latitude": 52.5261622, "longitude": 13.3801597, "opening_hours": "Mo-Fr 09:00-20:00", "wheelchair_accessible": null, "toilets_wheelchair": null, "level": "0", "internet_access": "wlan", "isil_code": null, "final_email": null, "final_phone": null, "website_url": "https://bibliothek.charite.de/" }, "geometry": { "type": "Point", "coordinates": [ 13.3801597, 52.5261622 ] } },
{ "type": "Feature", "properties": { "library_id": 5643477411, "name": "Stadtteilbibliothek Frohnau", "amenity": "library", "operator_type": null, "operator": null, "street": "Fuchssteinerweg", "housenumber": "17", "postcode": "13465", "city": "Berlin", "country": "DE", "latitude": 52.63544, "longitude": 13.295141, "opening_hours": "Mo 13:00-19:00; Tu 13:00-17:00; We off; Th 13:00-19:00; Fr 11:00-17:00", "wheelchair_accessible": "yes", "toilets_wheelchair": null, "level": null, "internet_access": "wlan", "isil_code": null, "final_email": "Bibliothek.Frohnau@gmail.com", "final_phone": "+49 30 4010 9171", "website_url": "https://www.berlin.de/stadtbibliothek-reinickendorf/bibliotheken/stadtteilbibliothek-frohnau/artikel.336740.php" }, "geometry": { "type": "Point", "coordinates": [ 13.295141, 52.63544 ] } },
{ "type": "Feature", "properties": { "library_id": 5735063971, "name": "Kurt-Tucholsky-Bibliothek", "amenity": "library", "operator_type": null, "operator": null, "street": "Rostocker Straße", "housenumber": "32b", "postcode": "10553", "city": "Berlin", "country": "DE", "latitude": 52.531583, "longitude": 13.3262022, "opening_hours": "Mo-Th 12:30-18:00; Fr,Sa,Su,PH off", "wheelchair_accessible": "yes", "toilets_wheelchair": "yes", "level": null, "internet_access": null, "isil_code": null, "final_email": null, "final_phone": null, "website_url": "https://www.berlin.de/stadtbibliothek-mitte/bibliotheken/kurt-tucholsky-bibliothek/" }, "geometry": { "type": "Point", "coordinates": [ 13.3262022, 52.531583 ] } },
{ "type": "Feature", "properties": { "library_id": 5798364681, "name": "Stadtteilbibliothek Haselhorst", "amenity": "library", "operator_type": null, "operator": "Bezirksamt Spandau von Berlin", "street": "Gartenfelder Straße", "housenumber": "104", "postcode": "13599", "city": "Berlin", "country": "DE", "latitude": 52.5429259, "longitude": 13.2390484, "opening_hours": "Mo,Th 13:00-19:00; Tu,We,Fr 13:00-17:00", "wheelchair_accessible": "yes", "toilets_wheelchair": null, "level": null, "internet_access": "wlan", "isil_code": null, "final_email": null, "final_phone": null, "website_url": "https://www.berlin.de/stadtbibliothek-spandau/bibliotheken/haselhorst/stadtteilbibliothek-haselhorst-182097.php" }, "geometry": { "type": "Point", "coordinates": [ 13.2390484, 52.5429259 ] } },
{ "type": "Feature", "properties": { "library_id": 5838369566, "name": "Patientenbibliothek", "amenity": "library", "operator_type": null, "operator": null, "street": "Rubensstraße", "housenumber": "125", "postcode": "12157", "city": "Berlin", "country": "Germany", "latitude": 52.4602755, "longitude": 13.347826, "opening_hours": "Mo,Tu,Fr 13:00-17:00; Th 15:00-18:00", "wheelchair_accessible": null, "toilets_wheelchair": null, "level": null, "internet_access": "yes", "isil_code": null, "final_email": null, "final_phone": null, "website_url": null }, "geometry": { "type": "Point", "coordinates": [ 13.347826, 52.4602755 ] } },
{ "type": "Feature", "properties": { "library_id": 5977960159, "name": "Bücherstube", "amenity": "library", "operator_type": null, "operator": "Berliner Gesellschaft für Integration mbH", "street": "Briesestraße", "housenumber": "79", "postcode": "12053", "city": "Berlin", "country": "DE", "latitude": 52.4769397, "longitude": 13.4273818, "opening_hours": "Mo-Fr 08:00-14:00", "wheelchair_accessible": null, "toilets_wheelchair": null, "level": null, "internet_access": null, "isil_code": null, "final_email": null, "final_phone": "+49 30 68975904", "website_url": null }, "geometry": { "type": "Point", "coordinates": [ 13.4273818, 52.4769397 ] } },
{ "type": "Feature", "properties": { "library_id": 6046124564, "name": "Zweigbibliothek Germanistik", "amenity": "library", "operator_type": "university", "operator": "Universitätsbibliothek der Humboldt-Universität zu Berlin", "street": "Dorotheenstraße", "housenumber": "24", "postcode": "10117", "city": "Berlin", "country": "DE", "latitude": 52.520016, "longitude": 13.3927337, "opening_hours": "Mo-Fr 09:30-19:00", "wheelchair_accessible": "yes", "toilets_wheelchair": null, "level": "0;-1", "internet_access": "wlan", "isil_code": "DE-11-105", "final_email": "germ@ub.hu-berlin.de", "final_phone": "+49 30 2093-9782", "website_url": "https://www.ub.hu-berlin.de/de/standorte/zwbgermanistik" }, "geometry": { "type": "Point", "coordinates": [ 13.3927337, 52.520016 ] } },
{ "type": "Feature", "properties": { "library_id": 6275993185, "name": "Mathematische Fachbibliothek", "amenity": "library", "operator_type": null, "operator": null, "street": "Straße des 17. Juni", "housenumber": "136", "postcode": "10623", "city": "Berlin", "country": "DE", "latitude": 52.5140827, "longitude": 13.3251316, "opening_hours": "Mo-Fr 08:00-21:00; Sa 10:00-18:00", "wheelchair_accessible": null, "toilets_wheelchair": null, "level": null, "internet_access": "wlan", "isil_code": null, "final_email": "library@math.tu-berlin.de", "final_phone": "+49 30 314 22749", "website_url": "https://www.math.tu-berlin.de/mfb/mfb/" }, "geometry": { "type": "Point", "coordinates": [ 13.3251316, 52.5140827 ] } },
{ "type": "Feature", "properties": { "library_id": 6508696687, "name": "ESCP Bibliothek am Campus Berlin", "amenity": "library", "operator_type": null, "operator": null, "street": "Heubnerweg", "housenumber": "8-10", "postcode": "14059", "city": "Berlin", "country": "DE", "latitude": 52.5242453, "longitude": 13.2890223, "opening_hours": "Mo-Th 09:00-21:00; Fr 09:00-17:00", "wheelchair_accessible": null, "toilets_wheelchair": null, "level": null, "internet_access": null, "isil_code": null, "final_email": null, "final_phone": null, "website_url": null }, "geometry": { "type": "Point", "coordinates": [ 13.2890223, 52.5242453 ] } },
{ "type": "Feature", "properties": { "library_id": 6720863485, "name": "Bibliothek Rechtswissenschaft", "amenity": "library", "operator_type": "university", "operator": "Universitätsbibliothek der Freien Universität Berlin", "street": "Van't-Hoff-Straße", "housenumber": "8", "postcode": "14195", "city": "Berlin", "country": "DE", "latitude": 52.4478314, "longitude": 13.2813366, "opening_hours": "Mo-Fr 09:00-22:00; Sa 09:00-20:00; Su 12:00-20:00", "wheelchair_accessible": "yes", "toilets_wheelchair": "yes", "level": null, "internet_access": null, "isil_code": "DE-188-808", "final_email": null, "final_phone": "+49 30 83852161", "website_url": "https://www.jura.fu-berlin.de/bibliothek/" }, "geometry": { "type": "Point", "coordinates": [ 13.2813366, 52.4478314 ] } },
{ "type": "Feature", "properties": { "library_id": 6880841994, "name": "ICI Berlin", "amenity": "library", "operator_type": null, "operator": null, "street": "Christinenstraße", "housenumber": "18-19", "postcode": "10119", "city": "Berlin", "country": "DE", "latitude": 52.5321836, "longitude": 13.4107782, "opening_hours": null, "wheelchair_accessible": "yes", "toilets_wheelchair": null, "level": null, "internet_access": null, "isil_code": null, "final_email": null, "final_phone": "+49 30 473 7291-10", "website_url": "https://www.ici-berlin.org/library/" }, "geometry": { "type": "Point", "coordinates": [ 13.4107782, 52.5321836 ] } },
{ "type": "Feature", "properties": { "library_id": 6976235391, "name": "Bildagentur für Kunst, Kultur und Geschichte", "amenity": "library", "operator_type": null, "operator": "Stiftung Preußischer Kulturbesitz", "street": "Märkisches Ufer", "housenumber": "16;18", "postcode": "10179", "city": "Berlin", "country": "DE", "latitude": 52.5128877, "longitude": 13.4103123, "opening_hours": "Mo-Fr 09:00-17:00", "wheelchair_accessible": null, "toilets_wheelchair": null, "level": null, "internet_access": null, "isil_code": "DE-1b", "final_email": "kontakt@bpk-images.de", "final_phone": "+49 30 27 87 92-0", "website_url": "https://www.bpk-bildagentur.de/" }, "geometry": { "type": "Point", "coordinates": [ 13.4103123, 52.5128877 ] } },
{ "type": "Feature", "properties": { "library_id": 7232178641, "name": "Teilbibliothek Japanologie", "amenity": "library", "operator_type": "university", "operator": "Universitätsbibliothek der Humboldt-Universität zu Berlin", "street": "Johannisstraße", "housenumber": "10", "postcode": "10117", "city": "Berlin", "country": "DE", "latitude": 52.5246239, "longitude": 13.3920937, "opening_hours": "Mo-Th 10:00-15:30; Fr 10:00-14:00; Mar 6-31 off", "wheelchair_accessible": null, "toilets_wheelchair": null, "level": "0", "internet_access": "wlan", "isil_code": null, "final_email": "asa@ub.hu-berlin.de", "final_phone": "+49 30 2093-66 130", "website_url": null }, "geometry": { "type": "Point", "coordinates": [ 13.3920937, 52.5246239 ] } },
{ "type": "Feature", "properties": { "library_id": 7798570856, "name": "Bibliothek der Jüdischen Gemeinde", "amenity": "library", "operator_type": null, "operator": null, "street": "Lotte-Lenya-Bogen", "housenumber": null, "postcode": "10623", "city": "Berlin", "country": "Germany", "latitude": 52.5043465, "longitude": 13.3283687, "opening_hours": null, "wheelchair_accessible": null, "toilets_wheelchair": null, "level": null, "internet_access": null, "isil_code": null, "final_email": null, "final_phone": null, "website_url": null }, "geometry": { "type": "Point", "coordinates": [ 13.3283687, 52.5043465 ] } },
{ "type": "Feature", "properties": { "library_id": 8097837782, "name": "Katholische öffentliche Bücherei", "amenity": "library", "operator_type": null, "operator": null, "street": "Pfarrer-Lütkehaus-Platz", "housenumber": null, "postcode": "12307", "city": "Berlin", "country": "Germany", "latitude": 52.3859756, "longitude": 13.3980521, "opening_hours": "\"Jeden 1. und 3. Sonntag im Monat von 9:30-12:30 Uhr geöffnet.\"", "wheelchair_accessible": null, "toilets_wheelchair": null, "level": null, "internet_access": null, "isil_code": null, "final_email": null, "final_phone": null, "website_url": null }, "geometry": { "type": "Point", "coordinates": [ 13.3980521, 52.3859756 ] } },
{ "type": "Feature", "properties": { "library_id": 8151138614, "name": "Stadtteilbibliothek Kaulsdorf", "amenity": "library", "operator_type": null, "operator": null, "street": "Neue Grottkauer Straße", "housenumber": "5", "postcode": "12619", "city": "Berlin", "country": "DE", "latitude": 52.5293637, "longitude": 13.5928919, "opening_hours": "Mo,Tu,Th 12:00-19:00; We,Fr 09:00-13:00; Sa,Su,PH off", "wheelchair_accessible": "yes", "toilets_wheelchair": null, "level": "1", "internet_access": null, "isil_code": null, "final_email": null, "final_phone": null, "website_url": "https://www.berlin.de/bibliotheken-mh/bibliotheken/stadtteilbibliothek-kaulsdorf-nord/" }, "geometry": { "type": "Point", "coordinates": [ 13.5928919, 52.5293637 ] } },
{ "type": "Feature", "properties": { "library_id": 8435515108, "name": "Stadtteilbibliothek Heerstraße", "amenity": "library", "operator_type": null, "operator": null, "street": "Obstallee", "housenumber": "22F", "postcode": "13593", "city": "Berlin", "country": "DE", "latitude": 52.5224043, "longitude": 13.1654101, "opening_hours": null, "wheelchair_accessible": null, "toilets_wheelchair": null, "level": null, "internet_access": null, "isil_code": null, "final_email": null, "final_phone": null, "website_url": "https://www.berlin.de/stadtbibliothek-spandau/bibliotheken/heerstrasse/stadtteilbibliothek-heerstrasse-182099.php" }, "geometry": { "type": "Point", "coordinates": [ 13.1654101, 52.5224043 ] } },
{ "type": "Feature", "properties": { "library_id": 9067856748, "name": "Stefan-Heym-Kinderbibliothek", "amenity": "library", "operator_type": null, "operator": null, "street": "Dörpfeldstraße", "housenumber": "52", "postcode": "12489", "city": "Berlin", "country": "DE", "latitude": 52.4385838, "longitude": 13.5496155, "opening_hours": "Mo,We-Su off; Tu 11:00-18:00", "wheelchair_accessible": "yes", "toilets_wheelchair": null, "level": "0", "internet_access": null, "isil_code": null, "final_email": "stadtbibliothek-adlershof@ba-tk.berlin.de", "final_phone": "+49 30 902975731", "website_url": "https://www.berlin.de/stadtbibliothek-treptow-koepenick/bibliotheken/adlershof/" }, "geometry": { "type": "Point", "coordinates": [ 13.5496155, 52.4385838 ] } },
{ "type": "Feature", "properties": { "library_id": 9077951933, "name": "Gertrud-Junge-Bibliothek", "amenity": "library", "operator_type": null, "operator": null, "street": "Bat-Yam-Platz", "housenumber": "1", "postcode": "12353", "city": "Berlin", "country": "DE", "latitude": 52.425675, "longitude": 13.4620726, "opening_hours": "Mo, Fr 11:00-15:00; Tu-Th 13:00-19:00", "wheelchair_accessible": null, "toilets_wheelchair": null, "level": null, "internet_access": null, "isil_code": null, "final_email": "gemeinschaftshaus@stadtbibliothek-neukoelln.de", "final_phone": "+49 30 902391494", "website_url": "https://www.gropiusstadt-berlin.de/einrichtungen-projekte/stadtteilbibliothek-im-gemeinschaftshaus" }, "geometry": { "type": "Point", "coordinates": [ 13.4620726, 52.425675 ] } },
{ "type": "Feature", "properties": { "library_id": 9347421347, "name": "Gertrud-Haß-Bibliothek", "amenity": "library", "operator_type": null, "operator": null, "street": "Alt-Rudow", "housenumber": "45", "postcode": "12357", "city": "Berlin", "country": "DE", "latitude": 52.4189356, "longitude": 13.4943156, "opening_hours": "Mo,We,Fr 11:00-15:00; Tu,Th 13:00-18:00", "wheelchair_accessible": "yes", "toilets_wheelchair": null, "level": null, "internet_access": "yes", "isil_code": null, "final_email": "rudow@stadtbibliothek-neukoelln.de", "final_phone": "+49 30 902391940", "website_url": "https://www.berlin.de/stadtbibliothek-neukoelln/bibliotheken/gertrud-hass-bibliothek/" }, "geometry": { "type": "Point", "coordinates": [ 13.4943156, 52.4189356 ] } },
{ "type": "Feature", "properties": { "library_id": 9780942686, "name": "Kollektivbibliothek", "amenity": "library", "operator_type": null, "operator": null, "street": "Mariannenplatz", "housenumber": "2B", "postcode": "10997", "city": "Berlin", "country": "DE", "latitude": 52.5037159, "longitude": 13.4230798, "opening_hours": null, "wheelchair_accessible": null, "toilets_wheelchair": null, "level": null, "internet_access": null, "isil_code": null, "final_email": null, "final_phone": null, "website_url": "https://kollektivbibliothek.noblogs.org/" }, "geometry": { "type": "Point", "coordinates": [ 13.4230798, 52.5037159 ] } },
{ "type": "Feature", "properties": { "library_id": 10197004045, "name": "Bereichsbibliothek Architektur und Kunstwissenschaft", "amenity": "library", "operator_type": null, "operator": null, "street": "Straße des 17. Juni", "housenumber": "152", "postcode": "10623", "city": "Berlin", "country": "DE", "latitude": 52.5133684, "longitude": 13.3240024, "opening_hours": "Mo-Fr 10:00-20:00", "wheelchair_accessible": "yes", "toilets_wheelchair": null, "level": null, "internet_access": "wlan", "isil_code": null, "final_email": null, "final_phone": "+493031422414", "website_url": null }, "geometry": { "type": "Point", "coordinates": [ 13.3240024, 52.5133684 ] } },
{ "type": "Feature", "properties": { "library_id": 11309948213, "name": "Bereichsbibliothek Physik", "amenity": "library", "operator_type": null, "operator": null, "street": "Hardenbergstraße", "housenumber": null, "postcode": "10623", "city": "Berlin", "country": "Germany", "latitude": 52.5109671, "longitude": 13.3240187, "opening_hours": null, "wheelchair_accessible": null, "toilets_wheelchair": null, "level": "2", "internet_access": null, "isil_code": "DE-83-1022", "final_email": null, "final_phone": null, "website_url": null }, "geometry": { "type": "Point", "coordinates": [ 13.3240187, 52.5109671 ] } },
{ "type": "Feature", "properties": { "library_id": 11446515471, "name": "BIbliothek des Schiller-Gymnasiums", "amenity": "library", "operator_type": null, "operator": null, "street": "Schillerstraße", "housenumber": "125", "postcode": "10625", "city": "Berlin", "country": "DE", "latitude": 52.5104545, "longitude": 13.3212359, "opening_hours": "Mo-Fr 09:30-13:00", "wheelchair_accessible": null, "toilets_wheelchair": null, "level": null, "internet_access": null, "isil_code": null, "final_email": null, "final_phone": null, "website_url": "https://sgym.de/schulorganisation/schulbibliothek/" }, "geometry": { "type": "Point", "coordinates": [ 13.3212359, 52.5104545 ] } },
{ "type": "Feature", "properties": { "library_id": 11585204402, "name": "WiKo Bibliothek", "amenity": "library", "operator_type": null, "operator": "Evangelisches Johannesstift Berlin", "street": "Schönwalder Allee", "housenumber": "26/11", "postcode": "13587", "city": "Berlin", "country": "Germany", "latitude": 52.5698457, "longitude": 13.1967881, "opening_hours": "24/7", "wheelchair_accessible": null, "toilets_wheelchair": null, "level": null, "internet_access": null, "isil_code": null, "final_email": null, "final_phone": null, "website_url": null }, "geometry": { "type": "Point", "coordinates": [ 13.1967881, 52.5698457 ] } },
{ "type": "Feature", "properties": { "library_id": 11778098531, "name": "Stefan-Heym-Erwachsenenbibliothek", "amenity": "library", "operator_type": null, "operator": null, "street": "Dörpfeldstraße", "housenumber": "54", "postcode": "12489", "city": "Berlin", "country": "Germany", "latitude": 52.4388718, "longitude": 13.5497223, "opening_hours": "Mo-We,Fr-Su off; Th 11:00-18:00", "wheelchair_accessible": null, "toilets_wheelchair": null, "level": null, "internet_access": null, "isil_code": null, "final_email": "stadtbibliothek-adlershof@ba-tk.berlin.de", "final_phone": "+49 30 902975731", "website_url": "https://www.berlin.de/stadtbibliothek-treptow-koepenick/bibliotheken/adlershof/" }, "geometry": { "type": "Point", "coordinates": [ 13.5497223, 52.4388718 ] } },
{ "type": "Feature", "properties": { "library_id": 11805773403, "name": "HWR Bibliothek Campus Lichtenberg", "amenity": "library", "operator_type": null, "operator": null, "street": "Alt-Friedrichsfelde", "housenumber": "60", "postcode": "10315", "city": "Berlin", "country": "DE", "latitude": 52.5079479, "longitude": 13.526379, "opening_hours": null, "wheelchair_accessible": "yes", "toilets_wheelchair": null, "level": null, "internet_access": null, "isil_code": null, "final_email": null, "final_phone": "+49 30 308 77- 25 98", "website_url": "http://www.hwr-berlin.de/service/bibliothek/campus-lichtenberg/" }, "geometry": { "type": "Point", "coordinates": [ 13.526379, 52.5079479 ] } },
{ "type": "Feature", "properties": { "library_id": 11929111653, "name": null, "amenity": "library", "operator_type": null, "operator": null, "street": "Kronenstraße", "housenumber": null, "postcode": "10117", "city": "Berlin", "country": "Germany", "latitude": 52.5114995, "longitude": 13.3996858, "opening_hours": null, "wheelchair_accessible": null, "toilets_wheelchair": null, "level": null, "internet_access": null, "isil_code": null, "final_email": null, "final_phone": null, "website_url": null }, "geometry": { "type": "Point", "coordinates": [ 13.3996858, 52.5114995 ] } },
{ "type": "Feature", "properties": { "library_id": 12160416171, "name": "Zentralbibliothek der Freien Universität Berlin", "amenity": "library", "operator_type": "university", "operator": "Universitätsbibliothek der Freien Universität Berlin", "street": "Garystraße", "housenumber": "39", "postcode": "14195", "city": "Berlin", "country": "DE", "latitude": 52.4481214, "longitude": 13.2777683, "opening_hours": "Mo-Fr 09:00-20:00", "wheelchair_accessible": "limited", "toilets_wheelchair": null, "level": null, "internet_access": "wlan", "isil_code": "DE-188", "final_email": null, "final_phone": null, "website_url": "http://www.ub.fu-berlin.de" }, "geometry": { "type": "Point", "coordinates": [ 13.2777683, 52.4481214 ] } },
{ "type": "Feature", "properties": { "library_id": 12942410449, "name": "Patentenbibilothek", "amenity": "library", "operator_type": null, "operator": null, "street": "Bonhoefferweg", "housenumber": null, "postcode": "10117", "city": "Berlin", "country": "Germany", "latitude": 52.526706, "longitude": 13.3766422, "opening_hours": null, "wheelchair_accessible": null, "toilets_wheelchair": null, "level": null, "internet_access": null, "isil_code": null, "final_email": null, "final_phone": null, "website_url": null }, "geometry": { "type": "Point", "coordinates": [ 13.3766422, 52.526706 ] } },
{ "type": "Feature", "properties": { "library_id": 13233046383, "name": "Bibliothek des Konservatismus", "amenity": "library", "operator_type": null, "operator": null, "street": "Fasanenstraße", "housenumber": "4", "postcode": "10623", "city": "Berlin", "country": "DE", "latitude": 52.5073595, "longitude": 13.3278048, "opening_hours": null, "wheelchair_accessible": null, "toilets_wheelchair": null, "level": null, "internet_access": null, "isil_code": null, "final_email": null, "final_phone": null, "website_url": "https://www.bdk-berlin.org/" }, "geometry": { "type": "Point", "coordinates": [ 13.3278048, 52.5073595 ] } },
{ "type": "Feature", "properties": { "library_id": 13256958201, "name": "BoB: Studierenden Zentrum", "amenity": "library", "operator_type": null, "operator": null, "street": "Arnimallee", "housenumber": "14", "postcode": "14195", "city": "Berlin", "country": "Germany", "latitude": 52.456514, "longitude": 13.2951852, "opening_hours": "Mo-Th 08:00-21:00; Fr 08:00-18:00", "wheelchair_accessible": null, "toilets_wheelchair": null, "level": null, "internet_access": "wlan", "isil_code": null, "final_email": null, "final_phone": null, "website_url": "https://www.physik.fu-berlin.de/fachbereich/raeume/bob/index.html" }, "geometry": { "type": "Point", "coordinates": [ 13.2951852, 52.456514 ] } },
{ "type": "Feature", "properties": { "library_id": 13301410694, "name": "Bibliothek des Deutschen Zentralinstituts für Soziale Fragen", "amenity": "library", "operator_type": "private_non_profit", "operator": "Deutsches Zentralinstituts für Soziale Fragen", "street": "Bernadottestraße", "housenumber": "94", "postcode": "14195", "city": "Berlin", "country": "DE", "latitude": 52.4653361, "longitude": 13.2924086, "opening_hours": "Mo-Th 10:00-16:00", "wheelchair_accessible": null, "toilets_wheelchair": null, "level": null, "internet_access": null, "isil_code": "DE-B249", "final_email": null, "final_phone": null, "website_url": null }, "geometry": { "type": "Point", "coordinates": [ 13.2924086, 52.4653361 ] } },
{ "type": "Feature", "properties": { "library_id": 180594, "name": "Staatsbibliothek zu Berlin", "amenity": "library", "operator_type": "public", "operator": "Preußischer Kulturbesitz", "street": "Unter den Linden", "housenumber": "8", "postcode": "10117", "city": "Berlin", "country": "DE", "latitude": 52.5182229, "longitude": 13.391516595586609, "opening_hours": "Mo-Sa 08:00-22:00; Su 10:00-18:00", "wheelchair_accessible": "yes", "toilets_wheelchair": "yes", "level": null, "internet_access": "wlan", "isil_code": "DE-1", "final_email": null, "final_phone": "+49 30 266433888", "website_url": "https://staatsbibliothek-berlin.de/" }, "geometry": { "type": "Point", "coordinates": [ 13.391516595586609, 52.5182229 ] } },
{ "type": "Feature", "properties": { "library_id": 2728323, "name": "Charité Medizinische Bibliothek Campus Virchow-Klinikum", "amenity": "library", "operator_type": null, "operator": null, "street": "Weststraße", "housenumber": "1", "postcode": "13353", "city": "Berlin", "country": "DE", "latitude": 52.54169295, "longitude": 13.340143914208156, "opening_hours": "Mo-Fr 09:00-20:00; Sa 09:00-18:00", "wheelchair_accessible": null, "toilets_wheelchair": null, "level": null, "internet_access": "wlan", "isil_code": "DE-578-3", "final_email": null, "final_phone": null, "website_url": "https://bibliothek.charite.de/" }, "geometry": { "type": "Point", "coordinates": [ 13.340143914208156, 52.54169295 ] } },
{ "type": "Feature", "properties": { "library_id": 9261463, "name": "Staatsbibliothek zu Berlin", "amenity": "library", "operator_type": "public", "operator": "Stiftung Preußischer Kulturbesitz", "street": "Potsdamer Straße", "housenumber": "33", "postcode": "10785", "city": "Berlin", "country": "DE", "latitude": 52.5073702, "longitude": 13.370841108625656, "opening_hours": "Mo-Sa 08:00-22:00; Su 10:00-18:00", "wheelchair_accessible": "limited", "toilets_wheelchair": null, "level": null, "internet_access": "wlan", "isil_code": "DE-1a", "final_email": "info@sbb.spk-berlin.de", "final_phone": "+49 30 266433888", "website_url": "http://staatsbibliothek-berlin.de/" }, "geometry": { "type": "Point", "coordinates": [ 13.370841108625656, 52.5073702 ] } },
{ "type": "Feature", "properties": { "library_id": 14584232, "name": "Haus O / Bibliothek", "amenity": "library", "operator_type": "university", "operator": "Universitätsbibliothek der Freien Universität Berlin", "street": "Malteserstraße", "housenumber": "74-100", "postcode": "12249", "city": "Berlin", "country": "DE", "latitude": 52.42648655, "longitude": 13.357310305977617, "opening_hours": null, "wheelchair_accessible": "yes", "toilets_wheelchair": null, "level": null, "internet_access": null, "isil_code": "DE-188-835", "final_email": null, "final_phone": null, "website_url": null }, "geometry": { "type": "Point", "coordinates": [ 13.357310305977617, 52.42648655 ] } },
{ "type": "Feature", "properties": { "library_id": 18475778, "name": "Berliner Stadtbibliothek", "amenity": "library", "operator_type": "public", "operator": "Stiftung Zentral- und Landesbibliothek Berlin", "street": "Breite Straße", "housenumber": "30-36", "postcode": "10178", "city": "Berlin", "country": "DE", "latitude": 52.5156997, "longitude": 13.404578429692352, "opening_hours": "Sa 10:00-19:00; Mo-Fr 10:00-21:00", "wheelchair_accessible": "yes", "toilets_wheelchair": "yes", "level": null, "internet_access": "terminal", "isil_code": "DE-109", "final_email": null, "final_phone": null, "website_url": "http://www.zlb.de" }, "geometry": { "type": "Point", "coordinates": [ 13.404578429692352, 52.5156997 ] } },
{ "type": "Feature", "properties": { "library_id": 12183522, "name": "Stadtteilbibliothek Reinickendorf West", "amenity": "library", "operator_type": null, "operator": null, "street": "Auguste-Viktoria-Allee", "housenumber": "29-31", "postcode": "13403", "city": "Berlin", "country": "DE", "latitude": 52.57141185, "longitude": 13.31555402905175, "opening_hours": "Tu,Th 13:00-18:00", "wheelchair_accessible": null, "toilets_wheelchair": null, "level": null, "internet_access": null, "isil_code": "none", "final_email": null, "final_phone": null, "website_url": null }, "geometry": { "type": "Point", "coordinates": [ 13.31555402905175, 52.57141185 ] } },
{ "type": "Feature", "properties": { "library_id": 16112544, "name": "Amerika-Gedenkbibliothek", "amenity": "library", "operator_type": "public", "operator": "Stiftung Zentral- und Landesbibliothek Berlin", "street": "Blücherplatz", "housenumber": "1", "postcode": "10961", "city": "Berlin", "country": "DE", "latitude": 52.4965672, "longitude": 13.392493570711453, "opening_hours": "Mo-Fr 10:00-21:00; Sa 10:00-19:00; Su 11:00-17:00; PH off", "wheelchair_accessible": "yes", "toilets_wheelchair": "yes", "level": null, "internet_access": "wlan", "isil_code": "DE-109", "final_email": "info@zlb.de", "final_phone": "+49 30 90226 401", "website_url": "http://zlb.de/" }, "geometry": { "type": "Point", "coordinates": [ 13.392493570711453, 52.4965672 ] } },
{ "type": "Feature", "properties": { "library_id": 22495442, "name": "Humboldt-Bibliothek", "amenity": "library", "operator_type": null, "operator": null, "street": "Karolinenstraße", "housenumber": "19", "postcode": "13507", "city": "Berlin", "country": "DE", "latitude": 52.59193665, "longitude": 13.280603050478621, "opening_hours": "Mo-Fr 11:00-19:00; Sa 11:00-16:00", "wheelchair_accessible": "yes", "toilets_wheelchair": null, "level": null, "internet_access": "wlan", "isil_code": "DE-B714", "final_email": null, "final_phone": null, "website_url": null }, "geometry": { "type": "Point", "coordinates": [ 13.280603050478621, 52.59193665 ] } },
{ "type": "Feature", "properties": { "library_id": 23462698, "name": "Theodor-Heuss-Bibliothek", "amenity": "library", "operator_type": null, "operator": null, "street": "Hauptstraße", "housenumber": "40", "postcode": "10827", "city": "Berlin", "country": "DE", "latitude": 52.4840617, "longitude": 13.350466873584901, "opening_hours": "Mo-Sa 10:00-19:00", "wheelchair_accessible": "yes", "toilets_wheelchair": "yes", "level": null, "internet_access": "wlan", "isil_code": "DE-B704", "final_email": null, "final_phone": "+49 30 902774574", "website_url": "https://www.berlin.de/stadtbibliothek-tempelhof-schoeneberg/bibliotheken/mittelpunktbibliothek-schoeneberg/" }, "geometry": { "type": "Point", "coordinates": [ 13.350466873584901, 52.4840617 ] } },
{ "type": "Feature", "properties": { "library_id": 24027160, "name": "Dietrich-Bonhoeffer-Bibliothek", "amenity": "library", "operator_type": "public", "operator": null, "street": "Brandenburgische Straße", "housenumber": "2", "postcode": "10713", "city": "Berlin", "country": "DE", "latitude": 52.4872109, "longitude": 13.320039857532796, "opening_hours": "Mo-Fr 12:00-19:00; Sa 11:00-16:00", "wheelchair_accessible": "yes", "toilets_wheelchair": null, "level": null, "internet_access": "wlan", "isil_code": null, "final_email": null, "final_phone": "+49 30 902915900;+49 30 902915900907", "website_url": "https://www.berlin.de/ba-charlottenburg-wilmersdorf/verwaltung/aemter/weiterbildung-und-kultur/bibliotheken/dietrichbonhoefferbibliothek-201474.php" }, "geometry": { "type": "Point", "coordinates": [ 13.320039857532796, 52.4872109 ] } },
{ "type": "Feature", "properties": { "library_id": 24035294, "name": "Bezirkszentralbibliothek Friedrichshain-Kreuzberg Pablo Neruda", "amenity": "library", "operator_type": null, "operator": null, "street": "Frankfurter Allee", "housenumber": "14a", "postcode": "10247", "city": "Berlin", "country": "DE", "latitude": 52.51455095, "longitude": 13.457053124546373, "opening_hours": "Mo-Sa 10:00-19:00, Fr 17:00-19:00 \"servicefrei\", Sa 15:00-19:00 \"servicefrei\"; Su,PH off", "wheelchair_accessible": "yes", "toilets_wheelchair": "yes", "level": null, "internet_access": "wlan", "isil_code": "DE-B458", "final_email": "info-stadtbibliothek@ba-fk.berlin.de", "final_phone": "+4930902985750", "website_url": "https://www.berlin.de/stadtbibliothek-friedrichshain-kreuzberg/bibliotheken/bezirkszentralbibliothek-pablo-neruda/" }, "geometry": { "type": "Point", "coordinates": [ 13.457053124546373, 52.51455095 ] } },
{ "type": "Feature", "properties": { "library_id": 24725699, "name": "Stadtteilbibliothek Reinickendorf Ost", "amenity": "library", "operator_type": null, "operator": null, "street": "Stargardtstraße", "housenumber": "11;13", "postcode": "13407", "city": "Berlin", "country": "DE", "latitude": 52.5658318, "longitude": 13.359642181929956, "opening_hours": "Mo,Fr 13:00-18:00; Tu-Th,Sa,Su off", "wheelchair_accessible": "yes", "toilets_wheelchair": "yes", "level": null, "internet_access": "wlan", "isil_code": null, "final_email": null, "final_phone": "+49 30 451988980", "website_url": "https://www.berlin.de/stadtbibliothek-reinickendorf/bibliotheken/bibliothek-am-schaefersee/artikel.336756.php" }, "geometry": { "type": "Point", "coordinates": [ 13.359642181929956, 52.5658318 ] } },
{ "type": "Feature", "properties": { "library_id": 25041070, "name": "Stadtbibliothek \"Heinrich von Kleist\"", "amenity": "library", "operator_type": null, "operator": null, "street": "Havemannstraße", "housenumber": "17B", "postcode": "12689", "city": "Berlin", "country": "DE", "latitude": 52.5682736, "longitude": 13.573969631613675, "opening_hours": "Mo,Tu 13:00-18:00; We,Fr 09:00-14:00; Th 13:00-19:00", "wheelchair_accessible": null, "toilets_wheelchair": null, "level": null, "internet_access": null, "isil_code": null, "final_email": "bibl.service@ba-mh.berlin.de", "final_phone": "+49 30 9339380", "website_url": "https://www.berlin.de/bibliotheken-mh/bibliotheken/stadtteilbibliothek-heinrich-von-kleist/" }, "geometry": { "type": "Point", "coordinates": [ 13.573969631613675, 52.5682736 ] } },
{ "type": "Feature", "properties": { "library_id": 28492570, "name": "Universitätsbibliothek TU Berlin (Zentralbibliothek)", "amenity": "library", "operator_type": null, "operator": "Technische Universität Berlin;Universität der Künste Berlin", "street": "Fasanenstraße", "housenumber": "86,87,88", "postcode": "10623", "city": "Berlin", "country": "DE", "latitude": 52.5103408, "longitude": 13.330640855655066, "opening_hours": "24/7", "wheelchair_accessible": "yes", "toilets_wheelchair": "yes", "level": null, "internet_access": "wlan", "isil_code": "DE-B170", "final_email": null, "final_phone": "+49 30 314 - 76101", "website_url": "http://www.ub.tu-berlin.de/" }, "geometry": { "type": "Point", "coordinates": [ 13.330640855655066, 52.5103408 ] } },
{ "type": "Feature", "properties": { "library_id": 30087814, "name": "Stadtteilbibliothek Marienfelde", "amenity": "library", "operator_type": null, "operator": null, "street": "Marienfelder Allee", "housenumber": "107", "postcode": "12277", "city": "Berlin", "country": "DE", "latitude": 52.41681205, "longitude": 13.366715969132267, "opening_hours": "Mo,Fr 10:00-15:00; Tu,Th 12:00-18:00", "wheelchair_accessible": null, "toilets_wheelchair": null, "level": null, "internet_access": null, "isil_code": null, "final_email": null, "final_phone": "+49 30 902774144", "website_url": null }, "geometry": { "type": "Point", "coordinates": [ 13.366715969132267, 52.41681205 ] } },
{ "type": "Feature", "properties": { "library_id": 31046932, "name": "FU Institut für Soziologie", "amenity": "library", "operator_type": "university", "operator": "Universitätsbibliothek der Freien Universität Berlin", "street": "Van't-Hoff-Straße", "housenumber": null, "postcode": "14195", "city": "Berlin", "country": "Germany", "latitude": 52.44917425, "longitude": 13.276206540249603, "opening_hours": null, "wheelchair_accessible": "yes", "toilets_wheelchair": null, "level": null, "internet_access": null, "isil_code": null, "final_email": null, "final_phone": null, "website_url": null }, "geometry": { "type": "Point", "coordinates": [ 13.276206540249603, 52.44917425 ] } },
{ "type": "Feature", "properties": { "library_id": 37588849, "name": "Haus B Bibliothek Campus Treskowallee", "amenity": "library", "operator_type": null, "operator": null, "street": "Treskowallee", "housenumber": "8", "postcode": "10318", "city": "Berlin", "country": "DE", "latitude": 52.4927023, "longitude": 13.526175641392742, "opening_hours": null, "wheelchair_accessible": "limited", "toilets_wheelchair": "no", "level": null, "internet_access": null, "isil_code": null, "final_email": null, "final_phone": "+49 30 50190", "website_url": "http://www.htw-berlin.de" }, "geometry": { "type": "Point", "coordinates": [ 13.526175641392742, 52.4927023 ] } },
{ "type": "Feature", "properties": { "library_id": 37739166, "name": "Mittelpunktbibliothek Adalbertstraße", "amenity": "library", "operator_type": null, "operator": null, "street": "Adalbertstraße", "housenumber": "2", "postcode": "10999", "city": "Berlin", "country": "DE", "latitude": 52.49983135, "longitude": 13.418501322119617, "opening_hours": "Mo-Th 11:00-19:00; Fr 11:00-17:00; Sa 11:00-16:00", "wheelchair_accessible": "yes", "toilets_wheelchair": "yes", "level": null, "internet_access": "yes", "isil_code": null, "final_email": null, "final_phone": null, "website_url": "https://www.berlin.de/stadtbibliothek-friedrichshain-kreuzberg/bibliotheken/mittelpunktbibliothek-wilhelm-liebknecht-namik-kemal/" }, "geometry": { "type": "Point", "coordinates": [ 13.418501322119617, 52.49983135 ] } },
{ "type": "Feature", "properties": { "library_id": 37975301, "name": "Stadtteilbibliothek Lankwitz", "amenity": "library", "operator_type": null, "operator": null, "street": "Bruchwitzstraße", "housenumber": "37", "postcode": "12247", "city": "Berlin", "country": "DE", "latitude": 52.4360739, "longitude": 13.350606986315205, "opening_hours": "Mo,Tu,Th,Fr 11:00-19:00; We 11:00-16:00", "wheelchair_accessible": "no", "toilets_wheelchair": "no", "level": null, "internet_access": null, "isil_code": null, "final_email": null, "final_phone": null, "website_url": "https://www.berlin.de/stadtbibliothek-steglitz-zehlendorf/bibliotheken/stadtteilbibliothek-lankwitz" }, "geometry": { "type": "Point", "coordinates": [ 13.350606986315205, 52.4360739 ] } },
{ "type": "Feature", "properties": { "library_id": 38358625, "name": "Archiv der Max-Planck-Gesellschaft", "amenity": "library", "operator_type": null, "operator": null, "street": "Boltzmannstraße", "housenumber": "14", "postcode": "14195", "city": "Berlin", "country": "DE", "latitude": 52.4468027, "longitude": 13.277900812704507, "opening_hours": null, "wheelchair_accessible": null, "toilets_wheelchair": null, "level": null, "internet_access": null, "isil_code": "DE-B1518", "final_email": null, "final_phone": null, "website_url": null }, "geometry": { "type": "Point", "coordinates": [ 13.277900812704507, 52.4468027 ] } },
{ "type": "Feature", "properties": { "library_id": 43041469, "name": "Zweigbibliothek Campus Nord", "amenity": "library", "operator_type": "university", "operator": "Universitätsbibliothek der Humboldt-Universität zu Berlin", "street": "Hessische Straße", "housenumber": "1-2", "postcode": "10115", "city": "Berlin", "country": "DE", "latitude": 52.52870745, "longitude": 13.381463370873352, "opening_hours": "Mo-Fr 09:00-20:00; Sa 11:00-19:00", "wheelchair_accessible": "yes", "toilets_wheelchair": null, "level": null, "internet_access": "wlan", "isil_code": "DE-11-97", "final_email": "cano@ub.hu-berlin.de", "final_phone": "+49-30-20933232", "website_url": "https://www.ub.hu-berlin.de/standorte/campus-nord" }, "geometry": { "type": "Point", "coordinates": [ 13.381463370873352, 52.52870745 ] } },
{ "type": "Feature", "properties": { "library_id": 43174774, "name": "Jacob-und-Wilhelm-Grimm-Zentrum", "amenity": "library", "operator_type": "university", "operator": "Universitätsbibliothek der Humboldt-Universität zu Berlin", "street": "Geschwister-Scholl-Straße", "housenumber": "1/3", "postcode": "10117", "city": "Berlin", "country": "DE", "latitude": 52.5205352, "longitude": 13.391031657062335, "opening_hours": "Mo-Fr 09:00-24:00, Sa,Su 10:00-22:00", "wheelchair_accessible": "yes", "toilets_wheelchair": "yes", "level": null, "internet_access": "wlan", "isil_code": "DE-11", "final_email": "ub.kontakt@ub.hu-berlin.de", "final_phone": null, "website_url": "https://www.grimm-zentrum.hu-berlin.de/" }, "geometry": { "type": "Point", "coordinates": [ 13.391031657062335, 52.5205352 ] } },
{ "type": "Feature", "properties": { "library_id": 46767153, "name": "Bibliothek", "amenity": "library", "operator_type": null, "operator": null, "street": "Schwarzer Weg", "housenumber": null, "postcode": "13505", "city": "Berlin", "country": "Germany", "latitude": 52.57188705, "longitude": 13.245161970865405, "opening_hours": null, "wheelchair_accessible": null, "toilets_wheelchair": null, "level": null, "internet_access": null, "isil_code": null, "final_email": null, "final_phone": null, "website_url": null }, "geometry": { "type": "Point", "coordinates": [ 13.245161970865405, 52.57188705 ] } },
{ "type": "Feature", "properties": { "library_id": 48233792, "name": "Mittelpunktbibliothek \"Ehm Welk\"", "amenity": "library", "operator_type": null, "operator": null, "street": "Alte Hellersdorfer Straße", "housenumber": "125", "postcode": "12629", "city": "Berlin", "country": "DE", "latitude": 52.5462021, "longitude": 13.591510765867483, "opening_hours": "Mo,Tu,Th 13:00-19:00; We,Fr 11:00-15:00", "wheelchair_accessible": null, "toilets_wheelchair": null, "level": null, "internet_access": null, "isil_code": null, "final_email": null, "final_phone": "+49 30 9989526", "website_url": "http://www.stb-mh.de/Bibliothek-Ehm-Welk.html" }, "geometry": { "type": "Point", "coordinates": [ 13.591510765867483, 52.5462021 ] } },
{ "type": "Feature", "properties": { "library_id": 48957837, "name": "Stadtbibliothek Neukölln - Margarete-Kubicka-Bibliothek", "amenity": "library", "operator_type": null, "operator": null, "street": "Gutschmidtstraße", "housenumber": "33", "postcode": "12359", "city": "Berlin", "country": "DE", "latitude": 52.43668695, "longitude": 13.4460219, "opening_hours": "Mo-Tu,Fr 13:00-19:00; We off; Th 08:30-16:00", "wheelchair_accessible": "limited", "toilets_wheelchair": null, "level": null, "internet_access": null, "isil_code": null, "final_email": "britz-sued@stadtbibliothek-neukoelln.de", "final_phone": "+49 30 902391223", "website_url": "https://www.berlin.de/stadtbibliothek-neukoelln/bibliotheken/margarete-kubicka-bibliothek/" }, "geometry": { "type": "Point", "coordinates": [ 13.4460219, 52.43668695 ] } },
{ "type": "Feature", "properties": { "library_id": 48992634, "name": "Bezirkszentralbibliothek Eva-Maria-Buch-Haus", "amenity": "library", "operator_type": null, "operator": "Stadt Berlin", "street": "Götzstraße", "housenumber": "8-12", "postcode": "12099", "city": "Berlin", "country": "DE", "latitude": 52.4637788, "longitude": 13.387784052762118, "opening_hours": "Mo-Sa 10:00-19:00; Su 10:00-17:00", "wheelchair_accessible": "yes", "toilets_wheelchair": null, "level": null, "internet_access": "wlan", "isil_code": "DE-B713", "final_email": null, "final_phone": null, "website_url": "https://www.berlin.de/stadtbibliothek-tempelhof-schoeneberg/bibliotheken/bezirkszentralbibliothek/" }, "geometry": { "type": "Point", "coordinates": [ 13.387784052762118, 52.4637788 ] } },
{ "type": "Feature", "properties": { "library_id": 61907910, "name": "Manfred-Bofinger-Bibliothek im Gerard Philipe", "amenity": "library", "operator_type": null, "operator": null, "street": "Karl-Kunger-Straße", "housenumber": "30", "postcode": "12435", "city": "Berlin", "country": "Germany", "latitude": 52.4887727, "longitude": 13.450762815575436, "opening_hours": "Mo,Th 13:00-19:00; Tu,Fr 11:00-17:00; We,Sa-Su off", "wheelchair_accessible": "yes", "toilets_wheelchair": null, "level": null, "internet_access": null, "isil_code": null, "final_email": null, "final_phone": "+49 30 53218166", "website_url": "https://www.berlin.de/stadtbibliothek-treptow-koepenick/bibliotheken/alt-treptow/" }, "geometry": { "type": "Point", "coordinates": [ 13.450762815575436, 52.4887727 ] } },
{ "type": "Feature", "properties": { "library_id": 77676093, "name": "Berliner Blindenhörbücherei", "amenity": "library", "operator_type": null, "operator": "Berliner Blindenhörbücherei gemeinnützige GmbH", "street": "Auerbachstraße", "housenumber": "5", "postcode": "14193", "city": "Berlin", "country": "DE", "latitude": 52.48703185, "longitude": 13.262305422210884, "opening_hours": "Mo-Th 09:30-12:30,13:00-15:00; Fr 09:30-12:30", "wheelchair_accessible": null, "toilets_wheelchair": null, "level": null, "internet_access": null, "isil_code": null, "final_email": "info@berliner-hoerbuecherei.de", "final_phone": "+49 30 826 31 11", "website_url": "https://bhb.absv.de/" }, "geometry": { "type": "Point", "coordinates": [ 13.262305422210884, 52.48703185 ] } },
{ "type": "Feature", "properties": { "library_id": 79995213, "name": "Haus 6 (Bibliothek)", "amenity": "library", "operator_type": "university", "operator": "Freie Universität Berlin", "street": "Oertzenweg", "housenumber": "19 B", "postcode": "14163", "city": "Berlin", "country": "DE", "latitude": 52.42897635, "longitude": 13.237617044537657, "opening_hours": "Mo-Fr 08:00-18:00", "wheelchair_accessible": "yes", "toilets_wheelchair": "yes", "level": null, "internet_access": null, "isil_code": "DE-188-846", "final_email": "service.library@vetmed.fu-berlin.de", "final_phone": "+49 30 838 62636", "website_url": "https://www.vetmed.fu-berlin.de/bibliothek" }, "geometry": { "type": "Point", "coordinates": [ 13.237617044537657, 52.42897635 ] } },
{ "type": "Feature", "properties": { "library_id": 102523700, "name": "Bibliothek am Luisenbad", "amenity": "library", "operator_type": null, "operator": null, "street": "Badstraße", "housenumber": "39", "postcode": "13357", "city": "Berlin", "country": "DE", "latitude": 52.55361395, "longitude": 13.379496211298076, "opening_hours": "Mo-Fr 10:00-19:30; Sa 10:00-14:00", "wheelchair_accessible": "yes", "toilets_wheelchair": null, "level": null, "internet_access": "wlan", "isil_code": "DE-B788", "final_email": "luisenbad@stb-mitte.de", "final_phone": "+49-30-901845610;+49-30-901845610", "website_url": "https://www.berlin.de/stadtbibliothek-mitte/bibliotheken/bibliothek-am-luisenbad/" }, "geometry": { "type": "Point", "coordinates": [ 13.379496211298076, 52.55361395 ] } },
{ "type": "Feature", "properties": { "library_id": 122700497, "name": "Stadtteilbibliothek Haselhorst", "amenity": "library", "operator_type": null, "operator": null, "street": "Gartenfelder Straße", "housenumber": "104", "postcode": "13599", "city": "Berlin", "country": "Germany", "latitude": 52.54292995, "longitude": 13.239058225821307, "opening_hours": "Mo,Th 13:00-19:00; Tu,We,Fr 13:00-17:00", "wheelchair_accessible": null, "toilets_wheelchair": null, "level": null, "internet_access": null, "isil_code": null, "final_email": null, "final_phone": null, "website_url": null }, "geometry": { "type": "Point", "coordinates": [ 13.239058225821307, 52.54292995 ] } },
{ "type": "Feature", "properties": { "library_id": 139631213, "name": "Mittelpunktbibliothek", "amenity": "library", "operator_type": null, "operator": null, "street": "Alter Markt", "housenumber": "2", "postcode": "12555", "city": "Berlin", "country": "DE", "latitude": 52.4458824, "longitude": 13.57903996294927, "opening_hours": "Mo,Tu,Th,Fr 10:00-19:00; We 13:00-19:00; Sa 10:00-19:00; PH off", "wheelchair_accessible": "yes", "toilets_wheelchair": "yes", "level": null, "internet_access": null, "isil_code": null, "final_email": "mpb.k@sb-tk.de", "final_phone": "+49 30 902973415", "website_url": "https://www.berlin.de/stadtbibliothek-treptow-koepenick/bibliotheken/mittelpunktbibliothek-koepenick/" }, "geometry": { "type": "Point", "coordinates": [ 13.57903996294927, 52.4458824 ] } },
{ "type": "Feature", "properties": { "library_id": 183011718, "name": "Bibliothek für Sozialwissenschaften und Osteuropastudien, Leihstelle", "amenity": "library", "operator_type": "university", "operator": "Freie Universität Berlin", "street": "Garystraße", "housenumber": "55", "postcode": "14195", "city": "Berlin", "country": "DE", "latitude": 52.44940255, "longitude": 13.276106139886483, "opening_hours": null, "wheelchair_accessible": "yes", "toilets_wheelchair": null, "level": null, "internet_access": null, "isil_code": null, "final_email": null, "final_phone": null, "website_url": null }, "geometry": { "type": "Point", "coordinates": [ 13.276106139886483, 52.44940255 ] } },
{ "type": "Feature", "properties": { "library_id": 362827350, "name": "Schiller-Bibliothek", "amenity": "library", "operator_type": null, "operator": "http://voebb.de", "street": "Müllerstraße", "housenumber": "149", "postcode": "13353", "city": "Berlin", "country": "DE", "latitude": 52.54644955, "longitude": 13.357275985841914, "opening_hours": "Mo-Fr 10:00-19:30; Sa 10:00-14:00; Su 12:00-18:00", "wheelchair_accessible": "yes", "toilets_wheelchair": "yes", "level": null, "internet_access": "wlan", "isil_code": "DE-B718", "final_email": null, "final_phone": "+49 30 9018-456 83", "website_url": "http://www.berlin.de/stadtbibliothek-mitte/bibliotheken/schiller-bibliothek-mit-hugojugendmedienetage/" }, "geometry": { "type": "Point", "coordinates": [ 13.357275985841914, 52.54644955 ] } },
{ "type": "Feature", "properties": { "library_id": 381241376, "name": "Thomas-Dehler-Bibliothek", "amenity": "library", "operator_type": "private_non_profit", "operator": "Freundeskreis der Thomas-Dehler-Bibliothek e.V.", "street": "Martin-Luther-Straße", "housenumber": "77", "postcode": "10825", "city": "Berlin", "country": "DE", "latitude": 52.4881962, "longitude": 13.34572200937501, "opening_hours": "Tu-Fr 15:00-19:00; Sa 12:00-14:00", "wheelchair_accessible": "limited", "toilets_wheelchair": null, "level": null, "internet_access": null, "isil_code": null, "final_email": null, "final_phone": "+49 30 902776496", "website_url": "https://www.berlin.de/stadtbibliothek-tempelhof-schoeneberg/bibliotheken/thomas-dehler-bibliothek/" }, "geometry": { "type": "Point", "coordinates": [ 13.34572200937501, 52.4881962 ] } },
{ "type": "Feature", "properties": { "library_id": 396710862, "name": "Gottfried-Benn-Bibliothek", "amenity": "library", "operator_type": "government", "operator": "Bezirksamt Steglitz-Zehlendorf", "street": "Nentershäuser Platz", "housenumber": "1", "postcode": "14163", "city": "Berlin", "country": "DE", "latitude": 52.4320779, "longitude": 13.255438027436117, "opening_hours": null, "wheelchair_accessible": "limited", "toilets_wheelchair": "no", "level": null, "internet_access": null, "isil_code": "DE-B712", "final_email": null, "final_phone": "+49 30 902 995458", "website_url": "https://www.berlin.de/stadtbibliothek-steglitz-zehlendorf/bibliotheken/gottfried-benn-bibliothek/" }, "geometry": { "type": "Point", "coordinates": [ 13.255438027436117, 52.4320779 ] } },
{ "type": "Feature", "properties": { "library_id": 412968438, "name": "Campusbibliothek", "amenity": "library", "operator_type": "university", "operator": "Berliner Hochschule für Technik", "street": "Luxemburger Straße", "housenumber": null, "postcode": "13353", "city": "Berlin", "country": "DE", "latitude": 52.54508165, "longitude": 13.354815919665612, "opening_hours": "Mo,We,Fr 10:00-16:00; Tu,Th 10:00-18:00; PH off", "wheelchair_accessible": "yes", "toilets_wheelchair": null, "level": "0", "internet_access": "wlan", "isil_code": "DE-B768", "final_email": "leihfr@bht-berlin.de", "final_phone": "+49 30 4504 2507", "website_url": "https://www.bht-berlin.de/bibliothek" }, "geometry": { "type": "Point", "coordinates": [ 13.354815919665612, 52.54508165 ] } },
{ "type": "Feature", "properties": { "library_id": 569067822, "name": "Humboldt-Universität zu Berlin Universitätsbibliothek Zweigbibliothek Theologie", "amenity": "library", "operator_type": "university", "operator": "Universitätsbibliothek der Humboldt-Universität zu Berlin", "street": "Anna-Louisa-Karsch-Straße", "housenumber": "1", "postcode": "10178", "city": "Berlin", "country": "DE", "latitude": 52.52112405, "longitude": 13.401368440921585, "opening_hours": "Mo-Fr 09:00-20:00 || Mo-Fr 09:00-18:00 \"in der vorlesungsfreien Zeit\"", "wheelchair_accessible": "yes", "toilets_wheelchair": null, "level": "-1;0;1;2;3", "internet_access": "wlan", "isil_code": "DE-11-133", "final_email": "theol@ub.hu-berlin.de", "final_phone": "+49 30 2093-91800", "website_url": "https://www.ub.hu-berlin.de/de/standorte/zwbtheologie" }, "geometry": { "type": "Point", "coordinates": [ 13.401368440921585, 52.52112405 ] } },
{ "type": "Feature", "properties": { "library_id": 739645082, "name": "Bibliothek für Bildungsgeschichtliche Forschung", "amenity": "library", "operator_type": "public", "operator": "Deutsches Institut für Internationale Pädagogische Forschung (DIPF)", "street": "Warschauer Straße", "housenumber": "34-38", "postcode": "10243", "city": "Berlin", "country": "DE", "latitude": 52.505137, "longitude": 13.448207797667408, "opening_hours": "Mo-Fr 10:00-18:00", "wheelchair_accessible": "yes", "toilets_wheelchair": null, "level": "1", "internet_access": "wlan", "isil_code": null, "final_email": "info@dipf.de", "final_phone": "+49 3029336012", "website_url": "https://bbf.dipf.de" }, "geometry": { "type": "Point", "coordinates": [ 13.448207797667408, 52.505137 ] } },
{ "type": "Feature", "properties": { "library_id": 854062274, "name": "Schulbibliothek Bücherwagen", "amenity": "library", "operator_type": null, "operator": "Anna-Essinger-Gemeinischaftsschule", "street": "Tietzenweg", "housenumber": null, "postcode": "12203", "city": "Berlin", "country": "Germany", "latitude": 52.4382833, "longitude": 13.311020658623693, "opening_hours": null, "wheelchair_accessible": null, "toilets_wheelchair": null, "level": null, "internet_access": null, "isil_code": null, "final_email": null, "final_phone": null, "website_url": null }, "geometry": { "type": "Point", "coordinates": [ 13.311020658623693, 52.4382833 ] } },
{ "type": "Feature", "properties": { "library_id": 905949659, "name": "Mittelpunktbibliothek Treptow", "amenity": "library", "operator_type": "public", "operator": "Verbund der Öffentlichen Bibliotheken Berlins", "street": "Michael-Brückner-Straße", "housenumber": "9", "postcode": "12439", "city": "Berlin", "country": "DE", "latitude": 52.45399285000001, "longitude": 13.514275175417151, "opening_hours": "Mo-Tu 10:00-20:00; We 13:00-20:00; Th-Fr 10:00-20:00; Sa 10:00-14:00", "wheelchair_accessible": "yes", "toilets_wheelchair": null, "level": null, "internet_access": null, "isil_code": "DE-B459", "final_email": "mpb.t@sb-tk.de", "final_phone": "+49 30 90297 6800", "website_url": "https://www.berlin.de/stadtbibliothek-treptow-koepenick/bibliotheken/mittelpunktbibliothek-treptow/" }, "geometry": { "type": "Point", "coordinates": [ 13.514275175417151, 52.45399285 ] } }
]
}
