public_artwork_id,artwork_name,artwork_type,artist_name,street,neighbourhood_id,district_id,postal_code,material,start_date,image,wikidata,wikimedia_commons,latitude,longitude
28341970,seepferdchen,sculpture,,spreetunnel,0910,11009009,12559,metal,,,,,52.44417,13.6250884
243487615,richard wagner,statue,,tiergartenstraße,0104,11001001,10785,,,https://photos.app.goo.gl/9vgmjzd9uthahjab8,Q2148898,,52.5100656,13.3618687
255049659,flensburger löwe,statue,kopie nach hermann wilhelm bissen,tiefhornweg,0607,11006006,14109,,1938,,Q105045191,category:flensburg lion (copy in berlin),52.433884,13.1649872
258485628,begegnung,sculpture,jo doese,anton-saefkow-platz,1111,11011011,10369,stone,,https://fennpfuhl.digital/img/statue/begegnung.jpg.webp,Q110311378,category:begegnung (joachim doese),52.5287349,13.4731555
262455591,reiterstandbild friedrich ii. von preußen,statue,christian daniel rauch,unter den linden,0101,11001001,10117,,,"https://commons.wikimedia.org/wiki/file:berlin,_mitte,_unter_den_linden,_reiterstandbild_friedrich_ii..jpg",Q881611,category:reiterstandbild friedrichs des großen (berlin-mitte),52.5172596,13.3927444
276952883,friedrich wilhelm iii. von preußen,statue,friedrich drake,ahornsteig,0104,11001001,10785,concrete,1982,http://commons.wikimedia.org/wiki/file:denkmal_friedrich_wilhelmiii.jpg,Q113341316,category:friedrich wilhelm iii by friedrich drake,52.5115682,13.3644883
278707399,büffeljagd,sculpture,fritz schaper,fasanerieallee,0104,11001001,10787,bronze,,http://commons.wikimedia.org/wiki/file:wiesenjagd.jpg,Q25063929,category:altgermanische wisentjagd by fritz schaper,52.5133248,13.3485026
278707727,eberjagd,sculpture,karl begas,fasanerieallee,0104,11001001,10787,bronze,,https://photos.app.goo.gl/vsgmcntm6l29cnyi6,Q24976714,category:eberjagd um 1500 by carl begas,52.5132673,13.3486216
278707884,fuchsjagd,sculpture,wilhelm haverkamp,fasanerieallee,0104,11001001,10787,bronze,,http://commons.wikimedia.org/wiki/file:fuchsjagd_-_wilhelm_haverkamp_-_mutter_erde_fec.jpg,Q24976710,category:churfürstliche fuchsjagd by wilhelm haverkamp,52.5115612,13.3463116
278707964,hasenhetze,sculpture,max baumbach,fasanerieallee,0104,11001001,10787,bronze,,http://commons.wikimedia.org/wiki/file:hasenhetze.jpg,Q24976711,category:hasenhatz der rokokozeit by max baumbach,52.5115004,13.3464481
278731128,wilhelm von preußen,statue,adolf brütt,tiergartenstraße,0104,11001001,10785,marble,1904,https://commons.wikimedia.org/wiki/file:prinz_v_preussen_tiergarten.jpg,Q113382896,,52.5104419,13.3653213
278739110,löwengruppe,statue,friedrich wilhelm wolff,ahornsteig,0104,11001001,10785,bronze,,http://commons.wikimedia.org/wiki/file:wilhelm_wolff_loewengruppe_berlin.jpg,Q115949613,,52.5149329,13.3756446
279158435,gerhard von scharnhorst,statue,christian daniel rauch,bebelplatz,0101,11001001,10117,,,,Q61769308,category:memorial gerhard von scharnhorst (berlin),52.5171421,13.3953664
279158438,friedrich wilhelm bülow,statue,christian daniel rauch,unter den linden,0101,11001001,10117,,,,Q64760457,category:memorial of friedrich wilhelm von bülow (berlin),52.5171501,13.3954905
279158441,august von gneisenau,statue,christian daniel rauch,bebelplatz,0101,11001001,10117,,,,Q61769303,category:memorial august neidhardt von gneisenau (berlin),52.5165746,13.3955788
279158443,gebhard von blücher,statue,christian daniel rauch,bebelplatz,0101,11001001,10117,,,,Q51846342,category:blücher-denkmal (berlin),52.5165721,13.3957416
279158444,ludwig yorck,statue,christian daniel rauch,oberwallstraße,0101,11001001,10117,,,,Q61769306,category:memorial johann david ludwig yorck von wartenburg (berlin),52.5165948,13.3959003
282832869,konfuzius,,,blumberger damm,1001,11010010,12685,,,,Q108723219,file:statue eisenacher str 99 (marza) konfuzius&han xiujuan&2001.jpg,52.5368705,13.5770788
300535811,schneewittchen und menzel-zwerg,sculpture,,am friedrichshain,0201,11002002,10407,,,,,,52.5280237,13.4268854
300535816,dornröschen,sculpture,,am friedrichshain,0201,11002002,10407,,,,,,52.5278474,13.4268436
306686686,,sculpture,,luckenwalder straße,1005,11010010,12629,,,,,file:bauplastik luckenwalder straße 68 berlin-hellersdorf 01.jpg,52.5437405,13.5848469
308627797,für bettina und achim von arnim,sculpture,michael klein,paul-robeson-straße,0301,11003003,10439,bronze,,,Q107545355,file:skulptur arnimplatz (prenz) bettina achim von arnim&michael klein&1997.jpg,52.5519224,13.4094844
310193623,dieselmotor,sculpture,,luxemburger straße,0105,11001001,13353,,,,,,52.5434623,13.3525944
313826576,berlin,sculpture,brigitte und martin matschinsky-denninghoff,tauentzienstraße,0401,11004004,10789,,1987,,Q4783389,,52.503379,13.3386522
317399607,amazone zu pferde,statue,louis tuaillon,tunnel tiergarten spreebogen,0104,11001001,10785,bronze,1906,file:tuaillon1.jpg,Q123390108,category:amazone zu pferde (louis tuaillon),52.5146836,13.3691757
341129953,sonnenuhr,,joachim liebscher,prenzlauer allee,0301,11003003,10405,granite,1986,https://commons.wikimedia.org/wiki/file:sonnenuhrprenzlaueralleeberlin_-_5.jpeg,Q96375506,category:sonnenuhr (berlin-prenzlauer berg),52.5436919,13.427289
355920610,der seltene fang,sculpture,ernst herter,kreuzbergstraße,0202,11002002,10965,bronze,,,Q115959506,category:der seltene fang im viktoriapark (berlin),52.4896516,13.3819699
355938216,wir haben gesichter,sculpture,,kreuzbergstraße,0202,11002002,10965,,,,Q20644508,category:wir haben gesichter,52.4894295,13.382422
364510120,pionierleiter mit jungen pionieren,sculpture,felix krause,ostendgestell,0909,11009009,12459,stone,1951,,,,52.4597546,13.5433785
371212810,schreitendes mädchen,sculpture,fritz röll,heerstraße,0509,11005005,13595,bronze,1932,,Q110124732,,52.5131821,13.1934453
376689138,granitschale im lustgarten,,christian gottlieb cantian,am lustgarten,0101,11001001,10178,,1827..1834,https://photos.app.goo.gl/pschvgste3tcdwka8,Q1543108,category:granite bowl (lustgarten berlin),52.5190984,13.3991493
437150946,large divided oval: butterfly,sculpture,henry moore,john-foster-dulles-allee,0104,11001001,10557,bronze,1985,https://photos.app.goo.gl/vccddkgfodsur24l7,Q19759066,category:large divided oval: butterfly - henry moore (lh 571b),52.5179289,13.364366
437319063,wilhelm von humboldt,,,unter den linden,0101,11001001,10117,,,http://commons.wikimedia.org/wiki/file:statue_unter_den_linden_6_%28mitte%29_wilhelm_von_humboldt.jpg,Q24976694,"category:statue of wilhelm von humboldt, berlin",52.5176016,13.3934583
437319127,alexander von humboldt,,,unter den linden,0101,11001001,10117,,,http://commons.wikimedia.org/wiki/file:humboldt_alexander.jpg,Q17351109,"category:statue of alexander von humboldt, berlin",52.5176423,13.3940809
437319587,walther tell,statue,,friedrichstraße,0101,11001001,10117,bronze,,,Q121841202,,52.5172656,13.3886648
440104695,aus der asche unserer toten,statue,hans kies,ostendgestell,0909,11009009,12459,bronze,1966,,Q112845540,category:aus der asche unserer toten keimt die neue saat (hans kies),52.4655419,13.5458011
459656857,knabe mit fisch,statue,,anton-saefkow-straße,0301,11003003,10407,,,,Q96464668,category:knabe mit fisch (volkspark anton saefkow),52.5388231,13.4367861
510056630,walrosse,statue,stephan horota,gleimstraße,0301,11003003,10437,,,,Q111008339,file:stefan horota walrosse.jpg,52.5461714,13.4044029
520288357,goldstatue / venus,statue,,hermann-hesse-straße,0311,11003003,13156,stone,,,Q115610737,"category:venus (hermann-hesse-straße 19, berlin-niederschönhausen)",52.5802136,13.4001013
520436149,"""inge""",statue,walter arnold,blankenburger straße,0311,11003003,13156,bronze,1950,,Q109773004,category:mädchen (1950 by walter arnold),52.5785282,13.4078914
536404808,hauptmann von köpenick,statue,spartak babajan,rosenstraße,0910,11009009,12555,bronze,1996,,Q110163243,category:statue of the captain of köpenick in front of the town hall köpenick,52.4457848,13.5747384
558903414,blauer obelisk,statue,hella santarossa,theodor-heuss-platz,0405,11004004,14052,,,"http://commons.wikimedia.org/wiki/file:brunnen_in_berlin-charlottenburg,_blauer_obelisk_1.jpg",Q113622654,,52.5093574,13.2721555
564683254,blutmauer,relief,,möllendorffstraße,1103,11011011,10367,,,,Q108627805,,52.5143052,13.4786734
616121956,gorilla bobby,statue,fritz behn,hardenbergplatz,0104,11001001,10787,microgabbro,1938,,Q117767267,category:gorilla bobby (fritz behn),52.5062459,13.3392782
660473318,,,,buschrosenplatz,0802,11008008,12347,,,,,,52.4552991,13.441041
663611903,wilder eber,sculpture,paul gruson,platz am wilden eber,0403,11004004,14199,bronze,,,Q116447616,,52.470507,13.2898187
664566378,nichtgeburtstagsbrunnen,sculpture,heinrich brummack,rahel-varnhagen-promenade,0202,11002002,10969,,,,Q114684307,file:berlin-kreuzberg theodor-wolff-platz nichtgeburtstagskanne.jpg,52.5015038,13.3899479
667211397,der sieger,sculpture,louis tuaillon,reichsstraße,0405,11004004,14052,,,http://commons.wikimedia.org/wiki/file:stuebenplaz_der_sieger.jpg,Q61767684,,52.5163909,13.2605451
671179733,himalayator,installation,,am tierpark,1101,11011011,10319,,2022,,,,52.5077008,13.5326966
671776286,der ringer,sculpture,hugo lederer,preußenallee,0405,11004004,14052,bronze,1908,https://commons.wikimedia.org/wiki/file:skulptur_preu%c3%9fenallee_1_(westend)_l%c3%a4ufer%26hugo_lederer%261929.jpg,Q61767717,category:ringer (hugo lederer),52.5088625,13.2592594
673749057,richtkrone,sculpture,,allee der kosmonauten,1001,11010010,12681,,,,Q107987281,category:richtkrone (alfred bernau),52.5254842,13.5441248
675331859,kniende engel,sculpture,joseph limburg,liesenstraße,0101,11001001,13355,,,http://commons.wikimedia.org/wiki/image:engel_limburg_liesenstrasse_berlin.jpg,,,52.5390217,13.378496
675331882,kniende engel,sculpture,joseph limburg,liesenstraße,0101,11001001,13355,,,http://commons.wikimedia.org/wiki/image:engel_limburg_liesenstrasse_berlin.jpg,,,52.5390727,13.3785772
686064057,rossebändiger,sculpture,peter clodt von jürgensburg,elßholzstraße,0701,11007007,10781,bronze,,,Q117352679,,52.4919354,13.3578249
686064059,rossebändiger,sculpture,peter clodt von jürgensburg,elßholzstraße,0701,11007007,10781,bronze,,,Q117352664,,52.4928921,13.3579195
695817659,rotkäppchen,sculpture,,am friedrichshain,0201,11002002,10407,,,,,,52.5280282,13.4267825
695817673,hänsel,sculpture,,am friedrichshain,0201,11002002,10407,,,,,,52.528001,13.426547
695817677,brüderchen und schwesterchen,sculpture,,am friedrichshain,0201,11002002,10407,,,,,,52.5278625,13.4267372
695817684,hans im glück,sculpture,,am friedrichshain,0201,11002002,10407,,,,,,52.5278929,13.4265403
695817688,gretel,sculpture,,am friedrichshain,0201,11002002,10407,,,,,,52.5279303,13.4265266
695817693,der gestiefelte kater,sculpture,,am friedrichshain,0201,11002002,10407,,,,,,52.5280371,13.4265794
695817713,die sieben raben,sculpture,,am friedrichshain,0201,11002002,10407,,,,,,52.5280326,13.4266821
695817716,aschenputtel,sculpture,,am friedrichshain,0201,11002002,10407,,,,,,52.5278779,13.4266378
702232719,bär,statue,birgit horota,wichertstraße,0301,11003003,10439,bronze,,,Q116109984,category:bär (birgit horota),52.5489435,13.4216955
736236928,gisela freier kunstraum lichtenberg,,,giselastraße,1112,11011011,10317,,,,,,52.5048336,13.490377
765104600,comeniusdenkmal,sculpture,josef vajce,uthmannstraße,0801,11008008,12043,,1992,file:comenius-garten monument1.jpg,Q110226514,,52.4751172,13.442504
774659676,pallasseum,mural,gert and daniel neuhaus,pallasstraße,0701,11007007,10781,,2016,,,,52.494397,13.3587074
787496743,pendelobelisk,sculpture,karl schlamminger,joachimsthaler straße,0401,11004004,10719,bronze,2003,file:karl schlamminger - pendelobelisk.jpg,Q116210144,category:pendelobelisk,52.5032321,13.3309651
821572992,riding bikes,sculpture,robert rauschenberg,fontaneplatz,0104,11001001,10785,,,https://commons.wikimedia.org/wiki/file:berlin_tiergarten_rauschenberg.jpg,Q116278022,,52.5082003,13.3752627
829831964,uhr der fließenden zeit,sculpture,mr. prof. dr. dr. bernard gitton,budapester straße,0401,11004004,10787,,,,Q1348104,category:uhr der fließenden zeit,52.5046128,13.3375539
846286953,die sieben schwaben,sculpture,hans-georg damm,hohenzollerndamm,0402,11004004,10707,iron,,http://commons.wikimedia.org/wiki/file:berlin_7_schwaben.jpg,Q115857338,,52.4905682,13.3147564
907811981,stier,statue,paul mersmann,alboinplatz,0701,11007007,12105,,1937,http://commons.wikimedia.org/wiki/file:alboinplatz1_skulptur_berlin.jpg,Q61768956,,52.4587194,13.3696293
928109875,froschkönig,sculpture,,am friedrichshain,0201,11002002,10407,,,,,,52.5279441,13.4267687
928109881,froschkönig,sculpture,,am friedrichshain,0201,11002002,10407,,,,,,52.527933,13.426866
928109883,mutter mit kind,statue,,virchowstraße,0201,11002002,10249,,,,Q110597141,category:mutter mit kind (edmund gomansky),52.5275618,13.4390901
928109885,,sculpture,,virchowstraße,0201,11002002,10249,metal,,,,,52.5281558,13.4398003
928109887,froschkönig,sculpture,,am friedrichshain,0201,11002002,10407,,,,,,52.5279553,13.4266689
940860722,kino,installation,peter friedl,gipsstraße,0101,11001001,10119,,,,,,52.5269217,13.3991902
944470543,zeitnadel,sculpture,hella de santarossa,matthäikirchplatz,0104,11001001,10785,,,,Q110815944,category:zeitnadel (hella santarossa),52.5085925,13.3678133
946239604,brücken der begegnung,sculpture,christian günther,wilmersdorfer straße,0401,11004004,10627,metal,,,Q120320569,,52.5080438,13.3061926
952591102,der gestürzte krieger,sculpture,markus lüpertz,lotte-lenya-bogen,0401,11004004,10623,bronze,,,Q110859968,category:der gestürzte krieger (berlin),52.5052106,13.3288628
966034386,hans joachim von zieten,sculpture,,anton-wilhelm-amo-straße,0101,11001001,10117,,,,Q24976973,,52.5116599,13.3843932
968157718,perspektiven,sculpture,volker bartsch,boltzmannstraße,0605,11006006,14195,bronze,,,Q118371545,,52.4476977,13.2800281
972802473,versus,sculpture,karl menzen,kurfürstendamm,0407,11004004,10711,steel,1993,https://commons.wikimedia.org/wiki/file:halensee_kurf%c3%bcrstendamm_skulptur_versus-1.jpg,Q123163856,category:versus (karl menzen),52.497279,13.2929936
1023960809,flamme,sculpture,bernhard heiliger,ernst-reuter-platz,0401,11004004,10587,,,,Q110390673,,52.5132366,13.3230221
1038089721,obelisk am henriettenplatz,sculpture,heinz mack,kurfürstendamm,0407,11004004,10711,bronze,,,Q110549210,,52.4972933,13.2906031
1049418449,interior space,sculpture,rainer fest,tom-trotter-weg,0605,11006006,14195,granite,,,Q115171921,,52.4557872,13.2975889
1069490670,berlin,sculpture,,a 115,0606,11006006,14109,bronze,1956,https://commons.wikimedia.org/wiki/file:meilenstein115.jpg,Q108497101,,52.4186939,13.1964052
1098163349,doppelgängeradmiral,sculpture,ludmila seefried-matějková,,0202,11002002,10999,,1985,,Q116202552,file:dvojník admirála.jpg,52.4972324,13.4164208
1200367951,balanceakt,sculpture,,zimmerstraße,0202,11002002,10117,,,http://commons.wikimedia.org/wiki/file:kreuzberg_berlin_nationaldenkmal_2.jpg,Q804621,category:balanceakt by stephan balkenhol,52.5080234,13.3986047
1221616930,avus motorradfahrer denkmal (ewald kluge und ernst jakob henne),sculpture,max esser,messedamm,0405,11004004,14055,bronze,,http://de.wikipedia.org/w/index.php?title=datei:motor_cycle_racers_by_max_esser-mutter_erde_fec.jpg&filetimestamp=20070714234212,Q116459916,,52.5032801,13.2785055
1231231455,fischreiterin,sculpture,georges morin,pariser straße,0402,11004004,10719,bronze,,,Q18624116,,52.4971115,13.3244802
1238189462,mind the gap,,,bornholmer straße,0301,11003003,10439,,,,Q123617400,,52.554612,13.397881
1239899685,"arc de 124,5°",sculpture,bernar vernet,an der urania,0701,11007007,10787,,1987,,Q20715412,,52.5014039,13.3471466
1244624814,bertolt brecht,sculpture,igael tumarkin,wallstraße,0101,11001001,10179,steel,,file:igael_tumarkin_-_bertolt_brecht.jpg,Q119790670,,52.5141726,13.4147557
1244624838,rolandstatue,statue,,wallstraße,0101,11001001,10179,,1905,file:statue_wallstr_54_(mitte)_roland_von_brandenburg_1905.jpg,Q123245815,category:roland of brandenburg (1905 copy),52.5137515,13.4148018
1257857018,galerie am tuchollaplatz,,,türrschmidtstraße,1112,11011011,10317,,,,,,52.5027881,13.479651
1270806845,zwei beton-cadillacs in form der nackten maja,sculpture,wolf vostell,a 100,0404,11004004,10711,,1987,http://commons.wikimedia.org/wiki/file:rathenauplatz.jpg,Q110724226,,52.4947941,13.2855955
1298380958,harmonikaspieler,sculpture,jan skuin,platz beuth,0105,11001001,13353,metal,1994,,Q118737825,category:harmonikaspieler (jan skuin),52.5456839,13.3530508
1298380965,torskulptur,sculpture,rüdiger roehl,platz beuth,0105,11001001,13353,metal,1994,,Q118744401,,52.5455675,13.352811
1321868819,kd24,,,karpfenteichstraße,0902,11009009,12435,,,,,,52.4842309,13.4683222
1327973338,der sieger,statue,,platanenallee,0104,11001001,10557,,,https://photos.app.goo.gl/5yvwffnv1xiklwb28,Q96355999,category:der sieger (statue),52.5160518,13.3647248
1327995113,liegender bison ⅱ,statue,rudolf siemering,bremer weg,0104,11001001,10785,bronze,1898,,Q117794595,category:liegender bison ii (rudolf siemering),52.5151009,13.3692807
1327995127,knabe mit pony,statue,erdmann encke,spreeweg,0104,11001001,10557,bronze,,,Q22330291,category:pony und knappe by erdmann encke,52.5170599,13.3505924
1327995129,theodor fontane,statue,,thomas-dehler-straße,0104,11001001,10787,,,,Q24976712,category:theodor fontane by max klein,52.5098344,13.3482818
1327995132,sonnenuhr,,,altonaer straße,0104,11001001,10557,,1989,file:skulptur sonnenuhr altonaer straße großer tiergarten berlin 01.jpg,Q111550172,category:sundial at altonaer straße (großer tiergarten),52.5173476,13.3476441
1327995135,florastatue,statue,,bremer weg,0104,11001001,10785,,,,Q96398122,category:flora (großer tiergarten),52.5141107,13.3564767
1327995149,das deutsche volkslied,statue,louis sussmann-hellborn,großer weg,0104,11001001,10787,kunststein,1993,,Q28154506,"file:tiergarten, berlin (2015) - 06.jpg",52.5101567,13.350201
1354983429,,sculpture,käthe kollwitz,,0301,11003003,,,,,,,52.540823,13.4280446
1354983430,das schiff zur rettung der unschuld der kunst,sculpture,thomas richter & martin wilke,diesterwegstraße,0301,11003003,10405,,,,Q116152270,,52.5418053,13.4278901
1361287218,stehende und ruhende gruppe,statue,sabina grzimek,lützowplatz,0104,11001001,10785,bronze,1995,,,,52.5046744,13.3531239
1367897361,minerva-statue,statue,bartholomeus eggers,spandauer damm,0401,11004004,14059,stone,1740,https://photos.app.goo.gl/gmc9ppuwvb4amv4s7,Q115684480,category:statue of minerva in charlottenburg palace,52.5216132,13.2934185
1367897362,victoriasäule,sculpture,,luisenplatz,0401,11004004,14059,,,https://photos.app.goo.gl/ngdxvxbbxgj6pks86,,,52.5212378,13.298734
1370678060,ringer,statue,wilhelm haverkamp,carl-leid-weg,0105,11001001,13351,bronze,,,Q115652503,category:ringer (wilhelm haverkamp),52.5508681,13.3344915
1379551597,,sculpture,,apollofalterallee,1002,11010010,12683,,,file:stadtpark biesdorf (berlin) 2v4.jpg,Q114859982,category:zwei steinskulpturen (stadtpark biesdorf),52.5042432,13.5662884
1401746984,victoriasäule,sculpture,,luisenplatz,0401,11004004,14059,,,https://photos.app.goo.gl/jk9bs9zshu7kgkpv5,,,52.5213267,13.2987289
1406133540,global stone project,stone,,ahornsteig,0104,11001001,10785,,,,Q120816,,52.5131029,13.3735594
1408609515,genoveva-brunnen,sculpture,hermann k. hosaeus,harriesstraße,0503,11005005,13629,,1928,,Q114454793,category:genoveva-brunnen,52.5465289,13.2618592
1413101518,mutter und kind,sculpture,wilhelm von winterfeld,dihlmannstraße,0503,11005005,13629,,1930,,Q110111118,,52.5445198,13.2650769
1416963552,erwachendes mädchen,sculpture,josef limburg,bismarckstraße,0601,11006006,12167,bronze,,,Q116312247,,52.4486643,13.3363725
1416963553,begegnung,statue,hildegard leest,am eichgarten,0601,11006006,12167,muschelkalk,1959,https://commons.wikimedia.org/wiki/file:berlin-steglitz_stadtpark_hildegart_leest_begegnung.jpg,Q121600808,category:begegnung (hildegard leest),52.4462374,13.3358046
1417050252,spielende zicklein (spielende böcklein),sculpture,wilhelm von winterfeld,rapsstraße,0503,11005005,13629,,1929,,Q116180271,"category:""spielende zicklein"" (wilhelm von winterfeld)",52.5451877,13.2614569
1417050258,streitende knaben,sculpture,wilhelm von winterfeld,harriesstraße,0503,11005005,13629,,1929,,Q114156260,"category:""streitende knaben"" (wilhelm von winterfeld)",52.5457309,13.261328
1417050260,spielende bärenkinder,sculpture,wilhelm von winterfeld,rapsstraße,0503,11005005,13629,bronze,1929,,Q116818842,category:spielende bären (wilhelm von winterfeld),52.5452171,13.2616847
1417108109,seerobben-brunnen,sculpture,hermann hosaeus,goebelstraße,0503,11005005,13629,,1932,,Q127700018,file:robbenbrunnen (rest) berlin-spandau-1.jpg,52.5394457,13.2704446
1425321884,foundation,stone,jan zappe,döberitzer verbindung,0102,11001001,10557,rock,2020,,,,52.5284807,13.3630203
1426869595,zwei seehunde,sculpture,rose-marie stiller,am stadtpark,0601,11006006,12167,muschelkalk,1975,,Q117815197,,52.4480546,13.3343853
1455800878,segnender christus,statue,abele,stargarder straße,0301,11003003,10437,marble,,,Q117025952,"category:christus (gethsemanekirche, berlin)",52.5476281,13.4156788
1455800958,der geistkämpfer,statue,ernst barlach,stargarder straße,0301,11003003,10437,bronze,,,Q113406480,,52.5475654,13.4162315
1463876187,kauerndes mädchen,sculpture,,hermann-hesse-straße,0311,11003003,13156,,,,Q109771227,,52.58023,13.4004364
1472017861,,,,alter bernauer heerweg,0309,11003003,13125,,,,,,52.6664018,13.485249
1472017863,kauernde (informel),,,alter bernauer heerweg,0309,11003003,13125,,,,,,52.666827,13.485589
1472017864,,,,alter bernauer heerweg,0309,11003003,13125,,,,,,52.667514,13.485739
1472017865,,,,alter bernauer heerweg,0309,11003003,13125,,,,,,52.669101,13.485568
1472017879,,,,hobrechtsfelder dorfstraße,0309,11003003,16341,,,,,,52.6648277,13.4849755
1472017880,,,,hobrechtsfelder dorfstraße,0309,11003003,16341,,,,,,52.664441,13.4848909
1482191891,galileo,sculpture,mark di suvero,tunnel tiergarten spreebogen,0104,11001001,10785,,,,,,52.5065312,13.3723798
1482191892,"prince frederick arthur of homburg, general of cav",sculpture,frank stella,tunnel tiergarten spreebogen,0104,11001001,10785,,,http://upload.wikimedia.org/wikipedia/commons/thumb/1/11/jt_frank_stella_prince_frederick_arthur_of_homburg.jpg/120px-jt_frank_stella_prince_frederick_arthur_of_homburg.jpg,Q119295365,,52.5076242,13.3722791
1482191893,boxers,sculpture,keith haring,tunnel tiergarten spreebogen,0104,11001001,10785,,,"http://commons.wikimedia.org/wiki/file:boxer_von_keith_haring,_1987,_berlin.jpg",Q20431246,category:boxer by keith haring (berlin),52.5087669,13.371817
1486087545,emma t.,,,lehderstraße,0302,11003003,13086,,,,,,52.5520167,13.4316458
1488982543,schifferbrunnen,sculpture,hermann hosaeus,altonaer straße,0103,11001001,10555,concrete,,,Q113952229,category:schifferbrunnen (berlin-hansaviertel),52.5195376,13.3388397
1489096811,auge der nemesis,sculpture,bernhard heiliger,kurfürstendamm,0401,11004004,10709,,,,Q110544146,,52.4990795,13.3021626
1491865933,heinrich zille,statue,,wallstraße,0101,11001001,10179,,1965,,Q61769334,category:heinrich-zille-denkmal (köllnischer park),52.5132831,13.4137257
1510785267,josé de san martín,statue,carlos maría toto,potsdamer straße,0104,11001001,10785,bronze,2001,https://commons.wikimedia.org/wiki/file:statue_for_jos%c3%a9_de_san_mart%c3%adn_in_berlin.jpg,Q110248679,category:josé de san martin (carlos maria toto),52.5070679,13.3692707
1510785644,simón bolívar,statue,pietro tenerani,reichpietschufer,0104,11001001,10785,bronze,1998,https://commons.wikimedia.org/wiki/file:statue_potsdamer_str_41_(tierg)_simon_bolivar%26pietro_tenerani_und_martin_toledo%261997.jpg,Q110246994,category:statue of simón bolívar in berlin,52.5064853,13.3689769
1530424466,räumliche transparenz,sculpture,,alter markt,0910,11009009,12555,,,,,,52.4456788,13.5788115
1540680347,nixenspiel,sculpture,christine gersch & igor jerschov,am speicher,0201,11002002,10245,,,,Q71392323,,52.4960798,13.4751523
1551950488,klingende blume,sculpture,achim kühn,bernhard-langwaldt-weg,0901,11009009,12435,steel,1985,,Q25063930,category:klingende blume,52.4933344,13.4623815
1555473622,das tanzende paar,sculpture,joachim schmettau,hermannplatz,0801,11008008,10967,bronze,1985,file:hermannplatz3_berlin_neukoelln.jpg,Q115871249,category:tanzendes paar (berlin-neukölln),52.4870919,13.4248066
1561640301,mutter heimat,statue,jewgeni wiktorowitsch wutschetitsch,puschkinallee,0901,11009009,12435,granite,1946,,,,52.4882794,13.4671874
1608998742,hegel,statue,,hegelplatz,0101,11001001,10117,,,file:hegel berlin 4 2013 1.jpg,Q61769305,category:hegel memorial (berlin),52.5193186,13.3936026
1620659431,willy-brandt-skulptur,sculpture,rainer fetting,wilhelmstraße,0202,11002002,10963,,,,,,52.500196,13.388107
1659884039,,sculpture,otto stahn,utrechter straße,0105,11001001,13347,,~1895,,,file:strassenbrunnen-malplaquet-utrechter.jpg,52.550696,13.3598608
1689026709,,,,wuhletalstraße,1001,11010010,12687,,,,,,52.5620643,13.5685847
1706380540,bär mit spielenden kindern,sculpture,hermann pagel,bärenplatz,0406,11004004,13627,,1925,,,,52.5411161,13.2944574
1746996179,reiterdenkmal,statue,willibald fritsch,treskowallee,1102,11011011,10318,bronze,1925,"file:trabrennbahn karlshorst, reiterstandbild.jpg",Q105045365,category:reiterdenkmal (berlin-karlshorst),52.4777233,13.5252974
1758524142,die windsbraut ii,sculpture,erich f. reuter,gertrud-hanna-promenade,0703,11007007,12101,,1965,,,,52.472788,13.3757286
1759712216,illusion,mural,,stübbenstraße,0701,11007007,10779,,,,,,52.4898334,13.3377822
1768536503,knabe mit tintenfisch,sculpture,eduardo rossi,albrechtstraße,0703,11007007,12099,bronze,,,Q110088009,,52.4607221,13.3887559
1773502040,der spreekieker,sculpture,gertrud bergmann,arcostraße,0401,11004004,10587,bronze,,,Q116510532,,52.5201825,13.3083717
1777959932,,sculpture,,suhler straße,1005,11010010,12629,,,https://commons.wikimedia.org/wiki/file:skulptur_fliege_suhler_stra%c3%9fe_20-22_berlin-hellersdorf_03.jpg,,category:fly sculpture suhler straße 20/22 (berlin-hellersdorf),52.5377811,13.5856628
1782761803,bärenbrunnen,sculpture,,oberlandgarten,0703,11007007,12099,,,,Q114563439,,52.4629164,13.4147681
1784732579,harmonikaspieler,sculpture,hans hennig,friedrichshagener straße,0910,11009009,12555,bronze,1965,,Q115574954,category:harmonikaspieler (hans-detlev hennig),52.4523507,13.5835814
1812621502,litfaß-denkmal,sculpture,,litfaß-platz,0101,11001001,10178,,,https://commons.wikimedia.org/wiki/file:denkmal_ernst_litfa%c3%9f_litfa%c3%9fs%c3%a4ule_litfa%c3%9f-platz_berlin-mitte.jpg,Q114779761,category:ernst litfaß monument (litfaß-platz),52.5217357,13.4032053
1834142967,structure,sculpture,sol lewitt,hallesches ufer,0202,11002002,10963,aluminium,1994,,,,52.4993137,13.3812321
1845012420,,statue,,steegerstraße,0106,11001001,13359,,,,,,52.5607905,13.3957816
1845013456,balzender truthahn,statue,,steegerstraße,0106,11001001,13359,bronze,,https://commons.wikimedia.org/wiki/file:skulptur_steegerstr_14_(gesbr)_balzender_truthahn%26%263.jpg,Q123034284,"category:balzender truthahn (steegerstraße 14/15, berlin-gesundbrunnen)",52.5618335,13.3949703
1849165754,,sculpture,,kreuzbergstraße,0202,11002002,10965,,,,,,52.4892991,13.3808892
1881346242,köpfe und schwanz,sculpture,alexander calder,reichpietschufer,0104,11001001,10785,steel,,,Q110779951,category:têtes et queue (alexander calder),52.5067382,13.3668622
1881346251,der bogenschütze,sculpture,henry moore,tiergartenstraße,0104,11001001,10785,bronze,1966,,Q19691909,"category:three way piece no. 2: the archer - henry moore (lh 535, neue nationalgalerie, berlin)",52.5072478,13.3683147
1881346257,berlin block for charlie chaplin,sculpture,richard serra,tiergartenstraße,0104,11001001,10785,,,,Q110680533,category:berlin block for charlie chaplin (richard serra),52.5074147,13.3674641
1884384977,heinrich-heine-denkmal,sculpture,waldemar grzimek,veteranenstraße,0101,11001001,10119,bronze,,,Q1596388,"category:heinrich-heine-denkmal, volkspark am weinberg (berlin)",52.5325596,13.3998533
1910136397,,sculpture,,gravensteinstraße,0310,11003003,13127,,,,,,52.6076426,13.4340659
1932777427,sternenwächter,sculpture,christine gersch,caroline-herschel-platz,0201,11002002,10245,,2007,,Q71381539,file:c.-herschel-platz friedrichshain ama fec (12).jpg,52.5071903,13.4680023
1969213795,,,,uhlandstraße,0402,11004004,10715,,,,,,52.4835234,13.3206413
1979988661,europa macht handstand iii,statue,ernst leonhardt,caspar-theyß-straße,0403,11004004,14193,,1995,,Q26690299,,52.4913787,13.2937343
2055250035,der kopfspaziergang,sculpture,volker dierkes,landhausstraße,0402,11004004,10715,granite,,,Q116029151,,52.4866216,13.3288015
2086202949,riesenblumen,sculpture,sergej alexander dott,elsenstraße,0901,11009009,12435,"steel, glass fiber reinforced polyester resin",2012,https://commons.wikimedia.org/wiki/file:aerztehaus_berlin-treptow_01.jpg,Q122258115,category:riesenblumen (sergej alexander dott),52.4938908,13.4600853
2118364441,grau broby granit,sculpture,ulrich rückriem,einsteinufer,0401,11004004,10587,granite,1986,,Q123166946,,52.5163663,13.3254208
2183262602,großes berliner kopfzeichen,sculpture,rainer kriester,theodor-heuss-platz,0405,11004004,14052,bronze,1989,http://commons.wikimedia.org/wiki/file:rainer_kriester_-_gro%c3%9fes_berliner_kopfzeichen.jpg,Q115697237,,52.5090576,13.2732661
2183262603,großer verschnürter kopf,sculpture,rainer kriester,theodor-heuss-platz,0405,11004004,14052,stone,1989,http://commons.wikimedia.org/wiki/file:rainer_kriester_-_gro%c3%9fer_verschn%c3%bcrter_kopf.jpg,Q115697403,,52.5091415,13.2733353
2188572471,helfen zwischen himmel und erde,sculpture,wang fu,cecilienstraße,1005,11010010,12619,,2007,https://commons.wikimedia.org/wiki/file:feuerwache_hellersdorf_skulptur_berlin_2v2.jpg,Q108441680,category:helfen zwischen himmel und erde (wang fu),52.5252766,13.5818951
2218405292,ramificazioni,land_art,eckart haisch,blütenachse,0802,11008008,12349,,1985,,Q110917739,,52.4354846,13.4303248
2218406748,goldesel,sculpture,eckart haisch,mohriner allee,0802,11008008,12349,,1985,file:skulptur buckower damm (britz) esel&eckhart haisch&1985.jpg,Q116431106,,52.4438398,13.4333181
2251295176,,statue,,heerstraße,0405,11004004,14055,,,,,,52.5090816,13.2218991
2267145427,marcellus (germanicus),sculpture,christoph heinrich fischer,bonhoefferufer,0401,11004004,10589,,,,Q115683495,category:germanicus (francois lequine),52.5217724,13.2980989
2281748544,erektion,sculpture,volkmar haase,greenwichpromenade,1202,11012012,13507,,,,Q110938992,category:erektion (volkmar haase),52.5886685,13.2739945
2281752177,schmuckbogen mit wassersportmotiven,sculpture,gerhard schultze-seehof,borsigdamm,1202,11012012,13507,,1956,https://commons.wikimedia.org/wiki/file:tegel_borsigdamm_schmuckbogen-001.jpg,Q61769863,category:schmuckbogen borsigdamm,52.5840361,13.2754587
2286678239,leda and the swan,sculpture,künstler*innengruppe aes,ziegrastraße,0801,11008008,12057,steel;aluminium;glass,1996,file:leda und der schwan 01 (cropped).jpg,Q122440749,category:leda und der schwan (berlin),52.4733081,13.4580394
2310445137,klanginstallation klopfzeichen,,,lehrter straße,0102,11001001,10557,,,,,,52.5272454,13.3656124
2327229732,kryptographie,sculpture,"nils-r. schultze, josefine günschel",brook-taylor-straße,0907,11009009,12489,weathering_steel,2006,,Q110438070,category:kryptographisches experiment (berlin-adlershof),52.4304018,13.5309817
2337850015,,statue,,olympischer platz,0405,11004004,14053,,,,,,52.5133798,13.2416394
2337850016,,statue,,carl-schuhmann-weg,0405,11004004,14053,,,,,,52.5133964,13.2418285
2337850022,die diskuswerfer,statue,karl albiker,carl-schuhmann-weg,0405,11004004,14053,,,,Q109887270,category:diskuswerfer (karl albiker),52.5134502,13.2420564
2337850024,,statue,,carl-schuhmann-weg,0405,11004004,14053,,,,,,52.5135244,13.2422707
2337850026,,statue,,carl-schuhmann-weg,0405,11004004,14053,,,,,,52.5135879,13.2424295
2337850029,,statue,,olympischer platz,0405,11004004,14053,,,,,,52.5136631,13.242576
2337850031,,statue,,olympischer platz,0405,11004004,14053,,,,,,52.5137451,13.2427082
2337850033,,statue,,olympischer platz,0405,11004004,14053,,,,,,52.5138354,13.2428262
2337850035,,statue,,olympischer platz,0405,11004004,14053,,,,,,52.5139332,13.2429263
2337850037,,statue,,olympischer platz,0405,11004004,14053,,,,,,52.5140368,13.2430109
2337850041,,statue,,olympischer platz,0405,11004004,14053,,,,,,52.5141437,13.243079
2337850046,,statue,,olympischer platz,0405,11004004,14053,,,,,,52.5142593,13.2431227
2337850073,,statue,,olympischer platz,0405,11004004,14053,,,,,,52.5156436,13.2427752
2337850074,,statue,,olympischer platz,0405,11004004,14053,,,,,,52.5157388,13.2426581
2337850075,,statue,,olympischer platz,0405,11004004,14053,,,,,,52.5158287,13.2425305
2337850077,,statue,,olympischer platz,0405,11004004,14053,,,,,,52.515975,13.242222
2337850078,,statue,,olympischer platz,0405,11004004,14053,,,,,,52.516034,13.2420525
2337850079,,statue,,olympischer platz,0405,11004004,14053,,,,,,52.5160792,13.2418698
2337850080,,statue,,olympischer platz,0405,11004004,14053,,,,,,52.51611,13.2416802
2337850081,stafettenläufer,statue,karl albiker,olympischer platz,0405,11004004,14053,,,,Q109661534,category:relay runners (karl albiker),52.5161515,13.2414127
2355669624,knabe mit ente,sculpture,,marchlewskistraße,0201,11002002,10243,bronze,,,Q109931869,file:knabe mit ente.jpg,52.5153886,13.4438067
2355670025,mutter mit kindern,statue,ingeborg hunzinger,weidenweg,0201,11002002,10249,sandstone,1959,file:sculpture mother with childs berlin 3v3.jpg,Q110636161,category:mother with children (ingeborg hunzinger),52.5183707,13.4442968
2355670026,akrobaten,statue,stephan horota,weidenweg,0201,11002002,10249,bronze,,,Q109935435,category:acrobats (stephan horota),52.5186009,13.4455301
2373552716,vegetative plastik,sculpture,justus chrukin,marbacher straße,0402,11004004,14197,bronze,,,Q116479530,,52.4673147,13.3174383
2376905775,zwei schwäne,statue,werner richter,lindenstraße,0910,11009009,12555,bronze,1967,,Q115691007,,52.4504768,13.5733426
2382894977,,sculpture,arminius hasemann,rauenthaler straße,0402,11004004,14197,,,,Q113958120,,52.4687037,13.3189402
2415142118,der mensch – rhythmus will wesen werden,sculpture,raoul ratnowsky,kladower damm,0506,11005005,14089,,1993,file:skulptur der mensch – rhythmus will wesen werden (raoul ratnowsky) 2.jpg,Q122400270,category:der mensch – rhythmus will wesen werden (raoul ratnowsky),52.4604901,13.1622026
2434226507,,installation,,böhmischer platz,0801,11008008,12055,,,,,,52.4737821,13.4493712
2444136687,berlin-bird,,,wilhelmsruher damm,0312,11003003,13158,,,,,,52.5971031,13.3678013
2471065198,skulptur mit kern blau rot,sculpture,volkmar haase,,0401,11004004,,steel,1983,,Q110395747,,52.5101204,13.2900789
2471721694,jugend der welt,statue,senta baldamus,römerweg,1102,11011011,10318,bronze,1982,https://commons.wikimedia.org/wiki/file:gedenkstatur_r%c3%b6merweg_treskowallee_(karl)_weltjugend_senta_baldamus.jpg,Q115258163,category:weltjugend (senta baldamus),52.4918168,13.5262532
2538629490,heinrich böll,statue,wieland förster,greifswalder straße,0301,11003003,10409,bronze,,,Q111972883,category:heinrich-böll-stele (wieland förster),52.542062,13.4407848
2554278342,vase mit farbigem mosaik (asymmetrische vase),sculpture,gerhard schultze-seehof,kurfürstendamm,0401,11004004,10719,"beton,_stein",1957,file:stadtmöbel am kurfürstendamm.jpg,Q116206915,category:vase mit farbigem mosaik (asymmetrische vase),52.5026745,13.3249878
2574346168,,sculpture,,heckmannufer,0202,11002002,10997,,,,,,52.4957809,13.4468008
2589577521,alex 35,sculpture,,panoramastraße,0101,11001001,10178,,,,,,52.520709,13.409429
2589577535,azerbaijan,sculpture,ibrahim ehrari,,0101,11001001,,,,,,,52.5154199,13.4105362
2589577570,,sculpture,utz kampmann,,0104,11001001,,limestone,1961,,Q110871188,category:fränkischer muschelkalk (utz kampmann),52.5183527,13.3684643
2589577587,mio,sculpture,,,0101,11001001,,,,,,,52.5201452,13.4091755
2589577598,mitte-ndnn-bar,sculpture,thomas buhler,,0101,11001001,,,,,,,52.5101563,13.3900661
2589577641,best buddies friendship bear,sculpture,romero britto,teltower damm,0604,11006006,14167,,2011,,,,52.425497,13.2624811
2589577681,,sculpture,,grunewaldstraße,0601,11006006,12165,,,,,,52.459236,13.3138055
2589577805,,statue,,potsdamer straße,0104,11001001,10785,lego,,,Q113137582,,52.5094542,13.3726943
2589577819,contact,sculpture,pierre szekely,john-foster-dulles-allee,0104,11001001,10557,limestone,1961,,Q110734947,category:contact (pierre szekely),52.5183568,13.3688189
2589577821,,sculpture,kosso eloul,große querallee,0104,11001001,10557,limestone,1961,,Q110866677,category:fränkischer muschelkalk (eloul kosso),52.5185045,13.3680291
2589577822,,sculpture,roland goeschl,große querallee,0104,11001001,10557,limestone,1962,,Q110954197,category:stone sculpture (roland goeschl),52.5185675,13.3682869
2589577824,,sculpture,,,0104,11001001,,,,,Q111355613,category:jura kalkstein (joachim schultze-bansen),52.5186391,13.3687106
2589577825,,sculpture,,,0101,11001001,,bronze,1997,,,,52.5190421,13.4024011
2589577827,,sculpture,bitter andrej,karl-liebknecht-straße,0101,11001001,10178,,2003,,,,52.5199288,13.4041583
2589577852,,sculpture,,alt-moabit,0102,11001001,10559,,,,,,52.5242445,13.3468542
2607087947,jungbär,statue,gerhard thieme,richard-kolkwitz-weg,1101,11011011,10319,bronze,1966,"http://commons.wikimedia.org/wiki/file:jungb%c3%a4r,_gerhard_thieme,_tierpark_berlin,_572-678.jpg",,,52.4981507,13.5312135
2607087949,hochlandstier,statue,heinrich drake,richard-kolkwitz-weg,1101,11011011,10319,bronze,1938,,,,52.4982034,13.5336582
2607087950,jungbär,statue,heidi geidel,am tierpark,1101,11011011,10319,sandstone,1958,http://commons.wikimedia.org/wiki/file:park_of_tierpark_berlin_%289%29.jpg,,,52.4983764,13.525746
2607087951,sitzender bär,statue,gerhard thieme,richard-kolkwitz-weg,1101,11011011,10319,bronze,1982,,,,52.4985573,13.5292975
2607087952,fohlengruppe,statue,heinrich drake,richard-kolkwitz-weg,1101,11011011,10319,bronze,1956,,,,52.49907,13.5311505
2607087953,löwengruppen ii,statue,"august gau, august kraus",richard-kolkwitz-weg,1101,11011011,10319,bronze,1897,"http://commons.wikimedia.org/wiki/file:am_tierpark,_zwei_l%c3%b6wengruppen_ii.jpg",Q114795968,,52.4989449,13.5338973
2607087954,röhrender riesenhirsch,statue,erich oehme,am tierpark,1101,11011011,10319,bronze,1961,http://commons.wikimedia.org/wiki/file:park_of_tierpark_berlin_%2810%29.jpg,,,52.4990721,13.5256403
2607087955,elchkälbchen,statue,hermann christlieb,am tierpark,1101,11011011,10319,bronze,1965,,,,52.4990499,13.5287053
2607087956,liegende – aufgestützt,statue,robert metzkes,richard-kolkwitz-weg,1101,11011011,10319,bronze,1989,,,,52.4991293,13.5299195
2607087959,ziegenbock,statue,renée sintenis,am tierpark,1101,11011011,10319,bronze,1928,,,,52.4994918,13.5287926
2607087960,fohlenpaar,statue,willi ernst schade,am tierpark,1101,11011011,10319,,,http://commons.wikimedia.org/wiki/file:park_of_tierpark_berlin_%2812%29.jpg,,,52.4993888,13.5272371
2607087963,,statue,,am tierpark,1101,11011011,10319,,,,,,52.4996115,13.5319283
2607087965,jungen löwen,statue,sonja eschefeld,richard-kolkwitz-weg,1101,11011011,10319,bronze,1979,,,,52.4999598,13.534396
2607087966,elefant,statue,werner richter,richard-kolkwitz-weg,1101,11011011,10319,concrete,1967,,,,52.5001133,13.5309686
2607087967,löwe mit wappen,statue,unknown,richard-kolkwitz-weg,1101,11011011,10319,sandstone,1871-1914,,,,52.5001865,13.5344878
2607087968,"mädchen, auf der seite liegend",statue,senta baldamus,richard-kolkwitz-weg,1101,11011011,10319,bronze,2001,,,,52.5003247,13.5325941
2607087969,säbelzahnkatze,statue,erich oehme,richard-kolkwitz-weg,1101,11011011,10319,bronze,1964,,,,52.500573,13.5307598
2607087970,auskeilendes eselfohlen,statue,hans steffen,richard-kolkwitz-weg,1101,11011011,10319,bronze,1958,,,,52.5009131,13.5303968
2607087971,cheetah,statue,,enckevortweg,1101,11011011,10319,,,,,,52.5021225,13.5300863
2607087972,p. j. lenné,bust,senta baldamus,enckevortweg,1101,11011011,10319,bronze,1964,,,,52.5024917,13.5281795
2607087974,frühling (mann und frau),statue,senta baldamus,enckevortweg,1101,11011011,10319,bronze,1963,,Q109687483,,52.5026735,13.5275883
2607087975,sprea,statue,jeremias christensen,enckevortweg,1101,11011011,10319,marble,1895,,,,52.5026308,13.528207
2607087977,,statue,hans kies,am tierpark,1101,11011011,10319,bronze,1967,,,,52.5032555,13.5271402
2607087978,knabe auf esel,statue,walter lerche,am tierpark,1101,11011011,10319,bronze,,,Q115379824,,52.5036611,13.5236225
2607087979,giraffen,sculpture,stephan horota,am tierpark,1101,11011011,10319,bronze,1995,,Q115110872,file:tierpark berlin-frf 167-272.jpg,52.5037526,13.5330888
2607087981,weiblicher teenager mit pelikan,statue,walter lerche,enckevortweg,1101,11011011,10319,bronze,,,Q115379774,,52.5038699,13.5245853
2607087982,mädchen mit schimpansen,statue,walter lerche,am tierpark,1101,11011011,10319,bronze,,,Q115378209,,52.5039352,13.5234532
2607087983,,statue,,am tierpark,1101,11011011,10319,,,,,,52.5040268,13.5264718
2607087984,tiger,statue,philipp harth,am tierpark,1101,11011011,10319,bronze,~1937,,Q115385237,,52.5039974,13.5210622
2607087985,giraffe,statue,sidney majengwa,alfred-kowalke-straße,1101,11011011,10315,,2015,,Q118805046,,52.5042597,13.5286739
2607087986,junge mit widder,statue,walter lerche,enckevortweg,1101,11011011,10319,bronze,,,Q115378156,,52.5041355,13.5244386
2607087987,eva,statue,walter lerche,am tierpark,1101,11011011,10319,sandstone,,,Q109705429,,52.5042879,13.5233316
2607087994,singing birds,statue,dominic benhura,alfred-kowalke-straße,1101,11011011,10315,stone,2008,,Q118806611,file:skulptur singing birds dominic benhura tierpark berlin 03.jpg,52.5047469,13.5248451
2607087997,stehende,statue,otto maerker,am tierpark,1101,11011011,10319,bronze,1961,,,,52.5044901,13.5318708
2607088001,männlicher mantelpavian,statue,ernst curt lenk,am tierpark,1101,11011011,10319,stone,1967,,,,52.5044882,13.5333024
2607088005,dogge,statue,volkmar kühn,gensinger straße,1101,11011011,10319,bronze,1995,,Q115128398,,52.5046061,13.5290478
2607088009,orang-utan-gruppe,statue,"wassilij alexejewitsch watagin, walter lerche",alfred-kowalke-straße,1101,11011011,10315,porphyry artificial stone,,,Q115442529,,52.5049229,13.5256379
2607088018,buckelzirpe,statue,klaus tilke,alfred-kowalke-straße,1101,11011011,10315,concrete,1963,,Q118792830,,52.5050899,13.5285153
2607088024,athena,statue,carl philipp glume,am tierpark,1101,11011011,10319,sandstone,1987,,,,52.5051299,13.5235659
2607088027,moschusochsenherde,statue,wilhelm löber,am tierpark,1101,11011011,10319,ceramic,1961,,Q115473046,,52.5052611,13.5273965
2607088028,charles darwin,bust,senta baldamus,alfred-kowalke-straße,1101,11011011,10315,bronze,1989,,Q111630171,,52.5055179,13.5242025
2607088029,nymphe,statue,burkhard bluhm,am tierpark,1101,11011011,10319,sandstone,1989,,,,52.5062578,13.5223735
2607088030,pan,statue,karl-günter möpert,alfred-kowalke-straße,1101,11011011,10315,sandstone,1990,https://photos.app.goo.gl/f8p5etjnhifm4me68,Q115487079,,52.5065558,13.5222528
2607088031,bianca – sitzendes mädchen,statue,dietrich rohde,gensinger straße,1101,11011011,10319,bronze,2001,,Q109674701,,52.5067234,13.531187
2607088032,angora-ziegenbock,statue,gerhard rommel,am tierpark,1101,11011011,10319,,1981,,,,52.5075642,13.5278273
2607088033,dschelada-affe,statue,max esser,gensinger straße,1101,11011011,10319,,1926,,,,52.5075545,13.5312032
2607182579,löwengruppen i,statue,"august gau, august kraus",richard-kolkwitz-weg,1101,11011011,10319,bronze,1897,"http://commons.wikimedia.org/wiki/file:am_tierpark,_zwei_l%c3%b6wengruppen_i.jpg",Q114795924,,52.4989785,13.5344278
2629122241,galerie lehr,,,großbeerenstraße,0202,11002002,10963,,,,,,52.4972652,13.3845184
2660991984,sonnenuhr,installation,frank von bargen,strandschloßweg,0910,11009009,12559,"mosaic plaster, steel pipe, wood",1997,,Q112943551,category:sundial (frank von bargen),52.4391354,13.5995722
2689350487,gänseskulptur,sculpture,,franz-schmidt-straße,0309,11003003,13125,,,,Q115522687,,52.6332085,13.4955117
2689350490,,sculpture,,walter-friedrich-straße,0309,11003003,13125,,,,Q109736704,,52.6343966,13.4963432
2710885583,nilpferd knautschke,statue,erwin kobbert,robert-koch-straße,1003,11010010,12621,concrete,,https://media04.berliner-woche.de/article/2015/01/20/6/147506_xl.jpg?1562957708,Q122900071,,52.5188821,13.6092987
2712245248,signalrot – verkehrspurpur – polarweiß,sculpture,gudrun venter,riesaer straße,1005,11010010,12627,steel,1991,https://commons.wikimedia.org/wiki/file:skulptur_signalrot_%e2%80%93_verkehrspurpur_%e2%80%93_polarwei%c3%9f_berlin_3v6.jpg,Q108595229,category:signalrot – verkehrspurpur – polarweiß (gudrun venter),52.5307554,13.6180552
2712245250,boeuf bourgignon,sculpture,ulf duschat,riesaer straße,1005,11010010,12627,steel,1993,https://commons.wikimedia.org/wiki/file:skulptur_boeuf_bourgignon_berlin_1v6.jpg,Q108593368,category:boeuf bourgignon (ulf duschat),52.5309601,13.6186406
2753451850,fette henne,,rolf szymanski,hochspannungsweg,0802,11008008,12349,,1984,,Q1409204,,52.4283365,13.4340648
2756088611,,sculpture,,steinträgerweg,0802,11008008,12351,,,,,,52.4305662,13.4356906
2763457957,löwe,,georgi filin aus bulgarien,anton-saefkow-platz,1111,11011011,10369,,,,Q113833414,category:lion (georgi filin),52.5289964,13.4702411
2763461558,baumdenkmal,sculpture,michael klein,anton-saefkow-platz,1111,11011011,10369,,,,Q107527876,category:baumdenkmal (michael klein),52.5307935,13.4708932
2763597886,grabzeichen,sculpture,michael schoenholtz,versammlungsplatz,0802,11008008,12349,limestone,1984,,Q116209946,,52.4281798,13.4293911
2763597887,grabstelle,sculpture,peter herbrich,umweltbildungsfläche,0802,11008008,12349,"marble ,bronze,concrete",1984,,Q116394217,,52.4281722,13.4289465
2763597888,zeit-wege-zeit,sculpture,odious (künstlergruppe),umweltbildungsfläche,0802,11008008,12349,"steel,granite",1984,,Q116291666,,52.4284305,13.4281422
2763615369,plinthe,sculpture,lothar fischer,umweltbildungsfläche,0802,11008008,12349,cast_iron,1984,,,,52.4281384,13.4277257
2763615372,in der schwebe der zeit,ensemble,artur alija,tulpe,0802,11008008,12349,wood,1993,,Q136100890,,52.4281248,13.4235126
2763629836,katze,sculpture,torsten schlopsnies,narzisse,0802,11008008,12349,granite,2009,,Q115870494,,52.4279838,13.4224578
2763825709,harfe und pauke,sculpture,silvia kluge,rhizomatische brücke,0802,11008008,12349,concrete; stainless steel,1984,,Q116374642,,52.4322054,13.4161347
2774007495,,statue,,königstraße,0607,11006006,14109,,,,,,52.4155872,13.0934617
2774007500,,statue,,königstraße,0607,11006006,14109,,,,,,52.4155074,13.0933981
2804261196,der stahlwerker,statue,gerhard thieme,rathenaustraße,0909,11009009,12459,bronze,1970,,Q110224099,category:der stahlwerker (gerhard thieme),52.4615553,13.5317335
2804261241,knabe mit essnapf,sculpture,fritz cremer,ostendgestell,0909,11009009,12459,bronze,1952,,,,52.4656375,13.5448432
2837335507,alebrije,sculpture,estilo de pedro linares (1936),klingelhöferstraße,0104,11001001,10785,,,,,,52.5080471,13.3514154
2837335508,alebrije,sculpture,estilo de pedro linares (1936),klingelhöferstraße,0104,11001001,10785,,,,,,52.5081466,13.3513842
2840516201,denkzeichen modezentrum hausvogteiplatz,sculpture,rainer görß,hausvogteiplatz,0101,11001001,10117,,,,Q111381378,category:denkzeichen modezentrum hausvogteiplatz,52.5132047,13.396861
2853067164,fischer mit netzen,sculpture,ursula hanke-förster,falkenseer platz,0501,11005005,13585,metal,,,Q78204425,category:fischer mit netzen (ursula hanke-förster),52.5402272,13.2030661
2856148907,albrecht der bär (1100-1170),statue,,am juliusturm,0502,11005005,13599,,,,,file:albert i of brandenburg.jpg,52.5403628,13.2127545
2856612754,grenzwächter,sculpture,christian uhlig,landsberger allee,1001,11010010,12679,brick,,https://commons.wikimedia.org/wiki/file:skulptur_grenzw%c3%a4chter_von_christian_uhlig_(1991)_in_berlin-marzahn.jpg,Q96183763,category:grenzwächter (christian uhlig),52.5499474,13.5851018
2856612757,,sculpture,,landsberger allee,1001,11010010,12679,,,,Q111828083,"category:sculpture (wuhletal, berlin-marzahn)",52.5504344,13.5855825
2856612774,steckenpferd tanzt mit dem regenbogen,sculpture,"jan skuin, rüdiger roehl",wörlitzer straße,1001,11010010,12689,,,,Q107456789,file:havemannstr marzahn 110415 ama fec (45).jpg,52.5682259,13.571611
2856686321,räuberrad,sculpture,bert neumann,rosa-luxemburg-platz,0101,11001001,10178,steel,1994,https://commons.wikimedia.org/wiki/file:berlin-volksbuehne_am_rosa-luxemburg-platz-06-2006-gje.jpg,Q31839437,category:räuberrad,52.5264079,13.4114572
2882008131,,sculpture,,unionstraße,0102,11001001,10551,,,,,file:gestaltungselemente am eingang zum unionpark in berlin-moabit 04.jpg,52.5329083,13.3377863
2900797853,,sculpture,,marienstraße,0101,11001001,10117,glass,,,,,52.5214935,13.3834937
2904608124,,sculpture,johannes peter hölzinger,horst-caspar-steig,0805,11008008,12353,metal,,,Q114455312,,52.4233046,13.4756959
2927313833,feuerwehrmann,statue,,parkstraße,0302,11003003,13086,muschelkalk,1938,,,file:skulptur feuerwehrmann (süd-westlich) feuerwache weißensee 6300 berlin 02.jpg,52.5564097,13.4595921
2927314654,feuerwehrmann,statue,,parkstraße,0302,11003003,13086,muschelkalk,1938,,,file:skulptur feuerwehrmann (nord-östlich) feuerwache weißensee 6300 berlin 03.jpg,52.5566242,13.4598093
2935240711,all in internet,,,scharnweberstraße,1201,11012012,13405,,,,,,52.5649883,13.3236123
2936263798,der entfesselte,sculpture,siegfried krepp,anton-saefkow-platz,1111,11011011,10369,stone,1986,https://fennpfuhl.digital/img/statue/der-entfesselte.jpg.webp,Q111142327,category:deutscher widerstand gegen den faschismus (siegfried krepp),52.5292461,13.4723423
2949567745,vater mit kind,sculpture,ingeborg hunzinger,zugang spreetunnel,0911,11009009,12587,bronze,1958,file:friedrichshagen_müggelpark_skulptur_vater_mit_kind.jpg,Q81743192,"category:vater mit kind (1958, ingeborg hunzinger)",52.4445707,13.6265849
2985100365,die grünen menschen,sculpture,erdmute und alessandro carlini,hohenzollerndamm,0402,11004004,10707,,,,Q116483757,,52.4901363,13.3133425
2988617786,das schicksal wirkt,sculpture,raoul ratnowsky,kladower damm,0506,11005005,14089,bronze,1977..1982,,Q123193587,,52.4630694,13.1639949
2995723891,"2,43° vorwärts geneigt",sculpture,rolf lieberknecht,gülzower straße,1005,11010010,12619,,,,Q108443509,"category:2,43° vorwärts geneigt (rolf lieberknecht)",52.5179598,13.5893794
3005740603,amor-statue,statue,,hohe brücke,0401,11004004,14059,bronze,,https://photos.app.goo.gl/aqx2mdemu3hfbxw56,,,52.524484,13.293265
3009923713,,sculpture,,birnenallee,1002,11010010,12683,,,https://commons.wikimedia.org/wiki/file:einstieg_wuhle-wanderweg.jpg,Q121362423,"category:sculpture at wuhletal-wanderweg (altentreptower straße, berlin-hellersdorf)",52.5134965,13.5736986
3013554382,holzesel,,,kurfürstendamm,0407,11004004,10709,,,,,,52.4975686,13.2984174
3015494647,hans scharoun,sculpture,,heilmannring,0406,11004004,13627,,,,,,52.5353657,13.2829092
3018974447,zur sonne,sculpture,raoul ratnowsky,kladower damm,0506,11005005,14089,,1981/1982,,Q123195445,,52.4614499,13.1603261
3039049748,,relief,,an der industriebahn,0302,11003003,13088,stone,,,,,52.5632319,13.4612788
3095783229,die badende,statue,ferdinand lepcke,prinz-friedrich-leopold-straße,0606,11006006,14129,bronze,,,Q116312788,,52.4306065,13.1942479
3121844829,kopfbewegung,sculpture,"josefine günschel, margund smolka",rudower chaussee,0907,11009009,12489,plastic;steel;aluminum,2008,,Q110425463,category:kopfbewegung (berlin-adlershof),52.4314296,13.5329979
3181885304,seelöwe,statue,willy ernst schade,große seestraße,0302,11003003,13086,stone,1925,file:skulptur_am_weißen_see_(weißs)_zwei_seelöwen&willy_ernst_schade&1925.jpg,,category:zwei seelöwen (willy ernst schade),52.5553914,13.4612967
3269458078,sonne,sculpture,alfred paul trenkel,werbellinstraße,0801,11008008,12053,bronze,,,Q114598007,,52.4772114,13.4309467
3342165275,diana mit jagdhund,statue,carl philipp glume,am tierpark,1101,11011011,10319,sandstone,1990,,,,52.5050444,13.5231509
3342165941,terpsichore,statue,carl philipp glume,am tierpark,1101,11011011,10319,sandstone,1987,,,,52.5054466,13.5229384
3342166117,meleager,statue,unknown,am tierpark,1101,11011011,10319,sandstone,1989,,,,52.5055278,13.5233448
3342166489,pomona,statue,carl philipp glume,am tierpark,1101,11011011,10319,sandstone,1988,,,,52.5058525,13.5227135
3342166620,flora,statue,carl philipp glume,am tierpark,1101,11011011,10319,sandstone,1989,,,,52.5059337,13.5231292
3354141036,flügeltor,sculpture,reinhard haverkamp,straße des 17. juni,0401,11004004,10623,,,,Q110657591,,52.5125753,13.3269512
3378340880,viktoria,statue,friedrich drake,großer stern,0104,11001001,10785,,,https://photos.app.goo.gl/z5euhxjtytyhl4mf8,Q63341600,file:victoria goldelse siegessaeule berlin.jpg,52.5145076,13.35011
3389744527,pieta,statue,jürgen pansow,waisenstraße,0101,11001001,10179,,1978,"file:berlin klostekirche, pieta - panoramio.jpg",Q111152557,category:pieta (jürgen pansow),52.518335,13.413111
3391940827,,mural,kobe eins,lützenstraße,0407,11004004,10711,,,,,,52.4994581,13.2884954
3413849132,vater mit zwei kindern,statue,stephan horota,else-jahn-straße,0302,11003003,13088,,,,Q111007959,"category:vater mit zwei töchtern (stephan horota, berlin-weißensee)",52.5523481,13.4700591
3463835839,athena bewaffnet den krieger,sculpture,karl heinrich möller,schloßbrücke,0101,11001001,10178,,,,Q24915444,,52.5174825,13.3986916
3463835840,athena unterrichtet den jungen im waffengebrauch,sculpture,hermann schievelbein,schloßbrücke,0101,11001001,10117,,,,Q24915443,,52.5174668,13.3984649
3463835841,der jüngling wird von athena in neuen kampf geführt,sculpture,albert wolff,schloßbrücke,0101,11001001,10117,marble,1853,file:statue on bridge over spree river (28622965171).jpg,Q24915452,category:der jüngling wird von athena in neuen kampf geführt (albert wolff),52.517767,13.3984095
3463835842,der junge held wird von athena beschützt,sculpture,gustav blaeser,schloßbrücke,0101,11001001,10178,,,,Q24915445,,52.5177804,13.3986401
3463835844,iris trägt den gefallenen helden zum olymp empor,sculpture,august wredow,schloßbrücke,0101,11001001,10178,,,,Q24977010,,52.5177921,13.3988771
3463835845,nike krönt den sieger,sculpture,friedrich drake,schloßfreiheit,0101,11001001,10178,,,,Q24977009,,52.5174974,13.3989235
3463835846,nike lehrt den knaben heldensagen,sculpture,emil wolff,schinkelplatz,0101,11001001,10117,,,,Q25064541,,52.5174558,13.3982317
3463835847,nike richtet den verwundeten,sculpture,ludwig wilhelm wichmann,schloßbrücke,0101,11001001,10117,,,,,,52.5177435,13.3981738
3513338377,herkules im kampf mit dem nemeischen löwen,statue,johann gottfried schadow,am köllnischen park,0101,11001001,10179,sandstone,1791,"file:berlin,_mitte,_köllnischer_park,_herkules_im_kampf_mit_dem_nemeischen_löwen,_schadow_und_boy.jpg",Q26703182,category:herkules im kampf mit dem nemëischen löwen (conrad nicolaus boy after johann gottfried schadow),52.5130495,13.4153741
3530856515,,statue,,otto-ludwig-straße,0401,11004004,10623,,,,,,52.5045535,13.3225055
3561951258,drei nadeln,sculpture,achim kühn,sterndamm,0904,11009009,12487,steel,1993,,Q110445008,file:achim kühn windspiel 01.jpg,52.4435287,13.503411
3586058294,berlin history,sculpture,kani alavi,unter den linden,0101,11001001,10117,,,,,,52.5170619,13.3862073
3586058295,kesha,sculpture,"innokenti baranov, innokenti.de",spreegasse,0101,11001001,10178,,,,,,52.5202282,13.4029683
3586058296,o - bar,sculpture,ute faber,leipziger straße,0101,11001001,10117,,,,,,52.5109757,13.3933475
3586058303,,sculpture,,asternweg,1202,11012012,13629,,,,,,52.5527674,13.2919571
3609724210,kostümfest,mural,erwin damerow,peter-hille-straße,0911,11009009,12587,"ceramic, concrete",1967,,,,52.4535658,13.6208232
3609724218,puppenspieler,mural,erwin damerow,peter-hille-straße,0911,11009009,12587,"ceramic, concrete",1967,,,,52.4540528,13.6208681
3649710393,absent,mural,innerfields,walter-nicklitz-promenade,0106,11001001,13357,,,,Q115918144,,52.5483134,13.3722576
3661183031,tilted donut wedge with two balls,sculpture,,friedrichstraße,0202,11002002,10969,,,,Q25064524,file:berlin-kreuzberg_bessepark_tilted_donut_wedge_with_two_balls.jpg,52.5035251,13.3914352
3666632738,der letzte postilion,statue,hans schmidt,geisbergstraße,0701,11007007,10777,stone,1925,,Q122677828,"file:welserstraße, ecke geisbergstraße,berlin (9882423503).jpg",52.4974163,13.3420421
3666694557,johannes zwingli,statue,martin götze,rudolfstraße,0201,11002002,10245,bronze,1907,,Q129254943,"file:zwingli-kirche, rudolfstraße ecke danneckerstraße, berlin-friedrichshain (6344047053).jpg",52.5035684,13.4548054
3676215900,,sculpture,,rathausstraße,0101,11001001,10178,,,,,,52.5202568,13.4100287
3706775794,bär mit spielenden kindern,sculpture,vincenz repnik,bärenplatz,0406,11004004,13627,,2011,,,,52.5410749,13.2943636
3707252526,jim knopf,sculpture,,niebuhrstraße,0401,11004004,10629,,,,,,52.5047538,13.3150553
3707252527,lukas der lokomotivführer,sculpture,,niebuhrstraße,0401,11004004,10629,,,,,,52.5047851,13.3150183
3711007085,junger arbeiter,statue,christa sammler,große seestraße,0302,11003003,13086,,,,Q111142712,"category:junger arbeiter (christa sammler, berlin-weißensee)",52.5557264,13.4625287
3712887288,,mural,,goebenstraße,0701,11007007,10783,,,,Q113805546,,52.494378,13.3622601
3713588210,through the looking glass,mural,ute lindner,savignyplatz,0401,11004004,10623,,,,,,52.5052299,13.3223327
3724370517,,sculpture,dietrich arlt-aeras,richard-wagner-straße,0401,11004004,10585,bronze,1983,,Q123158053,file:skulptur richard-wagner-str 30 (charl) menschendarstellung&dietrich arlt-aeras&1983.jpg,52.5150006,13.3071424
3740646042,,statue,,rungestraße,0101,11001001,10179,wood,,,,file:sculpture bear köllnischer park berlin-mitte.jpg,52.5127787,13.4151499
3769770470,klinker-widder,statue,,rudolstädter straße,0402,11004004,10713,,,,Q114815571,,52.4870909,13.3035943
3781928047,pan mit doppelflöte,sculpture,ursula hanke-förster,biesestraße,0604,11006006,14165,bronze,1962,,Q78358252,,52.4251071,13.2576046
3783466951,schwermütige frauen,sculpture,gottlieb elster,prinz-handjery-straße,0604,11006006,14167,copper,,https://commons.wikimedia.org/wiki/file:gottlieb_elster_-_mutter_erde_fec.jpg,,,52.4270384,13.2644785
3786417057,quadriga mit victoria,statue,johann gottfried schadow,platz des 18. märz,0101,11001001,10117,,1793,,,,52.51627,13.3777021
3812670240,skulpturengarten im avk,sculpture,,rubensstraße,0701,11007007,12157,,,,Q2293079,,52.4643053,13.3461441
3817568959,lebensfreude,relief,karl blümel,erwin-bock-straße,0910,11009009,12559,sandstone;granite,1989,,,,52.440117,13.593739
3830247505,quelle (fluss stationen),sculpture,susanne specht,corneliusstraße,0104,11001001,10785,,,,Q110518833,category:quellstein (susanne specht),52.5061827,13.3513236
3830247506,wasserstein (fluss stationen),sculpture,susanne specht,corneliusstraße,0104,11001001,10787,stone,,,,,52.5067251,13.350077
3830247507,wassertor (fluss stationen),sculpture,susanne specht,corneliusstraße,0104,11001001,10787,,,,Q110517852,category:wassertor (susanne specht),52.5072177,13.3487943
3875090305,kunstaustellungsraum björn saul,,björn saul,karl-kunger-straße,0901,11009009,12435,,,,,,52.4898944,13.4491905
3900580951,skulptur für götz friedrich,sculpture,günther uecker,bismarckstraße,0401,11004004,10627,bronze,2008,https://commons.wikimedia.org/wiki/file:denkmal_bismarckstr_35_(charl)_g%c3%b6tz_friedrich2.jpg,Q121379250,category:skulptur für götz friedrich (günther uecker),52.5120508,13.3088998
3957504657,,,,friedrichsberger straße,0201,11002002,10243,,,,,,52.5204639,13.4348979
4010287438,der betrachter,sculpture,frank dornseif,riesaer straße,1005,11010010,12627,steel,1996,https://commons.wikimedia.org/wiki/file:riesaer_str_hellersdorf_2012-02-16_ama_fec_(2).jpg,Q108537805,category:der betrachter (frank dornseif),52.5297925,13.6245661
4010288621,der zeichner,sculpture,frank dornseif,riesaer straße,1005,11010010,12627,steel,1995,https://commons.wikimedia.org/wiki/file:skulptur_der_zeichner_berlin_1v2.jpg,Q108537843,category:der zeichner (frank dornseif),52.5299004,13.6235737
4066032465,mädchen mit apfel,sculpture,christa sammler,dietlindestraße,1103,11011011,10365,bronze,,,Q111143531,"category:mädchen mit apfel (christa sammler, berlin-lichtenberg)",52.5173182,13.5018801
4066702539,lichtenberg um 1780,mural,,rüdigerstraße,1103,11011011,10365,,,,,,52.5162765,13.4938738
4066901416,homunkulus,statue,,bornitzstraße,1103,11011011,10365,concrete,,https://commons.wikimedia.org/wiki/file:skulptur_bornitzstr_101_(liber)_homunkulus.jpg,Q118955043,"category:homunkulus (bornitzstraße, berlin-lichtenberg)",52.5205973,13.4958492
4070855923,,,,alter bernauer heerweg,0309,11003003,13125,,,,,,52.6663664,13.4759087
4097937029,offene berührung,sculpture,volkmar haase,schönwalder allee,0507,11005005,13587,steel,,,Q116888253,"category:offene berührung (evangelisches johannesstift berlin, volkmar haase)",52.5693298,13.1953794
4097937034,samariterbrunnen,sculpture,rolf fässer,schönwalder allee,0507,11005005,13587,,1999,https://commons.wikimedia.org/wiki/file:samariterbrunnen_rolf_f%c3%a4sser.jpg,Q123183254,category:samariterbrunnen (rolf fässer),52.5696928,13.1948469
4113586957,das ding,sculpture,susanne riée,uhlandstraße,0402,11004004,10715,,1968,https://commons.wikimedia.org/wiki/file:susanne_ri%c3%a9e_-_das_ding_01.jpg,Q110801565,,52.4844982,13.3224662
4127536100,woge auf kyanit,sculpture,volkmar haase,platanenallee,0507,11005005,13587,,,,Q116887279,,52.5682672,13.1930908
4127536107,waage,sculpture,volkmar haase,schönwalder allee,0507,11005005,13587,steel,,,Q116884365,"category:woge mit zwei kugeln (evangelisches johannesstift berlin, volkmar haase)",52.5691885,13.194593
4127743696,liebespaar,sculpture,,giesestraße,1004,11010010,12623,,,,Q108537197,,52.5139325,13.6075369
4161683990,dead chicken alley,graffiti,,rosenthaler straße,0101,11001001,10178,,,,,,52.5243118,13.4022758
4161715190,cosmonaut,mural,victor ash,oranienstraße,0202,11002002,10999,,2007,file:astronaut (dsc 5138) (15473672695).jpg,Q18915993,category:astronaut cosmonaut,52.499737,13.4229655
4204354393,,mosaic,walter womacka,weidenweg,0201,11002002,10243,,,,,,52.5178911,13.441792
4213705915,,mural,,unter den linden,0101,11001001,10117,,,,,,52.5165098,13.3803086
4224142271,pyramide,sculpture,josef erben,kurfürstendamm,0401,11004004,10707,,1987,,Q110965650,,52.5016097,13.3193556
4228609162,fischotter mit fisch,sculpture,august gaul,colomierstraße,0607,11006006,14109,,,https://commons.wikimedia.org/wiki/file:brunnen_colomierstr_3_%28wanns%29_fischotter%26august_gaul%261897.jpg,,,52.4287677,13.1652224
4237827407,,sculpture,,liebknechtbrücke,0101,11001001,10178,bronze,1997,https://photos.app.goo.gl/ftqkic2kdjpebv436,,,52.5186817,13.4027414
4266970499,nie wieder krieg,painting,studentenwohnheim,neue hochstraße,0106,11001001,13347,,,,,,52.5390107,13.375053
4267091825,,poster,,gartenstraße,0101,11001001,13355,,,,,,52.5339732,13.3851656
4267824687,venus und amor,sculpture,peter christian breuer,griechische allee,0909,11009009,12459,bronze,1925,,Q109998987,file:2010-11-12 berlin-oberschoenweide frau und amor - ama fec (1).jpg,52.4640781,13.518326
4329788962,spiel mit marionette,sculpture,joachim schmettau,budapester straße,0401,11004004,10789,,1984,,,,52.5048226,13.3364182
4329789137,,sculpture,joachim schmettau,budapester straße,0401,11004004,10789,bronze,1984,,,,52.5048695,13.3362995
4329818349,,mural,,sophienstraße,0101,11001001,10178,,,,,,52.5260652,13.4007155
4329873408,berlin,sculpture,eduardo chillida,willy-brandt-straße,0104,11001001,10557,,2000-10,https://photos.app.goo.gl/dtms5lytr7u29x4o7,Q67080041,category:berlin by chillida,52.5202262,13.3704874
4353173360,löwenkämpfer,statue,,bodestraße,0101,11001001,10178,,,https://photos.app.goo.gl/vrkcscgzjxfwywpt7,Q23954878,"category:löwenkämpfer (berlin, altes museum)",52.5191258,13.3988586
4353173363,amazone zu pferde,statue,,am lustgarten,0101,11001001,10178,,,https://photos.app.goo.gl/fujgt4nvqkbww64xa,Q24036911,"category:amazone zu pferde (berlin, altes museum)",52.5192739,13.3992475
4355240540,kissenbrunnen (plastik),sculpture,karol broniatowski,hugenottenplatz,0310,11003003,13127,"bronze,_beton",,https://commons.wikimedia.org/wiki/file:frzbuchholz_kissenbrunnen_hugenottenplatz_01.jpg,Q121338084,category:kissenbrunnen (karol broniatowski),52.606841,13.4209033
4356365064,große laufende,sculpture,jürgen pansow,rheingoldstraße,1102,11011011,10318,,,,Q109681103,,52.4832254,13.530824
4363579605,diana mit windhunden,sculpture,walter schott,kolonnade,0106,11001001,13357,bronze,,,Q27926535,category:volkspark humboldthain rosengarten jagende nymphe,52.5477323,13.3866571
4381117835,bisonbulle,statue,dietrich rohde,am tierpark,1101,11011011,10319,bronze,1961,,Q112965661,,52.4957774,13.5250466
4405706315,tanzende berolina,sculpture,axel anklam,hausvogteiplatz,0101,11001001,10117,,2004,https://upload.wikimedia.org/wikipedia/commons/2/2c/berlin%2c_hausvogteiplatz%2c_tanzende_berolina_von_axel_anklam.jpg,Q110253191,category:tanzende berolina by axel anklam,52.5128504,13.3969722
4418569518,o. t.,sculpture,pomona zipser,rudi-dutschke-straße,0202,11002002,10969,,1999..2000,,Q115990146,category:ohne titel (pomona zipser),52.5069302,13.3974918
4424580724,heinrich heine,sculpture,carin kreuzberg,köpenicker straße,0101,11001001,10179,,,,Q109654973,file:carin_kreuzberg_heinrich_heine_berlin.jpg,52.5108268,13.4158759
4433469471,grasendes fohlen,statue,renée sintenis,handjerystraße / renée-sintenis-platz,0702,11007007,12159,bronze,1929,,Q117837922,,52.4715435,13.3328196
4461609447,walfisch,sculpture,charles willard moore,am tegeler hafen,1202,11012012,13507,steel,,,Q115009921,,52.5909897,13.2808761
4463160895,,,,an der spandauer brücke,0101,11001001,10178,,,,,,52.5230431,13.4037422
4478911669,heinrich bettkober,statue,,linienstraße,0101,11001001,10178,,,,,file:skulptur linienstr 14 (mitte) friedrich wilhelm i-heinrich bettkober-.jpg,52.5269019,13.4144815
4495746638,,statue,,karl-marx-platz,0801,11008008,12043,,,,,,52.473637,13.4411418
4495746644,,statue,,karl-marx-platz,0801,11008008,12043,,,,,,52.4736689,13.4411045
4509204917,the missing house,,christian boltanski,große hamburger straße,0101,11001001,10115,,,,Q116729863,,52.5249966,13.3988702
4515284485,the wings,sculpture,daniel libeskind,rohrdamm,0503,11005005,13629,,,,Q110270861,category:wing (daniel libeskind),52.5375395,13.2641354
4532944244,säulenreihe,sculpture,karol broniatowski,roter platz,0802,11008008,12359,concrete,1992,,Q123414346,file:skulptur parchimer allee 109 (britz) kolonnaden&karol broniatowski&1992.jpg,52.4454649,13.4421285
4532944245,ontologia,sculpture,demetros anastasatos,roter platz,0802,11008008,12359,,,,Q111279934,,52.445277,13.4418813
4532944246,time-line,sculpture,matthias hollefreund,parchimer allee,0802,11008008,12359,steel,,,Q136440943,,52.4448718,13.4426433
4551949767,,,,petersburger straße,0201,11002002,10249,,,,,,52.5212336,13.450526
4552073711,atelier am ziegenhof,,,danckelmannstraße,0401,11004004,14059,,,,,,52.5145745,13.2904028
4559858218,apostel jakobus,statue,emil hopfgarten,oranienstraße,0202,11002002,10969,,1844,file:st-jacobi-kirche berlin statue.jpg,Q123224425,category:james the great statue (emil hopfgarten),52.5045722,13.4065983
4595203770,okazi gallery,,,türrschmidtstraße,1112,11011011,10317,,,,,,52.5027456,13.4793799
4664961670,drei mädchen und ein knabe,statue,wilfried fitzenreiter,vera-brittain-ufer,0101,11001001,10178,,,file:drei mädchen ein knabe (1).jpg,Q54945892,category:drei mädchen und ein knabe by wilfried fitzenreiter,52.5200544,13.4015202
4706621002,mutter mit kind,statue,manfred strehlau,massower straße,1101,11011011,10315,kunststein,1986,https://commons.wikimedia.org/wiki/file:2010-4-26_f%27felde_fec_ama.b_837.jpg,Q115476079,category:mutter mit kind (manfred strehlau),52.5073299,13.5120584
4710054535,die allegorie der wissenschaft,sculpture,albert wolff,propststraße,0101,11001001,10178,,,file:allegorie der wissenschaft-.jpg,Q110206261,category:allegorie der wissenschaft (albert wolff),52.5171037,13.407707
4710105245,"klio, muse der geschichte",sculpture,albert wolff,nikolaikirchplatz,0101,11001001,10178,,,file:klio_vorne.jpg,Q110206189,category:klio (albert wolff),52.5166014,13.4074062
4716554877,die sonnenanbeterin,statue,eberhard bachmann,waldowstraße,1110,11011011,13053,,,,Q107498083,category:die sonnenanbeterin,52.5482789,13.4868539
4718572712,elegie,statue,evgenia usimova,oberseestraße,1110,11011011,13053,,,,Q107484855,category:elegie (evgenia usimova),52.5489882,13.4864711
4729017885,segelflieger,statue,fritz ritter,syringenplatz,0301,11003003,10407,bronze,,https://commons.wikimedia.org/wiki/file:ritterplastiksegelfliegersyringenplatz_-_1.jpeg,Q110995479,category:segelflieger by fritz ritter,52.5344364,13.4579243
4729066226,,statue,erwin damerow,asternweg,0301,11003003,10407,artificial_stone,,,Q115728204,"category:bär (volkspark prenzlauer berg, erwin damerow)",52.5372775,13.4613217
4729090317,große liegende,statue,,weißenseer weg,1111,11011011,10369,,,,Q108635508,"category:große liegende (siegfried krepp, berlin-fennpfuhl)",52.5313195,13.4753259
4729095883,poetische stimmung,statue,anton ratio - rumänien 1987,paul-junius-straße,1111,11011011,10369,,,,Q108643052,category:poetische stimmung (anton ratiu),52.5275621,13.4760163
4729112926,zwei,statue,mohamed mustafa ali -syrien 1987,anton-saefkow-platz,1111,11011011,10369,,,,Q108641552,category:zwei (mohamed mustafa ali),52.5284174,13.4731271
4729112927,junges paar,statue,jürgen raue ddr 1987,anton-saefkow-platz,1111,11011011,10369,,,,Q108637996,category:junges paar (jürgen raue),52.5289657,13.4737849
4729112932,felicia,statue,janos seregi - ungarn 1987,paul-junius-straße,1111,11011011,10369,stone,,https://fennpfuhl.digital/img/statue/felicitas.jpg.webp,Q108632756,category:felicia (józsef seregi),52.5281423,13.4727556
4729112934,zwiesprache,statue,jürgen pansow ddr 1987,anton-saefkow-platz,1111,11011011,10369,stone,,,Q111152722,category:zwiesprache (jürgen pansow),52.5291444,13.4741472
4730391751,siegerin,statue,,friedrich-friesen-allee,0405,11004004,14053,,,,Q109911077,,52.5205014,13.2417341
4730391752,zehnkämpfer,statue,,prinz-friedrich-karl-weg,0405,11004004,14053,,,,Q109907305,,52.5207604,13.2414986
4730392865,ruhender athlet,statue,georg kolbe,prinz-friedrich-karl-weg,0405,11004004,14053,bronze,1936,https://commons.wikimedia.org/wiki/file:skulptur_jahnplatz_(westend)_ruhender_athlet%26georg_kolbe%261936.jpg,Q109911550,,52.520287,13.2400071
4730399170,stier,statue,,gutsmuthsweg,0405,11004004,14053,,,,Q115707660,,52.5198514,13.2399123
4730399172,kuh,statue,adolf strübe,gutsmuthsweg,0405,11004004,14053,bronze,1936,,Q115707752,,52.5200829,13.2396845
4738072904,orpheus mit tieren,sculpture,ernst herter,sylter straße,0105,11001001,13353,sandstone,1902,,Q114809870,"category:statue of orpheus, eckernförder platz (berlin-wedding)",52.5413581,13.3370477
4744975873,stehender jüngling,sculpture,michael kamprath (1918-1997),bonhoefferufer,0401,11004004,10589,,,https://photos.app.goo.gl/5n1ou7kvxlt1kw5y9,,,52.5220219,13.3024784
4749256052,zwei fohlen,sculpture,heinrich drake,ostendgestell,0909,11009009,12459,bronze,1936,,Q112842595,category:two foals (heinrich drake),52.4645482,13.5476639
4749370560,bärenmutter mit kind,sculpture,,zeppelinstraße,0909,11009009,12459,sandstone,1930,,,,52.4649662,13.5223483
4749370562,eule,sculpture,unknown,eichgestell,0909,11009009,12459,sandstone,,,Q115691855,,52.4647108,13.5414555
4749370563,wilde pferde,sculpture,joost van der velden,schloßplatz,0910,11009009,12555,bronze,2007,,Q115866007,"category:wilde pferde (schlossplatz, berlin-köpenick)",52.4447686,13.5742642
4749370564,trauernde,sculpture,fritz cremer,kiefholzstraße,0903,11009009,12437,granite; sandstone,1948,,Q109539998,category:die trauernde (fritz cremer),52.4605926,13.4936192
4749370565,drei männer,sculpture,gil topaz,straße am wald,0910,11009009,12555,"iron, cement, marble dust",2002,,,,52.4709466,13.5649261
4749370566,wäscherin,sculpture,hans-peter goettsche,friedrichshagener straße,0910,11009009,12555,bronze,1970,,Q110209646,"category:die wäscherin (goettsche, berlin)",52.4526028,13.5747585
4749370568,weiblicher akt,sculpture,karl trumpf,fontanestraße,0909,11009009,12459,bronze,1930,,,file:statue fontanestr 15 (obers) weiblicher akt&karl trumpf&1930.jpg,52.4658044,13.5174901
4756073350,junge pferde,statue,heinrich drake,dagobert-wiesmüller-platz,0912,11009009,12589,bronze,1956,,,,52.4389005,13.7208069
4756073352,visionen,sculpture,karl hillert,schönblicker straße,0912,11009009,12589,steel,2007,,,,52.438508,13.7207969
4758045501,bauarbeiter,sculpture,gerhard thieme,karl-liebknecht-straße,0101,11001001,10178,bronze,1968,,Q110160304,category:bauarbeiter (gerhard thieme),52.5254862,13.4132794
4761971608,erdkugel,sculpture,axel und cornelia schulz,ostendgestell,0909,11009009,12459,bronze,1980,,,,52.4626805,13.5497697
4762786036,badende,statue,walter lerche,möllhausenufer,0910,11009009,12557,bronze,1955,,Q109814226,,52.4154014,13.5998064
4770676793,,mural,the london police,bottroper weg,1202,11012012,13507,,2016,,,,52.5768504,13.2769374
4770676796,ballon,mural,jim avignon,neheimer straße,1202,11012012,13507,,2020,,Q111660935,"category:mural (jim avignon, artpark tegel)",52.5773499,13.2768746
4770676798,,mural,collin van der sluijs und super a,neheimer straße,1202,11012012,13507,,2016,,,,52.5772776,13.2756714
4770676799,,mural,hownosm,neheimer straße,1202,11012012,13507,,2016,,,,52.5767784,13.2756949
4770676801,,mural,pixel pancho,neheimer straße,1202,11012012,13507,,2016,,,,52.5765828,13.2725293
4770676803,,mural,fintan magee,bernauer straße,1202,11012012,13507,,2016,,,,52.5760802,13.2725571
4770687344,face time,mural,various & gould,heinrich-heine-straße,0101,11001001,10179,,2015,https://commons.wikimedia.org/wiki/file:wandmalerei_heinrich-heine-str_73_(mitte)_face_time%26various_gould%262015.jpg,Q121221759,,52.5058794,13.4121529
4770687345,unter der hand,mural,case maclaim,köpenicker straße,0101,11001001,10179,,2014,file:graffiti_berlin.jpg,Q113578738,category:unter der hand (case maclaim),52.5113262,13.4161827
4789620838,skulptur mitwelt,,,alt-buch,0309,11003003,13125,,,,Q107992516,,52.6356927,13.4990838
4791590562,,statue,,olympischer platz,0405,11004004,14053,,,,,,52.5159091,13.2423964
4791590563,rosseführer,statue,joseph wackerle,marchtunnel,0405,11004004,14053,,,,Q116971898,,52.5145629,13.236713
4791590564,rosseführer,statue,joseph wackerle,marchtunnel,0405,11004004,14053,,,,Q116971898,,52.5142554,13.2367779
4812243848,,statue,,biesentaler straße,0106,11001001,13359,,,,,,52.5568689,13.3870156
4812243849,,statue,,biesentaler straße,0106,11001001,13359,,,,,,52.5569104,13.3870907
4818863759,lebe im ganzen,sculpture,adolph diesterweg,spreepromenade,0101,11001001,10178,,,https://photos.app.goo.gl/dxamxmc4fdymeevv7,Q111008665,file:berlin denkmal diesterweg.jpg,52.5213232,13.4004082
4818864902,amazone zu pferde,statue,louis tuaillon,bodestraße,0101,11001001,10178,bronze,1985,file:sculpture in front of the neues museum.jpg,Q20925508,category:amazone zu pferde (berlin-tiergarten),52.5204188,13.3980879
4820651702,cannon,installation,,invalidensiedlung,1205,11012012,13465,,,,,,52.6590871,13.2843005
4820651703,cannon,installation,,invalidensiedlung,1205,11012012,13465,,,,,,52.6590836,13.284404
4828970445,morgendämmerung nr. 1,sculpture,berto lardera,händelallee,0103,11001001,10557,steel,,"https://commons.wikimedia.org/wiki/file:berto_ladera,_morgend%c3%a4mmerung_nr._1_(1958),_berlin-hansaviertel.jpg",Q110861774,,52.5167122,13.3424842
4834215021,brust oder keule,,,danziger straße,0301,11003003,10407,,,,,,52.5349581,13.4348713
4834844147,silberfisch im englischen garten,sculpture,alfred trenkel,altonaer straße,0104,11001001,10557,marble,1955,,Q111969447,category:silberfisch (alfred trenkel),52.5173363,13.3464677
4842240633,karpfenjule,sculpture,peter dietzsch,neue krugallee,0902,11009009,12435,bronze,1998,,Q115857353,,52.4836726,13.4799385
4848984608,geschwister,sculpture,theo balden,josef-nawrocki-straße,0911,11009009,12587,bronze,1974,file:friedrichshagen_müggelpark_skulptur_mutter_mit_kind.jpg,,,52.445077,13.6274346
4852417933,venus-statue,statue,,hohe brücke,0401,11004004,14059,bronze,,https://photos.app.goo.gl/nf1rx4waj5gxmkpba,Q109806526,,52.5252718,13.2930483
4865097815,ziegen,sculpture,stephan horota,thomas-mann-straße,0301,11003003,10409,bronze,,,Q135513393,file:skulptur ziegen thomas-mann-straße berlin-prenzlauer berg.jpg,52.5419545,13.4489336
4866985546,,,,klara-weyl-straße,1103,11011011,10365,,,,,,52.5225507,13.5056039
4868547737,riesen-picknicktisch,sculpture,daan den houter,rolandufer,0101,11001001,10179,,,file:picknicktisch high tea table daan den houter niederländische botschaft klosterstraße berlin-mitte 03.jpg,Q123329594,"category:high tea table (dutch embassy, berlin-mitte)",52.5150323,13.4120184
4876669036,lesser,sculpture,olaf nicolai,kantstraße,0401,11004004,10623,,,,Q123301665,"file:skulptur ""lesser"" von olaf nicolai vor dem hotel upper west (2017), kantstraße 163-165, berlin-charlottenburg.jpg",52.505037,13.3333536
4902348071,gegen die strömung,sculpture,eduard habicher,rolandufer,0101,11001001,10179,steel,,,Q119699839,file:gegen_die_stroemung_(eduard_habicher)_-_988-870-(118).jpg,52.5143836,13.4125652
4902348072,differenzierte berührung,sculpture,volkmar haase,wallstraße,0101,11001001,10179,metal,,file:volkmar_haase_-_differenzierte_berührung.jpg,Q116942797,,52.513928,13.4150733
4909071162,postschneckenstele,sculpture,nikolaus bode,marzahner promenade,1001,11010010,12679,"sandstein,_bronze",1989,https://commons.wikimedia.org/wiki/file:stelevoreastgatebusbahnhofmarzahn_-_3.jpeg,Q28192927,category:postschneckenstele,52.5427878,13.5431695
4909155615,studie zu goethes farbenlehre,mural,lothar gericke,rosenbecker straße,1001,11010010,12689,,1999,,Q119496109,category:studie zu goethes farbenlehre (lothar gericke),52.5707105,13.5720542
4909164843,"stehender, sitzende, liegende",statue,sylvia hagen,märkische allee,1001,11010010,12687,bronze,1989,https://commons.wikimedia.org/wiki/file:plastikenbadendemehrowerallee_-_1.jpeg,Q108732889,"category:stehender, sitzende, liegende (sylvia hagen)",52.5570278,13.5549134
4909294931,denkmal für die erbauer marzahns,statue,"karl hillert, karl-günter möpert",marzahner promenade,1001,11010010,12679,bronze,1988,https://commons.wikimedia.org/wiki/file:marzahner_promenade_marzahn_110408_ama_fec_(1).jpg,Q109681236,category:denkmal für die erbauer marzahns,52.5443238,13.54833
4910460734,frau,statue,karl lemke,volkradstraße,1101,11011011,10319,stone,1980,https://commons.wikimedia.org/wiki/file:baikalstr_volkradstr_berlin-frf_052-103.jpg,Q115476723,"category:female nude (volkradpassage, berlin-friedrichsfelde)",52.5001708,13.5053103
4910460735,mutter mit kind,statue,,baikalstraße,1101,11011011,10319,bronze,,https://commons.wikimedia.org/wiki/file:skulptur_mutter_mit_kind_volkradstra%c3%9fe_berlin-friedrichsfelde_02.jpg,Q115475573,"category:mother with child (volkradstraße, berlin-friedrichsfelde)",52.5000841,13.5054357
4912915065,stadtzeichen,sculpture,otto herbert hajek,fasanenstraße,0401,11004004,10623,,,,Q49665085,category:stadtzeichen,52.5090131,13.3292213
4913486506,löwe mit jungen schlägt schlange,statue,albert wolff,wilsnacker straße,0102,11001001,10559,bronze,,,Q115926053,category:löwe mit jungen schlägt schlange (albert wolff),52.5257005,13.351661
4916158390,werner steinbrink,statue,siegfried wehrmeister,mühlenbecker weg,1001,11010010,12679,,,,,category:werner steinbrinck,52.5473922,13.5502059
4916223578,der schreitende,statue,rolf biebl,berliner straße,0307,11003003,13189,bronze,1987,https://bildhauerei-in-berlin.de/wp-content/uploads/38b1cb3c-1827-4d4a-80e6-8ec2e6e0de8c.jpg,Q115626743,,52.5591776,13.4132798
4916242745,anmerkung,sculpture,eduard habicher,fischerinsel,0101,11001001,10179,steel,,,Q117321035,file:anmerkung (eduard habicher) - 1014-896-(118).jpg,52.5115904,13.4045356
4926288193,vegetative plastik i,sculpture,bernhard heiliger,altonaer straße,0103,11001001,10557,,,,,,52.5171273,13.3427374
4928770540,der kampf,statue,rudolf schweinitz,rüsternallee,0104,11001001,10557,,,,Q112116786,category:the fight (rudolf schweinitz),52.5167168,13.3615097
4928770541,der verwundete krieger,statue,ludwig brodwolf,rüsternallee,0104,11001001,10557,,,,Q112116788,category:the wounded soldier (ludwig brodwolf),52.516654,13.3617052
4928770542,die glückliche heimkehr des kriegers,statue,alexander calandrelli,rüsternallee,0104,11001001,10557,,,,Q112116781,category:homecoming of the soldier (alexander calandrelli),52.5164984,13.3615677
4928770543,abschied des kriegers von seiner familie,statue,hermann wittig,rüsternallee,0104,11001001,10557,,,,Q112116782,category:soldiers farewell (hermann wittig),52.5165664,13.3613592
4940562172,parodia,sculpture,eduard habicher,wallstraße,0101,11001001,10179,,,file:parodia (eduard habicher) - 1015-897-(118).jpg,Q117322420,,52.5121634,13.4074382
4941891932,"der mensch, das maß aller dinge",mural,walter womacka,friedrichsgracht,0101,11001001,10178,,2013-10-15,file:wandmosaik womacka der mensch das mass aller-dinge.jpg,Q127947019,"category:der mensch, das maß aller dinge (walter womacka)",52.5141554,13.4014435
4945711439,,,,werderscher markt,0101,11001001,10117,,,,,,52.5137708,13.4008245
4968514797,löwe,statue,august gaul,bodestraße,0101,11001001,10178,bronze,1904,,Q25212621,"category:""löwe"" (august gaul)",52.5202376,13.3985728
4968514798,bogenspannerin,sculpture,ferdinand lepcke,bodestraße,0101,11001001,10178,bronze,1905,,Q109954666,category:bogenspannerin (berlin-mitte),52.5205624,13.3992943
4968514799,der sämann,sculpture,constantin meunier,bodestraße,0101,11001001,10178,bronze,,file:museumsinsel berlin kolonnadenhof 7.jpg,Q1197240,category:der sämann (frankfurt am main),52.5206529,13.3976836
4968514800,große wäscherin,sculpture,auguste renoir,bodestraße,0101,11001001,10178,bronze,1917,,Q25352156,category:the monument (atelier van lieshout),52.5207223,13.3991978
4968514801,herkules mit dem nemeischen löwen,sculpture,max klein,bodestraße,0101,11001001,10178,bronze,1879,file:herkules mit dem nemeischen löwen von max klein - 01.jpg,Q24977020,category:herkules mit dem nemeïschen löwen (max klein),52.5205738,13.3979291
4968514802,gerettet,sculpture,adolf brütt,bodestraße,0101,11001001,10178,bronze,1887,,Q28007035,category:gerettet (berlin),52.5204754,13.3995087
4968514803,centaur und nymphe,sculpture,reinhold begas,bodestraße,0101,11001001,10178,bronze,1881..1886,"file:berlin, mitte, museumsinsel, alte nationalgalerie, kentaur mit nymphe von reinhold begas.jpg",Q24971191,category:kentaur und nymphe in berlin-mitte,52.52095,13.3987948
4969163773,,statue,,magnus-hirschfeld-ufer,0102,11001001,10557,,,,,,52.5219355,13.368296
4969171249,der rhein,statue,rudolf schweinitz,john-foster-dulles-allee,0104,11001001,10557,,,https://photos.app.goo.gl/qr8qvhrvztve2thj7,Q112115062,,52.5169632,13.3590342
4969171250,die elbe,statue,alexander calandrelli,john-foster-dulles-allee,0104,11001001,10557,,,https://photos.app.goo.gl/zjvtp75jn3bqsnxd8,Q112115050,,52.5169332,13.3592154
4969171251,die oder,statue,rudolf schweinitz,john-foster-dulles-allee,0104,11001001,10557,,,https://photos.app.goo.gl/cdrdxpvb7jtvmnlg9,Q112115014,,52.5169755,13.3594299
4969171252,die weichsel,statue,august wittig,john-foster-dulles-allee,0104,11001001,10557,,,https://photos.app.goo.gl/rasjdoyjngcrczhh6,Q112115064,,52.5170518,13.3595181
4973929342,diana,sculpture,reinhold felderhoff,bodestraße,0101,11001001,10178,bronze,1910,file:museumsinsel berlin kolonnadenhof 5.jpg,Q24039656,category:diana (berlin-mitte),52.5201086,13.3985806
4973929343,hunne zu pferde,statue,erich hösel,spreepromenade,0101,11001001,10178,bronze,1895,,Q24037779,category:hunne zu pferde,52.5210891,13.3987254
4983466522,wir sind das volk,sculpture,rolf biebl,,0102,11001001,10559,,2009,https://photos.app.goo.gl/kwzzehgghfzbfvsk7,Q114878383,category:wir sind das volk (rolf biebl),52.5227331,13.3474939
4985463831,,statue,,goeckestraße,1110,11011011,13055,limestone,,,,file:hohenschönhausen flusspferdhof 01.jpg,52.5383113,13.4903919
4985463832,,statue,,goeckestraße,1110,11011011,13055,limestone,,,,file:hohenschönhausen flusspferdhof 01.jpg,52.5382348,13.4902614
4986780891,mutter und kind,statue,theo balden,waisenstraße,0101,11001001,10179,bronze,1965,https://commons.wikimedia.org/wiki/file:skulptur_klosterstr_73a_(mitte)_mutter_und_kind_theo_balden_1965.jpg,Q111148896,"category:mutter mit kind (theo balden, berlin-mitte)",52.5182729,13.4129623
4994262216,skulptur,sculpture,hans uhlmann (1900-1975),bismarckstraße,0401,11004004,10627,steel,1961,https://commons.wikimedia.org/wiki/file:deutsche_oper_berlin_skulptur.jpg,Q110726719,category:skulptur vor der deutschen oper,52.5118932,13.3081782
4996093540,,sculpture,hildegard lutze-froese,rumeyplan,0703,11007007,12101,marble,2019,,Q136657950,file:skulptur rumeyplan 1 (temph) große stehende&hildegard lutze&2009.jpg,52.4763514,13.3814233
5001666725,auferstehender,statue,fritz cremer,klosterstraße,0101,11001001,10179,bronze,1983,https://commons.wikimedia.org/wiki/file:skulptur_klosterstr_73a_(mitte)_auferstehender_fritz_cremer_1983.jpg,Q109500731,category:auferstehender,52.5184135,13.412195
5001666726,radiator,sculpture,borgman; lenk,klosterstraße,0101,11001001,10179,,,,,,52.5183556,13.4124584
5027992479,hektor köpf skulptur,sculpture,markus lüpertz,am kupfergraben,0101,11001001,10117,bronze,,https://photos.app.goo.gl/qnk7jxywtwhrocdl9,Q113563005,file:skulptur am kupfergraben (mitte) hektor&markus lüpertz&2014.jpg,52.5221357,13.3936873
5062065442,frau mit schwan,statue,rené graetz,hönower weg,1101,11011011,10319,bronze,1974,https://photos.app.goo.gl/xuyyjo2e3bagqgqm7,Q109677536,file:skulptur r-graetz berlin-frf 171-276.jpg,52.4938502,13.499736
5062598424,riehmers hofgartensäule,sculpture,gerson fehrenbach,hagelberger straße,0202,11002002,10965,bronze,1986,,Q116458267,file:skulptur hagelberger str 9 (kreuz) riehmers hofgartensäule&gerson fehrenbach&1986.jpg,52.492219,13.3846356
5073608681,head over heels,sculpture,wolfgang stübner,arendsweg,1110,11011011,13055,,,,Q118261737,category:head over heels (wolfgang stübner),52.5351055,13.5051864
5088929024,dorfkirche marienfelde,sculpture,,an der wuhlheide,0909,11009009,12459,,,,,,52.4678442,13.5277086
5088929025,wasserwerk friedrichshagen,sculpture,,an der wuhlheide,0909,11009009,12459,,,,,,52.4675243,13.5273189
5088929026,rathaus köpenick,sculpture,,an der wuhlheide,0909,11009009,12459,,,,,,52.4676007,13.5273661
5088929027,schloss königs-wusterhausen,sculpture,,kastanienallee,0909,11009009,12459,,,,,,52.4676853,13.5272247
5088929028,kloster neuzelle,sculpture,,an der wuhlheide,0909,11009009,12459,,,,,,52.4676458,13.5269629
5088929029,bismarckturm,sculpture,,an der wuhlheide,0909,11009009,12459,,,,,,52.4673458,13.5286513
5088929030,humboldt-bibliothek,sculpture,,an der wuhlheide,0909,11009009,12459,,,,,,52.467495,13.5280949
5088929031,grunewaldturm,sculpture,,an der wuhlheide,0909,11009009,12459,,,,,,52.467836,13.5279367
5088929032,fortunaportal,sculpture,,an der wuhlheide,0909,11009009,12459,,,,,,52.4680129,13.5279207
5088929033,alexandrowka,sculpture,,an der wuhlheide,0909,11009009,12459,,,,,,52.467958,13.5280276
5088929034,kaiser-wilhelm-gedächtniskirche,sculpture,,an der wuhlheide,0909,11009009,12459,,,,,,52.4677545,13.5278753
5088929035,britzer mühle,sculpture,,an der wuhlheide,0909,11009009,12459,,,,,,52.4677488,13.5275765
5088929036,howoge niedrigenergiehaus,sculpture,,an der wuhlheide,0909,11009009,12459,,,,,,52.4675253,13.5275091
5088929037,schloss friedrichsfelde,sculpture,,an der wuhlheide,0909,11009009,12459,,,,,,52.4674714,13.5274595
5088929038,parkbühne wuhlheide,sculpture,,kastanienallee,0909,11009009,12459,,,,,,52.4675119,13.5274023
5088929039,schloss reichenow,sculpture,,an der wuhlheide,0909,11009009,12459,,,,,,52.4673499,13.5274107
5088929040,alter dorfkern,sculpture,,an der wuhlheide,0909,11009009,12459,,,,,,52.4673674,13.5276505
5088929041,fürstenberg/bredereiche,sculpture,,an der wuhlheide,0909,11009009,12459,,,,,,52.4671733,13.5280456
5088929042,deutsch-französisches volksfest,sculpture,,an der wuhlheide,0909,11009009,12459,,,,,,52.4673978,13.5279345
5088929043,schloss oranienburg orangerie,sculpture,,an der wuhlheide,0909,11009009,12459,,,,,,52.4673479,13.5280554
5088929044,schloss rheinsberg,sculpture,,an der wuhlheide,0909,11009009,12459,,,,,,52.4672689,13.5282624
5088929045,dorfkirche christdorf,sculpture,,an der wuhlheide,0909,11009009,12459,,,,,,52.4672292,13.5286686
5088929046,kloster stift,sculpture,,an der wuhlheide,0909,11009009,12459,,,,,,52.467355,13.5284838
5088929060,schloss köpenick,sculpture,,kastanienallee,0909,11009009,12459,,,,,,52.4676519,13.5274208
5088929061,u-bahnhof wittenbergplatz,sculpture,,kastanienallee,0909,11009009,12459,,,,,,52.4677083,13.5278096
5088929062,rathaus spandau,sculpture,,kastanienallee,0909,11009009,12459,,,,,,52.4676007,13.5281732
5088929063,pergamonmuseum,sculpture,,kastanienallee,0909,11009009,12459,,,,,,52.4675196,13.5279822
5088929065,frankfurter tor,sculpture,,kastanienallee,0909,11009009,12459,,,,,,52.4675012,13.52768
5088929066,jüdisches museum berlin,sculpture,,kastanienallee,0909,11009009,12459,,,,,,52.4675986,13.5277271
5088929067,reichstag,sculpture,,kastanienallee,0909,11009009,12459,,,,,,52.4676201,13.5280284
5088929068,zitadelle spandau,sculpture,,kastanienallee,0909,11009009,12459,,,,,,52.4676273,13.5283247
5088929069,glienicker brücke,sculpture,,kastanienallee,0909,11009009,12459,,,,,,52.4679083,13.5278652
5088929070,staatstheater cottbus,sculpture,,an der wuhlheide,0909,11009009,12459,,,,,,52.4678088,13.5269831
5118129278,interbau-freiplastik,sculpture,hans uhlmann,altonaer straße,0103,11001001,10557,,,,Q110727641,category:interbau-freiplastik (hans uhlmann),52.5179537,13.3428227
5140418371,hand mit uhr,sculpture,joachim schmettau,altonaer straße,0103,11001001,10555,bronze,1975,,Q15112130,category:hand mit uhr (joachim schmettau),52.5191616,13.3397835
5157154594,,sculpture,henry moore,hanseatenweg,0103,11001001,10557,bronze,,"https://commons.wikimedia.org/wiki/file:adk_berlin_hanseatenweg,_2.jpg",Q19759273,"category:reclining figure - henry moore (lh 402, akademie der künste berlin)",52.5182839,13.3461478
5157157140,liegende weibliche figur,sculpture,alfredo ceschiatti,altonaer straße,0103,11001001,10557,bronze,,file:skulptur altonaer str 14 (hansa) liegende&alfredo ceschiatti&1958.jpg,Q110153225,category:liegende (alfredo ceschiatti),52.5178712,13.3438601
5161529452,phönix,sculpture,bernd wilhelm blank,bundesplatztunnel,0402,11004004,10715,metal,,https://commons.wikimedia.org/wiki/file:infotafel_bundesplatz_berlin.jpg,Q111239354,,52.4789743,13.328607
5161529495,speerwerfer,statue,karl möbius,volksparksteg,0402,11004004,10715,bronze,1921,,Q110137599,,52.4826082,13.3307203
5166361430,verschlungene form,sculpture,paul brandenburg,wassertorstraße,0202,11002002,10969,,,,Q113320941,category:verschlungene form (paul brandenburg),52.499588,13.4101388
5173115192,denkmal für die gefallenen,sculpture,,alt-biesdorf,1002,11010010,12683,,,,Q112031723,category:world war i memorial (dorfkirche biesdorf),52.5091476,13.5549659
5195766311,장승,,,fabeckstraße,0605,11006006,14195,,,,,,52.4564363,13.2897646
5198395080,tor aus glasierten ziegelsteinen,architecture,"angelika baasner-matussek, ulrich greiwe",volmerstraße,0907,11009009,12489,glazed brick; concrete,1995,,,,52.4273544,13.539318
5201857554,kindergruppe,statue,hans klakow,ossietzkystraße,0311,11003003,13187,bronze,1967,,Q115627303,category:kindergruppe (1967 by hans klakow),52.5780137,13.4068956
5208882735,waschfrau,relief,"christian uhlig, ulrich städler",amtsstraße,0910,11009009,12555,ceramic,1990s,,,,52.4443288,13.5783415
5237698977,lumumba,sculpture,genni/jenny wiegmann-mucchis,garnisonkirchplatz,0101,11001001,10178,,2013-10-08,,Q114778503,category:lumumba (jenny wiegmann mucchi),52.5216126,13.4023949
5253735916,mutter mit totem sohn,statue,käthe kollwitz,unter den linden,0101,11001001,10117,bronze,,,Q116343888,category:pietà (neue wache),52.5179462,13.3955308
5261941736,der rufer,statue,sabina grzimek,garnisonkirchplatz,0101,11001001,10178,bronze,,file:skulpturengruppe sieben gesten des aufrechten ganges sabina grzimek garnisonkirchplatz berlin 02.jpg,Q114775040,category:sieben gesten des aufrechten ganges (garnisonkirchplatz),52.5220323,13.4019634
5261941737,aus dem wasser schreitender,statue,sabina grzimek,garnisonkirchplatz,0101,11001001,10178,bronze,,file:skulpturengruppe sieben gesten des aufrechten ganges sabina grzimek garnisonkirchplatz berlin 02.jpg,,category:sieben gesten des aufrechten ganges (garnisonkirchplatz),52.5220362,13.4019809
5261941738,die große palucca,sculpture,emerita pansowowá,garnisonkirchplatz,0101,11001001,10178,,,,Q114778028,category:große palucca (emerita pansowová),52.521735,13.4022877
5265017470,die vögel,sculpture,erich fritz reuter,gontermannstraße,0703,11007007,12101,bronze,,,Q117843452,,52.4805683,13.371831
5278677920,herkules,sculpture,matschinsky-denninghoff,reichpietschufer,0104,11001001,10785,,,https://commons.wikimedia.org/wiki/file:skulptur_reichpietschufer_50_(tierg)_herkules%26matschinsky-denninghoff%261972.jpg,Q110831264,category:herkules (matschinsky-denninghoff),52.5063003,13.3642097
5284218856,galerie in der victoriastadt,,,türrschmidtstraße,1112,11011011,10317,,,,,,52.5026859,13.4781104
5292020622,bär,sculpture,nikolaus bode,grünberger straße,0201,11002002,10243,sandstone,,,Q116491334,category:bär (nikolaus bode),52.512662,13.4522244
5299353950,fortuna,statue,josef rauch,karl-marx-straße,0801,11008008,12043,copper,1908,,Q129418161,,52.4813661,13.4350671
5310721709,,,,lewaldstraße,0301,11003003,10439,,,,,,52.5520736,13.4204854
5332552517,penrose-dreieck,installation,,historische ladestraße,0202,11002002,10963,,,,,,52.4983096,13.3794847
5354352623,2free space,sculpture,dirk bell,otto-suhr-allee,0401,11004004,10585,,2016-11-24,https://photos.app.goo.gl/vxhc7gyfir8ptpii7,Q123154181,,52.514081,13.3190047
5418829632,prometheus-wandbrunnen,sculpture,emil hundrieser,hardenbergstraße,0401,11004004,10623,,1901,https://photos.app.goo.gl/vsybeacvmzyq4ewza,Q49003550,,52.509299,13.3262796
5420782121,ziegen auf der brücke,statue,stephan horota,schulze-boysen-straße,1103,11011011,10365,bronze,1975,https://commons.wikimedia.org/wiki/file:skulptur_john-sieg-str_1_(liber)_ziegen_auf_der_br%c3%bccke%26stephan_horota%2619744.jpg,Q111008247,"category:ziegen auf der brücke (stephan horota, berlin)",52.5104647,13.4791047
5434155597,,sculpture,,rütlistraße,0801,11008008,12045,,,,,,52.4868663,13.4340019
5434156747,,sculpture,,rütlistraße,0801,11008008,12045,,,,,,52.4868461,13.4336523
5434156748,,sculpture,,rütlistraße,0801,11008008,12045,,,,,,52.4868155,13.433875
5469165960,junge sozialisten,statue,erwin damerow,bänschstraße,0201,11002002,10247,bronze,1969,,Q115748389,category:junge sozialisten (erwin damerow),52.51958,13.4585229
5476711804,shakespeare,sculpture,pam taylor,bismarckstraße,0401,11004004,10627,bronze,,https://commons.wikimedia.org/wiki/file:b%c3%bcste_shakespeareplatz_(charl)_william_shakespeare.jpg,Q121410069,category:shakespeare bust (pam taylor),52.5114961,13.3091225
5480621408,tangentiale berührung,sculpture,volkmar haase,lietzensee-ufer,0401,11004004,14057,steel,1990,,Q110392297,,52.5081325,13.292985
5481132449,theaterstele,stele,christa sammler,schumannstraße,0101,11001001,10117,bronze; stone,1983,,Q111148748,category:theaterstele (christa sammler),52.5237311,13.3821393
5495483743,der sämann,sculpture,,loeperplatz,1103,11011011,10367,,1915,,Q112054807,"category:der sämann (loeperplatz, berlin)",52.5214924,13.4798701
5536279950,jugend,statue,ingeborg hunzinger,schragenfeldstraße,1001,11010010,12685,sandstone,,,Q117421985,category:jugend (ingeborg hunzinger),52.5398363,13.5643513
5536279951,älteres paar,statue,ingeborg hunzinger,schragenfeldstraße,1001,11010010,12685,sandstone,,,Q117421892,"category:älteres paar (ingeborg hunzinger, berlin-marzahn)",52.5398888,13.5642863
5541023479,hanging,print,aya ben ron,alexanderufer,0101,11001001,10117,pvc,,,,,52.5262106,13.3743558
5554677717,hirsch,statue,rudolf siemering,tunnel tiergarten spreebogen,0104,11001001,10785,,,,,,52.5142496,13.3693441
5554677718,hirsch,statue,rudolf siemering,bremer weg,0104,11001001,10785,,,,,,52.5143904,13.3686
5581097376,doppelherme,sculpture,karl menzen,schreiberring,0703,11007007,12101,steel,1988,,Q116034299,,52.4807036,13.3798678
5599473324,nature morte,graffiti,roa,oranienstraße,0202,11002002,10999,,2011,file:mural nature morte roa oranienstraße berlin-kreuzberg.jpg,Q123237508,category:nature morte (roa),52.4996379,13.4259402
5630373105,schreitender mensch,sculpture,rüdiger preisler,ehem. görlitzer tunnel,0202,11002002,10999,steel,1992,,Q115959592,category:der schreitende mensch (rüdiger preisler),52.4967495,13.4368247
5632415801,kletternde kinder,sculpture,gerhard thieme,breite straße,0307,11003003,13187,bronze,,,Q111008715,category:kletternde kinder (gerhard thieme),52.5706127,13.4099386
5633363692,,statue,,mehringplatz,0202,11002002,10969,,,,,,52.4985096,13.3919836
5633363719,,statue,,mehringplatz,0202,11002002,10969,,,,,,52.4984942,13.3917149
5641233676,,graffiti,,parkaue,1103,11011011,10367,,,https://commons.wikimedia.org/wiki/file:graffitimauer_stadtpark_lichtenberg_berlin.jpg,Q120489888,,52.5172263,13.4761667
5694721810,,sculpture,,königsheideweg,0904,11009009,12487,,,,,,52.4534228,13.4927066
5694769473,kinder,sculpture,,südostallee,0904,11009009,12487,concrete,1953,,,file:südostallee 134 (berlin-johannisthal).jpg,52.454433,13.4985097
5694769475,kinder,sculpture,,südostallee,0904,11009009,12487,concrete,1953,,,file:südostallee 134 (berlin-johannisthal).jpg,52.4544984,13.4983557
5720000665,denkmal gustav hartmann,sculpture,gerhard rommel,potsdamer straße,0104,11001001,10785,,2000,,Q110992565,category:gustav hartmann memorial,52.5055869,13.3680836
5732104359,löwen-denkmal,sculpture,anton rückel,grunewaldstraße,0701,11007007,10779,,1952,,Q61768940,category:löwen-denkmal (berlin-schöneberg),52.4888353,13.3396908
5745180497,die aufgabe,statue,hans klakow,dolgenseestraße,1101,11011011,10319,bronze,1962,https://commons.wikimedia.org/wiki/file:dolgenseestra%c3%9fe_berlin-frf_095-146.jpg,Q115290833,"category:the task (klakow), dolgenseestraße",52.4957307,13.5016914
5745624120,,sculpture,,sonnenallee,0801,11008008,12057,,,,,,52.4676927,13.469445
5745626522,,sculpture,,sonnenallee,0801,11008008,12057,,,,,,52.4676126,13.4694189
5745626523,,sculpture,,sonnenallee,0801,11008008,12057,,,,,,52.4676016,13.4694377
5745626525,,sculpture,,sonnenallee,0801,11008008,12057,,,,,,52.4673571,13.4700828
5745626526,,sculpture,,sonnenallee,0801,11008008,12057,,,,,,52.4673745,13.4701082
5752325384,treblinka,sculpture,vadim abramovič sidur,amtsgerichtsplatz,0401,11004004,10627,,1979,,Q61450628,,52.5063495,13.2953028
5757069453,,sculpture,,jonasstraße,0801,11008008,12053,,,,,,52.4713401,13.4371511
5757069475,,sculpture,,schierker straße,0801,11008008,12051,,,,,,52.4712314,13.4371862
5757069499,,sculpture,,schierker straße,0801,11008008,12051,,,,,,52.4712881,13.4371673
5757069504,,sculpture,,schierker straße,0801,11008008,12051,,,,,,52.4711714,13.4372051
5759471879,genius mit fackel,statue,albert wolff,potsdamer straße,0701,11007007,10783,bronze,,,Q114834025,,52.4923403,13.3597284
5760250251,,sculpture,,nernstweg,0801,11008008,12057,,,,,,52.4742525,13.4660839
5760361169,david und goliad;david,sculpture,rolf biebl und clemens gröszer;rolf biebl,paul-junius-straße,1111,11011011,10369,stone;sandstone,,https://fennpfuhl.digital/img/statue/david-goliath.jpg.webp,Q113867525,"category:david und goliath (fennpfuhlpark, berlin)",52.5274937,13.473937
5760361172,windrad,stele,horst baudisch,weißenseer weg,1111,11011011,10369,,,,,,52.5306237,13.4760839
5760735597,vier allegorische figuren,sculpture,johann michael bossard,neue krugallee,0902,11009009,12435,shell limestone,1910,,Q127433587,file:berlin-plänterwald rathaus treptow bürgertugenden fleiß und gerechtigkeit.jpg,52.4836069,13.4800174
5766103592,red block colony,,,landsberger allee,0201,11002002,10249,,,,,,52.524838,13.4430902
5776485953,,mural,herakut;onur;wes21,stromstraße,0102,11001001,10551,,2018,file:wandmalerei stromstr 36 (moabi) as long ase you are standing&onur wes21 herakut&2018.jpg,Q111108265,category:as long as you are standing give at hand to those who have fallen,52.5313942,13.3429669
5777054158,gespaltenes dreieck,sculpture,volkmar haase,südweg,0802,11008008,12349,stainless steel,1972,,Q116445145,,52.4374791,13.4140606
5777054163,odin,sculpture,sebastian heinsdorff,hochthronweg,0802,11008008,12349,"steel,canvas",1985,,Q116394553,,52.4372123,13.4133622
5778409134,mondjahr,installation,gary rieveschl,haselnussweg,0802,11008008,12349,granite,1985,,,,52.4330453,13.4140106
5787865464,entfaltung,sculpture,volkmar haase,alexandrinenstraße,0202,11002002,10969,bronze,1962,,Q116445520,,52.5012365,13.4015289
5794297293,die goldene stunde,sculpture,renate wolff,luisenstraße,0101,11001001,10117,,,https://commons.wikimedia.org/wiki/file:skulptur_luisenstr_60_(mitte)_die_goldene_stunde%26renate_wolff%262017.jpg,Q73762189,,52.5261161,13.3792838
5802583813,vietnamesische mutter mit kind,sculpture,hans eickworth,müggelheimer straße,0910,11009009,12555,bronze,1970,,,"file:20250705 xl 1253-vietnamesische mutter mit kind, hans eickworth, bronze, 1970, neben müggelheimer straße39, angaben aus openstreetmap.jpg",52.4442557,13.5738397
5802583814,zwei giraffen,sculpture,hans-detlev hennig,schloßhof,0910,11009009,12557,bronze,1977,,Q115174037,"category:zwei giraffen (hans-detlev hennig, berlin-köpenick)",52.44238,13.57275
5818226927,,aircraft,,august-euler-straße,0506,11005005,14089,,,,,,52.47389,13.1439346
5818226928,,aircraft,,käthe-paulus-straße,0506,11005005,14089,,,,,,52.4739222,13.1456826
5818226929,,aircraft,,käthe-paulus-straße,0506,11005005,14089,,,,,,52.4739678,13.1449304
5818226930,,aircraft,,käthe-paulus-straße,0506,11005005,14089,,,,,,52.4738417,13.1446043
5818226931,,aircraft,,käthe-paulus-straße,0506,11005005,14089,,,,,,52.4734227,13.1445837
5818226932,,aircraft,,august-euler-straße,0506,11005005,14089,,,,,,52.4734391,13.144294
5818226933,,aircraft,,august-euler-straße,0506,11005005,14089,,,,,,52.4721148,13.1406714
5818226949,,aircraft,,august-parseval-straße,0506,11005005,14089,,,,,,52.4708282,13.1373525
5839518757,,mural,mto,warschauer straße,0201,11002002,10243,,,,Q111147544,category:mto (berlin mural fest 2018),52.5094321,13.4516825
5841411240,meinstein,mosaic,nadia khabi-linke,alfred-scholz-platz,0801,11008008,12043,basalt; granite; quartzite; gneiss; greywacke; glass,2013,,,file:meinstein – nadia kaabi-linke – aerial with person.jpg,52.4794224,13.4375114
5841873610,waffenbrüder,sculpture,gerhard thieme,august-euler-straße,0506,11005005,14089,bronze,1970,,Q119064290,file:luftwaffenmuseum gatow - panoramio.jpg,52.4728269,13.1410852
5843406505,pankower drillinge,sculpture,alexander poetschke,schönholzer straße,0307,11003003,13187,sandstone,1925,,Q116920118,,52.57068,13.3984416
5856777120,,sculpture,,schudomastraße,0801,11008008,12055,,,,,,52.472624,13.4525581
5893145624,galatea,statue,,bellevue-ufer,0104,11001001,10557,,,,,,52.5187064,13.3501543
5964778581,,sculpture,,wegelystraße,0401,11004004,10623,,,,,,52.515315,13.3344211
5964922268,,statue,,onkel-bräsig-straße,0802,11008008,12359,metal,,,,,52.4488295,13.4435424
5964922269,,sculpture,,onkel-bräsig-straße,0802,11008008,12359,stone,,,,,52.4489217,13.443455
5964931492,,statue,,onkel-bräsig-straße,0802,11008008,12359,metal,,,,,52.4488424,13.4435321
5964931937,,sculpture,,onkel-bräsig-straße,0802,11008008,12359,wood,,,,,52.4484323,13.4436228
6008049573,doppelskulptur „united enemies“,sculpture,thomas schütte,spandauer damm,0401,11004004,14059,bronze,,,Q116956665,,52.5187656,13.294924
6008049574,doppelskulptur „united enemies“,sculpture,thomas schütte,spandauer damm,0401,11004004,14059,bronze,,,Q116956665,,52.5187928,13.2948523
6031777535,liebespaar,sculpture,carin kreuzberg,amalienpark,0307,11003003,13187,bronze,1976,,Q109659433,,52.5722935,13.4140223
6082587755,,sculpture,,kurhausstraße,1206,11012012,13467,,,,,,52.6247074,13.2931065
6087575020,sitzende schwimmerin,statue,ludwig engelhardt,gertrudstraße,1110,11011011,13053,bronze,1960,,Q122170154,,52.549651,13.4845088
6087575021,badende,mural,angelika görner und heidi sabelus,gertrudstraße,1110,11011011,13053,keramik,1974,https://commons.wikimedia.org/wiki/file:orankesee_berlin_2022-03-05_1.jpg,Q122190051,,52.5502352,13.484288
6089835594,mutter mit kind,statue,sabina grzimek,freiastraße,1103,11011011,10365,bronze,1984,,Q77855468,"category:mutter mit kind (berlin, sabina grzimek)",52.5162561,13.4979626
6090008324,vögel,statue,monika spiess,coppistraße,1103,11011011,10365,concrete,1989,https://commons.wikimedia.org/wiki/file:skulptur_coppistr_10_(liber)_vogelbaum%26monika_spie%c3%9f%2619896.jpg,Q115221021,category:vogelbaum (monika spiess),52.5093962,13.4832418
6169944662,bär mit ball,sculpture,erich wurzer,traberweg,1102,11011011,10318,stone,,,Q115250616,,52.4800032,13.516767
6171061110,die kniende,statue,karl trumpf,ehrenfelsstraße,1102,11011011,10318,muschelkalk,1926,https://commons.wikimedia.org/wiki/file:skulptur_ingelheimer_str_(karlh)_die_kniende%26karl_trumpf%261926.jpg,Q109685484,"category:""kniende"" (karl trumpf)",52.4813349,13.5289452
6171081237,black sun press,sculpture,rolf szymanski,lindenstraße,0202,11002002,10969,bronze,,,Q880579,category:black sun press (rolf szymanski),52.5048684,13.3965897
6171092991,wasserträgerin,statue,rolf szymanski,lindenstraße,0202,11002002,10969,iron,,,Q1679586,category:wasserträgerin (rolf szymanski),52.5031333,13.3952356
6212367346,die löwenhäuser,mosaic,auszubildende des naturschutz- und grünflächenamtes neukölln,hannemannstraße,0802,11008008,12347,,2010-06-20,,,,52.4551495,13.4447148
6239188174,,sculpture,ansgar nierhoff,potsdamer straße,0104,11001001,10785,weathering_steel;granite,1982,https://commons.wikimedia.org/wiki/file:skulpturengruppe_die_bastion_ansgar_nierhoff_staatsbibliothek_zu_berlin_(berlin-tiergarten)_02.jpg,,category:die bastion (ansgar nierhoff),52.5075365,13.3696165
6239188175,,sculpture,ansgar nierhoff,potsdamer straße,0104,11001001,10785,weathering_steel;granite,1982,https://commons.wikimedia.org/wiki/file:skulpturengruppe_die_bastion_ansgar_nierhoff_staatsbibliothek_zu_berlin_(berlin-tiergarten)_02.jpg,,category:die bastion (ansgar nierhoff),52.5077107,13.3699218
6239188176,,sculpture,ansgar nierhoff,potsdamer straße,0104,11001001,10785,weathering_steel;granite,1982,https://commons.wikimedia.org/wiki/file:skulpturengruppe_die_bastion_ansgar_nierhoff_staatsbibliothek_zu_berlin_(berlin-tiergarten)_02.jpg,,category:die bastion (ansgar nierhoff),52.5075512,13.3699714
6256738467,,sculpture,,hansastraße,0302,11003003,13088,stone,,,Q135654844,file:skulptur hansastraße 125 berlin-weißensee.jpg,52.5501546,13.472961
6268586279,world map,painting,,alfred-scholz-platz,0801,11008008,12043,,,,,,52.4788978,13.4380644
6289102754,schwimmerin,sculpture,ernst wenck,hauptstraße,0701,11007007,10827,marble;shelly limestone,1928,https://upload.wikimedia.org/wikipedia/commons/1/1b/skulptur_schwimmerin_berlin_sch%c3%b6neberg.jpg,Q110071449,,52.4842363,13.3514989
6312742872,ruhender mann,sculpture,,stargardtstraße,1201,11012012,13407,,,,Q111582772,category:ruhender mann,52.5657421,13.3601953
6312743147,pan mit doppelflöte,sculpture,ursula hanke-förster,stargardtstraße,1201,11012012,13407,bronze,1962,,Q78357167,,52.5656228,13.3601171
6318381095,kugelstoßerin,statue,ludwig engelhardt,hartriegelstraße,0905,11009009,12439,bronze,1980,,Q110150721,,52.4487804,13.5296945
6318391059,leben,sculpture,heinz worner,hartriegelstraße,0905,11009009,12439,bronze;granite,1974,,Q111390062,category:life (heinz worner),52.4481252,13.5320228
6336000653,die kugelspielerin,statue,walter schott,alt-köpenick,0910,11009009,12555,bronze,1897,,Q100324339,category:kugelspielerin (walter schott) (köpenick),52.4455397,13.5740024
6341236836,leben in köpenick,sculpture,christian uhlig,oberspreestraße,0910,11009009,12555,concrete;sandstone;ceramics,1986,,,,52.4459891,13.5636149
6348033626,maja,statue,fritz klimsch,alter markt,0910,11009009,12555,bronze,1931,,Q109829219,,52.445235,13.5793307
6352060580,fischer,statue,hans-peter goettsche,alt-köpenick,0910,11009009,12555,bronze,1968,,Q111148815,"category:fischer (sculpture by hans-peter goettsche), berlin-köpenick",52.446558,13.5740569
6352060581,pantherkatze,sculpture,heinrich drake,alt-köpenick,0910,11009009,12555,bronze,1953,,Q115691662,,52.4461738,13.5737994
6352400384,schwarz-weißes paar,sculpture,jan skuin,schnellerstraße,0905,11009009,12439,"steel, granite",1995,,Q110454189,,52.4563417,13.5107367
6358821406,daphne,sculpture,karl hillert,müggelheimer straße,0910,11009009,12555,steel,1995,,,,52.44414,13.57538
6358821407,wäscherin,fountain,karl-günter möpert,müggelheimer straße,0910,11009009,12555,sandstone,1982,,Q113459141,category:wäscherin (karl-günter möpert),52.4440787,13.5745055
6358821408,robert schumann büste,bust,theo balden,freiheit,0910,11009009,12555,granite,1956,,,,52.44754,13.57653
6358821409,kinder mit schildkröte,sculpture,walter lerche,schloßhof,0910,11009009,12557,"bronze,brass",1972,,Q115685531,category:kinder mit schildkröte (walter lerche),52.44339,13.57341
6358821410,reiherbaum,sculpture,hans-peter goettsche,schloßhof,0910,11009009,12557,bronze,1975,,Q115180545,,52.4425,13.57317
6358821411,hühnerdieb,sculpture,hermann-joachim pagels,schloßhof,0910,11009009,12557,bronze,~1912,,Q115865309,category:hühnerdieb (hermann-joachim pagels),52.44241,13.57206
6358821412,torso,sculpture,karl hillert,schloßhof,0910,11009009,12557,bronze,1982,,Q109676270,category:torso (karl hillert),52.44328,13.57289
6358821413,meleagerstatue,sculpture,unknown,schloßhof,0910,11009009,12557,sandstone,late C17,,Q110006973,category:meleagerstatue (berlin-köpenick),52.4436599,13.5732862
6359991020,leitung und linie,installation,"veronike hinsberg, olf kreisel",johannes-kraaz-straße,0909,11009009,12459,steel,2013,,Q110272261,,52.4550504,13.5248623
6360691671,"vater, mutter und kind",sculpture,hans-detlev henning,ernst-grube-straße,0910,11009009,12555,bronze,~1965,,Q115690190,,52.4468496,13.5624506
6360691672,kindergärtnerin,statue,eberhard bachmann,oberspreestraße,0905,11009009,12439,"concrete,_sandstone",1961,"https://commons.wikimedia.org/wiki/file:oberspreestra%c3%9fe,_berlin-niedersch%c3%b6neweide,_451-556.jpg",Q115791098,,52.4511289,13.5388511
6370655306,ruhende mutter,sculpture,willy ernst schade,mittelheide,0910,11009009,12555,"muschelkalk, brick",1929,,Q117821317,,52.4627494,13.5857306
6373476790,eisbärengruppe,statue,hansjörg wagner,rosa-luxemburg-steg,0104,11001001,10787,,1986,https://photos.app.goo.gl/c6sfdjcm7gzi1diw8,Q117767011,category:eisbärengruppe (hansjörg wagner),52.5077309,13.3416184
6376026484,wilde pferde,sculpture,joost van der velden,schloßplatz,0910,11009009,12555,bronze,2007,,Q115866007,"category:wilde pferde (schlossplatz, berlin-köpenick)",52.444654,13.574012
6381250237,fischerin,bust,alfons łosowski,britzer straße,0905,11009009,12439,"granite,sandstone",1971,,Q112873672,category:fisherwoman (alfons łosowski),52.4556874,13.52038
6381250240,mensch und natur,sculpture,christian uhlig,schmollerplatz,0901,11009009,12435,ceramic,1977,,Q110458483,category:baumträume (christian uhlig),52.4900725,13.4446061
6381250241,reh,sculpture,werner richter,lohmühlenstraße,0901,11009009,12435,bronze,1966,,Q115857980,,52.4918956,13.4425644
6381250243,freizeit und lebensfreude,sculpture,senta baldamus,neue krugallee,0903,11009009,12437,bronze,1987,,Q109984864,category:freizeit und lebensfreude,52.47424,13.48811
6389108831,gedächtnisurne der marianne von schmettau,sculpture,,schloßhof,0910,11009009,12557,sandstone,after 1771,,Q111397025,category:memorial for marianne von schmettau,52.442317,13.5729737
6391241341,reiherbrunnen,fountain,hans-detlev henning,bölschestraße,0911,11009009,12587,copper,1971,,Q113612978,"category:reiherbrunnen (hans-detlev hennig, berlin-friedrichshagen)",52.4511907,13.6238187
6393758275,stute mit fohlen,sculpture,maria schockel-rostowskaja,neltestraße,0907,11009009,12489,bronze,1962,https://commons.wikimedia.org/wiki/file:stute_mit_fohlen_20140524_31.jpg,Q115789756,category:stute mit fohlen (berlin-adlershof),52.4405529,13.5363699
6404992815,,sculpture,,tümpelweg,1107,11011011,13059,,,,,file:landschaftsparkwartenbergskulptur.jpg,52.591205,13.5194885
6414362031,baum,sculpture,yoshimi hashimoto,uferpromenade,0901,11009009,12435,granite,1994,,Q110485851,category:tree (yoshimi hashimoto),52.49241,13.4661
6414362032,fenster,sculpture,mihai buculei,puschkinallee,0901,11009009,12435,sandstone,1979,,Q110472769,category:window (mihai buculei),52.49178,13.46523
6415126594,eisenmann,,,hardenbergstraße,0401,11004004,10623,,,,,,52.5071759,13.3297156
6415760186,0° breite,installation,ulrich brüschke,chausseestraße,0101,11001001,10115,steel,,,,,52.5329423,13.3761308
6415760187,0° breite,installation,ulrich brüschke,am pankepark,0101,11001001,10115,steel,,,,,52.5336883,13.3751088
6419117832,erben der spanienkämpfer,sculpture,emerita pansowova,möllendorffstraße,1103,11011011,10367,stone,1989,,Q108628682,category:erben der spartakuskämpfer (emerita pansowová),52.5145094,13.4790258
6420989677,drei totempfähle,statue,,am tierpark,1101,11011011,10319,wood,2018,,,,52.4983091,13.5249989
6425504226,junges paar,sculpture,doris pollatschek,allmersweg,0904,11009009,12487,bronze,1981,,Q115800697,category:junges paar (doris pollatschek),52.4512443,13.5104516
6426379603,sandalenbinder,statue,fritz röll,innerer parkring,0401,11004004,14057,bronze,1909,,Q109783492,,52.5045073,13.288106
6436609291,,mural,d*face,bülowstraße,0701,11007007,10783,,,https://photos.app.goo.gl/tqaxuec37kbo9qij7,Q111685245,file:shepard-fairey berlin bülowstraße.jpg,52.497066,13.3644564
6436744713,,mural,berlin kidz,bülowstraße,0701,11007007,10783,,,https://photos.app.goo.gl/cjzq8i2kyjjh2knm8,Q111701914,,52.4970796,13.3642997
6436744714,,mural,1up,bülowstraße,0701,11007007,10783,,,https://photos.app.goo.gl/ijvmb2n1n5caduxu6,Q111701862,,52.4970982,13.3642519
6436744715,,mural,james bullough,bülowstraße,0701,11007007,10783,,,https://photos.app.goo.gl/1ksexxt9kdg1obvw6,Q111699006,,52.4971043,13.3641994
6436744716,,mural,2501,bülowstraße,0701,11007007,10783,,,https://photos.app.goo.gl/dhpnzskrajekezuh9,Q111702701,,52.4971407,13.3641022
6436744726,,mural,shepard fairey,bülowstraße,0701,11007007,10783,,,https://photos.app.goo.gl/tqaxuec37kbo9qij7,Q111685279,file:shepard-fairey berlin bülowstraße.jpg,52.4970449,13.3645056
6436744727,,mural,word to mother,bülowstraße,0701,11007007,10783,,,https://photos.app.goo.gl/rvjjaex1wabgk7cx8,Q111686571,,52.4970118,13.3647945
6436744728,,mural,cyrcle,bülowstraße,0701,11007007,10783,,,https://photos.app.goo.gl/v4yqy2twwe512knza,Q111696189,,52.4970259,13.3647275
6438753607,hüter der schwelle,sculpture,torsten schlopsnies,feldweg,0704,11007007,12349,granite,2009,,Q115870011,,52.4308157,13.4073111
6445046907,kopf,sculpture,rüdiger roehl,adlergestell,0907,11009009,12489,stainless steel; acrylic glass,1997,,Q115806284,category:kopf (rüdiger roehl),52.4282168,13.552764
6445973315,strahlen der nacht,sculpture,"ingeborg hunzinger, wolfgang weber",am werksgarten,0910,11009009,12555,"bronze,ceramics",1969,https://commons.wikimedia.org/wiki/file:skulptur_friedrichshagener_str_9_(k%c3%b6pen)_die_macht_der_strahlen%26ingeborg_hunzinger%261969.jpg,Q109419339,category:die macht der strahlen (ingeborg hunzinger),52.4510823,13.5846402
6445973316,hirsch,sculpture,unknown,fürstenwalder damm,0911,11009009,12587,bronze,2002,,Q115574882,,52.4520749,13.6021001
6445973326,tag und nacht,sculpture,wolfgang weber,erwin-bock-straße,0910,11009009,12559,colored ceramics,,,,,52.4398587,13.5963035
6445973327,stehende figur,statue,stefan reichmann,strandschloßweg,0910,11009009,12559,bronze,1987,,Q109822073,,52.43902,13.59505
6445973328,knabe mit geige,sculpture,manfred strehlau,strandschloßweg,0910,11009009,12559,bronze,1988,,Q110008106,,52.43929,13.5956
6445973329,genesender,sculpture,alfred bernau,strandschloßweg,0910,11009009,12559,sandstone,1988,,Q109816483,,52.43959,13.59545
6445973330,sich schützender knabe,sculpture,marianne traub,strandschloßweg,0910,11009009,12559,bronze,1989,,,,52.43974,13.59513
6445973331,bathseba,sculpture,magnus kleine-tebbe,erwin-bock-straße,0910,11009009,12559,brick concrete,2010,,Q109830627,,52.4397146,13.5944749
6458119197,bär,sculpture,,gutschmidtstraße,0802,11008008,12351,,,,,,52.4365869,13.4505017
6458178283,hochtief-buddybär,statue,,schwimmeistertreppe,0606,11006006,14129,,,,,,52.438808,13.1778201
6458668803,katastrophenbrunnen,installation,eduardo paolozzi,südweg,0802,11008008,12349,steel,1985,,Q114346526,,52.43591,13.4218102
6458668804,tableau der erinnerung,installation,"klaus zillich, jürgen d. zilling, jasper halfmann",am römersgrün,0802,11008008,12347,,1985,,,,52.4387993,13.4235322
6458668805,versteinerte libellenthron,installation,karina raeck,südweg,0802,11008008,12349,stone,1985,,,,52.4320336,13.4169876
6458668806,steinzeichen,installation,gerson fehrenbach,an der neumark,0802,11008008,12347,stone,1984,,,,52.4362459,13.4168956
6458861118,dogs hole – tunnel-memorial,sculpture,torsten schlopsnies,ring i,0802,11008008,12349,granite,2009,,,,52.4294575,13.4271003
6458861119,stele mit zwei menschlichen figuren,sculpture,unknown,umweltbildungsfläche,0802,11008008,12349,stone,2002,,,,52.4288657,13.4274974
6467775271,salvador allende,,dietrich rohde,pablo-neruda-straße,0910,11009009,12559,bronze,1981,,Q111671751,category:bust salvador allende (dietrich rohde),52.4426566,13.5897981
6467775272,schaffner und schaffnerin,statue,arminius hasemann,eichenstraße,0901,11009009,12435,clinker,1927,,Q129652104,category:conductors (arminius hasemann),52.4962681,13.4542823
6467775273,bär,sculpture,arminius hasemann,eichenstraße,0901,11009009,12435,stone,1927,,Q117154692,"file:eichenstraße 4, berlin-alt-treptow, bärenskulptur, 452-557.jpg",52.4962134,13.4544955
6469790725,trauernde,sculpture,hans-peter goettsche,rudower straße,0910,11009009,12557,bronze,,,,,52.4436054,13.5654652
6469790726,igel,installation,klaus behr,ahornallee,0910,11009009,12555,concrete,,,,,52.4482924,13.566235
6472858309,fliegender amboss,sculpture,jan skuin,sterndamm,0904,11009009,12487,metal,1985,,Q110449805,category:fliegender amboss (jan skuin),52.4518233,13.508876
6479912563,,statue,,spreeufer,0101,11001001,10178,sandstone,1987,file:zwei löwen spreeufer nikolaiviertel berlin-mitte.jpg,,"category:two lions (spreeufer, berlin-mitte)",52.5155559,13.4067847
6479912564,,statue,,spreeufer,0101,11001001,10178,sandstone,1987,file:zwei löwen spreeufer nikolaiviertel berlin-mitte.jpg,,"category:two lions (spreeufer, berlin-mitte)",52.5155697,13.4067993
6484331128,quadriga aus buddy bears,sculpture,,kurfürstendamm,0401,11004004,10719,,,,,,52.5042382,13.3297471
6494473505,junge mit schwein,sculpture,arthur wellmann,köpenicker landstraße,0902,11009009,12437,red sandstone,1938,,Q113367202,,52.4772439,13.478827
6494473506,zwei frisierende mädchen,sculpture,arthur wellmann,köpenicker landstraße,0902,11009009,12437,red sandstone,1938,,Q113367449,,52.4767134,13.4795588
6494473507,obstmädchen,sculpture,arthur wellmann,köpenicker landstraße,0902,11009009,12437,red sandstone,1938,,Q113367781,,52.4765064,13.4799269
6494473508,fleischerjunge,sculpture,arthur wellmann,köpenicker landstraße,0902,11009009,12437,red sandstone,1938,,Q113368885,,52.4761536,13.480452
6494473509,mädchen mit milch,sculpture,arthur wellmann,köpenicker landstraße,0902,11009009,12437,red sandstone,1938,,Q113375692,category:mädchen mit milch (arthur wellmann),52.4753321,13.4816554
6494473510,schusterjunge,sculpture,arthur wellmann,köpenicker landstraße,0902,11009009,12437,red sandstone,1938,,Q113376830,category:schusterjunge (arthur wellmann),52.4749857,13.4821864
6494473511,apothekerjunge,sculpture,arthur wellmann,köpenicker landstraße,0902,11009009,12437,red sandstone,1938,,Q113376953,category:apothekerjunge (arthur wellmann),52.4747824,13.4824859
6494473512,bäckerjunge,sculpture,arthur wellmann,köpenicker landstraße,0902,11009009,12437,red sandstone,1938,,Q113377315,,52.4742293,13.4832978
6494473513,mann mit kindern,sculpture,arthur wellmann,köpenicker landstraße,0902,11009009,12437,concrete,1938,,Q113369114,,52.4758239,13.4808528
6494473514,frau mit karren,sculpture,arthur wellmann,köpenicker landstraße,0902,11009009,12437,concrete,1938,,Q113374578,category:frau mit karren (arthur wellmann),52.4756034,13.4811773
6494617533,zwei waschfrauen,relief,"christian uhlig, ulrich städler",kietzer straße,0910,11009009,12555,ceramic,1990s,,,,52.4443835,13.5779385
6494617534,wäscheleine,relief,"christian uhlig, ulrich städler",müggelheimer straße,0910,11009009,12555,ceramic,1990s,,,,52.4443277,13.5781225
6494617535,schwan,relief,"christian uhlig, ulrich städler",amtsstraße,0910,11009009,12555,ceramic,1990s,,,,52.4444278,13.5786474
6494617536,waschende katze,relief,"christian uhlig, ulrich städler",amtsstraße,0910,11009009,12555,ceramic,1990s,,,,52.444475,13.5788004
6494617537,fisch,relief,"christian uhlig, ulrich städler",amtsstraße,0910,11009009,12555,ceramic,1990s,,,,52.4442884,13.5796598
6497342833,badende,relief,berndt wilde,baumschulenstraße,0903,11009009,12437,marble,1979,,Q135271663,file:2020-04-12 - schwimmhalle baumschulenweg eingang.jpg,52.4701374,13.4936818
6497342834,art & peace,installation,matt lamb,eichbuschallee,0902,11009009,12437,painted steel,2010,,,,52.475081,13.4852605
6497342835,die sieben schwaben,sculpture,stephan horota,galileistraße,0902,11009009,12435,bronze,1970,,Q115857319,,52.4789396,13.4807407
6497342836,bär,sculpture,gerhard thieme,galileistraße,0902,11009009,12435,bronze,,,Q115856847,,52.4804084,13.4782706
6497342837,ehemals möwenbrunnen,sculpture,hans-peter goettsche,bergaustraße,0902,11009009,12437,bronze,,,,,52.4757925,13.4757024
6497342838,tanzpaar,sculpture,ingeborg hunzinger,köpenicker landstraße,0902,11009009,12435,bronze,1961,,Q115855921,,52.4793474,13.4743707
6506174191,boot,sculpture,lutz kommallein,abteibrücke,0901,11009009,12435,slate,1995,,Q113365876,,52.4872892,13.4806484
6506174192,große liegende,sculpture,ulrike truger,puschkinallee,0901,11009009,12435,rock,1988,,Q115864483,,52.4894884,13.4746429
6506174193,festivalblume,sculpture,achim kühn,puschkinallee,0901,11009009,12435,stainless steel,1973,,Q115864278,,52.4903527,13.4696455
6506174194,werdendes,sculpture,antonina wysocka-jonczak,caroline-tübbecke-ufer,0901,11009009,10245,stone,1978,,Q26690348,,52.4911852,13.4726273
6506174195,schwarzer panther,sculpture,pawel weselow,puschkinallee,0901,11009009,12435,granite,1967,,Q115864412,,52.4917315,13.469591
6506174196,säule,sculpture,ferenc kovacz,puschkinallee,0901,11009009,12435,sandstone,1979,,Q110484147,,52.4918499,13.468278
6506174197,wolf und storch,sculpture,stephan horota,puschkinallee,0901,11009009,12435,bronze,1968,,Q111008037,,52.4914278,13.4685905
6506174198,auf dem meeresgrund,sculpture,otto petri,am treptower park,0901,11009009,12435,limestone,1907,,Q115860232,,52.4848138,13.4727345
6514909885,die erde,statue,ingeborg hunzinger,oranienburger straße,0101,11001001,10178,bronze,1974,https://commons.wikimedia.org/wiki/file:skulptur_die_erde_ingeborg_hunzinger_monbijoupark_berlin-mitte_03.jpg,Q64339357,category:die erde (hunzinger),52.5232336,13.3961773
6515239377,ei im nest,sculpture,,rohrdommelweg,0802,11008008,12359,,2018,,Q123378917,,52.4387487,13.4734829
6515398506,,installation,frank thiel,friedrichstraße,0101,11001001,10117,,1998,,Q130404189,"file:checkpoint charlie, berlin - geo-en.hlipp.de - 13865.jpg",52.5075953,13.3903532
6521265872,anonymer kopf,sculpture,gil topaz,straße am wald,0910,11009009,12555,"marble, steel",,,Q114756446,,52.4713445,13.5653901
6521586307,wiedersehen - protest der frauen,sculpture,ingeborg hunzinger,puchanstraße,0910,11009009,12555,bronze,1994,,Q109418718,category:wiedersehen – protest der frauen (ingeborg hunzinger),52.4550075,13.5787421
6521586308,weiblicher akt,statue,hans-peter goettsche,mahlsdorfer straße,0910,11009009,12555,bronze,1968,,Q111148873,"category:weiblicher akt (hans-peter goettsche, berlin)",52.4629402,13.5831678
6521586310,polytechnischer unterricht,sculpture,erwin damerow,hoernlestraße,0910,11009009,12555,bronze,1962,,Q114757990,category:polytechnischer unterricht (erwin damerow),52.4642574,13.5771662
6535068695,einstein-pavillon,sculpture,yvonne kohlert,einsteinstraße,0301,11003003,10409,granite,1996,,Q64503906,category:einstein-pavillon,52.5399959,13.4451359
6535068696,albert & einstein,statue,anna franziska schwarzbach,einsteinstraße,0301,11003003,10409,bronze,,,Q64504055,category:einstein statue (berlin-prenzlauer berg),52.5401,13.4457123
6539353063,ruderer,relief,wilfried fitzenreiter,regattastraße,0913,11009009,12527,roman travertine,1968,,,,52.4127657,13.5861692
6539353064,,sculpture,,wassersportallee,0913,11009009,12527,iron,,,,,52.4175297,13.5822773
6539353065,der wächter,statue,ingeborg hunzinger,wassersportallee,0913,11009009,12527,roman travertine,2009,,,,52.417672,13.58252
6569014220,der geldzähler,statue,,invalidenstraße,0101,11001001,10115,,,,,file:mitte pappelplatz geldzählerbrunnen.jpg,52.5325715,13.3951496
6631367603,,stone,,südpassage,0105,11001001,13353,stone,,,,,52.5413271,13.3421002
6639881765,wachsender flügel,sculpture,karl hartung,hardenbergstraße,0401,11004004,10587,bronze,1963,https://photos.app.goo.gl/5shxtngvktkix4ai8,Q108098791,,52.5115769,13.3231075
6640206357,der rest,installation,paul pfarr,weststraße,0105,11001001,13353,metal,1977,,,,52.542137,13.339524
6640206358,denkmal für die verfolgten des dritten reiches,sculpture,gertrud bergmann,mittelallee,0105,11001001,13353,bronze,1964,,Q109646653,,52.5417683,13.3409952
6640206359,"frau, stierkopf, schmetterling",sculpture,karol broniatowski,westring,0105,11001001,13353,,1994,,,,52.5419127,13.3387354
6640206360,glasblätter,sculpture,raimund kummer,forum,0105,11001001,13353,glass,1994,,,,52.5423287,13.3395588
6640285064,buddy bear,statue,michaela chakraborty-pokorny,mittelallee,0105,11001001,13353,,,,,,52.5419209,13.3422625
6668764170,schwäbische flossfahrer,sculpture,peter lenk,gutzmannstraße,0604,11006006,14165,concrete,,,Q118499743,,52.4218764,13.2540666
6681227087,götter oder architekturale skulptur,sculpture,jacqueline diffring,grolmanstraße,0401,11004004,10719,bronze,2013,,Q123155725,file:skulptur kurfürstendamm 32 (charl) götter oder architekturale skulptur&jacqueline diffring&2013.jpg,52.5030276,13.3250802
6691371284,buddy bear sylt,,,uhlandstraße,0401,11004004,10719,,,,,,52.5022338,13.3254182
6691404844,fischfüßler,sculpture,albrecht genin,giesebrechtstraße,0401,11004004,10629,metal,,,Q116784667,,52.5027419,13.3090427
6694043507,hermes,sculpture,,alt-friedrichsfelde,1101,11011011,10315,,,,Q66310048,,52.5103798,13.5132243
6694696459,,sculpture,,scharounplatz,0104,11001001,10785,,,,Q66310851,category:historie und histologie. history-hysteria-histology,52.5084506,13.3687665
6695381549,adorant,statue,,leopoldplatz,0105,11001001,13353,bronze,,,Q109780817,"category:betender knabe (leopoldplatz, berlin-wedding)",52.5467993,13.3594367
6696691890,blumenskulptur,sculpture,,torfstraße,0105,11001001,13353,metal,,,Q136052972,file:wedding torfstraße grünfläche.jpg,52.5419408,13.3501167
6697407666,buddy bear,statue,,platz beuth,0105,11001001,13353,,,,,,52.5451188,13.3517911
6700730701,großes sonnenzeichen i,sculpture,rainer kriester,robert-rössle-straße,0309,11003003,13125,bronze,2001,,Q110339412,,52.6256977,13.5025701
6700828015,aufschwingende gruppe,sculpture,chrukin,blaschkoallee,0802,11008008,12359,,1963,,Q110966597,,52.4526273,13.4487723
6715196580,buddy bear tierpark,statue,gizz farrell,eingangsebene,0102,11001001,10557,,2007,https://photos.app.goo.gl/hlaum1r8yt5ysijo9,,,52.5253362,13.369081
6715216799,ortho-bär buddy bear,statue,,kurfürstendamm,0401,11004004,10719,,,,,,52.5024092,13.3229127
6736065254,buddy bear isf 2004,sculpture,,reinhardtstraße,0101,11001001,10117,,,,,,52.5227415,13.3831303
6736065256,denkzeichen,sculpture,stoebo – bogman & störmer,johannisstraße,0101,11001001,10117,beton,,,,"file:20230630 xl 063432193-denkzeichen für max reinhardt, hans poelzig und erik charell.jpg",52.5243119,13.3879164
6742470449,study-buddy-bär,statue,,hardenbergstraße,0401,11004004,10623,,2006,https://photos.app.goo.gl/u8xqvqeiuaezkngv8,,,52.5095764,13.325838
6742508495,schwarz-weiß-bären (buddy bears),sculpture,ricky racoon,kurfürstendamm,0401,11004004,10707,,,,,file:berlin-buddybears250-1-asio.jpg,52.50089,13.3133711
6743185324,charlotten-bär,statue,nana topchishvili,otto-suhr-allee,0401,11004004,10585,,,https://photos.app.goo.gl/5lb3v3onkj9epkj26,,,52.5169774,13.3079973
6745562880,flamingo,,,am tierpark,1101,11011011,10319,,,,,,52.5025971,13.5301263
6745725692,singing birds,sculpture,dominic benhura,am tierpark,1101,11011011,10319,stone,2008,,,,52.5030783,13.5299708
6756935685,swing me mama,sculpture,,gensinger straße,1101,11011011,10319,stone,,,,,52.5039449,13.5294316
6757049827,nashorn,sculpture,stephan horota,aussichtsberg,1101,11011011,10319,bronze,,,Q117534345,,52.5022112,13.5318421
6757350666,bärenskulptur,sculpture,hans bautz,knüppeldamm,0401,11004004,14059,stone,,,Q117706674,,52.5281867,13.293056
6760139872,reiterskulptur,sculpture,,heidelberger platz,0402,11004004,14197,stone,,,,,52.4786224,13.3118657
6760139873,buddy bear - schlaubär,statue,andreas bitter,heidelberger platz,0402,11004004,14197,,,,,,52.4786216,13.3117068
6766861385,erdkugel mit parabelform,sculpture,hans-joachim roszinski,iranische straße,0106,11001001,13347,bronze,1963,https://bildhauerei-in-berlin.de/wp-content/uploads/6b1288da-ba0f-444d-b16d-0fd0c05f5e6e-1365x2048.jpg,Q116215142,file:skulptur iranische str 4 (gesund) erdkugel mit parabelform.jpg,52.5547858,13.3671743
6769516677,fassadengestaltung,mural,leni schamal,helga-hahnemann-straße,0905,11009009,12439,ceramic,1968,,Q130427637,file:mosaik hasselwerderstr 22a (niesw) alte kita.jpg,52.4575556,13.5168341
6769516678,giant tulip,sculpture,melanie schmidt,hasselwerderstraße,0905,11009009,12439,"stainless steel, synthetic resin",2012,,Q112861610,,52.4576177,13.5178614
6769979834,hauptmann von köpenick,sculpture,bonifatius stirnberg,am bahndamm,0910,11009009,12555,bronze,,,,,52.4586268,13.577061
6772074821,,sculpture,,tälchenweg,0701,11007007,10829,,,,,,52.4623572,13.3592201
6772074829,,sculpture,,tälchenweg,0701,11007007,10829,,,,,,52.4598539,13.3585341
6772074830,,sculpture,,tälchenweg,0701,11007007,10829,,,,,,52.4603176,13.3588372
6772074834,,sculpture,,tälchenweg,0701,11007007,10829,,,,,,52.4601092,13.3587574
6772074835,,sculpture,,tälchenweg,0701,11007007,10829,,,,,,52.4600279,13.3586904
6772074836,,sculpture,,tälchenweg,0701,11007007,10829,,,,,,52.4599728,13.3587058
6772074837,,sculpture,,tälchenweg,0701,11007007,10829,,,,,,52.4598735,13.3586944
6772074838,,sculpture,,tälchenweg,0701,11007007,10829,,,,,,52.4599323,13.3586139
6772074839,,sculpture,,tälchenweg,0701,11007007,10829,,,,,,52.4598049,13.3586709
6772074840,,sculpture,,tälchenweg,0701,11007007,10829,,,,,,52.4597746,13.3585469
6772074841,,sculpture,,tälchenweg,0701,11007007,10829,,,,,,52.4597595,13.3586508
6772074842,,sculpture,,tälchenweg,0701,11007007,10829,,,,,,52.4597203,13.3586334
6772074844,,sculpture,,tälchenweg,0701,11007007,10829,,,,,,52.4595577,13.3585596
6781437845,mahnmal gegen kindesmissbrauch,installation,johannes heibel,eichgestell,0909,11009009,12459,metal,2001,,,category:memorial against child abuse (fez berlin),52.4604328,13.550182
6783395600,viehzüchterin,statue,werner richter,bruno-taut-straße,0908,11009009,12524,sandstone,1983,,,,52.4128574,13.5716826
6785402572,eisbär,statue,,am tierpark,1101,11011011,10319,stone,,,,,52.4980291,13.5249458
6790334687,congratiolations,sculpture,washington msonza,am tierpark,1101,11011011,10319,stone,,,,,52.4992702,13.5266005
6814483544,,,,wrangelstraße,0202,11002002,10997,,,,,,52.4986426,13.4412004
6815621341,buddy bear,statue,,westring,0105,11001001,13353,,,,,,52.5415297,13.3384672
6815725621,mehr licht,sculpture,michel de broin,versorgungstunnel regierungsviertel,0101,11001001,10117,,2014,,,,52.5204971,13.3792944
6815725622,miracolo - l’idea di un’immagine,sculpture,marino marini,schiffbauerdamm,0101,11001001,10117,bronze,,,Q116303408,category:miracolo - l'idea di un'immagine (marino marini),52.5197563,13.3781221
6816208738,,graffiti,,glasower straße,0801,11008008,12051,,,,,,52.4648544,13.4416983
6828545830,eule,statue,egon stolterfoht,theodor-francke-straße,0703,11007007,12099,bronze,,,Q114220313,,52.4613627,13.3873656
6828629952,jüngling mit speer,statue,bernhard bleeker,innerer parkring,0401,11004004,14057,bronze,,,Q109795718,,52.5078249,13.2869489
6829912189,regenbogenstele,sculpture,salomé,nollendorfplatz,0701,11007007,10777,,2000,,,,52.4992923,13.3527473
6832669302,25 jahre deutsche einheit,sculpture,,in den ministergärten,0101,11001001,10117,,,,,,52.5117873,13.3777835
6832669303,wir,sculpture,stephan guber,in den ministergärten,0101,11001001,10117,wood,2017,file:skulptur ebertstr 16 (mitte) wir&stephan guber&2017.jpg,Q125822325,category:wir (stephan guber),52.5120945,13.3773284
6835710239,meine welt gemeinsam gestalten,discs,nicolas freitag; anja röhling; various artists,kindl-treppe,0801,11008008,12053,,,,,,52.4798437,13.4321689
6848662229,pergamon,installation,yadegar asisi,georgenstraße,0101,11001001,10117,,,,Q62699853,,52.5208816,13.3933427
6870484758,que vai,sculpture,robert schad,corneliusstraße,0104,11001001,10787,steel,,,Q110509670,,52.5066995,13.3501958
6870484759,2-stein,sculpture,hartmut stielow,corneliusstraße,0104,11001001,10787,,,,Q110517561,category:2-stein (hartmut stielow),52.5066301,13.3501817
6870484763,plastisches objekt,sculpture,udo g. cordes,lützowufer,0104,11001001,10785,,1990,,Q110526097,,52.5052714,13.3531107
6870484764,torblock,sculpture,volker bartsch,lützowufer,0104,11001001,10785,,1990,,Q110665267,category:torblock (volker bartsch),52.5053195,13.3532824
6870484765,3-x-90,sculpture,ernest altés,lützowplatz,0104,11001001,10785,,1990,https://commons.wikimedia.org/wiki/file:luetzowplatz.3-x-90.jpg,Q110527185,,52.5052175,13.3534285
6870484766,herkules und der erymanthische eber,statue,louis tuaillon,lützowplatz,0104,11001001,10785,bronze,1967,,Q24976704,"category:""herkules und der erymanthische eber"" (louis tuaillon)",52.5046575,13.3525394
6870484767,huksos,sculpture,erwin fabian,lützowplatz,0104,11001001,10785,metal,2018,,Q113951323,,52.5044658,13.3517609
6877267026,baboons,statue,maud mariah,richard-kolkwitz-weg,1101,11011011,10319,stone,2002,,,,52.5000358,13.5295548
6885026942,beefeater,statue,andrej bitter senior,potsdamer platz,0104,11001001,10785,,,,,,52.5101192,13.3753033
6893571766,mutter mit kind,statue,reinhold felderhoff,dietzgenstraße,0311,11003003,13156,bronze,1911,,Q43202953,category:mother with child (reinhold felderhoff),52.5841555,13.4037159
6895101316,,sculpture,,karl-marx-allee,0101,11001001,10178,,,,Q71385413,category:der ratgeber (christine gersch),52.5211666,13.4228453
6895152828,,sculpture,christine gersch,florastraße,0307,11003003,13187,stone,,,Q71387543,category:pocketpark florastrasse 87 (christine gersch),52.565893,13.3991314
6909275917,rotkäppchen und der wolf,sculpture,,kerstenweg,0509,11005005,13581,,,,Q114866894,category:rotkäppchen und der wolf (skulptur),52.5284692,13.1967164
6912309040,blau-bogen-wiese,sculpture,leslie robbins,may-ayim-ufer,0202,11002002,10997,,,https://commons.wikimedia.org/wiki/file:blau-bogen-wiese_2.jpg,Q116270966,,52.5014264,13.4442797
6912309045,stehende figur vor reliefkörpern,sculpture,andreas frömberg,may-ayim-ufer,0202,11002002,10997,bronze,,https://photos.app.goo.gl/ufqe8wketzgruffz9,Q116455312,category:stehende figur vor reliefkörpern,52.5012457,13.4439436
6912309059,puppenruhe,sculpture,louis niebuhr,oberbaumstraße,0202,11002002,10997,,,,Q116291939,category:puppenruhe (louis niebuhr),52.5009639,13.4434998
6912309062,die begegnung,sculpture,azade köker,oberbaumstraße,0202,11002002,10997,,,https://photos.app.goo.gl/3rtnm5azshdgh6xw8,Q116355221,category:die begegnung (azade köker),52.5011566,13.4437756
6912309069,dove vai,sculpture,andreas wegner,schlesische straße,0202,11002002,10997,,,https://commons.wikimedia.org/wiki/file:dove_vai.jpg,Q108608349,category:dove vai (andreas wegner),52.5006808,13.4429863
6912309077,raumlinie,sculpture,rudolf valenta,may-ayim-ufer,0202,11002002,10997,,,https://commons.wikimedia.org/wiki/file:raumlinie.jpg,Q116186057,category:raumlinie (rudolf valenta),52.5013093,13.4440672
6928041125,one world-bär,statue,annett schulz,stresemannstraße,0202,11002002,10963,,,,,,52.5056136,13.3812054
6928042485,rixi bär,statue,andreas bitter senior,karl-marx-straße,0801,11008008,12043,,,,,,52.4811891,13.4352456
6937692185,,mural,,wilhelmstraße,0202,11002002,10963,,,,,,52.5013409,13.388981
6937692285,elefant mit weltballon,mural,jadore tong,franz-klühs-straße,0202,11002002,10963,,2016,https://commons.wikimedia.org/wiki/file:wandmalerei_wilhelmstr_7_(kreuz)_elefant%26jadore_tong%262016.jpg,Q113137328,"category:wandmalerei elefant wilhelmstraße 7, berlin",52.5010441,13.3897331
6937692385,,mural,,wilhelmstraße,0202,11002002,10963,,,,,,52.5016297,13.3891778
6938916988,victor,statue,andreas bitter junior,am friedrichshain,0301,11003003,10407,,,,,,52.5287553,13.4287168
6939421149,vier bären,statue,,kirchstraße,0102,11001001,10557,stone,,https://photos.app.goo.gl/yycfvcgedhofpeqy8,Q108510293,category:bär (günter anlauf),52.5218421,13.3485816
6940411686,titanic bär,statue,andrej bitter senior,chausseestraße,0101,11001001,10115,,,,,,52.5321753,13.3812645
6948706533,wings of mexico,sculpture,jorge marín,rauchstraße,0104,11001001,10785,bronze,,https://commons.wikimedia.org/wiki/file:20140309.stan_persky_wings_of_mexico.jpg,Q121317483,,52.508321,13.3512184
6950486087,göttin,mural,alfalfa aka nicolás sánchez,mommsenstraße,0401,11004004,10629,,,,Q111588399,,52.5034652,13.3048257
6950486088,see me,mural,herakut,lewishamstraße,0401,11004004,10629,,2019-11,,,,52.5041358,13.3035214
6952483871,departure,mural,bustart,neheimer straße,1202,11012012,13507,,2020,,Q111657937,category:departure (bustart),52.5768891,13.2737821
6952483872,2268miles & luchadora pachamama,mural,tankpetrol & queenkong,bernauer straße,1202,11012012,13507,,2019-07,,,,52.5763911,13.2738279
6955096942,bogenspannerin,statue,ferdinand lepcke,normannenstraße,0606,11006006,14129,bronze,,,Q109951719,,52.4311735,13.1944643
6966390492,"der rufer, der seher, der schnüffler",sculpture,rüdiger roehl,sterndamm,0904,11009009,12487,"steel, wood",1995,,Q110484423,,52.4435024,13.5024494
6966490134,satisfied mind,mural,james bullough;kkade;onur,sickingenstraße,0102,11001001,10553,,2023,https://photos.app.goo.gl/pxnlmvnabavjkztw6,Q134837629,file:mural satiesfied mind sickingenstraße berlin-moabit 02.jpg,52.5333877,13.3273084
6972728424,figurentanz,sculpture,schang hutter,beusselbrücke,0102,11001001,10553,metal,1991,file:skulptur beusselbrücke (moabit) figurentanz&schang hutter&1991.jpg,Q126416440,category:figurentanz (schang hutter 1991),52.5338029,13.3283794
6972728425,figurentanz,sculpture,schang hutter,beusselstraße,0102,11001001,10553,metal,1991,file:skulptur beusselbrücke (moabit) figurentanz&schang hutter&1991.jpg,Q126416440,category:figurentanz (schang hutter 1991),52.5346293,13.3283485
7042461307,stehendes paar,statue,sabina grzimek,gubitzstraße,0301,11003003,10409,bronze,1968,https://commons.wikimedia.org/wiki/file:sabina_grzimek_stehendes_paar.jpg,Q77863053,category:stehendes paar (sabina grzimek),52.5478755,13.436319
7052492435,bücher,sculpture,ursula hanke-förster,beuckestraße,0604,11006006,14163,stone,,,Q78209502,,52.4319159,13.2557123
7052712752,hinweis- und orientierungsplastik falkenhagener feld,sculpture,ursula hanke-förster,falkenseer chaussee,0508,11005005,13583,metal,,,Q78219450,category:hinweis- und orientierungsplastik falkenhagener feld,52.5480586,13.18327
7053898245,,sculpture,,place molière,1209,11012012,13469,,,,Q78297088,category:vögel (ursula hanke-förster),52.5995997,13.3180966
7054095794,maternal ii,sculpture,ursula hanke-förster,bienwaldring,0803,11008008,12349,bronze,1979,https://commons.wikimedia.org/wiki/file:skulptur_bienwaldring_31-35_(buck)_maternal_ii%26ursula_hanke-f%c3%b6rster%261979.jpg,Q78304640,,52.4215355,13.4229515
7054291857,große kopf-figuration,sculpture,ursula hanke-förster,obstallee,0504,11005005,13593,,,,Q78313375,category:große_kopf-figuration_(ursula_hanke-förster),52.5208253,13.1674189
7054549035,jungen mit drachen,sculpture,ursula hanke-förster,am gemeindepark,0603,11006006,12249,bronze,,,Q78325056,,52.4298837,13.3494151
7099632693,,,,rudower straße,0803,11008008,12351,,,,,,52.4358354,13.4589325
7113413283,buddy bear weltumsegler,statue,,pariser straße,0402,11004004,10719,,,https://photos.app.goo.gl/ahymnndslx2m3qma7,,,52.4970424,13.3235042
7121617018,bauarbeiter,sculpture,evelyn nitzsche-hartnick,stiftsweg,0307,11003003,13187,bronze,,,Q81606393,category:bauarbeiter (evelyn hartnick),52.5751418,13.4183789
7122097583,fünf-kinder-tröpfelbrunnen,statue,evelyn hartnick-geismeier,leipziger straße,0101,11001001,10117,bronze,,,Q81517591,"category:fünf-kinder-tröpfelbrunnen (evelyn hartnick, berlin-mitte)",52.5105733,13.3996618
7122126580,otto-nagel-zyklus,installation,evelyn hartnick,lessingstraße,0313,11003003,13158,bronze,1974,,Q81628844,"file:130605-wilhelmsruh, kurze straße 5-6, denkmal otto nagel.jpg",52.5895803,13.356221
7122434517,fünf-kinder-tröpfelbrunnen,sculpture,evelyn hartnick,theodor-brugsch-straße,0309,11003003,13125,brick,,,Q81638188,,52.6296198,13.5010638
7141438108,vietnamesische mutter mit kind,sculpture,hans-peter goettsche,peter-hille-straße,0911,11009009,12587,bronze,1972,,Q115513579,,52.4541902,13.6213624
7141438109,entwicklung berlin,sculpture,unknown,peter-hille-straße,0911,11009009,12587,sandstone,,,,,52.4478126,13.6200388
7146586552,buddy bear,statue,,budapester straße,0401,11004004,10787,,,,,,52.5051016,13.339299
7146586554,buddy bear,statue,,budapester straße,0401,11004004,10787,,,,,,52.5049368,13.3392486
7197888673,widderskulptur,sculpture,walther schmarje,gotzkowskybrücke,0401,11004004,10587,,1911,https://photos.app.goo.gl/ejv2qysspxk9tyfea,Q117476596,,52.52234,13.3288736
7197888674,widderskulptur,sculpture,walther schmarje,helmholtzstraße,0401,11004004,10587,,1911,https://photos.app.goo.gl/lmsihqyredmgnst26,Q117211805,,52.5225353,13.328656
7197888682,stierskulptur,sculpture,walther schmarje,gotzkowskybrücke,0102,11001001,10555,,1911,,Q117476597,,52.5227974,13.3293041
7217029036,kinetisches windspiel,sculpture,hein sinken,kurt-pfennig-platz,0703,11007007,12099,steel,,,Q115090232,,52.4670392,13.3922723
7218230117,,sculpture,,kirchgasse,0801,11008008,12043,,,,,,52.4766944,13.4432578
7218230122,,sculpture,,kirchgasse,0801,11008008,12043,,,,,,52.4767054,13.443202
7218230126,,sculpture,,kirchgasse,0801,11008008,12043,,,,,,52.4767328,13.443187
7228466623,,tilework,,hobrechtstraße,0801,11008008,12047,ceramic;concrete,,,,,52.4911192,13.4259849
7278252608,hängende skulptur,sculpture,josef henry lonas,blasewitzer ring,0509,11005005,13593,,,,Q112730539,file:skulptur blasewitzer ring sandstr (willst) hängende skulptur&josef henry lonas&19732.jpg,52.5199254,13.1716471
7283438435,,installation,,olympischer platz,0405,11004004,14053,,1936,https://de.wikipedia.org/wiki/datei:feuerschale_im_berliner_olympiastadion.png,Q63196317,,52.5144943,13.2376594
7285639763,zwei menschen,statue,,wadzeckstraße,0101,11001001,10178,metal,,,,,52.52517,13.4177568
7293767877,pony,statue,hans joachim ihle,reichweindamm,0406,11004004,13627,bronze,,,Q116388674,,52.5400213,13.3020233
7296568723,kopf mit herz,sculpture,"rüdiger roehl, jan skuin",fürstenwalder allee,0912,11009009,12589,steel; concrete,2002,,Q115565689,,52.4311814,13.7151523
7299242683,,stone,,schulzendorfer straße,0106,11001001,13347,stone,,,,,52.5399918,13.3734137
7300398227,,statue,walter schmarje,putlitzstraße,0102,11001001,10551,stone,1912,,,,52.5324259,13.34353
7300398228,,statue,walter schmarje,putlitzstraße,0102,11001001,10551,stone,1912,file:skulptur putlitzbrücke (moabit) pfostenfiguren&walter schmarje&19122.jpg,,,52.5324298,13.3431527
7304433020,,sculpture,,siegmunds hof,0103,11001001,10555,,,file:skulptur siegmunds-hof-4 berlin no 20200316.jpg,,,52.5161274,13.3358366
7305754086,panketor,sculpture,volker bartsch,walter-nicklitz-promenade,0106,11001001,13357,granite,,,Q119495358,,52.5545744,13.3793091
7319743291,borussia,statue,,straße vor schönholz,0311,11003003,13158,stone,,,Q118602023,file:statue at straße vor schönholz.jpg,52.574449,13.3810292
7319899302,kreuzberger klagebaum,installation,,paul-lincke-ufer,0202,11002002,10999,,,,,,52.4930263,13.4308837
7330227382,seerobbe,statue,erwin damerow,möllhausenufer,0910,11009009,12557,stone,1970,,,,52.4153703,13.6003286
7330227383,rehkitz,sculpture,werner richter,dregerhoffstraße,0910,11009009,12557,"bronze, concrete",1966,,Q115562811,,52.4290252,13.5948984
7330227384,turnende kinder,sculpture,gerhard rommel,grüne trift,0910,11009009,12557,"bronze, concrete",1967,,Q115563982,,52.4233588,13.5916784
7330257185,weiblicher akt,statue,walter lerche,möllhausenufer,0910,11009009,12557,"bronze, concrete",1965,,Q111507403,,52.4138852,13.5905103
7333072067,westfäli,statue,anette schulz,westfälische straße,0407,11004004,10709,fibreglass,,,,,52.4957154,13.2973127
7376820328,sonnenuhr,sculpture,"rüdiger roehl, jan skuin",sterndamm,0904,11009009,12487,metal,1999,,,,52.4395456,13.5012814
7376820329,aufbauhelferin,statue,gerhard thieme,sterndamm,0904,11009009,12487,"bronze, clinker",1969,,Q110222594,category:aufbauhelferin (gerhard thieme),52.4404826,13.4994172
7376820330,frauen,relief,karin kreuzberg,ellernweg,0904,11009009,12487,"concrete, clinker",1989,,Q109655835,category:mädchen (carin kreuzberg),52.4477407,13.506348
7376820331,knabenpaar,sculpture,hein sinken,ellernweg,0904,11009009,12487,bronze,1956,,Q115797438,category:stehendes knabenpaar (hein sinken),52.4482679,13.5033292
7376820332,generationen,sculpture,emerita pansowová,breiter weg,0904,11009009,12487,bronze,1980,,Q115801917,category:liegende frau mit kind (emerita pansowová),52.4523824,13.5070963
7376820333,kinder mit schildkröte,sculpture,hans klakow,südostallee,0904,11009009,12487,"bronze, granite",1976,,Q115801748,,52.4535102,13.5048956
7388634786,fußball,sculpture,michael schoenholtz,bellermannstraße,0106,11001001,13357,bronze,,,Q112678672,category:football (michael schoenholtz),52.5499752,13.3919252
7411866500,schaukasten,installation,geneviéve gilabert,emrichstraße,0911,11009009,12587,"glass, stainless steel, concrete",2001,,,,52.4497326,13.6219525
7411866501,gazelle,sculpture,walter sutkowski,emrichstraße,0911,11009009,12587,bronze,1960,,Q115582767,,52.4498789,13.6224836
7411866502,mutter mit kind,sculpture,walter sutkowski,emrichstraße,0911,11009009,12587,bronze,1961,,Q115583919,,52.4492332,13.6214456
7411866503,elefant,sculpture,werner richter,emrichstraße,0911,11009009,12587,concrete,1967,,Q117600027,,52.4486161,13.621408
7417962926,maria,statue,,röblingstraße,0703,11007007,12105,metal,,,,,52.4539294,13.3610365
7438355340,olympionike,statue,demetros anastasatos,mecklenburgische straße,0402,11004004,10713,bronze,1961,,Q116530730,,52.4809289,13.314557
7445087933,trauernde,sculpture,,rosenweg,0602,11006006,12205,metal,,,,,52.4228215,13.2943515
7464707585,russisches mädchen,statue,jefim gendelmann,sterndamm,0904,11009009,12487,"iron, sandstone",1984,,,,52.4405668,13.4999724
7466594359,kentaur und nymphe,statue,reinhold begas,hardenbergplatz,0104,11001001,10787,marble,1901,,Q115004843,category:kentaur und nymphe in berlin-tiergarten,52.5073897,13.3378677
7466594361,iguanodon,statue,,budapester straße,0104,11001001,10787,cement,1913,,Q110627289,category:iguanodon (zoologischer garten berlin),52.5061203,13.3403353
7466594363,krötenbüblein,statue,georg roch,hardenbergplatz,0104,11001001,10787,bronze,1927,,Q110026644,category:krötenbüblein (georg roch),52.507454,13.3376789
7473624656,,statue,,potsdamer chaussee,0606,11006006,14129,,,,,,52.4243624,13.2125869
7477092175,pfeilerfigur bär,statue,,rosa-luxemburg-steg,0104,11001001,10787,buntsandstein,,,Q117749084,,52.508892,13.3429901
7477092176,pfeilerfigur bär mit wappen zg,statue,,lichtensteinbrücke,0104,11001001,10787,buntsandstein,,,Q117749047,,52.5088646,13.3431362
7481818765,rominter brunfthirsch,statue,josef pallenberg,hardenbergplatz,0104,11001001,10623,bronze,,,Q115913079,category:röhrender hirsch (zoologischer garten berlin),52.5065227,13.3345678
7481818766,leda mit dem schwan,statue,cuno von üchtritz,hardenbergplatz,0104,11001001,10787,marble,1898,,Q117191987,category:leda and the swan (cuno von uechtritz-steinkirch),52.5063489,13.3420292
7481818770,klinkerbär,statue,hans wagner,rosa-luxemburg-steg,0104,11001001,10787,clinker,1928,,Q117185556,,52.508645,13.3426789
7489816294,bär,statue,,budapester straße,0104,11001001,10787,,,,Q115917793,,52.5063248,13.3354916
7502777456,orang-utan-kinder,sculpture,stephan horota,bizetstraße,0302,11003003,13088,bronze,,,Q93848905,category:orang-utan-kinder (stephan horota),52.5494184,13.4623619
7502919754,jaguar,statue,heinrich drake,amalienstraße,0302,11003003,13086,bronze,,,Q93858327,"category:jaguar (heinrich drake, berlin)",52.5548208,13.4591793
7508734972,schnecke,sculpture,,eichgestell,0909,11009009,12459,mosaic stones on concrete,,,,,52.4611707,13.5471484
7508734976,bär auf einer kugel balancierend,sculpture,august gaul,wasserwerk an der wuhlheide,0909,11009009,12459,"bronze, sandstone",1896,,Q115696834,,52.4634472,13.542973
7508734977,arbeiterführer ernst thälmann,relief,,ostendgestell,0909,11009009,12459,"bronze, red clinker",,,Q112827011,category:ernst thälmann memorial (hans kies),52.4658788,13.5443643
7512082628,mutter und kind,sculpture,lore plietzsch,pieskower weg,0301,11003003,10409,bronze,,,Q94144955,category:mutter mit kind (lore plietzsch),52.5407089,13.4444274
7529546356,,sculpture,,alter bernauer heerweg,0309,11003003,13125,,,,,,52.6661145,13.4668426
7541583038,la belle jardinière,sculpture,herbert press,südweg,0802,11008008,12349,steel,1985,,Q114346678,,52.4343573,13.4203041
7550051058,zwei schafe,sculpture,sonja eschefeld,normannenstraße,0906,11009009,12524,"concrete, clinker",1982,,Q115782013,category:two sheeps (sonja eschefeld),52.4184319,13.5406749
7550051059,tünnes und schäl,sculpture,wolfgang reuter,ehrenfelder platz,0906,11009009,12524,bronze,1997,,Q110219735,,52.4022896,13.5429467
7550051060,kinetisches tor,sculpture,bernd wilhelm blank,coloniaallee,0906,11009009,12524,stainless steel,1996,,Q110421383,,52.4021309,13.5420428
7550051062,sitzende,sculpture,werner stötzer,lianenweg,0906,11009009,12524,"bronze, marble",2000,,Q109971594,category:sitzende (werner stötzer),52.4182585,13.5379243
7580301585,drei affen,sculpture,frank hüller,dunckerstraße,0301,11003003,10439,stone,,,Q117805068,category:drei affen (frank hüller),52.5467124,13.4229462
7589785429,deutsch-sowjetische freundschaft,mosaic,,am reiherhorst,1001,11010010,12687,"beton,_mosaik",1985-11-18,,Q48755775,file:deutsch-sowjetische freundschaft (mosaiksäule).jpg,52.553074,13.5557033
7592923494,buddy bear,statue,,westhafenstraße,0102,11001001,13353,,,,,,52.5377198,13.3434116
7599829392,friede sei mit dir,relief,peter lenk,rudi-dutschke-straße,0202,11002002,10969,,,,Q177647,,52.5066312,13.3917104
7599832544,arthur nikisch,statue,,griegstraße,0404,11004004,14193,,,https://upload.wikimedia.org/wikipedia/commons/b/b7/edvard_grieg.jpg,,,52.4809784,13.2664979
7616134546,,statue,,hektorstraße,0407,11004004,10709,,,,,,52.4984277,13.297483
7617811037,ildefonso-gruppe,statue,christoph heinrich fischer,hohe brücke,0401,11004004,14059,bronze,1833,https://photos.app.goo.gl/3ca9iw1ug2apw8r29,Q109795756,category:san ildefonso group in charlottenburg palace,52.5264613,13.2951194
7625218185,,sculpture,,beckumer straße,1202,11012012,13507,,,,,,52.5794711,13.2887488
7625899585,sportler,statue,margret midell,prenzlauer allee,0301,11003003,10405,bronze,,,Q109920244,file:statue prenzlauer allee 80 (prenz) sportler&margret middell&1965.jpg,52.5432411,13.4274142
7650006204,elch,statue,,tunnel tiergarten spreebogen,0104,11001001,10785,,,,,,52.5149548,13.369707
7650006205,bison,statue,rudolf siemering,bremer weg,0104,11001001,10785,bronze,,,Q117794921,category:liegender bison i (rudolf siemering),52.515067,13.369475
7650006206,bison,statue,rudolf siemering,bremer weg,0104,11001001,10785,bronze,,,Q117794595,category:liegender bison ii (rudolf siemering),52.5151068,13.3692819
7650006207,elch,statue,,bremer weg,0104,11001001,10785,,,,,,52.5150988,13.3689524
7650006208,stier,statue,,baumschulenweg,0104,11001001,10785,,,,,,52.5142418,13.3690175
7650006209,bär,statue,,baumschulenweg,0104,11001001,10785,,,,,,52.5142805,13.3688321
7666946668,buddy bear,statue,,schlüterstraße,0401,11004004,10629,,,,,,52.5019867,13.3166873
7682711986,antilope,sculpture,arthur hoffmann,fehrbelliner platz,0402,11004004,10707,bronze,1926,,Q116392367,file:skulptur preußenpark (wilmd) antilope&arthur hoffmann&1926.jpg,52.4919703,13.3136508
7684640434,werdendes,sculpture,tony cragg,luisenstraße,0101,11001001,10117,bronze,2020-06-30,,Q113892728,category:werdendes (tony cragg),52.5200226,13.3798526
7703672706,kapitell,sculpture,maria cocoea,platz am spreetunnel,0901,11009009,12435,"sandstone, concrete",1979,,Q110463841,,52.4895455,13.4765607
7721121090,mit offenen augen,sculpture,heike ponwitz,nordufer,0105,11001001,13353,,2011,,,,52.5390061,13.3472762
7721121091,kreis und ellipse,sculpture,ansgar nierhoff,nordufer,0105,11001001,13353,,,,,,52.5393658,13.3464474
7721121092,durchbruch,sculpture,ansgar nierhoff,nordufer,0105,11001001,13353,,,,,,52.5393695,13.3473198
7721121093,steinkugel,sculpture,egill sæbjörnsson,seestraße,0105,11001001,13353,,2014,,,,52.5434102,13.33965
7721121095,anabase,sculpture,rolf szymanski,seestraße,0105,11001001,13353,,,,,,52.54342,13.3406559
7728313787,heim,sculpture,josef thorak,knobelsdorffstraße,0405,11004004,14050,muschelkalk,1928,,Q117356122,,52.5129384,13.2810476
7728321886,arbeit,sculpture,josef thorak,knobelsdorffstraße,0405,11004004,14050,muschelkalk,1928,,Q117356155,file:skulptur knobelsdorffstr 93 (westend) arbeit josef thorak 1928.jpg,52.5127001,13.2810869
7733972641,elementblock (elementwürfel),sculpture,emanuel scharfenberg,caspar-theyß-straße,0404,11004004,14193,bronze,1987,,Q116214970,,52.492112,13.2841471
7741533677,menschen im kiez,installation,,werbellinstraße,0801,11008008,12053,,,,,,52.4781866,13.4321872
7741533684,menschen im kiez,installation,,werbellinstraße,0801,11008008,12053,,,,,,52.4782212,13.4325965
7741576185,menschen im kiez,installation,,werbellinstraße,0801,11008008,12053,,,,,,52.4782154,13.4325404
7782009607,,sculpture,,sonnenallee,0801,11008008,12057,,,,,,52.4674836,13.4696161
7782009608,,sculpture,,sonnenallee,0801,11008008,12057,,,,,,52.4674726,13.4696349
7782009613,,sculpture,,sonnenallee,0801,11008008,12057,,,,,,52.4673384,13.4698322
7782009614,,sculpture,,sonnenallee,0801,11008008,12057,,,,,,52.4673494,13.4698134
7792000132,figurenrelief,sculpture,,charitéplatz,0101,11001001,10117,stone,,,,,52.5244697,13.3773084
7792350435,der abend,statue,georg kolbe,ceciliengärten,0701,11007007,12159,bronze,,,Q116357648,,52.4744073,13.3418519
7792350436,der morgen,statue,georg kolbe,ceciliengärten,0701,11007007,12159,bronze,,,Q116359674,,52.4739553,13.3418793
7804218058,feuerstelle,sculpture,heinrich brummack,weststraße,0105,11001001,13353,,,,,,52.5432609,13.3397587
7804218059,l'ephémère,sculpture,rolf szymanski,seestraße,0105,11001001,13353,,,,,,52.5434314,13.3400899
7813611619,,sculpture,,plateautreppe,0606,11006006,14129,,,,,,52.4403861,13.1781113
7813611620,,sculpture,,wandelgang,0606,11006006,14129,,,,,,52.4359778,13.1769499
7813611623,tempel,sculpture,michael schoenholtz or werner stötzer,waldtreppe süd,0606,11006006,14129,stone,1990,,Q115767806,,52.4379139,13.1783836
7814962782,keim,sculpture,unknown,umweltbildungsfläche,0802,11008008,12349,sandstone,2002,,Q115871237,,52.4288586,13.4272181
7815036295,rote granitplatte (grabzeichen),sculpture,makoto fujiwara,edelweiß,0802,11008008,12349,granite,1984,,Q116453201,,52.4284089,13.4260556
7815036297,abstrakte figur,sculpture,unknown,umweltbildungsfläche,0802,11008008,12349,granite,2002,,Q115870505,,52.4287061,13.4271072
7815197793,,mural,,teufelsseechaussee,0404,11004004,14193,,,,,,52.4968671,13.2399286
7815197795,,mural,,die 3,0404,11004004,14193,,,,,,52.4980674,13.2404674
7820654470,buddy bär berlin heart,statue,,wiesenweg,0603,11006006,12247,,,,,,52.4424119,13.3282882
7820690578,buddy bär queer grizzly,statue,,maaßenstraße,0701,11007007,10777,,,,,,52.4974083,13.354201
7830431446,übergang – nähe und distanz,installation,heike ponwitz,sonnenallee,0903,11009009,12437,,1999,,,file:übergänge - nähe und distanz (heike ponwitz).jpg,52.461384,13.4798494
7836953785,die sinnende,sculpture,ingeborg hunzinger,albert-brodersen-allee,1002,11010010,12683,stone,,,Q107447168,file:hunzinger die sinnende 1980.jpg,52.5107027,13.5578219
7837386128,flügelsäule,sculpture,karl hartung,argentinische allee,0604,11006006,14163,bronze,1961,,Q123172935,"file:le centre dart ""haus am waldsee"" (berlin) (6335003181).jpg",52.4423195,13.2380761
7837386130,fruchtbarkeitsschrein,sculpture,volkmar haase,argentinische allee,0604,11006006,14163,steel,1970,,Q110944687,,52.4478167,13.247433
7838055382,der wille,statue,kim limonas,koenigsallee,0404,11004004,14193,stone,,,,,52.4905944,13.2776146
7840131105,pergola,sculpture,engelbert kremser,ost-west-straße,0105,11001001,13353,,1981,,,,52.5433036,13.3408067
7840380166,buddy bär,statue,,caspar-theyß-straße,0404,11004004,14193,,,,,,52.4919495,13.2809821
7840380222,kauernde,statue,marina thalke,heilkräuterweg,0308,11003003,13158,sandstone,,,Q109771866,category:erschöpfung (marina thalke),52.6051881,13.3965075
7845960276,kind mit adler,statue,,rankestraße,0401,11004004,10789,stone,,,,,52.503435,13.334071
7846682279,buddy bear candy bär,statue,dagmar weiss,clayallee,0605,11006006,14195,,,,,,52.4558556,13.2730028
7857667985,"mein gott, hilf mir, diese tödliche liebe zu überleben",mural,dmitri wrubel,kolonnenweg,0201,11002002,10243,,,https://photos.app.goo.gl/rqym46vpnnpb6ch1a,Q2410932,"file:bundesarchiv b 145 bild-f088809-0038, berlin, east side gallery.jpg",52.5038479,13.4428096
7859120491,buddy bear,statue,,budapester straße,0401,11004004,10787,,,,,,52.5053595,13.3366996
7859293230,reflecting gardens,installation,,eisenacher straße,1001,11010010,12685,,,,,,52.537941,13.5721044
7860761959,i love ku'damm,statue,klio karadim,kurfürstendamm,0401,11004004,10707,,,,,file:berlin-buddybear1384-2-asio.jpg,52.5012377,13.3170948
7864189044,dachskulptur,sculpture,karl menzen,kurfürstendamm,0401,11004004,10707,steel,1999,file:skulptur kurfürstendamm 46 (charl) von allen seiten schön karl menzen 1990.jpg,Q123164105,category:von allen seiten schön (karl menzen),52.501846,13.31928
7864231432,turmspitze mit flügeln,sculpture,karl menzen,kaiserdamm,0401,11004004,14057,steel,1990,,Q123049602,file:skulptur kaiserdamm 6a (charl) turmspitze mit flügeln karl menzen.jpg,52.5109191,13.2918303
7864843895,großer phönix iii,sculpture,bernhard heiliger,käuzchensteig,0605,11006006,14195,bronze,1992,,Q130525022,file:skulptur käuzchensteig 8 (dahlem) grosser phönix iii&bernhard heiliger&1966.jpg,52.4661999,13.2747258
7872821127,buddy bear,statue,marina bitter,kurfürstendamm,0401,11004004,10707,,,,,,52.5017129,13.318747
7877671610,handelundwandel,sculpture,erika klagge,tunnel alt-friedrichsfelde,1101,11011011,10315,steel,2001,https://commons.wikimedia.org/wiki/file:alt-friedrichsfelde_59.jpg,Q98915770,category:handelundwandel (erika klagge),52.5096971,13.5185897
7890836141,,sculpture,august karl eduard kiss,königstraße,0607,11006006,14109,,1861,,,file:berlin-wannsee schloss glienicke johanniterportal 680.jpg,52.4133967,13.0964978
7890836142,,sculpture,august karl eduard kiss,königstraße,0607,11006006,14109,,1861,,,file:berlin schloss-klein-glienicke greifentor 20220904 143449.jpg,52.4133702,13.0963806
7890836162,wasserkentaurin,sculpture,stephan walter,glienicker brücke,0607,11006006,14109,limestone,,https://commons.wikimedia.org/wiki/file:glienicker_br%c3%bccke_%282%29.jpg,Q117035308,category:brückenfiguren der glienicker brücke (stephan walter),52.4133658,13.0913231
7890836163,wasserkentaur,sculpture,stephan walter,glienicker brücke,0607,11006006,14109,limestone,,https://commons.wikimedia.org/wiki/file:stephan_walter2.jpg,Q117463487,category:brückenfiguren der glienicker brücke (stephan walter),52.4135551,13.0913224
7917541701,buddy bear,statue,vincent schulz,lützowufer,0104,11001001,10785,fibreglass,,,,,52.5062595,13.3580976
7920817762,stab und scheibe 2,sculpture,rolf lieberknecht,cuxhavener straße,0103,11001001,10555,steel,1989,,Q109590286,category:stab und scheibe 2 (rolf lieberknecht),52.5178914,13.338486
7925879730,faungruppe,statue,gerhard janensch,kuno-fischer-straße,0401,11004004,14057,limestone,1913,,Q115681088,,52.5050306,13.2895946
7925879731,woge mit kugel,sculpture,volkmar haase,witzlebenplatz,0401,11004004,14057,steel,1994,,Q110391165,,52.5086932,13.2935348
7925879732,zwei seelöwen mit vogeltränke,statue,rosemarie henning,innerer parkring,0401,11004004,14057,sandstone,1955,,Q117662148,,52.5069064,13.2865664
7934149102,pflanzschale,sculpture,hedwig bollhagen,franz-ehrlich-straße,0907,11009009,12489,concrete,1988,,,,52.4331353,13.5394465
7937664770,,sculpture,joachim schmettau,budapester straße,0401,11004004,10789,bronze,1983,,,,52.504991,13.3364914
7939373173,,statue,,altensteinstraße,0602,11006006,14195,,,,,,52.4553962,13.3012417
7947303073,,sculpture,,mövenstraße,0607,11006006,14482,,,,,,52.4112319,13.0976129
7947303075,,sculpture,,mövenstraße,0607,11006006,14482,,,,,,52.4111697,13.0971643
7977761417,,,,senftenberger ring,1210,11012012,13435,,,,,,52.6025817,13.3571577
7977776172,die gemeinschaft,sculpture,"barna von sartory, jügen mattern",senftenberger ring,1210,11012012,13439,steel,,,Q116296915,,52.60233,13.3610439
7978021390,sitzender junge,statue,werner stötzer,erich-weinert-straße,0301,11003003,10409,bronze,2000,file:skulptur naugarder str 16 (prenz) sitzender junge&werner stötzer&19562.jpg,Q99976852,category:sitzender junge (werner stötzer),52.5450236,13.4371965
8026063157,kaiser-friedrich-vase,sculpture,ernst eberhard ihne,spandauer damm,0401,11004004,14059,marble,1906,https://photos.app.goo.gl/qntllb9ftbrkl5sw8,,,52.5211114,13.2946481
8032581196,buddy bear - endobär,statue,andrej bitter,,0701,11007007,,fibreglass,,,,,52.5030962,13.3427527
8039474140,borghesischer fechter von agasias,statue,,spandauer damm,0401,11004004,14059,zinc,1867,,,,52.5201582,13.2957674
8039474141,borghesischer fechter von agasias,statue,,spandauer damm,0401,11004004,14059,zinc,1867,,,,52.5201662,13.2958894
8039667181,übergang – nähe und distanz,installation,heike ponwitz,sonnenallee,0903,11009009,12437,,1999,,,,52.4619127,13.4773556
8039667182,übergang – nähe und distanz,installation,heike ponwitz,sonnenallee,0903,11009009,12437,,1999,,,,52.4621223,13.47757
8039667183,übergang – nähe und distanz,installation,heike ponwitz,sonnenallee,0903,11009009,12437,,1999,,,,52.4611824,13.4796899
8042118223,frauenstatue,statue,eberhard bachmann,amalienstraße,0302,11003003,13086,bronze,1968,file:skulptur amalienstr 27 (weißs) trümmerfrau&eberhard bachmann&1968.jpg,Q110243633,category:trümmerfrau (eberhard bachmann),52.5539706,13.4594929
8044410596,mutter mit zwei kindern,sculpture,käthe kollwitz,fasanenstraße,0401,11004004,10719,bronze,,,Q22049135,,52.5016819,13.3271013
8048153367,,sculpture,,unter den eichen,0602,11006006,12203,metal,,,,,52.4520536,13.3101522
8077205621,verborgener riesenblechbehälter,sculpture,,nachodstraße,0402,11004004,10779,steel,,https://photos.app.goo.gl/g6pb5sj3kgrjarep7,Q110687271,,52.4955207,13.3314072
8091135193,buddy bear friedrich,statue,klaus von gratkowski,,0101,11001001,,fibreglass,,,,,52.5159091,13.3888163
8151523088,st. florian,statue,,sonntagstraße,0201,11002002,10245,stone,,,,file:2011-2-20 f'hain (4) - ama fec.jpg,52.5057255,13.4660926
8152276026,steinbogen,architecture,,leonhard-frank-straße,0311,11003003,13156,stone,,,,,52.5704476,13.3893732
8165602952,,,,rahel-varnhagen-promenade,0202,11002002,10969,,,,,,52.5014877,13.3907841
8166921730,,installation,,karl-marx-straße,0801,11008008,12043,metal,,,,,52.4848977,13.4264024
8176222820,allegorie flussschifffahrt,statue,otto geyer,tempelhofer ufer,0202,11002002,10961,marble,1988,,Q117322903,category:flußschiffahrt (otto geyer),52.4975497,13.3917586
8176222821,allegorie fischfang,statue,julius moser,waterloo-ufer,0202,11002002,10961,marble,1988,,Q117323027,category:fischfang (julius moser),52.497579,13.3922425
8208691230,aufbauhelferin,statue,fritz cremer,rathausstraße,0101,11001001,10178,bronze,,,Q117377680,category:aufbauhelferin (fritz cremer),52.5191539,13.4079123
8208691231,aufbauhelfer,statue,fritz cremer,rathausstraße,0101,11001001,10178,bronze,,,Q117377646,category:aufbauhelfer (fritz cremer),52.5188935,13.4072806
8244973758,geschwungene stahlskulptur,sculpture,lothar und gisela klute,bismarckstraße,0401,11004004,10625,steel,1974,,Q123158967,file:plastik bismarckstr 105 (charl) elastische plastik 1974 lothar gisela klute.jpg,52.5119238,13.3152553
8285168216,,sculpture,,norwegerstraße,0301,11003003,10439,,,,,,52.5514369,13.4001054
8286735349,heinrich zille,statue,,,0101,11001001,,,,,,,52.5296667,13.3947088
8286832375,,sculpture,,horst-caspar-steig,0805,11008008,12353,,,,,,52.4236048,13.4817051
8324218492,,stele,arno fischer;peter voigt,,0101,11001001,,steel,,file:edelstahlstelen arno fischer peter voigt marx-engels-forum berlin-mitte.jpg,,"category:steles at marx-engels-forum (arno fischer, peter voigt)",52.5187278,13.4044469
8324218495,die würde und schönheit freier menschen,sculpture,margret middel,rathausstraße,0101,11001001,10178,bronze,,https://photos.app.goo.gl/frptf4tkntetfzhw9,,category:die würde und schönheit freier menschen (margret middell),52.5185083,13.4048874
8346274786,partenza,statue,giampaolo talani,,0102,11001001,,bronze,2015,https://photos.app.goo.gl/ggl8vhdzza5grepe8,Q108392313,category:abfahrt by giampaolo talani,52.5239729,13.3686617
8363092328,zwei stelen,sculpture,henner kuckuck,takustraße,0605,11006006,14195,metal,,,Q116323357,,52.4548785,13.2954337
8363092329,zwei stelen,sculpture,henner kuckuck,takustraße,0605,11006006,14195,metal,,,Q116323357,,52.4549061,13.295406
8436532698,,installation,,,1005,11010010,,,,,,,52.5283728,13.5975621
8496905684,mutter mit kindern,sculpture,walther kniebe,loewenhardtdamm,0703,11007007,12101,stone,,,,,52.4806366,13.3758584
8513101094,die sich aufrichtende,statue,ingeborg hunzinger,,1001,11010010,,bronze,,,Q108735950,category:die sich aufrichtende (ingeborg hunzinger),52.5467165,13.5561836
8513101095,der sich befreiende,statue,ingeborg hunzinger,victor-klemperer-platz,1001,11010010,12679,bronze,,,Q108736136,category:der sich befreiende (ingeborg hunzinger),52.5467589,13.5562646
8557151345,yellow man,mural,os gêmeos,,0202,11002002,,,2005,,,,52.5001083,13.4408629
8557281793,,mural,blu,köpenicker straße,0202,11002002,10997,,2010,,,,52.5035898,13.438027
8557281794,wenn ich wüsste dass..,mural,herakut,pieskower weg,0301,11003003,10409,,2016,https://commons.wikimedia.org/wiki/file:wandmalerei_greifswalder_str_87_(prenz)_wenn_ich_w%c3%bcsste%26herakut%262015.jpg,Q122150040,,52.5417525,13.4407424
8557281795,die sonne wird im ozean versinken,mural,ricky lee gordon,landsberger allee,0301,11003003,10407,,2017,,Q113817159,file:mural die sonne wird im ozean versinken by ricky lee gordon in berlin-prenzlauer berg.jpg,52.5296063,13.4591137
8557281796,check your privilege,mural,low bros,,0201,11002002,,,2020,,,,52.5075512,13.4512104
8557323491,,mural,lake,revaler straße,0201,11002002,10245,,,,,,52.5073752,13.4544431
8563116690,skulptur,sculpture,christine gersch,geraer ring,1001,11010010,12689,"keramik,_beton",2005,,Q108827834,category:skulptur drei pfeiler im seelgrabenpark (christine gersch),52.5647512,13.5584734
8583552679,,sculpture,,mommsenstraße,0401,11004004,10629,steel,,,,file:skulptur mommsenstraße 16 berlin-wilmersdorf.jpg,52.5035999,13.3130372
8592136360,gazelle,statue,walter sutkowski,wilhelm-kuhr-straße,0307,11003003,13187,bronze,1957,https://de.wikipedia.org/wiki/b%c3%bcrgerpark_pankow#/media/datei:skulptur_b%c3%bcrgerpark_pankow_(pankow)_gazelle&walter_sutkowski&1957.jpg,Q115594929,category:gazelle (1957 by walter sutkowski),52.569617,13.3966865
8607468092,schutz vor feuer,installation,,dahmeweg,1001,11010010,12681,steel,,,Q48756748,category:schutz vor feuer (manfred büttner),52.5347519,13.5366693
8617489486,,,,bornsdorfer straße,0801,11008008,12053,,,,,,52.476619,13.4370097
8622151996,,statue,,niebuhrstraße,0401,11004004,10629,bronze,,,,file:skulptur niebuhrstraße 14-19c berlin-wilmersdorf.jpg,52.5045579,13.3123733
8631318558,attack of the 50 foot socialite,mural,tristan eaton,am märchenbrunnen,0301,11003003,10407,,2015,,Q113563086,category:attack of the 50 foot socialite (tristan eaton),52.5284099,13.4257003
8631541708,the blue indian,mural,cranio,holzmarktstraße,0201,11002002,10243,,,https://photos.app.goo.gl/fhf54xvgt9pbvduy7,,,52.5110152,13.427794
8631541709,no title,mural,wenu,holzmarktstraße,0201,11002002,10243,,2016,,,,52.5113689,13.4271994
8631541710,,mural,tasso,holzmarktstraße,0201,11002002,10243,,2018,https://photos.app.goo.gl/ifermshcfq7qneay7,Q111204693,category:tasso (berlin mural fest 2018),52.5112498,13.4271977
8631546850,lady with bird,mural,tank,,0202,11002002,,,2018,,Q111154861,category:tank (berlin mural fest 2018),52.5047247,13.4305689
8631556763,smash the state,mural,liebig 34,liebigstraße,0201,11002002,10247,,,https://commons.wikimedia.org/wiki/file:liebigstra%c3%9fe_34_in_berlin_(nordseite).jpg,,,52.5181054,13.4570485
8632312861,,mural,,helmholtzstraße,0401,11004004,10587,,,,,,52.5221956,13.3253662
8641751418,,installation,stefan sous,chausseestraße,0101,11001001,10115,steel,2012,,,,52.5341739,13.3776798
8660507740,totem,mural,"james bullough, addison karl",landsberger allee,1111,11011011,10367,,2014,,Q113817400,"category:totem (james bullough, addison karl)",52.5328822,13.4832135
8662146975,,sculpture,,ernst-liesegang-ufer,0506,11005005,14089,,,,,,52.4606028,13.1633766
8662146976,,sculpture,,ernst-liesegang-ufer,0506,11005005,14089,,,,,,52.460602,13.1634665
8662146981,sitzender akt,sculpture,rudolf leptien,kladower damm,0506,11005005,14089,,,"file:sitzender akt, rudolf leptien.jpg",Q119103951,category:sitzender akt (rudolf leptien),52.460126,13.1626576
8672587817,schreiender hengst,statue,jo jastram,warnitzer straße,1109,11011011,13057,metal,1992,,Q108477519,category:schreiender hengst (jo jastram),52.5660084,13.5165544
8677298195,glückliche zellen,,seraphina lenz,,0802,11008008,,metal,2004,,,,52.4629736,13.4399395
8714294710,buddy bär,sculpture,andrej wolff,imchenallee,0506,11005005,14089,,2017,https://de.wikipedia.org/wiki/datei:buddy_imchenplatz_(klado)_750_jahre_kladow%262017.jpg,,,52.452129,13.1506214
8722077553,fußballspieler,,mario moschi,topsstraße,0301,11003003,10437,bronze,1936,,Q108708891,file:mario moschi fußballspieler 2011.jpg,52.5440922,13.4091372
8725243872,sinnende,sculpture,sabine grzimek,dorotheenstraße,0101,11001001,10117,bronze,,,,,52.5188423,13.393384
8728077455,ich bin es selbst,sculpture,dafne b.,kantstraße,0401,11004004,10623,wood,,,,,52.5055881,13.3263436
8736048317,skulptur mit 3 tieren,relief,stephan horota,anton-saefkow-straße,0301,11003003,10405,,,,Q111008066,"category:wolf, schaf und bär (stephan horota)",52.5387627,13.4372787
8751533534,vier jahreszeiten,stele,christian uhlig,heinz-graffunder-park,1001,11010010,12681,ceramic,1980,,Q108167937,category:vier jahreszeiten (christian uhlig),52.5215252,13.5464984
8753991822,,sculpture,,warschauer straße,0201,11002002,10243,,,,Q118140008,,52.5089565,13.4509573
8753991951,love,sculpture,,rüdersdorfer straße,0201,11002002,10243,metal,,,,,52.5109774,13.4431156
8765448136,louise henriette von nassau-oranien,relief,,mövenstraße,0607,11006006,14482,,,https://commons.wikimedia.org/wiki/file:luise_henriette_-_geo.hlipp.de_-_40975.jpg,,file:luise henriette - geo.hlipp.de - 40975.jpg,52.4116109,13.0976312
8765448137,friedrich wilhelm markgraf von brandenburg,relief,françois dusart,mövenstraße,0607,11006006,14482,,1647,https://commons.wikimedia.org/wiki/file:friedrich_wilhelm_-_geo.hlipp.de_-_40967.jpg,,file:friedrich wilhelm - geo.hlipp.de - 40967.jpg,52.4116303,13.0975792
8775512428,,statue,,,0801,11008008,,stone,,,,,52.4854947,13.425533
8775512431,christus,statue,bertel thorvaldsen,karl-marx-straße,0801,11008008,12043,sandstone,1910,https://commons.wikimedia.org/wiki/file:berlin-neuk%c3%b6lln_old_st._jacobi_churchyard_03_(40817426425).jpg,Q110226973,category:christ statue (st. jacobi-kirchhof),52.4856631,13.4253615
8789166854,hochwendelnd,sculpture,volkmar haase,strandpromenade,0509,11005005,13595,stainless_steel,,,Q115901546,,52.5119892,13.1917036
8789166855,schild und wehr,sculpture,volkmar haase,strandpromenade,0509,11005005,13595,stainless_steel,,,Q110489221,,52.5118386,13.1930675
8789825217,,sculpture,,franz-künstler-straße,0202,11002002,10969,,,,,,52.5012273,13.3992629
8807102224,sonne,sculpture,herbert baumann,brümmerstraße,0605,11006006,14195,stone,"1961, aufgestellt 1979","https://commons.wikimedia.org/wiki/file:skulptur_sonne,_thielplatz,_berlin.jpg",Q111273299,,52.4510368,13.2828214
8808927638,shadow sculpture,sculpture,stefan szczesny,,0401,11004004,,steel,2018,https://photos.app.goo.gl/fipozpikagppgqsa8,Q123154407,,52.5144156,13.3170658
8809409065,eine frage des standpunktes,sculpture,felix johannes hermann stumpf,zinnowitzer straße,0101,11001001,10115,steel,2019,,,,52.5323419,13.383607
8863133911,affengruppe,sculpture,,südstraße,0105,11001001,13353,stone,,,,,52.5402357,13.3409744
8866148625,zahnskulptur,sculpture,,kurfürstendamm,0407,11004004,10711,stone,,file:skulptur zahn kurfürstendamm 118 berlin-halensee 05.jpg,Q133797062,category:tooth sculpture kurfürstendamm 118 (berlin-halensee),52.4971687,13.2893452
8868345126,,vase,,spandauer damm,0401,11004004,14059,,,https://photos.app.goo.gl/kcfnbfqk8trfysh58,,,52.5214201,13.2954291
8868345127,,vase,,spandauer damm,0401,11004004,14059,,,https://photos.app.goo.gl/yu27c5a8ckzfarrg6,,,52.5214445,13.2958201
8868345128,,sculpture,,bonhoefferufer,0401,11004004,10589,,,,,,52.5235363,13.2954834
8868345129,,sculpture,,bonhoefferufer,0401,11004004,10589,,,,,,52.5235118,13.2950898
8868345130,,sculpture,,bonhoefferufer,0401,11004004,10589,,,https://photos.app.goo.gl/tx7vymmzkw9wjszg7,,,52.5236917,13.295473
8868345131,,sculpture,,,0401,11004004,,,,https://photos.app.goo.gl/v9wfc14u1e4jog1c9,,,52.523708,13.295471
8868345132,,sculpture,,bonhoefferufer,0401,11004004,10589,,,https://photos.app.goo.gl/cirut5mxjbtxbdc37,,,52.5236662,13.2950426
8868345133,,sculpture,,bonhoefferufer,0401,11004004,10589,,,https://photos.app.goo.gl/w4jyxeo8psxfv2uv9,,,52.5236834,13.2950409
8868345134,,vase,,,0401,11004004,,,,https://photos.app.goo.gl/w4jyxeo8psxfv2uv9,,,52.5236852,13.2950704
8868345135,,vase,,bonhoefferufer,0401,11004004,10589,,,https://photos.app.goo.gl/nm2uxrurihxltc7f7,,,52.5237076,13.2954425
8868345136,,sculpture,,bonhoefferufer,0401,11004004,10589,,,https://photos.app.goo.gl/bykdpqgcs7i9mr2o9,,,52.5237034,13.2953698
8868345137,,sculpture,,bonhoefferufer,0401,11004004,10589,,,https://photos.app.goo.gl/f6zykntcfcmu8nvra,,,52.5236991,13.2952974
8868345138,,sculpture,,bonhoefferufer,0401,11004004,10589,,,https://photos.app.goo.gl/reflngy57pqdxifd8,,,52.5236954,13.2952209
8868345139,,sculpture,,bonhoefferufer,0401,11004004,10589,,,https://photos.app.goo.gl/meb7s5fkbt59l7xza,,,52.5236913,13.2951431
8873310304,,sculpture,,,0202,11002002,,,,,,,52.5007804,13.4012273
8888172672,,sculpture,,columbiadamm,0801,11008008,10965,,,,,,52.48318,13.4170649
8888195399,,sculpture,,columbiadamm,0801,11008008,10965,,,,,,52.4835018,13.4172363
8904959154,auch ich in berlin,installation,ruth baettig,rollbergstraße,0801,11008008,12053,metal,,,,,52.4788743,13.4308902
8909931564,,sculpture,,,0703,11007007,,,,,,,52.4617009,13.4217521
8911756799,trötenbaum,installation,,kurstraße,0606,11006006,14129,,,,,,52.431842,13.2168186
8916909336,berlin-burger eisenwerk,statue,,,0202,11002002,,metal,,,,,52.4894903,13.3754724
8919708126,kore,sculpture,karl hartung,garystraße,0605,11006006,14195,bronze,,,Q110891734,,52.4472568,13.2820229
8946659317,kindertagesstätte,,,rütlistraße,0801,11008008,12045,,,,,,52.4876976,13.4347913
8959689736,frau mit kind,statue,dietrich grüning,münsterlandplatz,1112,11011011,10317,,1986,,Q116451253,,52.503865,13.4956172
8972914317,,sculpture,,,0701,11007007,,,,,,,52.4939615,13.3581263
8972914318,,sculpture,,,0701,11007007,,,,,,,52.4937796,13.3579137
8972914319,,sculpture,,pallasstraße,0701,11007007,10781,,,,,,52.4938078,13.3578063
8978078504,,mural,pichiavo,friedrichstraße,0202,11002002,10969,,2019,https://commons.wikimedia.org/wiki/file:wandmalerei_friedrichstr_9_(kreuz)_mural%26pichiavo%262019.jpg,Q111035373,category:pichiavo (berlin mural fest 2019),52.5010358,13.3922323
8983347075,,sculpture,,rudi-dutschke-straße,0202,11002002,10969,,,,,,52.5073484,13.3970574
8984131355,solarica-x,sculpture,bernhard heiliger,käuzchensteig,0605,11006006,14195,iron,2021-07-16,,Q118465308,file:skulptur clayallee ggü 54 (dahlem) solarica x&bernhard heiliger&1989.jpg,52.4651824,13.2770534
8998553299,geschwister,statue,karl lemke,,0101,11001001,,bronze,1968,file:skulptur geschwister karl lemke koppenplatz berlin-mitte 03.jpg,Q115641604,category:geschwister (karl lemke),52.5281269,13.3980837
9000743900,,mural,aryz,franz-klühs-straße,0202,11002002,10969,,2019,https://commons.wikimedia.org/wiki/file:wandmalerei_friedrichstr_9_(kreuz)_mural%26aryz%262019.jpg,Q111036858,category:aryz (berlin mural fest 2019),52.501003,13.3916907
9001070146,,graffiti,,rosenthaler weg,0308,11003003,13159,,,,,,52.6031048,13.4030606
9001102967,,graffiti,,wackenbergstraße,0311,11003003,13156,,,,,,52.5883298,13.4211241
9001102968,,graffiti,,grumbkowstraße,0311,11003003,13156,,,,,,52.5885445,13.4212615
9017272904,drehmoment,sculpture,realities:united,kapelle-ufer,0101,11001001,10117,,2018,,Q123262798,file:futurium - flickr - abbilder.jpg,52.5234798,13.3741682
9023403704,mauern durchbrechen,sculpture,georgi tschapkanow,leipziger straße,0101,11001001,10117,,,,Q111531951,"category:""to break the wall"" (tchapp)",52.5100686,13.3879942
9023419997,wegzeichen 3a,sculpture,otto herbert hajek,tiergartenstraße,0104,11001001,10785,bronze,1997,,Q110533254,file:otto herbert hajek - wegzeichen 3a.jpg,52.5096213,13.3630563
9023520859,anatolische zugvögel,sculpture,selҫuk yilmaz,tiergartenstraße,0104,11001001,10785,steel,,,,,52.5096817,13.3610165
9024689615,gorilla,statue,,hardenbergplatz,0104,11001001,10787,,,,,,52.506241,13.336009
9024702240,polacanthus,mural,,hardenbergplatz,0104,11001001,10787,,,,,,52.5061413,13.340758
9024702251,ammoniten,mural,,hardenbergplatz,0104,11001001,10787,,,,,,52.5061163,13.3407596
9053186529,pflanzwürfel,sculpture,johannes bürger,moriz-seeler-straße,0907,11009009,12489,glass concrete,1988,,,,52.4332077,13.538916
9053186530,"pflanzturm, springbrunnen, sitzbank",sculpture,,franz-ehrlich-straße,0907,11009009,12489,concrete,1988,,,,52.433103,13.5393076
9053773765,,sculpture,,mahlower straße,0801,11008008,12049,sandstone,,,Q124876972,file:skulptur schildkröte spielplatz mahlower straße berlin-neukölln.jpg,52.4798293,13.4245038
9053773779,,sculpture,,mahlower straße,0801,11008008,12049,sandstone,,,Q124877141,file:skulptur figur spielplatz mahlower straße berlin-neukölln.jpg,52.4797881,13.4245333
9054499337,,statue,,else-ury-bogen,0401,11004004,10623,,,,,,52.5052301,13.3208239
9063625481,stauchung-harmonisch,sculpture,karl menzen,parkstraße,0703,11007007,12099,steel,1988,,Q110567470,,52.4624186,13.3828272
9063631725,laokoon iii,sculpture,volkmar haase,tempelhofer damm,0703,11007007,12099,steel,1982,,Q110088439,,52.4625623,13.3841291
9065392822,imperial love,sculpture,robert indiana,potsdamer straße,0104,11001001,10785,,,,Q110253676,category:imperial love (robert indiana),52.5073567,13.3678413
9065392823,polis,sculpture,joannis avramidis,potsdamer straße,0104,11001001,10785,bronze,,,Q111274197,category:polis (joannis avramidis),52.5066158,13.3671577
9065392824,vier vierecke im geviert,sculpture,george warren rickey,reichpietschufer,0104,11001001,10785,steel,,https://commons.wikimedia.org/wiki/file:sculpture_george_warren_rickey_four_squares_in_a_square_neue_nationalgalerie_berlin_3v3.jpg,Q110770456,category:vier vierecke im geviert,52.5065959,13.3681488
9078868502,musizierende kinder,statue,,parkaue,1103,11011011,10367,bronze,1957,https://commons.wikimedia.org/wiki/file:skulptur_stadtpark_lichtenberg_(liber)_musizierende_kinder%26%2619573.jpg,Q115246402,category:musizierende kinder (stadtpark lichtenberg),52.5175562,13.4756797
9078868512,zwei bären (nördliche gruppe),statue,helmut weiss,parkaue,1103,11011011,10367,sandstone,,,Q117479296,,52.517714,13.477773
9082816199,vertical highways,sculpture,bettina pousttchi,washingtonplatz,0102,11001001,10557,,2023-04,https://photos.app.goo.gl/iyjf6xwqtx9wxhyw7,Q117861079,category:vertical highways (bettina pousttchi),52.5244591,13.3685844
9091721375,goldener stein,installation,,siriusstraße,0906,11009009,12524,concrete;steel;stone,,,,,52.4023228,13.5254062
9106180670,,mural,,oppelner straße,0202,11002002,10997,,,,,,52.5000937,13.4414733
9118046978,leitung und linie,installation,"veronike hinsberg, olf kreisel",wilhelminenhofstraße,0909,11009009,12459,steel,2013,,Q110272261,,52.4581815,13.5265276
9118046979,leitung und linie,installation,"veronike hinsberg, olf kreisel",osmar-klemm-straße,0909,11009009,12459,steel,2013,,Q110272261,,52.4560208,13.526077
9118046986,stahlpresse,sculpture,,wilhelminenhofstraße,0909,11009009,12459,steel,1936,,,,52.4567163,13.5278821
9118046987,namen im raum,sculpture,rainer fest,verlängerte rathenaustraße,0909,11009009,12459,corten,2021,,,,52.4630983,13.5333431
9118047004,fuchs mit gans,sculpture,erich wurzer,wasserstraße,0909,11009009,12459,artificial stone,1972,,Q115513813,,52.4569892,13.5385868
9118047005,frau mit kindern,sculpture,emilia nikolova-bayer,ostendstraße,0909,11009009,12459,terracotta,1981,,Q115514621,,52.4572851,13.5385238
9142771826,wasserspeier,sculpture,klaus-michael jopke,südweg,0802,11008008,12349,,1984,,Q113661421,,52.4304554,13.4315103
9142771827,reiherbrunnen,sculpture,katharina szelinski-singer,ring i,0802,11008008,12349,,1956,,Q113454248,,52.4308904,13.4253909
9142771828,fischbrunnen,sculpture,"ungeklärt, evt. gerhart schreiter",ring i,0802,11008008,12349,stone,1956,,Q136032008,file:fish sculpture1 berlin.jpg,52.4302845,13.4277526
9142771829,wasserträgerin,sculpture,katharina szelinski-singer,ring i,0802,11008008,12349,,1956,,Q114215496,,52.429968,13.4250345
9142771830,eulenbrunnen,sculpture,katharina szelinski-singer,südweg,0802,11008008,12349,,1956,,Q113656393,,52.430215,13.4291882
9142771831,persephone,statue,max kruse,ring i,0802,11008008,12349,muschelkalk,1916,file:persephone kruse1.jpg,Q110008433,category:persephone (max kruse),52.430094,13.4262934
9143871035,,installation,,unionstraße,0102,11001001,10551,wood;metal,,,,file:skulptur am eingang zum unionpark in berlin-moabit 06.jpg,52.5329471,13.3376326
9164742809,,sculpture,,suhler straße,1005,11010010,12629,,,https://commons.wikimedia.org/wiki/file:skulptur_schnecke_suhler_stra%c3%9fe_20-22_berlin-hellersdorf_03.jpg,,category:snail sculpture suhler straße 20/22 (berlin-hellersdorf),52.5378121,13.5857843
9166974262,,installation,,allee der kosmonauten,1103,11011011,10315,,,,,,52.522051,13.5114705
9187499287,,sculpture,,walterstraße,0801,11008008,12051,,,,,,52.4662756,13.4410502
9187558983,,sculpture,,walterstraße,0801,11008008,12051,,,,,,52.4662172,13.4410447
9195769150,auerhahn,sculpture,unbekannt,alpenrose,0802,11008008,12349,,1956,,Q123402118,file:capercaillie sculpture1 berlin.jpg,52.4276272,13.4264652
9195975855,gedanken eines mimen,statue,ludmila seefried-matejcová,hohenzollerndamm,0402,11004004,10713,,,,Q116029472,,52.4894553,13.3124001
9197759070,reiterloses pferd,sculpture,,bismarckstraße,0601,11006006,12169,stone,,,,,52.4562627,13.340298
9197759071,christusstatue,statue,,hünensteig,0601,11006006,12169,stone,,,,,52.4559836,13.3415398
9197759072,christusstatue,statue,unbekannt,bergstraße,0601,11006006,12169,bronze,,,,,52.4578925,13.3446303
9212092226,drei stelen,sculpture,wolfgang tappe,marienburger straße,0301,11003003,10405,granite,,https://commons.wikimedia.org/wiki/file:skulptur_drei_stelen_berlin_1v2.jpg,Q109321832,category:drei stelen (wolfgang tappe),52.5350353,13.4242562
9214950534,bodhisattva,statue,,denkzeichenweg,0405,11004004,13597,stone,,,,,52.5228456,13.2330426
9233862694,,statue,,röblingstraße,0703,11007007,12105,,,,,,52.4537935,13.3622862
9251608542,buntes quartier,sculpture,birgit schöne,leo-slezak-straße,0801,11008008,12057,plastic,2020-09-28,,Q122415766,file:skulptur sonnenallee 330 (neukö) buntes quartier&&2020.jpg,52.4640712,13.4724895
9251608543,orientierung,sculpture,hans joachim ihle,sonnenallee,0801,11008008,12057,bronze,1977,https://commons.wikimedia.org/wiki/file:skulptur_orientierung_hans_joachim_ihle_sonnenallee_berlin-neuk%c3%b6lln_02.jpg,Q118123259,category:orientierung (hans joachim ihle),52.4645622,13.4723621
9255913447,der befreier,statue,jewgeni wiktorowitsch wutschetitsch,puschkinallee,0901,11009009,12435,bronze,1946,,,,52.4861417,13.4719374
9256186730,,statue,jewgeni wiktorowitsch wutschetitsch,am treptower park,0901,11009009,12435,bronze,1946,,,,52.4876432,13.4688422
9256186731,,statue,jewgeni wiktorowitsch wutschetitsch,am treptower park,0901,11009009,12435,bronze,1946,,,,52.4874909,13.4686664
9345039552,bullengraben-bulle,sculpture,sebastian kulisch,bullengrabenweg,0501,11005005,13581,steel,2007-06-07,,,,52.530569,13.1693297
9355813964,,mural,,breisgauer straße,0606,11006006,14129,,,,,,52.4389839,13.2147126
9389706316,"""aufbauhelferin""",statue,gertrud classen,am schloßpark,0307,11003003,13187,bronze,1952,https://www.kunst-im-oeffentlichen-raum-pankow.de/kioer_kw/aufbauhelferin/,Q110189716,,52.5738131,13.4077428
9391913190,"""mädchen""",statue,hans-peter goettsche,kuckhoffstraße,0311,11003003,13156,bronze,1962,,Q110197342,,52.5837996,13.4008383
9393287836,große vegetative landschaft,sculpture,friedrich bernhard henkel,wilhelm-kuhr-straße,0307,11003003,13187,bronze,1991,,Q110320217,category:große vegetative landschaft (1991 by friedrich bernhard henkel),52.569582,13.3937893
9395249944,stehende für c.e.,statue,berndt wilde,breite straße,0307,11003003,13187,sandstone,2007,https://statues.vanderkrogt.net/extra/debe/debe168-32725.jpg,Q122971610,,52.569759,13.4028231
9395249945,weiße gottheit,statue,berndt wilde,breite straße,0307,11003003,13187,marble,2006,https://statues.vanderkrogt.net/extra/debe/debe168-32720.jpg,Q122971574,,52.5697184,13.40286
9395249946,sitzende,statue,sylvia hagen,breite straße,0307,11003003,13187,artificial_stone,1990,https://statues.vanderkrogt.net/extra/debe/debe168-00596.jpg,Q122971540,,52.5696778,13.4028909
9395249947,sich vorbeugende,statue,sylvia hagen,breite straße,0307,11003003,13187,bronze,1995,https://statues.vanderkrogt.net/extra/debe/debe168-32710.jpg,Q122971284,,52.5696396,13.4029168
9395249948,sinnende,statue,sabine heller,breite straße,0307,11003003,13187,brick,2007,https://statues.vanderkrogt.net/extra/debe/debe168-32707.jpg,Q122969775,,52.5696026,13.4029497
9395249949,hockende mit haube,statue,sabine heller,breite straße,0307,11003003,13187,brick,1997,https://statues.vanderkrogt.net/extra/debe/debe168-32701.jpg,Q122967821,,52.5695639,13.4029806
9399647507,grenzsoldat mit kind,statue,gerhard rommel,schulstraße,0307,11003003,13187,bronze,1971,https://de.wikipedia.org/wiki/bleichr%c3%b6derpark#/media/datei:bleicher-park.jpg,Q110992501,category:grenzsoldat mit kind (gerhard rommel),52.5688766,13.4068889
9403561881,"""bruch ist ganz""",statue,sabine teubner mbaye,florastraße,0307,11003003,13187,sandstone,2002,,Q110635542,,52.5657839,13.4008448
9404929690,mutter mit kind,sculpture,theo balden,ossietzkystraße,0307,11003003,13187,bronze,1974,,Q111148896,,52.5726225,13.4084988
9404965946,"""sitzender""",statue,manfred salowwikipedia,ossietzkystraße,0307,11003003,13187,concrete,1978,https://www.kunst-im-oeffentlichen-raum-pankow.de/kioer_kw/sitzender/,Q109767136,,52.5735718,13.4079406
9404969730,drei frauen,statue,carin kreuzberg,elisabethweg,0307,11003003,13187,bronze,1979,,Q109653590,,52.5747597,13.4068228
9407568196,aufwind,sculpture,,schwarzwurzelstraße,1001,11010010,12689,,,,Q108828328,,52.5683981,13.5500861
9410370944,impressionen,statue,klaus-lutz gaedicke,paul-junius-straße,1111,11011011,10369,stone,,,Q110300797,category:impressionen (claus-lutz gaedicke),52.5275979,13.4739437
9410613071,poesie der großstadt,statue,anu matilainen aus finnland,rudolf-seiffert-straße,1111,11011011,10369,stone,,,Q110314627,category:poesie der großstadt (anu matilainen),52.528003,13.4717775
9410650238,dem leben gewidmet,statue,yuliy synkevich (ukraine),rudolf-seiffert-straße,1111,11011011,10369,stone,,,Q113847696,category:dem leben gewidmet – tschernobyl (juri sinkewitsch),52.5279199,13.4718369
9433839554,sitzmauer,statue,,karl-lade-straße,1111,11011011,10369,stone,,,Q113882125,,52.5284695,13.4686612
9433845668,wind- und lichtspiel,stele,horst baudisch und dieter rühle,karl-lade-straße,1111,11011011,10369,,,,Q110302677,category:wind- und lichtspiel (horst k. baudisch),52.5283243,13.4686741
9433846119,wasserwand,statue,jürger kamopp,anton-saefkow-platz,1111,11011011,10369,stone,,,Q113489090,category:wasserwand (jürgen karnopp),52.5282405,13.4698372
9433861195,findling,sculpture,,anton-saefkow-platz,1111,11011011,10369,stone,1986,https://fennpfuhl.digital/img/statue/findling.jpg.webp,Q113494612,category:findling (anton-saefkow-platz),52.530723,13.4711728
9433864719,rosenpavillon,architecture,,seebrücke,1111,11011011,10369,stone,,file:pavillon_mit_rundbank_(rosenpavillon)_dieter_r%c3%bchle_fennpfuhlpark_berlin_03.jpg,Q113824822,"category:rosenpavillon (fennpfuhlpark, berlin)",52.5299863,13.4761586
9437071878,refrain,statue,"juraj gravula, tschechoslowakei",anton-saefkow-platz,1111,11011011,10369,,,,Q108641552,category:zwei (mohamed mustafa ali),52.5305929,13.4738828
9454185582,konstellation,sculpture,erich wiesner,dieffenbachstraße,0202,11002002,10967,edelstahl,1970,https://commons.wikimedia.org/wiki/file:sculpture_konstellation_erich_wiesner_planufer_berlin_5v5.jpg,Q111031688,category:konstellation (erich wiesner),52.4948891,13.4091802
9460590848,"""viertelmondträgerin""",sculpture,trak wendisch,breite straße,0307,11003003,13187,,,https://upload.wikimedia.org/wikipedia/commons/3/36/skulptur_breite_str_%28panko%29_viertelmondtr%c3%a4gerin_trak_wendisch_1999.jpg,Q109771951,,52.5696872,13.4049129
9483060378,,statue,robert patz,fabeckstraße,0605,11006006,14195,concrete,,,Q118464492,,52.4535798,13.2922667
9489963716,,mural,,wintersteinstraße,0401,11004004,10587,,,https://photos.app.goo.gl/xl2qfjo765pcwwhc8,,,52.5194432,13.3066678
9490755448,elefant,sculpture,,tschaikowskistraße,0311,11003003,13156,stone,,,,,52.5761558,13.3945275
9502962706,buddy bär,statue,,hohenzollerndamm,0402,11004004,10713,,,,,,52.4913713,13.3164954
9502964960,buddy bär,,,sächsische straße,0402,11004004,10707,,,,,,52.4923709,13.3173053
9502968276,buddy bär,statue,,hohenzollerndamm,0402,11004004,10713,,,,,,52.4915865,13.3171078
9505263933,,statue,,reuterstraße,0801,11008008,12047,,,,,,52.4886663,13.429288
9516171880,speerwerfer,statue,hans kies,danziger straße,0201,11002002,10407,metal,1966,,Q109936436,"category:speerwerfer (hans kies, berlin)",52.5284621,13.4444052
9527983443,,,,amendestraße,1201,11012012,13409,,,,,,52.5691097,13.3713037
9529022155,,,,orthstraße/ walter-nicklitz-promenade,0106,11001001,13357,,,,,,52.5516014,13.3752979
9532550370,dreiheit,sculpture,matschinsky-denninghoff,alte jakobstraße,0202,11002002,10969,,,,Q1257836,category:dreiheit (matschinsky-denninghoff),52.5036136,13.3978292
9532550375,,,,alte jakobstraße,0202,11002002,10969,,,,,,52.5034256,13.398544
9551496124,,,,spandauer damm,0405,11004004,14050,,,,,,52.5203914,13.2773697
9552957006,flötenspielerin,statue,lore plietzsch,elsa-brändström-straße,0307,11003003,13189,bronze,,,Q117448911,category:flötenspielerin (lore plietzsch),52.5598393,13.4191383
9583417510,,sculpture,sergej alexander dott,gustav-adolf-straße,0302,11003003,13086,,2007,,,file:skulptur sergej a. dott wohnanlage obersteiner weg berlin-weißensee 02.jpg,52.560504,13.4500847
9583417511,,sculpture,sergej alexander dott,gustav-adolf-straße,0302,11003003,13086,,2007,,,file:skulptur sergej a. dott wohnanlage obersteiner weg berlin-weißensee 01.jpg,52.5604658,13.449991
9583417512,,sculpture,sergej alexander dott,obersteiner weg,0302,11003003,13086,,2007,,,file:skulptur sergej a. dott wohnanlage obersteiner weg berlin-weißensee 03.jpg,52.5605847,13.4495951
9583445935,lesender knabe,statue,"siegfried krepp, gertrud claasen",pistoriusstraße,0302,11003003,13086,bronze,1974,https://commons.wikimedia.org/wiki/file:statue_pistoriusstr_19_(wei%c3%9fs)_lesender_knabe%26siegfried_krepp_gertrud_claasen%261974.jpg,Q121366444,"category:lesender knabe (siegfried krepp, gertrud claasen)",52.5520194,13.4528194
9583448463,christus,statue,bertel thorvaldsen,amalienstraße,0302,11003003,13086,,,,Q123003019,file:segensgemeinde christus2.jpg,52.5593232,13.4514252
9587970853,berliner originale,statue,gerhard thieme,am nußbaum,0101,11001001,10178,bronze,,https://photos.app.goo.gl/evbzvkqkcecopgwj9,Q111009099,"category:berliner originale (gerhard thieme, berlin)",52.5177641,13.4075224
9587970854,der angler,statue,gerhard thieme,spreeufer,0101,11001001,10178,bronze,,,Q111009021,"category:angler (gerhard thieme, berlin)",52.5170504,13.4046077
9589495370,liegender und stehendes mädchen,statue,sabine teubner mbaye,cottastraße,0311,11003003,13156,,,,Q109728975,category:dichter und mädchen (sabine teubner-mbaye),52.570736,13.3954904
9589513971,upright figure no. 9,sculpture,rené graetz,wilhelm-kuhr-straße,0307,11003003,13187,bronze,1971,,Q110317033,,52.569079,13.3938598
9589549185,lange bank,sculpture,susanne specht,cottastraße,0311,11003003,13156,concrete,2007,,Q123641204,,52.5704813,13.3928288
9589564521,mutter mit kind,statue,sabine teubner,am bürgerpark,0311,11003003,13156,sandstone,1984,,Q121704877,,52.5694611,13.3901325
9590460600,ponyreiter,statue,kypros perdios,hermann-hesse-straße,0311,11003003,13156,concrete,1977,,Q115609231,,52.5780449,13.3949292
9590483502,tanzende rollschuhläuferin,statue,axel schulz,zillertalstraße,0307,11003003,13187,bronze,1962,,Q115521116,"category:tanzende rollschuhläuferin, berlin (axel schulz)",52.5601187,13.4067915
9590509491,stehender knabe,statue,wilfried fitzenreiter,dietzgenstraße,0311,11003003,13156,bronze,1963,https://bildhauerei-in-berlin.de/wp-content/uploads/49fbbd19-7672-4386-b0fd-ef1213300c3d.jpg,Q109672277,,52.5787111,13.4054431
9591555228,große knieende,statue,georg kolbe,sensburger allee,0405,11004004,14055,bronze,1959,https://commons.wikimedia.org/wiki/file:skulptur_georg-kolbe-hain_(westend)_gro%c3%9fe_kniende%26georg_kolbe%261942_43.jpg,Q109661073,category:große kniende (georg kolbe),52.5106243,13.2514328
9591555229,großer stürzender,sculpture,georg kolbe,heerstraße,0405,11004004,14055,,,,Q110110914,,52.5084533,13.2499019
9591555230,die ruhende,sculpture,georg kolbe,pillkaller allee,0405,11004004,14055,,,,Q109836240,,52.5097382,13.2507445
9592954470,stahlknoten,installation,,tälchenbrücke,1001,11010010,12685,,,,,,52.5346847,13.5813163
9592974332,horse,installation,,tälchenbrücke,1001,11010010,12685,,,,,,52.5360724,13.5796254
9592974376,,statue,,bärensteinstraße,1001,11010010,12685,stone,,,,,52.536709,13.5769407
9592974843,schneewitchen und die 7 zwerge,,,tälchenbrücke,1001,11010010,12685,,,,,,52.5379809,13.578505
9592974844,,,,tälchenbrücke,1001,11010010,12685,,,,,,52.53771,13.5784413
9610641710,,,,hansastraße,0302,11003003,13088,metal,,,,,52.5508335,13.474596
9613470858,grüner hering,statue,,tassostraße,0302,11003003,13086,,,,,,52.5497503,13.4522084
9614998143,sterbender adler,sculpture,ludwig vordermayer,freiheitsweg,1201,11012012,13407,muschelkalk,,,Q111583411,category:sterbender adler,52.5770096,13.3497761
9629126337,,sculpture,kurt mühlenhaupt,waldemarstraße,0202,11002002,10997,,1981,,,,52.5020725,13.424255
9629126338,,sculpture,kurt mühlenhaupt,waldemarstraße,0202,11002002,10997,,1981,,,,52.502046,13.4243562
9629126381,,sculpture,kurt mühlenhaupt,waldemarstraße,0202,11002002,10997,,1981,,,,52.5020376,13.4242902
9629838102,,,,metzplatz,0703,11007007,12099,,,,,,52.459089,13.3874479
9634457790,,,,raschdorffstraße,1201,11012012,13409,,,,,,52.5703649,13.3702344
9634459704,,,,raschdorffstraße,1201,11012012,13409,,,,,,52.5703959,13.3701358
9634495282,,,,emmentaler straße,1201,11012012,13409,,,,,,52.5720997,13.3649332
9634498587,,,,reginhardstraße,1201,11012012,13409,,,,,,52.5711345,13.3685279
9653831583,,statue,,egon-erwin-kisch-straße,1109,11011011,13059,,,,,file:buddy bears egon-erwin-kisch-straße 99 berlin-neu-hohenschönhausen.jpg,52.5683251,13.5117051
9653831584,,statue,,egon-erwin-kisch-straße,1109,11011011,13059,,,,,file:buddy bears egon-erwin-kisch-straße 99 berlin-neu-hohenschönhausen.jpg,52.5683559,13.5117562
9653831585,,statue,,egon-erwin-kisch-straße,1109,11011011,13059,,,,,file:buddy bears egon-erwin-kisch-straße 99 berlin-neu-hohenschönhausen.jpg,52.5683605,13.5116842
9656279017,,,,travemünder straße,0106,11001001,13357,,,,,,52.5535079,13.3788566
9663200381,,,,koloniestraße,0106,11001001,13359,,,,,,52.5673172,13.3845846
9666862502,schwimmer,sculpture,gertrud classen,kiefholzstraße,0903,11009009,12437,bronze,1975,,Q115815552,category:schwimmer (gertrud classen),52.4640257,13.4890088
9669186674,tränke mit schwan,sculpture,,roedernallee,1201,11012012,13407,,,,Q111584070,category:tränke mit schwan,52.5774528,13.3496321
9669186675,buchablage für das totenbuch,sculpture,,freiheitsweg,1201,11012012,13407,,,,Q111584122,category:buchablage für das totenbuch,52.5772168,13.3506458
9669186676,fliegender fisch,sculpture,,büchsenweg,1201,11012012,13409,,,,Q111582537,,52.5755695,13.3663036
9669186677,blutenbrunnen,sculpture,,zur kühleweinstraße,1201,11012012,13409,,,,Q111578490,,52.5636448,13.37062
9669186678,stele iii,sculpture,,kühleweinstraße,1201,11012012,13409,,,,Q111584178,,52.5628541,13.3706096
9669186679,stele ii,sculpture,,kühleweinstraße,1201,11012012,13409,,,,Q111584293,,52.561299,13.3709282
9669186680,trennwand,sculpture,,montanstraße,1201,11012012,13407,,,,Q111584345,,52.5802313,13.3520295
9669186681,brunnenstele,sculpture,,lindauer allee,1201,11012012,13407,,,,Q111584308,,52.5743676,13.342976
9671927947,berlin dankt frankreich,sculpture,max bill,kurt-schumacher-damm,0105,11001001,13405,granite,,,Q24666180,,52.5613196,13.3261323
9675647773,,,,lübener weg,1201,11012012,13407,,,,,,52.5708053,13.3469834
9675647775,,,,vierwaldstätter weg,1201,11012012,13407,,,,,,52.5623418,13.3574643
9675651526,,,,alt-reinickendorf,1201,11012012,13407,,,,,,52.5751856,13.3505975
9675652611,,,,reginhardstraße,1201,11012012,13409,,,,,,52.5675669,13.3726271
9675661033,,,,raschdorffstraße,1201,11012012,13409,,,,,,52.571501,13.3714243
9675667453,,,,alt-reinickendorf,1201,11012012,13407,,,,,,52.5753921,13.351158
9675667669,,,,waldowstraße,1201,11012012,13403,,,,,,52.5736008,13.3347234
9675667671,,,,klemkestraße,1201,11012012,13409,,,,,,52.5743231,13.3597367
9675667737,,,,gotthardstraße,1201,11012012,13403,,,,,,52.5631843,13.3315206
9675668484,,,,ollenhauerstraße,1201,11012012,13403,,,,,,52.5712582,13.3308535
9675669443,,sculpture,,schulenburgstraße,1201,11012012,13403,,,,,,52.5746101,13.3320906
9675669444,,,,alt-reinickendorf,1201,11012012,13407,,,,,,52.5744019,13.3583163
9675669889,,,,nordbahnstraße,1201,11012012,13409,,,,,,52.572214,13.3790051
9675672535,,,,schwabstraße,1201,11012012,13409,,,,,,52.5658553,13.3733828
9675672536,,,,reinickendorfer straße,0106,11001001,13347,,,,,,52.5534543,13.3667951
9675673128,,,,gotthardstraße,1201,11012012,13407,,,,,,52.5665725,13.3435284
9675674763,,,,reginhardstraße,1201,11012012,13409,,,,,,52.5675844,13.3726197
9675674764,,,,amendestraße,1201,11012012,13409,,,,,,52.5721104,13.3748945
9675677584,,,,amendestraße,1201,11012012,13409,,,,,,52.5691024,13.3712861
9675678677,,,,borggrevestraße,1201,11012012,13407,,,,,,52.5735179,13.3388246
9675678937,bottrop-stein,sculpture,,walter-nicklitz-promenade,0106,11001001,13347,stone,,,Q118163823,file:bottrop stein berlin wedding.jpg,52.5423669,13.3735342
9675678938,,,,rütlistraße,1201,11012012,13407,,,,,,52.5625873,13.3571493
9675678942,,,,baseler straße,1201,11012012,13407,,,,,,52.5652259,13.354031
9675680431,,,,zermatter straße,1201,11012012,13407,,,,,,52.5659982,13.3523393
9675681832,,,,gotthardstraße,1201,11012012,13407,,,,,,52.5666511,13.3453301
9675687375,,,,alt-reinickendorf,1201,11012012,13407,,,,,,52.5754597,13.3487248
9676046744,,,,kühleweinstraße,1201,11012012,13409,,,,,,52.5669257,13.3698241
9676052818,,,,barfusstraße,0105,11001001,13349,,,,,,52.5595499,13.3534914
9676057837,,,,letteallee,1201,11012012,13409,,,,,,52.5636642,13.3775189
9676057838,,,,mittelbruchzeile,1201,11012012,13409,,,,,,52.5669404,13.3698198
9676067410,,,,letteallee,1201,11012012,13409,,,,,,52.5633658,13.3739206
9678340450,,,,büchsenweg,1201,11012012,13409,,,,,,52.5742404,13.3661003
9678340451,,,,kopenhagener straße,1201,11012012,13407,,,,,,52.576151,13.360499
9678340452,reliefstele,sculpture,reinhold hommes,barstraße,0402,11004004,10707,aluminium,1972,file:skulptur reliefstele europatag 1972 reinhold hommes fehrbelliner platz berlin-wilmersdorf 02.jpg,Q127326748,category:reliefstele zum europatag 1972 (reinhold hommes),52.4897607,13.314099
9678342002,,mural,,reginhardstraße,1201,11012012,13409,,,,,,52.57097,13.3691865
9678351186,,,,gamsbartweg,1201,11012012,13409,,,,,,52.5720677,13.3645701
9678351188,,graffiti,,damaschkestraße,0401,11004004,10629,,,,,,52.5018281,13.2957287
9678351189,buddy bear,,,kurfürstendamm,0407,11004004,10709,,,,,,52.4982072,13.2964838
9678352264,,,,friedrichsruher straße,0403,11004004,14193,,,,,,52.4932017,13.291443
9678374623,,,,westfälische straße,0402,11004004,10709,,,,,,52.4942122,13.3028943
9678376630,,,,württembergische straße,0402,11004004,10707,,,,,,52.4934908,13.3149986
9678379108,,,,mansfelder straße,0402,11004004,10713,,,,,,52.4883183,13.3142806
9678390596,,,,büdnerring,1201,11012012,13409,,,,,,52.5728693,13.3710101
9678396119,,,,klemkestraße,1201,11012012,13409,,,,,,52.5742436,13.3648844
9678396217,,,,büdnerring,1201,11012012,13409,,,,,,52.5727658,13.3708948
9678396417,,mural,,kopenhagener straße,1201,11012012,13407,,,,,,52.5754893,13.3603246
9678396422,,mural,graco,katharinenstraße,0407,11004004,10711,,,file:mural berliner sehenswürdigkeiten heilbronner straße katharinenstraße berlin-halensee 10.jpg,Q134974349,category:mural berlin sights (berlin-halensee),52.5007366,13.2925946
9679930452,kämpfende ziegen,sculpture,brigitte jonelat-saebisch,lachmannstraße,0202,11002002,10967,bronze,,,Q117532857,"category:ziegen (hohenstaufenplatz, berlin)",52.4912195,13.4227945
9680169214,drei grazien,statue,,hanns-eisler-straße,0301,11003003,10409,metal,,,Q111152820,"category:drei grazien (baldur schönfelder, berlin)",52.5403464,13.4505454
9681261566,schmuckvase,sculpture,gerald matzner,otto-grüneberg-weg,0401,11004004,10585,,,,Q116977412,,52.515825,13.2986004
9681263310,schmuckornament,sculpture,gerald matzner,otto-grüneberg-weg,0401,11004004,10585,stone,,,Q116948179,,52.5158813,13.2987128
9681267613,schmuckornament,sculpture,gerald matzner,otto-grüneberg-weg,0401,11004004,10585,stone,,,Q116948179,,52.5159057,13.298709
9681269606,schmuckornament,sculpture,gerald matzner,otto-grüneberg-weg,0401,11004004,10585,stone,,,Q116948179,,52.5159011,13.2985391
9681269607,,,,wittelsbacherstraße,0402,11004004,10707,,,,,,52.495039,13.3110473
9681279205,,mural,esher,fritschestraße,0401,11004004,10585,,,,Q116984066,,52.5147086,13.2993699
9681279556,schmuckornament,sculpture,gerald matzner,otto-grüneberg-weg,0401,11004004,10585,stone,,,Q116948179,,52.515865,13.298548
9681282354,schmuckvase,sculpture,gerald matzner,otto-grüneberg-weg,0401,11004004,10585,,,,Q117456447,,52.5158253,13.2986742
9681285486,schmuckvase,sculpture,gerald matzner,schustehrusstraße,0401,11004004,10585,,,,Q116984664,,52.5167529,13.2985608
9681294048,,,,,0401,11004004,,,,,,,52.5176719,13.289978
9681297955,,mural,,wulfsheinstraße,0401,11004004,10585,,,,,file:mural wulfsheinstraße 7 berlin-charlottenburg 01.jpg,52.517644,13.2972151
9685027895,,sculpture,johannes knubel,fehrbelliner platz,0402,11004004,10707,muschelkalk,1936,,,file:skulptur arbeiter-reliefs ehemaliges verwaltungsgebäude der rudolph-karstadt-ag fehrbelliner platz 1 berlin-wilmersdorf 01.jpg,52.4912839,13.3150077
9685030334,,,,wallenbergstraße,0402,11004004,10713,,,,,,52.4820987,13.3154998
9685031159,,,,wallenbergstraße,0402,11004004,10713,,,,,,52.4821183,13.3154945
9685031556,,,,caspar-theyß-straße,0404,11004004,14193,,,,,,52.4919148,13.2820366
9685037488,,sculpture,johannes knubel,fehrbelliner platz,0402,11004004,10707,muschelkalk,1936,,,file:skulptur arbeiter-reliefs ehemaliges verwaltungsgebäude der rudolph-karstadt-ag fehrbelliner platz 1 berlin-wilmersdorf 02.jpg,52.4911742,13.3150886
9685046984,,,,cunostraße,0403,11004004,14193,,,,,,52.4893425,13.2972464
9685048840,,,,barstraße,0402,11004004,10713,,,,,,52.4870662,13.3139791
9686951594,,,,pankower allee,1201,11012012,13409,,,,,,52.5639204,13.3649886
9689742208,,,,knobelsdorffstraße,0401,11004004,14059,,,,,,52.5136221,13.2962064
9693101656,wishing star,sculpture,karl ciesluk,meise,0802,11008008,12349,stone,1984,,Q116478489,,52.4313938,13.4211985
9693101657,drei liegende,sculpture,"isolde haug, azade köker, robert schmidt",hochkönigweg,0802,11008008,12347,"granite, ceramic",1985,,Q136431764,,52.4334836,13.4151943
9693101658,rhizomatische brücke,installation,"klaus zillich, jürgen d. zilling, jasper halfmann",rhizomatische brücke,0802,11008008,12349,,1985,,,,52.4330586,13.4167319
9693101659,wegzeichen,sculpture,klaus duschat,friedland promenade,0802,11008008,12349,stainless steel,1985,,Q115869498,,52.4296197,13.4090978
9693101660,großer wasserstein,sculpture,martin kuhn,am irissee,0802,11008008,12349,granite,2002,,Q115871217,,52.4337555,13.4137139
9693101662,fundstücke – graniträder,installation,raffael rheinsberg,am römersgrün,0802,11008008,12347,"steel,granite",1985,,Q116272050,,52.4390028,13.4230842
9693101663,12 speere,ensemble,susanne mahlmeister,fussgängerbrücke,0802,11008008,12349,steel,1985,,,,52.4366662,13.4197649
9693101664,12 speere,ensemble,susanne mahlmeister,fussgängerbrücke,0802,11008008,12349,steel,1985,,Q114346606,,52.4366507,13.4218316
9693101665,sarkophag,ensemble,jonathan garnham,am irissee,0802,11008008,12349,granite,2002,,Q115869622,,52.4348422,13.4137849
9693101668,wurzelhalbkugel,sculpture,marianne leisegang,am irissee,0802,11008008,12349,wood,2010,,,,52.4344579,13.4139499
9699816962,seelöwen­brunnen,,,schloßstraße,0401,11004004,14059,,,,Q116994454,category:seelöwenbrunnen schloßstraße charlottenburg,52.5127342,13.2965797
9699879638,,mural,paul blankenburg,schloßstraße,0401,11004004,14059,,1980,,Q117066764,,52.5121871,13.2968584
9699883150,stadtbad wilmersdorf,mural,,fritz-wildung-straße,0403,11004004,14199,,,,,,52.486063,13.3016489
9699883735,,,,giesebrechtstraße,0401,11004004,10629,,,,,,52.5016851,13.3102449
9706931846,,,,masurenallee,0405,11004004,14055,,,,,,52.5074032,13.2749601
9724574957,,mural,,holzstraße,0106,11001001,13409,,,,,,52.5637893,13.3780417
9724619629,,mural,,klemkestraße,1201,11012012,13409,,,,,,52.5744555,13.3697586
9724634027,,,,aroser allee,1201,11012012,13407,,,,,,52.5714908,13.3517537
9724634756,,,,oudenarder straße,0105,11001001,13347,,,,,,52.5535386,13.3641631
9724635629,,,,epensteinstraße,1201,11012012,13409,,,,,,52.5662314,13.3768407
9725249215,,,,büdnerring,1201,11012012,13409,,,,,,52.5726249,13.3704823
9725259509,,,,breitkopfstraße,1201,11012012,13409,,,,,,52.5721279,13.3630021
9727708371,,mural,,pankower allee,1201,11012012,13409,,,,,,52.5644939,13.3737422
9727746197,,mural,,pankower allee,1201,11012012,13409,,,,,,52.5645422,13.3743553
9736006185,mädchen mit spielelementen,statue,michael klein,prenzlauer allee,0301,11003003,10405,bronze,,,Q107529086,file:skulptur fröbelplatz (prenz) mädchen mit spielelementen&michael klein&1982.jpg,52.540338,13.4253145
9741690507,,graffiti,,gerichtstraße,0106,11001001,13347,,,,,,52.54277,13.3772483
9768104388,,,,travemünder straße,0106,11001001,13357,,,,,,52.554139,13.3799859
9768162852,,statue,,zähringerstraße,0402,11004004,10707,,,,,file:statue zähringerstraße 34 berlin-wilmersdorf.jpg,52.4956583,13.3139196
9768163225,,,,orthstraße/ walter-nicklitz-promenade,0106,11001001,13357,,,,,,52.5508602,13.3744871
9768175441,,,,barstraße,0402,11004004,10713,,,,Q110551761,,52.4858605,13.3143116
9769205404,,sculpture,,hobrechtstraße,0801,11008008,12047,,,,,,52.4916116,13.4257553
9775473611,,sculpture,,john-foster-dulles-allee,0104,11001001,10557,stone,1961,,,,52.5179801,13.368404
9775497704,,sculpture,karl prantl,große querallee,0104,11001001,10557,limestone,1961,,Q111358734,category:jura kalkstein (karl prantl),52.5188522,13.3684263
9775501204,,sculpture,erich reischke,große querallee,0104,11001001,10557,limestone,1961,,Q110807918,category:jura kalkstein (erich reischke),52.5190901,13.3686881
9775503531,große knospe iii/63,sculpture,gerson fehrenbach,große querallee,0104,11001001,10557,limestone,1961,,Q110962930,category:große knospe (gerson fehrenbach),52.518631,13.3684742
9775509753,,sculpture,yoshikuni iida,große querallee,0104,11001001,10557,sandstone,1961,,Q111360085,category:roter mainsandstein (yoshikuni iida),52.5192116,13.3688482
9775512189,,sculpture,,john-foster-dulles-allee,0104,11001001,10557,limestone,1961,,Q111342768,category:tengener muschelkalk (yasuo mizui),52.5182766,13.3688817
9775528052,,sculpture,walter steiner,große querallee,0104,11001001,10557,sandstone,1961,,Q110739954,category:roter mainsandstein (walter steiner),52.518512,13.3688689
9775529266,,sculpture,,große querallee,0104,11001001,10557,limestone,1961,,Q111314115,category:fränkischer muschelkalk (joachim schultze-bansen),52.518212,13.3680559
9775530331,steinskulptur,sculpture,wolfgang gross-mario,große querallee,0104,11001001,10557,limestone,1962,,Q110952608,category:jura kalkstein (wolfgang gross-mario),52.5186229,13.3690401
9775536511,todes mauer bruch,sculpture,ben wagin,große querallee,0104,11001001,10557,stone,2011,,Q111363651,category:todes mauer bruch (ben wagin),52.5185434,13.3680511
9775538466,himmelschlüssel,sculpture,yasuo mizui,john-foster-dulles-allee,0104,11001001,10557,limestone,1961,,Q110826619,category:himmelschlüssel (yasuo mizui),52.518273,13.3686804
9775542858,,sculpture,karl prantl,große querallee,0104,11001001,10557,limestone,1961,,Q111347197,category:fränkischer muschelkalk (karl prantl),52.5183249,13.3682997
9775666039,adam und eva,statue,rolf biebl,schönhauser allee,0301,11003003,10435,bronze,,,Q109912226,category:adam und eva (rolf biebl),52.5394023,13.4137711
9775666040,,statue,,schönhauser allee,0301,11003003,10435,metal,,,,,52.5393796,13.4137711
9779465803,augen in der großstadt,mural,el bocho,lasdehner straße,0201,11002002,10243,,2020-05-23,https://elbocho.net/wp-content/uploads/2020/05/mural-el-bocho.jpg,Q111086618,category:portrait (el bocho),52.5150258,13.4497529
9779616461,,sculpture,,große querallee,0104,11001001,10557,stone,1961,,,,52.5182162,13.3681283
9779616462,,sculpture,mosché schwarz-buky,große querallee,0104,11001001,10557,limestone,1961,,,,52.5184034,13.3682061
9785842272,kinder mit katze,statue,,straße der erinnerung,0102,11001001,10559,bronze,,,Q116220168,category:kinder mit katze,52.5238256,13.346492
9799370475,,sculpture,josef wyss,große querallee,0104,11001001,10557,limestone,1961,,Q111345023,category:fränkischer muschelkalk (josef wyss),52.5184048,13.3683849
9801466645,palmengiebel hotel seehof,mural,gert neuhaus,lietzensee-ufer,0401,11004004,14057,,2017,,Q118220936,,52.5073492,13.2886318
9808087368,winzerin,statue,friedrich drake,bundesallee,0402,11004004,10715,stone,,,Q116172207,,52.4798377,13.3282957
9816582354,,sculpture,,alt-tegel,1202,11012012,13507,,,,,,52.5882842,13.2747835
9816591350,,,,kleine auguststraße,0101,11001001,10119,,,,,,52.5279679,13.3991171
9816602433,,mural,,stettiner straße,0106,11001001,13357,,,,,,52.553194,13.3862597
9816603219,,sculpture,,bayernallee,0405,11004004,14052,,,,,,52.5114569,13.2661355
9821732848,buddy bear magentinho,statue,,kurfürstendamm,0401,11004004,10719,,,,,,52.5041163,13.333833
9835659648,,sculpture,,mittelweg,0801,11008008,12053,sandstone,,,,,52.4739589,13.4381912
9835692402,,sculpture,,mittelweg,0801,11008008,12053,sandstone,,,,,52.4739603,13.4384574
9835692431,,sculpture,,thomasstraße,0801,11008008,12053,sandstone,,,,,52.4737322,13.4382003
9839822430,double cage piece,sculpture,bruce nauman,am hamburger bahnhof,0102,11001001,10557,metal,1974,,Q123078501,file:skulptur invalidenstr 50 (mitte) double cage piece&bruce nauman&1974.jpg,52.5291025,13.3712505
9843589985,fischerjunge,statue,,frankfurter allee,1103,11011011,10365,,,https://photos.app.goo.gl/gqyvw8w7bk33t7we9,Q109321403,category:jüngling mit fisch (hans latt),52.513737,13.4781241
9846271726,,sculpture,,grünberger straße,0201,11002002,10245,bronze,,,Q113631270,,52.5110554,13.4592995
9846271727,,sculpture,,grünberger straße,0201,11002002,10245,bronze,,,Q117469767,,52.5110832,13.459138
9849287459,sonne,sculpture,gertrud droste,onkel-tom-straße,0604,11006006,14169,bronze,1931,https://commons.wikimedia.org/wiki/file:skulptur_onkel-tom-str_110_(zehld)_sonne%261931.jpg,Q115770361,,52.450768,13.2505605
9858724289,,aircraft,,twy north-east,0703,11007007,10965,,,,,,52.4808028,13.4048769
9864554608,,mural,,mickestraße,1201,11012012,13409,,,,,,52.5631113,13.3720181
9864598261,reihergruppe,statue,hans-detlev hennig,monbijouplatz,0101,11001001,10178,bronze,,https://commons.wikimedia.org/wiki/file:skulptur_reihergruppe_hans-detlev_hennig_monbijoupark_berlin_04.jpg,Q114771293,"category:reiherbrunnen (hans-detlev hennig, berlin-mitte)",52.523276,13.3979596
9869125873,,installation,isaac cordal,bülowstraße,0701,11007007,10783,,,,,,52.4988689,13.3558909
9870171197,bremer stadtmusikanten,statue,karl lemke,volkradstraße,1101,11011011,10319,bronze,1967,,Q112943175,"file:bundesarchiv bild 183-f0805-0009-001, berlin, denkmal bremer stadtmusikanten.jpg",52.5000073,13.5065119
9894020537,,installation,,randowstraße,1109,11011011,13057,,,file:plansche randowstraße 12-14 berlin-neu-hohenschönhausen 02.jpg,,category:water playground randowsstraße 12/14 (berlin-neu-hohenschönhausen),52.5667678,13.5245588
9898462586,,,,wuhletalstraße,1001,11010010,12689,wood,,,,,52.5617738,13.5695207
9898462587,,,,wuhletalstraße,1001,11010010,12689,wood,,,,,52.5617787,13.5699432
9898462588,,,,wittenberger straße,1001,11010010,12689,wood,,,,,52.5626877,13.5705399
9902389377,splash,sculpture,barbara trautmann,hannoversche straße,0101,11001001,10115,,,,,,52.5263383,13.3855424
9904005486,genesung,sculpture,reginald richter,charitéplatz,0101,11001001,10117,glass,1983,,,,52.5262913,13.3797517
9904944805,,,,krugwiesensteig,1109,11011011,13057,,,,,,52.567854,13.5354345
9904944806,,,,krugwiesensteig,1109,11011011,13057,,,,,,52.5678777,13.5353748
9904999018,,,,falkenberger fußsteig,1104,11011011,13057,,,,,,52.5670091,13.5431948
9904999019,,,,falkenberger fußsteig,1104,11011011,13057,,,,,,52.5670992,13.5432981
9910692667,der kopf,sculpture,,stresemannstraße,0202,11002002,10963,,2000,,Q116008473,file:franz bernhard der kopf.jpg,52.5057469,13.3814348
9912647202,,statue,,wichertstraße,0301,11003003,10439,,,,,,52.5489673,13.4221667
9925239173,mutter mit kind,statue,walter sutkowski,am stadtpark,1103,11011011,10367,bronze,,https://commons.wikimedia.org/wiki/file:walter_sutkowski-mutter_mit_kind_lbg.jpg,Q115240774,category:mutter mit kind (walter sutkowski),52.5180381,13.477805
9934395657,engel,statue,,züllichauer straße,0202,11002002,10965,copper,,,Q115109431,,52.4870218,13.405635
9941751498,,statue,,königstraße,0607,11006006,14109,,,,,,52.4187503,13.1532
9949636687,,statue,,tiefhornweg,0607,11006006,14109,,,,,,52.4332856,13.1653165
9950072152,buddy bear,statue,,lietzenburger straße,0401,11004004,10719,,,,,,52.4997779,13.3228372
9965565711,paar torso,sculpture,peter kern,raoul-wallenberg-straße,1001,11010010,12679,,,,Q96482915,category:paar torso (peter kern),52.5481259,13.5578555
9981392318,,sculpture,,bellevue-ufer,0104,11001001,10557,metal,,,,,52.5182891,13.3515958
9981621314,mutter und kind,statue,gyula meszes-tóth,springpfuhlbrücke,1001,11010010,12681,sandstone,1984,https://commons.wikimedia.org/wiki/file:skulptur_mutter_und_kind_berlin_3v5.jpg,Q108197156,category:mutter und kind (gyula meszes-toth),52.5298546,13.5404608
9981770956,mutter und kind,statue,barbara zambrzycka-sliwa,springpfuhlbrücke,1001,11010010,12681,sandstone,,,Q108189275,category:mutter und kind (barbara zambrzycka-sliwa),52.5294671,13.539041
9981771061,,,,helene-weigel-platz,1001,11010010,12681,,,,,,52.5274601,13.5396199
9981771062,,,,helene-weigel-platz,1001,11010010,12681,,,,,,52.5275111,13.5394458
9981771063,,,,helene-weigel-platz,1001,11010010,12681,,,,,,52.5274887,13.5394065
9981771064,,,,helene-weigel-platz,1001,11010010,12681,,,,,,52.5274362,13.5396758
9983230956,sitzende,statue,lore plietzsch,fichtelbergstraße,1001,11010010,12685,bronze,1982,file:skulptur sitzende berlin 4v7.jpg,Q108545978,category:sitzende (lore plietzsch),52.5361974,13.5522159
9983230961,mutter mit kind,statue,lore plietzsch,fichtelbergstraße,1001,11010010,12685,bronze,1982,file:skulptur mutter mit kind berlin 5v6.jpg,Q108545936,category:mutter mit kind (berlin-marzahn),52.5367796,13.5527313
9983262193,"brunnen ""berliner stadtlandschaft""",sculpture,,rebhuhnweg,1001,11010010,12685,,,,Q108545173,category:berliner stadtlandschaft (ingeborg flierl),52.5428811,13.5589909
9987765917,,sculpture,,am friedrichshain,0201,11002002,10407,,,,,,52.528028,13.4261729
9987765918,,sculpture,,am friedrichshain,0201,11002002,10407,,,,,,52.52798,13.4261612
9987821414,disco-bär,installation,ilja kireev,a 100,0801,11008008,12057,,,https://upload.wikimedia.org/wikipedia/commons/9/98/70_estrel_hotel.jpg,,,52.4745016,13.4605718
9988890381,leierkastenmann,sculpture,gerhard thieme,poststraße,0101,11001001,10178,bronze,,,Q111008866,category:leierkastenmann (thieme),52.5172591,13.4060029
9988962779,,statue,,im eichengrund,0503,11005005,13629,,,https://commons.wikimedia.org/wiki/file:skulptur_dihlmannstr_14_(sieme)_hund%26wilhelm_von_winterfeld%2619303.jpg,Q117443345,,52.5441001,13.2664415
9988975920,,statue,,im eichengrund,0503,11005005,13629,,,https://commons.wikimedia.org/wiki/file:skulptur_dihlmannstr_14_(sieme)_hund%26wilhelm_von_winterfeld%2619302.jpg,Q117443242,,52.5440792,13.2663508
9988977350,,mural,,düsseldorfer straße,0402,11004004,10707,,,,,,52.497271,13.311421
9990797132,löwe mit zwei jungtieren,statue,stephan horota,knaackstraße,0301,11003003,10405,bronze,,,Q111008243,"category:löwe mit zwei jungtieren (stephan horota, berlin)",52.5339619,13.4183358
9991339888,pelikanpärchen,sculpture,ernst-otto eichwald,spreetalallee,0405,11004004,14050,bronze,,,Q116462483,category:pelikanpärchen (ernst-otto eichwald),52.5240722,13.2605701
9992166298,stehendes mädchen,statue,ingrid puhlemann,springpfuhlbrücke,1001,11010010,12681,sandstone,1984,https://commons.wikimedia.org/wiki/file:skulptur_stehendes_m%c3%a4dchen_berlin_1v4.jpg,Q108197279,category:stehendes mädchen (ingrid puhlemann),52.5301361,13.5399363
9992564707,,mural,,kolmarer straße,0301,11003003,10405,,,,,,52.5334039,13.417902
9994533746,ruhendes mädchen,sculpture,karl trumpf,teltower damm,0604,11006006,14169,marble,1951,,Q110113429,,52.4335223,13.2591855
9994971965,die würde und schönheit freier menschen,sculpture,margret middel,karl-liebknecht-straße,0101,11001001,10178,bronze,,https://photos.app.goo.gl/xmcqtjsw2tfha9q28,,category:die würde und schönheit freier menschen (margret middell),52.5186985,13.4046601
9994971966,,stele,arno fischer;peter voigt,rathausstraße,0101,11001001,10178,steel,,file:edelstahlstelen arno fischer peter voigt marx-engels-forum berlin-mitte.jpg,,"category:steles at marx-engels-forum (arno fischer, peter voigt)",52.5183672,13.4048934
9994971967,,stele,arno fischer;peter voigt,rathausstraße,0101,11001001,10178,steel,,https://photos.app.goo.gl/rjbrthcksb5gje2k8,,"category:steles_at_marx-engels-forum_(arno_fischer,_peter_voigt)",52.5184572,13.4047159
9994971968,,stele,arno fischer;peter voigt,karl-liebknecht-straße,0101,11001001,10178,steel,,file:edelstahlstelen arno fischer peter voigt marx-engels-forum berlin-mitte.jpg,,"category:steles at marx-engels-forum (arno fischer, peter voigt)",52.5185973,13.404538
9999046527,ballspieler,sculpture,michael schoenholtz,onkel-tom-straße,0604,11006006,14169,bronze,1969,,Q116209981,,52.4465082,13.2526966
10000479362,,,,hohenzollerndamm,0402,11004004,10713,,,,,,52.4885045,13.3014709
10000479373,,,,eisenzahnstraße,0402,11004004,10709,,,,,,52.4909136,13.3047455
10000479374,,,,mansfelder straße,0402,11004004,10709,,,,,,52.4907784,13.3047902
10001289354,spreewalddorf / bahnhof goyatz,sculpture,,an der wuhlheide,0909,11009009,12459,,,,,,52.4677285,13.5270901
10001315676,,mural,,württembergallee,0405,11004004,14052,,,,,,52.5123683,13.259609
10001410304,bär,sculpture,erwin damerow,richard-kolkwitz-weg,1102,11011011,10319,kunststein,,,Q115209772,,52.4962605,13.5357725
10002878324,der schlüssel,sculpture,yasuo mizui,olivaer platz,0402,11004004,10707,stone,1963,file:skulptur der schlüssel yasuo mizui berlin (charlottenburg-wilmersdorf) 02.jpg,Q110821921,category:key (yasuo mizui),52.4995488,13.3136482
10016857951,,mural,,gamsbartweg,1201,11012012,13409,concrete,,,,,52.5729965,13.364639
10033375258,liegende,statue,sonja eschefeld,springpfuhlbrücke,1001,11010010,12681,sandstone,1984,https://commons.wikimedia.org/wiki/file:skulptur_liegende_berlin_1v3.jpg,Q108189351,category:liegende (sonja eschefeld),52.5292901,13.5396014
10038588909,,mural,,meraner straße,0701,11007007,10825,,,,,,52.4855608,13.3385762
10038850411,seelöwe,statue,willy ernst schade,große seestraße,0302,11003003,13086,stone,1925,file:skulptur_am_weißen_see_(weißs)_zwei_seelöwen&willy_ernst_schade&1925.jpg,,category:zwei seelöwen (willy ernst schade),52.555461,13.4612495
10039085354,artistinnen,,,urbanstraße,0604,11006006,14165,,,,Q115768092,,52.4224945,13.2544957
10048567653,,mural,smug,manteuffelstraße,0202,11002002,10999,,2019,https://commons.wikimedia.org/wiki/file:berlin_mural_fest_2019_smug_berlin_2v2.jpg,Q111033403,category:smug (berlin mural fest 2019),52.4965641,13.4242119
10050528126,looping,sculpture,ursula sax,messedamm,0405,11004004,14055,,1992,,Q110387495,,52.5036887,13.2777615
10053038407,wolf und storch,sculpture,stephan horota,kuglerstraße,0301,11003003,10439,bronze,,,Q117081574,"category:wolf und storch (lewaldstraße, berlin-prenzlauer berg, stephan horota)",52.5520049,13.4205608
10068640208,,statue,,wallstraße,0101,11001001,10179,stone,,,,"file:berlin, mitte, köllnischer park, lapidarium, puttengruppe 02.jpg",52.5132025,13.4144755
10089397725,weinberg gottes,sculpture,ulf duschat,brandenburgische straße,0402,11004004,10707,metal,,file:skulptur ohne titel weinberg gottes ulf duschat danielkirche berlin-wilmersdorf 04.jpg,Q127327458,"category:untitled sculpture at danielkirche (ulf duschat, berlin)",52.4943769,13.308883
10092599301,himmelsblume,sculpture,sergej alexander dott,schöneberger ufer,0202,11002002,10785,,,,,,52.5026199,13.3741258
10110061473,,statue,,quellweg,0503,11005005,13629,,,,,,52.5380418,13.2698826
10110061487,,statue,,jugendweg,0503,11005005,13629,,,,,,52.5378607,13.2701732
10111372956,wilhelm griesinger,statue,,bonhoefferweg,0101,11001001,10117,,,,Q111622068,category:bust of wilhelm griesinger (berlin-mitte),52.5261928,13.3762039
10130037761,stehender knabe,statue,sabina grzimek,danziger straße,0301,11003003,10405,bronze,1984,https://commons.wikimedia.org/wiki/file:grzimek_junge.jpg,Q109914785,category:stehender knabe (sabina grzimek),52.5378883,13.4309397
10132455019,kreuzberg,,,erkelenzdamm,0202,11002002,10999,,,,,,52.4979041,13.4128918
10162314918,statue of liberty,sculpture,elmgreen & dragset,invalidenstraße,0102,11001001,10557,concrete,2019-06-21,,Q118640011,category:statue of liberty (michael elmgreen und ingar dragset),52.5281656,13.3726614
10182829358,liebespaar,sculpture,,ernst-bloch-straße,1005,11010010,12619,,,,Q108603713,category:liebespaar (hauszeichen – skulpturen),52.5209057,13.5922433
10186284236,hall of fame,graffiti,,zugang zu den häusern mühlenstraße 62 -64c,0603,11006006,12249,,,,,,52.4314284,13.349391
10201040333,schreitende,statue,emerita pansowová,heinz-graffunder-park,1001,11010010,12681,bronze,1980,https://commons.wikimedia.org/wiki/file:skulptur_schreitende_berlin_2v4.jpg,Q108189399,category:schreitende in berlin (emerita pansowová),52.524581,13.543344
10203480453,dynamischer körper,sculpture,jan skuin,allee der kosmonauten,1103,11011011,10315,"stahl,_messing",1986,https://commons.wikimedia.org/wiki/file:sculpture_dynamischer_k%c3%b6rper_jan_skuin_allee_der_kosmonauten_berlin-lichtenberg_02.jpg,Q112079304,category:dynamischer körper (jan skuin),52.5261468,13.5166288
10257638948,weltbaum 2,mural,ben wagin und weitere künstler*innen,kantstraße,0401,11004004,10623,,,,Q115683127,category:weltbaum ii,52.5052811,13.3184192
10291756911,milchmädchen,statue,pawel sokolow,fulhamer allee,0802,11008008,12359,bronze,1998,https://commons.wikimedia.org/wiki/file:milchm%c3%a4dchen_von_pawel_petrowitsch_sokolow.jpg,Q113675306,category:das milchmädchen (gutspark britz),52.4467194,13.4392893
10296375052,echinacea,sculpture,christine gersch,ahrensfelder chaussee,1001,11010010,13057,,,,Q106863347,category:echinacea (christine gersch),52.5677102,13.5457693
10553907089,älteres paar,sculpture,ingeborg hunzinger,püttbergeweg,0912,11009009,12589,sandstone,1996,,,,52.4409121,13.6895172
10556780603,,installation,,alt-treptow,0901,11009009,12435,wood,,,,,52.4852101,13.4782811
10556780606,,installation,,bulgarische straße,0901,11009009,12435,wood,,,,,52.4846913,13.4776448
10556780607,,installation,,alt-treptow,0901,11009009,12435,wood,,,,,52.4849301,13.4780087
10613007553,,sculpture,m. wittmer,lothar-bucher-straße,0601,11006006,12157,,,,,,52.4612337,13.332426
10623971027,waffen,sculpture,michael schoenholtz,otto-dix-straße,0102,11001001,10557,"bronze,_beton",1982,,Q116692675,file:skulptur waffen (gegen den krieg) michael schoenholtz rathenower straße berlin-moabit 02.jpg,52.5242637,13.3575012
10659711621,,sculpture,,fulhamer allee,0802,11008008,12359,,,,,,52.4474017,13.4392811
10659711623,,mosaic,,fulhamer allee,0802,11008008,12359,,,,,file:mosaikbild eines ginkgoblattes.jpg,52.4470405,13.4394102
10659711633,,sculpture,,alt-britz,0802,11008008,12359,,,,,,52.4464101,13.4378484
10680286920,max-taut schriftzug,sculpture,,fischerstraße,1112,11011011,10317,plastic,,,,,52.5009687,13.4875026
10691064468,,sculpture,,sylter straße,0105,11001001,13353,stone,,,,,52.5401284,13.3401014
10691064469,,sculpture,,sylter straße,0105,11001001,13353,stone,,,,,52.5401149,13.340082
10692092481,das korinthische kapitell,sculpture,,edelhofdamm,1205,11012012,13465,sandstone,,https://bildhauerei-in-berlin.de/wp-content/uploads/rei_027_ju%cc%88rgen_tomisch_barbara_anna_lutz_2020_00002.jpg,Q119403318,file:denkmal joseph brix–felix genzmer–park (frohn) korinthische kapitell.jpg,52.6358078,13.301643
10693499676,,,,heerstraße,0405,11004004,14052,steel,,,,,52.5089527,13.2609799
10693506185,,,,heerstraße,0405,11004004,14052,,,,,,52.5090255,13.2617058
10731023028,buddy bear,sculpture,,grünstraße,0910,11009009,12555,,,,Q152445,,52.4448961,13.5744779
10734862690,bär auf kugel,statue,richard hegemann,wiltinger straße,1205,11012012,13465,kunststein,,,Q117477122,,52.6361041,13.2901995
10736823139,sandmännchen,statue,claus lindner,akazienallee,1004,11010010,12623,bronze,2023-03-14,,Q117116490,category:sandmännchen (claus lindner),52.4790537,13.6041197
10741232115,albert beltran,,,scharnweberstraße,1201,11012012,13405,,,,,,52.5646626,13.323335
10755134367,bremer stadtmusikanten,statue,stephan horota,schweriner ring,1109,11011011,13059,bronze,,https://commons.wikimedia.org/wiki/file:skulptur_bremer_stadtmusikanten_stephan_horota_schweriner_ring_berlin-neu-hohensch%c3%b6nhausen_03.jpg,Q122802695,category:town musicians of bremen (stephan horota),52.5764773,13.507448
10755165316,storchenpaar,sculpture,stephan horota,dorfstraße,1107,11011011,13059,,,,Q111008224,"category:storchenpaar (stephan horota, berlin-wartenberg)",52.5752663,13.514501
10799152880,gärtnerbursche,statue,karl-heinz schamal,kaisersteg,0905,11009009,12439,bronze,,,Q110993762,"category:gärtnerbursche (karl-heinz schamal, treptow-köpenick)",52.4568374,13.5198167
10812622172,,,,sensburger allee,0405,11004004,14055,,,,,,52.5100114,13.2549759
10812624215,,,,sensburger allee,0405,11004004,14055,,,,,,52.5100317,13.2549035
10834438255,,mural,,holzmarktstraße,0201,11002002,10243,,,,Q111218995,category:akte one & cren (berlin mural fest 2018),52.5115564,13.4267882
10834438256,,mural,,holzmarktstraße,0201,11002002,10243,,,https://photos.app.goo.gl/yzpkrpvca3m8gbraa,Q111206886,category:isakov (berlin mural fest 2018),52.5117496,13.426466
10834454445,butterfly,mural,michelle tombolini,boxhagener straße,0201,11002002,10245,,2015,,Q105720639,category:indelible marks project - butterfly - berlin,52.5092741,13.4650504
10834469812,,mural,,holzmarktstraße,0201,11002002,10243,,,https://photos.app.goo.gl/gdqhlaqugtsjhjjx7,Q111142059,,52.5114994,13.4269596
10858291049,,statue,,königstraße,0607,11006006,14109,stone,,,,file:berln schloss-klein-glienicke aedikulanische-treppe 20220904 162310.jpg,52.4136611,13.0959978
10858291050,,statue,,königstraße,0607,11006006,14109,stone,,,,file:berln schloss-klein-glienicke aedikulanische-treppe 20220904 162310.jpg,52.4136494,13.0959703
10858291067,,sculpture,,königstraße,0607,11006006,14109,stone,,,,,52.4135565,13.0957185
10858291070,,sculpture,,königstraße,0607,11006006,14109,stone,,,,,52.4135697,13.0955933
10858291071,,sculpture,,königstraße,0607,11006006,14109,stone,,,,,52.4135555,13.0955557
10858291074,,sculpture,,königstraße,0607,11006006,14109,stone,,,,,52.4134813,13.0955192
10867256731,knabenbrunnen,statue,,königstraße,0607,11006006,14109,,,,Q118174190,category:knabenbrunnen (klein-glienicke),52.4140836,13.0936459
10867256732,säulentrümmer,sculpture,,königstraße,0607,11006006,14109,stone,,,Q114827021,category:säulentrümmer (klein-glienicke),52.4140034,13.0932355
10867256734,laitière,statue,pawel petrowitsch sokolow,königstraße,0607,11006006,14109,bronze,,,Q118144690,category:la laitière (klein-glienicke),52.4137204,13.0945417
10873869376,betender knabe,statue,christian daniel rauch,königstraße,0607,11006006,14109,bronze,~1827,https://commons.wikimedia.org/wiki/file:blick_auf_der_betende_knabe_schloss_glienicke.jpg,Q116959942,category:betender knabe (glienicke),52.4146541,13.0932556
10879229807,artemis,statue,,königstraße,0607,11006006,14109,aluminium,1983,https://commons.wikimedia.org/wiki/file:berlin_schloss-klein-glienicke_artemis_20220904_164544.jpg,Q118219908,category:artemis (klein-glienicke),52.414841,13.0933709
10879663200,brunnenstele,sculpture,max rose,wilhelmsruher damm,1210,11012012,13439,granite,1980,https://bildhauerei-in-berlin.de/wp-content/uploads/rei_101_ju%cc%88rgen_tomisch_barbara_anna_lutz_2020_00003.jpg,Q122937744,,52.597274,13.3600592
10880725101,,sculpture,,unter den linden,0101,11001001,10117,,,,,,52.5171368,13.3874566
10881717986,,sculpture,,sachsendamm,0701,11007007,10829,,,,Q110812430,,52.4768932,13.356363
10882938970,sanchi-tor,installation,,schloßplatz,0101,11001001,10178,stone,,https://photos.app.goo.gl/qawqchpujpq6lmfm8,,category:sanchi tor am humboldt forum,52.5182404,13.401606
10896069657,,sculpture,,am friedrichshain,0201,11002002,10407,,,,,,52.5282057,13.4266989
10905060062,träumende,statue,karl-günter möpert,parsteiner ring,1001,11010010,12679,sandstone,1989,file:skulptur träumende karl-günter möpert parsteiner ring grünanlage ahrensfelder berge berlin-marzahn 01.jpg,Q121085526,category:träumende (karl-günter möpert),52.5522451,13.5840844
10915900145,chimpanzee,statue,ephias chivhunga,richard-kolkwitz-weg,1101,11011011,10319,dry_stone,2016,,,,52.5014342,13.5302893
10915901247,,installation,,bulgarische straße,0901,11009009,12435,wood,,,,,52.4835626,13.4731294
10919372809,johann sebastian bach,,manfred strehlau,mörikestraße,0903,11009009,12437,bronze,1985,file:büste mörikestr 13 (baums) johann sebastian bach&manfred strehlau&1985.jpg,Q112571524,"category:johann sebastian bach, baumschulenweg (manfred strehlau)",52.4650233,13.4844274
10919372810,blue note,sculpture,michael maria kammertöns,mörikestraße,0903,11009009,12437,bronze,,file:skulptur mörikestr 13 (baums) blue note&michael maria kammertöns&20222.jpg,Q130338010,category:blue note (michael maria kammertöns),52.4651716,13.4841285
10923691738,stärke,statue,,schloßfreiheit,0101,11001001,10178,sandstone,,,Q123353064,,52.5168133,13.4004151
10923691739,mäßigung,statue,,schloßfreiheit,0101,11001001,10178,sandstone,,,,,52.5167574,13.4004805
10923691740,gerechtigkeit,statue,,schloßfreiheit,0101,11001001,10178,sandstone,,,,,52.5166765,13.4005772
10923691741,weisheit,statue,,schloßfreiheit,0101,11001001,10178,sandstone,,,,,52.5166213,13.4006442
10923691742,elias,statue,,schloßfreiheit,0101,11001001,10178,sandstone,,,,,52.5166345,13.4006696
10923691743,moses,statue,,schloßplatz,0101,11001001,10178,sandstone,,,,,52.5168248,13.400437
10923734006,borussia,statue,,schlüterhof,0101,11001001,10178,sandstone,,,,,52.5177018,13.4022048
10923734007,apollo,statue,,schlüterhof,0101,11001001,10178,sandstone,,,,,52.5176775,13.4021961
10923734008,jupiter,statue,,schlüterhof,0101,11001001,10178,sandstone,,,,,52.5176385,13.4022443
10923734009,antinoos,statue,,schlüterhof,0101,11001001,10178,sandstone,,,,,52.5175976,13.4022907
10923734010,meleager,statue,,schlüterhof,0101,11001001,10178,sandstone,,,,,52.5175509,13.4023447
10923734011,herkules,statue,,schlüterhof,0101,11001001,10178,sandstone,,,,,52.5175115,13.4023932
10923734012,hermes,statue,,schlüterhof,0101,11001001,10178,sandstone,,,,,52.5174742,13.4024364
10923734013,pax,statue,,schlüterhof,0101,11001001,10178,sandstone,,,,,52.5174714,13.4024842
10923734014,sapientia,statue,,schlüterhof,0101,11001001,10178,sandstone,,,,,52.5171411,13.402362
10923734015,fleiß,statue,,schlüterhof,0101,11001001,10178,sandstone,,,,,52.517153,13.4023934
10923734016,prudentia,statue,,schlüterhof,0101,11001001,10178,sandstone,,,,,52.5171852,13.4024642
10923734017,concordia,statue,,schlüterhof,0101,11001001,10178,sandstone,,,,,52.5172004,13.4024971
10923744002,susanna,statue,,schlüterhof,0101,11001001,10178,sandstone,,,,,52.5176514,13.4017687
10923744003,victoria,statue,,schlüterhof,0101,11001001,10178,sandstone,,,,,52.5176642,13.4017993
10923744004,justitia,statue,,schlüterhof,0101,11001001,10178,sandstone,,,,,52.5176939,13.401866
10923744005,flora,statue,,schlüterhof,0101,11001001,10178,sandstone,,,,,52.5177046,13.4018915
10929364142,seidenraupenkokons,installation,,bölschestraße,0911,11009009,12587,concrete,2023,,Q124213700,"category:seidenkokons (bölschestraße, berlin-friedrichshagen)",52.4511196,13.6243369
10930029481,,statue,,am lustgarten,0101,11001001,10178,,,,,,52.5193189,13.4010617
10930029482,,statue,,am lustgarten,0101,11001001,10178,,,,,,52.5192424,13.4008662
10930029483,,statue,,am lustgarten,0101,11001001,10178,,,,,,52.5191008,13.4008202
10930029484,,statue,,am lustgarten,0101,11001001,10178,,,,,,52.5189818,13.4009449
10930029485,,statue,,am lustgarten,0101,11001001,10178,,,,,,52.5189533,13.4011688
10930029486,,statue,,am lustgarten,0101,11001001,10178,,,,,,52.5190282,13.4013705
10930029487,,statue,,am lustgarten,0101,11001001,10178,,,,,,52.5191687,13.401413
10930029488,,statue,,am lustgarten,0101,11001001,10178,,,,,,52.5192855,13.4012874
10930125413,,statue,,am lustgarten,0101,11001001,10178,,,,,,52.5188485,13.4007386
10930125414,,statue,,am lustgarten,0101,11001001,10178,,,,,,52.519046,13.4005319
10930125415,,statue,,am lustgarten,0101,11001001,10178,,,,,,52.518982,13.4007176
10934440457,steinbock,statue,vladimír koštoval,am tierpark,1101,11011011,10319,bronze,1959,,Q115475539,,52.507841,13.5343506
10955728508,yolanda,statue,miriam lenk,nachodstraße,0402,11004004,10779,bronze,2003,https://commons.wikimedia.org/wiki/file:statue_nachodstr_(wilmd)_yolanda_miriam_lenk_2003_6.jpg,Q110063127,,52.4955426,13.3317419
10959540457,,statue,eberhard encke,berliner straße,0402,11004004,10713,stone,,,,,52.4870823,13.3100308
10959540458,,statue,eberhard encke,berliner straße,0402,11004004,10713,stone,,,,,52.4870225,13.310028
10959540459,,statue,eberhard encke,berliner straße,0402,11004004,10713,stone,,,,,52.4870258,13.3098196
10959540460,,statue,eberhard encke,berliner straße,0402,11004004,10713,stone,,,,,52.4870855,13.3098201
10960704742,,sculpture,,zerbster straße,1005,11010010,12627,stone,,https://commons.wikimedia.org/wiki/category:sculpture_group_h%c3%b6nower_weiherkette_(berlin-hellersdorf),,category:sculpture group hönower weiherkette (berlin-hellersdorf),52.5434101,13.6119994
10960704743,,sculpture,,zerbster straße,1005,11010010,12627,stone,,https://commons.wikimedia.org/wiki/file:skulpturengruppe_lsg_h%c3%b6nower_weiherkette_berlin-hellersdorf_02.jpg,,category:sculpture group hönower weiherkette (berlin-hellersdorf),52.5433912,13.6120249
10960704744,,sculpture,,zerbster straße,1005,11010010,12627,stone,,https://commons.wikimedia.org/wiki/category:sculpture_group_h%c3%b6nower_weiherkette_(berlin-hellersdorf),,category:sculpture group hönower weiherkette (berlin-hellersdorf),52.5433852,13.6119862
10961291875,,statue,,bismarckallee,0404,11004004,14193,,,,,,52.4912477,13.2836068
10962234632,liegendes paar,sculpture,sabina grzimek,eberswalder straße,0301,11003003,10437,bronze,1981,,Q109913957,file:sabina_grzimek_liegendes_paar.jpg,52.5401861,13.4098446
10976816026,,sculpture,,hertzallee,0401,11004004,10623,,,,,,52.5100388,13.3275392
10976816056,,sculpture,,hertzallee,0401,11004004,10623,,,,,,52.5099495,13.3278094
10977214292,komposition mit wolken,mural,lothar gericke,rosenbecker straße,1001,11010010,12689,,1999,,Q108744032,,52.569616,13.5725967
10978921405,kleines paar,statue,anna franziska schwarzbach,märkische allee,1001,11010010,12689,,1982,,Q107399499,category:kleines paar (anna franziska schwarzbach),52.5699348,13.5681725
10978938701,welt von morgen,mural,adam kurtz,golliner straße,1001,11010010,12689,,1987,,Q108862017,category:welt von morgen (adam kurtz),52.5663966,13.5792545
10980529713,barmherziger samariter,statue,kurt zimmermann,carstennstraße,0602,11006006,12205,bronze,1954,https://commons.wikimedia.org/wiki/file:statue_carstennstr_58_(lifel)_samariter.jpg,Q123168664,category:good samaritan (kurt zimmermann),52.430088,13.2890758
10984562249,asklepios,statue,,königstraße,0607,11006006,14109,marble,1982,https://commons.wikimedia.org/wiki/file:casinoschuschke.jpg,Q110216736,category:asklepios (casino glienicke),52.4147672,13.0929706
10995774313,vater und sohn,statue,emerita pansowová,schleusinger straße,1001,11010010,12687,bronze,1990,,Q118552331,category:vater und sohn (emerita pansowová),52.5578253,13.5666559
10995801467,die geschlagene,statue,ingeborg hunzinger,victor-klemperer-platz,1001,11010010,12679,sandstone,1985,,Q108525739,category:die geschlagene (ingeborg hunzinger),52.5466339,13.55604
11003281734,,statue,,eldenaer straße,0201,11002002,10247,wood,,,,,52.519751,13.4605887
11004092208,das ofenrohr,sculpture,"wolfgang weber, horst göhler",wörlitzer straße,1001,11010010,12689,"keramik,_klinker",1985,https://commons.wikimedia.org/wiki/file:clara-zetkin-park_marzahn_110415_ama_fec_(24).jpg,Q108746843,category:sitzlandschaft (clara-zetkin-park),52.5665721,13.5674904
11008692157,felix-mendelssohn-bartholdy-stein,stone,,hafenplatz,0202,11002002,10963,,,,Q60321508,file:felix.mendelssohn-bartholdy-stein.jpg,52.5035794,13.3758345
11008698204,orpheus,statue,gerhard marcks,tiergartenstraße,0104,11001001,10785,bronze,1959,,Q117834559,file:skulptur orpheus gerhard marcks musikinstrumenten-museum berlin-tiergarten 04.jpg,52.5103659,13.3701921
11018068460,das ei,sculpture,reinhard jacob,victor-klemperer-platz,1001,11010010,12679,"sandstone, marmor",1983,https://commons.wikimedia.org/wiki/file:sculpture_das_ei_reinhard_jacob_berlin-marzahn.jpg,Q108737723,category:das ei (reinhard jacob),52.5462189,13.5565738
11018631637,arbeit für das glück des menschen,mural,walter womacka,marzahner promenade,1001,11010010,12679,,1989-11-3,https://commons.wikimedia.org/wiki/file:mural_arbeit_f%c3%bcr_das_gl%c3%bcck_des_menschen_walter_womacka_berlin.jpg,Q110277864,category:arbeit für das glück des menschen (walter womacka),52.5453083,13.5521008
11018701590,frieden,mural,walter womacka,marzahner promenade,1001,11010010,12679,,1988-11-9,https://commons.wikimedia.org/wiki/file:wall_mosaic_marzahner_promenade_45_berlin-marzahn.jpg,Q110265541,category:peace (walter womacka),52.5458201,13.5543273
11033078340,,sculpture,,tiefhornweg,0607,11006006,14109,,,,,,52.4329746,13.1659272
11034754049,pinguine,statue,,am stadtpark,1103,11011011,10367,stone,,https://commons.wikimedia.org/wiki/file:skulptur_stadtpark_lichtenberg_(liber)_pinguine%26helmut_weiss%261958.jpg,Q115223056,category:pinguine (helmut weiss),52.5187096,13.4777738
11034829253,,statue,helmut weiss,parkaue,1103,11011011,10367,sandstone,,,Q120484493,,52.5175037,13.477527
11048321422,dionysos,sculpture,georg kolbe,mohrunger allee,0405,11004004,14055,,,,Q109838120,,52.5102165,13.2501909
11048331201,mars und venus,sculpture,georg kolbe,pillkaller allee,0405,11004004,14055,,,,Q109852471,,52.5085873,13.2508113
11056818220,,,,karower chaussee,0309,11003003,13125,,,,,,52.6238488,13.4953495
11057105834,kinetische skulptur,sculpture,bernd wilhelm blank,hauptstraße,0702,11007007,12159,,1993,https://commons.wikimedia.org/wiki/file:skulptur_hauptstr_66_(fried)_kinetische_skulptur%26bernhard_wilhelm_blank%261993.jpg,Q121253409,,52.4768699,13.3415074
11061610412,niemand ist vergessen,mural,"tanja k., anne bengard, sebastian g., beatsen, ismail schuhmacher",weitlingstraße,1112,11011011,10317,,2023-07,https://commons.wikimedia.org/wiki/file:mural_niemand_ist_vergessen_eugeniu_botnari_eugeniu-botnari-platz_berlin-lichtenberg_12.jpg,Q120791415,,52.5101225,13.4979349
11083553625,lichtschleife mit datumsgrenze,installation,jörg herold,otto-von-bismarck-allee,0104,11001001,10557,,2013,,,,52.5204985,13.3740503
11091112819,modern family,mural,okuda,murtzaner ring,1001,11010010,12681,,2019,https://commons.wikimedia.org/wiki/file:mural_okuda_san_miguel_berlin-marzahn_1v3.jpg,Q108197542,category:modern family (okuda san miguel),52.5304408,13.5433351
11091253120,,mural,extraweg & die dixons,ludwigsfelder straße,1005,11010010,12629,,2019,https://commons.wikimedia.org/wiki/file:berlin_mural_fest_2019_extraweg_%26_die_dixons_berlin-hellersdorf_2v3.jpg,Q111015692,,52.5465088,13.5906354
11091253169,boogie down berlin,mural,boogie,ludwigsfelder straße,1005,11010010,12629,,2019,https://commons.wikimedia.org/wiki/file:berlin_mural_fest_2019_boogie_berlin-hellersdorf_1v2.jpg,Q111016250,,52.5474596,13.5898894
11091253644,,mural,madc,ludwigsfelder straße,1005,11010010,12629,,2019,https://commons.wikimedia.org/wiki/file:berlin_mural_fest_2019_madc_berlin-hellersdorf_1v3.jpg,Q111016108,,52.5469926,13.5908118
11091253660,1up,mural,,märkische allee,1001,11010010,12681,,2019,https://commons.wikimedia.org/wiki/file:berlin_mural_fest_2019_1up_berlin-marzahn_3v3.jpg,Q111016555,,52.5327408,13.5377998
11091261881,the dream,mural,victor ash,ludwigsfelder straße,1005,11010010,12629,,2019,https://commons.wikimedia.org/wiki/file:berlin_mural_fest_2019_victor_ash_berlin-hellersdorf_1v2.jpg,Q111016491,,52.548096,13.5901234
11091265743,,mural,akut,märkische allee,1001,11010010,12681,,2019,https://commons.wikimedia.org/wiki/file:berlin_mural_fest_2019_akut_berlin-marzahn_1v2.jpg,Q111017272,,52.5327482,13.5387661
11091283574,zuhause ist wo das herz ist,mural,adry del rocio,märkische allee,1001,11010010,12681,,2019,https://commons.wikimedia.org/wiki/file:berlin_mural_fest_2019_adry_del_rocio_berlin-marzahn_2v2.jpg,Q111017097,,52.5326998,13.5389462
11134159062,sitzende figur,statue,,wernerstraße,1003,11010010,12621,stone,,https://commons.m.wikimedia.org/wiki/file%3asitzende_figur_in_der_wernerstra%c3%9fe_in_berlin-mahlsdorf.jpg,Q121745158,"category:sitting figure (wernerstraße, berlin-kaulsdorf)",52.5177563,13.6094978
11141672554,stehender jüngling,statue,,myslowitzer straße,1003,11010010,12621,bronze,,https://commons.wikimedia.org/wiki/file:skulptur_stehender_junge_klinikum_kaulsdorf_berlin-kausldorf_03.jpg,Q121362086,"category:stehender jüngling (klinikum kaulsdorf, berlin)",52.5068575,13.5936039
11141817004,folded square alphabet u,sculpture,fletcher benton,myslowitzer straße,1003,11010010,12621,,,https://commons.wikimedia.org/wiki/file:sculpture_folded_square_alphabet_u_fletcher_benton_klinikum_kaulsdorf_berlin_01.jpg,Q121818023,category:folded square alphabet u (fletcher benton),52.5056091,13.5937837
11141884311,mutter mit kind,statue,,myslowitzer straße,1003,11010010,12621,,,https://commons.wikimedia.org/wiki/file:skulptur_mutter_mit_kind_klinikum_kaulsdorf_berlin_02.jpg,Q121817862,"category:mother with child (klinikum kaulsdorf, berlin)",52.5067801,13.5927438
11141887401,kunst am bau in der ddr,sculpture,,,1003,11010010,,,,https://commons.wikimedia.org/wiki/file:skulptur_kunst_am_bau_in_der_ddr_klinikum_kaulsdorf_04.jpg,Q121817928,category:kunst am bau in der ddr (klinikum kaulsdorf),52.505536,13.593462
11148408489,pelikane,statue,,hardenbergplatz,0104,11001001,10787,,,,,,52.5062327,13.3390708
11148418919,löwe,statue,waldemar grzimek,budapester straße,0104,11001001,10787,,,,Q116445733,file:zoo berlin loewe grzimek.jpg,52.5071373,13.3414269
11148418940,rothirsch,statue,,hardenbergplatz,0104,11001001,10787,,,,Q115925814,,52.508042,13.3376108
11148418953,,statue,,hardenbergplatz,0104,11001001,10787,,,,,file:skulptur hardenbergplatz 8 (tierg) flusspferdbulle „knautschke“&manfred gräfe&1997.jpg,52.5087816,13.3364993
11148418962,orje,sculpture,anni beck,hardenbergplatz,0104,11001001,10623,,,,,,52.5076578,13.3346845
11148418998,geierperlhühner,statue,reinhard dachlauer,hardenbergplatz,0104,11001001,10787,bronze,1990,https://commons.wikimedia.org/wiki/file:skulptur_hardenbergplatz_8_(tierg)_geierperlh%c3%bchner%26reinhard_dachlauer%2619902.jpg,Q117791680,category:geierperlhühner (reinhard dachlauer),52.5076986,13.3366421
11148694546,mädchen mit katzen,statue,johanna jura,pieskower weg,0301,11003003,10409,bronze,1977,https://commons.wikimedia.org/wiki/file:skulptur_greifswalder_str_88_(prenz)_m%c3%a4dchen_mit_katzen%26johanna_jura%261977.jpg,Q116141764,category:mädchen mit katzen (johanna jura),52.5423262,13.4420381
11148694552,lesender knabe,statue,hans-peter goettsche,ostseestraße,0301,11003003,10409,bronze,1969,"https://commons.wikimedia.org/wiki/file:lesender_knabe,_hans-peter_goettsche_00301.jpg",Q111148843,"category:lesender knabe, hans-peter goettsche",52.5500584,13.4312453
11148701824,till eulenspiegel,statue,stephan horota,buschallee,0302,11003003,13088,bronze,1978,https://commons.wikimedia.org/wiki/file:skulptur_buschallee_88_(wei%c3%9fs)_till_eulenspiegel%26stephan_horota%2619783.jpg,Q110995562,category:eulenspiegel (stefan horota) in berlin-weissensee,52.5537803,13.4760412
11153409947,,sculpture,,wustrower straße,1109,11011011,13051,,,,,,52.5644657,13.5043458
11153409948,,sculpture,,wustrower straße,1109,11011011,13051,,,,,,52.5644876,13.5043258
11153409949,,sculpture,,wustrower straße,1109,11011011,13051,,,,,,52.5644674,13.5043003
11153701958,sich umarmendes paar,statue,martin wilke,buschallee,0302,11003003,13088,sandstone,1987,https://commons.wikimedia.org/wiki/file:skulptur_buschallee_93_a_%e2%80%93_94_berlin-wei%c3%9fensee_01.jpg,Q116159798,category:sich umarmendes paar (martin wilke),52.5539434,13.4733737
11153712703,sich sonnende,statue,martin wilke,buschallee,0302,11003003,13088,sandstone,1987,https://commons.wikimedia.org/wiki/file:skulptur_liegende_figur_buschallee_96_berlin-wei%c3%9fensee_01.jpg,Q116159901,category:sich sonnende (martin wilke),52.5539744,13.4724493
11165494668,elefantenmutter,statue,nikolaus bode,singerstraße,0201,11002002,10243,sandstone,1981,https://commons.wikimedia.org/wiki/file:skulptur_elefantenmutter_nikolaus_bode_singerstra%c3%9fe_77_berlin-friedrichshain_02.jpg,Q118140061,category:elefantenmutter (nikolaus bode),52.5156153,13.4341542
11167025582,tor zum prenzlauer berg,sculpture,hubertus von der goltz,prenzlauer berg,0301,11003003,10405,steel,2001,https://commons.wikimedia.org/wiki/file:skulptur_tor_zum_prenzlauer_berg_hubertus_von_der_goltz_prenzlauer_allee-prenzlauer_berg_berlin-prenzlauer_berg_01.jpg,Q122206377,category:tor zum prenzlauer berg (hubertus von der goltz),52.5286102,13.4176217
11167572060,europa vom prenzelberg,statue,anna franziska schwarzbach,marienburger straße,0301,11003003,10405,"muschelkalk,_kunststein",1999,https://commons.wikimedia.org/wiki/file:skulptur_europa_vom_prenzelberg_anna_franziska_schwarzbach_abenteuerspielplatz_an_der_marie_marienburger_stra%c3%9fe_berlin-prenzlauer_berg_03.jpg,Q107413558,category:europa vom prenzelberg (anna franziska schwarzbach),52.5355289,13.4248282
11179214253,mädchen mit ball,statue,,parkaue,1103,11011011,10367,bronze,1965,"file:plastik ""mädchen mit ball"" im stadtpark lichtenberg.jpg",Q110184697,category:girl with ball (berlin-lichtenberg),52.517997,13.4764791
11179217620,mädchen,statue,karl-günter möpert,kielblockstraße,1103,11011011,10367,bronze,1973,https://commons.wikimedia.org/wiki/file:skulptur_stadtpark_lichtenberg_(liber)_m%c3%a4dchen%26karl-g%c3%bcnter_m%c3%b6pert%261973.jpg,Q109673069,category:mädchen (karl-günter möpert),52.5188785,13.4786631
11179228542,seelöwe,statue,,parkaue,1103,11011011,10367,kunststein,1950,,Q115245613,,52.5182857,13.4757835
11179296823,seelöwe,statue,,,1103,11011011,,kunststein,1950,,Q120490043,,52.5182976,13.4759818
11179614647,lichtenberg,mural,christian awe,frankfurter allee,1103,11011011,10365,,2012,https://commons.wikimedia.org/wiki/file:mural_lichtenberg_christian_awe_frankfurter_allee_192_berlin-lichtenberg_04.jpg,Q122375222,category:lichtenberg (christian awe),52.5117504,13.4891793
11180800376,paar,statue,astrid mosch,storkower straße,0301,11003003,10407,granite,1999,,Q116293433,file:skulptur paar astrid mosch landsberger allee storkower straße berlin-prenzlauer berg.jpg,52.5297499,13.4552552
11180895872,spielende,statue,wilfried fitzenreiter,am rudolfplatz,0201,11002002,10245,bronze,1975,https://commons.wikimedia.org/wiki/file:skulptur_rudolfplatz_(frhai)_spielende%26wilfried_fitzenreiter%261975.jpg,Q109929064,category:spielende (wilfried fitzenreiter),52.5028731,13.4558387
11184254100,,statue,,dillenburger straße,0402,11004004,14199,,,,,,52.4695734,13.3075129
11185451034,,sculpture,,kladower damm,0506,11005005,14089,,,,,,52.4611493,13.160241
11191195033,mecklenburgische bäuerin,statue,reinhard dietrich,woldegker straße,1109,11011011,13059,bronze,1979,https://commons.wikimedia.org/wiki/file:statue_woldegker_str_2_(nhohs)_mecklenburgische_b%c3%a4uerin%26reinhard_dietrich%261979.jpg,Q111010090,"category:mecklenburgische bäuerin (reinhard dietrich, berlin)",52.5750895,13.5118721
11196726618,why i bear,statue,stefan rinck,,0101,11001001,,sandstone,2021,https://bildhauerei-in-berlin.de/wp-content/uploads/mit_193_05_pauline_ahrens_2022.jpg,Q122624735,,52.5343717,13.4041265
11197923242,künstliche natur,installation,peter fromlowitz,otto-dix-straße,0102,11001001,10557,"granit,_messing,_bronze,",1983,"https://commons.wikimedia.org/wiki/file:moabit_oberstufenzentrum_banken,_immobilien_und_versicherungen-007.jpg",Q116925917,category:künstliche natur (peter fromlowitz),52.5243827,13.3594733
11205429032,skulptur liebe (gewächs),,michael schoenholtz,seydlitzstraße,0102,11001001,10557,,,,Q116694087,file:skulptur liebe (gewächs) michael schoenholtz seydlitzstraße berlin-moabit.jpg,52.526832,13.3607732
11223029772,windspiel,sculpture,"matthias frotscher, hans-joachim kunsch",landsberger allee,1001,11010010,12679,metal,1985,https://commons.wikimedia.org/wiki/file:skulptur_windspiel_an_der_marzahner_promenade_(berlin).jpg,Q106916682,category:windspiel (marzahner promenade),52.5452953,13.5568834
11224954788,"turm, wetterhahn und windrose",sculpture,inge mahn,cecilienstraße,1005,11010010,12619,,1995,"https://commons.wikimedia.org/wiki/file:skulptur_turm,_wetterhahn_und_windrose_berlin_3v3.jpg",Q108437332,"category:turm, wetterhahn und windrose (inge mahn)",52.5248587,13.5806274
11226691880,kuh und reiter,statue,dieter duschek,lion-feuchtwanger-straße,1005,11010010,12619,terrakotta,1985,https://commons.wikimedia.org/wiki/file:skulpur_kuh_und_reiter_berlin_2v3.jpg,Q108442323,category:kuh und reiter (dieter duschek),52.5160151,13.5829022
11229704280,erwachender,statue,jürgen pansow,springpfuhlbrücke,1001,11010010,12681,sandstone,1984,https://commons.wikimedia.org/wiki/file:skulptur_erwachender_berlin_7v8.jpg,Q108196759,category:erwachender (jürgen pansow),52.5294155,13.5399902
11229717950,poet und muse,statue,adrian popovici,märkische allee,1001,11010010,12681,sandstone,1984,https://commons.wikimedia.org/wiki/file:skulptur_poet_und_muse_berlin_1v4.jpg,Q108525168,category:poet und muse (adrian popovici),52.5309414,13.5393939
11229718015,plastische körper – große blüten,sculpture,"robert rehfeldt, wolfgang weber, horst göhler",murtzaner ring,1001,11010010,12681,"keramik,_beton",1984,https://commons.wikimedia.org/wiki/file:skulptur_plastische_k%c3%b6rper_%e2%80%93_gro%c3%9fe_bl%c3%bcten_berlin_16v16.jpg,Q108212960,category:plastische körper – große blüten,52.5299181,13.5443711
11229737670,familie,statue,matti varik,,1001,11010010,,sandstone,1984,https://commons.wikimedia.org/wiki/file:skulptur_springpfuhlpark_(marza)_familie%26matti_varik%261984.jpg,Q116198119,category:familie (matti varik),52.5307892,13.5406918
11229746304,orpheus und eurydike,statue,bojidar nikolov kozarew,springpfuhlbrücke,1001,11010010,12681,sandstone,1984,https://commons.wikimedia.org/wiki/file:skulptur_orpheus_und_eurydike_berlin_3v3.jpg,Q108866002,category:orpheus und eurydike (bojidar nikolov kozarew),52.5297295,13.5397671
11234081970,uhu,statue,reinhard jacob,teterower ring,1005,11010010,12619,sandstone,1986,https://commons.wikimedia.org/wiki/file:skulptur_uhu_berlin_1v5.jpg,Q108442432,category:uhu (reinhard jacob),52.5211318,13.5834119
11234112809,familie und natur,statue,lothar rechtacek,raoul-wallenberg-straße,1001,11010010,12679,kunststein,1986,https://commons.wikimedia.org/wiki/file:skulptur_familie_und_natur_lothar_rechtacek_berlin-marzahn_08.jpg,Q113551454,category:familie und natur (lothar rechtacek),52.5465678,13.5580721
11234153614,jugend und sport,sculpture,hans ticha,franz-stenzer-straße,1001,11010010,12679,concrete,1981-11-4,https://commons.wikimedia.org/wiki/file:schul-_und_sportjugendclub_marzahn_berlin.jpg,Q110271434,category:jugend und sport (hans ticha),52.5460594,13.5511797
11234155963,sitzlandschaft,sculpture,hans ticha,franz-stenzer-straße,1001,11010010,12679,concrete,1987-11-9,https://commons.wikimedia.org/wiki/file:schul-_und_sportjugendclub_marzahn_skulptur_berlin_3v4.jpg,Q110271511,category:sculpture (schul- und sportjugendclub marzahn),52.5459942,13.5514484
11235783264,lehrflug,sculpture,otto douglas hill,bundesratufer,0103,11001001,10555,,,file:brunnen lessingstr 5 (hansa) lehrflug&otto douglas douglas-hill&1958.jpg,Q136439479,category:lehrflug (1958 by otto douglas douglas-hill),52.5215438,13.3401085
11235909931,fuck walls,mural,nomad clan,lützowstraße,0104,11001001,10785,,2017,,Q122923363,file:wandmalerei lützowstr 80 (tierg) fuck walls dig tunnels&nomad clan&2017.jpg,52.5036712,13.3618363
11237868226,windspiel,sculpture,werner richter,randowstraße,1109,11011011,13057,"stahl,_kupfer,_beton",1988,https://commons.wikimedia.org/wiki/file:skulptur_vincent-van-gogh-str_18a_(nhohs)_windspiel%26werner_richter%2619884.jpg,Q108463643,category:windspiel (werner richter),52.5652844,13.5234971
11237877264,aufbruch in neue welten,mural,künstlerkollektiv klub7,pablo-picasso-straße,1109,11011011,13057,,2015,https://commons.wikimedia.org/wiki/file:mural_aufbruch_in_neue_welten_berlin_3v3.jpg,Q108477782,category:aufbruch in neue welten (mural),52.566693,13.5164813
11237935064,mann und frau,statue,berndt wilde,biesenbrower straße,1109,11011011,13057,bronze,1990,https://commons.wikimedia.org/wiki/file:skulptur_mann_und_frau_berlin.jpg,Q108476651,category:mann und frau (berndt wilde),52.5668624,13.5307433
11238293622,backofen,sculpture,kurt pintz,zingster straße,1109,11011011,13051,"granit,_naturstein,_beton",1988,https://commons.wikimedia.org/wiki/file:skulptur_backofen_berlin_2v9.jpg,Q108463850,category:backofen (kurt pintz),52.5730441,13.4967994
11238329667,stühle assemblage,sculpture,"hans-detlev hennig, robert rehfeld, hanfried schulz",barther straße,1109,11011011,13051,concrete,1988,https://commons.wikimedia.org/wiki/file:b-ho%27hausen_-_gr%c3%bcnanlage_um_den_barther_pfuhl_mit_kunst_2014-05-27_ama_fec.jpeg,Q108464151,category:stühle (skulptur),52.5655612,13.4989236
11238657204,märkische dorfszenen,sculpture,karl blümel,bärensteinstraße,1001,11010010,12685,,,https://commons.wikimedia.org/wiki/file:skulptur_im_park_am_b%c3%a4ckerpfuhl_in_berlin-marzahn_1v3.jpg,Q108151623,category:märkische dorfszenen (karl blümel),52.5407819,13.5649072
11241783251,kniende frauen,statue,ingeborg hunzinger,heinz-graffunder-park,1001,11010010,12681,sandstone,1980,https://commons.wikimedia.org/wiki/file:skulptur_kniende_frauen_berlin_2v9.jpg,Q108189881,category:kniende frauen (ingeborg hunzinger),52.5233753,13.5434868
11241817841,polis,mural,haralampi g. oroschakoff,raoul-wallenberg-straße,1001,11010010,12679,,1997,https://commons.wikimedia.org/wiki/file:mural_märkische_allee_raoul-wallenberg-straße_berlin_2v2.jpg,Q111235750,category:polis (juan plaza),52.5498285,13.5490161
11242048497,echo i,sculpture,bernhard heiliger,scharounplatz,0104,11001001,10785,steel,1988,https://commons.wikimedia.org/wiki/file:sculpture_echo_i_kammermusiksaal_berlin_2v2.jpg,Q110883260,category:echo i (bernhard heiliger),52.5093152,13.3683384
11242065313,echo ii,sculpture,bernhard heiliger,scharounplatz,0104,11001001,10785,steel,1987,https://commons.wikimedia.org/wiki/file:bernhard_heiliger_-_echo_i_1987_ph2009.jpg,Q110888200,category:echo ii (bernhard heiliger),52.5090188,13.368675
11242074687,altar,sculpture,volkmar haase,matthäikirchplatz,0104,11001001,10785,steel,1975,https://commons.wikimedia.org/wiki/file:skulptur_matth%c3%a4ikirchplatz_(tierg)_altar%26volkmar_haase%261975.jpg,Q110667270,category:altar (haase),52.5082463,13.3676306
11242113890,tor auf dem karlsbad,sculpture,volker bartsch,potsdamer straße,0104,11001001,10785,"bronze,_granit",1992,https://commons.wikimedia.org/wiki/file:volker_bartsch_-_tor_am_karlsbad.jpg,Q110536401,category:tor auf dem karlsbad (volker bartsch),52.5055913,13.3687
11243176279,pferdekopf,statue,hans wimmer,potsdamer straße,0104,11001001,10785,bronze,1976,https://commons.wikimedia.org/wiki/file:skulptur_pferdekopf_hans_wimmer_ibero-amerikanisches_institut_potsdamer_stra%c3%9fe_berlin-tiergarten_01.jpg,Q110701267,category:pferdekopf (hans wimmer),52.5069551,13.3692277
11243884196,mauerwerksskulptur,sculpture,per kirkeby,janusz-korczak-straße,1005,11010010,12627,mauerziegel,2002,https://commons.wikimedia.org/wiki/file:mauerwerksskulptur_berlin_1v2.jpg,Q108614990,category:mauerwerksskulptur (per kirkeby),52.5386802,13.6077226
11244426131,getrennt-zusammen i,sculpture,günther ohlwein,wutzkyallee,0805,11008008,12353,concrete,1968,https://commons.wikimedia.org/wiki/file:skulptur_wutzkyallee_68-78_(grops)_getrennt-zusammen_i%26g%c3%bcnther_ohlwein%261968.jpg,Q110620737,category:getrennt-zusammen i (günther ohlwein),52.4225119,13.4729978
11246991644,skulptur,sculpture,jörg siegele,frankfurter allee,1103,11011011,10365,steel,1997,https://photos.app.goo.gl/hos4zhsaoowh7mah8,Q115209120,"category:sculpture at frankfurter allee 124 (berlin-lichtenberg, jörg siegele)",52.5131004,13.4778642
11246991660,,graffiti,,frankfurter allee,1112,11011011,10317,,,https://photos.app.goo.gl/vwhkcmb8ck9hry3va,,,52.5107985,13.5013998
11246991661,,graffiti,,frankfurter allee,1112,11011011,10317,,,https://photos.app.goo.gl/cp5je4aisqdkddt68,,,52.5108232,13.5012192
11246991665,,graffiti,,skandinavische straße,1112,11011011,10317,,,https://photos.app.goo.gl/892w7vrnhghgsfcq9,,,52.5109317,13.5005241
11246991666,,graffiti,,frankfurter allee,1112,11011011,10317,,,https://photos.app.goo.gl/zgtngflsrvg1phae7,,,52.5110205,13.5006769
11246991667,,graffiti,,frankfurter allee,1112,11011011,10317,,,https://photos.app.goo.gl/fyywdsojnk9ahqdxa,,,52.5111118,13.5008341
11246991668,,graffiti,,frankfurter allee,1112,11011011,10317,,,https://photos.app.goo.gl/bk7etywzzcowb81y5,,,52.5112088,13.5009871
11246991669,,graffiti,,weitlingstraße,1112,11011011,10317,,,https://photos.app.goo.gl/sjdd2lzztzh2fgra9,,,52.5107508,13.4996951
11246991670,,graffiti,,weitlingstraße,1112,11011011,10317,,,https://photos.app.goo.gl/tg6xlk2ihedy4dyv6,,,52.5107492,13.4996402
11246991671,,graffiti,,weitlingstraße,1112,11011011,10317,,,https://photos.app.goo.gl/gcnpbtwtpjeucjiv6,,,52.5105953,13.499542
11246991672,,graffiti,,weitlingstraße,1112,11011011,10317,,,https://photos.app.goo.gl/qpvwhfi1zztag4tu8,,,52.5105778,13.4995837
11246991673,,graffiti,,weitlingstraße,1112,11011011,10317,,,https://photos.app.goo.gl/xnwpm8ks9c9is1ux8,,,52.5106559,13.4996853
11246991674,,graffiti,,frankfurter allee,1112,11011011,10317,,,https://photos.app.goo.gl/nbmfirdxancekjk99,,,52.5110316,13.4998211
11246991675,,graffiti,,frankfurter allee,1112,11011011,10317,,,https://photos.app.goo.gl/9x8nd4h7lxyae3zt7https://photos.app.goo.gl/ydrm2aob1sxyxdmp8,,,52.5110081,13.5000476
11246991676,,graffiti,,frankfurter allee,1112,11011011,10317,,,https://photos.app.goo.gl/ydrm2aob1sxyxdmp8,,,52.5109859,13.5002481
11246991677,,graffiti,,frankfurter allee,1112,11011011,10317,,,https://photos.app.goo.gl/yc57bevg8lzwejxx8,,,52.5109278,13.5004386
11246991678,,graffiti,,frankfurter allee,1112,11011011,10317,,,https://photos.app.goo.gl/ujtcc89lcyhdbr676,,,52.5111647,13.5014844
11246991679,,graffiti,,skandinavische straße,1112,11011011,10317,,,https://photos.app.goo.gl/wwgdvx4twsjcwizv8,,,52.5108906,13.5009951
11246991680,,graffiti,,frankfurter allee,1112,11011011,10317,,,https://photos.app.goo.gl/gnaz9b84vnkssxfba,,,52.5109552,13.5011103
11246991681,,graffiti,,frankfurter allee,1112,11011011,10317,,,https://photos.app.goo.gl/7hsedtqave6c62up9,,,52.5110433,13.5012676
11246991686,,graffiti,,frankfurter allee,1112,11011011,10317,,,https://photos.app.goo.gl/1tpfztlactuiyk7f9,,,52.5112766,13.5010064
11246991687,nicaraguanisches dorf – monimbó 1978,mural,,skandinavische straße,1112,11011011,10317,,,https://photos.app.goo.gl/kkyrkqld4azxhpxr8,Q31839059,,52.5117128,13.5017465
11246991688,,graffiti,,frankfurter allee,1112,11011011,10317,,,https://photos.app.goo.gl/qfpztgxxcvb6c9ac7,,,52.5105779,13.5038987
11246991689,,graffiti,,frankfurter allee,1112,11011011,10317,,,https://photos.app.goo.gl/qyu8xvh7xjxxktlea,,,52.5105553,13.5037756
11246991690,,graffiti,,frankfurter allee,1112,11011011,10317,,,https://photos.app.goo.gl/uckcnbbfigfchf9g7,,,52.5105532,13.5038174
11246991691,,graffiti,,frankfurter allee,1112,11011011,10317,,,https://photos.app.goo.gl/pwyyxs2v2n55trtya,,,52.5105116,13.5038596
11246991692,,graffiti,,frankfurter allee,1112,11011011,10317,,,https://photos.app.goo.gl/acf8j6em3anixxpm8,,,52.5104626,13.5039077
11246991693,,graffiti,,rosenfelder straße,1112,11011011,10317,,,https://photos.app.goo.gl/alweg6hxpv2emw8z5,,,52.5103462,13.5039134
11246991694,,graffiti,,frankfurter allee,1112,11011011,10317,,,https://photos.app.goo.gl/ddkrtzoym8rgsgk29,,,52.5104534,13.5038324
11246991695,,graffiti,,frankfurter allee,1112,11011011,10317,,,https://photos.app.goo.gl/vjkr6vgvrxqqsfry8,,,52.5104557,13.5037325
11246991696,rauch dein obst,mural,,alt-friedrichsfelde,1101,11011011,10315,,,https://photos.app.goo.gl/nnk4zdq9hyyq7fpj8,,,52.5102567,13.5080665
11246991697,,graffiti,,alt-friedrichsfelde,1101,11011011,10315,,,https://photos.app.goo.gl/xfkceyoy77b6neco6,,,52.5101015,13.5106695
11247029687,50 jahre wohnungsbaugenossenschaft,statue,,rummelsburger straße,1101,11011011,10315,,2005,https://photos.app.goo.gl/61zayuqfxp3cyv5l8,Q123404909,,52.504288,13.5110295
11247029688,,mural,,volkradstraße,1101,11011011,10319,,,https://photos.app.goo.gl/v4dtdtzxsiqqhpjn6,,,52.5025599,13.510029
11247029689,,graffiti,,volkradstraße,1101,11011011,10319,,,https://photos.app.goo.gl/v2uyezw4ok5ns1mi9,,,52.5017446,13.5089351
11247029690,,graffiti,,volkradstraße,1101,11011011,10319,,,https://photos.app.goo.gl/qdfmrn7bvu4yl8ea8,,,52.5017565,13.5088675
11247029691,,graffiti,,volkradstraße,1101,11011011,10319,,,https://photos.app.goo.gl/u5i2kqisfsb8vk8aa,,,52.5017761,13.508766
11247029692,,graffiti,,volkradstraße,1101,11011011,10319,,,https://photos.app.goo.gl/wlx4a6s3bientyom6,,,52.5017868,13.5087541
11247029693,,graffiti,,rummelsburger straße,1101,11011011,10315,,,https://photos.app.goo.gl/xquin6dsa8wul6km7,,,52.5018162,13.5085858
11247029694,,graffiti,,volkradstraße,1101,11011011,10319,,,https://photos.app.goo.gl/cyyxjpnr9kvyvanj9,,,52.501702,13.5089244
11247029695,,graffiti,,volkradstraße,1101,11011011,10319,,,https://photos.app.goo.gl/fxbe8nmtvege5ord6,,,52.497621,13.506808
11247029696,,graffiti,,volkradstraße,1101,11011011,10319,,,https://photos.app.goo.gl/5vdvhx6u8ocjpmzt6,,,52.4976625,13.506792
11247029706,,graffiti,,stadthausstraße,1112,11011011,10317,,,https://photos.app.goo.gl/gexd9cucqkrajb5c8,,,52.5024091,13.4812117
11247029707,,graffiti,,stadthausstraße,1112,11011011,10317,,,https://photos.app.goo.gl/dz5vcizb9acr3pcr9,,,52.5024397,13.4812046
11247029708,,graffiti,,stadthausstraße,1112,11011011,10317,,,https://photos.app.goo.gl/bkdk4rsgrzkjig7za,,,52.502465,13.4811984
11247029709,,graffiti,,stadthausstraße,1112,11011011,10317,,,https://photos.app.goo.gl/9bp4rqkykdh93mwca,,,52.5024915,13.4811927
11247029711,,graffiti,,nöldnerstraße,1112,11011011,10317,,,https://photos.app.goo.gl/omfudgwwvzikpi2m8,,,52.5020525,13.4804282
11247029734,,graffiti,,hauffstraße,1112,11011011,10317,,,https://photos.app.goo.gl/xatbyyf1x5mud8hu6,,,52.5041078,13.4822455
11247145886,lichtblick,sculpture,helge warme,karl-marx-allee,0201,11002002,10243,,,https://photos.app.goo.gl/tdt1net1gwjm2rku8,,,52.5173258,13.4389275
11247145888,,mosaic,,alexanderstraße,0101,11001001,10178,,,https://photos.app.goo.gl/y3ob2xltswxd2bgx6,,,52.52139,13.4165517
11247145890,,mosaic,,alexanderstraße,0101,11001001,10178,,,https://photos.app.goo.gl/9pzm3mh3tmzbrn3d6,,,52.5212763,13.4162509
11247145892,,mosaic,,alexanderstraße,0101,11001001,10178,,,https://photos.app.goo.gl/r1ghcvej9am1uny37,,,52.5210745,13.4161445
11247145893,der mensch überwindet zeit und raum,sculpture,walter womacka,otto-braun-straße,0101,11001001,10178,kupfer,1971,https://photos.app.goo.gl/4fo5ks3rxxpwraer6,Q95571262,file:der mensch überwindet zeit und raum.jpg,52.5228402,13.4167776
11247145894,,sculpture,,tunnel alexanderplatz,0101,11001001,10178,plastic,,https://photos.app.goo.gl/gkpk1djebth2bt6v9,,,52.5210653,13.4154896
11247145906,,statue,mirko siakkou-flodin,grunerstraße,0101,11001001,10179,"edelstahl,_kupfer,_messing",2007,https://photos.app.goo.gl/dw8pznukm93gdsrs6,Q123360310,category:alexa sculpture (mirko siakkou-flodin),52.5201943,13.4149796
11248322864,,sculpture,,liebknechtbrücke,0101,11001001,10178,bronze,1997,https://photos.app.goo.gl/9lgdqwgeujgreg6g7,,,52.518492,13.4022902
11248322867,herkules musagetes,statue,georg franz ebenhech,simsonweg,0104,11001001,10557,concrete,1987,https://photos.app.goo.gl/atqnbyyx3bkdynfx6,Q96355783,category:herkules musagetes (statue),52.5169193,13.3768256
11248322883,hkw,sculpture,,paulette nardal terrasse,0104,11001001,10557,,,https://photos.app.goo.gl/6xdryvinqjv3iouq7,,,52.5182985,13.3652886
11248859715,georgia,sculpture,zurab sumbadze,drakestraße,0104,11001001,10787,plastic,,https://photos.app.goo.gl/9a8nwqj9cbadywmz7,,,52.5093268,13.3462991
11248859716,,sculpture,,drakestraße,0104,11001001,10787,,,https://photos.app.goo.gl/x7vbxej8e7gwuvjn7,,,52.5084882,13.3461256
11249044000,mittagsgespenst,statue,trak wendisch,herzbergstraße,1103,11011011,10365,bronze,1992,https://www.dein-plan.de/img/mpoix/076533_3.jpg,Q116854677,file:skulptur mittagsgespenst trak wendisch 1992 krankenhaus herzberge berlin-lichtenberg.jpg,52.5266476,13.5085586
11249087141,,sculpture,,kurfürstendamm,0401,11004004,10789,stone,,https://photos.app.goo.gl/z8ohqjygzqhdvdjy7,,,52.5048002,13.3353286
11249087142,,sculpture,,kurfürstendamm,0401,11004004,10789,stone,,https://photos.app.goo.gl/u35uvxz8eqhwzonx6,,,52.5047421,13.3353135
11249087143,knabe mit ziege,sculpture,august kraus,savignyplatz,0401,11004004,10623,bronze,1928,https://photos.app.goo.gl/bdka87q1vjhqs6z3a,Q49166082,,52.5062523,13.3225337
11249087144,knabe mit ziege,sculpture,august kraus,savignyplatz,0401,11004004,10623,bronze,1928,https://photos.app.goo.gl/rge5itgtwmcxheiga,Q49166082,,52.5062597,13.3223996
11249087145,,mural,,bleibtreustraße,0401,11004004,10623,,,https://photos.app.goo.gl/hkmzs7xjn8xwgm8h9,Q123167293,file:wandmalerei knesebeckstr 26 (charl) riskier alles.jpg,52.5046613,13.321804
11249087146,,graffiti,,hohenstaufenstraße,0701,11007007,10779,,,https://photos.app.goo.gl/p1avvxuzbwya7chja,,file:mural hohenstaufenstraße 45 berlin-schöneberg.jpg,52.4940973,13.3409877
11249087207,,mural,,bülowstraße,0701,11007007,10783,,,https://photos.app.goo.gl/tawibf9d5u7egnsw6,,,52.4970099,13.3646549
11249087208,,mural,,bülowstraße,0701,11007007,10783,,,https://photos.app.goo.gl/ft5jlnwwkspq1jb26,,,52.4970885,13.3642712
11249087213,,mural,,luckenwalder straße,0202,11002002,10963,,,https://photos.app.goo.gl/nj2rieakxsvyxk148,,,52.5003569,13.3754456
11249087224,,graffiti,,tempelhofer ufer,0202,11002002,10963,,,https://photos.app.goo.gl/cmayyxtesrru9nbk9,,,52.4985035,13.3830547
11249087225,,graffiti,,tempelhofer ufer,0202,11002002,10963,,,https://photos.app.goo.gl/qchdkff4uz64bqbu5,,,52.4984371,13.3828619
11249087226,,mural,,tempelhofer ufer,0202,11002002,10963,,,https://photos.app.goo.gl/lbpvgzr2pmcyqhof8,,,52.4985168,13.3825545
11249087227,,graffiti,,tempelhofer ufer,0202,11002002,10963,,,https://photos.app.goo.gl/zfshjsqqcwgfvws68,,,52.4984949,13.3827777
11249087228,,graffiti,,tempelhofer ufer,0202,11002002,10963,,,https://photos.app.goo.gl/qqoqfrd6nveddihh7,,,52.4984786,13.3829894
11249087230,,graffiti,,gitschiner straße,0202,11002002,10969,,,"52°29'53.9""n 13°24'21.6""e",,,52.4982431,13.4060486
11249087231,,graffiti,,gitschiner straße,0202,11002002,10969,,,https://photos.app.goo.gl/sb8ejzu2i4lhrhwu8,,,52.4982607,13.4062033
11249087232,,graffiti,,prinzenstraße,0202,11002002,10969,,,https://photos.app.goo.gl/s1tmmgttziczddpz6,,,52.4981134,13.4062471
11249087233,,mural,,skalitzer straße,0202,11002002,10999,,,https://photos.app.goo.gl/zcvcgrtbp5dsjpeo8,,,52.4985899,13.4167587
11249087234,,mural,,skalitzer straße,0202,11002002,10999,,,https://photos.app.goo.gl/wnhkj9vhwkzf3jzu9,,,52.4984875,13.4167198
11249087235,,mural,,admiralstraße,0202,11002002,10999,,,https://photos.app.goo.gl/miqoydmbtvqlve2e6,,,52.4984291,13.4167837
11249087236,,graffiti,,admiralstraße,0202,11002002,10999,,,https://photos.app.goo.gl/pgbsowbuuyt3f6nn6,,,52.4984491,13.4166055
11249094037,,graffiti,,admiralstraße,0202,11002002,10999,,,https://photos.app.goo.gl/8p2cpqjzsmafnsfn9,,,52.4984212,13.4166104
11249094038,,graffiti,,admiralstraße,0202,11002002,10999,,,,,,52.4981827,13.4169468
11249094039,,graffiti,,admiralstraße,0202,11002002,10999,,,https://photos.app.goo.gl/pmzf33g9scqvv1cv8,,,52.4981151,13.4172077
11249094040,,graffiti,,kopernikusstraße,0201,11002002,10245,,,https://photos.app.goo.gl/ekw7ztbpvrsc99caa,,,52.510173,13.4552812
11249247974,,mural,,levetzowstraße,0102,11001001,10555,,2020,https://photos.app.goo.gl/a6n6jq7kzsmvdeel7,Q119009042,category:mural in memory of the former synagogue in levetzowstraße,52.5214437,13.3326958
11249248015,,mosaic,,otto-suhr-allee,0401,11004004,10585,,,https://photos.app.goo.gl/9ibeatwxzquzu9jba,,,52.5144719,13.3172426
11249248016,,graffiti,,otto-suhr-allee,0401,11004004,10585,,,https://photos.app.goo.gl/ixvxhdqswh5op9qv6,,,52.5168588,13.3092614
11249248017,,graffiti,,otto-suhr-allee,0401,11004004,10585,,,https://photos.app.goo.gl/fyt91lxtqqzvmjrw6,,,52.5176913,13.3050606
11249248018,,graffiti,,otto-suhr-allee,0401,11004004,10585,,,https://photos.app.goo.gl/uszyyswpqasqaqqw9,,,52.5177197,13.304977
11249248020,,sculpture,,spandauer damm,0401,11004004,14059,,,https://photos.app.goo.gl/pdedf8fvi8aafgyx6,,,52.5207226,13.2979018
11249404953,,sculpture,,spandauer damm,0401,11004004,14059,,,https://photos.app.goo.gl/drtdw9hc5s9bga8u7,,,52.5214375,13.2962896
11249404954,,sculpture,,spandauer damm,0401,11004004,14059,,,https://photos.app.goo.gl/lu7rwrdygbqyjwpua,,,52.5213616,13.2949678
11249404955,,vase,,bonhoefferufer,0401,11004004,10589,,,https://photos.app.goo.gl/bxwvctjc2w4sriyh8,,,52.5236474,13.2955973
11249404956,,vase,,bonhoefferufer,0401,11004004,10589,,,https://photos.app.goo.gl/v2nqggqaikdb5n88a,,,52.5236066,13.2949345
11249404957,,sculpture,,bonhoefferufer,0401,11004004,10589,,,https://photos.app.goo.gl/bxwvctjc2w4sriyh8,,,52.5236161,13.2959343
11249404958,,sculpture,,hohe brücke,0401,11004004,14059,,,https://photos.app.goo.gl/v2nqggqaikdb5n88a,,,52.5235368,13.2946178
11250830793,märkische wegekreuze,sculpture,christiane wartenberg,dathepromenade,1101,11011011,10319,keramik,1980,https://commons.wikimedia.org/wiki/file:m%c3%a4rkische_wegkreuze_(christiane_wartenberg)_927-809-(118).jpg,Q110289380,category:märkische wegkreuze (christiane wartenberg),52.4965208,13.5184615
11255034743,,graffiti,,helmholtzstraße,0401,11004004,10587,,,https://photos.app.goo.gl/paer3jnjm5ajflim8,,,52.522786,13.3278313
11255842337,vier bären,statue,,moabiter-brücke,0102,11001001,10557,stone,,https://photos.app.goo.gl/qum8cge2xb9fddtu7,Q108510293,category:bär (günter anlauf),52.521948,13.3483626
11255842338,vier bären,statue,,bartningallee,0103,11001001,10557,,,https://photos.app.goo.gl/d43fa1puimeg2g1a8,Q108510293,category:bär (günter anlauf),52.5213207,13.348235
11255842339,vier bären,statue,,holsteiner ufer,0103,11001001,10557,stone,,https://photos.app.goo.gl/fqtjkpxdqc89zmyg6,Q108510293,category:bär (günter anlauf),52.5214214,13.3479819
11255983909,berlin-welcome-bear,statue,,washingtonplatz,0102,11001001,10557,,,https://photos.app.goo.gl/8zniubxxx2txeqdo6,,,52.5240415,13.3693921
11257213161,kara,,,perleberger straße,0102,11001001,10559,,,,,,52.5326481,13.3513118
11258127575,,sculpture,sergej alexander dott,raabestraße,0301,11003003,10405,,2010,https://bildhauerei-in-berlin.de/wp-content/uploads/pre_079-a_susanne-kaehler_2023_05-1536x1024.jpg,Q123022141,file:fassadengestaltung raabestraße 3 sergej alexander dott berlin-prenzlauer berg.jpg,52.5319367,13.4216027
11261182167,,sculpture,,karl-liebknecht-straße,0101,11001001,10178,,,https://photos.app.goo.gl/2ewxvfcndmmpegzx6,,,52.5204922,13.4051552
11261182174,,mural,,holzmarktstraße,0201,11002002,10243,,,https://photos.app.goo.gl/ytbugqfpatwj8bas5,,,52.5113819,13.427157
11261182175,,mural,,holzmarktstraße,0201,11002002,10243,,,https://photos.app.goo.gl/dsub1gynu7sznl926,,,52.5113868,13.4270629
11261182176,,mural,,holzmarktstraße,0201,11002002,10243,,,https://photos.app.goo.gl/2y7hebvjjr3vmemc8,,,52.5112496,13.4269043
11261182177,,mural,,holzmarktstraße,0201,11002002,10243,,,https://photos.app.goo.gl/6qbnhkbkxmceors88,,,52.5114556,13.4266431
11261182178,,mural,,holzmarktstraße,0201,11002002,10243,,,https://photos.app.goo.gl/gm3dvyhq9um1tcy18,,,52.5116259,13.4263674
11261182179,,sculpture,,holzmarktstraße,0201,11002002,10243,,,https://photos.app.goo.gl/ygcbbsf5fk7d8rcm7,,,52.5115925,13.4259868
11261182180,,mural,,holzmarktstraße,0201,11002002,10243,,,https://photos.app.goo.gl/jeskfzhqfxhmey9ea,,,52.5111817,13.4268775
11261182181,,mural,,holzmarktstraße,0201,11002002,10243,,,https://photos.app.goo.gl/l4kujx2ktui3jqbw6,,,52.5111661,13.4270169
11261182183,,mural,,stralauer platz,0201,11002002,10243,,,https://photos.app.goo.gl/phz4vptmkqjtpi6x8,,,52.5098225,13.4305264
11261182191,,graffiti,,stralauer platz,0201,11002002,10243,,,,,,52.5095902,13.4302702
11261182192,,graffiti,,stralauer platz,0201,11002002,10243,,,https://photos.app.goo.gl/kxaff6k21rthsf7f7,,,52.509443,13.4303346
11261182193,,graffiti,,an der schillingbrücke,0201,11002002,10243,,,https://photos.app.goo.gl/gzqdbfnzpuahn5dq8,,,52.5094096,13.4302937
11261182194,,graffiti,,,0201,11002002,,,,https://photos.app.goo.gl/fbycxtfbumlpxhdy9,,,52.5094702,13.4304001
11261182196,,graffiti,,stralauer platz,0201,11002002,10243,,,https://photos.app.goo.gl/1zgnmfm7ktxnjlug9,,,52.509452,13.4304728
11261182197,,graffiti,,,0201,11002002,,,,https://photos.app.goo.gl/f12yybcyuciwgga28,,,52.5094717,13.430522
11261182198,,graffiti,,stralauer platz,0201,11002002,10243,,,https://photos.app.goo.gl/8evwxvqzmuyzzeed7,,,52.50947,13.4305713
11261182199,,graffiti,,stralauer platz,0201,11002002,10243,,,https://photos.app.goo.gl/xmefzn1erf78vnht7,,,52.5094254,13.4306663
11261182200,,graffiti,,,0201,11002002,,,,https://photos.app.goo.gl/kmpqt5vrr3q9qeus8,,,52.5093851,13.4307567
11261182201,go forth,mural,alexandre farto alias vhils,stralauer platz,0201,11002002,10243,,,https://photos.app.goo.gl/kmpqt5vrr3q9qeus8,,,52.5091663,13.4312518
11261182202,,graffiti,,stralauer platz,0201,11002002,10243,,,https://photos.app.goo.gl/8ggknyis49coqrvo7,,,52.5092089,13.4310446
11261182206,,graffiti,,stralauer platz,0201,11002002,10243,,,https://photos.app.goo.gl/wuqecrhyhweymywn7,,,52.5092102,13.4312312
11261182207,,graffiti,,stralauer platz,0201,11002002,10243,,,https://photos.app.goo.gl/xcduweduvtlq9e746,,,52.509246,13.4311851
11261182208,,graffiti,,stralauer platz,0201,11002002,10243,,,https://photos.app.goo.gl/kq7wyckk4qma4xc47,,,52.5092426,13.4312286
11261182209,,graffiti,łukasz chwałek,stralauer platz,0201,11002002,10243,,,https://photos.app.goo.gl/qm3gwo4g1xd3mvrm7,,,52.5092401,13.431146
11261182210,,graffiti,,stralauer platz,0201,11002002,10243,,,https://photos.app.goo.gl/r7cvdvdmspldrbt58https://photos.app.goo.gl/ffhb6inxnp4dvvhbahttps://photos.app.goo.gl/ffhb6inxnp4dvvhba,,,52.5090483,13.4311002
11261182211,,graffiti,,stralauer platz,0201,11002002,10243,,,https://photos.app.goo.gl/ffhb6inxnp4dvvhba,,,52.5091575,13.4310763
11261628000,,graffiti,,stralauer platz,0201,11002002,10243,,,https://photos.app.goo.gl/jitjksahi2wqdcna8,,,52.5083665,13.4343958
11261628001,,graffiti,,kolonnenweg,0201,11002002,10243,,,https://photos.app.goo.gl/y4byacmegneapx9va,,,52.5082031,13.4341847
11261628002,der geististwie die spurender vögelam himmel,graffiti,ursula wünsch,mühlenstraße,0201,11002002,10243,,2009,https://photos.app.goo.gl/r9bhzunurumoqztc9,,,52.5083098,13.4345682
11261628003,flucht,graffiti,kasra alavi,mühlenstraße,0201,11002002,10243,,,https://photos.app.goo.gl/neunrd6slgh3q8rr6,,,52.5082775,13.4346316
11261628004,untitled,graffiti,kamel alavi,,0201,11002002,,,,https://photos.app.goo.gl/cmqhkoradmyax3wk7,,,52.508254,13.4346796
11261628005,"denk-mal, mahn-mal",graffiti,rainer jehle,mühlenstraße,0201,11002002,10243,,,https://photos.app.goo.gl/bcuz2jvqnspymj3z7,,,52.5082252,13.4347358
11261628006,untitled,graffiti,karin velmanns,mühlenstraße,0201,11002002,10243,,,https://photos.app.goo.gl/u3ntb8qzzfkrzywp9,,,52.5082078,13.4347688
11261628007,untitled,graffiti,youngrankim-hohlfeld(lanakim),mühlenstraße,0201,11002002,10243,,,https://photos.app.goo.gl/v8dkdsnavrfwzwf26,,,52.5081769,13.4348277
11261628008,amnesty international in der ddr,graffiti,andrejsmolák,mühlenstraße,0201,11002002,10243,,,https://photos.app.goo.gl/heuteum7surbj9ie6,,,52.5081207,13.4349357
11261628009,apollo,graffiti,petra suntinger and roland gützlaff,mühlenstraße,0201,11002002,10243,,,https://photos.app.goo.gl/e8aqagtbmrgjtixp6,,,52.5080665,13.4350406
11261628010,qui baise qui,graffiti,kiddy citny,mühlenstraße,0201,11002002,10243,,,https://photos.app.goo.gl/fto3nvedu3h2miwu7,,,52.5080175,13.435135
11261628011,ignasi blanch gisbert,graffiti,parlo damor,mühlenstraße,0201,11002002,10243,,,https://photos.app.goo.gl/sncnwdlbr4swe2tb6,,,52.5079872,13.4351973
11261628012,flora geht,graffiti,brigida böttcher,mühlenstraße,0201,11002002,10243,,,https://photos.app.goo.gl/bzpmyj2bjxn3sauea,,,52.5079536,13.4352521
11261628013,politik ist die fortsetzung des krieges mit anderen mitteln,graffiti,"carsten jost, ulrike steglich",mühlenstraße,0201,11002002,10243,,,https://photos.app.goo.gl/b4rawekpgfqpeqet9,,,52.5079132,13.4353153
11261628014,curriculumvitae,graffiti,susannekunjappu-jellinek,,0201,11002002,,,,https://photos.app.goo.gl/jlfpjkuqugdqo96ca,,,52.5078317,13.4354335
11261628015,dancingtofreedom,graffiti,jollykunjappu,mühlenstraße,0201,11002002,10243,,,https://photos.app.goo.gl/xbuosk99kg8lckzr6,,,52.5077724,13.4355115
11261628016,der müde tod,graffiti,hp dürhager und ralf jesse,mühlenstraße,0201,11002002,10243,,,https://photos.app.goo.gl/uhimz96mbrelipk96,,,52.5077011,13.4356048
11261628017,untitled,graffiti,andreas kämper,,0201,11002002,,,,https://photos.app.goo.gl/optuh4uxszikqgbb8,,,52.5076073,13.4357219
11261628018,niemandsland,graffiti,carmen leidner-heidrich,mühlenstraße,0201,11002002,10243,,,https://photos.app.goo.gl/9eppxb7ntupuzbjy7,,,52.5075651,13.4357752
11261628019,lotus,graffiti,jacob köhler,mühlenstraße,0201,11002002,10243,,,https://photos.app.goo.gl/esdqr1p73u5j1ksk8,,,52.5075181,13.4358365
11261628020,der morgen,graffiti,dieter wien,mühlenstraße,0201,11002002,10243,,,https://photos.app.goo.gl/zi3vawz7d1awyzt17,,,52.5074563,13.4359163
11261628021,untitled,graffiti,peter lorenz,mühlenstraße,0201,11002002,10243,,,https://photos.app.goo.gl/gpvyx34o8ub8qvv37,,,52.5073986,13.4359899
11261628022,doin it cool for the east side,graffiti,jim avignon,mühlenstraße,0201,11002002,10243,,,https://photos.app.goo.gl/cm2ks6f7o8kqvddm7,,,52.5072775,13.4361475
11261628023,es geschah im november,graffiti,kani alavi,mühlenstraße,0201,11002002,10243,,,https://photos.app.goo.gl/xatfsqr6tvbzdpah6,Q3057616,,52.5071735,13.4362774
11261628025,tolerance,graffiti,mary mackey,mühlenstraße,0201,11002002,10243,,,https://photos.app.goo.gl/hkra55q6j2v4pplp9,,,52.5078768,13.4353731
11261628031,you can see infinity,graffiti,lászló erkel,,0201,11002002,,,,https://photos.app.goo.gl/znjpcgmpp2mwj32e9,,,52.5071237,13.4363403
11261628033,"wir haben versucht, farben über die mauer hinübergelangen zu lassen",graffiti,stellvertretende durstende,mühlenstraße,0201,11002002,10243,,,https://photos.app.goo.gl/dbyy21mbaufhqucca,,,52.5070719,13.4364039
11261628034,mauerdurchbruch,graffiti,sándor györffy,,0201,11002002,,,,https://photos.app.goo.gl/ebxhwmqm6pzwvg6x6,,,52.5070252,13.4364624
11261628035,untitled,graffiti,gábor gerhes,mühlenstraße,0201,11002002,10243,,,https://photos.app.goo.gl/tf2bhngcv3jxosed8,,,52.5069758,13.4365247
11261628036,"sag, welche wunderbaren träume halten meinen sinn umfangen",graffiti,pál gerber,mühlenstraße,0201,11002002,10243,,,https://photos.app.goo.gl/atmvdaebddj3ralt5,,,52.5069356,13.436575
11261632437,wasserfall,graffiti,imre gábor,mühlenstraße,0201,11002002,10243,,,https://photos.app.goo.gl/usafmzugvrenjqhq5,,,52.5068795,13.4366504
11261632438,waiting for a new prometheus,graffiti,sándor rácmolnár,mühlenstraße,0201,11002002,10243,,,https://photos.app.goo.gl/gexadfs6ague5uxt6,,,52.5068294,13.4367178
11261632439,joint venture,graffiti,margaret hunter,mühlenstraße,0201,11002002,10243,,,https://photos.app.goo.gl/cqkd8c4u81wz3mjz5,,,52.5067722,13.436792
11261632440,himmel und sucher,graffiti,peter russell,mühlenstraße,0201,11002002,10243,,,https://photos.app.goo.gl/zwa1ybarnxzwknqe7,,,52.5067191,13.4368601
11261632441,test the rest,graffiti,birgit kinder,mühlenstraße,0201,11002002,10243,,,https://photos.app.goo.gl/zrr1dlp74w5sanrw7,,,52.5066618,13.4369313
11261632442,vorsicht,graffiti,rodolfo ricalo,mühlenstraße,0201,11002002,10243,,,https://photos.app.goo.gl/pqxdf8yafx98zzqh7,,,52.5066123,13.4369926
11261632443,touch the wall,graffiti,christine kühn,mühlenstraße,0201,11002002,10243,,,https://photos.app.goo.gl/w41cgv4rbgt2xvr87,,,52.5065504,13.4370702
11261632444,la buerlinica,graffiti,cacciatore (stephan jaeger),mühlenstraße,0201,11002002,10243,,,https://photos.app.goo.gl/ae3mcirdkcch5bor5,,,52.5064444,13.4372021
11261632445,untitled,graffiti,teresa casanueva,,0201,11002002,,,,https://photos.app.goo.gl/dulphhceszrzqaqp7,,,52.5063608,13.4373147
11261632446,untitled,graffiti,thierry noir,mühlenstraße,0201,11002002,10243,,,https://photos.app.goo.gl/mkbiswvfhvedrfj26,,,52.5063233,13.4373652
11261632447,hommage an die junge generation,graffiti,thierry noir,,0201,11002002,,,,https://photos.app.goo.gl/6ukjzyzr8zdkrnvb7,,,52.506182,13.4375531
11261632448,es gilt viele mauern abzubauen,graffiti,ines bayer und raik hönemann,mühlenstraße,0201,11002002,10243,,,https://photos.app.goo.gl/kq5b7h9uyctqvzhr8,,,52.5060491,13.4377386
11261632449,der blitz,graffiti,patrizio porracchia,mühlenstraße,0201,11002002,10243,,,https://photos.app.goo.gl/gpdf1n2pwi19tpkc8,,,52.5059934,13.437816
11261632450,justitia,graffiti,klaus niethardt,mühlenstraße,0201,11002002,10243,,,https://photos.app.goo.gl/t5u67s3vjwg8v5caa,,,52.5059086,13.4379405
11261632451,jay,graffiti,jacky ramier,mühlenstraße,0201,11002002,10243,,,https://photos.app.goo.gl/tjznpctg3kftlefx7,,,52.5058553,13.4380227
11261632452,the wall,graffiti,lance keller,,0201,11002002,,,,https://photos.app.goo.gl/sxpmxrzgx6waechx7,,,52.5058088,13.4380973
11261632453,die tanzenden,graffiti,sabine kunz,mühlenstraße,0201,11002002,10243,,,https://photos.app.goo.gl/ssmei7dnzaplaady9,,,52.5057597,13.4381793
11261632454,"wer will, dass die welt…",graffiti,monika-elisa budzinski,mühlenstraße,0201,11002002,10243,,,https://photos.app.goo.gl/rpvlsiry2qfuww3m7,,,52.5057032,13.4382755
11261632455,stadtmenschen,graffiti,peter peinzger,mühlenstraße,0201,11002002,10243,,,https://photos.app.goo.gl/we48xzratgnzajfw9,,,52.5056497,13.4383661
11261632456,berlin bei nacht,graffiti,yvonne onischke (yoma),,0201,11002002,,,,https://photos.app.goo.gl/s4p943wjaztvmypi8,,,52.5055815,13.4384798
11261632457,einfahrt tag und nacht freihalten,graffiti,christos koutsouras,mühlenstraße,0201,11002002,10243,,,https://photos.app.goo.gl/67kaezmjtjrstr8aa,,,52.5055189,13.4385884
11261632458,götterdämmerung,graffiti,gerald kriedner,mühlenstraße,0201,11002002,10243,,,https://photos.app.goo.gl/685jaewtbfu5jpu89,,,52.5054301,13.4387578
11261632459,dawn of peace,graffiti,salvadore de fazio,mühlenstraße,0201,11002002,10243,,,https://photos.app.goo.gl/lpqee9kvl66mtiqr9,,,52.5053053,13.4390147
11261632460,hier und dort,graffiti,lis blunier,mühlenstraße,0201,11002002,10243,,,https://photos.app.goo.gl/8mefh5hisfgnjjxja,,,52.5052442,13.4391437
11261632466,mauerspringer,graffiti,gabriel heimler,mühlenstraße,0201,11002002,10243,,,https://photos.app.goo.gl/kphsqkgyj8aldp4y9,,,52.5052041,13.4392302
11261632467,geist-reise,graffiti,andy weiss,mühlenstraße,0201,11002002,10243,,,https://photos.app.goo.gl/oh46bq7kvcmrz1pt7,,,52.5051514,13.4393499
11261632468,je me souviens,graffiti,pierre paul maillé,kolonnenweg,0201,11002002,10243,,,https://photos.app.goo.gl/ocfo4hs9peu5f7nx9,,,52.5051126,13.4394371
11261632469,die beständigkeit der ignoranz,graffiti,karsten wenzel,kolonnenweg,0201,11002002,10243,,,https://photos.app.goo.gl/u2kuujsxxwc1f9cp8,,,52.5050581,13.4395658
11261632470,umleitung in den japanischen sektor,graffiti,thomas klingenstein,kolonnenweg,0201,11002002,10243,,,https://photos.app.goo.gl/hxrldpcalvsnsgpu5,,,52.5049728,13.4397743
11261632471,vergesst mir die liebe nicht,graffiti,henry schmidt,kolonnenweg,0201,11002002,10243,,,https://photos.app.goo.gl/2yhy6d1aruwjxxe38,,,52.5048888,13.4399853
11261632472,sonic malade,graffiti,greta ida csatlòs,kolonnenweg,0201,11002002,10243,,,https://photos.app.goo.gl/vq5rjkq3haojyaor6,,,52.5048358,13.4401266
11261632473,o povo unido nunca mais será veicido,graffiti,joaquim antónio borregana (kim prisu),kolonnenweg,0201,11002002,10243,,,https://photos.app.goo.gl/wgpogvweejmraibu9,,,52.5048034,13.4402075
11261632474,"paix, amour-sagesse",graffiti,hervé morlay (vr),kolonnenweg,0201,11002002,10243,,,https://photos.app.goo.gl/pgzeipzg8qo3k2xz6,,,52.5047654,13.4403068
11261632475,stay free,graffiti,christoph frank,,0201,11002002,,,,https://photos.app.goo.gl/vlqa4vnbhcue6nhm8,,,52.5047241,13.4404142
11261632476,die geburt des kachinas,graffiti,jürgen grosse,kolonnenweg,0201,11002002,10243,,,https://photos.app.goo.gl/qdmyzezpxadjcsnk8,,,52.504649,13.440611
11261632477,worlds people – wir sind ein volk,graffiti,schamil gimajew,kolonnenweg,0201,11002002,10243,,,https://photos.app.goo.gl/q45brv87czc4tfsga,,,52.5045062,13.4409898
11261632478,vogelflug,graffiti,jeanett kipka,kolonnenweg,0201,11002002,10243,,,https://photos.app.goo.gl/34ghmuyrcvvnwdhza,,,52.5043714,13.4413448
11261632479,"danke, andrej sacharov",graffiti,dmitry vrubel,kolonnenweg,0201,11002002,10243,,,https://photos.app.goo.gl/2f8bhyqnbvs3h23va,,,52.5043311,13.4414541
11261632483,hands,graffiti,margaret hunter und peter russell,mühlenstraße,0201,11002002,10243,,,,,,52.5066889,13.4368984
11261632484,himlen over berlin,graffiti,arina bjerregaard,kolonnenweg,0201,11002002,10243,,2013,https://photos.app.goo.gl/1tjmpctjyhdrl9ee8,Q130493487,category:himlen over berlin (east side gallery),52.5065465,13.4365205
11262689025,pottiens persönliches eigentum,graffiti,lutz pottien,kolonnenweg,0201,11002002,10243,,,https://photos.app.goo.gl/a2erawridh9jqh6g6,,,52.5041177,13.4420534
11262689026,berlyn,graffiti,gerhard lahr,kolonnenweg,0201,11002002,10243,,,https://photos.app.goo.gl/xebebapsbiaydf6u8,,,52.5040529,13.4422355
11262689027,how’s god? she‘s black,graffiti,c. f.,kolonnenweg,0201,11002002,10243,,,https://photos.app.goo.gl/xan26dg3pjbmi1hk6,,,52.5040209,13.4423249
11262689028,wachsen lassen,graffiti,rosemarie schinzler,kolonnenweg,0201,11002002,10243,,,https://photos.app.goo.gl/kpqjj6e1y8vyz6zma,,,52.5039738,13.4424573
11262689029,alles offen,graffiti,rosemarie schinzler,kolonnenweg,0201,11002002,10243,,,https://photos.app.goo.gl/z9jj8xupg9vcerl46,,,52.5039433,13.4425422
11262689030,diagonale lösung des problems,graffiti,michail serebrjakow,kolonnenweg,0201,11002002,10243,,,https://photos.app.goo.gl/njf1jqoanvfyjnqe8,,,52.5039257,13.4425917
11262689031,mauern international,graffiti,alexej taranin,kolonnenweg,0201,11002002,10243,,,https://photos.app.goo.gl/cndpqnpu8i3gpia86,,,52.5039022,13.4426576
11262689033,marionetten eines abgesetzten stücks,graffiti,marc engel,kolonnenweg,0201,11002002,10243,,,https://photos.app.goo.gl/ljgbep9zcxfpejx66,,,52.5038807,13.4427182
11262689034,"die wand muss weichen, wenn der meteorit der liebe kommt",graffiti,irina dubrowskaja,kolonnenweg,0201,11002002,10243,,,https://photos.app.goo.gl/2b1r61pl58tt1xqb7,,,52.5038134,13.4429049
11262689035,europas frühling,graffiti,catrin resch,kolonnenweg,0201,11002002,10243,,,https://photos.app.goo.gl/zp5j4fuvvkxkdygn9,,,52.503775,13.4430136
11262689036,the big kremlin’s wind,graffiti,theodor tezhik,,0201,11002002,,,,https://photos.app.goo.gl/nm6z7nvu8wapyraa8,,,52.5037244,13.4431546
11262731837,untitled,graffiti,andré sécrit und karsten thoms,kolonnenweg,0201,11002002,10243,,,https://photos.app.goo.gl/uqp43ppvhuopdlsq9,,,52.5036787,13.4432831
11262731838,soli deo gloria,graffiti,willi berger,,0201,11002002,,,,https://photos.app.goo.gl/bneuij7ihh9rzme89,,,52.503651,13.4433605
11262731839,untitled,graffiti,ditmar reiter,kolonnenweg,0201,11002002,10243,,,https://photos.app.goo.gl/reifvnlr8gwmebhl7,,,52.5034852,13.4438318
11262731840,untitled,graffiti,kani alavi und muriel raoux,kolonnenweg,0201,11002002,10243,,,https://photos.app.goo.gl/cvcgksavh3zmzrhd9,,,52.5034435,13.4439484
11262731841,untitled,graffiti,ana l. m. rodrigues,kolonnenweg,0201,11002002,10243,,,https://photos.app.goo.gl/z6bdyzb2dgleoqzn8,,,52.5034013,13.4440695
11262731842,untitled,graffiti,ulrike zott,kolonnenweg,0201,11002002,10243,,,https://photos.app.goo.gl/nzcjyfql4iqjarza9,,,52.5033727,13.4441512
11262731843,willkommen,graffiti,oliver meline,kolonnenweg,0201,11002002,10243,,,https://photos.app.goo.gl/yc3vkmludjnzidos9,,,52.5033522,13.444211
11262731844,,graffiti,,kolonnenweg,0201,11002002,10243,,,https://photos.app.goo.gl/daypyue48mjt7sih8,,,52.503274,13.4443624
11262731845,frieden für alles,graffiti,ursula wünsch,,0201,11002002,,,,https://photos.app.goo.gl/cf1jm4ip5jtyt7gi9,,,52.5032157,13.444596
11262731846,gemischte gefühle,graffiti,siegrid müller-holtz,mühlenstraße,0201,11002002,10243,,,https://photos.app.goo.gl/jgfao7xgwuufpghr9,,,52.5031809,13.4446929
11262731847,space magik,graffiti,gábor simon,mühlenstraße,0201,11002002,10243,,,https://photos.app.goo.gl/cbtbbosm7n2r9gge7,,,52.5031592,13.4447548
11262731848,,graffiti,,mühlenstraße,0201,11002002,10243,,,https://photos.app.goo.gl/ixbpit9jkupiznuv6,,,52.5031799,13.4446719
11262731849,,graffiti,,mühlenstraße,0201,11002002,10243,,,https://photos.app.goo.gl/cnfdmarac2of3kba6,,,52.5031189,13.4448689
11262731850,pneumohumanoiden,graffiti,ens-helge dahmen,mühlenstraße,0201,11002002,10243,,,https://photos.app.goo.gl/kwzlabvisegwvits6,,,52.5030723,13.445009
11262731851,uhrmenschen der computer,graffiti,césar olhagaray,mühlenstraße,0201,11002002,10243,,,https://photos.app.goo.gl/wk5ml8spxfvntvxc9,,,52.5030223,13.4451616
11262731852,vaterland,graffiti,günther schaefer,,0201,11002002,,,,https://photos.app.goo.gl/r7u8qpona9tbawjm6,,,52.5029215,13.445474
11262731853,hymne an die freude,graffiti,fulvio pinna,mühlenstraße,0201,11002002,10243,,,https://photos.app.goo.gl/wq9t8axaftu74vda8,,,52.5028145,13.4458232
11262731854,die sieben stufen der erleuchtung,graffiti,narendra kumar jain,mühlenstraße,0201,11002002,10243,,,https://photos.app.goo.gl/5ht9fecc6qxtbhz38,,,52.502767,13.4459977
11262731856,freiheit fängt von innen an,graffiti,karin porath,,0201,11002002,,,,,,,52.504085,13.4421446
11262731860,les yeux ouverts,graffiti,muriel raoux,kolonnenweg,0201,11002002,10243,,,https://photos.app.goo.gl/z7ttgcymfb6o4qlf9,,,52.5034625,13.4438941
11262731862,untitled,graffiti,georg lutz rauschebart,mühlenstraße,0201,11002002,10243,,,https://photos.app.goo.gl/e5ppgt9mmzesg7gba,,,52.5029657,13.4453367
11262731864,"less castles, more jungle",mural,jasmin siddiqui,,0202,11002002,,,2023,https://photos.app.goo.gl/uzskyr1z7wphbkzo8,Q117406511,category:less castles more jungles (hera),52.5016028,13.4429739
11262731867,die masken,graffiti,wjatscheslaw schljachow (irkut slawin),kolonnenweg,0201,11002002,10243,,,https://photos.app.goo.gl/vuarnhrq79d1ksge7,,,52.5044561,13.4408715
11262731870,zeichen in der reihe,graffiti,mirta domacinovic,kolonnenweg,0201,11002002,10243,,,https://photos.app.goo.gl/o6srbv8fq99jyn3j8,,,52.5050533,13.4393108
11262731871,,graffiti,,mühlenstraße,0201,11002002,10243,,,https://photos.app.goo.gl/rf5n9se3d9a9zrew5,,,52.5053658,13.4388712
11262731879,,graffiti,,may-ayim-ufer,0202,11002002,10997,,,https://photos.app.goo.gl/qavftwppznmxzst77,,,52.5020409,13.4431636
11262731882,signalkugel,installation,ulrike mohr,may-ayim-ufer,0202,11002002,10997,kunststoff;stahl,2008,https://photos.app.goo.gl/tuucfxeofjurxaxb7,Q105968865,category:signalkugel berlin,52.5020823,13.4431486
11262731883,zwei bären,statue,magdalena müller-martin,may-ayim-ufer,0202,11002002,10997,stone,,https://photos.app.goo.gl/dfugm3yux87vkpfs7,Q130444079,file:skulptur zwei bären magdalena müller-martin may-ayim-ufer berlin-kreuzberg.jpg,52.5023582,13.4420623
11262731884,engeika,mural,fin dac,köpenicker straße,0202,11002002,10997,,2019,https://photos.app.goo.gl/asv45527v6knj7sk7,Q123225243,file:wandmalerei köpenicker str 7a (kreuz) engeika&fin dac&2019.jpg,52.5031111,13.4391039
11262731885,"greenpeace: ""in memory of hiroshima and nagasaki for a world without nuclear weapons""",mural,eme freethinker,köpenicker straße,0202,11002002,10997,,2020,https://photos.app.goo.gl/ncfwtketqkm4936n7,Q123226720,file:wandmalerei köpenicker str 175 (kreuz) in memory of hiroshima and nagasaki&eme freethinker&2020.jpg,52.5040447,13.4354908
11262731886,,graffiti,,,0202,11002002,,,,https://photos.app.goo.gl/1x8lmi98bqhkvehi8,,,52.5056466,13.4325869
11262731887,,graffiti,,köpenicker straße,0202,11002002,10997,,,https://photos.app.goo.gl/u5fvnczize29oosq8,,,52.5056762,13.4326273
11262731888,,graffiti,,köpenicker straße,0202,11002002,10997,,,https://photos.app.goo.gl/mj7ktmahm3hj93fa6,,,52.5058567,13.4323604
11262731889,,graffiti,,köpenicker straße,0202,11002002,10997,,,https://photos.app.goo.gl/nes1jwy2jzquxgq37,,,52.5059017,13.4324161
11262731891,,mural,,friedrich-krause-ufer,0102,11001001,13353,,,https://photos.app.goo.gl/dcukx1z88sucuxgr9,,,52.5386851,13.3538344
11267845618,fishing for diamonds,mural,"akut, case maclaim, tasso, rusk",torstraße,0101,11001001,10115,,2009-12,,Q123083053,file:wandmalerei torstr 230 (mitte) maclain&2009.jpg,52.5270739,13.3878146
11272373730,vegetative plastik,sculpture,justus chrukin,götzstraße,0703,11007007,12099,bronze,,https://commons.wikimedia.org/wiki/file:skulptur_vegetative_plastik_justus_chrukin_stadtbad_tempelhof_g%c3%b6tzstra%c3%9fe_18_berlin-tempelhof_05.jpg,Q123118056,category:vegetative plastik (stadtbad tempelhof),52.4642474,13.3893954
11273067087,caritas,sculpture,gottlieb elster,parkstraße,0302,11003003,13086,bronze,,,Q116970013,,52.5522232,13.4569298
11277139813,polyhymnia,statue,,,0105,11001001,,sandstone,1910,,Q111524251,file:muse polyharmonia.jpg,52.5586843,13.3443202
11279618877,13.4.1981,sculpture,olaf metzel,torgauer straße,0701,11007007,10829,,1987,file:randale-denkmal euref-gelände.jpg,Q110268562,category:13.4.1981,52.4808149,13.3553947
11282821201,a wise man,mural,huariu,,0202,11002002,,,,https://pixelfed.de/storage/m/_v2/615797448648714432/f1538e3aa-7b3151/ekkfdxotovc4/ie8cbh1b22e77191fhwvaus56dfl3kmbsxhsrmp7.jpg,Q111103286,,52.503872,13.4294006
11289635695,wolf und storch,sculpture,stephan horota,konrad-wolf-straße,1110,11011011,13055,bronze,,,Q111008008,"category:wolf und storch (konrad-wolf-straße, berlin, stephan horota)",52.5454031,13.4946159
11290291569,gewachsen auf beton,,,badstraße,0106,11001001,13357,,,,,,52.5520151,13.381437
11299435828,,,,wittelsbacherstraße,0402,11004004,10707,,,,,,52.4940807,13.3152711
11299448099,,,,sächsische straße,0402,11004004,10707,,,,,,52.4933322,13.3170104
11299501017,stehendes mädchen,sculpture,fritz röll,griegstraße,0404,11004004,14193,muschelkalk,1913,,Q116139491,,52.4796327,13.2703354
11307840027,weltall-erde-mensch,sculpture,karl blümel,allee der kosmonauten,1001,11010010,12685,stone,,file:skulptur im park am bäckerpfuhl in berlin-marzahn 2v2.jpg,Q108151307,category:weltall-erde-mensch (karl blümel),52.5405,13.5647058
11330527140,erkenntnis,mural,el bocho,,0202,11002002,,,,https://pixelfed.de/storage/m/_v2/615797448648714432/bf4779419-8cf74f/fpcjkh7ohm78/bloiclmajneszxvdoe2qwtwtxfiosf9vjcxvo5bb.jpg,,,52.4987365,13.4006982
11331059113,,sculpture,,,0101,11001001,,stone,,,,file:vasenförmige skulptur köllnischer park berlin 02.jpg,52.5132235,13.4151553
11341591559,bürger im widerstand,sculpture,achim kühn,schulze-boysen-straße,1103,11011011,10365,steel,2010,,Q111987257,,52.5114068,13.4820043
11350377512,,mural,,hochstraße,0106,11001001,13357,,,,,,52.5438371,13.3780485
11359921923,solidarität,sculpture,,ostendgestell,0909,11009009,12459,,,,Q112862227,,52.465422,13.5459918
11362264201,pelikangruppe,statue,erich f. reuter,pommernallee,0405,11004004,14052,bronze,1960,file:skulptur karolingerplatz 1a (westend) pelikanpaar&ernst-otto eichwald &1963.jpg,Q113621151,category:fountain with pelican group (erich fritz reuter),52.5080187,13.2701606
11375835878,bring them home,mural,benzi brofman,auguststraße,0101,11001001,10117,,2023-11-23,file:mural bring them home benzi auguststraße 92 berlin-mitte 04.jpg,Q123541615,"category:bring them home (benzi, berlin-mitte)",52.5259355,13.3902007
11377699469,,mural,wanda stang,tucholskystraße,0101,11001001,10117,,2021,file:mural wanda stang tucholskystraße 44 berlin-mitte 01.jpg,Q123555370,category:mural tucholskystraße 44 (wanda stang),52.5271882,13.3933689
11377880374,peace wall,mural,svenja teichert,große hamburger straße,0101,11001001,10115,,2013-09,file:mosaik große hamburger straße 25 berlin-mitte.jpg,Q123555741,category:cityarts berlin peace wall,52.5241365,13.399612
11380414886,kletterturm und throne,sculpture,anne ochmann,prenzlauer berg,0301,11003003,10405,klinker,2001,,Q123565929,file:skulptur t-park skatepark prenzlauer berg berlin-prenzlauer berg.jpg,52.5288773,13.4191657
11382505511,pankower marktleben,mural,dieter gantz,berliner straße,0307,11003003,13187,,1987,,Q116695284,file:murals berliner str 1 (panko) pankow market life dieter gantz 1987.jpg,52.5704677,13.4100813
11393503043,keramiksäule,sculpture,gottfried kappen,heerstraße,0509,11005005,13595,keramik,2023-11,file:stele heerstr 220 (willst) spandauer verkehrssäule&gottfried kappen&1937.jpg,Q124970323,category:spandauer verkehrssäule (gottfried kappen),52.513264,13.1971237
11407491425,der schreitende,statue,richard scheibe,am karlsbad,0104,11001001,10785,bronze,1989,file:skulptur am karlsbad ggü 3 (tierg) schreitender&richard scheibe&1935.jpg,Q110042301,category:schreitender (richard scheibe),52.5048918,13.3700777
11418698088,tanz,mural,frank beutel,mehrower allee,1001,11010010,12687,,2009,,Q123822967,file:mural tanzen in marzahn mehrower allee 46 berlin-marzahn.jpg,52.554607,13.5643807
11462822537,suia,mural,elliot o'donnell,stargarder straße,0301,11003003,10437,,2016,,Q123905593,file:wandmalerei stargarder str 82 (prenz) suia&askew one&2016.jpg,52.547735,13.4139352
11464490870,"""der ring"" von norbert radermacher",,,potsdamer straße,0104,11001001,10785,,,,Q115926815,,52.5059546,13.3679846
11491455444,,stone,,,0201,11002002,,stone,,,,,52.5174969,13.4486291
11493464326,spd-würfel,sculpture,,stresemannstraße,0202,11002002,10963,steel,,file:skulptur wilhelmstraße 140 (kreuz) spd würfel.jpg,Q118951174,category:spd-würfel (willy-brandt-haus),52.4995793,13.3885945
11494800642,,sculpture,,grabertstraße,0601,11006006,12169,,,,,,52.4519924,13.3513629
11494834536,,cross,,ellwanger straße,0601,11006006,12247,,,,,,52.4473915,13.3569555
11494872356,,sculpture,,attilastraße,0601,11006006,12247,,,,,,52.4461148,13.3586231
11510771098,keramik-elemente,sculpture,,etkar-andré-straße,1005,11010010,12619,keramik,2005,file:skulptur etkar-andré-str 8 (helld) keramik elemente&enderlein rauch&20052.jpg,Q108713728,category:keramische sitzelemente (berlin-hellersdorf),52.5300932,13.5947044
11535170606,,sculpture,,revaler straße,0201,11002002,10245,,,,,,52.5052986,13.4614137
11581706760,torso eines stürzenden,sculpture,,,1001,11010010,,,,,Q116739446,file:skulptur marzahner promenade 55 (marza) torso eines stürzenden&wieland förster&1985.jpg,52.5472591,13.5566907
11581711623,kind mit pony,sculpture,,bansiner straße,1005,11010010,12619,,,,Q116732726,,52.5175637,13.5844748
11581727320,reiherpaar,sculpture,,erich-kästner-straße,1005,11010010,12619,,,,Q117046630,,52.5255591,13.5953202
11581944103,luchse,statue,lothar rechtacek,treskowallee,1102,11011011,10318,bronze,2002,file:treskowallee fhtw loewen 2.jpg,Q115265478,"category:luchsfamilie, karlshorst",52.4921799,13.5247206
11582043915,gartenplastik mit vogeltränke,sculpture,,,1005,11010010,,,,,Q117046160,,52.5208247,13.5940173
11582069295,berliner haus,sculpture,,warener straße,1002,11010010,12683,,,,Q118668952,,52.5180652,13.5668948
11582086564,drei sitzende frauen,statue,manfred hübner,marzahner chaussee,1001,11010010,12681,sandstone,1985,file:skulptur drei sitzende frauen berlin 6v10.jpg,Q108185685,category:drei sitzende frauen (manfred hübner),52.5242976,13.5344314
11582088780,marzahn-nord (skulptur),sculpture,,riesaer straße,1005,11010010,12627,,,,Q124256542,,52.5308978,13.6163722
11582186425,liegende,sculpture,,glambecker ring,1001,11010010,12679,,,,Q108106458,,52.5551684,13.5778567
11582226256,plastische zeichen – kakteen,sculpture,,langhoffstraße,1001,11010010,12681,,,,Q108198684,,52.5319021,13.5436629
11582226258,raupen,sculpture,,marchwitzastraße,1001,11010010,12681,,,,Q108646848,,52.5243804,13.5445708
11582234328,eisenholzstämme,sculpture,,neue grottkauer straße,1005,11010010,12619,,,,Q108711427,,52.5291046,13.5934742
11582254000,wegweiser,sculpture,,,1001,11010010,,,,,Q108740918,,52.5631883,13.5739175
11582261758,fliegenpilz,sculpture,,wittenberger straße,1001,11010010,12689,,,,Q108747360,,52.5669211,13.5717617
11582267022,marzahner geister,sculpture,christine gersch,belziger ring,1001,11010010,12689,,1997-09-20,file:skulpturen borkheider straße (berlin-marzahn) 3v12.jpg,Q108741155,category:marzahner geister (christine gersch),52.5635567,13.5742297
11582310547,dryade - дриада,sculpture,,geraer ring,1001,11010010,12689,,,,Q108837669,,52.5685004,13.5598668
11582310548,lebenslinien,sculpture,christine gersch,blumberger damm,1002,11010010,12683,,2001,file:skulptur lebenslinien von christine gersch am blumberger damm 12-14 (berlin-marzahn) 15v20.jpg,Q106891421,category:lebenslinien (christine gersch),52.5282116,13.5674346
11582343683,sitzelemente kugel,sculpture,,martha-arendsee-straße,1001,11010010,12681,,,,Q108952399,,52.5367629,13.5398924
11582356994,große maskenbank,sculpture,,frankenholzer weg,1002,11010010,12683,,,,Q106940549,,52.510553,13.564574
11582380615,kugelbrunnen,sculpture,christine gersch,am reiherhorst,1001,11010010,12687,,2011,,Q106940554,file:skulptur kugelbrunnen christine gersch tagore-gymnasium berlin-marzahn.jpg,52.5529782,13.5563035
11582401741,schwarzwurzel,sculpture,,schwarzwurzelstraße,1001,11010010,12689,,,,Q107138501,,52.5690706,13.5576553
11582418900,wasserlinien,mosaic,,altlandsberger platz,1001,11010010,12685,,,,Q106940567,,52.5426378,13.5739812
11582438807,eingangsgestaltung tiermotive,relief,,marchwitzastraße,1001,11010010,12681,,,,Q108179738,,52.5227709,13.5449958
11583703258,reversed dunk,sculpture,studio kim/illi,warschauer brücke,0201,11002002,10243,,2023,file:skulptur reversed dunk studio kim illi warschauer brücke berlin-friedrichshain 03.jpg,Q131548689,"category:reversed dunk (warschauer brücke, berlin)",52.5057684,13.4487177
11583734965,brunnenskulptur,sculpture,,lea-grundig-straße,1001,11010010,12687,,,,Q108560838,,52.5520046,13.5624631
11583767983,plastische zeichen – erdwürmer,sculpture,,salanderweg,1001,11010010,12685,,,,Q108545311,,52.5370529,13.5552654
11583789078,"knabe, fisch, frosch",sculpture,,rabensteiner straße,1001,11010010,12689,,,,Q109388108,,52.5649249,13.5732054
11584831860,tropfen und ringe,mural,1010,heinrich-dathe-platz,1101,11011011,10319,,2017-07,,Q124424353,file:wandmalerei erich-kurz-str 9 (frife) tropfen und ringe&1010&2017.jpg,52.4977753,13.5209577
11585279664,eine frage der haltung,mural,zebo,köpitzer straße,1101,11011011,10315,,2019-09-13,,Q124425529,file:wandmalerei am tierpark 3 (frife) eine frage der haltung&zebu&2019.jpg,52.5085501,13.519895
11591638879,,sculpture,"robert rehfeldt, hanfried schulz i",heinrich-dathe-platz,1101,11011011,10319,,1982,"file:wandrelief (rehfeldt, schulz) 936-818-(118).jpg",Q124436427,category:wall relief erich-kurz-straße 9 (berlin-friedrichsfelde),52.4977283,13.5210222
11591702136,knotenpunkt,sculpture,michael sailstorfer,bredtschneiderstraße,0405,11004004,14057,,,,,,52.5083184,13.2794422
11622453292,miami,statue,,obentrautstraße,0202,11002002,10963,,,,,,52.4959326,13.3879473
11622889812,weltkugel,sculpture,alfred paul trenkel,sonnenallee,0801,11008008,12057,bronze,1976,file:skulptur die weltkugel alfred paul trenkel sonnenallee berlin-neukölln.jpg,Q116189335,category:kugelsonnenuhr mit bogen (alfred paul trenkel),52.4644807,13.4740974
11630028498,volk ding zero,statue,georg baselitz,am hamburger bahnhof,0102,11001001,10557,,,file:skulptur invalidenstr 51 (moabit) volk ding zero&georg baselitz&2009.jpg,Q118644032,category:volk ding zero,52.5282829,13.3722166
11634254021,junges paar,sculpture,rolf winkler,dolgenseestraße,1101,11011011,10319,bronze,,file:skulptur dolgenseestr 11 (frife) junges paar&rolf winkler&1976.jpg,Q115481119,category:junges paar (rolf winkler),52.4930715,13.5059868
11639056687,,mural,,kleine rosenthaler straße,0101,11001001,10119,,,,,,52.5288723,13.4030144
11648825123,no tourist area,mural,,bethaniendamm,0202,11002002,10179,,,,,,52.5046425,13.4241474
11664813210,großer würfel,sculpture,matschinsky-denninghoff,koserstraße,0605,11006006,14195,steel,,file:dahlem koserstraße 20 großer würfel.jpg,Q110845471,category:großer würfel (matschinsky-denninghoff),52.4617187,13.2942051
11691089581,"wenn, dann …",sculpture,erich wiesner,rudi-dutschke-weg,0605,11006006,14195,metal,1985,"file:skulptur otto-von-simson-str 16 (dahlem) was, dann&erich wiesner&1985.jpg",Q124736854,"category:was, dann (erich wiesner)",52.4529811,13.2896854
11693763049,blindes mädchen mit führhund,sculpture,hildegard reinschim,rothenburgstraße,0601,11006006,12165,bronze,,file:skulptur rothenburgstr 14 (stegl) blindes mädchen mit führhund&h reinsch&19632.jpg,Q115089148,category:blindes mädchen mit führhund (hildegard reinsch),52.4557388,13.3151945
11694845941,schäfer mit hund und schafen,sculpture,werner richter,sandinostraße,1110,11011011,13055,bronze,1982,file:schäfer sandinostraße berlin 2022-03-05 11.jpg,Q111127183,"category:schäfer mit hund und schafen (werner richter, berlin)",52.5357991,13.4853074
11697773002,tröpfelbrunnen,sculpture,,josef-orlopp-straße,1111,11011011,10367,,,,Q113462610,,52.5240851,13.4825869
11700625589,steinsofa mit kissen,sculpture,,barther straße,1109,11011011,13051,,,,Q115205933,,52.5653253,13.5017869
11700625590,japanisches tor,sculpture,,hagenower ring,1109,11011011,13059,,,,Q115193367,,52.5774233,13.503702
11700625591,ringstadien,sculpture,,türrschmidtstraße,1112,11011011,10317,,,,Q115183615,,52.5029436,13.4763676
11700625592,sitzstein mit tiermotiven,sculpture,,seefelder straße,1110,11011011,13053,,,,Q115283125,,52.5500153,13.5075577
11701257945,fruchtbringende erde,sculpture,,randowstraße,1109,11011011,13057,,,,Q108477072,,52.56695,13.5273765
11701257946,regentropfen,sculpture,,zingster straße,1109,11011011,13051,,,,Q108471449,,52.5663582,13.5007904
11701257947,regenbogen,sculpture,,zingster straße,1109,11011011,13051,,,,Q108464035,,52.5657456,13.5014959
11701257948,gräser im wind,sculpture,,zingster straße,1109,11011011,13051,,,,Q108463979,,52.5669688,13.5000783
11701257949,blick aus dem fenster,sculpture,,sokratesweg,1102,11011011,10318,,,,Q110282570,,52.4893013,13.5221402
11701257950,eichenholzstele,sculpture,,wartenberger straße,1109,11011011,13053,wood,,file:eichenholzstele berlin 2v5.jpg,Q108463742,category:eichenholzstele,52.5638315,13.5144295
11701472465,landing eagle,sculpture,lovemore bonjisi,alfred-kowalke-straße,1101,11011011,10315,,2010,,Q118875410,,52.505251,13.526661
11701472466,seelöwe auf einer kugel,sculpture,otto maerker,alfred-kowalke-straße,1101,11011011,10315,bronze,1963,,Q117481352,,52.5051852,13.5287294
11701472467,frau mit lamm,sculpture,peter kern,warnitzer straße,1109,11011011,13057,bronze,,file:skulptur frau mit lamm berlin 4v4.jpg,Q108478348,category:frau mit lamm (peter kern),52.5675047,13.5181712
11724873088,,mural,,wollankstraße,0307,11003003,13187,,,,,,52.5655887,13.3947196
11724908465,lifetime,mural,innerfields,nordbahnstraße,0106,11001001,13359,,,,,,52.565889,13.3898591
11745471273,,mural,wandal,lübecker straße,0102,11001001,10559,,,,Q120401376,,52.529391,13.345612
11745774397,heizen,installation,,uferstraße,0106,11001001,13357,,,,,,52.5518452,13.3749408
11747638676,not caring is no option,mural,hera,müllerstraße,0105,11001001,13353,,2023-07,,Q125760901,file:wandmalerei müllerstr 174 (wedding) no caring is no option&hera&2023.jpg,52.5412183,13.3677054
11765962771,hockende,statue,,frankenholzer weg,1002,11010010,12683,,,file:theater am park (berlin-biesdorf) 1v2.jpg,Q114858700,category:hockende (theater am park),52.5107636,13.5640247
11771382251,,statue,,industriestraße,0703,11007007,12099,steel,,,,,52.4559038,13.4047836
11773557406,,mural,satone,blasewitzer ring,0504,11005005,13593,,2021,file:mural one wall satone blasewitzer ring 7 berlin-staaken 02.jpg,Q112730436,"category:mural (satone, blasewitzer ring 7)",52.5201611,13.1722197
11773652036,fredric chopin,sculpture,,oranienburger straße,0101,11001001,10178,ceramic,,,,,52.5244725,13.4009694
11778200665,,relief,erich fritz reuter,straße des 17. juni,0401,11004004,10623,,,,Q110638698,,52.5123075,13.3264263
11778575154,die entwicklungsgeschichte der rüsseltiere,mosaic,otraud lerch,aussichtsberg,1101,11011011,10319,,1989,,,,52.5026977,13.5325005
11780139164,,relief,,gneisenaustraße,0202,11002002,10961,,,,,,52.4925078,13.3879596
11794882935,beamter / geschäftsmann,,,alt-moabit,0102,11001001,10559,bronze,,,Q116233842,"category:businessman (alt-moabit 101, berlin-moabit)",52.5243257,13.3470821
11795253859,esc - enter,installation,rolf wicker,georgenstraße,0101,11001001,10117,,,,,,52.5203011,13.3914357
11814782978,,statue,,schloßfreiheit,0101,11001001,10178,sandstone,,,,,52.5166706,13.400756
11814782979,,statue,,schloßfreiheit,0101,11001001,10178,sandstone,,,,,52.5167225,13.400877
11814782980,,statue,,schloßfreiheit,0101,11001001,10178,sandstone,,,,,52.5168196,13.4008922
11814782981,,statue,,schloßplatz,0101,11001001,10178,sandstone,,,,,52.5169013,13.4007977
11814782982,,statue,,schloßplatz,0101,11001001,10178,sandstone,,,,,52.5169198,13.4006422
11814782983,,statue,,schloßplatz,0101,11001001,10178,sandstone,,,,,52.5168617,13.4005172
11814782984,,statue,,schloßplatz,0101,11001001,10178,sandstone,,,,,52.5167688,13.4005047
11814782985,,statue,,schloßfreiheit,0101,11001001,10178,sandstone,,,,,52.5166884,13.4006051
11822029511,himmel über nöldnerplatz,installation,christian hasucha,nöldnerstraße,1112,11011011,10317,,2020,file:skulptur christian hasucha himmel über nöldnerplatz berlin 06.jpg,Q134486585,category:himmel über nöldnerplatz (christian hasucha),52.5024538,13.4853931
11822172667,,sculpture,michael schoenholtz,durlacher straße,0402,11004004,10715,bronze,1979,file:zwei brunnenskulpturen michael schoenholtz durlacher sraße berlin-wilmersdorf 11.jpg,,category:zwei brunnenskulpturen (michael schoenholtz),52.4810216,13.3312856
11822172668,,sculpture,michael schoenholtz,durlacher straße,0402,11004004,10715,bronze,1979,file:zwei brunnenskulpturen michael schoenholtz durlacher sraße berlin-wilmersdorf 11.jpg,,category:zwei brunnenskulpturen (michael schoenholtz),52.4810787,13.3312814
11825700549,,mural,,schwedter straße,0301,11003003,10435,,,,,,52.537352,13.4062852
11825718030,,mural,,schwedter straße,0301,11003003,10435,,,,,,52.5365469,13.4066943
11825718031,,mural,,schwedter straße,0301,11003003,10435,,,,,,52.5364219,13.4066672
11828475773,jakarta,mural,darbotz,hedwig-porschütz-straße,0102,11001001,10557,,24. Oktober 2021,,Q125511716,file:wandmalerei hedwig-porschütz-str 13 (moabit) jakarta meets berlin&darbotz&2021.jpg,52.534585,13.3653585
11828475774,berlin,mural,snyder,hedwig-porschütz-straße,0102,11001001,10557,,24. Oktober 2021,,Q125511776,file:wandmalerei hedwig-porschütz-str 5 (moabit) jakarta meets berlin&snyder&2021.jpg,52.5341997,13.3657272
11829125162,,mural,,niederwallstraße,0101,11001001,10117,,,,,,52.5128264,13.397433
11829154965,sinnende,statue,siegfried krepp,oderstraße,0201,11002002,10247,bronze,1975,,Q109926075,"category:sitzende (siegfried krepp, berlin-friedrichshain)",52.511048,13.4690389
11832963113,die unschuld,mural,demut,odinstraße,1102,11011011,10318,,,,Q125537323,file:wandmalerei odinstr 5 (karlh) die unschuld&demut&2022.jpg,52.4903292,13.5135095
11837239335,,mural,,thomasstraße,0801,11008008,12053,,,,,,52.4731813,13.4381379
11870229870,mäander,sculpture,susanne specht,schragenfeldstraße,1001,11010010,12685,iron,2020,file:mäander susanne specht berlin 2v3.jpg,Q108171549,category:mäander (susanne specht),52.5387662,13.5642662
11876517029,,sculpture,"jan skuin, rüdiger roehl",späthstraße,0903,11009009,12437,galvanized steel,1980,,,,52.4545012,13.4731227
11918101318,,statue,erwin damerow,maiglöckchenstraße,0301,11003003,10407,metal,,,,category:rodelnde kinder (erwin damerow),52.5335569,13.4628074
11930244334,liegendes pferd,statue,hans mettel,am karlsbad,0104,11001001,10785,granite,1989,file:skulptur am karlsbad (tierg) liegendes pferd&hans mettel&1966.jpg,Q117794041,category:liegendes pferd (hans mettel),52.5040401,13.3714555
11940013225,,sculpture,,hobrechtsfelder chaussee,0309,11003003,13125,,,,,,52.6530845,13.4862109
11940056826,,sculpture,,hobrechtsfelder chaussee,0309,11003003,13125,,,,,,52.6516132,13.4859892
11940083601,,sculpture,,hobrechtsfelder chaussee,0309,11003003,13125,,,,,,52.6545343,13.4866103
11940092740,,installation,,hobrechtsfelder chaussee,0309,11003003,13125,,,,,,52.6569746,13.4878658
11944043841,puttengruppe mit zwei hasen,statue,,turmstraße,0102,11001001,10559,,,,Q117220079,file:20240530 xl 0710-puttengruppe mit zwei hasen 2.jpg,52.5258696,13.3480808
11958358825,,mural,,selkestraße,0801,11008008,12051,,,,,,52.4702674,13.4368198
11967834028,beauty teddy,statue,,keithstraße,0701,11007007,10787,,,,Q109208594,,52.5021784,13.3461059
11986923736,löwe,statue,,alt-blankenburg,0303,11003003,13129,,,,,,52.5937402,13.4607068
11993486395,zwei schweine,statue,,heilkräuterweg,0308,11003003,13158,wood,,,,,52.6031761,13.3982483
11994690240,panzernashorn,statue,rico rensmeyer,hardenbergplatz,0104,11001001,10623,bronze,2024,file:skulptur hardenbergplatz 8 (tierg) panzernashorn&rico rensmeyer&2024.jpg,Q130609857,category:panzernashorn (rico rensmeyer),52.5087205,13.3354286
12028991900,café moskau,mosaic,bert heller,karl-marx-allee,0101,11001001,10178,,1964,,Q105756510,file:mosaik karl-marx-allee 34 (mitte) café moskau bert heller 1964.jpg,52.5197119,13.4225463
12032673641,,mosaic,,kronprinzessinnenweg,0607,11006006,14109,,,,,file:wannsee mosaik 1.jpg,52.4216947,13.1789777
12032673642,,mosaic,,reichsbahnstraße,0607,11006006,14109,,,,,file:wannsee mosaik 2.jpg,52.4208879,13.1799936
12033039301,elemente des kindlichen spiels,relief,erwin damerow,peter-hille-straße,0911,11009009,12587,,,,Q111149284,file:relief wall elemente des kindlichen spiels erwin damerow berlin.jpg,52.4547872,13.6209672
12033040773,turnhalle mit sportpiktogrammen,mural,,sella-hasse-straße,1001,11010010,12687,,,,Q123921053,,52.5535001,13.5570035
12033043185,aufbau der republik,mural,max lingner,leipziger straße,0101,11001001,10117,,1950,,,file:aufbau der republik-panorama.jpg,52.5096168,13.3838354
12034054995,,mural,,swinemünder brücke,0106,11001001,13355,,,,,,52.5480173,13.3932151
12034111709,,mural,,saltykowstraße,0801,11008008,12043,,,,,,52.4766172,13.4388693
12036033615,,relief,,am tierpark,1101,11011011,10319,,,https://live.staticflickr.com/7288/16259766489_08dd03cbcd_b.jpg,,,52.4985089,13.5229441
12036033616,,mosaic,dagmar glaser-lauermann,heinrich-dathe-platz,1101,11011011,10319,,1973,,,file:mosaik am tierpark 74 (frife) tierwelt&dagmar glaser-lauermann&1973.jpg,52.4984045,13.5225205
12040213453,,sculpture,,kurfürstenweg,0607,11006006,14109,wood,,,,,52.415649,13.1723626
12040711943,,installation,,dresdener straße,0202,11002002,10999,,,,,file:how home is refuge how strong is border how legal is justice how liberal is freedom how many is germany how brave is fear how climate is change how is longing how native is nation how human is right answer is question present is wall 01.jpg,52.5018401,13.4158784
12044593216,,installation,,kirchgasse,0801,11008008,12043,,,,,file:spielplatz kirchgasse 06.jpg,52.4779694,13.4417429
12047225220,fuchs,statue,hans hauffe,konstanzer straße,0402,11004004,10709,granite,,file:skulptur fuchs hans hauffe konstanzer straße 23 berlin-wilmersdorf 03.jpg,Q127375353,category:fox (hans hauffe),52.491576,13.3085877
12051575297,die kauernde,sculpture,katharina szelinski-singer,apostel-paulus-straße,0701,11007007,10823,sandstone,1956,https://commons.wikimedia.org/wiki/file:kauernde_wartburgplatz_berlin.jpg,,,52.4878681,13.3459253
12051589513,,sculpture,,apostel-paulus-straße,0701,11007007,10823,wood,,,,,52.4875726,13.3467436
12051589514,,sculpture,,apostel-paulus-straße,0701,11007007,10823,wood,,,,,52.4875551,13.3467151
12056227513,,sculpture,,kleine auguststraße,0101,11001001,10119,,,,,,52.5281374,13.3989909
12056227514,,sculpture,,kleine auguststraße,0101,11001001,10119,,,,,,52.5281502,13.3990033
12056227515,,sculpture,,kleine auguststraße,0101,11001001,10119,,,,,,52.5281333,13.3990318
12057614769,,sculpture,,dubliner straße,0105,11001001,13349,stone,,,,file:skulptur brunnenfigur fisch wasserspielplatz schillerpark berlin-wedding 03.jpg,52.5602749,13.3466995
12057874649,rosa luxemburg,sculpture,rolf biebl,weydingerstraße,0101,11001001,10178,metal,,,,file:skulptur_linienstr_15_(mitte)_rosa_luxemburg-rolf_biebl-2009.jpg,52.5271139,13.4141012
12059595178,,sculpture,,prenzlauer allee,0301,11003003,10405,,,,,,52.5272946,13.416399
12063843928,,sculpture,,tucholskystraße,0101,11001001,10117,wood,,,,,52.5257827,13.3941304
12063843932,,sculpture,,tucholskystraße,0101,11001001,10117,wood,,,,,52.5256966,13.393999
12067146452,schwimmerin,statue,jenny mucchi-wiegmann,weinbergsweg,0101,11001001,10119,bronze,2020-09-06,file:skulptur volkspark am weinbergsweg (mitte) die schwimmerin&jenny mucchi-wiegmann&19652.jpg,Q129259254,"category:schwimmerin (jenny mucchi-wiegmann, berlin)",52.5324272,13.4028964
12067146454,,relief,waldemar grzimek,weinbergsweg,0101,11001001,10119,,1954,,,file:relief volkspark am weinbergsweg (mitte) drei relieftafeln&waldemar grzimek&1954.jpg,52.5325416,13.4032441
12067146455,,relief,waldemar grzimek,weinbergsweg,0101,11001001,10119,,1954,,,file:relief volkspark am weinbergsweg (mitte) drei relieftafeln&waldemar grzimek&19542.jpg,52.5325244,13.4032904
12067146456,,relief,waldemar grzimek,weinbergsweg,0101,11001001,10119,,1954,,,file:relief volkspark am weinbergsweg (mitte) drei relieftafeln&waldemar grzimek&19543.jpg,52.5325132,13.4033392
12070800385,,sculpture,,schloßplatz,0101,11001001,10178,metal,,,,,52.5178638,13.3990712
12077264888,"""nicht mehr zu sehen""",sculpture,,columbiadamm,0703,11007007,10965,ceramic,,,,,52.4836147,13.3980406
12085505337,große frauenfigur ii,sculpture,,spandauer damm,0405,11004004,14050,,,,,,52.5206972,13.2779086
12085505348,große frauenfigur i,sculpture,,spandauer damm,0405,11004004,14050,,,,,,52.5207808,13.2779603
12087171810,gap to feed,installation,manon awst;benjamin walther,rosa-luxemburg-straße,0101,11001001,10178,,2017,,,,52.5270242,13.4106207
12093857425,,mural,jim avingon,adalbertstraße,0202,11002002,10999,,,,,,52.5003204,13.4191679
12094642220,abu markubs,statue,reinhard dachlauer,hardenbergplatz,0104,11001001,10787,,,,,,52.508242,13.3355318
12094642221,wildschwein,statue,fritz behn,hardenbergplatz,0104,11001001,10787,,,,Q117748201,,52.5089952,13.337479
12094642222,orang-utan,statue,fritz behn,budapester straße,0104,11001001,10787,,,,,,52.506342,13.3378029
12094642223,knut,statue,,hardenbergplatz,0104,11001001,10787,,,,,,52.5103835,13.3372691
12094642224,blindenhund,statue,,müller-breslau-straße,0104,11001001,10623,,,,,,52.509901,13.335487
12094642225,,sculpture,,hardenbergplatz,0104,11001001,10787,,,,,,52.5084459,13.3355213
12108469764,wildschwein,statue,karl wenke,john-foster-dulles-allee,0104,11001001,10557,,1952,file:skulptur wildschwein karl wenke großer tiergarten berlin 02.jpg,Q117832686,category:wild boar (karl wenke),52.5167952,13.3584548
12110464180,die krähe,statue,arie van selm,torgauer straße,0701,11007007,10829,bronze,,file:skulptur die krähe arie van selm euref-campus berlin-schöneberg 02.jpg,Q125499663,category:large crow ii (euref-campus berlin),52.4805502,13.3557031
12119950043,threesome,sculpture,ewerdt hilgemann,torgauer straße,0701,11007007,10829,steel,2021-06-14,file:skulptur torgauer str 14 (schön) threesome&ewerdt hilgemann&20133.jpg,Q110254177,category:threesome (ewerdt hilgemann),52.4800518,13.3541773
12120008215,cord 810/812,sculpture,,torgauer straße,0701,11007007,10829,,,file:skulptur automobil cord 810812 1937 euref-campus berlin-schöneberg 03.jpg,Q129319242,category:cord 810/812 (euref-campus),52.4805639,13.3549202
12122979306,,statue,,forckenbeckstraße,0403,11004004,14199,,,,,,52.4819952,13.303234
12122995565,,sculpture,,forckenbeckstraße,0403,11004004,14199,stone,,,,,52.4825191,13.3026504
12122995566,,sculpture,,forckenbeckstraße,0403,11004004,14199,stone,,,,,52.4821567,13.3036268
12122995569,,statue,,forckenbeckstraße,0403,11004004,14199,,,,,,52.4816974,13.3024479
12123636558,,sculpture,,altonaer straße,0104,11001001,10557,,,,,,52.5153961,13.3462442
12123636559,,sculpture,,altonaer straße,0104,11001001,10557,,,,,,52.5152579,13.346073
12123927871,araberjährling,statue,hans joachim ihle,celsiusstraße,0602,11006006,12207,bronze,1971,,Q117815104,file:skulptur celsiusstr 4 (lifel) araberjährling&hans-joachim ihle&1971.jpg,52.4161357,13.3140429
12135624057,,sculpture,,mittelallee,0105,11001001,13353,,,,,,52.5426385,13.3447505
12135822066,,sculpture,,mittelallee,0105,11001001,13353,,,,,,52.542636,13.344747
12138193904,wasserträgerin,statue,adelheid koenigs,carstennstraße,0602,11006006,12205,bronze,1932,,,,52.4299543,13.2890988
12138193905,heidener friedenstisch,installation,hans ruedi fricker,carstennstraße,0602,11006006,12205,,2010,,,,52.4296639,13.2893463
12152156175,spiegelwelten,installation,erika klagge,walther-huth-straße,0904,11009009,12487,mirror-polished stainless steel,2007,,Q110425463,category:kopfbewegung (berlin-adlershof),52.4385405,13.5105324
12159761478,bärenbrunnen,sculpture,,neuer schildhornweg,0404,11004004,14193,stone,,,,,52.4911233,13.2367991
12167762836,spielstein,sculpture,christine dewerny,firlstraße,0909,11009009,12459,sandstone,1995,,,,52.4635343,13.5235734
12167762837,kinderspiele,relief,unknown,firlstraße,0909,11009009,12459,stucco on concrete,1964,,,,52.4633189,13.5248209
12167762838,drei weise,sculpture,"igor jerschow, christine gerschyes",kottmeierstraße,0909,11009009,12459,"sandstone, mosaic",2004,,,,52.4620937,13.5234816
12167762839,zauberer,sculpture,"igor jerschow, christine gerschyes",plönzeile,0909,11009009,12459,artificial stone with colored tesserae,2004,,,,52.4621237,13.5231963
12172739987,,sculpture,,zähringerstraße,0402,11004004,10707,,,file:sculpture seals and penguins zähringerstraße berlin-wilmersdorf 03.jpg,Q113836725,"category:seals and penguins (zähringerstraße, berlin-wilmersdorf)",52.4952816,13.3165584
12180269314,,mural,,bernauer straße,0106,11001001,13355,,,,,,52.5403014,13.4026417
12197690144,unterwegs,sculpture,dietrich arlt-aeras,grunewaldstraße,0701,11007007,10823,steel,,,Q110575693,"file:skulptur unterwegs, grunewaldstraße 6-7, dietrich arlt-aeras, 20140704 5.jpg",52.4905928,13.3576575
12201001747,,sculpture,,tiergartenufer,0104,11001001,10623,,,,,,52.5129536,13.3345816
12201283945,gründer geist,sculpture,inges idee,gotzkowskybrücke,0401,11004004,10587,steel,,file:skulptur gründer geist inges idee gotzkowskybrücke berlin-charlottenburg 07.jpg,Q133284136,category:gründer geist (inges idee),52.5222248,13.3288543
12201719108,,mural,,torstraße,0101,11001001,10115,,,,,,52.5285407,13.3920405
12202041210,hommage an ben wagin,mural,,niebuhrstraße,0401,11004004,10629,,2021,file:charlottenburg niebuhrstraße ben wagin.jpg,Q111039489,category:ben wagin (gita & mate),52.5044257,13.3084697
12207286361,,sculpture,,tunnel alexanderplatz,0101,11001001,10178,,,,,,52.5216313,13.416036
12213450743,,,,diedersdorfer weg,0705,11007007,12279,stone,,,,,52.410278,13.3623292
12234942979,,mural,,schulstraße,0105,11001001,13347,,,,,,52.548135,13.3626906
12239509842,roter niedersachsen-elefant,statue,,ebertstraße,0101,11001001,10117,,,file:skulptur roter niedersachsachsen-elefant vertretung des landes niedersachsen beim bund ebertstraße berlin.jpg,Q130475193,"category:roter niedersachsen-elefant (vertretung des landes niedersachsen beim bund, berlin-mitte)",52.5125266,13.3774151
12241453051,sowjetsoldaten beschützen den aufbau der ddr,relief,,treskowallee,1102,11011011,10318,concrete,1956-1957,,,"file:berlin-karlshorst, treskowhöfe, relief.jpg",52.4905651,13.5272455
12272924122,dynamische struktur,sculpture,erich f. reuter,fritz-elsas-straße,0701,11007007,10825,concrete,1968,,Q130600872,file:fritz-elsas-straße 8 (berlin-schöneberg).jpg,52.4807937,13.3379055
12276908200,tafel,sculpture,,eichgestell,0909,11009009,12459,mosaic stones on concrete,,,,,52.4612068,13.5470055
12276976901,kleiner drachen,sculpture,,eichgestell,0909,11009009,12459,mosaic stones on concrete,,,,,52.4610287,13.5469414
12276976902,obelisk,sculpture,,eichgestell,0909,11009009,12459,mosaic stones on concrete,,,,,52.4609418,13.5472265
12276976907,drache,sculpture,,eichgestell,0909,11009009,12459,mosaic stones on concrete,,,,,52.4610363,13.5470768
12288167193,figurengruppen,sculpture,hans klakow,brauereihof,0507,11005005,13585,terracotta,1928,file:figurengruppen hans klakow berlin-spandau 2023 001.jpg,,category:figurengruppen (hans klakow),52.5470571,13.2094796
12288167194,figurengruppen,sculpture,hans klakow,neuendorfer straße,0507,11005005,13585,terracotta,1928,file:figurengruppen hans klakow berlin-spandau 2023 002.jpg,,category:figurengruppen (hans klakow),52.5467795,13.2093202
12299522637,die sinnende,statue,horst brühmann,am tierpark,1101,11011011,10319,bronze,1973,,,,52.5064921,13.5317719
12299522638,nashorn,statue,ray chataira,gensinger straße,1101,11011011,10319,scrap metal,,,,,52.5073683,13.5316264
12299522658,bär,statue,georg wrba,richard-kolkwitz-weg,1101,11011011,10319,bronze,1910,,,,52.4992853,13.5301875
12315820215,,statue,,am köllnischen park,0101,11001001,10179,,,,,,52.5132964,13.4150547
12318208578,frauenbüste clara zetkin,bust,,werlseestraße,0911,11009009,12587,bronze,1984,,,,52.4536156,13.6371066
12328243501,,sculpture,,hohenzollerndamm,0402,11004004,10707,muschelkalk,1936,,,file:skulptur arbeiter-reliefs ehemaliges verwaltungsgebäude der rudolph-karstadt-ag fehrbelliner platz 1 berlin-wilmersdorf 02.jpg,52.4906406,13.3155108
12328246028,jan amos comenius,sculpture,knud knudsen,brandenburgische straße,0402,11004004,10713,,,,,file:relief_brandenburgische_str_5_(wilmd)_jan_amos_comenius.jpg,52.487892,13.3184493
12358132694,sisyphus wins,sculpture,simon deppierraz,kuglerstraße,0301,11003003,10439,,,,Q117087184,,52.5510847,13.4228782
12382170992,der denker,statue,sabina grzimek,garnisonkirchplatz,0101,11001001,10178,bronze,,file:skulpturengruppe sieben gesten des aufrechten ganges sabina grzimek garnisonkirchplatz berlin 02.jpg,,category:sieben gesten des aufrechten ganges (garnisonkirchplatz),52.5220282,13.4019476
12384212157,berliner bär,statue,günter anlauf,a 111,1204,11012012,13503,aluminium,1983,file:a 111 (berlin-heiligensee).jpg,Q61767623,category:berliner meilenstein & bärenskulptur (berlin-heiligensee),52.627946,13.2416804
12384340476,polytechnisches wissen,sculpture,friedrich b. henkel,singerstraße,0201,11002002,10243,bronze,,file:skulptur singerstr 87 (frhai) polytechnisches wissen&friedrich berhard henkel&1969.jpg,Q110404146,category:polytechnisches wissen (friedrich b. henkel),52.5154992,13.4303972
12384470127,,mural,,potsdamer straße,0701,11007007,10783,,,,,,52.4956054,13.3614569
12420834185,frosch,sculpture,,gitschiner straße,0202,11002002,10969,ceramic,,,,,52.4984428,13.4060987
12459761793,skulptur zum durchschreiten,sculpture,barna von sartory,schwedenstraße,0106,11001001,13359,steel,1967,file:gesundbrunnen skulptur zum durchschreiten-002.jpg,Q117469489,category:skulptur zum durchschreiten (barna von sartory),52.5572062,13.373567
12468528409,lupo,sculpture,peter wächtler,argentinische allee,0604,11006006,14163,bronze,,,,,52.4422033,13.2382522
12468528410,orso,sculpture,peter wächtler,argentinische allee,0604,11006006,14163,bronze,,,,,52.4421547,13.2381486
12533795997,,mural,,waldowallee,1102,11011011,10318,,,https://commons.wikimedia.org/wiki/file:wandmalerei_waldowallee_15_(karlh)_hannes_hegen.jpg,Q1224592,,52.489365,13.528883
12609923344,,sculpture,,halemweg,0406,11004004,13627,,,,,,52.5359867,13.2859459
12610111319,,installation,,haeftenzeile,0406,11004004,13627,metal,,,,,52.5366572,13.2825916
12615254335,,sculpture,,onkel-bräsig-straße,0802,11008008,12359,metal,,,,,52.4483494,13.4442107
12620046129,,statue,,weinbergsweg,0101,11001001,10119,,,,,,52.5319204,13.4014827
12620046130,,statue,,weinbergsweg,0101,11001001,10119,,,,,file:weinbergspark-schwestern-sammler-2024.jpg,52.5316443,13.4019743
12630496083,wegzeichen,sculpture,manfred hodapp,grunewaldstraße,0701,11007007,10823,steel,,,Q110576384,file:wegzeichen 20140704 4.jpg,52.4904664,13.3575621
12652170744,ikarus,sculpture,georg seibert,hohenzollerndamm,0402,11004004,10713,,,,,,52.4895581,13.3114093
12652183577,sich entfaltende form ii,sculpture,erich f. reuter,mecklenburgische straße,0402,11004004,14197,bronze,,,,,52.4745094,13.3024373
12652183578,blauer mann,sculpture,josef lang,mecklenburgische straße,0402,11004004,14197,wood,,,,,52.4758013,13.3049036
12660396629,lok 2000,sculpture,achim kühn,am borsigturm,1202,11012012,13507,metal,,,Q133271989,,52.5825948,13.2889137
12663426204,diadéo trésor,sculpture,kandis friesen,jerusalemer straße,0101,11001001,10117,stone,,,,,52.5104553,13.3982961
12724311201,kenntnisreich,,,nollendorfstraße,0701,11007007,10777,,,,,,52.4977816,13.3526543
12728282822,skulpturenensemble,sculpture,volker bartsch,darßer straße,1109,11011011,13051,stone,,file:skulpturenensemble 1995 volker bartsch jane-addams-schule berlin-neu-hohenschönhausen.jpg,Q133814641,category:skulpturenensemble (volker bartsch),52.5644342,13.4949906
12729223345,,mural,,treskowallee,1102,11011011,10318,stone,,,,,52.4902361,13.5272054
12750948572,kabeltrommel,,,eichenplatz,0802,11008008,12349,wood,,,,,52.4267213,13.4284364
12759102001,,mural,,kirchgasse,0801,11008008,12043,,,,,,52.4783469,13.4409652
12770351587,penthesilea,statue,josef thorak,levetzowstraße,0102,11001001,10555,,,file:skulptur penthesilea josef thorak levetzostraße berlin 01.jpg,Q134860227,category:penthesilea (josef thorak),52.5220383,13.3313784
12772609173,,,,sonnenburger straße,0301,11003003,10437,,,,,,52.5480655,13.407035
12787853227,,mural,,strelitzer straße,0101,11001001,10115,,,,,,52.5373001,13.3937431
12802034085,,,,bornsdorfer straße,0801,11008008,12053,,,,,,52.4771149,13.4368488
12802068505,,,,bornsdorfer straße,0801,11008008,12053,,,,,,52.4771186,13.4368886
12805914679,,sculpture,,straße des 17. juni,0401,11004004,10623,,,,,,52.5133861,13.3263141
12809719505,zwei steine mit italienischer inschrift,sculpture,"adriana rupp, katharina menke",kuckuck,0802,11008008,12349,marble,2010,,,,52.4305728,13.4216803
12809719506,mann mit dicken armen,sculpture,unknown,umweltbildungsfläche,0802,11008008,12349,limestone,2002,,,,52.4292255,13.4281088
12816899323,,statue,,altensteinstraße,0605,11006006,14195,,,,,,52.456247,13.2992587
12817421388,,,,königin-luise-platz,0602,11006006,14195,,,,,,52.458261,13.3040703
12826284708,kosmischer kreis,installation,wigand witting,umweltbildungsfläche,0802,11008008,12349,sandstone,1985,,Q116291666,,52.4284954,13.4276664
12826284709,tor,sculpture,thomas reifferscheid,südweg,0802,11008008,12349,gray green marble,2002,,,,52.4333262,13.4118606
12826284710,corten-stahl-säule,sculpture,odious (künstlergruppe),am irissee,0802,11008008,12349,corten steel,2000,,,,52.4344632,13.4128705
12826284712,steinhaus mit seelenloch,sculpture,hannsjörg voth,rhizomatische brücke,0802,11008008,12349,dolomite,1983,,Q135012772,,52.4336375,13.4179604
12827179757,ginkgo biloba,plaque,ben wargin,maiglöckchen,0802,11008008,12349,bronze,1989,,,,52.4299893,13.4223881
12827179767,große sitzwindharfe,installation,jutta kelm,hochtristenweg,0802,11008008,12349,steel,2016,,,,52.436004,13.4148833
12827179768,mensch-tier-pflanze,installation,felicitas butt,am römersgrün,0802,11008008,12347,steel; glass,2025,,Q116272050,,52.4379932,13.4226778
12836949183,chile,sculpture,ingeborg hunzinger,pablo-neruda-straße,0910,11009009,12559,sandstone,1989,,,,52.4428028,13.5887671
12836949184,fußball,sculpture,,birkenstraße,0910,11009009,12559,,,,,,52.4462375,13.6016262
12836949186,agitator,sculpture,senta baldamus,birkenstraße,0910,11009009,12559,bronze,1967,,,,52.4466302,13.6019145
12839666271,schildkröte,sculpture,reinhold ansorg,peter-hille-straße,0911,11009009,12587,artificial stone,1968,,,,52.4545624,13.6203979
12840380317,plastisches ensemble,installation,"jürgen köhler, christoph meyer",luisenstraße,0910,11009009,12557,"bronze, concrete",1991,,Q135297564,,52.440652,13.5776902
12840380319,,statue,hans-peter goettsche,strandschloßweg,0910,11009009,12559,bronze,1983,,,,52.4390446,13.6057142
12841539298,glaube und liebe,relief,unknown,schloßhof,0910,11009009,12557,sandstone,,,,,52.4438427,13.5728472
12842646754,balance iii,installation,achim kühn,glienicker weg,0907,11009009,12489,steel,1986,,,,52.4328954,13.5571051
12843122734,kabeltrommel,,,eichenplatz,0802,11008008,12349,wood,,,,,52.4267058,13.4284709
12843164640,,,,umweltbildungsfläche,0802,11008008,12349,,,,,,52.427413,13.4282375
12843894695,sculpturepopulaire,sculpture,,unter den linden,0101,11001001,10117,,,,Q119009603,file:skulptur techo statue (turquoise) bunny rogers sculpturepopulaire palaispopulaire berlin-mitte.jpg,52.5169559,13.3959114
12847340408,drei frauen,sculpture,karl blümel,dorfplatz,0908,11009009,12526,,1987,,,,52.3993471,13.5546437
12848593368,architekten,relief,karl felzmann,engelhardstraße,0904,11009009,12487,concrete,1954,,,,52.4477575,13.5111386
12848593369,plattenbau,relief,karl felzmann,engelhardstraße,0904,11009009,12487,concrete,1954,,,,52.4479224,13.5110872
12848593370,ponyhengst,sculpture,heinrich drake,sterndamm,0904,11009009,12487,"bronze, concrete",1961,,,,52.4405482,13.4979126
12848922765,traumpferd,sculpture,jenny wiegmann mucchi,wattstraße,0909,11009009,12459,bronze,1961,,,,52.46824,13.5083137
12848922766,maria mit kind,sculpture,unknown,antoniuskirchstraße,0909,11009009,12459,concrete; clinker; steel,unknown,,,,52.4655666,13.5156066
12849156633,pflanzerin,statue,rené graetz,hänselstraße,0903,11009009,12437,bronze,1965,,,,52.4693519,13.4785302
12849156634,lesender arbeiter,statue,ludwig engelhardt,hänselstraße,0903,11009009,12437,bronze,1963,,,,52.4688261,13.47822
12849156637,zwei putten mit körben,sculpture,unknown,ludwig-klapp-straße,0903,11009009,12437,concrete,1927,,,,52.467841,13.48804
12849156638,merkur,sculpture,walter kreußel,baumschulenstraße,0903,11009009,12437,limestone,1927,,,,52.4661437,13.4874809
12853190834,seelöwen,sculpture,wenske gorch,dammweg,0902,11009009,12437,sandstone; granite,1973,,,,52.4813108,13.4892067
12854251175,archimedes,statue,gerhard thieme,puschkinallee,0901,11009009,12435,bronze,1969,,Q111008834,file:gerhard thieme archimedes.jpg,52.4866852,13.4751869
12854251176,sonnenuhr,installation,karl bergmann,puschkinallee,0901,11009009,12435,iron,1960s,,,,52.4864671,13.4752692
12854251177,volksgesang,sculpture,felix kupsch,klingerstraße,0902,11009009,12435,limestone,1924,,,,52.482983,13.469615
12854251178,feierstunde,sculpture,felix kupsch,ludwig-richter-straße,0902,11009009,12435,limestone,1924,,,,52.48273,13.4700056
12856083429,familie,sculpture,günter schütz,waldstraße,0913,11009009,12527,,1988,,,,52.4238644,13.5709204
12857049191,,sculpture,,otto-dix-straße,0102,11001001,10557,,,,,,52.5256849,13.3617796
12860520396,,sculpture,,senftenberger straße,1005,11010010,12627,,,,,file:wandskulptur senftenberger straße 17 berlin-hellersdorf.jpg,52.5376495,13.599244
12860540873,die tanzenden,mural,christina allzeit,senftenberger straße,1005,11010010,12627,,1993,file:mural senftenberger straße 35-37 berlin-hellersdorf.jpg,Q134562341,category:mural senftenberger straße 35/37 (berlin-hellersdorf),52.5372526,13.5980027
12860540874,die tanzenden,mural,christina allzeit,senftenberger straße,1005,11010010,12627,,1993,file:mural senftenberger straße 35-37 berlin-hellersdorf.jpg,Q134562341,category:mural senftenberger straße 35/37 (berlin-hellersdorf),52.5372907,13.5981674
12860644293,zampern – sorbische volksbräuche,mural,günter rechn,cottbusser straße,1005,11010010,12627,,1985,,Q108756584,file:mosaik cottbusser str 23 (helld) wolfgang-amadeus-mozart-schule.jpg,52.5366121,13.596897
12861139808,bärengruppe,sculpture,"wurzer, poertzel, hertram",puschkinallee,0901,11009009,12435,stone,1972,,,,52.4937045,13.4586573
12861139809,bär mit ball,sculpture,"wurzer, poertzel, hertram",puschkinallee,0901,11009009,12435,stone,1972,,,,52.4938021,13.4585251
12861139812,entengruppe,sculpture,"wurzer, poertzel, hertram",puschkinallee,0901,11009009,12435,stone,1972,,,,52.4932957,13.4588956
12861139813,,sculpture,eberhard bachmann,orionstraße,0902,11009009,12435,stone,1986,,,,52.4794701,13.4802782
12861139815,welle,sculpture,unknown,heidekampgraben,0903,11009009,12437,,,,,,52.4650343,13.4789524
12861139816,gärtnerbursche,statue,karl-heinz schamal,rinkartstraße,0903,11009009,12437,bronze,1966,,,,52.4662939,13.4828564
12861139819,lesender jüngling,sculpture,gerhard thieme,sterndamm,0904,11009009,12487,"bronze, sandstone",1968,,,,52.4403984,13.4982175
12864060904,,sculpture,,hans-schomburgk-promenade,0105,11001001,13351,,,,,,52.5470867,13.3259699
12864922157,spree space act 02,installation,constructlab,wasserweg,0902,11009009,12435,,2024,,,,52.4864045,13.4841053
12864947111,re.use.um,installation,stefan shankland,kiehnwerderallee,0902,11009009,12437,,2022,,,,52.4833717,13.4938745
12866677270,,sculpture,,lichtweg,1202,11012012,13507,stone,,,,,52.5724383,13.2725358
12871070727,,sculpture,,rhinstraße,1001,11010010,12681,stone,,file:skulptur rhinstraße 86 berlin-marzahn 01.jpg,Q134598540,category:stone sculpture rhinstraße 86 (berlin-marzahn),52.5272301,13.5204409
12875112926,skulpturale giebel-linien,sculpture,odious,alte hellersdorfer straße,1005,11010010,12629,,1993,,Q134612163,file:skulptur skulpturale giebel-linien gruppe odious alte hellersdorfer straße 38 berlin-hellersdorf 03.jpg,52.5363616,13.5921419
12875112927,skulpturale giebel-linien,sculpture,odious,alte hellersdorfer straße,1005,11010010,12629,,1993,,Q134612158,file:skulptur skulpturale giebel-linien gruppe odious alte hellersdorfer straße 24 berlin-hellersdorf 02.jpg,52.5357273,13.5920877
12877058219,zwei zeichen für hellersdorf,sculpture,gisela genthner,hellersdorfer straße,1005,11010010,12627,,1994,,Q134620666,file:skulptur zwei zeichen für hellersdorf gisela genthner hellersdorfer straße 203 berlin-hellersdorf.jpg,52.535213,13.597714
12877058220,zwei zeichen für hellersdorf,sculpture,gisela genthner,hellersdorfer straße,1005,11010010,12627,,1994,,Q134620665,file:skulptur zwei zeichen für hellersdorf gisela genthner hellersdorfer straße 215 berlin-hellersdorf.jpg,52.53559,13.5991656
12877635070,,sculpture,,zossener straße,1005,11010010,12629,sandstone,,,Q134622510,file:skulptur zossener straße michendorfer straße berlin-hellersdorf 02.jpg,52.5451396,13.587352
12894996786,spree space act 01,installation,constructlab,kiehnwerderallee,0902,11009009,12437,,2023,,,,52.482262,13.4939629
12899661834,weiblicher akt,statue,robert metzkes,königsheideweg,0903,11009009,12437,bronze,1881,,,,52.4558631,13.4756476
12899661835,stehende barbara,statue,werner richter,königsheideweg,0903,11009009,12437,bronze,1975,,,,52.4550241,13.476098
12899661836,schlafende,sculpture,marguerite blume-cárdenas,königsheideweg,0903,11009009,12437,sandstone,1983,,,,52.454798,13.4760181
12899661837,komposition mit rehen,installation,iwan neschev,späthstraße,0903,11009009,12437,copper,1966,,,,52.4552393,13.4747903
12899661838,der gießer,statue,hedwig jaenichen-woermann,königsheideweg,0903,11009009,12437,bronze,1964,,,,52.4554668,13.4764208
12901757701,,sculpture,,schönwalder allee,0507,11005005,13587,wood,,,,,52.5691061,13.1897728
12901821082,,stone,,weg 3,0404,11004004,14193,stone,,,,,52.4891191,13.2516398
12901828056,,stone,,weg 3,0404,11004004,14193,stone,,,,,52.4890918,13.2517537
12908209084,,statue,,schönstraße,0302,11003003,13086,stone,,,Q134930925,file:skulptur putto schönstraße 36 berlin-weißensee 05.jpg,52.5567948,13.4575099
12914372273,,sculpture,sergej alexander dott,obersteiner weg,0302,11003003,13086,,2007,,,file:skulptur sergej a. dott wohnanlage obersteiner weg berlin-weißensee 04.jpg,52.5607174,13.4498318
12914372274,,sculpture,sergej alexander dott,obersteiner weg,0302,11003003,13086,,2007,,,file:skulptur sergej a. dott wohnanlage obersteiner weg berlin-weißensee 05.jpg,52.5611134,13.4512091
12914372275,vogel-haus,installation,sergej alexander dott,gustav-adolf-straße,0302,11003003,13086,,2006,,Q134889313,file:tierfiguren wohnanlage obersteiner weg gustav-adolf-straße berlin-weißensee 02.jpg,52.5603204,13.4487598
12914372276,fisch-haus,installation,sergej alexander dott,gustav-adolf-straße,0302,11003003,13086,,2006,,Q134889975,file:tierfiguren wohnanlage obersteiner weg gustav-adolf-straße berlin-weißensee 03.jpg,52.5600712,13.4490521
12914372277,hasen-haus,installation,sergej alexander dott,obersteiner weg,0302,11003003,13086,,2006,,Q134888541,file:tierfiguren wohnanlage obersteiner weg gustav-adolf-straße berlin-weißensee 07.jpg,52.5611075,13.4505703
12914372278,schmetterlings-haus,installation,sergej alexander dott,obersteiner weg,0302,11003003,13086,,2006,,Q134892109,file:tierfiguren wohnanlage obersteiner weg gustav-adolf-straße berlin-weißensee 08.jpg,52.5609218,13.451006
12914372279,chaussee-haus,installation,sergej alexander dott,gustav-adolf-straße,0302,11003003,13086,,2006,,Q134892125,file:gustav-adolf-str obersteiner weg weißensee 110518 ama fec (45s).jpg,52.5610823,13.45142
12919195180,,stone,,wittestraße,1201,11012012,13509,,,,,,52.5772739,13.3079651
12919374293,,mural,,barther straße,1109,11011011,13051,,,,,file:mural strandmotiv barther straße 62 berlin-neu-hohenschönhausen 01.jpg,52.5665437,13.4941198
12921229972,junges paar,sculpture,rudolf hilscher,ostendgestell,0909,11009009,12459,bronze,1978,,,,52.4618721,13.5486567
12921848962,sitzender bär,sculpture,gerhard thieme,eichgestell,0909,11009009,12459,bronze,,,,,52.462336,13.5415596
12921848963,,,,eichgestell,0909,11009009,12459,steel,,,,,52.4623465,13.5415227
12925406278,,sculpture,,flatowallee,0405,11004004,14055,wood,,,,,52.5079904,13.2419704
12935275863,,sculpture,,willis-brücke,0309,11003003,13125,wood,,,,,52.6570135,13.4782386
12944701904,erzengel michael,statue,august kiß,engeldamm,0101,11001001,10179,,1852,file:sankt.michael.glockenturm.p1056520.jpg,Q126520981,"category:statue of saint michael (berlin, st. michael)",52.5069893,13.4191535
12945442925,putten,statue,gerhard bensch,am tierpark,1101,11011011,10319,sandstone,1956,,,,52.5034494,13.5241516
12945442926,putten,statue,gerhard bensch,am tierpark,1101,11011011,10319,sandstone,1956,,,,52.5034889,13.5243416
12945442928,tierfabeln,installation,walter sutkowski,richard-kolkwitz-weg,1101,11011011,10319,bronze,1964,,,,52.499806,13.5293768
12945442929,kindergruppe mit fisch,sculpture,walter lerche,richard-kolkwitz-weg,1101,11011011,10319,bronze,1957,,,,52.4998664,13.5299958
12945442930,knabe,sculpture,margit schötschel-gabriel,alfred-kowalke-straße,1101,11011011,10315,bronze,1980,,,,52.5056434,13.5260621
12945442940,buckelzirpe,statue,klaus tilke,alfred-kowalke-straße,1101,11011011,10315,terracotta,1966,,,,52.5045774,13.5286218
12945442941,löwe mit wappen,statue,unknown,richard-kolkwitz-weg,1101,11011011,10319,sandstone,1871-1914,,,,52.5001913,13.5343512
12946111803,,sculpture,,alter bernauer heerweg,0309,11003003,13125,stone,,,,,52.6629819,13.482886
12946117753,pfeil,sculpture,klaus schitthelm,hobrechtsfelder chaussee,0309,11003003,13125,,,,,,52.6606308,13.4838412
12946120846,,sculpture,,hobrechtsfelder dorfstraße,0309,11003003,16341,stone,,,,,52.6620869,13.4845646
12946120847,,sculpture,,hobrechtsfelder dorfstraße,0309,11003003,13125,stone,,,,,52.6618972,13.484383
12946135820,"""besiedelt""",sculpture,jutta schölzl,hobrechtsfelder chaussee,0309,11003003,13125,,,,,,52.6584801,13.4833614
12946144347,,sculpture,,hobrechtsfelder chaussee,0309,11003003,13125,stone,,,,,52.6578183,13.4869858
12946144353,,sculpture,,hobrechtsfelder chaussee,0309,11003003,13125,stone,,,,,52.6576679,13.4869325
12946144354,,sculpture,,hobrechtsfelder chaussee,0309,11003003,13125,stone,,,,,52.6576389,13.4869838
12946144355,,sculpture,,hobrechtsfelder chaussee,0309,11003003,13125,stone,,,,,52.657464,13.4864317
12946144356,,sculpture,,hobrechtsfelder chaussee,0309,11003003,13125,stone,,,,,52.6572986,13.4864936
12946144357,,sculpture,,hobrechtsfelder chaussee,0309,11003003,13125,stone,,,,,52.6571436,13.486591
12946596688,,sculpture,,anna-nemitz-weg,0805,11008008,12353,steel,,file:skulptur anna-nemitz-weg (grops) abstrakte plastik&demetros anastasatos&1971.jpg,Q115866905,category:abstrakte plastik (demetros anastasatos),52.4276577,13.4525396
12950280528,öffnung flora,sculpture,uli mathes,peter-weiss-gasse,1005,11010010,12627,sandstone,2000,,Q108535367,file:skulptur peter-weiss-gasse 1 (helld) öffnung flora&uli mathes&2000.jpg,52.5372409,13.6056313
12951553526,caritas,sculpture,demetros anastasatos,lübecker straße,0102,11001001,10559,metal,,,Q135082117,file:relief lübecker str 6 (moabit) caritas&demetros anastasatos&1964.jpg,52.5277054,13.345556
12959527130,hänschenklein,sculpture,"wurzer, poertzel, hertram",puschkinallee,0901,11009009,12435,stone,1972,,,,52.4934737,13.4583354
12959527131,jugend,sculpture,jorgos iliopolos,puschkinallee,0901,11009009,12435,limestone,1975,,,,52.4933778,13.4558834
12959574525,,,,ziegrastraße,0801,11008008,12057,,,,,,52.4739378,13.4582119
12961510591,,sculpture,dietrich klakow,königstraße,0604,11006006,14163,steel,,,Q115769286,file:stele königstr 5 (zehld) &dietrich klakow&1971.jpg,52.4341777,13.2541702
12961570196,,sculpture,dietrich klakow,lauenburger straße,0601,11006006,12169,steel,,file:skulptur lauenburger str 110 (stegl) biochemischer vorgang&dietrich klakow&1975.jpg,Q115769391,category:biochemischer vorgang (dietrich klakow),52.4529758,13.3360164
12969155817,,sculpture,,altonaer straße,0104,11001001,10557,stone,,,,,52.5152164,13.3467276
12985532201,drehende kugeln,sculpture,gerhard mantz,hofzeichendamm,0305,11003003,13125,steel,1996,file:skulptur hofzeichendamm (karow) drehende kugeln&gerhard mantz&19962.jpg,Q118187976,category:drehende kugeln (gerhard mantz),52.6141783,13.4897903
12985740102,gläsernes kunstwerk,,,hausvogteiplatz,0101,11001001,10117,,,,,,52.5130846,13.3959962
12994925292,,,,versammlungsplatz,0802,11008008,12349,,,,,,52.4274391,13.4288236
12997686755,,mural,,bernburger straße,0202,11002002,10963,,,,,,52.504716,13.3805413
13009679241,,,,laufstrecke 1100m,0102,11001001,10557,,,,,,52.5284717,13.3571379
13011270853,,installation,,bornsdorfer straße,0801,11008008,12053,,,,,,52.4750449,13.4373692
13013882789,,installation,,amtsstraße,0910,11009009,12555,brick,,,,,52.4441059,13.5788814
13021631454,,bust,,arnimallee,0605,11006006,14195,stone,,,,,52.4565025,13.2986071
13021631455,,bust,,arnimallee,0605,11006006,14195,stone,,,,,52.456214,13.2986549
13026093472,,sculpture,,stralauer allee,0201,11002002,10245,,,,,,52.5024592,13.4489721
13031018027,,statue,,nördlicher uferweg,0607,11006006,14109,stone,,,,,52.430995,13.1200996
13031018028,,,,nördlicher uferweg,0607,11006006,14109,,,,,,52.430827,13.1197062
13033912274,,statue,,karlplatz,0101,11001001,10117,,,,,,52.5226847,13.3793766
13039637749,pm 20,mural,rabi,bötzowstraße,0301,11003003,10407,,2023,,Q135527852,file:mural one wall rabi bötzowstraße 53 berlin-prenzlauer berg.jpg,52.5339852,13.4368842
13042902057,hockendes mädchen,statue,marguerite blume-cárdenas,hauptweg,0301,11003003,10407,sandstone,,file:skulptur kniprodestr 62 (prenz) hockendes mädchen&marguerite blume-cardenas&1978.jpg,Q110078121,category:hockendes mädchen (marguérite blume-cardenàs),52.5412927,13.4565767
13049087633,rollerkinder,statue,stephan horota,gustav-adolf-straße,0302,11003003,13086,bronze,,file:denkmal hamburger platz (weiß) rollerkinder.jpg,Q110997681,category:rollerkinder by stefan horota (berlin),52.5559046,13.4392045
13057790219,triton,statue,hans schellhorn,große seestraße,0302,11003003,13086,stone,1912,file:uferterrasse mit tritonen im park am weißen see in berlin-weißensee 0192.jpg,Q117306789,category:zwei tritonen (hans schellhorn),52.5553744,13.4619645
13057790220,triton,statue,hans schellhorn,große seestraße,0302,11003003,13086,stone,1912,file:uferterrasse mit tritonen im park am weißen see in berlin-weißensee 0190.jpg,Q117306789,category:zwei tritonen (hans schellhorn),52.5553111,13.461759
13057911045,,statue,,große seestraße,0302,11003003,13086,,,file:skulptur robben spielplatz park am weißen see berlin-weißensee 01.jpg,,category:two seals at park am weißen see (berlin-weißensee),52.5555628,13.4616003
13057911046,,statue,,große seestraße,0302,11003003,13086,,,file:skulptur robben spielplatz park am weißen see berlin-weißensee 03.jpg,,category:two seals at park am weißen see (berlin-weißensee),52.5555386,13.4615614
13059587929,,mural,gertraude pohl,oderbruchstraße,0301,11003003,10407,,1981,,Q135678430,file:wandmalerei gertraude pohl oderbruchstraße 5 berlin-prenzlauer berg.jpg,52.5299367,13.4607198
13059633032,,sculpture,,dammweg,0902,11009009,12437,,,,,,52.4811021,13.4890471
13059635070,,sculpture,,dammweg,0902,11009009,12437,,,,,,52.4812479,13.4895951
13062122234,affen im dschungel,sculpture,astrid dannegger,allee der kosmonauten,1001,11010010,12681,,1981-07-01,file:relief allee der kosmonauten 147 (marza) affen im dschungel&astrid dannegger&1981.jpg,Q108546107,category:affen im dschungel (astrid dannegger),52.5332214,13.5486858
13063151638,,land_art,,klara-weyl-straße,1103,11011011,10365,,,,,,52.5215933,13.5064947
13063511601,,sculpture,,alte jakobstraße,0202,11002002,10969,,,,,,52.503786,13.3988075
13070823575,sonnenuhr,installation,unknown,platz am spreetunnel,0901,11009009,12435,rock; stainless steel,1970,,,,52.4887587,13.4757895
13074073208,graukraniche,statue,gottfried kohl,enckevortweg,1101,11011011,10319,,1972,,,,52.5026162,13.5271485
13074073209,zahnspinnerraupe,statue,klaus tilke,alfred-kowalke-straße,1101,11011011,10315,terracotta,196§,,,,52.5047567,13.5284534
13074430512,adam,statue,walter lerche,am tierpark,1101,11011011,10319,sandstone,1955,,,,52.504501,13.5241657
13074430513,gazellen,statue,walter sutkowski,am tierpark,1101,11011011,10319,bronze,1956,,,,52.5043309,13.5228391
13074430514,gazellen,statue,walter sutkowski,am tierpark,1101,11011011,10319,bronze,1956,,,,52.5043978,13.5228077
13074430516,känguru,statue,erwin damerow,gensinger straße,1101,11011011,10319,artificial stone,1964,,,,52.5041388,13.529189
13074430526,fuchs,statue,stephan horota,enckevortweg,1101,11011011,10319,bronze,1966,,,,52.5020024,13.5302259
13074430527,wildschwein,statue,klaus tilke,enckevortweg,1101,11011011,10319,terracotta,1957,,,,52.5025056,13.528035
13074430532,panther,statue,erich oehme,richard-kolkwitz-weg,1101,11011011,10319,bronze,1958,,,,52.4996942,13.5335282
13074430533,kronenhirsch,statue,johann darsow,richard-kolkwitz-weg,1101,11011011,10319,bronze,1936,,,,52.499825,13.5317297
13074430538,sechs liegende elefanten,sculpture,unknown,richard-kolkwitz-weg,1101,11011011,10319,stone,,,,,52.5000511,13.5317056
13074430539,sechs liegende elefanten,sculpture,unknown,richard-kolkwitz-weg,1101,11011011,10319,stone,,,,,52.5000377,13.5316895
13074430540,sechs liegende elefanten,sculpture,unknown,richard-kolkwitz-weg,1101,11011011,10319,stone,,,,,52.4999781,13.5315654
13074430541,sechs liegende elefanten,sculpture,unknown,richard-kolkwitz-weg,1101,11011011,10319,stone,,,,,52.4999719,13.5315366
13074430542,sechs liegende elefanten,sculpture,unknown,am tierpark,1101,11011011,10319,stone,,,,,52.4999609,13.5313817
13074430543,sechs liegende elefanten,sculpture,unknown,am tierpark,1101,11011011,10319,stone,,,,,52.4999654,13.5313502
13076121342,bube mit zickel,statue,walter lerche,am tierpark,1101,11011011,10319,artificial stone,1956,,,,52.4995757,13.5286922
13076121343,karl foerster,bust,senta baldamus,alfred-kowalke-straße,1101,11011011,10315,bronze,1961,,,,52.5055796,13.526531
13076121344,carl von linné,bust,senta baldamus,alfred-kowalke-straße,1101,11011011,10315,bronze,1994,,Q111630171,,52.5049664,13.5245138
13076121345,urania,statue,carl philipp glume,am tierpark,1101,11011011,10319,sandstone,1989,,,,52.5063829,13.5229979
13076121346,vase mit blüten- und blattschmuck,sculpture,unknown,am tierpark,1101,11011011,10319,sandstone,1987..1990,,,,52.5049454,13.5235158
13076121347,vase mit blüten- und blattschmuck,sculpture,unknown,am tierpark,1101,11011011,10319,sandstone,1987..1990,,,,52.5049204,13.5233877
13076121348,vase mit blüten- und blattschmuck,sculpture,unknown,am tierpark,1101,11011011,10319,sandstone,1987..1990,,,,52.5060669,13.5228991
13076121349,vase mit blüten- und blattschmuck,sculpture,unknown,am tierpark,1101,11011011,10319,sandstone,1987..1990,,,,52.5060398,13.522771
13076121350,putte-der choleriker,statue,gottfried knöffler,am tierpark,1101,11011011,10319,sandstone,1987,,,,52.5056647,13.5229798
13076121351,putte-der sanguiniker,statue,gottfried knöffler,am tierpark,1101,11011011,10319,sandstone,1987,,,,52.5056913,13.5231079
13076121352,putte-der melancholiker,statue,gottfried knöffler,am tierpark,1101,11011011,10319,sandstone,1987,,,,52.5057491,13.5230713
13076121353,putte-der phlegmatiker,statue,gottfried knöffler,am tierpark,1101,11011011,10319,sandstone,1987,,,,52.5057228,13.5229459
13076121354,putte frühling-allegorie,statue,s. giebe,am tierpark,1101,11011011,10319,sandstone,1988,,,,52.5053249,13.5233091
13076121355,putte sommer-allegorie,statue,stephan schötschel,am tierpark,1101,11011011,10319,sandstone,1988,,,,52.5052975,13.5231826
13076121356,putte winter-allegorie,statue,burkhard bluhm,am tierpark,1101,11011011,10319,sandstone,1988,,,,52.5052402,13.5232106
13076121357,putte herbst-allegorie,statue,henry sawade,am tierpark,1101,11011011,10319,sandstone,1988,,,,52.5052666,13.5233399
13087297067,radschlagender pfau,sculpture,rudolf hilscher,alfred-kowalke-straße,1101,11011011,10315,bronze; glass,1983,,,,52.5062077,13.5262724
13087297068,bocksvase,sculpture,friedrich christian glume,am tierpark,1101,11011011,10319,sandstone,1956,,,,52.5039649,13.521432
13087297069,bocksvase,sculpture,friedrich christian glume,am tierpark,1101,11011011,10319,sandstone,1956,,,,52.5040104,13.5216579
13087297070,ziegen,statue,walter lerche,am tierpark,1101,11011011,10319,concrete,1956,,,,52.4994938,13.5285243
13087297075,fish,statue,edward chiwawa,am tierpark,1101,11011011,10319,stone,2014,,,,52.5029133,13.5299948
13087297076,giraffe,statue,sidney majengwa,gensinger straße,1101,11011011,10319,,2015,,,,52.5037571,13.5296183
13087297077,owl,sculpture,juju tembo,am tierpark,1101,11011011,10319,stone,2015,,,,52.5041012,13.5234056
13087297078,pelican,sculpture,tago tazvitya,enckevortweg,1101,11011011,10319,stone,2015,,,,52.5030552,13.5245458
13087297079,bird,statue,turai rukodzi,enckevortweg,1101,11011011,10319,stone,2016,,,,52.5019302,13.5251554
13087297080,elegant birds,statue,cosmos chingondi,enckevortweg,1101,11011011,10319,stone,2013,,,,52.5007627,13.5257879
13087297081,pelican family,statue,tawanda kapusi,am tierpark,1101,11011011,10319,stone,2016,,,,52.4993402,13.526558
13087483727,formengruppe,sculpture,alfred paul trenkel,goebelplatz,0406,11004004,13627,stone,,,,,52.5385622,13.2804745
13102373727,,sculpture,veronika hansen;gesine storck,bernkasteler straße,0302,11003003,13088,marble,,,Q116161479,file:skulptur steinquader veronika hansen gesine storck berlin-weißensee 01.jpg,52.5567023,13.470465
13102379788,,sculpture,wolfgang frankenstein,hansastraße,0302,11003003,13088,metal,,,Q135712611,file:skulptur sportler-aufmarsch wolfgang frankenstein sporthalle hansastraße berlin-weißensee 02.jpg,52.556757,13.4882678
13102379789,,sculpture,wolfgang frankenstein,hansastraße,0302,11003003,13088,metal,,,Q135712611,file:skulptur sportler-aufmarsch wolfgang frankenstein sporthalle hansastraße berlin-weißensee 04.jpg,52.5570865,13.4891835
13120886573,four parts of a cube,sculpture,ewerdt hilgemann,ebersstraße,0701,11007007,10827,steel,2016,,Q136100451,,52.4825459,13.3574933
13127609721,,sculpture,,hegemeisterweg,0912,11009009,12589,wood,,,,,52.4509013,13.6913612
13135941240,,sculpture,,adlergestell,0907,11009009,12489,metal,,,,,52.4274573,13.5535825
13138114982,,statue,,,0101,11001001,,,,,,,52.5118118,13.4038744
13140626953,anna elisabeth louise,bust,,spreeweg,0104,11001001,10557,marble,,,,,52.517222,13.3512069
13140626954,,bust,,bellevue-ufer,0104,11001001,10557,marble,,,,,52.5173014,13.3511535
13142891089,,sculpture,,gounodstraße,0302,11003003,13088,,,,,,52.5485522,13.4667257
13152260955,große stele ii,sculpture,rainer kriester,kaiserin-augusta-allee,0102,11001001,10553,concrete,,,,,52.5250482,13.3216408
13153415131,,mural,,hauptstraße,0701,11007007,10827,,,,,,52.4859577,13.3544254
13155212843,fußballer,sculpture,michael schönholtz,behmstraße,0106,11001001,13357,bronze,,,Q112678707,file:skulptur fußballer michael schoenholtz behmstraße berlin-gesundbrunnen.jpg,52.5503266,13.3939297
13167028932,,mural,,hildegard-jadamowitz-straße,0201,11002002,10243,,,,,,52.5154636,13.4513475
13175126154,,sculpture,erich f. reuter,kurfürstendamm,0401,11004004,10719,aluminium,,file:skulptur fassadenrelief kurfürstendamm 44 erich f. reuter berlin-charlottenburg 02.jpg,Q130627109,category:facade relief kurfürstendamm 44 (erich f. reuter),52.501977,13.3202353
13175126550,fasan,sculpture,bertold grether,fasanenstraße,0402,11004004,10719,,2019-01,file:skulptur fasan bertold grether fasanenstraße 65 berlin-wilmersdorf 02.jpg,Q136386228,category:pheasant sculpture (bertold grether),52.4998133,13.3272156
13176869529,element wasser fee und leo,sculpture,yoshimi haschimoto,bundesallee,0402,11004004,10719,stone,,file:skulptur element wasser fee und leo yoshimi haschimoto bundesallee 1-12 berlin-wilmersdorf.jpg,Q136393974,category:element wasser fee und leo (yoshimi hashimoto),52.4991049,13.3303171
13178978978,,statue,,mendelssohnstraße,0301,11003003,10405,stone,,,,,52.5276454,13.420319
13180463907,äskulap,sculpture,volkmar haase,kaiserstraße,0704,11007007,12105,steel,,,Q110929989,file:brunnen rathausstr 27 (mardf) brunnen.jpg,52.4455983,13.3791281
13183659876,springendes pferd,statue,joachim dunkel,moritzstraße,0501,11005005,13597,bronze,1965,file:skulptur moritzstr 10 (spand) springendes pferd&joachim dunkel&1965.jpg,Q116474268,category:springendes pferd (joachim dunkel),52.5388372,13.20044
13184656638,,sculpture,karl-august hahn,grimmstraße,0706,11007007,12305,metal,,,Q136407846,file:annedore-leber-grundschule 20140503 90.jpg,52.3975036,13.4015882
13188227827,,mural,,liebigstraße,0201,11002002,10247,,,,,,52.5168865,13.4556922
13197999895,,sculpture,,otto-dix-straße,0102,11001001,10557,,,,Q116692472,,52.5250602,13.3593721
13198107179,herz der hoffnung,stone,,bernauer straße,0106,11001001,13355,,,,,,52.5352542,13.3879191
13200761676,araberjährling,statue,hans-joachim ihle,dröpkeweg,0803,11008008,12353,bronze,,file:skulptur dröpkeweg 6 (buck) zwei füllen&hans joachim ihle&19745.jpg,Q136450881,"category:araberjährling trabend (hans-joachim ihle, berlin-buckow)",52.4202689,13.4467972
13200761677,araberjährling,statue,hans-joachim ihle,dröpkeweg,0803,11008008,12353,bronze,,file:skulptur dröpkeweg 6 (buck) zwei füllen&hans-joachim ihle&1974.jpg,Q136450908,"category:araberjährling galoppierend (hans-joachim ihle, berlin-buckow)",52.4202314,13.4468114
13201305567,schrippe,stone,,bernauer straße,0106,11001001,13355,,,,,,52.5357087,13.3892921
13206680770,,installation,,bornsdorfer straße,0801,11008008,12053,,,,,,52.4750536,13.4371127
13227622867,,statue,,gleditschstraße,0701,11007007,10781,,,,,,52.4959342,13.3555847
13244317353,der steinhändler,sculpture,alexander polzin,hadlichstraße,0307,11003003,13187,granite,,,,,52.5684356,13.4121396
13254184467,kleist-museum,sculpture,,an der wuhlheide,0909,11009009,12459,,,,,,52.4673822,13.5272584
13254184468,brandenburger tor,sculpture,,an der wuhlheide,0909,11009009,12459,,,,,,52.4676229,13.5278896
13254184469,burg rabenstein,sculpture,,an der wuhlheide,0909,11009009,12459,,,,,,52.4681157,13.5275953
13254184470,steintorturm,sculpture,,an der wuhlheide,0909,11009009,12459,,,,,,52.4681224,13.5278509
13254184471,siegessäule,sculpture,,an der wuhlheide,0909,11009009,12459,,,,,,52.4676801,13.5279534
13254184472,gatower mühle,sculpture,,an der wuhlheide,0909,11009009,12459,,,,,,52.4677863,13.5281219
13254184473,wehrkirche & kampehler schloss,sculpture,,an der wuhlheide,0909,11009009,12459,,,,,,52.4674729,13.5284277
13254184474,stiftskirche,sculpture,,an der wuhlheide,0909,11009009,12459,,,,,,52.4677229,13.5281915
13254184475,st. nikolai-kirche,sculpture,,an der wuhlheide,0909,11009009,12459,,,,,,52.467543,13.5281853
13254184476,kyritz,sculpture,,an der wuhlheide,0909,11009009,12459,,,,,,52.4675026,13.5283849
13254184477,uhrenturm wittenberge,sculpture,,an der wuhlheide,0909,11009009,12459,,,,,,52.4674194,13.5286555
13254184478,dorfkate,sculpture,,an der wuhlheide,0909,11009009,12459,,,,,,52.4673524,13.5277375
13254184479,mies van der rohe haus,sculpture,,an der wuhlheide,0909,11009009,12459,,,,,,52.4673574,13.5277806
13254184480,dannenwald/zehdenick,sculpture,,an der wuhlheide,0909,11009009,12459,,,,,,52.4671966,13.5280237
13254184481,borsigturm & borsigtor,sculpture,,an der wuhlheide,0909,11009009,12459,,,,,,52.467426,13.5279805
13254184482,kulturkirche,sculpture,,an der wuhlheide,0909,11009009,12459,,,,,,52.4673639,13.5281507
13254184483,sechserbrücke,sculpture,,an der wuhlheide,0909,11009009,12459,,,,,,52.46755,13.5280944
13254184484,schinkelkirche,sculpture,,an der wuhlheide,0909,11009009,12459,,,,,,52.4673843,13.5283571
13254184485,hi-flyer ballon,sculpture,,an der wuhlheide,0909,11009009,12459,,,,,,52.467675,13.5276999
13254184486,dorfkirche fretzdorf,sculpture,,an der wuhlheide,0909,11009009,12459,,,,,,52.4673086,13.528437
13254184487,wittstock / dosse & umgebung,sculpture,,an der wuhlheide,0909,11009009,12459,,,,,,52.467261,13.5285698
13254184488,fachwerkkirche kreuzburg,sculpture,,an der wuhlheide,0909,11009009,12459,,,,,,52.4673787,13.528593
13254184489,neue kommandatur,sculpture,,an der wuhlheide,0909,11009009,12459,,,,,,52.4675837,13.5278273
13254184490,rathaus lichtenberg,sculpture,,an der wuhlheide,0909,11009009,12459,,,,,,52.4674393,13.527584
13254184491,archenhold sternwarte,sculpture,,an der wuhlheide,0909,11009009,12459,,,,,,52.4675861,13.5276737
13254184492,dorfkirche stralau,sculpture,,an der wuhlheide,0909,11009009,12459,,,,,,52.4675939,13.5276075
13254184493,kiezspinne fas,sculpture,,an der wuhlheide,0909,11009009,12459,,,,,,52.467535,13.5275339
13254184494,st.-laurentius-stadtkirche,sculpture,,an der wuhlheide,0909,11009009,12459,,,,,,52.4675722,13.52741
13254184495,neue wache,sculpture,,an der wuhlheide,0909,11009009,12459,,,,,,52.4675757,13.5278854
13254184496,schloss biesdorf,sculpture,,an der wuhlheide,0909,11009009,12459,,,,,,52.4674124,13.5274764
13254184497,museum kesselhaus,sculpture,,an der wuhlheide,0909,11009009,12459,,,,,,52.4673992,13.5275404
13258952844,begrüntes tor der handwerker,sculpture,peter de longueville,nonnendammallee,0502,11005005,13599,,1986,,Q136649726,file:skulptur nonnendammallee 141 (hasel) begrüntes tor der bauhandwerker&peter de longueville&1986.jpg,52.5389976,13.241822
13261093036,stehender jüngling,statue,lidy von lüttwitz,bad-steben-straße,1209,11012012,13437,stone,1954,file:statue eichborndamm 215 (wittn) stehender jüngling&lidy von lüttwitz&1954.jpg,Q110249747,category:stehender jüngling (lidy von lüttwitz),52.588944,13.324142
13275457389,,sculpture,georg wenzeslaus von knobelsdorff,rungestraße,0101,11001001,10179,sandstone,1971,file:skulptur köllnischer park berlin.jpg,Q116930684,category:vase (köllnischer park),52.5129497,13.4141741
13282645550,windspiel,sculpture,achim kühn,otto-marquardt-straße,1111,11011011,10369,metal,,file:skulptur windspiel achim kühn otto-marquardt-straße berlin-fennpfuhl 01.jpg,Q136705891,"category:windspiel (achim kühn, berlin-fennpfuhl)",52.5338408,13.4688293
13285806413,,sculpture,,am südpark,0509,11005005,13595,stone,,,,,52.5169357,13.192311
13285810379,,sculpture,,scharfe lanke,0509,11005005,13595,concrete,,,,,52.501712,13.1852526
5486529,unser leben,mural,walter womacka,alexanderstraße,0101,11001001,10178,,1964,,Q95571931,,52.521249350000005,13.416505290773522
23046549,,mural,,märkische allee,1001,11010010,12687,,,,,,52.557069,13.5543265
28503881,bierpinsel,architecture,,schloßstraße,0601,11006006,12163,,,,Q520281,,52.461455799999996,13.324709686682176
46096500,,architecture,,friedrichstraße,0202,11002002,10969,,,file:koolhaas-haus am checkpoint charlie.jpg,Q1783776,category:friedrichstraße 207–208 (berlin-kreuzberg),52.50715835,13.390070406601193
52168233,,,,franz-klühs-straße,0202,11002002,10969,,,,,,52.5010932,13.391124502514003
53238506,mensch und raum,relief,,allee der kosmonauten,1001,11010010,12681,,,,Q108282706,category:mensch und raum (walter womacka),52.52559585,13.543596378306573
55464082,pamukkale,architecture,wigand witting,görlitzer straße,0202,11002002,10997,,1998,file:görlitzer bahnhof amphitheater.jpg,Q114141568,,52.49791505,13.433578158799953
59470539,,mural,0815 industries,märkische allee,1001,11010010,12681,,,,,,52.5506132,13.5477554
61192723,,,,richardstraße,0801,11008008,12043,,,,,,52.4752733,13.443778895117475
112149783,kreuzberg tower,architecture,john hejduk,besselstraße,0202,11002002,10969,,1987,file:berlin-kreuzberg besselstraße kreuzberg tower john hejduk mit flügelbau.jpg,Q1788198,category:kreuzberg tower,52.504927499999994,13.392175266302715
166268035,molecule man,sculpture,jonathan borofsky,uferpromenade,0201,11002002,12435,aluminum; steel,1999,https://photos.app.goo.gl/jggqbjrfxf4vqkid9,Q522248,,52.49697625,13.458948247262748
195086492,würfelförmige betonskulptur,sculpture_brick,,lehrter straße,0102,11001001,10557,,,,,,52.52675535,13.365910524968516
198853697,rolling horse,sculpture,jürgen goertz,eingangsebene,0102,11001001,10557,,2007-05,https://photos.app.goo.gl/8s65fuak2wmncdd18,Q1647387,category:rolling horse,52.5255111,13.370144799999998
199996015,,sculpture,,erich-weinert-straße,0301,11003003,10409,,,,,,52.5454247,13.4364985
231972862,,graffiti,,werdauer weg,0701,11007007,10829,,,,,,52.4770357,13.3506799
281674437,,,,eisenacher straße,1005,11010010,12629,,,,,,52.5393598,13.584562
281674438,,,,eisenacher straße,1005,11010010,12629,,,,,,52.5390223,13.5847383
320429982,,sculpture,,falkstraße,0801,11008008,12053,,,,Q114687340,,52.47702915,13.4289403
328621975,beluga,installation,,lefèvrestraße,0401,11004004,12161,,1992,,,,52.51063375,13.326844097260691
328626156,raumplastik,sculpture,friedrich gräsel,straße des 17. juni,0401,11004004,10623,,1970,,Q116451623,,52.513528449999995,13.328325000000001
351250855,,sculpture,paul dierkes,rubensstraße,0701,11007007,12159,iron,1993,file:sechtseilige gusseiserne skulpturengruppe paul dierkes hauptstraße rubensstraße berlin-schöneberg 01.jpg,Q125484567,category:sechsteiliges gusseisernes objekt (paul dierkes),52.47741275,13.3431617604638
352837554,,sculpture,,elisabeth-schwarzhaupt-platz,0101,11001001,10115,,,,,,52.533156,13.3875344
368838336,markierung glaslager,,kuehn malvezzi architects,alte jakobstraße,0202,11002002,10969,,2004,,Q1768600,category:markierung glaslager,52.5035478,13.39791100977597
384545641,seiltänzer,sculpture,jerzy kedziora,erwin-bock-straße,0910,11009009,12559,bronze,2005,,,,52.4405756,13.5952864
384545643,seiltänzer,sculpture,jerzy kedziora,erwin-bock-straße,0910,11009009,12559,bronze,2005,,,,52.4404925,13.5956989
421851733,der bevölkerung,mural,hans haacke,versorgungstunnel regierungsviertel,0104,11001001,10557,,2000-09-12,,Q1192518,,52.518898899999996,13.3761049
449318658,,graffiti,,emilie-mosse-straße,0301,11003003,10437,,,,,,52.5435053,13.4036793
454453427,kosmologischer park (kalenderplatz),installation,"klaus zillich, jürgen d. zilling, jasper halfmann",südweg,0802,11008008,12349,,1985,https://de.wikipedia.org/wiki/datei:britzergarten.jpg,Q124816063,,52.4366376,13.420699314055195
461974760,jugendbrunnen,sculpture,kai-uwe dräger,jugendweg,0503,11005005,13629,,1995,,,,52.53796695,13.26993595
488528912,,sculpture,,oderstraße,0801,11008008,12051,,,,,,52.4685032,13.419139881737589
490963964,plattenvereinigung,,,südbahn,0703,11007007,12099,,,,,,52.468585649999994,13.412513911000003
500213319,,mural,0815 industries,märkische allee,1001,11010010,12679,,,,,,52.5501886,13.5483505
505240191,option,sculpture,volker bartsch,fasanenstraße,0401,11004004,10623,bronze,,,Q136100347,file:skulptur fasanenstr 85 (charl) option&volker bartsch&2000.jpg,52.50736685,13.328471759473103
519111641,zusammenhalt,installation,roland fuhrmann,ingeborg-drewitz-allee,0102,11001001,10557,,,,Q49166674,,52.521145649999994,13.363064216786732
549769446,mosaisches becken,,,richardstraße,0801,11008008,12043,,,file:comenius-garten7.jpg,,,52.47514355,13.441889521590909
559389464,,,,karl-marx-platz,0801,11008008,12043,,,,,,52.4736323,13.44103678755914
562315370,schwarze pvc-skulptur,sculpture,hans nagel,fasanenstraße,0401,11004004,10623,,1983,https://photos.app.goo.gl/qjane2nxe4scizfu7,Q49166557,,52.50841415,13.328185758847404
564135269,houseball,sculpture,claes oldenburg and coosje van bruggen,bethlehemkirchplatz,0101,11001001,10117,,,,Q1631427,category:houseball (oldenburg and van bruggen),52.508988,13.388929036734694
571479303,treffpunkt religion und gesellschaft,installation,,twy north-east,0801,11008008,10965,,,,,,52.4782572,13.406988448064984
585861902,zwei säulen,column,max bill,herkulesufer,0104,11001001,10785,,,,Q111240601,category:zwei säulen (max bill),52.506384,13.35443905
624674578,,sculpture,,ludwig-erhard-ufer,0104,11001001,10557,steel,,,,,52.52194245,13.369473551022722
631663776,,sculpture,,onkel-bräsig-straße,0802,11008008,12359,stone,,,,,52.4486523,13.4435232
690296444,,mural,,fischerstraße,1112,11011011,10317,,,,,,52.5013758,13.4874895
690296445,,mural,,fischerstraße,1112,11011011,10317,,,,,,52.5011963,13.4877133
731923414,brunnenplastik,sculpture,makoto fujiwara,zeunepromenade,0602,11006006,12165,stone,1988,,Q114647967,,52.45769885,13.305538698172104
762502844,,,,amendestraße,1201,11012012,13409,,,,,,52.56955445,13.37179595
766411292,memoria urbana berlin,sculpture,juan garaizabal,bethlehemkirchplatz,0101,11001001,10117,steel,,,Q17051597,category:wandering church (juan garaizabal),52.5091601,13.388757432142857
801307484,welle,installation,egidius knops,sonnenallee,0801,11008008,12059,,,,Q124648513,,52.47298315,13.457689150000004
850447208,gleislinse,installation,,benno-könig-straße,0905,11009009,12487,,,,,,52.446485800000005,13.523350025781244
850447209,gleislinse,installation,,benno-könig-straße,0905,11009009,12487,,,,,,52.44618645,13.523815132957456
875596389,,installation,,chorweilerstraße,0906,11009009,12524,stone,,,,,52.4033785,13.542515312914698
875596390,,installation,,,0906,11009009,12524,stone,,,,,52.4033135,13.5424026
875596411,,installation,,porzer straße,0906,11009009,12524,stone,,,,,52.405124,13.546118350698759
877635888,,,,wilhelmstraße,0202,11002002,10963,,,,,,52.5012884,13.3888976
877635892,,,,franz-klühs-straße,0202,11002002,10969,,,,,,52.5011269,13.3911376
895523111,,statue,ludwig engelhardt,spreeufer,0101,11001001,10178,bronze,1986,https://photos.app.goo.gl/svllb3tbtbwa8c8a6,Q63283813,category:marx-engels-denkmal (berlin-mitte),52.5184617,13.404454509803916
895523113,alte welt,relief,werner stötzer,spreeufer,0101,11001001,10178,marble,,https://photos.app.goo.gl/mx9rxmagf4lgvrw16,Q123272001,category:alte welt (werner stötzer),52.518288,13.404033371769234
972954559,,painting,,zeltinger straße,1205,11012012,13465,,,,,,52.6391212,13.298202499999999
976134535,,sculpture,,wartheplatz,0801,11008008,12051,,,,Q117534992,,52.4697109,13.424058245238095
985095615,menschen in der stadt,sculpture,mehmet aksoy,oberbaumstraße,0202,11002002,10997,marble,,,Q116453586,category:menschen in der stadt,52.500797649999996,13.443175150000005
1002676859,,,,mühlenstraße,0201,11002002,10243,,,,,,52.5065248,13.4370068
1041960789,kaninchenfeld,installation,karla sachse,ida-von-arnim-straße,0101,11001001,10115,brass,1999,,,,52.536580900000004,13.37544127557917
1065885229,sinkende mauer,architecture,christophe girot,invalidenstraße,0101,11001001,10115,,1997,,Q92041368,category:mauerbrunnen,52.5293077,13.376338369352437
1068635721,gatow,,,august-euler-straße,0506,11005005,14089,,,,,,52.4729667,13.141160749224158
1078531573,,mural,0815 industries,märkische allee,1001,11010010,12679,,,,,,52.5502331,13.5483882
1078531574,,mural,0815 industries,märkische allee,1001,11010010,12679,,,,,,52.5501886,13.5483505
1079878156,rote blumenbank,sculpture,christine gersch,köthener straße,1001,11010010,12689,,,,Q106863015,category:rote blumenbank (christine gersch),52.5654091,13.554869146097074
1090708428,nackte vom ostseeplatz,statue,anna franziska schwarzbach,ostseestraße,0301,11003003,10409,bronze,,,Q107399856,"category:""nackte vom ostseeplatz"" (anna franziska schwarzbach)",52.5470339,13.440643781818181
1112736890,die begegnung – sprühtürme,sculpture,,cecilienplatz,1005,11010010,12619,,,,Q108443965,category:die begegnung – sprühtürme (cecilienplatz),52.52131755,13.591162007184334
1148490285,,mosaic,,alexanderstraße,0101,11001001,10178,,,,,,52.521234,13.416343097447601
1149003268,,mosaic,,blaschkoallee,0802,11008008,12359,,,,,,52.45374215,13.449765096952687
1154866062,die presse als organisator,mural,willi neubert,karl-liebknecht-straße,0101,11001001,10178,enamel,1973,,Q110057332,file:pressecafé berlin.jpg,52.5242187,13.4117128
1167573617,,statue,,königstraße,0607,11006006,14109,bronze,,,,file:löwenfontäne im schlosspark glienicke - panoramio.jpg,52.41353049999999,13.095726209609774
1167573618,,statue,,königstraße,0607,11006006,14109,bronze,,,,file:klein-glienicke löwenfontäne südwest.jpg,52.413465650000006,13.095551880739006
1214140782,technik,installation,,historische ladestraße,0202,11002002,10963,metal,,https://photos.app.goo.gl/yyqggm7cdkm1y9oy8,,,52.4986017,13.3794531
1214140783,museum,installation,,historische ladestraße,0202,11002002,10963,metal,,https://photos.app.goo.gl/yyqggm7cdkm1y9oy8,,,52.4986411,13.3792542
1238467862,,sculpture,,alt-treptow,0901,11009009,12435,metal,,,,,52.4858042,13.476725
1246007081,,,,riesaer straße,1005,11010010,12627,,,,,,52.5306441,13.6195976
1246007082,,,,mittweidaer straße,1005,11010010,12627,,,,,,52.5307359,13.6191832
1257908457,keramikbrunnen,sculpture,,alt-friedrichsfelde,1101,11011011,10315,,,,Q113486621,,52.5102431,13.515258742182851
1258296045,korallenbrunnen,sculpture,,storkower straße,1111,11011011,10367,,,,Q113460475,,52.5232498,13.478538099434681
1268945524,hellersdorfer fenster,sculpture,,gottfried-funeck-weg (wuhlesteg),1005,11010010,12619,metal_sheet,,,,,52.5298637,13.586473234454651
1314218613,,installation,,böhmischer platz,0801,11008008,12055,wood,,,,,52.47379290000001,13.449298561921104
1328155137,gewändefiguren,sculpture,hans klakow,neuendorfer straße,0507,11005005,13585,terrakotta,1928,file:gewändefiguren hans klakow berlin-spandau 2023 001.jpg,Q130642507,category:gewändefiguren (hans klakow),52.5469181,13.2094784
1329565229,tuffquellen,installation,"prof. gustav lange, hamburg",naglerstraße,0201,11002002,10245,stone,1998,,,,52.5031105,13.45053325
1329565230,tuffquellen,installation,"prof. gustav lange, hamburg",ehrenbergstraße,0201,11002002,10245,stone,1998,,,,52.5030041,13.45098195
1329565231,tuffquellen,installation,"prof. gustav lange, hamburg",rotherstraße,0201,11002002,10245,stone,1998,,,,52.5033908,13.4512363398666
1329565232,tuffquellen,installation,"prof. gustav lange, hamburg",rotherstraße,0201,11002002,10245,stone,1998,,,,52.503504,13.450785410133399
1362041291,,installation,,heilmannring,0406,11004004,13627,metal,,,,,52.5368674,13.2796858
1374082089,,,,rollstuhlrampe,1103,11011011,10365,,,,,,52.5138413,13.4870047
1374082090,,,,rollstuhlrampe,1103,11011011,10365,,,,,,52.5138892,13.487094
1374082091,,,,rollstuhlrampe,1103,11011011,10365,,,,,,52.5138315,13.4868945
1374082092,,,,rollstuhlrampe,1103,11011011,10365,,,,,,52.5139487,13.486856
1374082093,,,,rollstuhlrampe,1103,11011011,10365,,,,,,52.5138873,13.4869646
1374082094,,,,rollstuhlrampe,1103,11011011,10365,,,,,,52.5140035,13.486913
1374082095,,,,rollstuhlrampe,1103,11011011,10365,,,,,,52.5140827,13.4869084
1374082096,,,,rollstuhlrampe,1103,11011011,10365,,,,,,52.5139693,13.4871179
1374082097,,,,rollstuhlrampe,1103,11011011,10365,,,,,,52.5140832,13.4869944
1374082098,,,,rollstuhlrampe,1103,11011011,10365,,,,,,52.5140523,13.4870644
1374082099,,,,rollstuhlrampe,1103,11011011,10365,,,,,,52.514151,13.4871386
1374082100,,,,rollstuhlrampe,1103,11011011,10365,,,,,,52.5142029,13.487086
1374082101,,,,rollstuhlrampe,1103,11011011,10365,,,,,,52.5142579,13.4870428
1374082102,,,,rollstuhlrampe,1103,11011011,10365,,,,,,52.5142164,13.4869436
1408452188,,,,kluckstraße,0104,11001001,10785,,,,,,52.50492265,13.362535382883829
1424602895,,installation,,freienwalder straße,1110,11011011,13055,,,,,,52.5421299,13.5008551
1441981483,,sculpture,,maaßenstraße,0701,11007007,10777,concrete,,,,,52.498381249999994,13.354119852155188
