id,name,brand,operator,latitude,longitude,district_id,district_name,neighborhood_id,neighborhood_name,phone,website
26867411,Bavaria petrol,,Bavaria Petrol,52.5019744,13.2944957,11004004,Charlottenburg-Wilmersdorf,0407,Halensee,,
29997723,Aral,Aral,Anne Notzke,52.5083702,13.2809474,11004004,Charlottenburg-Wilmersdorf,0405,Westend,,https://tankstelle.aral.de/tankstelle/berlin/messedamm-6/28601500/
63253672,Späti Joe,,,52.4993218,13.2961178,11004004,Charlottenburg-Wilmersdorf,0407,Halensee,,
253616592,Mein Markt Pham,,,52.5110467,13.4626981,11002002,Friedrichshain-Kreuzberg,0201,Friedrichshain,,
266629404,...nah und gut,EDEKA,Heinz Vollack,52.5092086,13.5874999,11010010,Marzahn-Hellersdorf,1003,Kaulsdorf,+49 30 5677706,
268424318,,,,52.5966222,13.2909504,11012012,Reinickendorf,1202,Tegel,,
269475044,Milchladen,,,52.501786,13.4165373,11002002,Friedrichshain-Kreuzberg,0202,Kreuzberg,,
270719151,Zeitungskiosk Bagci,,,52.4346233,13.3424786,11006006,Steglitz-Zehlendorf,0603,Lankwitz,,
271419848,Berlin Tag und Nacht 2,,,52.5289708,13.3159246,11001001,Mitte,0102,Moabit,,
277681454,Bagdad Lebensmittel,,,52.4990942,13.3931869,11002002,Friedrichshain-Kreuzberg,0202,Kreuzberg,,
277836772,Bistro,,,52.4690861,13.4672713,11008008,Neukölln,0801,Neukölln,,
278124916,Drinks & more,,,52.5083609,13.4530076,11002002,Friedrichshain-Kreuzberg,0201,Friedrichshain,,
280244277,Mini-Laden,,,52.5563326,13.3432159,11001001,Mitte,0105,Wedding,,
281413022,Spreves,,,52.452062,13.5784714,11009009,Treptow-Köpenick,0910,Köpenick,,
282406641,Drink Oase,,,52.5108993,13.4611651,11002002,Friedrichshain-Kreuzberg,0201,Friedrichshain,,
285079008,Drinkbox,,,52.5125022,13.4602102,11002002,Friedrichshain-Kreuzberg,0201,Friedrichshain,,
285096511,Späti am Comenius,,H.Y. Soysüren,52.5114694,13.4490353,11002002,Friedrichshain-Kreuzberg,0201,Friedrichshain,,
286210165,Spätverkauf,,,52.4992044,13.4635638,11002002,Friedrichshain-Kreuzberg,0201,Friedrichshain,,
287297820,Midnight Shop,,,52.5291171,13.4094976,11003003,Pankow,0301,Prenzlauer Berg,,
291256974,Kiez Kiosk,,,52.5099551,13.4552692,11002002,Friedrichshain-Kreuzberg,0201,Friedrichshain,,
292909486,tabak & presse,,,52.4996912,13.3304422,11004004,Charlottenburg-Wilmersdorf,0402,Wilmersdorf,,
307640296,Eckert,,,52.6378223,13.2050876,,,,,,
310267641,E-Kiezmarkt,,,52.492463,13.4177005,11002002,Friedrichshain-Kreuzberg,0202,Kreuzberg,,
310377176,Mein Markt,,,52.4808992,13.3430964,11007007,Tempelhof-Schöneberg,0701,Schöneberg,,
312698855,,,,52.4956016,13.4017916,11002002,Friedrichshain-Kreuzberg,0202,Kreuzberg,,
312820851,Spätkauf,,,52.5429183,13.376473,11001001,Mitte,0106,Gesundbrunnen,,
313011082,,,,52.5646647,13.4214042,11003003,Pankow,0307,Pankow,,
313874489,Asia Supermarket,,,52.5257591,13.4519646,11002002,Friedrichshain-Kreuzberg,0201,Friedrichshain,,
313874493,Eren,,,52.5262878,13.4516579,11002002,Friedrichshain-Kreuzberg,0201,Friedrichshain,,
314401614,Asia Lebensmittel,,,52.5231705,13.4531781,11002002,Friedrichshain-Kreuzberg,0201,Friedrichshain,,
314401618,Mini Markt 25,,,52.5227042,13.4513021,11002002,Friedrichshain-Kreuzberg,0201,Friedrichshain,,
314401620,Ja Dilo,,,52.5223054,13.4509232,11002002,Friedrichshain-Kreuzberg,0201,Friedrichshain,,
314401622,Asia Shop,,,52.5231896,13.4503447,11002002,Friedrichshain-Kreuzberg,0201,Friedrichshain,,
322153511,Kiezmarkt,Edeka,Kiezmarkt LH GmbH,52.5270008,13.3983824,11001001,Mitte,0101,Mitte,+49 30 28388905,
324227451,Linden Grill,,,52.5165439,13.382678,11001001,Mitte,0101,Mitte,,
331347585,Nice 2 See U,,,52.5087187,13.4616129,11002002,Friedrichshain-Kreuzberg,0201,Friedrichshain,,
345783262,Kiosk 24h,,,52.4430926,13.2952128,11006006,Steglitz-Zehlendorf,0602,Lichterfelde,,
364135228,Orange,,,52.4756969,13.4247724,11008008,Neukölln,0801,Neukölln,,
410135914,Multi-Kulti-Shop,,,52.4956379,13.4364652,11002002,Friedrichshain-Kreuzberg,0202,Kreuzberg,,
410135938,,,,52.4946108,13.4291461,11002002,Friedrichshain-Kreuzberg,0202,Kreuzberg,,
411666633,"Lotto, Zeitungen, Tabak",,,52.5090075,13.5879737,11010010,Marzahn-Hellersdorf,1003,Kaulsdorf,,
411899540,All in One Shop,,,52.5282633,13.3430149,11001001,Mitte,0102,Moabit,,
415551368,KIOSK,,,52.5430552,13.4165959,11003003,Pankow,0301,Prenzlauer Berg,,
420512359,Spätkauf am Atillaplatz,,Spätkauf,52.4550699,13.375534,11007007,Tempelhof-Schöneberg,0703,Tempelhof,+49 30 63412121,
427670051,Späti,,,52.5120271,13.4964222,11011011,Lichtenberg,1103,Lichtenberg,,
427670057,Sheran Späti + Hermes Paketshop,,,52.5120549,13.4970713,11011011,Lichtenberg,1103,Lichtenberg,,
427670062,Kiez-Shop,,,52.5117432,13.4974878,11011011,Lichtenberg,1103,Lichtenberg,,
428553725,Post & More,,,52.4673608,13.3312565,11007007,Tempelhof-Schöneberg,0702,Friedenau,,
429729075,City-Kiosk,,,52.4899925,13.3602113,11007007,Tempelhof-Schöneberg,0701,Schöneberg,,
429772561,,,,52.4478989,13.2808103,11006006,Steglitz-Zehlendorf,0605,Dahlem,,
430126697,Obst und Gemüse,,,52.5028638,13.4543186,11002002,Friedrichshain-Kreuzberg,0201,Friedrichshain,,
431655696,LPG,,,52.5098271,13.4622545,11002002,Friedrichshain-Kreuzberg,0201,Friedrichshain,030 29351437,
434492758,Supermarkt Rose,,,52.5374568,13.2033126,11005005,Spandau,0501,Spandau,,
438145041,Postshop Lichtenberg,,,52.5026134,13.4911077,11011011,Lichtenberg,1112,Rummelsburg,,
438150623,Mini Markt,,,52.503197,13.4914514,11011011,Lichtenberg,1112,Rummelsburg,,
440971671,Mini Market Alper,,,52.5510932,13.3564031,11001001,Mitte,0105,Wedding,,
441513730,Hakim Gida,,,52.4609503,13.4346275,11008008,Neukölln,0802,Britz,,
442749323,Spät-Shop,,,52.4673029,13.4403109,11008008,Neukölln,0801,Neukölln,,
448594622,Späti am Schlesi,,,52.5010985,13.441111,11002002,Friedrichshain-Kreuzberg,0202,Kreuzberg,,
452385593,Multi Spätkauf,,,52.5509168,13.5100245,11011011,Lichtenberg,1110,Alt-Hohenschönhausen,,
454251024,Spätcampus,,,52.4860909,13.4351467,11008008,Neukölln,0801,Neukölln,+4915731666909,
458138650,Spätkauf Olive,,,52.5211339,13.4465218,11002002,Friedrichshain-Kreuzberg,0201,Friedrichshain,,
458752207,Mariendorfer back & spätkauf,,,52.4405026,13.3878363,11007007,Tempelhof-Schöneberg,0704,Mariendorf,,
466481626,DB Service Point,,,52.4676578,13.4308106,11008008,Neukölln,0801,Neukölln,,
473066908,Gino´s Späti,,,52.4220522,13.2992739,11006006,Steglitz-Zehlendorf,0602,Lichterfelde,,
473629401,Soldiner Späti,,,52.5578099,13.3900362,11001001,Mitte,0106,Gesundbrunnen,,
476259949,Heimgetränke,,,52.4816447,13.4441313,11008008,Neukölln,0801,Neukölln,,
477454198,Steh-Cafe,,,52.4679126,13.4427173,11008008,Neukölln,0801,Neukölln,,
497835260,Lotto Zeitungen Uray,,,52.4823539,13.4539374,11008008,Neukölln,0801,Neukölln,,
502357232,,,,52.4663305,13.4702327,11008008,Neukölln,0801,Neukölln,,
506197795,Lateshop Café Roj,,,52.544033,13.4242868,11003003,Pankow,0301,Prenzlauer Berg,,
522780551,Presse Tabak / Hermes Paket Shop,,,52.5548991,13.38937,11001001,Mitte,0106,Gesundbrunnen,,
524769051,Minimarkt Tegel,,,52.5891787,13.2803819,11012012,Reinickendorf,1202,Tegel,,
530715886,,,,52.541734,13.3575427,11001001,Mitte,0105,Wedding,,
530715910,Spätkauf & Backwaren,,,52.542862,13.3590534,11001001,Mitte,0105,Wedding,,
534120307,,,,52.555733,13.3422335,11001001,Mitte,0105,Wedding,,
539491913,Spätkauf,,,52.4672572,13.4893514,11009009,Treptow-Köpenick,0903,Baumschulenweg,,
541077709,Spätkauf 19,,,52.5406899,13.4161081,11003003,Pankow,0301,Prenzlauer Berg,,
546677907,,,,52.5484756,13.5043404,11011011,Lichtenberg,1110,Alt-Hohenschönhausen,,
560524658,Asia Markt Frischekorb,,,52.5472275,13.4157637,11003003,Pankow,0301,Prenzlauer Berg,,
560525457,Verbrauchermarkt,,,52.5454075,13.4204087,11003003,Pankow,0301,Prenzlauer Berg,,
567546833,Petersburger Getränke Shop,,,52.5227373,13.4496607,11002002,Friedrichshain-Kreuzberg,0201,Friedrichshain,,
567546844,Eberty Point,,,52.523981,13.4527734,11002002,Friedrichshain-Kreuzberg,0201,Friedrichshain,,
573381061,Quang Loi,,,52.5128191,13.4673128,11002002,Friedrichshain-Kreuzberg,0201,Friedrichshain,,
576051172,Lebensmittel,,,52.5129377,13.4658832,11002002,Friedrichshain-Kreuzberg,0201,Friedrichshain,,
576051178,Euro Spätkauf,,,52.514379,13.4659476,11002002,Friedrichshain-Kreuzberg,0201,Friedrichshain,,
577380846,Papki,,,52.5461354,13.4180767,11003003,Pankow,0301,Prenzlauer Berg,,
586663202,Minimarkt,,,52.5132812,13.4713536,11002002,Friedrichshain-Kreuzberg,0201,Friedrichshain,,
588552735,Insaf Supermarkt,,Basharmal Sherzad,52.5494813,13.4555878,11003003,Pankow,0302,Weißensee,+49-30-97008224,
615607323,Kiosk,,,52.4791724,13.449827,11008008,Neukölln,0801,Neukölln,,
616284708,Kiezshop am Stadtpark,,,52.5200009,13.4793952,11011011,Lichtenberg,1103,Lichtenberg,,
618020078,AK44,,,52.4732403,13.455277,11008008,Neukölln,0801,Neukölln,,
618021342,MiniMarkt,,,52.4682342,13.4672291,11008008,Neukölln,0801,Neukölln,,
620704357,laube shop,,,52.4825323,13.4409421,11008008,Neukölln,0801,Neukölln,,
620704359,,,,52.483436,13.4360938,11008008,Neukölln,0801,Neukölln,,
620704361,Orient Rösterei,,,52.4826695,13.4376011,11008008,Neukölln,0801,Neukölln,,
626304112,Corner,,,52.5344555,13.4305661,11003003,Pankow,0301,Prenzlauer Berg,,
639566330,Backshop & Kiosk,,,52.4933967,13.2958852,11004004,Charlottenburg-Wilmersdorf,0407,Halensee,,
644658972,Tabak Getränke Kaffee,,,52.5538775,13.383155,11001001,Mitte,0106,Gesundbrunnen,,
644659553,Zeitungsladen Parlak,,GLS,52.5504533,13.3788501,11001001,Mitte,0106,Gesundbrunnen,,
646577061,S. Balz,,,52.5029438,13.3428732,11007007,Tempelhof-Schöneberg,0701,Schöneberg,,
652049362,,,,52.4239422,13.4367583,11008008,Neukölln,0803,Buckow,,
661092203,,,,52.5145945,13.304677,11004004,Charlottenburg-Wilmersdorf,0401,Charlottenburg,,
667211374,(& DHL-Pakete),,,52.5192234,13.2572358,11004004,Charlottenburg-Wilmersdorf,0405,Westend,,
667858504,Kiezkauf,,,52.5033965,13.4120065,11002002,Friedrichshain-Kreuzberg,0202,Kreuzberg,,
668246079,Zeitungsoase,,,52.449849,13.2513323,11006006,Steglitz-Zehlendorf,0604,Zehlendorf,,
674019820,Kiosk,,Deutsche Post,52.5430615,13.3926865,11001001,Mitte,0106,Gesundbrunnen,,
678967934,Bonbonwasser,,,52.5514691,13.3578197,11001001,Mitte,0105,Wedding,,
685354675,Oma Wenda,,,52.5094753,13.4985107,11011011,Lichtenberg,1112,Rummelsburg,,
697714204,La Bodega,,,52.5342305,13.4086992,11003003,Pankow,0301,Prenzlauer Berg,,
697907411,Spätkauf -Late Shopping,,,52.5488264,13.4140802,11003003,Pankow,0301,Prenzlauer Berg,,
699713742,Boysen Späti,,,52.5082964,13.480045,11011011,Lichtenberg,1103,Lichtenberg,,
700775293,Cleopatra's Oriental Food,,,52.5064642,13.4959683,11011011,Lichtenberg,1112,Rummelsburg,,
700775294,Trang Asia Supermarkt,,,52.5067828,13.4965201,11011011,Lichtenberg,1112,Rummelsburg,+49 152 36763353,
703744109,,,,52.4031371,13.5072516,11008008,Neukölln,0804,Rudow,,
707353241,Spätkauf Öztep,,,52.5508319,13.3787053,11001001,Mitte,0106,Gesundbrunnen,,
707452472,Backwaren,,,52.5463987,13.3696159,11001001,Mitte,0106,Gesundbrunnen,,
707490367,Kiosk,,,52.552227,13.3821164,11001001,Mitte,0106,Gesundbrunnen,,
715203874,Köker Kiosk,,Nevzat Köker,52.4734336,13.2990118,11004004,Charlottenburg-Wilmersdorf,0403,Schmargendorf,+493082407726,
725621498,Spætkauf am Rüdi,,,52.4727399,13.3140969,11004004,Charlottenburg-Wilmersdorf,0402,Wilmersdorf,,
730172938,Spätshop,,Knauf Automaten,52.493188,13.3668589,11007007,Tempelhof-Schöneberg,0701,Schöneberg,,
731948133,Bodega,,,52.500549,13.3637729,11001001,Mitte,0104,Tiergarten,,
735944510,CAN KIOSK,,,52.4446383,13.5681553,11009009,Treptow-Köpenick,0910,Köpenick,,
736620808,Kiezladen,,,52.4746512,13.4232443,11008008,Neukölln,0801,Neukölln,,
736787803,Pi pa po,,,52.5278335,13.4100874,11001001,Mitte,0101,Mitte,,
745722560,Kiosk,,,52.4897193,13.4334928,11008008,Neukölln,0801,Neukölln,,
745729558,Small All,,,52.487789,13.431657,11008008,Neukölln,0801,Neukölln,,
745733025,small all,,,52.4879348,13.430489,11008008,Neukölln,0801,Neukölln,,
746478626,Honigbienchen Späti & Bakery,,,52.4875623,13.4375216,11008008,Neukölln,0801,Neukölln,,
746853061,Babylon Café Bar,,,52.5802548,13.3988194,11003003,Pankow,0311,Niederschönhausen,,
746901006,,,,52.4880929,13.3397773,11007007,Tempelhof-Schöneberg,0701,Schöneberg,,
747845608,Café Kiez,,,52.4553748,13.5765726,11009009,Treptow-Köpenick,0910,Köpenick,,
750510981,,,,52.5526259,13.4392796,11003003,Pankow,0302,Weißensee,,
752266387,,,,52.4703259,13.4796229,11009009,Treptow-Köpenick,0903,Baumschulenweg,,
752995887,Rixdorfer Getränke,,,52.4739877,13.4434343,11008008,Neukölln,0801,Neukölln,,
753361458,Flick Flack,,,52.5704399,13.410203,11003003,Pankow,0307,Pankow,,
753467611,,,,52.5712603,13.4102412,11003003,Pankow,0307,Pankow,,
760002896,Muris Späti,,,52.4719128,13.4458503,11008008,Neukölln,0801,Neukölln,,
760002901,Dr. Billy's Getränke,,,52.4715943,13.4430406,11008008,Neukölln,0801,Neukölln,,
765576017,,,,52.42549,13.2528388,11006006,Steglitz-Zehlendorf,0604,Zehlendorf,,
769270131,Naturkost,,,52.5745998,13.357608,11012012,Reinickendorf,1201,Reinickendorf,,
769318432,,,,52.5014489,13.4190952,11002002,Friedrichshain-Kreuzberg,0202,Kreuzberg,,
769849999,Resi's Spät Shop,,,52.566405,13.3632915,11012012,Reinickendorf,1201,Reinickendorf,,
778710944,Spätkauf,,,52.537337,13.4081356,11003003,Pankow,0301,Prenzlauer Berg,,
778710967,Polat's Minimarkt,,,52.5401664,13.4111403,11003003,Pankow,0301,Prenzlauer Berg,,
783442851,Späti,,,52.5409467,13.4136963,11003003,Pankow,0301,Prenzlauer Berg,,
784381069,Lotto,,,52.5745181,13.3548337,11012012,Reinickendorf,1201,Reinickendorf,,
790502632,Dilek,,,52.532597,13.4207405,11003003,Pankow,0301,Prenzlauer Berg,,
803582040,Brra Späti,,,52.5496181,13.45622,11003003,Pankow,0302,Weißensee,,
811203054,Backshop & Kiosk,,,52.5323146,13.3498902,11001001,Mitte,0102,Moabit,,
838429741,Käptn Kiez,,,52.506133,13.4655484,11002002,Friedrichshain-Kreuzberg,0201,Friedrichshain,,
838429759,Kiosk 24,,,52.5049744,13.4674633,11002002,Friedrichshain-Kreuzberg,0201,Friedrichshain,,
838429794,Die Späti Brüder,,,52.5046457,13.4678618,11002002,Friedrichshain-Kreuzberg,0201,Friedrichshain,,
845055641,,,,52.6892438,13.2803171,,,,,,
846251052,Bio Grande,,Dirk Ludwig,52.4713935,13.3231813,11007007,Tempelhof-Schöneberg,0702,Friedenau,+493085103648,https://bio-grande.de/
847906246,Bistro Edison,,,52.4675348,13.5130053,11009009,Treptow-Köpenick,0909,Oberschöneweide,+49 176 66668659,
847907650,Spätkauf 63,,,52.4669419,13.5133836,11009009,Treptow-Köpenick,0909,Oberschöneweide,,
848169211,Kreuznacher Markt,,,52.4668756,13.3198096,11006006,Steglitz-Zehlendorf,0601,Steglitz,,
854535872,Zum Freund,,,52.4769516,13.419938,11008008,Neukölln,0801,Neukölln,,
861837755,Karam Al-Sham,,,52.4575426,13.3843486,11007007,Tempelhof-Schöneberg,0703,Tempelhof,,
863962594,Kiez Shop,,,52.5058829,13.4703076,11002002,Friedrichshain-Kreuzberg,0201,Friedrichshain,,
863962795,Boxi Spätshop,,,52.5072131,13.4684572,11002002,Friedrichshain-Kreuzberg,0201,Friedrichshain,,
863962912,Svenni's Nachtshop,,,52.5055336,13.4699372,11002002,Friedrichshain-Kreuzberg,0201,Friedrichshain,,
867497539,Back und Späti Zwang,,,52.5255327,13.3303661,11001001,Mitte,0102,Moabit,,
871561403,#mein Spätkauf,,,52.5017703,13.4179467,11002002,Friedrichshain-Kreuzberg,0202,Kreuzberg,,
871567939,,,,52.4998613,13.4179577,11002002,Friedrichshain-Kreuzberg,0202,Kreuzberg,,
871642359,,,,52.5001315,13.4181192,11002002,Friedrichshain-Kreuzberg,0202,Kreuzberg,,
872567941,Spätkauf Usta,,,52.5019791,13.4196108,11002002,Friedrichshain-Kreuzberg,0202,Kreuzberg,,
874259347,Getränke Presseshop,,,52.4995687,13.417085,11002002,Friedrichshain-Kreuzberg,0202,Kreuzberg,,
874265690,Özlem,,,52.5002066,13.4177077,11002002,Friedrichshain-Kreuzberg,0202,Kreuzberg,,
886089002,Checkpoint Ali,,,52.4982415,13.4288427,11002002,Friedrichshain-Kreuzberg,0202,Kreuzberg,,
886154881,,,,52.4987698,13.4273223,11002002,Friedrichshain-Kreuzberg,0202,Kreuzberg,,
892846138,Messeshop,,,52.5033167,13.2729509,11004004,Charlottenburg-Wilmersdorf,0405,Westend,,
918358570,,,,52.5175352,13.293469,11004004,Charlottenburg-Wilmersdorf,0401,Charlottenburg,,
939667453,,,,52.5413191,13.3484826,11001001,Mitte,0105,Wedding,,
939667458,Media Point,,,52.5416669,13.3494233,11001001,Mitte,0105,Wedding,,
942631871,,,,52.4891213,13.4084604,11002002,Friedrichshain-Kreuzberg,0202,Kreuzberg,,
945142182,,,Deutsche Post,52.4210328,13.5389405,11009009,Treptow-Köpenick,0906,Altglienicke,,
947301033,Lebensmittel und Getränke,,,52.5533409,13.4083302,11003003,Pankow,0301,Prenzlauer Berg,,
947968184,HEIM Getränke2,,,52.4904132,13.4102485,11002002,Friedrichshain-Kreuzberg,0202,Kreuzberg,,
947978148,C@ll Shop,,,52.4894565,13.4084449,11002002,Friedrichshain-Kreuzberg,0202,Kreuzberg,,
948130088,,,,52.4918458,13.412318,11002002,Friedrichshain-Kreuzberg,0202,Kreuzberg,,
948655799,Wirkaufenbastlerfahrzeuge.de,,,52.4213368,13.5031786,11008008,Neukölln,0804,Rudow,,
959231215,Arslan's Mix,,,52.4916744,13.4143561,11002002,Friedrichshain-Kreuzberg,0202,Kreuzberg,,
960164645,Tante Emma Laden,,,52.5288187,13.317796,11001001,Mitte,0102,Moabit,,
966564742,Getränkekiosk,,,52.5318464,13.3992362,11001001,Mitte,0101,Mitte,,
975312186,BisSpäter,,,52.5227533,13.4012964,11001001,Mitte,0101,Mitte,,
988401415,Mini-Markt,,,52.445943,13.500479,11009009,Treptow-Köpenick,0904,Johannisthal,+49 30 6311067,
991750714,latenight shop,,,52.4938895,13.4218188,11008008,Neukölln,0801,Neukölln,,
996225627,Bistro Alex,,,52.5240885,13.4112437,11001001,Mitte,0101,Mitte,,
1003878962,Getränke Pistor,,,52.5215787,13.4548622,11002002,Friedrichshain-Kreuzberg,0201,Friedrichshain,,
1003885734,Panorama Spätkauf,,,52.5272929,13.4500121,11003003,Pankow,0301,Prenzlauer Berg,,
1015808330,Eylauer Markt,,,52.4871348,13.3747709,11002002,Friedrichshain-Kreuzberg,0202,Kreuzberg,+49 7809 7463,
1028138858,Backshop Tabak&Presse,,,52.4885157,13.4287783,11008008,Neukölln,0801,Neukölln,,
1032978607,Lotto und Zeitschriften Friese,,,52.5355242,13.4963824,11011011,Lichtenberg,1110,Alt-Hohenschönhausen,,
1045536192,Momega,,,52.4813582,13.3499269,11007007,Tempelhof-Schöneberg,0701,Schöneberg,,
1078531596,NuN Kiosk,,,52.4198078,13.2490193,11006006,Steglitz-Zehlendorf,0604,Zehlendorf,,
1078729678,,,,52.4604004,13.3236808,11006006,Steglitz-Zehlendorf,0601,Steglitz,,
1080839731,Teheran Kiosk,,,52.4389135,13.2624681,11006006,Steglitz-Zehlendorf,0604,Zehlendorf,,
1092250109,Kiezmarkt mediterrane Welt,,,52.5154783,13.290879,11004004,Charlottenburg-Wilmersdorf,0401,Charlottenburg,,
1092674698,Natura Organics,,,52.5102561,13.454931,11002002,Friedrichshain-Kreuzberg,0201,Friedrichshain,,
1095435039,Asia Mini Shop,,,52.5402467,13.4158448,11003003,Pankow,0301,Prenzlauer Berg,,
1100350416,Danziger Express,,,52.5394809,13.4238961,11003003,Pankow,0301,Prenzlauer Berg,,
1102313854,Lotto Kiosk,,,52.4310434,13.2594594,11006006,Steglitz-Zehlendorf,0604,Zehlendorf,,
1109675825,Asien Supermarkt Hao Cai Lei,,,52.4854176,13.4268834,11008008,Neukölln,0801,Neukölln,,
1112696138,,,,52.4345549,13.2498387,11006006,Steglitz-Zehlendorf,0604,Zehlendorf,,
1116716789,Lebensmittel,,,52.5348466,13.437918,11003003,Pankow,0301,Prenzlauer Berg,,
1134198993,Kiez Kiosk,,,52.5255374,13.3913167,11001001,Mitte,0101,Mitte,,
1140906805,Ellîka Spätkauf,,,52.5065512,13.4698185,11002002,Friedrichshain-Kreuzberg,0201,Friedrichshain,,
1140914372,City Kiosk,,,52.5100791,13.4620544,11002002,Friedrichshain-Kreuzberg,0201,Friedrichshain,,
1140926746,K Mini Markt,,,52.5157165,13.4399122,11002002,Friedrichshain-Kreuzberg,0201,Friedrichshain,,
1140927943,Spätkauf am Ostbahnhof,,,52.5110245,13.4356582,11002002,Friedrichshain-Kreuzberg,0201,Friedrichshain,,
1140928753,Spätkauf Lebensmittel,,,52.5230609,13.4344701,11002002,Friedrichshain-Kreuzberg,0201,Friedrichshain,,
1140930611,Spätshop 68,,,52.519883,13.4516496,11002002,Friedrichshain-Kreuzberg,0201,Friedrichshain,,
1140935486,Para Spätkauf,,,52.5222261,13.449453,11002002,Friedrichshain-Kreuzberg,0201,Friedrichshain,,
1147244150,dicker Hermann,,,52.5315376,13.4153398,11003003,Pankow,0301,Prenzlauer Berg,,
1161375510,Jüli Späti,,,52.5534498,13.3921872,11001001,Mitte,0106,Gesundbrunnen,,
1165884653,I ♥️ Drink's Kiosk,,,52.4870859,13.4291663,11008008,Neukölln,0801,Neukölln,,
1170348050,Spätkauf,,,52.5510048,13.3679903,11001001,Mitte,0106,Gesundbrunnen,,
1172023257,Wohnung Werkstatt Garten Shop,,,52.6069342,13.4217062,11003003,Pankow,0310,Französisch Buchholz,,
1181625810,Esperanto,,,52.5091058,13.4555933,11002002,Friedrichshain-Kreuzberg,0201,Friedrichshain,,
1199946538,s-bahn,,,52.5067288,13.2830155,11004004,Charlottenburg-Wilmersdorf,0401,Charlottenburg,,
1203130389,,,,52.5592878,13.4063543,11003003,Pankow,0307,Pankow,,
1207272598,"Beyer, Antje, Tabakwaren, Zeitschriften",,,52.6138552,13.3440574,11012012,Reinickendorf,1208,Lübars,,http://www.pointoo.de/poi/Berlin/Antje-Beyer-Tabakwaren-Zeitschriften-2440408.html
1209659437,IBO SHOP,,,52.491245,13.385533,11002002,Friedrichshain-Kreuzberg,0202,Kreuzberg,,
1213234319,Gleim Shop,,,52.5469795,13.4071727,11003003,Pankow,0301,Prenzlauer Berg,,
1221375859,Sipan Spätverkauf,,,52.5087859,13.4973357,11011011,Lichtenberg,1112,Rummelsburg,,
1224130504,,,,52.4819057,13.3206171,11004004,Charlottenburg-Wilmersdorf,0402,Wilmersdorf,,
1229435273,Borsa,,,52.5102675,13.3053735,11004004,Charlottenburg-Wilmersdorf,0401,Charlottenburg,,
1250478497,,,,52.4925563,13.4161849,11002002,Friedrichshain-Kreuzberg,0202,Kreuzberg,,
1251129216,Spätkauf,,,52.5375585,13.4111971,11003003,Pankow,0301,Prenzlauer Berg,,
1254238967,"Asia Lebensmittel, Tee & Geschenkartikel",,,52.5887885,13.2856406,11012012,Reinickendorf,1202,Tegel,,
1255588542,kinzi discount,,,52.4923613,13.4169147,11002002,Friedrichshain-Kreuzberg,0202,Kreuzberg,,
1258615840,Spätshop,,,52.5236611,13.4391265,11002002,Friedrichshain-Kreuzberg,0201,Friedrichshain,,
1259381388,Minimarkt Mura,,Thi Hanh Mura,52.5014008,13.4934074,11011011,Lichtenberg,1112,Rummelsburg,,
1262166743,24 H Shop,,,52.4568134,13.384211,11007007,Tempelhof-Schöneberg,0703,Tempelhof,,
1262345388,,,,52.5337892,13.3502992,11001001,Mitte,0102,Moabit,,
1269798909,Kiosk 21,,,52.5541616,13.3397118,11001001,Mitte,0105,Wedding,,
1271608613,,,Ali Bulut,52.5546211,13.3452717,11001001,Mitte,0105,Wedding,,
1286396471,,,,52.4657883,13.4710749,11008008,Neukölln,0801,Neukölln,,
1288393736,,,,52.5670317,13.3115082,11012012,Reinickendorf,1201,Reinickendorf,,
1293209218,Minimarkt,,,52.5143319,13.4929949,11011011,Lichtenberg,1103,Lichtenberg,,
1300143979,Daisy's Cafe,,,52.4983753,13.3915344,11002002,Friedrichshain-Kreuzberg,0202,Kreuzberg,,
1300143980,Lotto-Presse-Tabak Wielannd,,,52.4992718,13.3904983,11002002,Friedrichshain-Kreuzberg,0202,Kreuzberg,,
1305230438,Sultan Shop,,,52.518017,13.3168638,11004004,Charlottenburg-Wilmersdorf,0401,Charlottenburg,,
1305796906,Back & Späti,,,52.4290688,13.341326,11006006,Steglitz-Zehlendorf,0603,Lankwitz,,
1307115292,Sarikiz Spätkauf 44,,,52.4687842,13.4302906,11008008,Neukölln,0801,Neukölln,,
1311121901,Iran Shop,,,52.5062656,13.3113681,11004004,Charlottenburg-Wilmersdorf,0401,Charlottenburg,,
1313284328,neon Spätkauf,,,52.5545943,13.4156184,11003003,Pankow,0307,Pankow,,https://www.neon-sptkauf-berlin.de
1313963462,Geko Tabak Presse,,,52.5318516,13.3439977,11001001,Mitte,0102,Moabit,,
1315201887,Spätkauf,,,52.489136,13.4509862,11009009,Treptow-Köpenick,0901,Alt-Treptow,,
1320138052,Eis Mari,,,52.4980049,13.4211603,11002002,Friedrichshain-Kreuzberg,0202,Kreuzberg,,
1324860212,Späti Shop bei Baba,,,52.4591429,13.5253076,11009009,Treptow-Köpenick,0909,Oberschöneweide,,
1327231904,Bioladen,,,52.4916836,13.4169394,11002002,Friedrichshain-Kreuzberg,0202,Kreuzberg,,
1327867358,,,,52.460877,13.3396749,11006006,Steglitz-Zehlendorf,0601,Steglitz,,
1332197461,,,,52.47496,13.3428619,11007007,Tempelhof-Schöneberg,0701,Schöneberg,,
1336690073,The 25 hours STORE,,,52.4574104,13.5780299,11009009,Treptow-Köpenick,0910,Köpenick,,
1336954992,GP Getränkepartner,,,52.5358545,13.4344178,11003003,Pankow,0301,Prenzlauer Berg,,
1340516400,,,,52.4766555,13.2904175,11004004,Charlottenburg-Wilmersdorf,0403,Schmargendorf,,
1342942223,Kiosk 39,,,52.4222363,13.3708275,11007007,Tempelhof-Schöneberg,0705,Marienfelde,,
1344436749,Spätkauf,,,52.4757373,13.3398915,11007007,Tempelhof-Schöneberg,0702,Friedenau,+49 30 55522715,
1345106612,Lotto,,,52.5068859,13.2907957,11004004,Charlottenburg-Wilmersdorf,0401,Charlottenburg,,
1345222866,The Shop's,,,52.5006355,13.4316495,11002002,Friedrichshain-Kreuzberg,0202,Kreuzberg,,
1346939681,Mini Markt,,,52.5069169,13.4234636,11001001,Mitte,0101,Mitte,,
1346939765,Spätkauf Olive,,,52.5029232,13.4202891,11002002,Friedrichshain-Kreuzberg,0202,Kreuzberg,,
1346939892,Asia Markt,,,52.5117259,13.4167008,11001001,Mitte,0101,Mitte,,
1348552225,Azzam Supermarkt,,,52.4682986,13.4302019,11008008,Neukölln,0801,Neukölln,,
1350982088,Spätverkauf,,,52.5485711,13.500718,11011011,Lichtenberg,1110,Alt-Hohenschönhausen,,
1356032933,Asia Super Shop,,,52.5030129,13.3956038,11002002,Friedrichshain-Kreuzberg,0202,Kreuzberg,,
1356471635,Kevser,,,52.4708586,13.3439672,11007007,Tempelhof-Schöneberg,0701,Schöneberg,,
1365701993,,,,52.5430306,13.2407603,11005005,Spandau,0502,Haselhorst,,
1365702019,Sera Market,,,52.5431839,13.2403164,11005005,Spandau,0502,Haselhorst,,
1365702024,,,,52.5446667,13.2462185,11005005,Spandau,0502,Haselhorst,,
1372320330,Spätkauf,,,52.4700074,13.4254726,11008008,Neukölln,0801,Neukölln,,
1374234428,Chiosk,,,52.511525,13.4610655,11002002,Friedrichshain-Kreuzberg,0201,Friedrichshain,,
1377854757,Ela Spätkauf,,,52.5035281,13.3842362,11002002,Friedrichshain-Kreuzberg,0202,Kreuzberg,,
1389043771,City Spätkauf,,,52.5295875,13.4258675,11003003,Pankow,0301,Prenzlauer Berg,,
1389419270,M&J Nightshop,,,52.5282926,13.3937035,11001001,Mitte,0101,Mitte,,
1389926121,,,,52.5446717,13.2463188,11005005,Spandau,0502,Haselhorst,,
1390638257,Drink Hase,,,52.5130762,13.4577871,11002002,Friedrichshain-Kreuzberg,0201,Friedrichshain,,
1397070387,Staabi Back & Bistro Kiosk,,,52.5049434,13.3679278,11001001,Mitte,0104,Tiergarten,,
1412188997,,,,52.547506,13.2597088,11005005,Spandau,0503,Siemensstadt,,
1419134529,,,,52.5369149,13.2680396,11005005,Spandau,0503,Siemensstadt,,
1419145185,Die Kaffeerösterei,,,52.5368587,13.2704674,11005005,Spandau,0503,Siemensstadt,,
1420865586,Akman Feinkost,,,52.5395099,13.2723203,11005005,Spandau,0503,Siemensstadt,,
1424999184,Day & Night Shop,,,52.497054,13.4322378,11002002,Friedrichshain-Kreuzberg,0202,Kreuzberg,,
1429965209,Melodi Kiosk & Cafe,,,52.4452289,13.4546198,11008008,Neukölln,0802,Britz,,
1442743144,Spät-& Backshop,,,52.4511193,13.3789839,11007007,Tempelhof-Schöneberg,0704,Mariendorf,,
1445299193,Bies'm,,,52.5141024,13.5543949,11010010,Marzahn-Hellersdorf,1002,Biesdorf,,
1455764529,MultiMarkt3,,,52.5085725,13.4660361,11002002,Friedrichshain-Kreuzberg,0201,Friedrichshain,,
1458646421,Back Späti,,,52.5541857,13.4142353,11003003,Pankow,0301,Prenzlauer Berg,,
1458852555,Lotto,,,52.5054481,13.5148714,11011011,Lichtenberg,1101,Friedrichsfelde,,
1459950979,Ausserhausverkauf,,,52.5529972,13.4044925,11003003,Pankow,0301,Prenzlauer Berg,,
1459951035,Lebensmittel - Getränke,,,52.5530273,13.4041428,11003003,Pankow,0301,Prenzlauer Berg,01627092145,
1464069051,Regenbogen,,,52.5147081,13.4629142,11002002,Friedrichshain-Kreuzberg,0201,Friedrichshain,,
1471202665,Imbiss-Punjab;Punjab Spätkauf,,,52.5531116,13.3620341,11001001,Mitte,0105,Wedding,,
1472157627,Robinhood Store,,robinhood.store,52.4884033,13.4270259,11008008,Neukölln,0801,Neukölln,,https://www.robinhood.store/
1489993448,Minimarkt,,,52.5061686,13.3321804,11004004,Charlottenburg-Wilmersdorf,0401,Charlottenburg,,
1500108107,Junky's Point,,,52.4927794,13.4445307,11009009,Treptow-Köpenick,0901,Alt-Treptow,,
1500156141,Pyza,,,52.4802885,13.4375394,11008008,Neukölln,0801,Neukölln,,
1504564896,Minas Brasil,,,52.509825,13.4517982,11002002,Friedrichshain-Kreuzberg,0201,Friedrichshain,,
1508797850,Spätkauf,,,52.479469,13.4449788,11008008,Neukölln,0801,Neukölln,,
1515489375,Bioladen Café,,,52.5426837,13.3562697,11001001,Mitte,0105,Wedding,,
1531118797,Nazar Getränkeshop,,,52.5095164,13.4996572,11011011,Lichtenberg,1112,Rummelsburg,,
1531118804,Kiezladen,,,52.5065556,13.5034289,11011011,Lichtenberg,1101,Friedrichsfelde,,
1531989580,My Späti,,,52.4446573,13.5737799,11009009,Treptow-Köpenick,0910,Köpenick,,
1535593154,ServiceStore DB,ServiceStore DB,"SSDB Adlershof, Am Adlergestell 256, 12489 Berlin",52.4349246,13.5412763,11009009,Treptow-Köpenick,0907,Adlershof,,
1556390394,,,,52.5466609,13.453636,11003003,Pankow,0302,Weißensee,,
1569218591,Heim,,,52.4905702,13.4275265,11008008,Neukölln,0801,Neukölln,,
1574753265,Niezuspäti,,,52.5091184,13.3748093,11001001,Mitte,0104,Tiergarten,,
1575193680,Onlinekasse Lankwitz,,,52.4339624,13.3413452,11006006,Steglitz-Zehlendorf,0603,Lankwitz,,
1576900358,Home Kiosk,,,52.4452478,13.5053995,11009009,Treptow-Köpenick,0904,Johannisthal,,
1578269286,Der Obstmann,,,52.5714856,13.408441,11003003,Pankow,0307,Pankow,,
1578857510,Gizem,,,52.4796484,13.4256815,11008008,Neukölln,0801,Neukölln,,
1584563390,Prenzlwood Späti 68,,,52.5391505,13.4229654,11003003,Pankow,0301,Prenzlauer Berg,+49 163 4563325,
1584963374,Best Spätkauf,,,52.4904231,13.4347695,11008008,Neukölln,0801,Neukölln,,
1585056872,coffee...nix verstehen,,,52.5043695,13.4091963,11002002,Friedrichshain-Kreuzberg,0202,Kreuzberg,,
1596614766,,,,52.4654923,13.3214942,11006006,Steglitz-Zehlendorf,0601,Steglitz,,
1597742298,Spätkauf,,,52.5313486,13.3457172,11001001,Mitte,0102,Moabit,,
1614361190,Lebensmittel Hillmann,,,52.5006325,13.4220527,11002002,Friedrichshain-Kreuzberg,0202,Kreuzberg,,
1614366959,Kiez Spirit,,,52.4904316,13.4232129,11002002,Friedrichshain-Kreuzberg,0202,Kreuzberg,,
1614528079,Olive,,,52.517851,13.4618701,11002002,Friedrichshain-Kreuzberg,0201,Friedrichshain,,
1625174234,Kiez-Kiosk,,,52.4655009,13.4866751,11009009,Treptow-Köpenick,0903,Baumschulenweg,,
1633204905,Hoa Mai Asia-Supermarkt,,,52.513557,13.4740244,11002002,Friedrichshain-Kreuzberg,0201,Friedrichshain,+49 30 27573632,
1637021706,lieber Späti als nie,,,52.5000597,13.4408296,11002002,Friedrichshain-Kreuzberg,0202,Kreuzberg,,
1653339106,Latino Point,,,52.5235713,13.4053774,11001001,Mitte,0101,Mitte,,
1657989689,,Hermes,,52.5478164,13.3512729,11001001,Mitte,0105,Wedding,,
1667160189,Baumschulen Späti,,,52.4630329,13.4836908,11009009,Treptow-Köpenick,0903,Baumschulenweg,,
1668788004,We Love Späti,,,52.476671,13.3200611,11004004,Charlottenburg-Wilmersdorf,0402,Wilmersdorf,,
1687719675,ServiceStore DB,ServiceStore DB,,52.5579509,13.5538411,11010010,Marzahn-Hellersdorf,1001,Marzahn,,
1690437360,Kiosk Tabakquelle,,,52.5292651,13.470346,11011011,Lichtenberg,1111,Fennpfuhl,,
1692613261,Alan Minimarket,,,52.4558558,13.5774293,11009009,Treptow-Köpenick,0910,Köpenick,,
1692613275,Obst Gemüse Getränke Lebensmittel,,,52.4556392,13.5772838,11009009,Treptow-Köpenick,0910,Köpenick,,
1696655994,Sun-Kiez,,,52.4205796,13.4803122,11008008,Neukölln,0805,Gropiusstadt,,
1696709223,Night & Daily,,Hasan Faruk Oenal,52.533697,13.4306174,11003003,Pankow,0301,Prenzlauer Berg,,
1697457370,Ditsch,,,52.4794383,13.3523963,11007007,Tempelhof-Schöneberg,0701,Schöneberg,,
1702800920,Kiosk,,,52.5069253,13.5583862,11010010,Marzahn-Hellersdorf,1002,Biesdorf,,
1706140465,Reisebedarf,,,52.4930955,13.4607869,11009009,Treptow-Köpenick,0901,Alt-Treptow,,
1712622960,Laws,,,52.4513964,13.3300295,11006006,Steglitz-Zehlendorf,0601,Steglitz,,
1713176030,Azzam,,,52.4901887,13.3612234,11007007,Tempelhof-Schöneberg,0701,Schöneberg,,
1713177124,நாகம்மா புடவையகம்,,,52.4902201,13.3615476,11007007,Tempelhof-Schöneberg,0701,Schöneberg,,
1730496048,,,,52.5505017,13.4133714,11003003,Pankow,0301,Prenzlauer Berg,,
1742948314,Bäckerei Ergün,,,52.5429314,13.4232484,11003003,Pankow,0301,Prenzlauer Berg,,
1743741230,Spätkauf,,,52.5062656,13.2835133,11004004,Charlottenburg-Wilmersdorf,0401,Charlottenburg,,
1746712025,,,,52.5035876,13.3469917,11007007,Tempelhof-Schöneberg,0701,Schöneberg,,
1758891018,MEY,,,52.5122969,13.4697138,11002002,Friedrichshain-Kreuzberg,0201,Friedrichshain,,
1766031942,späti,,,52.4973075,13.4452756,11002002,Friedrichshain-Kreuzberg,0202,Kreuzberg,,
1766863402,Geli's Kiosk,,,52.5844521,13.3026333,11012012,Reinickendorf,1211,Borsigwalde,,
1766863412,Ernst 693,,,52.5839404,13.3022846,11012012,Reinickendorf,1211,Borsigwalde,,
1769968053,,,,52.543873,13.4120203,11003003,Pankow,0301,Prenzlauer Berg,,
1777152612,Alkassem,,,52.5710306,13.5636644,11010010,Marzahn-Hellersdorf,1001,Marzahn,,
1778043114,Spätkauf,,,52.4902161,13.4195684,11002002,Friedrichshain-Kreuzberg,0202,Kreuzberg,,
1781337896,Eckert,,,52.5137644,13.5201023,11010010,Marzahn-Hellersdorf,1001,Marzahn,+49305139217,https://filialfinder.ugde.com/poi/eckert-berlin-832685/
1781504927,Lehrter Shop,,,52.5260626,13.3653911,11001001,Mitte,0102,Moabit,,
1790063505,Lotto-Laden/Post Zeybek,,,52.5112515,13.2980069,11004004,Charlottenburg-Wilmersdorf,0401,Charlottenburg,,
1790770937,Netpoint,,,52.4950104,13.4328305,11002002,Friedrichshain-Kreuzberg,0202,Kreuzberg,,
1795585824,Tabakoweide,,,52.4588761,13.5271663,11009009,Treptow-Köpenick,0909,Oberschöneweide,,
1797419737,,,,52.45548,13.577146,11009009,Treptow-Köpenick,0910,Köpenick,,
1807541768,Bäckerei & Café 36,,,52.497357,13.4249683,11002002,Friedrichshain-Kreuzberg,0202,Kreuzberg,,
1812138865,Mutlu,,,52.5225239,13.4017753,11001001,Mitte,0101,Mitte,,
1813045840,Minimarkt am ZOO,,,52.504722,13.3418655,11007007,Tempelhof-Schöneberg,0701,Schöneberg,,
1814105912,Central Coffee,,,52.5049337,13.3910364,11002002,Friedrichshain-Kreuzberg,0202,Kreuzberg,,
1814543072,The 25 Hours Store,,,52.5218797,13.4149964,11001001,Mitte,0101,Mitte,,
1820978713,Späti 4 You,,,52.4998238,13.3631301,11001001,Mitte,0104,Tiergarten,,
1825676991,,,,52.506035,13.3211593,11004004,Charlottenburg-Wilmersdorf,0401,Charlottenburg,,
1831972687,Vervielfältigungsservice Breitfeld,,,52.550518,13.418591,11003003,Pankow,0301,Prenzlauer Berg,,
1843136483,Spektrum Lebensfreude,,,52.5495578,13.4238982,11003003,Pankow,0301,Prenzlauer Berg,,
1845262965,pir Getränke,,,52.5647786,13.3942494,11003003,Pankow,0307,Pankow,,
1847156092,Tausend Dinge,,,52.5637284,13.3923484,11001001,Mitte,0106,Gesundbrunnen,,
1848909329,Eck Oase,,,52.4814436,13.4295163,11008008,Neukölln,0801,Neukölln,,
1862169692,Kiezladen,,,52.5102529,13.459522,11002002,Friedrichshain-Kreuzberg,0201,Friedrichshain,,
1866365545,Internet-Telecafe,,,52.5254005,13.3415781,11001001,Mitte,0102,Moabit,,
1875070756,Späti Bro's,,,52.5348742,13.4220914,11003003,Pankow,0301,Prenzlauer Berg,,
1901112265,Stein Metz Spätkauf,,,52.4914731,13.3619397,11007007,Tempelhof-Schöneberg,0701,Schöneberg,,
1907577425,Spätkauf,,,52.4853925,13.43274,11008008,Neukölln,0801,Neukölln,,
1909902419,Back&Caffee Eck,,,52.5177636,13.4688049,11002002,Friedrichshain-Kreuzberg,0201,Friedrichshain,,
1909993568,Eckert,,,52.527952,13.5377778,11010010,Marzahn-Hellersdorf,1001,Marzahn,,
1912183755,GP GetränkeMarkt,,,52.5324805,13.3287154,11001001,Mitte,0102,Moabit,,
1915389772,Keno,,,52.5167713,13.3077057,11004004,Charlottenburg-Wilmersdorf,0401,Charlottenburg,,
1915589274,Lotto Lotto,,,52.4979431,13.3540304,11007007,Tempelhof-Schöneberg,0701,Schöneberg,,
1923316601,cebe Werksverkauf,,,52.4724586,13.4592904,11008008,Neukölln,0801,Neukölln,,https://www.wilhelmreuss.com/
1923320817,Milchhof Mendler,,,52.4107485,13.5184591,11008008,Neukölln,0804,Rudow,,https://www.milchhof-mendler.de/
1928634713,Presseshop & Spätkauf,,,52.533499,13.406941,11001001,Mitte,0101,Mitte,,
1928636123,Spätkauf,,,52.5328558,13.4070136,11003003,Pankow,0301,Prenzlauer Berg,,https://www.leute-am-teute.de/2013/01/25/spatkauf-in-der-choriner-strase/
1943486650,Can Kiosk,,,52.5101636,13.4554347,11002002,Friedrichshain-Kreuzberg,0201,Friedrichshain,,
1943719522,BlooPP Späti,,,52.5103173,13.4531248,11002002,Friedrichshain-Kreuzberg,0201,Friedrichshain,,
1947086939,Späti Alte Apotheke,,,52.4906122,13.3925282,11002002,Friedrichshain-Kreuzberg,0202,Kreuzberg,,
1948899764,Sidar Mini Market,,,52.518686,13.2877301,11004004,Charlottenburg-Wilmersdorf,0401,Charlottenburg,,
1964250493,Asia • Obst • Gemüse • Getränke • Tabak • Lebensmittel,,,52.5330094,13.4223583,11003003,Pankow,0301,Prenzlauer Berg,,
1964324882,Kollwitz Surf House,,,52.5329666,13.4139849,11003003,Pankow,0301,Prenzlauer Berg,,
1964705744,,Agip,Hans-Joachim Rühlemann,52.6407033,13.2435244,,,,,,
1964964493,Kiosk bei Ela-Ma,,,52.4384165,13.3444056,11006006,Steglitz-Zehlendorf,0603,Lankwitz,,
1965270924,Kiosk 23,,,52.4848909,13.4279806,11008008,Neukölln,0801,Neukölln,,
1965270960,CAN Getränke,,,52.4842379,13.4285263,11008008,Neukölln,0801,Neukölln,,
1965863431,Spätverkauf und Internet,,,52.4968006,13.4331118,11002002,Friedrichshain-Kreuzberg,0202,Kreuzberg,,
1966836915,Micha's Marktplatz,,,52.5176047,13.3179411,11004004,Charlottenburg-Wilmersdorf,0401,Charlottenburg,,
1968788094,Presse & Tabak,,,52.4034884,13.2198898,,,,,,
1979735269,Weltladen A Janela,,,52.4965201,13.3198419,11004004,Charlottenburg-Wilmersdorf,0402,Wilmersdorf,+49 30 88680877,https://www.ajanela.de/
1979799014,Sibir,,TOPP TIPP Gastro UG,52.439069,13.5509485,11009009,Treptow-Köpenick,0907,Adlershof,+49 176 62062793,
1979921493,,,,52.5020269,13.3137466,11004004,Charlottenburg-Wilmersdorf,0401,Charlottenburg,,
1980987092,Kiez Shop,,,52.5149112,13.4648549,11002002,Friedrichshain-Kreuzberg,0201,Friedrichshain,,
1981140798,Mini Markt,,,52.515992,13.4824955,11011011,Lichtenberg,1103,Lichtenberg,,
1985536781,Automatico,,,52.4909025,13.325004,11004004,Charlottenburg-Wilmersdorf,0402,Wilmersdorf,,https://www.automatico.store/
1988000838,Jashims Tante-Emma-Laden,,,52.5537373,13.3391054,11001001,Mitte,0105,Wedding,,
1988055925,Isi's Kiosk,,,52.5524245,13.3420165,11001001,Mitte,0105,Wedding,,
2013009721,Burcak 36,,,52.4950407,13.4210778,11008008,Neukölln,0801,Neukölln,,
2018955359,Kompakt Kauf,,,52.4502669,13.254287,11006006,Steglitz-Zehlendorf,0604,Zehlendorf,,https://onkeltomsladenstrasse.de/kompakt-kauf/
2018958606,Reformhaus Demski,,,52.4494832,13.2519251,11006006,Steglitz-Zehlendorf,0604,Zehlendorf,,https://demski.de/filialen/onkel-tom-strasse/
2018959799,Reformhaus Demski,,,52.4420764,13.2410664,11006006,Steglitz-Zehlendorf,0604,Zehlendorf,,https://demski.de/filialen/fischerhuettenstrasse/
2021286592,Kiosk,DHL,,52.4989616,13.3135951,11004004,Charlottenburg-Wilmersdorf,0402,Wilmersdorf,,
2026247348,Lotto und Zeitungen,,,52.5247267,13.5577815,11010010,Marzahn-Hellersdorf,1002,Biesdorf,,
2029768594,Kantshop,Deutsche Post;DHL;Postbank;Western Union,,52.5065814,13.3119339,11004004,Charlottenburg-Wilmersdorf,0401,Charlottenburg,,
2038240156,Kiosk und BVG Fahrkartenverkauf,,,52.5210134,13.5887566,11010010,Marzahn-Hellersdorf,1005,Hellersdorf,,
2072375894,Kaiser Kiosk,,,52.4869402,13.35674,11007007,Tempelhof-Schöneberg,0701,Schöneberg,,
2072853940,Späti International,,,52.486351,13.4350101,11008008,Neukölln,0801,Neukölln,,
2082394911,Späti 1920,,,52.506901,13.313768,11004004,Charlottenburg-Wilmersdorf,0401,Charlottenburg,,
2086361730,Zossener Eck Kiosk,,,52.4911812,13.3945116,11002002,Friedrichshain-Kreuzberg,0202,Kreuzberg,,
2095900342,Tabakfreunde,,,52.4994253,13.3074996,11004004,Charlottenburg-Wilmersdorf,0402,Wilmersdorf,,
2098290154,Reformhaus Demski,,,52.4355659,13.3449495,11006006,Steglitz-Zehlendorf,0603,Lankwitz,,https://demski.de/filialen/kaiser-wilhelm-strasse/
2108116781,Gökis Tabak & Zeitschriften,,,52.5508958,13.3595286,11001001,Mitte,0105,Wedding,,
2126092520,Trinko Store,,,52.4883647,13.4265249,11008008,Neukölln,0801,Neukölln,,
2127393893,Backshop,,,52.5504744,13.363221,11001001,Mitte,0105,Wedding,,
2127767835,Asia Markt,,,52.6765305,13.5917451,,,,,,
2131565441,Feinkost Häusler,,,52.4554898,13.32583,11006006,Steglitz-Zehlendorf,0601,Steglitz,+49 30 79016131,https://www.polskashop.de/
2135492742,,,,52.5028735,13.4296696,11002002,Friedrichshain-Kreuzberg,0202,Kreuzberg,,
2148260152,Flora Bäckerei & Spätkauf,,,52.5657292,13.3969445,11003003,Pankow,0307,Pankow,,
2158243123,Kiosk am Funkturm,,,52.5096638,13.2840145,11004004,Charlottenburg-Wilmersdorf,0405,Westend,,
2158243124,happy shop,,,52.5086331,13.2852671,11004004,Charlottenburg-Wilmersdorf,0401,Charlottenburg,,
2181020733,,,,52.5810487,13.288924,11012012,Reinickendorf,1202,Tegel,,
2181178527,Tobacco & Drinks,,,52.506863,13.394766,11002002,Friedrichshain-Kreuzberg,0202,Kreuzberg,,
2183841807,E-36 Late Night,,,52.505174,13.3862351,11002002,Friedrichshain-Kreuzberg,0202,Kreuzberg,,
2190106003,Intern@net Call-Center,,,52.4903911,13.3862445,11002002,Friedrichshain-Kreuzberg,0202,Kreuzberg,,
2215069772,Berlin Spätkauf,,,52.4706559,13.4293358,11008008,Neukölln,0801,Neukölln,,
2245080185,Lotto-Tabak-Shop,,,52.4663491,13.4323085,11008008,Neukölln,0801,Neukölln,+49 30 93958000,
2266759473,Aqua Getränke- und Weinhandlung,,,52.4909141,13.3961061,11002002,Friedrichshain-Kreuzberg,0202,Kreuzberg,,
2273485076,Tabak-Presse-Lotto,,,52.5745542,13.5094063,11011011,Lichtenberg,1109,Neu-Hohenschönhausen,,
2277222193,Steinecke,,,52.6586748,13.5329239,,,,,,
2281112713,Quadro 7,,,52.5217854,13.3253486,11004004,Charlottenburg-Wilmersdorf,0401,Charlottenburg,,
2283016893,Der Kiezladen,,,52.5173986,13.2808959,11004004,Charlottenburg-Wilmersdorf,0405,Westend,,
2285962041,Kısmet Market,,,52.4593252,13.3765862,11007007,Tempelhof-Schöneberg,0703,Tempelhof,,
2287699197,Asia Markt,,,52.51037,13.408449,11001001,Mitte,0101,Mitte,,
2288123588,MOABeat,,,52.5206882,13.3525547,11001001,Mitte,0102,Moabit,,
2290594738,Tabak-Lotto,,,52.474102,13.4267209,11008008,Neukölln,0801,Neukölln,,
2296927807,Doppelpack Handels GmbH,,,52.564078,13.4025395,11003003,Pankow,0307,Pankow,,http://www.doppel-pack.de/
2297383210,Ultra Kiosk,,,52.5465572,13.3624695,11001001,Mitte,0105,Wedding,,
2298929614,,,,52.5481493,13.3669052,11001001,Mitte,0105,Wedding,,
2300052118,First Class Telecafe,,,52.5498899,13.3642803,11001001,Mitte,0105,Wedding,,
2300052127,Max-Multi Shop,,,52.5500164,13.3640322,11001001,Mitte,0105,Wedding,,
2301610392,Sen Market,,,52.5500185,13.3644884,11001001,Mitte,0105,Wedding,,
2301610395,Spätshop,,,52.5515966,13.3669496,11001001,Mitte,0105,Wedding,,
2301610464,,,,52.5517957,13.3668447,11001001,Mitte,0105,Wedding,,
2301610475,Späti 65,,,52.5520262,13.3667233,11001001,Mitte,0105,Wedding,,
2302013308,Kiosk am Ostbahnhof,,,52.5114952,13.4344686,11002002,Friedrichshain-Kreuzberg,0201,Friedrichshain,,
2303114798,Abritus,,,52.5490483,13.3638703,11001001,Mitte,0105,Wedding,,
2303114813,Afroshop Marula,,,52.5492312,13.3641607,11001001,Mitte,0105,Wedding,,
2303852086,C&C,,,52.5466435,13.3582848,11001001,Mitte,0105,Wedding,,
2305236082,Backshop Spätverkauf,,,52.5474713,13.3649186,11001001,Mitte,0105,Wedding,,
2306426962,,,,52.5420164,13.3553233,11001001,Mitte,0105,Wedding,,
2306709231,Späti,,,52.5034399,13.3051927,11004004,Charlottenburg-Wilmersdorf,0401,Charlottenburg,,
2325901148,City Kiosk,,,52.4998578,13.3081107,11004004,Charlottenburg-Wilmersdorf,0402,Wilmersdorf,,
2332757501,Antipasto,,,52.4638287,13.4337581,11008008,Neukölln,0801,Neukölln,,
2335055081,Kiosk am Mariannen,,,52.5016238,13.4238345,11002002,Friedrichshain-Kreuzberg,0202,Kreuzberg,,
2335083233,Day & Night Shop,,,52.5123328,13.4540704,11002002,Friedrichshain-Kreuzberg,0201,Friedrichshain,,
2335091426,Mini Markt,,,52.5120577,13.4557455,11002002,Friedrichshain-Kreuzberg,0201,Friedrichshain,,
2335156487,Royal Getränke,,,52.4851632,13.4274331,11008008,Neukölln,0801,Neukölln,,
2335271957,Markt Halle,,,52.5109348,13.4564398,11002002,Friedrichshain-Kreuzberg,0201,Friedrichshain,,
2342347250,Spätkauf,,,52.469581,13.438672,11008008,Neukölln,0801,Neukölln,,
2352412654,T.G.E.,,,52.5060444,13.3151924,11004004,Charlottenburg-Wilmersdorf,0401,Charlottenburg,,
2352673943,Kollektiv Bioase,,Kollektiv Bioase,52.4754348,13.4395206,11008008,Neukölln,0801,Neukölln,+49 30 36461211,https://bioase.berlin
2361562308,Elas Spätkauf 35,,,52.4838713,13.3833386,11007007,Tempelhof-Schöneberg,0703,Tempelhof,,
2388288123,Kiosk,,,52.4481896,13.3054897,11006006,Steglitz-Zehlendorf,0602,Lichterfelde,,
2392828860,TT88 Asian Mini Markt,,,52.529265,13.4055624,11001001,Mitte,0101,Mitte,,
2402138985,Spätkauf 48,,,52.4220388,13.3706571,11007007,Tempelhof-Schöneberg,0705,Marienfelde,,
2402339483,Cennet,,,52.4900644,13.405571,11002002,Friedrichshain-Kreuzberg,0202,Kreuzberg,,
2402905128,Spätkauf,,,52.5042531,13.3435149,11007007,Tempelhof-Schöneberg,0701,Schöneberg,,
2403972911,Getränkeshop,,,52.5023513,13.4564495,11002002,Friedrichshain-Kreuzberg,0201,Friedrichshain,,
2420799063,Clerk's Späti,,,52.5521543,13.4119221,11003003,Pankow,0301,Prenzlauer Berg,,
2420918363,Mini Markt Tieba,,,52.584,13.3023832,11012012,Reinickendorf,1211,Borsigwalde,,
2423398551,"momentan geschlossen""",,,52.5104141,13.2440033,11004004,Charlottenburg-Wilmersdorf,0405,Westend,,
2429480918,Jung Shop,,,52.5112438,13.4654553,11002002,Friedrichshain-Kreuzberg,0201,Friedrichshain,,
2429501927,Meet Kiosk Spätverkauf,,,52.5099712,13.4579456,11002002,Friedrichshain-Kreuzberg,0201,Friedrichshain,,
2432876317,Kiosk Burhan Aykut,,,52.5022754,13.4326809,11002002,Friedrichshain-Kreuzberg,0202,Kreuzberg,,
2438849736,Select Drinks & More,,,52.5090686,13.4591398,11002002,Friedrichshain-Kreuzberg,0201,Friedrichshain,,
2445456646,Sweet Mini Markt,,,52.4869618,13.3200768,11004004,Charlottenburg-Wilmersdorf,0402,Wilmersdorf,,
2454016986,ServiceStore DB,ServiceStore DB,,52.506704,13.2829353,11004004,Charlottenburg-Wilmersdorf,0401,Charlottenburg,,
2454290040,Spätkauf,,,52.4842094,13.3616064,11007007,Tempelhof-Schöneberg,0701,Schöneberg,,
2468120437,Mehring Spätshop,,,52.493319,13.3875716,11002002,Friedrichshain-Kreuzberg,0202,Kreuzberg,,
2472420567,ServiceStore DB,ServiceStore DB,,52.4966234,13.2900922,11004004,Charlottenburg-Wilmersdorf,0407,Halensee,,
2481415292,Drink More,,,52.4913075,13.3769934,11002002,Friedrichshain-Kreuzberg,0202,Kreuzberg,,
2484347004,Heil Quelle,,,52.4868603,13.4307177,11008008,Neukölln,0801,Neukölln,+49 30 62727822,http://www.heil-quelle-berlin.de
2484347012,Havin,,,52.4861775,13.4305783,11008008,Neukölln,0801,Neukölln,,
2485492744,DHL BVG Kiosk,DHL,,52.492694,13.4219892,11002002,Friedrichshain-Kreuzberg,0202,Kreuzberg,,
2495556335,Zigarren Lotto Post (Deutsche Post Filiale 578),,,52.4895209,13.3898936,11002002,Friedrichshain-Kreuzberg,0202,Kreuzberg,,https://deutschepost.de/
2496651179,Café Tinto,,,52.4923797,13.3878394,11002002,Friedrichshain-Kreuzberg,0202,Kreuzberg,,
2496651330,Ki-Ba Kiosk Back Shop,,,52.4920204,13.3905947,11002002,Friedrichshain-Kreuzberg,0202,Kreuzberg,,
2496789945,Lotto Zeitungen Tabak,,,52.4905731,13.3939419,11002002,Friedrichshain-Kreuzberg,0202,Kreuzberg,,
2496841605,Spätkauf Snacks Drinks & More,,,52.5101364,13.4583749,11002002,Friedrichshain-Kreuzberg,0201,Friedrichshain,,
2522247541,Night Shop,,,52.5112706,13.2978947,11004004,Charlottenburg-Wilmersdorf,0401,Charlottenburg,,
2532870781,TAEO Thai Supermarkt,,,52.5072938,13.3091842,11004004,Charlottenburg-Wilmersdorf,0401,Charlottenburg,,
2533442347,Spätkauf,,,52.4946511,13.3567843,11007007,Tempelhof-Schöneberg,0701,Schöneberg,,
2538714890,Duman Spätkauf - Lyca Mobile Partner,,,52.5429975,13.4405078,11003003,Pankow,0301,Prenzlauer Berg,,
2541043788,Juwelier Saphir,,,52.4746738,13.4402449,11008008,Neukölln,0801,Neukölln,+49 30 23367505,
2541114283,,,Bülent Akkan,52.4740994,13.4406055,11008008,Neukölln,0801,Neukölln,,
2552465120,Spätk@uf Internetcafe,,,52.4947582,13.3608053,11007007,Tempelhof-Schöneberg,0701,Schöneberg,,
2557705836,Kiez Shop,,,52.5266073,13.3396977,11001001,Mitte,0102,Moabit,,
2566382658,Back & Späti,,,52.5457718,13.3796045,11001001,Mitte,0106,Gesundbrunnen,,
2571168397,Samariter Tourist Shop,,,52.5167129,13.4654773,11002002,Friedrichshain-Kreuzberg,0201,Friedrichshain,,
2591225594,Alpha and Omega International Afro Shop,,,52.4881174,13.4263919,11008008,Neukölln,0801,Neukölln,,https://www.alphaandomegaafroshop.com/
2618499940,ASIA Lebensmittel,,,52.4381824,13.5491157,11009009,Treptow-Köpenick,0907,Adlershof,,
2621476022,,,,52.6681837,13.5823459,,,,,,
2625393031,Bauerngarten,,,52.4958735,13.4156315,11002002,Friedrichshain-Kreuzberg,0202,Kreuzberg,,
2626495816,,,,52.449037,13.3554197,11006006,Steglitz-Zehlendorf,0601,Steglitz,,
2631445467,Spätkauf Stadt-Kiosk,,,52.4694557,13.4375405,11008008,Neukölln,0801,Neukölln,,
2632665475,Kietz Kiosk,,,52.4436451,13.5777286,11009009,Treptow-Köpenick,0910,Köpenick,,
2638723694,Bistro am Magdeburger Platz,,,52.5040091,13.3615097,11001001,Mitte,0104,Tiergarten,,
2641521427,Drinkshop,,,52.4994276,13.4275171,11002002,Friedrichshain-Kreuzberg,0202,Kreuzberg,,
2641521428,Dusk till Dawn,,,52.4995051,13.4286715,11002002,Friedrichshain-Kreuzberg,0202,Kreuzberg,,
2654574019,Moonshine Spätkauf,,,52.5243154,13.3300717,11001001,Mitte,0102,Moabit,,
2657734846,Späti 124,,,52.464813,13.4326324,11008008,Neukölln,0801,Neukölln,,
2663080756,Kiez Einkaufseck,,,52.5041947,13.4791072,11011011,Lichtenberg,1112,Rummelsburg,,
2688507896,Azam Getränkeshop Spätkauf,,,52.4709529,13.4456029,11008008,Neukölln,0801,Neukölln,,
2690026209,Best of Späti,,,52.506498,13.4703422,11002002,Friedrichshain-Kreuzberg,0201,Friedrichshain,,
2690158006,Lillone,,,52.6369941,13.371026,,,,,,https://lillone-feinkost.de/
2727935365,Mini Markt,,,52.5293432,13.3172393,11001001,Mitte,0102,Moabit,,
2729010572,Semsur,,,52.466622,13.4315906,11008008,Neukölln,0801,Neukölln,,
2730990672,Tabak- & Presseshop,,,52.5569821,13.3915382,11001001,Mitte,0106,Gesundbrunnen,,
2736043858,Spät & Backshop,,,52.5396596,13.3712046,11001001,Mitte,0106,Gesundbrunnen,,
2745722989,Asia - asiatische Lebensmittel Geschenkartikel,,,52.5269513,13.3401211,11001001,Mitte,0102,Moabit,,
2752211152,Akso Export,,,52.5567265,13.3851562,11001001,Mitte,0106,Gesundbrunnen,,http://www.aksoexport.de/
2752211158,Balkan,,,52.5559834,13.3875475,11001001,Mitte,0106,Gesundbrunnen,,
2752211175,Minimarkt,,,52.5578622,13.3951502,11001001,Mitte,0106,Gesundbrunnen,,
2752211176,Orientshop,,,52.557266,13.3855919,11001001,Mitte,0106,Gesundbrunnen,,
2756495812,Spätkauf,,,52.5244792,13.39243,11001001,Mitte,0101,Mitte,,
2756763461,Yiğido 58 Spätkauf,,,52.5564501,13.3843315,11001001,Mitte,0106,Gesundbrunnen,,
2756763474,Spätkauf,,,52.5638849,13.3916306,11001001,Mitte,0106,Gesundbrunnen,,
2763457950,Ristorante Marco Polo Due,,,52.530091,13.4712206,11011011,Lichtenberg,1111,Fennpfuhl,,
2769572946,T.I.C 2,,,52.5052313,13.379004,11002002,Friedrichshain-Kreuzberg,0202,Kreuzberg,,
2776363663,,,,52.5570549,13.4313836,11003003,Pankow,0302,Weißensee,,
2796270178,See U Späti,,,52.4995723,13.4431934,11002002,Friedrichshain-Kreuzberg,0202,Kreuzberg,,
2796736339,Long Shop,,,52.5233158,13.4039862,11001001,Mitte,0101,Mitte,,
2801187847,7 days Late Shop,,,52.4979731,13.3190554,11004004,Charlottenburg-Wilmersdorf,0402,Wilmersdorf,,
2813482370,Drinks' Shop Hermann Platz,Lycamobile,,52.4878189,13.4259311,11008008,Neukölln,0801,Neukölln,,
2824979767,Camel,,,52.5151001,13.4630917,11002002,Friedrichshain-Kreuzberg,0201,Friedrichshain,,
2827585866,Ed & Fred Nussdepot,,,52.5278526,13.3258011,11001001,Mitte,0102,Moabit,+49 30 39878364,http://www.genuss-roesterei.eu
2827585872,Kiosk für den Kiez,,,52.5276802,13.3275064,11001001,Mitte,0102,Moabit,,
2827585874,Rostocker Getränke,,,52.5277348,13.3269872,11001001,Mitte,0102,Moabit,,
2834832470,Lotto Post Tabak,,,52.5322847,13.4352557,11003003,Pankow,0301,Prenzlauer Berg,,
2860326047,Tam Phuc Asia Shop Spätkauf,,,52.537134,13.3971706,11001001,Mitte,0101,Mitte,,
2862295897,Djangos Place,,,52.5198802,13.4525636,11002002,Friedrichshain-Kreuzberg,0201,Friedrichshain,,
2874686038,Infinity,,,52.4957469,13.3634199,11007007,Tempelhof-Schöneberg,0701,Schöneberg,,
2874686040,Schland Night Shop,,,52.4951614,13.365856,11007007,Tempelhof-Schöneberg,0701,Schöneberg,,
2874933561,Moonshine Deluxe,,,52.5299275,13.3450894,11001001,Mitte,0102,Moabit,,
2881543413,Hofladen im Kiez (Bioladen),,,52.4768463,13.2902977,11004004,Charlottenburg-Wilmersdorf,0403,Schmargendorf,,
2886852045,Elan,Elan,,52.5583444,13.4326989,11003003,Pankow,0304,Heinersdorf,,
2926167818,Späti47,,,52.4872469,13.4264387,11008008,Neukölln,0801,Neukölln,,
2935214601,Akasya Spätkauf,,,52.5014304,13.4236592,11002002,Friedrichshain-Kreuzberg,0202,Kreuzberg,,
2935241502,Abschnitt 36,,,52.4998177,13.4270118,11002002,Friedrichshain-Kreuzberg,0202,Kreuzberg,,
2935252601,Lotto,,,52.497676,13.4237733,11002002,Friedrichshain-Kreuzberg,0202,Kreuzberg,,
2935337185,unser Kiosk 24h,,,52.4720119,13.3354852,11007007,Tempelhof-Schöneberg,0702,Friedenau,,
2935386822,Elbe Getränke,,,52.4840417,13.4400067,11008008,Neukölln,0801,Neukölln,,
2935555501,MultiMarkt,,,52.5085877,13.4622046,11002002,Friedrichshain-Kreuzberg,0201,Friedrichshain,,
2953781233,Spätkauf,,,52.5645334,13.3635767,11012012,Reinickendorf,1201,Reinickendorf,,
2953846658,Kaufshop Bafi,,,52.5608633,13.37182,11012012,Reinickendorf,1201,Reinickendorf,,
2958353241,SpätiPate,,,52.5859354,13.4022828,11003003,Pankow,0311,Niederschönhausen,,
2959691582,Kiosk Kennsu,,,52.6771061,13.5844642,,,,,,
2962777900,Späti am Stutti,,,52.5060281,13.3021549,11004004,Charlottenburg-Wilmersdorf,0401,Charlottenburg,,
2973862795,#mein Spaetkauf,,,52.4881456,13.3019098,11004004,Charlottenburg-Wilmersdorf,0402,Wilmersdorf,,
2987804839,Miss and Mister,,,52.4927967,13.3695214,11007007,Tempelhof-Schöneberg,0701,Schöneberg,,
3004064464,Weltladen Köpenick,,Evangelische St.-Lauremtius-Kirchengemeinde Köpenick,52.455164,13.576912,11009009,Treptow-Köpenick,0910,Köpenick,,
3036814107,Spätkauf,,,52.502723,13.3862356,11002002,Friedrichshain-Kreuzberg,0202,Kreuzberg,,
3046719428,,,,52.5201646,13.2672948,11004004,Charlottenburg-Wilmersdorf,0405,Westend,,
3072013563,Botan Späti,,,52.5177493,13.453781,11002002,Friedrichshain-Kreuzberg,0201,Friedrichshain,,
3072345435,,,,52.4899997,13.3393218,11007007,Tempelhof-Schöneberg,0701,Schöneberg,,
3072944033,Getränke-Tabakwaren-Zeitschriften,,,52.4910584,13.3688981,11007007,Tempelhof-Schöneberg,0701,Schöneberg,,
3073260197,Spätkauf Wrangelkiez,,,52.4994226,13.439601,11002002,Friedrichshain-Kreuzberg,0202,Kreuzberg,,
3073291314,Spätverkauf,,,52.4992017,13.4407618,11002002,Friedrichshain-Kreuzberg,0202,Kreuzberg,,
3073294135,Kiosque deluxe Post und Zeitung,,,52.4991081,13.4409258,11002002,Friedrichshain-Kreuzberg,0202,Kreuzberg,,
3074531911,Original Unverpackt,,Original Unverpackt UG,52.4977813,13.4301896,11002002,Friedrichshain-Kreuzberg,0202,Kreuzberg,,
3098130150,,,,52.5299404,13.4025037,11001001,Mitte,0101,Mitte,,
3113099753,Spätkauf,,Späti,52.4571231,13.5808138,11009009,Treptow-Köpenick,0910,Köpenick,,
3113256766,Spätkauf 36,,,52.4899935,13.379083,11002002,Friedrichshain-Kreuzberg,0202,Kreuzberg,,
3113263544,Kolibri,,,52.5101474,13.3362725,11001001,Mitte,0104,Tiergarten,,
3140301723,Müller Eck,,,52.5434051,13.3638855,11001001,Mitte,0105,Wedding,,
3140302231,Tele Cafe,,,52.5428973,13.3630973,11001001,Mitte,0105,Wedding,,
3149431447,Krokodil Späti,,,52.5423337,13.3538487,11001001,Mitte,0105,Wedding,,
3157747970,Kiosk,,,52.524287,13.3764534,11001001,Mitte,0101,Mitte,,
3194403750,Kiosk,,,52.4144672,13.2667275,11006006,Steglitz-Zehlendorf,0604,Zehlendorf,,
3209504900,Late Shop,,,52.5014884,13.4415781,11002002,Friedrichshain-Kreuzberg,0202,Kreuzberg,,
3215985724,Uli’s Spätkauf,,,52.5026914,13.4222961,11002002,Friedrichshain-Kreuzberg,0202,Kreuzberg,,
3221929062,Der kleine Laden Spätkauf,,,52.5450464,13.3777723,11001001,Mitte,0106,Gesundbrunnen,,
3225762385,ServiceStore DB,ServiceStore DB,,52.4708617,13.3852966,11007007,Tempelhof-Schöneberg,0703,Tempelhof,,
3239265254,"Stern Backshop, Stehcafe, Kiosk",,,52.5030542,13.4888767,11011011,Lichtenberg,1112,Rummelsburg,,
3267343770,Kwik Markt,,,52.4239772,13.4576292,11008008,Neukölln,0805,Gropiusstadt,,
3284007561,Back & Spätshop,,,52.562069,13.359624,11012012,Reinickendorf,1201,Reinickendorf,,
3286264361,Mauerkiosk,,,52.5385789,13.3980036,11001001,Mitte,0101,Mitte,,
3306498748,Kiezmarkt,,Monika Grugel,52.5528632,13.4062087,11003003,Pankow,0301,Prenzlauer Berg,+49 30 4448787,
3312315281,Spätinn2,,,52.4791939,13.441365,11008008,Neukölln,0801,Neukölln,,
3333071085,Kiosk,,,52.6078582,13.2349572,11012012,Reinickendorf,1204,Heiligensee,,
3348712211,Kiezkiosk,,,52.5008448,13.408786,11002002,Friedrichshain-Kreuzberg,0202,Kreuzberg,,
3362345317,Familia Market,,,52.5657443,13.3203746,11012012,Reinickendorf,1201,Reinickendorf,,
3372213949,Kiosk,,,52.563271,13.3269985,11012012,Reinickendorf,1201,Reinickendorf,,
3373144216,JWANspäti,,,52.4835558,13.4423444,11008008,Neukölln,0801,Neukölln,,
3383020379,Spätshop + Bäckerei,,,52.5540195,13.423999,11003003,Pankow,0307,Pankow,,
3384540738,Spätkauf,,,52.5565726,13.4148027,11003003,Pankow,0307,Pankow,,
3391048641,Alena Shop,,,52.5152818,13.4781424,11011011,Lichtenberg,1103,Lichtenberg,,
3391940195,Spätkauf am Q'damm,,,52.4975288,13.2906187,11004004,Charlottenburg-Wilmersdorf,0407,Halensee,,
3393706957,Spätkauf,,,52.5533461,13.4148575,11003003,Pankow,0301,Prenzlauer Berg,,
3393947819,Tabak Presse,,,52.5519495,13.3578031,11001001,Mitte,0105,Wedding,,
3398525115,Eldenaer Spätkauf 28,,,52.5202178,13.4691741,11002002,Friedrichshain-Kreuzberg,0201,Friedrichshain,,
3400606710,Storkower Shop,,,52.5238056,13.4645875,11003003,Pankow,0301,Prenzlauer Berg,,
3404516540,All in One Spätkauf,,,52.5522075,13.3652924,11001001,Mitte,0105,Wedding,,
3409123517,Früchte & Asia-Lebensmittel,,,52.5163714,13.4789615,11011011,Lichtenberg,1103,Lichtenberg,,
3411198699,,,,52.4739517,13.4491334,11008008,Neukölln,0801,Neukölln,,
3442711034,Mamas Spätkauf,,,52.4899211,13.4555955,11009009,Treptow-Köpenick,0901,Alt-Treptow,,
3442719667,M&S Spätkauf,,,52.4917072,13.4462694,11009009,Treptow-Köpenick,0901,Alt-Treptow,,
3442721070,Asia Lebensmittel,,,52.4893607,13.4542337,11009009,Treptow-Köpenick,0901,Alt-Treptow,+49-30-91560131,
3442739322,Ost-West Späti,,,52.4887011,13.4421223,11009009,Treptow-Köpenick,0901,Alt-Treptow,,https://ost-west-spaeti-berlin.eatbu.com
3452115332,Kasatschok Russische Spezialitäten,,,52.5505164,13.4131676,11003003,Pankow,0301,Prenzlauer Berg,,
3465014812,RK Markt,,,52.5534973,13.4125696,11003003,Pankow,0301,Prenzlauer Berg,,
3465014815,Almaraii,,orientalische Lebensmittel,52.5534542,13.4138249,11003003,Pankow,0301,Prenzlauer Berg,,
3465036384,,,,52.554156,13.4150309,11003003,Pankow,0307,Pankow,,
3480272990,Der Weisse Salon,,,52.4968072,13.3557531,11007007,Tempelhof-Schöneberg,0701,Schöneberg,,
3488847982,SR-Kiosk,,,52.4962443,13.3498056,11007007,Tempelhof-Schöneberg,0701,Schöneberg,,
3499262003,Spätkauf,,,52.4937138,13.4213641,11002002,Friedrichshain-Kreuzberg,0202,Kreuzberg,,
3518023167,,,,52.5365725,13.4190049,11003003,Pankow,0301,Prenzlauer Berg,,
3518024330,We Love Späti,,,52.539707,13.4192635,11003003,Pankow,0301,Prenzlauer Berg,,
3525872327,,,,52.5375121,13.4236475,11003003,Pankow,0301,Prenzlauer Berg,,
3530849181,Spätkauf Astier,,,52.5057147,13.3209726,11004004,Charlottenburg-Wilmersdorf,0401,Charlottenburg,,
3570845450,Zora,,,52.4601428,13.3235606,11006006,Steglitz-Zehlendorf,0601,Steglitz,,
3578282893,Minimarkt,,,52.5401614,13.4047421,11003003,Pankow,0301,Prenzlauer Berg,,
3578321975,Oker Markt,,,52.4740238,13.4240611,11008008,Neukölln,0801,Neukölln,,
3590230294,Spätshop,,,52.5053915,13.3270228,11004004,Charlottenburg-Wilmersdorf,0401,Charlottenburg,,
3602855064,KompaktKauf,,,52.5039591,13.3314855,11004004,Charlottenburg-Wilmersdorf,0401,Charlottenburg,,
3615273496,,,,52.5187962,13.4439393,11002002,Friedrichshain-Kreuzberg,0201,Friedrichshain,,
3632641125,Haupt Getränke,,,52.4872311,13.3577362,11007007,Tempelhof-Schöneberg,0701,Schöneberg,,
3632641136,Tabakwaren Zeitschriften,,,52.4842984,13.3532418,11007007,Tempelhof-Schöneberg,0701,Schöneberg,,
3644083993,Lotto,,,52.4456859,13.5630781,11009009,Treptow-Köpenick,0910,Köpenick,,
3644133594,Tobacco & Drinks,,,52.5105338,13.4567401,11002002,Friedrichshain-Kreuzberg,0201,Friedrichshain,,
3644204922,,,,52.468931,13.332197,11007007,Tempelhof-Schöneberg,0702,Friedenau,,
3668356555,Lotto-Toto-Tabak-Center,,,52.4825116,13.5249054,11011011,Lichtenberg,1102,Karlshorst,+49 30 50012826,
3670161824,Kiosk,,,52.4290924,13.3290394,11006006,Steglitz-Zehlendorf,0602,Lichterfelde,,
3677450357,Spätie,,,52.5620681,13.2087876,11005005,Spandau,0507,Hakenfelde,,
3678881034,Spätkauf,,,52.5047344,13.3317291,11004004,Charlottenburg-Wilmersdorf,0401,Charlottenburg,,
3683023907,Express Shop Leo,,,52.5465321,13.359208,11001001,Mitte,0105,Wedding,,
3686251705,Sonnen Spätkauf,,,52.477875,13.4473738,11008008,Neukölln,0801,Neukölln,,
3710407323,Mini Market,,,52.5110557,13.3021293,11004004,Charlottenburg-Wilmersdorf,0401,Charlottenburg,,
3712223323,,,,52.4995004,13.3634241,11007007,Tempelhof-Schöneberg,0701,Schöneberg,,
3712223331,Spätkauf,,,52.4986146,13.3626548,11007007,Tempelhof-Schöneberg,0701,Schöneberg,,
3712391645,Kaiser Spätkauf,,,52.5119663,13.3017081,11004004,Charlottenburg-Wilmersdorf,0401,Charlottenburg,,
3717267112,Lottoshop Tittiseestraße,,,52.6089426,13.3356611,11012012,Reinickendorf,1207,Waidmannslust,,
3717599468,Yorma's,Yorma's,,52.5215326,13.4111495,11001001,Mitte,0101,Mitte,,
3721863451,Späti Bull,,,52.5067185,13.3089922,11004004,Charlottenburg-Wilmersdorf,0401,Charlottenburg,,
3750154925,Spätkauf,,,52.5038328,13.4473675,11002002,Friedrichshain-Kreuzberg,0201,Friedrichshain,,
3757302128,Prime Shop,,,52.5567564,13.3774997,11001001,Mitte,0106,Gesundbrunnen,,
3758651545,Feuer KsoiK,,,52.4637039,13.3322387,11006006,Steglitz-Zehlendorf,0601,Steglitz,,
3758674232,Kiosk Späti,,,52.464366,13.3386596,11006006,Steglitz-Zehlendorf,0601,Steglitz,,
3772659955,Lotto und Zeitschriften Friese,,,52.5649953,13.5062675,11011011,Lichtenberg,1109,Neu-Hohenschönhausen,,
3780185339,Müller-Kiosk / DHL Postfiliale 639,Deutsche Post,,52.5497772,13.3536711,11001001,Mitte,0105,Wedding,,
3780859027,Christian Kowall,,,52.5655004,13.3637597,11012012,Reinickendorf,1201,Reinickendorf,,
3789168245,Asia Supermarkt,,,52.4624408,13.5170444,11009009,Treptow-Köpenick,0909,Oberschöneweide,,
3789175907,,,,52.4621265,13.5169241,11009009,Treptow-Köpenick,0909,Oberschöneweide,,
3789200614,Spätkauf 30,,,52.4617007,13.517886,11009009,Treptow-Köpenick,0909,Oberschöneweide,,
3789268878,Kiosk & Bakery,,Yilmaz Bingöl,52.5107395,13.4492032,11002002,Friedrichshain-Kreuzberg,0201,Friedrichshain,+49 30 293 52 944,
3792656709,Spätkauf 49,,,52.4625301,13.5144455,11009009,Treptow-Köpenick,0909,Oberschöneweide,,
3794192039,Internet Spätkauf,,,52.4835934,13.5256459,11011011,Lichtenberg,1102,Karlshorst,,
3798391366,Späti Wood,,,52.4991411,13.3659567,11007007,Tempelhof-Schöneberg,0701,Schöneberg,,
3803590073,Multi Shop,,,52.5508943,13.3477348,11001001,Mitte,0105,Wedding,,
3811248574,Mini-Markt,,,52.5870126,13.2853657,11012012,Reinickendorf,1202,Tegel,,
3826013967,Late Night Shop,,,52.498849,13.3537781,11007007,Tempelhof-Schöneberg,0701,Schöneberg,,
3862836914,,,,52.5010418,13.3077052,11004004,Charlottenburg-Wilmersdorf,0401,Charlottenburg,,
3874366757,Späti Mustafa,,,52.5064312,13.3999609,11002002,Friedrichshain-Kreuzberg,0202,Kreuzberg,,
3884577676,Spätkauf 24/7,,,52.5242811,13.4176708,11001001,Mitte,0101,Mitte,,
3886927364,Kiosk,,,52.5125551,13.4067388,11001001,Mitte,0101,Mitte,,
3888332839,Asia-Markt Lo,,,52.5162234,13.2937195,11004004,Charlottenburg-Wilmersdorf,0401,Charlottenburg,,
3896292628,Day & Night Shop,,,52.5124095,13.4520316,11002002,Friedrichshain-Kreuzberg,0201,Friedrichshain,,
3900932437,Kulti Kiosk,,,52.5384966,13.4168427,11003003,Pankow,0301,Prenzlauer Berg,,
3901340571,Späti,,,52.5388554,13.410288,11003003,Pankow,0301,Prenzlauer Berg,,
3902729677,Late Night Shop,,,52.5294937,13.401082,11001001,Mitte,0101,Mitte,,
3905682401,Zeitungsladen / Lotto,,,52.46306,13.5137675,11009009,Treptow-Köpenick,0909,Oberschöneweide,,
3906183599,Edison 56,,,52.4637641,13.5135992,11009009,Treptow-Köpenick,0909,Oberschöneweide,,
3906890058,,,,52.5135166,13.4526419,11002002,Friedrichshain-Kreuzberg,0201,Friedrichshain,,
3906974557,Kopernikus Kiosk,,,52.5107407,13.4510868,11002002,Friedrichshain-Kreuzberg,0201,Friedrichshain,,
3907003400,Quick,,,52.5089127,13.4514007,11002002,Friedrichshain-Kreuzberg,0201,Friedrichshain,,
3907014576,Kiezbalkon,,,52.5079859,13.4495868,11002002,Friedrichshain-Kreuzberg,0201,Friedrichshain,,
3909159026,Spätkauf Watt-Eck 81,,,52.4641989,13.510527,11009009,Treptow-Köpenick,0909,Oberschöneweide,,
3909569394,Orient Lebensmittel,,Mohamad Bakkour,52.4581304,13.5113696,11009009,Treptow-Köpenick,0905,Niederschöneweide,,
3912751175,Lotto,,,52.4674855,13.5129843,11009009,Treptow-Köpenick,0909,Oberschöneweide,,
3912873852,,,,52.4350743,13.5597093,11009009,Treptow-Köpenick,0907,Adlershof,,
3912934957,Kiosk,,,52.5053835,13.4492996,11002002,Friedrichshain-Kreuzberg,0201,Friedrichshain,,
3914046328,Albrecht,,,52.4524213,13.3333997,11006006,Steglitz-Zehlendorf,0601,Steglitz,,
3933415411,B&P Spezialmarkt,,,52.5123866,13.4615435,11002002,Friedrichshain-Kreuzberg,0201,Friedrichshain,,
3933417011,Späti Reisebedarf & Souvenirs,,,52.5126319,13.4617026,11002002,Friedrichshain-Kreuzberg,0201,Friedrichshain,,
3937515257,The 25 Hours Store,,,52.5304925,13.4008212,11001001,Mitte,0101,Mitte,,
3937667740,The Market,,,52.5296528,13.3991962,11001001,Mitte,0101,Mitte,,
3937876893,7. Himmel,,,52.5321673,13.3947646,11001001,Mitte,0101,Mitte,,
3942440015,City Kiosk,,,52.5038236,13.3306215,11004004,Charlottenburg-Wilmersdorf,0401,Charlottenburg,,
3954780447,Perle Spätkauf,,,52.5601414,13.3802921,11001001,Mitte,0106,Gesundbrunnen,,
3964501408,ServiceStore DB,ServiceStore DB,,52.5445928,13.4269546,11003003,Pankow,0301,Prenzlauer Berg,,
3968793066,Mini-Markt „Tante Emma Laden 2.0“,,,52.5667036,13.4153573,11003003,Pankow,0307,Pankow,,
3982921773,Spätkauf,,,52.5123086,13.4979315,11011011,Lichtenberg,1103,Lichtenberg,,
3986745461,,,,52.6655411,13.378612,,,,,,
3987047647,Schneller Back & Spätkauf,,,52.4539824,13.5189305,11009009,Treptow-Köpenick,0905,Niederschöneweide,,
3987051080,Spätkauf,,,52.5313867,13.420016,11003003,Pankow,0301,Prenzlauer Berg,,
3987051081,Mercan,,,52.5114739,13.4165742,11001001,Mitte,0101,Mitte,,
3987051082,Berliner Späti e.V.,,,52.4672956,13.4401302,11008008,Neukölln,0801,Neukölln,,
3998796728,Dominicus Spätkauf,,,52.4819011,13.3477339,11007007,Tempelhof-Schöneberg,0701,Schöneberg,,
4004578362,Die Abfüller Lust auf Genuss,,,52.4284692,13.3274133,11006006,Steglitz-Zehlendorf,0602,Lichterfelde,+49159 03 13 29 98,https://www.dieabfueller.de/
4005957127,Wall Kiosk,,,52.5326923,13.3872431,11001001,Mitte,0101,Mitte,,
4006281546,ServiceStore DB,ServiceStore DB,,52.413321,13.573823,11009009,Treptow-Köpenick,0913,Grünau,,
4019236256,Lotto Presse Shop,,,52.5291167,13.3792404,11001001,Mitte,0101,Mitte,,
4029442718,"Kundela, Peter
Lottoannahmestelle",,,52.4545825,13.3240132,11006006,Steglitz-Zehlendorf,0601,Steglitz,,
4041681101,Froyda,,,52.5132473,13.4525501,11002002,Friedrichshain-Kreuzberg,0201,Friedrichshain,,https://froyda.de/
4066840139,Spätkauf OstX,,,52.5051104,13.4673053,11002002,Friedrichshain-Kreuzberg,0201,Friedrichshain,,
4081730095,City-Point-Center,,,52.5268795,13.478518,11011011,Lichtenberg,1111,Fennpfuhl,,
4098463845,Pano Bakery,,,52.4881701,13.3676831,11007007,Tempelhof-Schöneberg,0701,Schöneberg,,
4100572573,Youssef - Orientalische Lebensmittel,,,52.5461198,13.3903162,11001001,Mitte,0106,Gesundbrunnen,,
4100572574,Townie's,,,52.5457552,13.3905897,11001001,Mitte,0106,Gesundbrunnen,,
4102963961,Soda,,,52.5340393,13.4054143,11001001,Mitte,0101,Mitte,,
4109578506,Neon Späti,,,52.5641319,13.3921666,11001001,Mitte,0106,Gesundbrunnen,,
4109584179,Späti,,,52.5643397,13.3925917,11001001,Mitte,0106,Gesundbrunnen,,
4111804289,Spätkauf,,,52.4798299,13.4458594,11008008,Neukölln,0801,Neukölln,,
4131336489,Finesse,,,52.5221331,13.3272761,11004004,Charlottenburg-Wilmersdorf,0401,Charlottenburg,,
4135097790,Spätkauf,,,52.461851,13.4452674,11008008,Neukölln,0802,Britz,+49 30 555 95 393,
4138580438,Atti Asia Markt,,,52.5454693,13.3581119,11001001,Mitte,0105,Wedding,+49 30 46605622,https://www.atti-asia-markt.de/de/
4139402061,Kiosk 45,,,52.5577242,13.3786754,11001001,Mitte,0106,Gesundbrunnen,,
4139411321,Spätkauf,,,52.5574078,13.3778815,11001001,Mitte,0106,Gesundbrunnen,,
4139464889,Adanas Spätkauf,,,52.5531673,13.3870306,11001001,Mitte,0106,Gesundbrunnen,,
4149934389,Kiosk Beycani,,,52.5514807,13.4052058,11003003,Pankow,0301,Prenzlauer Berg,,
4149996991,Kiosk Bäckerei Café,,,52.5292294,13.3002129,11004004,Charlottenburg-Wilmersdorf,0401,Charlottenburg,,
4152750391,H & D Minimarkt,,,52.5322164,13.4405574,11003003,Pankow,0301,Prenzlauer Berg,,
4153062563,SoSo,,,52.517248,13.465326,11002002,Friedrichshain-Kreuzberg,0201,Friedrichshain,,
4155950167,Orsa Discount,,,52.5414938,13.3931469,11001001,Mitte,0106,Gesundbrunnen,,
4157153871,Der Laden,,,52.5183818,13.4654159,11002002,Friedrichshain-Kreuzberg,0201,Friedrichshain,,
4171849091,,,,52.5157505,13.2602107,11004004,Charlottenburg-Wilmersdorf,0405,Westend,,
4185555186,KGB - Koschys Gemüse Butze,,,52.5261484,13.4517394,11002002,Friedrichshain-Kreuzberg,0201,Friedrichshain,,
4188120734,Spätkauf,,,52.4924697,13.4581773,11009009,Treptow-Köpenick,0901,Alt-Treptow,,
4188125646,Späti 4 you,,,52.5157239,13.4600425,11002002,Friedrichshain-Kreuzberg,0201,Friedrichshain,,
4188213618,Späti 38,,,52.5346252,13.3588877,11001001,Mitte,0102,Moabit,,
4200072390,Kiosk Area 44,,,52.4749729,13.4270512,11008008,Neukölln,0801,Neukölln,,
4200389800,Lotto-Tabakwaren Demircioglu,,,52.5513283,13.3814957,11001001,Mitte,0106,Gesundbrunnen,,
4222272402,,,,52.5307498,13.3832747,11001001,Mitte,0101,Mitte,,
4223491592,Loan's Supermarkt,,,52.5126792,13.4504279,11002002,Friedrichshain-Kreuzberg,0201,Friedrichshain,,
4225752738,Der kleine Laden,,,52.5337388,13.3712985,11001001,Mitte,0101,Mitte,,
4244678196,Spätkauf,,,52.5354907,13.35759,11001001,Mitte,0102,Moabit,,
4250113292,Kompaktkauf,,,52.5175346,13.3066551,11004004,Charlottenburg-Wilmersdorf,0401,Charlottenburg,,
4255872889,"Kosicki | Zeitungen, Zeitschriften, Lotto & mehr",,Christian Kosicki,52.6006269,13.3038319,11012012,Reinickendorf,1202,Tegel,,
4298702900,Drinks House,,,52.5426099,13.3620533,11001001,Mitte,0105,Wedding,,
4304138890,Shop & Specialities,,,52.4896772,13.3612647,11007007,Tempelhof-Schöneberg,0701,Schöneberg,,
4304290491,Maxi Spätkauf,,,52.5111832,13.458509,11002002,Friedrichshain-Kreuzberg,0201,Friedrichshain,,
4304422597,Die Grüne Lunge,,,52.456025,13.5770552,11009009,Treptow-Köpenick,0910,Köpenick,,
4304633635,Späti Vape City,,,52.5445969,13.3604466,11001001,Mitte,0105,Wedding,,
4304633809,Beste Späti,,,52.5445521,13.3602681,11001001,Mitte,0105,Wedding,,
4307225827,Minimarkt Feinkost,,,52.5015913,13.3710522,11001001,Mitte,0104,Tiergarten,,
4311940492,Friese Tabakwaren,,,52.5198684,13.414405,11001001,Mitte,0101,Mitte,,
4317329214,Back Kiosk,,,52.5423966,13.205803,11005005,Spandau,0501,Spandau,,
4317462782,Call + More Internet-Tele-Cafe,,,52.5428323,13.3921663,11001001,Mitte,0106,Gesundbrunnen,,
4320871292,Absolut Spätkauf,,,52.5157879,13.4513879,11002002,Friedrichshain-Kreuzberg,0201,Friedrichshain,,
4320997490,Kiosk / Tabakwaren,,,52.5164703,13.4401422,11002002,Friedrichshain-Kreuzberg,0201,Friedrichshain,,
4321019535,Spätkauf,,,52.5089349,13.3218533,11004004,Charlottenburg-Wilmersdorf,0401,Charlottenburg,,
4329431021,Umuts Spätshop,,,52.4937139,13.3991837,11002002,Friedrichshain-Kreuzberg,0202,Kreuzberg,,
4331556368,Aris Internet-Spätkauf & Presse,,,52.4812552,13.3201158,11004004,Charlottenburg-Wilmersdorf,0402,Wilmersdorf,,
4336215193,Multi Shop II,,,52.4794167,13.4442714,11008008,Neukölln,0801,Neukölln,,
4339053529,Marhaba Supermarkt,,,52.5499582,13.3686152,11001001,Mitte,0106,Gesundbrunnen,,
4339053530,Mo's Spätkauf,,,52.5505343,13.3683263,11001001,Mitte,0106,Gesundbrunnen,,
4340695690,Papeterie Biesdorf,,René Höhne,52.517252,13.5556141,11010010,Marzahn-Hellersdorf,1002,Biesdorf,+4930 5419455,https://biesdorfer-papeterie.de/
4351511591,Tabak -Point,,,52.5456484,13.3584291,11001001,Mitte,0105,Wedding,,
4351511594,Contact Point,,,52.5535135,13.376283,11001001,Mitte,0106,Gesundbrunnen,,
4351511606,Somali Bile Market,,,52.5535366,13.3761088,11001001,Mitte,0106,Gesundbrunnen,,
4351511613,Kiosk Deika,,,52.5488148,13.3634973,11001001,Mitte,0105,Wedding,,
4351511616,Spätkauf,,,52.5538644,13.3734706,11001001,Mitte,0106,Gesundbrunnen,,
4363623302,Spätkauf Brother's,,,52.5069242,13.3039581,11004004,Charlottenburg-Wilmersdorf,0401,Charlottenburg,,
4367412762,Lotto,,,52.4395815,13.21592,11006006,Steglitz-Zehlendorf,0604,Zehlendorf,,
4377515806,Nishi’s Späti & Asia World,,,52.4853106,13.3453313,11007007,Tempelhof-Schöneberg,0701,Schöneberg,,
4381394723,Afro Asia,,,52.5407447,13.3509937,11001001,Mitte,0105,Wedding,,
4381394724,Afro Market,,,52.5412109,13.3503722,11001001,Mitte,0105,Wedding,,
4381394733,Jamal Afro Shop,,,52.5410682,13.3505539,11001001,Mitte,0105,Wedding,,
4381394738,Dein Spätzi,,,52.5411515,13.3504451,11001001,Mitte,0105,Wedding,,
4383735008,,,,52.4901443,13.3567055,11007007,Tempelhof-Schöneberg,0701,Schöneberg,,
4396230903,,,,52.5282692,13.3885394,11001001,Mitte,0101,Mitte,,
4396230907,Spätkauf - Café - Backshop,,,52.5295852,13.3800959,11001001,Mitte,0101,Mitte,,
4405664117,Spätkauf Nice Price,,,52.5000688,13.3017366,11004004,Charlottenburg-Wilmersdorf,0401,Charlottenburg,,
4409599066,Spätkauf 178,,,52.4717958,13.4292161,11008008,Neukölln,0801,Neukölln,,
4411267178,All I Need,,,52.5090049,13.3089785,11004004,Charlottenburg-Wilmersdorf,0401,Charlottenburg,,
4411472398,Lotto Shop,,,52.5275317,13.3332238,11001001,Mitte,0102,Moabit,,
4411581590,Kiez-Shop 558,,,52.5283005,13.3284521,11001001,Mitte,0102,Moabit,,
4411620089,Kiosk 24,,,52.5291339,13.3288611,11001001,Mitte,0102,Moabit,,
4412294194,Getränkemarkt Robin,DPD,,52.5472505,13.3503121,11001001,Mitte,0105,Wedding,,
4426150076,,,,52.5063791,13.4169567,11001001,Mitte,0101,Mitte,,
4427992984,Späti for you,,,52.4851931,13.3760499,11002002,Friedrichshain-Kreuzberg,0202,Kreuzberg,,
4428728829,All In One Shop,,,52.5129671,13.4172783,11001001,Mitte,0101,Mitte,,
4433827990,,,,52.5400156,13.4243108,11003003,Pankow,0301,Prenzlauer Berg,,
4436482287,Alo Spätkauf,,,52.5530257,13.3797876,11001001,Mitte,0106,Gesundbrunnen,,
4436486384,Spätkauf,,,52.5528933,13.3804693,11001001,Mitte,0106,Gesundbrunnen,,
4436491041,Hit Market,,,52.5528403,13.3806088,11001001,Mitte,0106,Gesundbrunnen,,
4437587810,Späti 030,,,52.5542674,13.384554,11001001,Mitte,0106,Gesundbrunnen,,
4439716023,,,,52.556411,13.3731336,11001001,Mitte,0106,Gesundbrunnen,,
4440326607,Candy Shop,,,52.5488787,13.2004694,11005005,Spandau,0501,Spandau,,
4448386320,,,,52.567858,13.3130606,11012012,Reinickendorf,1201,Reinickendorf,,
4448386332,,,,52.5672825,13.3152626,11012012,Reinickendorf,1201,Reinickendorf,,
4453818128,Ceylin Elif,,,52.5311505,13.3275626,11001001,Mitte,0102,Moabit,,
4454150172,Moabiter Spätkauf,,,52.5282067,13.3284523,11001001,Mitte,0102,Moabit,,
4454150177,Dilek Shop,,,52.5271425,13.3293247,11001001,Mitte,0102,Moabit,,
4502571354,Späti am Nolle,,,52.4977434,13.3540766,11007007,Tempelhof-Schöneberg,0701,Schöneberg,,
4520970753,Kiosk,,,52.5248046,13.4505297,11002002,Friedrichshain-Kreuzberg,0201,Friedrichshain,,
4524897429,El-Fi,,,52.4755953,13.4399372,11008008,Neukölln,0801,Neukölln,,
4530197497,E-Kiosk 24,,,52.5085786,13.4599688,11002002,Friedrichshain-Kreuzberg,0201,Friedrichshain,,
4533857105,Spätkauf,,,52.5127092,13.4588488,11002002,Friedrichshain-Kreuzberg,0201,Friedrichshain,,
4534097102,Kiez Shop,,,52.5074247,13.4670986,11002002,Friedrichshain-Kreuzberg,0201,Friedrichshain,,
4539206648,Al-Usra Markt,,,52.5526328,13.3799311,11001001,Mitte,0106,Gesundbrunnen,,
4542090687,Big Kiosk,,,52.5097257,13.5038489,11011011,Lichtenberg,1101,Friedrichsfelde,,
4542090688,,,,52.5090188,13.5024592,11011011,Lichtenberg,1112,Rummelsburg,,
4552123091,Multishop @ Schloss,,,52.51907,13.3005531,11004004,Charlottenburg-Wilmersdorf,0401,Charlottenburg,,
4554002046,Emmas Markt,,,52.5127062,13.3048422,11004004,Charlottenburg-Wilmersdorf,0401,Charlottenburg,,
4556060726,,,,52.4499777,13.3457222,11006006,Steglitz-Zehlendorf,0601,Steglitz,,
4558385311,ESEN,,ESEN GmbH,52.5266687,13.3530311,11001001,Mitte,0102,Moabit,+493034787437,
4561716530,Dein Spätzi,,,52.5201254,13.3915309,11001001,Mitte,0101,Mitte,,
4567083814,Spätkauf,,,52.4473862,13.3155664,11006006,Steglitz-Zehlendorf,0602,Lichterfelde,,
4579667864,,,,52.4363899,13.3525969,11006006,Steglitz-Zehlendorf,0603,Lankwitz,,
4589778489,Kioskwelt,,,52.4960392,13.5103346,11011011,Lichtenberg,1101,Friedrichsfelde,,
4589778490,Lial,,,52.4959997,13.5106044,11011011,Lichtenberg,1101,Friedrichsfelde,,
4590991505,,,,52.5646269,13.209393,11005005,Spandau,0507,Hakenfelde,,
4593021190,Wald Kiosk,,,52.5309959,13.3312013,11001001,Mitte,0102,Moabit,,
4596211009,Eckert.,,,52.4674375,13.4896076,11009009,Treptow-Köpenick,0903,Baumschulenweg,,
4611035325,Kiosk,,,52.4765702,13.4263245,11008008,Neukölln,0801,Neukölln,,
4619058195,,,,52.5495741,13.3546133,11001001,Mitte,0105,Wedding,,
4630466561,Klespe,,,52.566237,13.3458465,11012012,Reinickendorf,1201,Reinickendorf,,
4632040465,Kauf Kompakt,,,52.5254314,13.341258,11001001,Mitte,0102,Moabit,,
4639783993,Lebensmittel Markt,,,52.4449616,13.5757918,11009009,Treptow-Köpenick,0910,Köpenick,,
4641736546,Mini Markt,,,52.5889204,13.2888342,11012012,Reinickendorf,1202,Tegel,,
4641736547,Mini Markt,,,52.5899935,13.2877737,11012012,Reinickendorf,1202,Tegel,,
4642493362,Freundlicher Kiosk,,,52.5335506,13.3280416,11001001,Mitte,0102,Moabit,,
4665840877,,,,52.6783254,13.4400421,,,,,,
4672691085,PrivatKoch.berlin,,,52.4981159,13.464862,11002002,Friedrichshain-Kreuzberg,0201,Friedrichshain,,
4672835104,mini Getränkemarkt Tabakwaren,,,52.4989464,13.4644209,11002002,Friedrichshain-Kreuzberg,0201,Friedrichshain,,
4686702513,Spätkauf,,,52.5245585,13.3352403,11001001,Mitte,0102,Moabit,,
4686702514,Kiez Kiosk 21,,,52.5244293,13.3346138,11001001,Mitte,0102,Moabit,,
4689341990,Kanki-Shop,,,52.4815726,13.4392257,11008008,Neukölln,0801,Neukölln,,
4693388095,ALX,,,52.5203334,13.4131258,11001001,Mitte,0101,Mitte,,
4698884701,Asia Mini Market,,,52.4588412,13.5269622,11009009,Treptow-Köpenick,0909,Oberschöneweide,,
4707490127,Lotto Shop,,,52.4451546,13.2939825,11006006,Steglitz-Zehlendorf,0602,Lichterfelde,,
4709611465,Liebe Asia,,,52.4374786,13.2615262,11006006,Steglitz-Zehlendorf,0604,Zehlendorf,+49 30 81 05 85 60,https://liebeasia.com
4712129081,1000 kleine Dinge,,,52.4661971,13.4875061,11009009,Treptow-Köpenick,0903,Baumschulenweg,,
4712129084,Q&T Sparland,,,52.4664014,13.4877569,11009009,Treptow-Köpenick,0903,Baumschulenweg,,
4712129085,Kiosk,,,52.4664729,13.4878481,11009009,Treptow-Köpenick,0903,Baumschulenweg,,
4756795077,Box,,,52.4938388,13.3321659,11004004,Charlottenburg-Wilmersdorf,0402,Wilmersdorf,,
4774716422,Getränkepoint,,,52.5444905,13.368703,11001001,Mitte,0105,Wedding,,
4775130216,Kant123,,,52.5062944,13.3107258,11004004,Charlottenburg-Wilmersdorf,0401,Charlottenburg,,
4783313906,Spätkauf,,,52.5538161,13.3456348,11001001,Mitte,0105,Wedding,,
4788244522,,,,52.6373505,13.4920738,11003003,Pankow,0309,Buch,,
4789006622,Elfbar,,,52.5177569,13.3047312,11004004,Charlottenburg-Wilmersdorf,0401,Charlottenburg,,
4789968670,Späti,,,52.5293739,13.3361377,11001001,Mitte,0102,Moabit,,
4791429237,Asia Might,,,52.5388347,13.4204884,11003003,Pankow,0301,Prenzlauer Berg,,
4799571388,Souvenir & more,,,52.5414444,13.3702322,11001001,Mitte,0106,Gesundbrunnen,,
4809992561,Wollank Minimarket,,,52.5687489,13.3994855,11003003,Pankow,0307,Pankow,,
4811627568,,,,52.5584044,13.3863784,11001001,Mitte,0106,Gesundbrunnen,,
4821450686,Kiosk,,,52.4337301,13.5380283,11009009,Treptow-Köpenick,0907,Adlershof,,
4839177786,Am Akazien Spätkauf,,,52.4864674,13.355819,11007007,Tempelhof-Schöneberg,0701,Schöneberg,,
4846024710,Spät 63,,,52.5233456,13.4800036,11011011,Lichtenberg,1111,Fennpfuhl,,
4874345415,M99 - Gemischtwarenladen für Revolutionsbedarf,,,52.500459,13.4445106,11002002,Friedrichshain-Kreuzberg,0202,Kreuzberg,,
4879044506,Bundeskiosk,,Mürsel Arslan,52.4781727,13.3281608,11004004,Charlottenburg-Wilmersdorf,0402,Wilmersdorf,,
4880219449,Sengel's Eck Spätkauf,,,52.5074407,13.5113066,11011011,Lichtenberg,1101,Friedrichsfelde,,
4881993956,Gula Sor,,,52.5081984,13.4627232,11002002,Friedrichshain-Kreuzberg,0201,Friedrichshain,,
4887801413,Friedel Kiosk,,,52.4927076,13.4282604,11008008,Neukölln,0801,Neukölln,,
4889196428,Spätkauf,,,52.5098726,13.4666474,11002002,Friedrichshain-Kreuzberg,0201,Friedrichshain,,
4889866554,Spätkauf,,,52.5131957,13.4821132,11011011,Lichtenberg,1103,Lichtenberg,,
4899075822,Zeitschriften und Tabakwaren,,,52.5551037,13.3760306,11001001,Mitte,0106,Gesundbrunnen,,
4902369112,Spätkauf,,,52.516676,13.4611824,11002002,Friedrichshain-Kreuzberg,0201,Friedrichshain,,
4907995176,md Mein Markt,,Mert Dobak,52.5119567,13.4563393,11002002,Friedrichshain-Kreuzberg,0201,Friedrichshain,,
4908049915,Spätkauf 24h,,,52.5114605,13.4578312,11002002,Friedrichshain-Kreuzberg,0201,Friedrichshain,,
4908694242,,,,52.5702018,13.3797034,11012012,Reinickendorf,1201,Reinickendorf,,
4908694246,Mini Markt,,,52.5713594,13.379651,11012012,Reinickendorf,1201,Reinickendorf,,
4912236696,,,,52.5731174,13.5044146,11011011,Lichtenberg,1109,Neu-Hohenschönhausen,,
4920773047,I Love Späti,,,52.5084681,13.4595634,11002002,Friedrichshain-Kreuzberg,0201,Friedrichshain,,
4931100758,Tabak Getränke,,,52.4974552,13.2912238,11004004,Charlottenburg-Wilmersdorf,0407,Halensee,,
4936116187,Spätkauf Helly,,,52.5461686,13.5924246,11010010,Marzahn-Hellersdorf,1005,Hellersdorf,,
4938816056,Erdbär,,,52.5392153,13.4116717,11003003,Pankow,0301,Prenzlauer Berg,,
4944997006,Kordiak - Schuh- & Schlüsseldienst,,,52.4854826,13.3576049,11007007,Tempelhof-Schöneberg,0701,Schöneberg,+49 30 89758214,http://www.kordiak-schuster.de
4965896087,u Zosi – Polnische Delikatessen,,,52.5264704,13.3506553,11001001,Mitte,0102,Moabit,,
4970236429,Kiezladen,,,52.5002188,13.4442601,11002002,Friedrichshain-Kreuzberg,0202,Kreuzberg,,
4984738196,Kompakt Kauf,,,52.5067238,13.3328399,11004004,Charlottenburg-Wilmersdorf,0401,Charlottenburg,,
5008946464,Loki Regional Lokal,,Q-Regio,52.4393934,13.21517,11006006,Steglitz-Zehlendorf,0604,Zehlendorf,+49 30 68079188,https://loki.berlin
5016416505,REWE To Go,REWE To Go,,52.5306734,13.3280745,11001001,Mitte,0102,Moabit,,
5032732330,BG MN Market Capris,,,52.5593926,13.3844073,11001001,Mitte,0106,Gesundbrunnen,,
5043097053,Spätkauf,,,52.5012709,13.4189159,11002002,Friedrichshain-Kreuzberg,0202,Kreuzberg,,
5061136924,EFE Backshop,,,52.4424452,13.4570782,11008008,Neukölln,0803,Buckow,,
5062318206,Lebensmittel,,Ngo thi Huyen,52.5012096,13.5015582,11011011,Lichtenberg,1101,Friedrichsfelde,,
5063750173,Pavilion,,,52.5164795,13.3802419,11001001,Mitte,0101,Mitte,,
5073653615,Lebensmittel - Getränke,,,52.5371795,13.5090882,11011011,Lichtenberg,1110,Alt-Hohenschönhausen,,
5089978455,Herr Buschmann - Alles in BIO,,Frank Buschmann,52.5494487,13.4588849,11003003,Pankow,0302,Weißensee,,http://herrbuschmann.de/
5111954943,Schwälmer Stube,,,52.4894421,13.3616577,11007007,Tempelhof-Schöneberg,0701,Schöneberg,,
5132524521,Naturkost Grünau,,,52.4170179,13.5811286,11009009,Treptow-Köpenick,0913,Grünau,,
5142881719,Spätkauf 06,,,52.4801608,13.3525311,11007007,Tempelhof-Schöneberg,0701,Schöneberg,,
5153424275,Uni-Shop,,,52.4860299,13.3389674,11007007,Tempelhof-Schöneberg,0701,Schöneberg,,
5154083340,H&E Spätkauf,,,52.5101013,13.5017875,11011011,Lichtenberg,1112,Rummelsburg,,
5167689747,The Market,,,52.4891132,13.353594,11007007,Tempelhof-Schöneberg,0701,Schöneberg,+49 30 85736200,
5172965734,Änderungsschneiderei,,,52.577723,13.4234644,11003003,Pankow,0307,Pankow,,
5193755040,Spätkauf 80,,,52.5264396,13.3369125,11001001,Mitte,0102,Moabit,,
5198695392,ServiceStore DB,ServiceStore DB,,52.5145972,13.4745167,11002002,Friedrichshain-Kreuzberg,0201,Friedrichshain,,
5205872369,Park Café,,,52.4485842,13.3388829,11006006,Steglitz-Zehlendorf,0601,Steglitz,,
5223291544,Konsum Kutte,,,52.5409488,13.4113238,11003003,Pankow,0301,Prenzlauer Berg,,
5223291545,Lotto,,,52.5409529,13.4112607,11003003,Pankow,0301,Prenzlauer Berg,,
5223291550,CITY KIOSK,,,52.5407918,13.4130886,11003003,Pankow,0301,Prenzlauer Berg,,
5224049497,Post-Point,,,52.4449386,13.5746103,11009009,Treptow-Köpenick,0910,Köpenick,,
5226545175,Bollywood Mini Market,,,52.5314714,13.3816775,11001001,Mitte,0101,Mitte,,
5226844884,Kiez Shop,,,52.5744331,13.36879,11012012,Reinickendorf,1201,Reinickendorf,,
5239619469,Potsdamer Getränke,,,52.497481,13.3615827,11007007,Tempelhof-Schöneberg,0701,Schöneberg,,
5243454804,Emmas Markt,,,52.4932414,13.3875215,11002002,Friedrichshain-Kreuzberg,0202,Kreuzberg,,
5248627028,Osteuropäische Spezialitäten,,,52.5573857,13.3733445,11001001,Mitte,0106,Gesundbrunnen,,
5248627030,Asiatische Lebensmittel,,,52.5573648,13.3733595,11001001,Mitte,0106,Gesundbrunnen,,
5248627031,,,,52.5571733,13.3732031,11001001,Mitte,0106,Gesundbrunnen,,
5250090818,Inn’s Eck,,,52.4788187,13.3448333,11007007,Tempelhof-Schöneberg,0701,Schöneberg,,
5264060093,Back und Spätshop,,,52.5745767,13.3645524,11012012,Reinickendorf,1201,Reinickendorf,,
5299559824,All in One Shop,,,52.5004684,13.3374617,11004004,Charlottenburg-Wilmersdorf,0402,Wilmersdorf,,
5299559827,,,,52.5011712,13.3370043,11004004,Charlottenburg-Wilmersdorf,0401,Charlottenburg,,
5299559831,Kiosk N-23,,,52.5014542,13.3373096,11004004,Charlottenburg-Wilmersdorf,0401,Charlottenburg,,
5329414776,Mitte Clock,,,52.5276017,13.3870132,11001001,Mitte,0101,Mitte,,
5337406379,B.est of Shop,,,52.5511074,13.4136221,11003003,Pankow,0301,Prenzlauer Berg,,
5340487003,Night Shop Amir,,,52.5282929,13.3861382,11001001,Mitte,0101,Mitte,,
5346650984,Spätkauf Steglitz,,,52.4553968,13.3260388,11006006,Steglitz-Zehlendorf,0601,Steglitz,,
5347037070,Späti,,,52.4916324,13.4261126,11008008,Neukölln,0801,Neukölln,,
5351286162,Tony's Kiosk,,,52.5517974,13.414541,11003003,Pankow,0301,Prenzlauer Berg,,
5352674977,Spätkauf 36,,,52.4998035,13.4243347,11002002,Friedrichshain-Kreuzberg,0202,Kreuzberg,,
5363333353,Tabak & Getränke Shop,,,52.5212337,13.3221721,11004004,Charlottenburg-Wilmersdorf,0401,Charlottenburg,,
5389518875,Kiosk Maya,,,52.4995669,13.3423673,11007007,Tempelhof-Schöneberg,0701,Schöneberg,,
5396546727,Wein + Presse,,,52.4744252,13.2941878,11004004,Charlottenburg-Wilmersdorf,0403,Schmargendorf,+49 30 82309373,
5403962648,Bornholmer Späti,,,52.5538583,13.4069074,11003003,Pankow,0301,Prenzlauer Berg,,
5412067869,Zur Alm,,,52.6390348,13.5230317,,,,,,
5424941701,jungenspäti,,,52.4797085,13.345952,11007007,Tempelhof-Schöneberg,0701,Schöneberg,,
5424941706,Spätkauf Zu Spät,,,52.4847772,13.3541632,11007007,Tempelhof-Schöneberg,0701,Schöneberg,,
5429627821,Reoat,,,52.4639946,13.3252573,11006006,Steglitz-Zehlendorf,0601,Steglitz,,
5470949877,who the fred is fuck?,,,52.5485096,13.4206793,11003003,Pankow,0301,Prenzlauer Berg,,
5471841985,REWE To Go,REWE To Go,,52.5255021,13.3570272,11001001,Mitte,0102,Moabit,,
5486308621,,,,52.498851,13.4458608,11002002,Friedrichshain-Kreuzberg,0202,Kreuzberg,,
5489585701,Wrangel Shop,,,52.4991696,13.4407955,11002002,Friedrichshain-Kreuzberg,0202,Kreuzberg,,
5502001883,Späti Kreuzberg,,,52.4994017,13.426962,11002002,Friedrichshain-Kreuzberg,0202,Kreuzberg,,
5503456919,Trinkbar Spätkauf,,,52.5167677,13.4623235,11002002,Friedrichshain-Kreuzberg,0201,Friedrichshain,,
5512010603,,,,52.5235388,13.4001298,11001001,Mitte,0101,Mitte,,
5528648737,AZ Minimarkt,,,52.5235442,13.4008739,11001001,Mitte,0101,Mitte,,
5548671621,Späti 030,,,52.5006832,13.4419836,11002002,Friedrichshain-Kreuzberg,0202,Kreuzberg,,
5548816495,Late Night Spätkauf68,,Ülger,52.5429689,13.3694793,11001001,Mitte,0105,Wedding,,
5569263931,Minimarkt Grenzeshop,,,52.5642974,13.3933608,11001001,Mitte,0106,Gesundbrunnen,,
5571881938,Spätkauf Kopal,,,52.4862013,13.3649725,11007007,Tempelhof-Schöneberg,0701,Schöneberg,,
5582920980,Call&More,,,52.4913469,13.3939561,11002002,Friedrichshain-Kreuzberg,0202,Kreuzberg,,
5582920981,Spätkauf 54,,,52.491449,13.3934123,11002002,Friedrichshain-Kreuzberg,0202,Kreuzberg,,
5587090931,Vitaminchen,,,52.4610411,13.3851452,11007007,Tempelhof-Schöneberg,0703,Tempelhof,,
5613723540,Viktoria Späti,,,52.4887967,13.376466,11002002,Friedrichshain-Kreuzberg,0202,Kreuzberg,,
5627611219,,,,52.497781,13.3846856,11002002,Friedrichshain-Kreuzberg,0202,Kreuzberg,,
5630437213,Eddi's Späti,,,52.5255384,13.3073832,11004004,Charlottenburg-Wilmersdorf,0401,Charlottenburg,,
5632343912,Bürkner 7/24,,,52.4931538,13.4253134,11008008,Neukölln,0801,Neukölln,,
5641834846,Cocos Asiamarkt,,,52.4937638,13.3886798,11002002,Friedrichshain-Kreuzberg,0202,Kreuzberg,,
5641834848,Daye Spätkauf,,,52.4938405,13.3887301,11002002,Friedrichshain-Kreuzberg,0202,Kreuzberg,,
5648395321,Trinkstelle,,,52.5480192,13.3520847,11001001,Mitte,0105,Wedding,,
5715364554,Bollywood,,,52.5274956,13.3881028,11001001,Mitte,0101,Mitte,,
5716675886,Der Sache Wegen,,Christiane Sieg,52.5443367,13.4180039,11003003,Pankow,0301,Prenzlauer Berg,,
5744850236,Philinchen,,,52.5905193,13.3313799,11012012,Reinickendorf,1209,Wittenau,,
5754956329,Yellow Spätkauf,,,52.5114944,13.2819373,11004004,Charlottenburg-Wilmersdorf,0405,Westend,,
5767926502,Kiosk 27,,,52.5907231,13.2920846,11012012,Reinickendorf,1202,Tegel,,
5771933054,,,,52.5100307,13.2732485,11004004,Charlottenburg-Wilmersdorf,0405,Westend,,
5785203531,Kiez Eck,,,52.5527368,13.4331207,11003003,Pankow,0302,Weißensee,,
5796921742,Demski,,,52.5103521,13.2702711,11004004,Charlottenburg-Wilmersdorf,0405,Westend,,
5806630454,Asia-Markt,,,52.565574,13.4075727,11003003,Pankow,0307,Pankow,,
5807513622,Mira Food Store,,,52.4921402,13.4237892,11008008,Neukölln,0801,Neukölln,+49 30 67 79 70 77,https://mira-food-store.de
5810887817,Aleppo Market,,,52.4802668,13.3513895,11007007,Tempelhof-Schöneberg,0701,Schöneberg,,https://aleppo.market
5813033922,Spätkauf / Postshop,,,52.5294594,13.4043736,11001001,Mitte,0101,Mitte,,
5820609154,Mini-Markt,,,52.5264256,13.3492921,11001001,Mitte,0102,Moabit,,
5843976451,Pepita Spätkauf,,,52.5641877,13.2151467,11005005,Spandau,0507,Hakenfelde,,
5854627350,,,,52.5335096,13.4568642,11003003,Pankow,0301,Prenzlauer Berg,,
5881092292,,,,52.466951,13.3308276,11007007,Tempelhof-Schöneberg,0702,Friedenau,,
5885018033,SpätShop,,,52.5039961,13.3072677,11004004,Charlottenburg-Wilmersdorf,0401,Charlottenburg,,
5889885346,Spätshop,,,52.5066135,13.3020308,11004004,Charlottenburg-Wilmersdorf,0401,Charlottenburg,,
5908587153,MK Spätshop,,,52.5301502,13.4006576,11001001,Mitte,0101,Mitte,,
5908587155,M.K. Spätshop,,,52.5297391,13.4003442,11001001,Mitte,0101,Mitte,,
5911365544,Kompakt Kauf,,,52.5147651,13.4642764,11002002,Friedrichshain-Kreuzberg,0201,Friedrichshain,,
5913018250,Heimgetränke,,,52.5278644,13.4085289,11001001,Mitte,0101,Mitte,,
5913018255,24-Seven Market,,,52.5257894,13.4068812,11001001,Mitte,0101,Mitte,,
5922090419,Lotto Post,,,52.5001164,13.4239369,11002002,Friedrichshain-Kreuzberg,0202,Kreuzberg,,
5923190751,Bäckerei Spätkauf,,,52.5428874,13.3757646,11001001,Mitte,0106,Gesundbrunnen,,
5940202493,LOTTO,,Jenny Ihlau,52.534175,13.486261,11011011,Lichtenberg,1110,Alt-Hohenschönhausen,,
5957289546,Fresh Prince,,,52.4930292,13.3886402,11002002,Friedrichshain-Kreuzberg,0202,Kreuzberg,,
5964204768,späti 168,,,52.5523213,13.4315232,11003003,Pankow,0302,Weißensee,,
5988176441,Cuccis,,Scoom GmbH,52.5215675,13.4109238,11001001,Mitte,0101,Mitte,,
5998109885,Asia-Markt,,,52.5488599,13.4127221,11003003,Pankow,0301,Prenzlauer Berg,+493040504959,
6005003081,Sirplus,,,52.5023268,13.4314936,11002002,Friedrichshain-Kreuzberg,0202,Kreuzberg,,
6041857822,,,,52.4901861,13.3855909,11002002,Friedrichshain-Kreuzberg,0202,Kreuzberg,,
6042233508,Bella Späti,,,52.4894131,13.390699,11002002,Friedrichshain-Kreuzberg,0202,Kreuzberg,,
6073186260,Back Shop,,,52.5023641,13.4563875,11002002,Friedrichshain-Kreuzberg,0201,Friedrichshain,,
6075287704,Twenty4Seven,,,52.5061666,13.3317007,11004004,Charlottenburg-Wilmersdorf,0401,Charlottenburg,,
6083287708,All in one Shop,,,52.4640263,13.4436026,11008008,Neukölln,0801,Neukölln,,
6124908036,Economat,,,52.5392229,13.40017,11001001,Mitte,0101,Mitte,,
6135203776,,,,52.5598644,13.3814013,11001001,Mitte,0106,Gesundbrunnen,,
6135203779,Spätkauf,,,52.5599961,13.3809377,11001001,Mitte,0106,Gesundbrunnen,,
6157289423,Lotto,,,52.5677415,13.3786244,11012012,Reinickendorf,1201,Reinickendorf,,
6157289433,Cafe All in one,,,52.5649852,13.3779262,11012012,Reinickendorf,1201,Reinickendorf,,
6157289437,Spätkauf Duki,,,52.5639742,13.3776416,11012012,Reinickendorf,1201,Reinickendorf,,
6192424371,Kiosk,,,52.4860107,13.3619767,11007007,Tempelhof-Schöneberg,0701,Schöneberg,,
6192696318,Tabak / Zeitungen,,,52.5559248,13.5587687,11010010,Marzahn-Hellersdorf,1001,Marzahn,,
6212858187,Internetcafe - Day & Nightstore,,,52.5526351,13.4139062,11003003,Pankow,0301,Prenzlauer Berg,,
6221609397,25 h shop,,,52.505676,13.4470757,11002002,Friedrichshain-Kreuzberg,0201,Friedrichshain,,
6223462329,Taha Minimarkt Spätkauf,,,52.4860681,13.4297716,11008008,Neukölln,0801,Neukölln,,
6232805722,,,,52.4179984,13.3606625,11007007,Tempelhof-Schöneberg,0705,Marienfelde,,
6251586817,Schloß Späti,,,52.5191491,13.2895468,11004004,Charlottenburg-Wilmersdorf,0401,Charlottenburg,,
6264712200,Bärlin Shop,,Osman Beger,52.5104007,13.2841928,11004004,Charlottenburg-Wilmersdorf,0405,Westend,+49 30 3024676,https://www.getraenke-baerlin.de
6274765726,The Market,,,52.5017546,13.3129938,11004004,Charlottenburg-Wilmersdorf,0401,Charlottenburg,,
6279431121,Zora,,,52.5308095,13.4108148,11003003,Pankow,0301,Prenzlauer Berg,,
6284246624,25hours,,,52.5058318,13.3066662,11004004,Charlottenburg-Wilmersdorf,0401,Charlottenburg,,
6284510342,City Spätkauf,,,52.4475867,13.3414904,11006006,Steglitz-Zehlendorf,0601,Steglitz,,
6289113659,Naz Spätkauf,,,52.4895302,13.4245241,11008008,Neukölln,0801,Neukölln,,
6289209485,Glückskäfer,,,52.4947058,13.3524772,11007007,Tempelhof-Schöneberg,0701,Schöneberg,,
6297137063,Max & Moritz,,,52.5337027,13.4365626,11003003,Pankow,0301,Prenzlauer Berg,,
6316591591,Multicafe,,,52.4731391,13.4407055,11008008,Neukölln,0801,Neukölln,,
6316591610,Körner Spätkauf,,,52.47124,13.4407467,11008008,Neukölln,0801,Neukölln,,
6331736857,Günes Spätkauf,,,52.4759444,13.4392843,11008008,Neukölln,0801,Neukölln,,
6353225400,Bundesmarkt,,,52.4774605,13.3301217,11004004,Charlottenburg-Wilmersdorf,0402,Wilmersdorf,,
6401599959,,,,52.4973964,13.3464609,11007007,Tempelhof-Schöneberg,0701,Schöneberg,,
6418054532,Dream Shop,,,52.5211194,13.5883966,11010010,Marzahn-Hellersdorf,1005,Hellersdorf,,
6430624973,Spätkauf &,,,52.5331986,13.3287084,11001001,Mitte,0102,Moabit,,
6439774580,Spätkauf,,,52.4457196,13.3796731,11007007,Tempelhof-Schöneberg,0704,Mariendorf,,
6457639384,Baris-Ta,,,52.5090101,13.460391,11002002,Friedrichshain-Kreuzberg,0201,Friedrichshain,,
6464021199,Hao Hao,,,52.5154325,13.4677048,11002002,Friedrichshain-Kreuzberg,0201,Friedrichshain,,
6464021202,Schnell Minimarkt,,,52.5149973,13.4675259,11002002,Friedrichshain-Kreuzberg,0201,Friedrichshain,,
6467627416,Getränke Shop Spätkauf,,,52.4628634,13.3195658,11006006,Steglitz-Zehlendorf,0601,Steglitz,,
6467834786,Seydo's Back n Späti,,,52.5681787,13.3297439,11012012,Reinickendorf,1201,Reinickendorf,,
6470681821,Demir Aynur Kiosk,,,52.4727625,13.45527,11008008,Neukölln,0801,Neukölln,+49 30 68 27 74 06,https://adresse.dastelefonbuch.de/Berlin/1-Kioske-Aynur-Demir-Berlin-S-Bhf-Sonnenallee.html
6480348199,Bulgarische Lebensmittel,,,52.5556659,13.3753845,11001001,Mitte,0106,Gesundbrunnen,,
6501199795,Schillerspätkauf,,,52.510124,13.3062383,11004004,Charlottenburg-Wilmersdorf,0401,Charlottenburg,,
6503854377,Spätkauf M & A,,,52.4540898,13.3292883,11006006,Steglitz-Zehlendorf,0601,Steglitz,,
6519192585,Der Magnet im Süden Berlins,,,52.449326,13.3237011,11006006,Steglitz-Zehlendorf,0601,Steglitz,,
6532305039,Schreibwaren Tabak,,,52.5489925,13.3447852,11001001,Mitte,0105,Wedding,,
6532305042,Junior's Spätkauf,,,52.5505054,13.346582,11001001,Mitte,0105,Wedding,,
6532305047,Monsieur Ebeny Africa Market,,,52.5512504,13.3482236,11001001,Mitte,0105,Wedding,,
6540660464,Sp@tkauf,,,52.5152782,13.2880061,11004004,Charlottenburg-Wilmersdorf,0401,Charlottenburg,,
6548214376,Bis Späti,,,52.5403563,13.40546,11003003,Pankow,0301,Prenzlauer Berg,,
6569710892,Jiby,,,52.5318196,13.3495937,11001001,Mitte,0102,Moabit,,
6570389927,Yusufs Späti,,,52.5041759,13.3753355,11001001,Mitte,0104,Tiergarten,,
6571876492,Spätshop Perleberger Straße,,,52.5355659,13.3563111,11001001,Mitte,0102,Moabit,,
6575314493,Kiosk 106,,,52.5245133,13.3486425,11001001,Mitte,0102,Moabit,,
6579924418,Il Calice Kiosko,,,52.5017798,13.3148812,11004004,Charlottenburg-Wilmersdorf,0401,Charlottenburg,,
6580040823,frugibus,,,52.4733369,13.4478243,11008008,Neukölln,0801,Neukölln,+49 176 50370638,
6581421551,Champa Center,,,52.4808969,13.4344097,11008008,Neukölln,0801,Neukölln,,
6596706590,Von morgens bis Späti,,,52.5459278,13.3448983,11001001,Mitte,0105,Wedding,,
6596977798,Spätkauf Gönül,,,52.5494561,13.3533154,11001001,Mitte,0105,Wedding,,
6632057685,Posty,,,52.531583,13.3616685,11001001,Mitte,0102,Moabit,,
6638517570,Ce Ba Supermarket,,,52.5134282,13.4554422,11002002,Friedrichshain-Kreuzberg,0201,Friedrichshain,,
6638539748,City Spätkauf Mini Markt,,,52.51384,13.4541743,11002002,Friedrichshain-Kreuzberg,0201,Friedrichshain,,
6695121386,Som Afro Shop,,,52.5523776,13.3792173,11001001,Mitte,0106,Gesundbrunnen,,
6700428987,Zeitungen/ Düppel Back,,,52.4581166,13.3244414,11006006,Steglitz-Zehlendorf,0601,Steglitz,,
6700773085,Tante Emma Laden,,,52.5566572,13.3659415,11001001,Mitte,0106,Gesundbrunnen,,
6709895166,Lycamobil Day & Night,,,52.5568894,13.4666418,11003003,Pankow,0302,Weißensee,,
6721752421,Basics Unverpackt,,,52.4013916,13.2221626,,,,,,
6739388160,Night Shop Richi,,,52.5177495,13.3067802,11004004,Charlottenburg-Wilmersdorf,0401,Charlottenburg,,
6744258498,REWE To Go,REWE To Go,,52.5136297,13.2659222,11004004,Charlottenburg-Wilmersdorf,0405,Westend,,
6757978245,Spar Express,Spar,,52.5067873,13.3324825,11004004,Charlottenburg-Wilmersdorf,0401,Charlottenburg,,
6761500187,Kiosk & Backshop,,,52.5452457,13.3691604,11001001,Mitte,0105,Wedding,,
6783961355,latenight shop,,,52.4835867,13.4308644,11008008,Neukölln,0801,Neukölln,,
6795294506,Kiosk,,,52.5329386,13.4287575,11003003,Pankow,0301,Prenzlauer Berg,,
6825107608,Spätkauf,,,52.4934561,13.3650984,11007007,Tempelhof-Schöneberg,0701,Schöneberg,,
6841554517,,,,52.4169224,13.2259911,,,,,,
6846691466,REWE To Go,REWE To Go,,52.5137269,13.4217724,11001001,Mitte,0101,Mitte,,
6868834335,24-Seven Market,,,52.5287282,13.4021977,11001001,Mitte,0101,Mitte,,
6898983539,Ragazzo's Wunderland,,,52.5108631,13.3092812,11004004,Charlottenburg-Wilmersdorf,0401,Charlottenburg,,
6927919632,Kiosk 47,,,52.5062598,13.496215,11011011,Lichtenberg,1112,Rummelsburg,,
6932885261,P71,,,52.5028036,13.3657508,11001001,Mitte,0104,Tiergarten,,
6932885264,Berlin - Tag & Nacht Spätkauf,,,52.5031173,13.3662205,11001001,Mitte,0104,Tiergarten,,
6938259809,Drink Shop,,,52.5014049,13.4419024,11002002,Friedrichshain-Kreuzberg,0202,Kreuzberg,,
6949145452,Spice Village International Supermarkt,,,52.4578468,13.3838808,11007007,Tempelhof-Schöneberg,0703,Tempelhof,,
6952237957,Presse Tabak Fahrkarten Post,,,52.5675269,13.3288371,11012012,Reinickendorf,1201,Reinickendorf,,
6988271062,Lotto,,,52.5359595,13.2752833,11005005,Spandau,0503,Siemensstadt,,
7025879081,Central Food + Getränkemarkt,,,52.5356481,13.4334779,11003003,Pankow,0301,Prenzlauer Berg,+49 30 47758375,
7053084877,Späti by Sticky,,,52.5270468,13.3340028,11001001,Mitte,0102,Moabit,,
7056721367,Kompakt Kauf,,,52.4893663,13.407606,11002002,Friedrichshain-Kreuzberg,0202,Kreuzberg,,
7060854115,Sahin,,,52.4917242,13.3826384,11002002,Friedrichshain-Kreuzberg,0202,Kreuzberg,,
7061716475,Lotto Shop,,,52.5436124,13.4919493,11011011,Lichtenberg,1110,Alt-Hohenschönhausen,,
7069825864,Späti,,,52.5328763,13.4301559,11003003,Pankow,0301,Prenzlauer Berg,,
7084027763,Tabak-Getränke,,,52.5019381,13.3308823,11004004,Charlottenburg-Wilmersdorf,0401,Charlottenburg,,
7099412179,,,,52.6436161,13.321414,,,,,,
7122918327,Latenight Shop Tor,,,52.528482,13.4118467,11003003,Pankow,0301,Prenzlauer Berg,,
7129308477,Kiosk Backshop Morgenstund Berlin,,,52.5228407,13.3595896,11001001,Mitte,0102,Moabit,,
7129374733,ServiceStore DB,ServiceStore DB,,52.5051701,13.3202788,11004004,Charlottenburg-Wilmersdorf,0401,Charlottenburg,,
7132010678,REWE To Go,REWE To Go,Rewe,52.5063313,13.4503962,11002002,Friedrichshain-Kreuzberg,0201,Friedrichshain,,
7143783086,Graefe Kiez Späti,,,52.4921123,13.4172698,11002002,Friedrichshain-Kreuzberg,0202,Kreuzberg,,
7152122818,BACK & TABAK SHOP,,,52.5001116,13.3985682,11002002,Friedrichshain-Kreuzberg,0202,Kreuzberg,,
7195094855,Tante Emma Laden,,,52.4937495,13.507647,11011011,Lichtenberg,1101,Friedrichsfelde,,
7211094991,Sp@tkauf 47,,,52.5334314,13.4293759,11003003,Pankow,0301,Prenzlauer Berg,,
7229104069,Spätkauf,,,52.4923657,13.4236297,11008008,Neukölln,0801,Neukölln,,
7233815683,Duden Spätkauf,,,52.4851352,13.3846162,11002002,Friedrichshain-Kreuzberg,0202,Kreuzberg,,
7236820670,Miran,,,52.5518607,13.4150116,11003003,Pankow,0301,Prenzlauer Berg,,
7237064969,Asia Mekong,,,52.5506605,13.4148913,11003003,Pankow,0301,Prenzlauer Berg,,
7238456632,Back & Tabak,,,52.4791962,13.3494407,11007007,Tempelhof-Schöneberg,0701,Schöneberg,,
7239671331,GOP Market,,,52.47188,13.4455819,11008008,Neukölln,0801,Neukölln,,
7244287151,Korkmazlar Shop (Day & Night Shop),,,52.4929078,13.3966572,11002002,Friedrichshain-Kreuzberg,0202,Kreuzberg,,
7249782637,Little Presents,,,52.5433962,13.4425388,11003003,Pankow,0301,Prenzlauer Berg,,
7252363283,G-K Kiosk,,,52.4733372,13.426349,11008008,Neukölln,0801,Neukölln,,
7252377714,,,,52.5048929,13.4688097,11002002,Friedrichshain-Kreuzberg,0201,Friedrichshain,,
7253103663,Späti 70,,,52.4744434,13.4273338,11008008,Neukölln,0801,Neukölln,,
7253123115,Yörem Baklava,,,52.473685,13.4277362,11008008,Neukölln,0801,Neukölln,,
7257448216,Spätkauf 19,,,52.4835211,13.4245609,11008008,Neukölln,0801,Neukölln,,
7258108398,Aller Kiosk,,,52.4750384,13.4266453,11008008,Neukölln,0801,Neukölln,,
7260706585,Fair unverpackt,,,52.4959,13.3215,11004004,Charlottenburg-Wilmersdorf,0402,Wilmersdorf,,
7261109872,,,,52.4772645,13.4260287,11008008,Neukölln,0801,Neukölln,,
7261201128,Herrfurth Getränke,,,52.4772465,13.424454,11008008,Neukölln,0801,Neukölln,,
7261229893,lieberspätiealsnie!,,,52.4769961,13.4242529,11008008,Neukölln,0801,Neukölln,,
7261230317,Späti Oker,,,52.4741327,13.4269871,11008008,Neukölln,0801,Neukölln,,
7273853254,my KIOSK 2 Café,,,52.5162123,13.4551716,11002002,Friedrichshain-Kreuzberg,0201,Friedrichshain,,
7273899887,JaDilo,,,52.5170947,13.4540216,11002002,Friedrichshain-Kreuzberg,0201,Friedrichshain,,
7276802071,Späti am Platz,,,52.473891,13.4412334,11008008,Neukölln,0801,Neukölln,,
7277451780,Day & Night Kiosk,,,52.4758828,13.4266243,11008008,Neukölln,0801,Neukölln,,
7280320394,,,,52.4728867,13.4221184,11008008,Neukölln,0801,Neukölln,,
7281046460,Spätkauf,,ADAC Berlin-Brandenburg e.V.,52.5414137,13.4152046,11003003,Pankow,0301,Prenzlauer Berg,,
7289003922,La Bodega,,,52.5420621,13.4228421,11003003,Pankow,0301,Prenzlauer Berg,,https://www.labodega-berlin.com/
7291199231,Kiez-Späti,,,52.479214,13.4247602,11008008,Neukölln,0801,Neukölln,,
7291199971,Selchower Spätkauf,,,52.4789398,13.4243922,11008008,Neukölln,0801,Neukölln,,
7291373630,Grüne Meile,,,52.5456231,13.4206904,11003003,Pankow,0301,Prenzlauer Berg,,
7292198182,Suti Asia Markt,,,52.5436032,13.4245381,11003003,Pankow,0301,Prenzlauer Berg,,
7296525277,Spätkauf Olive,,,52.5147816,13.4619901,11002002,Friedrichshain-Kreuzberg,0201,Friedrichshain,,
7296855673,Time to Shop,,,52.5635744,13.3640125,11012012,Reinickendorf,1201,Reinickendorf,,
7297159360,Tabakwaren Sahiner,,,52.5324174,13.3415874,11001001,Mitte,0102,Moabit,,
7308566114,Asialebensmittel,,,52.5418025,13.4208702,11003003,Pankow,0301,Prenzlauer Berg,,
7310117371,Dicke Schwester Späti,,,52.5423392,13.4256516,11003003,Pankow,0301,Prenzlauer Berg,,
7310691228,Internet Cafe,,,52.5401872,13.4193385,11003003,Pankow,0301,Prenzlauer Berg,,
7331366121,Firat Spätkauf,,,52.4926153,13.4212113,11002002,Friedrichshain-Kreuzberg,0202,Kreuzberg,,
7347092785,,,,52.4771625,13.4488006,11008008,Neukölln,0801,Neukölln,,
7353865378,Grünschnabel,,,52.4837245,13.3839439,11007007,Tempelhof-Schöneberg,0703,Tempelhof,,
7399471666,Kiosk Shop,,,52.506611,13.2939666,11004004,Charlottenburg-Wilmersdorf,0401,Charlottenburg,,
7416760729,Hemadi Späti,,,52.4760124,13.4401398,11008008,Neukölln,0801,Neukölln,,
7454045231,Lotto,,,52.5074458,13.3945081,11002002,Friedrichshain-Kreuzberg,0202,Kreuzberg,,
7463511384,I♥️Späti24/7,,,52.4789131,13.4494378,11008008,Neukölln,0801,Neukölln,,
7476846914,Kiosk,,,52.4479264,13.4842132,11009009,Treptow-Köpenick,0903,Baumschulenweg,,
7497969380,Neuköllner Eck,,,52.4742805,13.4546145,11008008,Neukölln,0801,Neukölln,,
7530005420,Tabakwaren Freitag,,,52.4785289,13.3302012,11004004,Charlottenburg-Wilmersdorf,0402,Wilmersdorf,,
7533520606,Beron Market,,,52.5267464,13.3514996,11001001,Mitte,0102,Moabit,,
7541757198,Späti Bro,,,52.513565,13.4534698,11002002,Friedrichshain-Kreuzberg,0201,Friedrichshain,,
7554171397,Pen & Paper,,,52.4705796,13.3339648,11007007,Tempelhof-Schöneberg,0702,Friedenau,,
7590570269,Hane,,,52.4933643,13.4178183,11002002,Friedrichshain-Kreuzberg,0202,Kreuzberg,,
7598149826,Romania Markt,,,52.4746042,13.3287763,11007007,Tempelhof-Schöneberg,0702,Friedenau,,https://piaroma.de/
7598149828,,,,52.4736779,13.3287536,11007007,Tempelhof-Schöneberg,0702,Friedenau,,
7598895276,dein Markt,,,52.4693807,13.3321452,11007007,Tempelhof-Schöneberg,0702,Friedenau,,
7605882339,Multi Shop,,,52.5543561,13.3446507,11001001,Mitte,0105,Wedding,,
7609092403,,,,52.553844,13.3455819,11001001,Mitte,0105,Wedding,,
7609585410,Spätkauf 44,,,52.4772245,13.4390112,11008008,Neukölln,0801,Neukölln,,
7612272366,Eko Market,,,52.5564623,13.3418179,11001001,Mitte,0105,Wedding,,
7612272374,Multi Shop,,,52.5566837,13.3414437,11001001,Mitte,0105,Wedding,,
7613183877,Maasai Market (Spätkauf),,,52.5546446,13.3459195,11001001,Mitte,0105,Wedding,+49 30 95594155,
7619972077,Daily Shop,,,52.4913924,13.4233919,11008008,Neukölln,0801,Neukölln,,
7627025801,Multishop Eisenkralle,,,52.5434887,13.3968566,11001001,Mitte,0106,Gesundbrunnen,,
7640981830,Ma Vie,,,52.5236888,13.3019662,11004004,Charlottenburg-Wilmersdorf,0401,Charlottenburg,,
7650143968,Back Shop,,,52.4701257,13.4313706,11008008,Neukölln,0801,Neukölln,,
7660503822,Späti 4 You,,,52.5074724,13.30919,11004004,Charlottenburg-Wilmersdorf,0401,Charlottenburg,,
7680987935,,,,52.4813971,13.3288407,11004004,Charlottenburg-Wilmersdorf,0402,Wilmersdorf,,
7682218085,(hub)convenience,,,52.5211636,13.411378,11001001,Mitte,0101,Mitte,,
7709526506,Kiez Shop,,,52.5011467,13.491734,11011011,Lichtenberg,1112,Rummelsburg,,
7710976602,Backshop,,,52.5603455,13.3808334,11001001,Mitte,0106,Gesundbrunnen,,
7720860988,Droysen-Shop,,,52.5011447,13.3002685,11004004,Charlottenburg-Wilmersdorf,0401,Charlottenburg,,
7728924601,Jülicher Minimarkt,,,52.5520885,13.3914105,11001001,Mitte,0106,Gesundbrunnen,,
7749865515,Berlinshop,,,52.5240803,13.4137336,11001001,Mitte,0101,Mitte,,
7761726675,Arino Spätkauf,,,52.5474168,13.3469841,11001001,Mitte,0105,Wedding,,
7764085885,Adriano & Rach,,,52.512938,13.3972399,11001001,Mitte,0101,Mitte,,
7764085985,,,,52.5113005,13.4069519,11001001,Mitte,0101,Mitte,,
7767847100,Spät Shop,,,52.4793893,13.3104642,11004004,Charlottenburg-Wilmersdorf,0403,Schmargendorf,,
7773607314,Afroshop Casa-Tropical,,,52.5464417,13.3488192,11001001,Mitte,0105,Wedding,,
7775194172,Spätkauf 25,,,52.4885166,13.3946276,11002002,Friedrichshain-Kreuzberg,0202,Kreuzberg,,
7776107179,Kiosk Berlin,,,52.4645916,13.3296439,11006006,Steglitz-Zehlendorf,0601,Steglitz,,
7776107182,,,,52.463392,13.328547,11006006,Steglitz-Zehlendorf,0601,Steglitz,,
7781356468,Lotto/Tabak/Presse Raschel,,,52.517514,13.582289,11010010,Marzahn-Hellersdorf,1005,Hellersdorf,,
7797154083,Spätkauf,,,52.4963105,13.4155983,11002002,Friedrichshain-Kreuzberg,0202,Kreuzberg,,
7798400776,Berliner Kiosk,,,52.4862728,13.3229522,11004004,Charlottenburg-Wilmersdorf,0402,Wilmersdorf,,
7804824563,Lädchen im sunpark,,,52.4639137,13.4256744,11008008,Neukölln,0801,Neukölln,,
7867631179,Goldeck,,,52.5388105,13.4244808,11003003,Pankow,0301,Prenzlauer Berg,,
7867810046,Lebensmittel Getränke-Obst-Gemüse,,,52.5371026,13.4280725,11003003,Pankow,0301,Prenzlauer Berg,01778912936,
7869333375,fast shop,,,52.4810374,13.4371154,11008008,Neukölln,0801,Neukölln,,
7877976455,Weltladen Wedding,Weltladen,,52.5487969,13.3496502,11001001,Mitte,0105,Wedding,,
7910232823,,,,52.4468073,13.3063523,11006006,Steglitz-Zehlendorf,0602,Lichterfelde,,
7924001318,Internationale Presse,,,52.5060116,13.2958174,11004004,Charlottenburg-Wilmersdorf,0401,Charlottenburg,,
7935469608,Yorck 22,,Isik,52.4929607,13.3802016,11002002,Friedrichshain-Kreuzberg,0202,Kreuzberg,,
7948555755,Asia-Shop,,,52.5557347,13.5639969,11010010,Marzahn-Hellersdorf,1001,Marzahn,,
7951876010,Smoke Drink,,,52.5001024,13.4433022,11002002,Friedrichshain-Kreuzberg,0202,Kreuzberg,,
8023092338,Grimm Shop,,,52.494521,13.4142313,11002002,Friedrichshain-Kreuzberg,0202,Kreuzberg,,
8039726233,Spätshop,,,52.5109746,13.3055846,11004004,Charlottenburg-Wilmersdorf,0401,Charlottenburg,,
8075423310,Aimy's Backshop,,,52.4774231,13.428831,11008008,Neukölln,0801,Neukölln,,
8077217717,Black Rose Spätkauf & Backshop,,,52.4906149,13.3305072,11004004,Charlottenburg-Wilmersdorf,0402,Wilmersdorf,,
8095094763,Afro Shop - Tropical Markt,,,52.4809682,13.4366464,11008008,Neukölln,0801,Neukölln,,
8096733564,,,,52.5490444,13.2004173,11005005,Spandau,0501,Spandau,,
8126649023,Backshop & Kiosk,,,52.4819011,13.4245925,11008008,Neukölln,0801,Neukölln,,
8165308848,Spätkauf 63,,,52.460471,13.5222507,11009009,Treptow-Köpenick,0909,Oberschöneweide,,
8177206746,The 25 Hours Store,,,52.4624278,13.3263509,11006006,Steglitz-Zehlendorf,0601,Steglitz,,
8205928789,Damaschke Shop,,,52.499854,13.3021278,11004004,Charlottenburg-Wilmersdorf,0401,Charlottenburg,,
8208959404,Am Park,,,52.5256297,13.3348927,11001001,Mitte,0102,Moabit,+49 30 3916408,
8222300375,Ährensache,,,52.4856413,13.3515127,11007007,Tempelhof-Schöneberg,0701,Schöneberg,,
8223127022,city Market,,,52.4851141,13.3521526,11007007,Tempelhof-Schöneberg,0701,Schöneberg,,
8223127042,Späti,,,52.4815147,13.3484967,11007007,Tempelhof-Schöneberg,0701,Schöneberg,,
8245997132,REWE To Go,REWE To Go,,52.4843859,13.3206479,11004004,Charlottenburg-Wilmersdorf,0402,Wilmersdorf,,
8255148508,Juvit Natur,,,52.5479217,13.5041232,11011011,Lichtenberg,1110,Alt-Hohenschönhausen,,
8257529782,Balkan Minimarkt EU 2,,,52.4869544,13.3282094,11004004,Charlottenburg-Wilmersdorf,0402,Wilmersdorf,,
8257529783,Balkan Minimarkt EU 2,,,52.4869406,13.3281402,11004004,Charlottenburg-Wilmersdorf,0402,Wilmersdorf,,
8261139069,Der Joachimstaler Bio-Feinschmecker,,,52.6603565,13.5340919,,,,,,
8264923018,Spätkauf am Nachodeck,,,52.4952316,13.3349458,11004004,Charlottenburg-Wilmersdorf,0402,Wilmersdorf,,
8265318078,Kiosk Luther 99,,,52.4854755,13.3453416,11007007,Tempelhof-Schöneberg,0701,Schöneberg,,
8285839578,Späti,,,52.5582845,13.3656044,11012012,Reinickendorf,1201,Reinickendorf,,
8287585513,Der Joachimsthaler Bio,,,52.6603758,13.534024,,,,,+49 30 94414440,
8290426019,Kreuzberger,,,52.5043185,13.4276101,11002002,Friedrichshain-Kreuzberg,0202,Kreuzberg,,
8290426023,Büdchen,,,52.5021214,13.4290356,11002002,Friedrichshain-Kreuzberg,0202,Kreuzberg,,
8290426028,Späti 36,,,52.5035506,13.4295046,11002002,Friedrichshain-Kreuzberg,0202,Kreuzberg,,
8307364241,Sapphire Shisha Store,,,52.5568052,13.3412329,11001001,Mitte,0105,Wedding,,
8320408698,Kiosk Backshop Tunc,,,52.4823129,13.4433259,11008008,Neukölln,0801,Neukölln,,
8323288146,Kiosk mit Lotto,,,52.4819696,13.4399523,11008008,Neukölln,0801,Neukölln,,
8330505686,Karl-Heinz Nowak und Sven Nowak Kiosk,,,52.6010245,13.36331,11012012,Reinickendorf,1210,Märkisches Viertel,+49 30 40710185,
8333748450,ServiceStore DB,ServiceStore DB,,52.5200733,13.3476937,11001001,Mitte,0103,Hansaviertel,,
8355364812,Kiosk,,,52.4640533,13.3250919,11006006,Steglitz-Zehlendorf,0601,Steglitz,,
8370782654,Buschfunk Späti,,,52.4455514,13.3302018,11006006,Steglitz-Zehlendorf,0601,Steglitz,+49 30 95998848,
8389925453,Spätkauf,,,52.4925816,13.3312131,11004004,Charlottenburg-Wilmersdorf,0402,Wilmersdorf,,
8398386453,Hem,,,52.6133651,13.4332586,11003003,Pankow,0310,Französisch Buchholz,,
8413213041,Spar Express,Spar,,52.4529939,13.5141699,11009009,Treptow-Köpenick,0905,Niederschöneweide,,
8432385311,Spätkauf,,,52.5685054,13.3622282,11012012,Reinickendorf,1201,Reinickendorf,,
8437854118,Spätkauf Silbereck,,,52.4678126,13.4418287,11008008,Neukölln,0801,Neukölln,,
8463977950,Engel-Presse,,,52.5700527,13.4963509,11011011,Lichtenberg,1109,Neu-Hohenschönhausen,,
8478519167,Total,Total,,52.5352982,13.5227802,11010010,Marzahn-Hellersdorf,1001,Marzahn,,
8483279509,Total,Total,,52.4192256,13.3192762,11006006,Steglitz-Zehlendorf,0602,Lichterfelde,,
8508795469,ServiceStore DB,ServiceStore DB,,52.5263664,13.5368261,11010010,Marzahn-Hellersdorf,1001,Marzahn,,
8516433535,Spätkauf,,,52.5585895,13.3708729,11001001,Mitte,0106,Gesundbrunnen,,
8586745374,,,,52.4985565,13.3242858,11004004,Charlottenburg-Wilmersdorf,0402,Wilmersdorf,,
8588995991,Shell,Shell,,52.5199112,13.3550098,11001001,Mitte,0102,Moabit,,
8622320265,Alan,,,52.5110521,13.2947579,11004004,Charlottenburg-Wilmersdorf,0401,Charlottenburg,,
8629566328,Ege's Minimarkt,,,52.5087067,13.3181997,11004004,Charlottenburg-Wilmersdorf,0401,Charlottenburg,,
8665635957,,,,52.4511193,13.3394389,11006006,Steglitz-Zehlendorf,0601,Steglitz,,
8686629766,"Obst, Gemüse, Getränke",,,52.5388135,13.4924356,11011011,Lichtenberg,1110,Alt-Hohenschönhausen,,
8691573561,eisenacher Tabak & Spätshop,,,52.4866091,13.3502428,11007007,Tempelhof-Schöneberg,0701,Schöneberg,,
8726177799,City Kiosk,,,52.4749713,13.3280924,11007007,Tempelhof-Schöneberg,0702,Friedenau,,
8728828814,Spätkauf,,,52.5718244,13.3803503,11012012,Reinickendorf,1201,Reinickendorf,,
8735608879,The Market,,,52.5017546,13.3129938,11004004,Charlottenburg-Wilmersdorf,0401,Charlottenburg,,
8735688397,Spätkauf 59,,,52.5050383,13.3176509,11004004,Charlottenburg-Wilmersdorf,0401,Charlottenburg,,
8759425992,Kivo's Back & Kiezshop,,,52.5463101,13.3586357,11001001,Mitte,0105,Wedding,,
8766255537,Tommy's Minilädchen,,,52.4179609,13.5798336,11009009,Treptow-Köpenick,0913,Grünau,,
8766255543,Tuans Späti,,,52.4199942,13.5785091,11009009,Treptow-Köpenick,0913,Grünau,,
8775512439,Oriental Shop,,,52.485462,13.4258668,11008008,Neukölln,0801,Neukölln,,
8775512441,Marx shop 12,,,52.4854094,13.4259762,11008008,Neukölln,0801,Neukölln,,
8783823473,Späti,,,52.5153286,13.4715926,11002002,Friedrichshain-Kreuzberg,0201,Friedrichshain,,
8785469876,City Kiosk,,,52.509889,13.3901614,11001001,Mitte,0101,Mitte,,
8829476449,Asia 9,,,52.4934992,13.5066456,11011011,Lichtenberg,1101,Friedrichsfelde,,
8833770016,Siriketha,,,52.4434355,13.3154091,11006006,Steglitz-Zehlendorf,0602,Lichterfelde,,
8833792861,Ayoob Market,,,52.4441728,13.3153061,11006006,Steglitz-Zehlendorf,0602,Lichterfelde,,
8880479836,ServiceStore DB,ServiceStore DB,Deutsche Bahn,52.5664796,13.4106966,11003003,Pankow,0307,Pankow,,https://www.servicestoredb.de/sst-de/Standortfinder#!/l/berlin/florastrasse-52/360886
8890286247,Nido's Späti,,,52.5421037,13.39272,11001001,Mitte,0106,Gesundbrunnen,,
8896048660,Back- und Getränkeshop Yasar,,,52.5246035,13.3396995,11001001,Mitte,0102,Moabit,,
8911390134,REWE To Go,REWE To Go,,52.6362992,13.3071514,,,,,,
8912187527,,,,52.4335311,13.3127498,11006006,Steglitz-Zehlendorf,0602,Lichterfelde,,
8918782091,L5 Späti,,,52.4899624,13.425536,11008008,Neukölln,0801,Neukölln,,
8952087938,,,,52.4586184,13.3764058,11007007,Tempelhof-Schöneberg,0703,Tempelhof,,
8952325667,Spätkauf,,,52.4606183,13.3769334,11007007,Tempelhof-Schöneberg,0703,Tempelhof,,
8989690899,Ronya Minimarkt Spätkauf,,,52.4826253,13.381665,11007007,Tempelhof-Schöneberg,0703,Tempelhof,,
9015007575,Le prunier,,,52.5329554,13.3275975,11001001,Mitte,0102,Moabit,,
9031951437,Lotto Kiosk,,,52.4786898,13.4260427,11008008,Neukölln,0801,Neukölln,,
9031973525,Tuffis Bio Kiosk,,,52.4800911,13.4245585,11008008,Neukölln,0801,Neukölln,,
9031974484,Späti Corner,,,52.48096,13.4252575,11008008,Neukölln,0801,Neukölln,+496966405060,
9040238202,OR Store,,,52.4788593,13.4254519,11008008,Neukölln,0801,Neukölln,,
9051713158,Spätkauf & Back Shop,,,52.4722994,13.3775921,11007007,Tempelhof-Schöneberg,0703,Tempelhof,,
9073418329,Minimarkt,,,52.5487016,13.4499628,11003003,Pankow,0302,Weißensee,,
9073418330,Mini Markt,,,52.5499864,13.445876,11003003,Pankow,0302,Weißensee,,
9073418332,Späti to go,,,52.5487163,13.4520471,11003003,Pankow,0302,Weißensee,,
9073606224,Kany Getränke,,,52.5499705,13.4578066,11003003,Pankow,0302,Weißensee,,
9073812247,Spätkauf,,,52.5597554,13.4128012,11003003,Pankow,0307,Pankow,,
9073823860,Bäckerei & Cafe - Leo,,,52.5518023,13.4662136,11003003,Pankow,0302,Weißensee,,
9077238488,Baba Späti II,,,52.503322,13.4380163,11002002,Friedrichshain-Kreuzberg,0202,Kreuzberg,,
9079425217,Nie Spät,,,52.4716196,13.451233,11008008,Neukölln,0801,Neukölln,,
9091314041,Minimarket Bulgaria,,,52.5487018,13.3478032,11001001,Mitte,0105,Wedding,,
9097623441,Магазин Родина,,,52.4814301,13.4311722,11008008,Neukölln,0801,Neukölln,,
9098346561,Kiezkiosk,,,52.4906774,13.3709872,11007007,Tempelhof-Schöneberg,0701,Schöneberg,,
9098550069,Spätkauf 06,,,52.4652102,13.4328293,11008008,Neukölln,0801,Neukölln,,
9114715766,Tabakwaren Haese,,,52.4246102,13.4628133,11008008,Neukölln,0805,Gropiusstadt,,
9114794715,,,,52.4256948,13.4633031,11008008,Neukölln,0805,Gropiusstadt,,
9144973575,,,,52.5353909,13.4061906,11001001,Mitte,0101,Mitte,,
9145188049,Schwedtiii Späti,,,52.5350039,13.4073241,11003003,Pankow,0301,Prenzlauer Berg,,
9160600487,ServiceStore DB,ServiceStore DB,,52.554596,13.3977442,11003003,Pankow,0301,Prenzlauer Berg,,
9160651387,ServiceStore DB,ServiceStore DB,,52.554609,13.3980107,11003003,Pankow,0301,Prenzlauer Berg,,
9166121509,Spätkauf,,,52.55922,13.413635,11003003,Pankow,0307,Pankow,,
9178061413,Ak Spätshop,,,52.509047,13.314067,11004004,Charlottenburg-Wilmersdorf,0401,Charlottenburg,,
9198286166,Spätkauf,,,52.5554203,13.3749103,11001001,Mitte,0106,Gesundbrunnen,,
9237900833,Dein Späti,,,52.5153381,13.4648779,11002002,Friedrichshain-Kreuzberg,0201,Friedrichshain,,
9253499009,Zuhause,,NaNaNaNaNa ZuhauseKiosk,52.4794108,13.4320893,11008008,Neukölln,0801,Neukölln,,
9262040839,Spätkauf Sunside,,,52.5492766,13.3489436,11001001,Mitte,0105,Wedding,,
9264363463,REWE To Go,REWE To Go,,52.4396254,13.3516159,11006006,Steglitz-Zehlendorf,0603,Lankwitz,,
9286730164,,,,52.4326218,13.3914309,11007007,Tempelhof-Schöneberg,0704,Mariendorf,,
9286853352,Britzer Spätkauf,,,52.4529551,13.4387484,11008008,Neukölln,0802,Britz,,
9286872873,Telewelt,,,52.5506603,13.3849502,11001001,Mitte,0106,Gesundbrunnen,,
9286946465,Spätkauf/Internet Cafe,,,52.4389277,13.3890034,11007007,Tempelhof-Schöneberg,0704,Mariendorf,,
9293399680,Weltladen Spandau,,,52.5382557,13.205759,11005005,Spandau,0501,Spandau,,
9298567404,Kebe,,,52.4264522,13.3318003,11006006,Steglitz-Zehlendorf,0602,Lichterfelde,,https://www.kebe.de/
9329133969,DHL,DHL,,52.4963273,13.3865182,11002002,Friedrichshain-Kreuzberg,0202,Kreuzberg,,
9329137097,DHL Paketshop 444,DHL,,52.4985219,13.3879268,11002002,Friedrichshain-Kreuzberg,0202,Kreuzberg,,
9355733804,Alan Späti,,,52.5045995,13.4952382,11011011,Lichtenberg,1112,Rummelsburg,,
9408430208,Lotto,,,52.559998,13.3821283,11001001,Mitte,0106,Gesundbrunnen,,
9410449829,DMX Shop,,,52.4895086,13.4148135,11002002,Friedrichshain-Kreuzberg,0202,Kreuzberg,,
9420708664,,,,52.5494778,13.4584145,11003003,Pankow,0302,Weißensee,,
9421237667,Spätkauf,,,52.4895548,13.3487739,11007007,Tempelhof-Schöneberg,0701,Schöneberg,,
9421237669,Späti Wunderlampe,,,52.4890896,13.3488826,11007007,Tempelhof-Schöneberg,0701,Schöneberg,,
9423354156,Wollank Kiosk & Back,,,52.5608877,13.387742,11001001,Mitte,0106,Gesundbrunnen,,
9423507588,Flink,,,52.5490036,13.454938,11003003,Pankow,0302,Weißensee,,https://www.goflink.com/de-DE/
9431768938,Helin Spätkauf,,,52.5501676,13.4600182,11003003,Pankow,0302,Weißensee,,
9442262038,REWE To Go,REWE To Go,,52.5207874,13.3336377,11001001,Mitte,0102,Moabit,,
9458740130,Spätkauf,,,52.4802767,13.3525697,11007007,Tempelhof-Schöneberg,0701,Schöneberg,,
9461313721,Klemke Kiosk,,,52.5743856,13.3598899,11012012,Reinickendorf,1201,Reinickendorf,,
9461898465,Resi's Multishop,,,52.5725808,13.3593913,11012012,Reinickendorf,1201,Reinickendorf,,
9482041531,Sp*ti Kiezladen,,,52.4772428,13.4350519,11008008,Neukölln,0801,Neukölln,,
9494951636,Kaffee 21,,,52.5102659,13.4548587,11002002,Friedrichshain-Kreuzberg,0201,Friedrichshain,,
9495314757,Lotto,,,52.4970831,13.3122882,11004004,Charlottenburg-Wilmersdorf,0402,Wilmersdorf,,
9509383193,,,,52.4961149,13.3203195,11004004,Charlottenburg-Wilmersdorf,0402,Wilmersdorf,,
9513652541,ServiceStore DB,ServiceStore DB,,52.5291187,13.4551573,11003003,Pankow,0301,Prenzlauer Berg,+49 30 40048314,
9527167804,Spätkauf,,,52.5182757,13.2812084,11004004,Charlottenburg-Wilmersdorf,0405,Westend,,
9531068146,Eckert,,,52.6762328,13.5928192,,,,,,
9561297627,Tek Getränke,,,52.5248945,13.3423235,11001001,Mitte,0102,Moabit,,
9600044964,Der Kiosk,,Der Kiosk 030 Gmbh,52.5492293,13.4489621,11003003,Pankow,0302,Weißensee,,
9609536118,Chawla Store Kiosk,,,52.4871035,13.3233769,11004004,Charlottenburg-Wilmersdorf,0402,Wilmersdorf,,
9651437284,u Zosi - Filialie Nr. 2,,,52.5360263,13.2039572,11005005,Spandau,0501,Spandau,+49 30 30345367,https://uzosi.de/
9652208998,Späti,,,52.5475923,13.4488923,11003003,Pankow,0302,Weißensee,,
9655515803,Baba Späti,,,52.4838581,13.3552811,11007007,Tempelhof-Schöneberg,0701,Schöneberg,,
9657884217,SpeedySpäti,,,52.4853083,13.3629026,11007007,Tempelhof-Schöneberg,0701,Schöneberg,+49 162 9047866,
9663208340,Kiosk,,,52.5625979,13.353219,11012012,Reinickendorf,1201,Reinickendorf,,
9675677189,Unser Kaufmann,,,52.565593,13.3734825,11012012,Reinickendorf,1201,Reinickendorf,,
9677924821,am Wasserfall,,,52.4901947,13.3825568,11002002,Friedrichshain-Kreuzberg,0202,Kreuzberg,,
9710866805,Rewands Mini Market,,,52.451746,13.4385183,11008008,Neukölln,0802,Britz,,
9733493785,,,,52.5189525,13.2862051,11004004,Charlottenburg-Wilmersdorf,0401,Charlottenburg,,
9737000356,Khan's Spätkauf,,,52.5508615,13.3733874,11001001,Mitte,0106,Gesundbrunnen,,
9737026865,KM Spätkauf,,,52.5101422,13.2777716,11004004,Charlottenburg-Wilmersdorf,0405,Westend,,
9737031067,Presse-Zentrum Kaiserdamm,,,52.5106632,13.2884669,11004004,Charlottenburg-Wilmersdorf,0401,Charlottenburg,,
9737091867,,,,52.5152885,13.3029834,11004004,Charlottenburg-Wilmersdorf,0401,Charlottenburg,,
9741661166,Multishop,,,52.5470506,13.3726216,11001001,Mitte,0106,Gesundbrunnen,,
9762108276,Night Shop,,,52.4752777,13.2916571,11004004,Charlottenburg-Wilmersdorf,0403,Schmargendorf,,
9786591353,Kiosk Basilikum,,,52.5871897,13.4019928,11003003,Pankow,0311,Niederschönhausen,,
9794512248,Forst Kiosk,,,52.4649952,13.3122641,11006006,Steglitz-Zehlendorf,0601,Steglitz,,
9794512254,Herat Markt,,,52.4641573,13.3173925,11006006,Steglitz-Zehlendorf,0601,Steglitz,,
9797339523,Syriana Halal Supermarket,,,52.5663363,13.5198514,11011011,Lichtenberg,1109,Neu-Hohenschönhausen,,
9815364428,Spätkauf Kaffee & Kuchen,,,52.4440097,13.3863579,11007007,Tempelhof-Schöneberg,0704,Mariendorf,,
9816600257,19 Shop,,,52.5103971,13.2920733,11004004,Charlottenburg-Wilmersdorf,0401,Charlottenburg,,
9823829854,Flip Flop,,,52.5539769,13.3875942,11001001,Mitte,0106,Gesundbrunnen,,
9841406414,telinstore,,,52.4951819,13.4301815,11002002,Friedrichshain-Kreuzberg,0202,Kreuzberg,,
9844946878,tropez,,,52.5458846,13.3812418,11001001,Mitte,0106,Gesundbrunnen,+49 176 66800232,https://www.tropeztropez.de/
9846839540,Cankat Späti,,,52.4994903,13.4164685,11002002,Friedrichshain-Kreuzberg,0202,Kreuzberg,,
9851080877,Alamir,,,52.527275,13.3281364,11001001,Mitte,0102,Moabit,,
9869125871,,,,52.428396,13.390547,11007007,Tempelhof-Schöneberg,0704,Mariendorf,,
9917944555,Kiezladen Wilhelmsruh,,Wilhelm gibt keine Ruh,52.5865129,13.3673521,11003003,Pankow,0313,Wilhelmsruh,,https://www.wilhelm-gibt-keine-ruh.de/unsere-projekte/kiezladen/
9921853763,Presseshop Sahinoglu,,,52.4931207,13.425712,11008008,Neukölln,0801,Neukölln,,
9929107284,Spätkauf 222 Tempelhof,,,52.4561705,13.3836036,11007007,Tempelhof-Schöneberg,0703,Tempelhof,+49 30 7511840,https://spaetkauf-222-tempelhof.jimdosite.com/
9937044800,3 Brüder - Feinmarkt,,,52.5481224,13.3983783,11001001,Mitte,0106,Gesundbrunnen,,
9963977597,Botan Shop,,,52.5533981,13.4350349,11003003,Pankow,0302,Weißensee,,
9982099019,Schätzchen,,,52.5349049,13.4236558,11003003,Pankow,0301,Prenzlauer Berg,,
9991258485,"Melody ""dein Spätcafe""",,,52.4981381,13.3532327,11007007,Tempelhof-Schöneberg,0701,Schöneberg,,
10000583196,D&A Späti,,,52.5100828,13.2792989,11004004,Charlottenburg-Wilmersdorf,0405,Westend,,
10003644032,Day-n-night Späti,,,52.5293355,13.3385369,11001001,Mitte,0102,Moabit,,
10015418517,Späti am Leopold,,,52.5472988,13.3583897,11001001,Mitte,0105,Wedding,,
10015764560,The Winsy Späti,,Hermes,52.5332463,13.424969,11003003,Pankow,0301,Prenzlauer Berg,,
10035647561,,,,52.5474668,13.4140894,11003003,Pankow,0301,Prenzlauer Berg,,
10035799726,Mate Mate Spätshop,,,52.5457547,13.4132813,11003003,Pankow,0301,Prenzlauer Berg,,
10035842243,Multishop,,,52.5439948,13.4128254,11003003,Pankow,0301,Prenzlauer Berg,,
10035890556,meinspätkauf.de,,,52.5424177,13.4126322,11003003,Pankow,0301,Prenzlauer Berg,,
10045257317,Ari Mini Markt,,,52.5449548,13.4267595,11003003,Pankow,0301,Prenzlauer Berg,,
10053826429,Yonkel Ork,,,52.5457019,13.417076,11003003,Pankow,0301,Prenzlauer Berg,,
10061362362,MUCA Kiosk,,,52.4945129,13.4597253,11009009,Treptow-Köpenick,0901,Alt-Treptow,,
10074966372,Erna,,,52.5381175,13.415034,11003003,Pankow,0301,Prenzlauer Berg,+49 30 44318111,
10075119373,Ali Baba Späti,,,52.5461139,13.4125811,11003003,Pankow,0301,Prenzlauer Berg,,
10078364349,La Neamtu,,,52.5647813,13.3782758,11001001,Mitte,0106,Gesundbrunnen,,
10080410456,Kaya.P,,,52.5237454,13.3991498,11001001,Mitte,0101,Mitte,,
10080485097,Ganesa Spätkauf,,,52.4932469,13.4346448,11002002,Friedrichshain-Kreuzberg,0202,Kreuzberg,,
10098812512,REWE To Go,REWE To Go,,52.4740166,13.3388093,11007007,Tempelhof-Schöneberg,0701,Schöneberg,+49 30 8515286,
10106683990,BBK Backshop,,,52.5037784,13.40279,11002002,Friedrichshain-Kreuzberg,0202,Kreuzberg,,
10106683991,Berk's Backshop,,,52.5039841,13.4021066,11002002,Friedrichshain-Kreuzberg,0202,Kreuzberg,,
10111578842,Papa Arley,,,52.5027416,13.3953945,11002002,Friedrichshain-Kreuzberg,0202,Kreuzberg,,
10124884253,Kiosk,,,52.488383,13.3587727,11007007,Tempelhof-Schöneberg,0701,Schöneberg,,
10124884263,Kiez Kiosk Späti,,,52.489661,13.3534564,11007007,Tempelhof-Schöneberg,0701,Schöneberg,,
10128949517,Nil,,,52.482043,13.4236478,11008008,Neukölln,0801,Neukölln,,
10142874192,Furkan Market,,,52.4995933,13.4089126,11002002,Friedrichshain-Kreuzberg,0202,Kreuzberg,,
10159421696,"Tabakwaren, Zeitungen, Lotto",,,52.5008713,13.4126871,11002002,Friedrichshain-Kreuzberg,0202,Kreuzberg,,
10159681697,Bridge,,,52.5332167,13.3679394,11001001,Mitte,0102,Moabit,,
10169580366,Kiezstore 44,,,52.4633847,13.4341398,11008008,Neukölln,0801,Neukölln,,
10171127868,Tegeler Späti,,,52.5881447,13.2848913,11012012,Reinickendorf,1202,Tegel,,
10185986218,Der Schlemmerladen,,,52.6867306,13.291437,,,,,,
10188634364,,,,52.5033758,13.3168377,11004004,Charlottenburg-Wilmersdorf,0401,Charlottenburg,,
10188745232,,,,52.5050368,13.3139209,11004004,Charlottenburg-Wilmersdorf,0401,Charlottenburg,,
10228989617,Anas Multishop,,,52.5503754,13.3626743,11001001,Mitte,0105,Wedding,,
10276611650,hutfabrik,,,52.5416613,13.4132583,11003003,Pankow,0301,Prenzlauer Berg,,
10290515369,Afro-Shop,,,52.4808295,13.4339179,11008008,Neukölln,0801,Neukölln,+49 30 68088980,
10291361388,Yildiz market,,,52.4677974,13.3859994,11007007,Tempelhof-Schöneberg,0703,Tempelhof,,https://yildiz-market.edan.io/
10291960053,Masala Market,,,52.564819,13.3280379,11012012,Reinickendorf,1201,Reinickendorf,,
10292188833,Ossi,,,52.5509128,13.4428238,11003003,Pankow,0302,Weißensee,,
10311152256,Sweet's & Paper,,,52.4548799,13.3273029,11006006,Steglitz-Zehlendorf,0601,Steglitz,,
10540009034,Späti 61,,,52.4826635,13.4320124,11008008,Neukölln,0801,Neukölln,,
10559266027,Urban Mix Moabit,,,52.5244782,13.3490165,11001001,Mitte,0102,Moabit,,
10595269898,Lotto Toto Kilic,,Resul Kilic,52.4474487,13.3856534,11007007,Tempelhof-Schöneberg,0704,Mariendorf,,
10595706365,Minimarkt,,,52.5392935,13.4219175,11003003,Pankow,0301,Prenzlauer Berg,,
10603028959,Botan Shop,,,52.5531315,13.4333835,11003003,Pankow,0302,Weißensee,,
10604555729,I. Café @ Kiosk,,,52.5405217,13.3909481,11001001,Mitte,0106,Gesundbrunnen,,
10656566373,Spati Shop,,,52.4474341,13.3851889,11007007,Tempelhof-Schöneberg,0704,Mariendorf,,
10663193565,Nordlicht am Pilz,,,52.6428122,13.3015387,11012012,Reinickendorf,1205,Frohnau,,
10674188131,Tele Center,,,52.5271444,13.3411645,11001001,Mitte,0102,Moabit,,
10680707413,Vital Spätkauf,,,52.4976502,13.346378,11007007,Tempelhof-Schöneberg,0701,Schöneberg,,
10685954216,Snackpoint,,,52.5390713,13.4052698,11003003,Pankow,0301,Prenzlauer Berg,,
10688182967,Minimarkt 39,,,52.5477226,13.4342272,11003003,Pankow,0301,Prenzlauer Berg,,
10693140814,treffpunkt,,,52.5023103,13.4202202,11002002,Friedrichshain-Kreuzberg,0202,Kreuzberg,,
10710895029,REWE To Go,REWE To Go,,52.5842312,13.2879251,11012012,Reinickendorf,1202,Tegel,,
10719447727,Bazarche Hafez,,,52.5242824,13.3317078,11001001,Mitte,0102,Moabit,,
10743721439,"Tabak, Getränke und Souvenirs",,,52.5237001,13.387221,11001001,Mitte,0101,Mitte,,
10748234853,Boximarkt,,,52.5137055,13.4554472,11002002,Friedrichshain-Kreuzberg,0201,Friedrichshain,,
10755840510,Barakat Supermarkt,,,52.5440904,13.3627229,11001001,Mitte,0105,Wedding,,
10758193756,Tekel Shop,,,52.5049735,13.4079661,11002002,Friedrichshain-Kreuzberg,0202,Kreuzberg,,
10761677079,Spar Dich Satt,,,52.5379404,13.2040852,11005005,Spandau,0501,Spandau,,
10770738600,Spätimo,,,52.5327276,13.3332264,11001001,Mitte,0102,Moabit,,
10770790453,Kiez-Treff Späti,,,52.5534828,13.4131995,11003003,Pankow,0301,Prenzlauer Berg,,
10791281758,,,,52.5307543,13.4308969,11003003,Pankow,0301,Prenzlauer Berg,,
10799886063,Supermarchė,,,52.5067222,13.3066153,11004004,Charlottenburg-Wilmersdorf,0401,Charlottenburg,,
10803765912,Bilo's Kiosk,,,52.4604693,13.4349716,11008008,Neukölln,0802,Britz,,
10804788435,Prinzen-Späti,,,52.4987028,13.4071056,11002002,Friedrichshain-Kreuzberg,0202,Kreuzberg,,
10814372130,bangla bazar,,,52.5407536,13.3945494,11001001,Mitte,0106,Gesundbrunnen,,
10815812084,Kiez Shop,,,52.4606602,13.4323118,11008008,Neukölln,0802,Britz,,
10816746847,Tabakwaren am Händelplatz,,,52.4491275,13.31561,11006006,Steglitz-Zehlendorf,0602,Lichterfelde,,
10880747524,,,,52.5557182,13.4791959,11003003,Pankow,0302,Weißensee,,
10903264008,Zimt & Vanille,,,52.6701375,13.2838152,,,,,,
10914516039,DAN Asia Markt,,,52.4560686,13.3209873,11006006,Steglitz-Zehlendorf,0601,Steglitz,,
10931265400,Diyar Späti,,,52.538473,13.206815,11005005,Spandau,0501,Spandau,,
10949022491,,,,52.4714143,13.3868649,11007007,Tempelhof-Schöneberg,0703,Tempelhof,,
10982675038,Kiosk,,,52.5503578,13.3846537,11001001,Mitte,0106,Gesundbrunnen,,
10983736844,E-Tankstelle,,,52.507613,13.3156802,11004004,Charlottenburg-Wilmersdorf,0401,Charlottenburg,,
10983944862,Theaterkasse,,,52.5979597,13.3554404,11012012,Reinickendorf,1210,Märkisches Viertel,,
11014773819,Yorma's,Yorma's,,52.5201193,13.3875247,11001001,Mitte,0101,Mitte,,
11016426972,Aksaray Späti & Backshop,,,52.5352969,13.3557663,11001001,Mitte,0102,Moabit,,
11025761916,Spätkauf Spree,,,52.5251037,13.328004,11001001,Mitte,0102,Moabit,,
11030379594,City Shop Kiosk,,,52.5171008,13.3043667,11004004,Charlottenburg-Wilmersdorf,0401,Charlottenburg,,
11050140305,Backshop,,,52.6408773,13.2065655,,,,,+4933025511684,
11057524271,REWE To Go,REWE To Go,,52.5112433,13.4934305,11011011,Lichtenberg,1103,Lichtenberg,,
11084372226,Rosenback 23h Markt,,,52.5302703,13.401478,11001001,Mitte,0101,Mitte,,
11091254505,MYCONBINI,,,52.5276639,13.4133166,11001001,Mitte,0101,Mitte,,https://www.myconbini.com/
11108713287,Nubras Markt,,,52.5420134,13.4245987,11003003,Pankow,0301,Prenzlauer Berg,,
11109359843,,,,52.5512103,13.3619658,11001001,Mitte,0105,Wedding,,
11112405543,REWE To Go,REWE To Go,,52.43391,13.3907948,11007007,Tempelhof-Schöneberg,0704,Mariendorf,,
11118514949,Lido Multishop,,,52.5208623,13.4041395,11001001,Mitte,0101,Mitte,,
11123415219,Späti-Kiosk,,,52.4878763,13.4257545,11008008,Neukölln,0801,Neukölln,,
11134077796,Hu | Go,,,52.4565352,13.4372363,11008008,Neukölln,0802,Britz,,
11148418922,,,,52.5062589,13.3379064,11001001,Mitte,0104,Tiergarten,,
11148418991,,,,52.5088332,13.3400978,11001001,Mitte,0104,Tiergarten,,
11148419001,,,,52.5071467,13.3391217,11001001,Mitte,0104,Tiergarten,,
11153203140,REWE To Go,REWE To Go,,52.4761353,13.2791162,11004004,Charlottenburg-Wilmersdorf,0404,Grunewald,,
11166253805,Bamberger Späti,,,52.4962719,13.3370967,11004004,Charlottenburg-Wilmersdorf,0402,Wilmersdorf,,
11175372756,,,,52.5286403,13.3288805,11001001,Mitte,0102,Moabit,,
11182105036,Mellis Shop,,,52.5608674,13.5097725,11011011,Lichtenberg,1109,Neu-Hohenschönhausen,,
11189704381,Asia station,,,52.5104053,13.4529311,11002002,Friedrichshain-Kreuzberg,0201,Friedrichshain,,
11191636901,Musikerkiosk,,,52.5099721,13.4903736,11011011,Lichtenberg,1103,Lichtenberg,,
11194689281,Nightshop Spätkauf Schlesi,,,52.4985508,13.4463553,11002002,Friedrichshain-Kreuzberg,0202,Kreuzberg,,
11199678483,Zwischen Bier und Angel,,,52.5421838,13.3752598,11001001,Mitte,0106,Gesundbrunnen,,
11219298525,Kiez-Späti,,,52.5098113,13.4570759,11002002,Friedrichshain-Kreuzberg,0201,Friedrichshain,,
11225237887,Minimarkt Am Leo,,,52.5481811,13.3597551,11001001,Mitte,0105,Wedding,,
11227904770,Yusuf´s Späti,,,52.5055052,13.3761926,11001001,Mitte,0104,Tiergarten,,
11242061096,Miran Kiosk,,,52.571225,13.4999627,11011011,Lichtenberg,1109,Neu-Hohenschönhausen,,
11245474874,E4,,,52.5406942,13.4058763,11003003,Pankow,0301,Prenzlauer Berg,,
11261324681,,,,52.5279285,13.3384624,11001001,Mitte,0102,Moabit,,
11266095835,Vivantes Shop,,,52.4376851,13.4580179,11008008,Neukölln,0803,Buckow,,
11283116057,Madara Market BG,,,52.5639022,13.3776578,11012012,Reinickendorf,1201,Reinickendorf,,
11284530895,Sternchen Kiosk,,,52.4466877,13.5075971,11009009,Treptow-Köpenick,0904,Johannisthal,,
11293017164,Madame Hobrecht,,,52.4931555,13.4253595,11008008,Neukölln,0801,Neukölln,,
11306617628,,,,52.5083856,13.4630905,11002002,Friedrichshain-Kreuzberg,0201,Friedrichshain,,
11331558371,Kiez Kiosk,,,52.4680407,13.4306904,11008008,Neukölln,0801,Neukölln,,
11341365196,Spätkauf Tegel,,,52.5905474,13.2833308,11012012,Reinickendorf,1202,Tegel,,
11346740424,,,,52.450323,13.2699357,11006006,Steglitz-Zehlendorf,0605,Dahlem,,
11373954350,Tojo-Spätkauf,,,52.5232762,13.3379329,11001001,Mitte,0102,Moabit,,
11374042884,CAN KIOSK,,,52.4563094,13.5777647,11009009,Treptow-Köpenick,0910,Köpenick,,
11407518394,bambergerkiez,,,52.4903905,13.3365996,11004004,Charlottenburg-Wilmersdorf,0402,Wilmersdorf,,
11429217966,Spätkauf,,,52.4553661,13.5117972,11009009,Treptow-Köpenick,0905,Niederschöneweide,,
11433085574,Neon-Späti,,,52.5669142,13.4106369,11003003,Pankow,0307,Pankow,,
11505868352,Kiosk Rubel,,,52.4704137,13.320449,11007007,Tempelhof-Schöneberg,0702,Friedenau,+49 30 64327779,https://kiosk-rubel.metro.biz/?lang=de
11534658751,Cafe Sokratis,,,52.5606946,13.3882848,11001001,Mitte,0106,Gesundbrunnen,,
11538208255,Kaffee mit Zucker?,,,52.5356604,13.3572348,11001001,Mitte,0102,Moabit,,
11539985823,Star Kiosk,,,52.4746314,13.4539033,11008008,Neukölln,0801,Neukölln,,
11540431552,Drinks Tobacco,,,52.4528172,13.4382695,11008008,Neukölln,0802,Britz,,
11559866697,Obst & Gemüse • Lebensmittel • Feinkost • Getränke • Weine • Tabakwaren...,,,52.5349173,13.4212809,11003003,Pankow,0301,Prenzlauer Berg,,
11581996393,Kompakt Shop,,,52.4558324,13.3222018,11006006,Steglitz-Zehlendorf,0601,Steglitz,,
11601960991,,,,52.4991355,13.4288768,11002002,Friedrichshain-Kreuzberg,0202,Kreuzberg,,
11607865269,AlQuds,,,52.5146092,13.4681653,11002002,Friedrichshain-Kreuzberg,0201,Friedrichshain,,
11608052734,Japan Plaza,,,52.5227899,13.4080716,11001001,Mitte,0101,Mitte,,
11608491132,Feuerbacher Spätkauf,,,52.4644647,13.339932,11006006,Steglitz-Zehlendorf,0601,Steglitz,,
11613447883,Airport Späti,,,52.4770876,13.4210588,11008008,Neukölln,0801,Neukölln,,
11613447902,Internetcafé 63,,,52.4775558,13.4250257,11008008,Neukölln,0801,Neukölln,,
11630948835,Tagesgeschäft,,,52.4343137,13.4697316,11008008,Neukölln,0803,Buckow,,
11648549442,fastshop,,,52.4825637,13.434064,11008008,Neukölln,0801,Neukölln,,
11668419749,Bistro To Go,,,52.5112762,13.4524448,11002002,Friedrichshain-Kreuzberg,0201,Friedrichshain,,
11675955592,Spätkultur,,,52.4827182,13.43269,11008008,Neukölln,0801,Neukölln,,
11693637697,Café & Internet,,,52.4352671,13.5470263,11009009,Treptow-Köpenick,0907,Adlershof,,
11717317819,City Shop am Friedrichstadtpalast,,,52.5236008,13.3874628,11001001,Mitte,0101,Mitte,,
11734234982,Späti 4 You,,,52.5096646,13.3015104,11004004,Charlottenburg-Wilmersdorf,0401,Charlottenburg,,
11753805683,M.K Spätshop,,,52.5310633,13.3821899,11001001,Mitte,0101,Mitte,,
11754895897,Mellis Kiosk,,,52.5471033,13.2364957,11005005,Spandau,0502,Haselhorst,,
11755121587,Boxi Stop,,,52.5081103,13.4667129,11002002,Friedrichshain-Kreuzberg,0201,Friedrichshain,,
11758614202,TJ’s Späti,,,52.4537507,13.3158657,11006006,Steglitz-Zehlendorf,0601,Steglitz,,
11775797905,Lage Shop Zwei.Null,,,52.4801352,13.3517171,11007007,Tempelhof-Schöneberg,0701,Schöneberg,,
11779106407,Späti am Bahnhof,,,52.4884331,13.3008858,11004004,Charlottenburg-Wilmersdorf,0407,Halensee,,
11796133141,Spätshop 33,,,52.5483474,13.3487875,11001001,Mitte,0105,Wedding,,
11800119683,Kiosk 61,,,52.4978568,13.4185982,11002002,Friedrichshain-Kreuzberg,0202,Kreuzberg,,
11840842162,Razzia,,,52.4681312,13.4311506,11008008,Neukölln,0801,Neukölln,,
11906470351,Back Baron,,,52.45426,13.384373,11007007,Tempelhof-Schöneberg,0703,Tempelhof,,
11919852624,,,,52.5102882,13.2825394,11004004,Charlottenburg-Wilmersdorf,0405,Westend,,
11924810849,Cult Späti,,,52.5333502,13.4026991,11001001,Mitte,0101,Mitte,,
11948437821,Wilsnacker Shop,,,52.5275095,13.3513227,11001001,Mitte,0102,Moabit,,
11957764246,Helin 2,,,52.5131936,13.4561527,11002002,Friedrichshain-Kreuzberg,0201,Friedrichshain,,
11957776775,D&N Späti,,,52.512892,13.457017,11002002,Friedrichshain-Kreuzberg,0201,Friedrichshain,,
11963981061,Giuseppetti,,,52.4715095,13.3190218,11004004,Charlottenburg-Wilmersdorf,0402,Wilmersdorf,,
11985971277,Bermani,,,52.5399339,13.3591854,11001001,Mitte,0105,Wedding,,
11986351451,Time Out,,,52.5422592,13.4117926,11003003,Pankow,0301,Prenzlauer Berg,,
11990116897,90 Minutes,,,52.4762498,13.4264684,11008008,Neukölln,0801,Neukölln,,
12040633078,Mein Spätkauf,,,52.5002941,13.4187311,11002002,Friedrichshain-Kreuzberg,0202,Kreuzberg,,
12043368755,Urban 176,,,52.4942586,13.4021463,11002002,Friedrichshain-Kreuzberg,0202,Kreuzberg,,
12060230480,,,,52.5242026,13.3512364,11001001,Mitte,0102,Moabit,,
12066505798,Kiosk Fariba,,,52.5867148,13.3675429,11003003,Pankow,0313,Wilhelmsruh,,
12078582247,,,,52.442978,13.3860744,11007007,Tempelhof-Schöneberg,0704,Mariendorf,,
12118267291,Lotto-Getränke-Tabakwaren,,,52.5014557,13.419152,11002002,Friedrichshain-Kreuzberg,0202,Kreuzberg,,
12118457728,etwas Spätkauf,,,52.5323129,13.4058055,11001001,Mitte,0101,Mitte,,
12118950897,Drinks & More,,,52.4863387,13.4236423,11008008,Neukölln,0801,Neukölln,,
12119026501,Come to Späti,,,52.4864968,13.4229104,11008008,Neukölln,0801,Neukölln,,
12129102970,Multi Kulti Shop,,Necat,52.476415,13.4201892,11008008,Neukölln,0801,Neukölln,,
12133394673,Späti,,,52.5241563,13.3295639,11001001,Mitte,0102,Moabit,,
12137666407,Späti Booth,,,52.5516871,13.4136996,11003003,Pankow,0301,Prenzlauer Berg,,
12153104210,Backshop Pinky,,,52.5130797,13.44809,11002002,Friedrichshain-Kreuzberg,0201,Friedrichshain,,
12154801339,,,,52.4931771,13.3237695,11004004,Charlottenburg-Wilmersdorf,0402,Wilmersdorf,,
12160270078,Lebensmittel,,Tran Van Hien,52.5362082,13.3978132,11001001,Mitte,0101,Mitte,,
12176945401,Spätkauf,,,52.5112073,13.4160764,11001001,Mitte,0101,Mitte,,
12205080071,,,,52.493752,13.4149777,11002002,Friedrichshain-Kreuzberg,0202,Kreuzberg,,
12205114191,REWE To Go,REWE To Go,,52.5680824,13.3613594,11012012,Reinickendorf,1201,Reinickendorf,,
12208825201,Ha Bihn,,,52.6668943,13.2824756,,,,,,
12228035032,,,,52.5112749,13.3970759,11001001,Mitte,0101,Mitte,,
12228233934,Drinks & Kiosk,,,52.5105544,13.4024186,11001001,Mitte,0101,Mitte,,
12259425156,Eurogida Lichtenrade,,,52.4047249,13.4057108,11007007,Tempelhof-Schöneberg,0706,Lichtenrade,+49 30 28 44 58 80,https://www.eurogida.de/filialen/#lichtenrade
12269449425,Latenight Shop,,,52.4305852,13.2588719,11006006,Steglitz-Zehlendorf,0604,Zehlendorf,,
12278420702,Drink Shop,,,52.456844,13.5100747,11009009,Treptow-Köpenick,0905,Niederschöneweide,,
12298833010,Shell Shop,Shell Shop,,52.4360457,13.3884045,11007007,Tempelhof-Schöneberg,0704,Mariendorf,,
12301084001,Jet,JET,Mathias Fuhrmann,52.4959113,13.562842,11010010,Marzahn-Hellersdorf,1002,Biesdorf,+49 30 51064070,https://www.jet-tankstellen.de/kraftstoff/filialfinder/XJ05766/
12307298106,Snack&Shop,,,52.5196725,13.3413747,11001001,Mitte,0103,Hansaviertel,,
12309529401,Spätkauf MiniMarkt,,,52.5474804,13.4125645,11003003,Pankow,0301,Prenzlauer Berg,,
12323839402,,,,52.5515725,13.4408296,11003003,Pankow,0302,Weißensee,,
12323846407,Neptun Späti,,,52.5497198,13.4466577,11003003,Pankow,0302,Weißensee,,
12323889508,,,,52.5438927,13.4415357,11003003,Pankow,0301,Prenzlauer Berg,,
12363196100,Spätshop 49,,,52.542024,13.4391866,11003003,Pankow,0301,Prenzlauer Berg,,
12364479346,Harun's Kebap,,,52.4986939,13.4063414,11002002,Friedrichshain-Kreuzberg,0202,Kreuzberg,,
12367892228,Urbanis,,,52.5023028,13.3425413,11007007,Tempelhof-Schöneberg,0701,Schöneberg,,
12386393412,Elbi Kiosk,,,52.5219728,13.3357286,11001001,Mitte,0102,Moabit,,
12402075612,Spätkauf Zeit Raum Mensch,,,52.4696885,13.4426002,11008008,Neukölln,0801,Neukölln,,
12404695189,Kiosk Lichtenrader Damm 47,,,52.4099395,13.4041042,11007007,Tempelhof-Schöneberg,0706,Lichtenrade,,
12419562722,Kiosk,,,52.5072774,13.2790655,11004004,Charlottenburg-Wilmersdorf,0405,Westend,,
12420834153,Prinzen City,,,52.4981831,13.4061547,11002002,Friedrichshain-Kreuzberg,0202,Kreuzberg,,
12475391575,Getränkeshop,,,52.4706417,13.4412273,11008008,Neukölln,0801,Neukölln,,
12476309606,El quiosco,,,52.4998091,13.4440823,11002002,Friedrichshain-Kreuzberg,0202,Kreuzberg,,
12484517625,The 25 Hours Store,,The 25 Hours Store,52.589449,13.2834621,11012012,Reinickendorf,1202,Tegel,,
12496505659,,,,52.4711219,13.4295646,11008008,Neukölln,0801,Neukölln,,
12582221923,CleanVaping,,,52.5418402,13.3935671,11001001,Mitte,0106,Gesundbrunnen,,
12588387837,Total,TotalEnergies,,52.5821047,13.4324097,11003003,Pankow,0307,Pankow,+49 30 4742621,http://store.total.de/germany/store-total-de/berlin/berlin-am-feuchten-winkel-11/ND020255
12603583216,Skali Internet kiosk,,,52.5002473,13.4394931,11002002,Friedrichshain-Kreuzberg,0202,Kreuzberg,,
12603603652,Kiosk am Görli,,,52.4998103,13.432755,11002002,Friedrichshain-Kreuzberg,0202,Kreuzberg,,
12622698684,Drink Station,,,52.5133958,13.4563557,11002002,Friedrichshain-Kreuzberg,0201,Friedrichshain,,
12637232301,Kiosk & Späti,,,52.5604576,13.4588015,11003003,Pankow,0302,Weißensee,,
12676233501,Bunter Laden,,Renate Tetzlaff,52.5172414,13.432504,11002002,Friedrichshain-Kreuzberg,0201,Friedrichshain,+49-30-24723822,https://www.bunterladen.shop
12691114993,Mian Market,,,52.531741,13.3442708,11001001,Mitte,0102,Moabit,,https://www.mianmarket.de/
12704124532,La Kasa,,,52.4994444,13.4587098,11002002,Friedrichshain-Kreuzberg,0201,Friedrichshain,,
12710058330,Spätkauf,,,52.4689143,13.4350232,11008008,Neukölln,0801,Neukölln,,
12725939903,Zainab's Multishop Späti,,,52.4336907,13.3597406,11006006,Steglitz-Zehlendorf,0603,Lankwitz,,
12741877924,L'Epicerie,,,52.5504954,13.4134875,11003003,Pankow,0301,Prenzlauer Berg,,
12755367241,Späti 25,,,52.563983,13.4075595,11003003,Pankow,0307,Pankow,,
12765849428,,,,52.5935406,13.4586996,11003003,Pankow,0303,Blankenburg,,
12766284044,Inka Markt,,,52.5496071,13.4175632,11003003,Pankow,0301,Prenzlauer Berg,,
12772285466,Voigt Späti,,,52.516312,13.4685364,11002002,Friedrichshain-Kreuzberg,0201,Friedrichshain,,
12776129222,Kompakt Kauf Kara,,,52.5249932,13.4061115,11001001,Mitte,0101,Mitte,,
12779791553,,,,52.5122527,13.2937358,11004004,Charlottenburg-Wilmersdorf,0401,Charlottenburg,00493048473122,
12791985512,Spätshop 19,,,52.5471785,13.4091531,11003003,Pankow,0301,Prenzlauer Berg,,
12793386255,Confetti MiniMarket Spätkauf Späti,,,52.5019872,13.4792815,11011011,Lichtenberg,1112,Rummelsburg,+493055631177,
12816522513,Asia-Shop,,,52.548425,13.4523624,11003003,Pankow,0302,Weißensee,,
12817837925,Tay's Spätkauf,,,52.5359059,13.3002805,11004004,Charlottenburg-Wilmersdorf,0406,Charlottenburg-Nord,,
12829967540,Späti Gate1,,,52.5409924,13.4134536,11003003,Pankow,0301,Prenzlauer Berg,,
12842753390,Rosen Kiosk,,,52.5253521,13.4036444,11001001,Mitte,0101,Mitte,,
12843851508,City Shop,,,52.5135742,13.4739177,11002002,Friedrichshain-Kreuzberg,0201,Friedrichshain,,
12856273035,Nehring Kiosk,,,52.513624,13.2946261,11004004,Charlottenburg-Wilmersdorf,0401,Charlottenburg,,
12858786225,The Market,,,52.5266376,13.3932471,11001001,Mitte,0101,Mitte,,
12877541206,Everything Cheap,,,52.5028927,13.4296732,11002002,Friedrichshain-Kreuzberg,0202,Kreuzberg,,
12895398080,Kiez-spätshop,,,52.5419925,13.440669,11003003,Pankow,0301,Prenzlauer Berg,,
12899077001,,,,52.545244,13.4282746,11003003,Pankow,0301,Prenzlauer Berg,,
12909656554,Mohikan Spätkauf,,,52.4381457,13.3881351,11007007,Tempelhof-Schöneberg,0704,Mariendorf,,
12912556010,Kiez Shop,,,52.4904869,13.4012296,11002002,Friedrichshain-Kreuzberg,0202,Kreuzberg,,
12915931140,dies & das,,,52.4801609,13.4291902,11008008,Neukölln,0801,Neukölln,,
12917519453,,,,52.5015195,13.4738566,11011011,Lichtenberg,1112,Rummelsburg,,
12926298378,Asia Lebensmittel,,Ngân Trang,52.5486862,13.4535649,11003003,Pankow,0302,Weißensee,,
12956844762,Kiosk Liese,,,52.5112571,13.495689,11011011,Lichtenberg,1103,Lichtenberg,,
13000132702,Spätkauf am Bad,,,52.4974323,13.4312857,11002002,Friedrichshain-Kreuzberg,0202,Kreuzberg,,
13038381801,Insel Cafe,,,52.4955582,13.4683103,11002002,Friedrichshain-Kreuzberg,0201,Friedrichshain,,
13041168046,Kiezladen Cihê Me,,,52.5464369,13.4276832,11003003,Pankow,0301,Prenzlauer Berg,,
13049908236,Hanguk Markt,,,52.4885882,13.3224306,11004004,Charlottenburg-Wilmersdorf,0402,Wilmersdorf,,
13052413348,Çinar Mini Market,,,52.5138533,13.4711816,11002002,Friedrichshain-Kreuzberg,0201,Friedrichshain,,
13076479521,City Shop,,,52.4901664,13.3149309,11004004,Charlottenburg-Wilmersdorf,0402,Wilmersdorf,,
13093923737,Samill-Sangsa,,,52.472606,13.295905,11004004,Charlottenburg-Wilmersdorf,0403,Schmargendorf,+49 30 89732506,http://www.31sangsa.de/
13098814442,Canaan Shop,,,52.5110003,13.5038581,11011011,Lichtenberg,1112,Rummelsburg,,
13114861708,Bangla Bazar,,,52.510751,13.5016798,11011011,Lichtenberg,1112,Rummelsburg,,
13116192636,Mühlenbecker Hofladen,,,52.6655377,13.3837644,,,,,,https://www.muehlenbecker-hofladen.de/
13135186401,scoom,,,52.4760859,13.3648649,11007007,Tempelhof-Schöneberg,0701,Schöneberg,,
13148808097,Späti,,,52.5063914,13.4707378,11002002,Friedrichshain-Kreuzberg,0201,Friedrichshain,,
13186676752,The Kiosk Berlin,,,52.5038885,13.3252895,11004004,Charlottenburg-Wilmersdorf,0401,Charlottenburg,,
13198309601,B & B Spätkauf,,,52.669906,13.2847368,,,,,,
13203605001,momoga,,,52.5571405,13.4294522,11003003,Pankow,0304,Heinersdorf,,http://momoga.de
13205182768,Goltzspäti,,,52.4929179,13.3537227,11007007,Tempelhof-Schöneberg,0701,Schöneberg,,
13227411680,Kompaktksuf,,,52.4983683,13.3918451,11002002,Friedrichshain-Kreuzberg,0202,Kreuzberg,,
13227706001,Zora,,,52.5404955,13.4173741,11003003,Pankow,0301,Prenzlauer Berg,,
13227720301,Zora,,,52.5404955,13.4173741,11003003,Pankow,0301,Prenzlauer Berg,,
13263865159,REWE To Go,REWE To Go,,52.5636389,13.407558,11003003,Pankow,0307,Pankow,,
13289187110,Nice Price,,,52.5251714,13.3063776,11004004,Charlottenburg-Wilmersdorf,0401,Charlottenburg,,
13289688781,ZZ Balkan Shop Berlin,,Srboslav Veselinov,52.464107,13.3994745,11007007,Tempelhof-Schöneberg,0703,Tempelhof,017647387759,
13290329193,Spätkauf Rukis,,,52.5541154,13.3396048,11001001,Mitte,0105,Wedding,,
13302705766,The Späti House,,,52.4929307,13.3830202,11002002,Friedrichshain-Kreuzberg,0202,Kreuzberg,,
13306120958,Bier & Wein International,,,52.5647011,13.4129556,11003003,Pankow,0307,Pankow,,
13306244164,Minimarkt,,,52.499581,13.4661453,11002002,Friedrichshain-Kreuzberg,0201,Friedrichshain,,
