id,district_id,name,latitude,longitude,geometry,neighborhood,district,neighborhood_id,external_id,school_name,school_type,school_subtype,grades_offered,is_primary,is_secondary,is_vocational,is_special_needs,languages,has_all_day_program,address,street,house_number,postal_code,city,ownership,official_school_id,is_barrier_free,accessibility_notes,phone,email,website,last_source_update,last_ingested_at,is_active,lat,lon,address_from_nominatim
237838613,11007007,Rückert-Gymnasium,52.4799688,13.3384592,POINT (13.3384592 52.4799688),Schöneberg,Tempelhof-Schöneberg,0701,07Y02,Rückert-Gymnasium,,,,,,,,,,"Mettestraße 8, 10825 Berlin",Mettestraße,8,10825,Berlin,Bezirksamt Tempelhof-Schöneberg von Berlin,,,,+49 30 902777173,sekretariat@rueckert-gymnasium-berlin.de,https://www.rueckert-gymnasium-berlin.de,,,True,52.4799688,13.3384592,False
256912446,11004004,Erwin von Witzleben Grundschule,52.53944109999999,13.288043699999998,POINT (13.2880437 52.5394411),Charlottenburg-Nord,Charlottenburg-Wilmersdorf,0406,04G09,Erwin von Witzleben Grundschule,,,,,,,,,,"Halemweg 34-42, 13627 Berlin",Halemweg,34-42,13627,Berlin,,,,,,Erwin-von-Witzleben-GS@t-online.de,,,,True,52.53944109999999,13.288043699999998,False
256913234,11004004,Sportschule im Olympiapark - Poelchau-Schule,52.521142,13.241634199999998,POINT (13.2416342 52.521142),Westend,Charlottenburg-Wilmersdorf,0405,04A08,Sportschule im Olympiapark - Poelchau-Schule,,,,,,,,,,"Prinz-Friedrich-Karl-Weg 1, 14053 Berlin",Prinz-Friedrich-Karl-Weg,1,14053,Berlin,,,,,,,,,,True,52.521142,13.241634199999998,False
256913872,11004004,Anna Freud Schule,52.5376587,13.2883255,POINT (13.2883255 52.5376587),Charlottenburg-Nord,Charlottenburg-Wilmersdorf,0406,04B05,Anna Freud Schule,,,,,,,,,,"Halemweg 22, 13627 Berlin",Halemweg,22,13627,Berlin,,,,,+4930 364178 10,post@anna-freud-osz.de,https://www.anna-freud-osz.de/,,,True,52.5376587,13.2883255,False
268915174,11004004,ABC-Kindergarten - Sabine Erdmann Vorschule,52.497834600000004,13.3019467,POINT (13.3019467 52.4978346),Wilmersdorf,Charlottenburg-Wilmersdorf,0402,,ABC-Kindergarten - Sabine Erdmann Vorschule,,,,,,,,,,"ABC-Kindergarten - Sabine Erdmann Vorschule, Cicerostraße, Wilmersdorf, Charlottenburg-Wilmersdorf, Berlin, 10709, Deutschland",,,10709,,,,,,,,,,,True,52.497834600000004,13.3019467,True
268915405,11007007,Freie Schule in Berlin,52.454544799999994,13.3814584,POINT (13.3814584 52.4545448),Tempelhof,Tempelhof-Schöneberg,0703,07P05,Freie Schule in Berlin,,,,,,,,,,"Viktoriastraße 13-18, 12105",Viktoriastraße,13-18,12105,,Freie Schule in Berlin e.V.,,,,+49 30 7520771,,https://freie-schule-in-berlin.de,,,True,52.454544799999994,13.3814584,False
298750707,11005005,Evangelische Schule Spandau,52.5721259,13.199677999999999,POINT (13.199678 52.5721259),Hakenfelde,Spandau,0507,05P03,Evangelische Schule Spandau,,,,,,,,,,"Schönwalder Allee 26/27, 13587 Berlin",Schönwalder Allee,26/27,13587,Berlin,Evangelische Schulstiftung in der EKBO,,,,+49 30 35599050,,https://www.ev-schule-spandau.de/,,,True,52.5721259,13.199677999999999,False
340239440,11007007,Sternberg Grundschule,52.4803608,13.3390601,POINT (13.3390601 52.4803608),Schöneberg,Tempelhof-Schöneberg,0701,07G06,Sternberg Grundschule,,,,,,,,,,"Mettestraße 8, 10825 Berlin",Mettestraße,8,10825,Berlin,Bezirksamt Tempelhof-Schöneberg von Berlin,,,,+49 30 902777156,Sekretariat@sternberg.schule.berlin.de,https://www.sternberg-grundschule.de,,,True,52.4803608,13.3390601,False
360713397,11008008,Peter-Petersen-Schule,52.4717574,13.4357615,POINT (13.4357615 52.4717574),Neukölln,Neukölln,0801,,Peter-Petersen-Schule,,,,,,,,,,"Jonasstraße 15-16, 12053 Berlin",Jonasstraße,15-16,12053,Berlin,,,,,,,,,,True,52.4717574,13.4357615,False
360713401,11008008,Konrad-Agahd-Grundschule,52.4725928,13.4354917,POINT (13.4354917 52.4725928),Neukölln,Neukölln,0801,08G14,Konrad-Agahd-Grundschule,,,,,,,,,,"Thomasstraße 39, 12053 Berlin",Thomasstraße,39,12053,Berlin,,,,,,,,,,True,52.4725928,13.4354917,False
506133476,11009009,Berliner Rettungsdienstschule,52.445113,13.517052200000002,POINT (13.5170522 52.445113),Johannisthal,Treptow-Köpenick,0904,,Berliner Rettungsdienstschule,,,,,,,,,,"Berliner Rettungsdienstschule, Groß-Berliner Damm, Eisenbahnsiedlung, Johannisthal, Treptow-Köpenick, Berlin, 12487, Deutschland",,,12487,,,,,,,,,,,True,52.445113,13.517052200000002,True
613697442,11001001,unknown_school_name,52.5353066,13.398209699999999,POINT (13.3982097 52.5353066),Mitte,Mitte,0101,,,,,,,,,,,,"Brunnenstraße, Arkonakiez, Rosenthaler Vorstadt, Mitte, Berlin, 10115, Deutschland",,,10115,,,,,,,,,,,True,52.5353066,13.398209699999999,True
727710608,11010010,bbw Akademie Betriebswirtschaftliche Weiterbildung,52.526422600000004,13.5311243,POINT (13.5311243 52.5264226),Marzahn,Marzahn-Hellersdorf,1001,10E04,bbw Akademie Betriebswirtschaftliche Weiterbildung,,,,,,,,,,"Allee der Kosmonauten 33 B, 12681 Berlin",Allee der Kosmonauten,33 B,12681,Berlin,,,,,,,http://www.bbw-gruppe.de/standorte/berlin/marzahn.html,,,True,52.526422600000004,13.5311243,False
850092123,11009009,Käpt´n Mosers Wassersportschule,52.4430497,13.5768735,POINT (13.5768735 52.4430497),Köpenick,Treptow-Köpenick,0910,,Käpt´n Mosers Wassersportschule,,,,,,,,,,"22b, Kietz, Köpenick, Treptow-Köpenick, Berlin, 12557, Deutschland",,,12557,,,,,,,,,,,True,52.4430497,13.5768735,True
867872391,11002002,Deutsch Praxis,52.503440999999995,13.4120982,POINT (13.4120982 52.503441),Kreuzberg,Friedrichshain-Kreuzberg,0202,,Deutsch Praxis,,,,,,,,,,"Deutsch Praxis, Oranienstraße, Luisenstadt, Kreuzberg, Friedrichshain-Kreuzberg, Berlin, 10969, Deutschland",,,10969,,,,,,,,http://www.deutsch-praxis.de/,,,True,52.503440999999995,13.4120982,True
871633760,11002002,Yoga/Schiatsu-Zentrum,52.5023614,13.413923999999998,POINT (13.413924 52.5023614),Kreuzberg,Friedrichshain-Kreuzberg,0202,,Yoga/Schiatsu-Zentrum,,,,,,,,,,"Yoga/Schiatsu-Zentrum, Oranienstraße, Luisenstadt, Kreuzberg, Friedrichshain-Kreuzberg, Berlin, 10969, Deutschland",,,10969,,,,,,,,,,,True,52.5023614,13.413923999999998,True
876244328,11002002,Atelier für physisches Theater – Internationale Schule für Bewegungsschauspiel,52.501676999999994,13.4213836,POINT (13.4213836 52.501677),Kreuzberg,Friedrichshain-Kreuzberg,0202,,Atelier für physisches Theater – Internationale Schule für Bewegungsschauspiel,,,,,,,,,,"Atelier für physisches Theater – Internationale Schule für Bewegungsschauspiel, 65, Naunynstraße, Luisenstadt, Kreuzberg, Friedrichshain-Kreuzberg, Berlin, 10997, Deutschland",,,10997,,,,,,,,https://www.apt-absurdacomica.de/,,,True,52.501676999999994,13.4213836,True
985919722,11003003,Jugendwerkstatt Buch Aktivierungshilfe,52.625603299999995,13.492998399999998,POINT (13.4929984 52.6256033),Buch,Pankow,0309,,Jugendwerkstatt Buch Aktivierungshilfe,,,,,,,,,,"Jugendwerkstatt Buch Aktivierungshilfe, 8 + 10, Friedrich-Richter-Straße, Buch IV, Buch, Pankow, Berlin, 13125, Deutschland",,,13125,,WERKSCHULEBERILIN e.V.,,,,,,,,,True,52.625603299999995,13.492998399999998,True
996413480,11003003,TING-Schule,52.56202449999999,13.4135424,POINT (13.4135424 52.5620245),Pankow,Pankow,0307,03P24,TING-Schule,,,,,,,,,,"100, Berliner Straße, Tiroler Viertel, Pankow, Berlin, 13189, Deutschland",,,13189,,,,,,+49 30 470045 06,ting@ting-schule.de,https://www.ting-schule.de/,,,True,52.56202449999999,13.4135424,True
1015728668,11006006,Biesalski-Schule,52.4545683,13.2706708,POINT (13.2706708 52.4545683),Dahlem,Steglitz-Zehlendorf,0605,06S02,Biesalski-Schule,,,,,,,,,,"Hüttenweg 40, 14195 Berlin",Hüttenweg,40,14195,Berlin,,,,,,,,,,True,52.4545683,13.2706708,False
1057857273,11004004,Ernst-Habermann-Grundschule,52.4833728,13.3327206,POINT (13.3327206 52.4833728),Wilmersdorf,Charlottenburg-Wilmersdorf,0402,04G18,Ernst-Habermann-Grundschule,,,,,,,,,,"Prinzregentenstraße 33-34, 10715 Berlin",Prinzregentenstraße,33-34,10715,Berlin,Bezirksamt Charlottenburg-Wilmersdorf von Berlin,,,,+49 30 81462460,sekretariat@ernst-habermann.schule.berlin.de,,,,True,52.4833728,13.3327206,False
1137671520,11004004,Kindermalschule,52.51854120000001,13.300785599999998,POINT (13.3007856 52.5185412),Charlottenburg,Charlottenburg-Wilmersdorf,0401,,Kindermalschule,,,,,,,,,,"Lohmeyerstraße 26, 10587 Berlin",Lohmeyerstraße,26,10587,Berlin,,,,,,,,,,True,52.51854120000001,13.300785599999998,False
1140710553,11001001,CJD Berlin,52.5034349,13.3716254,POINT (13.3716254 52.5034349),Tiergarten,Mitte,0104,,CJD Berlin,,,,,,,,,,"Am Karlsbad 16, 10785 Berlin",Am Karlsbad,16,10785,Berlin,,,,,+49 30 7909010,,https://www.cjd-berlin.de/,,,True,52.5034349,13.3716254,False
1224801662,11008008,Alno Küchenstudio,52.43994719999999,13.4359177,POINT (13.4359177 52.4399472),Britz,Neukölln,0802,,Alno Küchenstudio,,,,,,,,,,"Alno Küchenstudio, Gutschmidtstraße, Britz, Neukölln, Berlin, 12359, Deutschland",,,12359,,,,,,,,,,,True,52.43994719999999,13.4359177,True
1407207210,11003003,Abendgymnasium Prenzlauer Berg,52.552085,13.4056269,POINT (13.4056269 52.552085),Prenzlauer Berg,Pankow,0301,03A04,Abendgymnasium Prenzlauer Berg,,,,,,,,,,"Driesener Straße 22, 10439 Berlin",Driesener Straße,22,10439,Berlin,,,,,+49 30 4254218,abendgymnasium@gmx.de,https://www.abendgymnasium-berlin.de/,,,True,52.552085,13.4056269,False
1552045205,11001001,Deutsch-Institut Berlin,52.52848449999998,13.388421299999997,POINT (13.3884213 52.5284845),Mitte,Mitte,0101,,Deutsch-Institut Berlin,,,,,,,,,,"Novalisstraße 12, 10115 Berlin",Novalisstraße,12,10115,Berlin,,,,,,,,,,True,52.52848449999998,13.388421299999997,False
1597894107,11002002,Islam Vakfi,52.4908343,13.421325199999998,POINT (13.4213252 52.4908343),Kreuzberg,Friedrichshain-Kreuzberg,0202,02P03,Islam Vakfi,,,,,,,,,,"Islam Vakfi, Boppstraße, Graefekiez, Kreuzberg, Friedrichshain-Kreuzberg, Berlin, 10967, Deutschland",,,10967,,Islam Kolleg Berlin gGmbH,,,,,,,,,True,52.4908343,13.421325199999998,True
1658284135,11004004,Charlotte-Wolff-Kolleg,52.50832689999999,13.303697299999998,POINT (13.3036973 52.5083269),Charlottenburg,Charlottenburg-Wilmersdorf,0401,04A04,Charlotte-Wolff-Kolleg,,,,,,,,,,"Pestalozzistraße 40-41, 10627 Berlin",Pestalozzistraße,40-41,10627,Berlin,,,,,,,,,,True,52.50832689999999,13.303697299999998,False
1827035552,11002002,SCHATZ Schulaufgabenzirkel,52.4992808,13.41986,POINT (13.41986 52.4992808),Kreuzberg,Friedrichshain-Kreuzberg,0202,,SCHATZ Schulaufgabenzirkel,,,,,,,,,,"Skalitzer Straße, 10999 Berlin",Skalitzer Straße,,10999,Berlin,Aktürk Celalettin,,,,+49 30 69531389,,,,,True,52.4992808,13.41986,False
1833519549,11004004,OSZ Wirtschaft Leopold-Ullstein-Schule - Abteilung II,52.4822428,13.334467599999998,POINT (13.3344676 52.4822428),Wilmersdorf,Charlottenburg-Wilmersdorf,0402,,OSZ Wirtschaft Leopold-Ullstein-Schule - Abteilung II,,,,,,,,,,"Prinzregentenstraße 60, 10715 Berlin",Prinzregentenstraße,60,10715,Berlin,,,,,,,,,,True,52.4822428,13.334467599999998,False
1833591080,11004004,Kläre-Bloch-Schule,52.48211789999999,13.334453599999998,POINT (13.3344536 52.4821179),Wilmersdorf,Charlottenburg-Wilmersdorf,0402,,Kläre-Bloch-Schule,,,,,,,,,,"Prinzregentenstraße 60, 10715 Berlin",Prinzregentenstraße,60,10715,Berlin,,,,,,,,,,True,52.48211789999999,13.334453599999998,False
1855387994,11010010,Das Lernzentum (Helliwood media & education),52.53571959999999,13.6048951,POINT (13.6048951 52.5357196),Hellersdorf,Marzahn-Hellersdorf,1005,,Das Lernzentum (Helliwood media & education),,,,,,,,,,"Das Lernzentum (Helliwood media & education), 2, Riesaer Straße, Kastanienallee, Hellersdorf, Marzahn-Hellersdorf, Berlin, 12627, Deutschland",,,12627,,,,,,,,,,,True,52.53571959999999,13.6048951,True
1867142844,11002002,Institut für Phytotherapie,52.49677259999999,13.421752299999998,POINT (13.4217523 52.4967726),Kreuzberg,Friedrichshain-Kreuzberg,0202,,Institut für Phytotherapie,,,,,,,,,,"Paul-Lincke-Ufer 42-43, 10999 Berlin",Paul-Lincke-Ufer,42-43,10999,Berlin,,,,,,,,,,True,52.49677259999999,13.421752299999998,False
2136734352,11012012,Fachschule für Sozialpädagogik,52.61088229999999,13.2479778,POINT (13.2479778 52.6108823),Heiligensee,Reinickendorf,1204,,Fachschule für Sozialpädagogik,,,,,,,,,,"Am Bärensprung 58, 13503 Berlin",Am Bärensprung,58,13503,Berlin,Evangelisches Jugend- und Fürsorgewerk gemeinnützige AG,,,,,,,,,True,52.61088229999999,13.2479778,False
2180504961,11004004,Wangari Maathai International School,52.4824554,13.335066099999999,POINT (13.3350661 52.4824554),Wilmersdorf,Charlottenburg-Wilmersdorf,0402,04K10,Wangari Maathai International School,,,,,,,,,,"Babelsberger Straße 24-25, 10715 Berlin",Babelsberger Straße,24-25,10715,Berlin,,,,,,,,,,True,52.4824554,13.335066099999999,False
2232813894,11002002,Hermann-Hesse-Gymnasium (Haus 3),52.4935666,13.420150099999999,POINT (13.4201501 52.4935666),Kreuzberg,Friedrichshain-Kreuzberg,0202,,Hermann-Hesse-Gymnasium (Haus 3),,,,,,,,,,"Hermann-Hesse-Gymnasium (Haus 3), Böckhstraße, Graefekiez, Kreuzberg, Friedrichshain-Kreuzberg, Berlin, 10967, Deutschland",,,10967,,,,,,,,,,,True,52.4935666,13.420150099999999,True
2431140182,11001001,das kleine atelier,52.55333060000001,13.365330500000002,POINT (13.3653305 52.5533306),Wedding,Mitte,0105,,das kleine atelier,,,,,,,,,,"Oudenarder Straße 32, 13347 Berlin",Oudenarder Straße,32,13347,Berlin,,,,,,,,,,True,52.55333060000001,13.365330500000002,False
2538629492,11003003,Freie Sekundarschule Peppermont,52.54253469999999,13.441524599999997,POINT (13.4415246 52.5425347),Prenzlauer Berg,Pankow,0301,03P45,Freie Sekundarschule Peppermont,,,,,,,,,,"Greifswalder Straße 88, 10409 Berlin",Greifswalder Straße,88,10409,Berlin,Pfefferwerk Stadtkultur gGmbH,,,,,,,,,True,52.54253469999999,13.441524599999997,False
2610154858,11003003,Berlin Bilingual School,52.557280999999996,13.4417282,POINT (13.4417282 52.557281),Weißensee,Pankow,0302,,Berlin Bilingual School,,,,,,,,,,"Rudolf-Baschant-Straße 2, 13086 Berlin",Rudolf-Baschant-Straße,2,13086,Berlin,,,,,,,,,,True,52.557280999999996,13.4417282,False
2629122240,11002002,Taxischule Metropolis,52.49613089999999,13.384160999999999,POINT (13.384161 52.4961309),Kreuzberg,Friedrichshain-Kreuzberg,0202,,Taxischule Metropolis,,,,,,,,,,"Taxischule Metropolis, Großbeerenstraße, Tempelhofer Vorstadt, Kreuzberg, Friedrichshain-Kreuzberg, Berlin, 10963, Deutschland",,,10963,,,,,,,,,,,True,52.49613089999999,13.384160999999999,True
2844490858,11002002,unknown_school_name,52.521847099999995,13.4401725,POINT (13.4401725 52.5218471),Friedrichshain,Friedrichshain-Kreuzberg,0201,02S03b,,,,,,,,,,,"Diestelmeyerstraße 6, 10249 Berlin",Diestelmeyerstraße,6,10249,Berlin,,,,,,,,,,True,52.521847099999995,13.4401725,False
2952353502,11001001,Quinoa Schule,52.56607100000001,13.3811302,POINT (13.3811302 52.566071),Gesundbrunnen,Mitte,0106,01P49,Quinoa Schule,,,,,,,,,,"Kühnemannstraße 26, 13409 Berlin",Kühnemannstraße,26,13409,Berlin,,,,,,,,,,True,52.56607100000001,13.3811302,False
3090369566,11003003,iek,52.5396656,13.418126999999998,POINT (13.418127 52.5396656),Prenzlauer Berg,Pankow,0301,,iek,,,,,,,,,,"Husemannstraße 32, 10435 Berlin",Husemannstraße,32,10435,Berlin,,,,,,,,,,True,52.5396656,13.418126999999998,False
3093478831,11001001,Schule bei der Botschaft der Russischen Föderation,52.5155186,13.3845541,POINT (13.3845541 52.5155186),Mitte,Mitte,0101,,Schule bei der Botschaft der Russischen Föderation,,,,,,,,,,"Behrenstraße 64-65, 10117 Berlin",Behrenstraße,64-65,10117,Berlin,Botschaft der Russischen Förderation,,,,,,,,,True,52.5155186,13.3845541,False
3347795761,11006006,Quentin-Blake-Europa-Schule,52.4546353,13.269895699999998,POINT (13.2698957 52.4546353),Dahlem,Steglitz-Zehlendorf,0605,06G12,Quentin-Blake-Europa-Schule,,,,,,,,,,"Hüttenweg 40, 14195 Berlin",Hüttenweg,40,14195,Berlin,,,,,,,,,,True,52.4546353,13.269895699999998,False
3465132015,11004004,Svenska Skolan i Berlin,52.488067300000004,13.3294623,POINT (13.3294623 52.4880673),Wilmersdorf,Charlottenburg-Wilmersdorf,0402,04E33,Svenska Skolan i Berlin,,,,,,,,,,"Landhausstraße 26-28, 10717 Berlin",Landhausstraße,26-28,10717,Berlin,Svenska kyrkan,,,,,,,,,True,52.488067300000004,13.3294623,False
3644290194,11002002,Be The - Therapie bei Lernschwierigkeiten,52.512206199999994,13.447501599999999,POINT (13.4475016 52.5122062),Friedrichshain,Friedrichshain-Kreuzberg,0201,,Be The - Therapie bei Lernschwierigkeiten,,,,,,,,,,"Am Comeniusplatz 2, 10243 Berlin",Am Comeniusplatz,2,10243,Berlin,,,,,,,,,,True,52.512206199999994,13.447501599999999,False
4149486091,11002002,Liebmann-Schule,52.50197319999999,13.391959899999998,POINT (13.3919599 52.5019732),Kreuzberg,Friedrichshain-Kreuzberg,0202,02S06,Liebmann-Schule,,,,,,,,,,"Friedrichstraße 13, 10969 Berlin",Friedrichstraße,13,10969,Berlin,,,,,,,,,,True,52.50197319999999,13.391959899999998,False
4298064770,11005005,Hort der ESS,52.573059499999985,13.1948238,POINT (13.1948238 52.5730595),Hakenfelde,Spandau,0507,,Hort der ESS,,,,,,,,,,"Schönwalder Allee, 13587 Berlin",Schönwalder Allee,,13587,Berlin,,,,,,,,,,True,52.573059499999985,13.1948238,False
4368419896,11001001,Internationale Lomonossow-Schule,52.504025299999995,13.35938,POINT (13.35938 52.5040253),Tiergarten,Mitte,0104,01P25,Internationale Lomonossow-Schule,,,,,,,,,,"Genthiner Straße 20, 10785",Genthiner Straße,20,10785,,,,,,,,http://lomonossow-schule.de/#tiergarten,,,True,52.504025299999995,13.35938,False
4850314524,11002002,Cumbancha,52.49080339999999,13.3774542,POINT (13.3774542 52.4908034),Kreuzberg,Friedrichshain-Kreuzberg,0202,,Cumbancha,,,,,,,,,,"Möckernstraße 68, 10965",Möckernstraße,68,10965,,,,,,,,https://www.cumbancha.de/,,,True,52.49080339999999,13.3774542,False
4864189821,11005005,EIIE EURASIA Institute for International Education GmbH,52.53289379999999,13.2797555,POINT (13.2797555 52.5328938),Siemensstadt,Spandau,0503,,EIIE EURASIA Institute for International Education GmbH,,,,,,,,,,13627,,,13627,,,,,,+493043727210,info@eurasia-institute.com,https://eurasia-institute.com/,,,True,52.53289379999999,13.2797555,False
4932662327,11003003,Piano Cano,52.52793539999999,13.447780199999999,POINT (13.4477802 52.5279354),Prenzlauer Berg,Pankow,0301,,Piano Cano,,,,,,,,,,"Cotheniusstraße 3, 10407 Berlin",Cotheniusstraße,3,10407,Berlin,,,,,,,https://piano-cano.de/,,,True,52.52793539999999,13.447780199999999,False
5477749794,11007007,Samuel-Hahnemann-Schule,52.4544038,13.394612,POINT (13.394612 52.4544038),Tempelhof,Tempelhof-Schöneberg,0703,07E30,Samuel-Hahnemann-Schule,,,,,,,,,,"Colditzstraße 34-36, 12099 Berlin",Colditzstraße,34-36,12099,Berlin,Fachverband Deutscher Heilpraktiker - Landesverband Berlin-Brandenburg e.V.,,,,,,,,,True,52.4544038,13.394612,False
5661514223,11008008,Schule am Hasenhegerweg,52.4227343,13.446827299999999,POINT (13.4468273 52.4227343),Buckow,Neukölln,0803,08S05,Schule am Hasenhegerweg,,,,,,,,,,"Hasenhegerweg 12, 12353 Berlin",Hasenhegerweg,12,12353,Berlin,,,,,,,,,,True,52.4227343,13.446827299999999,False
5661514224,11008008,Lisa-Tetzner-Grundschule,52.422449699999994,13.4468112,POINT (13.4468112 52.4224497),Buckow,Neukölln,0803,08G34,Lisa-Tetzner-Grundschule,,,,,,,,,,"Hasenhegerweg 12, 12353 Berlin",Hasenhegerweg,12,12353,Berlin,,,,,,,,,,True,52.422449699999994,13.4468112,False
5695079683,11011011,OTA - Tanyildiz Schweißtechnik,52.5236819,13.4885479,POINT (13.4885479 52.5236819),Lichtenberg,Lichtenberg,1103,,OTA - Tanyildiz Schweißtechnik,,,,,,,,,,"Josef-Orlopp-Straße 45 - 49, 10365 Berlin",Josef-Orlopp-Straße,45 - 49,10365,Berlin,,,,,,,http://www.ota-schweisstechnik.de/,,,True,52.5236819,13.4885479,False
5790175872,11003003,Corrie-ten-Boom-Schule,52.53478189999999,13.4273152,POINT (13.4273152 52.5347819),Prenzlauer Berg,Pankow,0301,,Corrie-ten-Boom-Schule,,,,,,,,,,"Christburger Straße 14C, 10405 Berlin",Christburger Straße,14C,10405,Berlin,Christburg Campus gGmbH,,,,,,,,,True,52.53478189999999,13.4273152,False
5790175875,11003003,Elisabeth-Abegg-Grundschule,52.534646499999994,13.4278408,POINT (13.4278408 52.5346465),Prenzlauer Berg,Pankow,0301,,Elisabeth-Abegg-Grundschule,,,,,,,,,,"Christburger Straße 14C, 10405 Berlin",Christburger Straße,14C,10405,Berlin,Christburg Campus gGmbH,,,,,,,,,True,52.534646499999994,13.4278408,False
5907019898,11007007,Privates Europa-Gymnasium Berlin,52.4858093,13.354125199999999,POINT (13.3541252 52.4858093),Schöneberg,Tempelhof-Schöneberg,0701,04P47,Privates Europa-Gymnasium Berlin,,,,,,,,,,"Hauptstraße 27, 10827 Berlin",Hauptstraße,27,10827,Berlin,Privates Europa-Gymnasium Berlin GmbH,,,,,,,,,True,52.4858093,13.354125199999999,False
5997094437,11004004,Moser Schule Schweizer Gymnasium gGmbH,52.5095435,13.2634016,POINT (13.2634016 52.5095435),Westend,Charlottenburg-Wilmersdorf,0405,04P24,Moser Schule Schweizer Gymnasium gGmbH,,,,,,,,,,"Moser Schule Schweizer Gymnasium gGmbH, Badenallee, Villenkolonie Westend, Westend, Charlottenburg-Wilmersdorf, Berlin, 14052, Deutschland",,,14052,,,,,,,,,,,True,52.5095435,13.2634016,True
6058583254,11001001,unknown_school_name,52.5273506,13.406265599999998,POINT (13.4062656 52.5273506),Mitte,Mitte,0101,,,,,,,,,,,,"Mulackstraße 8, 10119 Berlin",Mulackstraße,8,10119,Berlin,Berlin Cosmopolitan School,,,,,,,,,True,52.5273506,13.406265599999998,False
6153498939,11004004,Institut für Verhaltenstherapie Berlin,52.4811108,13.288710199999999,POINT (13.2887102 52.4811108),Schmargendorf,Charlottenburg-Wilmersdorf,0403,,Institut für Verhaltenstherapie Berlin,,,,,,,,,,"Hohenzollerndamm 125;126, 14199 Berlin",Hohenzollerndamm,125;126,14199,Berlin,,,,,,,,,,True,52.4811108,13.288710199999999,False
6215800460,11001001,Mal- und Zeichenschule Prib,52.53753619999999,13.397698199999999,POINT (13.3976982 52.5375362),Mitte,Mitte,0101,,Mal- und Zeichenschule Prib,,,,,,,,,,"Brunnenstraße 45, 10115 Berlin",Brunnenstraße,45,10115,Berlin,,,,,,,https://www.kunstschule-prib.de/,,,True,52.53753619999999,13.397698199999999,False
6251995791,11001001,Produktionsschule Mitte,52.5505701,13.370469399999998,POINT (13.3704694 52.5505701),Gesundbrunnen,Mitte,0106,,Produktionsschule Mitte,,,,,,,,,,"Produktionsschule Mitte, Bornemannstraße, Gesundbrunnen, Mitte, Berlin, 13357, Deutschland",,,13357,,Zukunftsbau GmbH,,,,,,https://zukunftsbau.de/,,,True,52.5505701,13.370469399999998,True
6410792688,11003003,Akademie der Gesundheit,52.633166399999986,13.5072943,POINT (13.5072943 52.6331664),Buch,Pankow,0309,,Akademie der Gesundheit,,,,,,,,,,"Schwanebecker Chaussee 4 E-H, 13125",Schwanebecker Chaussee,4 E-H,13125,,,,,,+49 30 9403060,berlin@gesundheit-akademie.de,https://www.gesundheit-akademie.de/,,,True,52.633166399999986,13.5072943,False
6422859463,11003003,Freie Grundschule Pfefferwerk,52.55330320000001,13.4097119,POINT (13.4097119 52.5533032),Prenzlauer Berg,Pankow,0301,03P14,Freie Grundschule Pfefferwerk,,,,,,,,,,"Schönfließer Straße 7, 10439 Berlin",Schönfließer Straße,7,10439,Berlin,,,,,,,,,,True,52.55330320000001,13.4097119,False
6422859464,11003003,Freie Sekundarschule PepperMont,52.552951,13.4096543,POINT (13.4096543 52.552951),Prenzlauer Berg,Pankow,0301,,Freie Sekundarschule PepperMont,,,,,,,,,,"Freie Sekundarschule PepperMont, Paul-Robeson-Straße, Nordisches Viertel, Prenzlauer Berg, Pankow, Berlin, 10439, Deutschland",,,10439,,,,,,,,,,,True,52.552951,13.4096543,True
7685796317,11004004,Prestige Kosmetikakademie,52.48662629999999,13.3164868,POINT (13.3164868 52.4866263),Wilmersdorf,Charlottenburg-Wilmersdorf,0402,04E41,Prestige Kosmetikakademie,,,,,,,,,,"Berliner Straße 53, 10713 Berlin",Berliner Straße,53,10713,Berlin,Lucyna Dzikowski,,,,,,https://www.prestige-akad.de/,,,True,52.48662629999999,13.3164868,False
7774237459,11004004,Grund-Bildungs-Zentrum Berlin,52.481560999999985,13.3196702,POINT (13.3196702 52.481561),Wilmersdorf,Charlottenburg-Wilmersdorf,0402,,Grund-Bildungs-Zentrum Berlin,,,,,,,,,,"Paretzer Straße 1, 10713 Berlin",Paretzer Straße,1,10713,Berlin,,,,,,,https://grundbildung-berlin.de,,,True,52.481560999999985,13.3196702,False
8050485559,11002002,Galilei Grundschule,52.501487399999995,13.3920468,POINT (13.3920468 52.5014874),Kreuzberg,Friedrichshain-Kreuzberg,0202,02G14,Galilei Grundschule,,,,,,,,,,"Friedrichstraße 13, 10969 Berlin",Friedrichstraße,13,10969,Berlin,,,,,,,,,,True,52.501487399999995,13.3920468,False
8589000133,11001001,Kristall Grundschule,52.54021749999998,13.358956799999998,POINT (13.3589568 52.5402175),Wedding,Mitte,0105,01P50,Kristall Grundschule,,,,,,,,,,"Tegeler Straße 13, 13353 Berlin",Tegeler Straße,13,13353,Berlin,Technische Jugendfreizeit- und Bildungsgesellschaft,,,,,,https://www.kristall-grundschule.de,,,True,52.54021749999998,13.358956799999998,False
9215908289,11009009,Grundschule am Berg,52.41862819999999,13.537859899999999,POINT (13.5378599 52.4186282),Altglienicke,Treptow-Köpenick,0906,,Grundschule am Berg,,,,,,,,,,"Grundschule am Berg, Lianenweg, Siedlung Wegedorn, Altglienicke, Treptow-Köpenick, Berlin, 12524, Deutschland",,,12524,,,,,,,,,,,True,52.41862819999999,13.537859899999999,True
9502964060,11004004,Berliner Schule für Zen Shiatsu,52.4953754,13.309972399999998,POINT (13.3099724 52.4953754),Wilmersdorf,Charlottenburg-Wilmersdorf,0402,,Berliner Schule für Zen Shiatsu,,,,,,,,,,"Berliner Schule für Zen Shiatsu, Wittelsbacherstraße, Fasanenkiez, Wilmersdorf, Charlottenburg-Wilmersdorf, Berlin, 10707, Deutschland",,,10707,,,,,,,,https://www.zen-shiatsu-schule.de/,,,True,52.4953754,13.309972399999998,True
9674270517,11010010,SENECA INTENSIV Studios,52.54276250000001,13.536586799999998,POINT (13.5365868 52.5427625),Marzahn,Marzahn-Hellersdorf,1001,,SENECA INTENSIV Studios,,,,,,,,,,"Georg-Knorr-Straße 4 / Haus 10, 12681",Georg-Knorr-Straße,4 / Haus 10,12681,,,,,,,,https://seneca-intensiv.de/,,,True,52.54276250000001,13.536586799999998,False
9953624692,11012012,Demokratische Schule X,52.61277340000001,13.2474075,POINT (13.2474075 52.6127734),Heiligensee,Reinickendorf,1204,12P10,Demokratische Schule X,,,,,,,,,,"Ruppiner Chaussee 211, 13503 Berlin",Ruppiner Chaussee,211,13503,Berlin,Demokratische Bildung Berlin e.V.,,,,,,https://www.demokratische-schule-x.de/,,,True,52.61277340000001,13.2474075,False
10273324300,11010010,Peter-Pan-Grundschule,52.546377,13.550828799999998,POINT (13.5508288 52.546377),Marzahn,Marzahn-Hellersdorf,1001,,Peter-Pan-Grundschule,,,,,,,,,,"Peter-Pan-Grundschule, Franz-Stenzer-Straße, Alt-Marzahn, Marzahn, Marzahn-Hellersdorf, Berlin, 12685, Deutschland",,,12685,,,,,,,,,,,True,52.546377,13.550828799999998,True
10788214205,11003003,Ironhack Berlin,52.532955099999995,13.453284999999997,POINT (13.453285 52.5329551),Prenzlauer Berg,Pankow,0301,,Ironhack Berlin,,,,,,,,,,10407,,,10407,,,,,,,,https://www.ironhack.com/de/en,,,True,52.532955099999995,13.453284999999997,False
11060589005,11010010,Grundschule an der Wuhle,52.52208339999999,13.5798614,POINT (13.5798614 52.5220834),Hellersdorf,Marzahn-Hellersdorf,1005,,Grundschule an der Wuhle,,,,,,,,,,"Grundschule an der Wuhle, Teterower Ring, Kaulsdorf-Nord, Hellersdorf, Marzahn-Hellersdorf, Berlin, 12619, Deutschland",,,12619,,,,,,,,,,,True,52.52208339999999,13.5798614,True
11191369537,11001001,Berlin Comics Schule,52.554966099999994,13.389315499999999,POINT (13.3893155 52.5549661),Gesundbrunnen,Mitte,0106,,Berlin Comics Schule,,,,,,,,,,"Stettiner Straße 30, 13357",Stettiner Straße,30,13357,,,,,,,,https://comicschoolberlin.de/,,,True,52.554966099999994,13.389315499999999,False
11197523749,11001001,Seminarschiff,52.5230665,13.3439077,POINT (13.3439077 52.5230665),Moabit,Mitte,0102,,Seminarschiff,,,,,,,,,,"Seminarschiff, Holsteiner Ufer, Hansaviertel, Mitte, Berlin, 10557, Deutschland",,,10557,,,,,,,,,,,True,52.5230665,13.3439077,True
11198242339,11009009,Surfpaddelschule,52.44503419999999,13.6308577,POINT (13.6308577 52.4450342),Friedrichshagen,Treptow-Köpenick,0911,,Surfpaddelschule,,,,,,,,,,"Surfpaddelschule, Müggelseedamm, Friedrichshagen, Treptow-Köpenick, Berlin, 12587, Deutschland",,,12587,,,,,,,,,,,True,52.44503419999999,13.6308577,True
11267498757,11006006,Freie Schule Anne Sophie,52.4374162,13.2629021,POINT (13.2629021 52.4374162),Zehlendorf,Steglitz-Zehlendorf,0604,06P20,Freie Schule Anne Sophie,,,,,,,,,,"Clayallee 328-334, 14169 Berlin",Clayallee,328-334,14169,Berlin,Stiftung Würth,,,,+49 30 84714639 10,info.berlin@freie-schule-anne-sophie.de,https://www.freie-schule-anne-sophie.de/de/berlin/start_b/start_b.php,,,True,52.4374162,13.2629021,False
11287862770,11008008,b-trend-setting,52.468518499999995,13.4533132,POINT (13.4533132 52.4685185),Neukölln,Neukölln,0801,08P13,b-trend-setting,,,,,,,,,,"Lahnstraße 19, 12055 Berlin",Lahnstraße,19,12055,Berlin,b-trend-setting gGmbH,,,,+49 30 921028980,info@b-trend-setting.de,https://www.b-trend-setting.de/,,,True,52.468518499999995,13.4533132,False
11357840631,11002002,Shiatsu Schule Kreuzberg,52.498846799999995,13.436300399999999,POINT (13.4363004 52.4988468),Kreuzberg,Friedrichshain-Kreuzberg,0202,,Shiatsu Schule Kreuzberg,,,,,,,,,,"Lübbener Straße 26, 10997 Berlin",Lübbener Straße,26,10997,Berlin,Shiatsu Schule Kreuzberg,,,,,kontakt@shiatsu-schule.de,https://shiatsu-schule.de,,,True,52.498846799999995,13.436300399999999,False
11425591669,11003003,Elinor-Ostrom-Schule (2. Schulstandort),52.54554219999999,13.4174416,POINT (13.4174416 52.5455422),Prenzlauer Berg,Pankow,0301,,Elinor-Ostrom-Schule (2. Schulstandort),,,,,,,,,,"Pappelallee 30-31, 10437",Pappelallee,30-31,10437,,,,,,03034339611,,https://www.oszeos.de/,,,True,52.54554219999999,13.4174416,False
11525305289,11008008,Evangelische Schule Neukölln Oberstufe,52.474423599999994,13.422509999999999,POINT (13.42251 52.4744236),Neukölln,Neukölln,0801,,Evangelische Schule Neukölln Oberstufe,,,,,,,,,,"Evangelische Schule Neukölln Oberstufe, Schillerpromenade, Schillerkiez, Neukölln, Berlin, Teltow, 12049, Deutschland",,,12049,,,,,,,,,,,True,52.474423599999994,13.422509999999999,True
11769563161,11009009,Volkshochschule Treptow-Köpenick,52.46189630000001,13.5232934,POINT (13.5232934 52.4618963),Oberschöneweide,Treptow-Köpenick,0909,,Volkshochschule Treptow-Köpenick,,,,,,,,,,"Volkshochschule Treptow-Köpenick, 2, Kottmeierstraße, Oberschöneweide, Treptow-Köpenick, Berlin, 12459, Deutschland",,,12459,,,,,,,,,,,True,52.46189630000001,13.5232934,True
11863051770,11004004,Willy-Brandt-Schule,52.546463800000005,13.3181254,POINT (13.3181254 52.5464638),Charlottenburg-Nord,Charlottenburg-Wilmersdorf,0406,01G42,Willy-Brandt-Schule,,,,,,,,,,Saatwinkler Damm 42,Saatwinkler Damm,42,13627,,,,,,,,https://www.willybrandtschule.de,,,True,52.546463800000005,13.3181254,False
12068069133,11005005,Grundschule Fehrbelliner Tor,52.55480099999999,13.199712200000002,POINT (13.1997122 52.554801),Spandau,Spandau,0501,05G32,Grundschule Fehrbelliner Tor,,,,,,,,,,"Grundschule Fehrbelliner Tor, Hohenzollernring, Siedlung am Wansdorfer Platz, Maselake-Zentrum, Hakenfelde, Spandau, Berlin, 13585, Deutschland",,,13585,,,,,,,,,,,True,52.55480099999999,13.199712200000002,True
12135294142,11007007,Freie Schule Schöneberg,52.48574279999999,13.354453499999998,POINT (13.3544535 52.4857428),Schöneberg,Tempelhof-Schöneberg,0701,07P19,Freie Schule Schöneberg,,,,,,,,,,"Hauptstraße 27, Eingang C, 10827 Berlin",Hauptstraße,"27, Eingang C",10827,Berlin,Freie Schule Freundeskreis e.V.,,,,,,https://freie-schule-schoeneberg.de/,,,True,52.48574279999999,13.354453499999998,False
12314506395,11011011,Jugendkunstschule Lichtenberg,52.56948119999999,13.511636100000002,POINT (13.5116361 52.5694812),Neu-Hohenschönhausen,Lichtenberg,1109,,Jugendkunstschule Lichtenberg,,,,,,,,,,Demminer Straße 4,Demminer Straße,4,13059,,Albus e.V.,,,,+49 30 9248873,,https://www.juks-lichtenberg.de,,,True,52.56948119999999,13.511636100000002,False
12321410631,11001001,Lazarus Schulen (Schwesternflügel),52.5351282,13.3885742,POINT (13.3885742 52.5351282),Gesundbrunnen,Mitte,0106,01P07,Lazarus Schulen (Schwesternflügel),,,,,,,,,,"Bernauer Straße 115-118, 13355 Berlin",Bernauer Straße,115-118,13355,Berlin,Hoffnungstaler Stiftung Lobetal,,,,,,https://lazarus-schulen.de/,,,True,52.5351282,13.3885742,False
12512361420,11003003,Felix-Mendelssohn-Bartholdy-Gymnasium (Temporäres Haus 3),52.529688099999994,13.438454099999998,POINT (13.4384541 52.5296881),Prenzlauer Berg,Pankow,0301,,Felix-Mendelssohn-Bartholdy-Gymnasium (Temporäres Haus 3),,,,,,,,,,"Felix-Mendelssohn-Bartholdy-Gymnasium (Temporäres Haus 3), 14, Margarete-Sommer-Straße, Bötzowkiez, Prenzlauer Berg, Pankow, Berlin, 10407, Deutschland",,,10407,,,,,,,,https://fmbg-berlin.de/,,,True,52.529688099999994,13.438454099999998,True
12522418564,11003003,Volkshochschule Berlin-Pankow,52.5330592,13.419907699999998,POINT (13.4199077 52.5330592),Prenzlauer Berg,Pankow,0301,,Volkshochschule Berlin-Pankow,,,,,,,,,,"Volkshochschule Berlin-Pankow, Mülhauser Straße, Kollwitzkiez, Prenzlauer Berg, Pankow, Berlin, 10405, Deutschland",,,10405,,,,,,,,,,,True,52.5330592,13.419907699999998,True
12563980204,11004004,Evangelische Schule Wilmersdorf,52.49401989999999,13.3091033,POINT (13.3091033 52.4940199),Wilmersdorf,Charlottenburg-Wilmersdorf,0402,04P21,Evangelische Schule Wilmersdorf,,,,,,,,,,"Brandenburgische Straße 51, 10707 Berlin",Brandenburgische Straße,51,10707,Berlin,Evangelische Schulstiftung in der EKBO,,,,,,https://www.evgruwi.de,,,True,52.49401989999999,13.3091033,False
12564011957,11004004,Katholische Schule Sankt Ludwig,52.49625739999999,13.321330799999998,POINT (13.3213308 52.4962574),Wilmersdorf,Charlottenburg-Wilmersdorf,0402,04P10,Katholische Schule Sankt Ludwig,,,,,,,,,,"Düsseldorfer Straße 13, 10719 Berlin",Düsseldorfer Straße,13,10719,Berlin,Erzbistum Berlin,,,,,,,,,True,52.49625739999999,13.321330799999998,False
12677407057,11012012,Apego-Schule Berlin,52.60447679999999,13.309308699999999,POINT (13.3093087 52.6044768),Waidmannslust,Reinickendorf,1207,12P19,Apego-Schule Berlin,,,,,,,,,,"Dianastraße 44-46, 13469 Berlin",Dianastraße,44-46,13469,Berlin,Madrina Sophia e. V.,,,,‭+49 30 27 49 84 77,office@apego-schule.de,https://apego-schule.de,,,True,52.60447679999999,13.309308699999999,False
12691468320,11005005,Grundschule Heerstr. 580,52.52542179999999,13.138705499999999,POINT (13.1387055 52.5254218),Staaken,Spandau,0504,05G33,Grundschule Heerstr. 580,,,,,,,,,,"Heerstraße 580, 13591 Berlin",Heerstraße,580,13591,Berlin,,,,,,,,,,True,52.52542179999999,13.138705499999999,False
12766031273,11010010,Neubau Grundschule mit TSH,52.53613669999999,13.542217899999999,POINT (13.5422179 52.5361367),Marzahn,Marzahn-Hellersdorf,1001,10Gn05,Neubau Grundschule mit TSH,,,,,,,,,,"Bruno-Baum-Straße 68, 12685 Berlin",Bruno-Baum-Straße,68,12685,Berlin,,,,,,,,,,True,52.53613669999999,13.542217899999999,False
12766032980,11010010,Neubau Grundschule mit TSH,52.5312548,13.59873,POINT (13.59873 52.5312548),Hellersdorf,Marzahn-Hellersdorf,1005,10Gn09,Neubau Grundschule mit TSH,,,,,,,,,,"Neubau Grundschule mit TSH, Maxie-Wander-Straße, Gelbes Viertel, Kastanienallee, Hellersdorf, Marzahn-Hellersdorf, Berlin, 12619, Deutschland",,,12619,,,,,,,,,,,True,52.5312548,13.59873,True
12766064655,11010010,Neubau MEB 22 mit Mensa,52.53064479999999,13.6010912,POINT (13.6010912 52.5306448),Hellersdorf,Marzahn-Hellersdorf,1005,10Gn09,Neubau MEB 22 mit Mensa,,,,,,,,,,"Klingenthaler Straße 12, 12627 Berlin",Klingenthaler Straße,12,12627,Berlin,,,,,,,,,,True,52.53064479999999,13.6010912,False
12782008075,11012012,Richard-Keller-Schule,52.62320489999999,13.293561799999999,POINT (13.2935618 52.6232049),Hermsdorf,Reinickendorf,1206,12S02,Richard-Keller-Schule,,,,,,,,,,"Frohnauer Straße 74-80, 13467 Berlin",Frohnauer Straße,74-80,13467,Berlin,,,,,,,,,,True,52.62320489999999,13.293561799999999,False
12797375598,11011011,"15. Schule
ISS mit gymnasialer Oberstufe - 11K15",52.524962899999984,13.5133643,POINT (13.5133643 52.5249629),Lichtenberg,Lichtenberg,1103,,"15. Schule
ISS mit gymnasialer Oberstufe - 11K15",,,,,,,,,,"Allee der Kosmonauten 22, 10315 Berlin",Allee der Kosmonauten,22,10315,Berlin,Bezirksamt Lichtenberg,,,,+4930 - 263 976 00 00,sekretariat@11K15.schule.berlin.de,https://iss.adkosmos.eu/,,,True,52.524962899999984,13.5133643,False
12797375599,11011011,12. Gymnasium Lichtenberg 11Y12,52.5248369,13.513904399999998,POINT (13.5139044 52.5248369),Lichtenberg,Lichtenberg,1103,,12. Gymnasium Lichtenberg 11Y12,,,,,,,,,,"Allee der Kosmonauten 22, 10315 Berlin",Allee der Kosmonauten,22,10315,Berlin,Bezirksamt Lichtenberg,,,,+49 30 2639114000,sekretariat@11y12.schule.berlin.de,https://gym.adkosmos.eu/,,,True,52.5248369,13.513904399999998,False
12992163102,11007007,"Schauspielschule ""Der Kreis"" Fritz-Kirchhoff-Schule",52.45911889999999,13.407976099999999,POINT (13.4079761 52.4591189),Tempelhof,Tempelhof-Schöneberg,0703,,"Schauspielschule ""Der Kreis"" Fritz-Kirchhoff-Schule",,,,,,,,,,"Teilestraße 11—13, Tor 3, 12099",Teilestraße,"11—13, Tor 3",12099,,,,,,+490308225124,post@fritz-kirchhoff-schule.de,https://www.schauspielschule-der-kreis.de/,,,True,52.45911889999999,13.407976099999999,False
12992212501,11002002,die schauspielfabrik berlin,52.4881953,13.4230643,POINT (13.4230643 52.4881953),Kreuzberg,Friedrichshain-Kreuzberg,0202,,die schauspielfabrik berlin,,,,,,,,,,"Urbanstraße 70A, 10967",Urbanstraße,70A,10967,,,,,,+493069533168,mail@schauspielfabrik.de,https://schauspielfabrik.de/,,,True,52.4881953,13.4230643,False
13050559747,11003003,Ostkreuzschule für Fotografie,52.55046409999999,13.4472819,POINT (13.4472819 52.5504641),Weißensee,Pankow,0302,,Ostkreuzschule für Fotografie,,,,,,,,,,"Behaimstraße 32/34, 13086",Behaimstraße,32/34,13086,,,,,,,,https://www.ostkreuzschule.de/,,,True,52.55046409999999,13.4472819,False
13357175108,11011011,bbw Akademie für betriebswirtschaftliche Weiterbildung,52.497618800000005,13.5204192,POINT (13.5204192 52.4976188),Friedrichsfelde,Lichtenberg,1101,,bbw Akademie für betriebswirtschaftliche Weiterbildung,,,,,,,,,,"bbw Akademie für betriebswirtschaftliche Weiterbildung, Erich-Kurz-Straße, Sewanviertel, Friedrichsfelde, Lichtenberg, Berlin, 10319, Deutschland",,,10319,,,,,,,,https://www.bbw-gruppe.de/standorte/berlin/lichtenberg.html,,,True,52.497618800000005,13.5204192,True
27716,11003003,Felix-Mendelssohn-Bartholdy-Gymnasium Filiale Pankow,52.53411865743701,13.433033602568093,POINT (13.433033602773552 52.534118656310646),Prenzlauer Berg,Pankow,0301,03Y13b,Felix-Mendelssohn-Bartholdy-Gymnasium Filiale Pankow,,,,,,,,,,"Pasteurstraße 7,9,11, 10407 Berlin",Pasteurstraße,"7,9,11",10407,Berlin,,,,,,,https://fmbg-berlin.de,,,True,52.53411865743701,13.433033602568093,False
404313,11007007,Theodor-Haubach-Schule,52.39823448921884,13.402704167195074,POINT (13.402704167172123 52.39823448864814),Lichtenrade,Tempelhof-Schöneberg,0706,,Theodor-Haubach-Schule,,,,,,,,,,"Theodor-Haubach-Schule, Grimmstraße, John-Locke-Siedlung, Lichtenrade, Tempelhof-Schöneberg, Berlin, Teltow, 12305, Deutschland",,,12305,,,,,,,,,,,True,52.39823448921884,13.402704167195074,True
2669838,11009009,Albatros-Schule,52.47157931332107,13.514712475674296,POINT (13.514712476073413 52.471579306661205),Oberschöneweide,Treptow-Köpenick,0909,09S03,Albatros-Schule,,,,,,,,,,"222, Treskowallee, Oberschöneweide, Treptow-Köpenick, Berlin, 12459, Deutschland",,,12459,,,,,,+49 30 53002990,,http://www.albatros.cidsnet.de,,,True,52.47157931332107,13.514712475674296,True
3093670,11012012,Evangelische Schule Berlin-Frohnau,52.63106603282424,13.282890057461142,POINT (13.282890056840403 52.63106603012246),Frohnau,Reinickendorf,1205,12P03,Evangelische Schule Berlin-Frohnau,,,,,,,,,,"Benediktinerstraße 11-19, 13465 Berlin",Benediktinerstraße,11-19,13465,Berlin,Evangelische Schulstiftung in der EKBO,,,,,,,,,True,52.63106603282424,13.282890057461142,False
5122070,11003003,Heinrich-Schliemann-Gymnasium,52.54694649818157,13.422982664630846,POINT (13.42298266694319 52.54694649306116),Prenzlauer Berg,Pankow,0301,03Y04,Heinrich-Schliemann-Gymnasium,,,,,,,,,,"Dunckerstraße 64, 10439 Berlin",Dunckerstraße,64,10439,Berlin,Bezirksamt Pankow von Berlin,,,,,,,,,True,52.54694649818157,13.422982664630846,False
6178855,11009009,Melli-Beese-Grundschule,52.446890412363146,13.51034713011724,POINT (13.510347133680837 52.44689040455524),Johannisthal,Treptow-Köpenick,0904,09G06,Melli-Beese-Grundschule,,,,,,,,,,"Engelhardstraße 18, 12487 Berlin",Engelhardstraße,18,12487,Berlin,,,,,+4930 6361390,Melli-Beese-Grundschule@t-online.de,http://www.melli-beese-g.cidsnet.de/,,,True,52.446890412363146,13.51034713011724,False
6319210,11010010,Jean-Piaget-Schule,52.54594063946164,13.595881146873658,POINT (13.595881145865631 52.545940635923145),Hellersdorf,Marzahn-Hellersdorf,1005,10K05,Jean-Piaget-Schule,,,,,,,,,,"5, Mittenwalder Straße, Stadtgut Hellersdorf, Hellersdorf, Marzahn-Hellersdorf, Berlin, 12629, Deutschland",,,12629,,,,,,+4930 9980793,jean-piaget.oberschule@berlin.de,http://www.piaget-schule-berlin.de/,,,True,52.54594063946164,13.595881146873658,True
6754829,11008008,Alfred-Nobel-Schule - Filiale,52.44430878246201,13.441438909680283,POINT (13.441438910940668 52.44430877224769),Britz,Neukölln,0802,08K11b,Alfred-Nobel-Schule - Filiale,,,,,,,,,,"Parchimer Allee 111, 12359 Berlin",Parchimer Allee,111,12359,Berlin,,,,,+49 30 6064032,alfred-nobel-schule@t-online.de,https://alfred-nobel-schule.de/,,,True,52.44430878246201,13.441438909680283,False
6861804,11007007,Carl-Zeiss-Oberschule,52.394616795629574,13.404077538726078,POINT (13.404077537198047 52.39461679321779),Lichtenrade,Tempelhof-Schöneberg,0706,07K02,Carl-Zeiss-Oberschule,,,,,,,,,,"Barnetstraße 12-14, 12305 Berlin",Barnetstraße,12-14,12305,Berlin,Bezirksamt Tempelhof-Schöneberg von Berlin,,,,,,https://www.carl-zeiss-oberschule.de,,,True,52.394616795629574,13.404077538726078,False
12751210,11010010,Konrad-Wachsmann-Oberschule,52.52861706813044,13.621841795128098,POINT (13.621841797237648 52.528617065635224),Hellersdorf,Marzahn-Hellersdorf,1005,10K09,Konrad-Wachsmann-Oberschule,,,,,,,,,,"Geithainer Straße 12, 12627 Berlin",Geithainer Straße,12,12627,Berlin,,,,,,,,,,True,52.52861706813044,13.621841795128098,False
13123375,11008008,Karlsgarten-Grundschule,52.48268964026232,13.421481536467246,POINT (13.421481536156902 52.48268963581134),Neukölln,Neukölln,0801,08G08,Karlsgarten-Grundschule,,,,,,,,,,"Karlsgartenstraße 7, 12049 Berlin",Karlsgartenstraße,7,12049,Berlin,,,,,,,,,,True,52.48268964026232,13.421481536467246,False
14886710,11010010,Johann-Strauss-Grundschule,52.52957017292609,13.560156239173537,POINT (13.560156240352152 52.52957016515145),Biesdorf,Marzahn-Hellersdorf,1002,10G13,Johann-Strauss-Grundschule,,,,,,,,,,"Cecilienstraße 80/81, 12683 Berlin",Cecilienstraße,80/81,12683,Berlin,,,,,,,http://www.johann-strauss-grundschule.de,,,True,52.52957017292609,13.560156239173537,False
14886838,11010010,Wilhelm-Busch-Grundschule,52.55210466011558,13.58238322597395,POINT (13.582383234748912 52.55210463072587),Marzahn,Marzahn-Hellersdorf,1001,10G08,Wilhelm-Busch-Grundschule,,,,,,,,,,"Parsteiner Ring 24/46, 12679 Berlin",Parsteiner Ring,24/46,12679,Berlin,,,,,,,,,,True,52.55210466011558,13.58238322597395,False
14886853,11010010,Grundschule am Schleipfuhl,52.529788474241315,13.609365909956942,POINT (13.60936586513531 52.52978843624045),Hellersdorf,Marzahn-Hellersdorf,1005,10G25,Grundschule am Schleipfuhl,,,,,,,,,,"Nossener Straße 85, 12627 Berlin",Nossener Straße,85,12627,Berlin,,,,,,,,,,True,52.529788474241315,13.609365909956942,False
15354903,11004004,Nelson-Mandela-Schule (Grundstufe),52.49370707558092,13.320887313141089,POINT (13.320887313266454 52.49370707466093),Wilmersdorf,Charlottenburg-Wilmersdorf,0402,,Nelson-Mandela-Schule (Grundstufe),,,,,,,,,,"Pfalzburger Straße 23, 10719 Berlin",Pfalzburger Straße,23,10719,Berlin,"Senatsverwaltung für Bildung, Jugend und Familie Berlin",,,,,,,,,True,52.49370707558092,13.320887313141089,False
15484680,11006006,Grundschule am Königsgraben,52.42304955885502,13.347202880184517,POINT (13.347202880689728 52.4230495562002),Lankwitz,Steglitz-Zehlendorf,0603,06G27,Grundschule am Königsgraben,,,,,,,,,,"Gallwitzallee 136-144, 12249 Berlin",Gallwitzallee,136-144,12249,Berlin,,,,,,,https://grundschule-am-koenigsgraben.de,,,True,52.42304955885502,13.347202880184517,False
15803728,11001001,Kurt-Tucholsky-Grundschule,52.530494221643195,13.35327940586654,POINT (13.353279408145687 52.53049421797751),Moabit,Mitte,0102,01G11,Kurt-Tucholsky-Grundschule,,,,,,,,,,"Rathenower Straße 18, 10559 Berlin",Rathenower Straße,18,10559,Berlin,Bezirksamt Mitte von Berlin,,,,+49 30 3974429310,sekretariat@ktg.schule.berlin.de,https://kurt-tucholsky-grundschule.de,,,True,52.530494221643195,13.35327940586654,False
16219093,11001001,Evangelische Schule Berlin Zentrum,52.51175683775498,13.410575226596517,POINT (13.41057522737537 52.511756834776506),Mitte,Mitte,0101,01P23,Evangelische Schule Berlin Zentrum,,,,,,,,,,"Wallstraße 32, 10179 Berlin",Wallstraße,32,10179,Berlin,Evangelische Schulstiftung in der EKBO,,,,+49 30 2576071 0,buero@ev-schule-zentrum.de,https://www.ev-schule-zentrum.de/,,,True,52.51175683775498,13.410575226596517,False
16446395,11003003,Helene-Haeusler-Schule,52.52675413953708,13.419561325849006,POINT (13.419561325359513 52.526754134554075),Prenzlauer Berg,Pankow,0301,03S03,Helene-Haeusler-Schule,,,,,,,,,,"Mendelssohnstraße 10, 10405 Berlin",Mendelssohnstraße,10,10405,Berlin,Bezirksamt Pankow,,,,,,,,,True,52.52675413953708,13.419561325849006,False
16630747,11006006,Grundschule in der Plantagenstraße,52.4555430686589,13.330994166342418,POINT (13.330994165957897 52.455543067396896),Steglitz,Steglitz-Zehlendorf,0601,06G34,Grundschule in der Plantagenstraße,,,,,,,,,,"Plantagenstraße 8-9, 12169 Berlin",Plantagenstraße,8-9,12169,Berlin,Bezirksamt Steglitz-Zehlendorf von Berlin,,,,,,,,,True,52.4555430686589,13.330994166342418,False
16646048,11006006,Ersatzschulbau Kopernikus-Schule (Integrierte Sekundarschule),52.42754744282773,13.344463678885175,POINT (13.344463679222413 52.42754743927125),Lankwitz,Steglitz-Zehlendorf,0603,06K03b,Ersatzschulbau Kopernikus-Schule (Integrierte Sekundarschule),,,,,,,,,,"Dessauerstraße 49-55, 12249 Berlin",Dessauerstraße,49-55,12249,Berlin,,,,,,,,,,True,52.42754744282773,13.344463678885175,False
16646049,11006006,Bröndby-Oberschule,52.42812772830094,13.345950267218333,POINT (13.345950266464639 52.42812772433475),Lankwitz,Steglitz-Zehlendorf,0603,06K04,Bröndby-Oberschule,,,,,,,,,,"Dessauerstraße 63, 12249 Berlin",Dessauerstraße,63,12249,Berlin,,,,,,,http://www.broendby-oberschule.de/,,,True,52.42812772830094,13.345950267218333,False
16660043,11006006,Johann-August-Zeune-Schule für Blinde,52.45582033009235,13.313954967336528,POINT (13.313954969031327 52.45582032586241),Steglitz,Steglitz-Zehlendorf,0601,06S05,Johann-August-Zeune-Schule für Blinde,,,,,,,,,,"Rothenburgstraße 14, 12165 Berlin",Rothenburgstraße,14,12165,Berlin,Bezirksamt Steglitz-Zehlendorf von Berlin,,,,,,,,,True,52.45582033009235,13.313954967336528,False
16660048,11006006,Rothenburg-Grundschule,52.45451474259274,13.313695847180115,POINT (13.313695847001785 52.454514741848364),Steglitz,Steglitz-Zehlendorf,0601,06G16,Rothenburg-Grundschule,,,,,,,,,,"Rothenburgstraße 16-17, 12165 Berlin",Rothenburgstraße,16-17,12165,Berlin,Bezirksamt Steglitz-Zehlendorf von Berlin,,,,,schulleitung@rothenburg.schule.berlin.de,,,,True,52.45451474259274,13.313695847180115,False
16660049,11006006,Fichtenberg-Oberschule,52.45422019723353,13.312528678784965,POINT (13.312528679627626 52.454220194873926),Steglitz,Steglitz-Zehlendorf,0601,06Y09,Fichtenberg-Oberschule,,,,,,,,,,"Rothenburgstraße 18, 12165 Berlin",Rothenburgstraße,18,12165,Berlin,Bezirksamt Steglitz-Zehlendorf von Berlin,,,,+49 30 902992354,info@fichtenberg-oberschule.net,https://fichtenberg-oberschule.net/,,,True,52.45422019723353,13.312528678784965,False
16750708,11006006,Paul-Schneider-Grundschule,52.430881523260965,13.34106215071221,POINT (13.341062148819756 52.43088151820583),Lankwitz,Steglitz-Zehlendorf,0603,06G21,Paul-Schneider-Grundschule,,,,,,,,,,"Seydlitzstraße 30-34, 12249 Berlin",Seydlitzstraße,30-34,12249,Berlin,Bezirksamt Steglitz-Zehlendorf von Berlin,,,,+49 30 93951511,sekretariat@06g21.schule.berlin.de,https://www.paul-schneider-grundschule.de/,,,True,52.430881523260965,13.34106215071221,False
16750712,11006006,Beethoven-Gymnasium,52.43290824211124,13.342790926450046,POINT (13.342790923375654 52.43290823786102),Lankwitz,Steglitz-Zehlendorf,0603,06Y06,Beethoven-Gymnasium,,,,,,,,,,"Barbarastraße 9, 12249 Berlin",Barbarastraße,9,12249,Berlin,Bezirksamt Steglitz-Zehlendorf von Berlin,,,,+49 30 76890530,leitung@beethoven-gymnasium.eu,https://www.beethoven-gymnasium.eu,,,True,52.43290824211124,13.342790926450046,False
16760738,11006006,Private Kant-Grundschule,52.45899241570472,13.313451282939273,POINT (13.313451282806554 52.45899241439035),Steglitz,Steglitz-Zehlendorf,0601,06P10,Private Kant-Grundschule,,,,,,,,,,"Grunewaldstraße 44, 12165 Berlin",Grunewaldstraße,44,12165,Berlin,Private Kant-Schule e.V.,,,,,,,,,True,52.45899241570472,13.313451282939273,False
17087723,11003003,Inge-Deutschkron-Gymnasium,52.582554013954564,13.364049256836303,POINT (13.364049256855075 52.582554012480514),Wilhelmsruh,Pankow,0313,03Y17,Inge-Deutschkron-Gymnasium,,,,,,,,,,"Kopenhagener Straße 85-87, 13158 Berlin",Kopenhagener Straße,85-87,13158,Berlin,"Senatsverwaltung für Bildung, Jugend und Familie Berlin",,,,,,https://idg.berlin/,,,True,52.582554013954564,13.364049256836303,False
17315307,11011011,Grüner Campus Malchow,52.57050701061129,13.488368156075197,POINT (13.488368276644472 52.57050694420883),Malchow,Lichtenberg,1106,,Grüner Campus Malchow,,,,,,,,,,"Hohenschönhauser Weg, Malchow, Lichtenberg, Berlin, 13051, Deutschland",,,13051,,,,,,,,,,,True,52.57050701061129,13.488368156075197,True
17341688,11010010,Grundschule an der Mühle,52.539591356901035,13.565345930031256,POINT (13.565345930441056 52.53959135092042),Marzahn,Marzahn-Hellersdorf,1001,10G11,Grundschule an der Mühle,,,,,,,,,,"Kienbergstraße 59, 12685",Kienbergstraße,59,12685,,,,,,,,,,,True,52.539591356901035,13.565345930031256,False
17734163,11010010,Bücherwurm-Schule am Weiher,52.54052626675263,13.629892359927107,POINT (13.629892361504446 52.540526257385544),Hellersdorf,Marzahn-Hellersdorf,1005,10G19,Bücherwurm-Schule am Weiher,,,,,,,,,,"Eilenburger Straße 1, 12627 Berlin",Eilenburger Straße,1,12627,Berlin,,,,,,,http://www.buecherwurm-grundschule.de/,,,True,52.54052626675263,13.629892359927107,False
17751584,11003003,Kurt-Tucholsky-Oberschule,52.55870326125884,13.424007116129358,POINT (13.424007117725635 52.55870324385983),Pankow,Pankow,0307,03K02,Kurt-Tucholsky-Oberschule,,,,,,,,,,"Neumannstraße 9/11, 13189",Neumannstraße,9/11,13189,,Bezirksamt Pankow von Berlin,,,,,,https://www.kto-berlin.de,,,True,52.55870326125884,13.424007116129358,False
17790640,11005005,Kant-Gymnasium,52.542945622829244,13.200764723614343,POINT (13.200764720782814 52.54294561681797),Spandau,Spandau,0501,05Y02,Kant-Gymnasium,,,,,,,,,,"Bismarckstraße 54, 13585 Berlin",Bismarckstraße,54,13585,Berlin,Bezirksamt Spandau von Berlin,,,,,,,,,True,52.542945622829244,13.200764723614343,False
17826802,11002002,Hausburgschule,52.523878077750496,13.454349292715115,POINT (13.454349296613168 52.52387807418971),Friedrichshain,Friedrichshain-Kreuzberg,0201,02G02,Hausburgschule,,,,,,,,,,"Hausburgstraße 20, 10249 Berlin",Hausburgstraße,20,10249,Berlin,Bezirksamt Friedrichshain-Kreuzberg von Berlin,,,,,,,,,True,52.523878077750496,13.454349292715115,False
18770185,11005005,Schule an der Haveldüne,52.510220139936884,13.185946837016699,POINT (13.185946838347457 52.510220129934126),Wilhelmstadt,Spandau,0509,05K08,Schule an der Haveldüne,,,,,,,,,,"Jaczostraße 53-67, 13595 Berlin",Jaczostraße,53-67,13595,Berlin,,,,,+4930 365097 3,info@schuleanderhavelduene.de,https://8-iss-spandau.de/,,,True,52.510220139936884,13.185946837016699,False
19306129,11002002,Spartacus-Grundschule,52.52075621371657,13.435880858360646,POINT (13.4358808592555 52.5207562102346),Friedrichshain,Friedrichshain-Kreuzberg,0201,02G01,Spartacus-Grundschule,,,,,,,,,,"Friedenstraße 40 - 45, 10249 Berlin",Friedenstraße,40 - 45,10249,Berlin,Bezirksamt Friedrichshain-Kreuzberg von Berlin,,,,+49-30-4202 4930,sekretariat@spartacus.schule.berlin.de,https://spartacus-grundschule.de/,,,True,52.52075621371657,13.435880858360646,False
4675785,11001001,Hedwig-Dohm-Schule,52.534014994650285,13.34588436731458,POINT (13.345884367969498 52.53401499260997),Moabit,Mitte,0102,01K09,Hedwig-Dohm-Schule,,,,,,,,,,"Stephanstraße 27, 10559 Berlin",Stephanstraße,27,10559,Berlin,,,,,+49 30 38377131,hedwig-dohm-os@web.de,https://www.hedwig-dohm-os.de/,,,True,52.534014994650285,13.34588436731458,False
4675905,11001001,Moabiter Grundschule,52.522073916449465,13.357410032856059,POINT (13.357410032793867 52.522073912024126),Moabit,Mitte,0102,01G16,Moabiter Grundschule,,,,,,,,,,"Paulstraße 28, 10557 Berlin",Paulstraße,28,10557,Berlin,Bezirksamt Mitte von Berlin,,,,,,https://www.moabiter-grundschule.de/,,,True,52.522073916449465,13.357410032856059,False
4675932,11001001,Oberstufenzentrum Banken und Versicherungen,52.52418919503768,13.358978788907132,POINT (13.358978789325727 52.52418919215242),Moabit,Mitte,0102,01B01,Oberstufenzentrum Banken und Versicherungen,,,,,,,,,,"Alt-Moabit 10, 10557 Berlin",Alt-Moabit,10,10557,Berlin,,,,,,,http://www.osz-banken-versicherungen.de/,,,True,52.52418919503768,13.358978788907132,False
4677755,11001001,Schul-Umwelt-Zentrum Mitte,52.53334045645365,13.340042153652188,POINT (13.340042153769458 52.53334045306725),Moabit,Mitte,0102,,Schul-Umwelt-Zentrum Mitte,,,,,,,,,,"Birkenstraße 35, 10551 Berlin",Birkenstraße,35,10551,Berlin,,,,,,,,,,True,52.53334045645365,13.340042153652188,False
4703540,11001001,Theodor-Heuss-Gemeinschaftsschule (Grundstufe),52.53237530203649,13.335674779258287,POINT (13.335674778531333 52.53237529834727),Moabit,Mitte,0102,01K10b,Theodor-Heuss-Gemeinschaftsschule (Grundstufe),,,,,,,,,,"Siemensstraße 20, 10551 Berlin",Siemensstraße,20,10551,Berlin,Bezirksamt Mitte von Berlin,,,,,,https://thgberlin.de/,,,True,52.53237530203649,13.335674779258287,False
4703555,11001001,Carl-Bolle-Grundschule,52.5284354739768,13.332043922248259,POINT (13.332043923661887 52.52843547142068),Moabit,Mitte,0102,01G18,Carl-Bolle-Grundschule,,,,,,,,,,"Waldenserstraße 20, 10551 Berlin",Waldenserstraße,20,10551,Berlin,,,,,,info@carl-bolle.cidsnet.de,http://www.carl-bolle.cidsnet.de,,,True,52.5284354739768,13.332043922248259,False
4703652,11001001,St. Paulus Grundschule,52.52804759239305,13.334597994058653,POINT (13.334597993634228 52.528047589036504),Moabit,Mitte,0102,01P05,St. Paulus Grundschule,,,,,,,,,,"Waldenserstraße 27, 10551 Berlin",Waldenserstraße,27,10551,Berlin,Erzbistum Berlin,,,,,schulleitung@st-paulus-schule.de,http://www.st-paulus-schule.de/,,,True,52.52804759239305,13.334597994058653,False
4720122,11001001,Miriam-Makeba-Grundschule,52.52313660970996,13.330854334579358,POINT (13.33085433424868 52.52313660847855),Moabit,Mitte,0102,01G47,Miriam-Makeba-Grundschule,,,,,,,,,,"Zinzendorfstraße 15-16, 10555 Berlin",Zinzendorfstraße,15-16,10555,Berlin,,,,,,,,,,True,52.52313660970996,13.330854334579358,False
4763894,11004004,Gottfried-Keller-Gymnasium,52.52834029763035,13.30176227154438,POINT (13.301762270586927 52.52834029253685),Charlottenburg,Charlottenburg-Wilmersdorf,0401,04Y04,Gottfried-Keller-Gymnasium,,,,,,,,,,"Olbersstraße 38, 10589 Berlin",Olbersstraße,38,10589,Berlin,,,,,+49 30 9029 273 10,,http://www.gks-berlin.cidsnet.de/,,,True,52.52834029763035,13.30176227154438,False
4764105,11004004,Mierendorff-Grundschule,52.52344933949689,13.3034414843547,POINT (13.303441481490129 52.52344933240159),Charlottenburg,Charlottenburg-Wilmersdorf,0401,04G08,Mierendorff-Grundschule,,,,,,,,,,"Mierendorffstraße 20-24, 10589 Berlin",Mierendorffstraße,20-24,10589,Berlin,Bezirksamt Charlottenburg-Wilmersdorf von Berlin,,,,+49 30 9029 27508,sekretariat@mierendorff-grundschule.de,https://www.mierendorff-grundschule.de/,,,True,52.52344933949689,13.3034414843547,False
7216384,11012012,Reineke-Fuchs-Grundschule,52.57354912613445,13.310340894288705,POINT (13.310340893427114 52.573549120067675),Reinickendorf,Reinickendorf,1201,12G30,Reineke-Fuchs-Grundschule,,,,,,,,,,"Foxweg 15, 13403 Berlin",Foxweg,15,13403,Berlin,,,,,+49304132055,info@reineke-fuchs-grundschule.de,http://www.reineke-fuchs-grundschule.de/,,,True,52.57354912613445,13.310340894288705,False
8036855,11012012,Willkommensschule TXL,52.55240916116841,13.300476213248167,POINT (13.300476213790363 52.55240916014105),Tegel,Reinickendorf,1202,12A44,Willkommensschule TXL,,,,,,,,,,"Saatwinkler Damm 42, 13405 Berlin",Saatwinkler Damm,42,13405,Berlin,,,,,,,,,,True,52.55240916116841,13.300476213248167,False
8073110,11012012,Benjamin-Franklin-Oberschule,52.58205439079362,13.299700918678955,POINT (13.299700922112894 52.58205438682629),Borsigwalde,Reinickendorf,1211,12K06,Benjamin-Franklin-Oberschule,,,,,,,,,,"Sommerfelder Straße 5-7, 13509 Berlin",Sommerfelder Straße,5-7,13509,Berlin,,,,,+493043983810,,http://www.franklin.cidsnet.de/,,,True,52.58205439079362,13.299700918678955,False
8097859,11004004,Comenius-Schule,52.48852702692759,13.318617951911861,POINT (13.318617951644619 52.48852702360404),Wilmersdorf,Charlottenburg-Wilmersdorf,0402,04S07,Comenius-Schule,,,,,,,,,,"Gieselerstraße 4, 10713 Berlin",Gieselerstraße,4,10713,Berlin,Bezirksamt Charlottenburg-Wilmersdorf von Berlin,,,,+49 30 8649950,sekretariat@schule-comenius.de,https://www.schule-comenius.de/,,,True,52.48852702692759,13.318617951911861,False
8097860,11004004,Robert-Jungk-Oberschule,52.49432356300465,13.318775790593268,POINT (13.318775787823744 52.49432353662591),Wilmersdorf,Charlottenburg-Wilmersdorf,0402,04K03,Robert-Jungk-Oberschule,,,,,,,,,,"57/58, Sächsische Straße, Fasanenkiez, Wilmersdorf, Charlottenburg-Wilmersdorf, Berlin, 10707, Deutschland",,,10707,,Land Berlin,,,,,,,,,True,52.49432356300465,13.318775790593268,True
8614319,11006006,Lilienthal-Gymnasium,52.43607548537923,13.312633765710325,POINT (13.312633765517091 52.43607548272892),Lichterfelde,Steglitz-Zehlendorf,0602,06Y10,Lilienthal-Gymnasium,,,,,,,,,,"Ringstraße 2-3, 12203 Berlin",Ringstraße,2-3,12203,Berlin,Bezirksamt Steglitz-Zehlendorf von Berlin,,,,+49 30 84415360,sekretariat@lilienthal-gymnasium-berlin.de,https://lilienthal-gymnasium-berlin.de/,,,True,52.43607548537923,13.312633765710325,False
9511348,11004004,Goethe-Gymnasium,52.487344417384726,13.321679896023895,POINT (13.321679896068469 52.48734441679333),Wilmersdorf,Charlottenburg-Wilmersdorf,0402,04Y11,Goethe-Gymnasium,,,,,,,,,,"Gasteiner Straße 23, 10717 Berlin",Gasteiner Straße,23,10717,Berlin,Bezirksamt Charlottenburg-Wilmersdorf von Berlin,,,,+49 30 8649960,info.goethe-gymnasium@t-online.de,https://goethe-gymnasium.berlin/,,,True,52.487344417384726,13.321679896023895,False
9586247,11012012,Hermann-Schulz-Grundschule,52.57313807610473,13.325028323074141,POINT (13.325028321347165 52.57313807293891),Reinickendorf,Reinickendorf,1201,12G29,Hermann-Schulz-Grundschule,,,,,,,,,,"Hermann-Schulz-Grundschule, Frühlingsweg, Kolonie Erholung, Reinickendorf, Berlin, 13403, Deutschland",,,13403,,,,,,+49 304132008,,,,,True,52.57313807610473,13.325028323074141,True
9590819,11012012,Mark-Twain-Grundschule,52.568710716283896,13.326592523741718,POINT (13.326592522767573 52.56871070897861),Reinickendorf,Reinickendorf,1201,12G07,Mark-Twain-Grundschule,,,,,,,,,,"Auguste-Viktoria-Allee, Reinickendorf, Berlin, 13403, Deutschland",,,13403,,,,,,,,,,,True,52.568710716283896,13.326592523741718,True
9861650,11004004,Marie-Curie-Oberschule,52.480413335935324,13.324920411196233,POINT (13.324920411411737 52.48041333403602),Wilmersdorf,Charlottenburg-Wilmersdorf,0402,04Y10,Marie-Curie-Oberschule,,,,,,,,,,"Weimarische Straße 21, 10715 Berlin",Weimarische Straße,21,10715,Berlin,Bezirksamt Charlottenburg-Wilmersdorf von Berlin,,,,+49 30 859949710,sekretariat@mco-berlin.de,http://www.mco-berlin.de/,,,True,52.480413335935324,13.324920411196233,False
9861664,11004004,Birger-Forell-Grundschule,52.480593349175706,13.322421008687671,POINT (13.322421008694038 52.48059334839821),Wilmersdorf,Charlottenburg-Wilmersdorf,0402,04G26,Birger-Forell-Grundschule,,,,,,,,,,"Koblenzer Straße 22-24, 10715 Berlin",Koblenzer Straße,22-24,10715,Berlin,Bezirksamt Charlottenburg-Wilmersdorf von Berlin,,,,+49 30 8577180,sekretariat@birger-forell.schule.berlin.de,https://birger-forell-grundschule.de,,,True,52.480593349175706,13.322421008687671,False
9861854,11004004,Friedrich-Ebert-Gymnasium,52.484599770935304,13.318567752660378,POINT (13.318567751200383 52.484599768524774),Wilmersdorf,Charlottenburg-Wilmersdorf,0402,04Y07,Friedrich-Ebert-Gymnasium,,,,,,,,,,"Blissestraße 22, 10713 Berlin",Blissestraße,22,10713,Berlin,,,,,,,,,,True,52.484599770935304,13.318567752660378,False
9896817,11010010,Rudolf-Virchow-Oberschule,52.55675706213089,13.576803917296566,POINT (13.576803912446278 52.55675703998037),Marzahn,Marzahn-Hellersdorf,1001,10K01,Rudolf-Virchow-Oberschule,,,,,,,,,,"Glambecker Ring 90, 12679 Berlin",Glambecker Ring,90,12679,Berlin,,,,,+4930 93029818 0,kontakt@rvo-berlin.de,http://www.rvo-berlin.de,,,True,52.55675706213089,13.576803917296566,False
19648980,11006006,Clemens-Brentano Grundschule,52.433645380536724,13.293568259443887,POINT (13.29356825951104 52.43364537868798),Lichterfelde,Steglitz-Zehlendorf,0602,06G25,Clemens-Brentano Grundschule,,,,,,,,,,"Kommandantenstraße 83-84, 12205 Berlin",Kommandantenstraße,83-84,12205,Berlin,,,,,,,,,,True,52.433645380536724,13.293568259443887,False
23368595,11012012,Benjamin-Franklin-Oberschule,52.58165525628447,13.300995951454505,POINT (13.300995950887858 52.5816552553186),Borsigwalde,Reinickendorf,1211,,Benjamin-Franklin-Oberschule,,,,,,,,,,"Benjamin-Franklin-Oberschule, Sommerfelder Straße, Holzhauser Markt, Borsigwalde, Reinickendorf, Berlin, 13509, Deutschland",,,13509,,,,,,,,,,,True,52.58165525628447,13.300995951454505,True
23490386,11007007,Gartenarbeitsschule Tempelhof-Schöneberg,52.47280692857348,13.362110808736563,POINT (13.362110809726694 52.47280691441276),Schöneberg,Tempelhof-Schöneberg,0701,,Gartenarbeitsschule Tempelhof-Schöneberg,,,,,,,,,,"Matthäifriedhofsweg 15, 10829 Berlin",Matthäifriedhofsweg,15,10829,Berlin,Bezirksamt Tempelhof-Schöneberg,,,,,,https://www.berlin.de/ba-tempelhof-schoeneberg/politik-und-verwaltung/aemter/schul-und-sportamt/gartenarbeitsschule/,,,True,52.47280692857348,13.362110808736563,False
24003214,11012012,Reginhard-Grundschule,52.56363319183998,13.369956021755083,POINT (13.369956021744887 52.56363319077116),Reinickendorf,Reinickendorf,1201,12G03,Reginhard-Grundschule,,,,,,,,,,"39, Letteallee, Große Lettekolonie, Reinickendorf, Berlin, 13409, Deutschland",,,13409,,,,,,+4930 480963 63,,http://www.reginhard.cidsnet.de,,,True,52.56363319183998,13.369956021755083,True
24032239,11009009,Grünauer Schule,52.41970914305526,13.576731000311213,POINT (13.576730998785619 52.41970913752563),Grünau,Treptow-Köpenick,0913,09K09,Grünauer Schule,,,,,,,,,,"Walchenseestraße 40, 12527 Berlin",Walchenseestraße,40,12527,Berlin,,,,,,,,,,True,52.41970914305526,13.576731000311213,False
24046057,11001001,Canisius-Kolleg Berlin (Jesuitengymnasium),52.50885631676098,13.35434301447964,POINT (13.354343013394974 52.50885631007189),Tiergarten,Mitte,0104,01P06,Canisius-Kolleg Berlin (Jesuitengymnasium),,,,,,,,,,"Tiergartenstraße 30/31, 10785 Berlin",Tiergartenstraße,30/31,10785,Berlin,Societas Jesu,,,,,,http://www.canisius.de/,,,True,52.50885631676098,13.35434301447964,False
24051016,11009009,Fritz-Kühn-Schule,52.401051803950395,13.563998492499392,POINT (13.563998492603579 52.401051801278),Bohnsdorf,Treptow-Köpenick,0908,09K03,Fritz-Kühn-Schule,,,,,,,,,,"Dahmestraße 45, 12526 Berlin",Dahmestraße,45,12526,Berlin,,,,,+49 30 676 42 43,info@fritz-kuehn-schule.de,https://www.fritz-kuehn-schule.de/,,,True,52.401051803950395,13.563998492499392,False
24154870,11009009,Heide-Grundschule,52.43879963061993,13.544275556244546,POINT (13.544275555274728 52.438799626226434),Adlershof,Treptow-Köpenick,0907,09G09,Heide-Grundschule,,,,,,,,,,"Florian-Geyer-Straße 87, 12489 Berlin",Florian-Geyer-Straße,87,12489,Berlin,,,,,+493067822789,,http://www.heideschule-berlin.de/,,,True,52.43879963061993,13.544275556244546,False
24155176,11009009,Heide-Grundschule Haus II,52.44262264671167,13.55210551978448,POINT (13.55210552059829 52.442622645533156),Adlershof,Treptow-Köpenick,0907,09G09b,Heide-Grundschule Haus II,,,,,,,,,,"Waldstraße 7, 12489 Berlin",Waldstraße,7,12489,Berlin,,,,,,,,,,True,52.44262264671167,13.55210551978448,False
24160576,11006006,Anna-Essinger-Gemeinschaftsschule (Sek I+II),52.43855509424839,13.310711744254716,POINT (13.310711746129531 52.438555091298646),Lichterfelde,Steglitz-Zehlendorf,0602,06K11,Anna-Essinger-Gemeinschaftsschule (Sek I+II),,,,,,,,,,"Tietzenweg 101, 12203 Berlin",Tietzenweg,101,12203,Berlin,Bezirksamt Steglitz-Zehlendorf von Berlin,,,,+49 30 84416940,sekretariat-os@aegs.de,https://www.aegs.de/,,,True,52.43855509424839,13.310711744254716,False
24202514,11009009,Schule am Wildgarten,52.47295228661498,13.487977855996828,POINT (13.487977855576705 52.47295228215962),Baumschulenweg,Treptow-Köpenick,0903,09S06,Schule am Wildgarten,,,,,,,,,,"Köpenicker Landstraße 185A, 12437 Berlin",Köpenicker Landstraße,185A,12437,Berlin,Bezirksamt Treptow-Köpenick,,,,,,,,,True,52.47295228661498,13.487977855996828,False
24202569,11009009,Sophie-Brahe-Gemeinschaftsschule,52.47677452590852,13.484863542875638,POINT (13.484863543286735 52.47677452254406),Plänterwald,Treptow-Köpenick,0902,09K07c,Sophie-Brahe-Gemeinschaftsschule,,,,,,,,,,"Willi-Sänger-Straße 1, 12437 Berlin",Willi-Sänger-Straße,1,12437,Berlin,,,,,,,,,,True,52.47677452590852,13.484863542875638,False
24202604,11009009,Sophie-Brahe-Gemeinschaftsschule,52.48246523519277,13.479566411394474,POINT (13.479566411022716 52.482465234411485),Plänterwald,Treptow-Köpenick,0902,,Sophie-Brahe-Gemeinschaftsschule,,,,,,,,,,"Am Plänterwald 23, 12435 Berlin",Am Plänterwald,23,12435,Berlin,,,,,+4930536 33 950,,https://sophie-brahe-schule.de,,,True,52.48246523519277,13.479566411394474,False
24202610,11009009,Sophie-Brahe-Gemeinschaftsschule,52.481800668258636,13.47827146444559,POINT (13.478271463941631 52.481800667871376),Plänterwald,Treptow-Köpenick,0902,,Sophie-Brahe-Gemeinschaftsschule,,,,,,,,,,"Am Plänterwald 17/23, 12435 Berlin",Am Plänterwald,17/23,12435,Berlin,,,,,+4930536 33 950,,https://sophie-brahe-schule.de,,,True,52.481800668258636,13.47827146444559,False
24202621,11009009,Sophie-Brahe-Schule (Gemeinschaftsschule),52.482537754138534,13.478371326362648,POINT (13.478371328184577 52.482537747367985),Plänterwald,Treptow-Köpenick,0902,09K07,Sophie-Brahe-Schule (Gemeinschaftsschule),,,,,,,,,,"Am Plänterwald 17/23, 12435 Berlin",Am Plänterwald,17/23,12435,Berlin,Bezirksamt Treptow-Köpenick,,,,+49 30 53633 950,info@sophie-brahe.de,,,,True,52.482537754138534,13.478371326362648,False
24216428,11012012,Humboldt-Gymnasium Berlin-Tegel,52.59162318352062,13.289089674911477,POINT (13.289089674761707 52.59162318214371),Tegel,Reinickendorf,1202,12Y03,Humboldt-Gymnasium Berlin-Tegel,,,,,,,,,,"Hatzfeldtallee 2-4, 13509 Berlin",Hatzfeldtallee,2-4,13509,Berlin,,,,,+4930 43370 08,buero@humboldtschule-berlin.de,https://www.humboldtschule-berlin.de/,,,True,52.59162318352062,13.289089674911477,False
24219821,11009009,Grundschule am Heidekampgraben,52.468152004134744,13.478407114217532,POINT (13.478407114014768 52.46815199939587),Baumschulenweg,Treptow-Köpenick,0903,09G03,Grundschule am Heidekampgraben,,,,,,,,,,"Hänselstraße 14, 12437 Berlin",Hänselstraße,14,12437,Berlin,Bezirksamt Treptow-Köpenick von Berlin,,,,+49 30 5328424,kontakt@heidekampgraben.de,,,,True,52.468152004134744,13.478407114217532,False
24219879,11009009,Sonnenblumen-Grundschule,52.46210427066209,13.48803253542978,POINT (13.488032534311431 52.462104267506206),Baumschulenweg,Treptow-Köpenick,0903,09G04,Sonnenblumen-Grundschule,,,,,,,,,,"Radenzer Straße 16, 12437 Berlin",Radenzer Straße,16,12437,Berlin,Bezirksamt Treptow-Köpenick von Berlin,,,,+49 30 5328413,sekretariat@sonnenblumen-grundschule.de,https://www.sonnenblumen-grundschule.de/,,,True,52.46210427066209,13.48803253542978,False
24230892,11009009,Archenhold-Gymnasium,52.45070477837722,13.522910209450444,POINT (13.522910211061168 52.45070477344164),Niederschöneweide,Treptow-Köpenick,0905,09Y03,Archenhold-Gymnasium,,,,,,,,,,"Rudower Straße 7, 12439 Berlin",Rudower Straße,7,12439,Berlin,,,,,+49 30 6360195,,https://pi.archenhold.de/,,,True,52.45070477837722,13.522910209450444,False
24264068,11002002,Heinrich-Hertz-Gymnasium,52.51718089836754,13.462920091674802,POINT (13.462920092166184 52.517180896968085),Friedrichshain,Friedrichshain-Kreuzberg,0201,02Y03,Heinrich-Hertz-Gymnasium,,,,,,,,,,"Rigaer Straße 81-82, 10247 Berlin",Rigaer Straße,81-82,10247,Berlin,,,,,,,,,,True,52.51718089836754,13.462920091674802,False
24305394,11006006,Grundschule am Karpfenteich,52.416836275399206,13.33306443297266,POINT (13.33306443288016 52.4168362694733),Lichterfelde,Steglitz-Zehlendorf,0602,06G29,Grundschule am Karpfenteich,,,,,,,,,,"Hildburghauser Straße 135-145, 12209 Berlin",Hildburghauser Straße,135-145,12209,Berlin,,,,,,,https://www.grundschule-am-karpfenteich.de/,,,True,52.416836275399206,13.33306443297266,False
24305445,11006006,Grundschule unter den Kastanien,52.42584478987969,13.32531442774448,POINT (13.325314429263122 52.42584478625244),Lichterfelde,Steglitz-Zehlendorf,0602,06G24,Grundschule unter den Kastanien,,,,,,,,,,"Kastanienstraße 6-8, 12209 Berlin",Kastanienstraße,6-8,12209,Berlin,Bezirksamt Steglitz-Zehlendorf von Berlin,,,,+49 30 93951940,info@kastanie.schule.berlin.de,https://www.grundschule-unter-den-kastanien.de,,,True,52.42584478987969,13.32531442774448,False
24336072,11001001,Schul-Umwelt-Zentrum Mitte - Gartenarbeitsschule Wedding,52.56109056903067,13.329672673126181,POINT (13.329672666272597 52.56109056149359),Wedding,Mitte,0105,,Schul-Umwelt-Zentrum Mitte - Gartenarbeitsschule Wedding,,,,,,,,,,"Scharnweberstraße 159, 13405 Berlin",Scharnweberstraße,159,13405,Berlin,,,,,,,http://www.suz-mitte.de/,,,True,52.56109056903067,13.329672673126181,False
24555831,11012012,Grundschule am Fließtal,52.61543088747378,13.320147048627854,POINT (13.320147047909623 52.6154308851009),Hermsdorf,Reinickendorf,1206,12G21,Grundschule am Fließtal,,,,,,,,,,"Seebadstraße 42;43, 13467 Berlin",Seebadstraße,42;43,13467,Berlin,,,,,+4930 404 58 27,buero@gsfliesstal.de,http://www.fliesstal.cidsnet.de,,,True,52.61543088747378,13.320147048627854,False
24608193,11012012,Borsigwalder Grundschule,52.58835545586772,13.30571330532419,POINT (13.305713304067208 52.58835545186369),Borsigwalde,Reinickendorf,1211,12G12,Borsigwalder Grundschule,,,,,,,,,,"Borsigwalder Grundschule, Miraustraße, Holzhauser Markt, Borsigwalde, Reinickendorf, Berlin, 13509, Deutschland",,,13509,,,,,,+4930 43 22 051,sekretariat@borsigwaldergs.de,https://borsigwaldergs.de/,,,True,52.58835545586772,13.30571330532419,True
24608223,11012012,Paul-Löbe-Oberschule,52.57298220806063,13.354076418353172,POINT (13.354076418148246 52.5729822060017),Reinickendorf,Reinickendorf,1201,12K04,Paul-Löbe-Oberschule,,,,,,,,,,"Lindauer Allee 23-25, 13407 Berlin",Lindauer Allee,23-25,13407,Berlin,,,,,+4930 495 70 2627,paul-loebe-schule@gmx.de,https://www.paul-loebe-schule.de/,,,True,52.57298220806063,13.354076418353172,False
24864104,11004004,Evangelisches Gymnasium zum Grauen Kloster,52.48520046542746,13.293032138076956,POINT (13.293032137724442 52.48520045699799),Schmargendorf,Charlottenburg-Wilmersdorf,0403,04P11,Evangelisches Gymnasium zum Grauen Kloster,,,,,,,,,,"Salzbrunner Straße 41-47, 14193 Berlin",Salzbrunner Straße,41-47,14193,Berlin,Evangelische Schulstiftung in der EKBO,,,,,,,,,True,52.48520046542746,13.293032138076956,False
24917388,11001001,Humboldthain Grundschule,52.54351897273747,13.379660756838023,POINT (13.379660756682014 52.54351897029361),Gesundbrunnen,Mitte,0106,01G35,Humboldthain Grundschule,,,,,,,,,,"Grenzstraße 7, 13355 Berlin",Grenzstraße,7,13355,Berlin,,,,,+4930 46777 330,sekretariat@humboldthain.schule.berlin.de,https://www.humboldthain-grundschule.de/,,,True,52.54351897273747,13.379660756838023,False
24951666,11012012,Till-Eulenspiegel-Grundschule,52.574168103856174,13.34326484157822,POINT (13.343264840109839 52.57416810044483),Reinickendorf,Reinickendorf,1201,12G04,Till-Eulenspiegel-Grundschule,,,,,,,,,,"Humboldtstraße 8-13, 13407 Berlin",Humboldtstraße,8-13,13407,Berlin,,,,,+4930 4953050,verwaltung.eulenspiegel@gmx.de,http://www.eulenspiegel.cidsnet.de/,,,True,52.574168103856174,13.34326484157822,False
24951769,11012012,Friedrich-Engels-Gymnasium,52.569620586288835,13.356833574751885,POINT (13.356833574189237 52.56962058439702),Reinickendorf,Reinickendorf,1201,12Y01,Friedrich-Engels-Gymnasium,,,,,,,,,,"Emmentaler Straße 67, 13407 Berlin",Emmentaler Straße,67,13407,Berlin,,,,,+49 30 495 50 56,FEG@freenet.de,https://www.feg.cidsnet.de/,,,True,52.569620586288835,13.356833574751885,False
25024442,11012012,Max-Beckmann-Oberschule,52.57236161949848,13.314934459444105,POINT (13.314934458068262 52.57236160888847),Reinickendorf,Reinickendorf,1201,12K03,Max-Beckmann-Oberschule,,,,,,,,,,"Auguste-Viktoria-Allee 37, 13403 Berlin",Auguste-Viktoria-Allee,37,13403,Berlin,,,,,+49 30 4134081,schulleitung@m-b-o.net,https://mbo-berlin.de/,,,True,52.57236161949848,13.314934459444105,False
25146960,11005005,Schule am Gartenfeld - Filialstandort,52.5271313845638,13.188498564177902,POINT (13.188498564021462 52.52713138362569),Wilhelmstadt,Spandau,0509,05S03b,Schule am Gartenfeld - Filialstandort,,,,,,,,,,"Seecktstraße 2, 13581 Berlin",Seecktstraße,2,13581,Berlin,,,,,,,,,,True,52.5271313845638,13.188498564177902,False
25310181,11007007,ehem. Gustav-Heinemann-Oberschule,52.40702079164629,13.346066573298257,POINT (13.346066575193412 52.4070207829853),Marienfelde,Tempelhof-Schöneberg,0705,07K03b,ehem. Gustav-Heinemann-Oberschule,,,,,,,,,,"Waldsassener Straße 62, 12279 Berlin",Waldsassener Straße,62,12279,Berlin,,,,,,,https://gho.berlin/,,,True,52.40702079164629,13.346066573298257,False
25341672,11012012,Gustav-Freytag-Schule,52.570465117768165,13.365800365656792,POINT (13.365800367389115 52.5704651110736),Reinickendorf,Reinickendorf,1201,12K05,Gustav-Freytag-Schule,,,,,,,,,,"Breitkopfstraße 68, 13409 Berlin",Breitkopfstraße,68,13409,Berlin,,,,,+4930 4958031,gustav.freytag.schule@gmail.com,http://www.gustav-freytag-schule.de,,,True,52.570465117768165,13.365800365656792,False
25492400,11006006,Max-von-Laue Oberschule,52.43647985144716,13.305947579075127,POINT (13.30594757929923 52.436479843123585),Lichterfelde,Steglitz-Zehlendorf,0602,06K08,Max-von-Laue Oberschule,,,,,,,,,,"Dürerstraße 27, 12203 Berlin",Dürerstraße,27,12203,Berlin,Bezirksamt Steglitz-Zehlendorf von Berlin,,,,+49 30 84414920,sekretariat@mvl.schule.berlin.de,http://www.max-von-laue-schule.de/,,,True,52.43647985144716,13.305947579075127,False
25492450,11006006,Droste-Hülshoff-Oberschule,52.42834443084979,13.257428599996512,POINT (13.257428599635096 52.4283444279368),Zehlendorf,Steglitz-Zehlendorf,0604,06Y02,Droste-Hülshoff-Oberschule,,,,,,,,,,"Schönower Straße 8, 14165 Berlin",Schönower Straße,8,14165,Berlin,,,,,,,,,,True,52.42834443084979,13.257428599996512,False
25492663,11007007,Solling Oberschule,52.41374199175957,13.36585306453566,POINT (13.365853065048157 52.41374198920559),Marienfelde,Tempelhof-Schöneberg,0705,07K05,Solling Oberschule,,,,,,,,,,"Alt-Marienfelde 52, 12277 Berlin",Alt-Marienfelde,52,12277,Berlin,Bezirksamt Tempelhof-Schöneberg von Berlin,,,,+49 30 902777453,,http://www.solling-schule.de/,,,True,52.41374199175957,13.36585306453566,False
25538670,11012012,Bertha-von-Suttner-Oberschule,52.57191763598465,13.36846133515257,POINT (13.368461335301578 52.57191763160014),Reinickendorf,Reinickendorf,1201,12Y02,Bertha-von-Suttner-Oberschule,,,,,,,,,,"Reginhardstraße 172, 13409",Reginhardstraße,172,13409,,,,,,+4930 491 60 57,verwaltung@bvs-os.de,https://www.bertha-von-suttner.de/,,,True,52.57191763598465,13.36846133515257,False
25729698,11008008,Kepler-Schule,52.46769871596767,13.464816756123195,POINT (13.464816754820983 52.46769871341972),Neukölln,Neukölln,0801,08K12,Kepler-Schule,,,,,,,,,,"Zwillingestraße 21-19, 12057 Berlin",Zwillingestraße,21-19,12057,Berlin,Bezirksamt Neukölln von Berlin,,,,+49-30-68092064,,http://www.kepler.cidsnet.de,,,True,52.46769871596767,13.464816756123195,False
25823723,11011011,Gutenberg-Oberschule,52.53660707939973,13.484119700039685,POINT (13.484119700318951 52.536607078920184),Alt-Hohenschönhausen,Lichtenberg,1110,11K04,Gutenberg-Oberschule,,,,,,,,,,"10, Sandinostraße, Flusspferdhofsiedlung, Alt-Hohenschönhausen, Lichtenberg, Berlin, 13055, Deutschland",,,13055,,,,,,,,,,,True,52.53660707939973,13.484119700039685,True
25823867,11011011,Grundschule Am Wilhelmsberg,52.537058337123504,13.48323651710891,POINT (13.483236517402727 52.53705833662673),Alt-Hohenschönhausen,Lichtenberg,1110,11G18,Grundschule Am Wilhelmsberg,,,,,,,,,,"8, Sandinostraße, Flusspferdhofsiedlung, Alt-Hohenschönhausen, Lichtenberg, Berlin, 13055, Deutschland",,,13055,,,,,,,,,,,True,52.537058337123504,13.48323651710891,True
25843500,11003003,Grundschule am Weißensee,52.55427271849162,13.477135545168425,POINT (13.477135545077509 52.55427271590907),Weißensee,Pankow,0302,03G17b,Grundschule am Weißensee,,,,,,,,,,"Falkenberger Straße 31, 13088 Berlin",Falkenberger Straße,31,13088,Berlin,,,,,,,https://www.grundschuleamweissensee.de/,,,True,52.55427271849162,13.477135545168425,False
26298848,11003003,Primo-Levi-Gymnasium Haus A,52.55114541166338,13.454128746463834,POINT (13.454128747128516 52.551145410730456),Weißensee,Pankow,0302,03Y14,Primo-Levi-Gymnasium Haus A,,,,,,,,,,"Pistoriusstraße 133, 13086",Pistoriusstraße,133,13086,,,,,,+49 30 9290168-111,sekretariat-hausa@plg-berlin.de,https://plg-berlin.de,,,True,52.55114541166338,13.454128746463834,False
27041073,11008008,Grundschule am Sandsteinweg,52.42032530791294,13.406040118755238,POINT (13.40604011168318 52.42032528524185),Buckow,Neukölln,0803,08G30,Grundschule am Sandsteinweg,,,,,,,,,,"Hornblendeweg 2, 12349 Berlin",Hornblendeweg,2,12349,Berlin,Bezirksamt Neukölln von Berlin,,,,,,,,,True,52.42032530791294,13.406040118755238,False
27051480,11009009,Freie Montessori Schule,52.4276793018314,13.595878997424226,POINT (13.595878997808326 52.42767929828479),Köpenick,Treptow-Köpenick,0910,09P06,Freie Montessori Schule,,,,,,,,,,"Bukesweg, Kietzer Feld, Köpenick, Treptow-Köpenick, Berlin, 12557, Deutschland",,,12557,,,,,,+4930 330999001,post@montessori-schule-berlin.de,https://www.montessori-schule-berlin.de/,,,True,52.4276793018314,13.595878997424226,True
27052012,11009009,W-I-R Grundschule Pfefferwerk,52.43788149749046,13.590098796743826,POINT (13.590098797845714 52.43788149558693),Köpenick,Treptow-Köpenick,0910,09P15,W-I-R Grundschule Pfefferwerk,,,,,,,,,,"23D, Grüne Trift, Kietzer Feld, Köpenick, Treptow-Köpenick, Berlin, 12557, Deutschland",,,12557,,,,,,,,,,,True,52.43788149749046,13.590098796743826,True
27527589,11010010,Georg-Klingenberg-Schule,52.490601103058616,13.556794676215116,POINT (13.556794676464268 52.49060109954792),Biesdorf,Marzahn-Hellersdorf,1002,10K06,Georg-Klingenberg-Schule,,,,,,,,,,"Alberichstraße 24, 12683 Berlin",Alberichstraße,24,12683,Berlin,Bezirksamt Marzahn-Hellersdorf von Berlin,,,,,,https://georg-klingenberg.schule/,,,True,52.490601103058616,13.556794676215116,False
28256173,11009009,Freilandlabor Kaniswall,52.40147789176867,13.730790393269407,POINT (13.730790393117172 52.4014778889126),Müggelheim,Treptow-Köpenick,0914,,Freilandlabor Kaniswall,,,,,,,,,,"Am Kaniswall, Kaniswall, Müggelheim, Treptow-Köpenick, Berlin, 12559, Deutschland",,,12559,,,,,,,,,,,True,52.40147789176867,13.730790393269407,True
28478977,11001001,Schule am Zille-Park,52.543323975642835,13.371463267993315,POINT (13.371463268255832 52.543323974554916),Gesundbrunnen,Mitte,0106,01S01,Schule am Zille-Park,,,,,,,,,,"Ravenéstr. 10-12, 13347 Berlin",Ravenéstr.,10-12,13347,Berlin,,,,,,,https://www.schule-am-zille-park.de/,,,True,52.543323975642835,13.371463267993315,False
28681488,11010010,Falken-Grundschule,52.56566922945687,13.556406141035508,POINT (13.55640614172183 52.56566922785842),Marzahn,Marzahn-Hellersdorf,1001,10G04,Falken-Grundschule,,,,,,,,,,"Geraer Ring 2, 12689 Berlin",Geraer Ring,2,12689,Berlin,,,,,+49-30-93022319,,https://www.falken-grundschule.de/,,,True,52.56566922945687,13.556406141035508,False
28685887,11010010,Ebereschen-Grundschule,52.56312151837098,13.572204600679227,POINT (13.572204602377495 52.56312151598456),Marzahn,Marzahn-Hellersdorf,1001,10G05,Ebereschen-Grundschule,,,,,,,,,,"Borkheider Straße 28, 12689 Berlin",Borkheider Straße,28,12689,Berlin,,,,,,,,,,True,52.56312151837098,13.572204600679227,False
28762005,11010010,Paavo-Nurmi-Grundschule,52.57133170500394,13.576470044177158,POINT (13.57647004317709 52.57133169981204),Marzahn,Marzahn-Hellersdorf,1001,10G01,Paavo-Nurmi-Grundschule,,,,,,,,,,"Schorfheidestraße 42, 12689 Berlin",Schorfheidestraße,42,12689,Berlin,,,,,+49 30 9320057,,https://paavo-nurmi-grundschule.org/,,,True,52.57133170500394,13.576470044177158,False
28822951,11012012,Hausotter-Grundschule,52.56964448389461,13.373547651655162,POINT (13.373547651212577 52.569644482208886),Reinickendorf,Reinickendorf,1201,12G06,Hausotter-Grundschule,,,,,,,,,,"Hausotterplatz 4, 13409 Berlin",Hausotterplatz,4,13409,Berlin,,,,,,,,,,True,52.56964448389461,13.373547651655162,False
29064530,11010010,Selma-Lagerlöf-Grundschule,52.567580229267215,13.569220569948229,POINT (13.569220569351987 52.56758022633297),Marzahn,Marzahn-Hellersdorf,1001,10G03,Selma-Lagerlöf-Grundschule,,,,,,,,,,"Wörlitzer Straße 31, 12689 Berlin",Wörlitzer Straße,31,12689,Berlin,,,,,,,,,,True,52.567580229267215,13.569220569948229,False
29237191,11005005,Grundschule am Brandwerder,52.536266141326614,13.15288404843704,POINT (13.152884048270026 52.53626613662371),Staaken,Spandau,0504,05G23,Grundschule am Brandwerder,,,,,,,,,,"Spandauer Straße 86, 13591 Berlin",Spandauer Straße,86,13591,Berlin,Bezirksamt Spandau von Berlin,,,,+49 30 3670952 0,mail@brandwerder.de,https://www.brandwerder.de,,,True,52.536266141326614,13.15288404843704,False
29432246,11011011,Schulkomplex Allee der Kosmonauten 22,52.52487241215607,13.514087200557164,POINT (13.514087196171605 52.52487240558427),Lichtenberg,Lichtenberg,1103,"11Kn01, 11Yn01",Schulkomplex Allee der Kosmonauten 22,,,,,,,,,,"12. Gymnasium Lichtenberg 11Y12, 22, Allee der Kosmonauten, Lichtenberg, Berlin, 10315, Deutschland",,,10315,,Howoge,,,,,,https://www.howoge.de/schulbau/allee-der-kosmonauten-projektuebersicht.html,,,True,52.52487241215607,13.514087200557164,True
29715437,11007007,Steinwald-Schule,52.41772028923668,13.363891637012362,POINT (13.363891638489692 52.417720287116516),Marienfelde,Tempelhof-Schöneberg,0705,07S03,Steinwald-Schule,,,,,,,,,,"Hanielweg 7-9, 12277 Berlin",Hanielweg,7-9,12277,Berlin,Bezirksamt Tempelhof-Schöneberg von Berlin,,,,+49 30 902774139,sekretariat@steinwald.schule.berlin.de,https://steinwald-schule-berlin.de,,,True,52.41772028923668,13.363891637012362,False
30094204,11006006,Ludwig-Bechstein-Grundschule,52.43233460856756,13.362111417321795,POINT (13.362111417044353 52.43233460571544),Lankwitz,Steglitz-Zehlendorf,0603,06G28,Ludwig-Bechstein-Grundschule,,,,,,,,,,"Halbauer Weg 25, 12249 Berlin",Halbauer Weg,25,12249,Berlin,,,,,,,https://www.ludwig-bechstein-grundschule.net/,,,True,52.43233460856756,13.362111417321795,False
30628469,11012012,Georg-Herwegh-Gymnasium,52.616527134274925,13.302216583424666,POINT (13.302216583317547 52.61652713218523),Hermsdorf,Reinickendorf,1206,12Y05,Georg-Herwegh-Gymnasium,,,,,,,,,,"Fellbacher Straße 18-19, 13467 Berlin",Fellbacher Straße,18-19,13467,Berlin,,,,,+49304042070,mail@herwegh-gymnasium.de,http://www.herwegh-gymnasium.de/,,,True,52.616527134274925,13.302216583424666,False
30728948,11012012,Peter-Witte-Grundschule,52.58682168378291,13.328588783764802,POINT (13.328588783127142 52.58682168168179),Wittenau,Reinickendorf,1209,12G10,Peter-Witte-Grundschule,,,,,,,,,,"Peter-Witte-Grundschule, Rathauspromenade, Alt-Wittenau, Wittenau, Reinickendorf, Berlin, 13437, Deutschland",,,13437,,,,,,+4930 4118966,peter-witte-schule@gmx.de,http://www.pws.cidsnet.de/,,,True,52.58682168378291,13.328588783764802,True
30784491,11012012,Ellef-Ringnes-Grundschule,52.608332305262685,13.232917784054717,POINT (13.232917784932408 52.60833230244614),Heiligensee,Reinickendorf,1204,12G17,Ellef-Ringnes-Grundschule,,,,,,,,,,"14, Wildganssteig, Heiligensee, Reinickendorf, Berlin, 13503, Deutschland",,,13503,,,,,,,,,,,True,52.608332305262685,13.232917784054717,True
31262071,11010010,Grundschule unter dem Regenbogen,52.52970271096852,13.542342835107815,POINT (13.542342835321485 52.52970270702631),Marzahn,Marzahn-Hellersdorf,1001,10G14,Grundschule unter dem Regenbogen,,,,,,,,,,"Murtzaner Ring 35, Berlin",Murtzaner Ring,35,12681,Berlin,,,,,,,,,,True,52.52970271096852,13.542342835107815,False
31262081,11010010,Wilhelm-von-Siemens-Gymnasium,52.53300751702557,13.551915226199311,POINT (13.551915225548779 52.53300751311349),Biesdorf,Marzahn-Hellersdorf,1002,10Y03,Wilhelm-von-Siemens-Gymnasium,,,,,,,,,,"Allee der Kosmonauten 134, 12683 Berlin",Allee der Kosmonauten,134,12683,Berlin,,,,,,,,,,True,52.53300751702557,13.551915226199311,False
31262109,11010010,Internationale Lomonossow-Campus,52.52905640574761,13.548016870285712,POINT (13.548016870447087 52.52905639988162),Marzahn,Marzahn-Hellersdorf,1001,,Internationale Lomonossow-Campus,,,,,,,,,,"Allee der Kosmonauten 123, 12681 Berlin",Allee der Kosmonauten,123,12681,Berlin,,,,,,,http://lomonossow-schule.de/#marzahn,,,True,52.52905640574761,13.548016870285712,False
31262304,11010010,Grundschule an der Geißenweide,52.537571704306,13.552554512878656,POINT (13.552554512972243 52.53757170265365),Marzahn,Marzahn-Hellersdorf,1001,10G12,Grundschule an der Geißenweide,,,,,,,,,,"Amanlisweg 40, 12685 Berlin",Amanlisweg,40,12685,Berlin,,,,,,,,,,True,52.537571704306,13.552554512878656,False
31264995,11001001,Möwensee Grundschule,52.55512336748963,13.333919451704341,POINT (13.333919453763249 52.55512336189537),Wedding,Mitte,0105,01G40,Möwensee Grundschule,,,,,,,,,,"Afrikanische Straße 123-125, 13351 Berlin",Afrikanische Straße,123-125,13351,Berlin,,,,,,,,,,True,52.55512336748963,13.333919451704341,False
31565468,11005005,Haus der Schwestern und Brüder,52.5697815930182,13.19683727422686,POINT (13.196837274022577 52.56978159267804),Hakenfelde,Spandau,0507,,Haus der Schwestern und Brüder,,,,,,,,,,"Schönwalder Allee 26/11, 13587 Berlin",Schönwalder Allee,26/11,13587,Berlin,Evangelisches Johannesstift Berlin,,,,,,https://www.evangelisches-johannesstift.de/wichern-kolleg,,,True,52.5697815930182,13.19683727422686,False
31758920,11007007,Kiepert Grundschule,52.41591743128954,13.373296295109549,POINT (13.373296298597516 52.41591742739152),Marienfelde,Tempelhof-Schöneberg,0705,07G28,Kiepert Grundschule,,,,,,,,,,"Prechtlstraße 21-23, 12277 Berlin",Prechtlstraße,21-23,12277,Berlin,Bezirksamt Tempelhof-Schöneberg von Berlin,,,,+49 30 902774100,sekretariat@kiepert.schule.berlin.de,https://www.kiepertgrundschule.de,,,True,52.41591743128954,13.373296295109549,False
32064894,11010010,"Haus des Sports, der Bildung und Bewegung",52.54013094999153,13.570328543055004,POINT (13.570328543042105 52.54013094979518),Marzahn,Marzahn-Hellersdorf,1001,,"Haus des Sports, der Bildung und Bewegung",,,,,,,,,,"Eisenacher Straße 125, 12685 Berlin",Eisenacher Straße,125,12685,Berlin,,,,,,,,,,True,52.54013094999153,13.570328543055004,False
32337375,11011011,Schule Am Breiten Luch,52.56284593478339,13.513551395139809,POINT (13.513551394697782 52.562845932364894),Neu-Hohenschönhausen,Lichtenberg,1109,11S08,Schule Am Breiten Luch,,,,,,,,,,"Am Breiten Luch 19, 13053 Berlin",Am Breiten Luch,19,13053,Berlin,,,,,,,,,,True,52.56284593478339,13.513551395139809,False
32337480,11011011,Martin-Niemöller-Grundschule,52.56387356301362,13.512619579772576,POINT (13.512619578742479 52.56387355894572),Neu-Hohenschönhausen,Lichtenberg,1109,11G22,Martin-Niemöller-Grundschule,,,,,,,,,,"Am Breiten Luch 5, 13053 Berlin",Am Breiten Luch,5,13053,Berlin,,,,,,,,,,True,52.56387356301362,13.512619579772576,False
32495486,11002002,Gartenarbeitsschule Friedrichshain-Kreuzberg,52.500381274189834,13.462202845431314,POINT (13.462202846679473 52.50038127249761),Friedrichshain,Friedrichshain-Kreuzberg,0201,,Gartenarbeitsschule Friedrichshain-Kreuzberg,,,,,,,,,,"Persiusstraße 9, 10245 Berlin",Persiusstraße,9,10245,Berlin,,,,,,,https://august-sander-schule.de/schulportrait/gartenarbeitsschule,,,True,52.500381274189834,13.462202845431314,False
32591709,11012012,Alfred-Brehm-Grundschule,52.5736588962949,13.283289807692135,POINT (13.28328980707287 52.57365889053748),Tegel,Reinickendorf,1202,12G14,Alfred-Brehm-Grundschule,,,,,,,,,,"Ascheberger Weg 8A, 13507 Berlin",Ascheberger Weg,8A,13507,Berlin,,,,,+49304322408,,http://www.alfred-brehm-schule.cidsnet.de/,,,True,52.5736588962949,13.283289807692135,False
32595656,11002002,Thalia-Grundschule,52.493414499781935,13.476552094816954,POINT (13.476552094533158 52.493414495759865),Friedrichshain,Friedrichshain-Kreuzberg,0201,02G11,Thalia-Grundschule,,,,,,,,,,"Alt-Stralau 34, 10245 Berlin",Alt-Stralau,34,10245,Berlin,,,,,+49 30 2934783-0,thalia-grundschule@t-online.de,,,,True,52.493414499781935,13.476552094816954,False
33538548,11009009,Fritz-Kühn-Schule,52.40174926294493,13.569631612179398,POINT (13.569631611666505 52.4017492612801),Bohnsdorf,Treptow-Köpenick,0908,09K03b,Fritz-Kühn-Schule,,,,,,,,,,"Dahmestraße 36, 12526 Berlin",Dahmestraße,36,12526,Berlin,,,,,,,,,,True,52.40174926294493,13.569631612179398,False
33625906,11003003,Grundschule im Panketal,52.61981726190741,13.487210945036304,POINT (13.48721094820023 52.6198172477218),Karow,Pankow,0305,03G24,Grundschule im Panketal,,,,,,,,,,"Achillesstraße 31, 13125 Berlin",Achillesstraße,31,13125,Berlin,,,,,,,,,,True,52.61981726190741,13.487210945036304,False
33878248,11003003,Klecks Grundschule,52.55990180261583,13.40817815021683,POINT (13.4081781498111 52.559901801161544),Pankow,Pankow,0307,03G37,Klecks Grundschule,,,,,,,,,,"Brixener Straße 40, 13187 Berlin",Brixener Straße,40,13187,Berlin,Bezirksamt Pankow von Berlin,,,,,,https://klecksgrundschule.de/,,,True,52.55990180261583,13.40817815021683,False
34043307,11006006,Johannes-Tews-Grundschule,52.4316789527689,13.21253727534237,POINT (13.212537275002495 52.4316789508473),Nikolassee,Steglitz-Zehlendorf,0606,,Johannes-Tews-Grundschule,,,,,,,,,,"Wasgenstraße 50, 14129 Berlin",Wasgenstraße,50,14129,Berlin,,,,,+49 30 8032072,sekretariat@jtg-berlin.de,https://www.jtg-berlin.de/,,,True,52.4316789527689,13.21253727534237,False
34088999,11006006,Conrad-Schule,52.41509049513897,13.146857254041896,POINT (13.146857254880736 52.41509049021015),Wannsee,Steglitz-Zehlendorf,0607,06G05,Conrad-Schule,,,,,,,,,,"33, Chausseestraße, Stolpe (Wannsee), Wannsee, Steglitz-Zehlendorf, Berlin, 14109, Deutschland",,,14109,,,,,,,,,,,True,52.41509049513897,13.146857254041896,True
34202604,11008008,Grundschule in der Köllnischen Heide,52.46661907684327,13.473872909862,POINT (13.473872910053872 52.466619072209575),Neukölln,Neukölln,0801,08G35,Grundschule in der Köllnischen Heide,,,,,,,,,,"Hänselstraße 6, 12057 Berlin",Hänselstraße,6,12057,Berlin,,,,,,,https://www.skh.berlin/,,,True,52.46661907684327,13.473872909862,False
34375326,11007007,Käthe-Kollwitz-Grundschule,52.38608336361805,13.40459754968313,POINT (13.404597549938678 52.386083362923955),Lichtenrade,Tempelhof-Schöneberg,0706,07G29,Käthe-Kollwitz-Grundschule,,,,,,,,,,"Mellener Straße 38-42, 12307 Berlin",Mellener Straße,38-42,12307,Berlin,,,,,,,https://www.kkgs-berlin.de/,,,True,52.38608336361805,13.40459754968313,False
34375338,11007007,Ulrich-von-Hutten-Oberschule,52.38597935237023,13.40383487884283,POINT (13.403834878959728 52.385979351425625),Lichtenrade,Tempelhof-Schöneberg,0706,07Y08,Ulrich-von-Hutten-Oberschule,,,,,,,,,,"Rehagener Straße 35-37, 12307 Berlin",Rehagener Straße,35-37,12307,Berlin,,,,,+49 30 902778244,uvh@uvh-online.de,http://www.uvh-online.de/,,,True,52.38597935237023,13.40383487884283,False
35085394,11008008,Leonardo-da-Vinci-Gymnasium,52.41919209721306,13.436170283349641,POINT (13.436170282020228 52.41919209242951),Buckow,Neukölln,0803,08Y05,Leonardo-da-Vinci-Gymnasium,,,,,,,,,,"Christoph-Ruden-Straße 3, 12349 Berlin",Christoph-Ruden-Straße,3,12349,Berlin,Bezirksamt Neukölln von Berlin,,,,+49 30 742010,,https://www.leonardo-da-vinci-gymnasium.de/,,,True,52.41919209721306,13.436170283349641,False
35098482,11011011,Feldmark Grundschule,52.56842495580465,13.53315419338788,POINT (13.533154196389724 52.56842495072785),Neu-Hohenschönhausen,Lichtenberg,1109,11G28,Feldmark Grundschule,,,,,,,,,,"Wartiner Straße 23, 13057 Berlin",Wartiner Straße,23,13057,Berlin,,,,,,,,,,True,52.56842495580465,13.53315419338788,False
35140440,11002002,Ellen-Key-Oberschule,52.515568179670204,13.438135649961428,POINT (13.438135649481717 52.515568174363786),Friedrichshain,Friedrichshain-Kreuzberg,0201,02K01,Ellen-Key-Oberschule,,,,,,,,,,"Rüdersdorfer Straße 20-28, 10243 Berlin",Rüdersdorfer Straße,20-28,10243,Berlin,,,,,,,,,,True,52.515568179670204,13.438135649961428,False
35387618,11010010,Tagore-Gymnasium,52.55306822949802,13.55639757988819,POINT (13.556397577353579 52.55306822426813),Marzahn,Marzahn-Hellersdorf,1001,10Y01,Tagore-Gymnasium,,,,,,,,,,"Kugelbrunnen, Am Reiherhorst, Marzahn-Mitte, Marzahn, Marzahn-Hellersdorf, Berlin, 12687, Deutschland",,,12687,,,,,,,,https://www.tagore-gymnasium.de/,,,True,52.55306822949802,13.55639757988819,True
35574500,11011011,36.Grundschule Berlin Lichtenberg,52.56910340034772,13.529599115409775,POINT (13.529599115797014 52.56910339757076),Neu-Hohenschönhausen,Lichtenberg,1109,11G36,36.Grundschule Berlin Lichtenberg,,,,,,,,,,"Wartiner Straße 6, 13057 Berlin",Wartiner Straße,6,13057,Berlin,,,,,,,https://36gsli.de/,,,True,52.56910340034772,13.529599115409775,False
35929194,11011011,Randow-Grundschule,52.56387303250291,13.519224620160797,POINT (13.51922462035009 52.56387303030185),Neu-Hohenschönhausen,Lichtenberg,1109,11G26,Randow-Grundschule,,,,,,,,,,"Randow-Grundschule, Pablo-Picasso-Straße, Vincent-van-Gogh-Straße, Neu-Hohenschönhausen, Lichtenberg, Berlin, 13057, Deutschland",,,13057,,,,,,,,,,,True,52.56387303250291,13.519224620160797,True
36303926,11008008,Sonnen-Grundschule,52.47242229700787,13.466734486463992,POINT (13.466734486200535 52.47242229148004),Neukölln,Neukölln,0801,08G20,Sonnen-Grundschule,,,,,,,,,,"Dammweg 228, 12057 Berlin",Dammweg,228,12057,Berlin,,,,,,,http://www.sonnen-g.cidsnet.de,,,True,52.47242229700787,13.466734486463992,False
36824628,11003003,Grundschule am Weißensee,52.555490626776496,13.457559294430716,POINT (13.457559295145357 52.555490625112334),Weißensee,Pankow,0302,03G17,Grundschule am Weißensee,,,,,,,,,,"Amalienstraße 6, Berlin",Amalienstraße,6,13086,Berlin,,,,,,,,,,True,52.555490626776496,13.457559294430716,False
36878354,11012012,Bettina-von-Arnim Oberschule,52.60310489189818,13.355183823175517,POINT (13.355183819853714 52.603104883903335),Märkisches Viertel,Reinickendorf,1210,12K02,Bettina-von-Arnim Oberschule,,,,,,,,,,"49, Senftenberger Ring, Märkisches Viertel, Reinickendorf, Berlin, 13435, Deutschland",,,13435,,,,,,+4930 403 05 0,bva-mail@bettina.cidsnet.de,http://www.bettina.cidsnet.de/,,,True,52.60310489189818,13.355183823175517,True
37285408,11007007,Käthe-Kollwitz-Grundschule,52.385482974846745,13.402746864587483,POINT (13.402746864601028 52.38548297405526),Lichtenrade,Tempelhof-Schöneberg,0706,07G29b,Käthe-Kollwitz-Grundschule,,,,,,,,,,"Rehagener Straße 42, 12307 Berlin",Rehagener Straße,42,12307,Berlin,,,,,,,https://www.kkgs-berlin.de/,,,True,52.385482974846745,13.402746864587483,False
37340844,11003003,Grundschule Alt-Karow,52.60894640738168,13.479497717884467,POINT (13.479497716247952 52.608946402303914),Karow,Pankow,0305,03G23,Grundschule Alt-Karow,,,,,,,,,,"Bahnhofstraße 32, 13125 Berlin",Bahnhofstraße,32,13125,Berlin,,,,,,,,,,True,52.60894640738168,13.479497717884467,False
37559666,11004004,Paula-Fürst-Schule,52.5026834359966,13.302041788819656,POINT (13.302041789525504 52.50268343186852),Charlottenburg,Charlottenburg-Wilmersdorf,0401,04K05,Paula-Fürst-Schule,,,,,,,,,,"Sybelstraße 21, 10629 Berlin",Sybelstraße,21,10629,Berlin,SCC,,,,,,http://www.paula-fürst-schule.de/,,,True,52.5026834359966,13.302041788819656,False
37637128,11002002,Freie Schule Kreuzberg,52.50408057985154,13.4291266897413,POINT (13.429126689710118 52.50408057973305),Kreuzberg,Friedrichshain-Kreuzberg,0202,02P09,Freie Schule Kreuzberg,,,,,,,,,,"Wrangelstraße 128, 10997 Berlin",Wrangelstraße,128,10997,Berlin,Freie Schule Kreuzberg e.V.,,,,,,,,,True,52.50408057985154,13.4291266897413,False
38555695,11011011,Hans-Rosenthal-Grundschule,52.531781284743076,13.480604203897473,POINT (13.48060420364357 52.53178128319916),Fennpfuhl,Lichtenberg,1111,11G32,Hans-Rosenthal-Grundschule,,,,,,,,,,"Bernhard-Bästlein-Straße 56, 10367 Berlin",Bernhard-Bästlein-Straße,56,10367,Berlin,Bezirksamt Lichtenberg von Berlin,,,,,,https://hans-rosenthal-schule.de/,,,True,52.531781284743076,13.480604203897473,False
39529597,11011011,Grundschule am Roederplatz,52.52940860221639,13.482482536777743,POINT (13.482482534372355 52.52940859674027),Fennpfuhl,Lichtenberg,1111,11G02,Grundschule am Roederplatz,,,,,,,,,,"Bernhard-Bästlein-Straße 22, 10367 Berlin",Bernhard-Bästlein-Straße,22,10367,Berlin,,,,,+49 30 9721419,11g02@11g02.schule.berlin.de,https://schule-am-roederplatz.de/,,,True,52.52940860221639,13.482482536777743,False
40109211,11008008,Janusz-Korczak-Grundschule,52.42111717281128,13.457721456081376,POINT (13.457721456127683 52.42111716662828),Gropiusstadt,Neukölln,0805,08G31,Janusz-Korczak-Grundschule,,,,,,,,,,"Wildhüterweg 5, 12353",Wildhüterweg,5,12353,,,,,,+4930 67066630,Berlin.08G31@t-online.de,http://www.jkgs.cidsnet.de/,,,True,52.42111717281128,13.457721456081376,False
40686348,11002002,Georg-Weerth-Schule,52.51900116259104,13.449845881085608,POINT (13.449845881332315 52.51900115969405),Friedrichshain,Friedrichshain-Kreuzberg,0201,02K07,Georg-Weerth-Schule,,,,,,,,,,"Eckertstraße 16a, 10249 Berlin",Eckertstraße,16a,10249,Berlin,,,,,+49 30 24656714,Weerth.cids@t-online.de,https://www.georg-weerth-schule.de/,,,True,52.51900116259104,13.449845881085608,False
40955696,11001001,Diesterweg-Gymnasium,52.54941374637227,13.379059857756141,POINT (13.379059861411143 52.54941374144149),Gesundbrunnen,Mitte,0106,01Y09,Diesterweg-Gymnasium,,,,,,,,,,"Böttgerstraße 2, 13357 Berlin",Böttgerstraße,2,13357,Berlin,,,,,+4930 463096 20,info@diesterweg-gymnasium-berlin.de,https://www.diesterweg-gymnasium-berlin.de/,,,True,52.54941374637227,13.379059857756141,False
41232117,11011011,Carl-von-Linné Schule,52.5220689020041,13.472011810215053,POINT (13.472011814912612 52.522068889555925),Lichtenberg,Lichtenberg,1103,11S07,Carl-von-Linné Schule,,,,,,,,,,"Carl-von-Linné Schule, Storkower Straße, Fennpfuhl, Lichtenberg, Berlin, 10369, Deutschland",,,10369,,,,,,+49305050960,,http://www.linne.schule/,,,True,52.5220689020041,13.472011810215053,True
41281010,11011011,Friedrichsfelder Schule,52.5028081406629,13.503156364461834,POINT (13.50315636436301 52.50280813748669),Friedrichsfelde,Lichtenberg,1101,11G23,Friedrichsfelder Schule,,,,,,,,,,"Lincolnstraße 67, 10315 Berlin",Lincolnstraße,67,10315,Berlin,,,,,+49 30 5251639,,https://friedrichsfelder-schule.de,,,True,52.5028081406629,13.503156364461834,False
41393266,11011011,Evangelische Schule Lichtenberg (Grundschule),52.504217426580425,13.513295041753553,POINT (13.513295043040651 52.504217414884465),Friedrichsfelde,Lichtenberg,1101,11P03,Evangelische Schule Lichtenberg (Grundschule),,,,,,,,,,"Rummelsburger Straße 3, 10315 Berlin",Rummelsburger Straße,3,10315,Berlin,Evangelische Schulstiftung in der EKBO,,,,+493054718014,,https://www.ev-schule-lichtenberg.de/,,,True,52.504217426580425,13.513295041753553,False
41406792,11011011,12. Schule mit sonderpädagogischem Förderschwerpunkt,52.50278008691506,13.509228123599339,POINT (13.509228123193177 52.50278008431356),Friedrichsfelde,Lichtenberg,1101,,12. Schule mit sonderpädagogischem Förderschwerpunkt,,,,,,,,,,"21, Rummelsburger Straße, Sewanviertel, Friedrichsfelde, Lichtenberg, Berlin, 10315, Deutschland",,,10315,,,,,,,,,,,True,52.50278008691506,13.509228123599339,True
41645687,11011011,Bernhard-Grzimek-Grundschule,52.495198606399846,13.511541041523639,POINT (13.511541040524335 52.495198601620366),Friedrichsfelde,Lichtenberg,1101,11G11,Bernhard-Grzimek-Grundschule,,,,,,,,,,"Sewanstraße 184, 10319 Berlin",Sewanstraße,184,10319,Berlin,,,,,+49 30 5120097,sekretariat@grzimek.schule.berlin.de,https://www.11g11.de/,,,True,52.495198606399846,13.511541041523639,False
41645878,11011011,Schule am Tierpark,52.49661309210396,13.515314869798951,POINT (13.515314868145477 52.496613086112106),Friedrichsfelde,Lichtenberg,1101,11K08,Schule am Tierpark,,,,,,,,,,"Sewanstraße 223, 10319 Berlin",Sewanstraße,223,10319,Berlin,,,,,,,,,,True,52.49661309210396,13.515314869798951,False
41968203,11006006,Mühlenau-Grundschule,52.443594531666214,13.275330337613688,POINT (13.275330337326462 52.44359452819967),Dahlem,Steglitz-Zehlendorf,0605,06G06,Mühlenau-Grundschule,,,,,,,,,,"5, Molsheimer Straße, Dahlem, Steglitz-Zehlendorf, Berlin, Teltow, 14195, Deutschland",,,14195,,,,,,,,,,,True,52.443594531666214,13.275330337613688,True
41983247,11006006,unknown_school_name,52.43163038230035,13.255859327816509,POINT (13.255859327812772 52.43163038225624),Zehlendorf,Steglitz-Zehlendorf,0604,,,,,,,,,,,,"Beuckestraße 29, 14163 Berlin",Beuckestraße,29,14163,Berlin,,,,,,,,,,True,52.43163038230035,13.255859327816509,False
41983248,11006006,Schadow-Gymnasium Haus B,52.43097150935323,13.253034213144598,POINT (13.25303421358345 52.43097150740252),Zehlendorf,Steglitz-Zehlendorf,0604,06Y01b,Schadow-Gymnasium Haus B,,,,,,,,,,"Beuckestraße 24-25, 14163 Berlin",Beuckestraße,24-25,14163,Berlin,,,,,,,,,,True,52.43097150935323,13.253034213144598,False
41996587,11001001,Schule am Schillerpark,52.55624372382663,13.346025255374235,POINT (13.3460252552078 52.55624372244633),Wedding,Mitte,0105,01K08,Schule am Schillerpark,,,,,,,,,,"Ofener Straße 6, 13349 Berlin",Ofener Straße,6,13349,Berlin,,,,,,,https://www.schule-am-schillerpark.de/,,,True,52.55624372382663,13.346025255374235,False
41996596,11001001,Wedding-Schule,52.54688083912515,13.364207152483639,POINT (13.364207152092899 52.54688083754708),Wedding,Mitte,0105,01G31,Wedding-Schule,,,,,,,,,,"Antonstraße 10, 13347 Berlin",Antonstraße,10,13347,Berlin,Bezirksamt Mitte von Berlin,,,,,,,,,True,52.54688083912515,13.364207152483639,False
42208912,11011011,Lew-Tolstoi-Grundschule,52.49204325986996,13.537779504523911,POINT (13.537779500443182 52.492043256120965),Karlshorst,Lichtenberg,1102,11G12,Lew-Tolstoi-Grundschule,,,,,,,,,,"Römerweg 120, 10318 Berlin",Römerweg,120,10318,Berlin,,,,,+49 30 5090147,sekretariat@11g12.schule.berlin.de,https://lew-tolstoi-schule.de,,,True,52.49204325986996,13.537779504523911,False
42279763,11004004,Judith-Kerr-Grundschule,52.476168071480664,13.293240257294652,POINT (13.293240257530355 52.47616807130991),Schmargendorf,Charlottenburg-Wilmersdorf,0403,04G27,Judith-Kerr-Grundschule,,,,,,,,,,"Friedrichshaller Straße 13, 14199 Berlin",Friedrichshaller Straße,13,14199,Berlin,,,,,,,,,,True,52.476168071480664,13.293240257294652,False
42283805,11004004,Hort,52.47150046784452,13.311279474638711,POINT (13.311279474728469 52.4715004674768),Wilmersdorf,Charlottenburg-Wilmersdorf,0402,,Hort,,,,,,,,,,"43, Johannisberger Straße, Gartenstadt, Wilmersdorf, Charlottenburg-Wilmersdorf, Berlin, 14197, Deutschland",,,14197,,,,,,,,,,,True,52.47150046784452,13.311279474638711,True
42343866,11012012,Förderzentrum Stötzner Schule,52.584384785731444,13.304814664008674,POINT (13.304814664404676 52.58438478516526),Borsigwalde,Reinickendorf,1211,12S01,Förderzentrum Stötzner Schule,,,,,,,,,,"Tietzstraße 26-28, 13509 Berlin",Tietzstraße,26-28,13509,Berlin,,,,,,,,,,True,52.584384785731444,13.304814664008674,False
42458554,11009009,Edison-Grundschule,52.466109970035575,13.508616937800314,POINT (13.508616938639971 52.466109964772436),Oberschöneweide,Treptow-Köpenick,0909,09G21,Edison-Grundschule,,,,,,,,,,"69, Wattstraße, Oberschöneweide, Treptow-Köpenick, Berlin, 12459, Deutschland",,,12459,,,,,,,,https://edison-grundschule.de/,,,True,52.466109970035575,13.508616937800314,True
42502723,11006006,Schweizerhof-Grundschule,52.42289043948622,13.264835926950116,POINT (13.26483592654364 52.42289043536689),Zehlendorf,Steglitz-Zehlendorf,0604,06G08,Schweizerhof-Grundschule,,,,,,,,,,"28, Leo-Baeck-Straße, Zehlendorf, Steglitz-Zehlendorf, Berlin, 14167, Deutschland",,,14167,,,,,,,,http://www.schweizerhof-grundschule.de/,,,True,52.42289043948622,13.264835926950116,True
42502724,11006006,Süd-Grundschule,52.41918450542685,13.25741770217778,POINT (13.257417702235688 52.419184501658144),Zehlendorf,Steglitz-Zehlendorf,0604,06G02,Süd-Grundschule,,,,,,,,,,"56, Claszeile, Zehlendorf, Steglitz-Zehlendorf, Berlin, Teltow, 14165, Deutschland",,,14165,,,,,,,,,,,True,52.41918450542685,13.25741770217778,True
42550233,11009009,Merian-Schule (Standort Hoernlestraße),52.46475454981723,13.576584766529278,POINT (13.576584767165636 52.46475454498977),Köpenick,Treptow-Köpenick,0910,09K01,Merian-Schule (Standort Hoernlestraße),,,,,,,,,,"Hoernlestraße 80, 12555 Berlin",Hoernlestraße,80,12555,Berlin,,,,,,,http://www.merian-schule-berlin.de/,,,True,52.46475454981723,13.576584766529278,False
42697319,11003003,Tesla-Schule,52.529729538475934,13.446663757482309,POINT (13.446663755843398 52.52972953525189),Prenzlauer Berg,Pankow,0301,03K07,Tesla-Schule,,,,,,,,,,"Rudi-Arndt-Straße 18, 10407 Berlin",Rudi-Arndt-Straße,18,10407,Berlin,Bezirksamt Pankow von Berlin,,,,,,https://www.tesla-schule.de,,,True,52.529729538475934,13.446663757482309,False
42700975,11011011,Hans-und-Hilde-Coppi-Gymnasium,52.49158456375739,13.522770451507213,POINT (13.522770452217161 52.491584561003535),Karlshorst,Lichtenberg,1102,11Y05,Hans-und-Hilde-Coppi-Gymnasium,,,,,,,,,,"Römerweg 30/32, 10318 Berlin",Römerweg,30/32,10318,Berlin,,,,,+49 30 5098116,,,,,True,52.49158456375739,13.522770451507213,False
42736150,11009009,Best-Sabel-Berufsfachschule für Design und Fachhochschule für Technik,52.4499495193137,13.572530847253299,POINT (13.572530846989896 52.44994951865904),Köpenick,Treptow-Köpenick,0910,09P22,Best-Sabel-Berufsfachschule für Design und Fachhochschule für Technik,,,,,,,,,,"Best-Sabel-Berufsfachschule für Design und Fachhochschule für Technik, Lindenstraße, Altstadt Köpenick, Köpenick, Treptow-Köpenick, Berlin, 12555, Deutschland",,,12555,,,,,,+49306566100,,https://best-sabel.de/,,,True,52.4499495193137,13.572530847253299,True
42736428,11009009,BEST-Sabel-Oberschule,52.451803769097445,13.571721889078132,POINT (13.571721889637427 52.45180376740723),Köpenick,Treptow-Köpenick,0910,09P09,BEST-Sabel-Oberschule,,,,,,,,,,"1, Lindenstraße, Dammvorstadt, Köpenick, Treptow-Köpenick, Berlin, 12555, Deutschland",,,12555,,Stiftung Private Wirtschaftsschulen SABEL,,,,,,,,,True,52.451803769097445,13.571721889078132,True
42747957,11011011,Richard-Wagner-Grundschule,52.47932266502136,13.534389016626822,POINT (13.534389017464576 52.47932266036487),Karlshorst,Lichtenberg,1102,11G14,Richard-Wagner-Grundschule,,,,,,,,,,"36, Stolzenfelsstraße, Rheinisches Viertel, Karlshorst, Lichtenberg, Berlin, 10318, Deutschland",,,10318,,,,,,,,http://www.wagner.cidsnet.de,,,True,52.47932266502136,13.534389016626822,True
42878083,11005005,Schule an der Jungfernheide,52.538358664544454,13.265634338987358,POINT (13.265634339725489 52.538358662289085),Siemensstadt,Spandau,0503,05K07,Schule an der Jungfernheide,,,,,,,,,,"Jugendweg 15-16, 13629 Berlin",Jugendweg,15-16,13629,Berlin,,,,,,,http://www.heinrich-hertz-oberschule.de,,,True,52.538358664544454,13.265634338987358,False
42882004,11006006,Nord-Grundschule,52.436614023486044,13.256333423835846,POINT (13.256333423482396 52.4366140191364),Zehlendorf,Steglitz-Zehlendorf,0604,06G01,Nord-Grundschule,,,,,,,,,,"Potsdamer Straße 7, 14163 Berlin",Potsdamer Straße,7,14163,Berlin,Bezirksamt Steglitz-Zehlendorf von Berlin,,,,+49 30 90299 5468,sekretariat@nordgrundschule.de,https://www.nordgrundschule.de/,,,True,52.436614023486044,13.256333423835846,False
42900097,11002002,Blumen-Grundschule,52.516034414405034,13.430608366489858,POINT (13.43060836609553 52.51603441088655),Friedrichshain,Friedrichshain-Kreuzberg,0201,02G36,Blumen-Grundschule,,,,,,,,,,"Andreasstraße 50-52, 10243 Berlin",Andreasstraße,50-52,10243,Berlin,,,,,,,,,,True,52.516034414405034,13.430608366489858,False
42900444,11002002,KreativitätsGrundschule Berlin-Friedrichshain,52.521081906712254,13.433060992623286,POINT (13.43306099085723 52.521081902607804),Friedrichshain,Friedrichshain-Kreuzberg,0201,,KreativitätsGrundschule Berlin-Friedrichshain,,,,,,,,,,"Strausberger Straße 38, 10243 Berlin",Strausberger Straße,38,10243,Berlin,KreativitätsSchulzentrum Berlin gGmbH,,,,+49-30-2903 5117,schule-fh@krea-schulzentrum.de,https://www.krea-schulzentrum.de/schulen/grundschule-friedrichshain/,,,True,52.521081906712254,13.433060992623286,False
42909108,11011011,Schule am Rathaus,52.5156716089482,13.480982917138475,POINT (13.480982917270206 52.515671608178685),Lichtenberg,Lichtenberg,1103,11K06,Schule am Rathaus,,,,,,,,,,"Rathausstraße 8, 10367 Berlin",Rathausstraße,8,10367,Berlin,,,,,,,,,,True,52.5156716089482,13.480982917138475,False
43162770,11008008,Karl-Weise-Grundschule,52.47630354665895,13.42338602473135,POINT (13.423386024371684 52.47630354597631),Neukölln,Neukölln,0801,08G06,Karl-Weise-Grundschule,,,,,,,,,,"Weisestraße 19-20, 12049 Berlin",Weisestraße,19-20,12049,Berlin,,,,,,,,,,True,52.47630354665895,13.42338602473135,False
43887852,11003003,Brillat-Savarin-Schule,52.552705800230726,13.475702584896101,POINT (13.475702584993746 52.55270579945955),Weißensee,Pankow,0302,03B04,Brillat-Savarin-Schule,,,,,,,,,,"23a, Buschallee, Bruno-Siedlung, Weißensee, Pankow, Berlin, 13088, Deutschland",,,13088,,,,,,+4930 914266 0,sekretariat@osz-gastgewerbe.de,https://www.osz-gastgewerbe.de/,,,True,52.552705800230726,13.475702584896101,True
43887854,11003003,Georg-Zacharias-Grundschule Berlin-Pankow,52.5519602983292,13.475193636164386,POINT (13.475193636055256 52.55196029726571),Weißensee,Pankow,0302,03G44,Georg-Zacharias-Grundschule Berlin-Pankow,,,,,,,,,,"Sulzfelder Straße 15, 13088 Berlin",Sulzfelder Straße,15,13088,Berlin,,,,,,,https://georg-zacharias.be.schule.de/,,,True,52.5519602983292,13.475193636164386,False
43898997,11011011,Gebäude B,52.539442348151816,13.495696344938512,POINT (13.495696344640459 52.539442347527164),Alt-Hohenschönhausen,Lichtenberg,1110,11K09b,Gebäude B,,,,,,,,,,"Werneuchener Straße 15, 13055 Berlin",Werneuchener Straße,15,13055,Berlin,,,,,,,,,,True,52.539442348151816,13.495696344938512,False
43898998,11011011,Gebäude A,52.539795946480176,13.495122103293777,POINT (13.49512210298995 52.539795945834896),Alt-Hohenschönhausen,Lichtenberg,1110,11K09a,Gebäude A,,,,,,,,,,"Werneuchener Straße 14, 13055 Berlin",Werneuchener Straße,14,13055,Berlin,,,,,,,,,,True,52.539795946480176,13.495122103293777,False
44032460,11009009,Hans-Grade-Oberschule,52.44413228662287,13.499619134559147,POINT (13.499619135830626 52.4441322831197),Johannisthal,Treptow-Köpenick,0904,09K06,Hans-Grade-Oberschule,,,,,,,,,,"Heubergerweg 37, 12487 Berlin",Heubergerweg,37,12487,Berlin,,,,,,,,,,True,52.44413228662287,13.499619134559147,False
44205020,11011011,Brodowin-Grundschule,52.5370634098988,13.500862489365575,POINT (13.500862490499847 52.537063407655054),Alt-Hohenschönhausen,Lichtenberg,1110,11G17,Brodowin-Grundschule,,,,,,,,,,"20, Liebenwalder Straße, Weiße Taube, Alt-Hohenschönhausen, Lichtenberg, Berlin, 13055, Deutschland",,,13055,,,,,,,,https://www.brodowinschule.de/,,,True,52.5370634098988,13.500862489365575,True
44419969,11001001,Fanny Hensel,52.54707674252727,13.362688594196397,POINT (13.36268859421484 52.54707674244258),Wedding,Mitte,0105,,Fanny Hensel,,,,,,,,,,"4, Ruheplatzstraße, Leopoldkiez, Wedding, Mitte, Berlin, 13347, Deutschland",,,13347,,,,,,,,,,,True,52.54707674252727,13.362688594196397,True
44606575,11009009,Grundschule an der alten Feuerwache,52.454485250407096,13.514753167697553,POINT (13.514753169282121 52.45448524801338),Niederschöneweide,Treptow-Köpenick,0905,09G07,Grundschule an der alten Feuerwache,,,,,,,,,,"Schnellerstraße 31, 12439 Berlin",Schnellerstraße,31,12439,Berlin,Land Berlin,,,,+49 30 6361331,,https://www.schuleanderfeuerwache.de/,,,True,52.454485250407096,13.514753167697553,False
44772816,11012012,Ringelnatz-Grundschule,52.586013924576015,13.338156861499954,POINT (13.33815685967106 52.58601392146979),Wittenau,Reinickendorf,1209,12G11,Ringelnatz-Grundschule,,,,,,,,,,"9-13, Wilhelm-Gericke-Straße, Wittenau, Reinickendorf, Berlin, 13437, Deutschland",,,13437,,,,,,+4930 4148700,ringelnatz-schule@t-online.de,http://www.ringelnatz.cidsnet.de/,,,True,52.586013924576015,13.338156861499954,True
45101004,11007007,Annedore-Leber-Grundschule,52.39760615405891,13.402163379543273,POINT (13.40216338188414 52.39760614976145),Lichtenrade,Tempelhof-Schöneberg,0706,07G30,Annedore-Leber-Grundschule,,,,,,,,,,"147, Halker Zeile, John-Locke-Siedlung, Lichtenrade, Tempelhof-Schöneberg, Berlin, Teltow, 12305, Deutschland",,,12305,,,,,,,,https://www.algs.de/,,,True,52.39760615405891,13.402163379543273,True
45101006,11007007,Theodor-Haubach-Schule (int. Sekundarschule),52.397796768143486,13.403866545855962,POINT (13.403866547065551 52.39779676271825),Lichtenrade,Tempelhof-Schöneberg,0706,,Theodor-Haubach-Schule (int. Sekundarschule),,,,,,,,,,"9, Grimmstraße, John-Locke-Siedlung, Lichtenrade, Tempelhof-Schöneberg, Berlin, Teltow, 12305, Deutschland",,,12305,,,,,,,,https://www.ths-berlin.de/,,,True,52.397796768143486,13.403866545855962,True
46828731,11009009,Flatow-Oberschule (Schul- und Leistungssportzentrum Berlin),52.44663049952166,13.601521681821705,POINT (13.601521686763528 52.44663048297137),Köpenick,Treptow-Köpenick,0910,09Y09,Flatow-Oberschule (Schul- und Leistungssportzentrum Berlin),,,,,,,,,,"Agitator, Birkenstraße, Siedlung Kämmereiheide, Salvador-Allende-Viertel II, Köpenick, Treptow-Köpenick, Berlin, 12559, Deutschland",,,12559,,,,,,,,https://www.flatow-os.de/,,,True,52.44663049952166,13.601521681821705,True
46861457,11007007,Havelland-Grundschule,52.484236412518015,13.367749294976107,POINT (13.36774929359577 52.48423640545932),Schöneberg,Tempelhof-Schöneberg,0701,07G05,Havelland-Grundschule,,,,,,,,,,"Kolonnenstraße 30-30a, 10829",Kolonnenstraße,30-30a,10829,,,,,,,,,,,True,52.484236412518015,13.367749294976107,False
46931557,11011011,Manfred-Von-Ardenne Gymnasium,52.54196021818059,13.493412005387126,POINT (13.49341200627803 52.54196021564172),Alt-Hohenschönhausen,Lichtenberg,1110,11Y10,Manfred-Von-Ardenne Gymnasium,,,,,,,,,,"Werneuchener Straße 27/28, 13055 Berlin",Werneuchener Straße,27/28,13055,Berlin,,,,,+49 30 9865002,info@ardenne-gymnasium.de,https://www.ardenne-gymnasium.de/,,,True,52.54196021818059,13.493412005387126,False
47023392,11008008,Richard-Grundschule,52.47292505984561,13.444766269854844,POINT (13.444766270406335 52.472925055682225),Neukölln,Neukölln,0801,08G17,Richard-Grundschule,,,,,,,,,,"Richardplatz 14, 12055 Berlin",Richardplatz,14,12055,Berlin,,,,,,,,,,True,52.47292505984561,13.444766269854844,False
47023412,11008008,Adolf-Reichwein-Schule,52.475575183001695,13.450478717943893,POINT (13.45047871625264 52.475575181147335),Neukölln,Neukölln,0801,08S01,Adolf-Reichwein-Schule,,,,,,,,,,"Sonnenallee 188, 12059 Berlin",Sonnenallee,188,12059,Berlin,,,,,,,,,,True,52.475575183001695,13.450478717943893,False
47023495,11008008,Eduard-Mörike-Grundschule,52.47806246178004,13.45060032780017,POINT (13.450600328864025 52.47806245981051),Neukölln,Neukölln,0801,08G18,Eduard-Mörike-Grundschule,,,,,,,,,,"Stuttgarter Straße 35-39, 12059 Berlin",Stuttgarter Straße,35-39,12059,Berlin,,,,,,,,,,True,52.47806246178004,13.45060032780017,False
47057087,11008008,Gemeinschaftsschule auf dem Campus Rütli,52.48786571003621,13.433921056478326,POINT (13.433921052338365 52.4878657016218),Neukölln,Neukölln,0801,08K08,Gemeinschaftsschule auf dem Campus Rütli,,,,,,,,,,"Rütlistraße 41, 12045 Berlin",Rütlistraße,41,12045,Berlin,,,,,,,,,,True,52.48786571003621,13.433921056478326,False
47057429,11008008,Grundstufe der Gemeinschaftsschule auf dem Campus Rütli,52.487472631995225,13.43006783837416,POINT (13.430067838113677 52.48747263055342),Neukölln,Neukölln,0801,08K08b,Grundstufe der Gemeinschaftsschule auf dem Campus Rütli,,,,,,,,,,"Weserstraße 12, 12047 Berlin",Weserstraße,12,12047,Berlin,Bezirksamt Neukölln von Berlin,,,,,,http://campusruetli.de/gems-gs-konzept,,,True,52.487472631995225,13.43006783837416,False
47057529,11008008,Rixdorfer Schule,52.48474097020455,13.431668642319107,POINT (13.431668644431294 52.48474096796982),Neukölln,Neukölln,0801,08G01,Rixdorfer Schule,,,,,,,,,,"Donaustraße 120, 12043 Berlin",Donaustraße,120,12043,Berlin,Bezirksamt Neukölln von Berlin,,,,,,,,,True,52.48474097020455,13.431668642319107,False
47149217,11008008,Löwenzahn-Schule,52.47216628076901,13.448866967715997,POINT (13.448866967024955 52.47216627887717),Neukölln,Neukölln,0801,08G36,Löwenzahn-Schule,,,,,,,,,,"Drorystraße 3, 12055 Berlin",Drorystraße,3,12055,Berlin,Bezirk Neukölln von Berlin,,,,,,,,,True,52.47216628076901,13.448866967715997,False
47149707,11008008,Katholische Schulen Sankt Marien,52.4773157777914,13.44313029062096,POINT (13.443130293645883 52.477315773488115),Neukölln,Neukölln,0801,08P04,Katholische Schulen Sankt Marien,,,,,,,,,,"Donaustraße 58, 12043 Berlin",Donaustraße,58,12043,Berlin,Erzbistum Berlin,,,,,,,,,True,52.4773157777914,13.44313029062096,False
47253747,11011011,Sonnenuhr-Schule,52.52945564504562,13.467556316821314,POINT (13.467556315740044 52.52945564328721),Fennpfuhl,Lichtenberg,1111,11G01,Sonnenuhr-Schule,,,,,,,,,,"Franz-Jacob-Straße 33, 10369 Berlin",Franz-Jacob-Straße,33,10369,Berlin,,,,,,,,,,True,52.52945564504562,13.467556316821314,False
47281618,11010010,Grundschule an der Wuhle,52.520995460450145,13.580580941711695,POINT (13.58058094216168 52.5209954581881),Hellersdorf,Marzahn-Hellersdorf,1005,10G29,Grundschule an der Wuhle,,,,,,,,,,"Teterower Ring 79, 12619 Berlin",Teterower Ring,79,12619,Berlin,,,,,+49 30 5612127,,https://grundschuleanderwuhle.de,,,True,52.520995460450145,13.580580941711695,False
47441917,11011011,Obersee-Schule,52.5435436998834,13.48775247104292,POINT (13.487752472866516 52.54354369803344),Alt-Hohenschönhausen,Lichtenberg,1110,11G19,Obersee-Schule,,,,,,,,,,"Roedernstraße 69-72, 13053 Berlin",Roedernstraße,69-72,13053,Berlin,,,,,,,,,,True,52.5435436998834,13.48775247104292,False
47572949,11002002,Margarethe-von-Witzleben-Schule,52.5201231055373,13.434803996925194,POINT (13.434803996878859 52.520123103585114),Friedrichshain,Friedrichshain-Kreuzberg,0201,02S03,Margarethe-von-Witzleben-Schule,,,,,,,,,,"Palisadenstraße 76/78, 10243 Berlin",Palisadenstraße,76/78,10243,Berlin,,,,,,,,,,True,52.5201231055373,13.434803996925194,False
47671925,11004004,Sophie-Charlotte-Gymnasium,52.502460646369066,13.311922172552123,POINT (13.31192217258522 52.50246064541127),Charlottenburg,Charlottenburg-Wilmersdorf,0401,04Y03,Sophie-Charlotte-Gymnasium,,,,,,,,,,"Sybelstraße 2, 10629 Berlin",Sybelstraße,2,10629,Berlin,,,,,+4930 9029286 00,sekretariat@scg.schule.berlin.de,https://scgberlin.de/,,,True,52.502460646369066,13.311922172552123,False
48003478,11012012,Filiale der Münchhausen Grundschule Berlin,52.60027561024007,13.319102378089571,POINT (13.319102378426294 52.60027560866884),Wittenau,Reinickendorf,1209,12G19b,Filiale der Münchhausen Grundschule Berlin,,,,,,,,,,"Place Molière 1, 13469 Berlin",Place Molière,1,13469,Berlin,,,,,,,,,,True,52.60027561024007,13.319102378089571,False
48299326,11001001,Charlotte-Pfeffer-Schule,52.522303884422335,13.424788471902,POINT (13.424788473708796 52.52230388077865),Mitte,Mitte,0101,01S07,Charlotte-Pfeffer-Schule,,,,,,,,,,"Berolinastraße 8, 10178 Berlin",Berolinastraße,8,10178,Berlin,,,,,,,https://www.charlotte-pfeffer-schule.de/,,,True,52.522303884422335,13.424788471902,False
48904520,11008008,August-Heyn-Gartenarbeitsschule Neukölln,52.44251112309932,13.449863263205605,POINT (13.449863262441426 52.4425111138157),Britz,Neukölln,0802,,August-Heyn-Gartenarbeitsschule Neukölln,,,,,,,,,,"Fritz-Reuter-Allee 121, 12359 Berlin",Fritz-Reuter-Allee,121,12359,Berlin,,,,,,,https://www.ahgasn.de/,,,True,52.44251112309932,13.449863263205605,False
48955456,11008008,Schilling-Schule,52.44205137654283,13.444176447340682,POINT (13.444176447999796 52.44205136877777),Britz,Neukölln,0802,08S08,Schilling-Schule,,,,,,,,,,"Paster-Behrens-Straße 81, 12359 Berlin",Paster-Behrens-Straße,81,12359,Berlin,Bezirksamt Neukölln von Berlin,,,,,,https://schillingschule.de,,,True,52.44205137654283,13.444176447340682,False
48991289,11008008,Mensa/Grundstufe 1-3,52.44813765086653,13.440838948963785,POINT (13.4408389487703 52.44813765009142),Britz,Neukölln,0802,08K06c,Mensa/Grundstufe 1-3,,,,,,,,,,"Fulhamer Allee 30, 12359 Berlin",Fulhamer Allee,30,12359,Berlin,,,,,,,,,,True,52.44813765086653,13.440838948963785,False
49231986,11007007,Georg-von-Giesche-Schule,52.49388953085093,13.342456699463847,POINT (13.342456699176447 52.493889529510156),Schöneberg,Tempelhof-Schöneberg,0701,07K06,Georg-von-Giesche-Schule,,,,,,,,,,"47, Hohenstaufenstraße, Bayerisches Viertel, Schöneberg, Tempelhof-Schöneberg, Berlin, 10779, Deutschland",,,10779,,Land Berlin,,,,,,,,,True,52.49388953085093,13.342456699463847,True
49231987,11007007,Scharmützelsee-Grundschule,52.49335203240425,13.343192108084423,POINT (13.343192107689141 52.4933520296786),Schöneberg,Tempelhof-Schöneberg,0701,07G12,Scharmützelsee-Grundschule,,,,,,,,,,"Hohenstaufenstraße 49, 10779 Berlin",Hohenstaufenstraße,49,10779,Berlin,,,,,,,,,,True,52.49335203240425,13.343192108084423,False
49233007,11002002,Bergmannkiez-Gemeinschaftsschule (Grundstufe),52.49343884050875,13.3919053785423,POINT (13.391905378421592 52.4934388344097),Kreuzberg,Friedrichshain-Kreuzberg,0202,,Bergmannkiez-Gemeinschaftsschule (Grundstufe),,,,,,,,,,"Nostitzstraße 54-60, 10961 Berlin",Nostitzstraße,54-60,10961,Berlin,Bezirksamt Friedrichshain-Kreuzberg von Berlin,,,,,,https://bergmannkiez-gemeinschaftsschule.de/,,,True,52.49343884050875,13.3919053785423,False
49263409,11002002,Carl-von-Ossietzky-Schule,52.49166286841431,13.40600289877985,POINT (13.406002897980397 52.491662850793716),Kreuzberg,Friedrichshain-Kreuzberg,0202,02K02,Carl-von-Ossietzky-Schule,,,,,,,,,,"Blücherstraße 46-47, 10961 Berlin",Blücherstraße,46-47,10961,Berlin,Bezirksamt Friedrichshain-Kreuzberg von Berlin,,,,,,,,,True,52.49166286841431,13.40600289877985,False
49447061,11004004,Friedensburg Oberschule,52.50970182635675,13.320479264798069,POINT (13.320479264225678 52.50970182095948),Charlottenburg,Charlottenburg-Wilmersdorf,0401,04K02,Friedensburg Oberschule,,,,,,,,,,"Goethestraße 8/9, 10623 Berlin",Goethestraße,8/9,10623,Berlin,,,,,,,,,,True,52.50970182635675,13.320479264798069,False
49744418,11006006,Dreilinden-Gymnasium,52.42028803414782,13.187866681367277,POINT (13.187866681528163 52.42028803206135),Nikolassee,Steglitz-Zehlendorf,0606,06Y04,Dreilinden-Gymnasium,,,,,,,,,,"Dreilindenstraße 49, 14109 Berlin",Dreilindenstraße,49,14109,Berlin,Bezirksamt Steglitz-Zehlendorf von Berlin,,,,,,,,,True,52.42028803414782,13.187866681367277,False
49744420,11006006,Dreilinden-Grundschule Zehlendorf,52.42035532170576,13.186152024293202,POINT (13.186152023804109 52.42035532145768),Nikolassee,Steglitz-Zehlendorf,0606,06G09,Dreilinden-Grundschule Zehlendorf,,,,,,,,,,"Dreilindenstraße 65, 14109 Berlin",Dreilindenstraße,65,14109,Berlin,Bezirksamt Steglitz-Zehlendorf von Berlin,,,,,,,,,True,52.42035532170576,13.186152024293202,False
49746593,11006006,Sancta Maria Schule der Hedwigschwestern,52.42172536284014,13.193273244456673,POINT (13.193273242848445 52.42172536073558),Nikolassee,Steglitz-Zehlendorf,0606,06P08,Sancta Maria Schule der Hedwigschwestern,,,,,,,,,,"Sancta Maria Schule der Hedwigschwestern, Lohengrinstraße, Nikolassee, Steglitz-Zehlendorf, Berlin, Teltow, 14109, Deutschland",,,14109,,,,,,,,,,,True,52.42172536284014,13.193273244456673,True
49896029,11007007,Georg-Büchner-Gymnasium,52.39160306073939,13.405492856136421,POINT (13.405492855220967 52.39160304503754),Lichtenrade,Tempelhof-Schöneberg,0706,07Y09,Georg-Büchner-Gymnasium,,,,,,,,,,"Lichtenrader Damm 224-230, 12305 Berlin",Lichtenrader Damm,224-230,12305,Berlin,,,,,+49 30 902778208,sekretariat@gbgonline.de,https://www.gbgonline.de/,,,True,52.39160306073939,13.405492856136421,False
49905086,11007007,Nahariya-Grundschule,52.39129785370906,13.418779262843662,POINT (13.418779262539795 52.391297848631766),Lichtenrade,Tempelhof-Schöneberg,0706,07G35,Nahariya-Grundschule,,,,,,,,,,"Nahariyastraße 13-17, 12309 Berlin",Nahariyastraße,13-17,12309,Berlin,Bezirksamt Tempelhof-Schöneberg von Berlin,,,,+49 30 902778256,sekretariat@nahariya.schule.berlin.de,https://nahariyaschule.de,,,True,52.39129785370906,13.418779262843662,False
50053579,11006006,Mercator-Grundschule,52.41241912061189,13.31665285197323,POINT (13.316652851351023 52.41241911735871),Lichterfelde,Steglitz-Zehlendorf,0602,06G30,Mercator-Grundschule,,,,,,,,,,"Mercatorweg 8-10, 12207 Berlin",Mercatorweg,8-10,12207,Berlin,Bezirksamt Steglitz-Zehlendorf von Berlin,,,,+49 30 7551086,schule@mercator-gs.de,,,,True,52.41241912061189,13.31665285197323,False
50286997,11012012,Campus Hannah-Höch - Gemeinschaftsschule Reinickendorf,52.600456998066356,13.343750530051755,POINT (13.343750523549225 52.60045699157256),Märkisches Viertel,Reinickendorf,1210,12K12,Campus Hannah-Höch - Gemeinschaftsschule Reinickendorf,,,,,,,,,,"Finsterwalder Straße 52-56, 13435 Berlin",Finsterwalder Straße,52-56,13435,Berlin,Bezirksamt Reinickendorf von Berlin,,,,,,http://www.gemeinschaftsschule-reinickendorf.de,,,True,52.600456998066356,13.343750530051755,False
50634316,11005005,Grundschule am Weinmeisterhorn,52.50794619843549,13.174577638555046,POINT (13.174577638522662 52.50794619617713),Wilhelmstadt,Spandau,0509,05G12,Grundschule am Weinmeisterhorn,,,,,,,,,,"27, Daberkowstraße, Weinmeisterhöhe, Wilhelmstadt, Spandau, Berlin, 13593, Deutschland",,,13593,,,,,,+49 30 36208520,gs.am.weinmeisterhorn@t-online.de,http://www.gsamweinmeisterhorn.schule-berlin.net,,,True,52.50794619843549,13.174577638555046,True
50726599,11006006,Sachsenwald Grundschule,52.46171233091802,13.336957683331944,POINT (13.336957682872756 52.46171232781214),Steglitz,Steglitz-Zehlendorf,0601,06G14,Sachsenwald Grundschule,,,,,,,,,,"Sachsenwaldstraße 20-21, 12157 Berlin",Sachsenwaldstraße,20-21,12157,Berlin,Bezirksamt Steglitz-Zehlendorf von Berlin,,,,+49 30 79742910,sekretariat@sachsenwald.schule.berlin.de,https://www.sachsenwald-grundschule.de,,,True,52.46171233091802,13.336957683331944,False
50727691,11006006,Wilhelm-Ostwald-Schule,52.45270717977018,13.346128857288843,POINT (13.34612886155028 52.45270716727121),Steglitz,Steglitz-Zehlendorf,0601,06B04,Wilhelm-Ostwald-Schule,,,,,,,,,,"Immenweg 6, 12169 Berlin",Immenweg,6,12169,Berlin,"Senatsverwaltung für Bildung, Jugend und Familie",,,,+49 30 901894800,verwaltung@wilhelm-ostwald-schule.de,https://www.wilhelm-ostwald-schule.de/,,,True,52.45270717977018,13.346128857288843,False
50803479,11005005,Linden-Grundschule,52.535202759751755,13.140198088687683,POINT (13.140198088865171 52.53520275232624),Staaken,Spandau,0504,05G14,Linden-Grundschule,,,,,,,,,,"Staakener Feldstraße 6 - 8, 13591 Berlin",Staakener Feldstraße,6 - 8,13591,Berlin,,,,,,,,,,True,52.535202759751755,13.140198088687683,False
50981644,11005005,Grundschule am Windmühlenberg,52.485572691101495,13.174270052558164,POINT (13.174270052555858 52.4855726900617),Gatow,Spandau,0505,05G24,Grundschule am Windmühlenberg,,,,,,,,,,"Am Kinderdorf 23, 14089 Berlin",Am Kinderdorf,23,14089,Berlin,,,,,,,https://schuleamwindmuehlenberg.de,,,True,52.485572691101495,13.174270052558164,False
51009607,11007007,Maria-Montessori-Grundschule,52.4579915751814,13.380928253298746,POINT (13.38092825398908 52.45799157253491),Tempelhof,Tempelhof-Schöneberg,0703,07G20,Maria-Montessori-Grundschule,,,,,,,,,,"Friedrich-Wilhelm-Straße 72, 12103 Berlin",Friedrich-Wilhelm-Straße,72,12103,Berlin,,,,,+49 30 902772661,sekretariat@mmg.schule.berlin.de,https://mmg-online.de/,,,True,52.4579915751814,13.380928253298746,False
51191323,11004004,Charles-Dickens-Grundschule,52.507937011638504,13.238236002424346,POINT (13.238236002144918 52.50793701125504),Westend,Charlottenburg-Wilmersdorf,0405,04G15,Charles-Dickens-Grundschule,,,,,,,,,,"Dickensweg 15, 14055 Berlin",Dickensweg,15,14055,Berlin,,,,,,,,,,True,52.507937011638504,13.238236002424346,False
51191324,11004004,Berlin British School,52.508531519670996,13.236885861143715,POINT (13.236885861446423 52.508531519341666),Westend,Charlottenburg-Wilmersdorf,0405,04P39,Berlin British School,,,,,,,,,,"Dickensweg 17, 14055 Berlin",Dickensweg,17,14055,Berlin,,,,,,,,,,True,52.508531519670996,13.236885861143715,False
51300520,11010010,Schule am Mummelsoll,52.5398782292948,13.628899258878954,POINT (13.628899258944982 52.53987822770139),Hellersdorf,Marzahn-Hellersdorf,1005,10S08,Schule am Mummelsoll,,,,,,,,,,"Eilenburger Straße 4, 12627 Berlin",Eilenburger Straße,4,12627,Berlin,,,,,,,,,,True,52.5398782292948,13.628899258878954,False
51381643,11006006,John F. Kennedy School,52.42529877313696,13.263736348423498,POINT (13.26373635714039 52.42529875232153),Zehlendorf,Steglitz-Zehlendorf,0604,06K01,John F. Kennedy School,,,,,,,,,,"Teltower Damm 87-93, 14167 Berlin",Teltower Damm,87-93,14167,Berlin,,,,,+49 30 902995711,welcome@jfksberlin.org,https://www.jfks.de/,,,True,52.42529877313696,13.263736348423498,False
51382241,11006006,Grundschule am Buschgraben,52.422010689199084,13.24294401978076,POINT (13.242944019371384 52.42201068499006),Zehlendorf,Steglitz-Zehlendorf,0604,06G10,Grundschule am Buschgraben,,,,,,,,,,"45, Ludwigsfelder Straße, Zehlendorf, Steglitz-Zehlendorf, Berlin, Teltow, 14165, Deutschland",,,14165,,,,,,,,,,,True,52.422010689199084,13.24294401978076,True
51382244,11006006,Emil Molt Schule,52.41819185452142,13.257954627033268,POINT (13.257954627139997 52.41819185269028),Zehlendorf,Steglitz-Zehlendorf,0604,06P05,Emil Molt Schule,,,,,,,,,,"Emil Molt Schule, Adolfstraße, Zehlendorf, Steglitz-Zehlendorf, Berlin, 14165, Deutschland",,,14165,,Emil Molt Schule e.V.,,,,,,,,,True,52.41819185452142,13.257954627033268,True
51544595,11006006,Goethe-Gymnasium Lichterfelde,52.43453519736224,13.30457712365882,POINT (13.304577122920724 52.43453519543857),Lichterfelde,Steglitz-Zehlendorf,0602,06Y11,Goethe-Gymnasium Lichterfelde,,,,,,,,,,"Drakestraße 72-74, 12205 Berlin",Drakestraße,72-74,12205,Berlin,,,,,,,,,,True,52.43453519736224,13.30457712365882,False
51544608,11006006,Helene-Lange-Schule,52.45251409526926,13.335166069744876,POINT (13.335166067717552 52.45251409086823),Steglitz,Steglitz-Zehlendorf,0601,06K10,Helene-Lange-Schule,,,,,,,,,,"Lauenburger Straße 110, 12169 Berlin",Lauenburger Straße,110,12169,Berlin,Bezirksamt Steglitz-Zehlendorf von Berlin,,,,,,,,,True,52.45251409526926,13.335166069744876,False
51686441,11003003,Gustave-Eiffel-Schule,52.54040438317112,13.448466212631251,POINT (13.44846621371799 52.54040437951078),Prenzlauer Berg,Pankow,0301,03K04,Gustave-Eiffel-Schule,,,,,,,,,,"Hanns-Eisler-Straße 78-80, 10409 Berlin",Hanns-Eisler-Straße,78-80,10409,Berlin,,,,,+4930 42809070,info@gustave-eiffel-schule.de,https://www.gustave-eiffel-schule.de/,,,True,52.54040438317112,13.448466212631251,False
51761356,11012012,Otfried-Preußler-Grundschule,52.6126054375116,13.227747870153015,POINT (13.227747871979565 52.61260543426484),Heiligensee,Reinickendorf,1204,12G34,Otfried-Preußler-Grundschule,,,,,,,,,,"99, Schulzendorfer Straße, Heiligensee, Reinickendorf, Berlin, 13503, Deutschland",,,13503,,,,,,,,,,,True,52.6126054375116,13.227747870153015,True
51869993,11012012,Grundschule am Tegelschen Ort,52.577016648636835,13.227428213963806,POINT (13.227428214991637 52.57701664223932),Tegel,Reinickendorf,1202,12G18,Grundschule am Tegelschen Ort,,,,,,,,,,"11-23, Gerlindeweg, Tegelort, Konradshöhe, Reinickendorf, Berlin, 13505, Deutschland",,,13505,,,,,,+4930 431 1786,info@grundschule-tegelort.de,http://www.grundschule-tegelort.de/,,,True,52.577016648636835,13.227428213963806,True
51907972,11002002,Modersohn-Grundschule,52.507269882629316,13.459843166605086,POINT (13.459843167035599 52.507269880268936),Friedrichshain,Friedrichshain-Kreuzberg,0201,02G10,Modersohn-Grundschule,,,,,,,,,,"Niemannstraße 3, 10245 Berlin",Niemannstraße,3,10245,Berlin,,,,,+49 30 48488340,,https://www.modersohn-schule.de/,,,True,52.507269882629316,13.459843166605086,False
51972081,11012012,Grundschule am Vierrutenberg,52.618576916825184,13.338342360362867,POINT (13.3383423599956 52.618576911356435),Lübars,Reinickendorf,1208,12G20,Grundschule am Vierrutenberg,,,,,,,,,,"Grundschule am Vierrutenberg, Am Vierrutenberg, Kriegsheimstätten-Siedlung, Lübars, Reinickendorf, Berlin, 13469, Deutschland",,,13469,,,,,,+4930 4026518,vierrutenbergschule@gmail.com,https://grundschule-am-vierrutenberg.de/,,,True,52.618576916825184,13.338342360362867,True
52023054,11002002,Emanuel-Lasker-Schule,52.50266368318179,13.45784227356613,POINT (13.457842273735173 52.50266368036719),Friedrichshain,Friedrichshain-Kreuzberg,0201,02K06,Emanuel-Lasker-Schule,,,,,,,,,,"Modersohnstraße 53, 10245 Berlin",Modersohnstraße,53,10245,Berlin,Land Berlin,,,,,,,,,True,52.50266368318179,13.45784227356613,False
52087308,11001001,Papageno-Grundschule,52.53249962904669,13.390669687587016,POINT (13.390669689547869 52.532499626669804),Mitte,Mitte,0101,01G02,Papageno-Grundschule,,,,,,,,,,"Bergstraße 58, 10115 Berlin",Bergstraße,58,10115,Berlin,,,,,,,,,,True,52.53249962904669,13.390669687587016,False
52090612,11002002,Temple-Grandin-Schule,52.514017545516964,13.448867875466345,POINT (13.448867875020309 52.514017544408276),Friedrichshain,Friedrichshain-Kreuzberg,0201,02S01,Temple-Grandin-Schule,,,,,,,,,,"Lasdehner Straße 19/21, 10243 Berlin",Lasdehner Straße,19/21,10243,Berlin,Bezirksamt Friedrichshain-Kreuzberg von Berlin,,,,+49 30 293474231,sekretariat@temple-grandin.schule.berlin.de,https://www.temple-grandin-schule.de/,,,True,52.514017545516964,13.448867875466345,False
52090686,11002002,Ludwig-Hoffmann-Grundschule,52.51419411136236,13.449481279857402,POINT (13.449481278494265 52.51419410771983),Friedrichshain,Friedrichshain-Kreuzberg,0201,02G07,Ludwig-Hoffmann-Grundschule,,,,,,,,,,"Lasdehner Straße 21, 10243 Berlin",Lasdehner Straße,21,10243,Berlin,,,,,,,,,,True,52.51419411136236,13.449481279857402,False
52153881,11009009,Schule in der Köllnischen Vorstadt,52.43960914094499,13.564987457767922,POINT (13.56498745742984 52.439609136228015),Köpenick,Treptow-Köpenick,0910,09G18,Schule in der Köllnischen Vorstadt,,,,,,,,,,"Rudower Straße 201, 12557 Berlin",Rudower Straße,201,12557,Berlin,,,,,+49 30 64326715,,,,,True,52.43960914094499,13.564987457767922,False
52243561,11009009,Schule an den Püttbergen,52.43379742863803,13.703704850665742,POINT (13.703704852015647 52.43379742383346),Rahnsdorf,Treptow-Köpenick,0912,09G26,Schule an den Püttbergen,,,,,,,,,,"Fürstenwalder Allee 182, 12589 Berlin",Fürstenwalder Allee,182,12589,Berlin,Bezirksamt Treptow-Köpenick von Berlin,,,,,,http://www.schule-an-den-puettbergen.de,,,True,52.43379742863803,13.703704850665742,False
53170549,11002002,Pettenkofer-Grundschule,52.519178795924844,13.470984969203629,POINT (13.470984969684372 52.51917879255821),Friedrichshain,Friedrichshain-Kreuzberg,0201,02G04,Pettenkofer-Grundschule,,,,,,,,,,"Pettenkoferstraße 20-24, 10247 Berlin",Pettenkoferstraße,20-24,10247,Berlin,,,,,,,,,,True,52.519178795924844,13.470984969203629,False
53261956,11011011,Karlshorster Schule,52.489556712633366,13.51989241078053,POINT (13.519892411142443 52.4895567086279),Karlshorst,Lichtenberg,1102,11G13,Karlshorster Schule,,,,,,,,,,"Lisztstraße 6, 10318 Berlin",Lisztstraße,6,10318,Berlin,,,,,,,,,,True,52.489556712633366,13.51989241078053,False
53585760,11012012,Romain-Rolland-Oberschule,52.59900776168923,13.318745667285826,POINT (13.318745666624213 52.59900774893825),Wittenau,Reinickendorf,1209,12Y07,Romain-Rolland-Oberschule,,,,,,,,,,"Place Molière 4, 13469 Berlin",Place Molière,4,13469,Berlin,,,,,+4930 414017 0,romain-rolland-gymnasium@t-online.de,https://www.romain-rolland-gymnasium.eu/,,,True,52.59900776168923,13.318745667285826,False
53638694,11006006,Evangelische Schule Steglitz,52.45000166417545,13.33125051265011,POINT (13.331250510916579 52.45000165649105),Steglitz,Steglitz-Zehlendorf,0601,06P12,Evangelische Schule Steglitz,,,,,,,,,,"Beymestraße 6-7, 12167 Berlin",Beymestraße,6-7,12167,Berlin,Evangelische Schulstiftung in der EKBO,,,,+49-30-7916001,info@ev-schule-steglitz.de,https://www.ev-schule-steglitz.de/,,,True,52.45000166417545,13.33125051265011,False
53809054,11009009,Waldhaus im FEZ,52.4669740402113,13.543633219849868,POINT (13.54363321967908 52.46697403962718),Oberschöneweide,Treptow-Köpenick,0909,,Waldhaus im FEZ,,,,,,,,,,"173, An der Wuhlheide, Oberschöneweide, Treptow-Köpenick, Berlin, 12459, Deutschland",,,12459,,,,,,,,http://www.foej-jao.de,,,True,52.4669740402113,13.543633219849868,True
54036484,11009009,Alexander-von-Humboldt-Oberschule (Gymnasium),52.44646749272853,13.568224014529651,POINT (13.56822400234727 52.44646746866749),Köpenick,Treptow-Köpenick,0910,09Y05,Alexander-von-Humboldt-Oberschule (Gymnasium),,,,,,,,,,"Oberspreestraße 173, 12555 Berlin",Oberspreestraße,173,12555,Berlin,,,,,,,http://www.avh-schule.de,,,True,52.44646749272853,13.568224014529651,False
54039628,11009009,Schule am Ginkobaum,52.440559157268,13.497796479846341,POINT (13.497796481115502 52.44055915265611),Johannisthal,Treptow-Köpenick,0904,09G05,Schule am Ginkobaum,,,,,,,,,,"Springbornstraße 250, 12487 Berlin",Springbornstraße,250,12487,Berlin,,,,,,,,,,True,52.440559157268,13.497796479846341,False
54633562,11009009,Gebrüder-Montgolfier-Gymnasium,52.44874934980937,13.503661976765517,POINT (13.50366197746069 52.44874934571484),Johannisthal,Treptow-Köpenick,0904,09Y10,Gebrüder-Montgolfier-Gymnasium,,,,,,,,,,"Ellernweg 20-22, 12487 Berlin",Ellernweg,20-22,12487,Berlin,,,,,+4930 631667 7,,https://www.gemont.de/,,,True,52.44874934980937,13.503661976765517,False
55360043,11011011,Grüner Campus Malchow - Hauptgebäude,52.57189267892549,13.484120269747875,POINT (13.484120269874465 52.57189267244578),Malchow,Lichtenberg,1106,11K10,Grüner Campus Malchow - Hauptgebäude,,,,,,,,,,"Malchower Chaussee 2, 13051 Berlin",Malchower Chaussee,2,13051,Berlin,,,,,+49 30 962485-95,,http://gruener-campus-malchow.de/,,,True,52.57189267892549,13.484120269747875,False
55387635,11001001,City-Grundschule,52.50751951003276,13.408574341156566,POINT (13.408574345717746 52.50751950334716),Mitte,Mitte,0101,01G10,City-Grundschule,,,,,,,,,,"Sebastianstraße 57, 10179 Berlin",Sebastianstraße,57,10179,Berlin,,,,,+49 30 28449060,info@city-grundschule.de,http://www.citygrundschule.de,,,True,52.50751951003276,13.408574341156566,False
56166529,11007007,Löcknitz-Grundschule,52.48963609688989,13.3428720366231,POINT (13.342872037132931 52.489636094603846),Schöneberg,Tempelhof-Schöneberg,0701,07G14,Löcknitz-Grundschule,,,,,,,,,,"Berchtesgadener Straße 10-11, 10779 Berlin",Berchtesgadener Straße,10-11,10779,Berlin,,,,,,,,,,True,52.48963609688989,13.3428720366231,False
56464221,11012012,Hoffmann-von-Fallersleben-Grundschule,52.58822762677936,13.295869105594829,POINT (13.295869099914471 52.58822761518728),Tegel,Reinickendorf,1202,12G15,Hoffmann-von-Fallersleben-Grundschule,,,,,,,,,,"Ziekowstraße 80-88, 13509 Berlin",Ziekowstraße,80-88,13509,Berlin,,,,,,,,,,True,52.58822762677936,13.295869105594829,False
57384610,11005005,VHS Spandau - Harri-Reinert,52.53920788914751,13.204923028407508,POINT (13.204923028511214 52.53920788891881),Spandau,Spandau,0501,05A03,VHS Spandau - Harri-Reinert,,,,,,,,,,"Carl-Schurz-Straße 59, 13597 Berlin",Carl-Schurz-Straße,59,13597,Berlin,,,,,,,,,,True,52.53920788914751,13.204923028407508,False
57687033,11004004,Berlin International School,52.470394816746655,13.29349905490684,POINT (13.293499055532905 52.47039481466675),Schmargendorf,Charlottenburg-Wilmersdorf,0403,04P42,Berlin International School,,,,,,,,,,"Lentzeallee 8-14, 14195 Berlin",Lentzeallee,8-14,14195,Berlin,Private Kant-Schulen gGmbH,,,,,,https://www.berlin-international-school.de/,,,True,52.470394816746655,13.29349905490684,False
57769527,11003003,unknown_school_name,52.55315980599838,13.409653181356173,POINT (13.409653181889311 52.553159804829534),Prenzlauer Berg,Pankow,0301,,,,,,,,,,,,Schönfließer Straße 7,Schönfließer Straße,7,10439,,,,,,,,,,,True,52.55315980599838,13.409653181356173,False
58558041,11003003,Grundschule in Rosenthal,52.59161016084076,13.375441910495205,POINT (13.375441909991524 52.59161015684304),Rosenthal,Pankow,0312,03G13,Grundschule in Rosenthal,,,,,,,,,,"Kastanienallee 59, 13158 Berlin",Kastanienallee,59,13158,Berlin,,,,,,,,,,True,52.59161016084076,13.375441910495205,False
58699642,11003003,Platanen-Grundschule,52.61814630099842,13.389384052435467,POINT (13.389384052345617 52.618146300915754),Blankenfelde,Pankow,0308,,Platanen-Grundschule,,,,,,,,,,"20, Hauptstraße, Blankenfelde, Pankow, Berlin, 13159, Deutschland",,,13159,,,,,,,,,,,True,52.61814630099842,13.389384052435467,True
59344672,11012012,Jean-Krämer-Schule,52.59068434470984,13.335693796127204,POINT (13.33569379761547 52.59068433512316),Wittenau,Reinickendorf,1209,12K07,Jean-Krämer-Schule,,,,,,,,,,"8;9;10;11;12, Alt-Wittenau, Wittenau, Reinickendorf, Berlin, 13437, Deutschland",,,13437,,,,,,+4930 411 09 152,,http://www.jeankraemerschule.de,,,True,52.59068434470984,13.335693796127204,True
59431430,11003003,"Max-Bill-Schule, OSZ Planen, Bauen, Gestalten",52.558311844880926,13.449899569659113,POINT (13.449899576929921 52.55831182893447),Weißensee,Pankow,0302,03B10,"Max-Bill-Schule, OSZ Planen, Bauen, Gestalten",,,,,,,,,,"Gustav-Adolf-Straße 66, 13086 Berlin",Gustav-Adolf-Straße,66,13086,Berlin,"Senatsverwaltung für Bildung, Jugend und Wissenschaft, Referat IIG, Bernhard-Weiß-Str. 6, 10178 Berlin",,,,+49 30 912052105,,https://www.max-bill-schule.net/,,,True,52.558311844880926,13.449899569659113,False
60064622,11012012,Charlie-Chaplin-Grundschule,52.59777957733528,13.3646033514707,POINT (13.364603350133896 52.59777957424135),Märkisches Viertel,Reinickendorf,1210,12G32,Charlie-Chaplin-Grundschule,,,,,,,,,,"Wilhelmsruher Damm 90-94, 13439 Berlin",Wilhelmsruher Damm,90-94,13439,Berlin,Bezirksamt Reinickendorf von Berlin,,,,+4930 416 76 76,charlie-chaplin.grundschule@web.de,https://www.charlie-chaplin-grundschule.com/,,,True,52.59777957733528,13.3646033514707,False
60108703,11012012,Chamisso-Grundschule,52.60200897561663,13.358235852467178,POINT (13.358235851288114 52.60200897160844),Märkisches Viertel,Reinickendorf,1210,12G27,Chamisso-Grundschule,,,,,,,,,,"27, Senftenberger Ring, Märkisches Viertel, Reinickendorf, Berlin, 13435, Deutschland",,,13435,,,,,,+4930 40716257,info@chamisso-grundschule.de,https://www.chamisso-grundschule.de/,,,True,52.60200897561663,13.358235852467178,True
60115116,11007007,Friedenauer Gemeinschaftsschule (Standort Otzenstraße),52.47493796624645,13.345313044329856,POINT (13.345313043489147 52.47493796160919),Schöneberg,Tempelhof-Schöneberg,0701,07K12c,Friedenauer Gemeinschaftsschule (Standort Otzenstraße),,,,,,,,,,"Otzenstraße 16-17, 12159 Berlin",Otzenstraße,16-17,12159,Berlin,Bezirksamt Tempelhof-Schöneberg von Berlin,,,,+49 30 902777904,,http://friedenauer-gemeinschaftsschule.de/aussenstelle-otzenstrasse/,,,True,52.47493796624645,13.345313044329856,False
60706751,11003003,Hasengrund-Schule (Grundschule),52.57800583277528,13.394435822384716,POINT (13.394435822036916 52.57800583199339),Niederschönhausen,Pankow,0311,03G28b,Hasengrund-Schule (Grundschule),,,,,,,,,,"Hermann-Hesse-Straße 48-52, 13156 Berlin",Hermann-Hesse-Straße,48-52,13156,Berlin,,,,,,,,,,True,52.57800583277528,13.394435822384716,False
61893167,11007007,Finow-Grundschule,52.49813351562422,13.343421386816003,POINT (13.343421388782179 52.49813351333103),Schöneberg,Tempelhof-Schöneberg,0701,07G02,Finow-Grundschule,,,,,,,,,,"Welserstraße 16 -22, 10777 Berlin",Welserstraße,16 -22,10777,Berlin,Bezirksamt Tempelhof-Schöneberg von Berlin,,,,,,https://www.finow-gs.de,,,True,52.49813351562422,13.343421386816003,False
64328538,11010010,Oscar-Tietz-Schule,52.53004339412694,13.532547341644932,POINT (13.532547341194675 52.53004338917302),Marzahn,Marzahn-Hellersdorf,1001,10B01,Oscar-Tietz-Schule,,,,,,,,,,"Radebeuler Straße, Marzahn, Marzahn-Hellersdorf, Berlin, 12681, Deutschland",,,12681,,,,,,,,,,,True,52.53004339412694,13.532547341644932,True
64359029,11010010,Schule am Rosenhain,52.52912691665551,13.603141486595918,POINT (13.603141489577588 52.52912691336934),Hellersdorf,Marzahn-Hellersdorf,1005,10S07,Schule am Rosenhain,,,,,,,,,,"32, Klingenthaler Straße, Gelbes Viertel, Kastanienallee, Hellersdorf, Marzahn-Hellersdorf, Berlin, 12627, Deutschland",,,12627,,,,,,,,,,,True,52.52912691665551,13.603141486595918,True
66528046,11008008,Hans-Fallada-Schule,52.48397881705723,13.452831678027882,POINT (13.452831677634332 52.48397881160995),Neukölln,Neukölln,0801,"08G03, 08S06",Hans-Fallada-Schule,,,,,,,,,,"Harzer Straße 73-74, 12059 Berlin",Harzer Straße,73-74,12059,Berlin,Land Berlin,,,,,,,,,True,52.48397881705723,13.452831678027882,False
68804388,11003003,Heinrich-Roller-Grundschule,52.53103600343616,13.424089809381332,POINT (13.424089807898284 52.5310360006448),Prenzlauer Berg,Pankow,0301,03G02,Heinrich-Roller-Grundschule,,,,,,,,,,"Heinrich-Roller-Straße 18, 10405 Berlin",Heinrich-Roller-Straße,18,10405,Berlin,,,,,,,,,,True,52.53103600343616,13.424089809381332,False
69162079,11012012,Lauterbach-Grundschule,52.60391509394947,13.359261116048113,POINT (13.359261114376379 52.6039150781372),Märkisches Viertel,Reinickendorf,1210,"12G33, 12S02",Lauterbach-Grundschule,,,,,,,,,,"41, Senftenberger Ring, Märkisches Viertel, Reinickendorf, Berlin, 13435, Deutschland",,,13435,,,,,,+4930 402 10 88,info@lauterbach-grundschule.de,http://www.lauterbach-grundschule.de/,,,True,52.60391509394947,13.359261116048113,True
71080589,11010010,Otto-Nagel-Gymnasium,52.51210500670981,13.54930472107629,POINT (13.549304721461038 52.51210500508803),Biesdorf,Marzahn-Hellersdorf,1002,10Y02,Otto-Nagel-Gymnasium,,,,,,,,,,"Schulstraße 11, 12683 Berlin",Schulstraße,11,12683,Berlin,,,,,,,,,,True,52.51210500670981,13.54930472107629,False
71423463,11011011,Grundschule am Faulen See,52.55214158685699,13.497765050123924,POINT (13.497765050746676 52.55214158301748),Alt-Hohenschönhausen,Lichtenberg,1110,11G21,Grundschule am Faulen See,,,,,,,,,,"Grundschule am Faulen See, Hohengraper Weg, Hohenschönhausen II, Alt-Hohenschönhausen, Lichtenberg, Berlin, 13053, Deutschland",,,13053,,,,,,,,,,,True,52.55214158685699,13.497765050123924,True
72608444,11009009,Friedrichshagener Grundschule,52.45454862527592,13.62231128883049,POINT (13.62231128806626 52.45454862376722),Friedrichshagen,Treptow-Köpenick,0911,09G27,Friedrichshagener Grundschule,,,,,,,,,,"Peter-Hille-Straße 7, 12587 Berlin",Peter-Hille-Straße,7,12587,Berlin,,,,,+49 30 6455411,,http://www.friedrichshagener-grundschule.cidsnet.de/,,,True,52.45454862527592,13.62231128883049,False
73858905,11003003,Panke Schule,52.57888479481919,13.417386034547107,POINT (13.41738603405805 52.57888479434096),Niederschönhausen,Pankow,0311,03S08,Panke Schule,,,,,,,,,,"Panke Schule, Galenusstraße, Pankow, Berlin, 13187, Deutschland",,,13187,,,,,,,,,,,True,52.57888479481919,13.417386034547107,True
74209888,11011011,Robinson-Schule,52.50961507398312,13.501609101356426,POINT (13.501609103833024 52.50961507275248),Rummelsburg,Lichtenberg,1112,11G08,Robinson-Schule,,,,,,,,,,"Wönnichstraße 7, 10317 Berlin",Wönnichstraße,7,10317,Berlin,,,,,,info@robinsonschule-berlin.de,,,,True,52.50961507398312,13.501609101356426,False
74399560,11011011,Mildred-Harnack-Schule,52.51094349693207,13.480835617467351,POINT (13.480835617552463 52.51094349338163),Lichtenberg,Lichtenberg,1103,11K02,Mildred-Harnack-Schule,,,,,,,,,,"Schulze-Boysen-Straße 12, 10365 Berlin",Schulze-Boysen-Straße,12,10365,Berlin,Bezirksamt Lichtenberg von Berlin,,,,,,,,,True,52.51094349693207,13.480835617467351,False
74481226,11012012,Grundschule in den Rollbergen,52.609683629760156,13.337586540162446,POINT (13.337586540158057 52.609683626216984),Waidmannslust,Reinickendorf,1207,12G28,Grundschule in den Rollbergen,,,,,,,,,,"79, Schluchseestraße, Schwarzwaldsiedlung, Waidmannslust, Reinickendorf, Berlin, 13469, Deutschland",,,13469,,,,,,+4930 402 30 59,rollberge@web.de,http://www.rollberge.de,,,True,52.609683629760156,13.337586540162446,True
74588478,11012012,Viktor-Gollancz-Grundschule,52.63841840218743,13.28803568836657,POINT (13.288035689033553 52.63841839857164),Frohnau,Reinickendorf,1205,12G23,Viktor-Gollancz-Grundschule,,,,,,,,,,"20;22;18;24, Gollanczstraße, Frohnau, Reinickendorf, Berlin, 13465, Deutschland",,,13465,,,,,,+4930 4014659,schule@gollancz.de,https://victor-gollancz-grundschule.de/,,,True,52.63841840218743,13.28803568836657,True
75490315,11011011,Schule am Fennpfuhl,52.52385419676224,13.476255754666115,POINT (13.476255755011048 52.52385419507684),Fennpfuhl,Lichtenberg,1111,11S02,Schule am Fennpfuhl,,,,,,,,,,"Alfred-Jung-Straße 19, 10369 Berlin",Alfred-Jung-Straße,19,10369,Berlin,,,,,,,,,,True,52.52385419676224,13.476255754666115,False
75619322,11003003,Grundschule im Blumenviertel,52.53531662017182,13.457252635142725,POINT (13.457252635071663 52.53531661889982),Prenzlauer Berg,Pankow,0301,03G38,Grundschule im Blumenviertel,,,,,,,,,,"Syringenplatz 20, 10407 Berlin",Syringenplatz,20,10407,Berlin,,,,,,,,,,True,52.53531662017182,13.457252635142725,False
75687675,11003003,Grundschule am Kollwitzplatz,52.53761050066755,13.414316258858898,POINT (13.414316259004984 52.53761049851065),Prenzlauer Berg,Pankow,0301,03G03,Grundschule am Kollwitzplatz,,,,,,,,,,"Knaackstraße 67, 10435 Berlin",Knaackstraße,67,10435,Berlin,,,,,,,,,,True,52.53761050066755,13.414316258858898,False
75688663,11003003,Wilhelm-von-Humboldt-Gemeinschaftsschule,52.5486711746904,13.424429430367484,POINT (13.424429430958979 52.54867117343851),Prenzlauer Berg,Pankow,0301,03K11,Wilhelm-von-Humboldt-Gemeinschaftsschule,,,,,,,,,,"Erich-Weinert-Straße 70, 10439 Berlin",Erich-Weinert-Straße,70,10439,Berlin,Bezirksamt Pankow von Berlin,,,,,sekretariat@wvh-gemeinschaftsschule.de,https://wvh-gemeinschaftsschule.de,,,True,52.5486711746904,13.424429430367484,False
76234507,11012012,"Montessori Campus am Tegeler Forst - Sekundarstufe I, Filiale Alt-Heiligensee",52.60888648885336,13.214467059024622,POINT (13.214467059035785 52.60888648877043),Heiligensee,Reinickendorf,1204,,"Montessori Campus am Tegeler Forst - Sekundarstufe I, Filiale Alt-Heiligensee",,,,,,,,,,"Alt-Heiligensee 29, 13503 Berlin",Alt-Heiligensee,29,13503,Berlin,Montessori Campus am Tegeler Forst,,,,,,,,,True,52.60888648885336,13.214467059024622,False
76240377,11012012,Grundschule an der Peckwisch,52.59264456973933,13.347810322268217,POINT (13.3478103206102 52.59264455769355),Märkisches Viertel,Reinickendorf,1210,12G09,Grundschule an der Peckwisch,,,,,,,,,,"Tornower Weg, Märkisches Viertel, Reinickendorf, Berlin, 13439, Deutschland",,,13439,,,,,,+4930 41508006,sekretariat@peckwisch.de,https://www.peckwisch.de/,,,True,52.59264456973933,13.347810322268217,True
77066493,11003003,Kurt-Tucholsky-Oberschule,52.559208981151855,13.423040291532,POINT (13.423040291628691 52.55920898018582),Pankow,Pankow,0307,,Kurt-Tucholsky-Oberschule,,,,,,,,,,"Neumannstraße 11, 13189 Berlin",Neumannstraße,11,13189,Berlin,,,,,,,,,,True,52.559208981151855,13.423040291532,False
80279966,11012012,Renée-Sintenis-Grundschule,52.637266558242835,13.272160710965208,POINT (13.27216071164026 52.63726655396232),Frohnau,Reinickendorf,1205,12G24,Renée-Sintenis-Grundschule,,,,,,,,,,"Laurinsteig 39-45, 13465 Berlin",Laurinsteig,39-45,13465,Berlin,,,,,+49 30 406059 10,Renee.Sintenis@t-online.de,https://www.renee-sintenis-grundschule.de,,,True,52.637266558242835,13.272160710965208,False
82121174,11008008,Rose-Oehmichen Grundschule,52.4005688915017,13.501803221374512,POINT (13.501803218313333 52.40056888588664),Rudow,Neukölln,0804,08G37,Rose-Oehmichen Grundschule,,,,,,,,,,"Lieselotte-Berger-Straße 65, 12355 Berlin",Lieselotte-Berger-Straße,65,12355,Berlin,,,,,+4930 669 88 10,berlin.08g37@t-online.de,http://www.rog.cidsnet.de/,,,True,52.4005688915017,13.501803221374512,False
82265834,11002002,Robert-Koch-Oberschule,52.49304619231601,13.415745204018801,POINT (13.415745204264677 52.493046192148),Kreuzberg,Friedrichshain-Kreuzberg,0202,02Y07,Robert-Koch-Oberschule,,,,,,,,,,"Dieffenbachstraße 60, 10967 Berlin",Dieffenbachstraße,60,10967,Berlin,,,,,,,,,,True,52.49304619231601,13.415745204018801,False
82391174,11002002,Lemgo-Grundschule - Filialstandort,52.49170511962218,13.415588399203111,POINT (13.415588399199455 52.491705119545294),Kreuzberg,Friedrichshain-Kreuzberg,0202,02G26b,Lemgo-Grundschule - Filialstandort,,,,,,,,,,"Müllenhoffstraße 7, 10967 Berlin",Müllenhoffstraße,7,10967,Berlin,,,,,,,,,,True,52.49170511962218,13.415588399203111,False
82823848,11006006,Dreilindenschule,52.42011281674762,13.186927349931437,POINT (13.186927348297901 52.42011281365674),Nikolassee,Steglitz-Zehlendorf,0606,,Dreilindenschule,,,,,,,,,,"Dreilindenschule, Dreilindenstraße, Nikolassee, Steglitz-Zehlendorf, Berlin, Teltow, 14109, Deutschland",,,14109,,,,,,,,,,,True,52.42011281674762,13.186927349931437,True
83020777,11008008,Elbe-Grundschule,52.484075126237016,13.441291209076919,POINT (13.441291210186574 52.48407512533843),Neukölln,Neukölln,0801,08G05,Elbe-Grundschule,,,,,,,,,,"Elbestraße 11-12, 12045 Berlin",Elbestraße,11-12,12045,Berlin,,,,,,,,,,True,52.484075126237016,13.441291209076919,False
83092696,11002002,Bürgermeister-Herz-Grundschule,52.494389884351406,13.405352074157893,POINT (13.405352074276891 52.494389882859046),Kreuzberg,Friedrichshain-Kreuzberg,0202,02G20,Bürgermeister-Herz-Grundschule,,,,,,,,,,"Wilmsstraße 10, 10961 Berlin",Wilmsstraße,10,10961,Berlin,Bezirksamt Friedrichshain-Kreuzberg von Berlin,,,,+49 30 3198702211,sekretariat@bmh.schule.berlin.de,,,,True,52.494389884351406,13.405352074157893,False
87272733,11012012,Carl-Benz-Oberschule,52.61560951093796,13.29824182076942,POINT (13.298241819144227 52.61560950689692),Hermsdorf,Reinickendorf,1206,12K09,Carl-Benz-Oberschule,,,,,,,,,,"Heidenheimer Straße 53-54, 13467 Berlin",Heidenheimer Straße,53-54,13467,Berlin,,,,,,,,,,True,52.61560951093796,13.29824182076942,False
87533889,11006006,Alt-Lankwitzer Grundschule,52.437209400512856,13.352210300764979,POINT (13.352210297727527 52.43720939290384),Lankwitz,Steglitz-Zehlendorf,0603,06G20,Alt-Lankwitzer Grundschule,,,,,,,,,,"Schulstraße 17-21, 12247 Berlin",Schulstraße,17-21,12247,Berlin,Bezirksamt Steglitz-Zehlendorf,,,,,,,,,True,52.437209400512856,13.352210300764979,False
87983303,11003003,Grundschule Wilhelmsruh,52.59070759356972,13.364407855638282,POINT (13.364407855158667 52.590707589970535),Wilhelmsruh,Pankow,0313,03G43,Grundschule Wilhelmsruh,,,,,,,,,,"Lessingstraße 44, 13158 Berlin",Lessingstraße,44,13158,Berlin,Bezirksamt Pankow von Berlin Amt für Schule und Sport Fröbelstraße 17 / Haus 9 10405 Berlin,,,,,sekretariat@grundschule-wilhelmsruh.de,https://grundschule-wilhelmsruh.de/,,,True,52.59070759356972,13.364407855638282,False
93266148,11003003,Käthe-Kollwitz-Gymnasium,52.54599795998439,13.422226894912157,POINT (13.422226895207023 52.545997957852975),Prenzlauer Berg,Pankow,0301,03Y03,Käthe-Kollwitz-Gymnasium,,,,,,,,,,"Dunckerstraße 65/66, 10439 Berlin",Dunckerstraße,65/66,10439,Berlin,,,,,,,,,,True,52.54599795998439,13.422226894912157,False
95264381,11002002,Refik-Veseli-Schule (Integrierte Sekundarschule) - Filiale,52.49630196738151,13.416629382876483,POINT (13.416629382851584 52.49630196669447),Kreuzberg,Friedrichshain-Kreuzberg,0202,02K08b,Refik-Veseli-Schule (Integrierte Sekundarschule) - Filiale,,,,,,,,,,"Fraenkelufer 18, 10999 Berlin",Fraenkelufer,18,10999,Berlin,,,,,,,,,,True,52.49630196738151,13.416629382876483,False
95942527,11003003,Robert-Havemann-Gymnasium,52.616169318235336,13.494193598483431,POINT (13.494193601597418 52.616169311683585),Karow,Pankow,0305,03Y16,Robert-Havemann-Gymnasium,,,,,,,,,,"Zum Kappgraben, Stadtrandsiedlung Buch, Karow, Pankow, Berlin, 13125, Deutschland",,,13125,,,,,,+4930 948785 11,info@rhgym.de,https://www.robert-havemann-gymnasium.de/,,,True,52.616169318235336,13.494193598483431,True
96135912,11003003,Bötzow Grundschule,52.5349067526169,13.439507465272237,POINT (13.439507465763892 52.53490675213744),Prenzlauer Berg,Pankow,0301,,Bötzow Grundschule,,,,,,,,,,"John-Schehr-Straße 38, 10407 Berlin",John-Schehr-Straße,38,10407,Berlin,,,,,,,,,,True,52.5349067526169,13.439507465272237,False
96135923,11003003,Bötzow-Grundschule,52.53463791566065,13.439268472348386,POINT (13.439268472677124 52.534637913199155),Prenzlauer Berg,Pankow,0301,03G06,Bötzow-Grundschule,,,,,,,,,,"John-Schehr-Straße 38, 10407 Berlin",John-Schehr-Straße,38,10407,Berlin,,,,,+4930 428510 32,info@boetzow-grundschule.de,https://www.boetzow-grundschule.de/,,,True,52.53463791566065,13.439268472348386,False
97062895,11006006,Gartenarbeitsschule Steglitz-Zehlendorf,52.44795336807624,13.322149775047187,POINT (13.322149775566647 52.44795336365879),Steglitz,Steglitz-Zehlendorf,0601,,Gartenarbeitsschule Steglitz-Zehlendorf,,,,,,,,,,"Haydnstraße 20, 12203 Berlin",Haydnstraße,20,12203,Berlin,,,,,,info@gartensteglitz.de,https://www.gartensteglitz.de/,,,True,52.44795336807624,13.322149775047187,False
97242967,11007007,Schätzelberg-Grundschule,52.44836089634191,13.40047500643815,POINT (13.400475005694659 52.44836089289788),Mariendorf,Tempelhof-Schöneberg,0704,07G23,Schätzelberg-Grundschule,,,,,,,,,,"Wolfsburger Weg 13-19, 12109 Berlin",Wolfsburger Weg,13-19,12109,Berlin,Bezirksamt Tempelhof-Schöneberg von Berlin,,,,,,,,,True,52.44836089634191,13.40047500643815,False
97264986,11005005,Carl-Friedrich-von-Siemens-Gymnasium,52.54586740405828,13.270512517181759,POINT (13.270512517130443 52.54586740398297),Siemensstadt,Spandau,0503,05Y04,Carl-Friedrich-von-Siemens-Gymnasium,,,,,,,,,,"Jungfernheideweg 79, 13629 Berlin",Jungfernheideweg,79,13629,Berlin,,,,,,,,,,True,52.54586740405828,13.270512517181759,False
98318912,11005005,Ernst-Ludwig-Heim Grundschule,52.53026978266571,13.207389798782227,POINT (13.207389799358527 52.53026978015617),Spandau,Spandau,0501,05G01,Ernst-Ludwig-Heim Grundschule,,,,,,,,,,"Grunewaldstraße 8, 13597 Berlin",Grunewaldstraße,8,13597,Berlin,,,,,+49 30 3393870,elhg@web.de,http://www.e-l-heim.cidsnet.de/,,,True,52.53026978266571,13.207389798782227,False
98573559,11007007,Bruno-H.-Bürgel-Grundschule,52.40452143325768,13.401536900900673,POINT (13.401536899034 52.40452143074319),Lichtenrade,Tempelhof-Schöneberg,0706,07G32,Bruno-H.-Bürgel-Grundschule,,,,,,,,,,"Rackebüller Weg 70, 12305 Berlin",Rackebüller Weg,70,12305,Berlin,Bezirksamt Tempelhof-Schöneberg von Berlin,,,,+49 30 902778250,sekretariat@bhb.schule.berlin.de,https://www.bruno-h-buergel-grundschule.de,,,True,52.40452143325768,13.401536900900673,False
98843692,11007007,Grundschule im Taunusviertel,52.40010533014707,13.41978900295843,POINT (13.419789002789932 52.400105327402635),Lichtenrade,Tempelhof-Schöneberg,0706,07G26,Grundschule im Taunusviertel,,,,,,,,,,"Wiesbadener Straße 20, 12309 Berlin",Wiesbadener Straße,20,12309,Berlin,Bezirksamt Tempelhof-Schöneberg von Berlin,,,,+49 30 902778151,sekretariat@taunusviertel.schule.berlin.de,https://www.grundschule-im-taunusviertel.de/,,,True,52.40010533014707,13.41978900295843,False
98845896,11008008,Schule am Bienwaldring,52.42156394944615,13.425014553397524,POINT (13.425014553512018 52.421563946900086),Buckow,Neukölln,0803,08S07,Schule am Bienwaldring,,,,,,,,,,"Breitunger Weg 1, 12349 Berlin",Breitunger Weg,1,12349,Berlin,Bezirksamt Neukölln von Berlin,,,,+49 30 7430100,sekretariat@08S07.schule.berlin.de,https://www.schule-am-bienwaldring.de,,,True,52.42156394944615,13.425014553397524,False
98891322,11007007,Ikarus Grundschule,52.43332900608843,13.384038575399282,POINT (13.384038575931367 52.43332900346602),Mariendorf,Tempelhof-Schöneberg,0704,07G37,Ikarus Grundschule,,,,,,,,,,"Körtingstraße 45, 12107 Berlin",Körtingstraße,45,12107,Berlin,Bezirksamt Tempelhof-Schöneberg von Berlin,,,,+49 30 902777459,sekretariat@ikarus.schule.berlin.de,https://ikarus-grundschule.de,,,True,52.43332900608843,13.384038575399282,False
98891904,11007007,Grundschule am Dielingsgrund,52.41211287941447,13.408242165423568,POINT (13.40824216432716 52.41211287747428),Lichtenrade,Tempelhof-Schöneberg,0706,07G36,Grundschule am Dielingsgrund,,,,,,,,,,"Dielingsgrund 35, 12305 Berlin",Dielingsgrund,35,12305,Berlin,Bezirksamt Tempelhof-Schöneberg von Berlin,,,,+49 30 902778222,sekretariat@dielingsgrund.com,https://www.dielingsgrund.com/,,,True,52.41211287941447,13.408242165423568,False
99169296,11003003,Bornholmer Grundschule,52.55662071002335,13.407528583214388,POINT (13.407528583717886 52.55662069730056),Prenzlauer Berg,Pankow,0301,03G14,Bornholmer Grundschule,,,,,,,,,,"Ibsenstraße 17, 10439 Berlin",Ibsenstraße,17,10439,Berlin,,,,,+4930 4458763,BornholmerGS@t-online.de,https://bornholmer-grundschule.de/,,,True,52.55662071002335,13.407528583214388,False
99721415,11007007,Prignitz-Schule,52.46887656073671,13.344762861842037,POINT (13.344762861838264 52.46887655845148),Schöneberg,Tempelhof-Schöneberg,0701,07S01,Prignitz-Schule,,,,,,,,,,"Pöppelmannstraße 2, 12157 Berlin",Pöppelmannstraße,2,12157,Berlin,Bezirksamt Tempelhof-Schöneberg von Berlin,,,,+49 30 902776932,,https://prignitz-schule-berlin.de,,,True,52.46887656073671,13.344762861842037,False
99833020,11007007,Paul-Natorp-Gymnasium,52.46961665705443,13.32352018944758,POINT (13.323520190987011 52.469616654153505),Friedenau,Tempelhof-Schöneberg,0702,07Y04,Paul-Natorp-Gymnasium,,,,,,,,,,"Goßlerstraße 13-15, 12161 Berlin",Goßlerstraße,13-15,12161,Berlin,Bezirksamt Tempelhof-Schöneberg von Berlin,,,,,,,,,True,52.46961665705443,13.32352018944758,False
100408623,11001001,Herbert-Hoover-Schule,52.546478952010354,13.373627140075994,POINT (13.373627140696605 52.54647894907463),Gesundbrunnen,Mitte,0106,01K06,Herbert-Hoover-Schule,,,,,,,,,,"Pankstraße 18-19, 13357 Berlin",Pankstraße,18-19,13357,Berlin,,,,,+49 30 4690634 0,,https://www.hhs-berlin.de/,,,True,52.546478952010354,13.373627140075994,False
100900695,11002002,Hunsrück-Schule,52.49791858621755,13.426539350623173,POINT (13.426539351185525 52.49791858236593),Kreuzberg,Friedrichshain-Kreuzberg,0202,02G27,Hunsrück-Schule,,,,,,,,,,"Manteuffelstraße 79, 10999 Berlin",Manteuffelstraße,79,10999,Berlin,Bezirksamt Friedrichshain-Kreuzberg,,,,,,,,,True,52.49791858621755,13.426539350623173,False
100979888,11004004,Johann-Peter-Hebel-Grundschule,52.49519400991404,13.319314323259471,POINT (13.319314323236503 52.49519400908914),Wilmersdorf,Charlottenburg-Wilmersdorf,0402,04G17,Johann-Peter-Hebel-Grundschule,,,,,,,,,,"Emser Straße 50, 10719 Berlin",Emser Straße,50,10719,Berlin,,,,,+4930 860085210,verwaltung@hebelschule-berlin.de,https://www.hebelschule-berlin.de/,,,True,52.49519400991404,13.319314323259471,False
102873898,11011011,Vincent-van-Gogh-Schule,52.5679208670533,13.507001218893327,POINT (13.507001219178683 52.56792086653902),Neu-Hohenschönhausen,Lichtenberg,1109,11K07,Vincent-van-Gogh-Schule,,,,,,,,,,"Wustrower Straße 26, 13051 Berlin",Wustrower Straße,26,13051,Berlin,,,,,,,,,,True,52.5679208670533,13.507001218893327,False
103050571,11005005,Lynar-Grundschule,52.548127072061106,13.206606337615149,POINT (13.2066063376147 52.54812707194507),Spandau,Spandau,0501,,Lynar-Grundschule,,,,,,,,,,"10, Lutherstraße, Neustadt, Spandau, Berlin, 13585, Deutschland",,,13585,,,,,,,,,,,True,52.548127072061106,13.206606337615149,True
103623833,11008008,Christoph-Ruden-Schule,52.420523479628706,13.435382353318305,POINT (13.435382350560864 52.42052347321818),Buckow,Neukölln,0803,08G26,Christoph-Ruden-Schule,,,,,,,,,,"An den Achterhöfen 13, 12349 Berlin",An den Achterhöfen,13,12349,Berlin,,,,,+49 30 7421014,sekretariat@08G26.schule.berlin.de,https://www.christoph-ruden-schule.de/,,,True,52.420523479628706,13.435382353318305,False
103629445,11008008,Heinrich-Mann-Schule,52.41554860134166,13.43213876112897,POINT (13.432138758592492 52.41554859904925),Buckow,Neukölln,0803,08K04,Heinrich-Mann-Schule,,,,,,,,,,"Gerlinger Straße 22, 12353 Berlin",Gerlinger Straße,22,12353,Berlin,Bezirksamt Neukölln von Berlin,,,,+49 30 742080,,https://heinrichmannschule.de/,,,True,52.41554860134166,13.43213876112897,False
103844060,11007007,Schulspielplatz,52.483449532322105,13.356824292340342,POINT (13.356824290897368 52.48344953046967),Schöneberg,Tempelhof-Schöneberg,0701,,Schulspielplatz,,,,,,,,,,"Schulspielplatz, Ebersstraße, Rote Insel, Schöneberg, Tempelhof-Schöneberg, Berlin, 10827, Deutschland",,,10827,,Teltow-Grundschule,,,,,,,,,True,52.483449532322105,13.356824292340342,True
104397333,11005005,Schul-Umwelt-Zentrum Spandau - Gartenarbeitsschule Borkzeile,52.53970633622739,13.192703732852594,POINT (13.19270373253026 52.539706332405984),Spandau,Spandau,0501,,Schul-Umwelt-Zentrum Spandau - Gartenarbeitsschule Borkzeile,,,,,,,,,,"Borkzeile 34, 13583 Berlin",Borkzeile,34,13583,Berlin,,,,,,,https://www.gas-borkzeile.de/,,,True,52.53970633622739,13.192703732852594,False
104398646,11005005,Klosterfeld-Grundschule,52.53853644494655,13.180041114666835,POINT (13.180041115037126 52.538536444575875),Falkenhagener Feld,Spandau,0508,,Klosterfeld-Grundschule,,,,,,,,,,"Spandauer Judo-Club 1951 e.V., Seegefelder Straße, Falkenhagener Feld, Spandau, Berlin, 13583, Deutschland",,,13583,,,,,,+49 30 3725617,,,,,True,52.53853644494655,13.180041114666835,True
104495993,11005005,Askanier-Grundschule,52.53964936212326,13.191576984203364,POINT (13.191576983316518 52.53964935687212),Spandau,Spandau,0501,05G15,Askanier-Grundschule,,,,,,,,,,"Borkzeile 34, 13583 Berlin",Borkzeile,34,13583,Berlin,Bezirksamt Spandau von Berlin,,,,+49 30 36753860,sekretariat@askanier-gs.de,https://www.askanier-gs.de,,,True,52.53964936212326,13.191576984203364,False
104532414,11005005,Bertolt-Brecht-Oberschule,52.525141599865236,13.19206015782876,POINT (13.192060151058122 52.52514157890946),Wilhelmstadt,Spandau,0509,05K03,Bertolt-Brecht-Oberschule,,,,,,,,,,"Wilhelmstraße 10, 13595 Berlin",Wilhelmstraße,10,13595,Berlin,,,,,,,,,,True,52.525141599865236,13.19206015782876,False
104557393,11005005,Wolfgang-Borchert-Oberschule,52.54327217553099,13.19462084854666,POINT (13.194620849444002 52.54327217240808),Spandau,Spandau,0501,05K06,Wolfgang-Borchert-Oberschule,,,,,,,,,,"Borchertweg 2, 13585 Berlin",Borchertweg,2,13585,Berlin,,,,,+49 30 3539470,sekretariat@05K06.schule.berlin.de,https://borchertschule-spandau.de/,,,True,52.54327217553099,13.19462084854666,False
104654856,11005005,Freiherr-vom-Stein-Gymnasium,52.540287746996704,13.200065682330875,POINT (13.20006567964961 52.540287742462674),Spandau,Spandau,0501,05Y01,Freiherr-vom-Stein-Gymnasium,,,,,,,,,,"Galenstraße 40-44, 13597 Berlin",Galenstraße,40-44,13597,Berlin,Bezirksamt Spandau von Berlin,,,,+49 30 3309653,sekretariat@05Y01.schule.berlin.de,https://steingymnasium.de/,,,True,52.540287746996704,13.200065682330875,False
105785522,11001001,Vibra School of DJing,52.53664545051444,13.393440251946611,POINT (13.393440251736184 52.536645450360986),Mitte,Mitte,0101,,Vibra School of DJing,,,,,,,,,,"Strelitzer Straße 51, 10115 Berlin",Strelitzer Straße,51,10115,Berlin,,,,,,,,,,True,52.53664545051444,13.393440251946611,False
105955835,11002002,Fichtelgebirge-Grundschule,52.49616061125559,13.444749846823157,POINT (13.444749848379889 52.496160607150266),Kreuzberg,Friedrichshain-Kreuzberg,0202,02G23,Fichtelgebirge-Grundschule,,,,,,,,,,"Görlitzer Ufer 2, 10997 Berlin",Görlitzer Ufer,2,10997,Berlin,,,,,,,,,,True,52.49616061125559,13.444749846823157,False
106196799,11006006,Wilma-Rudolph-Oberschule,52.455097111062166,13.259913084158661,POINT (13.259913081427605 52.45509710292898),Dahlem,Steglitz-Zehlendorf,0605,06K02,Wilma-Rudolph-Oberschule,,,,,,,,,,"Am Hegewinkel 2a, 14169 Berlin",Am Hegewinkel,2a,14169,Berlin,,,,,+49 30 902996464,buero@wilma-rudolph.de,https://www.wilma-rudolph.de/,,,True,52.455097111062166,13.259913084158661,False
107686640,11009009,Röntgen-Sekundarschule,52.48906859891099,13.449206797311078,POINT (13.449206798020914 52.489068597578445),Alt-Treptow,Treptow-Köpenick,0901,08K09,Röntgen-Sekundarschule,,,,,,,,,,"Wildenbruchstraße 53, 12435 Berlin",Wildenbruchstraße,53,12435,Berlin,,,,,,,,,,True,52.48906859891099,13.449206797311078,False
107688362,11012012,Albrecht-Haushofer-Schule,52.61992638980055,13.228195946160806,POINT (13.228195936599308 52.61992636652928),Heiligensee,Reinickendorf,1204,12K11,Albrecht-Haushofer-Schule,,,,,,,,,,"Kurzebracker Weg 40-46, 13503",Kurzebracker Weg,40-46,13503,,,,,,,,,,,True,52.61992638980055,13.228195946160806,False
108543581,11001001,Brüder-Grimm-Grundschule,52.541546010913166,13.358504509428176,POINT (13.35850450943568 52.54154600916377),Wedding,Mitte,0105,01G28,Brüder-Grimm-Grundschule,,,,,,,,,,"Tegeler Straße 18-19, 13353 Berlin",Tegeler Straße,18-19,13353,Berlin,,,,,+49 30 4530840,bggs-berlin@web.de,https://bggs-berlin.de/,,,True,52.541546010913166,13.358504509428176,False
108804669,11009009,unknown_school_name,52.43899433875442,13.605952695175436,POINT (13.605952695207508 52.438994337796245),Köpenick,Treptow-Köpenick,0910,09G25b,,,,,,,,,,,"Alfred-Randt-Straße 56, 12559 Berlin",Alfred-Randt-Straße,56,12559,Berlin,,,,,,,,,,True,52.43899433875442,13.605952695175436,False
109704622,11004004,Carl-Orff-Grundschule,52.47851158566221,13.287812517779006,POINT (13.287812517228446 52.47851158137882),Schmargendorf,Charlottenburg-Wilmersdorf,0403,04G24,Carl-Orff-Grundschule,,,,,,,,,,"Berkaer Straße 9-10, 14199 Berlin",Berkaer Straße,9-10,14199,Berlin,,,,,,,,,,True,52.47851158566221,13.287812517779006,False
109980303,11004004,Walther-Rathenau-Gymnasium,52.49144567142994,13.28159209548176,POINT (13.28159209559438 52.49144566839766),Grunewald,Charlottenburg-Wilmersdorf,0404,04Y09,Walther-Rathenau-Gymnasium,,,,,,,,,,"Herbertstraße 4, 14193 Berlin",Herbertstraße,4,14193,Berlin,Bezirksamt Charlottenburg-Wilmersdorf von Berlin,,,,,sekretariat@wrg.schule.berlin.de,,,,True,52.49144567142994,13.28159209548176,False
110642163,11004004,Sekundarschule Wilmersdorf,52.48274774403939,13.293483569247007,POINT (13.293483569951052 52.48274774299133),Schmargendorf,Charlottenburg-Wilmersdorf,0403,04K07,Sekundarschule Wilmersdorf,,,,,,,,,,"Kranzer Straße 3, 14199 Berlin",Kranzer Straße,3,14199,Berlin,,,,,+49 30 89784591-0,info@sekundarschule-wilmersdorf.de,http://www.sekundarschule-wilmersdorf.de,,,True,52.48274774403939,13.293483569247007,False
110656840,11004004,Alt-Schmargendorf-Grundschule,52.476430686286456,13.294175419862878,POINT (13.2941754215339 52.47643068140717),Schmargendorf,Charlottenburg-Wilmersdorf,0403,04G23,Alt-Schmargendorf-Grundschule,,,,,,,,,,"Reichenhaller Straße, Schmargendorf, Charlottenburg-Wilmersdorf, Berlin, 14199, Deutschland",,,14199,,,,,,,,,,,True,52.476430686286456,13.294175419862878,True
111541400,11004004,Grunewald Grundschule,52.48483709343495,13.281789611611014,POINT (13.281789612156068 52.48483709108319),Grunewald,Charlottenburg-Wilmersdorf,0404,04G22,Grunewald Grundschule,,,,,,,,,,"Delbrückstraße 20A, 14193 Berlin",Delbrückstraße,20A,14193,Berlin,Bezirksamt Charlottenburg-Wilmersdorf von Berlin,,,,,,,,,True,52.48483709343495,13.281789611611014,False
111541493,11004004,Hildegard-Wegscheider-Gymnasium,52.485199517819694,13.276942611180088,POINT (13.276942611299773 52.48519951572627),Grunewald,Charlottenburg-Wilmersdorf,0404,04Y08,Hildegard-Wegscheider-Gymnasium,,,,,,,,,,"Lassenstraße 16-20, 14193 Berlin",Lassenstraße,16-20,14193,Berlin,Bezirksamt Charlottenburg-Wilmersdorf von Berlin,,,,,,,,,True,52.485199517819694,13.276942611180088,False
111657919,11001001,Lessing-Gymnasium,52.55757851906437,13.343392704378115,POINT (13.343392703882857 52.55757851701583),Wedding,Mitte,0105,01Y08,Lessing-Gymnasium,,,,,,,,,,"Schöningstraße 17, 13349 Berlin",Schöningstraße,17,13349,Berlin,Bezirksamt Mitte von Berlin,,,,+49 30 4579850,,https://www.lessing-gymnasium-berlin.de,,,True,52.55757851906437,13.343392704378115,False
111872672,11001001,Gottfried-Röhl-Grundschule,52.556560733222135,13.356258990564928,POINT (13.356258987721455 52.556560725389495),Wedding,Mitte,0105,01G24,Gottfried-Röhl-Grundschule,,,,,,,,,,"Ungarnstraße 75, 13349 Berlin",Ungarnstraße,75,13349,Berlin,,,,,,,,,,True,52.556560733222135,13.356258990564928,False
112503208,11001001,Heinrich von Stephan Gemeinschaftsschule,52.52505021688067,13.31743519693232,POINT (13.317435196171642 52.52505021483654),Moabit,Mitte,0102,01K04,Heinrich von Stephan Gemeinschaftsschule,,,,,,,,,,"Neues Ufer 6, 10553 Berlin",Neues Ufer,6,10553,Berlin,,,,,,,,,,True,52.52505021688067,13.31743519693232,False
113373757,11012012,Gustav-Dreyer-Schule,52.61302971079367,13.304346389933535,POINT (13.304346389230778 52.613029704371506),Hermsdorf,Reinickendorf,1206,12G22,Gustav-Dreyer-Schule,,,,,,,,,,"31, Freiherr-vom-Stein-Straße, Kurviertel, Hermsdorf, Reinickendorf, Berlin, 13467, Deutschland",,,13467,,,,,,+4930 405086 0,buero@gustav-dreyer-schule.de,http://www.gustav-dreyer-schule.de,,,True,52.61302971079367,13.304346389933535,True
116619771,11012012,Thomas-Mann-Gymnasium,52.59880782099505,13.351729557040361,POINT (13.351729557940065 52.59880781324122),Märkisches Viertel,Reinickendorf,1210,12Y08,Thomas-Mann-Gymnasium,,,,,,,,,,"Königshorster Straße 10, 13439 Berlin",Königshorster Straße,10,13439,Berlin,,,,,+4930 41476367 0,tmo.slt@t-online.de,http://www.tmo-berlin.info/,,,True,52.59880782099505,13.351729557040361,False
116676564,11001001,Ernst-Reuter-Schule,52.53851540750486,13.393668766012416,POINT (13.39366876617953 52.538515402271486),Gesundbrunnen,Mitte,0106,01K03,Ernst-Reuter-Schule,,,,,,,,,,"Stralsunder Straße 57, 13355 Berlin",Stralsunder Straße,57,13355,Berlin,"Senatsverwaltung für Bildung, Jugend und Familie",,,,+4930 46777991 0,verwaltung@ernst-reuter-schule.berlin,https://ernst-reuter-schule.berlin/,,,True,52.53851540750486,13.393668766012416,False
116793884,11001001,Gustav-Falke-Schule,52.53804664758064,13.390977503366965,POINT (13.39097750012928 52.53804664426825),Gesundbrunnen,Mitte,0106,01G38,Gustav-Falke-Schule,,,,,,,,,,"Strelitzer Straße 42, 13355 Berlin",Strelitzer Straße,42,13355,Berlin,,,,,,,,,,True,52.53804664758064,13.390977503366965,False
118359177,11006006,Gail-S.-Halvorsen-Integrierte Sekundarschule (Filiale),52.44046045272154,13.24093608852795,POINT (13.240936088601838 52.44046045257861),Zehlendorf,Steglitz-Zehlendorf,0604,06K09b,Gail-S.-Halvorsen-Integrierte Sekundarschule (Filiale),,,,,,,,,,"Jaehnstraße 14, 14163 Berlin",Jaehnstraße,14,14163,Berlin,,,,,,,,,,True,52.44046045272154,13.24093608852795,False
118377362,11009009,Anna-Seghers-Oberschule,52.434800523691926,13.548974885356234,POINT (13.548974885642854 52.434800517420825),Adlershof,Treptow-Köpenick,0907,09K02,Anna-Seghers-Oberschule,,,,,,,,,,"Radickestraße 43, 12489 Berlin",Radickestraße,43,12489,Berlin,,,,,+49 30 6774766,,https://www.anna-seghers-os.de,,,True,52.434800523691926,13.548974885356234,False
120445503,11012012,Schulhort der Franz-Marc-Grundschule,52.58774656082673,13.2792846462379,POINT (13.279284645418615 52.58774655975416),Tegel,Reinickendorf,1202,12G13b,Schulhort der Franz-Marc-Grundschule,,,,,,,,,,"Medebacher Weg 23-25, 13507 Berlin",Medebacher Weg,23-25,13507,Berlin,Bezirksamt Reinickendorf von Berlin,,,,,,,,,True,52.58774656082673,13.2792846462379,False
120944949,11003003,SchuleEins Filiale Wilhelmsruh,52.58811838583081,13.365628461715676,POINT (13.36562846223114 52.58811838321441),Wilhelmsruh,Pankow,0313,,SchuleEins Filiale Wilhelmsruh,,,,,,,,,,"Schillerstraße 49, 13158 Berlin",Schillerstraße,49,13158,Berlin,Pankower Früchtchen gGmbH,,,,+49 30 47036911,,https://www.schuleeins.de,,,True,52.58811838583081,13.365628461715676,False
120945735,11005005,Grundschule im Beerwinkel,52.54819801329074,13.157253018057279,POINT (13.157253018221926 52.54819800852515),Falkenhagener Feld,Spandau,0508,05G18,Grundschule im Beerwinkel,,,,,,,,,,"Im Spektefeld 31, 13589 Berlin",Im Spektefeld,31,13589,Berlin,Bezirksamt Spandau von Berlin,,,,+49 30 308322660,sekretariat@05G18.schule.berlin.de,https://www.beerwinkel.berlin/,,,True,52.54819801329074,13.157253018057279,False
120946280,11005005,Zeppelin-Grundschule,52.541384411344715,13.14621469705662,POINT (13.146214697076976 52.541384411143234),Staaken,Spandau,0504,05G16,Zeppelin-Grundschule,,,,,,,,,,"Zwischen den Giebeln, Gartenstadt Staaken, Staaken, Spandau, Berlin, 13591, Deutschland",,,13591,,,,,,,,,,,True,52.541384411344715,13.14621469705662,True
120946753,11005005,Christian-Morgenstern-Grundschule,52.522174226796864,13.168105881018677,POINT (13.168105883188288 52.522174221303125),Staaken,Spandau,0504,05G22,Christian-Morgenstern-Grundschule,,,,,,,,,,"Räcknitzer Steig 12, 13593 Berlin",Räcknitzer Steig,12,13593,Berlin,Bezirksamt Spandau von Berlin,,,,+49 30 3647930,sekretariat@05g22.schule.berlin.de,https://christian-morgenstern-grundschule.de,,,True,52.522174226796864,13.168105881018677,False
121034430,11004004,Robert-Reinick-Grundschule,52.5408048226055,13.274647123854784,POINT (13.27464712553303 52.54080481667106),Charlottenburg-Nord,Charlottenburg-Wilmersdorf,0406,05G11,Robert-Reinick-Grundschule,,,,,,,,,,"Jungfernheideweg 32, 13629 Berlin",Jungfernheideweg,32,13629,Berlin,,,,,,,,,,True,52.5408048226055,13.274647123854784,False
121105167,11004004,Katholische Herz-Jesu Schule,52.51119296428061,13.252734124894964,POINT (13.252734128353001 52.51119295881486),Westend,Charlottenburg-Wilmersdorf,0405,04P01,Katholische Herz-Jesu Schule,,,,,,,,,,"Insterburgallee 8-10, 14055 Berlin",Insterburgallee,8-10,14055,Berlin,Erzbistum Berlin,,,,+4930 3300701 0,info@herz-jesu-schule.de,https://herz-jesu-schule.de/,,,True,52.51119296428061,13.252734124894964,False
121105448,11004004,Schele Schule,52.51585616815647,13.256102839109635,POINT (13.25610283889317 52.5158561671453),Westend,Charlottenburg-Wilmersdorf,0405,04P02,Schele Schule,,,,,,,,,,"Olympische Straße 23, 14052 Berlin",Olympische Straße,23,14052,Berlin,,,,,+49 30 449 90,,https://schele-schule.de/,,,True,52.51585616815647,13.256102839109635,False
121107493,11004004,Herder-Gymnasium,52.51097806140501,13.258208025243407,POINT (13.258208025028805 52.51097805907733),Westend,Charlottenburg-Wilmersdorf,0405,04Y05,Herder-Gymnasium,,,,,,,,,,"Westendallee 45-46, 14052 Berlin",Westendallee,45-46,14052,Berlin,Bezirksamt Charlottenburg-Wilmersdorf von Berlin,,,,+49 30 902927800,leitung@herder-gymnasium.eu,https://www.herder-oberschule.de/,,,True,52.51097806140501,13.258208025243407,False
121108381,11005005,Grundschule an der Pulvermühle,52.54366446225286,13.22798927545581,POINT (13.2279892805905 52.543664459050156),Haselhorst,Spandau,0502,05G28,Grundschule an der Pulvermühle,,,,,,,,,,"Grützmacherweg 7, 13599 Berlin",Grützmacherweg,7,13599,Berlin,,,,,+4930 337765 67,sekretariat@gs-pulvermuehle.de,https://www.gs-pulvermuehle.de/,,,True,52.54366446225286,13.22798927545581,False
121108382,11005005,OSZ TIEM,52.54384979577631,13.230586117351686,POINT (13.230586117749798 52.54384978662996),Haselhorst,Spandau,0502,05B01,OSZ TIEM,,,,,,,,,,"Goldbeckweg 8;10;12;14, 13599 Berlin",Goldbeckweg,8;10;12;14,13599,Berlin,,,,,+4930 354946 0,kontakt@osztiem-edu.de,https://www.osztiem.de/,,,True,52.54384979577631,13.230586117351686,False
121111378,11004004,Peter-Ustinov-Schule,52.505852922039985,13.290724967618127,POINT (13.290724968955978 52.50585291799325),Charlottenburg,Charlottenburg-Wilmersdorf,0401,04K08,Peter-Ustinov-Schule,,,,,,,,,,"Kuno-Fischer-Straße 22 -26, 14057 Berlin",Kuno-Fischer-Straße,22 -26,14057,Berlin,Land Berlin,,,,,,,,,True,52.505852922039985,13.290724967618127,False
121141157,11003003,Arnold-Zweig-Grundschule,52.5675395953101,13.400650530259886,POINT (13.400650530318009 52.56753959521879),Pankow,Pankow,0307,03G26,Arnold-Zweig-Grundschule,,,,,,,,,,"Wollankstraße 131, 13187 Berlin",Wollankstraße,131,13187,Berlin,,,,,,,,,,True,52.5675395953101,13.400650530259886,False
121141632,11003003,Elizabeth-Shaw-Grundschule,52.56797218651765,13.410197277961798,POINT (13.410197278489266 52.567972182968376),Pankow,Pankow,0307,03G27,Elizabeth-Shaw-Grundschule,,,,,,,,,,"Grunowstraße 17, 13187 Berlin",Grunowstraße,17,13187,Berlin,,,,,,,,,,True,52.56797218651765,13.410197277961798,False
121142207,11003003,Freie Integrative Montessori-Grundschule Sternenwiese,52.56837432203384,13.413418547866241,POINT (13.413418547636008 52.56837432157042),Pankow,Pankow,0307,03P21,Freie Integrative Montessori-Grundschule Sternenwiese,,,,,,,,,,"Hadlichstraße 2, 13187 Berlin",Hadlichstraße,2,13187,Berlin,Karuna Zukunft für Kinder und Jugendliche in Not e.V.,,,,,,,,,True,52.56837432203384,13.413418547866241,False
121142208,11003003,Janusz-Korczak-Bibliothek,52.568589338857244,13.412305358174127,POINT (13.412305358254871 52.568589338534764),Pankow,Pankow,0307,,Janusz-Korczak-Bibliothek,,,,,,,,,,"Berliner Straße 120-121, 13187 Berlin",Berliner Straße,120-121,13187,Berlin,,,,,,,,,,True,52.568589338857244,13.412305358174127,False
121173258,11003003,Trelleborg Schule,52.55564030653632,13.422473263976308,POINT (13.422473263956444 52.55564030414168),Pankow,Pankow,0307,03G41,Trelleborg Schule,,,,,,,,,,"Eschengraben 40, 13189 Berlin",Eschengraben,40,13189,Berlin,,,,,+4930 479018 610,trelleborg-schule-sekretariat@t-online.de,https://www.trelleborg-schule.de/,,,True,52.55564030653632,13.422473263976308,False
121173498,11003003,Primo-Levi-Schule,52.553778613891794,13.453054920111807,POINT (13.4530549203357 52.55377861299536),Weißensee,Pankow,0302,03Y14b,Primo-Levi-Schule,,,,,,,,,,"Woelckpromenade 38, 13086 Berlin",Woelckpromenade,38,13086,Berlin,,,,,,,,,,True,52.553778613891794,13.453054920111807,False
121239913,11011011,Grüner Campus Malchow - Fontane-Campus,52.569276136946264,13.492141393417741,POINT (13.492141394273194 52.569276127987884),Neu-Hohenschönhausen,Lichtenberg,1109,,Grüner Campus Malchow - Fontane-Campus,,,,,,,,,,"Doberaner Straße 53, 13051 Berlin",Doberaner Straße,53,13051,Berlin,,,,,+49 30 920 936 590,,http://www.gruener-campus-malchow.de,,,True,52.569276136946264,13.492141393417741,False
121240051,11011011,Schul-Drehscheibe Wustrower Straße,52.56815985308506,13.507266321699767,POINT (13.507266331686488 52.5681598342575),Neu-Hohenschönhausen,Lichtenberg,1109,11XD01,Schul-Drehscheibe Wustrower Straße,,,,,,,,,,"Wustrower Straße 22, 13051 Berlin",Wustrower Straße,22,13051,Berlin,,,,,,,,,,True,52.56815985308506,13.507266321699767,False
121240444,11010010,Grundschule am Bürgerpark,52.55069623458166,13.565004924421011,POINT (13.565004923817398 52.55069622906462),Marzahn,Marzahn-Hellersdorf,1001,10G09,Grundschule am Bürgerpark,,,,,,,,,,"Jan-Petersen-Straße 18B, 12679 Berlin",Jan-Petersen-Straße,18B,12679,Berlin,,,,,,,https://www.gs-am-buergerpark.de/,,,True,52.55069623458166,13.565004924421011,False
121240752,11010010,Ernst-Haeckel-Oberschule,52.54293540705081,13.58632815473208,POINT (13.586328157360127 52.54293540463943),Hellersdorf,Marzahn-Hellersdorf,1005,10K02,Ernst-Haeckel-Oberschule,,,,,,,,,,"Luckenwalder Straße 53, 12629 Berlin",Luckenwalder Straße,53,12629,Berlin,,,,,,,https://haeckel-os.de/,,,True,52.54293540705081,13.58632815473208,False
121240847,11010010,Wolfgang-Amadeus-Mozart-Schule,52.537193962021156,13.596884807530664,POINT (13.596884805591735 52.53719395662879),Hellersdorf,Marzahn-Hellersdorf,1005,10K10,Wolfgang-Amadeus-Mozart-Schule,,,,,,,,,,"Cottbusser Straße 23, 12627 Berlin",Cottbusser Straße,23,12627,Berlin,,,,,,,,,,True,52.537193962021156,13.596884807530664,False
121284951,11007007,Mascha-Kaléko-Grundschule,52.44721450056418,13.383673238870921,POINT (13.383673240288346 52.44721449870944),Mariendorf,Tempelhof-Schöneberg,0704,07G25,Mascha-Kaléko-Grundschule,,,,,,,,,,"Königstraße 32, 12105 Berlin",Königstraße,32,12105,Berlin,,,,,+49 30 90277 7461,sekretariat@mascha-kaleko-grundschule.de,https://www.mascha-kaleko-grundschule.de,,,True,52.44721450056418,13.383673238870921,False
121296672,11012012,Grundschule am Schäfersee,52.562735271761895,13.355788593993,POINT (13.355788595022565 52.56273526870487),Reinickendorf,Reinickendorf,1201,12G02,Grundschule am Schäfersee,,,,,,,,,,"2-8, Baseler Straße, Weiße Stadt, Reinickendorf, Berlin, 13407, Deutschland",,,13407,,,,,,+4930 4567474,mail@schaefersee-grundschule.de,https://www.schaefersee-grundschule.de/,,,True,52.562735271761895,13.355788593993,True
121296687,11001001,Oberstufenzentrum Gesundheit I,52.558163614403355,13.354723548267549,POINT (13.35472354468884 52.558163609972205),Wedding,Mitte,0105,01B04,Oberstufenzentrum Gesundheit I,,,,,,,,,,"Schwyzer Straße 6-8, 13349 Berlin",Schwyzer Straße,6-8,13349,Berlin,,,,,,,,,,True,52.558163614403355,13.354723548267549,False
121553901,11003003,Picasso-Grundschule - Nebengebäude,52.547692224556556,13.4600196360685,POINT (13.460019636186932 52.547692224156926),Weißensee,Pankow,0302,03G18b,Picasso-Grundschule - Nebengebäude,,,,,,,,,,"29, Smetanastraße, Komponistenviertel, Weißensee, Pankow, Berlin, 13088, Deutschland",,,13088,,,,,,,,,,,True,52.547692224556556,13.4600196360685,True
121635163,11005005,Grundschule am Wasserwerk,52.55583487206258,13.16449632330722,POINT (13.164496323540614 52.55583486765432),Falkenhagener Feld,Spandau,0508,05G25,Grundschule am Wasserwerk,,,,,,,,,,"Pionierstraße 197, 13589 Berlin",Pionierstraße,197,13589,Berlin,,,,,+49 30 83246,kontakt@zwei-schulen.de,http://grundschule-in-berlin.de/spandau-5/falkenhagener-feld-508/grundschule-am-wasserwerk-05G25/,,,True,52.55583487206258,13.16449632330722,False
121635379,11004004,Heinz-Berggruen-Gymnasium,52.51144082830098,13.266664064707065,POINT (13.266664067554165 52.51144082449882),Westend,Charlottenburg-Wilmersdorf,0405,04Y06,Heinz-Berggruen-Gymnasium,,,,,,,,,,"Bayernallee 4, 14052 Berlin",Bayernallee,4,14052,Berlin,Bezirksamt Charlottenburg-Wilmersdorf von Berlin,,,,+49 30 902928700,info@hbgym.de,https://hbgym.de,,,True,52.51144082830098,13.266664064707065,False
121636011,11001001,Theodor-Heuss-Gemeinschaftsschule (Mittel- und Oberstufe),52.53514030580596,13.353847653923708,POINT (13.353847653651187 52.535140304619226),Moabit,Mitte,0102,01K10,Theodor-Heuss-Gemeinschaftsschule (Mittel- und Oberstufe),,,,,,,,,,"Quitzowstraße 141, 10559 Berlin",Quitzowstraße,141,10559,Berlin,Bezirksamt Mitte von Berlin,,,,,,https://thgberlin.de,,,True,52.53514030580596,13.353847653923708,False
121660191,11001001,Gymnasium Tiergarten,52.5198492529439,13.339736448613387,POINT (13.33973644815022 52.51984924654196),Hansaviertel,Mitte,0103,01Y12,Gymnasium Tiergarten,,,,,,,,,,"Altonaer Straße 26, 10555 Berlin",Altonaer Straße,26,10555,Berlin,Bezirksamt Mitte von Berlin,,,,+49 30 3980097 10,sekretariat@gymnasium-tiergarten.de,https://gymnasium-tiergarten.de/,,,True,52.5198492529439,13.339736448613387,False
121660192,11001001,Hansa-Grundschule,52.52148878793101,13.34080527864393,POINT (13.340805277147014 52.52148878313065),Hansaviertel,Mitte,0103,01G19,Hansa-Grundschule,,,,,,,,,,"Lessingstraße 5, 10555 Berlin",Lessingstraße,5,10555,Berlin,,,,,,,,,,True,52.52148878793101,13.34080527864393,False
121705490,11001001,Max-Planck-Gymnasium,52.516023497446525,13.423278393989952,POINT (13.42327839829897 52.51602349057684),Mitte,Mitte,0101,01Y11,Max-Planck-Gymnasium,,,,,,,,,,"Singerstraße 8A, 10179",Singerstraße,8A,10179,,,,,,,,,,,True,52.516023497446525,13.423278393989952,False
121770906,11004004,Schinkel-Grundschule,52.51797681486762,13.299013971146435,POINT (13.299013971838077 52.517976812956526),Charlottenburg,Charlottenburg-Wilmersdorf,0401,04G12,Schinkel-Grundschule,,,,,,,,,,"Nithackstraße 8-12, 10585 Berlin",Nithackstraße,8-12,10585,Berlin,,,,,,,,,,True,52.51797681486762,13.299013971146435,False
121771259,11004004,Oberstufenzentrum Kraftfahrzeugtechnik,52.51634115104832,13.301668341876393,POINT (13.301668341796427 52.516341148575314),Charlottenburg,Charlottenburg-Wilmersdorf,0401,04B03,Oberstufenzentrum Kraftfahrzeugtechnik,,,,,,,,,,"Gierkeplatz 1-3, 10585 Berlin",Gierkeplatz,1-3,10585,Berlin,,,,,,,,,,True,52.51634115104832,13.301668341876393,False
121771293,11004004,Schule am Schloss,52.51636215972451,13.297665060102235,POINT (13.29766505835734 52.51636215679624),Charlottenburg,Charlottenburg-Wilmersdorf,0401,04K06,Schule am Schloss,,,,,,,,,,"Schloßstraße 55A, 14059 Berlin",Schloßstraße,55A,14059,Berlin,,,,,+4930 9029241 10,sekretariat-schule-am-schloss@t-online.de,http://www.schule-am-schloss-berlin.de/,,,True,52.51636215972451,13.297665060102235,False
121771669,11004004,Nehring-Grundschule,52.51440186199626,13.292698015229156,POINT (13.292698014020099 52.51440185728436),Charlottenburg,Charlottenburg-Wilmersdorf,0401,"04G13, 04K05b",Nehring-Grundschule,,,,,,,,,,"Nehringstraße 9, 14059 Berlin",Nehringstraße,9,14059,Berlin,,,,,,,,,,True,52.51440186199626,13.292698015229156,False
121820795,11004004,Eichendorff-Grundschule,52.50950317105334,13.312841432109403,POINT (13.312841432745696 52.50950316773829),Charlottenburg,Charlottenburg-Wilmersdorf,0401,04G01,Eichendorff-Grundschule,,,,,,,,,,"Goethestraße 19-24, 10625 Berlin",Goethestraße,19-24,10625,Berlin,,,,,,,,,,True,52.50950317105334,13.312841432109403,False
121821297,11004004,Lietzensee-Grundschule,52.50927897887895,13.295180695680038,POINT (13.295180695858472 52.50927897779463),Charlottenburg,Charlottenburg-Wilmersdorf,0401,04G02,Lietzensee-Grundschule,,,,,,,,,,"Witzlebenstraße 34-35, 14057 Berlin",Witzlebenstraße,34-35,14057,Berlin,,,,,,,,,,True,52.50927897887895,13.295180695680038,False
121821490,11004004,Joan-Miró-Grundschule,52.50408501904433,13.320994663175881,POINT (13.320994661413875 52.5040850124789),Charlottenburg,Charlottenburg-Wilmersdorf,0401,04G04,Joan-Miró-Grundschule,,,,,,,,,,"Bleibtreustraße 43, 10623",Bleibtreustraße,43,10623,,,,,,+4930 9029281 00,mail@joan-miro-grundschule.de,https://www.joan-miro-grundschule.de/,,,True,52.50408501904433,13.320994663175881,False
121901347,11001001,Freie Waldorfschule Berlin-Mitte,52.526203418907144,13.405324977136404,POINT (13.405324976913048 52.5262034162203),Mitte,Mitte,0101,01P04,Freie Waldorfschule Berlin-Mitte,,,,,,,,,,"Steinstraße, Scheunenviertel, Mitte, Berlin, 10119, Deutschland",,,10119,,,,,,,,,,,True,52.526203418907144,13.405324977136404,True
121955303,11001001,Allegro-Grundschule,52.502601291077106,13.362690084108975,POINT (13.362690081824702 52.50260128306281),Tiergarten,Mitte,0104,01G44,Allegro-Grundschule,,,,,,,,,,"Lützowstraße 83-85, 10785 Berlin",Lützowstraße,83-85,10785,Berlin,,,,,,,https://www.allegro-grundschule.de/,,,True,52.502601291077106,13.362690084108975,False
121955317,11004004,Otto-von-Guericke-Oberschule,52.49245354453597,13.305642429632144,POINT (13.30564242956721 52.49245354318635),Wilmersdorf,Charlottenburg-Wilmersdorf,0402,04K09,Otto-von-Guericke-Oberschule,,,,,,,,,,"47, Eisenzahnstraße, Wilmersdorf, Charlottenburg-Wilmersdorf, Berlin, 10709, Deutschland",,,10709,,,,,,,,,,,True,52.49245354453597,13.305642429632144,True
121955959,11004004,Finkenkrug-Schule,52.48454762605787,13.316492059884508,POINT (13.316492059803446 52.48454762462476),Wilmersdorf,Charlottenburg-Wilmersdorf,0402,04S06,Finkenkrug-Schule,,,,,,,,,,"Finkenkrug-Schule, Mannheimer Straße, Güntzelkiez, Wilmersdorf, Charlottenburg-Wilmersdorf, Berlin, 10713, Deutschland",,,10713,,,,,,,,,,,True,52.48454762605787,13.316492059884508,True
121957412,11004004,Volkshochschule City West,52.483057764697655,13.33241090124212,POINT (13.332410902221152 52.48305775689067),Wilmersdorf,Charlottenburg-Wilmersdorf,0402,,Volkshochschule City West,,,,,,,,,,"Ernst-Habermann-Grundschule, 33-34, Prinzregentenstraße, Güntzelkiez, Wilmersdorf, Charlottenburg-Wilmersdorf, Berlin, 10715, Deutschland",,,10715,,,,,,,,,,,True,52.483057764697655,13.33241090124212,True
122048408,11002002,Waldorfschule Kreuzberg,52.50335349446448,13.400803351876728,POINT (13.400803351861763 52.50335348868577),Kreuzberg,Friedrichshain-Kreuzberg,0202,02P04,Waldorfschule Kreuzberg,,,,,,,,,,"Ritterstraße, 10969 Berlin",Ritterstraße,,10969,Berlin,Freie Waldorfschule Kreuzberg e.V.,,,,,,https://www.waldorfschule-kreuzberg.de/,,,True,52.50335349446448,13.400803351876728,False
122048616,11002002,Rosa-Parks-Grundschule,52.494524163809345,13.431018954465701,POINT (13.431018953659963 52.49452416063612),Kreuzberg,Friedrichshain-Kreuzberg,0202,02G35,Rosa-Parks-Grundschule,,,,,,,,,,"Reichenberger Straße 65, 10999 Berlin",Reichenberger Straße,65,10999,Berlin,Bezirksamt Friedrichshain-Kreuzberg von Berlin,,,,,,,,,True,52.494524163809345,13.431018954465701,False
122049374,11002002,Adolf-Glaßbrenner-Grundschule,52.49111592636684,13.38063304816817,POINT (13.380633049185615 52.49111592339268),Kreuzberg,Friedrichshain-Kreuzberg,0202,02G31,Adolf-Glaßbrenner-Grundschule,,,,,,,,,,"Hagelberger Straße 34, 10965 Berlin",Hagelberger Straße,34,10965,Berlin,Bezirksamt Friedrichshain-Kreuzberg von Berlin,,,,+49 30 50587531,,https://www.adolf-glassbrenner-schule.de/,,,True,52.49111592636684,13.38063304816817,False
122049378,11002002,Charlotte-Salomon-Grundschule,52.49062633802944,13.38162909260999,POINT (13.381629090150264 52.49062633064307),Kreuzberg,Friedrichshain-Kreuzberg,0202,02G13,Charlotte-Salomon-Grundschule,,,,,,,,,,"Großbeerenstraße 40, 10965 Berlin",Großbeerenstraße,40,10965,Berlin,Bezirksamt Friedrichshain-Kreuzberg von Berlin,,,,+49 30 50587511,sekretariat@02G13.schule.berlin.de,https://charlotte-salomon-grundschule.de/,,,True,52.49062633802944,13.38162909260999,False
122050687,11007007,Grundschule auf dem Tempelhofer Feld,52.481410476859104,13.381682037731657,POINT (13.381682039957983 52.48141046976575),Tempelhof,Tempelhof-Schöneberg,0703,07G21,Grundschule auf dem Tempelhofer Feld,,,,,,,,,,"Schulenburgring 7-11, 12101 Berlin",Schulenburgring,7-11,12101,Berlin,,,,,,,,,,True,52.481410476859104,13.381682037731657,False
122195755,11007007,Robert-Blum-Gymnasium,52.484420168320185,13.364850934347778,POINT (13.364850933987848 52.48442016545659),Schöneberg,Tempelhof-Schöneberg,0701,07Y01,Robert-Blum-Gymnasium,,,,,,,,,,"Kolonnenstraße 21, 10829 Berlin",Kolonnenstraße,21,10829,Berlin,,,,,,,,,,True,52.484420168320185,13.364850934347778,False
122195960,11007007,Gustav-Langenscheidt-Schule,52.48555642144032,13.350315900989038,POINT (13.35031589955461 52.48555641938591),Schöneberg,Tempelhof-Schöneberg,0701,07K09,Gustav-Langenscheidt-Schule,,,,,,,,,,"Belziger Straße 43-51, 10823 Berlin",Belziger Straße,43-51,10823,Berlin,,,,,,,,,,True,52.48555642144032,13.350315900989038,False
122197291,11007007,Ruppin-Grundschule,52.475844597655126,13.32093233705842,POINT (13.320932337598144 52.47584459172533),Friedenau,Tempelhof-Schöneberg,0702,07G16,Ruppin-Grundschule,,,,,,,,,,"Offenbacher Straße 5a, 14197",Offenbacher Straße,5a,14197,,Bezirksamt Tempelhof-Schöneberg von Berlin,,,,+49 30 902777907,,https://www.ruppin-grundschule.de/,,,True,52.475844597655126,13.32093233705842,False
122197443,11007007,Rheingau Gymnasium,52.470855728698716,13.322242146017807,POINT (13.32224214603378 52.47085572457596),Friedenau,Tempelhof-Schöneberg,0702,07Y03,Rheingau Gymnasium,,,,,,,,,,"Schwalbacher Straße 3-4, 12161",Schwalbacher Straße,3-4,12161,,Bezirksamt Tempelhof-Schöneberg von Berlin,,,,,,,,,True,52.470855728698716,13.322242146017807,False
122242601,11004004,Halensee-Grundschule,52.50019363997103,13.295611414600653,POINT (13.295611415202048 52.500193637542225),Halensee,Charlottenburg-Wilmersdorf,0407,04G21,Halensee-Grundschule,,,,,,,,,,"Joachim-Friedrich-Straße 35-36, 10711 Berlin",Joachim-Friedrich-Straße,35-36,10711,Berlin,,,,,,,https://www.halensee-grundschule.de/,,,True,52.50019363997103,13.295611414600653,False
122333245,11006006,Paulsen-Gymnasium,52.461453731835974,13.314940330370252,POINT (13.314940330744632 52.46145372831386),Steglitz,Steglitz-Zehlendorf,0601,06Y07,Paulsen-Gymnasium,,,,,,,,,,"Gritznerstraße 57, 12163 Berlin",Gritznerstraße,57,12163,Berlin,Bezirksamt Steglitz-Zehlendorf von Berlin,,,,,schulleiter@pg-berlin.de,,,,True,52.461453731835974,13.314940330370252,False
122385904,11007007,Luise-Henriette-Schule,52.464986991176694,13.390519767736567,POINT (13.390519766410787 52.46498698829963),Tempelhof,Tempelhof-Schöneberg,0703,07Y05b,Luise-Henriette-Schule,,,,,,,,,,"Germaniastraße 4 - 6, 12099 Berlin",Germaniastraße,4 - 6,12099,Berlin,,,,,,,,,,True,52.464986991176694,13.390519767736567,False
122385930,11007007,Paul-Simmel-Grundschule,52.46174189307817,13.39293019250855,POINT (13.392930194337755 52.461741888545795),Tempelhof,Tempelhof-Schöneberg,0703,07G19,Paul-Simmel-Grundschule,,,,,,,,,,"Felixstraße 26-58, 12099 Berlin",Felixstraße,26-58,12099,Berlin,,,,,,,https://www.paul-simmel-grundschule.de/,,,True,52.46174189307817,13.39293019250855,False
122386008,11007007,Askanisches Gymnasium,52.46032696425662,13.380037517515097,POINT (13.380037517081757 52.46032696098719),Tempelhof,Tempelhof-Schöneberg,0703,07Y06,Askanisches Gymnasium,,,,,,,,,,"Kaiserin-Augusta-Straße 19-20, 12103 Berlin",Kaiserin-Augusta-Straße,19-20,12103,Berlin,Land Berlin,,,,+49 30 902772679,sekretariat@askanisches-gymnasium.de,https://askanisches-gymnasium.de/,,,True,52.46032696425662,13.380037517515097,False
122386278,11006006,Erich-Kästner-Grundschule,52.4579135936989,13.284559141502138,POINT (13.284559145663259 52.45791358986377),Dahlem,Steglitz-Zehlendorf,0605,06G04,Erich-Kästner-Grundschule,,,,,,,,,,"Bachstelzenweg 2-8, 14195 Berlin",Bachstelzenweg,2-8,14195,Berlin,Bezirksamt Steglitz-Zehlendorf von Berlin,,,,+49 30 84414860,sekretariat@eks.schule.berlin.de,,,,True,52.4579135936989,13.284559141502138,False
122386375,11006006,Arndt-Gymnasium Dahlem,52.45859865862234,13.27969702395914,POINT (13.279697023646976 52.45859865238245),Dahlem,Steglitz-Zehlendorf,0605,06Y03,Arndt-Gymnasium Dahlem,,,,,,,,,,"Königin-Luise-Straße 80-84, 14195 Berlin",Königin-Luise-Straße,80-84,14195,Berlin,,,,,,,,,,True,52.45859865862234,13.27969702395914,False
122386805,11006006,Quentin Blake Europa- und Biesalski-Schule,52.45483764506211,13.27025075485461,POINT (13.270250755403989 52.45483763754075),Dahlem,Steglitz-Zehlendorf,0605,,Quentin Blake Europa- und Biesalski-Schule,,,,,,,,,,"Quentin-Blake-Europa-Schule, 40, Hüttenweg, Fünf Morgen, Dahlem, Steglitz-Zehlendorf, Berlin, Teltow, 14195, Deutschland",,,14195,,,,,,,,,,,True,52.45483764506211,13.27025075485461,True
122396326,11001001,Leo-Lionni-Grundschule,52.54421492107394,13.361572967975585,POINT (13.361572967731117 52.54421491970301),Wedding,Mitte,0105,01G45,Leo-Lionni-Grundschule,,,,,,,,,,"Müllerstraße 158, 13353 Berlin",Müllerstraße,158,13353,Berlin,,,,,,info@leo-lionni-grundschule.de,https://www.leo-lionni-grundschule.de/,,,True,52.54421492107394,13.361572967975585,False
122404224,11005005,Bernd-Ryke-Grundschule,52.54464712498889,13.233270393096918,POINT (13.233270392902684 52.54464711974369),Haselhorst,Spandau,0502,05G13,Bernd-Ryke-Grundschule,,,,,,,,,,"Daumstraße 12, 13599 Berlin",Daumstraße,12,13599,Berlin,,,,,+4930 354805 0,info@bernd-ryke-gs.de,http://www.bernd-ryke-gs.de,,,True,52.54464712498889,13.233270393096918,False
122404229,11005005,Grundschule am Birkenhain,52.52550929093169,13.180153927024675,POINT (13.18015392659881 52.52550928970683),Wilhelmstadt,Spandau,0509,05G10,Grundschule am Birkenhain,,,,,,,,,,"59, Seeburger Straße, Wilhelmstadt, Spandau, Berlin, 13581, Deutschland",,,13581,,,,,,+49 30 351 936 0,info@grundschule-am-birkenhain.de,http://www.grundschule-am-birkenhain.de/,,,True,52.52550929093169,13.180153927024675,True
122500005,11001001,Erika-Mann-Grundschule,52.550848980174244,13.358158789604678,POINT (13.358158789672723 52.550848978374205),Wedding,Mitte,0105,01G41,Erika-Mann-Grundschule,,,,,,,,,,"Utrechter Straße 25-27, 13347 Berlin",Utrechter Straße,25-27,13347,Berlin,,,,,,,,,,True,52.550848980174244,13.358158789604678,False
122527139,11006006,Oberstufenzentrum Bürowirtschaft und Verwaltung,52.4120179262951,13.304946093543684,POINT (13.304946094228317 52.412017918337526),Lichterfelde,Steglitz-Zehlendorf,0602,06B02,Oberstufenzentrum Bürowirtschaft und Verwaltung,,,,,,,,,,"Lippstädter Straße 9-11, 12207 Berlin",Lippstädter Straße,9-11,12207,Berlin,Land Berlin,,,,,,https://osz-louise-schroeder.de,,,True,52.4120179262951,13.304946093543684,False
122548874,11005005,unknown_school_name,52.45557164152147,13.138116941964794,POINT (13.138116943107102 52.45557163948319),Kladow,Spandau,0506,,,,,,,,,,,,"Schallweg 31-45, 14089 Berlin",Schallweg,31-45,14089,Berlin,,,,,,,,,,True,52.45557164152147,13.138116941964794,False
122548880,11005005,Grundschule am Ritterfeld,52.455374859124795,13.137809139547826,POINT (13.137809134368457 52.45537484961821),Kladow,Spandau,0506,05G19,Grundschule am Ritterfeld,,,,,,,,,,"31, Schallweg, Alt-Kladow, Kladow, Spandau, Berlin, 14089, Deutschland",,,14089,,,,,,+4930 3650010 0,sekretariat@grundschuleamritterfeld.de,http://www.grundschuleamritterfeld.de/,,,True,52.455374859124795,13.137809139547826,True
122707106,11003003,HasenGrund-Schule,52.59064399323303,13.411156302309282,POINT (13.411156302516826 52.5906439919353),Niederschönhausen,Pankow,0311,03G28,HasenGrund-Schule,,,,,,,,,,"Charlottenstraße 19, 13156 Berlin",Charlottenstraße,19,13156,Berlin,,,,,+49 30 47402940,grundschule.im.hasengrund@t-online.de,https://www.gemeinschaftsschulen-berlin.de/grundschulen/pankow/hasengrund-schule-grundschule,,,True,52.59064399323303,13.411156302309282,False
122707430,11003003,Konrad-Duden-Schule,52.58187423009437,13.416921420963869,POINT (13.416921419270373 52.5818742281581),Niederschönhausen,Pankow,0311,03K03,Konrad-Duden-Schule,,,,,,,,,,"Rolandstraße 35, 13156 Berlin",Rolandstraße,35,13156,Berlin,,,,,+49 30 4450959,info@isskd.de,https://www.www.isskd.de/,,,True,52.58187423009437,13.416921420963869,False
122708037,11003003,Evangelische Schule Pankow,52.58048984740093,13.422585869411067,POINT (13.422585868527275 52.580489845046216),Pankow,Pankow,0307,03P12,Evangelische Schule Pankow,,,,,,,,,,"Galenusstraße 60a, 13187 Berlin",Galenusstraße,60a,13187,Berlin,Evangelische Schulstiftung in der EKBO,,,,+4930 47498940,info@ev-schule-pankow.de,https://www.ev-schule-pankow.de/,,,True,52.58048984740093,13.422585869411067,False
122868593,11003003,Mendel-Grundschule,52.57405646000411,13.415851339640382,POINT (13.41585133987146 52.574056455198594),Pankow,Pankow,0307,03G34,Mendel-Grundschule,,,,,,,,,,"Stiftsweg 3, 13187 Berlin",Stiftsweg,3,13187,Berlin,,,,,,,,,,True,52.57405646000411,13.415851339640382,False
122871027,11003003,Staatliche Balletschule Berlin und Schule für Artistik,52.54623163737323,13.436320957799552,POINT (13.436320959951994 52.54623163194339),Prenzlauer Berg,Pankow,0301,03B08,Staatliche Balletschule Berlin und Schule für Artistik,,,,,,,,,,"Erich-Weinert-Straße 103, 10409 Berlin",Erich-Weinert-Straße,103,10409,Berlin,,,,,,,,,,True,52.54623163737323,13.436320957799552,False
122876082,11011011,Schule auf dem Lichten Berg (Grundschule),52.513180627173085,13.497566891475772,POINT (13.49756689144341 52.513180626820166),Lichtenberg,Lichtenberg,1103,,Schule auf dem Lichten Berg (Grundschule),,,,,,,,,,"208-210, Siegfriedstraße, Bornitz-Viertel, Lichtenberg, Berlin, 10365, Deutschland",,,10365,,,,,,,,,,,True,52.513180627173085,13.497566891475772,True
122930190,11007007,Eckener-Gymnasium,52.44478109042651,13.380351761866288,POINT (13.380351761820906 52.44478108865777),Mariendorf,Tempelhof-Schöneberg,0704,07Y07,Eckener-Gymnasium,,,,,,,,,,"Kaiserstraße 17 - 21, 12105 Berlin",Kaiserstraße,17 - 21,12105,Berlin,Land Berlin,,,,,,https://www.eckener-gymnasium.de,,,True,52.44478109042651,13.380351761866288,False
122930191,11007007,Johanna-Eck-Schule,52.44720737119793,13.36494273096027,POINT (13.364942730586677 52.447207367959955),Tempelhof,Tempelhof-Schöneberg,0703,07K07,Johanna-Eck-Schule,,,,,,,,,,"Ringstraße 103-106, 12105 Berlin",Ringstraße,103-106,12105,Berlin,Bezirksamt Tempelhof-Schöneberg von Berlin,,,,+49 30 902772676,sekretariat@johanna-eck-schule.de,,,,True,52.44720737119793,13.36494273096027,False
122931350,11007007,Rudolf-Hildebrand-Grundschule,52.438905883262215,13.38462772843891,POINT (13.384627727074188 52.43890588154427),Mariendorf,Tempelhof-Schöneberg,0704,07G27,Rudolf-Hildebrand-Grundschule,,,,,,,,,,"Friedenstraße 23-25, 12107 Berlin",Friedenstraße,23-25,12107,Berlin,Bezirksamt Tempelhof-Schöneberg von Berlin,,,,+49 30 902777456,sekretariat@rhg.schule.berlin.de,https://rhg.schule/,,,True,52.438905883262215,13.38462772843891,False
122932772,11007007,Carl-Sonnenschein-Grundschule,52.443407624663216,13.407988652945004,POINT (13.407988653024487 52.44340761732319),Mariendorf,Tempelhof-Schöneberg,0704,07G31,Carl-Sonnenschein-Grundschule,,,,,,,,,,"Am Hellespont 4-6, 12109 Berlin",Am Hellespont,4-6,12109,Berlin,Bezirksamt Tempelhof-Schöneberg von Berlin,,,,+49 30 902772670,sekretariat@sonnenschein.schule.berlin.de,https://www.carl-sonnenschein-gs.de/,,,True,52.443407624663216,13.407988652945004,False
123241770,11012012,Münchhausen-Grundschule,52.60842180778863,13.317536710982127,POINT (13.317536711268756 52.608421805910034),Waidmannslust,Reinickendorf,1207,12G19,Münchhausen-Grundschule,,,,,,,,,,"22;24;26, Artemisstraße, Waidmannslust, Reinickendorf, Berlin, 13469, Deutschland",,,13469,,,,,,+49304111630,info@muenchhausen-gs.cidsnet.de,http://www.muenchhausen-gs.cidsnet.de/,,,True,52.60842180778863,13.317536710982127,True
123276530,11005005,Freie Waldorfschule Havelhöhe - Eugen Kolisko,52.45999318336717,13.156144646185378,POINT (13.156144646198653 52.45999317811917),Kladow,Spandau,0506,05P01,Freie Waldorfschule Havelhöhe - Eugen Kolisko,,,,,,,,,,"Kaffeehaus9, 289, Kladower Damm, Finnenhaussiedlung, Kladow, Spandau, Berlin, 14089, Deutschland",,,14089,,,,,,,,,,,True,52.45999318336717,13.156144646185378,True
123276801,11004004,British School Berlin,52.49795139012952,13.210966601743614,POINT (13.210966602808428 52.49795138738203),Grunewald,Charlottenburg-Wilmersdorf,0404,,British School Berlin,,,,,,,,,,"Havelchaussee 104, 14055 Berlin",Havelchaussee,104,14055,Berlin,,,,,,,,,,True,52.49795139012952,13.210966601743614,False
123276910,11007007,Sophie-Scholl-Schule,52.49390815794584,13.358161810660606,POINT (13.358161811523997 52.49390815595581),Schöneberg,Tempelhof-Schöneberg,0701,07K01,Sophie-Scholl-Schule,,,,,,,,,,"Elßholzstraße 34-37, 10781 Berlin",Elßholzstraße,34-37,10781,Berlin,Bezirksamt Tempelhof-Schöneberg von Berlin,,,,+49 30 902777171,,https://www.sophie-scholl-schule.eu/,,,True,52.49390815794584,13.358161810660606,False
123384141,11012012,Katholische Schule Salvator,52.609489001604345,13.312731305228903,POINT (13.312731305784784 52.60948899856026),Waidmannslust,Reinickendorf,1207,,Katholische Schule Salvator,,,,,,,,,,"Fürst-Bismarck-Straße, Waidmannslust, Reinickendorf, Berlin, 13469, Deutschland",,,13469,,,,,,+49304111198,salvatoros@salvator.net,https://salvator.net/,,,True,52.609489001604345,13.312731305228903,True
123505422,11008008,Grundschule am Teltowkanal,52.45902315863604,13.438984074720704,POINT (13.438984070994845 52.45902315730494),Britz,Neukölln,0802,08G24,Grundschule am Teltowkanal,,,,,,,,,,"Rungiusstraße 46, 12347 Berlin",Rungiusstraße,46,12347,Berlin,,,,,,,,,,True,52.45902315863604,13.438984074720704,False
123505423,11008008,Zürich-Schule,52.46213348344085,13.438856626913145,POINT (13.438856626645238 52.462133482275824),Britz,Neukölln,0802,08G23,Zürich-Schule,,,,,,,,,,"Bürgerstraße 48, 12347 Berlin",Bürgerstraße,48,12347,Berlin,,,,,,,,,,True,52.46213348344085,13.438856626913145,False
123721467,11008008,Silberstein-Grundschule,52.467420126494254,13.434764096910527,POINT (13.434764095393087 52.46742012335909),Neukölln,Neukölln,0801,08G21,Silberstein-Grundschule,,,,,,,,,,"Silbersteinstraße 42, 12051 Berlin",Silbersteinstraße,42,12051,Berlin,,,,,,,,,,True,52.467420126494254,13.434764096910527,False
123769118,11005005,Schule am Gartenfeld,52.54317151295613,13.242576405867188,POINT (13.242576405939925 52.54317151159156),Haselhorst,Spandau,0502,05S03,Schule am Gartenfeld,,,,,,,,,,"Gartenfelder Straße 81, 13599 Berlin",Gartenfelder Straße,81,13599,Berlin,Bezirksamt Spandau von Berlin,,,,,,https://www.schule-am-gartenfeld.de,,,True,52.54317151295613,13.242576405867188,False
123809044,11006006,Iranische Schule,52.4612791505988,13.299814900111812,POINT (13.299814900000001 52.46127915),Dahlem,Steglitz-Zehlendorf,0605,,Iranische Schule,,,,,,,,,,"Podbielskiallee 65, 14195 Berlin",Podbielskiallee,65,14195,Berlin,,,,,,,,,,True,52.4612791505988,13.299814900111812,False
124129557,11006006,Gail S. Halvorsen Schule,52.459611941667355,13.285046924990928,POINT (13.285046923716731 52.45961193804561),Dahlem,Steglitz-Zehlendorf,0605,06K09,Gail S. Halvorsen Schule,,,,,,,,,,"Im Gehege 6, 14195 Berlin",Im Gehege,6,14195,Berlin,,,,,,,http://www.halvorsen-schule.de/,,,True,52.459611941667355,13.285046924990928,False
124129746,11006006,Pestalozzi-Schule,52.44344490332983,13.248352602591517,POINT (13.248352602252561 52.4434448986757),Zehlendorf,Steglitz-Zehlendorf,0604,06S01,Pestalozzi-Schule,,,,,,,,,,"Hartmannsweilerweg 47, 14163 Berlin",Hartmannsweilerweg,47,14163,Berlin,,,,,+49 30 90299 5760,,https://www.pestalozzi-schule-berlin.de/,,,True,52.44344490332983,13.248352602591517,False
124129747,11006006,Zinnowwald Grundschule,52.4449897597857,13.247543580191982,POINT (13.24754357817997 52.44498974707257),Zehlendorf,Steglitz-Zehlendorf,0604,06G07,Zinnowwald Grundschule,,,,,,,,,,"Wilskistraße 78, 14163 Berlin",Wilskistraße,78,14163,Berlin,,,,,+4930 90299 5586,Sekretariat@zinnowwaldschule.de,http://www.zinnowwald.cidsnet.de/,,,True,52.4449897597857,13.247543580191982,False
124129754,11006006,Peter-Lenné-Schule Oberstufenzentrum Agrarwirtschaft,52.442112914038546,13.249732350308282,POINT (13.249732352768083 52.44211290495573),Zehlendorf,Steglitz-Zehlendorf,0604,06B01,Peter-Lenné-Schule Oberstufenzentrum Agrarwirtschaft,,,,,,,,,,"71, Sven-Hedin-Straße, Zehlendorf, Steglitz-Zehlendorf, Berlin, 14163, Deutschland",,,14163,,,,,,,,https://www.peter-lenne-schule.de/,,,True,52.442112914038546,13.249732350308282,True
124130160,11006006,Anna-Essinger-Gemeinschaftsschule (Grundstufe),52.4254875456122,13.22589582701172,POINT (13.225895824696776 52.42548754227351),Nikolassee,Steglitz-Zehlendorf,0606,06K11b,Anna-Essinger-Gemeinschaftsschule (Grundstufe),,,,,,,,,,"Am Rohrgarten 9, 14163 Berlin",Am Rohrgarten,9,14163,Berlin,,,,,+49 30 80909984,aegs-sekretariat-gs@gmx.de,https://www.aegs.de/,,,True,52.4254875456122,13.22589582701172,False
124130292,11006006,Schadow-Gymnasium,52.43111184091163,13.253961417183122,POINT (13.253961412846623 52.431111837934175),Zehlendorf,Steglitz-Zehlendorf,0604,06Y01,Schadow-Gymnasium,,,,,,,,,,"Beuckestraße 27-29, 14163 Berlin",Beuckestraße,27-29,14163,Berlin,,,,,,,,,,True,52.43111184091163,13.253961417183122,False
124130337,11006006,Sankt Ursula Grundschule,52.43443338412927,13.26459835498611,POINT (13.264598355348186 52.434433380835344),Zehlendorf,Steglitz-Zehlendorf,0604,06P01,Sankt Ursula Grundschule,,,,,,,,,,"Kleinaustraße 4, 14169 Berlin",Kleinaustraße,4,14169,Berlin,Erzbistum Berlin,,,,+4930 326 84 0,st-ursula-gs@t-online.de,http://www.st-ursula-berlin.de/,,,True,52.43443338412927,13.26459835498611,False
124130548,11006006,Bilinguale Schule Phorms,52.420512862955896,13.283855560496583,POINT (13.283855559763166 52.42051286182769),Lichterfelde,Steglitz-Zehlendorf,0602,06P18,Bilinguale Schule Phorms,,,,,,,,,,"Harry-S.-Truman-Allee 3, 14167 Berlin",Harry-S.-Truman-Allee,3,14167,Berlin,,,,,,,,,,True,52.420512862955896,13.283855560496583,False
124131574,11006006,Athene-Grundschule,52.440441939264815,13.290738629691965,POINT (13.290738627155855 52.440441935609876),Lichterfelde,Steglitz-Zehlendorf,0602,06G18,Athene-Grundschule,,,,,,,,,,"Curtiusstraße 37, 12205 Berlin",Curtiusstraße,37,12205,Berlin,,,,,+4930 810097 0,info@athene-grundschule.de,https://www.athene-grundschule.de/,,,True,52.440441939264815,13.290738629691965,False
124219991,11007007,Marianne-Cohn-Schule,52.46406671743439,13.418630219020388,POINT (13.418630220457606 52.4640667117051),Tempelhof,Tempelhof-Schöneberg,0703,07S04,Marianne-Cohn-Schule,,,,,,,,,,"Holzmannstraße 7, 12099 Berlin",Holzmannstraße,7,12099,Berlin,Bezirksamt Tempelhof-Schöneberg von Berlin,,,,+49 30 902772555,,https://www.marianne-cohn-schule.de/,,,True,52.46406671743439,13.418630219020388,False
124291718,11006006,Kronach-Grundschule,52.441282657057094,13.312177783189142,POINT (13.312177780085568 52.441282651679884),Lichterfelde,Steglitz-Zehlendorf,0602,06G23,Kronach-Grundschule,,,,,,,,,,"Moltkestraße 24-26, 12203 Berlin",Moltkestraße,24-26,12203,Berlin,Bezirksamt Steglitz-Zehlendorf von Berlin,,,,+49 30 84416760,sekretariat@kronach.schule.berlin.de,https://www.kronach-grundschule.de/,,,True,52.441282657057094,13.312177783189142,False
124292576,11007007,Lindenhof-Grundschule,52.458267315672465,13.36353348328893,POINT (13.363533482751226 52.4582673136345),Schöneberg,Tempelhof-Schöneberg,0701,07G07,Lindenhof-Grundschule,,,,,,,,,,"Reglinstraße 29, 12105 Berlin",Reglinstraße,29,12105,Berlin,Land Berlin,,,,+49 30 9027771 57,sekretariat@lindenhof.schule.berlin.de,https://www.lindenhof-grundschule.de/,,,True,52.458267315672465,13.36353348328893,False
124475135,11007007,Paul-Klee-Grundschule,52.454026443638185,13.374894659806237,POINT (13.374894659274538 52.454026440343426),Tempelhof,Tempelhof-Schöneberg,0703,07G22,Paul-Klee-Grundschule,,,,,,,,,,"Konradinstraße 15-17, 12105 Berlin",Konradinstraße,15-17,12105,Berlin,Bezirksamt Tempelhof-Schöneberg von Berlin,,,,+49 30 902772662,sekretariat@07G22.schule.berlin.de,https://www.paul-klee-schule.de,,,True,52.454026443638185,13.374894659806237,False
124476249,11007007,Katholische Grundschule St. Alfons,52.416654598592984,13.351511119290263,POINT (13.351511118975457 52.4166545951984),Marienfelde,Tempelhof-Schöneberg,0705,07P04,Katholische Grundschule St. Alfons,,,,,,,,,,"Tennstedter Straße 1, 12249 Berlin",Tennstedter Straße,1,12249,Berlin,Erzbistum Berlin,,,,,,http://www.kssa.de/,,,True,52.416654598592984,13.351511119290263,False
124476425,11007007,Katholische Schule Sankt Hildegard,52.415491432096836,13.359032043926414,POINT (13.359032043823 52.41549143171179),Marienfelde,Tempelhof-Schöneberg,0705,07P06,Katholische Schule Sankt Hildegard,,,,,,,,,,"Malteserstraße 171, 12277 Berlin",Malteserstraße,171,12277,Berlin,,,,,,,,,,True,52.415491432096836,13.359032043926414,False
124476858,11008008,Jenaplanschule Neukölln,52.47217656010134,13.435605525643911,POINT (13.435605526017769 52.472176557873084),Neukölln,Neukölln,0801,08G12,Jenaplanschule Neukölln,,,,,,,,,,"Jonasstraße 15, 12053 Berlin",Jonasstraße,15,12053,Berlin,,,,,,,https://jps.berlin/start/,,,True,52.47217656010134,13.435605525643911,False
124679751,11008008,Fritz-Karsen-Schule,52.448004327278255,13.443031222258739,POINT (13.443031222177359 52.44800431401778),Britz,Neukölln,0802,08K06,Fritz-Karsen-Schule,,,,,,,,,,"Fulhamer Allee, Krugpfuhlsiedlung, Britz, Neukölln, Berlin, 12359, Deutschland",,,12359,,,,,,,,https://www.fritz-karsen.de/,,,True,52.448004327278255,13.443031222258739,True
124680188,11008008,Oskar-Heinroth-Grundschule,52.44063333249816,13.4726760517993,POINT (13.472676052660082 52.44063332575363),Britz,Neukölln,0802,08G27,Oskar-Heinroth-Grundschule,,,,,,,,,,"Rohrdommelweg 1, 12359 Berlin",Rohrdommelweg,1,12359,Berlin,Bezirksamt Neukölln,,,,+49 30 6021042,berlin-08g27@versanet.de,,,,True,52.44063333249816,13.4726760517993,False
124680314,11008008,Gemeinschaftsschule Campus Efeuweg,52.426755727024094,13.47253174941607,POINT (13.47253174825948 52.42675572109614),Gropiusstadt,Neukölln,0805,08K13,Gemeinschaftsschule Campus Efeuweg,,,,,,,,,,"Efeuweg 34, 12357 Berlin",Efeuweg,34,12357,Berlin,Bezirksamt Neukölln von Berlin,,,,+49 30 666904 0,sekretariat@campus-efeuweg.schule.berlin.de,https://gemeinschaftsschule.campus-efeuweg.de/,,,True,52.426755727024094,13.47253174941607,False
124680474,11008008,Hermann-von-Helmholtz-Schule (Grundstufe),52.421114349350525,13.471448278340945,POINT (13.4714482772364 52.421114347329734),Gropiusstadt,Neukölln,0805,08K02b,Hermann-von-Helmholtz-Schule (Grundstufe),,,,,,,,,,"Wutzkyallee 80-84, 12353 Berlin",Wutzkyallee,80-84,12353,Berlin,,,,,,,https://www.hvhschule.de/,,,True,52.421114349350525,13.471448278340945,False
124680477,11008008,Hermann-von-Helmholtz-Schule (Mittelstufe),52.42231162498699,13.47192572223408,POINT (13.471925721860215 52.422311618334675),Gropiusstadt,Neukölln,0805,08K02,Hermann-von-Helmholtz-Schule (Mittelstufe),,,,,,,,,,"Wutzkyallee 68-78, 12353 Berlin",Wutzkyallee,68-78,12353,Berlin,,,,,,,https://www.hvhschule.de/,,,True,52.42231162498699,13.47192572223408,False
124680553,11008008,Schliemann Grundschule,52.411113261136016,13.485222173066818,POINT (13.485222174429484 52.41111324613705),Rudow,Neukölln,0804,08G11,Schliemann Grundschule,,,,,,,,,,"Groß-Ziethener Chaussee 81, 12355 Berlin",Groß-Ziethener Chaussee,81,12355,Berlin,,,,,+4930 663 6053,sekretariat@schliemann-gs.de,https://schliemann-grundschule.de/,,,True,52.411113261136016,13.485222173066818,False
124681062,11009009,Anne-Frank-Oberschule,52.4005037405261,13.525505226560865,POINT (13.525505223167098 52.40050373142302),Altglienicke,Treptow-Köpenick,0906,09Y04,Anne-Frank-Oberschule,,,,,,,,,,"17, Uranusstraße, Wehrmathen, Altglienicke, Treptow-Köpenick, Berlin, Dahme-Spreewald, Brandenburg, 12524, Deutschland",,,12524,,,,,,,,,,,True,52.4005037405261,13.525505226560865,True
124816442,11009009,Kreativitätsgrundschule Berlin-Treptow,52.447830443084804,13.531286362975642,POINT (13.531286370841707 52.44783043596565),Niederschöneweide,Treptow-Köpenick,0905,09P16,Kreativitätsgrundschule Berlin-Treptow,,,,,,,,,,"Hartriegelstraße 77, 12439 Berlin",Hartriegelstraße,77,12439,Berlin,Die Kappe e. V.,,,,+49 30 22502 7733,,https://www.berliner-privatschulen.de/bip-kreativitaetsgrundschule-treptow,,,True,52.447830443084804,13.531286362975642,False
124816471,11009009,Evangelische Schule Köpenick,52.42362697490029,13.59249392605373,POINT (13.592493925622078 52.42362696809531),Köpenick,Treptow-Köpenick,0910,09P07,Evangelische Schule Köpenick,,,,,,,,,,"Grüne Trift 169, 12557 Berlin",Grüne Trift,169,12557,Berlin,Evangelische Schulstiftung in der EKBO,,,,,,,,,True,52.42362697490029,13.59249392605373,False
124816702,11009009,Ahorn-Schule,52.44781175542479,13.619292078351338,POINT (13.619292079326259 52.44781175248118),Friedrichshagen,Treptow-Köpenick,0911,09S04,Ahorn-Schule,,,,,,,,,,"Peter-Hille-Straße 118, 12587 Berlin",Peter-Hille-Straße,118,12587,Berlin,Bezirk Treptow-Köpenick,,,,+49 30 6455031,Sekretariat@ahorn.schule.berlin.de,https://ahorn-schule.de/,,,True,52.44781175542479,13.619292078351338,False
124816871,11009009,Wilhelm-Bölsche-Schule,52.45131914614691,13.61918253685004,POINT (13.61918253730317 52.451319143746474),Friedrichshagen,Treptow-Köpenick,0911,09K05,Wilhelm-Bölsche-Schule,,,,,,,,,,"Wilhelm-Bölsche-Schule, Aßmannstraße, Friedrichshagen, Treptow-Köpenick, Berlin, 12587, Deutschland",,,12587,,,,,,+49 30 645 50 89,Sekretariat@boelsche.schule.berlin.de,https://www.boelsche-berlin.de/,,,True,52.45131914614691,13.61918253685004,True
124816923,11009009,Evangelische Grundschule Friedrichshagen,52.45281649463709,13.62003781936553,POINT (13.62003782000651 52.452816493356835),Friedrichshagen,Treptow-Köpenick,0911,09P13,Evangelische Grundschule Friedrichshagen,,,,,,,,,,"Peter-Hille-Straße 36, 12587 Berlin",Peter-Hille-Straße,36,12587,Berlin,Evangelische Schulstiftung in der EKBO,,,,+4930 671 22 512,buero@ev-schule-friedrichshagen.de,https://www.ev-schule-friedrichshagen.de/,,,True,52.45281649463709,13.62003781936553,False
124816990,11009009,Gerhart-Hauptmann-Gymnasium,52.451742599783266,13.633631864223826,POINT (13.633631865233873 52.45174259352497),Friedrichshagen,Treptow-Köpenick,0911,09Y06,Gerhart-Hauptmann-Gymnasium,,,,,,,,,,"Bruno-Wille-Straße 37, 12587 Berlin",Bruno-Wille-Straße,37,12587,Berlin,Bezirksamt Treptow-Köpenick von Berlin,,,,+49 30 6451839,sekretariat@ghs-berlin.de,https://www.ghs-berlin.de/,,,True,52.451742599783266,13.633631864223826,False
125390734,11007007,Friedrich-Bergius-Oberschule,52.4764346943484,13.334037718592436,POINT (13.334037718787567 52.476434692561995),Friedenau,Tempelhof-Schöneberg,0702,07K10,Friedrich-Bergius-Oberschule,,,,,,,,,,"Perelsplatz 6-9, 12159 Berlin",Perelsplatz,6-9,12159,Berlin,Bezirksamt Tempelhof-Schöneberg von Berlin,,,,,,https://www.friedrich-bergius-schule.de/,,,True,52.4764346943484,13.334037718592436,False
125667560,11004004,Katharina-Heinroth-Grundschule,52.493988185137894,13.305736361832759,POINT (13.305736361040132 52.49398818357331),Wilmersdorf,Charlottenburg-Wilmersdorf,0402,04G20,Katharina-Heinroth-Grundschule,,,,,,,,,,"Münstersche Straße 15-17, 10709 Berlin",Münstersche Straße,15-17,10709,Berlin,,,,,,,,,,True,52.493988185137894,13.305736361832759,False
125692093,11010010,Johann-Julius-Hecker-Schule,52.57038725449992,13.578839476789458,POINT (13.578839476794677 52.57038724919763),Marzahn,Marzahn-Hellersdorf,1001,10K08,Johann-Julius-Hecker-Schule,,,,,,,,,,"Hohenwalder Straße 2, 12689 Berlin",Hohenwalder Straße,2,12689,Berlin,,,,,,,,,,True,52.57038725449992,13.578839476789458,False
126512828,11008008,Wetzlar-Schule,52.43105655670143,13.442804832906116,POINT (13.442804832957496 52.43105655143709),Britz,Neukölln,0802,08G29,Wetzlar-Schule,,,,,,,,,,"Tischlerzeile 34, 12351 Berlin",Tischlerzeile,34,12351,Berlin,Bezirksamt Neukölln von Berlin,,,,,,https://www.wetzlar-schule.de/,,,True,52.43105655670143,13.442804832906116,False
127722361,11004004,Loschmidt-Oberschule,52.51717720722585,13.312393802837347,POINT (13.312393803361338 52.517177204214576),Charlottenburg,Charlottenburg-Wilmersdorf,0401,04B01,Loschmidt-Oberschule,,,,,,,,,,10587 Berlin,,,10587,Berlin,,,,,+4930 345058 10,zentrale@loschmidt-oberschule.de,http://www.loschmidt-oberschule.de/,,,True,52.51717720722585,13.312393802837347,False
127722364,11004004,Evangelische Schule Charlottenburg,52.517596646474345,13.315412009921753,POINT (13.315412010093699 52.51759664576275),Charlottenburg,Charlottenburg-Wilmersdorf,0401,04P05,Evangelische Schule Charlottenburg,,,,,,,,,,"Guerickestraße 4-6, 10587 Berlin",Guerickestraße,4-6,10587,Berlin,Evangelische Schulstiftung in der EKBO,,,,,,,,,True,52.517596646474345,13.315412009921753,False
127722613,11007007,Anna-Freud-Schule,52.48900895537541,13.351670776719724,POINT (13.351670777085442 52.48900895304936),Schöneberg,Tempelhof-Schöneberg,0701,04B05b,Anna-Freud-Schule,,,,,,,,,,"Klixstraße 7, 10823 Berlin",Klixstraße,7,10823,Berlin,,,,,,,,,,True,52.48900895537541,13.351670776719724,False
127724377,11001001,Französisches Gymnasium,52.50300726383866,13.3551392995852,POINT (13.35513929871787 52.503007258266194),Tiergarten,Mitte,0104,01Y07,Französisches Gymnasium,,,,,,,,,,"Derfflingerstraße 7, 10785 Berlin",Derfflingerstraße,7,10785,Berlin,Land Berlin,,,,,,,,,True,52.50300726383866,13.3551392995852,False
127724714,11001001,Ecole Voltaire,52.502070610431566,13.357050582585869,POINT (13.357050581842985 52.50207060840594),Tiergarten,Mitte,0104,01P47,Ecole Voltaire,,,,,,,,,,"Kurfürstenstraße 53, 10785 Berlin",Kurfürstenstraße,53,10785,Berlin,,,,,,,http://www.collegevoltaire.de,,,True,52.502070610431566,13.357050582585869,False
127886417,11003003,Schule am Senefelderplatz,52.534777671257594,13.410927495678235,POINT (13.410927496899664 52.5347776676294),Prenzlauer Berg,Pankow,0301,03G15,Schule am Senefelderplatz,,,,,,,,,,"Schönhauser Allee 165, 10435 Berlin",Schönhauser Allee,165,10435,Berlin,,,,,,,,,,True,52.534777671257594,13.410927495678235,False
127886418,11003003,Grundschule am Teutoburger Platz,52.53358512188905,13.408556050103819,POINT (13.40855605088571 52.53358511923482),Prenzlauer Berg,Pankow,0301,03G16,Grundschule am Teutoburger Platz,,,,,,,,,,"Templiner Straße 1-3, 10119 Berlin",Templiner Straße,1-3,10119,Berlin,,,,,,,,,,True,52.53358512188905,13.408556050103819,False
127886459,11001001,John-Lennon-Gymnasium,52.530620512414224,13.404157674707157,POINT (13.404157674862832 52.53062051144117),Mitte,Mitte,0101,,John-Lennon-Gymnasium,,,,,,,,,,"Zehdenicker Straße 17, 10119 Berlin",Zehdenicker Straße,17,10119,Berlin,,,,,,,,,,True,52.530620512414224,13.404157674707157,False
127914651,11001001,Grundschule am Koppenplatz (Standort Bergstraße),52.53007342408487,13.395937062351715,POINT (13.395937062548484 52.5300734221484),Mitte,Mitte,0101,01G46b,Grundschule am Koppenplatz (Standort Bergstraße),,,,,,,,,,"Bergstraße 5-9, 10115 Berlin",Bergstraße,5-9,10115,Berlin,Bezirk Mitte von Berlin,,,,,,https://schule-am-koppenplatz.de,,,True,52.53007342408487,13.395937062351715,False
129030622,11003003,Grundschule Am Sandhaus,52.63719883015057,13.490422213070827,POINT (13.490422212566479 52.63719882681332),Buch,Pankow,0309,03G29,Grundschule Am Sandhaus,,,,,,,,,,"Wiltbergstraße 37-39, 13125 Berlin",Wiltbergstraße,37-39,13125,Berlin,,,,,+49 30 9490046,sekretariat@sandhaus.schule.berlin.de,https://gs-am-sandhaus.de/,,,True,52.63719883015057,13.490422213070827,False
129030628,11002002,Hermann-Hesse-Gymnasium,52.492907751314746,13.418954758892625,POINT (13.418954757308864 52.49290774738656),Kreuzberg,Friedrichshain-Kreuzberg,0202,02Y08,Hermann-Hesse-Gymnasium,,,,,,,,,,"Böckhstraße 16, 10967 Berlin",Böckhstraße,16,10967,Berlin,Bezirksamt Friedrichshain-Kreuzberg von Berlin,,,,+49 30 666434090,,,,,True,52.492907751314746,13.418954758892625,False
129030656,11010010,Marcana-Schule,52.56384468618083,13.565183488880315,POINT (13.56518349134231 52.56384468225034),Marzahn,Marzahn-Hellersdorf,1001,10K11,Marcana-Schule,,,,,,,,,,"Flämingstraße 16-18, Berlin",Flämingstraße,16-18,12689,Berlin,,,,,,,,,,True,52.56384468618083,13.565183488880315,False
129030668,11002002,Grundschule am Traveplatz,52.51143159369202,13.471480689619533,POINT (13.47148068918582 52.511431591847476),Friedrichshain,Friedrichshain-Kreuzberg,0201,02G08,Grundschule am Traveplatz,,,,,,,,,,"Jessnerstraße 24, 10247 Berlin",Jessnerstraße,24,10247,Berlin,,,,,,,,,,True,52.51143159369202,13.471480689619533,False
129030670,11002002,Lemgo-Grundschule,52.493567229336875,13.416372738652358,POINT (13.416372737393786 52.49356722547574),Kreuzberg,Friedrichshain-Kreuzberg,0202,02G26,Lemgo-Grundschule,,,,,,,,,,"Böckhstraße 5, 10967 Berlin",Böckhstraße,5,10967,Berlin,Bezirksamt Friedrichshain-Kreuzberg von Berlin,,,,+49 30 50585711,sekretariat@lemgo.schule.de,,,,True,52.493567229336875,13.416372738652358,False
129030674,11002002,Jane-Goodall-Grundschule,52.51334088542901,13.468178668075694,POINT (13.46817866704388 52.513340882348444),Friedrichshain,Friedrichshain-Kreuzberg,0201,02G34,Jane-Goodall-Grundschule,,,,,,,,,,"Scharnweberstraße 19, 10247 Berlin",Scharnweberstraße,19,10247,Berlin,Bezirksamt Friedrichshain-Kreuzberg von Berlin,,,,,,https://www.jane-goodall-grundschule.de,,,True,52.51334088542901,13.468178668075694,False
129119646,11002002,Jens-Nydahl-Grundschule,52.49698148373263,13.41470066206177,POINT (13.414700663203957 52.496981480921306),Kreuzberg,Friedrichshain-Kreuzberg,0202,02G22,Jens-Nydahl-Grundschule,,,,,,,,,,"Kohlfurter Straße 20, 10999 Berlin",Kohlfurter Straße,20,10999,Berlin,Bezirksamt Friedrichshain-Kreuzberg von Berlin,,,,,,,,,True,52.49698148373263,13.41470066206177,False
129119647,11010010,Friedrich-Schiller-Grundschule,52.511205843031185,13.615422904531208,POINT (13.615422904636507 52.51120584144653),Mahlsdorf,Marzahn-Hellersdorf,1004,10G26,Friedrich-Schiller-Grundschule,,,,,,,,,,"An der Schule 13-17, 12623 Berlin",An der Schule,13-17,12623,Berlin,,,,,,,,,,True,52.511205843031185,13.615422904531208,False
129119648,11002002,Temple-Grandin-Schule (Filiale),52.514569480985756,13.445268468056739,POINT (13.44526846796416 52.51456947929712),Friedrichshain,Friedrichshain-Kreuzberg,0201,02S01b,Temple-Grandin-Schule (Filiale),,,,,,,,,,"Marchlewskistraße 25d, 10243 Berlin",Marchlewskistraße,25d,10243,Berlin,,,,,,,,,,True,52.514569480985756,13.445268468056739,False
129119650,11010010,Ulmen-Grundschule,52.486043856512545,13.58109854869787,POINT (13.581098547663453 52.48604385197345),Kaulsdorf,Marzahn-Hellersdorf,1003,10G33,Ulmen-Grundschule,,,,,,,,,,"Ulmenstraße 79/85, 12621 Berlin",Ulmenstraße,79/85,12621,Berlin,Bezirk Marzahn-Hellersdorf,,,,,,https://ulmen-grundschule.de,,,True,52.486043856512545,13.58109854869787,False
129119651,11010010,Mahlsdorfer Grundschule,52.52220171299117,13.62977727806888,POINT (13.629777278819175 52.52220170887984),Mahlsdorf,Marzahn-Hellersdorf,1004,10G30,Mahlsdorfer Grundschule,,,,,,,,,,"Feldrain 47, 12623 Berlin",Feldrain,47,12623,Berlin,,,,,+49305627059,,http://www.mahlsdorfer-grundschule.de/,,,True,52.52220171299117,13.62977727806888,False
129119653,11011011,Kreativitätsgrundschule Berlin-Karlshorst,52.482610373859565,13.513694291802759,POINT (13.513694292346548 52.48261037009193),Karlshorst,Lichtenberg,1102,11P04,Kreativitätsgrundschule Berlin-Karlshorst,,,,,,,,,,"Ehrlichstraße 63, 10318 Berlin",Ehrlichstraße,63,10318,Berlin,Die Kappe e. V.,,,,+49 30 3465524,,https://www.krea-schulzentrum.de/grundschule/lichtenberg.php,,,True,52.482610373859565,13.513694291802759,False
129119654,11010010,Kiekemal Grundschule,52.493935084966935,13.60825615437092,POINT (13.608256155445629 52.493935083225956),Mahlsdorf,Marzahn-Hellersdorf,1004,10G32,Kiekemal Grundschule,,,,,,,,,,"Hultschiner Damm 219, 12623 Berlin",Hultschiner Damm,219,12623,Berlin,,,,,,,,,,True,52.493935084966935,13.60825615437092,False
129119655,11010010,Kolibri Grundschule,52.53270147339414,13.61819249332756,POINT (13.618192493476755 52.532701465499954),Hellersdorf,Marzahn-Hellersdorf,1005,10G22,Kolibri Grundschule,,,,,,,,,,"Schönewalder Straße 9, 12627 Berlin",Schönewalder Straße,9,12627,Berlin,,,,,,,https://kolibri-grundschule.de/,,,True,52.53270147339414,13.61819249332756,False
129119656,11010010,Sabine-Ball-Grundschule,52.53235186422975,13.616503122982914,POINT (13.616503123086973 52.53235186181039),Hellersdorf,Marzahn-Hellersdorf,1005,10P09,Sabine-Ball-Grundschule,,,,,,,,,,"Lichtenhainer Straße 2, 12627 Berlin",Lichtenhainer Straße,2,12627,Berlin,Christburg Campus Berlin e. V.,,,,,,https://www.sabine-ball-grundschule.de/,,,True,52.53235186422975,13.616503122982914,False
129119657,11010010,Melanchthon-Gymnasium,52.534772913846886,13.617527682997876,POINT (13.617527685825232 52.534772906367934),Hellersdorf,Marzahn-Hellersdorf,1005,10Y11,Melanchthon-Gymnasium,,,,,,,,,,"Adele-Sandrock-Straße 73-75, 12627 Berlin",Adele-Sandrock-Straße,73-75,12627,Berlin,,,,,,,,,,True,52.534772913846886,13.617527682997876,False
129119658,11010010,Grundschule am Hollerbusch,52.52551184861624,13.59514380006757,POINT (13.595143799734604 52.52551184198376),Hellersdorf,Marzahn-Hellersdorf,1005,10G28,Grundschule am Hollerbusch,,,,,,,,,,"Erich-Kästner-Straße 64, 12619 Berlin",Erich-Kästner-Straße,64,12619,Berlin,,,,,+49305615085,,http://www.hollerbusch.cidsnet.de/,,,True,52.52551184861624,13.59514380006757,False
129638928,11008008,Bruno-Taut-Schule,52.44112480031072,13.448243084017031,POINT (13.448243083660957 52.44112479340827),Britz,Neukölln,0802,08G13,Bruno-Taut-Schule,,,,,,,,,,"Bruno-Taut-Ring 9c, 12359 Berlin",Bruno-Taut-Ring,9c,12359,Berlin,,,,,+49 30 609 72 49-0,berlin_08G13@versanet.de,http://www.bruno-taut.de,,,True,52.44112480031072,13.448243084017031,False
130002113,11007007,Johannes-Schule Berlin,52.487395075508594,13.366660263390331,POINT (13.3666602631066 52.487395071806766),Schöneberg,Tempelhof-Schöneberg,0701,07P18,Johannes-Schule Berlin,,,,,,,,,,"Monumentenstraße 13A, 10829 Berlin",Monumentenstraße,13A,10829,Berlin,,,,,,,,,,True,52.487395075508594,13.366660263390331,False
132342167,11010010,Caspar-David-Friedrich-Schule,52.53436764140159,13.589526063686785,POINT (13.589526064062868 52.534367638497336),Hellersdorf,Marzahn-Hellersdorf,1005,10K07,Caspar-David-Friedrich-Schule,,,,,,,,,,"Alte Hellersdorfer Straße 7, 12629 Berlin",Alte Hellersdorfer Straße,7,12629,Berlin,,,,,,,,,,True,52.53436764140159,13.589526063686785,False
135459200,11004004,Annie Heuser Waldorfschule,52.48933028221352,13.305025029949325,POINT (13.305025029997202 52.48933028190652),Wilmersdorf,Charlottenburg-Wilmersdorf,0402,04P12,Annie Heuser Waldorfschule,,,,,,,,,,"Eisenzahnstraße 37, 10709 Berlin",Eisenzahnstraße,37,10709,Berlin,,,,,,,https://www.annie-heuser-schule.de/,,,True,52.48933028221352,13.305025029949325,False
135872852,11010010,Gemeinschaftsschule Mahlsdorf,52.51823119953815,13.634856433114535,POINT (13.634856435487954 52.518231192408514),Mahlsdorf,Marzahn-Hellersdorf,1004,10K14,Gemeinschaftsschule Mahlsdorf,,,,,,,,,,"Landsberger Allee 178, 12623 Berlin",Landsberger Allee,178,12623,Berlin,Land Berlin,,,,,,,,,True,52.51823119953815,13.634856433114535,False
137118014,11001001,Albert-Gutzmann-Schule,52.549169785301245,13.373811771426176,POINT (13.373811770717172 52.549169779857294),Gesundbrunnen,Mitte,0106,01G43,Albert-Gutzmann-Schule,,,,,,,,,,"Orthstraße 1, 13357 Berlin",Orthstraße,1,13357,Berlin,,,,,+4930 469059 60,info@gutzmannschule.de,http://www.gutzmannschule.cidsnet.de,,,True,52.549169785301245,13.373811771426176,False
137118022,11001001,Grundschule am Brandenburger Tor,52.5130200626453,13.383180812530107,POINT (13.383180813234299 52.51302005915467),Mitte,Mitte,0101,01G08,Grundschule am Brandenburger Tor,,,,,,,,,,"Wilhelmstraße 52, 10117 Berlin",Wilhelmstraße,52,10117,Berlin,,,,,,,,,,True,52.5130200626453,13.383180812530107,False
137118025,11004004,Freudberg Gemeinschaftsschule,52.489124627776036,13.330194452512872,POINT (13.330194452504196 52.48912462750798),Wilmersdorf,Charlottenburg-Wilmersdorf,0402,04P41,Freudberg Gemeinschaftsschule,,,,,,,,,,"Bundesallee 35, 10717 Berlin",Bundesallee,35,10717,Berlin,Montessori-Stiftung Berlin,,,,,,,,,True,52.489124627776036,13.330194452512872,False
137118042,11002002,Zille Grundschule,52.508585572431954,13.464867479582336,POINT (13.464867478279675 52.50858556881834),Friedrichshain,Friedrichshain-Kreuzberg,0201,02G09,Zille Grundschule,,,,,,,,,,"Boxhagener Straße 46, 10245 Berlin",Boxhagener Straße,46,10245,Berlin,,,,,,,,,,True,52.508585572431954,13.464867479582336,False
137118050,11007007,Schule am Berlinickeplatz,52.46508758586031,13.378839134569231,POINT (13.378839133491226 52.465087580685406),Tempelhof,Tempelhof-Schöneberg,0703,07K13,Schule am Berlinickeplatz,,,,,,,,,,"Alt-Tempelhof 53-57, 12103 Berlin",Alt-Tempelhof,53-57,12103,Berlin,Bezirksamt Tempelhof-Schöneberg von Berlin,,,,+49 30 902772641,kontakt@schule-am-berlinickeplatz.de,https://schule-am-berlinickeplatz.de,,,True,52.46508758586031,13.378839134569231,False
137195124,11012012,Ernst-Litfaß-Schule - OSZ Druck- und Medientechnik,52.59846141382487,13.328813640955959,POINT (13.328813644278842 52.59846140740716),Wittenau,Reinickendorf,1209,12B03,Ernst-Litfaß-Schule - OSZ Druck- und Medientechnik,,,,,,,,,,"Cyclopstraße 1-5, 13437 Berlin",Cyclopstraße,1-5,13437,Berlin,,,,,+4930 414792 0,litfass@ernst-litfass-schule.de,https://ernst-litfass-schule.de/,,,True,52.59846141382487,13.328813640955959,False
137336392,11003003,50. Grundschule,52.626058012644215,13.498395753878487,POINT (13.498395755562283 52.62605800905259),Buch,Pankow,0309,03G50,50. Grundschule,,,,,,,,,,"Karower Chaussee 97, 13125 Berlin",Karower Chaussee,97,13125,Berlin,Bezirksamt Pankow von Berlin,,,,+49309479492235,sekretariat@03g50.schule.berlin.de,https://www.03g50.de/,,,True,52.626058012644215,13.498395753878487,False
137336632,11003003,Grundschule am Hohen Feld,52.615328329666305,13.496315513832881,POINT (13.496315512658121 52.61532832501866),Karow,Pankow,0305,03G10,Grundschule am Hohen Feld,,,,,,,,,,"Bedeweg 1, 13125 Berlin",Bedeweg,1,13125,Berlin,,,,,+4930 948006220,info@fv-grundschule-amhohenfeld.de,https://www.grundschule-amhohenfeld.de,,,True,52.615328329666305,13.496315513832881,False
137338844,11003003,Marianne-Buggenhagen-Schule für Körperbehinderte,52.62956098803421,13.491310723000566,POINT (13.49131072259623 52.629560983752214),Buch,Pankow,0309,03S10,Marianne-Buggenhagen-Schule für Körperbehinderte,,,,,,,,,,"Ernst-Busch-Straße 27, 13125 Berlin",Ernst-Busch-Straße,27,13125,Berlin,,,,,+49 30 9487880,,https://www.buggenhagen-schule.de/,,,True,52.62956098803421,13.491310723000566,False
137574169,11001001,Gesundbrunnen-Grundschule,52.552967998118305,13.383501611048377,POINT (13.383501609461135 52.552967993937614),Gesundbrunnen,Mitte,0106,01G27,Gesundbrunnen-Grundschule,,,,,,,,,,"Prinzenallee 8, 13357 Berlin",Prinzenallee,8,13357,Berlin,,,,,,,,,,True,52.552967998118305,13.383501611048377,False
138331744,11001001,Willy-Brandt-Gesamtschule,52.55095587689691,13.38616009740076,POINT (13.386160097993155 52.55095587563247),Gesundbrunnen,Mitte,0106,01K01,Willy-Brandt-Gesamtschule,,,,,,,,,,"Grüntaler Straße 5, 13357 Berlin",Grüntaler Straße,5,13357,Berlin,,,,,,,,,,True,52.55095587689691,13.38616009740076,False
138406768,11003003,Hufeland-Schule,52.63289904504177,13.492973685215594,POINT (13.492973682630675 52.63289903928069),Buch,Pankow,0309,03K10,Hufeland-Schule,,,,,,,,,,"Walter-Friedrich-Straße 16/18, 13125 Berlin",Walter-Friedrich-Straße,16/18,13125,Berlin,,,,,,,https://www.hufelandschule.berlin/,,,True,52.63289904504177,13.492973685215594,False
138537828,11003003,Elinor-Ostrom-Schule,52.55218041727291,13.404460720367108,POINT (13.404460721175704 52.5521804157893),Prenzlauer Berg,Pankow,0301,,Elinor-Ostrom-Schule,,,,,,,,,,"Schivelbeiner Straße, Nordisches Viertel, Prenzlauer Berg, Pankow, Berlin, 10439, Deutschland",,,10439,,,,,,,,,,,True,52.55218041727291,13.404460720367108,True
138557445,11001001,Grundschule am Arkonaplatz,52.53685226090523,13.399524402624655,POINT (13.39952440143522 52.53685225936498),Mitte,Mitte,0101,,Grundschule am Arkonaplatz,,,,,,,,,,"Fahrbibliothek Berlin-Mitte, Grundschule am Arkonaplatz, Ruppiner Straße, Arkonakiez, Rosenthaler Vorstadt, Mitte, Berlin, 10115, Deutschland",,,10115,,,,,,,,,,,True,52.53685226090523,13.399524402624655,True
138639256,11008008,Schule am Regenweiher,52.42965616119165,13.451509258999147,POINT (13.451509258517454 52.42965615514837),Gropiusstadt,Neukölln,0805,08G22,Schule am Regenweiher,,,,,,,,,,"Johannisthaler Chaussee 328-340, 12351 Berlin",Johannisthaler Chaussee,328-340,12351,Berlin,Bezirksamt Neukölln von Berlin,,,,+49 30 6044012,,https://www.schule-am-regenweiher.de/,,,True,52.42965616119165,13.451509258999147,False
141520963,11009009,Amtsfeld Grundschule-Filiale,52.445747161297945,13.591913746496502,POINT (13.5919137465522 52.44574716020524),Köpenick,Treptow-Köpenick,0910,09G19b,Amtsfeld Grundschule-Filiale,,,,,,,,,,"Salvador-Allende-Straße 93, 12559 Berlin",Salvador-Allende-Straße,93,12559,Berlin,Land Berlin,,,,,,,,,True,52.445747161297945,13.591913746496502,False
144066623,11006006,Grundschule Am Insulaner,52.4523522893449,13.349791245763923,POINT (13.349791245764663 52.452352284447414),Steglitz,Steglitz-Zehlendorf,0601,06G17,Grundschule Am Insulaner,,,,,,,,,,"Hanstedter Weg 11-15, 12169 Berlin",Hanstedter Weg,11-15,12169,Berlin,Bezirksamt Steglitz-Zehlendorf von Berlin,,,,+49 30 79742860,sekretariat@06g17.schule.berlin.de,https://www.grundschuleaminsulaner.de/,,,True,52.4523522893449,13.349791245763923,False
146695070,11007007,Teltow-Grundschule,52.48404085331211,13.356524549830711,POINT (13.356524550387096 52.48404085166551),Schöneberg,Tempelhof-Schöneberg,0701,07G10,Teltow-Grundschule,,,,,,,,,,"Feurigstraße 57, 10827 Berlin",Feurigstraße,57,10827,Berlin,,,,,,,https://teltow-grundschule.de,,,True,52.48404085331211,13.356524549830711,False
148008312,11010010,Gretel Bergmann Gemeinschaftsschule,52.55774336605006,13.558633087545385,POINT (13.558633087497702 52.55774336586217),Marzahn,Marzahn-Hellersdorf,1001,,Gretel Bergmann Gemeinschaftsschule,,,,,,,,,,"22A, Liebensteiner Straße, Marzahn-Mitte, Marzahn, Marzahn-Hellersdorf, Berlin, 12687, Deutschland",,,12687,,,,,,,,,,,True,52.55774336605006,13.558633087545385,True
148090093,11007007,Marienfelder Grundschule,52.4108293239015,13.352942938492776,POINT (13.352942949478274 52.41082929851573),Marienfelde,Tempelhof-Schöneberg,0705,07G34,Marienfelder Grundschule,,,,,,,,,,"Erbendorfer Weg 13, 12279 Berlin",Erbendorfer Weg,13,12279,Berlin,Bezirksamt Tempelhof-Schöneberg von Berlin,,,,,,https://www.marienfeldergrundschule.de,,,True,52.4108293239015,13.352942938492776,False
150262812,11004004,Katholische Schule Liebfrauen,52.5111171743407,13.276021402139033,POINT (13.276021402617875 52.5111171720911),Westend,Charlottenburg-Wilmersdorf,0405,04P04,Katholische Schule Liebfrauen,,,,,,,,,,"Ahornallee 33, 14050 Berlin",Ahornallee,33,14050,Berlin,Erzbistum Berlin,,,,+4930 3061301 3,sekretariat@ksl.schulerzbistum.de,https://www.ksliebfrauen.de/,,,True,52.5111171743407,13.276021402139033,False
150809948,11009009,Bouché-Schule,52.49334301398787,13.45184636344035,POINT (13.45184636407261 52.493343009436074),Alt-Treptow,Treptow-Köpenick,0901,09G01,Bouché-Schule,,,,,,,,,,"Bouchéstraße 5, 12435 Berlin",Bouchéstraße,5,12435,Berlin,,,,,,,,,,True,52.49334301398787,13.45184636344035,False
151629362,11009009,Grundschule am Altglienicker Wasserturm,52.41099267573355,13.554168618742834,POINT (13.554168619035762 52.41099267334207),Altglienicke,Treptow-Köpenick,0906,09G13,Grundschule am Altglienicker Wasserturm,,,,,,,,,,"Sachsenstraße 22, 12524 Berlin",Sachsenstraße,22,12524,Berlin,,,,,,,,,,True,52.41099267573355,13.554168618742834,False
152892274,11009009,Grundschule am Mohnweg,52.40647666731386,13.537421463099328,POINT (13.537421464429347 52.40647665779398),Altglienicke,Treptow-Köpenick,0906,09G15,Grundschule am Mohnweg,,,,,,,,,,"Mohnweg 20, 12524 Berlin",Mohnweg,20,12524,Berlin,,,,,,,,,,True,52.40647666731386,13.537421463099328,False
152892280,11009009,Grundschule am Pegasuseck,52.40659712797331,13.528799844996142,POINT (13.528799844070699 52.406597122286996),Altglienicke,Treptow-Köpenick,0906,09G11,Grundschule am Pegasuseck,,,,,,,,,,"Pegasuseck 5, 12524 Berlin",Pegasuseck,5,12524,Berlin,,,,,,,,,,True,52.40659712797331,13.528799844996142,False
153260652,11009009,Schule am Buntzelberg,52.40673256196106,13.574355410806572,POINT (13.574355412383431 52.40673254750687),Bohnsdorf,Treptow-Köpenick,0908,09G14,Schule am Buntzelberg,,,,,,,,,,"Schulzendorfer Straße 112, 12526 Berlin",Schulzendorfer Straße,112,12526,Berlin,Land Berlin,,,,,,,,,True,52.40673256196106,13.574355410806572,False
157044690,11007007,Fläming-Grundschule,52.46755277565326,13.333320015175582,POINT (13.333320015074584 52.4675527734459),Friedenau,Tempelhof-Schöneberg,0702,07G15,Fläming-Grundschule,,,,,,,,,,"Illstraße 4-6, 12161 Berlin",Illstraße,4-6,12161,Berlin,Bezirksamt Tempelhof-Schöneberg von Berlin,,,,+49 30 902777061,info@flaeming-grundschule.de,https://www.flaeming-grundschule.de/,,,True,52.46755277565326,13.333320015175582,False
157110899,11008008,Matthias-Claudius-Grundschule,52.42132743768947,13.500881517041632,POINT (13.500881517696246 52.42132742662941),Rudow,Neukölln,0804,08G28,Matthias-Claudius-Grundschule,,,,,,,,,,"Köpenicker Straße 148, 12355 Berlin",Köpenicker Straße,148,12355,Berlin,,,,,,,,,,True,52.42132743768947,13.500881517041632,False
157745235,11009009,Schmöckwitzer Insel-Schule,52.376033975618846,13.647407344694459,POINT (13.647407344849675 52.37603397356277),Schmöckwitz,Treptow-Köpenick,0915,09G29,Schmöckwitzer Insel-Schule,,,,,,,,,,"Adlergestell 776, 12527 Berlin",Adlergestell,776,12527,Berlin,,,,,,,http://www.schmoeckwitzer-gs.cidsnet.de,,,True,52.376033975618846,13.647407344694459,False
159474728,11011011,Paul-Schmidt-Schule,52.55459509562822,13.503983754569905,POINT (13.503983756004114 52.55459509280028),Alt-Hohenschönhausen,Lichtenberg,1110,11K11,Paul-Schmidt-Schule,,,,,,,,,,"Malchower Weg 54, 13053 Berlin",Malchower Weg,54,13053,Berlin,,,,,+49 30 9864885,sekretariat@11K11.schule.berlin.de,https://www.paul-schmidt-schule.de/,,,True,52.55459509562822,13.503983754569905,False
159698125,11003003,Grundschule im Eliashof,52.54057097860051,13.423465168394058,POINT (13.423465168780373 52.54057097757465),Prenzlauer Berg,Pankow,0301,03G46,Grundschule im Eliashof,,,,,,,,,,"Senefelderstraße 6, 10437 Berlin",Senefelderstraße,6,10437,Berlin,,,,,,,,,,True,52.54057097860051,13.423465168394058,False
160464959,11003003,Schule am Birkenhof,52.608581998173015,13.423256319692772,POINT (13.423256324861294 52.60858198835004),Französisch Buchholz,Pankow,0310,03G40,Schule am Birkenhof,,,,,,,,,,"Arnouxstraße 18, 13127 Berlin",Arnouxstraße,18,13127,Berlin,,,,,+4930 474029100,sekretariat@schule-birkenhof.de,http://www.schule-birkenhof.de,,,True,52.608581998173015,13.423256319692772,False
160803748,11003003,Grundschule an der Marie,52.53589309034274,13.425501105911655,POINT (13.42550110628151 52.535893089000005),Prenzlauer Berg,Pankow,0301,03G04,Grundschule an der Marie,,,,,,,,,,"Christburger Straße, Winsviertel, Prenzlauer Berg, Pankow, Berlin, 10405, Deutschland",,,10405,,,,,,,,https://www.schule-an-der-marie.de/,,,True,52.53589309034274,13.425501105911655,True
161901179,11004004,Schiller-Gymnasium,52.51036618964295,13.321561512564116,POINT (13.32156151212272 52.510366182601736),Charlottenburg,Charlottenburg-Wilmersdorf,0401,04Y01,Schiller-Gymnasium,,,,,,,,,,"Schillerstraße, Charlottenburg, Charlottenburg-Wilmersdorf, Berlin, 10625, Deutschland",,,10625,,,,,,,,,,,True,52.51036618964295,13.321561512564116,True
163857376,11003003,Rosa-Luxemburg-Gymnasium,52.566312425163545,13.419862580617147,POINT (13.419862581176872 52.566312423149384),Pankow,Pankow,0307,03Y10,Rosa-Luxemburg-Gymnasium,,,,,,,,,,"Kissingenstraße 12, 13189 Berlin",Kissingenstraße,12,13189,Berlin,,,,,+49 30 91607730,,https://www.rosa-luxemburg-gymnasium.de/,,,True,52.566312425163545,13.419862580617147,False
164827913,11012012,Waldorfschule Märkisches Viertel Berlin,52.60057600624006,13.364407221367648,POINT (13.364407221014735 52.60057600229374),Märkisches Viertel,Reinickendorf,1210,12P02,Waldorfschule Märkisches Viertel Berlin,,,,,,,,,,"Treuenbrietzener Straße 28, 13439 Berlin",Treuenbrietzener Straße,28,13439,Berlin,,,,,+4930 407283 0,info@waldorfschule-mv.de,https://www.waldorfschule-mv.de/,,,True,52.60057600624006,13.364407221367648,False
166030615,11011011,Immanuel-Kant-Gymnasium,52.502226561004825,13.48983692817244,POINT (13.489836927941564 52.502226559474764),Rummelsburg,Lichtenberg,1112,11Y11,Immanuel-Kant-Gymnasium,,,,,,,,,,"Lückstraße 63, 10317 Berlin",Lückstraße,63,10317,Berlin,,,,,+49 30 5139748,,,,,True,52.502226561004825,13.48983692817244,False
166149924,11003003,Kurt-Schwitters-Schule,52.53122286945755,13.428803430232701,POINT (13.428803432214051 52.531222867647735),Prenzlauer Berg,Pankow,0301,03K01,Kurt-Schwitters-Schule,,,,,,,,,,"Greifswalder Straße 25, 10405 Berlin",Greifswalder Straße,25,10405,Berlin,,,,,,,,,,True,52.53122286945755,13.428803430232701,False
168832194,11012012,Wiesengrund-Schule,52.62298638055919,13.294094973351667,POINT (13.29409497430022 52.62298637871555),Hermsdorf,Reinickendorf,1206,,Wiesengrund-Schule,,,,,,,,,,"Frohnauer Straße 74-80, 13467 Berlin",Frohnauer Straße,74-80,13467,Berlin,,,,,,,,,,True,52.62298638055919,13.294094973351667,False
168904182,11004004,Heinz-Galinski-Schule,52.501308059581795,13.258610738005851,POINT (13.25861073491245 52.501308054346445),Westend,Charlottenburg-Wilmersdorf,0405,04P03,Heinz-Galinski-Schule,,,,,,,,,,"Waldschulallee 73, 14055 Berlin",Waldschulallee,73,14055,Berlin,Jüdische Gemeinde zu Berlin,,,,+49 30 3011940,,,,,True,52.501308059581795,13.258610738005851,False
172235356,11001001,Anne-Frank-Grundschule,52.51822033149877,13.356067185731774,POINT (13.356067186604525 52.5182203283449),Moabit,Mitte,0102,01G15,Anne-Frank-Grundschule,,,,,,,,,,"Paulstraße 20B, 10557 Berlin",Paulstraße,20B,10557,Berlin,,,,,,,,,,True,52.51822033149877,13.356067185731774,False
172382574,11006006,Dunant-Grundschule,52.46473789731919,13.318136888439005,POINT (13.318136889915673 52.46473789490008),Steglitz,Steglitz-Zehlendorf,0601,06G15,Dunant-Grundschule,,,,,,,,,,"Gritznerstraße 19-23, 12163 Berlin",Gritznerstraße,19-23,12163,Berlin,Bezirksamt Steglitz-Zehlendorf von Berlin,,,,+49 30 79742160,sekretariat@dunant.schule.berlin.de,https://www.dunant-gs.de/,,,True,52.46473789731919,13.318136888439005,False
172382575,11006006,Kopernikus-Oberschule Berlin,52.464219118341326,13.31960546829091,POINT (13.319605468787767 52.46421911642742),Steglitz,Steglitz-Zehlendorf,0601,06K03,Kopernikus-Oberschule Berlin,,,,,,,,,,"Lepsiusstraße 24-28, 12163 Berlin",Lepsiusstraße,24-28,12163,Berlin,Bezirksamt Steglitz-Zehlendorf von Berlin,,,,,,https://www.kopernikus-oberschule.de/,,,True,52.464219118341326,13.31960546829091,False
172446681,11004004,OSZ Wirtschaft Leopold-Ullstein-Schule - Abteilung I,52.48366635424117,13.33271225252066,POINT (13.33271225262101 52.4836663539158),Wilmersdorf,Charlottenburg-Wilmersdorf,0402,,OSZ Wirtschaft Leopold-Ullstein-Schule - Abteilung I,,,,,,,,,,"Prinzregentenstraße 32, 10715 Berlin",Prinzregentenstraße,32,10715,Berlin,,,,,+49 30 85758532,,http://www.oszinddv.de,,,True,52.48366635424117,13.33271225252066,False
175793181,11008008,Otto-Hahn-Schule,52.458294267742794,13.450186642049477,POINT (13.45018664084677 52.45829426157741),Britz,Neukölln,0802,08K03,Otto-Hahn-Schule,,,,,,,,,,"Buschkrugallee 63, 12359 Berlin",Buschkrugallee,63,12359,Berlin,,,,,+493062739790,,http://www.ohs-berlin.de,,,True,52.458294267742794,13.450186642049477,False
177124129,11010010,Gymnasium Kaulsdorf,52.52628369892299,13.592243133716618,POINT (13.592243134937103 52.52628369659979),Hellersdorf,Marzahn-Hellersdorf,1005,"10Y12, 10Yn02",Gymnasium Kaulsdorf,,,,,,,,,,"Erich-Kästner-Straße 52, 12619 Berlin",Erich-Kästner-Straße,52,12619,Berlin,,,,,,,https://adw.berlin/,,,True,52.52628369892299,13.592243133716618,False
179027933,11003003,Kurt-Schwitters-Schule,52.5300601223547,13.431041340343313,POINT (13.431041340646864 52.53006012096009),Prenzlauer Berg,Pankow,0301,03K01b,Kurt-Schwitters-Schule,,,,,,,,,,"Bötzowstraße 11, 10407 Berlin",Bötzowstraße,11,10407,Berlin,,,,,,,https://www.kurt-schwitters.schule/,,,True,52.5300601223547,13.431041340343313,False
179113354,11012012,Montessori Campus am Tegeler Forst - Standort Tegel,52.594012151460355,13.277242272928955,POINT (13.277242273665967 52.59401214997614),Tegel,Reinickendorf,1202,12P14,Montessori Campus am Tegeler Forst - Standort Tegel,,,,,,,,,,"Gabrielenstraße 12-18, 13507 Berlin",Gabrielenstraße,12-18,13507,Berlin,Montessori Stiftung Berlin,,,,,,https://www.montessori-tegel.de/,,,True,52.594012151460355,13.277242272928955,False
179260841,11001001,Vineta Grundschule,52.54259290398492,13.396095086832993,POINT (13.396095087132107 52.5425928985696),Gesundbrunnen,Mitte,0106,01G39,Vineta Grundschule,,,,,,,,,,"1, Putbusser Straße, Brunnenviertel, Gesundbrunnen, Mitte, Berlin, 13355, Deutschland",,,13355,,,,,,+49 30 4677 686 60,info@vineta-grundschule.de,http://www.vineta-grundschule.de/,,,True,52.54259290398492,13.396095086832993,True
183834511,11010010,Kerschensteiner-Schule,52.56625183752343,13.580020872677169,POINT (13.580020873711963 52.56625183366204),Marzahn,Marzahn-Hellersdorf,1001,10K03,Kerschensteiner-Schule,,,,,,,,,,"Golliner Straße 2, 12689 Berlin",Golliner Straße,2,12689,Berlin,,,,,,,,,,True,52.56625183752343,13.580020872677169,False
188228169,11001001,Berlin Metropolitan School,52.527228001769494,13.390204863606064,POINT (13.390204863758502 52.5272280002431),Mitte,Mitte,0101,01E34,Berlin Metropolitan School,,,,,,,,,,"Linienstraße 122-124, 10115 Berlin",Linienstraße,122-124,10115,Berlin,,,,,,,,,,True,52.527228001769494,13.390204863606064,False
188642831,11011011,Philipp-Reis-Schule,52.539762321421684,13.495067678754355,POINT (13.49506767936773 52.539762318408194),Alt-Hohenschönhausen,Lichtenberg,1110,11K09,Philipp-Reis-Schule,,,,,,,,,,"Werneuchener Straße 15, 13055 Berlin",Werneuchener Straße,15,13055,Berlin,,,,,+49 30 9710 4911,info@philipp-reis-oberschule.de,https://www.philipp-reis-oberschule.de,,,True,52.539762321421684,13.495067678754355,False
191362696,11010010,Peter-Pan-Grundschule,52.54796885195142,13.551708256527192,POINT (13.551708253651096 52.54796884504412),Marzahn,Marzahn-Hellersdorf,1001,10G10,Peter-Pan-Grundschule,,,,,,,,,,"Stolzenhagener Straße 9, 12679 Berlin",Stolzenhagener Straße,9,12679,Berlin,,,,,,,,,,True,52.54796885195142,13.551708256527192,False
194819147,11002002,Refik-Veseli-Schule,52.49916223834353,13.435768041875415,POINT (13.435768041540417 52.499162235791765),Kreuzberg,Friedrichshain-Kreuzberg,0202,02K08,Refik-Veseli-Schule,,,,,,,,,,"Skalitzer Straße 55, 10997 Berlin",Skalitzer Straße,55,10997,Berlin,,,,,,,,,,True,52.49916223834353,13.435768041875415,False
198082209,11012012,Elisabethstift Schule,52.620475969963394,13.303287276183505,POINT (13.303287275895253 52.62047596931637),Hermsdorf,Reinickendorf,1206,12P06,Elisabethstift Schule,,,,,,,,,,"8, Falkentaler Steig, Kurviertel, Hermsdorf, Reinickendorf, Berlin, 13467, Deutschland",,,13467,,Elisabethstift,,,,,,,,,True,52.620475969963394,13.303287276183505,True
202112405,11011011,Hermann-Gmeiner-Grundschule,52.5097835003045,13.485770672755281,POINT (13.485770673872626 52.50978349593591),Lichtenberg,Lichtenberg,1103,11G07,Hermann-Gmeiner-Grundschule,,,,,,,,,,"Harnackstraße 17, 10365 Berlin",Harnackstraße,17,10365,Berlin,,,,,+49 30 5598291,sekretariat@gmeiner.schule.berlin.de,,,,True,52.5097835003045,13.485770672755281,False
203594017,11006006,Rudolf-Steiner-Schule,52.45733987362514,13.274987071173522,POINT (13.274987066367819 52.45733985679982),Dahlem,Steglitz-Zehlendorf,0605,06P04,Rudolf-Steiner-Schule,,,,,,,,,,"Auf dem Grat 3, 14195 Berlin",Auf dem Grat,3,14195,Berlin,,,,,,,,,,True,52.45733987362514,13.274987071173522,False
204977494,11009009,Gartenarbeitsschule Treptow-Köpenick,52.45112518735316,13.581168749588448,POINT (13.581168748205245 52.45112518333986),Köpenick,Treptow-Köpenick,0910,,Gartenarbeitsschule Treptow-Köpenick,,,,,,,,,,"Friedrichshagener Straße 7, 12555 Berlin",Friedrichshagener Straße,7,12555,Berlin,,,,,,,http://hvkschule.de/gartenarbeitsschule/,,,True,52.45112518735316,13.581168749588448,False
208842733,11008008,Karl-Weise-Grundschule (Filiale),52.478176470716576,13.418528894529658,POINT (13.418528894874418 52.47817647020885),Neukölln,Neukölln,0801,08G06b,Karl-Weise-Grundschule (Filiale),,,,,,,,,,"Lichtenrader Straße 4a, 12049 Berlin",Lichtenrader Straße,4a,12049,Berlin,,,,,,,,,,True,52.478176470716576,13.418528894529658,False
210109717,11003003,Grundschule im Hofgarten,52.539083508069496,13.41928588047907,POINT (13.419285879910456 52.53908350692729),Prenzlauer Berg,Pankow,0301,03G45,Grundschule im Hofgarten,,,,,,,,,,"Danziger Straße 50, 10435 Berlin",Danziger Straße,50,10435,Berlin,,,,,,,https://grundschuleimhofgarten.de/,,,True,52.539083508069496,13.41928588047907,False
210986084,11008008,Hermann-Boddin-Grundschule,52.480083724632436,13.430655734949696,POINT (13.430655734370507 52.48008372350472),Neukölln,Neukölln,0801,08G07,Hermann-Boddin-Grundschule,,,,,,,,,,"Boddinstraße 55, 12053 Berlin",Boddinstraße,55,12053,Berlin,,,,,,,,,,True,52.480083724632436,13.430655734949696,False
214614429,11009009,Emmy-Noether-Oberschule (Gymnasium),52.44311766533002,13.588563622245266,POINT (13.58856362229397 52.44311766286301),Köpenick,Treptow-Köpenick,0910,09Y11,Emmy-Noether-Oberschule (Gymnasium),,,,,,,,,,"Pablo-Neruda-Straße 6-7, 12559 Berlin",Pablo-Neruda-Straße,6-7,12559,Berlin,,,,,,,http://www.09y11.de,,,True,52.44311766533002,13.588563622245266,False
214715799,11011011,Barnim-Gymnasium Berlin,52.56989372275924,13.548218531500446,POINT (13.548218535284196 52.569893714162276),Falkenberg,Lichtenberg,1104,11Y09,Barnim-Gymnasium Berlin,,,,,,,,,,"Ahrensfelder Chaussee 41, 13057 Berlin",Ahrensfelder Chaussee,41,13057,Berlin,,,,,+49309366690,,http://www.barnim-og.de,,,True,52.56989372275924,13.548218531500446,False
216645765,11003003,Homer-Grundschule,52.53347805309629,13.432164342848944,POINT (13.432164341932582 52.53347805151664),Prenzlauer Berg,Pankow,0301,03G05,Homer-Grundschule,,,,,,,,,,"Pasteurstraße 10-12, 10407 Berlin",Pasteurstraße,10-12,10407,Berlin,,,,,,,,,,True,52.53347805309629,13.432164342848944,False
216647175,11003003,"Felix-Mendelssohn-Bartholdy-Gymnasium (Haus 1, temporär geschlossen)",52.5366749157719,13.438490879508187,POINT (13.438490880000563 52.53667491429786),Prenzlauer Berg,Pankow,0301,03Y13,"Felix-Mendelssohn-Bartholdy-Gymnasium (Haus 1, temporär geschlossen)",,,,,,,,,,"Eugen-Schönhaar-Straße 18, 10407 Berlin",Eugen-Schönhaar-Straße,18,10407,Berlin,,,,,+4930 424385 0,sekretariat@mendelssohn-bartholdy-gymnasium.de,https://fmbg-berlin.de/,,,True,52.5366749157719,13.438490879508187,False
217186482,11011011,Adam-Ries-Grundschule,52.51115820546757,13.531417597571059,POINT (13.531417597672483 52.51115820356359),Friedrichsfelde,Lichtenberg,1101,11G06,Adam-Ries-Grundschule,,,,,,,,,,"Alt-Friedrichsfelde 66, 10315 Berlin",Alt-Friedrichsfelde,66,10315,Berlin,,,,,+49 30 5135123,sekretariat@adamries.schule,https://www.adamries.schule/,,,True,52.51115820546757,13.531417597571059,False
217353577,11010010,BEST-Sabel-Grundschule,52.51933141405671,13.600536174974826,POINT (13.600536174949458 52.51933141240132),Kaulsdorf,Marzahn-Hellersdorf,1003,10P13,BEST-Sabel-Grundschule,,,,,,,,,,"Wernerstraße 48, 12619 Berlin",Wernerstraße,48,12619,Berlin,,,,,+493056594668,,https://www.best-sabel.de/,,,True,52.51933141405671,13.600536174974826,False
217660907,11004004,Leopold-Ullstein-Schule/OSZ Wirtschaft,52.4821476937537,13.334344377498125,POINT (13.334344377676647 52.48214769110901),Wilmersdorf,Charlottenburg-Wilmersdorf,0402,04B06,Leopold-Ullstein-Schule/OSZ Wirtschaft,,,,,,,,,,"Prinzregentenstraße 32, 10715 Berlin",Prinzregentenstraße,32,10715,Berlin,,,,,,,https://www.leopold-ullstein-schule.de/,,,True,52.4821476937537,13.334344377498125,False
218238655,11003003,Schule an der Strauchwiese,52.578182729651445,13.418310854127817,POINT (13.418310853517903 52.57818272768112),Pankow,Pankow,0307,03G47,Schule an der Strauchwiese,,,,,,,,,,"Mendelstraße 54, 13187 Berlin",Mendelstraße,54,13187,Berlin,,,,,,,,,,True,52.578182729651445,13.418310854127817,False
220141917,11009009,Isaac-Newton-Schule,52.465435815677004,13.518964771548202,POINT (13.518964773028038 52.46543581399826),Oberschöneweide,Treptow-Köpenick,0909,09K04,Isaac-Newton-Schule,,,,,,,,,,"Zeppelinstraße 80/88, 12459 Berlin",Zeppelinstraße,80/88,12459,Berlin,,,,,,,,,,True,52.465435815677004,13.518964771548202,False
221991734,11007007,Luise-Henriette-Schule,52.44771226761977,13.383933461307064,POINT (13.38393346139121 52.44771226644281),Mariendorf,Tempelhof-Schöneberg,0704,07Y05,Luise-Henriette-Schule,,,,,,,,,,"53, Kurfürstenstraße, Wohnpark Mariendorf, Mariendorf, Tempelhof-Schöneberg, Berlin, Teltow, 12105, Deutschland",,,12105,,,,,,,,,,,True,52.44771226761977,13.383933461307064,True
222193157,11007007,Bilinguale Deutsch-Skandinavische Gemeinschaftsschule,52.44599140441212,13.381589856015644,POINT (13.381589855845913 52.44599140117141),Mariendorf,Tempelhof-Schöneberg,0704,07P13,Bilinguale Deutsch-Skandinavische Gemeinschaftsschule,,,,,,,,,,"Machonstraße 54, 12105 Berlin",Machonstraße,54,12105,Berlin,,,,,+49 30 338487-83,,https://dsg-schule.de/,,,True,52.44599140441212,13.381589856015644,False
222524221,11001001,"Oberstufenzentrum für Kommunikations-, Informations- und Medientechnik",52.557076730588385,13.379803609649585,POINT (13.379803609475776 52.557076726420775),Gesundbrunnen,Mitte,0106,01B03,"Oberstufenzentrum für Kommunikations-, Informations- und Medientechnik",,,,,,,,,,"Osloer Straße 23-26, 13359 Berlin",Osloer Straße,23-26,13359,Berlin,,,,,,,,,,True,52.557076730588385,13.379803609649585,False
225181458,11003003,Panke Schule,52.57842165055395,13.419550134263615,POINT (13.419550134256705 52.57842164872571),Pankow,Pankow,0307,,Panke Schule,,,,,,,,,,"Klaustaler Straße 21A, 13187 Berlin",Klaustaler Straße,21A,13187,Berlin,,,,,+49 30 47475005,kontakt@panke-schule.cidsnet.de,http://www.panke-schule.de/,,,True,52.57842165055395,13.419550134263615,False
229099715,11004004,Cecilien-Grundschule,52.49338254092646,13.327343562246766,POINT (13.32734356194373 52.493382538713504),Wilmersdorf,Charlottenburg-Wilmersdorf,0402,04G25,Cecilien-Grundschule,,,,,,,,,,"Nikolsburger Platz 5, 10717 Berlin",Nikolsburger Platz,5,10717,Berlin,Land Berlin,,,,,,,,,True,52.49338254092646,13.327343562246766,False
229099729,11007007,Katholische Schule Sankt Franziskus,52.49540519560694,13.353464079785303,POINT (13.35346408024269 52.49540519435098),Schöneberg,Tempelhof-Schöneberg,0701,07P01,Katholische Schule Sankt Franziskus,,,,,,,,,,"Hohenstaufenstraße 1-2, 10781 Berlin",Hohenstaufenstraße,1-2,10781,Berlin,Erzbistum Berlin,,,,,,,,,True,52.49540519560694,13.353464079785303,False
232405817,11008008,Oberstufenzentrum Informations- und Medizintechnik,52.458232615217554,13.452918090631394,POINT (13.45291809356627 52.45823260564734),Britz,Neukölln,0802,08B04,Oberstufenzentrum Informations- und Medizintechnik,,,,,,,,,,"Haarlemer Straße 23-27, 12359 Berlin",Haarlemer Straße,23-27,12359,Berlin,,,,,+49 30 225027800,,https://www.oszimt.de/,,,True,52.458232615217554,13.452918090631394,False
234463934,11001001,Evangelische Schule Berlin-Mitte,52.52282422614694,13.405553938188193,POINT (13.405553938109296 52.52282422499386),Mitte,Mitte,0101,01P01,Evangelische Schule Berlin-Mitte,,,,,,,,,,"Rochstraße 7, 10178 Berlin",Rochstraße,7,10178,Berlin,Evangelische Schulstiftung in der EKBO,,,,,,https://www.ev-schule-mitte.de,,,True,52.52282422614694,13.405553938188193,False
235713398,11004004,Dietrich-Bonhoeffer-Grundschule,52.520852120644534,13.260798644456647,POINT (13.260798645899351 52.520852117774254),Westend,Charlottenburg-Wilmersdorf,0405,04G05,Dietrich-Bonhoeffer-Grundschule,,,,,,,,,,"Spandauer Damm 205-215, 14050 Berlin",Spandauer Damm,205-215,14050,Berlin,,,,,,,,,,True,52.520852120644534,13.260798644456647,False
239049132,11002002,Nürtingen Grundschule,52.505036242701294,13.428737759796089,POINT (13.428737761355052 52.505036239160795),Kreuzberg,Friedrichshain-Kreuzberg,0202,02G18,Nürtingen Grundschule,,,,,,,,,,"Mariannenplatz 28, 10997 Berlin",Mariannenplatz,28,10997,Berlin,,,,,,,,,,True,52.505036242701294,13.428737759796089,False
239191249,11004004,Ernst-Adolf-Eschke-Schule,52.498672077913625,13.265401427437206,POINT (13.265401428346172 52.49867207374035),Westend,Charlottenburg-Wilmersdorf,0405,04S05,Ernst-Adolf-Eschke-Schule,,,,,,,,,,"Waldschulallee 29, 14055 Berlin",Waldschulallee,29,14055,Berlin,Bezirksamt Charlottenburg-Wilmersdorf von Berlin,,,,+49 30 902925000,sekretariat@eschke.schule.berlin.de,https://eschke-schule.de/,,,True,52.498672077913625,13.265401427437206,False
239191258,11004004,Reinfelder-Schule,52.49746244426597,13.26424048948225,POINT (13.264240484351285 52.49746243096031),Westend,Charlottenburg-Wilmersdorf,0405,04S04,Reinfelder-Schule,,,,,,,,,,"Maikäferpfad 30, 14055 Berlin",Maikäferpfad,30,14055,Berlin,Bezirksamt Charlottenburg-Wilmersdorf von Berlin,,,,+49 30 902925050,buero@reinfelder.schule.berlin.de,https://reinfelder-schule.de/,,,True,52.49746244426597,13.26424048948225,False
242648784,11006006,Johannes-Tews-Grundschule,52.43071743545911,13.215287831857117,POINT (13.215287831359449 52.43071743469825),Nikolassee,Steglitz-Zehlendorf,0606,06G03,Johannes-Tews-Grundschule,,,,,,,,,,"Tewsstraße 16A, 14129 Berlin",Tewsstraße,16A,14129,Berlin,,,,,+4930 803 20 72,jtg.berlin-sekretariat@t-online.de,http://www.johannes-tews-grundschule.de/,,,True,52.43071743545911,13.215287831857117,False
244382802,11006006,Oberlin-Seminar,52.436723595870355,13.312812096163192,POINT (13.312812096433987 52.43672359532611),Lichterfelde,Steglitz-Zehlendorf,0602,06P15,Oberlin-Seminar,,,,,,,,,,"Tietzenweg 130, 12203 Berlin",Tietzenweg,130,12203,Berlin,,,,,+49 30 79701440,buero@oberlin-seminar.de,http://oberlin.schulstiftung-ekbo.de/,,,True,52.436723595870355,13.312812096163192,False
246438634,11012012,Filiale Albrecht-Haushofer-Schule,52.62679049610962,13.237939980809767,POINT (13.23793998020377 52.62679049288081),Heiligensee,Reinickendorf,1204,12K11b,Filiale Albrecht-Haushofer-Schule,,,,,,,,,,"Stolpmünder Weg 45, 13503 Berlin",Stolpmünder Weg,45,13503,Berlin,,,,,,,,,,True,52.62679049610962,13.237939980809767,False
254618264,11001001,Kastanienbaum-Grundschule,52.52715476700765,13.401945843278043,POINT (13.401945843750152 52.527154764812586),Mitte,Mitte,0101,01G04,Kastanienbaum-Grundschule,,,,,,,,,,"23A, Gipsstraße, Spandauer Vorstadt, Mitte, Berlin, 10119, Deutschland",,,10119,,Land Berlin,,,,,,,,,True,52.52715476700765,13.401945843278043,True
254917116,11002002,Albrecht-von-Graefe-Schule,52.494313079111116,13.419749833848469,POINT (13.41974983445443 52.49431307751932),Kreuzberg,Friedrichshain-Kreuzberg,0202,02K09,Albrecht-von-Graefe-Schule,,,,,,,,,,"Graefestraße 85, 10967 Berlin",Graefestraße,85,10967,Berlin,Bezirksamt Friedrichshain-Kreuzberg von Berlin,,,,+49 30 50586011,sekretariat@graefemail.de,https://www.albrecht-von-graefe-schule.de/,,,True,52.494313079111116,13.419749833848469,False
255178698,11008008,Evangelische Schule Neukölln,52.48292354074289,13.428006110292449,POINT (13.428006110775618 52.48292353801174),Neukölln,Neukölln,0801,08P03,Evangelische Schule Neukölln,,,,,,,,,,"Mainzer Straße 47, 12053 Berlin",Mainzer Straße,47,12053,Berlin,Evangelische Schulstiftung in der EKBO,,,,,,,,,True,52.48292354074289,13.428006110292449,False
255182367,11001001,Phorms Campus Berlin Mitte,52.53914282768493,13.384630178138448,POINT (13.38463017711803 52.53914282475884),Gesundbrunnen,Mitte,0106,01P18,Phorms Campus Berlin Mitte,,,,,,,,,,"Ackerstraße 76, 13355 Berlin",Ackerstraße,76,13355,Berlin,,,,,,,,,,True,52.53914282768493,13.384630178138448,False
256656502,11008008,Schule am Fliederbusch,52.42382284828051,13.487022178774566,POINT (13.487022180474407 52.42382284423915),Rudow,Neukölln,0804,08G33,Schule am Fliederbusch,,,,,,,,,,"Kornradenstraße 2, 12357 Berlin",Kornradenstraße,2,12357,Berlin,Bezirksamt Neukölln von Berlin,,,,+49 30 60972260,,https://www.schule-am-fliederbusch.de/,,,True,52.42382284828051,13.487022178774566,False
266531791,11011011,Johann-Gottfried-Herder-Gymnasium,52.52665103750062,13.466933606515301,POINT (13.46693360551198 52.52665103000763),Fennpfuhl,Lichtenberg,1111,11Y02,Johann-Gottfried-Herder-Gymnasium,,,,,,,,,,"Johann-Gottfried-Herder-Gymnasium, Franz-Jacob-Straße, Fennpfuhl, Lichtenberg, Berlin, 10369, Deutschland",,,10369,,,,,,+49 30 97609567,,https://www.jgherder.de/,,,True,52.52665103750062,13.466933606515301,True
266794019,11004004,Wald-Grundschule,52.5018543824817,13.256829665536744,POINT (13.256829657999214 52.50185436822325),Westend,Charlottenburg-Wilmersdorf,0405,04G06,Wald-Grundschule,,,,,,,,,,"Waldschulallee 83-93, 14055 Berlin",Waldschulallee,83-93,14055,Berlin,Bezirksamt Charlottenburg-Wilmersdorf von Berlin,,,,+49 30 902926900,sekretariat@wald-gs.schule.berlin.de,https://www.wald-grundschule.de/,,,True,52.5018543824817,13.256829665536744,False
266806719,11004004,Wald-Gymnasium,52.50288192435899,13.255369760274556,POINT (13.255369758817492 52.502881913350876),Westend,Charlottenburg-Wilmersdorf,0405,04Y02,Wald-Gymnasium,,,,,,,,,,"Waldschulallee 95, 14055 Berlin",Waldschulallee,95,14055,Berlin,Bezirksamt Charlottenburg-Wilmersdorf von Berlin,,,,,,,,,True,52.50288192435899,13.255369760274556,False
267236686,11001001,Rudolf-Wissell-Grundschule,52.551450016582564,13.396348052844333,POINT (13.396348053560674 52.551450012358686),Gesundbrunnen,Mitte,0106,01G25,Rudolf-Wissell-Grundschule,,,,,,,,,,"Ellerbeker Straße 7, 13357 Berlin",Ellerbeker Straße,7,13357,Berlin,,,,,,,,,,True,52.551450016582564,13.396348052844333,False
267486640,11001001,Wilhelm-Busch-Schule,52.55715717997128,13.383479692468665,POINT (13.383479692789969 52.55715717920668),Gesundbrunnen,Mitte,0106,,Wilhelm-Busch-Schule,,,,,,,,,,"Gotenburger Straße 7-9, 13359 Berlin",Gotenburger Straße,7-9,13359,Berlin,,,,,,,http://wbs-mitte.de,,,True,52.55715717997128,13.383479692468665,False
269224431,11001001,Wilhelm-Hauff-Grundschule,52.55787164357747,13.383800080114897,POINT (13.383800081481471 52.5578716416549),Gesundbrunnen,Mitte,0106,01G29,Wilhelm-Hauff-Grundschule,,,,,,,,,,"Gotenburger Straße 8, 13359 Berlin",Gotenburger Straße,8,13359,Berlin,,,,,+4930 484908 10,wilhelm-hauff-grundschule@web.de,https://www.wilhelm-hauff-grundschule.de/,,,True,52.55787164357747,13.383800080114897,False
270352398,11001001,Andersen Grundschule,52.565876905602984,13.388838461919807,POINT (13.388838462093766 52.565876903757186),Gesundbrunnen,Mitte,0106,01G36,Andersen Grundschule,,,,,,,,,,"Kattegatstraße 26, 13359 Berlin",Kattegatstraße,26,13359,Berlin,,,,,,,,,,True,52.565876905602984,13.388838461919807,False
271964817,11009009,Müggelheimer Grundschule,52.41463643996419,13.667941572589212,POINT (13.667941570903176 52.41463643179314),Müggelheim,Treptow-Köpenick,0914,09G20,Müggelheimer Grundschule,,,,,,,,,,"28, Odernheimer Straße, Alt-Müggelheim, Müggelheim, Treptow-Köpenick, Berlin, 12559, Deutschland",,,12559,,Land Berlin,,,,,,,,,True,52.41463643996419,13.667941572589212,True
275600298,11005005,Katholische Schule Bernhard Lichtenberg,52.542531055704494,13.192832084497278,POINT (13.192832083641395 52.54253105269304),Spandau,Spandau,0501,05P02,Katholische Schule Bernhard Lichtenberg,,,,,,,,,,"Hohenzollernring 156/159, 13585 Berlin",Hohenzollernring,156/159,13585,Berlin,Erzbistum Berlin,,,,+4930 3332010,KSBLichtenberg@t-online.de,http://www.ksbl.de/,,,True,52.542531055704494,13.192832084497278,False
275735375,11001001,Carl-Kraemer-Grundschule,52.56074111618657,13.382561000440997,POINT (13.382561000766508 52.56074111416847),Gesundbrunnen,Mitte,0106,01G32,Carl-Kraemer-Grundschule,,,,,,,,,,"Zechliner Straße 4, 13359 Berlin",Zechliner Straße,4,13359,Berlin,,,,,+4930 499899 3,Carl-Kraemer-Grundschule@t-online.de,http://carl-kraemer-gs.de/,,,True,52.56074111618657,13.382561000440997,False
276025191,11011011,Paul-und-Charlotte-Kniese-Gemeinschaftsschule,52.49472691332889,13.50585174134406,POINT (13.505851741357372 52.4947269071676),Friedrichsfelde,Lichtenberg,1101,11K12,Paul-und-Charlotte-Kniese-Gemeinschaftsschule,,,,,,,,,,"60, Dolgenseestraße, Sewanviertel, Friedrichsfelde, Lichtenberg, Berlin, 10319, Deutschland",,,10319,,,,,,,,https://www.kniese-schule-berlin.de/,,,True,52.49472691332889,13.50585174134406,True
278887452,11008008,Walter-Gropius-Schule,52.42937789820717,13.463099060558699,POINT (13.46309907099723 52.429377885858614),Gropiusstadt,Neukölln,0805,08K01,Walter-Gropius-Schule,,,,,,,,,,"86, Fritz-Erler-Allee, Campus Efeuweg, Gropiusstadt, Neukölln, Berlin, 12351, Deutschland",,,12351,,,,,,+4930 600908 0,gemeinschaftsschule@walter-gropius-schule-berlin.de,https://www.walter-gropius-schule-berlin.de/,,,True,52.42937789820717,13.463099060558699,True
281982064,11005005,Hans-Carossa-Gymnasium,52.47252914096887,13.131429024374796,POINT (13.131429022984209 52.47252913914493),Kladow,Spandau,0506,05Y03,Hans-Carossa-Gymnasium,,,,,,,,,,"26, Am Flugplatz Gatow, Landstadt Gatow, Kladow, Spandau, Berlin, 14089, Deutschland",,,14089,,,,,,,,,,,True,52.47252914096887,13.131429024374796,True
282638692,11009009,Uhlenhorst Grundschule,52.4681123129666,13.579446828701128,POINT (13.579446829410353 52.468112309679675),Köpenick,Treptow-Köpenick,0910,09G17,Uhlenhorst Grundschule,,,,,,,,,,"37, Wongrowitzer Steig, Dammfeld, Köpenick, Treptow-Köpenick, Berlin, 12555, Deutschland",,,12555,,,,,,,,,,,True,52.4681123129666,13.579446828701128,True
282903477,11005005,Carl-Schurz-Grundschule,52.56775069570309,13.199649417944007,POINT (13.199649416555067 52.567750692034416),Hakenfelde,Spandau,0507,05G20,Carl-Schurz-Grundschule,,,,,,,,,,"Hakenfelder Straße 32, 13587 Berlin",Hakenfelder Straße,32,13587,Berlin,Bezirksamt Spandau von Berlin,,,,+49 30 35599010,sekretariat@05G20.schule.berlin.de,https://www.carl-schurz-grundschule.de/,,,True,52.56775069570309,13.199649417944007,False
282907299,11007007,Theodor-Haubach-Schule,52.39773286571488,13.402966676485276,POINT (13.402966676403382 52.397732858897015),Lichtenrade,Tempelhof-Schöneberg,0706,07K04,Theodor-Haubach-Schule,,,,,,,,,,"Grimmstraße 9-11, 12305 Berlin",Grimmstraße,9-11,12305,Berlin,Bezirksamt Tempelhof-Schöneberg von Berlin,,,,+49 30 902778245,schulleitung@ths-berlin.de,https://ths-berlin.de,,,True,52.39773286571488,13.402966676485276,False
283101938,11005005,Heinrich-Böll-Oberschule,52.56481389462554,13.198303904247078,POINT (13.198303904579834 52.564813881803815),Hakenfelde,Spandau,0507,05K04,Heinrich-Böll-Oberschule,,,,,,,,,,"Am Forstacker 9, 13587 Berlin",Am Forstacker,9,13587,Berlin,Bezirksamt Spandau von Berlin,,,,+4930 335007 0,hbs@boell-schule.de,https://boell-schule.de/,,,True,52.56481389462554,13.198303904247078,False
284232561,11005005,Peter-Härtling-Grundschule,52.544282971770144,13.197636553716439,POINT (13.19763656192211 52.54428296426363),Spandau,Spandau,0501,05G27,Peter-Härtling-Grundschule,,,,,,,,,,"Flankenschanze 20, 13585 Berlin",Flankenschanze,20,13585,Berlin,Bezirksamt Spandau von Berlin,,,,,sekretariat@peter-haertling.schule.berlin.de,,,,True,52.544282971770144,13.197636553716439,False
284233548,11005005,Wolfgang-Borchert-Schule,52.54537732360846,13.196859398016747,POINT (13.196859398214198 52.54537732079973),Spandau,Spandau,0501,05K06,Wolfgang-Borchert-Schule,,,,,,,,,,"Blumenstraße 13, 13585 Berlin",Blumenstraße,13,13585,Berlin,Bezirksamt Spandau von Berlin,,,,+49 30 3559280,sekretariat@borchertschule-spandau.de,https://borchertschule-spandau.de,,,True,52.54537732360846,13.196859398016747,False
284961777,11005005,Lily-Braun-Gymnasium,52.53831470065491,13.198435534538485,POINT (13.198435535269375 52.538314694913446),Spandau,Spandau,0501,05Y05,Lily-Braun-Gymnasium,,,,,,,,,,"Münsingerstraße 2, 13597 Berlin",Münsingerstraße,2,13597,Berlin,Bezirksamt Spandau von Berlin,,,,+49 30 3389040,,https://www.lily-braun-oberschule.de/,,,True,52.53831470065491,13.198435534538485,False
286934157,11005005,SIS Swiss International School Berlin,52.52011706245929,13.153483921389755,POINT (13.15348392490353 52.520117056968395),Staaken,Spandau,0504,05P19,SIS Swiss International School Berlin,,,,,,,,,,"Heerstraße 465, 13593 Berlin",Heerstraße,465,13593,Berlin,,,,,,,,,,True,52.52011706245929,13.153483921389755,False
289314802,11003003,Elinor-Ostrom-Schule (OSZ Bürowirtschaft und Dienstleistungen),52.545581361188496,13.441873905021943,POINT (13.441873905098511 52.54558136034813),Prenzlauer Berg,Pankow,0301,03B07,Elinor-Ostrom-Schule (OSZ Bürowirtschaft und Dienstleistungen),,,,,,,,,,"8, Mandelstraße, Mühlenviertel, Prenzlauer Berg, Pankow, Berlin, 10409, Deutschland",,,10409,,,,,,,,,,,True,52.545581361188496,13.441873905021943,True
289674736,11003003,Grundschule unter den Bäumen,52.59190787014766,13.455525872496388,POINT (13.45552587216783 52.5919078683542),Blankenburg,Pankow,0303,03G21,Grundschule unter den Bäumen,,,,,,,,,,"Alt-Blankenburg 26, 13129 Berlin",Alt-Blankenburg,26,13129,Berlin,,,,,+4930 4743325,gudbaeumen@t-online.de,http://www.gudbaeumen.cidsnet.de/,,,True,52.59190787014766,13.455525872496388,False
290098096,11012012,"Evangelische Schule Frohnau
Grundschule und Gymnasium
Berlin, Bezirk Reinickendorf",52.63056106589302,13.284355599559703,POINT (13.28435559941733 52.63056106521415),Frohnau,Reinickendorf,1205,,"Evangelische Schule Frohnau
Grundschule und Gymnasium
Berlin, Bezirk Reinickendorf",,,,,,,,,,"Evangelische Schule Frohnau
Grundschule und Gymnasium
Berlin, Bezirk Reinickendorf, An der Buche, Frohnau, Reinickendorf, Berlin, 13465, Deutschland",,,13465,,,,,,,,,,,True,52.63056106589302,13.284355599559703,True
290660701,11012012,Waldseeschule,52.62063555870246,13.308487541238373,POINT (13.308487539592708 52.6206355569248),Hermsdorf,Reinickendorf,1206,12S05,Waldseeschule,,,,,,,,,,"Olafstraße 32-34, 13467 Berlin",Olafstraße,32-34,13467,Berlin,Land Berlin,,,,,,https://waldseeschule-berlin.de/,,,True,52.62063555870246,13.308487541238373,False
294263871,11007007,Hugo-Gaudig-Schule,52.4784586887147,13.375635859442728,POINT (13.375635859334066 52.478458687675655),Tempelhof,Tempelhof-Schöneberg,0703,07K11,Hugo-Gaudig-Schule,,,,,,,,,,"Boelckestraße 58, 12101 Berlin",Boelckestraße,58,12101,Berlin,,,,,+49 30 90277 2666,07K11@07K11.schule.berlin.de,https://www.hugo-gaudig-schule.de/,,,True,52.4784586887147,13.375635859442728,False
294263892,11007007,Tempelherren-Grundschule,52.47786293571479,13.375654200028988,POINT (13.375654199963957 52.47786293471679),Tempelhof,Tempelhof-Schöneberg,0703,07G24,Tempelherren-Grundschule,,,,,,,,,,"Boelckestraße 60, 12101 Berlin",Boelckestraße,60,12101,Berlin,,,,,+49 30 90277 3500,tempelherren@schulen-tempelhof-schoeneberg.de,https://www.tempelherren-grundschule.de/,,,True,52.47786293571479,13.375654200028988,False
296141625,11009009,Müggelschlößchen-Schule,52.43906680985474,13.605310248514355,POINT (13.605310247014266 52.439066807034365),Köpenick,Treptow-Köpenick,0910,09G25,Müggelschlößchen-Schule,,,,,,,,,,"Alfred-Randt-Straße 54-56, 12559 Berlin",Alfred-Randt-Straße,54-56,12559,Berlin,Land Berlin,,,,,,https://www.ms-schule.de/,,,True,52.43906680985474,13.605310248514355,False
298495492,11008008,Albrecht-Dürer-Gymnasium,52.469289157389454,13.44006299625805,POINT (13.440062995836858 52.46928915663924),Neukölln,Neukölln,0801,08Y01,Albrecht-Dürer-Gymnasium,,,,,,,,,,"Emser Straße 133-137, 12051 Berlin",Emser Straße,133-137,12051,Berlin,Bezirksamt Neukölln von Berlin,,,,,,,,,True,52.469289157389454,13.44006299625805,False
299786584,11005005,Schule am Staakener Kleeblatt,52.53551559941783,13.133380403568662,POINT (13.133380411313901 52.53551559272988),Staaken,Spandau,0504,05K09,Schule am Staakener Kleeblatt,,,,,,,,,,"Brunsbütteler Damm 431/437, 13591 Berlin",Brunsbütteler Damm,431/437,13591,Berlin,,,,,,,,,,True,52.53551559941783,13.133380403568662,False
300422971,11008008,Michael-Ende-Grundschule,52.41351070165884,13.510047137393764,POINT (13.51004713782916 52.413510698189945),Rudow,Neukölln,0804,08G25,Michael-Ende-Grundschule,,,,,,,,,,"Neuhofer Straße 41, 12355 Berlin",Neuhofer Straße,41,12355,Berlin,,,,,,,http://www.meg.cidsnet.de,,,True,52.41351070165884,13.510047137393764,False
300757795,11008008,Hannah-Arendt- Gymnasium,52.40478814755975,13.508207372536216,POINT (13.508207373253157 52.4047881405931),Rudow,Neukölln,0804,08Y06,Hannah-Arendt- Gymnasium,,,,,,,,,,"Elfriede-Kuhr-Straße 17, 12355 Berlin",Elfriede-Kuhr-Straße,17,12355,Berlin,Bezirksamt Neukölln von Berlin,,,,+49 30 6097180,sekretariat@hag-berlin.net,https://www.hag-berlin.net/,,,True,52.40478814755975,13.508207372536216,False
300837200,11002002,Dathe-Oberschule,52.51031938865117,13.446280158115954,POINT (13.446280159055732 52.510319386681424),Friedrichshain,Friedrichshain-Kreuzberg,0201,02Y05,Dathe-Oberschule,,,,,,,,,,"Helsingforser Straße 11, 10243 Berlin",Helsingforser Straße,11,10243,Berlin,Land Berlin,,,,,sek@dathe-gymnasium.eu,,,,True,52.51031938865117,13.446280158115954,False
301595370,11001001,Heinrich-Seidel-Grundschule,52.546478626506605,13.393803111006415,POINT (13.393803111619162 52.54647862100274),Gesundbrunnen,Mitte,0106,01G37,Heinrich-Seidel-Grundschule,,,,,,,,,,"Ramlerstraße 9, 13355 Berlin",Ramlerstraße,9,13355,Berlin,,,,,,,https://hsgs.berlin/,,,True,52.546478626506605,13.393803111006415,False
303145395,11002002,Ferdinand-Freiligrath-Schule,52.489148485404506,13.40183667418968,POINT (13.40183667443679 52.489148484898784),Kreuzberg,Friedrichshain-Kreuzberg,0202,02K10,Ferdinand-Freiligrath-Schule,,,,,,,,,,"Bergmannstraße 64, Berlin",Bergmannstraße,64,10961,Berlin,,,,,,,https://www.ferdinand-freiligrath-schule.de/,,,True,52.489148485404506,13.40183667418968,False
303591062,11004004,Comenius-Schule,52.48511562212212,13.323304274955044,POINT (13.323304274956472 52.48511562205067),Wilmersdorf,Charlottenburg-Wilmersdorf,0402,04S07b,Comenius-Schule,,,,,,,,,,"Wilhelmsaue 116, 10715 Berlin",Wilhelmsaue,116,10715,Berlin,,,,,,,,,,True,52.48511562212212,13.323304274955044,False
304335228,11010010,Grundschule am Schleipfuhl - Filiale Dankratweg,52.49074596647735,13.555930666914724,POINT (13.555930666936595 52.490745965308456),Biesdorf,Marzahn-Hellersdorf,1002,10G25b,Grundschule am Schleipfuhl - Filiale Dankratweg,,,,,,,,,,"Dankratweg 19, 12683 Berlin",Dankratweg,19,12683,Berlin,,,,,,,,,,True,52.49074596647735,13.555930666914724,False
304841288,11011011,Schule auf dem lichten Berg,52.516804182229556,13.494991807603128,POINT (13.494991808037911 52.51680418023238),Lichtenberg,Lichtenberg,1103,11G05,Schule auf dem lichten Berg,,,,,,,,,,"Atzpodienstraße 19, 10365 Berlin",Atzpodienstraße,19,10365,Berlin,,,,,+49 30 5558219,11G05@11G05.schule.berlin.de,,,,True,52.516804182229556,13.494991807603128,False
305190239,11004004,Ludwig-Cauer-Grundschule,52.51603407088546,13.315380841863004,POINT (13.315380841917502 52.51603406632498),Charlottenburg,Charlottenburg-Wilmersdorf,0401,04G07,Ludwig-Cauer-Grundschule,,,,,,,,,,"Cauerstraße 36, 10587 Berlin",Cauerstraße,36,10587,Berlin,,,,,,,http://www.cauerschule.de/,,,True,52.51603407088546,13.315380841863004,False
306687125,11003003,Integrierte Sekundarschule Hagenbeck,52.55831286464839,13.447571180823203,POINT (13.447571180817723 52.55831285955708),Weißensee,Pankow,0302,03K08,Integrierte Sekundarschule Hagenbeck,,,,,,,,,,"Gustav-Adolf-Straße 60, 13086 Berlin",Gustav-Adolf-Straße,60,13086,Berlin,,,,,,,https://www.hagenbeck-schule.de/,,,True,52.55831286464839,13.447571180823203,False
307357526,11007007,Friedenauer Gemeinschaftsschule (Grundstufe),52.469911130858726,13.344919360359718,POINT (13.344919359902736 52.46991112879986),Schöneberg,Tempelhof-Schöneberg,0701,,Friedenauer Gemeinschaftsschule (Grundstufe),,,,,,,,,,"Rubensstraße 63, 12157 Berlin",Rubensstraße,63,12157,Berlin,,,,,+49 30 902777906,,http://grundstufe.friedenauer-gemeinschaftsschule.de,,,True,52.469911130858726,13.344919360359718,False
308020734,11008008,Schule am Sandsteinweg (Hort),52.41858897835308,13.410950680551544,POINT (13.41095068097496 52.418588976638596),Buckow,Neukölln,0803,,Schule am Sandsteinweg (Hort),,,,,,,,,,"Muschelkalkweg, Neue Heimstatt, Buckow, Neukölln, Berlin, Teltow, 12349, Deutschland",,,12349,,,,,,,,,,,True,52.41858897835308,13.410950680551544,True
311675658,11008008,Fritz-Karsen-Schule,52.44797952705703,13.437989314424843,POINT (13.437989314546337 52.44797952564345),Britz,Neukölln,0802,08K06b,Fritz-Karsen-Schule,,,,,,,,,,"Backbergstraße 37, 12359 Berlin",Backbergstraße,37,12359,Berlin,,,,,,,,,,True,52.44797952705703,13.437989314424843,False
312413280,11004004,Gartenarbeitsschule Ilse Demme,52.46980328829359,13.303912659453413,POINT (13.303912665376133 52.46980327807023),Wilmersdorf,Charlottenburg-Wilmersdorf,0402,,Gartenarbeitsschule Ilse Demme,,,,,,,,,,"Dillenburger Straße 57, 14199 Berlin",Dillenburger Straße,57,14199,Berlin,Bezirksamt Charlottenburg-Wilmersdorf,,,,,gruener-lernort@gartenarbeitsschule-ilse-demme.de,,,,True,52.46980328829359,13.303912659453413,False
313491980,11003003,Jeanne-Barez Grundschule,52.604314234026354,13.434425359573808,POINT (13.434425360487971 52.60431422597712),Französisch Buchholz,Pankow,0310,03G33,Jeanne-Barez Grundschule,,,,,,,,,,"Hauptstraße 66, 13127 Berlin",Hauptstraße,66,13127,Berlin,,,,,,,https://jeaba.edupage.org/,,,True,52.604314234026354,13.434425359573808,False
313491981,11003003,Platanen-Grundschule,52.61783411769772,13.389214449216752,POINT (13.389214448419427 52.61783411601612),Blankenfelde,Pankow,0308,03G35,Platanen-Grundschule,,,,,,,,,,"Hauptstraße 20, 13159 Berlin",Hauptstraße,20,13159,Berlin,,,,,+4930 9131120,Platanengrundschule@web.de,http://www.platanengrundschule.cidsnet.de/,,,True,52.61783411769772,13.389214449216752,False
314044958,11009009,Hauptmann von Köpenick Grundschule,52.456137812160975,13.581389619586552,POINT (13.581389619401934 52.456137811265435),Köpenick,Treptow-Köpenick,0910,09G23,Hauptmann von Köpenick Grundschule,,,,,,,,,,"Borgmannstraße 2-3, 12555 Berlin",Borgmannstraße,2-3,12555,Berlin,,,,,,,,,,True,52.456137812160975,13.581389619586552,False
316990535,11002002,Justus-von-Liebig-Grundschule,52.51857910661684,13.458545977769703,POINT (13.458545978172669 52.518579105350824),Friedrichshain,Friedrichshain-Kreuzberg,0201,02G03,Justus-von-Liebig-Grundschule,,,,,,,,,,"Liebigstraße 18a, 10247 Berlin",Liebigstraße,18a,10247,Berlin,,,,,+49 30 447283211,,http://www.justus-von-liebig-gs.cidsnet.de,,,True,52.51857910661684,13.458545977769703,False
317327043,11009009,Müggelsee-Schule,52.45069812130502,13.627056803704379,POINT (13.62705680366133 52.45069812088526),Friedrichshagen,Treptow-Köpenick,0911,09G24,Müggelsee-Schule,,,,,,,,,,"Aßmannstraße 63, 12587 Berlin",Aßmannstraße,63,12587,Berlin,,,,,,,,,,True,52.45069812130502,13.627056803704379,False
317350590,11008008,Regenbogen-Schule,52.47535950639305,13.433151048785946,POINT (13.433151049317285 52.475359503621384),Neukölln,Neukölln,0801,08G09,Regenbogen-Schule,,,,,,,,,,"Morusstraße 32, 12053 Berlin",Morusstraße,32,12053,Berlin,,,,,,,,,,True,52.47535950639305,13.433151048785946,False
317350598,11008008,Zuckmayer-Schule,52.475570707728636,13.432043181317303,POINT (13.4320431819826 52.47557070509348),Neukölln,Neukölln,0801,08K10,Zuckmayer-Schule,,,,,,,,,,"Morusstraße 55, 12053 Berlin",Morusstraße,55,12053,Berlin,,,,,,,,,,True,52.475570707728636,13.432043181317303,False
318144932,11003003,Reinhold-Burger-Schule,52.56804849505148,13.402897382634468,POINT (13.402897382346687 52.568048492450906),Pankow,Pankow,0307,03K06,Reinhold-Burger-Schule,,,,,,,,,,"Reinhold-Burger-Schule, Neue Schönholzer Straße, Florakiez, Pankow, Berlin, 13187, Deutschland",,,13187,,,,,,+4930 499799 41,burger-os@t-online.de,http://www.reinhold-burger.schule-berlin.net/,,,True,52.56804849505148,13.402897382634468,True
318291715,11003003,Thomas-Mann-Grundschule,52.54660737552348,13.414478363692687,POINT (13.414478363468278 52.546607373888875),Prenzlauer Berg,Pankow,0301,03G09,Thomas-Mann-Grundschule,,,,,,,,,,"Greifenhagener Straße 58, 10437 Berlin",Greifenhagener Straße,58,10437,Berlin,,,,,+49 30 4457761,,https://thomas-mann-grundschule.de/,,,True,52.54660737552348,13.414478363692687,False
321046049,11001001,Grundschule am Koppenplatz (Standort Koppenplatz),52.52774284429607,13.39723510715939,POINT (13.397235107114607 52.52774284387172),Mitte,Mitte,0101,01G46,Grundschule am Koppenplatz (Standort Koppenplatz),,,,,,,,,,10115 Berlin,,12,10115,Berlin,Bezirksamt Mitte von Berlin,,,,+49 30 8471210910,sekretariat@schuleamkoppenplatz.de,https://schule-am-koppenplatz.de,,,True,52.52774284429607,13.39723510715939,False
321046054,11001001,Ernst-Schering-Oberschule,52.54720419338473,13.348491131100598,POINT (13.348491129822253 52.54720419132028),Wedding,Mitte,0105,01K02,Ernst-Schering-Oberschule,,,,,,,,,,"Lütticher Straße 47-48, 13353 Berlin",Lütticher Straße,47-48,13353,Berlin,,,,,+49 30 45308710,Ernst-Schering-Oberschule.cids@t-online.de,http://www.eso.cidsnet.de/,,,True,52.54720419338473,13.348491131100598,False
321046059,11001001,Hemingway-Schule,52.5308930543915,13.391761047024143,POINT (13.391761046678349 52.53089305263943),Mitte,Mitte,0101,01K07,Hemingway-Schule,,,,,,,,,,"Gartenstraße 10-17, 10115 Berlin",Gartenstraße,10-17,10115,Berlin,,,,,,hemingway.schule@gmail.com,http://www.hemingway-oberschule.de/,,,True,52.5308930543915,13.391761047024143,False
321052453,11001001,Freie Schule am Mauerpark,52.54068720620833,13.401385445486595,POINT (13.401385445444813 52.54068720500274),Gesundbrunnen,Mitte,0106,01P13,Freie Schule am Mauerpark,,,,,,,,,,"Wolliner Straße 25-26, 13355 Berlin",Wolliner Straße,25-26,13355,Berlin,Freies Lernen in Berlin e.V.,,,,,,,,,True,52.54068720620833,13.401385445486595,False
321192976,11001001,Musikgymnasium Carl Philipp Emanuel Bach,52.53625311969361,13.395858715507222,POINT (13.39585871522093 52.536253117561806),Mitte,Mitte,0101,01Y04,Musikgymnasium Carl Philipp Emanuel Bach,,,,,,,,,,"5, Rheinsberger Straße, Arkonakiez, Oranienburger Vorstadt, Mitte, Berlin, 10115, Deutschland",,,10115,,,,,,,,,,,True,52.53625311969361,13.395858715507222,True
321211413,11002002,Fanny-Hensel-Grundschule,52.50286156500639,13.380054489598152,POINT (13.380054487036531 52.502861559050835),Kreuzberg,Friedrichshain-Kreuzberg,0202,02G19,Fanny-Hensel-Grundschule,,,,,,,,,,"Schöneberger Straße 23-24, 10963 Berlin",Schöneberger Straße,23-24,10963,Berlin,,,,,+49 30 50586811,info@fanny-hensel-grundschule.de,https://www.fanny-hensel-grundschule.de/,,,True,52.50286156500639,13.380054489598152,False
321211422,11002002,unknown_school_name,52.501822435243355,13.392854201309223,POINT (13.3928541998827 52.50182243306643),Kreuzberg,Friedrichshain-Kreuzberg,0202,,,,,,,,,,,,"Friedrichstraße 13, 10969 Berlin",Friedrichstraße,13,10969,Berlin,,,,,,,,,,True,52.501822435243355,13.392854201309223,False
321211424,11002002,Kurt-Schumacher-Grundschule,52.504879600741326,13.388296978600364,POINT (13.388296976658864 52.50487959836013),Kreuzberg,Friedrichshain-Kreuzberg,0202,02G12,Kurt-Schumacher-Grundschule,,,,,,,,,,"Puttkamerstraße 19, 10969 Berlin",Puttkamerstraße,19,10969,Berlin,,,,,,,,,,True,52.504879600741326,13.388296978600364,False
321318285,11002002,Hans-Böckler-Schule,52.49936234093201,13.402258560092383,POINT (13.402258561637137 52.49936233859197),Kreuzberg,Friedrichshain-Kreuzberg,0202,02B02,Hans-Böckler-Schule,,,,,,,,,,"Lobeckstraße 76, 10969 Berlin",Lobeckstraße,76,10969,Berlin,,,,,,,,,,True,52.49936234093201,13.402258560092383,False
321318286,11002002,Heinrich-Zille-Grundschule,52.50025124838373,13.428670758403936,POINT (13.428670757802502 52.50025124703886),Kreuzberg,Friedrichshain-Kreuzberg,0202,02G29,Heinrich-Zille-Grundschule,,,,,,,,,,"Waldemarstraße 118, 10997 Berlin",Waldemarstraße,118,10997,Berlin,,,,,,,,,,True,52.50025124838373,13.428670758403936,False
321318287,11002002,Otto-Wels-Grundschule,52.5002102581699,13.402093870022593,POINT (13.402093869698007 52.50021025613086),Kreuzberg,Friedrichshain-Kreuzberg,0202,02G24,Otto-Wels-Grundschule,,,,,,,,,,Alexandrinenstraße 12,Alexandrinenstraße,12,10969,,,,,,+49 30 50585311,buero@owg-berlin.de,https://owg-berlin.de/,,,True,52.5002102581699,13.402093870022593,False
321318288,11002002,Reinhardswald-Grundschule,52.491217362324186,13.399456855341752,POINT (13.399456857254265 52.49121736025086),Kreuzberg,Friedrichshain-Kreuzberg,0202,02G21,Reinhardswald-Grundschule,,,,,,,,,,"Gneisenaustraße 73-74, 10961",Gneisenaustraße,73-74,10961,,Bezirksamt Friedrichshain-Kreuzberg von Berlin,,,,+49 30 69037211,sekretariat@reinhardswald.schule.berlin.de,https://www.reinhardswald-grundschule.de/,,,True,52.491217362324186,13.399456855341752,False
321388391,11002002,Hector-Peterson-Schule,52.4978944735911,13.383113684507276,POINT (13.383113685265068 52.4978944703702),Kreuzberg,Friedrichshain-Kreuzberg,0202,02K03,Hector-Peterson-Schule,,,,,,,,,,"Tempelhofer Ufer 15, 10963 Berlin",Tempelhofer Ufer,15,10963,Berlin,Bezirksamt Friedrichshain-Kreuzberg von Berlin,,,,+49 30 50587711,sekretariat@hps-berlin.schule,https://hps-berlin.schule/,,,True,52.4978944735911,13.383113684507276,False
321388392,11002002,Bergmannkiez-Gemeinschaftsschule (Sekundarstufe),52.49112032675448,13.38916170011185,POINT (13.38916169699459 52.49112032095642),Kreuzberg,Friedrichshain-Kreuzberg,0202,02K04,Bergmannkiez-Gemeinschaftsschule (Sekundarstufe),,,,,,,,,,"Gneisenaustraße 7, 10961 Berlin",Gneisenaustraße,7,10961,Berlin,Bezirksamt Friedrichshain-Kreuzberg von Berlin,,,,,,,,,True,52.49112032675448,13.38916170011185,False
321520176,11002002,Gustav-Meyer-Schule,52.49664581659764,13.416690107182843,POINT (13.41669010658475 52.49664581505465),Kreuzberg,Friedrichshain-Kreuzberg,0202,02S02,Gustav-Meyer-Schule,,,,,,,,,,"Kohlfurter Straße 22, 10999 Berlin",Kohlfurter Straße,22,10999,Berlin,Land Berlin,,,,,,,,,True,52.49664581659764,13.416690107182843,False
321520177,11002002,Netzwerk-Schule,52.5132840224593,13.44389781150329,POINT (13.44389781116504 52.51328402037692),Friedrichshain,Friedrichshain-Kreuzberg,0201,02P13,Netzwerk-Schule,,,,,,,,,,"Marchlewskistraße 40, 10243 Berlin",Marchlewskistraße,40,10243,Berlin,Netzwerk Spiel/Kultur Prenzlauer Berg e.V.,,,,,,,,,True,52.5132840224593,13.44389781150329,False
321549677,11002002,Andreas-Gymnasium,52.51431888448994,13.433687503444625,POINT (13.43368750432632 52.51431888374535),Friedrichshain,Friedrichshain-Kreuzberg,0201,02Y01,Andreas-Gymnasium,,,,,,,,,,"Koppenstraße 76, 10243 Berlin",Koppenstraße,76,10243,Berlin,,,,,,,,,,True,52.51431888448994,13.433687503444625,False
323221864,11003003,Montessori Gemeinschaftsschule Berlin Buch,52.641371440695245,13.488804046571145,POINT (13.488804045507061 52.64137143696846),Buch,Pankow,0309,03P32,Montessori Gemeinschaftsschule Berlin Buch,,,,,,,,,,"Montessori-Kinderhaus Berlin-Buch, 90, Wiltbergstraße, Ludwig-Hoffmann-Quartier, Buch, Pankow, Berlin, 13125, Deutschland",,,13125,,,,,,,,https://www.montessori-berlin-buch.de/,,,True,52.641371440695245,13.488804046571145,True
331813666,11003003,Grundschule an den Buchen,52.5793721272882,13.39469520205049,POINT (13.394695201457035 52.57937212501404),Niederschönhausen,Pankow,0311,03G32,Grundschule an den Buchen,,,,,,,,,,"Wilhelm-Wolff-Straße 19, 13156 Berlin",Wilhelm-Wolff-Straße,19,13156,Berlin,,,,,+49 30 916 99 460,sekretariat-gsbuchen@gmx.de,https://www.gs-buchen.de/,,,True,52.5793721272882,13.39469520205049,False
334117806,11008008,Hermann-Sander-Grundschule,52.46393505582671,13.430204753754534,POINT (13.430204751817456 52.4639350544939),Neukölln,Neukölln,0801,08G15,Hermann-Sander-Grundschule,,,,,,,,,,"69, Mariendorfer Weg, Neu-Britz, Neukölln, Berlin, 12051, Deutschland",,,12051,,,,,,,,,,,True,52.46393505582671,13.430204753754534,True
335967833,11012012,Gabriele-von-Bülow-Gymnasium,52.59256143103969,13.296300480595528,POINT (13.296300480584224 52.59256142814097),Tegel,Reinickendorf,1202,12Y04,Gabriele-von-Bülow-Gymnasium,,,,,,,,,,"Tile-Brügge-Weg 63, 13509 Berlin",Tile-Brügge-Weg,63,13509,Berlin,,,,,,,,,,True,52.59256143103969,13.296300480595528,False
336565339,11011011,Grundschule im Gutspark,52.52229449330473,13.482874850420684,POINT (13.482874850400906 52.52229449166112),Lichtenberg,Lichtenberg,1103,11G03,Grundschule im Gutspark,,,,,,,,,,"Josef-Orlopp-Straße 20, 10367 Berlin",Josef-Orlopp-Straße,20,10367,Berlin,,,,,+49 30 558 81 70,sekretariat@gutspark.schule.berlin.de,https://grundschule-im-gutspark.d,,,True,52.52229449330473,13.482874850420684,False
337806374,11007007,Neumark-Grundschule,52.49296110758272,13.363533077403686,POINT (13.363533078962428 52.49296110452806),Schöneberg,Tempelhof-Schöneberg,0701,07G13,Neumark-Grundschule,,,,,,,,,,"Steinmetzstraße 46-50, 10783 Berlin",Steinmetzstraße,46-50,10783,Berlin,,,,,,sekretariat@neumark.schule.berlin.de,https://www.neumark-grundschule.de/,,,True,52.49296110758272,13.363533077403686,False
337806376,11007007,Spreewald-Grundschule,52.49530176711178,13.356234439030624,POINT (13.356234438074416 52.49530176336544),Schöneberg,Tempelhof-Schöneberg,0701,07G01,Spreewald-Grundschule,,,,,,,,,,"15, Pallasstraße, Winterfeldtkiez, Nollendorfkiez, Schöneberg, Tempelhof-Schöneberg, Berlin, 10781, Deutschland",,,10781,,,,,,,,,,,True,52.49530176711178,13.356234439030624,True
338616027,11002002,Evangelische Schule Berlin-Friedrichshain,52.52102723377468,13.449213872637275,POINT (13.449213872608885 52.52102723373306),Friedrichshain,Friedrichshain-Kreuzberg,0201,02P25,Evangelische Schule Berlin-Friedrichshain,,,,,,,,,,"Petersburger Platz 5, 10249 Berlin",Petersburger Platz,5,10249,Berlin,Evangelische Schulstiftung in der EKBO,,,,,,https://www.ev-schule-friedrichshain.de,,,True,52.52102723377468,13.449213872637275,False
339482810,11002002,Clara-Grunwald-Grundschule,52.50082896703321,13.38499679275679,POINT (13.384996792909364 52.50082896658959),Kreuzberg,Friedrichshain-Kreuzberg,0202,02G32,Clara-Grunwald-Grundschule,,,,,,,,,,"Askanisches Gymnasium, 24, Hallesche Straße, Zeitungsviertel, Kreuzberg, Friedrichshain-Kreuzberg, Berlin, 10963, Deutschland",,,10963,,Land Berlin,,,,,,,,,True,52.50082896703321,13.38499679275679,True
340606521,11002002,Berlin Bilingual School,52.525199871325825,13.424987619974317,POINT (13.424987619736228 52.52519987020297),Friedrichshain,Friedrichshain-Kreuzberg,0201,02P11,Berlin Bilingual School,,,,,,,,,,"1, Weinstraße, Barnimkiez, Friedrichshain, Friedrichshain-Kreuzberg, Berlin, 10249, Deutschland",,,10249,,,,,,,,https://www.berlin-bilingual-school.de/,,,True,52.525199871325825,13.424987619974317,True
340606539,11002002,Schule am Königstor,52.52562330471372,13.42620933642831,POINT (13.426209337010098 52.52562330351102),Friedrichshain,Friedrichshain-Kreuzberg,0201,02K05,Schule am Königstor,,,,,,,,,,"Weinstraße 3, 10249 Berlin",Weinstraße,3,10249,Berlin,,,,,,,,,,True,52.52562330471372,13.42620933642831,False
342336941,11005005,B.-Traven-Gemein­schafts­schule,52.54636061233784,13.174425141776625,POINT (13.174425140530609 52.54636060125562),Falkenhagener Feld,Spandau,0508,05K05,B.-Traven-Gemein­schafts­schule,,,,,,,,,,"Recklinghauser Weg 26-32, 13583 Berlin",Recklinghauser Weg,26-32,13583,Berlin,Technische Jugend­­freizeit- & Bildungs­­gesell­schaft,,,,,,https://www.btg-schule.de,,,True,52.54636061233784,13.174425141776625,False
342339379,11005005,Siegerland-Grundschule,52.55155877662654,13.176651579967237,POINT (13.176651582151628 52.55155877217771),Falkenhagener Feld,Spandau,0508,05G06,Siegerland-Grundschule,,,,,,,,,,"Hermann-Schmidt-Weg 4, 13589 Berlin",Hermann-Schmidt-Weg,4,13589,Berlin,Bezirksamt Spandau von Berlin,,,,,schulleitung@siegerland-schule.de,,,,True,52.55155877662654,13.176651579967237,False
343382601,11009009,Amtsfeld-Schule (Grundschule),52.44403039479644,13.588850854419302,POINT (13.588850854165976 52.44403039229611),Köpenick,Treptow-Köpenick,0910,09G19,Amtsfeld-Schule (Grundschule),,,,,,,,,,"Pablo-Neruda-Straße 8, 12559 Berlin",Pablo-Neruda-Straße,8,12559,Berlin,Land Berlin,,,,,,,,,True,52.44403039479644,13.588850854419302,False
350350617,11009009,Oberschule an der Dahme,52.440410393278555,13.566680612782168,POINT (13.566680612308295 52.44041039090085),Köpenick,Treptow-Köpenick,0910,09K08,Oberschule an der Dahme,,,,,,,,,,"Glienicker Straße 24 - 30, 12557 Berlin",Glienicker Straße,24 - 30,12557,Berlin,,,,,,,,,,True,52.440410393278555,13.566680612782168,False
350949265,11008008,Herman-Nohl-Schule,52.45481370970548,13.439144117077092,POINT (13.439144117221383 52.4548137079094),Britz,Neukölln,0802,08G19,Herman-Nohl-Schule,,,,,,,,,,"Hannemannstraße 68, 12347 Berlin",Hannemannstraße,68,12347,Berlin,,,,,,,,,,True,52.45481370970548,13.439144117077092,False
350966195,11008008,Alfred-Nobel-Schule,52.44824918757559,13.434673017895902,POINT (13.434673017254429 52.44824918383511),Britz,Neukölln,0802,08K11,Alfred-Nobel-Schule,,,,,,,,,,"Britzer Damm 164-170, 12347 Berlin",Britzer Damm,164-170,12347,Berlin,Bezirksamt Neukölln von Berlin,,,,+49 30 6064032,,https://alfred-nobel-schule.de/,,,True,52.44824918757559,13.434673017895902,False
353701652,11009009,Hort der Friedrichshagener Grundschule,52.453909222530726,13.62037762065072,POINT (13.62037762032386 52.45390922134412),Friedrichshagen,Treptow-Köpenick,0911,09G27b,Hort der Friedrichshagener Grundschule,,,,,,,,,,"Peter-Hille-Straße 18, 12587 Berlin",Peter-Hille-Straße,18,12587,Berlin,,,,,,,http://www.friedrichshagener-grundschule.cidsnet.de/,,,True,52.453909222530726,13.62037762065072,False
354093830,11009009,Mosaik Grundschule,52.4446821540429,13.528707358700466,POINT (13.528707358735288 52.4446821526805),Niederschöneweide,Treptow-Köpenick,0905,09P12,Mosaik Grundschule,,,,,,,,,,"Adlergestell 133, 12439 Berlin",Adlergestell,133,12439,Berlin,IBEB – Initiative für Bildung und Erziehung Berlin gGmbH,,,,,,http://mosaik-gs.com/,,,True,52.4446821540429,13.528707358700466,False
359146089,11004004,OSZ Ästhetik und Technik,52.51053278002416,13.319849888076542,POINT (13.319849887870346 52.51053277763644),Charlottenburg,Charlottenburg-Wilmersdorf,0401,04B07,OSZ Ästhetik und Technik,,,,,,,,,,"Schillerstraße 120, 10625 Berlin",Schillerstraße,120,10625,Berlin,,,,,,,,,,True,52.51053278002416,13.319849888076542,False
360106702,11003003,Picasso Grundschule,52.54780071598078,13.461217848421093,POINT (13.46121784634188 52.54780071227837),Weißensee,Pankow,0302,03G18,Picasso Grundschule,,,,,,,,,,"Gounodstraße 71, 13088 Berlin",Gounodstraße,71,13088,Berlin,Bezirksamt Pankow von Berlin,,,,+4930 960666 0,picasso-schule@t-online.de,https://picasso-grundschule.de/,,,True,52.54780071598078,13.461217848421093,False
361839529,11006006,Berthold-Otto-Schule,52.439299201648524,13.306874710041509,POINT (13.306874710005449 52.43929920028965),Lichterfelde,Steglitz-Zehlendorf,0602,06P13,Berthold-Otto-Schule,,,,,,,,,,"Holbeinstraße 21, 12203 Berlin",Holbeinstraße,21,12203,Berlin,,,,,+49 30 8335090,Sekretariat@Berthold-Otto-Schule.de,https://www.berthold-otto-schule.de/,,,True,52.439299201648524,13.306874710041509,False
361891078,11006006,Käthe-Kruse-Grundschule,52.437944992733684,13.30965744639759,POINT (13.309657446151263 52.43794499180715),Lichterfelde,Steglitz-Zehlendorf,0602,06G26,Käthe-Kruse-Grundschule,,,,,,,,,,"Tietzenweg 108, 12203 Berlin",Tietzenweg,108,12203,Berlin,Bezirksamt Steglitz-Zehlendorf von Berlin,,,,+49 30 84416950,,https://www.kaethe-kruse-grundschule.de,,,True,52.437944992733684,13.30965744639759,False
363401187,11009009,Lehrkabinett und Waldschule Teufelssee,52.42054938728814,13.633940597016927,POINT (13.633940596964068 52.42054938715072),Köpenick,Treptow-Köpenick,0910,,Lehrkabinett und Waldschule Teufelssee,,,,,,,,,,"144, Müggelheimer Damm, Köpenick, Treptow-Köpenick, Berlin, 12559, Deutschland",,,12559,,,,,,,,,,,True,52.42054938728814,13.633940597016927,True
364427185,11011011,Alexander-Puschkin-Schule,52.508024584461324,13.515713245593398,POINT (13.515713245475347 52.508024583057356),Friedrichsfelde,Lichtenberg,1101,11K01,Alexander-Puschkin-Schule,,,,,,,,,,"Massower Straße 37, 10315 Berlin",Massower Straße,37,10315,Berlin,,,,,+49 30 5251429,mail@puschkinschule.eu,https://puschkinschule.eu/,,,True,52.508024584461324,13.515713245593398,False
364588554,11008008,Ernst-Abbe-Gymnasium,52.4837669289227,13.437582007712267,POINT (13.437582006913427 52.48376692753792),Neukölln,Neukölln,0801,08Y04,Ernst-Abbe-Gymnasium,,,,,,,,,,"Sonnenallee 79, 12045 Berlin",Sonnenallee,79,12045,Berlin,,,,,,,,,,True,52.4837669289227,13.437582007712267,False
364729877,11008008,Lise-Meitner-Schule,52.42951581782761,13.474219427327677,POINT (13.47421942640588 52.42951581306646),Gropiusstadt,Neukölln,0805,08B02,Lise-Meitner-Schule,,,,,,,,,,"Lipschitzallee 25, 12351 Berlin",Lipschitzallee,25,12351,Berlin,,,,,,,https://www.osz-lise-meitner.eu/,,,True,52.42951581782761,13.474219427327677,False
367277635,11007007,Marie-Elisabeth-Lüders-Oberschule,52.49875484165578,13.364894200598037,POINT (13.364894200948896 52.498754838825896),Schöneberg,Tempelhof-Schöneberg,0701,07B02,Marie-Elisabeth-Lüders-Oberschule,,,,,,,,,,"Steinmetzstraße 79, 10783 Berlin",Steinmetzstraße,79,10783,Berlin,,,,,,sekretariat@melo-berlin.de,https://melo-berlin.de/,,,True,52.49875484165578,13.364894200598037,False
368051225,11012012,Havelmüller Grundschule,52.57809593967156,13.285652726713867,POINT (13.28565272793027 52.5780959371014),Tegel,Reinickendorf,1202,12G01,Havelmüller Grundschule,,,,,,,,,,"Namslaustraße 49/57, 13507 Berlin",Namslaustraße,49/57,13507,Berlin,,,,,,,,,,True,52.57809593967156,13.285652726713867,False
368605739,11004004,Arno-Fuchs-Schule,52.514590599462124,13.307764150829014,POINT (13.307764151167218 52.51459059730863),Charlottenburg,Charlottenburg-Wilmersdorf,0401,04S02,Arno-Fuchs-Schule,,,,,,,,,,"Richard-Wagner-Straße 30, 10585 Berlin",Richard-Wagner-Straße,30,10585,Berlin,,,,,,,,,,True,52.514590599462124,13.307764150829014,False
368681121,11004004,Helmuth-James-von-Moltke-Grundschule,52.538782231250934,13.301320641732474,POINT (13.301320642817553 52.53878222675692),Charlottenburg-Nord,Charlottenburg-Wilmersdorf,0406,04G11,Helmuth-James-von-Moltke-Grundschule,,,,,,,,,,"Heckerdamm 221, 13627 Berlin",Heckerdamm,221,13627,Berlin,,,,,+4930 34806891 0,sekretariat@moltke-grundschule.de,http://www.moltke-grundschule.eu/,,,True,52.538782231250934,13.301320641732474,False
370684896,11007007,Grundschule am Dielingsgrund / Sporthalle,52.41228165080862,13.40904745386321,POINT (13.409047453850407 52.41228165055259),Lichtenrade,Tempelhof-Schöneberg,0706,,Grundschule am Dielingsgrund / Sporthalle,,,,,,,,,,"Grundschule am Dielingsgrund, 35, Dielingsgrund, Lichtenrade, Tempelhof-Schöneberg, Berlin, Teltow, 12305, Deutschland",,,12305,,,,,,,,,,,True,52.41228165080862,13.40904745386321,True
371914975,11011011,Nils-Holgersson-Schule,52.53424773786834,13.47162590824461,POINT (13.471625902828793 52.534247733199265),Fennpfuhl,Lichtenberg,1111,11S12,Nils-Holgersson-Schule,,,,,,,,,,"Otto-Marquardt-Straße 12-14, 10369 Berlin",Otto-Marquardt-Straße,12-14,10369,Berlin,,,,,,,,,,True,52.53424773786834,13.47162590824461,False
372338620,11001001,Rosalind-Franklin-Gymnasium,52.525997029079406,13.333712128144954,POINT (13.333712128347695 52.525997028740754),Moabit,Mitte,0102,01Y13,Rosalind-Franklin-Gymnasium,,,,,,,,,,"Turmstraße 75, 10551 Berlin",Turmstraße,75,10551,Berlin,Bezirk Mitte von Berlin,,,,,,https://gymnasium-13.de,,,True,52.525997029079406,13.333712128144954,False
372763741,11008008,Schule am Zwickauer Damm,52.42245327601639,13.481768415282094,POINT (13.481768415541048 52.42245327442459),Gropiusstadt,Neukölln,0805,08S04,Schule am Zwickauer Damm,,,,,,,,,,"Zwickauer Damm 16-22, 12353 Berlin",Zwickauer Damm,16-22,12353,Berlin,,,,,+4930 6616079,Schule_am_Zwickauer_Damm@t-online.de,http://www.schule-am-zwickauer-damm.de/,,,True,52.42245327601639,13.481768415282094,False
374347150,11012012,Emil-Fischer-Schule - OSZ Ernährung und Lebensmitteltechnik,52.59755021665984,13.330335992918544,POINT (13.330335992660904 52.59755021308461),Wittenau,Reinickendorf,1209,12B02,Emil-Fischer-Schule - OSZ Ernährung und Lebensmitteltechnik,,,,,,,,,,"Cyclopstraße 1-5, 13437 Berlin",Cyclopstraße,1-5,13437,Berlin,,,,,+4930 414721 0,sekretariat@emilfischerschule.de,https://www.emilfischerschule.de/,,,True,52.59755021665984,13.330335992918544,False
374932598,11011011,Katholische Grundschule Sankt Mauritius Berlin,52.51007196474539,13.47862364273084,POINT (13.478623642822152 52.51007196340011),Lichtenberg,Lichtenberg,1103,11P01,Katholische Grundschule Sankt Mauritius Berlin,,,,,,,,,,"Schulze-Boysen-Straße 28, 10365 Berlin",Schulze-Boysen-Straße,28,10365,Berlin,Erzbistum Berlin,,,,,,,,,True,52.51007196474539,13.47862364273084,False
377702652,11002002,Georg-Friedrich-Händel-Gymnasium,52.51445050371661,13.456234167365853,POINT (13.456234170829303 52.514450499479445),Friedrichshain,Friedrichshain-Kreuzberg,0201,02Y04,Georg-Friedrich-Händel-Gymnasium,,,,,,,,,,"Frankfurter Allee 6A, Berlin",Frankfurter Allee,6A,10245,Berlin,,,,,+4930 225027901 1,sekretariat@haendelgym.de,http://www.haendelgym.de/,,,True,52.51445050371661,13.456234167365853,False
378441389,11003003,Grundschule im Moselviertel,52.55966297565521,13.476198990068793,POINT (13.476198988662565 52.55966297210166),Weißensee,Pankow,0302,03G20,Grundschule im Moselviertel,,,,,,,,,,"Brodenbacher Weg 31, 13088 Berlin",Brodenbacher Weg,31,13088,Berlin,,,,,+49 30 9250976,,http://www.moselschule.cidsnet.de,,,True,52.55966297565521,13.476198990068793,False
379280163,11007007,Grundschule am Barbarossaplatz,52.492566358879145,13.349981226108266,POINT (13.349981226064259 52.49256635746859),Schöneberg,Tempelhof-Schöneberg,0701,07G18,Grundschule am Barbarossaplatz,,,,,,,,,,10781 Berlin,,5,10781,Berlin,,,,,,,,,,True,52.492566358879145,13.349981226108266,False
379941597,11006006,Peter-Frankenfeld-Schule,52.434984307847174,13.354835000155065,POINT (13.354835000321104 52.43498430631779),Lankwitz,Steglitz-Zehlendorf,0603,06S03,Peter-Frankenfeld-Schule,,,,,,,,,,"Wedellstraße 26, 12247 Berlin",Wedellstraße,26,12247,Berlin,,,,,+49-30-77206560,,,,,True,52.434984307847174,13.354835000155065,False
384632167,11009009,Merian-Schule,52.46330128909702,13.590105594422075,POINT (13.590105594603713 52.46330128503659),Köpenick,Treptow-Köpenick,0910,09K01b,Merian-Schule,,,,,,,,,,"Mittelheide 49, 12555 Berlin",Mittelheide,49,12555,Berlin,,,,,,,,,,True,52.46330128909702,13.590105594422075,False
384934300,11010010,BEST-Sabel-Grundschule Mahlsdorf,52.48264720043084,13.606019908383445,POINT (13.606019908863981 52.48264719695151),Mahlsdorf,Marzahn-Hellersdorf,1004,10P05,BEST-Sabel-Grundschule Mahlsdorf,,,,,,,,,,"Erich-Baron-Weg 118, 12623 Berlin",Erich-Baron-Weg,118,12623,Berlin,,,,,+49 30 992835 20,grundschule@best-sabel.de,https://www.best-sabel.de/Grundschule/Mahlsdorf/Grundschule_Mahlsdorf.php,,,True,52.48264720043084,13.606019908383445,False
387263944,11006006,Gymnasium Steglitz,52.45694289000297,13.325875122569595,POINT (13.325875122433027 52.45694288869653),Steglitz,Steglitz-Zehlendorf,0601,06Y13,Gymnasium Steglitz,,,,,,,,,,"Heesestraße 15, 12169 Berlin",Heesestraße,15,12169,Berlin,,,,,,,,,,True,52.45694289000297,13.325875122569595,False
389508708,11011011,Paul- und Charlotte Kniese-Schule,52.49861552433104,13.518754198347294,POINT (13.518754197975007 52.498615520949514),Friedrichsfelde,Lichtenberg,1101,11S04,Paul- und Charlotte Kniese-Schule,,,,,,,,,,"Erich-Kurz-Straße 6-10, 10319 Berlin",Erich-Kurz-Straße,6-10,10319,Berlin,,,,,,,,,,True,52.49861552433104,13.518754198347294,False
393356857,11004004,Grundschule am Rüdesheimer Platz,52.47117945642318,13.312544004064302,POINT (13.312544002309584 52.47117944505572),Wilmersdorf,Charlottenburg-Wilmersdorf,0402,04G19,Grundschule am Rüdesheimer Platz,,,,,,,,,,"Rüdesheimer Straße 24-30, 14197 Berlin",Rüdesheimer Straße,24-30,14197,Berlin,Bezirksamt Charlottenburg-Wilmersdorf von Berlin,,,,,,,,,True,52.47117945642318,13.312544004064302,False
395866883,11006006,Grundschule an der Bäke,52.44836121318466,13.318767463590149,POINT (13.318767460827301 52.44836120847995),Lichterfelde,Steglitz-Zehlendorf,0602,06G31,Grundschule an der Bäke,,,,,,,,,,"Haydnstraße 15, 12203 Berlin",Haydnstraße,15,12203,Berlin,Bezirksamt Steglitz-Zehlendorf von Berlin,,,,+49 30 84416430,sekretariat@baeke.schule.berlin.de,,,,True,52.44836121318466,13.318767463590149,False
396117926,11006006,Grundschule am Stadtpark Steglitz,52.44966791980826,13.343307968507743,POINT (13.343307967953614 52.44966791828721),Steglitz,Steglitz-Zehlendorf,0601,06G32,Grundschule am Stadtpark Steglitz,,,,,,,,,,"Karl-Stieler-Straße 10-11, 12167 Berlin",Karl-Stieler-Straße,10-11,12167,Berlin,Land Berlin,,,,+49 30 93951947,sekretariat@06g32.schule.berlin.de,http://www.grundschule-am-stadtpark-steglitz.de/,,,True,52.44966791980826,13.343307968507743,False
414498883,11009009,Wendenschloß Schule,52.42847951109414,13.595646008859136,POINT (13.595646008686323 52.428479510630886),Köpenick,Treptow-Köpenick,0910,09G16,Wendenschloß Schule,,,,,,,,,,"Wendenschloß Schule, Köpenzeile, Kietzer Feld, Köpenick, Treptow-Köpenick, Berlin, 12557, Deutschland",,,12557,,,,,,,,,,,True,52.42847951109414,13.595646008859136,True
416461637,11010010,Karl-Friedrich-Friesen-Grundschule,52.55308395148172,13.563218001929345,POINT (13.563218001802907 52.55308394756395),Marzahn,Marzahn-Hellersdorf,1001,10G07,Karl-Friedrich-Friesen-Grundschule,,,,,,,,,,"Max-Herrmann-Straße 5, 12687 Berlin",Max-Herrmann-Straße,5,12687,Berlin,,,,,,,,,,True,52.55308395148172,13.563218001929345,False
437672253,11003003,Freie Waldorfschule am Prenzlauer Berg,52.54430748728944,13.454596764761975,POINT (13.454596765468356 52.54430748465698),Prenzlauer Berg,Pankow,0301,03P30,Freie Waldorfschule am Prenzlauer Berg,,,,,,,,,,"Gürtelstraße 16, 10409 Berlin",Gürtelstraße,16,10409,Berlin,Verein der Freien Waldorfschule Berlin-Mitte e.V.,,,,,,,,,True,52.54430748728944,13.454596764761975,False
438858103,11010010,Schule am Pappelhof,52.53145200087059,13.55358089792905,POINT (13.553580897570699 52.53145199877801),Biesdorf,Marzahn-Hellersdorf,1002,10S04,Schule am Pappelhof,,,,,,,,,,"Ketschendorfer Weg 21, 12683 Berlin",Ketschendorfer Weg,21,12683,Berlin,,,,,,,,,,True,52.53145200087059,13.55358089792905,False
439887078,11012012,Alternativschule Berlin,52.604723970908275,13.315278428984346,POINT (13.315278429031894 52.60472397026635),Waidmannslust,Reinickendorf,1207,12P11,Alternativschule Berlin,,,,,,,,,,"Bondickstraße 8-9, 13469 Berlin",Bondickstraße,8-9,13469,Berlin,Alternativschule Berlin e. V.,,,,+49 30 417 48 60,,https://www.alternativschule-berlin.de/,,,True,52.604723970908275,13.315278428984346,False
441039311,11011011,Bürgermeister-Ziethen-Grundschule,52.508369934192544,13.51713154260126,POINT (13.517131542113422 52.50836993145385),Friedrichsfelde,Lichtenberg,1101,11G09,Bürgermeister-Ziethen-Grundschule,,,,,,,,,,"Massower Straße 39, 10315 Berlin",Massower Straße,39,10315,Berlin,,,,,+49 30 5251 434,sekretariat@buezie.schule.berlin.de,https://www.buezie.de/,,,True,52.508369934192544,13.51713154260126,False
444998698,11006006,Kant-Oberschule,52.45897262993106,13.330304742643854,POINT (13.330304743236608 52.45897262943628),Steglitz,Steglitz-Zehlendorf,0601,06P11,Kant-Oberschule,,,,,,,,,,"Körnerstraße 11, 12169 Berlin",Körnerstraße,11,12169,Berlin,Stiftung Private Kant-Schulen gGmbH,,,,,,https://www.kant-oberschule.de,,,True,52.45897262993106,13.330304742643854,False
446137747,11008008,Albert-Einstein-Gymnasium,52.44508585223624,13.442918030993495,POINT (13.442918029550116 52.44508584794577),Britz,Neukölln,0802,08Y03,Albert-Einstein-Gymnasium,,,,,,,,,,"Parchimer Allee 109, 12359 Berlin",Parchimer Allee,109,12359,Berlin,,,,,,,,,,True,52.44508585223624,13.442918030993495,False
450063490,11008008,Albert-Schweitzer-Gymnasium,52.48460955744822,13.4264289960137,POINT (13.426428997319627 52.48460955415833),Neukölln,Neukölln,0801,08Y02,Albert-Schweitzer-Gymnasium,,,,,,,,,,"Karl-Marx-Straße 14, 12043 Berlin",Karl-Marx-Straße,14,12043,Berlin,,,,,,,,,,True,52.48460955744822,13.4264289960137,False
450115389,11010010,Freie Schule Berlin-Mahlsdorf,52.5013430508037,13.608349911501174,POINT (13.608349911687249 52.50134304978378),Mahlsdorf,Marzahn-Hellersdorf,1004,10P12,Freie Schule Berlin-Mahlsdorf,,,,,,,,,,"Elsenstraße 13A, 12623 Berlin",Elsenstraße,13A,12623,Berlin,,,,,+4930 978 91 077,info@fs-mahlsdorf.de,http://www.freie-schule-am-elsengrund.de/,,,True,52.5013430508037,13.608349911501174,False
451783347,11003003,Heinz-Brandt-Schule,52.5509046130076,13.441525976222948,POINT (13.441525976452258 52.55090461152939),Weißensee,Pankow,0302,03K05,Heinz-Brandt-Schule,,,,,,,,,,"Langhansstraße 120, 13086 Berlin",Langhansstraße,120,13086,Berlin,,,,,,,https://www.heinz-brandt-schule.de/,,,True,52.5509046130076,13.441525976222948,False
451785323,11003003,Schule am Hamburger Platz,52.55381162695874,13.437031392221808,POINT (13.437031393006944 52.553811624455335),Weißensee,Pankow,0302,03G01,Schule am Hamburger Platz,,,,,,,,,,"Gustav-Adolf-Straße 21, 13086 Berlin",Gustav-Adolf-Straße,21,13086,Berlin,,,,,,,,,,True,52.55381162695874,13.437031392221808,False
451792442,11003003,Stephanus Grundschule,52.552920282968806,13.457436197166839,POINT (13.4574361973805 52.55292028187844),Weißensee,Pankow,0302,03P39,Stephanus Grundschule,,,,,,,,,,"Parkstraße 22, 13086 Berlin",Parkstraße,22,13086,Berlin,,,,,+49 30 96249231,mechthild.blasczyk@stephanus.org,https://www.stephanus.org/stiftung/tochtergesellschaften/stephanus-ggmbh/bildung/stephanus-grundschule/startseite/,,,True,52.552920282968806,13.457436197166839,False
451792443,11003003,Stephanus-Schule,52.55184720318892,13.457416462224934,POINT (13.457416463285485 52.55184720184572),Weißensee,Pankow,0302,03P11,Stephanus-Schule,,,,,,,,,,"Parkstraße 22, 13086 Berlin",Parkstraße,22,13086,Berlin,,,,,,,https://www.stephanus.org/stiftung/tochtergesellschaften/stephanus-ggmbh/bildung/stephanus-grundschule/startseite/,,,True,52.55184720318892,13.457416462224934,False
454715723,11006006,Friedrich-Drake-Grundschule,52.43230892580226,13.306822771034291,POINT (13.306822770965915 52.432308924785985),Lichterfelde,Steglitz-Zehlendorf,0602,06G33,Friedrich-Drake-Grundschule,,,,,,,,,,"Drakestraße 80, 12205 Berlin",Drakestraße,80,12205,Berlin,Bezirksamt Steglitz-Zehlendorf von Berlin,,,,+49 30 844159541,,https://www.friedrich-drake-grundschule.de/,,,True,52.43230892580226,13.306822771034291,False
457462502,11003003,Grundschule am Planetarium,52.541649311414716,13.43058215912744,POINT (13.430582161043505 52.5416493097207),Prenzlauer Berg,Pankow,0301,03G08,Grundschule am Planetarium,,,,,,,,,,"Ella-Kay-Straße 47, 10405 Berlin",Ella-Kay-Straße,47,10405,Berlin,,,,,,,,,,True,52.541649311414716,13.43058215912744,False
460163619,11002002,Oberstufenzentrum Handel 1,52.50161611520486,13.437495130703937,POINT (13.437495132325287 52.501616104368075),Kreuzberg,Friedrichshain-Kreuzberg,0202,02B04,Oberstufenzentrum Handel 1,,,,,,,,,,"Wrangelstraße 98, 10997 Berlin",Wrangelstraße,98,10997,Berlin,"Senatsverwaltung für Bildung, Jugend und Familie",,,,,,,,,True,52.50161611520486,13.437495130703937,False
463268034,11010010,Fuchsberg-Grundschule,52.4995263647217,13.564251831539476,POINT (13.564251830342114 52.499526359590774),Biesdorf,Marzahn-Hellersdorf,1002,10G16,Fuchsberg-Grundschule,,,,,,,,,,"Apfelwicklerstraße 4-6, 12683",Apfelwicklerstraße,4-6,12683,,,,,,,,https://www.grundschule-fuchsberg.de/,,,True,52.4995263647217,13.564251831539476,False
469790825,11010010,Peter Pan Grundschule,52.54608587274403,13.549837429753456,POINT (13.549837429032939 52.546085871127104),Marzahn,Marzahn-Hellersdorf,1001,,Peter Pan Grundschule,,,,,,,,,,"Stolzenhagener Straße, 12679 Berlin",Stolzenhagener Straße,,12679,Berlin,,,,,,,https://peter-pan-grundschule.de/,,,True,52.54608587274403,13.549837429753456,False
501026662,11010010,Pusteblume-Grundschule,52.54118632868179,13.598240741014811,POINT (13.598240739635775 52.54118632725948),Hellersdorf,Marzahn-Hellersdorf,1005,,Pusteblume-Grundschule,,,,,,,,,,"Kastanienallee 61, 12627 Berlin",Kastanienallee,61,12627,Berlin,,,,,,,https://www.pusteblume-grundschule.de/,,,True,52.54118632868179,13.598240741014811,False
503693822,11005005,Paul-Moor-Grundschule,52.521351527029196,13.190187113468266,POINT (13.190187113642105 52.521351526301366),Wilhelmstadt,Spandau,0509,05G21,Paul-Moor-Grundschule,,,,,,,,,,"24,25, Adamstraße, Wilhelmstadt, Spandau, Berlin, 13595, Deutschland",,,13595,,,,,,,,,,,True,52.521351527029196,13.190187113468266,True
505803017,11010010,Schule am grünen Stadtrand,52.56985172952454,13.562270120878653,POINT (13.562270120326382 52.569851727295415),Marzahn,Marzahn-Hellersdorf,1001,10G34,Schule am grünen Stadtrand,,,,,,,,,,"Geraer Ring 54, 12689 Berlin",Geraer Ring,54,12689,Berlin,Bezirksamt Marzahn-Hellersdorf von Berlin,,,,+49 30 93668090,,https://www.schule-am-gruenen-stadtrand.de/,,,True,52.56985172952454,13.562270120878653,False
508462993,11004004,Hans-Litten-Schule,52.51169685068571,13.290194184772169,POINT (13.290194184380587 52.511696849445094),Charlottenburg,Charlottenburg-Wilmersdorf,0401,04B02,Hans-Litten-Schule,,,,,,,,,,"Danckelmannstraße 26-28, 14059 Berlin",Danckelmannstraße,26-28,14059,Berlin,Bezirksamt Charlottenburg-Wilmersdorf von Berlin,,,,+49 30 901893200,,,,,True,52.51169685068571,13.290194184772169,False
512889971,11011011,Schule am Grünen Grund,52.53022889387809,13.505955298278888,POINT (13.50595529452012 52.53022888700257),Lichtenberg,Lichtenberg,1103,11S05,Schule am Grünen Grund,,,,,,,,,,"Herzbergstraße 79, 10365 Berlin",Herzbergstraße,79,10365,Berlin,,,,,,,,,,True,52.53022889387809,13.505955298278888,False
513007663,11005005,Astrid-Lindgren-Grundschule,52.53055671276836,13.157103750233293,POINT (13.15710374862318 52.53055670766635),Staaken,Spandau,0504,05G17,Astrid-Lindgren-Grundschule,,,,,,,,,,"Südekumzeile 5, 13591 Berlin",Südekumzeile,5,13591,Berlin,Bezirksamt Spandau von Berlin,,,,+49 30 3758620,sekretariat@lindgren.schule.berlin.de,https://lindgrenschule.de/,,,True,52.53055671276836,13.157103750233293,False
513113959,11006006,Produktives Lernen,52.440422484248174,13.240877409502048,POINT (13.240877409423462 52.440422483784204),Zehlendorf,Steglitz-Zehlendorf,0604,,Produktives Lernen,,,,,,,,,,"Produktives Lernen, Jaehnstraße, Zehlendorf, Steglitz-Zehlendorf, Berlin, Teltow, 14163, Deutschland",,,14163,,Gail S. Halvorsen Schule,,,,,,,,,True,52.440422484248174,13.240877409502048,True
515634908,11009009,Grundschule am Berg,52.41861050122414,13.539029597033746,POINT (13.539029597450796 52.418610499598344),Altglienicke,Treptow-Köpenick,0906,09G10,Grundschule am Berg,,,,,,,,,,"Köpenicker Straße 31, 12524 Berlin",Köpenicker Straße,31,12524,Berlin,,,,,+49306728350,,http://www.grundschule-am-berg.de/,,,True,52.41861050122414,13.539029597033746,False
516219609,11007007,Friedenauer Gemeinschaftsschule (Sekundarstufe),52.46800239094783,13.344847663371269,POINT (13.34484766347173 52.46800238886284),Schöneberg,Tempelhof-Schöneberg,0701,07K12b,Friedenauer Gemeinschaftsschule (Sekundarstufe),,,,,,,,,,"Grazer Platz 1-3, 12157 Berlin",Grazer Platz,1-3,12157,Berlin,,,,,+49 30 902777904,,http://sekundarstufe.friedenauer-gemeinschaftsschule.de,,,True,52.46800239094783,13.344847663371269,False
520749042,11003003,Carl-Humann-Grundschule,52.55094679839844,13.421985426950473,POINT (13.421985427111585 52.55094679661398),Prenzlauer Berg,Pankow,0301,03G25,Carl-Humann-Grundschule,,,,,,,,,,"Scherenbergstraße 7, 10439 Berlin",Scherenbergstraße,7,10439,Berlin,,,,,,,,,,True,52.55094679839844,13.421985426950473,False
522889568,11008008,Hugo-Heimann-Schule,52.42526925739796,13.456430737281996,POINT (13.456430736977085 52.42526925446213),Gropiusstadt,Neukölln,0805,08G16,Hugo-Heimann-Schule,,,,,,,,,,"Hugo-Heimann-Straße 20, 12353 Berlin",Hugo-Heimann-Straße,20,12353,Berlin,,,,,,,,,,True,52.42526925739796,13.456430737281996,False
525385367,11001001,Schul-Umwelt-Zentrum Mitte - Filiale Seestraße,52.555810230310755,13.36382564843446,POINT (13.363825647435725 52.555810227424274),Wedding,Mitte,0105,,Schul-Umwelt-Zentrum Mitte - Filiale Seestraße,,,,,,,,,,"Seestraße 74, 13347 Berlin",Seestraße,74,13347,Berlin,,,,,,,http://www.suz-mitte.de/,,,True,52.555810230310755,13.36382564843446,False
530432780,11012012,Kolumbus-Grundschule,52.57562678012066,13.366144029696933,POINT (13.366144028504067 52.57562677717727),Reinickendorf,Reinickendorf,1201,12G05,Kolumbus-Grundschule,,,,,,,,,,"Büchsenweg 23A, 13409 Berlin",Büchsenweg,23A,13409,Berlin,,,,,,,,,,True,52.57562678012066,13.366144029696933,False
546803527,11006006,Caroline-von-Heydebrand Schule,52.441797776815314,13.225775731108047,POINT (13.225775731387266 52.44179777596163),Zehlendorf,Steglitz-Zehlendorf,0604,06P09,Caroline-von-Heydebrand Schule,,,,,,,,,,"36, Klopstockstraße, Schlachtensee, Steglitz-Zehlendorf, Berlin, Teltow, 14129, Deutschland",,,14129,,Caroline von Heydebrand-Heim e.V.,,,,,,,,,True,52.441797776815314,13.225775731108047,True
546866086,11006006,Parzival-Schule,52.44647598222949,13.233781675057596,POINT (13.233781673687956 52.44647597866428),Zehlendorf,Steglitz-Zehlendorf,0604,06P07,Parzival-Schule,,,,,,,,,,"Quermatenweg 6, 14163 Berlin",Quermatenweg,6,14163,Berlin,,,,,,,,,,True,52.44647598222949,13.233781675057596,False
548576035,11011011,Matibi-Schule (Filiale),52.581281385758935,13.534929414373893,POINT (13.53492941485707 52.58128137477646),Wartenberg,Lichtenberg,1107,11G29b,Matibi-Schule (Filiale),,,,,,,,,,"Straße 3 21, 13059 Berlin",Straße 3,21,13059,Berlin,,,,,,,,,,True,52.581281385758935,13.534929414373893,False
549379114,11010010,dreieins Grundschule Kaulsdorf,52.52546319467146,13.592032442365062,POINT (13.59203244354631 52.525463192366274),Hellersdorf,Marzahn-Hellersdorf,1005,10P14,dreieins Grundschule Kaulsdorf,,,,,,,,,,"Peter-Huchel-Straße 35, 12619 Berlin",Peter-Huchel-Straße,35,12619,Berlin,dreieins Innovative Pädagogik gGmbH,,,,,,https://www.dreieins.org/kaulsdorf/grundschule/,,,True,52.52546319467146,13.592032442365062,False
556024976,11010010,Internationale Lomonossow-Schule Berlin Marzahn,52.516934686759626,13.569049511208828,POINT (13.569049511301445 52.51693468515416),Biesdorf,Marzahn-Hellersdorf,1002,,Internationale Lomonossow-Schule Berlin Marzahn,,,,,,,,,,"17, 15, Brebacher Weg, Getreideviertel, Biesdorf, Marzahn-Hellersdorf, Berlin, 12683, Deutschland",,,12683,,,,,,,,http://lomonossow-schule.de/de/,,,True,52.516934686759626,13.569049511208828,True
562054405,11010010,Sartre-Gymnasium,52.54317205517966,13.590713809270877,POINT (13.59071380932673 52.54317205072025),Hellersdorf,Marzahn-Hellersdorf,1005,10Y08,Sartre-Gymnasium,,,,,,,,,,"Kyritzer Straße 103, 12629 Berlin",Kyritzer Straße,103,12629,Berlin,,,,,,,,,,True,52.54317205517966,13.590713809270877,False
566751232,11010010,Integrierte Sekundarschule Mahlsdorf,52.507897467199236,13.616365105151216,POINT (13.616365106158208 52.507897460431366),Mahlsdorf,Marzahn-Hellersdorf,1004,10K13,Integrierte Sekundarschule Mahlsdorf,,,,,,,,,,"An der Schule 41 - 59, 12623 Berlin",An der Schule,41 - 59,12623,Berlin,,,,,,,,,,True,52.507897467199236,13.616365105151216,False
581863656,11005005,unknown_school_name,52.54507356918523,13.195806063317589,POINT (13.195806063357496 52.545073569007236),Spandau,Spandau,0501,,,,,,,,,,,,Falkenseer Damm 34,Falkenseer Damm,34,13585,,,,,,,,,,,True,52.54507356918523,13.195806063317589,False
583306357,11001001,Grundschule Neues Tor,52.527336403047656,13.38080761902672,POINT (13.380807619014456 52.52733640219235),Mitte,Mitte,0101,01G05,Grundschule Neues Tor,,,,,,,,,,"20, Hannoversche Straße, Charitéviertel, Mitte, Berlin, 10115, Deutschland",,,10115,,,,,,,,,,,True,52.527336403047656,13.38080761902672,True
585841511,11003003,Grundschule am Wasserturm,52.565037524004055,13.437324013524774,POINT (13.437324012117411 52.56503751943564),Heinersdorf,Pankow,0304,03G22,Grundschule am Wasserturm,,,,,,,,,,"Tino-Schwierzina-Straße 66, 13089 Berlin",Tino-Schwierzina-Straße,66,13089,Berlin,,,,,,gsamwasserturm@freenet.de,http://www.gsamwasserturm.de,,,True,52.565037524004055,13.437324013524774,False
588064483,11008008,Aus- und Fortbildungszentrum,52.46518227191076,13.446319548871704,POINT (13.446319547655222 52.46518227013061),Neukölln,Neukölln,0801,,Aus- und Fortbildungszentrum,,,,,,,,,,"Naumburger Straße 15, 12057 Berlin",Naumburger Straße,15,12057,Berlin,Vattenfall Europe AG,,,,,,,,,True,52.46518227191076,13.446319548871704,False
588732922,11011011,Orankesee-Schule,52.54809705543675,13.498439850175803,POINT (13.49843985036215 52.54809705253938),Alt-Hohenschönhausen,Lichtenberg,1110,11G34,Orankesee-Schule,,,,,,,,,,"Konrad-Wolf-Straße 11, 13055 Berlin",Konrad-Wolf-Straße,11,13055,Berlin,Land Berlin,,,,,,,,,True,52.54809705543675,13.498439850175803,False
604464927,11006006,Königin-Luise-Stiftung,52.46049228984875,13.302665198781664,POINT (13.30266520253405 52.46049227780624),Dahlem,Steglitz-Zehlendorf,0605,06P06,Königin-Luise-Stiftung,,,,,,,,,,"Podbielskiallee, Dahlem, Steglitz-Zehlendorf, Berlin, 14195, Deutschland",,,14195,,,,,,,,https://www.koenigin-luise-stiftung.de,,,True,52.46049228984875,13.302665198781664,True
606847150,11002002,37. Grundschule Berlin Friedrichshain,52.52142928308084,13.439068073245346,POINT (13.43906807403565 52.52142928112735),Friedrichshain,Friedrichshain-Kreuzberg,0201,02G37,37. Grundschule Berlin Friedrichshain,,,,,,,,,,"Pufendorfstraße 10, 10249 Berlin",Pufendorfstraße,10,10249,Berlin,Bezirksamt Friedrichshain-Kreuzberg von Berlin,,,,,sekretariat@02g37.schule.berlin.de,http://37schule.berlin/,,,True,52.52142928308084,13.439068073245346,False
618626438,11003003,Max-Delbrück-Gymnasium,52.58428694827885,13.401421746730705,POINT (13.40142174739405 52.58428694380708),Niederschönhausen,Pankow,0311,03Y15,Max-Delbrück-Gymnasium,,,,,,,,,,"Platanenstraße, Niederschönhausen, Pankow, Berlin, 13156, Deutschland",,,13156,,"Senatsverwaltung für Bildung, Jugend und Familie",,,,,,,,,True,52.58428694827885,13.401421746730705,True
620652869,11005005,Immanuel-Grundschule,52.54986708885477,13.152312594993292,POINT (13.152312595088299 52.54986708762335),Falkenhagener Feld,Spandau,0508,05P15,Immanuel-Grundschule,,,,,,,,,,"Stadtrandstraße 465, 13589 Berlin",Stadtrandstraße,465,13589,Berlin,Christburg Campus gGmbH,,,,,,https://www.immanuel-grundschule.de/,,,True,52.54986708885477,13.152312594993292,False
624235063,11003003,Bard College Berlin Library,52.58402641569347,13.398932696163968,POINT (13.398932696084707 52.58402641555545),Niederschönhausen,Pankow,0311,,Bard College Berlin Library,,,,,,,,,,"16, Waldstraße, Niederschönhausen, Pankow, Berlin, 13156, Deutschland",,,13156,,Bard College Berlin,,,,,,https://berlin.bard.edu/academics/academic-services/library/,,,True,52.58402641569347,13.398932696163968,True
631356623,11011011,38. Schule Grundschule Lichtenberg,52.527448105126105,13.477292941661123,POINT (13.477292941993495 52.52744810250264),Fennpfuhl,Lichtenberg,1111,11G38,38. Schule Grundschule Lichtenberg,,,,,,,,,,"Paul-Junius-Straße 69, 10369 Berlin",Paul-Junius-Straße,69,10369,Berlin,,,,,,,,,,True,52.527448105126105,13.477292941661123,False
635860384,11004004,Reinhold-Otto-Grundschule,52.513252938166744,13.268880203669239,POINT (13.268880204092245 52.51325293530633),Westend,Charlottenburg-Wilmersdorf,0405,04G14,Reinhold-Otto-Grundschule,,,,,,,,,,"Leistikowstraße 7-8, 14050 Berlin",Leistikowstraße,7-8,14050,Berlin,Bezirksamt Charlottenburg-Wilmersdorf von Berlin,,,,+49 30 3641050120,schulleitung@04G14.schule.berlin.de,,,,True,52.513252938166744,13.268880203669239,False
636234063,11011011,Gartenarbeitsschule Lichtenberg,52.480019781774004,13.510716259637203,POINT (13.510716260495931 52.48001977882267),Karlshorst,Lichtenberg,1102,,Gartenarbeitsschule Lichtenberg,,,,,,,,,,"Trautenauer Straße 40, 10318 Berlin",Trautenauer Straße,40,10318,Berlin,,,,,,,https://www.berlin.de/ba-lichtenberg/auf-einen-blick/buergerservice/bildung/artikel.322146.php,,,True,52.480019781774004,13.510716259637203,False
636234066,11005005,Schul-Umwelt-Zentrum Spandau,52.568460833644416,13.215149313215486,POINT (13.21514931504399 52.568460828886394),Hakenfelde,Spandau,0507,,Schul-Umwelt-Zentrum Spandau,,,,,,,,,,"Bernkastler Weg 26, 13587 Berlin",Bernkastler Weg,26,13587,Berlin,Bezirksamt Spandau von Berlin,,,,,,https://gas-hakenfelde.de/,,,True,52.568460833644416,13.215149313215486,False
636234067,11003003,Gartenarbeitsschule Pankow,52.58162436354802,13.426927439750207,POINT (13.426927437964306 52.58162436186066),Pankow,Pankow,0307,,Gartenarbeitsschule Pankow,,,,,,,,,,"Galenusstraße 51, 13187 Berlin",Galenusstraße,51,13187,Berlin,,,,,,,https://gartenarbeitsschulepankows.com/,,,True,52.58162436354802,13.426927439750207,False
636590271,11005005,Grundschule am Amalienhof,52.51322631504173,13.16755490188783,POINT (13.16755490478629 52.51322630951604),Wilhelmstadt,Spandau,0509,05G26,Grundschule am Amalienhof,,,,,,,,,,"Weinmeisterhornweg 122, 13593 Berlin",Weinmeisterhornweg,122,13593,Berlin,,,,,,,,,,True,52.51322631504173,13.16755490188783,False
640579002,11006006,Willi-Graf-Gymnasium,52.43468986643338,13.321490246956179,POINT (13.321490246010708 52.43468985890768),Lichterfelde,Steglitz-Zehlendorf,0602,06Y12,Willi-Graf-Gymnasium,,,,,,,,,,"Ostpreußendamm 166, 12207 Berlin",Ostpreußendamm,166,12207,Berlin,,,,,+4930 772 9004,sekretariat@willi-graf-os.de,https://willi-graf-gymnasium.de/,,,True,52.43468986643338,13.321490246956179,False
641124276,11006006,Giesensdorfer Grundschule,52.42233953032277,13.310421120500727,POINT (13.310421123580708 52.422339525351006),Lichterfelde,Steglitz-Zehlendorf,0602,06G22,Giesensdorfer Grundschule,,,,,,,,,,"Ostpreußendamm 63, 12207 Berlin",Ostpreußendamm,63,12207,Berlin,,,,,,,http://www.giesensdorfer-grundschule.de/,,,True,52.42233953032277,13.310421120500727,False
643934454,11001001,Berlin Cosmopolitan School,52.52780134327951,13.406331148921344,POINT (13.406331149328562 52.52780134264637),Mitte,Mitte,0101,01P22,Berlin Cosmopolitan School,,,,,,,,,,"9, Rückerstraße, Scheunenviertel, Mitte, Berlin, 10119, Deutschland",,,10119,,,,,,,,,,,True,52.52780134327951,13.406331148921344,True
654027924,11011011,Schmetterlings-Grundschule,52.49423970015689,13.505324949836497,POINT (13.50532495 52.4942397),Friedrichsfelde,Lichtenberg,1101,11G31,Schmetterlings-Grundschule,,,,,,,,,,"Dolgenseestraße 60 Haus C, 10319 Berlin",Dolgenseestraße,60 Haus C,10319,Berlin,,,,,,,https://www.schmetterlings-grundschule.de,,,True,52.49423970015689,13.505324949836497,False
656849860,11011011,14. Schule (Integrierte Sekundarschule),52.56941881673431,13.531591483715927,POINT (13.531591483773067 52.569418814071106),Neu-Hohenschönhausen,Lichtenberg,1109,11K14,14. Schule (Integrierte Sekundarschule),,,,,,,,,,"Wartiner Straße 1-3, 13057 Berlin",Wartiner Straße,1-3,13057,Berlin,,,,,,,https://11k14.info/,,,True,52.56941881673431,13.531591483715927,False
657017263,11011011,Schule an der Victoriastadt,52.501326574208555,13.480095803606162,POINT (13.480095804679118 52.50132657136641),Rummelsburg,Lichtenberg,1112,11G16,Schule an der Victoriastadt,,,,,,,,,,"Nöldnerstraße 44, 10317 Berlin",Nöldnerstraße,44,10317,Berlin,,,,,+49 30 5107047,sekretariat@11g16.schule.berlin.de,https://www.gs-victoriastadt.de/,,,True,52.501326574208555,13.480095803606162,False
665877515,11006006,Johanna-Gerdes-Grundschule,52.43802357005359,13.228605118243973,POINT (13.228605118008504 52.43802356883615),Zehlendorf,Steglitz-Zehlendorf,0604,06P02,Johanna-Gerdes-Grundschule,,,,,,,,,,"Johanna-Gerdes-Grundschule, Slatdorpweg, Schlachtensee, Steglitz-Zehlendorf, Berlin, Teltow, 14163, Deutschland",,,14163,,,,,,,,,,,True,52.43802357005359,13.228605118243973,True
666793437,11012012,Humboldt-Gymnasium Berlin-Tegel,52.59503439765377,13.290663251248038,POINT (13.290663250860971 52.5950343967821),Tegel,Reinickendorf,1202,12Y03b,Humboldt-Gymnasium Berlin-Tegel,,,,,,,,,,"Ziekowstraße 161, 13509 Berlin",Ziekowstraße,161,13509,Berlin,,,,,,,,,,True,52.59503439765377,13.290663251248038,False
667108977,11003003,Maria-Leo-Grundschule,52.529216330882534,13.449647090994615,POINT (13.449647091287378 52.52921632540167),Prenzlauer Berg,Pankow,0301,03G48,Maria-Leo-Grundschule,,,,,,,,,,"Conrad-Blenkle-Straße 20, 10407 Berlin",Conrad-Blenkle-Straße,20,10407,Berlin,,,,,+49 30 43770573,,https://www.03g48.de/,,,True,52.529216330882534,13.449647090994615,False
667108978,11003003,Tesla Grundschule,52.529181533011155,13.449245277936825,POINT (13.449245277976557 52.529181532621585),Prenzlauer Berg,Pankow,0301,03G38b,Tesla Grundschule,,,,,,,,,,Conrad-Blenkle-Straße 20,Conrad-Blenkle-Straße,20,10407,,,,,,,,,,,True,52.529181533011155,13.449245277936825,False
669405608,11003003,Janusz-Korczak-Schule,52.56287032033538,13.407698714073208,POINT (13.407698713295945 52.56287031872198),Pankow,Pankow,0307,03K09,Janusz-Korczak-Schule,,,,,,,,,,"94, Dolomitenstraße, Tiroler Viertel, Pankow, Berlin, 13187, Deutschland",,,13187,,,,,,,,,,,True,52.56287032033538,13.407698714073208,True
671354217,11003003,Schule am Falkplatz,52.547942891974245,13.405911451410748,POINT (13.405911452008317 52.547942886996815),Prenzlauer Berg,Pankow,0301,03G11,Schule am Falkplatz,,,,,,,,,,"Gleimstraße 49, 10437 Berlin",Gleimstraße,49,10437,Berlin,,,,,,,,,,True,52.547942891974245,13.405911451410748,False
673647420,11005005,Campus Wilhelmstadtschulen,52.5195390048163,13.179366057734285,POINT (13.179366057878246 52.51953899836478),Wilhelmstadt,Spandau,0509,05P13,Campus Wilhelmstadtschulen,,,,,,,,,,"Wilhelmstraße 28-30, 13593 Berlin",Wilhelmstraße,28-30,13593,Berlin,Initiative für Bildung und Erziehung Berlin ​gGmbH,,,,,,,,,True,52.5195390048163,13.179366057734285,False
674244571,11006006,Hermann-Ehlers-Gymnasium,52.45294775991459,13.334360571267126,POINT (13.33436057167031 52.45294775881086),Steglitz,Steglitz-Zehlendorf,0601,06Y08,Hermann-Ehlers-Gymnasium,,,,,,,,,,"Elisenstraße 3-4, 12169 Berlin",Elisenstraße,3-4,12169,Berlin,Bezirksamt Steglitz-Zehlendorf von Berlin,,,,+49 30 902992353,sekretariat@hermann-ehlers-schule.de,,,,True,52.45294775991459,13.334360571267126,False
676850070,11011011,Schule auf dem lichten Berg (Filiale),52.513222554432105,13.497521748889051,POINT (13.497521748898803 52.513222553892554),Lichtenberg,Lichtenberg,1103,11G05b,Schule auf dem lichten Berg (Filiale),,,,,,,,,,"Siegfriedstraße 208-210, 10365 Berlin",Siegfriedstraße,208-210,10365,Berlin,,,,,+49 30 5558219,11G05@11G05.schule.berlin.de,https://www.gs-lichtenberg-berlin.de/,,,True,52.513222554432105,13.497521748889051,False
677975068,11001001,Humboldthain Grundschule,52.54406741425558,13.380440236804477,POINT (13.380440237112438 52.54406741308747),Gesundbrunnen,Mitte,0106,,Humboldthain Grundschule,,,,,,,,,,"1b, Wiesenstraße, Brunnenviertel, Gesundbrunnen, Mitte, Berlin, 13355, Deutschland",,,13355,,,,,,,,https://www.humboldthain-grundschule.de/,,,True,52.54406741425558,13.380440236804477,True
679763385,11005005,Havel-Grundschule,52.563631377778194,13.21598738516534,POINT (13.215987383560778 52.56363137145257),Hakenfelde,Spandau,0507,05G31,Havel-Grundschule,,,,,,,,,,"Goltzstraße 25, 13587 Berlin",Goltzstraße,25,13587,Berlin,Bezirksamt Spandau von Berlin,,,,,,https://www.havel-grundschule.de/,,,True,52.563631377778194,13.21598738516534,False
679825948,11001001,Grunschule Luisenstadt,52.50762856915951,13.422854645163973,POINT (13.422854644389385 52.50762856651219),Mitte,Mitte,0101,01G49,Grunschule Luisenstadt,,,,,,,,,,"Adalbertstraße 53, 10179 Berlin",Adalbertstraße,53,10179,Berlin,,,,,,,https://www.grundschule-luisenstadt.de/,,,True,52.50762856915951,13.422854645163973,False
682791012,11009009,Freie Waldorfschule Berlin-Südost,52.45310480013322,13.53426904191386,POINT (13.534269041926333 52.45310479569881),Niederschöneweide,Treptow-Köpenick,0905,09P01,Freie Waldorfschule Berlin-Südost,,,,,,,,,,"Kindergarten der Freien Waldorfschule Berlin-Südost, Bruno-Bürgel-Weg, Oberspree, Niederschöneweide, Treptow-Köpenick, Berlin, 12439, Deutschland",,,12439,,Waldorfpädagogik in Berlin-Südost e.V.,,,,+49 30 677 980 10,post@waldorfsuedost.de,https://www.waldorfsuedost.de/,,,True,52.45310480013322,13.53426904191386,True
685886131,11011011,Selma Lagerlöf-Schule,52.516224375066294,13.501273053788939,POINT (13.501273051879137 52.51622437114198),Lichtenberg,Lichtenberg,1103,"11S06, 11G33",Selma Lagerlöf-Schule,,,,,,,,,,"Rüdigerstraße 76, 10365 Berlin",Rüdigerstraße,76,10365,Berlin,,,,,,,https://sprachheilschule-selma-lagerloef.de/,,,True,52.516224375066294,13.501273053788939,False
688230059,11004004,Pears Jüdischer Campus,52.49299074584529,13.307657876351074,POINT (13.30765787605297 52.49299074535799),Wilmersdorf,Charlottenburg-Wilmersdorf,0402,04P23,Pears Jüdischer Campus,,,,,,,,,,"Westfälische Straße 15, 10709 Berlin",Westfälische Straße,15,10709,Berlin,,,,,,,https://www.pjcampus.com,,,True,52.49299074584529,13.307657876351074,False
690210857,11009009,Freie Interkulturelle Waldorfschule,52.46398193215101,13.497069976683784,POINT (13.49706997674129 52.46398193136971),Niederschöneweide,Treptow-Köpenick,0905,09P18,Freie Interkulturelle Waldorfschule,,,,,,,,,,"Freie Interkulturelle Waldorfschule, Schnellerstraße, Niederschöneweide, Treptow-Köpenick, Berlin, 12439, Deutschland",,,12439,,,,,,,,,,,True,52.46398193215101,13.497069976683784,True
697059560,11003003,SchuleEins,52.56893699703606,13.413286688586744,POINT (13.413286688036427 52.56893699620376),Pankow,Pankow,0307,03P20,SchuleEins,,,,,,,,,,"44, Hadlichstraße, Alt-Pankow, Pankow, Berlin, 13187, Deutschland",,,13187,,Pankower Früchtchen gGmbH,,,,,,,,,True,52.56893699703606,13.413286688586744,True
697060702,11003003,Jeanne-Barez-Schule,52.600255560594995,13.431253472583785,POINT (13.431253472451225 52.600255559537246),Französisch Buchholz,Pankow,0310,03G33b,Jeanne-Barez-Schule,,,,,,,,,,"Berliner Straße 19, 13127 Berlin",Berliner Straße,19,13127,Berlin,,,,,,,,,,True,52.600255560594995,13.431253472583785,False
699071248,11006006,Werner-von-Siemens-Gymnasium,52.43194468082629,13.211904799749604,POINT (13.211904799223515 52.43194467974499),Nikolassee,Steglitz-Zehlendorf,0606,,Werner-von-Siemens-Gymnasium,,,,,,,,,,"Beskidenstraße 3, 14129 Berlin",Beskidenstraße,3,14129,Berlin,,,,,,,,,,True,52.43194468082629,13.211904799749604,False
700353380,11011011,Integrierte Sekundarschule Am Breiten Luch,52.56460745172629,13.512049676312056,POINT (13.51204967559228 52.56460744934908),Neu-Hohenschönhausen,Lichtenberg,1109,11Kn02,Integrierte Sekundarschule Am Breiten Luch,,,,,,,,,,"Falkenberger Chaussee 74, 13053 Berlin",Falkenberger Chaussee,74,13053,Berlin,Howoge Wohnungsbaugesellschaft mbH,,,,,,https://www.howoge.de/schulbau/am-breiten-luch-projektuebersicht.html,,,True,52.56460745172629,13.512049676312056,False
712015884,11003003,Elisabeth-Christinen-Grundschule,52.582364418342976,13.407735835423383,POINT (13.407735835401919 52.582364415423235),Niederschönhausen,Pankow,0311,03G36,Elisabeth-Christinen-Grundschule,,,,,,,,,,"Buchholzer Straße 3, 13156 Berlin",Buchholzer Straße,3,13156,Berlin,,,,,,,,,,True,52.582364418342976,13.407735835423383,False
715094068,11005005,Inklusiver Campus Spandau/ Birken-Grundschule,52.548734860987906,13.197749716136629,POINT (13.197749716102994 52.54873486025215),Spandau,Spandau,0501,05G30,Inklusiver Campus Spandau/ Birken-Grundschule,,,,,,,,,,"Hügelschanze 8, 13585 Berlin",Hügelschanze,8,13585,Berlin,,,,,,,http://inklusiver-campus-spandau.de,,,True,52.548734860987906,13.197749716136629,False
719944173,11010010,Victor-Klemperer-Kolleg,52.53672868150636,13.53880858761664,POINT (13.538808587580377 52.53672867790755),Marzahn,Marzahn-Hellersdorf,1001,10A04,Victor-Klemperer-Kolleg,,,,,,,,,,Martha-Arendsee-Straße 15,Martha-Arendsee-Straße,15,12681,,,,,,,,https://www.victor-klemperer-kolleg.de/index.php,,,True,52.53672868150636,13.53880858761664,False
723238353,11011011,May-Ayim-Schule,52.52368053438354,13.472735115304218,POINT (13.472735114975785 52.52368052989634),Fennpfuhl,Lichtenberg,1111,11K13,May-Ayim-Schule,,,,,,,,,,"Storkower Straße 209B, 10369 Berlin",Storkower Straße,209B,10369,Berlin,,,,,+49 30 33773877,,https://may-ayim-schule.de/,,,True,52.52368053438354,13.472735115304218,False
724374603,11008008,Clay-Schule,52.42255132921228,13.516023379246148,POINT (13.516023379979714 52.42255131064887),Rudow,Neukölln,0804,08K05,Clay-Schule,,,,,,,,,,"Neudecker Weg 22, 12355 Berlin",Neudecker Weg,22,12355,Berlin,,,,,+49 30 660040,,https://www.clay-schule.de/,,,True,52.42255132921228,13.516023379246148,False
747062979,11006006,Internationale Schule Berlin,52.46039842839583,13.32944811613956,POINT (13.329448100250268 52.460398407223266),Steglitz,Steglitz-Zehlendorf,0601,,Internationale Schule Berlin,,,,,,,,,,"Körnerstraße 49, 12157 Berlin",Körnerstraße,49,12157,Berlin,Stiftung Private Kant-Schulen gGmbH,,,,,,,,,True,52.46039842839583,13.32944811613956,False
749248577,11005005,Inklusiver Campus Spandau/ Schule am Grüngürtel,52.54904252409336,13.195341292261055,POINT (13.195341294055373 52.54904252300146),Spandau,Spandau,0501,05S01,Inklusiver Campus Spandau/ Schule am Grüngürtel,,,,,,,,,,"3, Windmühlenberg, Neustadt, Spandau, Berlin, 13585, Deutschland",,,13585,,,,,,,,,,,True,52.54904252409336,13.195341292261055,True
760193958,11003003,Dreieins Grundschule,52.547626513848186,13.455602283915312,POINT (13.455602282482351 52.547626511633865),Weißensee,Pankow,0302,03P18,Dreieins Grundschule,,,,,,,,,,"Bizetstraße 64, 13088 Berlin",Bizetstraße,64,13088,Berlin,,,,,,,https://www.dreieins.org/pankow/,,,True,52.547626513848186,13.455602283915312,False
761468650,11002002,Aziz-Nesin-Grundschule,52.49283281626718,13.405133946466906,POINT (13.405133945659154 52.492832812169674),Kreuzberg,Friedrichshain-Kreuzberg,0202,02G33,Aziz-Nesin-Grundschule,,,,,,,,,,"Urbanstraße 15, 10961 Berlin",Urbanstraße,15,10961,Berlin,Bezirksamt Friedrichshain-Kreuzberg von Berlin,,,,,,,,,True,52.49283281626718,13.405133946466906,False
761477031,11006006,Japanische Internationale Schule zu Berlin,52.414292248037974,13.146692909578551,POINT (13.14669290961644 52.41429224781133),Wannsee,Steglitz-Zehlendorf,0607,06E13,Japanische Internationale Schule zu Berlin,,,,,,,,,,"Charlottenstraße 10, 14109 Berlin",Charlottenstraße,10,14109,Berlin,,,,,,,,,,True,52.414292248037974,13.146692909578551,False
761954936,11006006,Werner-von-Siemens-Gymnasium Berlin,52.43148776894142,13.211435041718788,POINT (13.211435037313347 52.43148776303103),Nikolassee,Steglitz-Zehlendorf,0606,06Y05,Werner-von-Siemens-Gymnasium Berlin,,,,,,,,,,"Beskidenstraße, Wonnegauviertel, Nikolassee, Steglitz-Zehlendorf, Berlin, 14129, Deutschland",,,14129,,,,,,,,,,,True,52.43148776894142,13.211435041718788,True
787813111,11005005,Carlo-Schmid-Oberschule,52.52575001828658,13.174143042769257,POINT (13.17414304564688 52.52575001340948),Wilhelmstadt,Spandau,0509,05K02,Carlo-Schmid-Oberschule,,,,,,,,,,"Lutoner Straße 15;19, 13581 Berlin",Lutoner Straße,15;19,13581,Berlin,Bezirksamt Spandau von Berlin,,,,,,,,,True,52.52575001828658,13.174143042769257,False
835798609,11007007,Gustav-Heinemann-Oberschule,52.407665593364214,13.354141644391454,POINT (13.354141645590566 52.407665588727276),Marienfelde,Tempelhof-Schöneberg,0705,07K03,Gustav-Heinemann-Oberschule,,,,,,,,,,"Tirschenreuther Ring 48, 12279 Berlin",Tirschenreuther Ring,48,12279,Berlin,,,,,,,https://gho.berlin/,,,True,52.407665593364214,13.354141644391454,False
846986325,11003003,Paul-Lincke-Grundschule,52.541524510527424,13.446059061210969,POINT (13.44605906293186 52.54152450725129),Prenzlauer Berg,Pankow,0301,03G12,Paul-Lincke-Grundschule,,,,,,,,,,"Pieskower Weg 39, 10409 Berlin",Pieskower Weg,39,10409,Berlin,,,,,,,,,,True,52.541524510527424,13.446059061210969,False
877477265,11007007,Bildungscampus Schöneberger Linse,52.47886976330299,13.357568296083153,POINT (13.357568297557158 52.4788697573009),Schöneberg,Tempelhof-Schöneberg,0701,07G40,Bildungscampus Schöneberger Linse,,,,,,,,,,"Ella-Barowsky-Straße 62, 10829 Berlin",Ella-Barowsky-Straße,62,10829,Berlin,,,,,,,,,,True,52.47886976330299,13.357568296083153,False
881307707,11003003,49. Grundschule Pankow,52.563291772707494,13.453566194558842,POINT (13.453566195919738 52.563291766216274),Weißensee,Pankow,0302,03G49,49. Grundschule Pankow,,,,,,,,,,"Rennbahnstraße 49, 13086 Berlin",Rennbahnstraße,49,13086,Berlin,,,,,+49 30 920 91 798,sekretariat@03g49.schule.berlin.de,https://www.03g49.de,,,True,52.563291772707494,13.453566194558842,False
881456536,11009009,Bewegte Schule Köpenick,52.45368930432076,13.567419896019498,POINT (13.567419895293545 52.45368930329536),Köpenick,Treptow-Köpenick,0910,09P10,Bewegte Schule Köpenick,,,,,,,,,,"Lindenstraße 26, 12555 Berlin",Lindenstraße,26,12555,Berlin,Märkische Kita und Schule gGmbH,,,,+49 30 65015495,,https://www.bewegte-schule-koepenick.de,,,True,52.45368930432076,13.567419896019498,False
892421088,11007007,Stechlinsee-Grundschule,52.46946836801393,13.322307240091039,POINT (13.322307239851165 52.46946836727845),Friedenau,Tempelhof-Schöneberg,0702,07G17,Stechlinsee-Grundschule,,,,,,,,,,"Rheingaustraße 7, 12161 Berlin",Rheingaustraße,7,12161,Berlin,Bezirksamt Tempelhof-Schöneberg von Berlin,,,,,,https://stechlinsee-grundschule.de/,,,True,52.46946836801393,13.322307240091039,False
895009367,11012012,Schule am Park,52.59389990864211,13.33069897909438,POINT (13.330698978785831 52.59389990574373),Wittenau,Reinickendorf,1209,12S04,Schule am Park,,,,,,,,,,"Eichborndamm 276-284, 13437 Berlin",Eichborndamm,276-284,13437,Berlin,Bezirksamt Reinickendorf von Berlin,,,,+49 30 414 50 34,sekretariat@sap.schule.berlin.de,https://schule-am-park-berlin.de,,,True,52.59389990864211,13.33069897909438,False
903535235,11003003,Neibau ABB Ausbildungszentrum Berlin,52.589093150308734,13.354707300004874,POINT (13.354707299999998 52.58909314999999),Wilhelmsruh,Pankow,0313,,Neibau ABB Ausbildungszentrum Berlin,,,,,,,,,,"ABB Ausbildungszentrum Berlin, 89, Lessingstraße, Wilhelmsruh, Pankow, Berlin, 13158, Deutschland",,,13158,,ABB Ausbildungszentrum Berlin,,,,,,,,,True,52.589093150308734,13.354707300004874,True
911474343,11012012,Goethe Grundschule,52.606655120490515,13.341291779128975,POINT (13.341291779391721 52.606655118572505),Wittenau,Reinickendorf,1209,12P07,Goethe Grundschule,,,,,,,,,,"Wittenauer Straße 112, 13435 Berlin",Wittenauer Straße,112,13435,Berlin,BifiZ gGmbH,,,,+4930403 99 849,sekretariatgoetheschulenberlin@gmail.com,http://goethe-grundschule.bifiz.de/,,,True,52.606655120490515,13.341291779128975,False
915836926,11005005,Schule ohne Grenzen,52.57359122627643,13.19810977523914,POINT (13.198109775900205 52.573591214616194),Hakenfelde,Spandau,0507,05P04,Schule ohne Grenzen,,,,,,,,,,"Schönwalder Allee 26/29a, 13587 Berlin",Schönwalder Allee,26/29a,13587,Berlin,Johannesstift Diakonie Proclusio gGmbH,,,,,,https://www.johannesstift-diakonie.de/teilhabe-paedagogik/august-hermann-francke-schule/schulleben/schule-ohne-grenzen,,,True,52.57359122627643,13.19810977523914,False
947435733,11010010,36. Grundschule Hellersdorf,52.53975196809446,13.613303590019793,POINT (13.613303588061395 52.53975196550054),Hellersdorf,Marzahn-Hellersdorf,1005,10G36,36. Grundschule Hellersdorf,,,,,,,,,,"Quedlinburger Straße 56, 12627 Berlin",Quedlinburger Straße,56,12627,Berlin,,,,,,,https://grundschule36-hellersdorf.de/,,,True,52.53975196809446,13.613303590019793,False
957126466,11003003,Freie Schule Pankow,52.57799325077528,13.399064069308043,POINT (13.39906406909613 52.577993250505735),Niederschönhausen,Pankow,0311,03P13,Freie Schule Pankow,,,,,,,,,,"Grabbeallee 66, 13156 Berlin",Grabbeallee,66,13156,Berlin,Neue Freie Schule Pankow e.G.,,,,,,https://www.freie-schule-pankow.de/,,,True,52.57799325077528,13.399064069308043,False
966980015,11009009,Müggelsee-Schule (Filiale Rahnsdorfer Straße),52.45111169307212,13.633016679737043,POINT (13.633016679760344 52.45111169197893),Friedrichshagen,Treptow-Köpenick,0911,,Müggelsee-Schule (Filiale Rahnsdorfer Straße),,,,,,,,,,12587 Berlin,,,12587,Berlin,Bezirksamt Treptow-Köpenick von Berlin,,,,,,https://www.mueggelsee-schule.de/,,,True,52.45111169307212,13.633016679737043,False
972612321,11008008,Matthias-Claudius-Schule (Filiale),52.41939926105717,13.509361585071444,POINT (13.50936158502959 52.41939926063957),Rudow,Neukölln,0804,08G28b,Matthias-Claudius-Schule (Filiale),,,,,,,,,,"Pfarrer-Heß-Weg 3, 12355 Berlin",Pfarrer-Heß-Weg,3,12355,Berlin,,,,,,,,,,True,52.41939926105717,13.509361585071444,False
975259068,11010010,Kiekemal-Grundschule ( Erweiterungsstandort ),52.48254357288476,13.61252339807474,POINT (13.612523398638848 52.48254357103951),Mahlsdorf,Marzahn-Hellersdorf,1004,10G32a,Kiekemal-Grundschule ( Erweiterungsstandort ),,,,,,,,,,"Bütower Straße 16, 12623 Berlin",Bütower Straße,16,12623,Berlin,,,,,,,,,,True,52.48254357288476,13.61252339807474,False
976848100,11001001,Grundschule am Nordhafen,52.537944468180775,13.371380317086176,POINT (13.371380315296541 52.53794446511617),Wedding,Mitte,0105,01G48,Grundschule am Nordhafen,,,,,,,,,,Boyenstraße 1,Boyenstraße,1,10115,,Bezirksamt Mitte Berlin,,,,,,https://www.schule-am-nordhafen.de/,,,True,52.537944468180775,13.371380317086176,False
981996508,11011011,Grundschule Schleizer Straße,52.540305187679536,13.507626161739307,POINT (13.507626162814834 52.54030517624127),Alt-Hohenschönhausen,Lichtenberg,1110,"11G39, 11Gn03",Grundschule Schleizer Straße,,,,,,,,,,"Schleizer Straße 67, 13055 Berlin",Schleizer Straße,67,13055,Berlin,Bezirksamt Lichtenberg von Berlin,,,,,,https://grundschule-schleizer-strasse.de,,,True,52.540305187679536,13.507626161739307,False
986262835,11004004,Freie Schule Charlottenburg,52.50654007787694,13.268476688972013,POINT (13.268476689035795 52.506540077327756),Westend,Charlottenburg-Wilmersdorf,0405,04P15,Freie Schule Charlottenburg,,,,,,,,,,"Frankenallee 6, 14052 Berlin",Frankenallee,6,14052,Berlin,Freie Schule Charlottenburg e.V.,,,,,,https://freie-schule-charlottenburg.de,,,True,52.50654007787694,13.268476688972013,False
989846184,11008008,Schule an der Windmühle Sonderpädagogisches Förderzentrum,52.42731089138545,13.433578792304232,POINT (13.433578790445647 52.427310889725526),Buckow,Neukölln,0803,08S09,Schule an der Windmühle Sonderpädagogisches Förderzentrum,,,,,,,,,,"178, Buckower Damm, Neuland, Buckow, Neukölln, Berlin, 12349, Deutschland",,,12349,,,,,,,,,,,True,52.42731089138545,13.433578792304232,True
995902327,11003003,Gymnasium am Europasportpark,52.53435878851012,13.447795600086394,POINT (13.447795600860903 52.53435877484744),Prenzlauer Berg,Pankow,0301,03Y17,Gymnasium am Europasportpark,,,,,,,,,,"Conrad-Blenkle-Straße 34, 10407 Berlin",Conrad-Blenkle-Straße,34,10407,Berlin,,,,,,,,,,True,52.53435878851012,13.447795600086394,False
1008628194,11002002,Filiale II des Leibniz Gymnasium,52.49388876678278,13.394176778446598,POINT (13.39417677810715 52.4938887645201),Kreuzberg,Friedrichshain-Kreuzberg,0202,02Y06b,Filiale II des Leibniz Gymnasium,,,,,,,,,,"Fürbringerstraße 33-34, 10961 Berlin",Fürbringerstraße,33-34,10961,Berlin,,,,,,,,,,True,52.49388876678278,13.394176778446598,False
1012093943,11006006,Evangelische Grundschule Zehlendorf,52.42273347680721,13.244728555452317,POINT (13.244728556167077 52.42273347262113),Zehlendorf,Steglitz-Zehlendorf,0604,06P24,Evangelische Grundschule Zehlendorf,,,,,,,,,,"Ludwigsfelder Straße 30, 14165 Berlin",Ludwigsfelder Straße,30,14165,Berlin,Evangelische Schulstiftung in der EKBO,,,,,,https://www.ev-schule-zehlendorf.de/,,,True,52.42273347680721,13.244728555452317,False
1034575789,11003003,Schulgarten der Freien Waldorfschule am Prenzlauer Berg,52.54482746635172,13.450711033242817,POINT (13.450711033274018 52.54482746579724),Prenzlauer Berg,Pankow,0301,,Schulgarten der Freien Waldorfschule am Prenzlauer Berg,,,,,,,,,,"Mini Zoo in der Seniorenstiftung Prenzlauer Berg, 33, Gürtelstraße, Gründerviertel, Weißensee, Pankow, Berlin, 10409, Deutschland",,,10409,,Freie Waldorfschule am Prenzlauer Berg,,,,,,http://www.waldorfschule-am-prenzlauer-berg.de/,,,True,52.54482746635172,13.450711033242817,True
1038087217,11004004,Ruth-Cohn-Schule,52.512606159910455,13.313175337551057,POINT (13.313175337134313 52.51260615740523),Charlottenburg,Charlottenburg-Wilmersdorf,0401,04B04,Ruth-Cohn-Schule,,,,,,,,,,"Bismarckstraße 20, 10625 Berlin",Bismarckstraße,20,10625,Berlin,Land Berlin,,,,,,https://www.osz-ruth-cohn.de/,,,True,52.512606159910455,13.313175337551057,False
1041953201,11011011,Schule im Ostseekarree,52.56382779999601,13.499661681640692,POINT (13.49966168056726 52.563827797380675),Neu-Hohenschönhausen,Lichtenberg,1109,11G10,Schule im Ostseekarree,,,,,,,,,,"Barther Straße 27, 13051",Barther Straße,27,13051,,,,,,+49 30 9240 3000,sekretariat@11g10.schule.berlin.de,https://ostseekarree.net/,,,True,52.56382779999601,13.499661681640692,False
1051080411,11001001,GutsMuths-Grundschule,52.51607204918364,13.424322069913062,POINT (13.424322071143505 52.51607204764128),Mitte,Mitte,0101,01G07,GutsMuths-Grundschule,,,,,,,,,,"Lichtenberger Straße, Stralauer Vorstadt, Mitte, Berlin, 10179, Deutschland",,,10179,,,,,,,,,,,True,52.51607204918364,13.424322069913062,True
1072739572,11009009,"Müggelsee Schule, Haus G – Filiale",52.45106693520385,13.633025951462317,POINT (13.633025951457318 52.45106693463062),Friedrichshagen,Treptow-Köpenick,0911,09G24b,"Müggelsee Schule, Haus G – Filiale",,,,,,,,,,"Rahnsdorfer Straße 35, 12587 Berlin",Rahnsdorfer Straße,35,12587,Berlin,"Bezirksamt Treptow-Köpenick von Berlin, Schul- und Sportamt",,,,+49 306455570,,,,,True,52.45106693520385,13.633025951462317,False
1075962279,11009009,Schule an der Wuhlheide,52.462227662200135,13.524033900845096,POINT (13.524033900658457 52.462227658191146),Oberschöneweide,Treptow-Köpenick,0909,09G22,Schule an der Wuhlheide,,,,,,,,,,"Kottmeierstraße 2, 12459 Berlin",Kottmeierstraße,2,12459,Berlin,,,,,,,,,,True,52.462227662200135,13.524033900845096,False
1082338972,11011011,Temporärer Schulstandort,52.4965152641321,13.498320127767084,POINT (13.498320127101165 52.49651526075021),Friedrichsfelde,Lichtenberg,1101,,Temporärer Schulstandort,,,,,,,,,,"Salzmannstraße 34, 10319 Berlin",Salzmannstraße,34,10319,Berlin,,,,,,,,,,True,52.4965152641321,13.498320127767084,False
1087383159,11010010,Otto-Nagel-Gymnasium,52.513154202358066,13.546097385814774,POINT (13.546097385904337 52.513154201840834),Biesdorf,Marzahn-Hellersdorf,1002,,Otto-Nagel-Gymnasium,,,,,,,,,,"Waldbacher Weg 56, 12683 Berlin",Waldbacher Weg,56,12683,Berlin,,,,,,,,,,True,52.513154202358066,13.546097385814774,False
1091884960,11005005,Knobelsdorff-Schule OSZ Bautechnik I,52.53944032325702,13.24217108425504,POINT (13.242171084473863 52.53944031854093),Haselhorst,Spandau,0502,05B02,Knobelsdorff-Schule OSZ Bautechnik I,,,,,,,,,,"141, Nonnendammallee, Reichsforschungssiedlung Haselhorst, Haselhorst, Spandau, Berlin, 13599, Deutschland",,,13599,,,,,,,,,,,True,52.53944032325702,13.24217108425504,True
1097280643,11008008,37. Grundschule in Neukölln,52.44531514970242,13.425129330114832,POINT (13.425129331863884 52.445315145917654),Britz,Neukölln,0802,08G38,37. Grundschule in Neukölln,,,,,,,,,,"50, Koppelweg, Britz, Neukölln, Berlin, 12347, Deutschland",,,12347,,,,,,,,,,,True,52.44531514970242,13.425129330114832,True
1109618842,11010010,Baustelle des Tagore-Gymnasiums,52.54630126908387,13.559607601661016,POINT (13.55960760190958 52.54630126634256),Marzahn,Marzahn-Hellersdorf,1001,10Y01,Baustelle des Tagore-Gymnasiums,,,,,,,,,,"467B, Landsberger Allee, Alt-Marzahn, Marzahn, Marzahn-Hellersdorf, Berlin, 12679, Deutschland",,,12679,,,,,,,,,,,True,52.54630126908387,13.559607601661016,True
1112652721,11006006,Medical School Berlin,52.44397347543754,13.33394163692142,POINT (13.333941636826603 52.44397347520461),Lankwitz,Steglitz-Zehlendorf,0603,,Medical School Berlin,,,,,,,,,,"14, Nicolaistraße, Komponistenviertel, Lankwitz, Steglitz-Zehlendorf, Berlin, 12247, Deutschland",,,12247,,,,,,,,https://www.medicalschool-berlin.de/hochschule/campus-nicolaistrasse/,,,True,52.44397347543754,13.33394163692142,True
1112652989,11004004,Medical School Berlin,52.4695162089373,13.311366539594454,POINT (13.311366539302268 52.46951620481193),Wilmersdorf,Charlottenburg-Wilmersdorf,0402,,Medical School Berlin,,,,,,,,,,"38, Johannisberger Straße, Gartenstadt, Wilmersdorf, Charlottenburg-Wilmersdorf, Berlin, 14197, Deutschland",,,14197,,,,,,,,https://www.medicalschool-berlin.de/hochschule/,,,True,52.4695162089373,13.311366539594454,True
1132984990,11003003,Katholische Theresienschule,52.55064172440901,13.446246154129495,POINT (13.446246154413048 52.550641724024715),Weißensee,Pankow,0302,03P10,Katholische Theresienschule,,,,,,,,,,"Behaimstraße 29, 13086 Berlin",Behaimstraße,29,13086,Berlin,Erzbistum Berlin,,,,,,https://theresienschule.de/,,,True,52.55064172440901,13.446246154129495,False
1132986533,11007007,Werbellinsee-Grundschule,52.49548109441641,13.348336248965646,POINT (13.348336248166413 52.49548108922015),Schöneberg,Tempelhof-Schöneberg,0701,07G03,Werbellinsee-Grundschule,,,,,,,,,,"Luitpoldstraße 38, 10781 Berlin",Luitpoldstraße,38,10781,Berlin,,,,,+49 30 902777153,,https://www.werbellinsee-grundschule.de/,,,True,52.49548109441641,13.348336248965646,False
1132987050,11005005,Konkordia-Grundschule,52.530333660256716,13.19129510245001,POINT (13.191295102689153 52.53033365746281),Spandau,Spandau,0501,05G08,Konkordia-Grundschule,,,,,,,,,,"Elsflether Weg 26-30, 13581",Elsflether Weg,26-30,13581,,,,,,+49 30 33096560,,,,,True,52.530333660256716,13.19129510245001,False
1132987632,11005005,Lynar-Grundschule,52.54737335643756,13.20713656635867,POINT (13.207136566793878 52.54737335449466),Spandau,Spandau,0501,05G07,Lynar-Grundschule,,,,,,,,,,"Lutherstraße 19-20, 13585 Berlin",Lutherstraße,19-20,13585,Berlin,Bezirksamt Spandau von Berlin,,,,+49 30 3039850,info@lynar-grundschule.de,https://lynar-grundschule.de,,,True,52.54737335643756,13.20713656635867,False
1132987751,11005005,Mary-Poppins-Grundschule,52.47206825926015,13.127796103040813,POINT (13.127796099746087 52.472068257850225),Kladow,Spandau,0506,05G29,Mary-Poppins-Grundschule,,,,,,,,,,"Am Flugplatz Gatow 20, 14089 Berlin",Am Flugplatz Gatow,20,14089,Berlin,,,,,,,,,,True,52.47206825926015,13.127796103040813,False
1132990106,11012012,Märkische Grundschule,52.59478822973215,13.359817686819468,POINT (13.35981768605395 52.594788224087445),Märkisches Viertel,Reinickendorf,1210,12G26,Märkische Grundschule,,,,,,,,,,"163, Dannenwalder Weg, Märkisches Viertel, Reinickendorf, Berlin, 13439, Deutschland",,,13439,,,,,,+49 30 4165057,26.g@staatliche-europa-schule.de,https://www.staatliche-europa-schule.de/,,,True,52.59478822973215,13.359817686819468,True
1132991609,11011011,Schul- und Leistungssportzentrum Berlin,52.54623949049362,13.47562834773984,POINT (13.475628345314798 52.546239470362984),Alt-Hohenschönhausen,Lichtenberg,1110,11A07,Schul- und Leistungssportzentrum Berlin,,,,,,,,,,"Fritz-Lesch-Straße 35, 13053 Berlin",Fritz-Lesch-Straße,35,13053,Berlin,,,,,+49 30 983 185 205,sekretariat@slzb.de,,,,True,52.54623949049362,13.47562834773984,False
1132992705,11002002,Leibniz-Gymnasium,52.48999164828377,13.396862750779793,POINT (13.396862751005504 52.489991647456705),Kreuzberg,Friedrichshain-Kreuzberg,0202,02Y06,Leibniz-Gymnasium,,,,,,,,,,"Schleiermacherstraße 23, 10961 Berlin",Schleiermacherstraße,23,10961,Berlin,Bezirksamt Friedrichshain-Kreuzberg von Berlin,,,,+49 30 50586711,,https://www.leibniz-gymnasium.berlin,,,True,52.48999164828377,13.396862750779793,False
1133775182,11002002,Spartacus-Grundschule Hort,52.52031585886557,13.436205690632816,POINT (13.436205690654907 52.52031585840361),Friedrichshain,Friedrichshain-Kreuzberg,0201,,Spartacus-Grundschule Hort,,,,,,,,,,"Spartacus-Grundschule Hort, Schulweg, Andreasviertel, Friedrichshain, Friedrichshain-Kreuzberg, Berlin, 10243, Deutschland",,,10243,,,,,,,,,,,True,52.52031585886557,13.436205690632816,True
1137268544,11011011,Paul-Schmidt-Schule,52.560932875979724,13.507274517715194,POINT (13.50727451863623 52.560932873852416),Neu-Hohenschönhausen,Lichtenberg,1109,11K11,Paul-Schmidt-Schule,,,,,,,,,,"Rüdickenstraße 24, 13053 Berlin",Rüdickenstraße,24,13053,Berlin,,,,,+49 30 9864885,sekretariat@11K11.schule.berlin.de,https://www.paul-schmidt-schule.de,,,True,52.560932875979724,13.507274517715194,False
1151897038,11003003,Evangelische Schule Berlin Buch,52.642552982133175,13.490878194265868,POINT (13.490878193918599 52.642552979406),Buch,Pankow,0309,03P33,Evangelische Schule Berlin Buch,,,,,,,,,,"Wiltbergstraße 90, 13125 Berlin",Wiltbergstraße,90,13125,Berlin,Evangelische Schulstiftung in der EKBO,,,,,,https://www.ev-schule-buch.de,,,True,52.642552982133175,13.490878194265868,False
1158766413,11001001,2. Schulpraktisches Seminar Mitte (S),52.5462373327245,13.392747812327087,POINT (13.392747812258621 52.54623733262043),Gesundbrunnen,Mitte,0106,,2. Schulpraktisches Seminar Mitte (S),,,,,,,,,,"2. Schulpraktisches Seminar Mitte (S), Putbusser Straße, Brunnenviertel, Gesundbrunnen, Mitte, Berlin, 13355, Deutschland",,,13355,,,,,,,,,,,True,52.5462373327245,13.392747812327087,True
1158946315,11003003,Lauder Beth-Zion Schule,52.535060210700024,13.418957720787251,POINT (13.418957720829894 52.53506021055849),Prenzlauer Berg,Pankow,0301,03P26,Lauder Beth-Zion Schule,,,,,,,,,,"Rykestraße 53, 10405 Berlin",Rykestraße,53,10405,Berlin,,,,,,,https://lauderschule.de/,,,True,52.535060210700024,13.418957720787251,False
1158979783,11001001,Jüdisches Gymnasium Moses Mendelssohn,52.524963852904605,13.399846393478763,POINT (13.399846392601019 52.524963852166415),Mitte,Mitte,0101,01P03,Jüdisches Gymnasium Moses Mendelssohn,,,,,,,,,,"Große Hamburger Straße 27, 10115 Berlin",Große Hamburger Straße,27,10115,Berlin,Jüdische Gemeinde zu Berlin,,,,,,,,,True,52.524963852904605,13.399846393478763,False
1161315857,11012012,Katholische Schule Salvator,52.609016787670214,13.311647085711112,POINT (13.311647085730689 52.60901678631132),Waidmannslust,Reinickendorf,1207,12P04,Katholische Schule Salvator,,,,,,,,,,"Fürst-Bismarck-Straße 8-10, 13469 Berlin",Fürst-Bismarck-Straße,8-10,13469,Berlin,Erzbistum Berlin,,,,,,https://salvator-grundschule.de,,,True,52.609016787670214,13.311647085711112,False
1161799712,11003003,Platanus Schule,52.568318257541534,13.41123013598512,POINT (13.41123013587611 52.56831825698989),Pankow,Pankow,0307,03P28,Platanus Schule,,,,,,,,,,"Berliner Straße 12, Berlin",Berliner Straße,12,13187,Berlin,,,,,,,https://www.platanus-schule.de/,,,True,52.568318257541534,13.41123013598512,False
1165565973,11010010,36. Grundschule,52.53225555808295,13.624312571273038,POINT (13.624312572052368 52.53225554745492),Hellersdorf,Marzahn-Hellersdorf,1005,10G36a,36. Grundschule,,,,,,,,,,"Louis-Lewin-Straße 40a, 12627 Berlin",Louis-Lewin-Straße,40a,12627,Berlin,,,,,,,,,,True,52.53225555808295,13.624312571273038,False
1171110115,11009009,Kiefholz-Grundschule,52.486196895224985,13.45611547941261,POINT (13.456115478742008 52.486196893342154),Alt-Treptow,Treptow-Köpenick,0901,09G30,Kiefholz-Grundschule,,,,,,,,,,"Kiefholzstraße 45, 12435 Berlin",Kiefholzstraße,45,12435,Berlin,,,,,,,,,,True,52.486196895224985,13.45611547941261,False
1188150702,11006006,Internationale Montessorischule Berlin,52.43023528983908,13.163114111021978,POINT (13.16311411065349 52.43023528734081),Wannsee,Steglitz-Zehlendorf,0607,06P21,Internationale Montessorischule Berlin,,,,,,,,,,"06P21, 38, Zum Heckeshorn, Wannsee, Steglitz-Zehlendorf, Berlin, 14109, Deutschland",,,14109,,Montessori,,,,,,,,,True,52.43023528983908,13.163114111021978,True
1189749422,11012012,Schulfarm Insel Scharfenberg,52.57100413248418,13.245197623363788,POINT (13.245197569090973 52.571003934904304),Tegel,Reinickendorf,1202,12Y06,Schulfarm Insel Scharfenberg,,,,,,,,,,"Schulfarm Insel Scharfenberg, Schwarzer Weg, Tegel, Reinickendorf, Berlin, 13505, Deutschland",,,13505,,Land Berlin,,,,+49 30 430944330,,http://insel-scharfenberg.de/,,,True,52.57100413248418,13.245197623363788,True
1219825477,11007007,Pestalozzi-Fröbel-Haus,52.49110883274373,13.351998583610998,POINT (13.351998583614186 52.491108829626015),Schöneberg,Tempelhof-Schöneberg,0701,07P02,Pestalozzi-Fröbel-Haus,,,,,,,,,,"Karl-Schrader-Straße 7-8, 10781 Berlin",Karl-Schrader-Straße,7-8,10781,Berlin,Pestalozzi-Fröbel-Haus,,,,,,,,,True,52.49110883274373,13.351998583610998,False
1220194758,11003003,Schuldrehscheibe Werneuchener Wiese,52.52985480012781,13.439186773407986,POINT (13.43918677262586 52.52985479663502),Prenzlauer Berg,Pankow,0301,,Schuldrehscheibe Werneuchener Wiese,,,,,,,,,,Berlin,,,10407,Berlin,,,,,,,,,,True,52.52985480012781,13.439186773407986,False
1221765289,11010010,Beatrix-Potter-Grundschule,52.5469427330457,13.589451010597978,POINT (13.58945101129749 52.54694273099068),Hellersdorf,Marzahn-Hellersdorf,1005,10G17,Beatrix-Potter-Grundschule,,,,,,,,,,"Ludwigsfelder Straße 7, 12629 Berlin",Ludwigsfelder Straße,7,12629,Berlin,,,,,,,https://www.beatrix-potter-grundschule.de/,,,True,52.5469427330457,13.589451010597978,False
1241607159,11004004,Nelson-Mandela-Schule (Sekundarstufen),52.491061975324286,13.320567900030737,POINT (13.320567899788552 52.49106197178506),Wilmersdorf,Charlottenburg-Wilmersdorf,0402,04K04,Nelson-Mandela-Schule (Sekundarstufen),,,,,,,,,,"Pfalzburger Straße 23, 10717 Berlin",Pfalzburger Straße,23,10717,Berlin,"Senatsverwaltung für Bildung, Jugend und Familie Berlin",,,,,,https://www.nelson-mandela-schule.net/,,,True,52.491061975324286,13.320567900030737,False
1255251277,11010010,Freie Grundschule Marzahn (i.G.),52.55209359105547,13.569069350377202,POINT (13.56906934994512 52.552093589384626),Marzahn,Marzahn-Hellersdorf,1001,10P24,Freie Grundschule Marzahn (i.G.),,,,,,,,,,"Karl-Holtz-Straße 6, 12687 Berlin",Karl-Holtz-Straße,6,12687,Berlin,ASG - Anerkannte Schulgesellschaft mbH,,,,+493020882970,info@freie-grundschule-marzahn.de,https://www.freie-grundschule-marzahn.de/,,,True,52.55209359105547,13.569069350377202,False
1256923682,11008008,Theodor-Storm-Grundschule,52.486794123447275,13.426026215565226,POINT (13.426026215196384 52.486794120210064),Neukölln,Neukölln,0801,08G02,Theodor-Storm-Grundschule,,,,,,,,,,"Hobrechtstraße 76, 12043 Berlin",Hobrechtstraße,76,12043,Berlin,,,,,,,,,,True,52.486794123447275,13.426026215565226,False
1267367494,11009009,Wildbienen-Grundschule,52.45957151521728,13.531870646200161,POINT (13.53187064683514 52.45957151265613),Oberschöneweide,Treptow-Köpenick,0909,09G31,Wildbienen-Grundschule,,,,,,,,,,"Keplerstraße 10, 12459 Berlin",Keplerstraße,10,12459,Berlin,"Senatsverwaltung für Bildung, Jugend und Familie",,,,+49 30 53010382,09G31@09G31.schule.berlin.de,,,,True,52.45957151521728,13.531870646200161,False
1270246687,11004004,Jugendkunstschule Charlottenburg-Wilmersdorf,52.52433175864619,13.304701941251077,POINT (13.304701941021166 52.52433175835935),Charlottenburg,Charlottenburg-Wilmersdorf,0401,,Jugendkunstschule Charlottenburg-Wilmersdorf,,,,,,,,,,"Nordhauser Straße 22, 10589 Berlin",Nordhauser Straße,22,10589,Berlin,Bezirksamt Charlottenburg-Wilmersdorf von Berlin,,,,,,https://www.jugendkunstschule-charlottenburg-wilmersdorf.de/,,,True,52.52433175864619,13.304701941251077,False
1272838889,11005005,Grundschule am Eichenwald,52.55790394068708,13.199748144420232,POINT (13.199748143951703 52.557903936472066),Hakenfelde,Spandau,0507,05G02,Grundschule am Eichenwald,,,,,,,,,,"Gaismannshofer Weg 2, 13587 Berlin",Gaismannshofer Weg,2,13587,Berlin,,,,,+49 30 36758110,,https://www.eichenwald-grundschule.de,,,True,52.55790394068708,13.199748144420232,False
1290541571,11005005,Martin-Buber-Oberschule,52.54770861694875,13.155935712765752,POINT (13.155935717082405 52.547708603086846),Falkenhagener Feld,Spandau,0508,05K01,Martin-Buber-Oberschule,,,,,,,,,,"Im Spektefeld 33, 13589 Berlin",Im Spektefeld,33,13589,Berlin,Bezirksamt Spandau von Berlin,,,,+49 30 3758640,info@martin-buber-oberschule.de,https://martin-buber-oberschule.de,,,True,52.54770861694875,13.155935712765752,False
1292129681,11008008,Arc-en-ciel,52.47598340635673,13.434015075394166,POINT (13.434015075259445 52.4759834061225),Neukölln,Neukölln,0801,,Arc-en-ciel,,,,,,,,,,"29, Morusstraße, Rollbergsiedlung, Neukölln, Berlin, 12053, Deutschland",,,12053,,Regenbogen-Schule,,,,,,https://regenbogen-grundschule.de/sesb/arc-en-ciel,,,True,52.47598340635673,13.434015075394166,True
1295083999,11003003,Klax Schule,52.56142710840438,13.422650842797317,POINT (13.422650842919682 52.561427106671495),Pankow,Pankow,0307,03P22,Klax Schule,,,,,,,,,,"Neumannstraße 13 a, 13189 Berlin",Neumannstraße,13 a,13189,Berlin,Lebendig Lernen gGmbH,,,,,,https://klax.de/de/schule/abschluesse/grundstufe,,,True,52.56142710840438,13.422650842797317,False
1295087220,11003003,Klax Schule (Oberstufe),52.56498815589085,13.414434100435548,POINT (13.41443410042887 52.56498815575038),Pankow,Pankow,0307,,Klax Schule (Oberstufe),,,,,,,,,,"Borkumstraße 2, 13189 Berlin",Borkumstraße,2,13189,Berlin,Lebendig Lernen gGmbH,,,,,,https://klax.de/de/schule/abschluesse/gymnasiale-oberstufe,,,True,52.56498815589085,13.414434100435548,False
1297154300,11010010,Sporthalle der Filiale der Grundschule unter dem Regenbogen,52.5222229953679,13.532300269102468,POINT (13.532300269174145 52.522222994836355),Marzahn,Marzahn-Hellersdorf,1001,10G14,Sporthalle der Filiale der Grundschule unter dem Regenbogen,,,,,,,,,,"Marzahner Chaussee 165, 12681 Berlin",Marzahner Chaussee,165,12681,Berlin,,,,,,,,,,True,52.5222229953679,13.532300269102468,False
1297154301,11010010,Filiale der Grundschule unter dem Regenbogen,52.52271136630091,13.532477515195561,POINT (13.532477515399822 52.52271136608331),Marzahn,Marzahn-Hellersdorf,1001,10G14,Filiale der Grundschule unter dem Regenbogen,,,,,,,,,,"Marzahner Chaussee 165, 12681 Berlin",Marzahner Chaussee,165,12681,Berlin,,,,,,,,,,True,52.52271136630091,13.532477515195561,False
1299458671,11001001,Grundschule am Koppenplatz (Standort Auguststraße),52.52628101505238,13.395996837682887,POINT (13.395996837675057 52.526281014417954),Mitte,Mitte,0101,01G46c,Grundschule am Koppenplatz (Standort Auguststraße),,,,,,,,,,"Auguststraße 21, 10117 Berlin",Auguststraße,21,10117,Berlin,Bezirk Mitte von Berlin,,,,,,https://schule-am-koppenplatz.de,,,True,52.52628101505238,13.395996837682887,False
1299787052,11011011,Grundschule am Tränkegraben,52.49944074720526,13.502084659382021,POINT (13.502084657722767 52.49944074072091),Friedrichsfelde,Lichtenberg,1101,11G35,Grundschule am Tränkegraben,,,,,,,,,,"Sewanstraße 41, 10319 Berlin",Sewanstraße,41,10319,Berlin,,,,,,,https://gs-traenkegraben.de,,,True,52.49944074720526,13.502084659382021,False
1300695210,11003003,Hausburg-Grundschule - Filialstandort,52.5236050183437,13.455509374518018,POINT (13.455509374613664 52.52360501683303),Prenzlauer Berg,Pankow,0301,02G02b,Hausburg-Grundschule - Filialstandort,,,,,,,,,,"44, Otto-Ostrowski-Straße, Eldenaer Viertel, Prenzlauer Berg, Pankow, Berlin, 10249, Deutschland",,,10249,,,,,,,,,,,True,52.5236050183437,13.455509374518018,True
1302420088,11010010,unknown_school_name,52.50108067304816,13.610162264845815,POINT (13.61016226463293 52.50108067231472),Mahlsdorf,Marzahn-Hellersdorf,1004,"10G37, 10Gn01",,,,,,,,,,,"Elsenstraße 7-9, 12623 Berlin",Elsenstraße,7-9,12623,Berlin,,,,,,,,,,True,52.50108067304816,13.610162264845815,False
1304329868,11009009,Treptow-Kolleg,52.468527950429184,13.483982105426673,POINT (13.483982105413538 52.46852794650476),Baumschulenweg,Treptow-Köpenick,0903,09A05,Treptow-Kolleg,,,,,,,,,,"Kiefholzstraße 274, 12437 Berlin",Kiefholzstraße,274,12437,Berlin,,,,,+49 30 5329141,schulleitung@treptow-kolleg.de,,,,True,52.468527950429184,13.483982105426673,False
1319955194,11005005,Klosterfeld-Grundschule,52.538359283915675,13.179760492239739,POINT (13.17976049253646 52.5383592822333),Falkenhagener Feld,Spandau,0508,05G04,Klosterfeld-Grundschule,,,,,,,,,,"Seegefelder Straße 125-131, 13583 Berlin",Seegefelder Straße,125-131,13583,Berlin,,,,,+49 30 37899040,,http://www.klosterfeld-grundschule.de,,,True,52.538359283915675,13.179760492239739,False
1326258416,11002002,SPI Fachschulen,52.499024666505235,13.38651314828658,POINT (13.386513148304038 52.49902466645852),Kreuzberg,Friedrichshain-Kreuzberg,0202,07P12,SPI Fachschulen,,,,,,,,,,"Hallesches Ufer 32, 10963 Berlin",Hallesches Ufer,32,10963,Berlin,Stiftung SPI,,,,,,https://www.spi-fachschulen.de/,,,True,52.499024666505235,13.38651314828658,False
1328997660,11011011,Seepark-Grundschule,52.48358140956545,13.511324381740337,POINT (13.511324382706576 52.48358140776146),Karlshorst,Lichtenberg,1102,11G37,Seepark-Grundschule,,,,,,,,,,"Blockdammweg, 10318 Berlin",Blockdammweg,,10318,Berlin,,,,,,,https://37-grundschule-lichtenberg.de,,,True,52.48358140956545,13.511324381740337,False
1353928306,11008008,Katholische Schule Sankt Marien,52.423912214903076,13.462030561053858,POINT (13.462030561411519 52.42391221434684),Gropiusstadt,Neukölln,0805,08P02,Katholische Schule Sankt Marien,,,,,,,,,,"Hugo-Heimann-Straße 2, 12353 Berlin",Hugo-Heimann-Straße,2,12353,Berlin,Erzbistum Berlin,,,,,,https://marien-grundschule.de,,,True,52.423912214903076,13.462030561053858,False
1380585744,11010010,Baustelle der ISS Chemnitzer Straße,52.49856152173653,13.57579086270167,POINT (13.575790863583968 52.49856151794287),Kaulsdorf,Marzahn-Hellersdorf,1003,10Kn11,Baustelle der ISS Chemnitzer Straße,,,,,,,,,,"Chemnitzer Straße 80-92, 12621 Berlin",Chemnitzer Straße,80-92,12621,Berlin,,,,,,,,,,True,52.49856152173653,13.57579086270167,False
1425958852,11012012,Franz-Marc-Grundschule,52.58826116982553,13.28301754863836,POINT (13.283017548384406 52.588261169326465),Tegel,Reinickendorf,1202,,Franz-Marc-Grundschule,,,,,,,,,,"Treskowstraße 26-31, 13507 Berlin",Treskowstraße,26-31,13507,Berlin,Bezirksamt Reinickendorf von Berlin,,,,,,https://www.fmg-tegel.de/,,,True,52.58826116982553,13.28301754863836,False
1425959480,11012012,Julius-Leber-Schule,52.58864456314565,13.282865179204222,POINT (13.28286517901629 52.58864456247217),Tegel,Reinickendorf,1202,,Julius-Leber-Schule,,,,,,,,,,"Treskowstraße 26-31, 13507 Berlin",Treskowstraße,26-31,13507,Berlin,Bezirksamt Reinickendorf von Berlin,,,,,,https://www.jls-berlin.de,,,True,52.58864456314565,13.282865179204222,False
1427874087,11008008,Schulgarten,52.44578041957178,13.425536033173417,POINT (13.425536033136115 52.44578041930008),Britz,Neukölln,0802,,Schulgarten,,,,,,,,,,"Schulgarten, Koppelweg, Britz, Neukölln, Berlin, 12347, Deutschland",,,12347,,37. Grundschule in Neukölln,,,,,,,,,True,52.44578041957178,13.425536033173417,True
1445309251,11003003,Freie Naturschule im StadtGut,52.61759657102431,13.392343303994647,POINT (13.392343303312634 52.617596570100886),Blankenfelde,Pankow,0308,,Freie Naturschule im StadtGut,,,,,,,,,,"Hauptstraße 26, 13159 Berlin",Hauptstraße,26,13159,Berlin,,,,,,kontakt@freie-naturschule-stadtgut.de,https://freie-naturschule-stadtgut.de,,,True,52.61759657102431,13.392343303994647,False
168832193,11012012,Carl-Bosch-Schule,52.62328436865509,13.294566251895784,POINT (13.294566253512897 52.62328436556234),Hermsdorf,Reinickendorf,1206,12K10,Carl-Bosch-Schule,,,,,,,,,,"Frohnauer Straße 74-80, 13467 Berlin",Frohnauer Straße,74-80,13467,Berlin,,,,,,,,,,True,52.62328436865509,13.294566251895784,False
724349508,11010010,Franz-Carl-Achard Grundschule,52.506913831366,13.583834602324782,POINT (13.58383460268358 52.50691382855542),Kaulsdorf,Marzahn-Hellersdorf,1003,10G31,Franz-Carl-Achard Grundschule,,,,,,,,,,"Adolfstraße 25, 12621 Berlin",Adolfstraße,25,12621,Berlin,,,,,,,https://www.fc-achard.de/,,,True,52.506913831366,13.583834602324782,False
51340183,11010010,Pusteblume-Grundschule,52.54242841481111,13.600831997113254,POINT (13.600831997396147 52.54242841393287),Hellersdorf,Marzahn-Hellersdorf,1005,10G18,Pusteblume-Grundschule,,,,,,,,,,"Kastanienallee 118, 12627 Berlin",Kastanienallee,118,12627,Berlin,,,,,+49 30 9951872,,https://www.pusteblume-grundschule.de/,,,True,52.54242841481111,13.600831997113254,False
24608194,11012012,Toulouse-Lautrec-Schule,52.58914085115048,13.304598623956473,POINT (13.304598623245301 52.58914084536581),Borsigwalde,Reinickendorf,1211,12S06,Toulouse-Lautrec-Schule,,,,,,,,,,"Miraustraße 126, 13509 Berlin",Miraustraße,126,13509,Berlin,,,,,+49 30 4332097,sekretariat@toulouse-lautrec-schule.de,http://www.tls.cidsnet.de,,,True,52.58914085115048,13.304598623956473,False
