id,district_id,name,latitude,longitude,geometry,neighborhood,district,neighborhood_id,source,source_layer,external_id,primary_source,source_ids,school_name,school_type,school_subtype,grades_offered,is_primary,is_secondary,is_vocational,is_special_needs,languages,has_all_day_program,address,street,house_number,postal_code,city,ownership,official_school_id,is_barrier_free,accessibility_notes,phone,email,website,last_source_update,last_ingested_at,is_active,lat,lon,has_district,has_neighborhood
237838613,11007007,Rückert-Gymnasium,52.4799688,13.3384592,POINT (13.3384592 52.4799688),0701,Tempelhof-Schöneberg,Schöneberg,OSM,OSM_SCHOOLS,07Y02,OSM_SCHOOLS,node:237838613,Rückert-Gymnasium,,,,,,,,,,"Mettestraße 8, 10825 Berlin",Mettestraße,8,10825,Berlin,Bezirksamt Tempelhof-Schöneberg von Berlin,,,,+49 30 902777173,sekretariat@rueckert-gymnasium-berlin.de,https://www.rueckert-gymnasium-berlin.de,,,True,52.4799688,13.3384592,True,True
256912446,11004004,Erwin von Witzleben Grundschule,52.53944109999999,13.288043699999998,POINT (13.2880437 52.5394411),0406,Charlottenburg-Wilmersdorf,Charlottenburg-Nord,OSM,OSM_SCHOOLS,04G09,OSM_SCHOOLS,node:256912446,Erwin von Witzleben Grundschule,,,,,,,,,,"Halemweg 34-42, 13627 Berlin",Halemweg,34-42,13627,Berlin,,,,,,Erwin-von-Witzleben-GS@t-online.de,,,,True,52.53944109999999,13.288043699999998,True,True
256913234,11004004,Sportschule im Olympiapark - Poelchau-Schule,52.521142,13.241634199999998,POINT (13.2416342 52.521142),0405,Charlottenburg-Wilmersdorf,Westend,OSM,OSM_SCHOOLS,04A08,OSM_SCHOOLS,node:256913234,Sportschule im Olympiapark - Poelchau-Schule,,,,,,,,,,"Prinz-Friedrich-Karl-Weg 1, 14053 Berlin",Prinz-Friedrich-Karl-Weg,1,14053,Berlin,,,,,,,,,,True,52.521142,13.241634199999998,True,True
256913872,11004004,Anna Freud Schule,52.5376587,13.2883255,POINT (13.2883255 52.5376587),0406,Charlottenburg-Wilmersdorf,Charlottenburg-Nord,OSM,OSM_SCHOOLS,04B05,OSM_SCHOOLS,node:256913872,Anna Freud Schule,,,,,,,,,,"Halemweg 22, 13627 Berlin",Halemweg,22,13627,Berlin,,,,,+4930 364178 10,post@anna-freud-osz.de,https://www.anna-freud-osz.de/,,,True,52.5376587,13.2883255,True,True
268915174,11004004,ABC-Kindergarten - Sabine Erdmann Vorschule,52.497834600000004,13.3019467,POINT (13.3019467 52.4978346),0402,Charlottenburg-Wilmersdorf,Wilmersdorf,OSM,OSM_SCHOOLS,,OSM_SCHOOLS,node:268915174,ABC-Kindergarten - Sabine Erdmann Vorschule,,,,,,,,,,,,,,,,,,,,,,,,True,52.497834600000004,13.3019467,True,True
268915405,11007007,Freie Schule in Berlin,52.454544799999994,13.3814584,POINT (13.3814584 52.4545448),0703,Tempelhof-Schöneberg,Tempelhof,OSM,OSM_SCHOOLS,07P05,OSM_SCHOOLS,node:268915405,Freie Schule in Berlin,,,,,,,,,,"Viktoriastraße 13-18, 12105",Viktoriastraße,13-18,12105,,Freie Schule in Berlin e.V.,,,,+49 30 7520771,,https://freie-schule-in-berlin.de,,,True,52.454544799999994,13.3814584,True,True
298750707,11005005,Evangelische Schule Spandau,52.5721259,13.199677999999999,POINT (13.199678 52.5721259),0507,Spandau,Hakenfelde,OSM,OSM_SCHOOLS,05P03,OSM_SCHOOLS,node:298750707,Evangelische Schule Spandau,,,,,,,,,,"Schönwalder Allee 26/27, 13587 Berlin",Schönwalder Allee,26/27,13587,Berlin,Evangelische Schulstiftung in der EKBO,,,,+49 30 35599050,,https://www.ev-schule-spandau.de/,,,True,52.5721259,13.199677999999999,True,True
340239440,11007007,Sternberg Grundschule,52.4803608,13.3390601,POINT (13.3390601 52.4803608),0701,Tempelhof-Schöneberg,Schöneberg,OSM,OSM_SCHOOLS,07G06,OSM_SCHOOLS,node:340239440,Sternberg Grundschule,,,,,,,,,,"Mettestraße 8, 10825 Berlin",Mettestraße,8,10825,Berlin,Bezirksamt Tempelhof-Schöneberg von Berlin,,,,+49 30 902777156,Sekretariat@sternberg.schule.berlin.de,https://www.sternberg-grundschule.de,,,True,52.4803608,13.3390601,True,True
360713397,11008008,Peter-Petersen-Schule,52.4717574,13.4357615,POINT (13.4357615 52.4717574),0801,Neukölln,Neukölln,OSM,OSM_SCHOOLS,,OSM_SCHOOLS,node:360713397,Peter-Petersen-Schule,,,,,,,,,,"Jonasstraße 15-16, 12053 Berlin",Jonasstraße,15-16,12053,Berlin,,,,,,,,,,True,52.4717574,13.4357615,True,True
360713401,11008008,Konrad-Agahd-Grundschule,52.4725928,13.4354917,POINT (13.4354917 52.4725928),0801,Neukölln,Neukölln,OSM,OSM_SCHOOLS,08G14,OSM_SCHOOLS,node:360713401,Konrad-Agahd-Grundschule,,,,,,,,,,"Thomasstraße 39, 12053 Berlin",Thomasstraße,39,12053,Berlin,,,,,,,,,,True,52.4725928,13.4354917,True,True
506133476,11009009,Berliner Rettungsdienstschule,52.445113,13.517052200000002,POINT (13.5170522 52.445113),0904,Treptow-Köpenick,Johannisthal,OSM,OSM_SCHOOLS,,OSM_SCHOOLS,node:506133476,Berliner Rettungsdienstschule,,,,,,,,,,,,,,,,,,,,,,,,True,52.445113,13.517052200000002,True,True
613697442,11001001,,52.5353066,13.398209699999999,POINT (13.3982097 52.5353066),0101,Mitte,Mitte,OSM,OSM_SCHOOLS,,OSM_SCHOOLS,node:613697442,,,,,,,,,,,,,,,,,,,,,,,,,True,52.5353066,13.398209699999999,True,True
727710608,11010010,bbw Akademie Betriebswirtschaftliche Weiterbildung,52.526422600000004,13.5311243,POINT (13.5311243 52.5264226),1001,Marzahn-Hellersdorf,Marzahn,OSM,OSM_SCHOOLS,10E04,OSM_SCHOOLS,node:727710608,bbw Akademie Betriebswirtschaftliche Weiterbildung,,,,,,,,,,"Allee der Kosmonauten 33 B, 12681 Berlin",Allee der Kosmonauten,33 B,12681,Berlin,,,,,,,http://www.bbw-gruppe.de/standorte/berlin/marzahn.html,,,True,52.526422600000004,13.5311243,True,True
850092123,11009009,Käpt´n Mosers Wassersportschule,52.4430497,13.5768735,POINT (13.5768735 52.4430497),0910,Treptow-Köpenick,Köpenick,OSM,OSM_SCHOOLS,,OSM_SCHOOLS,node:850092123,Käpt´n Mosers Wassersportschule,,,,,,,,,,,,,,,,,,,,,,,,True,52.4430497,13.5768735,True,True
867872391,11002002,Deutsch Praxis,52.503440999999995,13.4120982,POINT (13.4120982 52.503441),0202,Friedrichshain-Kreuzberg,Kreuzberg,OSM,OSM_SCHOOLS,,OSM_SCHOOLS,node:867872391,Deutsch Praxis,,,,,,,,,,,,,,,,,,,,,http://www.deutsch-praxis.de/,,,True,52.503440999999995,13.4120982,True,True
871633760,11002002,Yoga/Schiatsu-Zentrum,52.5023614,13.413923999999998,POINT (13.413924 52.5023614),0202,Friedrichshain-Kreuzberg,Kreuzberg,OSM,OSM_SCHOOLS,,OSM_SCHOOLS,node:871633760,Yoga/Schiatsu-Zentrum,,,,,,,,,,,,,,,,,,,,,,,,True,52.5023614,13.413923999999998,True,True
876244328,11002002,Atelier für physisches Theater – Internationale Schule für Bewegungsschauspiel,52.501676999999994,13.4213836,POINT (13.4213836 52.501677),0202,Friedrichshain-Kreuzberg,Kreuzberg,OSM,OSM_SCHOOLS,,OSM_SCHOOLS,node:876244328,Atelier für physisches Theater – Internationale Schule für Bewegungsschauspiel,,,,,,,,,,,,,,,,,,,,,https://www.apt-absurdacomica.de/,,,True,52.501676999999994,13.4213836,True,True
985919722,11003003,Jugendwerkstatt Buch Aktivierungshilfe,52.625603299999995,13.492998399999998,POINT (13.4929984 52.6256033),0309,Pankow,Buch,OSM,OSM_SCHOOLS,,OSM_SCHOOLS,node:985919722,Jugendwerkstatt Buch Aktivierungshilfe,,,,,,,,,,,,,,,WERKSCHULEBERILIN e.V.,,,,,,,,,True,52.625603299999995,13.492998399999998,True,True
996413480,11003003,TING-Schule,52.56202449999999,13.4135424,POINT (13.4135424 52.5620245),0307,Pankow,Pankow,OSM,OSM_SCHOOLS,03P24,OSM_SCHOOLS,node:996413480,TING-Schule,,,,,,,,,,,,,,,,,,,+49 30 470045 06,ting@ting-schule.de,https://www.ting-schule.de/,,,True,52.56202449999999,13.4135424,True,True
1015728668,11006006,Biesalski-Schule,52.4545683,13.2706708,POINT (13.2706708 52.4545683),0605,Steglitz-Zehlendorf,Dahlem,OSM,OSM_SCHOOLS,06S02,OSM_SCHOOLS,node:1015728668,Biesalski-Schule,,,,,,,,,,"Hüttenweg 40, 14195 Berlin",Hüttenweg,40,14195,Berlin,,,,,,,,,,True,52.4545683,13.2706708,True,True
1057857273,11004004,Ernst-Habermann-Grundschule,52.4833728,13.3327206,POINT (13.3327206 52.4833728),0402,Charlottenburg-Wilmersdorf,Wilmersdorf,OSM,OSM_SCHOOLS,04G18,OSM_SCHOOLS,node:1057857273,Ernst-Habermann-Grundschule,,,,,,,,,,"Prinzregentenstraße 33-34, 10715 Berlin",Prinzregentenstraße,33-34,10715,Berlin,Bezirksamt Charlottenburg-Wilmersdorf von Berlin,,,,+49 30 81462460,sekretariat@ernst-habermann.schule.berlin.de,,,,True,52.4833728,13.3327206,True,True
1137671520,11004004,Kindermalschule,52.51854120000001,13.300785599999998,POINT (13.3007856 52.5185412),0401,Charlottenburg-Wilmersdorf,Charlottenburg,OSM,OSM_SCHOOLS,,OSM_SCHOOLS,node:1137671520,Kindermalschule,,,,,,,,,,"Lohmeyerstraße 26, 10587 Berlin",Lohmeyerstraße,26,10587,Berlin,,,,,,,,,,True,52.51854120000001,13.300785599999998,True,True
1140710553,11001001,CJD Berlin,52.5034349,13.3716254,POINT (13.3716254 52.5034349),0104,Mitte,Tiergarten,OSM,OSM_SCHOOLS,,OSM_SCHOOLS,node:1140710553,CJD Berlin,,,,,,,,,,"Am Karlsbad 16, 10785 Berlin",Am Karlsbad,16,10785,Berlin,,,,,+49 30 7909010,,https://www.cjd-berlin.de/,,,True,52.5034349,13.3716254,True,True
1224801662,11008008,Alno Küchenstudio,52.43994719999999,13.4359177,POINT (13.4359177 52.4399472),0802,Neukölln,Britz,OSM,OSM_SCHOOLS,,OSM_SCHOOLS,node:1224801662,Alno Küchenstudio,,,,,,,,,,,,,,,,,,,,,,,,True,52.43994719999999,13.4359177,True,True
1407207210,11003003,Abendgymnasium Prenzlauer Berg,52.552085,13.4056269,POINT (13.4056269 52.552085),0301,Pankow,Prenzlauer Berg,OSM,OSM_SCHOOLS,03A04,OSM_SCHOOLS,node:1407207210,Abendgymnasium Prenzlauer Berg,,,,,,,,,,"Driesener Straße 22, 10439 Berlin",Driesener Straße,22,10439,Berlin,,,,,+49 30 4254218,abendgymnasium@gmx.de,https://www.abendgymnasium-berlin.de/,,,True,52.552085,13.4056269,True,True
1552045205,11001001,Deutsch-Institut Berlin,52.52848449999998,13.388421299999997,POINT (13.3884213 52.5284845),0101,Mitte,Mitte,OSM,OSM_SCHOOLS,,OSM_SCHOOLS,node:1552045205,Deutsch-Institut Berlin,,,,,,,,,,"Novalisstraße 12, 10115 Berlin",Novalisstraße,12,10115,Berlin,,,,,,,,,,True,52.52848449999998,13.388421299999997,True,True
1597894107,11002002,Islam Vakfi,52.4908343,13.421325199999998,POINT (13.4213252 52.4908343),0202,Friedrichshain-Kreuzberg,Kreuzberg,OSM,OSM_SCHOOLS,02P03,OSM_SCHOOLS,node:1597894107,Islam Vakfi,,,,,,,,,,,,,,,Islam Kolleg Berlin gGmbH,,,,,,,,,True,52.4908343,13.421325199999998,True,True
1658284135,11004004,Charlotte-Wolff-Kolleg,52.50832689999999,13.303697299999998,POINT (13.3036973 52.5083269),0401,Charlottenburg-Wilmersdorf,Charlottenburg,OSM,OSM_SCHOOLS,04A04,OSM_SCHOOLS,node:1658284135,Charlotte-Wolff-Kolleg,,,,,,,,,,"Pestalozzistraße 40-41, 10627 Berlin",Pestalozzistraße,40-41,10627,Berlin,,,,,,,,,,True,52.50832689999999,13.303697299999998,True,True
1827035552,11002002,SCHATZ Schulaufgabenzirkel,52.4992808,13.41986,POINT (13.41986 52.4992808),0202,Friedrichshain-Kreuzberg,Kreuzberg,OSM,OSM_SCHOOLS,,OSM_SCHOOLS,node:1827035552,SCHATZ Schulaufgabenzirkel,,,,,,,,,,"Skalitzer Straße, 10999 Berlin",Skalitzer Straße,,10999,Berlin,Aktürk Celalettin,,,,+49 30 69531389,,,,,True,52.4992808,13.41986,True,True
1833519549,11004004,OSZ Wirtschaft Leopold-Ullstein-Schule - Abteilung II,52.4822428,13.334467599999998,POINT (13.3344676 52.4822428),0402,Charlottenburg-Wilmersdorf,Wilmersdorf,OSM,OSM_SCHOOLS,,OSM_SCHOOLS,node:1833519549,OSZ Wirtschaft Leopold-Ullstein-Schule - Abteilung II,,,,,,,,,,"Prinzregentenstraße 60, 10715 Berlin",Prinzregentenstraße,60,10715,Berlin,,,,,,,,,,True,52.4822428,13.334467599999998,True,True
1833591080,11004004,Kläre-Bloch-Schule,52.48211789999999,13.334453599999998,POINT (13.3344536 52.4821179),0402,Charlottenburg-Wilmersdorf,Wilmersdorf,OSM,OSM_SCHOOLS,,OSM_SCHOOLS,node:1833591080,Kläre-Bloch-Schule,,,,,,,,,,"Prinzregentenstraße 60, 10715 Berlin",Prinzregentenstraße,60,10715,Berlin,,,,,,,,,,True,52.48211789999999,13.334453599999998,True,True
1855387994,11010010,Das Lernzentum (Helliwood media & education),52.53571959999999,13.6048951,POINT (13.6048951 52.5357196),1005,Marzahn-Hellersdorf,Hellersdorf,OSM,OSM_SCHOOLS,,OSM_SCHOOLS,node:1855387994,Das Lernzentum (Helliwood media & education),,,,,,,,,,,,,,,,,,,,,,,,True,52.53571959999999,13.6048951,True,True
1867142844,11002002,Institut für Phytotherapie,52.49677259999999,13.421752299999998,POINT (13.4217523 52.4967726),0202,Friedrichshain-Kreuzberg,Kreuzberg,OSM,OSM_SCHOOLS,,OSM_SCHOOLS,node:1867142844,Institut für Phytotherapie,,,,,,,,,,"Paul-Lincke-Ufer 42-43, 10999 Berlin",Paul-Lincke-Ufer,42-43,10999,Berlin,,,,,,,,,,True,52.49677259999999,13.421752299999998,True,True
2136734352,11012012,Fachschule für Sozialpädagogik,52.61088229999999,13.2479778,POINT (13.2479778 52.6108823),1204,Reinickendorf,Heiligensee,OSM,OSM_SCHOOLS,,OSM_SCHOOLS,node:2136734352,Fachschule für Sozialpädagogik,,,,,,,,,,"Am Bärensprung 58, 13503 Berlin",Am Bärensprung,58,13503,Berlin,Evangelisches Jugend- und Fürsorgewerk gemeinnützige AG,,,,,,,,,True,52.61088229999999,13.2479778,True,True
2180504961,11004004,Wangari Maathai International School,52.4824554,13.335066099999999,POINT (13.3350661 52.4824554),0402,Charlottenburg-Wilmersdorf,Wilmersdorf,OSM,OSM_SCHOOLS,04K10,OSM_SCHOOLS,node:2180504961,Wangari Maathai International School,,,,,,,,,,"Babelsberger Straße 24-25, 10715 Berlin",Babelsberger Straße,24-25,10715,Berlin,,,,,,,,,,True,52.4824554,13.335066099999999,True,True
2232813894,11002002,Hermann-Hesse-Gymnasium (Haus 3),52.4935666,13.420150099999999,POINT (13.4201501 52.4935666),0202,Friedrichshain-Kreuzberg,Kreuzberg,OSM,OSM_SCHOOLS,,OSM_SCHOOLS,node:2232813894,Hermann-Hesse-Gymnasium (Haus 3),,,,,,,,,,,,,,,,,,,,,,,,True,52.4935666,13.420150099999999,True,True
2431140182,11001001,das kleine atelier,52.55333060000001,13.365330500000002,POINT (13.3653305 52.5533306),0105,Mitte,Wedding,OSM,OSM_SCHOOLS,,OSM_SCHOOLS,node:2431140182,das kleine atelier,,,,,,,,,,"Oudenarder Straße 32, 13347 Berlin",Oudenarder Straße,32,13347,Berlin,,,,,,,,,,True,52.55333060000001,13.365330500000002,True,True
2538629492,11003003,Freie Sekundarschule Peppermont,52.54253469999999,13.441524599999997,POINT (13.4415246 52.5425347),0301,Pankow,Prenzlauer Berg,OSM,OSM_SCHOOLS,03P45,OSM_SCHOOLS,node:2538629492,Freie Sekundarschule Peppermont,,,,,,,,,,"Greifswalder Straße 88, 10409 Berlin",Greifswalder Straße,88,10409,Berlin,Pfefferwerk Stadtkultur gGmbH,,,,,,,,,True,52.54253469999999,13.441524599999997,True,True
2610154858,11003003,Berlin Bilingual School,52.557280999999996,13.4417282,POINT (13.4417282 52.557281),0302,Pankow,Weißensee,OSM,OSM_SCHOOLS,,OSM_SCHOOLS,node:2610154858,Berlin Bilingual School,,,,,,,,,,"Rudolf-Baschant-Straße 2, 13086 Berlin",Rudolf-Baschant-Straße,2,13086,Berlin,,,,,,,,,,True,52.557280999999996,13.4417282,True,True
2629122240,11002002,Taxischule Metropolis,52.49613089999999,13.384160999999999,POINT (13.384161 52.4961309),0202,Friedrichshain-Kreuzberg,Kreuzberg,OSM,OSM_SCHOOLS,,OSM_SCHOOLS,node:2629122240,Taxischule Metropolis,,,,,,,,,,,,,,,,,,,,,,,,True,52.49613089999999,13.384160999999999,True,True
2844490858,11002002,,52.521847099999995,13.4401725,POINT (13.4401725 52.5218471),0201,Friedrichshain-Kreuzberg,Friedrichshain,OSM,OSM_SCHOOLS,02S03b,OSM_SCHOOLS,node:2844490858,,,,,,,,,,,"Diestelmeyerstraße 6, 10249 Berlin",Diestelmeyerstraße,6,10249,Berlin,,,,,,,,,,True,52.521847099999995,13.4401725,True,True
2952353502,11001001,Quinoa Schule,52.56607100000001,13.3811302,POINT (13.3811302 52.566071),0106,Mitte,Gesundbrunnen,OSM,OSM_SCHOOLS,01P49,OSM_SCHOOLS,node:2952353502,Quinoa Schule,,,,,,,,,,"Kühnemannstraße 26, 13409 Berlin",Kühnemannstraße,26,13409,Berlin,,,,,,,,,,True,52.56607100000001,13.3811302,True,True
3090369566,11003003,iek,52.5396656,13.418126999999998,POINT (13.418127 52.5396656),0301,Pankow,Prenzlauer Berg,OSM,OSM_SCHOOLS,,OSM_SCHOOLS,node:3090369566,iek,,,,,,,,,,"Husemannstraße 32, 10435 Berlin",Husemannstraße,32,10435,Berlin,,,,,,,,,,True,52.5396656,13.418126999999998,True,True
3093478831,11001001,Schule bei der Botschaft der Russischen Föderation,52.5155186,13.3845541,POINT (13.3845541 52.5155186),0101,Mitte,Mitte,OSM,OSM_SCHOOLS,,OSM_SCHOOLS,node:3093478831,Schule bei der Botschaft der Russischen Föderation,,,,,,,,,,"Behrenstraße 64-65, 10117 Berlin",Behrenstraße,64-65,10117,Berlin,Botschaft der Russischen Förderation,,,,,,,,,True,52.5155186,13.3845541,True,True
3347795761,11006006,Quentin-Blake-Europa-Schule,52.4546353,13.269895699999998,POINT (13.2698957 52.4546353),0605,Steglitz-Zehlendorf,Dahlem,OSM,OSM_SCHOOLS,06G12,OSM_SCHOOLS,node:3347795761,Quentin-Blake-Europa-Schule,,,,,,,,,,"Hüttenweg 40, 14195 Berlin",Hüttenweg,40,14195,Berlin,,,,,,,,,,True,52.4546353,13.269895699999998,True,True
3465132015,11004004,Svenska Skolan i Berlin,52.488067300000004,13.3294623,POINT (13.3294623 52.4880673),0402,Charlottenburg-Wilmersdorf,Wilmersdorf,OSM,OSM_SCHOOLS,04E33,OSM_SCHOOLS,node:3465132015,Svenska Skolan i Berlin,,,,,,,,,,"Landhausstraße 26-28, 10717 Berlin",Landhausstraße,26-28,10717,Berlin,Svenska kyrkan,,,,,,,,,True,52.488067300000004,13.3294623,True,True
3644290194,11002002,Be The - Therapie bei Lernschwierigkeiten,52.512206199999994,13.447501599999999,POINT (13.4475016 52.5122062),0201,Friedrichshain-Kreuzberg,Friedrichshain,OSM,OSM_SCHOOLS,,OSM_SCHOOLS,node:3644290194,Be The - Therapie bei Lernschwierigkeiten,,,,,,,,,,"Am Comeniusplatz 2, 10243 Berlin",Am Comeniusplatz,2,10243,Berlin,,,,,,,,,,True,52.512206199999994,13.447501599999999,True,True
4149486091,11002002,Liebmann-Schule,52.50197319999999,13.391959899999998,POINT (13.3919599 52.5019732),0202,Friedrichshain-Kreuzberg,Kreuzberg,OSM,OSM_SCHOOLS,02S06,OSM_SCHOOLS,node:4149486091,Liebmann-Schule,,,,,,,,,,"Friedrichstraße 13, 10969 Berlin",Friedrichstraße,13,10969,Berlin,,,,,,,,,,True,52.50197319999999,13.391959899999998,True,True
4298064770,11005005,Hort der ESS,52.573059499999985,13.1948238,POINT (13.1948238 52.5730595),0507,Spandau,Hakenfelde,OSM,OSM_SCHOOLS,,OSM_SCHOOLS,node:4298064770,Hort der ESS,,,,,,,,,,"Schönwalder Allee, 13587 Berlin",Schönwalder Allee,,13587,Berlin,,,,,,,,,,True,52.573059499999985,13.1948238,True,True
4368419896,11001001,Internationale Lomonossow-Schule,52.504025299999995,13.35938,POINT (13.35938 52.5040253),0104,Mitte,Tiergarten,OSM,OSM_SCHOOLS,01P25,OSM_SCHOOLS,node:4368419896,Internationale Lomonossow-Schule,,,,,,,,,,"Genthiner Straße 20, 10785",Genthiner Straße,20,10785,,,,,,,,http://lomonossow-schule.de/#tiergarten,,,True,52.504025299999995,13.35938,True,True
4850314524,11002002,Cumbancha,52.49080339999999,13.3774542,POINT (13.3774542 52.4908034),0202,Friedrichshain-Kreuzberg,Kreuzberg,OSM,OSM_SCHOOLS,,OSM_SCHOOLS,node:4850314524,Cumbancha,,,,,,,,,,"Möckernstraße 68, 10965",Möckernstraße,68,10965,,,,,,,,https://www.cumbancha.de/,,,True,52.49080339999999,13.3774542,True,True
4864189821,11005005,EIIE EURASIA Institute for International Education GmbH,52.53289379999999,13.2797555,POINT (13.2797555 52.5328938),0503,Spandau,Siemensstadt,OSM,OSM_SCHOOLS,,OSM_SCHOOLS,node:4864189821,EIIE EURASIA Institute for International Education GmbH,,,,,,,,,,13627,,,13627,,,,,,+493043727210,info@eurasia-institute.com,https://eurasia-institute.com/,,,True,52.53289379999999,13.2797555,True,True
4932662327,11003003,Piano Cano,52.52793539999999,13.447780199999999,POINT (13.4477802 52.5279354),0301,Pankow,Prenzlauer Berg,OSM,OSM_SCHOOLS,,OSM_SCHOOLS,node:4932662327,Piano Cano,,,,,,,,,,"Cotheniusstraße 3, 10407 Berlin",Cotheniusstraße,3,10407,Berlin,,,,,,,https://piano-cano.de/,,,True,52.52793539999999,13.447780199999999,True,True
5477749794,11007007,Samuel-Hahnemann-Schule,52.4544038,13.394612,POINT (13.394612 52.4544038),0703,Tempelhof-Schöneberg,Tempelhof,OSM,OSM_SCHOOLS,07E30,OSM_SCHOOLS,node:5477749794,Samuel-Hahnemann-Schule,,,,,,,,,,"Colditzstraße 34-36, 12099 Berlin",Colditzstraße,34-36,12099,Berlin,Fachverband Deutscher Heilpraktiker - Landesverband Berlin-Brandenburg e.V.,,,,,,,,,True,52.4544038,13.394612,True,True
5661514223,11008008,Schule am Hasenhegerweg,52.4227343,13.446827299999999,POINT (13.4468273 52.4227343),0803,Neukölln,Buckow,OSM,OSM_SCHOOLS,08S05,OSM_SCHOOLS,node:5661514223,Schule am Hasenhegerweg,,,,,,,,,,"Hasenhegerweg 12, 12353 Berlin",Hasenhegerweg,12,12353,Berlin,,,,,,,,,,True,52.4227343,13.446827299999999,True,True
5661514224,11008008,Lisa-Tetzner-Grundschule,52.422449699999994,13.4468112,POINT (13.4468112 52.4224497),0803,Neukölln,Buckow,OSM,OSM_SCHOOLS,08G34,OSM_SCHOOLS,node:5661514224,Lisa-Tetzner-Grundschule,,,,,,,,,,"Hasenhegerweg 12, 12353 Berlin",Hasenhegerweg,12,12353,Berlin,,,,,,,,,,True,52.422449699999994,13.4468112,True,True
5695079683,11011011,OTA - Tanyildiz Schweißtechnik,52.5236819,13.4885479,POINT (13.4885479 52.5236819),1103,Lichtenberg,Lichtenberg,OSM,OSM_SCHOOLS,,OSM_SCHOOLS,node:5695079683,OTA - Tanyildiz Schweißtechnik,,,,,,,,,,"Josef-Orlopp-Straße 45 - 49, 10365 Berlin",Josef-Orlopp-Straße,45 - 49,10365,Berlin,,,,,,,http://www.ota-schweisstechnik.de/,,,True,52.5236819,13.4885479,True,True
5790175872,11003003,Corrie-ten-Boom-Schule,52.53478189999999,13.4273152,POINT (13.4273152 52.5347819),0301,Pankow,Prenzlauer Berg,OSM,OSM_SCHOOLS,,OSM_SCHOOLS,node:5790175872,Corrie-ten-Boom-Schule,,,,,,,,,,"Christburger Straße 14C, 10405 Berlin",Christburger Straße,14C,10405,Berlin,Christburg Campus gGmbH,,,,,,,,,True,52.53478189999999,13.4273152,True,True
5790175875,11003003,Elisabeth-Abegg-Grundschule,52.534646499999994,13.4278408,POINT (13.4278408 52.5346465),0301,Pankow,Prenzlauer Berg,OSM,OSM_SCHOOLS,,OSM_SCHOOLS,node:5790175875,Elisabeth-Abegg-Grundschule,,,,,,,,,,"Christburger Straße 14C, 10405 Berlin",Christburger Straße,14C,10405,Berlin,Christburg Campus gGmbH,,,,,,,,,True,52.534646499999994,13.4278408,True,True
5907019898,11007007,Privates Europa-Gymnasium Berlin,52.4858093,13.354125199999999,POINT (13.3541252 52.4858093),0701,Tempelhof-Schöneberg,Schöneberg,OSM,OSM_SCHOOLS,04P47,OSM_SCHOOLS,node:5907019898,Privates Europa-Gymnasium Berlin,,,,,,,,,,"Hauptstraße 27, 10827 Berlin",Hauptstraße,27,10827,Berlin,Privates Europa-Gymnasium Berlin GmbH,,,,,,,,,True,52.4858093,13.354125199999999,True,True
5997094437,11004004,Moser Schule Schweizer Gymnasium gGmbH,52.5095435,13.2634016,POINT (13.2634016 52.5095435),0405,Charlottenburg-Wilmersdorf,Westend,OSM,OSM_SCHOOLS,04P24,OSM_SCHOOLS,node:5997094437,Moser Schule Schweizer Gymnasium gGmbH,,,,,,,,,,,,,,,,,,,,,,,,True,52.5095435,13.2634016,True,True
6058583254,11001001,,52.5273506,13.406265599999998,POINT (13.4062656 52.5273506),0101,Mitte,Mitte,OSM,OSM_SCHOOLS,,OSM_SCHOOLS,node:6058583254,,,,,,,,,,,"Mulackstraße 8, 10119 Berlin",Mulackstraße,8,10119,Berlin,Berlin Cosmopolitan School,,,,,,,,,True,52.5273506,13.406265599999998,True,True
6153498939,11004004,Institut für Verhaltenstherapie Berlin,52.4811108,13.288710199999999,POINT (13.2887102 52.4811108),0403,Charlottenburg-Wilmersdorf,Schmargendorf,OSM,OSM_SCHOOLS,,OSM_SCHOOLS,node:6153498939,Institut für Verhaltenstherapie Berlin,,,,,,,,,,"Hohenzollerndamm 125;126, 14199 Berlin",Hohenzollerndamm,125;126,14199,Berlin,,,,,,,,,,True,52.4811108,13.288710199999999,True,True
6215800460,11001001,Mal- und Zeichenschule Prib,52.53753619999999,13.397698199999999,POINT (13.3976982 52.5375362),0101,Mitte,Mitte,OSM,OSM_SCHOOLS,,OSM_SCHOOLS,node:6215800460,Mal- und Zeichenschule Prib,,,,,,,,,,"Brunnenstraße 45, 10115 Berlin",Brunnenstraße,45,10115,Berlin,,,,,,,https://www.kunstschule-prib.de/,,,True,52.53753619999999,13.397698199999999,True,True
6251995791,11001001,Produktionsschule Mitte,52.5505701,13.370469399999998,POINT (13.3704694 52.5505701),0106,Mitte,Gesundbrunnen,OSM,OSM_SCHOOLS,,OSM_SCHOOLS,node:6251995791,Produktionsschule Mitte,,,,,,,,,,,,,,,Zukunftsbau GmbH,,,,,,https://zukunftsbau.de/,,,True,52.5505701,13.370469399999998,True,True
6410792688,11003003,Akademie der Gesundheit,52.633166399999986,13.5072943,POINT (13.5072943 52.6331664),0309,Pankow,Buch,OSM,OSM_SCHOOLS,,OSM_SCHOOLS,node:6410792688,Akademie der Gesundheit,,,,,,,,,,"Schwanebecker Chaussee 4 E-H, 13125",Schwanebecker Chaussee,4 E-H,13125,,,,,,+49 30 9403060,berlin@gesundheit-akademie.de,https://www.gesundheit-akademie.de/,,,True,52.633166399999986,13.5072943,True,True
6422859463,11003003,Freie Grundschule Pfefferwerk,52.55330320000001,13.4097119,POINT (13.4097119 52.5533032),0301,Pankow,Prenzlauer Berg,OSM,OSM_SCHOOLS,03P14,OSM_SCHOOLS,node:6422859463,Freie Grundschule Pfefferwerk,,,,,,,,,,"Schönfließer Straße 7, 10439 Berlin",Schönfließer Straße,7,10439,Berlin,,,,,,,,,,True,52.55330320000001,13.4097119,True,True
6422859464,11003003,Freie Sekundarschule PepperMont,52.552951,13.4096543,POINT (13.4096543 52.552951),0301,Pankow,Prenzlauer Berg,OSM,OSM_SCHOOLS,,OSM_SCHOOLS,node:6422859464,Freie Sekundarschule PepperMont,,,,,,,,,,,,,,,,,,,,,,,,True,52.552951,13.4096543,True,True
7685796317,11004004,Prestige Kosmetikakademie,52.48662629999999,13.3164868,POINT (13.3164868 52.4866263),0402,Charlottenburg-Wilmersdorf,Wilmersdorf,OSM,OSM_SCHOOLS,04E41,OSM_SCHOOLS,node:7685796317,Prestige Kosmetikakademie,,,,,,,,,,"Berliner Straße 53, 10713 Berlin",Berliner Straße,53,10713,Berlin,Lucyna Dzikowski,,,,,,https://www.prestige-akad.de/,,,True,52.48662629999999,13.3164868,True,True
7774237459,11004004,Grund-Bildungs-Zentrum Berlin,52.481560999999985,13.3196702,POINT (13.3196702 52.481561),0402,Charlottenburg-Wilmersdorf,Wilmersdorf,OSM,OSM_SCHOOLS,,OSM_SCHOOLS,node:7774237459,Grund-Bildungs-Zentrum Berlin,,,,,,,,,,"Paretzer Straße 1, 10713 Berlin",Paretzer Straße,1,10713,Berlin,,,,,,,https://grundbildung-berlin.de,,,True,52.481560999999985,13.3196702,True,True
8050485559,11002002,Galilei Grundschule,52.501487399999995,13.3920468,POINT (13.3920468 52.5014874),0202,Friedrichshain-Kreuzberg,Kreuzberg,OSM,OSM_SCHOOLS,02G14,OSM_SCHOOLS,node:8050485559,Galilei Grundschule,,,,,,,,,,"Friedrichstraße 13, 10969 Berlin",Friedrichstraße,13,10969,Berlin,,,,,,,,,,True,52.501487399999995,13.3920468,True,True
8589000133,11001001,Kristall Grundschule,52.54021749999998,13.358956799999998,POINT (13.3589568 52.5402175),0105,Mitte,Wedding,OSM,OSM_SCHOOLS,01P50,OSM_SCHOOLS,node:8589000133,Kristall Grundschule,,,,,,,,,,"Tegeler Straße 13, 13353 Berlin",Tegeler Straße,13,13353,Berlin,Technische Jugendfreizeit- und Bildungsgesellschaft,,,,,,https://www.kristall-grundschule.de,,,True,52.54021749999998,13.358956799999998,True,True
9215908289,11009009,Grundschule am Berg,52.41862819999999,13.537859899999999,POINT (13.5378599 52.4186282),0906,Treptow-Köpenick,Altglienicke,OSM,OSM_SCHOOLS,,OSM_SCHOOLS,node:9215908289,Grundschule am Berg,,,,,,,,,,,,,,,,,,,,,,,,True,52.41862819999999,13.537859899999999,True,True
9502964060,11004004,Berliner Schule für Zen Shiatsu,52.4953754,13.309972399999998,POINT (13.3099724 52.4953754),0402,Charlottenburg-Wilmersdorf,Wilmersdorf,OSM,OSM_SCHOOLS,,OSM_SCHOOLS,node:9502964060,Berliner Schule für Zen Shiatsu,,,,,,,,,,,,,,,,,,,,,https://www.zen-shiatsu-schule.de/,,,True,52.4953754,13.309972399999998,True,True
9674270517,11010010,SENECA INTENSIV Studios,52.54276250000001,13.536586799999998,POINT (13.5365868 52.5427625),1001,Marzahn-Hellersdorf,Marzahn,OSM,OSM_SCHOOLS,,OSM_SCHOOLS,node:9674270517,SENECA INTENSIV Studios,,,,,,,,,,"Georg-Knorr-Straße 4 / Haus 10, 12681",Georg-Knorr-Straße,4 / Haus 10,12681,,,,,,,,https://seneca-intensiv.de/,,,True,52.54276250000001,13.536586799999998,True,True
9953624692,11012012,Demokratische Schule X,52.61277340000001,13.2474075,POINT (13.2474075 52.6127734),1204,Reinickendorf,Heiligensee,OSM,OSM_SCHOOLS,12P10,OSM_SCHOOLS,node:9953624692,Demokratische Schule X,,,,,,,,,,"Ruppiner Chaussee 211, 13503 Berlin",Ruppiner Chaussee,211,13503,Berlin,Demokratische Bildung Berlin e.V.,,,,,,https://www.demokratische-schule-x.de/,,,True,52.61277340000001,13.2474075,True,True
10273324300,11010010,Peter-Pan-Grundschule,52.546377,13.550828799999998,POINT (13.5508288 52.546377),1001,Marzahn-Hellersdorf,Marzahn,OSM,OSM_SCHOOLS,,OSM_SCHOOLS,node:10273324300,Peter-Pan-Grundschule,,,,,,,,,,,,,,,,,,,,,,,,True,52.546377,13.550828799999998,True,True
10788214205,11003003,Ironhack Berlin,52.532955099999995,13.453284999999997,POINT (13.453285 52.5329551),0301,Pankow,Prenzlauer Berg,OSM,OSM_SCHOOLS,,OSM_SCHOOLS,node:10788214205,Ironhack Berlin,,,,,,,,,,10407,,,10407,,,,,,,,https://www.ironhack.com/de/en,,,True,52.532955099999995,13.453284999999997,True,True
11060589005,11010010,Grundschule an der Wuhle,52.52208339999999,13.5798614,POINT (13.5798614 52.5220834),1005,Marzahn-Hellersdorf,Hellersdorf,OSM,OSM_SCHOOLS,,OSM_SCHOOLS,node:11060589005,Grundschule an der Wuhle,,,,,,,,,,,,,,,,,,,,,,,,True,52.52208339999999,13.5798614,True,True
11191369537,11001001,Berlin Comics Schule,52.554966099999994,13.389315499999999,POINT (13.3893155 52.5549661),0106,Mitte,Gesundbrunnen,OSM,OSM_SCHOOLS,,OSM_SCHOOLS,node:11191369537,Berlin Comics Schule,,,,,,,,,,"Stettiner Straße 30, 13357",Stettiner Straße,30,13357,,,,,,,,https://comicschoolberlin.de/,,,True,52.554966099999994,13.389315499999999,True,True
11197523749,11001001,Seminarschiff,52.5230665,13.3439077,POINT (13.3439077 52.5230665),0102,Mitte,Moabit,OSM,OSM_SCHOOLS,,OSM_SCHOOLS,node:11197523749,Seminarschiff,,,,,,,,,,,,,,,,,,,,,,,,True,52.5230665,13.3439077,True,True
11198242339,11009009,Surfpaddelschule,52.44503419999999,13.6308577,POINT (13.6308577 52.4450342),0911,Treptow-Köpenick,Friedrichshagen,OSM,OSM_SCHOOLS,,OSM_SCHOOLS,node:11198242339,Surfpaddelschule,,,,,,,,,,,,,,,,,,,,,,,,True,52.44503419999999,13.6308577,True,True
11267498757,11006006,Freie Schule Anne Sophie,52.4374162,13.2629021,POINT (13.2629021 52.4374162),0604,Steglitz-Zehlendorf,Zehlendorf,OSM,OSM_SCHOOLS,06P20,OSM_SCHOOLS,node:11267498757,Freie Schule Anne Sophie,,,,,,,,,,"Clayallee 328-334, 14169 Berlin",Clayallee,328-334,14169,Berlin,Stiftung Würth,,,,+49 30 84714639 10,info.berlin@freie-schule-anne-sophie.de,https://www.freie-schule-anne-sophie.de/de/berlin/start_b/start_b.php,,,True,52.4374162,13.2629021,True,True
11287862770,11008008,b-trend-setting,52.468518499999995,13.4533132,POINT (13.4533132 52.4685185),0801,Neukölln,Neukölln,OSM,OSM_SCHOOLS,08P13,OSM_SCHOOLS,node:11287862770,b-trend-setting,,,,,,,,,,"Lahnstraße 19, 12055 Berlin",Lahnstraße,19,12055,Berlin,b-trend-setting gGmbH,,,,+49 30 921028980,info@b-trend-setting.de,https://www.b-trend-setting.de/,,,True,52.468518499999995,13.4533132,True,True
11357840631,11002002,Shiatsu Schule Kreuzberg,52.498846799999995,13.436300399999999,POINT (13.4363004 52.4988468),0202,Friedrichshain-Kreuzberg,Kreuzberg,OSM,OSM_SCHOOLS,,OSM_SCHOOLS,node:11357840631,Shiatsu Schule Kreuzberg,,,,,,,,,,"Lübbener Straße 26, 10997 Berlin",Lübbener Straße,26,10997,Berlin,Shiatsu Schule Kreuzberg,,,,,kontakt@shiatsu-schule.de,https://shiatsu-schule.de,,,True,52.498846799999995,13.436300399999999,True,True
11425591669,11003003,Elinor-Ostrom-Schule (2. Schulstandort),52.54554219999999,13.4174416,POINT (13.4174416 52.5455422),0301,Pankow,Prenzlauer Berg,OSM,OSM_SCHOOLS,,OSM_SCHOOLS,node:11425591669,Elinor-Ostrom-Schule (2. Schulstandort),,,,,,,,,,"Pappelallee 30-31, 10437",Pappelallee,30-31,10437,,,,,,03034339611,,https://www.oszeos.de/,,,True,52.54554219999999,13.4174416,True,True
11525305289,11008008,Evangelische Schule Neukölln Oberstufe,52.474423599999994,13.422509999999999,POINT (13.42251 52.4744236),0801,Neukölln,Neukölln,OSM,OSM_SCHOOLS,,OSM_SCHOOLS,node:11525305289,Evangelische Schule Neukölln Oberstufe,,,,,,,,,,,,,,,,,,,,,,,,True,52.474423599999994,13.422509999999999,True,True
11769563161,11009009,Volkshochschule Treptow-Köpenick,52.46189630000001,13.5232934,POINT (13.5232934 52.4618963),0909,Treptow-Köpenick,Oberschöneweide,OSM,OSM_SCHOOLS,,OSM_SCHOOLS,node:11769563161,Volkshochschule Treptow-Köpenick,,,,,,,,,,,,,,,,,,,,,,,,True,52.46189630000001,13.5232934,True,True
11863051770,11004004,Willy-Brandt-Schule,52.546463800000005,13.3181254,POINT (13.3181254 52.5464638),0406,Charlottenburg-Wilmersdorf,Charlottenburg-Nord,OSM,OSM_SCHOOLS,01G42,OSM_SCHOOLS,node:11863051770,Willy-Brandt-Schule,,,,,,,,,,Saatwinkler Damm 42,Saatwinkler Damm,42,,,,,,,,,https://www.willybrandtschule.de,,,True,52.546463800000005,13.3181254,True,True
12068069133,11005005,Grundschule Fehrbelliner Tor,52.55480099999999,13.199712200000002,POINT (13.1997122 52.554801),0501,Spandau,Spandau,OSM,OSM_SCHOOLS,05G32,OSM_SCHOOLS,node:12068069133,Grundschule Fehrbelliner Tor,,,,,,,,,,,,,,,,,,,,,,,,True,52.55480099999999,13.199712200000002,True,True
12135294142,11007007,Freie Schule Schöneberg,52.48574279999999,13.354453499999998,POINT (13.3544535 52.4857428),0701,Tempelhof-Schöneberg,Schöneberg,OSM,OSM_SCHOOLS,07P19,OSM_SCHOOLS,node:12135294142,Freie Schule Schöneberg,,,,,,,,,,"Hauptstraße 27, Eingang C, 10827 Berlin",Hauptstraße,"27, Eingang C",10827,Berlin,Freie Schule Freundeskreis e.V.,,,,,,https://freie-schule-schoeneberg.de/,,,True,52.48574279999999,13.354453499999998,True,True
12314506395,11011011,Jugendkunstschule Lichtenberg,52.56948119999999,13.511636100000002,POINT (13.5116361 52.5694812),1109,Lichtenberg,Neu-Hohenschönhausen,OSM,OSM_SCHOOLS,,OSM_SCHOOLS,node:12314506395,Jugendkunstschule Lichtenberg,,,,,,,,,,Demminer Straße 4,Demminer Straße,4,,,Albus e.V.,,,,+49 30 9248873,,https://www.juks-lichtenberg.de,,,True,52.56948119999999,13.511636100000002,True,True
12321410631,11001001,Lazarus Schulen (Schwesternflügel),52.5351282,13.3885742,POINT (13.3885742 52.5351282),0106,Mitte,Gesundbrunnen,OSM,OSM_SCHOOLS,01P07,OSM_SCHOOLS,node:12321410631,Lazarus Schulen (Schwesternflügel),,,,,,,,,,"Bernauer Straße 115-118, 13355 Berlin",Bernauer Straße,115-118,13355,Berlin,Hoffnungstaler Stiftung Lobetal,,,,,,https://lazarus-schulen.de/,,,True,52.5351282,13.3885742,True,True
12512361420,11003003,Felix-Mendelssohn-Bartholdy-Gymnasium (Temporäres Haus 3),52.529688099999994,13.438454099999998,POINT (13.4384541 52.5296881),0301,Pankow,Prenzlauer Berg,OSM,OSM_SCHOOLS,,OSM_SCHOOLS,node:12512361420,Felix-Mendelssohn-Bartholdy-Gymnasium (Temporäres Haus 3),,,,,,,,,,,,,,,,,,,,,https://fmbg-berlin.de/,,,True,52.529688099999994,13.438454099999998,True,True
12522418564,11003003,Volkshochschule Berlin-Pankow,52.5330592,13.419907699999998,POINT (13.4199077 52.5330592),0301,Pankow,Prenzlauer Berg,OSM,OSM_SCHOOLS,,OSM_SCHOOLS,node:12522418564,Volkshochschule Berlin-Pankow,,,,,,,,,,,,,,,,,,,,,,,,True,52.5330592,13.419907699999998,True,True
12563980204,11004004,Evangelische Schule Wilmersdorf,52.49401989999999,13.3091033,POINT (13.3091033 52.4940199),0402,Charlottenburg-Wilmersdorf,Wilmersdorf,OSM,OSM_SCHOOLS,04P21,OSM_SCHOOLS,node:12563980204,Evangelische Schule Wilmersdorf,,,,,,,,,,"Brandenburgische Straße 51, 10707 Berlin",Brandenburgische Straße,51,10707,Berlin,Evangelische Schulstiftung in der EKBO,,,,,,https://www.evgruwi.de,,,True,52.49401989999999,13.3091033,True,True
12564011957,11004004,Katholische Schule Sankt Ludwig,52.49625739999999,13.321330799999998,POINT (13.3213308 52.4962574),0402,Charlottenburg-Wilmersdorf,Wilmersdorf,OSM,OSM_SCHOOLS,04P10,OSM_SCHOOLS,node:12564011957,Katholische Schule Sankt Ludwig,,,,,,,,,,"Düsseldorfer Straße 13, 10719 Berlin",Düsseldorfer Straße,13,10719,Berlin,Erzbistum Berlin,,,,,,,,,True,52.49625739999999,13.321330799999998,True,True
12677407057,11012012,Apego-Schule Berlin,52.60447679999999,13.309308699999999,POINT (13.3093087 52.6044768),1207,Reinickendorf,Waidmannslust,OSM,OSM_SCHOOLS,12P19,OSM_SCHOOLS,node:12677407057,Apego-Schule Berlin,,,,,,,,,,"Dianastraße 44-46, 13469 Berlin",Dianastraße,44-46,13469,Berlin,Madrina Sophia e. V.,,,,‭+49 30 27 49 84 77,office@apego-schule.de,https://apego-schule.de,,,True,52.60447679999999,13.309308699999999,True,True
12691468320,11005005,Grundschule Heerstr. 580,52.52542179999999,13.138705499999999,POINT (13.1387055 52.5254218),0504,Spandau,Staaken,OSM,OSM_SCHOOLS,05G33,OSM_SCHOOLS,node:12691468320,Grundschule Heerstr. 580,,,,,,,,,,"Heerstraße 580, 13591 Berlin",Heerstraße,580,13591,Berlin,,,,,,,,,,True,52.52542179999999,13.138705499999999,True,True
12766031273,11010010,Neubau Grundschule mit TSH,52.53613669999999,13.542217899999999,POINT (13.5422179 52.5361367),1001,Marzahn-Hellersdorf,Marzahn,OSM,OSM_SCHOOLS,10Gn05,OSM_SCHOOLS,node:12766031273,Neubau Grundschule mit TSH,,,,,,,,,,"Bruno-Baum-Straße 68, 12685 Berlin",Bruno-Baum-Straße,68,12685,Berlin,,,,,,,,,,True,52.53613669999999,13.542217899999999,True,True
12766032980,11010010,Neubau Grundschule mit TSH,52.5312548,13.59873,POINT (13.59873 52.5312548),1005,Marzahn-Hellersdorf,Hellersdorf,OSM,OSM_SCHOOLS,10Gn09,OSM_SCHOOLS,node:12766032980,Neubau Grundschule mit TSH,,,,,,,,,,,,,,,,,,,,,,,,True,52.5312548,13.59873,True,True
12766064655,11010010,Neubau MEB 22 mit Mensa,52.53064479999999,13.6010912,POINT (13.6010912 52.5306448),1005,Marzahn-Hellersdorf,Hellersdorf,OSM,OSM_SCHOOLS,10Gn09,OSM_SCHOOLS,node:12766064655,Neubau MEB 22 mit Mensa,,,,,,,,,,"Klingenthaler Straße 12, 12627 Berlin",Klingenthaler Straße,12,12627,Berlin,,,,,,,,,,True,52.53064479999999,13.6010912,True,True
12782008075,11012012,Richard-Keller-Schule,52.62320489999999,13.293561799999999,POINT (13.2935618 52.6232049),1206,Reinickendorf,Hermsdorf,OSM,OSM_SCHOOLS,12S02,OSM_SCHOOLS,node:12782008075,Richard-Keller-Schule,,,,,,,,,,"Frohnauer Straße 74-80, 13467 Berlin",Frohnauer Straße,74-80,13467,Berlin,,,,,,,,,,True,52.62320489999999,13.293561799999999,True,True
12797375598,11011011,"15. Schule
ISS mit gymnasialer Oberstufe - 11K15",52.524962899999984,13.5133643,POINT (13.5133643 52.5249629),1103,Lichtenberg,Lichtenberg,OSM,OSM_SCHOOLS,,OSM_SCHOOLS,node:12797375598,"15. Schule
ISS mit gymnasialer Oberstufe - 11K15",,,,,,,,,,"Allee der Kosmonauten 22, 10315 Berlin",Allee der Kosmonauten,22,10315,Berlin,Bezirksamt Lichtenberg,,,,+4930 - 263 976 00 00,sekretariat@11K15.schule.berlin.de,https://iss.adkosmos.eu/,,,True,52.524962899999984,13.5133643,True,True
12797375599,11011011,12. Gymnasium Lichtenberg 11Y12,52.5248369,13.513904399999998,POINT (13.5139044 52.5248369),1103,Lichtenberg,Lichtenberg,OSM,OSM_SCHOOLS,,OSM_SCHOOLS,node:12797375599,12. Gymnasium Lichtenberg 11Y12,,,,,,,,,,"Allee der Kosmonauten 22, 10315 Berlin",Allee der Kosmonauten,22,10315,Berlin,Bezirksamt Lichtenberg,,,,+49 30 2639114000,sekretariat@11y12.schule.berlin.de,https://gym.adkosmos.eu/,,,True,52.5248369,13.513904399999998,True,True
12992163102,11007007,"Schauspielschule ""Der Kreis"" Fritz-Kirchhoff-Schule",52.45911889999999,13.407976099999999,POINT (13.4079761 52.4591189),0703,Tempelhof-Schöneberg,Tempelhof,OSM,OSM_SCHOOLS,,OSM_SCHOOLS,node:12992163102,"Schauspielschule ""Der Kreis"" Fritz-Kirchhoff-Schule",,,,,,,,,,"Teilestraße 11—13, Tor 3, 12099",Teilestraße,"11—13, Tor 3",12099,,,,,,+490308225124,post@fritz-kirchhoff-schule.de,https://www.schauspielschule-der-kreis.de/,,,True,52.45911889999999,13.407976099999999,True,True
12992212501,11002002,die schauspielfabrik berlin,52.4881953,13.4230643,POINT (13.4230643 52.4881953),0202,Friedrichshain-Kreuzberg,Kreuzberg,OSM,OSM_SCHOOLS,,OSM_SCHOOLS,node:12992212501,die schauspielfabrik berlin,,,,,,,,,,"Urbanstraße 70A, 10967",Urbanstraße,70A,10967,,,,,,+493069533168,mail@schauspielfabrik.de,https://schauspielfabrik.de/,,,True,52.4881953,13.4230643,True,True
13050559747,11003003,Ostkreuzschule für Fotografie,52.55046409999999,13.4472819,POINT (13.4472819 52.5504641),0302,Pankow,Weißensee,OSM,OSM_SCHOOLS,,OSM_SCHOOLS,node:13050559747,Ostkreuzschule für Fotografie,,,,,,,,,,"Behaimstraße 32/34, 13086",Behaimstraße,32/34,13086,,,,,,,,https://www.ostkreuzschule.de/,,,True,52.55046409999999,13.4472819,True,True
13357175108,11011011,bbw Akademie für betriebswirtschaftliche Weiterbildung,52.497618800000005,13.5204192,POINT (13.5204192 52.4976188),1101,Lichtenberg,Friedrichsfelde,OSM,OSM_SCHOOLS,,OSM_SCHOOLS,node:13357175108,bbw Akademie für betriebswirtschaftliche Weiterbildung,,,,,,,,,,,,,,,,,,,,,https://www.bbw-gruppe.de/standorte/berlin/lichtenberg.html,,,True,52.497618800000005,13.5204192,True,True
7127,11012012,Georg-Schlesinger-Schule,52.56176729519699,13.370215135567175,"POLYGON ((13.3706086 52.5622648, 13.3705939 52.5622641, 13.3706105 52.5621874, 13.3707121 52.5621954, 13.3707156 52.56218, 13.3707303 52.5621818, 13.3708111 52.5618076, 13.3707964 52.561807, 13.3708008 52.5617957, 13.3706904 52.5617872, 13.3707089 52.5617079, 13.3707293 52.5617097, 13.3708001 52.5613828, 13.3708029 52.5613687, 13.3707826 52.5613663, 13.3708001 52.5612951, 13.3708025 52.5612847, 13.370728 52.5612782, 13.3707228 52.5612987, 13.3706983 52.5612968, 13.3706959 52.5613083, 13.3706578 52.5613058, 13.3706611 52.5612937, 13.369768 52.56122, 13.3697662 52.5612351, 13.3697287 52.5612315, 13.3697316 52.5612202, 13.3697083 52.5612183, 13.3697138 52.5611952, 13.3696392 52.5611892, 13.3696341 52.561212, 13.3696139 52.5612105, 13.3696113 52.5612216, 13.3695676 52.5612178, 13.3695703 52.5612036, 13.3693546 52.5611856, 13.3692658 52.5615878, 13.3694834 52.561606, 13.3694887 52.5615901, 13.3695316 52.5615942, 13.3695265 52.5616056, 13.3695488 52.5616068, 13.3695438 52.5616317, 13.3696145 52.561637, 13.3696207 52.5616126, 13.3696437 52.5616147, 13.3696453 52.5616042, 13.3696863 52.5616073, 13.3696843 52.5616227, 13.3704455 52.561686, 13.3704283 52.5617648, 13.3703412 52.5617578, 13.3703307 52.5618079, 13.3702073 52.5617987, 13.370192 52.5618702, 13.370177 52.5618687, 13.3701744 52.561881, 13.3701615 52.561878, 13.3701323 52.5620038, 13.3701473 52.5620054, 13.3701439 52.56202, 13.37016 52.5620212, 13.3701334 52.5621466, 13.3703412 52.5621641, 13.370324 52.5622423, 13.3702379 52.5622345, 13.3701467 52.5626333, 13.3702545 52.5626413, 13.3702457 52.5626702, 13.3703375 52.5626773, 13.370344 52.562648, 13.3703662 52.5626497, 13.370369 52.5626415, 13.3704093 52.5626443, 13.3704057 52.5626526, 13.3704287 52.5626544, 13.3704228 52.562678, 13.3704971 52.5626837, 13.370515 52.5625993, 13.370537 52.5626011, 13.3706086 52.5622648), (13.3699424 52.5613477, 13.3704211 52.5613868, 13.3703816 52.561567, 13.369901 52.5615276, 13.3699424 52.5613477))",1201,Reinickendorf,Reinickendorf,OSM,OSM_SCHOOLS,,OSM_SCHOOLS,relation:7127,Georg-Schlesinger-Schule,,,,,,,,,,,,,,,,,,,+49 30 497906-0,mail@gs-schule.de,https://www.gs-schule.de/oszgs/,,,True,52.56176729519699,13.370215135567175,True,True
27716,11003003,Felix-Mendelssohn-Bartholdy-Gymnasium Filiale Pankow,52.53411865743701,13.433033602568093,"POLYGON ((13.4324971 52.5342519, 13.4325667 52.5342205, 13.4328373 52.5344396, 13.4328439 52.5344365, 13.4329162 52.5344948, 13.4331487 52.5343886, 13.4331534 52.5343936, 13.4332196 52.5343634, 13.4333538 52.5343025, 13.4334252 52.53427, 13.4334188 52.534265, 13.433722 52.5341241, 13.4336491 52.5340648, 13.4335778 52.5340972, 13.4333056 52.5338778, 13.433379 52.5338448, 13.433365 52.5338341, 13.4332298 52.5337236, 13.4330062 52.5338252, 13.4330205 52.533837, 13.4329705 52.5338604, 13.4329179 52.5338849, 13.4329133 52.5338812, 13.4326844 52.5339857, 13.4326891 52.5339892, 13.4326335 52.5340144, 13.4325836 52.5340369, 13.4325676 52.5340239, 13.4323428 52.5341268, 13.4324971 52.5342519), (13.4326685 52.5341398, 13.4326956 52.534127, 13.4326656 52.5341018, 13.4327705 52.5340531, 13.4328122 52.5340863, 13.4329026 52.5340438, 13.432912 52.5340503, 13.4329322 52.5340507, 13.4329499 52.5340417, 13.4329548 52.5340306, 13.4329468 52.5340241, 13.4330359 52.5339828, 13.4329978 52.5339514, 13.4331031 52.5339028, 13.4331345 52.5339266, 13.43316 52.5339154, 13.433431 52.5341344, 13.4333173 52.5341866, 13.4332986 52.5341724, 13.4330339 52.5342949, 13.4330529 52.534309, 13.4329414 52.5343593, 13.4326685 52.5341398))",0301,Pankow,Prenzlauer Berg,OSM,OSM_SCHOOLS,03Y13b,OSM_SCHOOLS,relation:27716,Felix-Mendelssohn-Bartholdy-Gymnasium Filiale Pankow,,,,,,,,,,"Pasteurstraße 7,9,11, 10407 Berlin",Pasteurstraße,"7,9,11",10407,Berlin,,,,,,,https://fmbg-berlin.de,,,True,52.53411865743701,13.433033602568093,True,True
404313,11007007,Theodor-Haubach-Schule,52.39823448921884,13.402704167195074,"POLYGON ((13.4027442 52.3984564, 13.4028665 52.3984533, 13.402844 52.3981209, 13.4028234 52.3981214, 13.4028151 52.3979982, 13.4026631 52.3980021, 13.4026638 52.3980135, 13.4025415 52.3980166, 13.4025637 52.3983461, 13.4025851 52.3983455, 13.4025936 52.3984706, 13.4027449 52.3984668, 13.4027442 52.3984564))",0706,Tempelhof-Schöneberg,Lichtenrade,OSM,OSM_SCHOOLS,,OSM_SCHOOLS,relation:404313,Theodor-Haubach-Schule,,,,,,,,,,,,,,,,,,,,,,,,True,52.39823448921884,13.402704167195074,True,True
2669838,11009009,Albatros-Schule,52.47157931332107,13.514712475674296,"POLYGON ((13.5143273 52.4706951, 13.5134166 52.471555, 13.5144326 52.4725102, 13.5160578 52.471853, 13.5152577 52.4710883, 13.5163295 52.470661, 13.5162781 52.470612, 13.5162575 52.4705945, 13.5150881 52.4710147, 13.5143273 52.4706951))",0909,Treptow-Köpenick,Oberschöneweide,OSM,OSM_SCHOOLS,09S03,OSM_SCHOOLS,relation:2669838,Albatros-Schule,,,,,,,,,,,,,,,,,,,+49 30 53002990,,http://www.albatros.cidsnet.de,,,True,52.47157931332107,13.514712475674296,True,True
3093670,11012012,Evangelische Schule Berlin-Frohnau,52.63106603282424,13.282890057461142,"POLYGON ((13.2836586 52.6313052, 13.2840405 52.6309102, 13.2838957 52.6308602, 13.2837149 52.6308021, 13.2833827 52.6307089, 13.2831238 52.6306399, 13.2828164 52.6305647, 13.2827919 52.6305587, 13.2826141 52.6305195, 13.2825114 52.6304969, 13.282323 52.6304608, 13.2822216 52.6304414, 13.2819634 52.6309438, 13.2821355 52.6309663, 13.2819864 52.6314476, 13.2823349 52.6314891, 13.2826243 52.6315292, 13.2830078 52.6315827, 13.2832381 52.6316224, 13.2834531 52.6316656, 13.2836586 52.6313052), (13.2822203 52.6308366, 13.2821934 52.6308276, 13.2821827 52.6308121, 13.2821894 52.6307991, 13.2822122 52.6307942, 13.2822484 52.6307975, 13.2822726 52.6308097, 13.2822766 52.630826, 13.2822551 52.6308382, 13.2822203 52.6308366))",1205,Reinickendorf,Frohnau,OSM,OSM_SCHOOLS,12P03,OSM_SCHOOLS,relation:3093670,Evangelische Schule Berlin-Frohnau,,,,,,,,,,"Benediktinerstraße 11-19, 13465 Berlin",Benediktinerstraße,11-19,13465,Berlin,Evangelische Schulstiftung in der EKBO,,,,,,,,,True,52.63106603282424,13.282890057461142,True,True
5122070,11003003,Heinrich-Schliemann-Gymnasium,52.54694649818157,13.422982664630846,"POLYGON ((13.4233189 52.5472108, 13.4232083 52.547113, 13.4230616 52.546982, 13.4230722 52.5469775, 13.423445 52.5468112, 13.4235358 52.5467716, 13.4235547 52.5467634, 13.4236757 52.5467109, 13.42379 52.5466614, 13.4238062 52.5466542, 13.4238371 52.5466405, 13.4239095 52.5466096, 13.4238735 52.5465677, 13.4239345 52.5465416, 13.4239819 52.5465214, 13.4241349 52.5464555, 13.4239182 52.5462666, 13.423882 52.546235, 13.4238705 52.5462244, 13.4238574 52.5462124, 13.4236839 52.546287, 13.4235858 52.5463283, 13.4234864 52.5462395, 13.4219448 52.547085, 13.4226561 52.5476958, 13.4229217 52.5475816, 13.4234712 52.5473453, 13.4233781 52.547264, 13.4233189 52.5472108))",0301,Pankow,Prenzlauer Berg,OSM,OSM_SCHOOLS,03Y04,OSM_SCHOOLS,relation:5122070,Heinrich-Schliemann-Gymnasium,,,,,,,,,,"Dunckerstraße 64, 10439 Berlin",Dunckerstraße,64,10439,Berlin,Bezirksamt Pankow von Berlin,,,,,,,,,True,52.54694649818157,13.422982664630846,True,True
5391833,11007007,,52.498329558365825,13.343069140157171,"POLYGON ((13.3429234 52.4982465, 13.34296 52.4983871, 13.3429614 52.4983926, 13.3428716 52.4984012, 13.3428533 52.4983309, 13.3427263 52.4983432, 13.3427444 52.498413, 13.3425998 52.4984269, 13.3426204 52.4985061, 13.3427674 52.4984919, 13.3427855 52.4985615, 13.3429086 52.4985496, 13.3428957 52.4984998, 13.3430346 52.4984864, 13.3430471 52.4985344, 13.343177 52.4985219, 13.3431766 52.4985201, 13.3432973 52.4985084, 13.3433171 52.4985842, 13.3434013 52.4985761, 13.3435588 52.4985617, 13.3434867 52.4982848, 13.3433294 52.4983, 13.34333 52.4983024, 13.3432747 52.4983077, 13.3432503 52.498214, 13.3434367 52.498196, 13.3434166 52.4981188, 13.3432309 52.4981367, 13.3432051 52.4980377, 13.3430817 52.4980496, 13.3431082 52.4981513, 13.3430717 52.4981548, 13.3430638 52.4981246, 13.3429386 52.4981367, 13.3429467 52.4981678, 13.3427866 52.4981833, 13.3427699 52.4981193, 13.3424868 52.4981466, 13.3425197 52.498273, 13.3428028 52.4982457, 13.342806 52.4982578, 13.3429234 52.4982465), (13.3430213 52.4983322, 13.3429972 52.4982394, 13.3431308 52.4982265, 13.3431549 52.4983193, 13.3430213 52.4983322), (13.34302 52.498466, 13.3429999 52.4983888, 13.3429939 52.4983657, 13.34324 52.498342, 13.3432661 52.4984422, 13.343159 52.4984526, 13.34302 52.498466))",0701,Tempelhof-Schöneberg,Schöneberg,OSM,OSM_SCHOOLS,,OSM_SCHOOLS,relation:5391833,,,,,,,,,,,,,,,,,,,,,,,,,True,52.498329558365825,13.343069140157171,True,True
6178855,11009009,Melli-Beese-Grundschule,52.446890412363146,13.51034713011724,"POLYGON ((13.5090127 52.4472047, 13.5092425 52.4473736, 13.5096337 52.4476712, 13.5099401 52.447708, 13.5099864 52.4475782, 13.5101936 52.4476012, 13.5102014 52.447576, 13.5102391 52.4475806, 13.5106612 52.4476318, 13.510667 52.4476201, 13.5107483 52.4473635, 13.5107906 52.4473685, 13.5108161 52.4473385, 13.5108238 52.4473115, 13.5108481 52.4473145, 13.5108551 52.4472801, 13.5108574 52.4472521, 13.5108526 52.4472253, 13.5108447 52.4472112, 13.5108863 52.4471047, 13.5109205 52.4471061, 13.5110116 52.446839, 13.511379 52.4457612, 13.5113704 52.4457312, 13.5113458 52.4457162, 13.5112978 52.445712, 13.5112555 52.4457127, 13.5105919 52.4460301, 13.5104471 52.4460967, 13.5107225 52.4463082, 13.5104362 52.446452, 13.5101221 52.4466095, 13.5099854 52.4466777, 13.5100166 52.4467006, 13.5099139 52.4467523, 13.5090127 52.4472047))",0904,Treptow-Köpenick,Johannisthal,OSM,OSM_SCHOOLS,09G06,OSM_SCHOOLS,relation:6178855,Melli-Beese-Grundschule,,,,,,,,,,"Engelhardstraße 18, 12487 Berlin",Engelhardstraße,18,12487,Berlin,,,,,+4930 6361390,Melli-Beese-Grundschule@t-online.de,http://www.melli-beese-g.cidsnet.de/,,,True,52.446890412363146,13.51034713011724,True,True
6319210,11010010,Jean-Piaget-Schule,52.54594063946164,13.595881146873658,"POLYGON ((13.5944926 52.5462238, 13.5949426 52.5461626, 13.5957003 52.5460596, 13.5959309 52.5466901, 13.597223 52.5465144, 13.5968451 52.5454852, 13.5967724 52.5452827, 13.5963545 52.5453395, 13.5945661 52.5455826, 13.5941667 52.5456369, 13.5942431 52.5458423, 13.5942482 52.5458564, 13.5943866 52.5462382, 13.5944926 52.5462238))",1005,Marzahn-Hellersdorf,Hellersdorf,OSM,OSM_SCHOOLS,10K05,OSM_SCHOOLS,relation:6319210,Jean-Piaget-Schule,,,,,,,,,,,,,,,,,,,+4930 9980793,jean-piaget.oberschule@berlin.de,http://www.piaget-schule-berlin.de/,,,True,52.54594063946164,13.595881146873658,True,True
6754829,11008008,Alfred-Nobel-Schule - Filiale,52.44430878246201,13.441438909680283,"POLYGON ((13.4405162 52.4435099, 13.4403969 52.445164, 13.4419408 52.4454794, 13.4419598 52.4450537, 13.4419887 52.4444083, 13.4431857 52.4444, 13.442333 52.4438015, 13.4421446 52.4432456, 13.4405162 52.4435099))",0802,Neukölln,Britz,OSM,OSM_SCHOOLS,08K11b,OSM_SCHOOLS,relation:6754829,Alfred-Nobel-Schule - Filiale,,,,,,,,,,"Parchimer Allee 111, 12359 Berlin",Parchimer Allee,111,12359,Berlin,,,,,+49 30 6064032,alfred-nobel-schule@t-online.de,https://alfred-nobel-schule.de/,,,True,52.44430878246201,13.441438909680283,True,True
6861804,11007007,Carl-Zeiss-Oberschule,52.394616795629574,13.404077538726078,"POLYGON ((13.4043877 52.3942992, 13.4040533 52.3942836, 13.4033763 52.394252, 13.4031444 52.3942412, 13.4031019 52.3945943, 13.4041773 52.3946459, 13.4042737 52.394651, 13.4042428 52.3948893, 13.4042012 52.3952329, 13.4044365 52.395244, 13.4046114 52.3952522, 13.4047003 52.3945442, 13.4047177 52.3944057, 13.4047291 52.3943151, 13.4043877 52.3942992), (13.4037099 52.3944973, 13.4037266 52.3943612, 13.40431 52.394388, 13.4042933 52.3945236, 13.4041931 52.394519, 13.4041952 52.394502, 13.4041063 52.3944979, 13.4041042 52.3945154, 13.4037099 52.3944973), (13.4043733 52.3951626, 13.4043823 52.3950918, 13.4044682 52.3950959, 13.4044592 52.3951667, 13.4043733 52.3951626))",0706,Tempelhof-Schöneberg,Lichtenrade,OSM,OSM_SCHOOLS,07K02,OSM_SCHOOLS,relation:6861804,Carl-Zeiss-Oberschule,,,,,,,,,,"Barnetstraße 12-14, 12305 Berlin",Barnetstraße,12-14,12305,Berlin,Bezirksamt Tempelhof-Schöneberg von Berlin,,,,,,https://www.carl-zeiss-oberschule.de,,,True,52.394616795629574,13.404077538726078,True,True
12751210,11010010,Konrad-Wachsmann-Oberschule,52.52861706813044,13.621841795128098,"MULTIPOLYGON (((13.6225202 52.5288599, 13.6225599 52.5288056, 13.6226157 52.5287985, 13.6227379 52.5287829, 13.6227799 52.5286898, 13.6228593 52.5286033, 13.6229309 52.5285599, 13.6228929 52.5284995, 13.6226031 52.5279803, 13.621772 52.5281526, 13.6218842 52.5283532, 13.6219581 52.5284825, 13.6222061 52.5289269, 13.6225202 52.5288599)), ((13.6219447 52.5286456, 13.6217928 52.528372, 13.6217431 52.5283819, 13.6212982 52.5284745, 13.6209742 52.5285454, 13.620889 52.5285642, 13.6206252 52.5286198, 13.6207727 52.5288782, 13.6207253 52.5288882, 13.6207534 52.5289374, 13.620798 52.528928, 13.6208874 52.5290846, 13.6209476 52.5291877, 13.6212993 52.5291142, 13.6221133 52.5289464, 13.6219447 52.5286456)))",1005,Marzahn-Hellersdorf,Hellersdorf,OSM,OSM_SCHOOLS,10K09,OSM_SCHOOLS,relation:12751210,Konrad-Wachsmann-Oberschule,,,,,,,,,,"Geithainer Straße 12, 12627 Berlin",Geithainer Straße,12,12627,Berlin,,,,,,,,,,True,52.52861706813044,13.621841795128098,True,True
13123375,11008008,Karlsgarten-Grundschule,52.48268964026232,13.421481536467246,"POLYGON ((13.4205358 52.4821007, 13.4204088 52.4822193, 13.4203308 52.4829339, 13.4203878 52.4832894, 13.4215145 52.4833138, 13.422057 52.4833282, 13.4225788 52.4833421, 13.4225814 52.4833016, 13.4225855 52.4832387, 13.4225891 52.4831815, 13.4225934 52.4831236, 13.4225966 52.483082, 13.4226012 52.4830185, 13.4226079 52.4829154, 13.4226111 52.4828572, 13.4226519 52.4822832, 13.4226526 52.4822719, 13.422658 52.4821675, 13.4225611 52.4821601, 13.4221895 52.4821319, 13.4219998 52.4821177, 13.4218053 52.4820836, 13.4214753 52.4820432, 13.4210933 52.4820035, 13.4208959 52.4819807, 13.4207763 52.4819676, 13.4207082 52.4819601, 13.4206017 52.4820174, 13.4205358 52.4821007))",0801,Neukölln,Neukölln,OSM,OSM_SCHOOLS,08G08,OSM_SCHOOLS,relation:13123375,Karlsgarten-Grundschule,,,,,,,,,,"Karlsgartenstraße 7, 12049 Berlin",Karlsgartenstraße,7,12049,Berlin,,,,,,,,,,True,52.48268964026232,13.421481536467246,True,True
14886710,11010010,Johann-Strauss-Grundschule,52.52957017292609,13.560156239173537,"MULTIPOLYGON (((13.5595559 52.529472, 13.5599599 52.529444, 13.5608844 52.52938, 13.5608841 52.5293707, 13.56117 52.5293515, 13.5611649 52.5293284, 13.5611601 52.5293041, 13.5611227 52.529307, 13.561103 52.5292139, 13.5610228 52.5288325, 13.5607831 52.5288482, 13.5607325 52.5288649, 13.5595896 52.5289459, 13.559531 52.5289808, 13.5595414 52.5290521, 13.5593453 52.5291034, 13.5594275 52.5294806, 13.5595559 52.529472)), ((13.5598866 52.5295862, 13.5598617 52.5295881, 13.5595305 52.5296119, 13.5596101 52.5300225, 13.5596381 52.5301491, 13.5597155 52.5304979, 13.560055 52.5304793, 13.5601329 52.5304738, 13.5605732 52.5304441, 13.5603951 52.5296572, 13.5603819 52.5295976, 13.5603717 52.5295517, 13.5598866 52.5295862)))",1002,Marzahn-Hellersdorf,Biesdorf,OSM,OSM_SCHOOLS,10G13,OSM_SCHOOLS,relation:14886710,Johann-Strauss-Grundschule,,,,,,,,,,"Cecilienstraße 80/81, 12683 Berlin",Cecilienstraße,80/81,12683,Berlin,,,,,,,http://www.johann-strauss-grundschule.de,,,True,52.52957017292609,13.560156239173537,True,True
14886838,11010010,Wilhelm-Busch-Grundschule,52.55210466011558,13.58238322597395,"MULTIPOLYGON (((13.5822509 52.5506971, 13.5822059 52.5507036, 13.5824005 52.5512572, 13.5830485 52.5511763, 13.5830863 52.5511714, 13.5831241 52.5511668, 13.5834475 52.551124, 13.5836189 52.551101, 13.5835866 52.5510136, 13.5835305 52.550853, 13.5835216 52.5508276, 13.5836229 52.5508135, 13.583573 52.5506441, 13.583524 52.5504815, 13.5830876 52.5505427, 13.5830676 52.5504768, 13.58286 52.5505042, 13.5824342 52.5505604, 13.5822138 52.550589, 13.5822509 52.5506971)), ((13.5817044 52.5534889, 13.5820666 52.5533057, 13.5824158 52.5531287, 13.5823595 52.5530825, 13.5824319 52.5530439, 13.5830528 52.552713, 13.5831055 52.5526849, 13.5833562 52.5525512, 13.5825586 52.5519925, 13.5825368 52.55198, 13.5811442 52.5526958, 13.5811375 52.5527153, 13.5811652 52.5527317, 13.5812637 52.5528, 13.5811683 52.5528484, 13.580956 52.5529596, 13.58148 52.5533283, 13.5817044 52.5534889)))",1001,Marzahn-Hellersdorf,Marzahn,OSM,OSM_SCHOOLS,10G08,OSM_SCHOOLS,relation:14886838,Wilhelm-Busch-Grundschule,,,,,,,,,,"Parsteiner Ring 24/46, 12679 Berlin",Parsteiner Ring,24/46,12679,Berlin,,,,,,,,,,True,52.55210466011558,13.58238322597395,True,True
14886853,11010010,Grundschule am Schleipfuhl,52.529788474241315,13.609365909956942,"MULTIPOLYGON (((13.6082875 52.5294424, 13.6084945 52.5293986, 13.6085066 52.5294208, 13.6085617 52.5294091, 13.6085456 52.5293739, 13.6085668 52.5293694, 13.6092814 52.5292164, 13.6091859 52.5288345, 13.6089203 52.5283515, 13.6087963 52.5283767, 13.6080844 52.5285247, 13.6081644 52.5286664, 13.6081721 52.5286803, 13.6081925 52.528714, 13.6082008 52.528727, 13.6080053 52.5287677, 13.6079172 52.5287677, 13.6078355 52.5287503, 13.6077649 52.528715, 13.6077129 52.5286812, 13.6075722 52.528712, 13.6075192 52.5287787, 13.6074989 52.5288293, 13.6074901 52.5288866, 13.6075038 52.5289202, 13.6075525 52.5289678, 13.6076379 52.5290455, 13.6077066 52.5291079, 13.6077212 52.5291212, 13.6081024 52.5294689, 13.6082875 52.5294424)), ((13.6066047 52.5291479, 13.6067713 52.5291891, 13.6069804 52.5291389, 13.6067714 52.5288026, 13.6065424 52.5284169, 13.6062857 52.5286779, 13.6056957 52.5292897, 13.6059667 52.5294028, 13.6062004 52.5295049, 13.6064624 52.5291586, 13.6066047 52.5291479)), ((13.6130481 52.5308907, 13.6128643 52.5305647, 13.6128004 52.5305617, 13.6126847 52.5305703, 13.6125881 52.5305862, 13.6121226 52.5306837, 13.6121336 52.5307083, 13.6118014 52.5307808, 13.611779 52.5307575, 13.6113424 52.5308497, 13.6111706 52.5309347, 13.6108087 52.5310081, 13.6105301 52.531314, 13.6106675 52.5315514, 13.6127574 52.5311041, 13.6126838 52.530968, 13.6130481 52.5308907)))",1005,Marzahn-Hellersdorf,Hellersdorf,OSM,OSM_SCHOOLS,10G25,OSM_SCHOOLS,relation:14886853,Grundschule am Schleipfuhl,,,,,,,,,,"Nossener Straße 85, 12627 Berlin",Nossener Straße,85,12627,Berlin,,,,,,,,,,True,52.529788474241315,13.609365909956942,True,True
15354903,11004004,Nelson-Mandela-Schule (Grundstufe),52.49370707558092,13.320887313141089,"POLYGON ((13.3204122 52.4940438, 13.3208166 52.4940201, 13.3209439 52.4940112, 13.3210626 52.4940033, 13.321107 52.4940003, 13.3212299 52.4939919, 13.3212095 52.4938659, 13.3211915 52.4937775, 13.3217484 52.4937404, 13.3217321 52.4936497, 13.3217164 52.4935618, 13.3211597 52.4935989, 13.3211492 52.4935396, 13.3211305 52.4934352, 13.3211212 52.4933845, 13.3208022 52.4934009, 13.3203267 52.4934335, 13.3204122 52.4940438))",0402,Charlottenburg-Wilmersdorf,Wilmersdorf,OSM,OSM_SCHOOLS,,OSM_SCHOOLS,relation:15354903,Nelson-Mandela-Schule (Grundstufe),,,,,,,,,,"Pfalzburger Straße 23, 10719 Berlin",Pfalzburger Straße,23,10719,Berlin,"Senatsverwaltung für Bildung, Jugend und Familie Berlin",,,,,,,,,True,52.49370707558092,13.320887313141089,True,True
15484680,11006006,Grundschule am Königsgraben,52.42304955885502,13.347202880184517,"POLYGON ((13.3469794 52.4226199, 13.3469561 52.4226646, 13.3469375 52.4226816, 13.346911 52.4226897, 13.3468755 52.4226907, 13.3467923 52.4226742, 13.3465639 52.4230588, 13.3451876 52.4227599, 13.3455275 52.4231608, 13.3479791 52.4236792, 13.3481291 52.4233788, 13.3482852 52.4231079, 13.3485184 52.4227349, 13.3485126 52.4227098, 13.3484948 52.4226861, 13.3484573 52.4226763, 13.3472341 52.4224129, 13.3471879 52.4224871, 13.3471289 52.4225989, 13.3474015 52.4226582, 13.3473819 52.4227022, 13.3469794 52.4226199))",0603,Steglitz-Zehlendorf,Lankwitz,OSM,OSM_SCHOOLS,06G27,OSM_SCHOOLS,relation:15484680,Grundschule am Königsgraben,,,,,,,,,,"Gallwitzallee 136-144, 12249 Berlin",Gallwitzallee,136-144,12249,Berlin,,,,,,,https://grundschule-am-koenigsgraben.de,,,True,52.42304955885502,13.347202880184517,True,True
15803728,11001001,Kurt-Tucholsky-Grundschule,52.530494221643195,13.35327940586654,"POLYGON ((13.3529168 52.529912, 13.3529092 52.52992, 13.3529333 52.5299392, 13.3529374 52.529971, 13.3529186 52.5300036, 13.3528851 52.530031, 13.3528418 52.5300452, 13.3528019 52.5300455, 13.3524179 52.5304903, 13.3521189 52.530837, 13.3522865 52.5308905, 13.3522241 52.5309628, 13.3531109 52.5312458, 13.3533916 52.5309092, 13.3534172 52.5308785, 13.3534417 52.5308491, 13.3534821 52.5308007, 13.353513 52.530804, 13.3537332 52.530725, 13.3539481 52.5306442, 13.3541394 52.5305404, 13.3542874 52.5304172, 13.3543461 52.5303117, 13.354386 52.5302435, 13.3544302 52.5301006, 13.3544755 52.5299382, 13.3544414 52.529925, 13.3540036 52.5297879, 13.3537093 52.5301333, 13.3536718 52.5301215, 13.35364 52.5301115, 13.3536107 52.5301459, 13.3532785 52.5300411, 13.3532886 52.5300292, 13.3529168 52.529912))",0102,Mitte,Moabit,OSM,OSM_SCHOOLS,01G11,OSM_SCHOOLS,relation:15803728,Kurt-Tucholsky-Grundschule,,,,,,,,,,"Rathenower Straße 18, 10559 Berlin",Rathenower Straße,18,10559,Berlin,Bezirksamt Mitte von Berlin,,,,+49 30 3974429310,sekretariat@ktg.schule.berlin.de,https://kurt-tucholsky-grundschule.de,,,True,52.530494221643195,13.35327940586654,True,True
16219093,11001001,Evangelische Schule Berlin Zentrum,52.51175683775498,13.410575226596517,"POLYGON ((13.4102779 52.5114095, 13.4099824 52.5117456, 13.4098593 52.5118886, 13.4097901 52.5119687, 13.409685 52.5120736, 13.4105795 52.5123648, 13.4106378 52.5123834, 13.4107328 52.5122714, 13.4108846 52.5120925, 13.4114461 52.5114503, 13.4114327 52.51143, 13.4105141 52.5111285, 13.4102779 52.5114095))",0101,Mitte,Mitte,OSM,OSM_SCHOOLS,01P23,OSM_SCHOOLS,relation:16219093,Evangelische Schule Berlin Zentrum,,,,,,,,,,"Wallstraße 32, 10179 Berlin",Wallstraße,32,10179,Berlin,Evangelische Schulstiftung in der EKBO,,,,+49 30 2576071 0,buero@ev-schule-zentrum.de,https://www.ev-schule-zentrum.de/,,,True,52.51175683775498,13.410575226596517,True,True
16446395,11003003,Helene-Haeusler-Schule,52.52675413953708,13.419561325849006,"MULTIPOLYGON (((13.4189978 52.526922, 13.4191895 52.5271084, 13.4191979 52.5271166, 13.4192858 52.5271285, 13.4193701 52.527092, 13.4204724 52.526615, 13.4197396 52.5260848, 13.4196878 52.5260564, 13.4196435 52.5260575, 13.4196196 52.5260679, 13.419256 52.5262202, 13.4192261 52.5262327, 13.4191175 52.5262782, 13.4187527 52.5264309, 13.4185761 52.5265049, 13.418571 52.526507, 13.4189978 52.526922)), ((13.420007 52.5270279, 13.4192492 52.5273471, 13.4195584 52.5276288, 13.4203258 52.527314, 13.420007 52.5270279)))",0301,Pankow,Prenzlauer Berg,OSM,OSM_SCHOOLS,03S03,OSM_SCHOOLS,relation:16446395,Helene-Haeusler-Schule,,,,,,,,,,"Mendelssohnstraße 10, 10405 Berlin",Mendelssohnstraße,10,10405,Berlin,Bezirksamt Pankow,,,,,,,,,True,52.52675413953708,13.419561325849006,True,True
16630747,11006006,Grundschule in der Plantagenstraße,52.4555430686589,13.330994166342418,"POLYGON ((13.3306224 52.4556569, 13.3306457 52.4556792, 13.3309228 52.455938, 13.3309297 52.4559477, 13.3316355 52.4557251, 13.3315203 52.4556157, 13.3314377 52.4555405, 13.3312723 52.4553873, 13.3309751 52.4551173, 13.3307976 52.4551912, 13.3307561 52.4552078, 13.3306806 52.455238, 13.3306653 52.4552442, 13.330615 52.4552643, 13.3305623 52.4552858, 13.3304181 52.455344, 13.330383 52.455358, 13.330464 52.4554338, 13.3304682 52.4554318, 13.3306102 52.4555622, 13.3306062 52.4555647, 13.33068 52.4556335, 13.3306224 52.4556569))",0601,Steglitz-Zehlendorf,Steglitz,OSM,OSM_SCHOOLS,06G34,OSM_SCHOOLS,relation:16630747,Grundschule in der Plantagenstraße,,,,,,,,,,"Plantagenstraße 8-9, 12169 Berlin",Plantagenstraße,8-9,12169,Berlin,Bezirksamt Steglitz-Zehlendorf von Berlin,,,,,,,,,True,52.4555430686589,13.330994166342418,True,True
16646048,11006006,Ersatzschulbau Kopernikus-Schule (Integrierte Sekundarschule),52.42754744282773,13.344463678885175,"POLYGON ((13.343317 52.4277359, 13.3438521 52.427942, 13.3447204 52.4282729, 13.3448732 52.4281224, 13.3451226 52.4278757, 13.3450518 52.4278485, 13.3450787 52.4278208, 13.3451037 52.4277971, 13.3454517 52.427465, 13.3455876 52.4273393, 13.3442235 52.4267957, 13.3442616 52.4269315, 13.3441402 52.4270515, 13.3440181 52.4270026, 13.3435865 52.4274977, 13.343317 52.4277359))",0603,Steglitz-Zehlendorf,Lankwitz,OSM,OSM_SCHOOLS,06K03b,OSM_SCHOOLS,relation:16646048,Ersatzschulbau Kopernikus-Schule (Integrierte Sekundarschule),,,,,,,,,,"Dessauerstraße 49-55, 12249 Berlin",Dessauerstraße,49-55,12249,Berlin,,,,,,,,,,True,52.42754744282773,13.344463678885175,True,True
16646049,11006006,Bröndby-Oberschule,52.42812772830094,13.345950267218333,"POLYGON ((13.3447204 52.4282729, 13.345541 52.4285872, 13.3457602 52.4286575, 13.3459793 52.4287189, 13.3461822 52.4287575, 13.3463474 52.4287842, 13.3465571 52.4288033, 13.3466904 52.4288116, 13.3467844 52.4287589, 13.3469432 52.4279455, 13.3469537 52.4278906, 13.3455876 52.4273393, 13.3454517 52.427465, 13.3451037 52.4277971, 13.3450787 52.4278208, 13.3450518 52.4278485, 13.3451226 52.4278757, 13.3448732 52.4281224, 13.3447204 52.4282729))",0603,Steglitz-Zehlendorf,Lankwitz,OSM,OSM_SCHOOLS,06K04,OSM_SCHOOLS,relation:16646049,Bröndby-Oberschule,,,,,,,,,,"Dessauerstraße 63, 12249 Berlin",Dessauerstraße,63,12249,Berlin,,,,,,,http://www.broendby-oberschule.de/,,,True,52.42812772830094,13.345950267218333,True,True
16660043,11006006,Johann-August-Zeune-Schule für Blinde,52.45582033009235,13.313954967336528,"POLYGON ((13.3125664 52.4558157, 13.3134145 52.4566028, 13.3143845 52.4562092, 13.3144668 52.4561768, 13.3153462 52.455819, 13.3151398 52.4556324, 13.3144985 52.4550401, 13.3125664 52.4558157))",0601,Steglitz-Zehlendorf,Steglitz,OSM,OSM_SCHOOLS,06S05,OSM_SCHOOLS,relation:16660043,Johann-August-Zeune-Schule für Blinde,,,,,,,,,,"Rothenburgstraße 14, 12165 Berlin",Rothenburgstraße,14,12165,Berlin,Bezirksamt Steglitz-Zehlendorf von Berlin,,,,,,,,,True,52.45582033009235,13.313954967336528,True,True
16660048,11006006,Rothenburg-Grundschule,52.45451474259274,13.313695847180115,"POLYGON ((13.3136517 52.4541679, 13.3131881 52.4545632, 13.3138254 52.4547447, 13.3139111 52.4547558, 13.3139967 52.454756, 13.3140709 52.4547495, 13.3141165 52.4547336, 13.3141414 52.4547164, 13.3141404 52.4546384, 13.3136517 52.4541679))",0601,Steglitz-Zehlendorf,Steglitz,OSM,OSM_SCHOOLS,06G16,OSM_SCHOOLS,relation:16660048,Rothenburg-Grundschule,,,,,,,,,,"Rothenburgstraße 16-17, 12165 Berlin",Rothenburgstraße,16-17,12165,Berlin,Bezirksamt Steglitz-Zehlendorf von Berlin,,,,,schulleitung@rothenburg.schule.berlin.de,,,,True,52.45451474259274,13.313695847180115,True,True
16660049,11006006,Fichtenberg-Oberschule,52.45422019723353,13.312528678784965,"POLYGON ((13.3115829 52.4541281, 13.3113016 52.4543584, 13.3118693 52.4546227, 13.3123267 52.454831, 13.3126317 52.4545806, 13.3127988 52.454438, 13.3131881 52.4545632, 13.3136517 52.4541679, 13.3134186 52.4539728, 13.3124599 52.4535812, 13.3124207 52.4536167, 13.3123531 52.4536776, 13.3122621 52.4537605, 13.3121958 52.4538202, 13.3121053 52.4538803, 13.3121649 52.4539063, 13.3119192 52.4541058, 13.3119545 52.4541223, 13.3119652 52.4541671, 13.311876 52.4542367, 13.311777 52.4542386, 13.3116991 52.4542019, 13.3116494 52.4541781, 13.3115829 52.4541281))",0601,Steglitz-Zehlendorf,Steglitz,OSM,OSM_SCHOOLS,06Y09,OSM_SCHOOLS,relation:16660049,Fichtenberg-Oberschule,,,,,,,,,,"Rothenburgstraße 18, 12165 Berlin",Rothenburgstraße,18,12165,Berlin,Bezirksamt Steglitz-Zehlendorf von Berlin,,,,+49 30 902992354,info@fichtenberg-oberschule.net,https://fichtenberg-oberschule.net/,,,True,52.45422019723353,13.312528678784965,True,True
16750708,11006006,Paul-Schneider-Grundschule,52.430881523260965,13.34106215071221,"POLYGON ((13.3402367 52.4311272, 13.3414955 52.431716, 13.342435 52.4309105, 13.3405779 52.4300534, 13.3405642 52.4300652, 13.3397029 52.4307995, 13.340201 52.4310276, 13.3403006 52.431073, 13.3402686 52.4311001, 13.3402367 52.4311272))",0603,Steglitz-Zehlendorf,Lankwitz,OSM,OSM_SCHOOLS,06G21,OSM_SCHOOLS,relation:16750708,Paul-Schneider-Grundschule,,,,,,,,,,"Seydlitzstraße 30-34, 12249 Berlin",Seydlitzstraße,30-34,12249,Berlin,Bezirksamt Steglitz-Zehlendorf von Berlin,,,,+49 30 93951511,sekretariat@06g21.schule.berlin.de,https://www.paul-schneider-grundschule.de/,,,True,52.430881523260965,13.34106215071221,True,True
16750712,11006006,Beethoven-Gymnasium,52.43290824211124,13.342790926450046,"POLYGON ((13.3421265 52.4330319, 13.3433507 52.4336991, 13.3440257 52.4331306, 13.3439098 52.4330739, 13.3439566 52.4330379, 13.3439799 52.4330211, 13.3440045 52.4330012, 13.343414 52.4326907, 13.3433946 52.4327034, 13.343334 52.4327453, 13.3431264 52.4326359, 13.3429807 52.4325587, 13.3421529 52.4321271, 13.3414803 52.4326862, 13.3415734 52.4327313, 13.3419533 52.4329369, 13.3419708 52.4329464, 13.3421265 52.4330319))",0603,Steglitz-Zehlendorf,Lankwitz,OSM,OSM_SCHOOLS,06Y06,OSM_SCHOOLS,relation:16750712,Beethoven-Gymnasium,,,,,,,,,,"Barbarastraße 9, 12249 Berlin",Barbarastraße,9,12249,Berlin,Bezirksamt Steglitz-Zehlendorf von Berlin,,,,+49 30 76890530,leitung@beethoven-gymnasium.eu,https://www.beethoven-gymnasium.eu,,,True,52.43290824211124,13.342790926450046,True,True
16760738,11006006,Private Kant-Grundschule,52.45899241570472,13.313451282939273,"POLYGON ((13.3130811 52.4586942, 13.312937 52.4587483, 13.3135762 52.4593516, 13.3139858 52.4592367, 13.3132755 52.4586134, 13.3130811 52.4586942))",0601,Steglitz-Zehlendorf,Steglitz,OSM,OSM_SCHOOLS,06P10,OSM_SCHOOLS,relation:16760738,Private Kant-Grundschule,,,,,,,,,,"Grunewaldstraße 44, 12165 Berlin",Grunewaldstraße,44,12165,Berlin,Private Kant-Schule e.V.,,,,,,,,,True,52.45899241570472,13.313451282939273,True,True
17087723,11003003,Inge-Deutschkron-Gymnasium,52.582554013954564,13.364049256836303,"POLYGON ((13.363892 52.5821229, 13.3639821 52.5822591, 13.3637612 52.5823123, 13.3637947 52.5823643, 13.3634729 52.5824414, 13.3637469 52.5828806, 13.3640747 52.5828039, 13.3641061 52.5828551, 13.3643334 52.5827981, 13.3644214 52.5829256, 13.3646378 52.5828719, 13.3645559 52.5827447, 13.3642024 52.5822076, 13.3641131 52.5820716, 13.363892 52.5821229), (13.3637374 52.5824447, 13.3638293 52.5824211, 13.3641548 52.5823437, 13.3641799 52.5823797, 13.3641261 52.5823933, 13.3641922 52.5824921, 13.3641352 52.5825057, 13.3641206 52.5824911, 13.3641071 52.5824825, 13.3640886 52.5824735, 13.3640603 52.582465, 13.3640265 52.582461, 13.3639912 52.5824628, 13.3639626 52.582468, 13.3639387 52.5824771, 13.3639183 52.5824878, 13.3639022 52.5825006, 13.3638916 52.5825143, 13.363886 52.58253, 13.3638834 52.5825574, 13.3638163 52.5825723, 13.3637374 52.5824447), (13.3638624 52.5826446, 13.363925 52.582628, 13.3639533 52.5826461, 13.363978 52.5826568, 13.3640077 52.5826632, 13.364035 52.582665, 13.3640617 52.5826645, 13.3640899 52.5826591, 13.3641159 52.5826508, 13.3641411 52.5826376, 13.3641605 52.5826214, 13.3641738 52.5825962, 13.3641745 52.5825775, 13.3641707 52.5825605, 13.3642268 52.5825467, 13.3642913 52.5826435, 13.3643442 52.5826304, 13.3643672 52.5826659, 13.3640366 52.5827467, 13.3639403 52.5827703, 13.3638624 52.5826446))",0313,Pankow,Wilhelmsruh,OSM,OSM_SCHOOLS,03Y17,OSM_SCHOOLS,relation:17087723,Inge-Deutschkron-Gymnasium,,,,,,,,,,"Kopenhagener Straße 85-87, 13158 Berlin",Kopenhagener Straße,85-87,13158,Berlin,"Senatsverwaltung für Bildung, Jugend und Familie Berlin",,,,,,https://idg.berlin/,,,True,52.582554013954564,13.364049256836303,True,True
17315307,,Grüner Campus Malchow,52.57050701061129,13.488368156075197,"MULTIPOLYGON (((13.4920485 52.568258, 13.4918309 52.5684473, 13.4906086 52.5695138, 13.4906753 52.5695422, 13.490567 52.5696365, 13.4910659 52.5698481, 13.4912387 52.5699219, 13.4913281 52.5699576, 13.491352 52.5699747, 13.4913146 52.5700057, 13.4917214 52.5701792, 13.4918002 52.5702028, 13.4922611 52.570288, 13.4925721 52.5699948, 13.4929693 52.5701632, 13.4932265 52.5699461, 13.4930965 52.5698899, 13.4931551 52.5698231, 13.4928566 52.5696852, 13.493016 52.5695434, 13.4935714 52.5690664, 13.4928438 52.5687531, 13.4930388 52.56858, 13.4930885 52.5685284, 13.4929928 52.5684523, 13.4930521 52.5684213, 13.4930729 52.5683936, 13.4930881 52.5683638, 13.4930927 52.5683302, 13.4930498 52.5681948, 13.4920485 52.568258)), ((13.4837683 52.5711796, 13.4828239 52.5716315, 13.482894 52.5720035, 13.4828583 52.5722059, 13.4828279 52.5723783, 13.4836155 52.5725884, 13.4840832 52.5726618, 13.484919 52.5726449, 13.4850548 52.5725929, 13.4854472 52.5722804, 13.4851698 52.5720387, 13.4852717 52.5718889, 13.4850831 52.5716303, 13.4849217 52.571519, 13.4851628 52.5713915, 13.4844367 52.5708569, 13.4837683 52.5711796)))",,,,OSM,OSM_SCHOOLS,,OSM_SCHOOLS,relation:17315307,Grüner Campus Malchow,,,,,,,,,,,,,,,,,,,,,,,,True,52.57050701061129,13.488368156075197,False,False
17333391,11006006,,52.459891515814014,13.330010038254004,"POLYGON ((13.3296186 52.4597799, 13.329612 52.4598287, 13.3295766 52.4600463, 13.3296512 52.4601022, 13.3297968 52.4601106, 13.3303338 52.4601467, 13.3304079 52.4596565, 13.3301373 52.4596417, 13.3299279 52.4596319, 13.3296186 52.4597799))",0601,Steglitz-Zehlendorf,Steglitz,OSM,OSM_SCHOOLS,,OSM_SCHOOLS,relation:17333391,,,,,,,,,,,,,,,,Private Kant-Schulen gGmbH,,,,,,,,,True,52.459891515814014,13.330010038254004,True,True
17341688,11010010,Grundschule an der Mühle,52.539591356901035,13.565345930031256,"POLYGON ((13.5660127 52.5392599, 13.566013 52.539228, 13.5660097 52.539193, 13.5661073 52.5391935, 13.5661078 52.5388782, 13.5650358 52.5388816, 13.5650343 52.5390212, 13.5645688 52.5390206, 13.564568 52.5392344, 13.5645684 52.5392768, 13.5645687 52.539302, 13.5648086 52.5400736, 13.5648149 52.5402184, 13.5648118 52.5404265, 13.5654131 52.5404195, 13.566026 52.5400222, 13.5660129 52.5398542, 13.5660127 52.5392599))",1001,Marzahn-Hellersdorf,Marzahn,OSM,OSM_SCHOOLS,10G11,OSM_SCHOOLS,relation:17341688,Grundschule an der Mühle,,,,,,,,,,"Kienbergstraße 59, 12685",Kienbergstraße,59,12685,,,,,,,,,,,True,52.539591356901035,13.565345930031256,True,True
17734163,11010010,Bücherwurm-Schule am Weiher,52.54052626675263,13.629892359927107,"MULTIPOLYGON (((13.6307616 52.5401106, 13.6307431 52.5400274, 13.6307118 52.5398862, 13.6305741 52.5398981, 13.6305104 52.5396157, 13.6306491 52.5396037, 13.6306394 52.5395603, 13.6305953 52.5393615, 13.6304968 52.539344, 13.629407 52.5394671, 13.6294086 52.5394736, 13.6295594 52.5402014, 13.629561 52.5402084, 13.6307616 52.5401106)), ((13.629218 52.5403959, 13.6284428 52.5404594, 13.6285447 52.5409168, 13.628621 52.5412595, 13.6287649 52.5412507, 13.6287863 52.5413471, 13.6311991 52.5411701, 13.6310168 52.5403887, 13.6309848 52.5402514, 13.62977 52.5403508, 13.629218 52.5403959)))",1005,Marzahn-Hellersdorf,Hellersdorf,OSM,OSM_SCHOOLS,10G19,OSM_SCHOOLS,relation:17734163,Bücherwurm-Schule am Weiher,,,,,,,,,,"Eilenburger Straße 1, 12627 Berlin",Eilenburger Straße,1,12627,Berlin,,,,,,,http://www.buecherwurm-grundschule.de/,,,True,52.54052626675263,13.629892359927107,True,True
17751584,11003003,Kurt-Tucholsky-Oberschule,52.55870326125884,13.424007116129358,"MULTIPOLYGON (((13.4243373 52.5584647, 13.4245085 52.5584787, 13.4245298 52.5584181, 13.4251806 52.5584832, 13.4253123 52.5579049, 13.4254801 52.5577418, 13.4253216 52.5576546, 13.4245708 52.5575867, 13.4243927 52.5575706, 13.4237949 52.5575166, 13.4237425 52.5575127, 13.4232952 52.5574747, 13.4232508 52.5574954, 13.4230063 52.5585559, 13.4230536 52.5585836, 13.4242903 52.5586799, 13.4243373 52.5584647)), ((13.4249289 52.5588584, 13.4246761 52.5588044, 13.4230492 52.5586684, 13.4230085 52.5588366, 13.4229965 52.5588861, 13.4228403 52.5595305, 13.4228377 52.5595427, 13.4228332 52.5595614, 13.4227967 52.5597122, 13.4232205 52.55975, 13.4232011 52.5598401, 13.4237772 52.5599134, 13.4242313 52.5599886, 13.42464 52.5600868, 13.4249289 52.5588584)))",0307,Pankow,Pankow,OSM,OSM_SCHOOLS,03K02,OSM_SCHOOLS,relation:17751584,Kurt-Tucholsky-Oberschule,,,,,,,,,,"Neumannstraße 9/11, 13189",Neumannstraße,9/11,13189,,Bezirksamt Pankow von Berlin,,,,,,https://www.kto-berlin.de,,,True,52.55870326125884,13.424007116129358,True,True
17790640,11005005,Kant-Gymnasium,52.542945622829244,13.200764723614343,"MULTIPOLYGON (((13.2018015 52.5428457, 13.2017627 52.5428168, 13.2015801 52.5426807, 13.2015208 52.5426371, 13.2011759 52.5423804, 13.2012666 52.5423535, 13.2011489 52.5422686, 13.2010658 52.5423109, 13.2008203 52.5421413, 13.2006885 52.5420483, 13.2006215 52.5419995, 13.1997199 52.5425177, 13.1999716 52.5426695, 13.1991788 52.5431548, 13.1992066 52.5431741, 13.1992959 52.5432466, 13.1993719 52.5433137, 13.1994441 52.5433827, 13.1995118 52.5434534, 13.1995525 52.5435006, 13.1996546 52.5435214, 13.200128 52.5433715, 13.2006519 52.5432057, 13.2007069 52.5431882, 13.2007768 52.5431661, 13.201634 52.5428961, 13.2018015 52.5428457)), ((13.2018686 52.5437831, 13.2020271 52.5439092, 13.2025278 52.5436835, 13.2025069 52.5436686, 13.2024502 52.5436281, 13.2021011 52.543381, 13.2022112 52.5433272, 13.2019901 52.543163, 13.2019773 52.5431528, 13.2018546 52.5430619, 13.2018378 52.543049, 13.2017948 52.543018, 13.2011559 52.54322, 13.2018686 52.5437831)))",0501,Spandau,Spandau,OSM,OSM_SCHOOLS,05Y02,OSM_SCHOOLS,relation:17790640,Kant-Gymnasium,,,,,,,,,,"Bismarckstraße 54, 13585 Berlin",Bismarckstraße,54,13585,Berlin,Bezirksamt Spandau von Berlin,,,,,,,,,True,52.542945622829244,13.200764723614343,True,True
17826802,,Hausburgschule,52.523878077750496,13.454349292715115,"MULTIPOLYGON (((13.455643 52.5240317, 13.4560941 52.5233588, 13.4553752 52.5231775, 13.455189 52.5234615, 13.455057 52.5236547, 13.4549189 52.5238488, 13.455643 52.5240317)), ((13.4529898 52.5242387, 13.4531561 52.5242792, 13.4532268 52.5242976, 13.4532008 52.524336, 13.4531275 52.524456, 13.4533812 52.5245204, 13.4535292 52.524558, 13.4537023 52.5246013, 13.453795 52.524621, 13.4538505 52.5245359, 13.4538825 52.5244878, 13.4539606 52.5243683, 13.4540484 52.5242387, 13.4540618 52.5242208, 13.4541226 52.524239, 13.4541353 52.5242426, 13.4542289 52.5242659, 13.4543131 52.5242869, 13.4543611 52.5242203, 13.4544026 52.5241566, 13.4541453 52.5240922, 13.4542488 52.5239397, 13.4544239 52.5236951, 13.4543907 52.5236844, 13.4543009 52.5236617, 13.4542188 52.523641, 13.453949 52.5235727, 13.4538654 52.5235516, 13.4537865 52.5235317, 13.4536722 52.5235028, 13.4536085 52.5234867, 13.4536043 52.5234934, 13.4535465 52.5234788, 13.4535521 52.5234724, 13.4534958 52.5234582, 13.4530601 52.5241018, 13.4529707 52.5242339, 13.4529898 52.5242387)))",,,,OSM,OSM_SCHOOLS,02G02,OSM_SCHOOLS,relation:17826802,Hausburgschule,,,,,,,,,,"Hausburgstraße 20, 10249 Berlin",Hausburgstraße,20,10249,Berlin,Bezirksamt Friedrichshain-Kreuzberg von Berlin,,,,,,,,,True,52.523878077750496,13.454349292715115,False,False
18770185,11005005,Schule an der Haveldüne,52.510220139936884,13.185946837016699,"POLYGON ((13.1870303 52.5110706, 13.1870612 52.5108695, 13.1869643 52.5105922, 13.1870587 52.5103801, 13.1874342 52.5100824, 13.188227 52.5100402, 13.1881406 52.5095366, 13.1881174 52.5094246, 13.1879172 52.5094191, 13.187591 52.5094422, 13.1854791 52.5093671, 13.1839059 52.5095954, 13.1842199 52.5106463, 13.1865067 52.5115595, 13.1870303 52.5110706))",0509,Spandau,Wilhelmstadt,OSM,OSM_SCHOOLS,05K08,OSM_SCHOOLS,relation:18770185,Schule an der Haveldüne,,,,,,,,,,"Jaczostraße 53-67, 13595 Berlin",Jaczostraße,53-67,13595,Berlin,,,,,+4930 365097 3,info@schuleanderhavelduene.de,https://8-iss-spandau.de/,,,True,52.510220139936884,13.185946837016699,True,True
19306129,11002002,Spartacus-Grundschule,52.52075621371657,13.435880858360646,"MULTIPOLYGON (((13.4361563 52.5205743, 13.4364758 52.5204414, 13.4364496 52.5204193, 13.4366 52.5203618, 13.4364185 52.5201812, 13.4363575 52.5201752, 13.436321 52.5201161, 13.4363143 52.520116, 13.4362604 52.5200634, 13.4358025 52.5202483, 13.4361563 52.5205743)), ((13.4352601 52.5206802, 13.4350897 52.5207413, 13.4354747 52.5210968, 13.4353913 52.5211274, 13.4357345 52.5214169, 13.4364863 52.52094, 13.43588 52.5204026, 13.4352184 52.5206422, 13.4352601 52.5206802)))",0201,Friedrichshain-Kreuzberg,Friedrichshain,OSM,OSM_SCHOOLS,02G01,OSM_SCHOOLS,relation:19306129,Spartacus-Grundschule,,,,,,,,,,"Friedenstraße 40 - 45, 10249 Berlin",Friedenstraße,40 - 45,10249,Berlin,Bezirksamt Friedrichshain-Kreuzberg von Berlin,,,,+49-30-4202 4930,sekretariat@spartacus.schule.berlin.de,https://spartacus-grundschule.de/,,,True,52.52075621371657,13.435880858360646,True,True
4675785,11001001,Hedwig-Dohm-Schule,52.534014994650285,13.34588436731458,"POLYGON ((13.3464313 52.5343426, 13.3464484 52.5342891, 13.3464585 52.5342593, 13.3464588 52.5341663, 13.3464589 52.5341125, 13.3464597 52.5340527, 13.3464587 52.5340012, 13.3464585 52.5339941, 13.3464587 52.5339501, 13.3463619 52.5339499, 13.3463363 52.5339492, 13.3462804 52.5339223, 13.3463506 52.5338682, 13.3466927 52.5336041, 13.3463126 52.5334192, 13.3461498 52.5335431, 13.3459676 52.5336817, 13.3458703 52.5337558, 13.3456823 52.5336629, 13.3453667 52.5338257, 13.3452968 52.5338618, 13.3451994 52.5339118, 13.3451054 52.5339604, 13.3450165 52.5342574, 13.3451404 52.5342717, 13.3454668 52.5343092, 13.3454513 52.5343666, 13.3455012 52.5343718, 13.3454966 52.5343854, 13.345661 52.5344037, 13.3457157 52.5344108, 13.3456835 52.5345243, 13.3459002 52.5345494, 13.3459582 52.5343635, 13.3464096 52.5344145, 13.3464313 52.5343426))",0102,Mitte,Moabit,OSM,OSM_SCHOOLS,01K09,OSM_SCHOOLS,way:4675785,Hedwig-Dohm-Schule,,,,,,,,,,"Stephanstraße 27, 10559 Berlin",Stephanstraße,27,10559,Berlin,,,,,+49 30 38377131,hedwig-dohm-os@web.de,https://www.hedwig-dohm-os.de/,,,True,52.534014994650285,13.34588436731458,True,True
4675905,11001001,Moabiter Grundschule,52.522073916449465,13.357410032856059,"POLYGON ((13.3573445 52.5227536, 13.3573245 52.5226963, 13.3573091 52.5226982, 13.3572931 52.5226505, 13.3571193 52.5226725, 13.3570947 52.5225938, 13.35701 52.5226044, 13.3569519 52.5226117, 13.3568291 52.5226271, 13.3567648 52.5224362, 13.3566525 52.5224491, 13.3564954 52.5219903, 13.3565631 52.5219811, 13.3565207 52.5218549, 13.3564479 52.5216415, 13.3570759 52.5215593, 13.3571871 52.5215449, 13.3571416 52.521411, 13.3574634 52.5213693, 13.3574978 52.5214786, 13.3575141 52.5215307, 13.3577868 52.5214987, 13.3579991 52.5214812, 13.3580375 52.521478, 13.3582682 52.521459, 13.3583575 52.5218641, 13.3583615 52.5218836, 13.3579193 52.5219328, 13.3579286 52.5219608, 13.3579335 52.5219727, 13.3579424 52.5220014, 13.3580014 52.5221925, 13.3581232 52.5225843, 13.3581831 52.5227844, 13.3577082 52.5228287, 13.3576725 52.52271, 13.3575348 52.5227283, 13.3573445 52.5227536))",0102,Mitte,Moabit,OSM,OSM_SCHOOLS,01G16,OSM_SCHOOLS,way:4675905,Moabiter Grundschule,,,,,,,,,,"Paulstraße 28, 10557 Berlin",Paulstraße,28,10557,Berlin,Bezirksamt Mitte von Berlin,,,,,,https://www.moabiter-grundschule.de/,,,True,52.522073916449465,13.357410032856059,True,True
4675932,11001001,Oberstufenzentrum Banken und Versicherungen,52.52418919503768,13.358978788907132,"POLYGON ((13.3591794 52.5237813, 13.3591479 52.5236766, 13.3591366 52.5236392, 13.3592861 52.5236225, 13.3593528 52.523644, 13.3595579 52.5236325, 13.3596139 52.5236251, 13.3603207 52.5238355, 13.3602404 52.5239349, 13.3599011 52.5243549, 13.3596557 52.5246587, 13.3594668 52.5248925, 13.357608 52.5243366, 13.3577128 52.5242069, 13.3575892 52.523796, 13.3579605 52.5237521, 13.357974 52.5237894, 13.3579767 52.5237977, 13.3580011 52.5238739, 13.3580216 52.5238715, 13.3580367 52.5239185, 13.3589238 52.5238132, 13.358973 52.5238043, 13.3591794 52.5237813))",0102,Mitte,Moabit,OSM,OSM_SCHOOLS,01B01,OSM_SCHOOLS,way:4675932,Oberstufenzentrum Banken und Versicherungen,,,,,,,,,,"Alt-Moabit 10, 10557 Berlin",Alt-Moabit,10,10557,Berlin,,,,,,,http://www.osz-banken-versicherungen.de/,,,True,52.52418919503768,13.358978788907132,True,True
4677755,11001001,Schul-Umwelt-Zentrum Mitte,52.53334045645365,13.340042153652188,"POLYGON ((13.3405013 52.5326952, 13.3405006 52.5329515, 13.3405013 52.5335802, 13.3405011 52.533738, 13.3405029 52.5339437, 13.3396275 52.5338406, 13.3394361 52.5329742, 13.339491 52.532959, 13.3405013 52.5326952))",0102,Mitte,Moabit,OSM,OSM_SCHOOLS,,OSM_SCHOOLS,way:4677755,Schul-Umwelt-Zentrum Mitte,,,,,,,,,,"Birkenstraße 35, 10551 Berlin",Birkenstraße,35,10551,Berlin,,,,,,,,,,True,52.53334045645365,13.340042153652188,True,True
4703540,11001001,Theodor-Heuss-Gemeinschaftsschule (Grundstufe),52.53237530203649,13.335674779258287,"POLYGON ((13.3352159 52.5318431, 13.3358271 52.5317867, 13.3358398 52.5318407, 13.3358624 52.5319343, 13.3358657 52.5319479, 13.3358811 52.5320127, 13.3358849 52.5320284, 13.3359079 52.5321165, 13.335918 52.5321589, 13.3359357 52.532233, 13.3359529 52.5323012, 13.3359627 52.5323423, 13.3359853 52.5324324, 13.3359917 52.5324594, 13.3360072 52.5325244, 13.3360241 52.5325908, 13.3360475 52.5326846, 13.3360723 52.5327906, 13.3361234 52.5329964, 13.3359271 52.5330141, 13.3357828 52.5330035, 13.3357115 52.532994, 13.3357435 52.5328801, 13.335682 52.5328145, 13.3354452 52.5327912, 13.3354149 52.5326537, 13.3353745 52.532491, 13.3353608 52.5324325, 13.33534 52.5323498, 13.33532 52.5322682, 13.3353049 52.5322075, 13.335291 52.5321486, 13.3352671 52.5320519, 13.3352286 52.5318968, 13.3352159 52.5318431))",0102,Mitte,Moabit,OSM,OSM_SCHOOLS,01K10b,OSM_SCHOOLS,way:4703540,Theodor-Heuss-Gemeinschaftsschule (Grundstufe),,,,,,,,,,"Siemensstraße 20, 10551 Berlin",Siemensstraße,20,10551,Berlin,Bezirksamt Mitte von Berlin,,,,,,https://thgberlin.de/,,,True,52.53237530203649,13.335674779258287,True,True
4703555,11001001,Carl-Bolle-Grundschule,52.5284354739768,13.332043922248259,"POLYGON ((13.3328838 52.5282889, 13.3328889 52.5283141, 13.3328057 52.5283228, 13.3324781 52.5283542, 13.3324418 52.5283572, 13.3324356 52.5283326, 13.3323976 52.5283348, 13.3325059 52.5287977, 13.3322185 52.5288249, 13.3320308 52.5288427, 13.3319335 52.528852, 13.331857 52.5288609, 13.3312128 52.5289186, 13.3311439 52.5286466, 13.3311341 52.528578, 13.3318477 52.5285046, 13.3317982 52.5282973, 13.3317059 52.5279729, 13.3322843 52.5279231, 13.3323101 52.5280263, 13.3324066 52.5280195, 13.3325974 52.5280022, 13.3327608 52.5279856, 13.3328252 52.5279801, 13.3328838 52.5282889))",0102,Mitte,Moabit,OSM,OSM_SCHOOLS,01G18,OSM_SCHOOLS,way:4703555,Carl-Bolle-Grundschule,,,,,,,,,,"Waldenserstraße 20, 10551 Berlin",Waldenserstraße,20,10551,Berlin,,,,,,info@carl-bolle.cidsnet.de,http://www.carl-bolle.cidsnet.de,,,True,52.5284354739768,13.332043922248259,True,True
4703652,11001001,St. Paulus Grundschule,52.52804759239305,13.334597994058653,"POLYGON ((13.3350404 52.528559, 13.3344329 52.5286207, 13.334385 52.5284506, 13.33438 52.5284299, 13.3343657 52.5283712, 13.3343154 52.5281714, 13.3342982 52.5281087, 13.3342868 52.5280482, 13.3342729 52.5279948, 13.3342397 52.5278504, 13.3342252 52.527788, 13.3342098 52.5277302, 13.3341656 52.5275287, 13.3347656 52.5274734, 13.3347804 52.5275313, 13.3348363 52.5277677, 13.3348833 52.5279488, 13.3350404 52.528559))",0102,Mitte,Moabit,OSM,OSM_SCHOOLS,01P05,OSM_SCHOOLS,way:4703652,St. Paulus Grundschule,,,,,,,,,,"Waldenserstraße 27, 10551 Berlin",Waldenserstraße,27,10551,Berlin,Erzbistum Berlin,,,,,schulleitung@st-paulus-schule.de,http://www.st-paulus-schule.de/,,,True,52.52804759239305,13.334597994058653,True,True
4720122,11001001,Miriam-Makeba-Grundschule,52.52313660970996,13.330854334579358,"POLYGON ((13.3300364 52.5230021, 13.3299828 52.5230716, 13.3300215 52.5234038, 13.3300558 52.5234109, 13.3302908 52.523426, 13.3303481 52.5234035, 13.3305411 52.5233253, 13.3306639 52.5232771, 13.3307485 52.5232436, 13.3308481 52.5232041, 13.3308505 52.5232033, 13.3308658 52.5232491, 13.3309422 52.5234777, 13.3312314 52.5234418, 13.3312709 52.523555, 13.3316679 52.5235103, 13.3316015 52.5232005, 13.3315856 52.5231264, 13.331533 52.52288, 13.3313138 52.5228988, 13.3313021 52.5228998, 13.331147 52.5229131, 13.331045 52.5229224, 13.3309977 52.5227846, 13.330993 52.5227707, 13.3309509 52.5226454, 13.3305858 52.5227879, 13.3302332 52.5229254, 13.3302084 52.5229351, 13.3300364 52.5230021))",0102,Mitte,Moabit,OSM,OSM_SCHOOLS,01G47,OSM_SCHOOLS,way:4720122,Miriam-Makeba-Grundschule,,,,,,,,,,"Zinzendorfstraße 15-16, 10555 Berlin",Zinzendorfstraße,15-16,10555,Berlin,,,,,,,,,,True,52.52313660970996,13.330854334579358,True,True
4763894,11004004,Gottfried-Keller-Gymnasium,52.52834029763035,13.30176227154438,"POLYGON ((13.3017254 52.529032, 13.3016373 52.5289992, 13.301279 52.5281033, 13.3012559 52.5280481, 13.3012121 52.527939, 13.3011543 52.5277949, 13.3013412 52.5277663, 13.3014269 52.5277523, 13.3013886 52.5276508, 13.3018042 52.5275869, 13.301928 52.5278879, 13.3019465 52.527885, 13.3019992 52.5280089, 13.3020075 52.52803, 13.3021153 52.5282882, 13.3021268 52.528309, 13.3022497 52.5285979, 13.3023987 52.5289388, 13.3021562 52.5289762, 13.302097 52.5289839, 13.3017254 52.529032))",0401,Charlottenburg-Wilmersdorf,Charlottenburg,OSM,OSM_SCHOOLS,04Y04,OSM_SCHOOLS,way:4763894,Gottfried-Keller-Gymnasium,,,,,,,,,,"Olbersstraße 38, 10589 Berlin",Olbersstraße,38,10589,Berlin,,,,,+49 30 9029 273 10,,http://www.gks-berlin.cidsnet.de/,,,True,52.52834029763035,13.30176227154438,True,True
4764105,11004004,Mierendorff-Grundschule,52.52344933949689,13.3034414843547,"POLYGON ((13.30227 52.5226533, 13.3023609 52.5228394, 13.3023738 52.5228655, 13.3023982 52.5229176, 13.3024578 52.5230446, 13.3025198 52.5231762, 13.3025297 52.5231973, 13.3025651 52.5232671, 13.3025605 52.5233547, 13.3023165 52.5233554, 13.3023185 52.5234371, 13.3025766 52.5236399, 13.3028847 52.5238819, 13.3034085 52.5242934, 13.3035554 52.5242239, 13.3041841 52.5242254, 13.3049836 52.5242243, 13.3049831 52.5241702, 13.3047716 52.5241709, 13.3047454 52.5241447, 13.3047367 52.5239065, 13.3046713 52.5238382, 13.3045044 52.5238382, 13.3044075 52.5237416, 13.3041661 52.5237454, 13.3041137 52.523272, 13.3041625 52.5232739, 13.304151 52.5230483, 13.3040188 52.5230477, 13.3038665 52.5229469, 13.303884 52.5227329, 13.3037536 52.5226463, 13.3033226 52.5226442, 13.3032833 52.522613, 13.3031867 52.5226107, 13.3031 52.5226442, 13.3022934 52.5226424, 13.30227 52.5226533))",0401,Charlottenburg-Wilmersdorf,Charlottenburg,OSM,OSM_SCHOOLS,04G08,OSM_SCHOOLS,way:4764105,Mierendorff-Grundschule,,,,,,,,,,"Mierendorffstraße 20-24, 10589 Berlin",Mierendorffstraße,20-24,10589,Berlin,Bezirksamt Charlottenburg-Wilmersdorf von Berlin,,,,+49 30 9029 27508,sekretariat@mierendorff-grundschule.de,https://www.mierendorff-grundschule.de/,,,True,52.52344933949689,13.3034414843547,True,True
7216384,11012012,Reineke-Fuchs-Grundschule,52.57354912613445,13.310340894288705,"POLYGON ((13.3099223 52.5743687, 13.3101319 52.5743267, 13.3103412 52.5742985, 13.3104552 52.5742831, 13.3104542 52.5742475, 13.3108797 52.5741295, 13.3110896 52.5741185, 13.3110849 52.5740637, 13.3110631 52.5738794, 13.3110456 52.5737409, 13.3110286 52.5735747, 13.3110228 52.5733692, 13.3110184 52.5733094, 13.3109831 52.5733102, 13.3108583 52.5733128, 13.3106553 52.5733172, 13.3106453 52.5731932, 13.3106464 52.573073, 13.3106367 52.5728612, 13.3103662 52.5728688, 13.3103653 52.5728265, 13.3103649 52.5727605, 13.3103646 52.5727199, 13.3103322 52.5727179, 13.3096946 52.5727402, 13.3097375 52.5730507, 13.3097385 52.5730573, 13.3098009 52.5734861, 13.3098483 52.573819, 13.3098884 52.5740749, 13.309892 52.5741124, 13.3098945 52.5741386, 13.3099071 52.5742488, 13.3099163 52.574323, 13.3099223 52.5743687))",1201,Reinickendorf,Reinickendorf,OSM,OSM_SCHOOLS,12G30,OSM_SCHOOLS,way:7216384,Reineke-Fuchs-Grundschule,,,,,,,,,,"Foxweg 15, 13403 Berlin",Foxweg,15,13403,Berlin,,,,,+49304132055,info@reineke-fuchs-grundschule.de,http://www.reineke-fuchs-grundschule.de/,,,True,52.57354912613445,13.310340894288705,True,True
8002327,11005005,,52.54581685953102,13.270394171949228,"POLYGON ((13.2719349 52.5454717, 13.2722333 52.5450126, 13.2719727 52.5449623, 13.2705548 52.5446886, 13.2699262 52.5445663, 13.2698554 52.5445525, 13.2697021 52.5445227, 13.2695943 52.544559, 13.2686868 52.5465762, 13.2701618 52.5469486, 13.2700937 52.5470442, 13.2708981 52.5472617, 13.2719349 52.5454717))",0503,Spandau,Siemensstadt,OSM,OSM_SCHOOLS,,OSM_SCHOOLS,way:8002327,,,,,,,,,,,,,,,,,,,,,,,,,True,52.54581685953102,13.270394171949228,True,True
8036855,11012012,Willkommensschule TXL,52.55240916116841,13.300476213248167,"POLYGON ((13.3012158 52.5525056, 13.3012535 52.5524765, 13.3012609 52.5524334, 13.3009177 52.5520355, 13.2996942 52.5523186, 13.2999867 52.5527875, 13.3012158 52.5525056))",1202,Reinickendorf,Tegel,OSM,OSM_SCHOOLS,12A44,OSM_SCHOOLS,way:8036855,Willkommensschule TXL,,,,,,,,,,"Saatwinkler Damm 42, 13405 Berlin",Saatwinkler Damm,42,13405,Berlin,,,,,,,,,,True,52.55240916116841,13.300476213248167,True,True
8073110,11012012,Benjamin-Franklin-Oberschule,52.58205439079362,13.299700918678955,"POLYGON ((13.3015985 52.5816659, 13.3005537 52.5825306, 13.3005136 52.5825125, 13.3001361 52.5823421, 13.299701 52.5826978, 13.2989497 52.5826556, 13.2977853 52.5825902, 13.29782 52.5823566, 13.2978523 52.5821233, 13.2978439 52.582068, 13.2979121 52.582047, 13.2981347 52.5819782, 13.298386 52.5819897, 13.2995438 52.5816174, 13.3007262 52.5812371, 13.3007454 52.5812228, 13.3007887 52.5811904, 13.3008277 52.5813171, 13.3015985 52.5816659))",1211,Reinickendorf,Borsigwalde,OSM,OSM_SCHOOLS,12K06,OSM_SCHOOLS,way:8073110,Benjamin-Franklin-Oberschule,,,,,,,,,,"Sommerfelder Straße 5-7, 13509 Berlin",Sommerfelder Straße,5-7,13509,Berlin,,,,,+493043983810,,http://www.franklin.cidsnet.de/,,,True,52.58205439079362,13.299700918678955,True,True
8097859,11004004,Comenius-Schule,52.48852702692759,13.318617951911861,"POLYGON ((13.3182288 52.4880282, 13.31822 52.4888556, 13.3182104 52.4890945, 13.3182461 52.4890952, 13.3182454 52.4891884, 13.3182441 52.4892278, 13.3182336 52.4892276, 13.3182319 52.4892648, 13.3183745 52.4892746, 13.3183978 52.4891491, 13.3184 52.4890987, 13.3184053 52.4888582, 13.318569 52.4888604, 13.319293 52.488857, 13.3192991 52.4886741, 13.3193079 52.4884748, 13.319125 52.4884791, 13.3189997 52.4884821, 13.3188916 52.4884805, 13.3187969 52.4884802, 13.3187978 52.4884418, 13.3187074 52.4884409, 13.3187147 52.4883056, 13.3187212 52.4881391, 13.3187347 52.4881392, 13.3187397 52.4879727, 13.3186518 52.4879715, 13.3186666 52.4878248, 13.3186309 52.4877944, 13.3182288 52.4880282))",0402,Charlottenburg-Wilmersdorf,Wilmersdorf,OSM,OSM_SCHOOLS,04S07,OSM_SCHOOLS,way:8097859,Comenius-Schule,,,,,,,,,,"Gieselerstraße 4, 10713 Berlin",Gieselerstraße,4,10713,Berlin,Bezirksamt Charlottenburg-Wilmersdorf von Berlin,,,,+49 30 8649950,sekretariat@schule-comenius.de,https://www.schule-comenius.de/,,,True,52.48852702692759,13.318617951911861,True,True
8097860,11004004,Robert-Jungk-Oberschule,52.49432356300465,13.318775790593268,"POLYGON ((13.3182657 52.4935881, 13.3176623 52.4936423, 13.3177634 52.4940456, 13.3177806 52.494109, 13.3179684 52.4948032, 13.3180335 52.4950529, 13.3182581 52.4950315, 13.3185526 52.495002, 13.318598 52.4952162, 13.3186569 52.4954946, 13.3187573 52.4959689, 13.3187768 52.4960614, 13.3194013 52.4959875, 13.3194493 52.4959819, 13.3197448 52.4959469, 13.3196487 52.4954196, 13.3196285 52.4952947, 13.3196159 52.4952955, 13.3195777 52.495298, 13.3195773 52.4952959, 13.3195753 52.4952849, 13.3195717 52.4952645, 13.3195416 52.4950941, 13.3195362 52.4950639, 13.3195733 52.4950627, 13.3195839 52.4950616, 13.3195593 52.4949353, 13.3195537 52.4949048, 13.3191839 52.4928335, 13.3191543 52.4926683, 13.3189083 52.4926844, 13.3182806 52.4927304, 13.3180827 52.4927412, 13.3182657 52.4935881))",0402,Charlottenburg-Wilmersdorf,Wilmersdorf,OSM,OSM_SCHOOLS,04K03,OSM_SCHOOLS,way:8097860,Robert-Jungk-Oberschule,,,,,,,,,,,,,,,Land Berlin,,,,,,,,,True,52.49432356300465,13.318775790593268,True,True
8614319,11006006,Lilienthal-Gymnasium,52.43607548537923,13.312633765710325,"POLYGON ((13.3116343 52.435824, 13.3118584 52.4361596, 13.312044 52.4364345, 13.3122105 52.4366627, 13.3131019 52.4364404, 13.3134347 52.4368165, 13.3134838 52.4368083, 13.3133922 52.436612, 13.3134484 52.4365654, 13.3132532 52.4361466, 13.3133175 52.4361173, 13.3134381 52.436062, 13.3134852 52.4360454, 13.3135118 52.4360355, 13.3135607 52.4360173, 13.3136402 52.4359877, 13.3133398 52.4357117, 13.3133157 52.4356804, 13.3132473 52.4356087, 13.3131516 52.4355685, 13.3117474 52.4356938, 13.3117288 52.4356973, 13.3117108 52.4357019, 13.3116911 52.4357091, 13.3116776 52.4357158, 13.3116644 52.4357236, 13.3116533 52.4357326, 13.3116443 52.4357424, 13.3116361 52.4357523, 13.3116306 52.4357615, 13.3116265 52.4357717, 13.311625 52.4357816, 13.3116246 52.4357921, 13.3116254 52.4358033, 13.3116282 52.4358119, 13.3116343 52.435824))",0602,Steglitz-Zehlendorf,Lichterfelde,OSM,OSM_SCHOOLS,06Y10,OSM_SCHOOLS,way:8614319,Lilienthal-Gymnasium,,,,,,,,,,"Ringstraße 2-3, 12203 Berlin",Ringstraße,2-3,12203,Berlin,Bezirksamt Steglitz-Zehlendorf von Berlin,,,,+49 30 84415360,sekretariat@lilienthal-gymnasium-berlin.de,https://lilienthal-gymnasium-berlin.de/,,,True,52.43607548537923,13.312633765710325,True,True
9511348,11004004,Goethe-Gymnasium,52.487344417384726,13.321679896023895,"POLYGON ((13.3209503 52.4875552, 13.3209534 52.4875198, 13.3209642 52.4875204, 13.3209663 52.4874075, 13.3209684 52.487365, 13.3209612 52.4873642, 13.3209636 52.4873253, 13.3209644 52.4873074, 13.3210249 52.4873081, 13.3210399 52.4871221, 13.3211791 52.4871237, 13.3211997 52.4871237, 13.3213455 52.4871209, 13.3213762 52.48712, 13.3214602 52.4871181, 13.3214816 52.4871179, 13.3215772 52.4871161, 13.3216488 52.4871142, 13.321709 52.4871126, 13.3218044 52.4871101, 13.3218603 52.4871083, 13.3218777 52.487108, 13.3219492 52.4871058, 13.3220452 52.4871032, 13.3221294 52.4871005, 13.3223127 52.4870954, 13.3223154 52.4870955, 13.3223605 52.4874952, 13.3223642 52.4874951, 13.3223651 52.4875072, 13.3223662 52.4875397, 13.3222957 52.4875808, 13.3209503 52.4875552))",0402,Charlottenburg-Wilmersdorf,Wilmersdorf,OSM,OSM_SCHOOLS,04Y11,OSM_SCHOOLS,way:9511348,Goethe-Gymnasium,,,,,,,,,,"Gasteiner Straße 23, 10717 Berlin",Gasteiner Straße,23,10717,Berlin,Bezirksamt Charlottenburg-Wilmersdorf von Berlin,,,,+49 30 8649960,info.goethe-gymnasium@t-online.de,https://goethe-gymnasium.berlin/,,,True,52.487344417384726,13.321679896023895,True,True
9586247,11012012,Hermann-Schulz-Grundschule,52.57313807610473,13.325028323074141,"POLYGON ((13.3260962 52.5736766, 13.3260884 52.5735887, 13.3260809 52.5735039, 13.3260233 52.5727807, 13.3260133 52.5727766, 13.3240578 52.5725952, 13.3238998 52.5726029, 13.3234405 52.5727198, 13.3232101 52.572781, 13.3233206 52.5728064, 13.3233662 52.5728267, 13.3234019 52.5728578, 13.3234219 52.5728897, 13.3235377 52.5728734, 13.3239743 52.5728375, 13.3241458 52.5728287, 13.3243162 52.572826, 13.3243345 52.572965, 13.3241666 52.5729721, 13.32421 52.5733526, 13.3242117 52.5733859, 13.3247285 52.5733664, 13.3247399 52.5734868, 13.32442 52.5734961, 13.3244359 52.5736612, 13.324825 52.5736522, 13.3248298 52.5737286, 13.3260962 52.5736766))",1201,Reinickendorf,Reinickendorf,OSM,OSM_SCHOOLS,12G29,OSM_SCHOOLS,way:9586247,Hermann-Schulz-Grundschule,,,,,,,,,,,,,,,,,,,+49 304132008,,,,,True,52.57313807610473,13.325028323074141,True,True
9590819,11012012,Mark-Twain-Grundschule,52.568710716283896,13.326592523741718,"POLYGON ((13.3261706 52.5695877, 13.3266767 52.5695196, 13.3277241 52.5693753, 13.3277131 52.5693438, 13.3272997 52.5681979, 13.3272887 52.5681647, 13.3265878 52.5682567, 13.3264763 52.5679402, 13.3263986 52.5677199, 13.3263182 52.5677307, 13.3255211 52.567839, 13.3261347 52.5694908, 13.3261706 52.5695877))",1201,Reinickendorf,Reinickendorf,OSM,OSM_SCHOOLS,12G07,OSM_SCHOOLS,way:9590819,Mark-Twain-Grundschule,,,,,,,,,,,,,,,,,,,,,,,,True,52.568710716283896,13.326592523741718,True,True
9861650,11004004,Marie-Curie-Oberschule,52.480413335935324,13.324920411196233,"POLYGON ((13.3244912 52.4808406, 13.3244889 52.4807486, 13.3244889 52.4806615, 13.3245031 52.4806617, 13.3244985 52.4802162, 13.3244793 52.4802148, 13.3244793 52.4801369, 13.3244799 52.480035, 13.3251787 52.480031, 13.3254591 52.4800297, 13.325459 52.4801484, 13.3254625 52.4803246, 13.3252664 52.4803236, 13.3252673 52.480836, 13.3251888 52.4808362, 13.3248492 52.4808398, 13.3247869 52.4808404, 13.3244912 52.4808406))",0402,Charlottenburg-Wilmersdorf,Wilmersdorf,OSM,OSM_SCHOOLS,04Y10,OSM_SCHOOLS,way:9861650,Marie-Curie-Oberschule,,,,,,,,,,"Weimarische Straße 21, 10715 Berlin",Weimarische Straße,21,10715,Berlin,Bezirksamt Charlottenburg-Wilmersdorf von Berlin,,,,+49 30 859949710,sekretariat@mco-berlin.de,http://www.mco-berlin.de/,,,True,52.480413335935324,13.324920411196233,True,True
9861664,11004004,Birger-Forell-Grundschule,52.480593349175706,13.322421008687671,"POLYGON ((13.3218857 52.4808573, 13.3218811 52.480718, 13.3218783 52.4804967, 13.3218754 52.4803351, 13.3221464 52.4803343, 13.3221825 52.4803328, 13.3222349 52.4803326, 13.3224394 52.4803315, 13.3224911 52.4803311, 13.3227514 52.4803297, 13.3229579 52.4803289, 13.3229584 52.4803611, 13.3229635 52.4806895, 13.3229648 52.4807687, 13.3229663 52.4808517, 13.3228252 52.4808526, 13.3226081 52.4808539, 13.3224994 52.4808545, 13.3221551 52.4808565, 13.3220742 52.4808575, 13.3218857 52.4808573))",0402,Charlottenburg-Wilmersdorf,Wilmersdorf,OSM,OSM_SCHOOLS,04G26,OSM_SCHOOLS,way:9861664,Birger-Forell-Grundschule,,,,,,,,,,"Koblenzer Straße 22-24, 10715 Berlin",Koblenzer Straße,22-24,10715,Berlin,Bezirksamt Charlottenburg-Wilmersdorf von Berlin,,,,+49 30 8577180,sekretariat@birger-forell.schule.berlin.de,https://birger-forell-grundschule.de,,,True,52.480593349175706,13.322421008687671,True,True
9861854,11004004,Friedrich-Ebert-Gymnasium,52.484599770935304,13.318567752660378,"POLYGON ((13.3171859 52.4841933, 13.3186316 52.484191, 13.3189441 52.4841905, 13.3192755 52.4841937, 13.3196124 52.4841933, 13.3196131 52.4842972, 13.3196136 52.484369, 13.3196149 52.484546, 13.3196156 52.4846458, 13.3196203 52.4849859, 13.3196216 52.4850166, 13.3195805 52.4850167, 13.3195743 52.4851107, 13.3195631 52.4852356, 13.3193926 52.4852273, 13.3188317 52.4851991, 13.3186546 52.4851905, 13.3186507 52.4850703, 13.3186476 52.4849586, 13.3186473 52.484946, 13.3186451 52.4848436, 13.3186443 52.4848084, 13.3186438 52.4847798, 13.317206 52.4847814, 13.3171859 52.4841933))",0402,Charlottenburg-Wilmersdorf,Wilmersdorf,OSM,OSM_SCHOOLS,04Y07,OSM_SCHOOLS,way:9861854,Friedrich-Ebert-Gymnasium,,,,,,,,,,"Blissestraße 22, 10713 Berlin",Blissestraße,22,10713,Berlin,,,,,,,,,,True,52.484599770935304,13.318567752660378,True,True
9896817,11010010,Rudolf-Virchow-Oberschule,52.55675706213089,13.576803917296566,"POLYGON ((13.5750175 52.5552829, 13.5751475 52.5556534, 13.575279 52.5560309, 13.5754826 52.5560948, 13.5761106 52.5578393, 13.5760362 52.5579388, 13.5760621 52.5580029, 13.5760855 52.5580619, 13.5761006 52.5581071, 13.5762294 52.558164, 13.5762919 52.5583315, 13.5776083 52.5581627, 13.5775612 52.5580362, 13.5777405 52.5580391, 13.5779486 52.5580049, 13.5781363 52.5579331, 13.5782683 52.5578327, 13.5783525 52.5577064, 13.5783665 52.5575836, 13.5779984 52.5565355, 13.5781202 52.5565192, 13.5780977 52.5564091, 13.5780896 52.556288, 13.5780163 52.5561497, 13.5778167 52.5556039, 13.5772443 52.5556788, 13.5772086 52.5556708, 13.5763476 52.5557781, 13.5761438 52.5551996, 13.57611 52.5551036, 13.5752605 52.5552428, 13.5750175 52.5552829))",1001,Marzahn-Hellersdorf,Marzahn,OSM,OSM_SCHOOLS,10K01,OSM_SCHOOLS,way:9896817,Rudolf-Virchow-Oberschule,,,,,,,,,,"Glambecker Ring 90, 12679 Berlin",Glambecker Ring,90,12679,Berlin,,,,,+4930 93029818 0,kontakt@rvo-berlin.de,http://www.rvo-berlin.de,,,True,52.55675706213089,13.576803917296566,True,True
11377733,11010010,Gretel-Bergmann-Gemeinschaftsschule,52.558531377853384,13.562956602826482,"POLYGON ((13.5641346 52.558175, 13.5638046 52.5582143, 13.5638092 52.5582313, 13.5632443 52.5582994, 13.5632393 52.5582551, 13.5622418 52.5580764, 13.5619913 52.558156, 13.5617945 52.557932, 13.5617437 52.5579481, 13.5615131 52.5580213, 13.5617355 52.5582928, 13.5617459 52.5583054, 13.5622008 52.5588323, 13.56231 52.5589312, 13.562478 52.5591201, 13.5628616 52.5589959, 13.5628895 52.5589869, 13.5630162 52.5589497, 13.5630545 52.55894, 13.5630878 52.5589485, 13.5642308 52.5588194, 13.5642176 52.5587796, 13.5643216 52.5587693, 13.5641346 52.558175))",1001,Marzahn-Hellersdorf,Marzahn,OSM,OSM_SCHOOLS,,OSM_SCHOOLS,way:11377733,Gretel-Bergmann-Gemeinschaftsschule,,,,,,,,,,,,,,,,,,,,,https://gretel-bergmann-gems.de/unsere-gemeinschaftsschule/berufsorientierung/,,,True,52.558531377853384,13.562956602826482,True,True
19648980,11006006,Clemens-Brentano Grundschule,52.433645380536724,13.293568259443887,"POLYGON ((13.293017 52.4340641, 13.2934407 52.4340524, 13.2934528 52.434052, 13.2935383 52.4340496, 13.2936811 52.4340457, 13.294175 52.434032, 13.2941137 52.4332145, 13.2936439 52.4332378, 13.2934012 52.4332498, 13.2929553 52.4332719, 13.2929758 52.4335351, 13.293017 52.4340641))",0602,Steglitz-Zehlendorf,Lichterfelde,OSM,OSM_SCHOOLS,06G25,OSM_SCHOOLS,way:19648980,Clemens-Brentano Grundschule,,,,,,,,,,"Kommandantenstraße 83-84, 12205 Berlin",Kommandantenstraße,83-84,12205,Berlin,,,,,,,,,,True,52.433645380536724,13.293568259443887,True,True
23368595,11012012,Benjamin-Franklin-Oberschule,52.58165525628447,13.300995951454505,"POLYGON ((13.3004837 52.5817603, 13.3005186 52.5817316, 13.3007549 52.5815372, 13.3008479 52.5815789, 13.3008348 52.5815897, 13.3011426 52.5817279, 13.3011548 52.5817179, 13.3012475 52.5817594, 13.301012 52.5819531, 13.3009762 52.5819825, 13.3011018 52.5820389, 13.3015192 52.5816957, 13.3007767 52.5813623, 13.3003601 52.5817048, 13.3004837 52.5817603))",1211,Reinickendorf,Borsigwalde,OSM,OSM_SCHOOLS,,OSM_SCHOOLS,way:23368595,Benjamin-Franklin-Oberschule,,,,,,,,,,,,,,,,,,,,,,,,True,52.58165525628447,13.300995951454505,True,True
23490386,11007007,Gartenarbeitsschule Tempelhof-Schöneberg,52.47280692857348,13.362110808736563,"POLYGON ((13.3618057 52.4738659, 13.3620776 52.4738154, 13.362729 52.4736281, 13.363368 52.4733745, 13.363356 52.4733559, 13.3620233 52.471299, 13.3617215 52.471391, 13.3618423 52.4719364, 13.3611924 52.4719722, 13.3611852 52.4721329, 13.361279 52.4722495, 13.361351 52.4725725, 13.3613391 52.4726662, 13.3613913 52.4730485, 13.3613263 52.4732204, 13.3613365 52.4738991, 13.3615159 52.4738902, 13.3618057 52.4738659))",0701,Tempelhof-Schöneberg,Schöneberg,OSM,OSM_SCHOOLS,,OSM_SCHOOLS,way:23490386,Gartenarbeitsschule Tempelhof-Schöneberg,,,,,,,,,,"Matthäifriedhofsweg 15, 10829 Berlin",Matthäifriedhofsweg,15,10829,Berlin,Bezirksamt Tempelhof-Schöneberg,,,,,,https://www.berlin.de/ba-tempelhof-schoeneberg/politik-und-verwaltung/aemter/schul-und-sportamt/gartenarbeitsschule/,,,True,52.47280692857348,13.362110808736563,True,True
24003214,11012012,Reginhard-Grundschule,52.56363319183998,13.369956021755083,"POLYGON ((13.3694312 52.5639271, 13.3703874 52.5639577, 13.3703949 52.5639078, 13.3705171 52.5633499, 13.3694949 52.5633125, 13.3694837 52.563404, 13.3694834 52.5634068, 13.3694748 52.5634909, 13.3694637 52.563598, 13.3694612 52.5636226, 13.3694594 52.5636405, 13.369457 52.5636636, 13.369439 52.56382, 13.369436 52.5638703, 13.3694362 52.5638757, 13.3694312 52.5639271))",1201,Reinickendorf,Reinickendorf,OSM,OSM_SCHOOLS,12G03,OSM_SCHOOLS,way:24003214,Reginhard-Grundschule,,,,,,,,,,,,,,,,,,,+4930 480963 63,,http://www.reginhard.cidsnet.de,,,True,52.56363319183998,13.369956021755083,True,True
24032239,11009009,Grünauer Schule,52.41970914305526,13.576731000311213,"POLYGON ((13.5758139 52.4189822, 13.5758994 52.4188241, 13.5768148 52.4189884, 13.5768933 52.4188874, 13.5775943 52.4190729, 13.5772961 52.4194232, 13.5778959 52.419556, 13.5783894 52.4196661, 13.5784025 52.419669, 13.5777181 52.420536, 13.5766426 52.4201853, 13.5763806 52.4204555, 13.5762145 52.4204066, 13.5752336 52.4200937, 13.5756489 52.4193327, 13.5757131 52.4192662, 13.5758396 52.41901, 13.5758139 52.4189822))",0913,Treptow-Köpenick,Grünau,OSM,OSM_SCHOOLS,09K09,OSM_SCHOOLS,way:24032239,Grünauer Schule,,,,,,,,,,"Walchenseestraße 40, 12527 Berlin",Walchenseestraße,40,12527,Berlin,,,,,,,,,,True,52.41970914305526,13.576731000311213,True,True
24046057,11001001,Canisius-Kolleg Berlin (Jesuitengymnasium),52.50885631676098,13.35434301447964,"POLYGON ((13.3546653 52.5079733, 13.353838 52.5081273, 13.3532854 52.5082295, 13.3532485 52.508351, 13.3536036 52.5090671, 13.3538328 52.5095265, 13.3555161 52.5096784, 13.3553583 52.5093576, 13.3546653 52.5079733))",0104,Mitte,Tiergarten,OSM,OSM_SCHOOLS,01P06,OSM_SCHOOLS,way:24046057,Canisius-Kolleg Berlin (Jesuitengymnasium),,,,,,,,,,"Tiergartenstraße 30/31, 10785 Berlin",Tiergartenstraße,30/31,10785,Berlin,Societas Jesu,,,,,,http://www.canisius.de/,,,True,52.50885631676098,13.35434301447964,True,True
24051016,11009009,Fritz-Kühn-Schule,52.401051803950395,13.563998492499392,"POLYGON ((13.5649065 52.401506, 13.5646745 52.4004952, 13.5631157 52.4006316, 13.5631711 52.4009479, 13.5631681 52.4011115, 13.5630196 52.4013816, 13.5636531 52.4015101, 13.5637515 52.4015263, 13.5638984 52.4015574, 13.5639683 52.4015451, 13.5640778 52.4015685, 13.5646538 52.4015251, 13.5648713 52.4015087, 13.5649065 52.401506))",0908,Treptow-Köpenick,Bohnsdorf,OSM,OSM_SCHOOLS,09K03,OSM_SCHOOLS,way:24051016,Fritz-Kühn-Schule,,,,,,,,,,"Dahmestraße 45, 12526 Berlin",Dahmestraße,45,12526,Berlin,,,,,+49 30 676 42 43,info@fritz-kuehn-schule.de,https://www.fritz-kuehn-schule.de/,,,True,52.401051803950395,13.563998492499392,True,True
24154870,11009009,Heide-Grundschule,52.43879963061993,13.544275556244546,"POLYGON ((13.544703 52.4395715, 13.5455481 52.4388588, 13.5457514 52.4389474, 13.5457881 52.4390053, 13.5459126 52.438901, 13.5438643 52.4379979, 13.5428709 52.4388347, 13.5435684 52.4391386, 13.5441569 52.4394066, 13.5442015 52.4393667, 13.5444037 52.4394625, 13.5444241 52.439446, 13.5445285 52.4394921, 13.544703 52.4395715))",0907,Treptow-Köpenick,Adlershof,OSM,OSM_SCHOOLS,09G09,OSM_SCHOOLS,way:24154870,Heide-Grundschule,,,,,,,,,,"Florian-Geyer-Straße 87, 12489 Berlin",Florian-Geyer-Straße,87,12489,Berlin,,,,,+493067822789,,http://www.heideschule-berlin.de/,,,True,52.43879963061993,13.544275556244546,True,True
24155176,11009009,Heide-Grundschule Haus II,52.44262264671167,13.55210551978448,"POLYGON ((13.5522439 52.4422134, 13.5524975 52.4424303, 13.5527523 52.4423295, 13.5528455 52.4424076, 13.5530474 52.4423194, 13.5532778 52.4425222, 13.5528219 52.4427234, 13.5527167 52.4426329, 13.5523172 52.4428022, 13.5522878 52.442776, 13.5516108 52.4430749, 13.5514942 52.4429957, 13.5514008 52.4429329, 13.5510785 52.4427627, 13.5510843 52.4427176, 13.5522439 52.4422134))",0907,Treptow-Köpenick,Adlershof,OSM,OSM_SCHOOLS,09G09b,OSM_SCHOOLS,way:24155176,Heide-Grundschule Haus II,,,,,,,,,,"Waldstraße 7, 12489 Berlin",Waldstraße,7,12489,Berlin,,,,,,,,,,True,52.44262264671167,13.55210551978448,True,True
24160576,11006006,Anna-Essinger-Gemeinschaftsschule (Sek I+II),52.43855509424839,13.310711744254716,"POLYGON ((13.3095273 52.4389055, 13.3096409 52.4389514, 13.3097053 52.4389774, 13.3097488 52.438995, 13.3102473 52.4391963, 13.3103065 52.4391423, 13.3103134 52.439136, 13.3104118 52.4390462, 13.3104255 52.4390334, 13.3104638 52.4389988, 13.3105275 52.4389407, 13.3105538 52.4389166, 13.310559 52.438912, 13.3105803 52.4388925, 13.310591 52.4388827, 13.3106117 52.4388639, 13.31063 52.4388471, 13.3107237 52.4387616, 13.3107765 52.4387135, 13.3111068 52.4389305, 13.3117298 52.438542, 13.3113225 52.4382801, 13.3115837 52.4381161, 13.3111762 52.4378508, 13.3111352 52.4378749, 13.311113 52.437888, 13.3106571 52.4381568, 13.3106375 52.4381683, 13.3106149 52.4381817, 13.3105672 52.4382098, 13.310554 52.4382175, 13.3105422 52.4382245, 13.3103409 52.4383431, 13.3103179 52.438357, 13.3102941 52.4383713, 13.3102757 52.4383824, 13.3097927 52.43872, 13.3096382 52.4388281, 13.3095273 52.4389055))",0602,Steglitz-Zehlendorf,Lichterfelde,OSM,OSM_SCHOOLS,06K11,OSM_SCHOOLS,way:24160576,Anna-Essinger-Gemeinschaftsschule (Sek I+II),,,,,,,,,,"Tietzenweg 101, 12203 Berlin",Tietzenweg,101,12203,Berlin,Bezirksamt Steglitz-Zehlendorf von Berlin,,,,+49 30 84416940,sekretariat-os@aegs.de,https://www.aegs.de/,,,True,52.43855509424839,13.310711744254716,True,True
24202514,11009009,Schule am Wildgarten,52.47295228661498,13.487977855996828,"POLYGON ((13.4881637 52.4737281, 13.4891579 52.4726213, 13.4885343 52.472398, 13.4880272 52.4721996, 13.4866996 52.4730963, 13.4872713 52.4733321, 13.4871787 52.4734015, 13.4881637 52.4737281))",0903,Treptow-Köpenick,Baumschulenweg,OSM,OSM_SCHOOLS,09S06,OSM_SCHOOLS,way:24202514,Schule am Wildgarten,,,,,,,,,,"Köpenicker Landstraße 185A, 12437 Berlin",Köpenicker Landstraße,185A,12437,Berlin,Bezirksamt Treptow-Köpenick,,,,,,,,,True,52.47295228661498,13.487977855996828,True,True
24202569,11009009,Sophie-Brahe-Gemeinschaftsschule,52.47677452590852,13.484863542875638,"POLYGON ((13.4840177 52.477159, 13.4840368 52.4769597, 13.4841941 52.4767634, 13.4844301 52.4765327, 13.484705 52.4762433, 13.4848808 52.4762874, 13.4854758 52.4762637, 13.4855478 52.4761932, 13.4858625 52.4763008, 13.4848175 52.4774607, 13.4844304 52.4773285, 13.4844813 52.4772635, 13.4841853 52.4771612, 13.4840877 52.4772443, 13.4840093 52.4772153, 13.4840177 52.477159))",0902,Treptow-Köpenick,Plänterwald,OSM,OSM_SCHOOLS,09K07c,OSM_SCHOOLS,way:24202569,Sophie-Brahe-Gemeinschaftsschule,,,,,,,,,,"Willi-Sänger-Straße 1, 12437 Berlin",Willi-Sänger-Straße,1,12437,Berlin,,,,,,,,,,True,52.47677452590852,13.484863542875638,True,True
24202604,11009009,Sophie-Brahe-Gemeinschaftsschule,52.48246523519277,13.479566411394474,"POLYGON ((13.4785494 52.4823491, 13.4790856 52.482529, 13.4793437 52.4823426, 13.47952 52.4821536, 13.4796796 52.482207, 13.4796978 52.4821871, 13.4798992 52.4822538, 13.4798737 52.4822805, 13.4799581 52.4823097, 13.4798737 52.4824044, 13.4801851 52.4825092, 13.4801925 52.4824997, 13.4802807 52.4825298, 13.4802997 52.4825094, 13.4803519 52.4825282, 13.4803337 52.4825489, 13.4803428 52.4825518, 13.4802429 52.4826653, 13.4802865 52.4826799, 13.4801421 52.482849, 13.479968 52.4827956, 13.480134 52.4826026, 13.4800122 52.4825628, 13.4800161 52.4825576, 13.4794898 52.4823836, 13.479109 52.4826735, 13.4789785 52.4826092, 13.4789915 52.4825983, 13.4784809 52.4824261, 13.4785494 52.4823491))",0902,Treptow-Köpenick,Plänterwald,OSM,OSM_SCHOOLS,,OSM_SCHOOLS,way:24202604,Sophie-Brahe-Gemeinschaftsschule,,,,,,,,,,"Am Plänterwald 23, 12435 Berlin",Am Plänterwald,23,12435,Berlin,,,,,+4930536 33 950,,https://sophie-brahe-schule.de,,,True,52.48246523519277,13.479566411394474,True,True
24202610,11009009,Sophie-Brahe-Gemeinschaftsschule,52.481800668258636,13.47827146444559,"POLYGON ((13.4784959 52.4818224, 13.4778915 52.4815891, 13.4778123 52.4816652, 13.477914 52.4817044, 13.4778799 52.4817372, 13.4779688 52.4817715, 13.4780029 52.4817387, 13.4783507 52.4818729, 13.4783045 52.4819173, 13.4783708 52.4819428, 13.4783462 52.4819665, 13.4783898 52.4819833, 13.4784144 52.4819597, 13.478479 52.4819846, 13.4785265 52.4819389, 13.478628 52.4819781, 13.4787058 52.4819034, 13.4785983 52.4818619, 13.4786179 52.481843, 13.4785155 52.4818035, 13.4784959 52.4818224))",0902,Treptow-Köpenick,Plänterwald,OSM,OSM_SCHOOLS,,OSM_SCHOOLS,way:24202610,Sophie-Brahe-Gemeinschaftsschule,,,,,,,,,,"Am Plänterwald 17/23, 12435 Berlin",Am Plänterwald,17/23,12435,Berlin,,,,,+4930536 33 950,,https://sophie-brahe-schule.de,,,True,52.481800668258636,13.47827146444559,True,True
24202621,11009009,Sophie-Brahe-Schule (Gemeinschaftsschule),52.482537754138534,13.478371326362648,"POLYGON ((13.4798392 52.4827982, 13.4801659 52.4829072, 13.4803362 52.4827097, 13.4807561 52.4828491, 13.481001 52.4825636, 13.4795385 52.4820768, 13.47898 52.481876, 13.477942 52.4814815, 13.477129 52.4821685, 13.4763369 52.4828425, 13.4779872 52.4836229, 13.4782241 52.483418, 13.4783339 52.4833889, 13.4784171 52.483427, 13.4787158 52.4831474, 13.4783982 52.4830349, 13.4787928 52.4826432, 13.4796613 52.4829374, 13.479722 52.4829149, 13.4798392 52.4827982))",0902,Treptow-Köpenick,Plänterwald,OSM,OSM_SCHOOLS,09K07,OSM_SCHOOLS,way:24202621,Sophie-Brahe-Schule (Gemeinschaftsschule),,,,,,,,,,"Am Plänterwald 17/23, 12435 Berlin",Am Plänterwald,17/23,12435,Berlin,Bezirksamt Treptow-Köpenick,,,,+49 30 53633 950,info@sophie-brahe.de,,,,True,52.482537754138534,13.478371326362648,True,True
24216428,11012012,Humboldt-Gymnasium Berlin-Tegel,52.59162318352062,13.289089674911477,"POLYGON ((13.2882689 52.5918401, 13.2883188 52.591885, 13.2895492 52.592012, 13.2896304 52.5919721, 13.2898009 52.5913728, 13.2897295 52.5913216, 13.2887718 52.5912228, 13.2886881 52.5912514, 13.2882689 52.5918401))",1202,Reinickendorf,Tegel,OSM,OSM_SCHOOLS,12Y03,OSM_SCHOOLS,way:24216428,Humboldt-Gymnasium Berlin-Tegel,,,,,,,,,,"Hatzfeldtallee 2-4, 13509 Berlin",Hatzfeldtallee,2-4,13509,Berlin,,,,,+4930 43370 08,buero@humboldtschule-berlin.de,https://www.humboldtschule-berlin.de/,,,True,52.59162318352062,13.289089674911477,True,True
24219821,11009009,Grundschule am Heidekampgraben,52.468152004134744,13.478407114217532,"POLYGON ((13.4793714 52.4679774, 13.4797649 52.4677061, 13.4801128 52.4678929, 13.4792528 52.4684896, 13.4792066 52.4685216, 13.4784637 52.4690135, 13.477063 52.4682656, 13.4770372 52.4682484, 13.4770155 52.4682298, 13.477001 52.4682085, 13.4769916 52.468188, 13.4769872 52.4681633, 13.476992 52.4681409, 13.4770016 52.4681213, 13.4770157 52.4681035, 13.4770357 52.4680852, 13.4781474 52.4673126, 13.4782463 52.4673663, 13.4793714 52.4679774))",0903,Treptow-Köpenick,Baumschulenweg,OSM,OSM_SCHOOLS,09G03,OSM_SCHOOLS,way:24219821,Grundschule am Heidekampgraben,,,,,,,,,,"Hänselstraße 14, 12437 Berlin",Hänselstraße,14,12437,Berlin,Bezirksamt Treptow-Köpenick von Berlin,,,,+49 30 5328424,kontakt@heidekampgraben.de,,,,True,52.468152004134744,13.478407114217532,True,True
24219879,11009009,Sonnenblumen-Grundschule,52.46210427066209,13.48803253542978,"POLYGON ((13.4878961 52.4625863, 13.4875252 52.4623901, 13.4872295 52.462219, 13.4871548 52.4621628, 13.48712 52.46218, 13.4868374 52.4619743, 13.4879014 52.4614384, 13.4889611 52.4620294, 13.4890359 52.4620985, 13.4890783 52.4621836, 13.4890685 52.4622595, 13.4883082 52.4627988, 13.4878961 52.4625863))",0903,Treptow-Köpenick,Baumschulenweg,OSM,OSM_SCHOOLS,09G04,OSM_SCHOOLS,way:24219879,Sonnenblumen-Grundschule,,,,,,,,,,"Radenzer Straße 16, 12437 Berlin",Radenzer Straße,16,12437,Berlin,Bezirksamt Treptow-Köpenick von Berlin,,,,+49 30 5328413,sekretariat@sonnenblumen-grundschule.de,https://www.sonnenblumen-grundschule.de/,,,True,52.46210427066209,13.48803253542978,True,True
24230892,11009009,Archenhold-Gymnasium,52.45070477837722,13.522910209450444,"POLYGON ((13.5224694 52.4503916, 13.5227259 52.4502314, 13.522881 52.4499093, 13.5239245 52.4501036, 13.5239148 52.4501219, 13.5235411 52.4508425, 13.5232806 52.4513258, 13.5232606 52.4513636, 13.5227359 52.4514661, 13.5217007 52.4509126, 13.5217282 52.4508688, 13.5222612 52.4505325, 13.522437 52.4505569, 13.5225283 52.4504996, 13.5225858 52.4504624, 13.5224694 52.4503916))",0905,Treptow-Köpenick,Niederschöneweide,OSM,OSM_SCHOOLS,09Y03,OSM_SCHOOLS,way:24230892,Archenhold-Gymnasium,,,,,,,,,,"Rudower Straße 7, 12439 Berlin",Rudower Straße,7,12439,Berlin,,,,,+49 30 6360195,,https://pi.archenhold.de/,,,True,52.45070477837722,13.522910209450444,True,True
24264068,11002002,Heinrich-Hertz-Gymnasium,52.51718089836754,13.462920091674802,"POLYGON ((13.462323 52.5175142, 13.4622513 52.5174074, 13.4621937 52.5172922, 13.4621226 52.517152, 13.4621149 52.5171357, 13.462059 52.5170257, 13.462268 52.5169871, 13.4623658 52.5169679, 13.4624693 52.5169475, 13.4626246 52.5169198, 13.4629995 52.5168524, 13.46316 52.516824, 13.4632074 52.5168163, 13.4632649 52.516807, 13.4633669 52.5167904, 13.4635427 52.5167594, 13.4635955 52.5168682, 13.4636752 52.5170326, 13.4637321 52.5171493, 13.4637587 52.5172102, 13.4637812 52.5172552, 13.4637063 52.5172684, 13.4636234 52.5172829, 13.4636076 52.5172858, 13.4635387 52.5172978, 13.4633833 52.5173263, 13.4633045 52.5173402, 13.4632174 52.5173564, 13.4629876 52.5173967, 13.4630191 52.5174655, 13.4630503 52.5175305, 13.4631167 52.517664, 13.4628007 52.5177202, 13.4626672 52.5174539, 13.462323 52.5175142))",0201,Friedrichshain-Kreuzberg,Friedrichshain,OSM,OSM_SCHOOLS,02Y03,OSM_SCHOOLS,way:24264068,Heinrich-Hertz-Gymnasium,,,,,,,,,,"Rigaer Straße 81-82, 10247 Berlin",Rigaer Straße,81-82,10247,Berlin,,,,,,,,,,True,52.51718089836754,13.462920091674802,True,True
24305394,11006006,Grundschule am Karpfenteich,52.416836275399206,13.33306443297266,"POLYGON ((13.3326631 52.417208, 13.3325113 52.4169112, 13.3323713 52.4166559, 13.3322355 52.4164833, 13.3320485 52.4162853, 13.3323839 52.416212, 13.3334459 52.4160244, 13.3338756 52.4168751, 13.333989 52.4171006, 13.3340948 52.4173098, 13.3323271 52.4176406, 13.3321562 52.4173265, 13.3326631 52.417208))",0602,Steglitz-Zehlendorf,Lichterfelde,OSM,OSM_SCHOOLS,06G29,OSM_SCHOOLS,way:24305394,Grundschule am Karpfenteich,,,,,,,,,,"Hildburghauser Straße 135-145, 12209 Berlin",Hildburghauser Straße,135-145,12209,Berlin,,,,,,,https://www.grundschule-am-karpfenteich.de/,,,True,52.416836275399206,13.33306443297266,True,True
24305445,11006006,Grundschule unter den Kastanien,52.42584478987969,13.32531442774448,"POLYGON ((13.3247717 52.4252944, 13.325504 52.4254774, 13.3255434 52.4254208, 13.3256954 52.4251948, 13.3265793 52.4254122, 13.3264183 52.4256521, 13.3263843 52.4257028, 13.3259982 52.4262753, 13.3258007 52.4262216, 13.3252737 52.4260923, 13.3248711 52.4266821, 13.3241586 52.4261985, 13.3247717 52.4252944))",0602,Steglitz-Zehlendorf,Lichterfelde,OSM,OSM_SCHOOLS,06G24,OSM_SCHOOLS,way:24305445,Grundschule unter den Kastanien,,,,,,,,,,"Kastanienstraße 6-8, 12209 Berlin",Kastanienstraße,6-8,12209,Berlin,Bezirksamt Steglitz-Zehlendorf von Berlin,,,,+49 30 93951940,info@kastanie.schule.berlin.de,https://www.grundschule-unter-den-kastanien.de,,,True,52.42584478987969,13.32531442774448,True,True
24336072,11001001,Schul-Umwelt-Zentrum Mitte - Gartenarbeitsschule Wedding,52.56109056903067,13.329672673126181,"POLYGON ((13.3303825 52.5616839, 13.330666 52.5619289, 13.3310722 52.5617516, 13.3313508 52.5619061, 13.3317921 52.5616592, 13.3310588 52.5612593, 13.3308152 52.5611338, 13.32899 52.5601993, 13.3287661 52.5600853, 13.3282622 52.5602552, 13.3274996 52.5605048, 13.3268832 52.5607066, 13.3268991 52.5607451, 13.3274834 52.5607144, 13.3283242 52.56044, 13.3288718 52.5607243, 13.3288617 52.5608942, 13.3289245 52.5614698, 13.3291071 52.5617433, 13.3303825 52.5616839))",0105,Mitte,Wedding,OSM,OSM_SCHOOLS,,OSM_SCHOOLS,way:24336072,Schul-Umwelt-Zentrum Mitte - Gartenarbeitsschule Wedding,,,,,,,,,,"Scharnweberstraße 159, 13405 Berlin",Scharnweberstraße,159,13405,Berlin,,,,,,,http://www.suz-mitte.de/,,,True,52.56109056903067,13.329672673126181,True,True
24555831,11012012,Grundschule am Fließtal,52.61543088747378,13.320147048627854,"POLYGON ((13.3191436 52.61567, 13.3196719 52.6158852, 13.3198462 52.6157412, 13.3205991 52.6160707, 13.3214478 52.6153139, 13.3205634 52.6150046, 13.32012 52.6149021, 13.3192083 52.6150873, 13.3189356 52.6152398, 13.3191436 52.61567))",1206,Reinickendorf,Hermsdorf,OSM,OSM_SCHOOLS,12G21,OSM_SCHOOLS,way:24555831,Grundschule am Fließtal,,,,,,,,,,"Seebadstraße 42;43, 13467 Berlin",Seebadstraße,42;43,13467,Berlin,,,,,+4930 404 58 27,buero@gsfliesstal.de,http://www.fliesstal.cidsnet.de,,,True,52.61543088747378,13.320147048627854,True,True
24608193,11012012,Borsigwalder Grundschule,52.58835545586772,13.30571330532419,"POLYGON ((13.3052886 52.5876102, 13.3053228 52.5876253, 13.3056683 52.5877779, 13.3057165 52.5878, 13.3057852 52.5877441, 13.3061724 52.5879164, 13.3065483 52.5880831, 13.3065346 52.588094, 13.3066011 52.5881247, 13.3069646 52.5882854, 13.3059629 52.5891386, 13.3051359 52.5887601, 13.304632 52.588538, 13.3049182 52.5883007, 13.3046115 52.5881743, 13.3052886 52.5876102))",1211,Reinickendorf,Borsigwalde,OSM,OSM_SCHOOLS,12G12,OSM_SCHOOLS,way:24608193,Borsigwalder Grundschule,,,,,,,,,,,,,,,,,,,+4930 43 22 051,sekretariat@borsigwaldergs.de,https://borsigwaldergs.de/,,,True,52.58835545586772,13.30571330532419,True,True
24608194,11012012,Toulouse-Lautrec-Schule,52.58914085115048,13.304598623956473,"POLYGON ((13.3044473 52.5899965, 13.3059629 52.5891386, 13.3051359 52.5887601, 13.304632 52.588538, 13.3049182 52.5883007, 13.3046115 52.5881743, 13.3034302 52.5891636, 13.3044473 52.5899965))",1211,Reinickendorf,Borsigwalde,OSM,OSM_SCHOOLS,12S06,OSM_SCHOOLS,way:24608194,Toulouse-Lautrec-Schule,,,,,,,,,,"Miraustraße 126, 13509 Berlin",Miraustraße,126,13509,Berlin,,,,,+49 30 4332097,sekretariat@toulouse-lautrec-schule.de,http://www.tls.cidsnet.de,,,True,52.58914085115048,13.304598623956473,True,True
24608223,11012012,Paul-Löbe-Oberschule,52.57298220806063,13.354076418353172,"POLYGON ((13.353604 52.573443, 13.3547571 52.5733581, 13.3547316 52.5732211, 13.3547674 52.573132, 13.3546754 52.5726793, 13.354195 52.572701, 13.3541485 52.5724813, 13.3534186 52.5725364, 13.353604 52.573443))",1201,Reinickendorf,Reinickendorf,OSM,OSM_SCHOOLS,12K04,OSM_SCHOOLS,way:24608223,Paul-Löbe-Oberschule,,,,,,,,,,"Lindauer Allee 23-25, 13407 Berlin",Lindauer Allee,23-25,13407,Berlin,,,,,+4930 495 70 2627,paul-loebe-schule@gmx.de,https://www.paul-loebe-schule.de/,,,True,52.57298220806063,13.354076418353172,True,True
24864104,11004004,Evangelisches Gymnasium zum Grauen Kloster,52.48520046542746,13.293032138076956,"POLYGON ((13.2935046 52.4860241, 13.2927385 52.4860814, 13.2926859 52.4858018, 13.2926372 52.4850891, 13.2926344 52.4850462, 13.2926186 52.4848, 13.2926046 52.484591, 13.2925654 52.4843565, 13.2933252 52.4843086, 13.2934189 52.4851856, 13.2935046 52.4860241))",0403,Charlottenburg-Wilmersdorf,Schmargendorf,OSM,OSM_SCHOOLS,04P11,OSM_SCHOOLS,way:24864104,Evangelisches Gymnasium zum Grauen Kloster,,,,,,,,,,"Salzbrunner Straße 41-47, 14193 Berlin",Salzbrunner Straße,41-47,14193,Berlin,Evangelische Schulstiftung in der EKBO,,,,,,,,,True,52.48520046542746,13.293032138076956,True,True
24917388,11001001,Humboldthain Grundschule,52.54351897273747,13.379660756838023,"POLYGON ((13.3793082 52.5430514, 13.3794684 52.5429527, 13.3797886 52.5431685, 13.3803478 52.5435464, 13.3793898 52.544119, 13.3793059 52.543741, 13.3792664 52.5435647, 13.3792699 52.5433937, 13.3793082 52.5430514))",0106,Mitte,Gesundbrunnen,OSM,OSM_SCHOOLS,01G35,OSM_SCHOOLS,way:24917388,Humboldthain Grundschule,,,,,,,,,,"Grenzstraße 7, 13355 Berlin",Grenzstraße,7,13355,Berlin,,,,,+4930 46777 330,sekretariat@humboldthain.schule.berlin.de,https://www.humboldthain-grundschule.de/,,,True,52.54351897273747,13.379660756838023,True,True
24951666,11012012,Till-Eulenspiegel-Grundschule,52.574168103856174,13.34326484157822,"POLYGON ((13.3422254 52.5733076, 13.3429868 52.5736238, 13.3445939 52.5740461, 13.3446357 52.5746438, 13.3432213 52.5746708, 13.3422271 52.5746641, 13.3422254 52.5733076))",1201,Reinickendorf,Reinickendorf,OSM,OSM_SCHOOLS,12G04,OSM_SCHOOLS,way:24951666,Till-Eulenspiegel-Grundschule,,,,,,,,,,"Humboldtstraße 8-13, 13407 Berlin",Humboldtstraße,8-13,13407,Berlin,,,,,+4930 4953050,verwaltung.eulenspiegel@gmx.de,http://www.eulenspiegel.cidsnet.de/,,,True,52.574168103856174,13.34326484157822,True,True
24951769,11012012,Friedrich-Engels-Gymnasium,52.569620586288835,13.356833574751885,"POLYGON ((13.3569568 52.5701866, 13.3573115 52.569979, 13.3575869 52.5697901, 13.357784 52.5696247, 13.3577448 52.56953, 13.3571134 52.5693379, 13.3564016 52.5691213, 13.3562382 52.5692311, 13.3560557 52.5693465, 13.3558124 52.5694705, 13.3558577 52.5694988, 13.3559328 52.5694641, 13.3561384 52.5696208, 13.3560898 52.5696444, 13.3569568 52.5701866))",1201,Reinickendorf,Reinickendorf,OSM,OSM_SCHOOLS,12Y01,OSM_SCHOOLS,way:24951769,Friedrich-Engels-Gymnasium,,,,,,,,,,"Emmentaler Straße 67, 13407 Berlin",Emmentaler Straße,67,13407,Berlin,,,,,+49 30 495 50 56,FEG@freenet.de,https://www.feg.cidsnet.de/,,,True,52.569620586288835,13.356833574751885,True,True
25024442,11012012,Max-Beckmann-Oberschule,52.57236161949848,13.314934459444105,"POLYGON ((13.3146278 52.5733942, 13.3158947 52.5732235, 13.3154389 52.5719904, 13.3152999 52.5716144, 13.3151731 52.5712712, 13.3149956 52.5712954, 13.3147507 52.5713288, 13.3147182 52.5713333, 13.3145807 52.5713524, 13.3141664 52.5714086, 13.3142079 52.5715211, 13.3142352 52.5715948, 13.3142952 52.5717573, 13.3142999 52.5717699, 13.3140471 52.5718044, 13.3141344 52.5720405, 13.3141446 52.5720682, 13.3141575 52.5721031, 13.3141717 52.5721415, 13.3142593 52.5723785, 13.3142667 52.5723986, 13.3143189 52.5725399, 13.3143288 52.5725667, 13.3143768 52.5726963, 13.3146278 52.5733942))",1201,Reinickendorf,Reinickendorf,OSM,OSM_SCHOOLS,12K03,OSM_SCHOOLS,way:25024442,Max-Beckmann-Oberschule,,,,,,,,,,"Auguste-Viktoria-Allee 37, 13403 Berlin",Auguste-Viktoria-Allee,37,13403,Berlin,,,,,+49 30 4134081,schulleitung@m-b-o.net,https://mbo-berlin.de/,,,True,52.57236161949848,13.314934459444105,True,True
25146960,11005005,Schule am Gartenfeld - Filialstandort,52.5271313845638,13.188498564177902,"POLYGON ((13.1885879 52.5274289, 13.1882604 52.526994, 13.1882451 52.5269735, 13.1882212 52.5269429, 13.188185 52.5268964, 13.1884081 52.5268336, 13.1888112 52.5273661, 13.1885879 52.5274289))",0509,Spandau,Wilhelmstadt,OSM,OSM_SCHOOLS,05S03b,OSM_SCHOOLS,way:25146960,Schule am Gartenfeld - Filialstandort,,,,,,,,,,"Seecktstraße 2, 13581 Berlin",Seecktstraße,2,13581,Berlin,,,,,,,,,,True,52.5271313845638,13.188498564177902,True,True
25310181,11007007,ehem. Gustav-Heinemann-Oberschule,52.40702079164629,13.346066573298257,"POLYGON ((13.3438231 52.4073362, 13.3448573 52.4076414, 13.3450433 52.4076957, 13.3464271 52.4080996, 13.3466154 52.4081074, 13.346746 52.4081031, 13.3470918 52.4075895, 13.3472821 52.4072622, 13.3476584 52.406713, 13.3478419 52.4064642, 13.3478657 52.4064319, 13.3478935 52.4063976, 13.3470995 52.4061563, 13.3470531 52.4061424, 13.3470185 52.4061322, 13.3463918 52.4059523, 13.3463076 52.4059806, 13.3461505 52.4059326, 13.3453265 52.4064306, 13.345013 52.4066288, 13.3449827 52.4066201, 13.3438231 52.4073362))",0705,Tempelhof-Schöneberg,Marienfelde,OSM,OSM_SCHOOLS,07K03b,OSM_SCHOOLS,way:25310181,ehem. Gustav-Heinemann-Oberschule,,,,,,,,,,"Waldsassener Straße 62, 12279 Berlin",Waldsassener Straße,62,12279,Berlin,,,,,,,https://gho.berlin/,,,True,52.40702079164629,13.346066573298257,True,True
25341672,11012012,Gustav-Freytag-Schule,52.570465117768165,13.365800365656792,"POLYGON ((13.36604 52.5711825, 13.3655019 52.5714103, 13.365111 52.5712506, 13.3649533 52.5711862, 13.3649263 52.5711752, 13.3647408 52.5710995, 13.3645152 52.5710073, 13.3642747 52.5709091, 13.3644757 52.5707277, 13.3645116 52.5706953, 13.3652054 52.570063, 13.3653046 52.5699717, 13.3653499 52.5699192, 13.3657254 52.5694775, 13.3665393 52.5697634, 13.3667956 52.5698534, 13.3670522 52.5699436, 13.367379 52.57006, 13.3661273 52.5711093, 13.36604 52.5711825))",1201,Reinickendorf,Reinickendorf,OSM,OSM_SCHOOLS,12K05,OSM_SCHOOLS,way:25341672,Gustav-Freytag-Schule,,,,,,,,,,"Breitkopfstraße 68, 13409 Berlin",Breitkopfstraße,68,13409,Berlin,,,,,+4930 4958031,gustav.freytag.schule@gmail.com,http://www.gustav-freytag-schule.de,,,True,52.570465117768165,13.365800365656792,True,True
25492400,11006006,Max-von-Laue Oberschule,52.43647985144716,13.305947579075127,"POLYGON ((13.3058138 52.4374166, 13.3053439 52.4372262, 13.3059403 52.4366792, 13.3056862 52.4365763, 13.3055888 52.4366656, 13.3053189 52.4365563, 13.3054768 52.4364114, 13.305182 52.436292, 13.3053789 52.4361114, 13.3054887 52.4361559, 13.3062127 52.4354919, 13.3066126 52.435654, 13.305917 52.4362918, 13.3066961 52.4366076, 13.3058138 52.4374166))",0602,Steglitz-Zehlendorf,Lichterfelde,OSM,OSM_SCHOOLS,06K08,OSM_SCHOOLS,way:25492400,Max-von-Laue Oberschule,,,,,,,,,,"Dürerstraße 27, 12203 Berlin",Dürerstraße,27,12203,Berlin,Bezirksamt Steglitz-Zehlendorf von Berlin,,,,+49 30 84414920,sekretariat@mvl.schule.berlin.de,http://www.max-von-laue-schule.de/,,,True,52.43647985144716,13.305947579075127,True,True
25492450,11006006,Droste-Hülshoff-Oberschule,52.42834443084979,13.257428599996512,"POLYGON ((13.2564951 52.4288312, 13.2565137 52.4288316, 13.2565369 52.4288283, 13.2565604 52.4288263, 13.2566051 52.4288305, 13.2567362 52.428847, 13.2568158 52.4288707, 13.2568643 52.4288754, 13.2577733 52.428975, 13.2578203 52.4289801, 13.2578861 52.4287668, 13.2579173 52.4287708, 13.2579621 52.4286347, 13.2585908 52.4287044, 13.2587606 52.428086, 13.2587043 52.4280783, 13.2582552 52.4280029, 13.2577977 52.4279204, 13.2574075 52.4278362, 13.2569974 52.4277468, 13.2569908 52.4277335, 13.2568858 52.4277475, 13.25634 52.4278239, 13.256439 52.4285164, 13.2564951 52.4288312))",0604,Steglitz-Zehlendorf,Zehlendorf,OSM,OSM_SCHOOLS,06Y02,OSM_SCHOOLS,way:25492450,Droste-Hülshoff-Oberschule,,,,,,,,,,"Schönower Straße 8, 14165 Berlin",Schönower Straße,8,14165,Berlin,,,,,,,,,,True,52.42834443084979,13.257428599996512,True,True
25492663,11007007,Solling Oberschule,52.41374199175957,13.36585306453566,"POLYGON ((13.3675137 52.4134603, 13.3671291 52.4135763, 13.3670642 52.4135961, 13.3668983 52.4136474, 13.3667258 52.413424, 13.3666013 52.4134629, 13.3663353 52.4131036, 13.3650961 52.413453, 13.3650474 52.4134667, 13.3648666 52.4135182, 13.364666 52.4132256, 13.3642981 52.4133252, 13.3645472 52.4136886, 13.3648446 52.4141239, 13.3650511 52.4144208, 13.3652081 52.4143817, 13.3662395 52.4141278, 13.367099 52.4139073, 13.3671222 52.4139362, 13.3672035 52.413912, 13.3676415 52.4137775, 13.3677467 52.4137441, 13.3675137 52.4134603))",0705,Tempelhof-Schöneberg,Marienfelde,OSM,OSM_SCHOOLS,07K05,OSM_SCHOOLS,way:25492663,Solling Oberschule,,,,,,,,,,"Alt-Marienfelde 52, 12277 Berlin",Alt-Marienfelde,52,12277,Berlin,Bezirksamt Tempelhof-Schöneberg von Berlin,,,,+49 30 902777453,,http://www.solling-schule.de/,,,True,52.41374199175957,13.36585306453566,True,True
25538670,11012012,Bertha-von-Suttner-Oberschule,52.57191763598465,13.36846133515257,"POLYGON ((13.3682881 52.5726748, 13.3697867 52.572026, 13.3687436 52.5711349, 13.3686456 52.5711277, 13.3670029 52.572022, 13.3680912 52.5724643, 13.3682881 52.5726748))",1201,Reinickendorf,Reinickendorf,OSM,OSM_SCHOOLS,12Y02,OSM_SCHOOLS,way:25538670,Bertha-von-Suttner-Oberschule,,,,,,,,,,"Reginhardstraße 172, 13409",Reginhardstraße,172,13409,,,,,,+4930 491 60 57,verwaltung@bvs-os.de,https://www.bertha-von-suttner.de/,,,True,52.57191763598465,13.36846133515257,True,True
25729698,11008008,Kepler-Schule,52.46769871596767,13.464816756123195,"POLYGON ((13.4638053 52.4675195, 13.4645578 52.4670861, 13.4651835 52.4674867, 13.4658082 52.46785, 13.4657538 52.4678865, 13.4656307 52.4679693, 13.4655713 52.4680053, 13.4655947 52.4680196, 13.4651011 52.4683138, 13.4646549 52.4680403, 13.4644039 52.4678846, 13.4638053 52.4675195))",0801,Neukölln,Neukölln,OSM,OSM_SCHOOLS,08K12,OSM_SCHOOLS,way:25729698,Kepler-Schule,,,,,,,,,,"Zwillingestraße 21-19, 12057 Berlin",Zwillingestraße,21-19,12057,Berlin,Bezirksamt Neukölln von Berlin,,,,+49-30-68092064,,http://www.kepler.cidsnet.de,,,True,52.46769871596767,13.464816756123195,True,True
25823723,11011011,Gutenberg-Oberschule,52.53660707939973,13.484119700039685,"POLYGON ((13.4843678 52.53638, 13.4844709 52.5364461, 13.4843825 52.5364972, 13.4844491 52.5365398, 13.4844096 52.5365626, 13.4844645 52.5365977, 13.4843831 52.5366448, 13.4843276 52.5366093, 13.4842926 52.5366295, 13.4842242 52.5365857, 13.4839006 52.5367727, 13.4837687 52.5368489, 13.4836679 52.5367844, 13.4843678 52.53638))",1110,Lichtenberg,Alt-Hohenschönhausen,OSM,OSM_SCHOOLS,11K04,OSM_SCHOOLS,way:25823723,Gutenberg-Oberschule,,,,,,,,,,,,,,,,,,,,,,,,True,52.53660707939973,13.484119700039685,True,True
25823867,11011011,Grundschule Am Wilhelmsberg,52.537058337123504,13.48323651710891,"POLYGON ((13.4834855 52.5368278, 13.4835939 52.5368967, 13.4835071 52.5369472, 13.4835718 52.5369883, 13.4835345 52.53701, 13.4835876 52.5370437, 13.4835056 52.5370914, 13.4834519 52.5370573, 13.4834158 52.5370782, 13.4833494 52.537036, 13.4830201 52.5372277, 13.4828899 52.5373035, 13.4827839 52.5372362, 13.4834855 52.5368278))",1110,Lichtenberg,Alt-Hohenschönhausen,OSM,OSM_SCHOOLS,11G18,OSM_SCHOOLS,way:25823867,Grundschule Am Wilhelmsberg,,,,,,,,,,,,,,,,,,,,,,,,True,52.537058337123504,13.48323651710891,True,True
25843500,11003003,Grundschule am Weißensee,52.55427271849162,13.477135545168425,"POLYGON ((13.4765826 52.5547349, 13.4766261 52.5547556, 13.4767941 52.5547622, 13.4769026 52.5547664, 13.4773429 52.5547986, 13.4775198 52.5548135, 13.4775372 52.5547418, 13.4777185 52.5547521, 13.4778583 52.5540086, 13.4778223 52.5537929, 13.4771487 52.5538242, 13.4771485 52.5538331, 13.4767898 52.5538481, 13.4767818 52.5537899, 13.4764438 52.5538068, 13.4763897 52.5538095, 13.4764748 52.5545097, 13.4765473 52.5545064, 13.4765826 52.5547349))",0302,Pankow,Weißensee,OSM,OSM_SCHOOLS,03G17b,OSM_SCHOOLS,way:25843500,Grundschule am Weißensee,,,,,,,,,,"Falkenberger Straße 31, 13088 Berlin",Falkenberger Straße,31,13088,Berlin,,,,,,,https://www.grundschuleamweissensee.de/,,,True,52.55427271849162,13.477135545168425,True,True
26298848,11003003,Primo-Levi-Gymnasium Haus A,52.55114541166338,13.454128746463834,"POLYGON ((13.4549684 52.5511608, 13.454664 52.550785, 13.454504 52.5508323, 13.4540721 52.5509611, 13.4540123 52.5508829, 13.4536879 52.5509808, 13.4535474 52.5510228, 13.4535684 52.5510487, 13.4533378 52.5511206, 13.4536347 52.5515242, 13.4549684 52.5511608))",0302,Pankow,Weißensee,OSM,OSM_SCHOOLS,03Y14,OSM_SCHOOLS,way:26298848,Primo-Levi-Gymnasium Haus A,,,,,,,,,,"Pistoriusstraße 133, 13086",Pistoriusstraße,133,13086,,,,,,+49 30 9290168-111,sekretariat-hausa@plg-berlin.de,https://plg-berlin.de,,,True,52.55114541166338,13.454128746463834,True,True
27041073,,Grundschule am Sandsteinweg,52.42032530791294,13.406040118755238,"POLYGON ((13.4051085 52.4186758, 13.4051631 52.4186443, 13.4052218 52.4186197, 13.4057673 52.418706, 13.4063465 52.4187634, 13.4063221 52.418906, 13.4063057 52.4190533, 13.4063112 52.4191884, 13.4063155 52.4193242, 13.4063458 52.4194643, 13.4063977 52.4196254, 13.4064425 52.4197237, 13.4064716 52.4197875, 13.4065721 52.4199462, 13.4066953 52.4200927, 13.4068367 52.4202386, 13.4070041 52.4203747, 13.4071962 52.4205042, 13.4071119 52.4206284, 13.4070996 52.4206464, 13.4081876 52.4209347, 13.4081744 52.4213494, 13.4078112 52.4214001, 13.4054579 52.4217289, 13.4048262 52.4200345, 13.4048132 52.419993, 13.4043367 52.4198699, 13.4048395 52.4191635, 13.4049368 52.4190014, 13.4051085 52.4186758))",,,,OSM,OSM_SCHOOLS,08G30,OSM_SCHOOLS,way:27041073,Grundschule am Sandsteinweg,,,,,,,,,,"Hornblendeweg 2, 12349 Berlin",Hornblendeweg,2,12349,Berlin,Bezirksamt Neukölln von Berlin,,,,,,,,,True,52.42032530791294,13.406040118755238,False,False
27051480,11009009,Freie Montessori Schule,52.4276793018314,13.595878997424226,"POLYGON ((13.5964352 52.428299, 13.5966502 52.4279253, 13.5972053 52.42716, 13.5948605 52.4271581, 13.5949023 52.42749, 13.5949589 52.4277355, 13.5949325 52.4282877, 13.5951723 52.4282935, 13.5951773 52.4282694, 13.5964352 52.428299))",0910,Treptow-Köpenick,Köpenick,OSM,OSM_SCHOOLS,09P06,OSM_SCHOOLS,way:27051480,Freie Montessori Schule,,,,,,,,,,,,,,,,,,,+4930 330999001,post@montessori-schule-berlin.de,https://www.montessori-schule-berlin.de/,,,True,52.4276793018314,13.595878997424226,True,True
27052012,11009009,W-I-R Grundschule Pfefferwerk,52.43788149749046,13.590098796743826,"POLYGON ((13.5903613 52.4383299, 13.5905159 52.4381071, 13.5905721 52.4380582, 13.5906398 52.4380208, 13.5912949 52.4377339, 13.5912943 52.4377214, 13.5910159 52.4375825, 13.5904947 52.4374056, 13.5902643 52.4373569, 13.5901662 52.4373797, 13.5896343 52.4376831, 13.5894485 52.4378966, 13.5893986 52.4379532, 13.5889611 52.4378393, 13.5889356 52.4378768, 13.5888029 52.4380634, 13.5894843 52.4382463, 13.5900274 52.4383414, 13.5902604 52.4383852, 13.5903335 52.4383989, 13.5903613 52.4383299))",0910,Treptow-Köpenick,Köpenick,OSM,OSM_SCHOOLS,09P15,OSM_SCHOOLS,way:27052012,W-I-R Grundschule Pfefferwerk,,,,,,,,,,,,,,,,,,,,,,,,True,52.43788149749046,13.590098796743826,True,True
27527589,11010010,Georg-Klingenberg-Schule,52.490601103058616,13.556794676215116,"POLYGON ((13.5552626 52.4901108, 13.5553126 52.4911351, 13.5582656 52.4911732, 13.5581904 52.4899732, 13.5576101 52.490015, 13.5572983 52.4900355, 13.5573004 52.4900235, 13.5552626 52.4901108))",1002,Marzahn-Hellersdorf,Biesdorf,OSM,OSM_SCHOOLS,10K06,OSM_SCHOOLS,way:27527589,Georg-Klingenberg-Schule,,,,,,,,,,"Alberichstraße 24, 12683 Berlin",Alberichstraße,24,12683,Berlin,Bezirksamt Marzahn-Hellersdorf von Berlin,,,,,,https://georg-klingenberg.schule/,,,True,52.490601103058616,13.556794676215116,True,True
28256173,11009009,Freilandlabor Kaniswall,52.40147789176867,13.730790393269407,"POLYGON ((13.7302094 52.4009686, 13.731414 52.4010253, 13.7312353 52.402041, 13.7305184 52.4019741, 13.7302811 52.4019519, 13.7302094 52.4009686))",0914,Treptow-Köpenick,Müggelheim,OSM,OSM_SCHOOLS,,OSM_SCHOOLS,way:28256173,Freilandlabor Kaniswall,,,,,,,,,,,,,,,,,,,,,,,,True,52.40147789176867,13.730790393269407,True,True
28478977,11001001,Schule am Zille-Park,52.543323975642835,13.371463267993315,"POLYGON ((13.3715838 52.5436162, 13.3712031 52.5436897, 13.3711277 52.5437043, 13.3709977 52.5437288, 13.3707361 52.5437791, 13.3706887 52.543688, 13.3706549 52.5436245, 13.3706125 52.5435439, 13.3705213 52.5433716, 13.3705434 52.5432086, 13.3704935 52.5431746, 13.370417 52.5431695, 13.370422 52.5431216, 13.370423 52.5431122, 13.3704356 52.5429906, 13.3706829 52.5430036, 13.3724929 52.5430958, 13.3726327 52.5431029, 13.3727629 52.5431095, 13.3727416 52.5432805, 13.3727306 52.5433691, 13.3715838 52.5436162))",0106,Mitte,Gesundbrunnen,OSM,OSM_SCHOOLS,01S01,OSM_SCHOOLS,way:28478977,Schule am Zille-Park,,,,,,,,,,"Ravenéstr. 10-12, 13347 Berlin",Ravenéstr.,10-12,13347,Berlin,,,,,,,https://www.schule-am-zille-park.de/,,,True,52.543323975642835,13.371463267993315,True,True
28681488,11010010,Falken-Grundschule,52.56566922945687,13.556406141035508,"POLYGON ((13.5569924 52.5651951, 13.5565147 52.5652913, 13.5554666 52.5655023, 13.5557594 52.5660339, 13.5558536 52.5661413, 13.5573444 52.5658338, 13.5569924 52.5651951))",1001,Marzahn-Hellersdorf,Marzahn,OSM,OSM_SCHOOLS,10G04,OSM_SCHOOLS,way:28681488,Falken-Grundschule,,,,,,,,,,"Geraer Ring 2, 12689 Berlin",Geraer Ring,2,12689,Berlin,,,,,+49-30-93022319,,https://www.falken-grundschule.de/,,,True,52.56566922945687,13.556406141035508,True,True
28685887,11010010,Ebereschen-Grundschule,52.56312151837098,13.572204600679227,"POLYGON ((13.5729507 52.5624905, 13.5719623 52.5628233, 13.5718625 52.5628564, 13.5717635 52.5627409, 13.5708312 52.563049, 13.5713497 52.5636319, 13.5714798 52.5637782, 13.5715681 52.5637493, 13.5723244 52.5634991, 13.573147 52.5632263, 13.5732678 52.5631863, 13.5733518 52.5632788, 13.5737592 52.5631458, 13.5735926 52.5629564, 13.5734674 52.5629963, 13.5733917 52.5629131, 13.5733291 52.5629326, 13.5729507 52.5624905))",1001,Marzahn-Hellersdorf,Marzahn,OSM,OSM_SCHOOLS,10G05,OSM_SCHOOLS,way:28685887,Ebereschen-Grundschule,,,,,,,,,,"Borkheider Straße 28, 12689 Berlin",Borkheider Straße,28,12689,Berlin,,,,,,,,,,True,52.56312151837098,13.572204600679227,True,True
28762005,11010010,Paavo-Nurmi-Grundschule,52.57133170500394,13.576470044177158,"POLYGON ((13.5756739 52.5705967, 13.5755575 52.570837, 13.575525 52.5709029, 13.5753725 52.571215, 13.5752588 52.5714422, 13.5760347 52.571583, 13.5758387 52.5719669, 13.5770165 52.572173, 13.577063 52.5721848, 13.5774296 52.5714205, 13.577379 52.5714102, 13.5775721 52.5710125, 13.5775786 52.5709058, 13.5757582 52.5705704, 13.5756739 52.5705967))",1001,Marzahn-Hellersdorf,Marzahn,OSM,OSM_SCHOOLS,10G01,OSM_SCHOOLS,way:28762005,Paavo-Nurmi-Grundschule,,,,,,,,,,"Schorfheidestraße 42, 12689 Berlin",Schorfheidestraße,42,12689,Berlin,,,,,+49 30 9320057,,https://paavo-nurmi-grundschule.org/,,,True,52.57133170500394,13.576470044177158,True,True
28822951,11012012,Hausotter-Grundschule,52.56964448389461,13.373547651655162,"POLYGON ((13.3718319 52.5695151, 13.3719918 52.5694405, 13.3721069 52.5695365, 13.3725322 52.5693028, 13.3726223 52.5692544, 13.3725547 52.5691996, 13.3725724 52.5691904, 13.3725899 52.5691812, 13.3727331 52.5691098, 13.3733736 52.5691889, 13.3732631 52.5695234, 13.3735805 52.5695637, 13.3736868 52.569239, 13.3743265 52.5693191, 13.374587 52.5693538, 13.3747419 52.5693742, 13.3749257 52.5693984, 13.374929 52.5694591, 13.3749628 52.5695216, 13.3750549 52.5696046, 13.3751321 52.5696458, 13.3752016 52.5696713, 13.3750755 52.5700685, 13.3750523 52.5700728, 13.3747839 52.5700361, 13.3745692 52.5700067, 13.3743858 52.5699834, 13.3741336 52.5699494, 13.3736342 52.5698825, 13.3736119 52.5698803, 13.3733957 52.5698633, 13.3731831 52.5699561, 13.3730865 52.5699995, 13.3729158 52.5700764, 13.3726567 52.5701908, 13.3722095 52.5698272, 13.3718319 52.5695151))",1201,Reinickendorf,Reinickendorf,OSM,OSM_SCHOOLS,12G06,OSM_SCHOOLS,way:28822951,Hausotter-Grundschule,,,,,,,,,,"Hausotterplatz 4, 13409 Berlin",Hausotterplatz,4,13409,Berlin,,,,,,,,,,True,52.56964448389461,13.373547651655162,True,True
29064530,11010010,Selma-Lagerlöf-Grundschule,52.567580229267215,13.569220569948229,"POLYGON ((13.5681045 52.5673022, 13.5684637 52.5676989, 13.5689628 52.5682499, 13.5696602 52.5680242, 13.5697044 52.5679664, 13.5697381 52.5679549, 13.5697971 52.5679347, 13.570505 52.567701, 13.570371 52.5675511, 13.5703367 52.5675116, 13.5703297 52.5675035, 13.5698845 52.5674086, 13.5698108 52.5673929, 13.5697248 52.5673959, 13.5695795 52.5672345, 13.5692967 52.5669132, 13.5681045 52.5673022))",1001,Marzahn-Hellersdorf,Marzahn,OSM,OSM_SCHOOLS,10G03,OSM_SCHOOLS,way:29064530,Selma-Lagerlöf-Grundschule,,,,,,,,,,"Wörlitzer Straße 31, 12689 Berlin",Wörlitzer Straße,31,12689,Berlin,,,,,,,,,,True,52.567580229267215,13.569220569948229,True,True
29237191,11005005,Grundschule am Brandwerder,52.536266141326614,13.15288404843704,"POLYGON ((13.1536278 52.5357192, 13.1520185 52.5355603, 13.1523006 52.536958, 13.1525026 52.5369459, 13.1525003 52.5369333, 13.1525769 52.5369281, 13.1525792 52.5369407, 13.1533111 52.5368957, 13.1533092 52.5368842, 13.1533831 52.5368796, 13.153385 52.5368911, 13.1537337 52.5368693, 13.1537321 52.5368572, 13.1536307 52.536204, 13.1536235 52.5361284, 13.1536278 52.5357192))",0504,Spandau,Staaken,OSM,OSM_SCHOOLS,05G23,OSM_SCHOOLS,way:29237191,Grundschule am Brandwerder,,,,,,,,,,"Spandauer Straße 86, 13591 Berlin",Spandauer Straße,86,13591,Berlin,Bezirksamt Spandau von Berlin,,,,+49 30 3670952 0,mail@brandwerder.de,https://www.brandwerder.de,,,True,52.536266141326614,13.15288404843704,True,True
29432246,11011011,Schulkomplex Allee der Kosmonauten 22,52.52487241215607,13.514087200557164,"POLYGON ((13.5118024 52.5245676, 13.5121378 52.5245717, 13.5124648 52.5245667, 13.5125962 52.5245511, 13.5126282 52.524543, 13.5129044 52.5245444, 13.5129083 52.5237868, 13.5138009 52.5237947, 13.513826 52.5237944, 13.5138357 52.5240037, 13.5138478 52.5240482, 13.5138699 52.5240816, 13.5139045 52.5241085, 13.5139653 52.5241398, 13.5149208 52.5243039, 13.5150179 52.5243288, 13.5150888 52.5243576, 13.5151619 52.524397, 13.5159662 52.5249813, 13.5160245 52.5250436, 13.5160948 52.5250449, 13.5163259 52.5252397, 13.5165088 52.5257682, 13.5159712 52.5257483, 13.5137476 52.5253863, 13.5132365 52.5253025, 13.5117825 52.5252864, 13.5117882 52.525272, 13.5117884 52.5252585, 13.5117868 52.5252178, 13.5117831 52.5247642, 13.5118029 52.524712, 13.5118024 52.5245676))",1103,Lichtenberg,Lichtenberg,OSM,OSM_SCHOOLS,"11Kn01, 11Yn01",OSM_SCHOOLS,way:29432246,Schulkomplex Allee der Kosmonauten 22,,,,,,,,,,,,,,,Howoge,,,,,,https://www.howoge.de/schulbau/allee-der-kosmonauten-projektuebersicht.html,,,True,52.52487241215607,13.514087200557164,True,True
29715437,11007007,Steinwald-Schule,52.41772028923668,13.363891637012362,"POLYGON ((13.3629059 52.4175428, 13.3628956 52.4179207, 13.3628762 52.4180566, 13.3628347 52.418208, 13.3629431 52.4182657, 13.3650819 52.4178132, 13.3647365 52.4171915, 13.3629059 52.4175428))",0705,Tempelhof-Schöneberg,Marienfelde,OSM,OSM_SCHOOLS,07S03,OSM_SCHOOLS,way:29715437,Steinwald-Schule,,,,,,,,,,"Hanielweg 7-9, 12277 Berlin",Hanielweg,7-9,12277,Berlin,Bezirksamt Tempelhof-Schöneberg von Berlin,,,,+49 30 902774139,sekretariat@steinwald.schule.berlin.de,https://steinwald-schule-berlin.de,,,True,52.41772028923668,13.363891637012362,True,True
30094204,11006006,Ludwig-Bechstein-Grundschule,52.43233460856756,13.362111417321795,"POLYGON ((13.360613 52.4321651, 13.3607654 52.4323246, 13.3610401 52.4325235, 13.3612406 52.4326278, 13.3614192 52.4326962, 13.3616572 52.4327658, 13.3618795 52.4328152, 13.3620766 52.4328465, 13.3623994 52.4328662, 13.3626471 52.4328594, 13.3627524 52.4328537, 13.3632208 52.4328283, 13.3630937 52.4323331, 13.3628597 52.4316763, 13.360613 52.4321651))",0603,Steglitz-Zehlendorf,Lankwitz,OSM,OSM_SCHOOLS,06G28,OSM_SCHOOLS,way:30094204,Ludwig-Bechstein-Grundschule,,,,,,,,,,"Halbauer Weg 25, 12249 Berlin",Halbauer Weg,25,12249,Berlin,,,,,,,https://www.ludwig-bechstein-grundschule.net/,,,True,52.43233460856756,13.362111417321795,True,True
30628469,11012012,Georg-Herwegh-Gymnasium,52.616527134274925,13.302216583424666,"POLYGON ((13.3018411 52.6170615, 13.3032376 52.6168163, 13.3029563 52.6161186, 13.3024178 52.6161973, 13.3023394 52.6160341, 13.3011435 52.6162129, 13.3012106 52.6163586, 13.3013079 52.6165044, 13.3018411 52.6170615))",1206,Reinickendorf,Hermsdorf,OSM,OSM_SCHOOLS,12Y05,OSM_SCHOOLS,way:30628469,Georg-Herwegh-Gymnasium,,,,,,,,,,"Fellbacher Straße 18-19, 13467 Berlin",Fellbacher Straße,18-19,13467,Berlin,,,,,+49304042070,mail@herwegh-gymnasium.de,http://www.herwegh-gymnasium.de/,,,True,52.616527134274925,13.302216583424666,True,True
30728948,11012012,Peter-Witte-Grundschule,52.58682168378291,13.328588783764802,"POLYGON ((13.3276297 52.5872639, 13.3276149 52.5871147, 13.3275829 52.586742, 13.3275409 52.5863055, 13.3284806 52.5862741, 13.328503 52.5865633, 13.3296662 52.5865339, 13.3296666 52.5865478, 13.3296672 52.5865678, 13.3299619 52.5865604, 13.3296891 52.587091, 13.329635 52.5871965, 13.3292445 52.5872078, 13.3290449 52.5872389, 13.3280957 52.5872711, 13.3279019 52.5872548, 13.3276297 52.5872639))",1209,Reinickendorf,Wittenau,OSM,OSM_SCHOOLS,12G10,OSM_SCHOOLS,way:30728948,Peter-Witte-Grundschule,,,,,,,,,,,,,,,,,,,+4930 4118966,peter-witte-schule@gmx.de,http://www.pws.cidsnet.de/,,,True,52.58682168378291,13.328588783764802,True,True
30784491,11012012,Ellef-Ringnes-Grundschule,52.608332305262685,13.232917784054717,"POLYGON ((13.2322473 52.6089948, 13.2321737 52.6088377, 13.23181 52.6080618, 13.2317698 52.607976, 13.2321504 52.60791, 13.2330376 52.607756, 13.2331695 52.6080606, 13.2341561 52.60789, 13.2343517 52.6083265, 13.2333791 52.6084828, 13.2335124 52.6087886, 13.2334705 52.608795, 13.2332834 52.6088259, 13.2322473 52.6089948))",1204,Reinickendorf,Heiligensee,OSM,OSM_SCHOOLS,12G17,OSM_SCHOOLS,way:30784491,Ellef-Ringnes-Grundschule,,,,,,,,,,,,,,,,,,,,,,,,True,52.608332305262685,13.232917784054717,True,True
31262071,11010010,Grundschule unter dem Regenbogen,52.52970271096852,13.542342835107815,"POLYGON ((13.541639 52.5299654, 13.5413249 52.5299642, 13.5413227 52.5301773, 13.5414774 52.5301779, 13.5414757 52.5302515, 13.5424759 52.5302551, 13.5431786 52.5302576, 13.5431851 52.5298653, 13.5430821 52.5298675, 13.5430864 52.5292734, 13.5430739 52.5291836, 13.5430707 52.5290926, 13.5416509 52.529096, 13.5416517 52.5292093, 13.5416512 52.5294237, 13.541639 52.5299654))",1001,Marzahn-Hellersdorf,Marzahn,OSM,OSM_SCHOOLS,10G14,OSM_SCHOOLS,way:31262071,Grundschule unter dem Regenbogen,,,,,,,,,,"Murtzaner Ring 35, Berlin",Murtzaner Ring,35,,Berlin,,,,,,,,,,True,52.52970271096852,13.542342835107815,True,True
31262081,,Wilhelm-von-Siemens-Gymnasium,52.53300751702557,13.551915226199311,"POLYGON ((13.5515104 52.532355, 13.5514098 52.5323614, 13.5513198 52.532367, 13.5505609 52.532415, 13.5505416 52.5324162, 13.5505237 52.5324174, 13.5502732 52.5324332, 13.5502227 52.5324363, 13.5501273 52.5324419, 13.5501164 52.5324621, 13.5501517 52.5326303, 13.550191 52.5328059, 13.5502224 52.5328902, 13.5502624 52.5329707, 13.5503491 52.5330973, 13.5504505 52.53321, 13.5505388 52.5332936, 13.5506169 52.5333513, 13.5507129 52.5334087, 13.5508201 52.5334652, 13.5509314 52.5335118, 13.5510151 52.533548, 13.5511194 52.5335859, 13.5512288 52.5336166, 13.5513359 52.533642, 13.5514441 52.5336627, 13.5515562 52.5336788, 13.5516661 52.53369, 13.5517158 52.533694, 13.5517695 52.5336966, 13.5529406 52.5336836, 13.5530831 52.5335158, 13.5532883 52.5332936, 13.553343 52.5332397, 13.5533373 52.5331799, 13.5533328 52.5331524, 13.5536061 52.5331335, 13.5536555 52.5331196, 13.5536726 52.5331095, 13.5536814 52.5331026, 13.553699 52.5330714, 13.5535587 52.5324313, 13.5530709 52.5324689, 13.5530692 52.5324606, 13.5528568 52.5324788, 13.5517923 52.5325661, 13.5515641 52.5325848, 13.5515104 52.532355))",,,,OSM,OSM_SCHOOLS,10Y03,OSM_SCHOOLS,way:31262081,Wilhelm-von-Siemens-Gymnasium,,,,,,,,,,"Allee der Kosmonauten 134, 12683 Berlin",Allee der Kosmonauten,134,12683,Berlin,,,,,,,,,,True,52.53300751702557,13.551915226199311,False,False
31262109,11010010,Internationale Lomonossow-Campus,52.52905640574761,13.548016870285712,"POLYGON ((13.5476071 52.5282876, 13.5476042 52.5284888, 13.5475654 52.5284888, 13.5473523 52.5284888, 13.5473046 52.5290847, 13.5473042 52.5291073, 13.5472805 52.5291066, 13.5472718 52.5297373, 13.5471994 52.5297369, 13.5471993 52.5297554, 13.5471996 52.529782, 13.5473891 52.529783, 13.5473892 52.5297928, 13.547672 52.5297918, 13.5476744 52.5297181, 13.5488582 52.5297158, 13.5487228 52.5290837, 13.5486332 52.5286304, 13.5485574 52.5282634, 13.5480479 52.5282626, 13.5477522 52.5282617, 13.5477277 52.5282838, 13.5476071 52.5282876))",1001,Marzahn-Hellersdorf,Marzahn,OSM,OSM_SCHOOLS,,OSM_SCHOOLS,way:31262109,Internationale Lomonossow-Campus,,,,,,,,,,"Allee der Kosmonauten 123, 12681 Berlin",Allee der Kosmonauten,123,12681,Berlin,,,,,,,http://lomonossow-schule.de/#marzahn,,,True,52.52905640574761,13.548016870285712,True,True
31262304,11010010,Grundschule an der Geißenweide,52.537571704306,13.552554512878656,"POLYGON ((13.5527759 52.5370974, 13.5527222 52.5370933, 13.5526597 52.5370937, 13.5522917 52.5372058, 13.5519916 52.5372972, 13.5517359 52.5373721, 13.5516487 52.5373989, 13.5517118 52.5374824, 13.5516962 52.5375054, 13.5518566 52.5377101, 13.5521018 52.5380148, 13.552138 52.5380329, 13.5521833 52.5380424, 13.5522315 52.5380412, 13.5532767 52.5378097, 13.5535097 52.537767, 13.5534774 52.5377173, 13.5533795 52.5375625, 13.5533204 52.5374732, 13.5528289 52.5371075, 13.5527759 52.5370974))",1001,Marzahn-Hellersdorf,Marzahn,OSM,OSM_SCHOOLS,10G12,OSM_SCHOOLS,way:31262304,Grundschule an der Geißenweide,,,,,,,,,,"Amanlisweg 40, 12685 Berlin",Amanlisweg,40,12685,Berlin,,,,,,,,,,True,52.537571704306,13.552554512878656,True,True
31264995,11001001,Möwensee Grundschule,52.55512336748963,13.333919451704341,"POLYGON ((13.3336992 52.5560688, 13.3344033 52.5556717, 13.3348059 52.5554478, 13.3345271 52.5552588, 13.3348621 52.5550669, 13.3349483 52.5550215, 13.3352634 52.5550618, 13.3352773 52.5550356, 13.3354046 52.5547954, 13.3345341 52.5542226, 13.3344759 52.5542675, 13.3337541 52.5546813, 13.3334762 52.5545173, 13.332397 52.5552137, 13.3329991 52.5556091, 13.3336992 52.5560688))",0105,Mitte,Wedding,OSM,OSM_SCHOOLS,01G40,OSM_SCHOOLS,way:31264995,Möwensee Grundschule,,,,,,,,,,"Afrikanische Straße 123-125, 13351 Berlin",Afrikanische Straße,123-125,13351,Berlin,,,,,,,,,,True,52.55512336748963,13.333919451704341,True,True
31565468,11005005,Haus der Schwestern und Brüder,52.5697815930182,13.19683727422686,"POLYGON ((13.1969655 52.5699887, 13.1970684 52.5699295, 13.1971704 52.5698708, 13.1970134 52.5697699, 13.1967091 52.5695745, 13.1965041 52.5696924, 13.1966506 52.5697865, 13.1969655 52.5699887))",0507,Spandau,Hakenfelde,OSM,OSM_SCHOOLS,,OSM_SCHOOLS,way:31565468,Haus der Schwestern und Brüder,,,,,,,,,,"Schönwalder Allee 26/11, 13587 Berlin",Schönwalder Allee,26/11,13587,Berlin,Evangelisches Johannesstift Berlin,,,,,,https://www.evangelisches-johannesstift.de/wichern-kolleg,,,True,52.5697815930182,13.19683727422686,True,True
31758920,11007007,Kiepert Grundschule,52.41591743128954,13.373296295109549,"POLYGON ((13.3725025 52.4166924, 13.3729711 52.4165511, 13.3733927 52.4164268, 13.3733516 52.4163737, 13.3733359 52.4163375, 13.3733332 52.4162968, 13.3733462 52.416256, 13.3733779 52.4162144, 13.3734194 52.4161819, 13.3734785 52.4161562, 13.374798 52.4157509, 13.3743329 52.4151861, 13.3736605 52.4154004, 13.3718952 52.4159537, 13.3725025 52.4166924))",0705,Tempelhof-Schöneberg,Marienfelde,OSM,OSM_SCHOOLS,07G28,OSM_SCHOOLS,way:31758920,Kiepert Grundschule,,,,,,,,,,"Prechtlstraße 21-23, 12277 Berlin",Prechtlstraße,21-23,12277,Berlin,Bezirksamt Tempelhof-Schöneberg von Berlin,,,,+49 30 902774100,sekretariat@kiepert.schule.berlin.de,https://www.kiepertgrundschule.de,,,True,52.41591743128954,13.373296295109549,True,True
32064894,11010010,"Haus des Sports, der Bildung und Bewegung",52.54013094999153,13.570328543055004,"POLYGON ((13.5704734 52.5399929, 13.5704914 52.5400666, 13.5704226 52.5400729, 13.5704461 52.5401696, 13.5705159 52.5401633, 13.570534 52.5402375, 13.5701917 52.5402684, 13.5701738 52.540195, 13.5702173 52.540191, 13.5701939 52.540095, 13.570149 52.5400991, 13.5701306 52.5400239, 13.5704734 52.5399929))",1001,Marzahn-Hellersdorf,Marzahn,OSM,OSM_SCHOOLS,,OSM_SCHOOLS,way:32064894,"Haus des Sports, der Bildung und Bewegung",,,,,,,,,,"Eisenacher Straße 125, 12685 Berlin",Eisenacher Straße,125,12685,Berlin,,,,,,,,,,True,52.54013094999153,13.570328543055004,True,True
32279578,11012012,,52.58455551540226,13.305124147632187,"POLYGON ((13.3053636 52.585029, 13.3049166 52.5848285, 13.304674 52.5847205, 13.304408 52.5846012, 13.3043247 52.5845638, 13.3049019 52.5840887, 13.3049969 52.584128, 13.305152 52.5841986, 13.3053018 52.5842668, 13.3053422 52.5842852, 13.3053739 52.5842595, 13.3054315 52.5842857, 13.3053998 52.5843114, 13.3055368 52.5843737, 13.3059089 52.584543, 13.3053636 52.585029))",1211,Reinickendorf,Borsigwalde,OSM,OSM_SCHOOLS,,OSM_SCHOOLS,way:32279578,,,,,,,,,,,,,,,,,,,,,,,,,True,52.58455551540226,13.305124147632187,True,True
32337375,11011011,Schule Am Breiten Luch,52.56284593478339,13.513551395139809,"POLYGON ((13.5143485 52.5625997, 13.5144504 52.5626453, 13.514307 52.5628853, 13.5141259 52.5631901, 13.5139561 52.5634769, 13.5138722 52.5634866, 13.5133388 52.563257, 13.5128962 52.5630665, 13.5129512 52.5630184, 13.5128222 52.5629644, 13.5125282 52.5628393, 13.512785 52.5626189, 13.5131693 52.5622825, 13.5136125 52.562472, 13.5136894 52.5624027, 13.5137466 52.562354, 13.5143485 52.5625997))",1109,Lichtenberg,Neu-Hohenschönhausen,OSM,OSM_SCHOOLS,11S08,OSM_SCHOOLS,way:32337375,Schule Am Breiten Luch,,,,,,,,,,"Am Breiten Luch 19, 13053 Berlin",Am Breiten Luch,19,13053,Berlin,,,,,,,,,,True,52.56284593478339,13.513551395139809,True,True
32337480,11011011,Martin-Niemöller-Grundschule,52.56387356301362,13.512619579772576,"POLYGON ((13.5125171 52.563139, 13.512288 52.5633353, 13.5122248 52.5634035, 13.5116468 52.5639266, 13.5117926 52.5639863, 13.5124445 52.5642673, 13.512409 52.5642955, 13.5131215 52.5645934, 13.5132716 52.5644271, 13.5135202 52.5641244, 13.5131437 52.5639633, 13.5129741 52.5639706, 13.5127241 52.5638638, 13.5131719 52.5634714, 13.5132456 52.5635043, 13.5132965 52.5634596, 13.5125171 52.563139))",1109,Lichtenberg,Neu-Hohenschönhausen,OSM,OSM_SCHOOLS,11G22,OSM_SCHOOLS,way:32337480,Martin-Niemöller-Grundschule,,,,,,,,,,"Am Breiten Luch 5, 13053 Berlin",Am Breiten Luch,5,13053,Berlin,,,,,,,,,,True,52.56387356301362,13.512619579772576,True,True
32495486,11002002,Gartenarbeitsschule Friedrichshain-Kreuzberg,52.500381274189834,13.462202845431314,"POLYGON ((13.463272 52.499869, 13.4637303 52.500463, 13.4625694 52.5006736, 13.4625288 52.5006801, 13.4623363 52.5007151, 13.4613204 52.5008818, 13.4607132 52.5003548, 13.4621809 52.4998943, 13.4622774 52.4999923, 13.4623379 52.5000526, 13.4624321 52.5001483, 13.4624862 52.5001999, 13.4626397 52.5001358, 13.4626989 52.5001111, 13.4629159 52.5000197, 13.463272 52.499869))",0201,Friedrichshain-Kreuzberg,Friedrichshain,OSM,OSM_SCHOOLS,,OSM_SCHOOLS,way:32495486,Gartenarbeitsschule Friedrichshain-Kreuzberg,,,,,,,,,,"Persiusstraße 9, 10245 Berlin",Persiusstraße,9,10245,Berlin,,,,,,,https://august-sander-schule.de/schulportrait/gartenarbeitsschule,,,True,52.500381274189834,13.462202845431314,True,True
32591709,11012012,Alfred-Brehm-Grundschule,52.5736588962949,13.283289807692135,"POLYGON ((13.2826813 52.5729148, 13.2831651 52.572952, 13.2836088 52.5729861, 13.2838909 52.5730082, 13.2842827 52.5730393, 13.2843283 52.573043, 13.2843142 52.5730825, 13.2842867 52.5731529, 13.2840398 52.5738421, 13.2840307 52.5738672, 13.2838926 52.5742449, 13.2837665 52.5745958, 13.2836169 52.574588, 13.2832839 52.5745706, 13.2834289 52.5741788, 13.2830977 52.5741624, 13.2827461 52.5741449, 13.2824133 52.5741284, 13.2822785 52.5745208, 13.2821896 52.5745165, 13.2821286 52.5745135, 13.2826813 52.5729148))",1202,Reinickendorf,Tegel,OSM,OSM_SCHOOLS,12G14,OSM_SCHOOLS,way:32591709,Alfred-Brehm-Grundschule,,,,,,,,,,"Ascheberger Weg 8A, 13507 Berlin",Ascheberger Weg,8A,13507,Berlin,,,,,+49304322408,,http://www.alfred-brehm-schule.cidsnet.de/,,,True,52.5736588962949,13.283289807692135,True,True
32595656,11002002,Thalia-Grundschule,52.493414499781935,13.476552094816954,"POLYGON ((13.4766609 52.4927509, 13.47559 52.4928938, 13.4756751 52.4930435, 13.4757189 52.4931428, 13.4757782 52.4932138, 13.4756943 52.4932363, 13.4762246 52.4941616, 13.4776821 52.4936702, 13.4769608 52.4929161, 13.4767329 52.4929477, 13.4766609 52.4927509))",0201,Friedrichshain-Kreuzberg,Friedrichshain,OSM,OSM_SCHOOLS,02G11,OSM_SCHOOLS,way:32595656,Thalia-Grundschule,,,,,,,,,,"Alt-Stralau 34, 10245 Berlin",Alt-Stralau,34,10245,Berlin,,,,,+49 30 2934783-0,thalia-grundschule@t-online.de,,,,True,52.493414499781935,13.476552094816954,True,True
33538548,11009009,Fritz-Kühn-Schule,52.40174926294493,13.569631612179398,"POLYGON ((13.5695359 52.4021176, 13.5699078 52.4021467, 13.5702621 52.4019542, 13.5694498 52.4013456, 13.5694629 52.4012908, 13.5693419 52.4013056, 13.5693388 52.4013174, 13.5692945 52.4013203, 13.5692571 52.4013228, 13.569236 52.4013072, 13.5691046 52.4013202, 13.5693088 52.4018723, 13.5695757 52.4018964, 13.5695359 52.4021176))",0908,Treptow-Köpenick,Bohnsdorf,OSM,OSM_SCHOOLS,09K03b,OSM_SCHOOLS,way:33538548,Fritz-Kühn-Schule,,,,,,,,,,"Dahmestraße 36, 12526 Berlin",Dahmestraße,36,12526,Berlin,,,,,,,,,,True,52.40174926294493,13.569631612179398,True,True
33625906,11003003,Grundschule im Panketal,52.61981726190741,13.487210945036304,"POLYGON ((13.4879108 52.6185837, 13.4874519 52.6187772, 13.4872641 52.6187332, 13.4859117 52.620937, 13.4863368 52.6210317, 13.4878018 52.6204135, 13.4873139 52.6198641, 13.4885471 52.6193464, 13.4879108 52.6185837))",0305,Pankow,Karow,OSM,OSM_SCHOOLS,03G24,OSM_SCHOOLS,way:33625906,Grundschule im Panketal,,,,,,,,,,"Achillesstraße 31, 13125 Berlin",Achillesstraße,31,13125,Berlin,,,,,,,,,,True,52.61981726190741,13.487210945036304,True,True
33878248,11003003,Klecks Grundschule,52.55990180261583,13.40817815021683,"POLYGON ((13.4077193 52.5595292, 13.4072829 52.5595368, 13.4072306 52.5595694, 13.4071782 52.559602, 13.4072149 52.5600057, 13.4072321 52.5601956, 13.4073283 52.5602552, 13.4094106 52.5602177, 13.4093969 52.5599204, 13.4089313 52.559927, 13.4088698 52.5595048, 13.4077193 52.5595292))",0307,Pankow,Pankow,OSM,OSM_SCHOOLS,03G37,OSM_SCHOOLS,way:33878248,Klecks Grundschule,,,,,,,,,,"Brixener Straße 40, 13187 Berlin",Brixener Straße,40,13187,Berlin,Bezirksamt Pankow von Berlin,,,,,,https://klecksgrundschule.de/,,,True,52.55990180261583,13.40817815021683,True,True
34043307,11006006,Johannes-Tews-Grundschule,52.4316789527689,13.21253727534237,"POLYGON ((13.2123306 52.4313035, 13.2121911 52.4315966, 13.2124645 52.4316442, 13.2124909 52.4315877, 13.2127031 52.4316255, 13.2125306 52.4319956, 13.212398 52.4319718, 13.2123354 52.432087, 13.2126171 52.4321349, 13.2128261 52.431683, 13.2128818 52.4315626, 13.2127356 52.4315376, 13.2127267 52.4315309, 13.2127047 52.4315142, 13.2126842 52.43152, 13.2126648 52.4315255, 13.2125576 52.4315064, 13.2125258 52.4315007, 13.2125958 52.4313491, 13.2123306 52.4313035))",0606,Steglitz-Zehlendorf,Nikolassee,OSM,OSM_SCHOOLS,,OSM_SCHOOLS,way:34043307,Johannes-Tews-Grundschule,,,,,,,,,,"Wasgenstraße 50, 14129 Berlin",Wasgenstraße,50,14129,Berlin,,,,,+49 30 8032072,sekretariat@jtg-berlin.de,https://www.jtg-berlin.de/,,,True,52.4316789527689,13.21253727534237,True,True
34088999,11006006,Conrad-Schule,52.41509049513897,13.146857254041896,"POLYGON ((13.1474429 52.4143463, 13.1469421 52.4141997, 13.1468939 52.4142686, 13.1468312 52.4143457, 13.1468683 52.414357, 13.1468341 52.4143989, 13.146799 52.4143883, 13.1467358 52.414466, 13.1466252 52.4145808, 13.1464232 52.4147187, 13.1466879 52.4148947, 13.1466244 52.4149304, 13.1465269 52.4149863, 13.146418 52.4150489, 13.1464137 52.4150623, 13.1462977 52.4153462, 13.146159 52.4152127, 13.1463276 52.4148041, 13.146209 52.4147305, 13.1460988 52.4146622, 13.1457762 52.4150465, 13.1459688 52.4150958, 13.1459129 52.4151827, 13.1458163 52.4153331, 13.1458804 52.4153584, 13.146039 52.4155031, 13.146201 52.4156506, 13.1464036 52.415732, 13.1465727 52.4158484, 13.1467674 52.4157434, 13.1468961 52.4157649, 13.1472304 52.4158189, 13.1472759 52.4157507, 13.1473767 52.4155131, 13.1472409 52.4154916, 13.1472749 52.4154167, 13.147299 52.4153619, 13.1476156 52.4154142, 13.1477629 52.4150785, 13.1477314 52.4150752, 13.1478026 52.4148924, 13.1475391 52.4148495, 13.1476419 52.4145977, 13.1474359 52.4145647, 13.147354 52.4145516, 13.1474429 52.4143463))",0607,Steglitz-Zehlendorf,Wannsee,OSM,OSM_SCHOOLS,06G05,OSM_SCHOOLS,way:34088999,Conrad-Schule,,,,,,,,,,,,,,,,,,,,,,,,True,52.41509049513897,13.146857254041896,True,True
34202604,11008008,Grundschule in der Köllnischen Heide,52.46661907684327,13.473872909862,"POLYGON ((13.4738717 52.4674858, 13.473845 52.4674711, 13.4737615 52.4674249, 13.473667 52.4674325, 13.473289 52.4672191, 13.4731529 52.4671422, 13.4724609 52.4667514, 13.4724381 52.4667385, 13.4729308 52.4664121, 13.4738181 52.4658243, 13.4740067 52.4659543, 13.4741768 52.4660202, 13.4743559 52.4660634, 13.4745556 52.4660745, 13.4754048 52.4660742, 13.4742412 52.4672376, 13.4738717 52.4674858))",0801,Neukölln,Neukölln,OSM,OSM_SCHOOLS,08G35,OSM_SCHOOLS,way:34202604,Grundschule in der Köllnischen Heide,,,,,,,,,,"Hänselstraße 6, 12057 Berlin",Hänselstraße,6,12057,Berlin,,,,,,,https://www.skh.berlin/,,,True,52.46661907684327,13.473872909862,True,True
34375326,11007007,Käthe-Kollwitz-Grundschule,52.38608336361805,13.40459754968313,"POLYGON ((13.4045387 52.3862583, 13.4041441 52.3862583, 13.4041441 52.386256, 13.4040946 52.386256, 13.4040942 52.3862089, 13.4041022 52.3862086, 13.4041578 52.3862085, 13.404157 52.3861361, 13.4045381 52.3861359, 13.4045381 52.3861476, 13.4046629 52.3861476, 13.4046619 52.3859219, 13.4045079 52.3859221, 13.4045071 52.38594, 13.4044204 52.3859407, 13.4044208 52.3858684, 13.4045057 52.3858681, 13.4045061 52.3858311, 13.4047902 52.3858302, 13.4047906 52.3858173, 13.4048567 52.3858173, 13.4048571 52.3858302, 13.4049047 52.38583, 13.4049057 52.3859218, 13.4048118 52.3859214, 13.4048125 52.38615, 13.404906 52.3861497, 13.4049067 52.386258, 13.4046643 52.3862582, 13.4046639 52.386255, 13.4045392 52.386255, 13.4045387 52.3862583))",0706,Tempelhof-Schöneberg,Lichtenrade,OSM,OSM_SCHOOLS,07G29,OSM_SCHOOLS,way:34375326,Käthe-Kollwitz-Grundschule,,,,,,,,,,"Mellener Straße 38-42, 12307 Berlin",Mellener Straße,38-42,12307,Berlin,,,,,,,https://www.kkgs-berlin.de/,,,True,52.38608336361805,13.40459754968313,True,True
34375338,11007007,Ulrich-von-Hutten-Oberschule,52.38597935237023,13.40383487884283,"POLYGON ((13.4038754 52.3862147, 13.4038754 52.3861834, 13.4038039 52.3861831, 13.4038034 52.3861859, 13.4038022 52.3861886, 13.4038001 52.3861911, 13.4037973 52.3861933, 13.4037939 52.3861952, 13.4037899 52.3861965, 13.4037855 52.3861974, 13.403781 52.3861977, 13.4037764 52.3861974, 13.4037721 52.3861966, 13.403768 52.3861953, 13.4037645 52.3861935, 13.4037616 52.3861914, 13.4037595 52.3861889, 13.4037582 52.3861862, 13.4037571 52.3861834, 13.4033944 52.386184, 13.4033921 52.3860386, 13.4037022 52.3860383, 13.4037022 52.3860157, 13.4037198 52.3860047, 13.4037381 52.3859932, 13.403775 52.3859927, 13.4037747 52.3858105, 13.403742 52.3858104, 13.4037416 52.3855948, 13.4038866 52.3855948, 13.4038861 52.3856431, 13.4039582 52.3856431, 13.4039589 52.3857242, 13.404014 52.3857237, 13.4040144 52.3858093, 13.4040492 52.3858093, 13.4040492 52.3860373, 13.4041555 52.3860377, 13.404157 52.3861361, 13.4041578 52.3862085, 13.4041022 52.3862086, 13.4041022 52.3862054, 13.4040979 52.3862053, 13.4040979 52.3861828, 13.4040255 52.3861826, 13.404025 52.3862145, 13.4038754 52.3862147))",0706,Tempelhof-Schöneberg,Lichtenrade,OSM,OSM_SCHOOLS,07Y08,OSM_SCHOOLS,way:34375338,Ulrich-von-Hutten-Oberschule,,,,,,,,,,"Rehagener Straße 35-37, 12307 Berlin",Rehagener Straße,35-37,12307,Berlin,,,,,+49 30 902778244,uvh@uvh-online.de,http://www.uvh-online.de/,,,True,52.38597935237023,13.40383487884283,True,True
35085394,11008008,Leonardo-da-Vinci-Gymnasium,52.41919209721306,13.436170283349641,"POLYGON ((13.4371754 52.4197098, 13.4371479 52.4198688, 13.4362356 52.4197799, 13.4361691 52.419785, 13.4361449 52.4198629, 13.4360747 52.4198737, 13.4359977 52.4198601, 13.434757 52.4196209, 13.4347738 52.4195759, 13.435079 52.4187588, 13.4352175 52.418388, 13.43693 52.4185379, 13.4369332 52.4190866, 13.4377036 52.4191099, 13.4377153 52.4197008, 13.4371754 52.4197098))",0803,Neukölln,Buckow,OSM,OSM_SCHOOLS,08Y05,OSM_SCHOOLS,way:35085394,Leonardo-da-Vinci-Gymnasium,,,,,,,,,,"Christoph-Ruden-Straße 3, 12349 Berlin",Christoph-Ruden-Straße,3,12349,Berlin,Bezirksamt Neukölln von Berlin,,,,+49 30 742010,,https://www.leonardo-da-vinci-gymnasium.de/,,,True,52.41919209721306,13.436170283349641,True,True
35098482,11011011,Feldmark Grundschule,52.56842495580465,13.53315419338788,"POLYGON ((13.5320007 52.5681818, 13.5319589 52.5682145, 13.5314602 52.5686045, 13.5315962 52.5686668, 13.5318566 52.568786, 13.5318956 52.5688039, 13.5321899 52.5689386, 13.5322167 52.5689509, 13.5329996 52.5693225, 13.5333605 52.5690409, 13.5341244 52.5684428, 13.534538 52.5681198, 13.5347425 52.5679641, 13.5342 52.5677095, 13.5339791 52.567606, 13.5334814 52.5677286, 13.5331574 52.5678185, 13.5324318 52.5683866, 13.5320558 52.568208, 13.5320007 52.5681818))",1109,Lichtenberg,Neu-Hohenschönhausen,OSM,OSM_SCHOOLS,11G28,OSM_SCHOOLS,way:35098482,Feldmark Grundschule,,,,,,,,,,"Wartiner Straße 23, 13057 Berlin",Wartiner Straße,23,13057,Berlin,,,,,,,,,,True,52.56842495580465,13.53315419338788,True,True
35140440,11002002,Ellen-Key-Oberschule,52.515568179670204,13.438135649961428,"POLYGON ((13.4381989 52.5161867, 13.438203 52.5162024, 13.4374975 52.5162722, 13.4374181 52.5162823, 13.437191 52.515775, 13.4373511 52.5155634, 13.4371035 52.5153224, 13.4370699 52.5152894, 13.4371113 52.5152722, 13.4371633 52.5152501, 13.4370971 52.5151774, 13.4383377 52.5146692, 13.4383531 52.5146825, 13.438397 52.5147201, 13.4384385 52.5147027, 13.4384722 52.5147315, 13.438743 52.5149659, 13.4386979 52.5149853, 13.4386924 52.5149806, 13.4385986 52.515021, 13.438603 52.515025, 13.4385557 52.5150454, 13.4387653 52.5152389, 13.4390431 52.5155928, 13.4391886 52.5157004, 13.439318 52.5159824, 13.4393151 52.5160898, 13.4390949 52.5161105, 13.4389704 52.5161222, 13.4385557 52.5161651, 13.4384495 52.5161779, 13.4383231 52.5161905, 13.4383189 52.5161748, 13.4381989 52.5161867))",0201,Friedrichshain-Kreuzberg,Friedrichshain,OSM,OSM_SCHOOLS,02K01,OSM_SCHOOLS,way:35140440,Ellen-Key-Oberschule,,,,,,,,,,"Rüdersdorfer Straße 20-28, 10243 Berlin",Rüdersdorfer Straße,20-28,10243,Berlin,,,,,,,,,,True,52.515568179670204,13.438135649961428,True,True
35387618,11010010,Tagore-Gymnasium,52.55306822949802,13.55639757988819,"POLYGON ((13.557226 52.553378, 13.5569859 52.5530934, 13.556947 52.5530486, 13.5565313 52.552569, 13.5563291 52.5523412, 13.5559228 52.5523747, 13.5557157 52.5523927, 13.5557076 52.5523934, 13.555345 52.5525128, 13.5554804 52.5526563, 13.5556549 52.5528589, 13.555839 52.5530764, 13.5558858 52.5531295, 13.5562798 52.5535878, 13.5563368 52.5536526, 13.5563901 52.5537098, 13.5568144 52.5538244, 13.55703 52.5537548, 13.5574292 52.5536219, 13.5572668 52.5534295, 13.5572552 52.5534129, 13.5572431 52.5533988, 13.557226 52.553378))",1001,Marzahn-Hellersdorf,Marzahn,OSM,OSM_SCHOOLS,10Y01,OSM_SCHOOLS,way:35387618,Tagore-Gymnasium,,,,,,,,,,,,,,,,,,,,,https://www.tagore-gymnasium.de/,,,True,52.55306822949802,13.55639757988819,True,True
35574500,11011011,36.Grundschule Berlin Lichtenberg,52.56910340034772,13.529599115409775,"POLYGON ((13.529504 52.5684756, 13.529537 52.5684753, 13.5305971 52.5689806, 13.5302985 52.5692186, 13.5297401 52.5696663, 13.5293226 52.5696077, 13.5288608 52.5695113, 13.5288657 52.5689717, 13.529504 52.5684756))",1109,Lichtenberg,Neu-Hohenschönhausen,OSM,OSM_SCHOOLS,11G36,OSM_SCHOOLS,way:35574500,36.Grundschule Berlin Lichtenberg,,,,,,,,,,"Wartiner Straße 6, 13057 Berlin",Wartiner Straße,6,13057,Berlin,,,,,,,https://36gsli.de/,,,True,52.56910340034772,13.529599115409775,True,True
35929194,11011011,Randow-Grundschule,52.56387303250291,13.519224620160797,"POLYGON ((13.5193217 52.5644369, 13.519458 52.5643309, 13.5200703 52.5638549, 13.5200782 52.5638376, 13.5200781 52.5638102, 13.5200598 52.5637908, 13.5200278 52.5637734, 13.5200534 52.5637494, 13.5191338 52.563306, 13.5187776 52.563587, 13.5184477 52.5638474, 13.5183106 52.5639557, 13.5193217 52.5644369))",1109,Lichtenberg,Neu-Hohenschönhausen,OSM,OSM_SCHOOLS,11G26,OSM_SCHOOLS,way:35929194,Randow-Grundschule,,,,,,,,,,,,,,,,,,,,,,,,True,52.56387303250291,13.519224620160797,True,True
36303926,11008008,Sonnen-Grundschule,52.47242229700787,13.466734486463992,"POLYGON ((13.4679583 52.4722074, 13.4675256 52.4719754, 13.4675003 52.4719619, 13.4674777 52.4719502, 13.4672964 52.4718561, 13.467185 52.4717983, 13.4670132 52.4717092, 13.4668223 52.4716101, 13.4666822 52.4715977, 13.4665051 52.4717261, 13.4664423 52.4717716, 13.4654528 52.4724752, 13.4655386 52.4725256, 13.4660274 52.4727905, 13.4670834 52.4733845, 13.4674727 52.4731114, 13.4670027 52.4728786, 13.4678502 52.4722821, 13.4679583 52.4722074))",0801,Neukölln,Neukölln,OSM,OSM_SCHOOLS,08G20,OSM_SCHOOLS,way:36303926,Sonnen-Grundschule,,,,,,,,,,"Dammweg 228, 12057 Berlin",Dammweg,228,12057,Berlin,,,,,,,http://www.sonnen-g.cidsnet.de,,,True,52.47242229700787,13.466734486463992,True,True
36824628,11003003,Grundschule am Weißensee,52.555490626776496,13.457559294430716,"POLYGON ((13.4566312 52.5555219, 13.4578971 52.5550033, 13.4581423 52.5550935, 13.4584653 52.5555258, 13.4575234 52.5558251, 13.4574027 52.5558712, 13.4572437 52.5559506, 13.4572116 52.5559751, 13.4571894 52.5559921, 13.4570276 52.5558987, 13.4568996 52.5558184, 13.456746 52.5557093, 13.4568129 52.5556778, 13.4567412 52.5556242, 13.4566312 52.5555219))",0302,Pankow,Weißensee,OSM,OSM_SCHOOLS,03G17,OSM_SCHOOLS,way:36824628,Grundschule am Weißensee,,,,,,,,,,"Amalienstraße 6, Berlin",Amalienstraße,6,,Berlin,,,,,,,,,,True,52.555490626776496,13.457559294430716,True,True
36878354,11012012,Bettina-von-Arnim Oberschule,52.60310489189818,13.355183823175517,"POLYGON ((13.3568763 52.6038717, 13.3569422 52.6033278, 13.3556063 52.6032501, 13.3557049 52.602509, 13.355722 52.6024006, 13.3554927 52.6021302, 13.3553167 52.6021254, 13.35488 52.6021608, 13.3545527 52.6021816, 13.3541899 52.6021781, 13.3539897 52.6037216, 13.3568763 52.6038717))",1210,Reinickendorf,Märkisches Viertel,OSM,OSM_SCHOOLS,12K02,OSM_SCHOOLS,way:36878354,Bettina-von-Arnim Oberschule,,,,,,,,,,,,,,,,,,,+4930 403 05 0,bva-mail@bettina.cidsnet.de,http://www.bettina.cidsnet.de/,,,True,52.60310489189818,13.355183823175517,True,True
37285408,11007007,Käthe-Kollwitz-Grundschule,52.385482974846745,13.402746864587483,"POLYGON ((13.4031696 52.3857406, 13.4023327 52.3857528, 13.402331 52.3852207, 13.4031578 52.3852156, 13.4031696 52.3857406))",0706,Tempelhof-Schöneberg,Lichtenrade,OSM,OSM_SCHOOLS,07G29b,OSM_SCHOOLS,way:37285408,Käthe-Kollwitz-Grundschule,,,,,,,,,,"Rehagener Straße 42, 12307 Berlin",Rehagener Straße,42,12307,Berlin,,,,,,,https://www.kkgs-berlin.de/,,,True,52.385482974846745,13.402746864587483,True,True
37340844,11003003,Grundschule Alt-Karow,52.60894640738168,13.479497717884467,"POLYGON ((13.4794003 52.6097723, 13.4801335 52.6095447, 13.4808759 52.6093142, 13.4806246 52.6091144, 13.4799539 52.6085811, 13.4800283 52.6085503, 13.479979 52.6085094, 13.4799954 52.6085022, 13.4797612 52.6083172, 13.4794755 52.6080939, 13.4781937 52.6085975, 13.4788161 52.6091833, 13.4790988 52.6094636, 13.4794003 52.6097723))",0305,Pankow,Karow,OSM,OSM_SCHOOLS,03G23,OSM_SCHOOLS,way:37340844,Grundschule Alt-Karow,,,,,,,,,,"Bahnhofstraße 32, 13125 Berlin",Bahnhofstraße,32,13125,Berlin,,,,,,,,,,True,52.60894640738168,13.479497717884467,True,True
37559666,11004004,Paula-Fürst-Schule,52.5026834359966,13.302041788819656,"POLYGON ((13.3012748 52.503207, 13.3013454 52.5032227, 13.3021746 52.5034077, 13.30229 52.5032168, 13.3023047 52.5030154, 13.302408 52.5030178, 13.3026169 52.503022, 13.3026721 52.5030236, 13.3026802 52.5028684, 13.3026817 52.502821, 13.3026866 52.5027136, 13.3026893 52.5026277, 13.30269 52.5025796, 13.3026914 52.5024811, 13.3026939 52.5024005, 13.3026964 52.5023359, 13.3026983 52.5022853, 13.3027008 52.5022113, 13.3027021 52.5021713, 13.3027045 52.5020753, 13.3023338 52.5020707, 13.3021848 52.502069, 13.3021844 52.502082, 13.3020799 52.5020808, 13.3020801 52.5020765, 13.3019552 52.502075, 13.3019549 52.502082, 13.3018431 52.5020807, 13.3018435 52.5020656, 13.3016091 52.502063, 13.3016043 52.5022191, 13.3016035 52.5022865, 13.3015966 52.5023977, 13.3015927 52.5024435, 13.3014355 52.5024403, 13.301417 52.5030156, 13.3013409 52.5031005, 13.3012748 52.503207))",0401,Charlottenburg-Wilmersdorf,Charlottenburg,OSM,OSM_SCHOOLS,04K05,OSM_SCHOOLS,way:37559666,Paula-Fürst-Schule,,,,,,,,,,"Sybelstraße 21, 10629 Berlin",Sybelstraße,21,10629,Berlin,SCC,,,,,,http://www.paula-fürst-schule.de/,,,True,52.5026834359966,13.302041788819656,True,True
37637128,11002002,Freie Schule Kreuzberg,52.50408057985154,13.4291266897413,"POLYGON ((13.4290957 52.5041349, 13.4290893 52.5041294, 13.4290668 52.5041385, 13.4290442 52.5041467, 13.429027 52.5041247, 13.4289541 52.504059, 13.4289312 52.5040374, 13.4289536 52.5040282, 13.4291278 52.5039566, 13.4291396 52.5039705, 13.429321 52.5041848, 13.4292298 52.5042149, 13.4291543 52.5041289, 13.4291782 52.5041165, 13.4291644 52.5041017, 13.4291301 52.5041148, 13.4291337 52.5041206, 13.4290957 52.5041349))",0202,Friedrichshain-Kreuzberg,Kreuzberg,OSM,OSM_SCHOOLS,02P09,OSM_SCHOOLS,way:37637128,Freie Schule Kreuzberg,,,,,,,,,,"Wrangelstraße 128, 10997 Berlin",Wrangelstraße,128,10997,Berlin,Freie Schule Kreuzberg e.V.,,,,,,,,,True,52.50408057985154,13.4291266897413,True,True
38555695,11011011,Hans-Rosenthal-Grundschule,52.531781284743076,13.480604203897473,"POLYGON ((13.4797989 52.5313868, 13.4807617 52.5313637, 13.4807635 52.5313924, 13.4810392 52.5313857, 13.4810543 52.5316184, 13.4815192 52.5316073, 13.4815515 52.5321063, 13.480285 52.5321367, 13.4802871 52.5321697, 13.4798503 52.5321801, 13.4797989 52.5313868))",1111,Lichtenberg,Fennpfuhl,OSM,OSM_SCHOOLS,11G32,OSM_SCHOOLS,way:38555695,Hans-Rosenthal-Grundschule,,,,,,,,,,"Bernhard-Bästlein-Straße 56, 10367 Berlin",Bernhard-Bästlein-Straße,56,10367,Berlin,Bezirksamt Lichtenberg von Berlin,,,,,,https://hans-rosenthal-schule.de/,,,True,52.531781284743076,13.480604203897473,True,True
39529597,11011011,Grundschule am Roederplatz,52.52940860221639,13.482482536777743,"POLYGON ((13.481193 52.52885, 13.4812098 52.5292522, 13.4812735 52.5292503, 13.4812769 52.5292756, 13.4812747 52.5293138, 13.4818255 52.5294997, 13.4819403 52.5295675, 13.4819674 52.5295814, 13.4821038 52.5296163, 13.4822933 52.5296131, 13.4823275 52.5296125, 13.4824127 52.5296108, 13.4824545 52.5302674, 13.4833075 52.5302622, 13.4833104 52.5303059, 13.4833787 52.530305, 13.4833078 52.5290723, 13.4830501 52.5290784, 13.4830413 52.5288998, 13.4830369 52.5287574, 13.4824743 52.5287663, 13.4824509 52.5287748, 13.4824464 52.5288103, 13.4822613 52.5288153, 13.4822601 52.5287864, 13.4820576 52.5287892, 13.4820553 52.528824, 13.4812722 52.5288422, 13.4812675 52.5288515, 13.481193 52.52885))",1111,Lichtenberg,Fennpfuhl,OSM,OSM_SCHOOLS,11G02,OSM_SCHOOLS,way:39529597,Grundschule am Roederplatz,,,,,,,,,,"Bernhard-Bästlein-Straße 22, 10367 Berlin",Bernhard-Bästlein-Straße,22,10367,Berlin,,,,,+49 30 9721419,11g02@11g02.schule.berlin.de,https://schule-am-roederplatz.de/,,,True,52.52940860221639,13.482482536777743,True,True
40109211,,Janusz-Korczak-Grundschule,52.42111717281128,13.457721456081376,"POLYGON ((13.456597 52.4219007, 13.4567254 52.4219217, 13.4568081 52.4219455, 13.4568911 52.4219703, 13.4569705 52.4220079, 13.4570596 52.4219321, 13.4573834 52.4218551, 13.4589088 52.421508, 13.4586426 52.4210812, 13.4588574 52.4205791, 13.45823 52.4204529, 13.4577705 52.4203472, 13.4571843 52.4202005, 13.456597 52.4219007))",,,,OSM,OSM_SCHOOLS,08G31,OSM_SCHOOLS,way:40109211,Janusz-Korczak-Grundschule,,,,,,,,,,"Wildhüterweg 5, 12353",Wildhüterweg,5,12353,,,,,,+4930 67066630,Berlin.08G31@t-online.de,http://www.jkgs.cidsnet.de/,,,True,52.42111717281128,13.457721456081376,False,False
40517713,11011011,,52.570227444843844,13.522012827895715,"POLYGON ((13.5210012 52.5716058, 13.5222848 52.5715035, 13.5222965 52.571564, 13.5227399 52.5715331, 13.5229548 52.5715147, 13.5229607 52.5713913, 13.5234208 52.5713566, 13.5231781 52.5701747, 13.5231662 52.5701292, 13.5232471 52.5698955, 13.5234163 52.5696419, 13.5238059 52.5696893, 13.5239143 52.5693724, 13.5239004 52.5693157, 13.5238487 52.5692761, 13.5235533 52.5692391, 13.5234704 52.5692284, 13.5234171 52.5692211, 13.5233536 52.5692136, 13.5229921 52.5691691, 13.5227041 52.5691331, 13.5223413 52.5690879, 13.5220526 52.5690515, 13.5216907 52.5690062, 13.5216297 52.5689982, 13.5211292 52.5689348, 13.5209252 52.5689078, 13.5208129 52.5688965, 13.5207207 52.5689333, 13.5206717 52.5692146, 13.5206118 52.5693885, 13.5205107 52.5695529, 13.5205071 52.5696873, 13.5205246 52.569861, 13.5205676 52.5700292, 13.520695 52.5704244, 13.5208413 52.5709092, 13.5208727 52.5711568, 13.5210012 52.5716058))",1109,Lichtenberg,Neu-Hohenschönhausen,OSM,OSM_SCHOOLS,,OSM_SCHOOLS,way:40517713,,,,,,,,,,,,,,,,,,,,,,,,,True,52.570227444843844,13.522012827895715,True,True
40606372,11005005,Christoph-Földerich-Grundschule,52.52029803982526,13.192903847487605,"POLYGON ((13.1929627 52.5205692, 13.1929627 52.520567, 13.1927736 52.5205679, 13.1927736 52.5205705, 13.1926552 52.5205711, 13.192654 52.5204732, 13.1928401 52.5204723, 13.1928398 52.5204416, 13.1928612 52.5204415, 13.19286 52.5203446, 13.1928599 52.5203375, 13.192859 52.5202622, 13.1928589 52.520257, 13.1928577 52.5201567, 13.1928344 52.5201568, 13.1928341 52.5201278, 13.1926449 52.5201286, 13.1926436 52.5200285, 13.192756 52.520028, 13.1927561 52.520031, 13.1929472 52.5200301, 13.1929545 52.5200301, 13.1930541 52.5200297, 13.193054 52.5200226, 13.1930678 52.5200225, 13.193067 52.5201294, 13.193053 52.5201294, 13.1930546 52.5202586, 13.1930626 52.5202586, 13.1930636 52.5203404, 13.1930557 52.5203404, 13.1930573 52.5204733, 13.193073 52.5204733, 13.1930743 52.5205762, 13.1930622 52.5205763, 13.1930621 52.5205687, 13.1929627 52.5205692))",0509,Spandau,Wilhelmstadt,OSM,OSM_SCHOOLS,,OSM_SCHOOLS,way:40606372,Christoph-Földerich-Grundschule,,,,,,,,,,,,,,,,,,,,,,,,True,52.52029803982526,13.192903847487605,True,True
40686348,11002002,Georg-Weerth-Schule,52.51900116259104,13.449845881085608,"POLYGON ((13.4503706 52.5185505, 13.4503059 52.5186421, 13.4502355 52.5187429, 13.4501938 52.5188036, 13.4501541 52.5188575, 13.4503112 52.5188966, 13.4504871 52.5189404, 13.4504003 52.51906, 13.4503179 52.5191735, 13.4501465 52.5191299, 13.4499971 52.5190921, 13.4499607 52.5191443, 13.4499165 52.5192068, 13.4498945 52.5192414, 13.4500604 52.519281, 13.4502365 52.5193244, 13.4502033 52.5193733, 13.4500222 52.5196382, 13.4498177 52.519584, 13.4497112 52.5195554, 13.4496145 52.5195305, 13.4496899 52.5194225, 13.4497263 52.519369, 13.4491566 52.5192255, 13.4492884 52.519049, 13.449299 52.5190354, 13.4493721 52.5189345, 13.4494321 52.5188534, 13.4494826 52.5187853, 13.4495406 52.5187051, 13.4496244 52.5185875, 13.4497483 52.5184179, 13.4503706 52.5185505))",0201,Friedrichshain-Kreuzberg,Friedrichshain,OSM,OSM_SCHOOLS,02K07,OSM_SCHOOLS,way:40686348,Georg-Weerth-Schule,,,,,,,,,,"Eckertstraße 16a, 10249 Berlin",Eckertstraße,16a,10249,Berlin,,,,,+49 30 24656714,Weerth.cids@t-online.de,https://www.georg-weerth-schule.de/,,,True,52.51900116259104,13.449845881085608,True,True
40955696,11001001,Diesterweg-Gymnasium,52.54941374637227,13.379059857756141,"POLYGON ((13.3777207 52.5497526, 13.3784521 52.5493147, 13.3796678 52.5485954, 13.3798373 52.5487114, 13.3804119 52.5491039, 13.379855 52.5493921, 13.3795762 52.5495434, 13.3790764 52.5498613, 13.3789228 52.5499583, 13.378828 52.550025, 13.3784896 52.5502333, 13.3777207 52.5497526))",0106,Mitte,Gesundbrunnen,OSM,OSM_SCHOOLS,01Y09,OSM_SCHOOLS,way:40955696,Diesterweg-Gymnasium,,,,,,,,,,"Böttgerstraße 2, 13357 Berlin",Böttgerstraße,2,13357,Berlin,,,,,+4930 463096 20,info@diesterweg-gymnasium-berlin.de,https://www.diesterweg-gymnasium-berlin.de/,,,True,52.54941374637227,13.379059857756141,True,True
41232117,,Carl-von-Linné Schule,52.5220689020041,13.472011810215053,"POLYGON ((13.4702348 52.5230887, 13.4705916 52.5230493, 13.470974 52.5230107, 13.4713583 52.5229752, 13.4731294 52.5229042, 13.4731617 52.5220006, 13.473231 52.5219949, 13.4732353 52.5218399, 13.4731593 52.521805, 13.4731686 52.5213177, 13.4731897 52.5208017, 13.4727188 52.5207872, 13.4722956 52.5207742, 13.4722084 52.5208065, 13.4720527 52.5208945, 13.4719315 52.5209834, 13.4717481 52.5212017, 13.4715388 52.5214734, 13.471437 52.5216553, 13.4712432 52.5218224, 13.4708239 52.5221434, 13.4704451 52.5224512, 13.4702451 52.5225932, 13.4702348 52.5230887))",,,,OSM,OSM_SCHOOLS,11S07,OSM_SCHOOLS,way:41232117,Carl-von-Linné Schule,,,,,,,,,,,,,,,,,,,+49305050960,,http://www.linne.schule/,,,True,52.5220689020041,13.472011810215053,False,False
41281010,11011011,Friedrichsfelder Schule,52.5028081406629,13.503156364461834,"POLYGON ((13.504026 52.5032443, 13.5036589 52.503316, 13.5036455 52.5032904, 13.5028354 52.5034479, 13.5027978 52.5033855, 13.5022026 52.5023981, 13.502975 52.5022442, 13.5039026 52.5024225, 13.5038408 52.5028961, 13.5039414 52.5030853, 13.504026 52.5032443))",1101,Lichtenberg,Friedrichsfelde,OSM,OSM_SCHOOLS,11G23,OSM_SCHOOLS,way:41281010,Friedrichsfelder Schule,,,,,,,,,,"Lincolnstraße 67, 10315 Berlin",Lincolnstraße,67,10315,Berlin,,,,,+49 30 5251639,,https://friedrichsfelder-schule.de,,,True,52.5028081406629,13.503156364461834,True,True
41393266,11011011,Evangelische Schule Lichtenberg (Grundschule),52.504217426580425,13.513295041753553,"POLYGON ((13.5134308 52.5052538, 13.5135353 52.5051534, 13.5138265 52.5048722, 13.513867 52.5047555, 13.5135961 52.5047217, 13.5134706 52.5047061, 13.5135813 52.5042865, 13.5134487 52.5042759, 13.513519 52.5037545, 13.5138447 52.5037733, 13.5139148 52.503224, 13.5138772 52.5032065, 13.513861 52.5031741, 13.513618 52.5032081, 13.512987 52.5032683, 13.5131388 52.5035868, 13.5131318 52.503659, 13.513035 52.5038429, 13.5129613 52.5039788, 13.5128333 52.5043486, 13.5127826 52.5044107, 13.5127672 52.5044939, 13.5126952 52.5044912, 13.5126649 52.5046537, 13.5125989 52.5048091, 13.5134308 52.5052538))",1101,Lichtenberg,Friedrichsfelde,OSM,OSM_SCHOOLS,11P03,OSM_SCHOOLS,way:41393266,Evangelische Schule Lichtenberg (Grundschule),,,,,,,,,,"Rummelsburger Straße 3, 10315 Berlin",Rummelsburger Straße,3,10315,Berlin,Evangelische Schulstiftung in der EKBO,,,,+493054718014,,https://www.ev-schule-lichtenberg.de/,,,True,52.504217426580425,13.513295041753553,True,True
41406792,11011011,12. Schule mit sonderpädagogischem Förderschwerpunkt,52.50278008691506,13.509228123599339,"POLYGON ((13.5085776 52.5024108, 13.5088018 52.5028954, 13.5088951 52.5028835, 13.5090381 52.5031629, 13.5090201 52.5031975, 13.5097129 52.5033235, 13.5097262 52.5033288, 13.5098219 52.5031751, 13.509377 52.5022439, 13.508883 52.5023337, 13.5088937 52.5023546, 13.5085776 52.5024108))",1101,Lichtenberg,Friedrichsfelde,OSM,OSM_SCHOOLS,,OSM_SCHOOLS,way:41406792,12. Schule mit sonderpädagogischem Förderschwerpunkt,,,,,,,,,,,,,,,,,,,,,,,,True,52.50278008691506,13.509228123599339,True,True
41614521,11011011,,52.49455891775536,13.50634973484583,"POLYGON ((13.506701 52.4950861, 13.5066561 52.4950082, 13.5066841 52.4950032, 13.5066574 52.4949482, 13.5066494 52.4949314, 13.5066211 52.4949365, 13.5063815 52.4944408, 13.506407 52.4944363, 13.506389 52.4943991, 13.5063722 52.4943644, 13.5063487 52.4943686, 13.506147 52.4939512, 13.5060071 52.4939763, 13.5061877 52.4943501, 13.5060976 52.4943663, 13.5061274 52.494428, 13.5061562 52.4944877, 13.5062397 52.4944728, 13.5064542 52.4949167, 13.5063699 52.4949318, 13.5063998 52.4949937, 13.5064295 52.4950552, 13.5065135 52.4950402, 13.5065481 52.4951118, 13.506701 52.4950861))",1101,Lichtenberg,Friedrichsfelde,OSM,OSM_SCHOOLS,11K12b,OSM_SCHOOLS,way:41614521,,,,,,,,,,,,,,,,,,,,,,,,,True,52.49455891775536,13.50634973484583,True,True
41645687,11011011,Bernhard-Grzimek-Grundschule,52.495198606399846,13.511541041523639,"POLYGON ((13.5123417 52.4950675, 13.5119026 52.4951434, 13.5115685 52.4944086, 13.5115237 52.4944177, 13.5108766 52.4945256, 13.5105082 52.4945936, 13.5105374 52.4946508, 13.5111311 52.4958135, 13.5111935 52.4959384, 13.5113087 52.4959201, 13.5113273 52.495899, 13.5123954 52.4957351, 13.5124247 52.495747, 13.5125159 52.4957308, 13.5124479 52.4955741, 13.5123516 52.4953522, 13.512762 52.4952883, 13.5128015 52.4952821, 13.5126905 52.4950196, 13.5123753 52.4950747, 13.5123417 52.4950675))",1101,Lichtenberg,Friedrichsfelde,OSM,OSM_SCHOOLS,11G11,OSM_SCHOOLS,way:41645687,Bernhard-Grzimek-Grundschule,,,,,,,,,,"Sewanstraße 184, 10319 Berlin",Sewanstraße,184,10319,Berlin,,,,,+49 30 5120097,sekretariat@grzimek.schule.berlin.de,https://www.11g11.de/,,,True,52.495198606399846,13.511541041523639,True,True
41645878,11011011,Schule am Tierpark,52.49661309210396,13.515314869798951,"POLYGON ((13.5158187 52.4965649, 13.515702 52.4962822, 13.5155648 52.4959687, 13.5154356 52.4959364, 13.5148304 52.4957851, 13.5147842 52.4958581, 13.5146945 52.4958384, 13.5145623 52.4960448, 13.5146116 52.4961702, 13.5147771 52.4965722, 13.51479 52.4966029, 13.5147801 52.4966329, 13.5147606 52.4966571, 13.514722 52.4966766, 13.514598 52.4966977, 13.5146778 52.4968895, 13.5147296 52.4968811, 13.514981 52.4968404, 13.5152248 52.497419, 13.5161645 52.4972681, 13.5159937 52.4968741, 13.5158881 52.4966306, 13.5158521 52.4966364, 13.5158187 52.4965649))",1101,Lichtenberg,Friedrichsfelde,OSM,OSM_SCHOOLS,11K08,OSM_SCHOOLS,way:41645878,Schule am Tierpark,,,,,,,,,,"Sewanstraße 223, 10319 Berlin",Sewanstraße,223,10319,Berlin,,,,,,,,,,True,52.49661309210396,13.515314869798951,True,True
41968203,11006006,Mühlenau-Grundschule,52.443594531666214,13.275330337613688,"POLYGON ((13.2747263 52.4443166, 13.2743357 52.443525, 13.2738288 52.4436096, 13.2736405 52.443204, 13.2736985 52.4431719, 13.2763248 52.4430256, 13.276785 52.4439555, 13.2747263 52.4443166))",0605,Steglitz-Zehlendorf,Dahlem,OSM,OSM_SCHOOLS,06G06,OSM_SCHOOLS,way:41968203,Mühlenau-Grundschule,,,,,,,,,,,,,,,,,,,,,,,,True,52.443594531666214,13.275330337613688,True,True
41983247,11006006,,52.43163038230035,13.255859327816509,"POLYGON ((13.2558733 52.4316908, 13.2558707 52.4316925, 13.2558641 52.4316955, 13.2558556 52.4316972, 13.2558553 52.4316982, 13.2558455 52.4316991, 13.255833 52.4316978, 13.2558184 52.4316933, 13.2558193 52.4316922, 13.2558108 52.4316871, 13.2558075 52.4316817, 13.2557347 52.4316716, 13.2557714 52.4315714, 13.2558338 52.43158, 13.2558446 52.4315501, 13.2559282 52.4315616, 13.2559172 52.4315915, 13.2559784 52.4316, 13.2559799 52.4316003, 13.2559589 52.4316577, 13.255943 52.4317003, 13.2558733 52.4316908))",0604,Steglitz-Zehlendorf,Zehlendorf,OSM,OSM_SCHOOLS,,OSM_SCHOOLS,way:41983247,,,,,,,,,,,"Beuckestraße 29, 14163 Berlin",Beuckestraße,29,14163,Berlin,,,,,,,,,,True,52.43163038230035,13.255859327816509,True,True
41983248,11006006,Schadow-Gymnasium Haus B,52.43097150935323,13.253034213144598,"POLYGON ((13.2530479 52.4308017, 13.2533958 52.4308466, 13.2534206 52.4307752, 13.2534601 52.4307803, 13.2535042 52.4306536, 13.2528868 52.4305737, 13.2528525 52.4306722, 13.2529253 52.4306816, 13.2528081 52.4310184, 13.2527612 52.4310123, 13.252749 52.4310474, 13.2526947 52.4312034, 13.252591 52.43119, 13.2525605 52.4312775, 13.2527798 52.4313058, 13.252786 52.4312881, 13.2528302 52.4312938, 13.2532457 52.4313475, 13.253314 52.431151, 13.2529972 52.43111, 13.2530161 52.4310556, 13.252962 52.4310486, 13.2530479 52.4308017))",0604,Steglitz-Zehlendorf,Zehlendorf,OSM,OSM_SCHOOLS,06Y01b,OSM_SCHOOLS,way:41983248,Schadow-Gymnasium Haus B,,,,,,,,,,"Beuckestraße 24-25, 14163 Berlin",Beuckestraße,24-25,14163,Berlin,,,,,,,,,,True,52.43097150935323,13.253034213144598,True,True
41996587,11001001,Schule am Schillerpark,52.55624372382663,13.346025255374235,"POLYGON ((13.345806 52.555881, 13.3457912 52.5558893, 13.3456422 52.5559733, 13.3455271 52.5560381, 13.3454277 52.5560941, 13.345356 52.5561345, 13.3453034 52.5561641, 13.3457744 52.5564761, 13.3460817 52.5566797, 13.3461168 52.5567029, 13.346426 52.5565258, 13.3466132 52.5564205, 13.346672 52.5563892, 13.346539 52.5562981, 13.3466465 52.5562359, 13.3459718 52.5557911, 13.345806 52.555881))",0105,Mitte,Wedding,OSM,OSM_SCHOOLS,01K08,OSM_SCHOOLS,way:41996587,Schule am Schillerpark,,,,,,,,,,"Ofener Straße 6, 13349 Berlin",Ofener Straße,6,13349,Berlin,,,,,,,https://www.schule-am-schillerpark.de/,,,True,52.55624372382663,13.346025255374235,True,True
41996596,11001001,Wedding-Schule,52.54688083912515,13.364207152483639,"POLYGON ((13.3648675 52.5467849, 13.3651456 52.546958, 13.3650074 52.5470439, 13.3647035 52.5472326, 13.3644609 52.5473771, 13.3643481 52.5474443, 13.3643329 52.5474534, 13.3642955 52.5474296, 13.3642734 52.5474159, 13.364062 52.5472848, 13.3640099 52.5472524, 13.3639579 52.5472201, 13.3635873 52.5469886, 13.3629939 52.546618, 13.3630459 52.5465606, 13.3638947 52.5465589, 13.3639311 52.5465588, 13.3639931 52.5465589, 13.3646796 52.54656, 13.364765 52.5465602, 13.3647817 52.54656, 13.3650898 52.5465565, 13.3650898 52.5465589, 13.3650904 52.5466762, 13.3650904 52.5466774, 13.3650909 52.5467734, 13.3648839 52.5467747, 13.3648675 52.5467849))",0105,Mitte,Wedding,OSM,OSM_SCHOOLS,01G31,OSM_SCHOOLS,way:41996596,Wedding-Schule,,,,,,,,,,"Antonstraße 10, 13347 Berlin",Antonstraße,10,13347,Berlin,Bezirksamt Mitte von Berlin,,,,,,,,,True,52.54688083912515,13.364207152483639,True,True
42208912,11011011,Lew-Tolstoi-Grundschule,52.49204325986996,13.537779504523911,"POLYGON ((13.5377706 52.492334, 13.5378035 52.4925826, 13.538858 52.492544, 13.538858 52.4925684, 13.5395895 52.4925332, 13.5395428 52.4921576, 13.5395362 52.4921048, 13.5394694 52.492065, 13.538656 52.4920194, 13.5386546 52.4919283, 13.5377005 52.4918736, 13.5376521 52.4915148, 13.5369934 52.4914701, 13.5369604 52.4911865, 13.5363886 52.4912126, 13.536443 52.4916231, 13.5365434 52.4916226, 13.5366379 52.492436, 13.5371172 52.4924174, 13.5371097 52.4923597, 13.5377706 52.492334))",1102,Lichtenberg,Karlshorst,OSM,OSM_SCHOOLS,11G12,OSM_SCHOOLS,way:42208912,Lew-Tolstoi-Grundschule,,,,,,,,,,"Römerweg 120, 10318 Berlin",Römerweg,120,10318,Berlin,,,,,+49 30 5090147,sekretariat@11g12.schule.berlin.de,https://lew-tolstoi-schule.de,,,True,52.49204325986996,13.537779504523911,True,True
42279763,11004004,Judith-Kerr-Grundschule,52.476168071480664,13.293240257294652,"POLYGON ((13.2934222 52.4761578, 13.2932889 52.476202, 13.2930635 52.4762786, 13.2930914 52.4763118, 13.293086 52.4763203, 13.292992 52.4763315, 13.2929252 52.4762228, 13.2931562 52.4761432, 13.2931369 52.4761214, 13.2932912 52.4760726, 13.293313 52.4760957, 13.2935264 52.4760244, 13.2935963 52.4761001, 13.2934222 52.4761578))",0403,Charlottenburg-Wilmersdorf,Schmargendorf,OSM,OSM_SCHOOLS,04G27,OSM_SCHOOLS,way:42279763,Judith-Kerr-Grundschule,,,,,,,,,,"Friedrichshaller Straße 13, 14199 Berlin",Friedrichshaller Straße,13,14199,Berlin,,,,,,,,,,True,52.476168071480664,13.293240257294652,True,True
42283805,11004004,Hort,52.47150046784452,13.311279474638711,"POLYGON ((13.3110729 52.4716501, 13.3110697 52.471547, 13.311272 52.4715448, 13.3112701 52.4714759, 13.3112351 52.4714763, 13.31123 52.4713046, 13.311399 52.4713028, 13.3114061 52.4715451, 13.3113859 52.4715453, 13.3113889 52.4716463, 13.3110729 52.4716501))",0402,Charlottenburg-Wilmersdorf,Wilmersdorf,OSM,OSM_SCHOOLS,,OSM_SCHOOLS,way:42283805,Hort,,,,,,,,,,,,,,,,,,,,,,,,True,52.47150046784452,13.311279474638711,True,True
42343866,11012012,Förderzentrum Stötzner Schule,52.584384785731444,13.304814664008674,"POLYGON ((13.3048376 52.5844799, 13.3048182 52.5844712, 13.3047384 52.5845369, 13.3047556 52.5845443, 13.3047109 52.5845827, 13.3046928 52.5845754, 13.3046078 52.5846446, 13.3044562 52.5845748, 13.3045394 52.5845048, 13.3045185 52.5844957, 13.3045639 52.5844592, 13.3045829 52.5844683, 13.3048674 52.5842346, 13.3048475 52.5842248, 13.3048941 52.5841873, 13.3049152 52.5841966, 13.3049969 52.584128, 13.305152 52.5841986, 13.3050681 52.5842658, 13.3051076 52.5842833, 13.3050608 52.5843229, 13.3050549 52.5843201, 13.3049385 52.5844173, 13.3049234 52.5844109, 13.3048376 52.5844799))",1211,Reinickendorf,Borsigwalde,OSM,OSM_SCHOOLS,12S01,OSM_SCHOOLS,way:42343866,Förderzentrum Stötzner Schule,,,,,,,,,,"Tietzstraße 26-28, 13509 Berlin",Tietzstraße,26-28,13509,Berlin,,,,,,,,,,True,52.584384785731444,13.304814664008674,True,True
42458554,11009009,Edison-Grundschule,52.466109970035575,13.508616937800314,"POLYGON ((13.5093661 52.4656829, 13.5091128 52.4659724, 13.5087451 52.4668231, 13.5087127 52.466827, 13.5078377 52.4666593, 13.5081899 52.4662558, 13.508462 52.4657061, 13.5081982 52.4656106, 13.5085292 52.4653362, 13.5085798 52.4653584, 13.5091009 52.4655876, 13.5093661 52.4656829))",0909,Treptow-Köpenick,Oberschöneweide,OSM,OSM_SCHOOLS,09G21,OSM_SCHOOLS,way:42458554,Edison-Grundschule,,,,,,,,,,,,,,,,,,,,,https://edison-grundschule.de/,,,True,52.466109970035575,13.508616937800314,True,True
42502723,11006006,Schweizerhof-Grundschule,52.42289043948622,13.264835926950116,"POLYGON ((13.2634766 52.4234246, 13.2636146 52.4232385, 13.2640104 52.4222195, 13.2640513 52.422186, 13.2640962 52.4221762, 13.264146 52.422178, 13.266176 52.422468, 13.2657331 52.4235579, 13.2651647 52.4234778, 13.2646625 52.4234272, 13.2642611 52.4233668, 13.2642023 52.4235331, 13.2634766 52.4234246))",0604,Steglitz-Zehlendorf,Zehlendorf,OSM,OSM_SCHOOLS,06G08,OSM_SCHOOLS,way:42502723,Schweizerhof-Grundschule,,,,,,,,,,,,,,,,,,,,,http://www.schweizerhof-grundschule.de/,,,True,52.42289043948622,13.264835926950116,True,True
42502724,11006006,Süd-Grundschule,52.41918450542685,13.25741770217778,"POLYGON ((13.2588496 52.4193514, 13.2592734 52.4194082, 13.2594548 52.4189383, 13.2562552 52.4184883, 13.2562476 52.4185168, 13.255894 52.4194849, 13.2562472 52.4195387, 13.2561915 52.4197004, 13.256783 52.4197808, 13.2578808 52.4199485, 13.2581504 52.419247, 13.2588496 52.4193514))",0604,Steglitz-Zehlendorf,Zehlendorf,OSM,OSM_SCHOOLS,06G02,OSM_SCHOOLS,way:42502724,Süd-Grundschule,,,,,,,,,,,,,,,,,,,,,,,,True,52.41918450542685,13.25741770217778,True,True
42550233,11009009,Merian-Schule (Standort Hoernlestraße),52.46475454981723,13.576584766529278,"POLYGON ((13.575996 52.4638933, 13.5769214 52.4641122, 13.5770283 52.4641299, 13.5771851 52.464129, 13.5772983 52.4641115, 13.5774097 52.4640832, 13.5776823 52.4643213, 13.5779424 52.4645485, 13.5780878 52.4646747, 13.5781649 52.4646413, 13.5783138 52.4647682, 13.5782647 52.4647901, 13.5782724 52.4647969, 13.5775328 52.4651199, 13.5767666 52.4654212, 13.5765823 52.4654886, 13.5761519 52.4654505, 13.5751883 52.4653707, 13.5750483 52.4653577, 13.5756749 52.464397, 13.575996 52.4638933))",0910,Treptow-Köpenick,Köpenick,OSM,OSM_SCHOOLS,09K01,OSM_SCHOOLS,way:42550233,Merian-Schule (Standort Hoernlestraße),,,,,,,,,,"Hoernlestraße 80, 12555 Berlin",Hoernlestraße,80,12555,Berlin,,,,,,,http://www.merian-schule-berlin.de/,,,True,52.46475454981723,13.576584766529278,True,True
42697319,11003003,Tesla-Schule,52.529729538475934,13.446663757482309,"POLYGON ((13.4453207 52.5297391, 13.4453966 52.5296619, 13.4454013 52.5296572, 13.4454749 52.5295822, 13.4455081 52.5295484, 13.4456371 52.5294172, 13.4456737 52.5293799, 13.4457481 52.5293042, 13.44578 52.529271, 13.4458248 52.529226, 13.4458844 52.5291655, 13.4459402 52.5291087, 13.4461347 52.529177, 13.4462468 52.5290658, 13.4463216 52.5290928, 13.446918 52.5293083, 13.4476218 52.5295675, 13.4480129 52.5297117, 13.4472205 52.5304411, 13.4455935 52.5298399, 13.445557 52.5298264, 13.4453207 52.5297391))",0301,Pankow,Prenzlauer Berg,OSM,OSM_SCHOOLS,03K07,OSM_SCHOOLS,way:42697319,Tesla-Schule,,,,,,,,,,"Rudi-Arndt-Straße 18, 10407 Berlin",Rudi-Arndt-Straße,18,10407,Berlin,Bezirksamt Pankow von Berlin,,,,,,https://www.tesla-schule.de,,,True,52.529729538475934,13.446663757482309,True,True
42700975,11011011,Hans-und-Hilde-Coppi-Gymnasium,52.49158456375739,13.522770451507213,"POLYGON ((13.521731 52.4912182, 13.521629 52.4912882, 13.5216256 52.4913388, 13.5218695 52.4921059, 13.522041 52.4921736, 13.5230957 52.492034, 13.5239353 52.4919254, 13.5239195 52.4918768, 13.5237052 52.4912179, 13.5237439 52.4911973, 13.5238044 52.4911911, 13.5237652 52.4910736, 13.5236972 52.4910793, 13.5236459 52.4910612, 13.5236406 52.4910419, 13.5236335 52.4910008, 13.5221187 52.4911724, 13.521731 52.4912182))",1102,Lichtenberg,Karlshorst,OSM,OSM_SCHOOLS,11Y05,OSM_SCHOOLS,way:42700975,Hans-und-Hilde-Coppi-Gymnasium,,,,,,,,,,"Römerweg 30/32, 10318 Berlin",Römerweg,30/32,10318,Berlin,,,,,+49 30 5098116,,,,,True,52.49158456375739,13.522770451507213,True,True
42736150,11009009,Best-Sabel-Berufsfachschule für Design und Fachhochschule für Technik,52.4499495193137,13.572530847253299,"POLYGON ((13.5718148 52.4498054, 13.5724039 52.4501322, 13.5725641 52.4502189, 13.5727055 52.4502955, 13.5727771 52.4502456, 13.5731066 52.4500145, 13.5731148 52.4500187, 13.5731427 52.4499972, 13.5731308 52.4499901, 13.5731324 52.4499887, 13.573127 52.4499857, 13.5729617 52.4498969, 13.5728189 52.4498202, 13.5725348 52.4496712, 13.5721596 52.4497411, 13.5718148 52.4498054))",0910,Treptow-Köpenick,Köpenick,OSM,OSM_SCHOOLS,09P22,OSM_SCHOOLS,way:42736150,Best-Sabel-Berufsfachschule für Design und Fachhochschule für Technik,,,,,,,,,,,,,,,,,,,+49306566100,,https://best-sabel.de/,,,True,52.4499495193137,13.572530847253299,True,True
42736428,11009009,BEST-Sabel-Oberschule,52.451803769097445,13.571721889078132,"POLYGON ((13.571596 52.4514648, 13.570938 52.451909, 13.5715287 52.4523156, 13.5716083 52.4522691, 13.5721762 52.4518836, 13.572221 52.4519069, 13.5722532 52.4518856, 13.5723043 52.4519169, 13.5723621 52.4519175, 13.5723786 52.4519163, 13.5724348 52.4518822, 13.5724428 52.4518385, 13.5723394 52.4517729, 13.5723861 52.4517413, 13.572495 52.4516692, 13.572225 52.4515218, 13.5720999 52.4514538, 13.5720662 52.4514355, 13.5720295 52.4514147, 13.572041 52.4514071, 13.5720473 52.4514029, 13.5718572 52.4512984, 13.5718502 52.4513026, 13.5716074 52.451471, 13.571596 52.4514648))",0910,Treptow-Köpenick,Köpenick,OSM,OSM_SCHOOLS,09P09,OSM_SCHOOLS,way:42736428,BEST-Sabel-Oberschule,,,,,,,,,,,,,,,Stiftung Private Wirtschaftsschulen SABEL,,,,,,,,,True,52.451803769097445,13.571721889078132,True,True
42747957,11011011,Richard-Wagner-Grundschule,52.47932266502136,13.534389016626822,"POLYGON ((13.5354658 52.4784526, 13.5353583 52.4784044, 13.5351601 52.4785373, 13.5348991 52.4786618, 13.5338316 52.4791302, 13.5333244 52.4793557, 13.5336423 52.4796373, 13.5338061 52.4797779, 13.5341309 52.4800548, 13.5343343 52.4802259, 13.534477 52.4800022, 13.5345917 52.4798224, 13.5354658 52.4784526))",1102,Lichtenberg,Karlshorst,OSM,OSM_SCHOOLS,11G14,OSM_SCHOOLS,way:42747957,Richard-Wagner-Grundschule,,,,,,,,,,,,,,,,,,,,,http://www.wagner.cidsnet.de,,,True,52.47932266502136,13.534389016626822,True,True
42878083,11005005,Schule an der Jungfernheide,52.538358664544454,13.265634338987358,"POLYGON ((13.2650854 52.5388066, 13.2661021 52.5387577, 13.2670939 52.5387399, 13.2671592 52.5387377, 13.2671391 52.538349, 13.2671208 52.5379778, 13.2670566 52.5379786, 13.2670492 52.5378753, 13.2657214 52.5379052, 13.2651221 52.5379176, 13.2650051 52.5379203, 13.2643712 52.5379338, 13.264156 52.5383983, 13.2640683 52.538589, 13.2640874 52.5385921, 13.2640976 52.5385938, 13.2642278 52.5386147, 13.2642049 52.5386647, 13.2640758 52.5386431, 13.2640019 52.5388082, 13.2641508 52.5388053, 13.2641852 52.5388803, 13.2648481 52.538824, 13.2650854 52.5388066))",0503,Spandau,Siemensstadt,OSM,OSM_SCHOOLS,05K07,OSM_SCHOOLS,way:42878083,Schule an der Jungfernheide,,,,,,,,,,"Jugendweg 15-16, 13629 Berlin",Jugendweg,15-16,13629,Berlin,,,,,,,http://www.heinrich-hertz-oberschule.de,,,True,52.538358664544454,13.265634338987358,True,True
42882004,11006006,Nord-Grundschule,52.436614023486044,13.256333423835846,"POLYGON ((13.2567556 52.4359016, 13.2568343 52.4360482, 13.257064 52.4360048, 13.2570834 52.4360694, 13.2570737 52.4360711, 13.2570854 52.4361031, 13.2570932 52.4361022, 13.2571189 52.4361877, 13.2571264 52.4361869, 13.2571553 52.4362871, 13.2571894 52.4362804, 13.2571865 52.4363512, 13.2571677 52.4363836, 13.2571341 52.4364311, 13.2570295 52.4365901, 13.2570067 52.4366249, 13.2569716 52.4366824, 13.2569388 52.4366751, 13.2568687 52.4367901, 13.2568041 52.4368954, 13.2568645 52.4369124, 13.2568383 52.4369559, 13.2571494 52.4370408, 13.2571849 52.4370025, 13.2573316 52.4370369, 13.2570946 52.4373769, 13.2556711 52.437031, 13.2554481 52.4369684, 13.2553465 52.4369385, 13.2554086 52.4367625, 13.2554295 52.4366672, 13.2554271 52.4365492, 13.2553759 52.4362689, 13.2563338 52.4359724, 13.2567556 52.4359016))",0604,Steglitz-Zehlendorf,Zehlendorf,OSM,OSM_SCHOOLS,06G01,OSM_SCHOOLS,way:42882004,Nord-Grundschule,,,,,,,,,,"Potsdamer Straße 7, 14163 Berlin",Potsdamer Straße,7,14163,Berlin,Bezirksamt Steglitz-Zehlendorf von Berlin,,,,+49 30 90299 5468,sekretariat@nordgrundschule.de,https://www.nordgrundschule.de/,,,True,52.436614023486044,13.256333423835846,True,True
42900097,11002002,Blumen-Grundschule,52.516034414405034,13.430608366489858,"POLYGON ((13.4310187 52.5164777, 13.4311309 52.5164647, 13.4311803 52.5167074, 13.4314573 52.5166844, 13.4314636 52.5166643, 13.4318221 52.5166376, 13.4317567 52.5163858, 13.4322179 52.5163276, 13.4319982 52.5157148, 13.4314767 52.5157798, 13.4313193 52.5153341, 13.4290994 52.5156128, 13.429053 52.5156563, 13.4291956 52.5160382, 13.4292248 52.5161136, 13.4292772 52.5161141, 13.4292825 52.5161298, 13.4294198 52.5165312, 13.4294506 52.5166193, 13.4294632 52.5166553, 13.4296135 52.5166387, 13.4304854 52.5165386, 13.4306512 52.5165192, 13.4310187 52.5164777))",0201,Friedrichshain-Kreuzberg,Friedrichshain,OSM,OSM_SCHOOLS,02G36,OSM_SCHOOLS,way:42900097,Blumen-Grundschule,,,,,,,,,,"Andreasstraße 50-52, 10243 Berlin",Andreasstraße,50-52,10243,Berlin,,,,,,,,,,True,52.516034414405034,13.430608366489858,True,True
42900444,11002002,KreativitätsGrundschule Berlin-Friedrichshain,52.521081906712254,13.433060992623286,"POLYGON ((13.4329188 52.5217544, 13.4322625 52.5211512, 13.4321761 52.5211777, 13.4321057 52.5211108, 13.4320647 52.5210713, 13.4319764 52.5209853, 13.4319541 52.5209633, 13.4318033 52.5208127, 13.4325574 52.5205269, 13.4325002 52.5204699, 13.4326428 52.5204152, 13.4326722 52.5204044, 13.4326576 52.5203902, 13.4328443 52.520318, 13.432998 52.5204666, 13.4331381 52.5204111, 13.4340062 52.5212179, 13.4341298 52.5213353, 13.4342534 52.5214519, 13.4343799 52.5215683, 13.4345201 52.5216999, 13.4342431 52.521813, 13.4338224 52.5214074, 13.4330234 52.5217143, 13.4329188 52.5217544))",0201,Friedrichshain-Kreuzberg,Friedrichshain,OSM,OSM_SCHOOLS,,OSM_SCHOOLS,way:42900444,KreativitätsGrundschule Berlin-Friedrichshain,,,,,,,,,,"Strausberger Straße 38, 10243 Berlin",Strausberger Straße,38,10243,Berlin,KreativitätsSchulzentrum Berlin gGmbH,,,,+49-30-2903 5117,schule-fh@krea-schulzentrum.de,https://www.krea-schulzentrum.de/schulen/grundschule-friedrichshain/,,,True,52.521081906712254,13.433060992623286,True,True
42909108,11011011,Schule am Rathaus,52.5156716089482,13.480982917138475,"POLYGON ((13.4807221 52.5159029, 13.4811761 52.5158918, 13.4815567 52.5158882, 13.4816871 52.5158243, 13.4815329 52.5157054, 13.4814287 52.5153221, 13.4809635 52.5153636, 13.4809634 52.5154549, 13.4806507 52.5154608, 13.4801273 52.5159137, 13.4807221 52.5159029))",1103,Lichtenberg,Lichtenberg,OSM,OSM_SCHOOLS,11K06,OSM_SCHOOLS,way:42909108,Schule am Rathaus,,,,,,,,,,"Rathausstraße 8, 10367 Berlin",Rathausstraße,8,10367,Berlin,,,,,,,,,,True,52.5156716089482,13.480982917138475,True,True
43162770,11008008,Karl-Weise-Grundschule,52.47630354665895,13.42338602473135,"POLYGON ((13.4240162 52.4765975, 13.4238236 52.4765754, 13.4236251 52.4765525, 13.4234301 52.4765303, 13.4232213 52.4765061, 13.4230377 52.4764852, 13.4226653 52.4764443, 13.4227492 52.4761663, 13.4227886 52.4760359, 13.4229864 52.4760588, 13.4231466 52.4760773, 13.4232516 52.4760895, 13.4232839 52.4759835, 13.4233695 52.4759928, 13.4236465 52.4760245, 13.4237315 52.4760341, 13.4237234 52.4760609, 13.4236748 52.4762203, 13.4239231 52.4762486, 13.4241225 52.4762711, 13.4240994 52.4763477, 13.4241257 52.4763509, 13.4240723 52.4765243, 13.4240382 52.4765204, 13.4240162 52.4765975))",0801,Neukölln,Neukölln,OSM,OSM_SCHOOLS,08G06,OSM_SCHOOLS,way:43162770,Karl-Weise-Grundschule,,,,,,,,,,"Weisestraße 19-20, 12049 Berlin",Weisestraße,19-20,12049,Berlin,,,,,,,,,,True,52.47630354665895,13.42338602473135,True,True
43887852,11003003,Brillat-Savarin-Schule,52.552705800230726,13.475702584896101,"POLYGON ((13.4758742 52.5529626, 13.4758714 52.5529402, 13.4755918 52.5529526, 13.4755944 52.5529751, 13.4751593 52.5529944, 13.475108 52.5525698, 13.4750964 52.5524738, 13.4751185 52.5524728, 13.4752368 52.5524675, 13.4762466 52.5524224, 13.4763072 52.552926, 13.4763093 52.5529431, 13.4758742 52.5529626))",0302,Pankow,Weißensee,OSM,OSM_SCHOOLS,03B04,OSM_SCHOOLS,way:43887852,Brillat-Savarin-Schule,,,,,,,,,,,,,,,,,,,+4930 914266 0,sekretariat@osz-gastgewerbe.de,https://www.osz-gastgewerbe.de/,,,True,52.552705800230726,13.475702584896101,True,True
43887854,11003003,Georg-Zacharias-Grundschule Berlin-Pankow,52.5519602983292,13.475193636164386,"POLYGON ((13.4751822 52.5522841, 13.4750737 52.5518334, 13.4750418 52.5518362, 13.4750243 52.5517636, 13.4750555 52.5517609, 13.4750364 52.5516815, 13.4751841 52.5516684, 13.4752024 52.5517445, 13.4752908 52.5517367, 13.4753203 52.5518592, 13.4752329 52.551867, 13.4752928 52.5521158, 13.4753541 52.5521104, 13.4753696 52.5521746, 13.475305 52.5521803, 13.4753269 52.5522712, 13.4751822 52.5522841))",0302,Pankow,Weißensee,OSM,OSM_SCHOOLS,03G44,OSM_SCHOOLS,way:43887854,Georg-Zacharias-Grundschule Berlin-Pankow,,,,,,,,,,"Sulzfelder Straße 15, 13088 Berlin",Sulzfelder Straße,15,13088,Berlin,,,,,,,https://georg-zacharias.be.schule.de/,,,True,52.5519602983292,13.475193636164386,True,True
43898997,11011011,Gebäude B,52.539442348151816,13.495696344938512,"POLYGON ((13.4952927 52.5392499, 13.4957337 52.539523, 13.4956744 52.5395625, 13.4958176 52.539648, 13.4958769 52.5396112, 13.495971 52.539666, 13.4960054 52.5396467, 13.4960817 52.5395997, 13.4954001 52.5391824, 13.4952927 52.5392499))",1110,Lichtenberg,Alt-Hohenschönhausen,OSM,OSM_SCHOOLS,11K09b,OSM_SCHOOLS,way:43898997,Gebäude B,,,,,,,,,,"Werneuchener Straße 15, 13055 Berlin",Werneuchener Straße,15,13055,Berlin,,,,,,,,,,True,52.539442348151816,13.495696344938512,True,True
43898998,11011011,Gebäude A,52.539795946480176,13.495122103293777,"POLYGON ((13.494718 52.5395946, 13.4951584 52.5398705, 13.4950961 52.5399074, 13.4952431 52.5400005, 13.4953094 52.5399625, 13.4954023 52.5400197, 13.4955069 52.5399599, 13.4948176 52.5395325, 13.494718 52.5395946))",1110,Lichtenberg,Alt-Hohenschönhausen,OSM,OSM_SCHOOLS,11K09a,OSM_SCHOOLS,way:43898998,Gebäude A,,,,,,,,,,"Werneuchener Straße 14, 13055 Berlin",Werneuchener Straße,14,13055,Berlin,,,,,,,,,,True,52.539795946480176,13.495122103293777,True,True
43942033,11011011,,52.53637056734374,13.48280233135282,"POLYGON ((13.4822633 52.5358525, 13.4828165 52.5355104, 13.4835166 52.5359353, 13.4835797 52.5359736, 13.4838255 52.5358472, 13.4842512 52.5358741, 13.4842149 52.536136, 13.484301 52.5362028, 13.4844972 52.5363377, 13.4845414 52.5363675, 13.4847552 52.5365119, 13.4847629 52.5365423, 13.484086 52.53685, 13.4829886 52.537497, 13.4829572 52.5374965, 13.4820519 52.5369544, 13.4819462 52.536863, 13.481504 52.5363557, 13.4808579 52.5356187, 13.4812687 52.5354846, 13.4818708 52.5354365, 13.4822633 52.5358525))",1110,Lichtenberg,Alt-Hohenschönhausen,OSM,OSM_SCHOOLS,,OSM_SCHOOLS,way:43942033,,,,,,,,,,,,,,,,,,,,,,,,,True,52.53637056734374,13.48280233135282,True,True
44015191,11010010,,52.53712486572193,13.538695763969473,"POLYGON ((13.5387402 52.5370098, 13.5388573 52.5369953, 13.5389269 52.5372028, 13.538805 52.5372179, 13.5387946 52.5371869, 13.5386381 52.5372063, 13.5386477 52.5372348, 13.5385304 52.5372493, 13.5384621 52.5370457, 13.5385802 52.537031, 13.5385933 52.5370702, 13.5387537 52.5370503, 13.5387402 52.5370098))",1001,Marzahn-Hellersdorf,Marzahn,OSM,OSM_SCHOOLS,,OSM_SCHOOLS,way:44015191,,,,,,,,,,,,,,,,,,,,,,,,,True,52.53712486572193,13.538695763969473,True,True
44032460,11009009,Hans-Grade-Oberschule,52.44413228662287,13.499619134559147,"POLYGON ((13.4995949 52.4436854, 13.4995572 52.4434933, 13.499789 52.4434754, 13.5000508 52.4434557, 13.500418 52.4434107, 13.5005059 52.4435271, 13.5000727 52.4437655, 13.5002656 52.4438894, 13.5004536 52.4440151, 13.5004955 52.4440063, 13.5007471 52.4443006, 13.5004112 52.4443996, 13.5000862 52.4445106, 13.4992243 52.4448173, 13.4984158 52.4441927, 13.499036 52.4438921, 13.4989308 52.4438124, 13.4992884 52.4438015, 13.4992796 52.4437223, 13.4995949 52.4436854))",0904,Treptow-Köpenick,Johannisthal,OSM,OSM_SCHOOLS,09K06,OSM_SCHOOLS,way:44032460,Hans-Grade-Oberschule,,,,,,,,,,"Heubergerweg 37, 12487 Berlin",Heubergerweg,37,12487,Berlin,,,,,,,,,,True,52.44413228662287,13.499619134559147,True,True
44205020,11011011,Brodowin-Grundschule,52.5370634098988,13.500862489365575,"POLYGON ((13.499851 52.5369702, 13.4997791 52.5375047, 13.5009266 52.5375766, 13.5009247 52.5375895, 13.5011548 52.5376021, 13.5012498 52.5376053, 13.5012554 52.5375683, 13.5012189 52.5375672, 13.5012208 52.5375539, 13.5012997 52.5370427, 13.5014035 52.5370486, 13.5022697 52.5371042, 13.5023168 52.5368213, 13.5020799 52.5368055, 13.5020883 52.5367511, 13.5020941 52.5367138, 13.5003923 52.5366087, 13.5001447 52.5365934, 13.5001396 52.5366259, 13.5000832 52.5369838, 13.499851 52.5369702))",1110,Lichtenberg,Alt-Hohenschönhausen,OSM,OSM_SCHOOLS,11G17,OSM_SCHOOLS,way:44205020,Brodowin-Grundschule,,,,,,,,,,,,,,,,,,,,,https://www.brodowinschule.de/,,,True,52.5370634098988,13.500862489365575,True,True
44419969,11001001,Fanny Hensel,52.54707674252727,13.362688594196397,"POLYGON ((13.3627833 52.5470909, 13.3628428 52.5470256, 13.3626736 52.5469685, 13.362596 52.5470536, 13.3625308 52.5471253, 13.3625416 52.547129, 13.3625872 52.5471456, 13.3626478 52.5471649, 13.3627015 52.547185, 13.3627555 52.5471214, 13.3627729 52.5471235, 13.3627889 52.5471189, 13.3627975 52.5471095, 13.3627954 52.5470988, 13.3627833 52.5470909))",0105,Mitte,Wedding,OSM,OSM_SCHOOLS,,OSM_SCHOOLS,way:44419969,Fanny Hensel,,,,,,,,,,,,,,,,,,,,,,,,True,52.54707674252727,13.362688594196397,True,True
44606575,11009009,Grundschule an der alten Feuerwache,52.454485250407096,13.514753167697553,"POLYGON ((13.5138477 52.4543498, 13.5142352 52.4542191, 13.5142782 52.4542675, 13.5143418 52.4543407, 13.5145217 52.4545432, 13.5149799 52.4543896, 13.5147877 52.4541865, 13.5150915 52.454087, 13.5152812 52.4540044, 13.5152655 52.4539935, 13.5152701 52.453991, 13.5155545 52.453832, 13.5156469 52.4537808, 13.5158216 52.4538984, 13.5155683 52.4540417, 13.5158456 52.454231, 13.515814 52.4542482, 13.5157219 52.4542977, 13.5157627 52.454391, 13.5158386 52.4545647, 13.5158496 52.4545966, 13.5156431 52.4546279, 13.5155593 52.4546406, 13.5155173 52.4546469, 13.5148172 52.4548784, 13.5147655 52.4548955, 13.5147238 52.4549093, 13.5143033 52.4550456, 13.5141518 52.4550657, 13.5137327 52.4545933, 13.5137174 52.4545764, 13.51366 52.4545132, 13.5136484 52.4545004, 13.5134255 52.454251, 13.5136249 52.4541167, 13.5136428 52.4541265, 13.5136553 52.4541336, 13.5136619 52.4541409, 13.5138477 52.4543498))",0905,Treptow-Köpenick,Niederschöneweide,OSM,OSM_SCHOOLS,09G07,OSM_SCHOOLS,way:44606575,Grundschule an der alten Feuerwache,,,,,,,,,,"Schnellerstraße 31, 12439 Berlin",Schnellerstraße,31,12439,Berlin,Land Berlin,,,,+49 30 6361331,,https://www.schuleanderfeuerwache.de/,,,True,52.454485250407096,13.514753167697553,True,True
44772816,11012012,Ringelnatz-Grundschule,52.586013924576015,13.338156861499954,"POLYGON ((13.3367325 52.5858759, 13.3369552 52.5857369, 13.3373908 52.5855625, 13.3376299 52.5853618, 13.3385841 52.5857749, 13.3386456 52.5858015, 13.3394425 52.5861465, 13.3389394 52.5866736, 13.3367325 52.5858759))",1209,Reinickendorf,Wittenau,OSM,OSM_SCHOOLS,12G11,OSM_SCHOOLS,way:44772816,Ringelnatz-Grundschule,,,,,,,,,,,,,,,,,,,+4930 4148700,ringelnatz-schule@t-online.de,http://www.ringelnatz.cidsnet.de/,,,True,52.586013924576015,13.338156861499954,True,True
45101004,11007007,Annedore-Leber-Grundschule,52.39760615405891,13.402163379543273,"POLYGON ((13.4016766 52.3984068, 13.4016846 52.3983211, 13.4016923 52.3983214, 13.401695 52.3982948, 13.4016869 52.3982946, 13.4017046 52.398124, 13.4017143 52.3981244, 13.4017171 52.3980972, 13.4017073 52.3980968, 13.4017279 52.3979284, 13.4017357 52.3979287, 13.401747 52.3977336, 13.4017566 52.3977337, 13.4017586 52.3977087, 13.4017508 52.3977083, 13.4017605 52.39762, 13.4017085 52.3976178, 13.4017159 52.3975519, 13.4015829 52.3975463, 13.4015882 52.3975036, 13.4015937 52.3974586, 13.4017874 52.3974661, 13.4017885 52.3974536, 13.4018016 52.3974541, 13.4018059 52.3974126, 13.4018412 52.3974139, 13.4018369 52.3974554, 13.4018686 52.3974567, 13.4018671 52.3974696, 13.4024595 52.3974959, 13.4024906 52.3971619, 13.4025452 52.3971637, 13.4025499 52.397106, 13.4024964 52.3971045, 13.4025052 52.3969782, 13.4027127 52.396984, 13.4027039 52.3971038, 13.4027441 52.397105, 13.4027388 52.3971672, 13.4027448 52.3971675, 13.4027066 52.3975101, 13.4026493 52.3975077, 13.4026376 52.3976137, 13.402444 52.3976057, 13.4024291 52.3975809, 13.4019167 52.3975609, 13.4019023 52.397694, 13.401944 52.3976956, 13.4019375 52.3977615, 13.4018957 52.39776, 13.4018838 52.3978888, 13.4019255 52.3978902, 13.4019191 52.3979564, 13.4018743 52.3979547, 13.4018611 52.3980819, 13.401906 52.3980836, 13.401899 52.3981524, 13.4018561 52.3981508, 13.4018431 52.3982792, 13.4018866 52.3982808, 13.4018805 52.3983451, 13.4017955 52.3983421, 13.4017891 52.3984107, 13.4016766 52.3984068))",0706,Tempelhof-Schöneberg,Lichtenrade,OSM,OSM_SCHOOLS,07G30,OSM_SCHOOLS,way:45101004,Annedore-Leber-Grundschule,,,,,,,,,,,,,,,,,,,,,https://www.algs.de/,,,True,52.39760615405891,13.402163379543273,True,True
45101006,11007007,Theodor-Haubach-Schule (int. Sekundarschule),52.397796768143486,13.403866545855962,"POLYGON ((13.4031536 52.3982736, 13.4031436 52.3981182, 13.4037147 52.3981045, 13.4037255 52.3981682, 13.4038785 52.3981638, 13.4038719 52.3981264, 13.4038752 52.3980671, 13.4038791 52.3980262, 13.4038903 52.3979798, 13.4038699 52.3979788, 13.4038815 52.3978908, 13.4039323 52.3978919, 13.4039509 52.3977607, 13.4035712 52.3977416, 13.4035823 52.3976549, 13.4039609 52.3976719, 13.4039756 52.3975393, 13.4039221 52.397536, 13.4039336 52.3974484, 13.4039899 52.3974505, 13.4040057 52.3973346, 13.4038208 52.397327, 13.4038258 52.3972818, 13.4038089 52.3972811, 13.4038356 52.3970394, 13.4040459 52.3970481, 13.4040404 52.3970976, 13.4041155 52.3971007, 13.4040892 52.3973381, 13.4040536 52.3973366, 13.4040379 52.3974529, 13.4044579 52.397474, 13.4044465 52.3975616, 13.4040261 52.3975414, 13.4040115 52.397674, 13.4040572 52.3976776, 13.4040461 52.3977643, 13.4039985 52.3977632, 13.40398 52.3978944, 13.4044016 52.3979164, 13.4043899 52.3980044, 13.4039623 52.3979833, 13.4039547 52.3981622, 13.4040161 52.3981609, 13.4040305 52.3982341, 13.4040256 52.3982347, 13.4040453 52.3983323, 13.4040541 52.3983317, 13.4040659 52.3984054, 13.40402 52.3984081, 13.4040192 52.3984039, 13.4039227 52.3984108, 13.4038904 52.3982411, 13.4036566 52.398247, 13.4036577 52.3982615, 13.4031536 52.3982736))",0706,Tempelhof-Schöneberg,Lichtenrade,OSM,OSM_SCHOOLS,,OSM_SCHOOLS,way:45101006,Theodor-Haubach-Schule (int. Sekundarschule),,,,,,,,,,,,,,,,,,,,,https://www.ths-berlin.de/,,,True,52.397796768143486,13.403866545855962,True,True
45405919,11003003,,52.545376983376876,13.41786689977579,"POLYGON ((13.4176385 52.5457011, 13.417519 52.5455893, 13.4175123 52.5455922, 13.4174936 52.5455735, 13.4174029 52.5454893, 13.4173793 52.5454681, 13.4173866 52.5454654, 13.4172831 52.5453709, 13.4172693 52.5453553, 13.4173976 52.5453032, 13.4175622 52.5452365, 13.4176573 52.5451979, 13.4177541 52.5451587, 13.4179479 52.5450806, 13.4180325 52.5450458, 13.4180482 52.5450611, 13.4180717 52.545084, 13.4181346 52.5450579, 13.4181752 52.5450934, 13.4181984 52.5451476, 13.4183804 52.5453077, 13.4184722 52.5452692, 13.418512 52.5453038, 13.4184095 52.5453473, 13.4184412 52.545376, 13.4182927 52.5454361, 13.4182195 52.5454656, 13.4182466 52.5454912, 13.4180935 52.5455539, 13.4179367 52.5456173, 13.4177949 52.5456752, 13.4176693 52.5457267, 13.4176509 52.5457126, 13.4176385 52.5457011))",0301,Pankow,Prenzlauer Berg,OSM,OSM_SCHOOLS,,OSM_SCHOOLS,way:45405919,,,,,,,,,,,,,,,,,,,,,,,,,True,52.545376983376876,13.41786689977579,True,True
46248785,11007007,,52.395468918758475,13.40318743115974,"POLYGON ((13.4015545 52.3968984, 13.4015647 52.396799, 13.4017156 52.3953275, 13.4017772 52.3947265, 13.4017904 52.3946208, 13.4017933 52.394537, 13.40187 52.3944636, 13.4021446 52.39437, 13.4024051 52.3942925, 13.4027451 52.3941989, 13.4030491 52.3941272, 13.4030814 52.3941205, 13.4032045 52.3940949, 13.4033471 52.3940684, 13.4035947 52.3940264, 13.4038413 52.3939899, 13.4039146 52.3939806, 13.4039638 52.3939744, 13.4042906 52.3939417, 13.4043692 52.3939355, 13.4045104 52.3939244, 13.4047395 52.3939134, 13.4047682 52.3942806, 13.4048459 52.3952213, 13.4048173 52.3952209, 13.4047905 52.395222, 13.4047687 52.3952255, 13.4047466 52.3952307, 13.4047281 52.3952378, 13.4047096 52.395247, 13.4046965 52.3952558, 13.4046843 52.3952656, 13.4046727 52.3952781, 13.4046633 52.3952964, 13.4046626 52.3953424, 13.4046701 52.3953578, 13.4046829 52.395371, 13.4046962 52.3953835, 13.4047352 52.3954049, 13.4047628 52.395423, 13.4047861 52.395446, 13.4048019 52.3954685, 13.4048075 52.3954871, 13.4048098 52.3955095, 13.4047666 52.3959447, 13.4041322 52.3959097, 13.4039978 52.3969981, 13.4026656 52.3969437, 13.4015545 52.3968984))",0706,Tempelhof-Schöneberg,Lichtenrade,OSM,OSM_SCHOOLS,,OSM_SCHOOLS,way:46248785,,,,,,,,,,,,,,,,,,,,,,,,,True,52.395468918758475,13.40318743115974,True,True
46769919,11012012,Toulouse-Lautrec-Schule,52.58914816517439,13.304474443749829,"POLYGON ((13.3036557 52.5892189, 13.3037517 52.5892619, 13.3037874 52.5892325, 13.3038198 52.589247, 13.303804 52.5892601, 13.303877 52.5892929, 13.3037668 52.5893836, 13.3038517 52.5894217, 13.3038702 52.5894064, 13.3039 52.5894198, 13.3038544 52.5894573, 13.3039357 52.5894937, 13.3040556 52.5893951, 13.3042588 52.5894862, 13.3041384 52.5895853, 13.3042221 52.5896228, 13.3042421 52.5896064, 13.3042674 52.5896177, 13.3042211 52.5896558, 13.3043025 52.5896923, 13.3043761 52.5896318, 13.304396 52.5896407, 13.3044411 52.5896035, 13.3044672 52.5896152, 13.3045378 52.5895571, 13.304492 52.5895366, 13.3045129 52.5895194, 13.3045585 52.5895398, 13.3046286 52.5894821, 13.3046032 52.5894707, 13.3046466 52.5894349, 13.3046682 52.5894446, 13.3047248 52.5893979, 13.3045761 52.5893312, 13.3044994 52.5893943, 13.3043418 52.5893236, 13.3043623 52.5893068, 13.304205 52.5892363, 13.3041885 52.5892499, 13.3041027 52.5892115, 13.3041223 52.5891953, 13.3040191 52.5891491, 13.3042364 52.5889702, 13.3046041 52.589135, 13.3046203 52.5891217, 13.3046503 52.5891351, 13.3046139 52.5891652, 13.3047718 52.589236, 13.3048278 52.5891899, 13.3048545 52.5892019, 13.3048348 52.5892181, 13.3051894 52.5893771, 13.3054938 52.5891264, 13.3051403 52.5889679, 13.3051131 52.5889903, 13.3049295 52.588908, 13.3047828 52.5890288, 13.3047505 52.5890143, 13.3047688 52.5889993, 13.3045656 52.5889082, 13.3045898 52.5888883, 13.3046167 52.5889003, 13.3047236 52.5888123, 13.3045027 52.5887132, 13.3043966 52.5888006, 13.3044203 52.5888112, 13.3043952 52.5888319, 13.3042943 52.5887866, 13.3043266 52.5887601, 13.3041738 52.5886916, 13.3038449 52.5889623, 13.3038674 52.5889724, 13.3037792 52.589045, 13.3038046 52.5890564, 13.3036786 52.5891602, 13.3037099 52.5891743, 13.3036557 52.5892189))",1211,Reinickendorf,Borsigwalde,OSM,OSM_SCHOOLS,,OSM_SCHOOLS,way:46769919,Toulouse-Lautrec-Schule,,,,,,,,,,"Miraustraße 126, 13509 Berlin",Miraustraße,126,13509,Berlin,,,,,+49 30 4 33 20 97,,http://www.tls.cidsnet.de,,,True,52.58914816517439,13.304474443749829,True,True
46828731,11009009,Flatow-Oberschule (Schul- und Leistungssportzentrum Berlin),52.44663049952166,13.601521681821705,"POLYGON ((13.60196 52.4478682, 13.601899 52.4475071, 13.6017081 52.4473458, 13.6028419 52.4468566, 13.6033512 52.4464005, 13.6027846 52.4459142, 13.6028984 52.4457707, 13.6027607 52.4455531, 13.6025104 52.4451864, 13.6013596 52.4454611, 13.6012873 52.4455165, 13.6012503 52.4455888, 13.6012669 52.4456554, 13.6000105 52.4462383, 13.6001118 52.4465028, 13.6001906 52.4467189, 13.6002728 52.4479564, 13.6003999 52.4481199, 13.60196 52.4478682))",0910,Treptow-Köpenick,Köpenick,OSM,OSM_SCHOOLS,09Y09,OSM_SCHOOLS,way:46828731,Flatow-Oberschule (Schul- und Leistungssportzentrum Berlin),,,,,,,,,,,,,,,,,,,,,https://www.flatow-os.de/,,,True,52.44663049952166,13.601521681821705,True,True
46861457,11007007,Havelland-Grundschule,52.484236412518015,13.367749294976107,"POLYGON ((13.3671518 52.4849519, 13.3671521 52.4848155, 13.3671538 52.483921, 13.3670454 52.4839206, 13.3670374 52.4833613, 13.367876 52.4833595, 13.3681408 52.4838118, 13.368511 52.4844713, 13.3687736 52.4849237, 13.3687669 52.4849363, 13.3687464 52.4849452, 13.3679771 52.4849498, 13.3672389 52.4849517, 13.3671518 52.4849519))",0701,Tempelhof-Schöneberg,Schöneberg,OSM,OSM_SCHOOLS,07G05,OSM_SCHOOLS,way:46861457,Havelland-Grundschule,,,,,,,,,,"Kolonnenstraße 30-30a, 10829",Kolonnenstraße,30-30a,10829,,,,,,,,,,,True,52.484236412518015,13.367749294976107,True,True
46931557,11011011,Manfred-Von-Ardenne Gymnasium,52.54196021818059,13.493412005387126,"POLYGON ((13.4927965 52.542561, 13.4947835 52.5420225, 13.4936411 52.5413455, 13.4931817 52.5415678, 13.4922466 52.5418125, 13.4924445 52.5420979, 13.4927965 52.542561))",1110,Lichtenberg,Alt-Hohenschönhausen,OSM,OSM_SCHOOLS,11Y10,OSM_SCHOOLS,way:46931557,Manfred-Von-Ardenne Gymnasium,,,,,,,,,,"Werneuchener Straße 27/28, 13055 Berlin",Werneuchener Straße,27/28,13055,Berlin,,,,,+49 30 9865002,info@ardenne-gymnasium.de,https://www.ardenne-gymnasium.de/,,,True,52.54196021818059,13.493412005387126,True,True
47023392,11008008,Richard-Grundschule,52.47292505984561,13.444766269854844,"POLYGON ((13.4442119 52.472352, 13.4442557 52.4722967, 13.4446862 52.4723416, 13.4449117 52.4723612, 13.4450318 52.4723716, 13.4451417 52.4723811, 13.4453121 52.4723973, 13.4457084 52.472435, 13.4457012 52.4724536, 13.4456989 52.4724594, 13.4456772 52.4725156, 13.4456723 52.4725309, 13.4455656 52.4728622, 13.4454955 52.4730798, 13.4454925 52.4730891, 13.4454841 52.4731151, 13.445479 52.4731313, 13.4454207 52.4733163, 13.4453401 52.4733061, 13.4452544 52.4732953, 13.4452393 52.4732934, 13.4451176 52.4732775, 13.4449834 52.473261, 13.4449538 52.4733384, 13.444885 52.4734763, 13.4448478 52.4734703, 13.444752 52.4736524, 13.4446878 52.4737479, 13.4445851 52.4737221, 13.4445663 52.4737174, 13.4445481 52.4737126, 13.4444584 52.473696, 13.4443019 52.4736732, 13.4441248 52.4736474, 13.4441716 52.4735369, 13.4442603 52.4733045, 13.4443003 52.4731996, 13.4439133 52.4731524, 13.4442119 52.472352))",0801,Neukölln,Neukölln,OSM,OSM_SCHOOLS,08G17,OSM_SCHOOLS,way:47023392,Richard-Grundschule,,,,,,,,,,"Richardplatz 14, 12055 Berlin",Richardplatz,14,12055,Berlin,,,,,,,,,,True,52.47292505984561,13.444766269854844,True,True
47023412,11008008,Adolf-Reichwein-Schule,52.475575183001695,13.450478717943893,"POLYGON ((13.4518719 52.4756703, 13.4508835 52.475393, 13.450411 52.4752604, 13.4498959 52.4751655, 13.449479 52.4750762, 13.4492207 52.4753548, 13.4491686 52.4754109, 13.4493415 52.4754733, 13.449333 52.4754814, 13.4510373 52.4760998, 13.451398 52.4759142, 13.4516324 52.4757935, 13.4518082 52.4757031, 13.4518719 52.4756703))",0801,Neukölln,Neukölln,OSM,OSM_SCHOOLS,08S01,OSM_SCHOOLS,way:47023412,Adolf-Reichwein-Schule,,,,,,,,,,"Sonnenallee 188, 12059 Berlin",Sonnenallee,188,12059,Berlin,,,,,,,,,,True,52.475575183001695,13.450478717943893,True,True
47023495,11008008,Eduard-Mörike-Grundschule,52.47806246178004,13.45060032780017,"POLYGON ((13.4496121 52.4781403, 13.4497744 52.4780602, 13.4497845 52.4780671, 13.4499797 52.4779703, 13.4499746 52.4779666, 13.4501838 52.4778626, 13.4501889 52.4778661, 13.4503847 52.477769, 13.4503752 52.4777624, 13.4504085 52.4777459, 13.4505386 52.4776814, 13.4506232 52.4776396, 13.4507625 52.4775688, 13.4507752 52.4775785, 13.4509418 52.4774954, 13.4512553 52.4777352, 13.4515876 52.4779788, 13.4511906 52.4781753, 13.4508173 52.4783601, 13.4502646 52.4786338, 13.4499391 52.4783873, 13.4497556 52.4782484, 13.4497371 52.478235, 13.4496121 52.4781403))",0801,Neukölln,Neukölln,OSM,OSM_SCHOOLS,08G18,OSM_SCHOOLS,way:47023495,Eduard-Mörike-Grundschule,,,,,,,,,,"Stuttgarter Straße 35-39, 12059 Berlin",Stuttgarter Straße,35-39,12059,Berlin,,,,,,,,,,True,52.47806246178004,13.45060032780017,True,True
47057087,11008008,Gemeinschaftsschule auf dem Campus Rütli,52.48786571003621,13.433921056478326,"POLYGON ((13.4331406 52.4869909, 13.4335893 52.4868338, 13.4337238 52.4869714, 13.4337531 52.4870013, 13.4342674 52.4875272, 13.4343097 52.4875712, 13.4343665 52.4876288, 13.4344414 52.4877037, 13.4344462 52.4877087, 13.4341041 52.4878306, 13.4341328 52.4878605, 13.4344609 52.4882023, 13.4344379 52.4882106, 13.4344623 52.4882362, 13.434582 52.488362, 13.4347607 52.4882972, 13.4349485 52.4882291, 13.4351028 52.4883895, 13.4351087 52.4883956, 13.4351145 52.4884017, 13.4351272 52.4884148, 13.4352156 52.4885067, 13.4352628 52.4885557, 13.4344376 52.4888495, 13.4338271 52.4882116, 13.4337336 52.4882473, 13.4335908 52.4880998, 13.4335021 52.4881319, 13.4334361 52.4881559, 13.433294 52.4880124, 13.4332716 52.4880205, 13.4327904 52.4875267, 13.4334422 52.4873022, 13.4331406 52.4869909))",0801,Neukölln,Neukölln,OSM,OSM_SCHOOLS,08K08,OSM_SCHOOLS,way:47057087,Gemeinschaftsschule auf dem Campus Rütli,,,,,,,,,,"Rütlistraße 41, 12045 Berlin",Rütlistraße,41,12045,Berlin,,,,,,,,,,True,52.48786571003621,13.433921056478326,True,True
47057429,11008008,Grundstufe der Gemeinschaftsschule auf dem Campus Rütli,52.487472631995225,13.43006783837416,"POLYGON ((13.429997 52.4878886, 13.430106 52.4878509, 13.430188 52.4878225, 13.4303985 52.4877496, 13.4304809 52.487721, 13.4305861 52.4876846, 13.4305376 52.4876324, 13.4304903 52.4875816, 13.4304381 52.487525, 13.4303777 52.4874604, 13.4303324 52.4874103, 13.4303074 52.4873792, 13.4302435 52.4871876, 13.4302037 52.4870777, 13.4301702 52.4870778, 13.4301113 52.4870779, 13.4297976 52.4870841, 13.4297393 52.4870852, 13.429739 52.4870987, 13.4297314 52.4873644, 13.4297247 52.4876014, 13.4297688 52.4876475, 13.4298468 52.4877298, 13.4299485 52.4878372, 13.429997 52.4878886))",0801,Neukölln,Neukölln,OSM,OSM_SCHOOLS,08K08b,OSM_SCHOOLS,way:47057429,Grundstufe der Gemeinschaftsschule auf dem Campus Rütli,,,,,,,,,,"Weserstraße 12, 12047 Berlin",Weserstraße,12,12047,Berlin,Bezirksamt Neukölln von Berlin,,,,,,http://campusruetli.de/gems-gs-konzept,,,True,52.487472631995225,13.43006783837416,True,True
47057529,11008008,Rixdorfer Schule,52.48474097020455,13.431668642319107,"POLYGON ((13.432738 52.4846033, 13.4325805 52.4844806, 13.4324851 52.4844076, 13.4324226 52.4843608, 13.4322728 52.4842466, 13.4321543 52.4841564, 13.4316794 52.4844123, 13.4316686 52.4844182, 13.4313729 52.4845792, 13.4310908 52.4847328, 13.4310748 52.4847416, 13.4308056 52.4848867, 13.4308018 52.4848841, 13.4306094 52.4849879, 13.4309991 52.4852581, 13.4310448 52.4852898, 13.431055 52.4852968, 13.4311084 52.4853338, 13.4311516 52.4853131, 13.4312406 52.4852604, 13.4313157 52.4852154, 13.4313473 52.4851967, 13.4314827 52.4851156, 13.4315192 52.4850935, 13.4317222 52.4849722, 13.4318924 52.4849102, 13.4319463 52.4848906, 13.4321734 52.484808, 13.4322237 52.4847897, 13.4323935 52.4847279, 13.4324014 52.484725, 13.4325751 52.4846626, 13.43263 52.4846426, 13.432738 52.4846033))",0801,Neukölln,Neukölln,OSM,OSM_SCHOOLS,08G01,OSM_SCHOOLS,way:47057529,Rixdorfer Schule,,,,,,,,,,"Donaustraße 120, 12043 Berlin",Donaustraße,120,12043,Berlin,Bezirksamt Neukölln von Berlin,,,,,,,,,True,52.48474097020455,13.431668642319107,True,True
47149217,11008008,Löwenzahn-Schule,52.47216628076901,13.448866967715997,"POLYGON ((13.4483558 52.472392, 13.4482546 52.4724526, 13.4481964 52.4724547, 13.4481943 52.4724185, 13.4482016 52.4723805, 13.4482108 52.4723596, 13.4478205 52.4722025, 13.4478887 52.472054, 13.4479397 52.4719429, 13.4479041 52.4717916, 13.447924 52.4717124, 13.4493487 52.4718302, 13.4493792 52.4718417, 13.4494066 52.471852, 13.4494212 52.4718575, 13.4494385 52.47184, 13.4499929 52.4720615, 13.4499793 52.4720733, 13.4499303 52.472118, 13.4498806 52.4721641, 13.4496885 52.4723409, 13.4496362 52.4723871, 13.449348 52.4726577, 13.4493004 52.4727018, 13.4492302 52.4727669, 13.4491981 52.4727626, 13.4491084 52.4727332, 13.4490105 52.4727011, 13.4487725 52.4726225, 13.4486543 52.4725539, 13.4487255 52.4724875, 13.4486551 52.4724585, 13.4484936 52.4723922, 13.4484429 52.4724392, 13.4483558 52.472392))",0801,Neukölln,Neukölln,OSM,OSM_SCHOOLS,08G36,OSM_SCHOOLS,way:47149217,Löwenzahn-Schule,,,,,,,,,,"Drorystraße 3, 12055 Berlin",Drorystraße,3,12055,Berlin,Bezirk Neukölln von Berlin,,,,,,,,,True,52.47216628076901,13.448866967715997,True,True
47149707,11008008,Katholische Schulen Sankt Marien,52.4773157777914,13.44313029062096,"POLYGON ((13.4426092 52.4781331, 13.4425876 52.4781198, 13.4424504 52.4780357, 13.4424293 52.4780228, 13.4422638 52.4779236, 13.4422827 52.477891, 13.441832 52.4777963, 13.4418497 52.4777801, 13.4418655 52.4777656, 13.4419014 52.4777326, 13.4422846 52.4773801, 13.4424038 52.4772672, 13.4425831 52.4771196, 13.4429579 52.4768984, 13.4429661 52.4768931, 13.4429742 52.4768878, 13.4431814 52.4767536, 13.4432945 52.4766803, 13.4433469 52.4766463, 13.4438103 52.4766513, 13.4443188 52.4768495, 13.4444932 52.4769587, 13.4443682 52.4770354, 13.4443263 52.4770612, 13.4434857 52.4775537, 13.4433643 52.4776221, 13.4433526 52.4776286, 13.4432685 52.477676, 13.4431559 52.4777438, 13.4431133 52.4777643, 13.443069 52.4777907, 13.4430714 52.4778292, 13.443071 52.477846, 13.4430625 52.4778562, 13.4426092 52.4781331))",0801,Neukölln,Neukölln,OSM,OSM_SCHOOLS,08P04,OSM_SCHOOLS,way:47149707,Katholische Schulen Sankt Marien,,,,,,,,,,"Donaustraße 58, 12043 Berlin",Donaustraße,58,12043,Berlin,Erzbistum Berlin,,,,,,,,,True,52.4773157777914,13.44313029062096,True,True
47253747,11011011,Sonnenuhr-Schule,52.52945564504562,13.467556316821314,"POLYGON ((13.468559 52.5293928, 13.4682231 52.5293208, 13.4679483 52.5292548, 13.4677055 52.5291846, 13.4675543 52.5291344, 13.4674118 52.5290731, 13.4672835 52.5289978, 13.4671379 52.5288978, 13.467044 52.5288156, 13.4668226 52.5291735, 13.466873 52.5291866, 13.4666297 52.5295951, 13.4667182 52.5296152, 13.4668603 52.5296475, 13.4669217 52.5296615, 13.4669103 52.5296819, 13.466957 52.5296929, 13.4669692 52.5296718, 13.4679091 52.529887, 13.4682369 52.5299211, 13.4684031 52.5296478, 13.468559 52.5293928))",1111,Lichtenberg,Fennpfuhl,OSM,OSM_SCHOOLS,11G01,OSM_SCHOOLS,way:47253747,Sonnenuhr-Schule,,,,,,,,,,"Franz-Jacob-Straße 33, 10369 Berlin",Franz-Jacob-Straße,33,10369,Berlin,,,,,,,,,,True,52.52945564504562,13.467556316821314,True,True
47281618,11010010,Grundschule an der Wuhle,52.520995460450145,13.580580941711695,"POLYGON ((13.5809502 52.5215408, 13.5808721 52.5215274, 13.5805334 52.5214664, 13.580553 52.5214246, 13.5803913 52.5213955, 13.5802809 52.5213768, 13.579649 52.5212696, 13.5798334 52.5208779, 13.5801685 52.5209331, 13.5803515 52.5204939, 13.5803722 52.520449, 13.5805846 52.5204841, 13.5806134 52.5204885, 13.5806223 52.5204714, 13.5810756 52.5205527, 13.5811427 52.520574, 13.5812696 52.5206431, 13.58137 52.520724, 13.5812382 52.520928, 13.5812152 52.5209656, 13.5812102 52.5209738, 13.5811196 52.5211724, 13.5810619 52.5212989, 13.5809502 52.5215408))",1005,Marzahn-Hellersdorf,Hellersdorf,OSM,OSM_SCHOOLS,10G29,OSM_SCHOOLS,way:47281618,Grundschule an der Wuhle,,,,,,,,,,"Teterower Ring 79, 12619 Berlin",Teterower Ring,79,12619,Berlin,,,,,+49 30 5612127,,https://grundschuleanderwuhle.de,,,True,52.520995460450145,13.580580941711695,True,True
47308592,11011011,,52.56401446732445,13.494444604124796,"POLYGON ((13.4962899 52.564252, 13.4961329 52.564301, 13.4961384 52.5643085, 13.4955658 52.5644835, 13.4953656 52.5645332, 13.4953133 52.5645462, 13.4951148 52.5645885, 13.4949681 52.5646083, 13.4948484 52.5646245, 13.4943743 52.564682, 13.4943828 52.5647072, 13.4939998 52.5647534, 13.4939919 52.5647278, 13.4932089 52.5648228, 13.4932138 52.5648378, 13.4926608 52.5649034, 13.4926555 52.5648906, 13.492497 52.5649089, 13.4922805 52.5649321, 13.4922337 52.5647584, 13.4922213 52.5647125, 13.4928839 52.5646367, 13.492767 52.5642876, 13.4927186 52.5635596, 13.4940836 52.5633886, 13.4940957 52.5634139, 13.4961804 52.5631639, 13.4966018 52.563734, 13.4960103 52.5639142, 13.4962899 52.564252))",1109,Lichtenberg,Neu-Hohenschönhausen,OSM,OSM_SCHOOLS,,OSM_SCHOOLS,way:47308592,,,,,,,,,,,,,,,,,,,,,,,,,True,52.56401446732445,13.494444604124796,True,True
47441917,11011011,Obersee-Schule,52.5435436998834,13.48775247104292,"POLYGON ((13.4869 52.544064, 13.4868881 52.5440477, 13.4868593 52.5440083, 13.4868467 52.5439911, 13.4868302 52.5439687, 13.4868099 52.543941, 13.4868068 52.5439367, 13.4867792 52.543899, 13.4865351 52.5435645, 13.4886202 52.5430262, 13.4889675 52.5435191, 13.4883977 52.5436703, 13.4879891 52.5437744, 13.4870099 52.5440348, 13.4869 52.544064))",1110,Lichtenberg,Alt-Hohenschönhausen,OSM,OSM_SCHOOLS,11G19,OSM_SCHOOLS,way:47441917,Obersee-Schule,,,,,,,,,,"Roedernstraße 69-72, 13053 Berlin",Roedernstraße,69-72,13053,Berlin,,,,,,,,,,True,52.5435436998834,13.48775247104292,True,True
47572949,11002002,Margarethe-von-Witzleben-Schule,52.5201231055373,13.434803996925194,"POLYGON ((13.4349896 52.5195862, 13.43588 52.5204026, 13.4352184 52.5206422, 13.4348449 52.5203093, 13.4342994 52.5205264, 13.4342241 52.5204619, 13.4341977 52.5204393, 13.4336984 52.519992, 13.4338516 52.519935, 13.4347528 52.5196485, 13.4349896 52.5195862))",0201,Friedrichshain-Kreuzberg,Friedrichshain,OSM,OSM_SCHOOLS,02S03,OSM_SCHOOLS,way:47572949,Margarethe-von-Witzleben-Schule,,,,,,,,,,"Palisadenstraße 76/78, 10243 Berlin",Palisadenstraße,76/78,10243,Berlin,,,,,,,,,,True,52.5201231055373,13.434803996925194,True,True
47572957,11002002,,52.52088327616667,13.435787128835855,"POLYGON ((13.4352184 52.5206422, 13.4352601 52.5206802, 13.4350897 52.5207413, 13.4354747 52.5210968, 13.4353913 52.5211274, 13.4357345 52.5214169, 13.4364863 52.52094, 13.43588 52.5204026, 13.4352184 52.5206422))",0201,Friedrichshain-Kreuzberg,Friedrichshain,OSM,OSM_SCHOOLS,,OSM_SCHOOLS,way:47572957,,,,,,,,,,,,,,,,,,,,,,,,,True,52.52088327616667,13.435787128835855,True,True
47671925,11004004,Sophie-Charlotte-Gymnasium,52.502460646369066,13.311922172552123,"POLYGON ((13.3126349 52.5027268, 13.312607 52.5024495, 13.3126065 52.5024426, 13.3126098 52.5021722, 13.3123507 52.502171, 13.3123507 52.5021658, 13.3122015 52.5021651, 13.3122013 52.502183, 13.3121384 52.5021827, 13.3121384 52.5021772, 13.3117384 52.5021753, 13.3117384 52.5021805, 13.3116765 52.5021802, 13.3116767 52.5021615, 13.3115179 52.5021608, 13.3115179 52.502164, 13.3112527 52.5021628, 13.311249 52.5024597, 13.3112517 52.5027705, 13.3126349 52.5027268))",0401,Charlottenburg-Wilmersdorf,Charlottenburg,OSM,OSM_SCHOOLS,04Y03,OSM_SCHOOLS,way:47671925,Sophie-Charlotte-Gymnasium,,,,,,,,,,"Sybelstraße 2, 10629 Berlin",Sybelstraße,2,10629,Berlin,,,,,+4930 9029286 00,sekretariat@scg.schule.berlin.de,https://scgberlin.de/,,,True,52.502460646369066,13.311922172552123,True,True
48003478,11012012,Filiale der Münchhausen Grundschule Berlin,52.60027561024007,13.319102378089571,"POLYGON ((13.3195398 52.6005437, 13.3194011 52.6006564, 13.319108 52.6007223, 13.3187802 52.6007473, 13.3187468 52.6005779, 13.3183992 52.6006022, 13.3183465 52.6003305, 13.3183369 52.6002813, 13.3186435 52.5998883, 13.3187907 52.5998519, 13.3194334 52.5999766, 13.3197534 52.5999697, 13.3202095 52.6000718, 13.3199942 52.6002364, 13.3197618 52.600207, 13.3196677 52.6002679, 13.3195398 52.6005437))",1209,Reinickendorf,Wittenau,OSM,OSM_SCHOOLS,12G19b,OSM_SCHOOLS,way:48003478,Filiale der Münchhausen Grundschule Berlin,,,,,,,,,,"Place Molière 1, 13469 Berlin",Place Molière,1,13469,Berlin,,,,,,,,,,True,52.60027561024007,13.319102378089571,True,True
48299326,11001001,Charlotte-Pfeffer-Schule,52.522303884422335,13.424788471902,"POLYGON ((13.4266915 52.5222826, 13.4250968 52.5227657, 13.4239012 52.5231289, 13.4235231 52.5226712, 13.4234358 52.5226637, 13.4230849 52.522241, 13.4231298 52.5221615, 13.424603 52.5217127, 13.4246868 52.5217382, 13.4251767 52.5215967, 13.425455 52.5219301, 13.4262269 52.5216967, 13.4264128 52.5219374, 13.4266915 52.5222826))",0101,Mitte,Mitte,OSM,OSM_SCHOOLS,01S07,OSM_SCHOOLS,way:48299326,Charlotte-Pfeffer-Schule,,,,,,,,,,"Berolinastraße 8, 10178 Berlin",Berolinastraße,8,10178,Berlin,,,,,,,https://www.charlotte-pfeffer-schule.de/,,,True,52.522303884422335,13.424788471902,True,True
48904520,11008008,August-Heyn-Gartenarbeitsschule Neukölln,52.44251112309932,13.449863263205605,"POLYGON ((13.4483406 52.4424441, 13.4484892 52.4423614, 13.4487621 52.4421787, 13.4497267 52.4413753, 13.4507056 52.441698, 13.4506219 52.4422526, 13.4512324 52.4431878, 13.4496126 52.4435678, 13.4494566 52.4432932, 13.4485658 52.4425969, 13.4483703 52.4424652, 13.4483406 52.4424441))",0802,Neukölln,Britz,OSM,OSM_SCHOOLS,,OSM_SCHOOLS,way:48904520,August-Heyn-Gartenarbeitsschule Neukölln,,,,,,,,,,"Fritz-Reuter-Allee 121, 12359 Berlin",Fritz-Reuter-Allee,121,12359,Berlin,,,,,,,https://www.ahgasn.de/,,,True,52.44251112309932,13.449863263205605,True,True
48955456,11008008,Schilling-Schule,52.44205137654283,13.444176447340682,"POLYGON ((13.4425112 52.442063, 13.4428422 52.4422968, 13.4430616 52.4424445, 13.4431357 52.4424944, 13.4431945 52.4425333, 13.443252 52.442572, 13.4433878 52.4426662, 13.4435779 52.4427964, 13.4439454 52.4430537, 13.4442784 52.442904, 13.4443454 52.4429649, 13.4443855 52.4430012, 13.4454128 52.4425559, 13.445295 52.4424545, 13.4453919 52.4424162, 13.4452788 52.4423231, 13.4448271 52.4419509, 13.4454215 52.4416763, 13.4454028 52.4415097, 13.4453773 52.441322, 13.4453645 52.4411687, 13.4452566 52.4411747, 13.4449869 52.4411775, 13.4448041 52.4411675, 13.444656 52.441153, 13.4443854 52.4411051, 13.4442727 52.4410778, 13.4439301 52.441299, 13.4425112 52.442063))",0802,Neukölln,Britz,OSM,OSM_SCHOOLS,08S08,OSM_SCHOOLS,way:48955456,Schilling-Schule,,,,,,,,,,"Paster-Behrens-Straße 81, 12359 Berlin",Paster-Behrens-Straße,81,12359,Berlin,Bezirksamt Neukölln von Berlin,,,,,,https://schillingschule.de,,,True,52.44205137654283,13.444176447340682,True,True
48991289,11008008,Mensa/Grundstufe 1-3,52.44813765086653,13.440838948963785,"POLYGON ((13.4409122 52.4484255, 13.4404901 52.4479385, 13.4407657 52.4478498, 13.4409679 52.4480831, 13.441011 52.4481328, 13.4410533 52.4481816, 13.4410992 52.4482346, 13.4411878 52.4483368, 13.4409122 52.4484255))",0802,Neukölln,Britz,OSM,OSM_SCHOOLS,08K06c,OSM_SCHOOLS,way:48991289,Mensa/Grundstufe 1-3,,,,,,,,,,"Fulhamer Allee 30, 12359 Berlin",Fulhamer Allee,30,12359,Berlin,,,,,,,,,,True,52.44813765086653,13.440838948963785,True,True
49231986,11007007,Georg-von-Giesche-Schule,52.49388953085093,13.342456699463847,"POLYGON ((13.3418891 52.494186, 13.3419064 52.4938103, 13.3419967 52.4938111, 13.3420013 52.4937882, 13.342007 52.4936529, 13.3419997 52.4936498, 13.3419925 52.4936453, 13.3419871 52.4936388, 13.3419856 52.4936301, 13.3419866 52.4936225, 13.3419901 52.4936157, 13.341996 52.4936102, 13.3420091 52.493604, 13.3420148 52.4934681, 13.3420175 52.4934267, 13.3420311 52.4934269, 13.3424475 52.493435, 13.3424383 52.4937228, 13.3425136 52.493724, 13.3426519 52.4937257, 13.3426523 52.4937319, 13.342884 52.4937301, 13.3428848 52.4937076, 13.3430093 52.4937075, 13.3430083 52.4936806, 13.3431741 52.493681, 13.3431712 52.4937764, 13.3430636 52.4937771, 13.3430636 52.4937941, 13.3430997 52.493795, 13.3431 52.4938335, 13.3430635 52.493832, 13.3430642 52.4939669, 13.343065 52.4940836, 13.3430725 52.4940836, 13.3430733 52.4942024, 13.3423422 52.4942047, 13.3423422 52.4942014, 13.3422239 52.4942017, 13.3418891 52.494186))",0701,Tempelhof-Schöneberg,Schöneberg,OSM,OSM_SCHOOLS,07K06,OSM_SCHOOLS,way:49231986,Georg-von-Giesche-Schule,,,,,,,,,,,,,,,Land Berlin,,,,,,,,,True,52.49388953085093,13.342456699463847,True,True
49231987,11007007,Scharmützelsee-Grundschule,52.49335203240425,13.343192108084423,"POLYGON ((13.3425623 52.4928099, 13.3425602 52.4928651, 13.3425548 52.4929746, 13.3425468 52.4931313, 13.3425468 52.4931836, 13.3425435 52.4932462, 13.342534 52.4933775, 13.3425309 52.4934367, 13.3424475 52.493435, 13.3424383 52.4937228, 13.3425136 52.493724, 13.3426519 52.4937257, 13.3426523 52.4937319, 13.342884 52.4937301, 13.3428848 52.4937076, 13.3430093 52.4937075, 13.3430083 52.4936806, 13.3431741 52.493681, 13.3431712 52.4937764, 13.3430636 52.4937771, 13.3430636 52.4937941, 13.3430997 52.493795, 13.3431 52.4938335, 13.3430635 52.493832, 13.343064 52.4939307, 13.3434387 52.4939281, 13.3434353 52.4937668, 13.3438343 52.4937658, 13.3439218 52.4937654, 13.3440181 52.4937639, 13.3440129 52.4933748, 13.343299 52.4927917, 13.3425623 52.4928099))",0701,Tempelhof-Schöneberg,Schöneberg,OSM,OSM_SCHOOLS,07G12,OSM_SCHOOLS,way:49231987,Scharmützelsee-Grundschule,,,,,,,,,,"Hohenstaufenstraße 49, 10779 Berlin",Hohenstaufenstraße,49,10779,Berlin,,,,,,,,,,True,52.49335203240425,13.343192108084423,True,True
49233007,11002002,Bergmannkiez-Gemeinschaftsschule (Grundstufe),52.49343884050875,13.3919053785423,"POLYGON ((13.392234 52.4926317, 13.3922702 52.4927425, 13.3922873 52.4928026, 13.3923208 52.49291, 13.392339 52.4929794, 13.3923601 52.4930595, 13.3925356 52.4936763, 13.392553 52.4937377, 13.392565 52.4937752, 13.3923847 52.4937956, 13.3924351 52.4939982, 13.3924663 52.4941054, 13.3924713 52.4942255, 13.3915511 52.4941776, 13.3911928 52.4928282, 13.3913782 52.4928118, 13.3915731 52.4927947, 13.3916643 52.4927867, 13.3916415 52.4927067, 13.3918166 52.4926889, 13.3918151 52.492674, 13.392234 52.4926317))",0202,Friedrichshain-Kreuzberg,Kreuzberg,OSM,OSM_SCHOOLS,,OSM_SCHOOLS,way:49233007,Bergmannkiez-Gemeinschaftsschule (Grundstufe),,,,,,,,,,"Nostitzstraße 54-60, 10961 Berlin",Nostitzstraße,54-60,10961,Berlin,Bezirksamt Friedrichshain-Kreuzberg von Berlin,,,,,,https://bergmannkiez-gemeinschaftsschule.de/,,,True,52.49343884050875,13.3919053785423,True,True
49263409,11002002,Carl-von-Ossietzky-Schule,52.49166286841431,13.40600289877985,"POLYGON ((13.4060669 52.4932891, 13.4067189 52.4931814, 13.4069366 52.4931455, 13.407005 52.4931342, 13.4069477 52.4929948, 13.4067757 52.4925787, 13.4075163 52.4924593, 13.407112 52.491883, 13.4076485 52.4917356, 13.4076783 52.4917776, 13.4077821 52.4917501, 13.4077014 52.4916364, 13.4076308 52.491537, 13.407425 52.4912538, 13.4073371 52.4911328, 13.4072073 52.4911203, 13.4069513 52.4910956, 13.4067616 52.4910785, 13.4068177 52.4909548, 13.4069216 52.4907209, 13.406971 52.490621, 13.4065695 52.4900572, 13.4063233 52.4900295, 13.4061243 52.4901553, 13.4060408 52.490208, 13.4054314 52.4905895, 13.4050991 52.4907984, 13.4049784 52.4908736, 13.4048736 52.4909388, 13.4045237 52.4911591, 13.4042906 52.4913061, 13.404365 52.4914086, 13.4043751 52.4914241, 13.4044173 52.4914833, 13.4043373 52.4915049, 13.4041217 52.4915632, 13.4041121 52.491569, 13.4041069 52.4915747, 13.4041008 52.4915862, 13.4041042 52.4915951, 13.4041498 52.4916625, 13.4041316 52.4916673, 13.404078 52.4916812, 13.4040214 52.491696, 13.4039775 52.4917074, 13.4040552 52.4918124, 13.404043 52.4918173, 13.4040931 52.4918486, 13.4041384 52.4918769, 13.4043597 52.4921937, 13.4043986 52.4922917, 13.4044262 52.4923763, 13.404485 52.4923596, 13.4044371 52.492293, 13.4051787 52.4920945, 13.405285 52.4922424, 13.405307 52.4922364, 13.4055091 52.4925141, 13.4054863 52.4925242, 13.4058532 52.4930326, 13.4059597 52.4931806, 13.4060669 52.4932891))",0202,Friedrichshain-Kreuzberg,Kreuzberg,OSM,OSM_SCHOOLS,02K02,OSM_SCHOOLS,way:49263409,Carl-von-Ossietzky-Schule,,,,,,,,,,"Blücherstraße 46-47, 10961 Berlin",Blücherstraße,46-47,10961,Berlin,Bezirksamt Friedrichshain-Kreuzberg von Berlin,,,,,,,,,True,52.49166286841431,13.40600289877985,True,True
49447061,11004004,Friedensburg Oberschule,52.50970182635675,13.320479264798069,"POLYGON ((13.3211124 52.5097496, 13.3211457 52.5095289, 13.3213233 52.5095227, 13.3213233 52.5094965, 13.3213988 52.509494, 13.321348 52.5091284, 13.3213356 52.5091293, 13.3213297 52.5090796, 13.3214385 52.5090729, 13.3214168 52.5089372, 13.3213803 52.5089393, 13.3210975 52.5089555, 13.3208535 52.5089694, 13.3207808 52.5089736, 13.3207992 52.5090932, 13.3208006 52.509103, 13.3208166 52.5092173, 13.320174 52.5092018, 13.3195837 52.5092336, 13.3195405 52.5092339, 13.3194495 52.5092255, 13.3194292 52.5096016, 13.3192334 52.5098416, 13.3191578 52.5099482, 13.3192259 52.5099696, 13.3193038 52.5099941, 13.3193448 52.510007, 13.3193986 52.5099322, 13.3194838 52.5099382, 13.3201608 52.5099793, 13.3201211 52.5102219, 13.3209606 52.5102841, 13.320997 52.510316, 13.3209702 52.510482, 13.3209219 52.51048, 13.3209191 52.510496, 13.3208848 52.5106914, 13.3208761 52.5107463, 13.3210121 52.5107593, 13.3210101 52.5107668, 13.3211321 52.5107788, 13.3211645 52.5107819, 13.3211968 52.5107851, 13.3212736 52.5104864, 13.3212913 52.5104178, 13.3214231 52.5104307, 13.321444 52.5103594, 13.3214656 52.5102853, 13.3211559 52.5102541, 13.3210684 52.5102459, 13.3209679 52.5102364, 13.3209712 52.5102153, 13.3210182 52.5102188, 13.3211124 52.5097496))",0401,Charlottenburg-Wilmersdorf,Charlottenburg,OSM,OSM_SCHOOLS,04K02,OSM_SCHOOLS,way:49447061,Friedensburg Oberschule,,,,,,,,,,"Goethestraße 8/9, 10623 Berlin",Goethestraße,8/9,10623,Berlin,,,,,,,,,,True,52.50970182635675,13.320479264798069,True,True
49744418,11006006,Dreilinden-Gymnasium,52.42028803414782,13.187866681367277,"POLYGON ((13.1872245 52.4205528, 13.1872294 52.4205287, 13.1872276 52.4205285, 13.1872301 52.4205158, 13.1872423 52.4204582, 13.1872442 52.4204583, 13.1872493 52.4204343, 13.1876801 52.4204681, 13.1876881 52.4204294, 13.1876891 52.4204296, 13.1876903 52.4204238, 13.1877077 52.4204251, 13.1877422 52.4202571, 13.1877412 52.4202568, 13.1877424 52.4202512, 13.1877414 52.4202509, 13.18775 52.4202091, 13.1877509 52.4202093, 13.1877522 52.4202038, 13.1877533 52.4202038, 13.1877879 52.4200355, 13.1877704 52.4200341, 13.1877716 52.4200284, 13.1877706 52.4200281, 13.1877785 52.4199896, 13.1874915 52.4199671, 13.1875118 52.4198699, 13.1883836 52.4199384, 13.1883634 52.4200359, 13.1880573 52.4200114, 13.1879576 52.42049, 13.1884058 52.4205253, 13.1883809 52.4206438, 13.1878449 52.4206016, 13.1872245 52.4205528))",0606,Steglitz-Zehlendorf,Nikolassee,OSM,OSM_SCHOOLS,06Y04,OSM_SCHOOLS,way:49744418,Dreilinden-Gymnasium,,,,,,,,,,"Dreilindenstraße 49, 14109 Berlin",Dreilindenstraße,49,14109,Berlin,Bezirksamt Steglitz-Zehlendorf von Berlin,,,,,,,,,True,52.42028803414782,13.187866681367277,True,True
49744420,11006006,Dreilinden-Grundschule Zehlendorf,52.42035532170576,13.186152024293202,"POLYGON ((13.1863195 52.4204919, 13.1861941 52.4204821, 13.1861929 52.4204887, 13.186087 52.4204803, 13.1860885 52.4204735, 13.185965 52.4204639, 13.1859634 52.4204709, 13.1858575 52.4204626, 13.185859 52.4204556, 13.1855194 52.420429, 13.1855068 52.420435, 13.1854952 52.4204251, 13.1854363 52.4204211, 13.1854206 52.4204281, 13.1854114 52.4204207, 13.1853961 52.4204194, 13.1853998 52.4203992, 13.1852686 52.4203891, 13.1853073 52.4202042, 13.1853399 52.4202066, 13.1853569 52.4201264, 13.1855283 52.4201397, 13.1855235 52.4201631, 13.1855823 52.4201676, 13.1855871 52.4201444, 13.1856596 52.42015, 13.1856552 52.4201703, 13.1857867 52.4201804, 13.1857699 52.4202605, 13.1858063 52.4202634, 13.1858013 52.4202866, 13.18586 52.4202913, 13.185865 52.420268, 13.1862656 52.4202996, 13.1862608 52.4203228, 13.1863191 52.4203274, 13.186324 52.4203042, 13.1863583 52.4203069, 13.1863739 52.4202339, 13.1870302 52.4202856, 13.1869762 52.4205433, 13.1863195 52.4204919))",0606,Steglitz-Zehlendorf,Nikolassee,OSM,OSM_SCHOOLS,06G09,OSM_SCHOOLS,way:49744420,Dreilinden-Grundschule Zehlendorf,,,,,,,,,,"Dreilindenstraße 65, 14109 Berlin",Dreilindenstraße,65,14109,Berlin,Bezirksamt Steglitz-Zehlendorf von Berlin,,,,,,,,,True,52.42035532170576,13.186152024293202,True,True
49746593,11006006,Sancta Maria Schule der Hedwigschwestern,52.42172536284014,13.193273244456673,"POLYGON ((13.1941856 52.421807, 13.193954 52.421642, 13.1935529 52.4213708, 13.1932563 52.4213464, 13.1931916 52.4213406, 13.1930552 52.4213298, 13.1930486 52.4212692, 13.1923701 52.4212139, 13.1923196 52.4216127, 13.1922939 52.4216966, 13.1922549 52.421781, 13.1931312 52.4219281, 13.1933103 52.4222603, 13.1935961 52.4222346, 13.1939971 52.4221586, 13.1943119 52.4220943, 13.194326 52.4219295, 13.1941856 52.421807))",0606,Steglitz-Zehlendorf,Nikolassee,OSM,OSM_SCHOOLS,06P08,OSM_SCHOOLS,way:49746593,Sancta Maria Schule der Hedwigschwestern,,,,,,,,,,,,,,,,,,,,,,,,True,52.42172536284014,13.193273244456673,True,True
49896029,11007007,Georg-Büchner-Gymnasium,52.39160306073939,13.405492856136421,"POLYGON ((13.4063981 52.3929181, 13.4052277 52.3929006, 13.405 52.3929, 13.4049755 52.3928073, 13.4048964 52.3926391, 13.404717 52.3923179, 13.4045473 52.3920066, 13.4043272 52.3915904, 13.4043385 52.3912201, 13.4043391 52.3911384, 13.4043408 52.3908983, 13.4043432 52.3905714, 13.4043438 52.3904926, 13.4066939 52.3904986, 13.4065997 52.3907871, 13.4065149 52.3911551, 13.4064873 52.39129, 13.4064706 52.3914244, 13.4064566 52.3916168, 13.4064362 52.3921016, 13.4064 52.3928788, 13.4063981 52.3929181))",0706,Tempelhof-Schöneberg,Lichtenrade,OSM,OSM_SCHOOLS,07Y09,OSM_SCHOOLS,way:49896029,Georg-Büchner-Gymnasium,,,,,,,,,,"Lichtenrader Damm 224-230, 12305 Berlin",Lichtenrader Damm,224-230,12305,Berlin,,,,,+49 30 902778208,sekretariat@gbgonline.de,https://www.gbgonline.de/,,,True,52.39160306073939,13.405492856136421,True,True
49905086,11007007,Nahariya-Grundschule,52.39129785370906,13.418779262843662,"POLYGON ((13.4177036 52.3905677, 13.4200439 52.3907002, 13.419949 52.391346, 13.4198438 52.3920276, 13.4185758 52.3919831, 13.4183337 52.391969, 13.4177908 52.3919468, 13.4178304 52.3916475, 13.4173244 52.3916083, 13.4173554 52.3913997, 13.4175766 52.3914116, 13.4176057 52.3912517, 13.4176209 52.391158, 13.4176712 52.3907714, 13.4177036 52.3905677))",0706,Tempelhof-Schöneberg,Lichtenrade,OSM,OSM_SCHOOLS,07G35,OSM_SCHOOLS,way:49905086,Nahariya-Grundschule,,,,,,,,,,"Nahariyastraße 13-17, 12309 Berlin",Nahariyastraße,13-17,12309,Berlin,Bezirksamt Tempelhof-Schöneberg von Berlin,,,,+49 30 902778256,sekretariat@nahariya.schule.berlin.de,https://nahariyaschule.de,,,True,52.39129785370906,13.418779262843662,True,True
50053579,11006006,Mercator-Grundschule,52.41241912061189,13.31665285197323,"POLYGON ((13.3167474 52.4131086, 13.316101 52.4128461, 13.3154612 52.4125939, 13.3164266 52.41169, 13.3169282 52.4118915, 13.3170333 52.4119341, 13.3169865 52.4119746, 13.3178058 52.4122971, 13.3178532 52.4122598, 13.3179202 52.4122854, 13.3173072 52.4128587, 13.3170879 52.4127727, 13.3169967 52.4128592, 13.3170198 52.4128683, 13.3169618 52.4129233, 13.3169507 52.412919, 13.3168799 52.4129861, 13.3168913 52.4129906, 13.3168437 52.4130358, 13.3168321 52.4130312, 13.3167902 52.413071, 13.3167474 52.4131086))",0602,Steglitz-Zehlendorf,Lichterfelde,OSM,OSM_SCHOOLS,06G30,OSM_SCHOOLS,way:50053579,Mercator-Grundschule,,,,,,,,,,"Mercatorweg 8-10, 12207 Berlin",Mercatorweg,8-10,12207,Berlin,Bezirksamt Steglitz-Zehlendorf von Berlin,,,,+49 30 7551086,schule@mercator-gs.de,,,,True,52.41241912061189,13.31665285197323,True,True
50286997,11012012,Campus Hannah-Höch - Gemeinschaftsschule Reinickendorf,52.600456998066356,13.343750530051755,"POLYGON ((13.3428046 52.6006906, 13.3421882 52.6004307, 13.3416102 52.6001308, 13.3416225 52.600022, 13.3416355 52.5999057, 13.3423851 52.5994999, 13.3431806 52.5999709, 13.3454337 52.6000853, 13.3452353 52.6015378, 13.3428046 52.6006906))",1210,Reinickendorf,Märkisches Viertel,OSM,OSM_SCHOOLS,12K12,OSM_SCHOOLS,way:50286997,Campus Hannah-Höch - Gemeinschaftsschule Reinickendorf,,,,,,,,,,"Finsterwalder Straße 52-56, 13435 Berlin",Finsterwalder Straße,52-56,13435,Berlin,Bezirksamt Reinickendorf von Berlin,,,,,,http://www.gemeinschaftsschule-reinickendorf.de,,,True,52.600456998066356,13.343750530051755,True,True
50634316,11005005,Grundschule am Weinmeisterhorn,52.50794619843549,13.174577638555046,"POLYGON ((13.1738105 52.5085592, 13.1737496 52.5084078, 13.173745 52.5083002, 13.1736192 52.508302, 13.1735598 52.508302, 13.1735237 52.508309, 13.1735003 52.5083169, 13.1734247 52.50816, 13.1733422 52.5079742, 13.1732304 52.507752, 13.1731411 52.5075624, 13.1753308 52.5074317, 13.1753923 52.5078115, 13.1762257 52.5077462, 13.1762826 52.5080349, 13.175882 52.5081577, 13.1754151 52.5082736, 13.1738105 52.5085592))",0509,Spandau,Wilhelmstadt,OSM,OSM_SCHOOLS,05G12,OSM_SCHOOLS,way:50634316,Grundschule am Weinmeisterhorn,,,,,,,,,,,,,,,,,,,+49 30 36208520,gs.am.weinmeisterhorn@t-online.de,http://www.gsamweinmeisterhorn.schule-berlin.net,,,True,52.50794619843549,13.174577638555046,True,True
50726599,11006006,Sachsenwald Grundschule,52.46171233091802,13.336957683331944,"POLYGON ((13.336906 52.4611266, 13.3368631 52.4613885, 13.3359288 52.4613269, 13.3358552 52.4618075, 13.3361399 52.4618709, 13.3363043 52.4619173, 13.3364649 52.4619779, 13.3366301 52.46205, 13.3367711 52.4621277, 13.3369083 52.4622085, 13.337096 52.4623215, 13.3373343 52.4624649, 13.3374308 52.4624635, 13.3375274 52.4623661, 13.3375839 52.4622816, 13.3376156 52.4622122, 13.3376344 52.4621428, 13.3376391 52.4621029, 13.3376435 52.4620657, 13.3377159 52.461535, 13.3377634 52.4612263, 13.3377 52.4611748, 13.336906 52.4611266))",0601,Steglitz-Zehlendorf,Steglitz,OSM,OSM_SCHOOLS,06G14,OSM_SCHOOLS,way:50726599,Sachsenwald Grundschule,,,,,,,,,,"Sachsenwaldstraße 20-21, 12157 Berlin",Sachsenwaldstraße,20-21,12157,Berlin,Bezirksamt Steglitz-Zehlendorf von Berlin,,,,+49 30 79742910,sekretariat@sachsenwald.schule.berlin.de,https://www.sachsenwald-grundschule.de,,,True,52.46171233091802,13.336957683331944,True,True
50727691,11006006,Wilhelm-Ostwald-Schule,52.45270717977018,13.346128857288843,"POLYGON ((13.3472822 52.4515382, 13.3470637 52.4515634, 13.3470274 52.4515442, 13.3463904 52.4516217, 13.345206 52.4517638, 13.3451128 52.4517758, 13.3454051 52.4527573, 13.3446228 52.4527977, 13.3447508 52.4537665, 13.3448122 52.4539523, 13.3462814 52.4537903, 13.3461398 52.4533378, 13.3477217 52.4531557, 13.3476427 52.4526791, 13.3475183 52.4526866, 13.3472822 52.4515382))",0601,Steglitz-Zehlendorf,Steglitz,OSM,OSM_SCHOOLS,06B04,OSM_SCHOOLS,way:50727691,Wilhelm-Ostwald-Schule,,,,,,,,,,"Immenweg 6, 12169 Berlin",Immenweg,6,12169,Berlin,"Senatsverwaltung für Bildung, Jugend und Familie",,,,+49 30 901894800,verwaltung@wilhelm-ostwald-schule.de,https://www.wilhelm-ostwald-schule.de/,,,True,52.45270717977018,13.346128857288843,True,True
50803479,11005005,Linden-Grundschule,52.535202759751755,13.140198088687683,"POLYGON ((13.1410348 52.5346191, 13.1410653 52.5348094, 13.1411346 52.5352171, 13.1411596 52.5353645, 13.1411655 52.5354031, 13.1412419 52.5359556, 13.1392006 52.5359987, 13.1392576 52.534607, 13.1394201 52.5345574, 13.1403226 52.5342837, 13.1406595 52.5341835, 13.1410348 52.5346191))",0504,Spandau,Staaken,OSM,OSM_SCHOOLS,05G14,OSM_SCHOOLS,way:50803479,Linden-Grundschule,,,,,,,,,,"Staakener Feldstraße 6 - 8, 13591 Berlin",Staakener Feldstraße,6 - 8,13591,Berlin,,,,,,,,,,True,52.535202759751755,13.140198088687683,True,True
50981644,11005005,Grundschule am Windmühlenberg,52.485572691101495,13.174270052558164,"POLYGON ((13.1742918 52.485881, 13.1741075 52.485865, 13.1742483 52.4852644, 13.1743605 52.4852741, 13.1744326 52.4852804, 13.1742918 52.485881))",0505,Spandau,Gatow,OSM,OSM_SCHOOLS,05G24,OSM_SCHOOLS,way:50981644,Grundschule am Windmühlenberg,,,,,,,,,,"Am Kinderdorf 23, 14089 Berlin",Am Kinderdorf,23,14089,Berlin,,,,,,,https://schuleamwindmuehlenberg.de,,,True,52.485572691101495,13.174270052558164,True,True
51009607,11007007,Maria-Montessori-Grundschule,52.4579915751814,13.380928253298746,"POLYGON ((13.381006 52.4573484, 13.3809166 52.4573572, 13.3809649 52.4575638, 13.3804215 52.4579257, 13.3803072 52.4579359, 13.3804296 52.4584519, 13.3806239 52.4584348, 13.3814643 52.458356, 13.3812357 52.4573306, 13.381006 52.4573484))",0703,Tempelhof-Schöneberg,Tempelhof,OSM,OSM_SCHOOLS,07G20,OSM_SCHOOLS,way:51009607,Maria-Montessori-Grundschule,,,,,,,,,,"Friedrich-Wilhelm-Straße 72, 12103 Berlin",Friedrich-Wilhelm-Straße,72,12103,Berlin,,,,,+49 30 902772661,sekretariat@mmg.schule.berlin.de,https://mmg-online.de/,,,True,52.4579915751814,13.380928253298746,True,True
51191323,11004004,Charles-Dickens-Grundschule,52.507937011638504,13.238236002424346,"POLYGON ((13.2383892 52.5082027, 13.2384033 52.5081194, 13.2384273 52.5081209, 13.2384349 52.5080759, 13.2379485 52.5080456, 13.2379561 52.5080005, 13.2377873 52.50799, 13.2377932 52.5079547, 13.2375504 52.5079396, 13.2375571 52.5078999, 13.2375068 52.5078967, 13.2375152 52.5078467, 13.2375655 52.5078498, 13.2375804 52.5077604, 13.2379916 52.507786, 13.2379789 52.5078612, 13.2380437 52.5078652, 13.2380452 52.5078596, 13.2381733 52.5078676, 13.2381721 52.5078737, 13.2381875 52.5078747, 13.2381888 52.5078686, 13.2383195 52.5078767, 13.2383186 52.5078814, 13.2383608 52.5078841, 13.238363 52.5078731, 13.238417 52.5078764, 13.238424 52.5078344, 13.238293 52.5078262, 13.2383049 52.5077552, 13.2384896 52.5077667, 13.2384837 52.5078019, 13.2386109 52.5078099, 13.238624 52.5077312, 13.2387401 52.5077385, 13.2387233 52.5078385, 13.2388498 52.5078464, 13.238838 52.5079165, 13.2386573 52.5079052, 13.238659 52.5078955, 13.2386328 52.5078939, 13.2386011 52.5080826, 13.2387959 52.5080948, 13.2387799 52.5081898, 13.2386422 52.5081812, 13.2386461 52.5081583, 13.2385805 52.5081543, 13.2385836 52.5081364, 13.2385204 52.5081325, 13.2385075 52.50821, 13.2383892 52.5082027))",0405,Charlottenburg-Wilmersdorf,Westend,OSM,OSM_SCHOOLS,04G15,OSM_SCHOOLS,way:51191323,Charles-Dickens-Grundschule,,,,,,,,,,"Dickensweg 15, 14055 Berlin",Dickensweg,15,14055,Berlin,,,,,,,,,,True,52.507937011638504,13.238236002424346,True,True
51191324,11004004,Berlin British School,52.508531519670996,13.236885861143715,"POLYGON ((13.2361829 52.508625, 13.2361719 52.5086694, 13.2359999 52.5086536, 13.2360252 52.5085515, 13.2360142 52.5085505, 13.236031 52.5084827, 13.2366314 52.5085379, 13.2366541 52.5084464, 13.2365581 52.5084376, 13.2365934 52.5082949, 13.236749 52.5083092, 13.2367355 52.5083638, 13.237078 52.5083953, 13.2370773 52.5083981, 13.2371234 52.5084024, 13.2371249 52.5083965, 13.2379502 52.5084723, 13.2379357 52.5085309, 13.2379224 52.5085297, 13.2379159 52.508556, 13.2376925 52.5085355, 13.2376716 52.5086196, 13.2374977 52.5086037, 13.2375064 52.5085687, 13.2372364 52.5085439, 13.2372472 52.5085004, 13.2369138 52.5084698, 13.2368325 52.5087976, 13.2365977 52.508776, 13.2366338 52.5086304, 13.2364573 52.5086142, 13.2364486 52.5086494, 13.2361829 52.508625))",0405,Charlottenburg-Wilmersdorf,Westend,OSM,OSM_SCHOOLS,04P39,OSM_SCHOOLS,way:51191324,Berlin British School,,,,,,,,,,"Dickensweg 17, 14055 Berlin",Dickensweg,17,14055,Berlin,,,,,,,,,,True,52.508531519670996,13.236885861143715,True,True
51300520,11010010,Schule am Mummelsoll,52.5398782292948,13.628899258878954,"POLYGON ((13.6295594 52.5402014, 13.6294086 52.5394736, 13.6293777 52.5394768, 13.6287878 52.5395087, 13.6282336 52.5395493, 13.6282399 52.5395732, 13.6282825 52.5397527, 13.6283358 52.5399911, 13.6283925 52.5402254, 13.6284068 52.5402958, 13.6295594 52.5402014))",1005,Marzahn-Hellersdorf,Hellersdorf,OSM,OSM_SCHOOLS,10S08,OSM_SCHOOLS,way:51300520,Schule am Mummelsoll,,,,,,,,,,"Eilenburger Straße 4, 12627 Berlin",Eilenburger Straße,4,12627,Berlin,,,,,,,,,,True,52.5398782292948,13.628899258878954,True,True
51340183,11010010,Pusteblume-Grundschule,52.54242841481111,13.600831997113254,"POLYGON ((13.6015376 52.5427254, 13.6015652 52.5425896, 13.6016528 52.5425962, 13.6016708 52.5425074, 13.6016817 52.5424518, 13.6016596 52.5424502, 13.6017263 52.5421491, 13.6014147 52.5421259, 13.6011353 52.5421102, 13.6010031 52.5421095, 13.6009968 52.5421095, 13.600862 52.5421259, 13.6006905 52.5421639, 13.6005058 52.5422126, 13.6004806 52.5422121, 13.6004473 52.5422112, 13.6004204 52.5421961, 13.6003152 52.5422043, 13.6002166 52.5422043, 13.6000489 52.5422051, 13.6000011 52.5422193, 13.5998961 52.5427086, 13.6002709 52.5427389, 13.6002784 52.5427019, 13.6004949 52.5427184, 13.6005066 52.5426714, 13.6009399 52.5427047, 13.6010136 52.5427103, 13.6010155 52.5426844, 13.6010461 52.5426868, 13.6010865 52.5426899, 13.6015376 52.5427254))",1005,Marzahn-Hellersdorf,Hellersdorf,OSM,OSM_SCHOOLS,10G18,OSM_SCHOOLS,way:51340183,Pusteblume-Grundschule,,,,,,,,,,"Kastanienallee 118, 12627 Berlin",Kastanienallee,118,12627,Berlin,,,,,+49 30 9951872,,https://www.pusteblume-grundschule.de/,,,True,52.54242841481111,13.600831997113254,True,True
51340184,11010010,Pusteblume-Grundschule,52.54255500059617,13.600481129048525,"POLYGON ((13.6000319 52.5426018, 13.600303 52.5426222, 13.6003106 52.5425901, 13.6005218 52.5426063, 13.6005066 52.5426714, 13.6009399 52.5427047, 13.6009774 52.5425377, 13.6005012 52.5425008, 13.6004943 52.5425331, 13.6003242 52.5425199, 13.6003539 52.5423924, 13.6000808 52.5423707, 13.6000319 52.5426018))",1005,Marzahn-Hellersdorf,Hellersdorf,OSM,OSM_SCHOOLS,,OSM_SCHOOLS,way:51340184,Pusteblume-Grundschule,,,,,,,,,,"Kastanienallee 118, 12627 Berlin",Kastanienallee,118,12627,Berlin,,,,,+49 30 9951872,,https://www.pusteblume-grundschule.de/,,,True,52.54255500059617,13.600481129048525,True,True
51381643,11006006,John F. Kennedy School,52.42529877313696,13.263736348423498,"POLYGON ((13.2651329 52.4249421, 13.2648059 52.4257776, 13.2643085 52.4265059, 13.2641872 52.4265839, 13.2641128 52.4266133, 13.2640073 52.4266419, 13.2639661 52.4266483, 13.2639322 52.4266484, 13.2637817 52.4266484, 13.2634243 52.4265965, 13.2633298 52.4265809, 13.2628785 52.4264889, 13.2625613 52.426419, 13.2619666 52.4262563, 13.2613957 52.426062, 13.2627659 52.4245917, 13.2630951 52.4246346, 13.2630703 52.4246751, 13.2632319 52.4247335, 13.2632875 52.4247544, 13.2634129 52.4247814, 13.2637073 52.4248059, 13.2637724 52.4248133, 13.26383 52.4248292, 13.2640117 52.4248975, 13.2641002 52.4248066, 13.2644182 52.4240002, 13.2646625 52.4234272, 13.2651647 52.4234778, 13.2657331 52.4235579, 13.2655808 52.4238548, 13.2651329 52.4249421))",0604,Steglitz-Zehlendorf,Zehlendorf,OSM,OSM_SCHOOLS,06K01,OSM_SCHOOLS,way:51381643,John F. Kennedy School,,,,,,,,,,"Teltower Damm 87-93, 14167 Berlin",Teltower Damm,87-93,14167,Berlin,,,,,+49 30 902995711,welcome@jfksberlin.org,https://www.jfks.de/,,,True,52.42529877313696,13.263736348423498,True,True
51382241,11006006,Grundschule am Buschgraben,52.422010689199084,13.24294401978076,"POLYGON ((13.2420255 52.4223196, 13.242246 52.4226473, 13.2424428 52.4225827, 13.243133 52.4225841, 13.2433894 52.422773, 13.243863 52.422528, 13.2438348 52.4214526, 13.2420188 52.4213651, 13.2420255 52.4223196))",0604,Steglitz-Zehlendorf,Zehlendorf,OSM,OSM_SCHOOLS,06G10,OSM_SCHOOLS,way:51382241,Grundschule am Buschgraben,,,,,,,,,,,,,,,,,,,,,,,,True,52.422010689199084,13.24294401978076,True,True
51382244,11006006,Emil Molt Schule,52.41819185452142,13.257954627033268,"POLYGON ((13.2571715 52.4184847, 13.2572968 52.4181559, 13.2572721 52.4181524, 13.2573311 52.4179977, 13.2575992 52.4180357, 13.2577233 52.4177099, 13.2586747 52.4178448, 13.2583664 52.418654, 13.2571715 52.4184847))",0604,Steglitz-Zehlendorf,Zehlendorf,OSM,OSM_SCHOOLS,06P05,OSM_SCHOOLS,way:51382244,Emil Molt Schule,,,,,,,,,,,,,,,Emil Molt Schule e.V.,,,,,,,,,True,52.41819185452142,13.257954627033268,True,True
51544595,11006006,Goethe-Gymnasium Lichterfelde,52.43453519736224,13.30457712365882,"POLYGON ((13.3037578 52.4342014, 13.3063422 52.434116, 13.3051886 52.4351532, 13.3045421 52.4348892, 13.3043521 52.4348082, 13.3039912 52.4347917, 13.303942 52.4348365, 13.3037923 52.4348407, 13.3037659 52.4349299, 13.3037447 52.4349459, 13.3037156 52.434957, 13.3036833 52.4349642, 13.3036497 52.4349674, 13.3036144 52.434965, 13.3035804 52.4349571, 13.303553 52.4349408, 13.3035321 52.4349205, 13.3035074 52.4348486, 13.3034618 52.4348497, 13.3029447 52.4348663, 13.3029308 52.4346861, 13.3031523 52.4346805, 13.3031104 52.4342209, 13.3037578 52.4342014))",0602,Steglitz-Zehlendorf,Lichterfelde,OSM,OSM_SCHOOLS,06Y11,OSM_SCHOOLS,way:51544595,Goethe-Gymnasium Lichterfelde,,,,,,,,,,"Drakestraße 72-74, 12205 Berlin",Drakestraße,72-74,12205,Berlin,,,,,,,,,,True,52.43453519736224,13.30457712365882,True,True
51544608,11006006,Helene-Lange-Schule,52.45251409526926,13.335166069744876,"POLYGON ((13.3344406 52.4525866, 13.3340958 52.4522636, 13.3339939 52.4521667, 13.3349348 52.4517679, 13.3350447 52.4518716, 13.335139 52.4519567, 13.335226 52.4521457, 13.3353283 52.4521271, 13.3353829 52.4521172, 13.3355642 52.4520842, 13.3355774 52.4520818, 13.3356326 52.4520718, 13.3361274 52.4530877, 13.33611 52.453118, 13.3353884 52.453306, 13.3353559 52.4532717, 13.3352727 52.4531533, 13.3352529 52.4531253, 13.3352107 52.45306, 13.3351765 52.4530682, 13.3350682 52.4529149, 13.335056 52.4529176, 13.3348348 52.4526077, 13.3348127 52.4525737, 13.3347955 52.4525474, 13.3344838 52.45262, 13.3344406 52.4525866))",0601,Steglitz-Zehlendorf,Steglitz,OSM,OSM_SCHOOLS,06K10,OSM_SCHOOLS,way:51544608,Helene-Lange-Schule,,,,,,,,,,"Lauenburger Straße 110, 12169 Berlin",Lauenburger Straße,110,12169,Berlin,Bezirksamt Steglitz-Zehlendorf von Berlin,,,,,,,,,True,52.45251409526926,13.335166069744876,True,True
51686441,11003003,Gustave-Eiffel-Schule,52.54040438317112,13.448466212631251,"POLYGON ((13.4497443 52.5405218, 13.4497085 52.5404884, 13.4496623 52.5404453, 13.4495874 52.5403704, 13.4495752 52.5403749, 13.4495233 52.5403114, 13.4495882 52.5402887, 13.4495569 52.5402574, 13.4495209 52.5402218, 13.4489761 52.5396837, 13.4489304 52.5396394, 13.4475368 52.5401786, 13.4471697 52.5403171, 13.4474813 52.5406227, 13.4474468 52.5406477, 13.447946 52.5411536, 13.4480859 52.5411012, 13.4484421 52.5409709, 13.4486319 52.5409002, 13.4487498 52.5408563, 13.4487822 52.5408881, 13.4490885 52.5407719, 13.4494553 52.5406328, 13.4495574 52.5405936, 13.4497443 52.5405218))",0301,Pankow,Prenzlauer Berg,OSM,OSM_SCHOOLS,03K04,OSM_SCHOOLS,way:51686441,Gustave-Eiffel-Schule,,,,,,,,,,"Hanns-Eisler-Straße 78-80, 10409 Berlin",Hanns-Eisler-Straße,78-80,10409,Berlin,,,,,+4930 42809070,info@gustave-eiffel-schule.de,https://www.gustave-eiffel-schule.de/,,,True,52.54040438317112,13.448466212631251,True,True
51761356,11012012,Otfried-Preußler-Grundschule,52.6126054375116,13.227747870153015,"POLYGON ((13.2289675 52.6119366, 13.226226 52.6123222, 13.2265686 52.6132326, 13.2265827 52.61327, 13.2278054 52.6131026, 13.2285158 52.6130022, 13.2287432 52.6129707, 13.2292147 52.6129054, 13.2289675 52.6119366))",1204,Reinickendorf,Heiligensee,OSM,OSM_SCHOOLS,12G34,OSM_SCHOOLS,way:51761356,Otfried-Preußler-Grundschule,,,,,,,,,,,,,,,,,,,,,,,,True,52.6126054375116,13.227747870153015,True,True
51869993,,Grundschule am Tegelschen Ort,52.577016648636835,13.227428213963806,"POLYGON ((13.2280306 52.5761371, 13.2285569 52.5762286, 13.2284758 52.5765339, 13.2284147 52.5768479, 13.2283137 52.5777938, 13.2267185 52.5777356, 13.2260484 52.5777118, 13.2259657 52.5776203, 13.2265424 52.5775391, 13.2264775 52.5773481, 13.2262223 52.5765964, 13.2267144 52.5764165, 13.2274751 52.576321, 13.2280306 52.5761371))",,,,OSM,OSM_SCHOOLS,12G18,OSM_SCHOOLS,way:51869993,Grundschule am Tegelschen Ort,,,,,,,,,,,,,,,,,,,+4930 431 1786,info@grundschule-tegelort.de,http://www.grundschule-tegelort.de/,,,True,52.577016648636835,13.227428213963806,False,False
51907972,11002002,Modersohn-Grundschule,52.507269882629316,13.459843166605086,"POLYGON ((13.4591559 52.5069647, 13.4601073 52.5067831, 13.4601909 52.5067682, 13.4602273 52.5068386, 13.4602608 52.5069071, 13.4603264 52.5069422, 13.4603694 52.5070264, 13.4605411 52.5073806, 13.4603351 52.5074957, 13.4603007 52.5075019, 13.4602673 52.5075074, 13.4602764 52.5075284, 13.4596276 52.5078854, 13.4595699 52.5078751, 13.4591559 52.5069647))",0201,Friedrichshain-Kreuzberg,Friedrichshain,OSM,OSM_SCHOOLS,02G10,OSM_SCHOOLS,way:51907972,Modersohn-Grundschule,,,,,,,,,,"Niemannstraße 3, 10245 Berlin",Niemannstraße,3,10245,Berlin,,,,,+49 30 48488340,,https://www.modersohn-schule.de/,,,True,52.507269882629316,13.459843166605086,True,True
51972081,11012012,Grundschule am Vierrutenberg,52.618576916825184,13.338342360362867,"POLYGON ((13.3388699 52.6195274, 13.3381259 52.6194109, 13.3381455 52.6192131, 13.3381607 52.6190594, 13.3381753 52.618903, 13.3378638 52.6189113, 13.3378606 52.6188752, 13.3374924 52.6187412, 13.3372669 52.6187392, 13.3371828 52.618752, 13.3369037 52.6183498, 13.3379433 52.618094, 13.3383663 52.6179755, 13.3388995 52.6177826, 13.3393236 52.6179045, 13.3390186 52.6190043, 13.3388699 52.6195274))",1208,Reinickendorf,Lübars,OSM,OSM_SCHOOLS,12G20,OSM_SCHOOLS,way:51972081,Grundschule am Vierrutenberg,,,,,,,,,,,,,,,,,,,+4930 4026518,vierrutenbergschule@gmail.com,https://grundschule-am-vierrutenberg.de/,,,True,52.618576916825184,13.338342360362867,True,True
52023054,11002002,Emanuel-Lasker-Schule,52.50266368318179,13.45784227356613,"POLYGON ((13.4573372 52.5032267, 13.4579839 52.5031164, 13.4586356 52.5030026, 13.4586774 52.5029981, 13.45856 52.5027369, 13.4582736 52.5021696, 13.4582514 52.5021213, 13.4581416 52.5021385, 13.4580732 52.5021493, 13.4580203 52.5021128, 13.4579693 52.5020761, 13.4578688 52.502004, 13.4572591 52.5023309, 13.4574034 52.5024321, 13.4570458 52.502626, 13.4571445 52.5028294, 13.457159 52.5028593, 13.4571722 52.5028865, 13.4572318 52.5030094, 13.4573372 52.5032267))",0201,Friedrichshain-Kreuzberg,Friedrichshain,OSM,OSM_SCHOOLS,02K06,OSM_SCHOOLS,way:52023054,Emanuel-Lasker-Schule,,,,,,,,,,"Modersohnstraße 53, 10245 Berlin",Modersohnstraße,53,10245,Berlin,Land Berlin,,,,,,,,,True,52.50266368318179,13.45784227356613,True,True
52087308,11001001,Papageno-Grundschule,52.53249962904669,13.390669687587016,"POLYGON ((13.3893985 52.5326424, 13.3889873 52.5326246, 13.3888498 52.5325568, 13.388994 52.5324485, 13.3890411 52.5324127, 13.3890485 52.5324163, 13.3891926 52.5323063, 13.3891849 52.5323026, 13.3892307 52.5322676, 13.3893866 52.532283, 13.3893994 52.5322908, 13.3894573 52.5322957, 13.3904693 52.5323839, 13.3905946 52.532396, 13.3907246 52.5324098, 13.3908602 52.5319376, 13.3923965 52.5321008, 13.3923247 52.532351, 13.3920598 52.5323229, 13.3920643 52.5323071, 13.3917468 52.5322734, 13.3916818 52.5325001, 13.3915897 52.5324903, 13.3917424 52.5326843, 13.3900791 52.5331213, 13.3900705 52.5331114, 13.3899019 52.5328728, 13.3897594 52.5328489, 13.3896512 52.532842, 13.3896471 52.5327856, 13.3893985 52.5326424))",0101,Mitte,Mitte,OSM,OSM_SCHOOLS,01G02,OSM_SCHOOLS,way:52087308,Papageno-Grundschule,,,,,,,,,,"Bergstraße 58, 10115 Berlin",Bergstraße,58,10115,Berlin,,,,,,,,,,True,52.53249962904669,13.390669687587016,True,True
52090612,11002002,Temple-Grandin-Schule,52.514017545516964,13.448867875466345,"POLYGON ((13.4489841 52.5142693, 13.4490347 52.5143141, 13.4489165 52.5143638, 13.4488661 52.5143191, 13.4488503 52.5143257, 13.4487637 52.5142488, 13.4487699 52.5142461, 13.4486114 52.514105, 13.4484564 52.5139674, 13.4484496 52.5139702, 13.448363 52.5138931, 13.4483785 52.5138866, 13.4483284 52.5138419, 13.4484483 52.5137918, 13.4484987 52.5138367, 13.4487612 52.513727, 13.4487106 52.5136819, 13.4488477 52.5136247, 13.4488978 52.5136695, 13.448912 52.5136635, 13.4489989 52.5137407, 13.448586 52.5139135, 13.4487422 52.5140524, 13.4488988 52.5141916, 13.4493462 52.5140045, 13.449349 52.5139935, 13.4493349 52.5139891, 13.4493384 52.5139849, 13.4493553 52.513989, 13.4493637 52.5139827, 13.4493752 52.5139789, 13.449391 52.5139778, 13.4494031 52.5139796, 13.4494139 52.5139846, 13.4494274 52.5139776, 13.4494324 52.5139812, 13.4494207 52.5139873, 13.4494275 52.5139966, 13.4494844 52.5141198, 13.4494865 52.5141249, 13.4492987 52.5142031, 13.4492482 52.5141583, 13.4489841 52.5142693))",0201,Friedrichshain-Kreuzberg,Friedrichshain,OSM,OSM_SCHOOLS,02S01,OSM_SCHOOLS,way:52090612,Temple-Grandin-Schule,,,,,,,,,,"Lasdehner Straße 19/21, 10243 Berlin",Lasdehner Straße,19/21,10243,Berlin,Bezirksamt Friedrichshain-Kreuzberg von Berlin,,,,+49 30 293474231,sekretariat@temple-grandin.schule.berlin.de,https://www.temple-grandin-schule.de/,,,True,52.514017545516964,13.448867875466345,True,True
52090686,11002002,Ludwig-Hoffmann-Grundschule,52.51419411136236,13.449481279857402,"POLYGON ((13.4501374 52.5147106, 13.4495682 52.5149561, 13.4493297 52.5147498, 13.4493017 52.5147242, 13.4492751 52.5147019, 13.4492313 52.5146637, 13.4489476 52.5144121, 13.4488503 52.5143257, 13.4487637 52.5142488, 13.4487699 52.5142461, 13.4486114 52.514105, 13.4484564 52.5139674, 13.4484496 52.5139702, 13.448363 52.5138931, 13.4483785 52.5138866, 13.4483284 52.5138419, 13.4484483 52.5137918, 13.4487106 52.5136819, 13.4488477 52.5136247, 13.448962 52.5135811, 13.4490308 52.5135741, 13.4494262 52.5135339, 13.4494444 52.5135819, 13.4494617 52.513629, 13.4495355 52.5138315, 13.4497968 52.5137863, 13.4498169 52.5137828, 13.4500896 52.513735, 13.4501822 52.5139355, 13.4504763 52.5145662, 13.4501374 52.5147106))",0201,Friedrichshain-Kreuzberg,Friedrichshain,OSM,OSM_SCHOOLS,02G07,OSM_SCHOOLS,way:52090686,Ludwig-Hoffmann-Grundschule,,,,,,,,,,"Lasdehner Straße 21, 10243 Berlin",Lasdehner Straße,21,10243,Berlin,,,,,,,,,,True,52.51419411136236,13.449481279857402,True,True
52153881,11009009,Schule in der Köllnischen Vorstadt,52.43960914094499,13.564987457767922,"POLYGON ((13.5664351 52.4399255, 13.5647607 52.4388038, 13.5644581 52.4388023, 13.564268 52.4390295, 13.563971 52.4395497, 13.5638627 52.4397394, 13.5644126 52.4398629, 13.5642295 52.4401764, 13.5649213 52.4403288, 13.56526 52.4398259, 13.5658846 52.4402316, 13.5664351 52.4399255))",0910,Treptow-Köpenick,Köpenick,OSM,OSM_SCHOOLS,09G18,OSM_SCHOOLS,way:52153881,Schule in der Köllnischen Vorstadt,,,,,,,,,,"Rudower Straße 201, 12557 Berlin",Rudower Straße,201,12557,Berlin,,,,,+49 30 64326715,,,,,True,52.43960914094499,13.564987457767922,True,True
52243561,11009009,Schule an den Püttbergen,52.43379742863803,13.703704850665742,"POLYGON ((13.7018845 52.4338203, 13.7022421 52.4337139, 13.7020946 52.4334888, 13.704164 52.4329806, 13.7042589 52.4331052, 13.7043603 52.4332392, 13.7048096 52.4331155, 13.7051808 52.4335692, 13.7055438 52.4340217, 13.7041224 52.4344005, 13.7040522 52.4344192, 13.7040201 52.4344277, 13.7039859 52.4344368, 13.7039636 52.4344428, 13.703942 52.4344485, 13.703454 52.4345786, 13.7030752 52.4340435, 13.7028562 52.434105, 13.7026807 52.4341543, 13.7026473 52.4341637, 13.7030236 52.4346933, 13.7030022 52.4346993, 13.7027991 52.4347531, 13.7018845 52.4338203))",0912,Treptow-Köpenick,Rahnsdorf,OSM,OSM_SCHOOLS,09G26,OSM_SCHOOLS,way:52243561,Schule an den Püttbergen,,,,,,,,,,"Fürstenwalder Allee 182, 12589 Berlin",Fürstenwalder Allee,182,12589,Berlin,Bezirksamt Treptow-Köpenick von Berlin,,,,,,http://www.schule-an-den-puettbergen.de,,,True,52.43379742863803,13.703704850665742,True,True
53170549,11002002,Pettenkofer-Grundschule,52.519178795924844,13.470984969203629,"POLYGON ((13.471758 52.5187672, 13.4714906 52.5186973, 13.4713507 52.5186609, 13.471203 52.5186218, 13.4711778 52.5186151, 13.4709512 52.5185562, 13.4708597 52.5186874, 13.4708113 52.5187568, 13.4707637 52.5188251, 13.4706199 52.5190251, 13.4705709 52.5190938, 13.4705217 52.5191628, 13.470217 52.5195942, 13.4710086 52.5198027, 13.471758 52.5187672))",0201,Friedrichshain-Kreuzberg,Friedrichshain,OSM,OSM_SCHOOLS,02G04,OSM_SCHOOLS,way:53170549,Pettenkofer-Grundschule,,,,,,,,,,"Pettenkoferstraße 20-24, 10247 Berlin",Pettenkoferstraße,20-24,10247,Berlin,,,,,,,,,,True,52.519178795924844,13.470984969203629,True,True
53261956,11011011,Karlshorster Schule,52.489556712633366,13.51989241078053,"POLYGON ((13.5191937 52.4902671, 13.5186392 52.4890768, 13.519264 52.4889957, 13.5198166 52.4889327, 13.519817 52.4889421, 13.5198249 52.4889667, 13.5198333 52.4889926, 13.5198421 52.4890201, 13.5207372 52.4889071, 13.5209045 52.4893539, 13.5208754 52.4893589, 13.5209796 52.4896525, 13.5210985 52.4900242, 13.5203877 52.4900996, 13.5203111 52.4901077, 13.5198789 52.4901802, 13.5198546 52.4901832, 13.5191937 52.4902671))",1102,Lichtenberg,Karlshorst,OSM,OSM_SCHOOLS,11G13,OSM_SCHOOLS,way:53261956,Karlshorster Schule,,,,,,,,,,"Lisztstraße 6, 10318 Berlin",Lisztstraße,6,10318,Berlin,,,,,,,,,,True,52.489556712633366,13.51989241078053,True,True
53585760,11012012,Romain-Rolland-Oberschule,52.59900776168923,13.318745667285826,"POLYGON ((13.3183465 52.6003305, 13.3183369 52.6002813, 13.3186435 52.5998883, 13.3187907 52.5998519, 13.3194334 52.5999766, 13.3197534 52.5999697, 13.3202095 52.6000718, 13.3204855 52.5998192, 13.3204244 52.5997939, 13.3206831 52.5995903, 13.3207625 52.5994549, 13.3208762 52.5982519, 13.3179428 52.5977584, 13.3177632 52.5977127, 13.3163082 52.5992743, 13.3174859 52.599813, 13.3174304 52.5998974, 13.3173255 52.600067, 13.3174502 52.6001043, 13.3175239 52.6001335, 13.3175884 52.6001628, 13.3176637 52.6002072, 13.3177136 52.6002443, 13.3177784 52.6003025, 13.3178238 52.6003507, 13.3178684 52.6004421, 13.3178816 52.6004692, 13.317892 52.6004266, 13.3179361 52.6003841, 13.3179969 52.6003603, 13.3180779 52.6003488, 13.3182674 52.6003359, 13.3183465 52.6003305))",1209,Reinickendorf,Wittenau,OSM,OSM_SCHOOLS,12Y07,OSM_SCHOOLS,way:53585760,Romain-Rolland-Oberschule,,,,,,,,,,"Place Molière 4, 13469 Berlin",Place Molière,4,13469,Berlin,,,,,+4930 414017 0,romain-rolland-gymnasium@t-online.de,https://www.romain-rolland-gymnasium.eu/,,,True,52.59900776168923,13.318745667285826,True,True
53638694,11006006,Evangelische Schule Steglitz,52.45000166417545,13.33125051265011,"POLYGON ((13.3321711 52.4500219, 13.3320544 52.4498858, 13.3320113 52.4498355, 13.3319911 52.4498091, 13.3314088 52.4491329, 13.3313888 52.4491095, 13.331364 52.4490806, 13.3300591 52.4495036, 13.3300767 52.4495238, 13.3300878 52.4495367, 13.3307399 52.4503075, 13.3308128 52.4502746, 13.3308874 52.4502587, 13.3309395 52.4502855, 13.33097 52.4503089, 13.3309845 52.4503237, 13.3310006 52.4503408, 13.3310093 52.4503656, 13.3310078 52.4503866, 13.3310027 52.4504028, 13.3309943 52.4504198, 13.3309791 52.4504369, 13.3309574 52.4504536, 13.3309314 52.4504661, 13.3308927 52.4504796, 13.3313617 52.4510238, 13.3314052 52.4510096, 13.3322528 52.4507333, 13.331752 52.4501539, 13.3321711 52.4500219))",0601,Steglitz-Zehlendorf,Steglitz,OSM,OSM_SCHOOLS,06P12,OSM_SCHOOLS,way:53638694,Evangelische Schule Steglitz,,,,,,,,,,"Beymestraße 6-7, 12167 Berlin",Beymestraße,6-7,12167,Berlin,Evangelische Schulstiftung in der EKBO,,,,+49-30-7916001,info@ev-schule-steglitz.de,https://www.ev-schule-steglitz.de/,,,True,52.45000166417545,13.33125051265011,True,True
53809054,11009009,Waldhaus im FEZ,52.4669740402113,13.543633219849868,"POLYGON ((13.5437836 52.4672696, 13.5441819 52.4669433, 13.5435047 52.4666848, 13.5431242 52.4669687, 13.5431489 52.4670741, 13.5434859 52.4671305, 13.5437836 52.4672696))",0909,Treptow-Köpenick,Oberschöneweide,OSM,OSM_SCHOOLS,,OSM_SCHOOLS,way:53809054,Waldhaus im FEZ,,,,,,,,,,,,,,,,,,,,,http://www.foej-jao.de,,,True,52.4669740402113,13.543633219849868,True,True
54036484,11009009,Alexander-von-Humboldt-Oberschule (Gymnasium),52.44646749272853,13.568224014529651,"POLYGON ((13.567911 52.4455208, 13.5684008 52.4453851, 13.5682922 52.4452456, 13.567872 52.445368, 13.5677923 52.445216, 13.5674983 52.4452749, 13.56743 52.4451338, 13.5668972 52.4452396, 13.5667888 52.4452612, 13.5667613 52.4452754, 13.5667275 52.4453004, 13.5667097 52.4453425, 13.5667215 52.4453843, 13.5666153 52.4454058, 13.5666572 52.445503, 13.5667973 52.4457221, 13.5670613 52.4460491, 13.5674517 52.4459328, 13.5681693 52.4468273, 13.5684893 52.4472256, 13.5685006 52.4472402, 13.5692189 52.4481366, 13.569851 52.447951, 13.5697962 52.4478805, 13.5698102 52.4478747, 13.5687121 52.4465144, 13.567911 52.4455208))",0910,Treptow-Köpenick,Köpenick,OSM,OSM_SCHOOLS,09Y05,OSM_SCHOOLS,way:54036484,Alexander-von-Humboldt-Oberschule (Gymnasium),,,,,,,,,,"Oberspreestraße 173, 12555 Berlin",Oberspreestraße,173,12555,Berlin,,,,,,,http://www.avh-schule.de,,,True,52.44646749272853,13.568224014529651,True,True
54039628,11009009,Schule am Ginkobaum,52.440559157268,13.497796479846341,"POLYGON ((13.4965582 52.4402704, 13.4970283 52.4412051, 13.4977233 52.4412056, 13.4984314 52.4412102, 13.4987115 52.4412099, 13.4987693 52.4411968, 13.4986462 52.4410016, 13.4985806 52.4409317, 13.4984534 52.4408585, 13.498334 52.4406694, 13.4983446 52.4406486, 13.4985299 52.440598, 13.4985495 52.4405601, 13.4987568 52.4405191, 13.4986318 52.4402895, 13.4986746 52.4402791, 13.4990694 52.440065, 13.4986419 52.4398038, 13.4979985 52.4399482, 13.497596 52.4400384, 13.4965582 52.4402704))",0904,Treptow-Köpenick,Johannisthal,OSM,OSM_SCHOOLS,09G05,OSM_SCHOOLS,way:54039628,Schule am Ginkobaum,,,,,,,,,,"Springbornstraße 250, 12487 Berlin",Springbornstraße,250,12487,Berlin,,,,,,,,,,True,52.440559157268,13.497796479846341,True,True
54633562,11009009,Gebrüder-Montgolfier-Gymnasium,52.44874934980937,13.503661976765517,"POLYGON ((13.5017888 52.4488864, 13.5022436 52.4492017, 13.5022401 52.4492624, 13.5023283 52.4493243, 13.5030771 52.4489286, 13.5031726 52.4489467, 13.5036365 52.4494225, 13.5042972 52.4491898, 13.5045953 52.4494899, 13.5050497 52.4494096, 13.5049086 52.4489736, 13.5045582 52.4479226, 13.504214 52.4479995, 13.5040625 52.4480308, 13.5038522 52.4480743, 13.5036297 52.448135, 13.5034833 52.4481739, 13.5034024 52.4481988, 13.5033103 52.4482242, 13.502942 52.4483391, 13.5028227 52.4483729, 13.5028103 52.4484189, 13.5025202 52.4485217, 13.5022712 52.4486249, 13.5017733 52.4488344, 13.5017888 52.4488864))",0904,Treptow-Köpenick,Johannisthal,OSM,OSM_SCHOOLS,09Y10,OSM_SCHOOLS,way:54633562,Gebrüder-Montgolfier-Gymnasium,,,,,,,,,,"Ellernweg 20-22, 12487 Berlin",Ellernweg,20-22,12487,Berlin,,,,,+4930 631667 7,,https://www.gemont.de/,,,True,52.44874934980937,13.503661976765517,True,True
55360043,,Grüner Campus Malchow - Hauptgebäude,52.57189267892549,13.484120269747875,"POLYGON ((13.4844367 52.5708569, 13.4851628 52.5713915, 13.4849217 52.571519, 13.4850831 52.5716303, 13.4852717 52.5718889, 13.4851698 52.5720387, 13.4854472 52.5722804, 13.4850548 52.5725929, 13.484919 52.5726449, 13.4840832 52.5726618, 13.4836155 52.5725884, 13.4828279 52.5723783, 13.4828583 52.5722059, 13.482894 52.5720035, 13.4828239 52.5716315, 13.4837683 52.5711796, 13.4844367 52.5708569))",,,,OSM,OSM_SCHOOLS,11K10,OSM_SCHOOLS,way:55360043,Grüner Campus Malchow - Hauptgebäude,,,,,,,,,,"Malchower Chaussee 2, 13051 Berlin",Malchower Chaussee,2,13051,Berlin,,,,,+49 30 962485-95,,http://gruener-campus-malchow.de/,,,True,52.57189267892549,13.484120269747875,False,False
55387635,11001001,City-Grundschule,52.50751951003276,13.408574341156566,"POLYGON ((13.4088081 52.506649, 13.408639 52.5067388, 13.4085629 52.5067967, 13.4084703 52.5068672, 13.4085546 52.5069316, 13.4076428 52.5077606, 13.407731 52.5077986, 13.4077366 52.5078011, 13.4072556 52.508252, 13.4073025 52.5082705, 13.4072692 52.5083017, 13.4072222 52.5082832, 13.4069724 52.5085126, 13.4071408 52.5086055, 13.4076875 52.5083244, 13.4082452 52.5080474, 13.4082672 52.5080365, 13.4082898 52.5080259, 13.4088141 52.50778, 13.4089234 52.5077272, 13.4092499 52.5078204, 13.4093398 52.5077792, 13.4095813 52.5074613, 13.4098479 52.5071103, 13.4098578 52.5070657, 13.4098233 52.5070371, 13.4088081 52.506649))",0101,Mitte,Mitte,OSM,OSM_SCHOOLS,01G10,OSM_SCHOOLS,way:55387635,City-Grundschule,,,,,,,,,,"Sebastianstraße 57, 10179 Berlin",Sebastianstraße,57,10179,Berlin,,,,,+49 30 28449060,info@city-grundschule.de,http://www.citygrundschule.de,,,True,52.50751951003276,13.408574341156566,True,True
56166529,11007007,Löcknitz-Grundschule,52.48963609688989,13.3428720366231,"POLYGON ((13.3424291 52.489181, 13.3427835 52.4892029, 13.3435701 52.4892808, 13.343681 52.489294, 13.3436024 52.4894907, 13.3435939 52.4894997, 13.3435966 52.4896413, 13.3436252 52.4896994, 13.3435564 52.4896925, 13.3435236 52.4896882, 13.3430986 52.4897296, 13.3430892 52.4899801, 13.343087 52.4900397, 13.3431224 52.490114, 13.3426233 52.4901565, 13.3422607 52.4901264, 13.3424291 52.489181))",0701,Tempelhof-Schöneberg,Schöneberg,OSM,OSM_SCHOOLS,07G14,OSM_SCHOOLS,way:56166529,Löcknitz-Grundschule,,,,,,,,,,"Berchtesgadener Straße 10-11, 10779 Berlin",Berchtesgadener Straße,10-11,10779,Berlin,,,,,,,,,,True,52.48963609688989,13.3428720366231,True,True
56464221,,Hoffmann-von-Fallersleben-Grundschule,52.58822762677936,13.295869105594829,"POLYGON ((13.2972272 52.5887768, 13.2971574 52.5887129, 13.2958603 52.5875819, 13.2954286 52.5872054, 13.2952844 52.5870796, 13.2951944 52.5870792, 13.2948432 52.5873486, 13.294419 52.5876738, 13.2943654 52.5877149, 13.2945682 52.5878147, 13.2946329 52.5878465, 13.2950446 52.5880651, 13.2954903 52.5883244, 13.2959311 52.5886174, 13.2959957 52.5886899, 13.296029 52.5887749, 13.2960304 52.5888825, 13.2959291 52.5893191, 13.2967452 52.5894051, 13.296867 52.5889196, 13.2972272 52.5887768))",,,,OSM,OSM_SCHOOLS,12G15,OSM_SCHOOLS,way:56464221,Hoffmann-von-Fallersleben-Grundschule,,,,,,,,,,"Ziekowstraße 80-88, 13509 Berlin",Ziekowstraße,80-88,13509,Berlin,,,,,,,,,,True,52.58822762677936,13.295869105594829,False,False
57384610,11005005,VHS Spandau - Harri-Reinert,52.53920788914751,13.204923028407508,"POLYGON ((13.2048591 52.5390544, 13.2048335 52.5390612, 13.2049163 52.5391737, 13.2046583 52.5392441, 13.2046603 52.5392482, 13.2045901 52.539268, 13.2046522 52.5393549, 13.2048619 52.5392962, 13.204856 52.5392893, 13.2049903 52.5392515, 13.2050224 52.5392978, 13.2049593 52.5393183, 13.2050026 52.5393378, 13.2050112 52.5393346, 13.20502 52.5393314, 13.2051958 52.5392672, 13.205149 52.5392069, 13.2051405 52.5392075, 13.2050055 52.5390178, 13.2048591 52.5390544))",0501,Spandau,Spandau,OSM,OSM_SCHOOLS,05A03,OSM_SCHOOLS,way:57384610,VHS Spandau - Harri-Reinert,,,,,,,,,,"Carl-Schurz-Straße 59, 13597 Berlin",Carl-Schurz-Straße,59,13597,Berlin,,,,,,,,,,True,52.53920788914751,13.204923028407508,True,True
57687033,11004004,Berlin International School,52.470394816746655,13.29349905490684,"POLYGON ((13.2924127 52.4701647, 13.2927891 52.4709148, 13.2937896 52.4707792, 13.2940286 52.4707466, 13.2943283 52.4707058, 13.2945729 52.4706725, 13.294558 52.4706422, 13.294409 52.4703411, 13.2942588 52.4700374, 13.2941689 52.4698557, 13.2941238 52.4698441, 13.2935681 52.4699482, 13.2930532 52.4700447, 13.2924666 52.4701546, 13.2924127 52.4701647))",0403,Charlottenburg-Wilmersdorf,Schmargendorf,OSM,OSM_SCHOOLS,04P42,OSM_SCHOOLS,way:57687033,Berlin International School,,,,,,,,,,"Lentzeallee 8-14, 14195 Berlin",Lentzeallee,8-14,14195,Berlin,Private Kant-Schulen gGmbH,,,,,,https://www.berlin-international-school.de/,,,True,52.470394816746655,13.29349905490684,True,True
57769527,11003003,,52.55315980599838,13.409653181356173,"POLYGON ((13.41025 52.5529487, 13.4102626 52.5529485, 13.4102605 52.5529383, 13.4102262 52.5527959, 13.4100833 52.5528059, 13.4099766 52.5528153, 13.4098599 52.5528232, 13.4097641 52.5528317, 13.4096857 52.5528383, 13.4096667 52.5528398, 13.4095659 52.5528476, 13.4095281 52.5528505, 13.4094158 52.5528603, 13.4093156 52.5528679, 13.4091536 52.5528813, 13.409163 52.5529448, 13.4091794 52.5530349, 13.4091902 52.5530971, 13.4092003 52.5531552, 13.4092202 52.553252, 13.4092286 52.5533104, 13.4089631 52.5533285, 13.4087557 52.5533422, 13.40876 52.553368, 13.4087694 52.5534228, 13.4087801 52.5534842, 13.4087851 52.553507, 13.4089843 52.5534952, 13.4089959 52.5534944, 13.4091613 52.5534841, 13.4092615 52.5534783, 13.4092575 52.5534531, 13.409349 52.5534501, 13.4095156 52.5534393, 13.4096059 52.5534339, 13.4096352 52.5534326, 13.4096984 52.5534298, 13.409792 52.5534239, 13.4098658 52.5534196, 13.4098727 52.5534195, 13.4099569 52.5534138, 13.4099794 52.5534121, 13.4100427 52.5534084, 13.4101478 52.5534032, 13.410208 52.5533994, 13.4102978 52.5533951, 13.4102763 52.5532987, 13.4102635 52.5532391, 13.4102327 52.553083, 13.4102899 52.553078, 13.4102667 52.552985, 13.4102616 52.5529852, 13.41025 52.5529487))",0301,Pankow,Prenzlauer Berg,OSM,OSM_SCHOOLS,,OSM_SCHOOLS,way:57769527,,,,,,,,,,,Schönfließer Straße 7,Schönfließer Straße,7,,,,,,,,,,,,True,52.55315980599838,13.409653181356173,True,True
58558041,11003003,Grundschule in Rosenthal,52.59161016084076,13.375441910495205,"POLYGON ((13.375666 52.591048, 13.3753652 52.59104, 13.37533 52.5910391, 13.37455 52.5910143, 13.3747088 52.5920776, 13.3753897 52.5921591, 13.3754805 52.5922847, 13.3761496 52.5923014, 13.3762502 52.5910689, 13.375666 52.591048))",0312,Pankow,Rosenthal,OSM,OSM_SCHOOLS,03G13,OSM_SCHOOLS,way:58558041,Grundschule in Rosenthal,,,,,,,,,,"Kastanienallee 59, 13158 Berlin",Kastanienallee,59,13158,Berlin,,,,,,,,,,True,52.59161016084076,13.375441910495205,True,True
58699642,11003003,Platanen-Grundschule,52.61814630099842,13.389384052435467,"POLYGON ((13.3891023 52.6181483, 13.3891539 52.6180394, 13.389634 52.6181352, 13.389625 52.6181526, 13.389667 52.6181603, 13.3896266 52.6182412, 13.3895862 52.6182347, 13.3895797 52.6182485, 13.3891023 52.6181483))",0308,Pankow,Blankenfelde,OSM,OSM_SCHOOLS,,OSM_SCHOOLS,way:58699642,Platanen-Grundschule,,,,,,,,,,,,,,,,,,,,,,,,True,52.61814630099842,13.389384052435467,True,True
59344672,11012012,Jean-Krämer-Schule,52.59068434470984,13.335693796127204,"POLYGON ((13.3362885 52.5913986, 13.335859 52.591205, 13.335043 52.5918858, 13.3349422 52.5918475, 13.3349029 52.5918524, 13.3346022 52.5918287, 13.3347026 52.5913681, 13.3347293 52.5912454, 13.3347389 52.5911989, 13.3347419 52.5911844, 13.3347531 52.5911304, 13.3347614 52.5910824, 13.3347625 52.5910763, 13.3347799 52.5909963, 13.3348225 52.5907945, 13.3348557 52.5906259, 13.3349032 52.5904264, 13.3348554 52.5904086, 13.3349343 52.5900567, 13.3350132 52.5897205, 13.3359046 52.5896627, 13.3359302 52.5897906, 13.3360713 52.5898225, 13.3364469 52.5899705, 13.3366683 52.5901326, 13.3368058 52.5903075, 13.3368672 52.5904864, 13.3368632 52.5906299, 13.3370863 52.5907303, 13.3362885 52.5913986))",1209,Reinickendorf,Wittenau,OSM,OSM_SCHOOLS,12K07,OSM_SCHOOLS,way:59344672,Jean-Krämer-Schule,,,,,,,,,,,,,,,,,,,+4930 411 09 152,,http://www.jeankraemerschule.de,,,True,52.59068434470984,13.335693796127204,True,True
59431430,11003003,"Max-Bill-Schule, OSZ Planen, Bauen, Gestalten",52.558311844880926,13.449899569659113,"POLYGON ((13.4489543 52.5581808, 13.449951 52.5573211, 13.4504483 52.5568921, 13.4516448 52.557541, 13.4521323 52.5578094, 13.4488604 52.5596776, 13.448305 52.5594353, 13.4477847 52.5592071, 13.4476666 52.5591555, 13.4476985 52.5591283, 13.4481378 52.5587532, 13.4482207 52.5587902, 13.4489543 52.5581808))",0302,Pankow,Weißensee,OSM,OSM_SCHOOLS,03B10,OSM_SCHOOLS,way:59431430,"Max-Bill-Schule, OSZ Planen, Bauen, Gestalten",,,,,,,,,,"Gustav-Adolf-Straße 66, 13086 Berlin",Gustav-Adolf-Straße,66,13086,Berlin,"Senatsverwaltung für Bildung, Jugend und Wissenschaft, Referat IIG, Bernhard-Weiß-Str. 6, 10178 Berlin",,,,+49 30 912052105,,https://www.max-bill-schule.net/,,,True,52.558311844880926,13.449899569659113,True,True
60064622,11012012,Charlie-Chaplin-Grundschule,52.59777957733528,13.3646033514707,"POLYGON ((13.3638962 52.5972142, 13.3661016 52.5973299, 13.3660769 52.5974888, 13.3659482 52.5984031, 13.3637432 52.5982872, 13.363788 52.5979588, 13.3637098 52.5979552, 13.3633605 52.5979388, 13.3633673 52.5978921, 13.3626762 52.5978634, 13.3625844 52.5978588, 13.3626589 52.5973258, 13.3627645 52.5973303, 13.3627921 52.5973316, 13.3631849 52.5973513, 13.3631902 52.5973151, 13.3632522 52.5973187, 13.363343 52.5973225, 13.3634509 52.5973298, 13.3634405 52.5973914, 13.3633872 52.597756, 13.3637405 52.5977725, 13.3637377 52.5977937, 13.3638087 52.5977963, 13.3638962 52.5972142))",1210,Reinickendorf,Märkisches Viertel,OSM,OSM_SCHOOLS,12G32,OSM_SCHOOLS,way:60064622,Charlie-Chaplin-Grundschule,,,,,,,,,,"Wilhelmsruher Damm 90-94, 13439 Berlin",Wilhelmsruher Damm,90-94,13439,Berlin,Bezirksamt Reinickendorf von Berlin,,,,+4930 416 76 76,charlie-chaplin.grundschule@web.de,https://www.charlie-chaplin-grundschule.com/,,,True,52.59777957733528,13.3646033514707,True,True
60108703,11012012,Chamisso-Grundschule,52.60200897561663,13.358235852467178,"POLYGON ((13.3575399 52.6011453, 13.3574236 52.6019313, 13.3573445 52.6024948, 13.3588479 52.6025746, 13.3591653 52.602592, 13.3592259 52.6022257, 13.3592508 52.6020235, 13.3592668 52.601893, 13.3589871 52.6017719, 13.3587965 52.6016894, 13.3587105 52.6016522, 13.3575399 52.6011453))",1210,Reinickendorf,Märkisches Viertel,OSM,OSM_SCHOOLS,12G27,OSM_SCHOOLS,way:60108703,Chamisso-Grundschule,,,,,,,,,,,,,,,,,,,+4930 40716257,info@chamisso-grundschule.de,https://www.chamisso-grundschule.de/,,,True,52.60200897561663,13.358235852467178,True,True
60115116,11007007,Friedenauer Gemeinschaftsschule (Standort Otzenstraße),52.47493796624645,13.345313044329856,"POLYGON ((13.3443165 52.4754218, 13.3443249 52.4753606, 13.344328 52.4753377, 13.344427 52.4746141, 13.3444802 52.4742246, 13.344868 52.4742426, 13.3449359 52.4743189, 13.3449665 52.4743051, 13.3449941 52.4742926, 13.3451557 52.4742201, 13.345327 52.474148, 13.3453512 52.4741378, 13.3454051 52.4741144, 13.3454129 52.474111, 13.3454351 52.4741301, 13.3454225 52.4741355, 13.3459059 52.4745284, 13.3463792 52.4749195, 13.3465213 52.4749706, 13.3465053 52.4749864, 13.3465089 52.4750006, 13.3463626 52.4751665, 13.3462787 52.4752642, 13.3461995 52.4753639, 13.3461057 52.4754913, 13.3460199 52.475616, 13.3459605 52.475707, 13.3455428 52.4756171, 13.3451007 52.4755213, 13.3447437 52.4754426, 13.3446859 52.4754398, 13.3444943 52.4754305, 13.3444048 52.4754261, 13.3443165 52.4754218))",0701,Tempelhof-Schöneberg,Schöneberg,OSM,OSM_SCHOOLS,07K12c,OSM_SCHOOLS,way:60115116,Friedenauer Gemeinschaftsschule (Standort Otzenstraße),,,,,,,,,,"Otzenstraße 16-17, 12159 Berlin",Otzenstraße,16-17,12159,Berlin,Bezirksamt Tempelhof-Schöneberg von Berlin,,,,+49 30 902777904,,http://friedenauer-gemeinschaftsschule.de/aussenstelle-otzenstrasse/,,,True,52.47493796624645,13.345313044329856,True,True
60706747,11003003,,52.57804118684835,13.393924815759897,"POLYGON ((13.3945413 52.5775407, 13.3944236 52.577597, 13.3932294 52.5774857, 13.3929649 52.5779617, 13.3928491 52.5779674, 13.3927364 52.578378, 13.3940552 52.5785092, 13.3941486 52.5785199, 13.3941671 52.5785812, 13.3944805 52.5785987, 13.3944877 52.5784255, 13.3945406 52.5784259, 13.3950338 52.5784292, 13.394842 52.5782589, 13.3951902 52.5781195, 13.3950206 52.5779682, 13.3945413 52.5775407))",0311,Pankow,Niederschönhausen,OSM,OSM_SCHOOLS,,OSM_SCHOOLS,way:60706747,,,,,,,,,,,,,,,,,,,,,,,,,True,52.57804118684835,13.393924815759897,True,True
60706751,11003003,Hasengrund-Schule (Grundschule),52.57800583277528,13.394435822384716,"POLYGON ((13.3940887 52.5777701, 13.3944563 52.57809, 13.3943824 52.5781214, 13.3945001 52.5782238, 13.3945705 52.5781939, 13.3946427 52.5782567, 13.3947711 52.5782022, 13.3946664 52.5781111, 13.3942136 52.5777171, 13.3940887 52.5777701))",0311,Pankow,Niederschönhausen,OSM,OSM_SCHOOLS,03G28b,OSM_SCHOOLS,way:60706751,Hasengrund-Schule (Grundschule),,,,,,,,,,"Hermann-Hesse-Straße 48-52, 13156 Berlin",Hermann-Hesse-Straße,48-52,13156,Berlin,,,,,,,,,,True,52.57800583277528,13.394435822384716,True,True
61893167,11007007,Finow-Grundschule,52.49813351562422,13.343421386816003,"POLYGON ((13.3423836 52.498677, 13.3422259 52.4980925, 13.3421872 52.4979488, 13.343268 52.4978203, 13.3436816 52.4977646, 13.3436556 52.4976683, 13.3443413 52.4975845, 13.3445584 52.4975553, 13.3447169 52.4981304, 13.3440007 52.498203, 13.3440887 52.4985131, 13.3436409 52.4985541, 13.3435588 52.4985617, 13.3434013 52.4985761, 13.3429026 52.4986256, 13.3423836 52.498677))",0701,Tempelhof-Schöneberg,Schöneberg,OSM,OSM_SCHOOLS,07G02,OSM_SCHOOLS,way:61893167,Finow-Grundschule,,,,,,,,,,"Welserstraße 16 -22, 10777 Berlin",Welserstraße,16 -22,10777,Berlin,Bezirksamt Tempelhof-Schöneberg von Berlin,,,,,,https://www.finow-gs.de,,,True,52.49813351562422,13.343421386816003,True,True
64328538,11010010,Oscar-Tietz-Schule,52.53004339412694,13.532547341644932,"POLYGON ((13.5314918 52.5304862, 13.5319246 52.5292932, 13.5336325 52.5295201, 13.5332018 52.5307006, 13.5331859 52.5307227, 13.5331596 52.530742, 13.5331359 52.5307569, 13.5331016 52.5307677, 13.533069 52.5307745, 13.533013 52.5307774, 13.5315823 52.5305909, 13.5315435 52.5305568, 13.5315381 52.5304923, 13.5314918 52.5304862))",1001,Marzahn-Hellersdorf,Marzahn,OSM,OSM_SCHOOLS,10B01,OSM_SCHOOLS,way:64328538,Oscar-Tietz-Schule,,,,,,,,,,,,,,,,,,,,,,,,True,52.53004339412694,13.532547341644932,True,True
64359029,11010010,Schule am Rosenhain,52.52912691665551,13.603141486595918,"POLYGON ((13.604668 52.5284456, 13.603136 52.5286687, 13.6030811 52.5286768, 13.6021322 52.5288176, 13.6013586 52.5289315, 13.6015263 52.5292061, 13.6015787 52.5292918, 13.6016049 52.5293344, 13.6019498 52.5298957, 13.602171 52.5298443, 13.6036445 52.5295041, 13.6044234 52.5293241, 13.6043933 52.5292663, 13.6045443 52.5292314, 13.6045545 52.5292473, 13.6049376 52.5291586, 13.6048449 52.5290083, 13.6049137 52.5289926, 13.6048613 52.5289083, 13.6047867 52.5287837, 13.604766 52.5287248, 13.604668 52.5284456))",1005,Marzahn-Hellersdorf,Hellersdorf,OSM,OSM_SCHOOLS,10S07,OSM_SCHOOLS,way:64359029,Schule am Rosenhain,,,,,,,,,,,,,,,,,,,,,,,,True,52.52912691665551,13.603141486595918,True,True
66528046,11008008,Hans-Fallada-Schule,52.48397881705723,13.452831678027882,"POLYGON ((13.4515414 52.4838186, 13.4522389 52.4843492, 13.4529293 52.4848712, 13.4529874 52.484841, 13.45311 52.4847808, 13.4531611 52.4847557, 13.4533892 52.4846437, 13.4534309 52.4846233, 13.4535539 52.4845629, 13.4537655 52.4844568, 13.4534376 52.4842118, 13.4540085 52.4839242, 13.4529001 52.4831294, 13.4515414 52.4838186))",0801,Neukölln,Neukölln,OSM,OSM_SCHOOLS,"08G03, 08S06",OSM_SCHOOLS,way:66528046,Hans-Fallada-Schule,,,,,,,,,,"Harzer Straße 73-74, 12059 Berlin",Harzer Straße,73-74,12059,Berlin,Land Berlin,,,,,,,,,True,52.48397881705723,13.452831678027882,True,True
68294847,11004004,,52.53827437924006,13.288077205790234,"POLYGON ((13.2869278 52.5379809, 13.2869662 52.5368297, 13.2868996 52.536729, 13.2869008 52.5366044, 13.2889619 52.5366195, 13.2893189 52.5382331, 13.2893411 52.5383255, 13.289543 52.5391523, 13.2890281 52.5391485, 13.2890129 52.5391484, 13.2889826 52.5398435, 13.2881743 52.5399313, 13.2872441 52.5400324, 13.2871974 52.540031, 13.2871706 52.5400261, 13.2871478 52.5400167, 13.2871257 52.5399984, 13.2871152 52.5399765, 13.2869826 52.5394929, 13.2869155 52.539021, 13.2869976 52.538927, 13.287009 52.538701, 13.2870128 52.5383339, 13.2869278 52.5379809))",0406,Charlottenburg-Wilmersdorf,Charlottenburg-Nord,OSM,OSM_SCHOOLS,,OSM_SCHOOLS,way:68294847,,,,,,,,,,,,,,,,,,,,,,,,,True,52.53827437924006,13.288077205790234,True,True
68804388,11003003,Heinrich-Roller-Grundschule,52.53103600343616,13.424089809381332,"POLYGON ((13.4238559 52.5304669, 13.4238904 52.5305019, 13.4239947 52.5306076, 13.4240754 52.5306895, 13.4243332 52.5309502, 13.424445 52.5310687, 13.424799 52.5314385, 13.4247733 52.5314476, 13.4247054 52.5314707, 13.4246888 52.5314767, 13.4246093 52.5315038, 13.4245221 52.5315338, 13.4244249 52.5315673, 13.4243219 52.5316027, 13.424166 52.5314494, 13.4237888 52.531057, 13.4236738 52.5309396, 13.4235766 52.5308401, 13.4235157 52.5307773, 13.4234817 52.5307429, 13.4234033 52.5306622, 13.4233791 52.5306379, 13.4238559 52.5304669))",0301,Pankow,Prenzlauer Berg,OSM,OSM_SCHOOLS,03G02,OSM_SCHOOLS,way:68804388,Heinrich-Roller-Grundschule,,,,,,,,,,"Heinrich-Roller-Straße 18, 10405 Berlin",Heinrich-Roller-Straße,18,10405,Berlin,,,,,,,,,,True,52.53103600343616,13.424089809381332,True,True
69162079,11012012,Lauterbach-Grundschule,52.60391509394947,13.359261116048113,"POLYGON ((13.3601879 52.6029868, 13.3581844 52.6028939, 13.3580314 52.6031189, 13.3578107 52.6033767, 13.3587549 52.603426, 13.3586777 52.6039678, 13.35867 52.6040248, 13.3589039 52.6040372, 13.3587696 52.6049847, 13.3587356 52.6052217, 13.3597432 52.6052739, 13.359946 52.6041769, 13.3599984 52.6041749, 13.3601879 52.6029868))",1210,Reinickendorf,Märkisches Viertel,OSM,OSM_SCHOOLS,"12G33, 12S02",OSM_SCHOOLS,way:69162079,Lauterbach-Grundschule,,,,,,,,,,,,,,,,,,,+4930 402 10 88,info@lauterbach-grundschule.de,http://www.lauterbach-grundschule.de/,,,True,52.60391509394947,13.359261116048113,True,True
71080589,11010010,Otto-Nagel-Gymnasium,52.51210500670981,13.54930472107629,"POLYGON ((13.5491247 52.512664, 13.5490799 52.5123349, 13.549038 52.5123362, 13.5487882 52.5123438, 13.5487728 52.5122543, 13.548481 52.512266, 13.5478724 52.5122886, 13.547832 52.5119561, 13.5478675 52.5119344, 13.547869 52.511916, 13.5478698 52.5119057, 13.5479516 52.5118767, 13.5482562 52.51186, 13.5486838 52.5118365, 13.5490046 52.5118203, 13.5501083 52.5117661, 13.5501176 52.5117669, 13.5501356 52.5117524, 13.5503749 52.5116986, 13.5506991 52.5115874, 13.5507529 52.5116563, 13.5504717 52.5119795, 13.5504118 52.5120455, 13.5502875 52.5121823, 13.5502397 52.512221, 13.5501748 52.5122664, 13.5501671 52.5122724, 13.5501577 52.512279, 13.5501381 52.5122928, 13.5499137 52.5124486, 13.549881 52.5124713, 13.5498604 52.5124856, 13.5497613 52.5125544, 13.5496416 52.5126375, 13.5492393 52.5126581, 13.5492143 52.5126594, 13.5491863 52.5126608, 13.5491247 52.512664))",1002,Marzahn-Hellersdorf,Biesdorf,OSM,OSM_SCHOOLS,10Y02,OSM_SCHOOLS,way:71080589,Otto-Nagel-Gymnasium,,,,,,,,,,"Schulstraße 11, 12683 Berlin",Schulstraße,11,12683,Berlin,,,,,,,,,,True,52.51210500670981,13.54930472107629,True,True
71423463,11011011,Grundschule am Faulen See,52.55214158685699,13.497765050123924,"POLYGON ((13.4989226 52.5523898, 13.4978906 52.5526264, 13.4979593 52.5527439, 13.4978392 52.552771, 13.4973093 52.5528883, 13.496734 52.5517773, 13.4981888 52.5514522, 13.4986086 52.5520311, 13.4989226 52.5523898))",1110,Lichtenberg,Alt-Hohenschönhausen,OSM,OSM_SCHOOLS,11G21,OSM_SCHOOLS,way:71423463,Grundschule am Faulen See,,,,,,,,,,,,,,,,,,,,,,,,True,52.55214158685699,13.497765050123924,True,True
72608444,11009009,Friedrichshagener Grundschule,52.45454862527592,13.62231128883049,"POLYGON ((13.6213009 52.4549273, 13.6212025 52.4541412, 13.6225081 52.454088, 13.6225277 52.4542575, 13.6226104 52.4542538, 13.6226254 52.4543572, 13.6226448 52.4544915, 13.6226584 52.4545723, 13.6232096 52.4545433, 13.6231941 52.4544384, 13.6238145 52.4544088, 13.6238623 52.4548099, 13.6236289 52.4548197, 13.6235535 52.4548222, 13.6222601 52.4548753, 13.6222616 52.4548885, 13.6213009 52.4549273))",0911,Treptow-Köpenick,Friedrichshagen,OSM,OSM_SCHOOLS,09G27,OSM_SCHOOLS,way:72608444,Friedrichshagener Grundschule,,,,,,,,,,"Peter-Hille-Straße 7, 12587 Berlin",Peter-Hille-Straße,7,12587,Berlin,,,,,+49 30 6455411,,http://www.friedrichshagener-grundschule.cidsnet.de/,,,True,52.45454862527592,13.62231128883049,True,True
73858905,,Panke Schule,52.57888479481919,13.417386034547107,"POLYGON ((13.4187609 52.5787712, 13.4187046 52.5791249, 13.4185407 52.5791114, 13.417215 52.5790578, 13.4165675 52.5790572, 13.4164013 52.5790634, 13.4161459 52.5791059, 13.4161479 52.5786216, 13.4187609 52.5787712))",,,,OSM,OSM_SCHOOLS,03S08,OSM_SCHOOLS,way:73858905,Panke Schule,,,,,,,,,,,,,,,,,,,,,,,,True,52.57888479481919,13.417386034547107,False,False
74209888,11011011,Robinson-Schule,52.50961507398312,13.501609101356426,"POLYGON ((13.502924 52.5092144, 13.5031579 52.5094882, 13.5030323 52.5095156, 13.5029553 52.5095316, 13.502737 52.5095775, 13.5012391 52.5098951, 13.5011699 52.5099095, 13.5009554 52.5099542, 13.5006656 52.510017, 13.5004751 52.5100565, 13.5004034 52.5099725, 13.5003336 52.5098909, 13.5003073 52.5098601, 13.5002187 52.5097565, 13.5001453 52.5096706, 13.5003285 52.5096391, 13.5007315 52.5095703, 13.5027085 52.5092306, 13.5029071 52.5091964, 13.502924 52.5092144))",1112,Lichtenberg,Rummelsburg,OSM,OSM_SCHOOLS,11G08,OSM_SCHOOLS,way:74209888,Robinson-Schule,,,,,,,,,,"Wönnichstraße 7, 10317 Berlin",Wönnichstraße,7,10317,Berlin,,,,,,info@robinsonschule-berlin.de,,,,True,52.50961507398312,13.501609101356426,True,True
74399560,11011011,Mildred-Harnack-Schule,52.51094349693207,13.480835617467351,"POLYGON ((13.4808043 52.5116559, 13.4809132 52.5116435, 13.4809024 52.5115686, 13.4820962 52.5111802, 13.4820076 52.5110802, 13.4819868 52.5110568, 13.4819185 52.510981, 13.4817421 52.5107854, 13.4812341 52.5102134, 13.4795575 52.5107486, 13.4801926 52.5115151, 13.4805747 52.5113899, 13.4808043 52.5116559))",1103,Lichtenberg,Lichtenberg,OSM,OSM_SCHOOLS,11K02,OSM_SCHOOLS,way:74399560,Mildred-Harnack-Schule,,,,,,,,,,"Schulze-Boysen-Straße 12, 10365 Berlin",Schulze-Boysen-Straße,12,10365,Berlin,Bezirksamt Lichtenberg von Berlin,,,,,,,,,True,52.51094349693207,13.480835617467351,True,True
74481226,11012012,Grundschule in den Rollbergen,52.609683629760156,13.337586540162446,"POLYGON ((13.3380218 52.6089767, 13.337412 52.6092471, 13.3365914 52.6092506, 13.336574 52.6098171, 13.3368147 52.6099133, 13.3367101 52.6101321, 13.3378693 52.61038, 13.3387502 52.6095451, 13.338655 52.6094916, 13.3385221 52.6093931, 13.3380218 52.6089767))",1207,Reinickendorf,Waidmannslust,OSM,OSM_SCHOOLS,12G28,OSM_SCHOOLS,way:74481226,Grundschule in den Rollbergen,,,,,,,,,,,,,,,,,,,+4930 402 30 59,rollberge@web.de,http://www.rollberge.de,,,True,52.609683629760156,13.337586540162446,True,True
74588478,11012012,Viktor-Gollancz-Grundschule,52.63841840218743,13.28803568836657,"POLYGON ((13.287081 52.6388955, 13.2872357 52.6385631, 13.2873647 52.6383225, 13.287514 52.6380785, 13.2876138 52.6379292, 13.287718 52.6377809, 13.2880561 52.6378439, 13.2883711 52.6378909, 13.2887249 52.6379355, 13.2890767 52.6379718, 13.2890361 52.6381192, 13.288275 52.6389823, 13.2882471 52.6390852, 13.287081 52.6388955))",1205,Reinickendorf,Frohnau,OSM,OSM_SCHOOLS,12G23,OSM_SCHOOLS,way:74588478,Viktor-Gollancz-Grundschule,,,,,,,,,,,,,,,,,,,+4930 4014659,schule@gollancz.de,https://victor-gollancz-grundschule.de/,,,True,52.63841840218743,13.28803568836657,True,True
75490315,11011011,Schule am Fennpfuhl,52.52385419676224,13.476255754666115,"POLYGON ((13.4752991 52.523906, 13.4752993 52.5242379, 13.4754735 52.5242333, 13.4770077 52.5242132, 13.477072 52.5241758, 13.4770904 52.523484, 13.4770446 52.523449, 13.475549 52.5234665, 13.4755486 52.5235049, 13.4755539 52.5239078, 13.4752991 52.523906))",1111,Lichtenberg,Fennpfuhl,OSM,OSM_SCHOOLS,11S02,OSM_SCHOOLS,way:75490315,Schule am Fennpfuhl,,,,,,,,,,"Alfred-Jung-Straße 19, 10369 Berlin",Alfred-Jung-Straße,19,10369,Berlin,,,,,,,,,,True,52.52385419676224,13.476255754666115,True,True
75619322,11003003,Grundschule im Blumenviertel,52.53531662017182,13.457252635142725,"POLYGON ((13.4561807 52.535598, 13.4580711 52.5356635, 13.4581385 52.5349898, 13.456731 52.534946, 13.4561563 52.5355312, 13.4561807 52.535598))",0301,Pankow,Prenzlauer Berg,OSM,OSM_SCHOOLS,03G38,OSM_SCHOOLS,way:75619322,Grundschule im Blumenviertel,,,,,,,,,,"Syringenplatz 20, 10407 Berlin",Syringenplatz,20,10407,Berlin,,,,,,,,,,True,52.53531662017182,13.457252635142725,True,True
75687675,11003003,Grundschule am Kollwitzplatz,52.53761050066755,13.414316258858898,"POLYGON ((13.4144368 52.5378533, 13.4145263 52.5378689, 13.4146338 52.5378877, 13.4147388 52.5379061, 13.414826 52.5379213, 13.414816 52.5379494, 13.4149234 52.5379692, 13.4151185 52.5380052, 13.4151373 52.5379571, 13.4151854 52.5378338, 13.415357 52.5373943, 13.4153813 52.5373321, 13.415383 52.5373278, 13.4143998 52.5371828, 13.4139362 52.5371176, 13.4138786 52.5371973, 13.413655 52.537166, 13.4135132 52.5371449, 13.4134886 52.5375299, 13.4133796 52.5377674, 13.4136601 52.5378156, 13.4135987 52.5379526, 13.4135442 52.5380679, 13.4140888 52.5381647, 13.4141147 52.5381694, 13.4142912 52.5382015, 13.4143494 52.5380623, 13.4144368 52.5378533))",0301,Pankow,Prenzlauer Berg,OSM,OSM_SCHOOLS,03G03,OSM_SCHOOLS,way:75687675,Grundschule am Kollwitzplatz,,,,,,,,,,"Knaackstraße 67, 10435 Berlin",Knaackstraße,67,10435,Berlin,,,,,,,,,,True,52.53761050066755,13.414316258858898,True,True
75688663,11003003,Wilhelm-von-Humboldt-Gemeinschaftsschule,52.5486711746904,13.424429430367484,"POLYGON ((13.4251243 52.5488909, 13.4251467 52.5488835, 13.4253524 52.5488151, 13.4253768 52.548807, 13.4252963 52.5487148, 13.4252884 52.5487062, 13.4252425 52.548659, 13.4253223 52.5486315, 13.4254158 52.5485991, 13.4254971 52.5485695, 13.425449 52.54852, 13.4252155 52.5482737, 13.4251433 52.5481968, 13.4250611 52.5482279, 13.4248937 52.5482879, 13.4247893 52.5483254, 13.4247404 52.5483429, 13.4246337 52.5483811, 13.4244663 52.5484412, 13.4240073 52.5486002, 13.4237215 52.5483385, 13.4234074 52.5484621, 13.4233533 52.5484843, 13.423205 52.5485468, 13.423766 52.5490415, 13.4239658 52.5489596, 13.4241854 52.5488696, 13.4244241 52.5491297, 13.4244823 52.5491092, 13.4250194 52.5489269, 13.4251243 52.5488909))",0301,Pankow,Prenzlauer Berg,OSM,OSM_SCHOOLS,03K11,OSM_SCHOOLS,way:75688663,Wilhelm-von-Humboldt-Gemeinschaftsschule,,,,,,,,,,"Erich-Weinert-Straße 70, 10439 Berlin",Erich-Weinert-Straße,70,10439,Berlin,Bezirksamt Pankow von Berlin,,,,,sekretariat@wvh-gemeinschaftsschule.de,https://wvh-gemeinschaftsschule.de,,,True,52.5486711746904,13.424429430367484,True,True
76234507,11012012,"Montessori Campus am Tegeler Forst - Sekundarstufe I, Filiale Alt-Heiligensee",52.60888648885336,13.214467059024622,"POLYGON ((13.2144197 52.6089938, 13.2143221 52.6088192, 13.2144621 52.6087901, 13.2144985 52.608855, 13.2146291 52.6088277, 13.2146543 52.6088724, 13.2145235 52.6088996, 13.2145598 52.6089646, 13.2144197 52.6089938))",1204,Reinickendorf,Heiligensee,OSM,OSM_SCHOOLS,,OSM_SCHOOLS,way:76234507,"Montessori Campus am Tegeler Forst - Sekundarstufe I, Filiale Alt-Heiligensee",,,,,,,,,,"Alt-Heiligensee 29, 13503 Berlin",Alt-Heiligensee,29,13503,Berlin,Montessori Campus am Tegeler Forst,,,,,,,,,True,52.60888648885336,13.214467059024622,True,True
76240377,11012012,Grundschule an der Peckwisch,52.59264456973933,13.347810322268217,"POLYGON ((13.3487592 52.593573, 13.347709 52.593739, 13.3469637 52.5919423, 13.347065 52.5915045, 13.3473103 52.5915325, 13.3475674 52.5915996, 13.3478539 52.5917012, 13.3480289 52.5918336, 13.3481426 52.5920771, 13.348235 52.5922597, 13.3487592 52.593573))",1210,Reinickendorf,Märkisches Viertel,OSM,OSM_SCHOOLS,12G09,OSM_SCHOOLS,way:76240377,Grundschule an der Peckwisch,,,,,,,,,,,,,,,,,,,+4930 41508006,sekretariat@peckwisch.de,https://www.peckwisch.de/,,,True,52.59264456973933,13.347810322268217,True,True
77066493,11003003,Kurt-Tucholsky-Oberschule,52.559208981151855,13.423040291532,"POLYGON ((13.4230327 52.5594498, 13.4230151 52.5595177, 13.422867 52.5595046, 13.4230222 52.5589177, 13.4231667 52.5589315, 13.4231476 52.5590055, 13.4232397 52.5590153, 13.4232239 52.5590691, 13.4232679 52.5590742, 13.4232645 52.5590878, 13.4232616 52.5590996, 13.4232162 52.5590952, 13.4232015 52.559145, 13.4231137 52.5591364, 13.4230493 52.5593854, 13.4231119 52.5593903, 13.4231069 52.5594131, 13.4230977 52.5594546, 13.4230327 52.5594498))",0307,Pankow,Pankow,OSM,OSM_SCHOOLS,,OSM_SCHOOLS,way:77066493,Kurt-Tucholsky-Oberschule,,,,,,,,,,"Neumannstraße 11, 13189 Berlin",Neumannstraße,11,13189,Berlin,,,,,,,,,,True,52.559208981151855,13.423040291532,True,True
80279966,11012012,Renée-Sintenis-Grundschule,52.637266558242835,13.272160710965208,"POLYGON ((13.2725518 52.6364356, 13.2726347 52.636545, 13.2727051 52.6366282, 13.2727923 52.6367159, 13.2728778 52.6367942, 13.272934 52.6368402, 13.2730454 52.6369265, 13.2732066 52.6370324, 13.2733341 52.6371062, 13.2735065 52.6371928, 13.2730991 52.6375146, 13.2721128 52.6379978, 13.2720257 52.638058, 13.2714546 52.6377924, 13.2713749 52.6377552, 13.2713128 52.6377262, 13.2707683 52.6374726, 13.2716055 52.6368612, 13.2719951 52.6365762, 13.2725518 52.6364356))",1205,Reinickendorf,Frohnau,OSM,OSM_SCHOOLS,12G24,OSM_SCHOOLS,way:80279966,Renée-Sintenis-Grundschule,,,,,,,,,,"Laurinsteig 39-45, 13465 Berlin",Laurinsteig,39-45,13465,Berlin,,,,,+49 30 406059 10,Renee.Sintenis@t-online.de,https://www.renee-sintenis-grundschule.de,,,True,52.637266558242835,13.272160710965208,True,True
82121174,11008008,Rose-Oehmichen Grundschule,52.4005688915017,13.501803221374512,"POLYGON ((13.5009501 52.39967, 13.5008706 52.4003914, 13.5008424 52.4006519, 13.5008347 52.4007328, 13.5014702 52.4009773, 13.5015287 52.4009187, 13.5016577 52.4009691, 13.5022291 52.4011905, 13.5021747 52.4012472, 13.502662 52.4014329, 13.5027232 52.4013738, 13.5026695 52.4013534, 13.5027023 52.401324, 13.5027534 52.4013433, 13.5028211 52.4012791, 13.5028673 52.4012966, 13.5031373 52.4010309, 13.5022267 52.4006786, 13.5026162 52.4003119, 13.5009501 52.39967))",0804,Neukölln,Rudow,OSM,OSM_SCHOOLS,08G37,OSM_SCHOOLS,way:82121174,Rose-Oehmichen Grundschule,,,,,,,,,,"Lieselotte-Berger-Straße 65, 12355 Berlin",Lieselotte-Berger-Straße,65,12355,Berlin,,,,,+4930 669 88 10,berlin.08g37@t-online.de,http://www.rog.cidsnet.de/,,,True,52.4005688915017,13.501803221374512,True,True
82265834,11002002,Robert-Koch-Oberschule,52.49304619231601,13.415745204018801,"POLYGON ((13.4155948 52.4931262, 13.41555 52.4931376, 13.4155415 52.4931249, 13.415477 52.4931411, 13.4155087 52.4931864, 13.4154041 52.493213, 13.4153655 52.4931564, 13.4153129 52.493078, 13.4154842 52.4930356, 13.4154807 52.49303, 13.4155066 52.4930234, 13.4155325 52.4930168, 13.4155349 52.4930214, 13.4155766 52.4930099, 13.4155746 52.4930066, 13.4158209 52.4929428, 13.4158248 52.4929488, 13.4158698 52.4929378, 13.4158667 52.4929322, 13.4158919 52.4929259, 13.4159158 52.4929199, 13.4159186 52.4929245, 13.4160895 52.4928831, 13.4161448 52.4929644, 13.416179 52.4930156, 13.4160722 52.4930436, 13.41604 52.4929994, 13.4159778 52.4930145, 13.4159877 52.4930272, 13.4159391 52.4930404, 13.4159737 52.4930863, 13.4156283 52.4931748, 13.4155948 52.4931262))",0202,Friedrichshain-Kreuzberg,Kreuzberg,OSM,OSM_SCHOOLS,02Y07,OSM_SCHOOLS,way:82265834,Robert-Koch-Oberschule,,,,,,,,,,"Dieffenbachstraße 60, 10967 Berlin",Dieffenbachstraße,60,10967,Berlin,,,,,,,,,,True,52.49304619231601,13.415745204018801,True,True
82391174,11002002,Lemgo-Grundschule - Filialstandort,52.49170511962218,13.415588399203111,"POLYGON ((13.4155562 52.491803, 13.4154843 52.4917108, 13.4154978 52.491707, 13.4154524 52.4916496, 13.4154592 52.4916472, 13.4154622 52.4916499, 13.415523 52.4916338, 13.4155197 52.4916298, 13.4155273 52.491628, 13.4155342 52.4916383, 13.4155847 52.4916289, 13.4155822 52.4916216, 13.4155992 52.4916192, 13.4156057 52.4916316, 13.4156738 52.4916222, 13.4156731 52.4916185, 13.4156796 52.4916179, 13.4156929 52.4916863, 13.4156407 52.4916982, 13.415663 52.4917517, 13.415714 52.4917452, 13.4157217 52.4917718, 13.415641 52.4917859, 13.4156381 52.4917815, 13.4155562 52.491803))",0202,Friedrichshain-Kreuzberg,Kreuzberg,OSM,OSM_SCHOOLS,02G26b,OSM_SCHOOLS,way:82391174,Lemgo-Grundschule - Filialstandort,,,,,,,,,,"Müllenhoffstraße 7, 10967 Berlin",Müllenhoffstraße,7,10967,Berlin,,,,,,,,,,True,52.49170511962218,13.415588399203111,True,True
82823848,11006006,Dreilindenschule,52.42011281674762,13.186927349931437,"POLYGON ((13.1852894 52.4194819, 13.1851758 52.420058, 13.1850764 52.4204662, 13.1885539 52.4207456, 13.1887718 52.4197557, 13.1867043 52.4195941, 13.1852894 52.4194819))",0606,Steglitz-Zehlendorf,Nikolassee,OSM,OSM_SCHOOLS,,OSM_SCHOOLS,way:82823848,Dreilindenschule,,,,,,,,,,,,,,,,,,,,,,,,True,52.42011281674762,13.186927349931437,True,True
83020777,11008008,Elbe-Grundschule,52.484075126237016,13.441291209076919,"POLYGON ((13.4418508 52.4842938, 13.441806 52.4842596, 13.4417497 52.4842166, 13.4416013 52.4841067, 13.4415506 52.4840681, 13.4410902 52.4842927, 13.4409319 52.48437, 13.4408373 52.4844176, 13.4408022 52.4844359, 13.4406339 52.4845185, 13.4404819 52.4844031, 13.4403408 52.484296, 13.4402088 52.4841957, 13.4404784 52.484063, 13.4405355 52.4840349, 13.4406952 52.4839563, 13.4407134 52.4839473, 13.4408092 52.4839002, 13.4409076 52.4838517, 13.4409195 52.4838459, 13.4409882 52.4838121, 13.4411259 52.4837443, 13.4412268 52.483821, 13.4412376 52.4838289, 13.4413831 52.4839338, 13.441752 52.4837517, 13.4418908 52.4838559, 13.4420283 52.483783, 13.4421304 52.4837327, 13.4421812 52.4837708, 13.4422478 52.4838212, 13.4423528 52.4839005, 13.4424439 52.4839697, 13.4424031 52.4839899, 13.4423746 52.4840041, 13.4423461 52.4840183, 13.4423705 52.4840372, 13.4423221 52.484061, 13.4419542 52.4842416, 13.4419277 52.4842549, 13.4419076 52.484265, 13.4418508 52.4842938))",0801,Neukölln,Neukölln,OSM,OSM_SCHOOLS,08G05,OSM_SCHOOLS,way:83020777,Elbe-Grundschule,,,,,,,,,,"Elbestraße 11-12, 12045 Berlin",Elbestraße,11-12,12045,Berlin,,,,,,,,,,True,52.484075126237016,13.441291209076919,True,True
83092696,11002002,Bürgermeister-Herz-Grundschule,52.494389884351406,13.405352074157893,"POLYGON ((13.4050245 52.4948818, 13.4048827 52.4946991, 13.4048803 52.4946997, 13.404821 52.4946243, 13.4047939 52.4945886, 13.404964 52.4945388, 13.4048981 52.4944545, 13.4048964 52.4944546, 13.4048737 52.4944255, 13.4048754 52.4944252, 13.40487 52.4944182, 13.404917 52.4944044, 13.4048852 52.4943642, 13.4048887 52.4943631, 13.4048477 52.4943112, 13.404844 52.4943123, 13.4048056 52.4942729, 13.4048044 52.4942732, 13.4047965 52.4942524, 13.4047412 52.4942614, 13.4046857 52.4941353, 13.4046755 52.4941121, 13.4046984 52.4941084, 13.4048016 52.4940915, 13.4049329 52.4940699, 13.4052209 52.4940228, 13.4054749 52.4939814, 13.4056121 52.4940218, 13.4058 52.4942765, 13.4059295 52.4942414, 13.40598 52.4942275, 13.4061312 52.4941899, 13.406146 52.4942102, 13.4061568 52.4942071, 13.4061827 52.4942291, 13.4062007 52.4942541, 13.4062101 52.4942806, 13.4061987 52.4942837, 13.4062134 52.4943038, 13.4062167 52.4943029, 13.4062183 52.4943051, 13.4058816 52.4943954, 13.4059204 52.494449, 13.4059455 52.4944844, 13.4059991 52.4945586, 13.4058334 52.4946035, 13.4057675 52.494621, 13.4056674 52.4946482, 13.4054841 52.4946975, 13.4054114 52.4947171, 13.4053052 52.4947457, 13.4052341 52.4947648, 13.4052686 52.4948577, 13.4051077 52.4948798, 13.4051053 52.4948722, 13.4050245 52.4948818))",0202,Friedrichshain-Kreuzberg,Kreuzberg,OSM,OSM_SCHOOLS,02G20,OSM_SCHOOLS,way:83092696,Bürgermeister-Herz-Grundschule,,,,,,,,,,"Wilmsstraße 10, 10961 Berlin",Wilmsstraße,10,10961,Berlin,Bezirksamt Friedrichshain-Kreuzberg von Berlin,,,,+49 30 3198702211,sekretariat@bmh.schule.berlin.de,,,,True,52.494389884351406,13.405352074157893,True,True
87272733,11012012,Carl-Benz-Oberschule,52.61560951093796,13.29824182076942,"POLYGON ((13.2971702 52.6157589, 13.2972094 52.6157992, 13.2973287 52.6158111, 13.2974319 52.6158351, 13.2975287 52.6158689, 13.2976072 52.6159071, 13.2977019 52.6159706, 13.2977871 52.6160505, 13.2979102 52.6162124, 13.2982243 52.6164711, 13.2992742 52.616048, 13.2992383 52.6159957, 13.2996807 52.6158834, 13.2996569 52.6155793, 13.2993153 52.6152481, 13.2986173 52.6151066, 13.2982312 52.6150882, 13.2978151 52.6149554, 13.2976574 52.6148638, 13.2968302 52.615192, 13.2968608 52.6157116, 13.2971702 52.6157589))",1206,Reinickendorf,Hermsdorf,OSM,OSM_SCHOOLS,12K09,OSM_SCHOOLS,way:87272733,Carl-Benz-Oberschule,,,,,,,,,,"Heidenheimer Straße 53-54, 13467 Berlin",Heidenheimer Straße,53-54,13467,Berlin,,,,,,,,,,True,52.61560951093796,13.29824182076942,True,True
87533889,11006006,Alt-Lankwitzer Grundschule,52.437209400512856,13.352210300764979,"POLYGON ((13.3519104 52.4374887, 13.3520071 52.4373563, 13.350939 52.4370597, 13.3515859 52.4364557, 13.3515199 52.4364033, 13.3517967 52.4363194, 13.3521449 52.4362141, 13.3526321 52.4368149, 13.3522046 52.4369436, 13.3523663 52.4370784, 13.3527509 52.4369638, 13.3532562 52.4375921, 13.3530895 52.4376843, 13.3529924 52.4377455, 13.3529847 52.4377503, 13.3531502 52.4378051, 13.3533317 52.4378984, 13.3533613 52.4379195, 13.3531402 52.4380227, 13.3529698 52.4381042, 13.352812 52.4381791, 13.3526223 52.438048, 13.3526291 52.4380455, 13.3524655 52.4380046, 13.3521945 52.4378576, 13.3516187 52.437693, 13.351794 52.4374552, 13.3519104 52.4374887))",0603,Steglitz-Zehlendorf,Lankwitz,OSM,OSM_SCHOOLS,06G20,OSM_SCHOOLS,way:87533889,Alt-Lankwitzer Grundschule,,,,,,,,,,"Schulstraße 17-21, 12247 Berlin",Schulstraße,17-21,12247,Berlin,Bezirksamt Steglitz-Zehlendorf,,,,,,,,,True,52.437209400512856,13.352210300764979,True,True
87983303,11003003,Grundschule Wilhelmsruh,52.59070759356972,13.364407855638282,"POLYGON ((13.3650503 52.5901657, 13.3654703 52.5911907, 13.3641829 52.5913567, 13.3639637 52.5911049, 13.3634442 52.5910411, 13.3635823 52.590088, 13.3650503 52.5901657))",0313,Pankow,Wilhelmsruh,OSM,OSM_SCHOOLS,03G43,OSM_SCHOOLS,way:87983303,Grundschule Wilhelmsruh,,,,,,,,,,"Lessingstraße 44, 13158 Berlin",Lessingstraße,44,13158,Berlin,Bezirksamt Pankow von Berlin Amt für Schule und Sport Fröbelstraße 17 / Haus 9 10405 Berlin,,,,,sekretariat@grundschule-wilhelmsruh.de,https://grundschule-wilhelmsruh.de/,,,True,52.59070759356972,13.364407855638282,True,True
92033608,11006006,,52.40792341270946,13.250045789220517,"POLYGON ((13.2503174 52.4082869, 13.2496399 52.4082288, 13.2497758 52.4075627, 13.250448 52.4076128, 13.2503174 52.4082869))",0604,Steglitz-Zehlendorf,Zehlendorf,OSM,OSM_SCHOOLS,,OSM_SCHOOLS,way:92033608,,,,,,,,,,,,,,,,,,,,,,,,,True,52.40792341270946,13.250045789220517,True,True
93266148,11003003,Käthe-Kollwitz-Gymnasium,52.54599795998439,13.422226894912157,"POLYGON ((13.4225593 52.5457293, 13.4225111 52.5457489, 13.4223526 52.5458176, 13.4222492 52.5458627, 13.4219323 52.5455977, 13.4211599 52.5459426, 13.4215421 52.5462763, 13.4216355 52.5463594, 13.4218125 52.5465169, 13.4219043 52.5465982, 13.4234436 52.5457294, 13.4233944 52.545676, 13.4233631 52.5456388, 13.4232373 52.5454992, 13.4230552 52.5455603, 13.4227407 52.5456645, 13.4227087 52.5456751, 13.4225963 52.545712, 13.4225593 52.5457293))",0301,Pankow,Prenzlauer Berg,OSM,OSM_SCHOOLS,03Y03,OSM_SCHOOLS,way:93266148,Käthe-Kollwitz-Gymnasium,,,,,,,,,,"Dunckerstraße 65/66, 10439 Berlin",Dunckerstraße,65/66,10439,Berlin,,,,,,,,,,True,52.54599795998439,13.422226894912157,True,True
95025102,11004004,,52.51335017170333,13.313203753710052,"POLYGON ((13.3128434 52.5134628, 13.3135048 52.5135087, 13.3135323 52.5133615, 13.3135805 52.5133648, 13.313602 52.5132499, 13.3132546 52.5132259, 13.3132573 52.5132113, 13.3131854 52.5132063, 13.3131827 52.5132207, 13.3128405 52.513197, 13.3128286 52.5132604, 13.3128806 52.513264, 13.3128434 52.5134628))",0401,Charlottenburg-Wilmersdorf,Charlottenburg,OSM,OSM_SCHOOLS,,OSM_SCHOOLS,way:95025102,,,,,,,,,,,,,,,,,,,,,,,,,True,52.51335017170333,13.313203753710052,True,True
95264381,11002002,Refik-Veseli-Schule (Integrierte Sekundarschule) - Filiale,52.49630196738151,13.416629382876483,"POLYGON ((13.4168752 52.4964968, 13.4166314 52.4965617, 13.4164411 52.4962944, 13.4163619 52.4961837, 13.4168156 52.4960634, 13.4168852 52.4961519, 13.4165718 52.4962357, 13.4165892 52.4962638, 13.4165988 52.4962613, 13.4167027 52.4964065, 13.4166974 52.4964078, 13.4167157 52.4964346, 13.4168113 52.4964085, 13.4168752 52.4964968))",0202,Friedrichshain-Kreuzberg,Kreuzberg,OSM,OSM_SCHOOLS,02K08b,OSM_SCHOOLS,way:95264381,Refik-Veseli-Schule (Integrierte Sekundarschule) - Filiale,,,,,,,,,,"Fraenkelufer 18, 10999 Berlin",Fraenkelufer,18,10999,Berlin,,,,,,,,,,True,52.49630196738151,13.416629382876483,True,True
95942527,11003003,Robert-Havemann-Gymnasium,52.616169318235336,13.494193598483431,"POLYGON ((13.4944411 52.6170227, 13.4926628 52.61678, 13.4926361 52.6167561, 13.4914342 52.6166026, 13.4914409 52.6165877, 13.4914634 52.6165647, 13.4915049 52.6165435, 13.4916954 52.6164627, 13.493234 52.6158137, 13.4942385 52.6153883, 13.4951001 52.6150255, 13.4954689 52.6153459, 13.4953942 52.6153787, 13.4954202 52.6154015, 13.4954559 52.6154328, 13.4954803 52.6154229, 13.4960228 52.6159005, 13.495998 52.6159098, 13.4960524 52.6159558, 13.4962281 52.6161095, 13.4961988 52.6161218, 13.496215 52.616136, 13.4962659 52.6161145, 13.4962898 52.6161353, 13.4962977 52.6161437, 13.4963547 52.616194, 13.4946987 52.6168927, 13.4947199 52.6169074, 13.4944411 52.6170227))",0305,Pankow,Karow,OSM,OSM_SCHOOLS,03Y16,OSM_SCHOOLS,way:95942527,Robert-Havemann-Gymnasium,,,,,,,,,,,,,,,,,,,+4930 948785 11,info@rhgym.de,https://www.robert-havemann-gymnasium.de/,,,True,52.616169318235336,13.494193598483431,True,True
96135912,11003003,Bötzow Grundschule,52.5349067526169,13.439507465272237,"POLYGON ((13.439665 52.5348786, 13.4397215 52.5349217, 13.4398838 52.5348431, 13.4398287 52.534801, 13.4399261 52.5347538, 13.4398311 52.5346813, 13.4391396 52.5350165, 13.4390904 52.534979, 13.4390336 52.5350066, 13.4390821 52.5350436, 13.4390694 52.5350497, 13.4391632 52.5351213, 13.4392553 52.5350767, 13.4392952 52.5351071, 13.4393762 52.5350678, 13.4393367 52.5350377, 13.439665 52.5348786))",0301,Pankow,Prenzlauer Berg,OSM,OSM_SCHOOLS,,OSM_SCHOOLS,way:96135912,Bötzow Grundschule,,,,,,,,,,"John-Schehr-Straße 38, 10407 Berlin",John-Schehr-Straße,38,10407,Berlin,,,,,,,,,,True,52.5349067526169,13.439507465272237,True,True
96135923,11003003,Bötzow-Grundschule,52.53463791566065,13.439268472348386,"POLYGON ((13.4402845 52.5347057, 13.4391803 52.5352388, 13.4382556 52.5345306, 13.438384 52.5344674, 13.4385197 52.5344043, 13.4385799 52.5343751, 13.4386409 52.5343455, 13.4390086 52.534171, 13.4391069 52.5342405, 13.4392787 52.5341548, 13.4394096 52.5340923, 13.4394398 52.5340796, 13.4402845 52.5347057))",0301,Pankow,Prenzlauer Berg,OSM,OSM_SCHOOLS,03G06,OSM_SCHOOLS,way:96135923,Bötzow-Grundschule,,,,,,,,,,"John-Schehr-Straße 38, 10407 Berlin",John-Schehr-Straße,38,10407,Berlin,,,,,+4930 428510 32,info@boetzow-grundschule.de,https://www.boetzow-grundschule.de/,,,True,52.53463791566065,13.439268472348386,True,True
97062895,11006006,Gartenarbeitsschule Steglitz-Zehlendorf,52.44795336807624,13.322149775047187,"POLYGON ((13.3232018 52.4476339, 13.3220476 52.4486392, 13.3220036 52.4486775, 13.3210908 52.448276, 13.3211322 52.4482406, 13.3223085 52.447225, 13.3223145 52.4472272, 13.3232018 52.4476339))",0601,Steglitz-Zehlendorf,Steglitz,OSM,OSM_SCHOOLS,,OSM_SCHOOLS,way:97062895,Gartenarbeitsschule Steglitz-Zehlendorf,,,,,,,,,,"Haydnstraße 20, 12203 Berlin",Haydnstraße,20,12203,Berlin,,,,,,info@gartensteglitz.de,https://www.gartensteglitz.de/,,,True,52.44795336807624,13.322149775047187,True,True
97242967,11007007,Schätzelberg-Grundschule,52.44836089634191,13.40047500643815,"POLYGON ((13.3999175 52.4489895, 13.4003197 52.4489568, 13.4006192 52.448919, 13.4008928 52.4488758, 13.4012166 52.4488115, 13.4015056 52.44874, 13.401491 52.4486625, 13.4014494 52.4484632, 13.4013973 52.4482114, 13.4010136 52.4482292, 13.4008907 52.4477322, 13.400024 52.4478105, 13.3994866 52.4478599, 13.3995809 52.448304, 13.3997692 52.4482884, 13.3998327 52.448589, 13.3999175 52.4489895))",0704,Tempelhof-Schöneberg,Mariendorf,OSM,OSM_SCHOOLS,07G23,OSM_SCHOOLS,way:97242967,Schätzelberg-Grundschule,,,,,,,,,,"Wolfsburger Weg 13-19, 12109 Berlin",Wolfsburger Weg,13-19,12109,Berlin,Bezirksamt Tempelhof-Schöneberg von Berlin,,,,,,,,,True,52.44836089634191,13.40047500643815,True,True
97264986,11005005,Carl-Friedrich-von-Siemens-Gymnasium,52.54586740405828,13.270512517181759,"POLYGON ((13.2708783 52.545817, 13.2708648 52.545875, 13.2708486 52.5459465, 13.2708411 52.5459708, 13.27013 52.5459123, 13.2701341 52.545848, 13.2701382 52.5458087, 13.2702264 52.5458168, 13.2702368 52.5457831, 13.2702414 52.545765, 13.2705585 52.5457909, 13.2708783 52.545817))",0503,Spandau,Siemensstadt,OSM,OSM_SCHOOLS,05Y04,OSM_SCHOOLS,way:97264986,Carl-Friedrich-von-Siemens-Gymnasium,,,,,,,,,,"Jungfernheideweg 79, 13629 Berlin",Jungfernheideweg,79,13629,Berlin,,,,,,,,,,True,52.54586740405828,13.270512517181759,True,True
98318912,11005005,Ernst-Ludwig-Heim Grundschule,52.53026978266571,13.207389798782227,"POLYGON ((13.2087255 52.5306697, 13.2087078 52.529757, 13.2064572 52.529804, 13.2058242 52.5306235, 13.2057633 52.5306946, 13.2057687 52.5306993, 13.2058376 52.5307582, 13.2087255 52.5306697))",0501,Spandau,Spandau,OSM,OSM_SCHOOLS,05G01,OSM_SCHOOLS,way:98318912,Ernst-Ludwig-Heim Grundschule,,,,,,,,,,"Grunewaldstraße 8, 13597 Berlin",Grunewaldstraße,8,13597,Berlin,,,,,+49 30 3393870,elhg@web.de,http://www.e-l-heim.cidsnet.de/,,,True,52.53026978266571,13.207389798782227,True,True
98573559,11007007,Bruno-H.-Bürgel-Grundschule,52.40452143325768,13.401536900900673,"POLYGON ((13.4028858 52.4043103, 13.4023349 52.4042445, 13.4012247 52.4040181, 13.4011656 52.4041219, 13.4004109 52.4039604, 13.40005 52.4046156, 13.4026108 52.4051529, 13.4028858 52.4043103))",0706,Tempelhof-Schöneberg,Lichtenrade,OSM,OSM_SCHOOLS,07G32,OSM_SCHOOLS,way:98573559,Bruno-H.-Bürgel-Grundschule,,,,,,,,,,"Rackebüller Weg 70, 12305 Berlin",Rackebüller Weg,70,12305,Berlin,Bezirksamt Tempelhof-Schöneberg von Berlin,,,,+49 30 902778250,sekretariat@bhb.schule.berlin.de,https://www.bruno-h-buergel-grundschule.de,,,True,52.40452143325768,13.401536900900673,True,True
98843692,11007007,Grundschule im Taunusviertel,52.40010533014707,13.41978900295843,"POLYGON ((13.4208804 52.399689, 13.4189842 52.3995753, 13.4189456 52.3995853, 13.4189188 52.3996061, 13.4188961 52.3997344, 13.4189231 52.3997544, 13.4189071 52.3998557, 13.4188753 52.3998716, 13.4188663 52.3999284, 13.418894 52.3999484, 13.4188738 52.4000809, 13.4188412 52.4000961, 13.4188294 52.4001605, 13.4188566 52.4001807, 13.418842 52.4002819, 13.4188094 52.4002999, 13.4187945 52.4003953, 13.4188213 52.4004118, 13.4188075 52.4005097, 13.4187817 52.4005159, 13.4187777 52.4005179, 13.4187773 52.4005237, 13.418781 52.4005319, 13.4187898 52.4005404, 13.4188035 52.400548, 13.4188211 52.4005547, 13.418845 52.4005592, 13.4192145 52.400581, 13.4195085 52.4005979, 13.4204351 52.4006501, 13.4204578 52.4006482, 13.4204777 52.400643, 13.4204925 52.4006354, 13.4205023 52.4006237, 13.4209202 52.3997165, 13.4209191 52.3997043, 13.4209078 52.3996956, 13.4208804 52.399689))",0706,Tempelhof-Schöneberg,Lichtenrade,OSM,OSM_SCHOOLS,07G26,OSM_SCHOOLS,way:98843692,Grundschule im Taunusviertel,,,,,,,,,,"Wiesbadener Straße 20, 12309 Berlin",Wiesbadener Straße,20,12309,Berlin,Bezirksamt Tempelhof-Schöneberg von Berlin,,,,+49 30 902778151,sekretariat@taunusviertel.schule.berlin.de,https://www.grundschule-im-taunusviertel.de/,,,True,52.40010533014707,13.41978900295843,True,True
98845896,11008008,Schule am Bienwaldring,52.42156394944615,13.425014553397524,"POLYGON ((13.4240667 52.4210479, 13.4239082 52.4220147, 13.4255336 52.4221106, 13.4256579 52.4220137, 13.4257639 52.4219148, 13.4258622 52.4218154, 13.4263976 52.4212681, 13.4263444 52.4211927, 13.4261504 52.4211748, 13.4240667 52.4210479))",0803,Neukölln,Buckow,OSM,OSM_SCHOOLS,08S07,OSM_SCHOOLS,way:98845896,Schule am Bienwaldring,,,,,,,,,,"Breitunger Weg 1, 12349 Berlin",Breitunger Weg,1,12349,Berlin,Bezirksamt Neukölln von Berlin,,,,+49 30 7430100,sekretariat@08S07.schule.berlin.de,https://www.schule-am-bienwaldring.de,,,True,52.42156394944615,13.425014553397524,True,True
98891322,11007007,Ikarus Grundschule,52.43332900608843,13.384038575399282,"POLYGON ((13.3843993 52.4328341, 13.3829491 52.4329795, 13.3830448 52.4333278, 13.3831839 52.433865, 13.3832651 52.4338914, 13.3839101 52.4338183, 13.3850336 52.4337289, 13.3849463 52.4333734, 13.3849364 52.4333333, 13.3850876 52.4327664, 13.3843993 52.4328341))",0704,Tempelhof-Schöneberg,Mariendorf,OSM,OSM_SCHOOLS,07G37,OSM_SCHOOLS,way:98891322,Ikarus Grundschule,,,,,,,,,,"Körtingstraße 45, 12107 Berlin",Körtingstraße,45,12107,Berlin,Bezirksamt Tempelhof-Schöneberg von Berlin,,,,+49 30 902777459,sekretariat@ikarus.schule.berlin.de,https://ikarus-grundschule.de,,,True,52.43332900608843,13.384038575399282,True,True
98891904,11007007,Grundschule am Dielingsgrund,52.41211287941447,13.408242165423568,"POLYGON ((13.4099858 52.411934, 13.4093278 52.4119271, 13.4087524 52.4119097, 13.4087996 52.4115467, 13.4087387 52.4115431, 13.4079391 52.4114963, 13.4078409 52.4118545, 13.4066561 52.4117327, 13.4063269 52.4123185, 13.407038 52.4124035, 13.4074689 52.4124469, 13.4079576 52.4124836, 13.4080814 52.4124916, 13.4081901 52.4124987, 13.40825 52.4125014, 13.4083894 52.4125085, 13.4088832 52.412527, 13.4093592 52.412537, 13.4100014 52.4125414, 13.4099858 52.411934))",0706,Tempelhof-Schöneberg,Lichtenrade,OSM,OSM_SCHOOLS,07G36,OSM_SCHOOLS,way:98891904,Grundschule am Dielingsgrund,,,,,,,,,,"Dielingsgrund 35, 12305 Berlin",Dielingsgrund,35,12305,Berlin,Bezirksamt Tempelhof-Schöneberg von Berlin,,,,+49 30 902778222,sekretariat@dielingsgrund.com,https://www.dielingsgrund.com/,,,True,52.41211287941447,13.408242165423568,True,True
99169296,,Bornholmer Grundschule,52.55662071002335,13.407528583214388,"POLYGON ((13.4067023 52.5556448, 13.4070476 52.5577847, 13.4081048 52.5577325, 13.4081495 52.556265, 13.4082491 52.5562738, 13.4084084 52.5562755, 13.4084835 52.5562785, 13.4084652 52.5562681, 13.408463 52.5562481, 13.4084526 52.5561527, 13.4084293 52.5559412, 13.4084183 52.5558458, 13.4084113 52.555794, 13.4082551 52.5558, 13.4081556 52.555805, 13.4080017 52.5558109, 13.4078912 52.5558143, 13.4078789 52.5557079, 13.4078659 52.5555904, 13.4078211 52.5555937, 13.4076162 52.5556044, 13.4075703 52.5556062, 13.4067023 52.5556448))",,,,OSM,OSM_SCHOOLS,03G14,OSM_SCHOOLS,way:99169296,Bornholmer Grundschule,,,,,,,,,,"Ibsenstraße 17, 10439 Berlin",Ibsenstraße,17,10439,Berlin,,,,,+4930 4458763,BornholmerGS@t-online.de,https://bornholmer-grundschule.de/,,,True,52.55662071002335,13.407528583214388,False,False
99721415,11007007,Prignitz-Schule,52.46887656073671,13.344762861842037,"POLYGON ((13.3441924 52.4684327, 13.344086 52.4692813, 13.3441955 52.469286, 13.3446872 52.4693076, 13.344683 52.469351, 13.3447992 52.4693559, 13.3451648 52.4693727, 13.3451716 52.4693595, 13.3451864 52.4693409, 13.3452056 52.4693264, 13.3452325 52.4693079, 13.3453123 52.4692572, 13.3454189 52.4684157, 13.3450305 52.4683978, 13.3450258 52.4684291, 13.3448159 52.4684173, 13.3448102 52.4684616, 13.3441924 52.4684327))",0701,Tempelhof-Schöneberg,Schöneberg,OSM,OSM_SCHOOLS,07S01,OSM_SCHOOLS,way:99721415,Prignitz-Schule,,,,,,,,,,"Pöppelmannstraße 2, 12157 Berlin",Pöppelmannstraße,2,12157,Berlin,Bezirksamt Tempelhof-Schöneberg von Berlin,,,,+49 30 902776932,,https://prignitz-schule-berlin.de,,,True,52.46887656073671,13.344762861842037,True,True
99833020,11007007,Paul-Natorp-Gymnasium,52.46961665705443,13.32352018944758,"POLYGON ((13.3225427 52.4697595, 13.3229315 52.4697574, 13.322938 52.4692221, 13.3231098 52.4692213, 13.323237 52.4692206, 13.3235008 52.4692195, 13.3235163 52.4692193, 13.3239201 52.4689691, 13.3245827 52.4693642, 13.3245211 52.4694021, 13.3243984 52.4694786, 13.3243807 52.4694901, 13.324365 52.4695001, 13.3243587 52.469504, 13.3241884 52.4696106, 13.324192 52.4697276, 13.3239351 52.4697501, 13.3239413 52.4701075, 13.3225485 52.470116, 13.3225427 52.4697595))",0702,Tempelhof-Schöneberg,Friedenau,OSM,OSM_SCHOOLS,07Y04,OSM_SCHOOLS,way:99833020,Paul-Natorp-Gymnasium,,,,,,,,,,"Goßlerstraße 13-15, 12161 Berlin",Goßlerstraße,13-15,12161,Berlin,Bezirksamt Tempelhof-Schöneberg von Berlin,,,,,,,,,True,52.46961665705443,13.32352018944758,True,True
100408623,11001001,Herbert-Hoover-Schule,52.546478952010354,13.373627140075994,"POLYGON ((13.3725712 52.546566, 13.3725982 52.546583, 13.3728975 52.5467686, 13.37296 52.5468074, 13.3731282 52.5469088, 13.3735251 52.5471469, 13.3738848 52.5469182, 13.3740802 52.546794, 13.3739635 52.5467222, 13.3745442 52.5463993, 13.3744705 52.5463512, 13.3746748 52.5462302, 13.3737825 52.5458637, 13.3725712 52.546566))",0106,Mitte,Gesundbrunnen,OSM,OSM_SCHOOLS,01K06,OSM_SCHOOLS,way:100408623,Herbert-Hoover-Schule,,,,,,,,,,"Pankstraße 18-19, 13357 Berlin",Pankstraße,18-19,13357,Berlin,,,,,+49 30 4690634 0,,https://www.hhs-berlin.de/,,,True,52.546478952010354,13.373627140075994,True,True
100900695,11002002,Hunsrück-Schule,52.49791858621755,13.426539350623173,"POLYGON ((13.4252246 52.497774, 13.4253969 52.497718, 13.4254724 52.4976943, 13.4257537 52.497604, 13.4259185 52.4975514, 13.4260374 52.4975138, 13.4262334 52.497451, 13.4262985 52.4974292, 13.4266685 52.4973091, 13.4266539 52.4972926, 13.4269101 52.4972072, 13.4270803 52.4971498, 13.4271547 52.4972337, 13.4275222 52.4976577, 13.4276472 52.4977936, 13.4275337 52.4978334, 13.4272233 52.4979468, 13.4273175 52.4980569, 13.4275157 52.4982849, 13.4275053 52.4982881, 13.4274385 52.4983102, 13.4273205 52.4983488, 13.4270918 52.4984237, 13.4266655 52.4985626, 13.4266012 52.4985837, 13.4264328 52.4986396, 13.4262369 52.4987019, 13.42591 52.4983277, 13.4261102 52.4982633, 13.4260693 52.4982129, 13.4260673 52.4982104, 13.4260608 52.4982126, 13.4259737 52.4981139, 13.4257721 52.4981797, 13.4256097 52.4982324, 13.4255713 52.4981866, 13.4253941 52.4979753, 13.4252844 52.497845, 13.4252246 52.497774))",0202,Friedrichshain-Kreuzberg,Kreuzberg,OSM,OSM_SCHOOLS,02G27,OSM_SCHOOLS,way:100900695,Hunsrück-Schule,,,,,,,,,,"Manteuffelstraße 79, 10999 Berlin",Manteuffelstraße,79,10999,Berlin,Bezirksamt Friedrichshain-Kreuzberg,,,,,,,,,True,52.49791858621755,13.426539350623173,True,True
100979888,11004004,Johann-Peter-Hebel-Grundschule,52.49519400991404,13.319314323259471,"POLYGON ((13.3191304 52.4955108, 13.3192262 52.4955044, 13.3193819 52.4954941, 13.3193743 52.4954582, 13.3193726 52.4954502, 13.3192885 52.495456, 13.3192712 52.4953461, 13.3194251 52.4953358, 13.3194271 52.4953441, 13.3194463 52.4953432, 13.3194613 52.4954315, 13.3196487 52.4954196, 13.3196285 52.4952947, 13.3196159 52.4952955, 13.3195777 52.495298, 13.3195773 52.4952959, 13.3195753 52.4952849, 13.3195717 52.4952645, 13.3195416 52.4950941, 13.3195362 52.4950639, 13.3195733 52.4950627, 13.3195839 52.4950616, 13.3195593 52.4949353, 13.3195463 52.4949359, 13.3193374 52.4949543, 13.3193547 52.495046, 13.3192188 52.4950555, 13.3191987 52.4949491, 13.3192907 52.4949426, 13.3192823 52.4948982, 13.3191294 52.494909, 13.3190598 52.4949138, 13.3190199 52.4949166, 13.3190528 52.4950679, 13.319045 52.4950686, 13.3191304 52.4955108))",0402,Charlottenburg-Wilmersdorf,Wilmersdorf,OSM,OSM_SCHOOLS,04G17,OSM_SCHOOLS,way:100979888,Johann-Peter-Hebel-Grundschule,,,,,,,,,,"Emser Straße 50, 10719 Berlin",Emser Straße,50,10719,Berlin,,,,,+4930 860085210,verwaltung@hebelschule-berlin.de,https://www.hebelschule-berlin.de/,,,True,52.49519400991404,13.319314323259471,True,True
102873892,11011011,,52.56905259395088,13.505660484002295,"POLYGON ((13.5059402 52.568998, 13.5056505 52.5688741, 13.5053807 52.5691072, 13.5053984 52.5691147, 13.5056705 52.5692311, 13.5059402 52.568998))",1109,Lichtenberg,Neu-Hohenschönhausen,OSM,OSM_SCHOOLS,,OSM_SCHOOLS,way:102873892,,,,,,,,,,,,,,,,,,,,,,,,,True,52.56905259395088,13.505660484002295,True,True
102873898,11011011,Vincent-van-Gogh-Schule,52.5679208670533,13.507001218893327,"POLYGON ((13.5068873 52.5681696, 13.5066605 52.5680731, 13.5068199 52.5679347, 13.5067802 52.5679179, 13.5068284 52.567876, 13.506868 52.5678928, 13.5071216 52.5676727, 13.5073484 52.5677692, 13.5072351 52.5678676, 13.5070067 52.568066, 13.5068873 52.5681696))",1109,Lichtenberg,Neu-Hohenschönhausen,OSM,OSM_SCHOOLS,11K07,OSM_SCHOOLS,way:102873898,Vincent-van-Gogh-Schule,,,,,,,,,,"Wustrower Straße 26, 13051 Berlin",Wustrower Straße,26,13051,Berlin,,,,,,,,,,True,52.5679208670533,13.507001218893327,True,True
103050571,11005005,Lynar-Grundschule,52.548127072061106,13.206606337615149,"POLYGON ((13.2065146 52.5481857, 13.2065453 52.5482396, 13.2069283 52.548199, 13.2069125 52.5481179, 13.206834 52.5481336, 13.2067522 52.5479867, 13.2063214 52.5480795, 13.2063286 52.5480943, 13.2062726 52.5481071, 13.2063115 52.5481771, 13.2063791 52.5481631, 13.2063842 52.5481778, 13.2063219 52.5481916, 13.2063429 52.5482232, 13.2065146 52.5481857))",0501,Spandau,Spandau,OSM,OSM_SCHOOLS,,OSM_SCHOOLS,way:103050571,Lynar-Grundschule,,,,,,,,,,,,,,,,,,,,,,,,True,52.548127072061106,13.206606337615149,True,True
103623833,11008008,Christoph-Ruden-Schule,52.420523479628706,13.435382353318305,"POLYGON ((13.4354438 52.4211089, 13.4365961 52.4214105, 13.4367738 52.4208014, 13.4356534 52.4206929, 13.435752 52.420513, 13.4357644 52.4204897, 13.4360747 52.4198737, 13.4359977 52.4198601, 13.434757 52.4196209, 13.4345822 52.4199749, 13.4344746 52.4201691, 13.434341 52.4203961, 13.434127 52.4207153, 13.4342055 52.4207856, 13.4349941 52.4209916, 13.4354438 52.4211089))",0803,Neukölln,Buckow,OSM,OSM_SCHOOLS,08G26,OSM_SCHOOLS,way:103623833,Christoph-Ruden-Schule,,,,,,,,,,"An den Achterhöfen 13, 12349 Berlin",An den Achterhöfen,13,12349,Berlin,,,,,+49 30 7421014,sekretariat@08G26.schule.berlin.de,https://www.christoph-ruden-schule.de/,,,True,52.420523479628706,13.435382353318305,True,True
103629445,11008008,Heinrich-Mann-Schule,52.41554860134166,13.43213876112897,"POLYGON ((13.4310677 52.4156533, 13.4308987 52.4148716, 13.4316187 52.4150659, 13.4321094 52.4151982, 13.4325304 52.4153195, 13.4328494 52.4154229, 13.4331512 52.4155335, 13.4333841 52.4156313, 13.4336877 52.4157838, 13.4333573 52.4160107, 13.4323766 52.4160072, 13.4320552 52.4159256, 13.431963 52.4159022, 13.4319333 52.4158963, 13.4319471 52.4158746, 13.4310677 52.4156533))",0803,Neukölln,Buckow,OSM,OSM_SCHOOLS,08K04,OSM_SCHOOLS,way:103629445,Heinrich-Mann-Schule,,,,,,,,,,"Gerlinger Straße 22, 12353 Berlin",Gerlinger Straße,22,12353,Berlin,Bezirksamt Neukölln von Berlin,,,,+49 30 742080,,https://heinrichmannschule.de/,,,True,52.41554860134166,13.43213876112897,True,True
103844060,11007007,Schulspielplatz,52.483449532322105,13.356824292340342,"POLYGON ((13.3564189 52.4832439, 13.3562246 52.4830965, 13.3563836 52.4830194, 13.356577 52.4831672, 13.3569569 52.4834673, 13.357245 52.4836676, 13.357356 52.4837268, 13.3574426 52.4837909, 13.3573236 52.4838711, 13.3570364 52.4837127, 13.3564189 52.4832439))",0701,Tempelhof-Schöneberg,Schöneberg,OSM,OSM_SCHOOLS,,OSM_SCHOOLS,way:103844060,Schulspielplatz,,,,,,,,,,,,,,,Teltow-Grundschule,,,,,,,,,True,52.483449532322105,13.356824292340342,True,True
104387640,11005005,,52.53992857300213,13.191490460014831,"POLYGON ((13.1914958 52.5401234, 13.191495 52.5402572, 13.1916697 52.5402576, 13.1916695 52.5402861, 13.1914489 52.5402857, 13.1914498 52.5401233, 13.1914509 52.5399324, 13.1913906 52.5399323, 13.1913908 52.5399026, 13.1914067 52.5399026, 13.1914069 52.5398715, 13.1914067 52.5398522, 13.1913453 52.539852, 13.1913456 52.5398364, 13.191348 52.5396883, 13.1913482 52.5396857, 13.1914537 52.5396863, 13.1914545 52.5396589, 13.1915021 52.539659, 13.1915504 52.539659, 13.1915502 52.5396868, 13.1915581 52.5396869, 13.1915563 52.5398526, 13.1915435 52.5398526, 13.1915425 52.5399025, 13.1916043 52.5399021, 13.1916019 52.5401236, 13.1914958 52.5401234))",0501,Spandau,Spandau,OSM,OSM_SCHOOLS,,OSM_SCHOOLS,way:104387640,,,,,,,,,,,,,,,,,,,,,,,,,True,52.53992857300213,13.191490460014831,True,True
104397333,11005005,Schul-Umwelt-Zentrum Spandau - Gartenarbeitsschule Borkzeile,52.53970633622739,13.192703732852594,"POLYGON ((13.1924662 52.5390419, 13.1924581 52.5391876, 13.192299 52.539193, 13.19229 52.5393263, 13.1921354 52.539333, 13.1921253 52.539461, 13.1924482 52.5394605, 13.1924671 52.5394604, 13.192453 52.540319, 13.192705 52.5404189, 13.1927799 52.5403521, 13.1928484 52.5402799, 13.1929312 52.5401758, 13.1930206 52.5400408, 13.1930989 52.5398902, 13.1931331 52.5398077, 13.1931469 52.5397329, 13.1931428 52.539649, 13.193119 52.5395613, 13.1930719 52.5394748, 13.1930161 52.5393975, 13.1929034 52.5392802, 13.1928505 52.5392384, 13.1927202 52.5391495, 13.1926853 52.5391257, 13.1926318 52.539102, 13.1925897 52.5390833, 13.1925196 52.5390572, 13.1924662 52.5390419))",0501,Spandau,Spandau,OSM,OSM_SCHOOLS,,OSM_SCHOOLS,way:104397333,Schul-Umwelt-Zentrum Spandau - Gartenarbeitsschule Borkzeile,,,,,,,,,,"Borkzeile 34, 13583 Berlin",Borkzeile,34,13583,Berlin,,,,,,,https://www.gas-borkzeile.de/,,,True,52.53970633622739,13.192703732852594,True,True
104398646,11005005,Klosterfeld-Grundschule,52.53853644494655,13.180041114666835,"POLYGON ((13.1797621 52.5386896, 13.1797603 52.538686, 13.1795917 52.538726, 13.1795202 52.5386088, 13.1799779 52.5385037, 13.1801994 52.5384649, 13.1801158 52.5382794, 13.1801537 52.5382731, 13.1802533 52.5382569, 13.1803719 52.5385124, 13.1804447 52.5385019, 13.1804611 52.5385983, 13.1803074 52.5386239, 13.18029 52.5385751, 13.1800495 52.5386184, 13.1798786 52.5386568, 13.179881 52.5386607, 13.1797621 52.5386896))",0508,Spandau,Falkenhagener Feld,OSM,OSM_SCHOOLS,,OSM_SCHOOLS,way:104398646,Klosterfeld-Grundschule,,,,,,,,,,,,,,,,,,,+49 30 3725617,,,,,True,52.53853644494655,13.180041114666835,True,True
104495993,11005005,Askanier-Grundschule,52.53964936212326,13.191576984203364,"POLYGON ((13.1907715 52.5398289, 13.1908215 52.5399246, 13.1908365 52.5399395, 13.1908587 52.5399453, 13.1908774 52.5399475, 13.1910099 52.5399478, 13.1910111 52.5399816, 13.1910104 52.540114, 13.191031 52.5402017, 13.1911752 52.5403024, 13.1912875 52.5403904, 13.191361 52.5403909, 13.191821 52.5403938, 13.1921652 52.5403938, 13.1922087 52.5403943, 13.1923311 52.5403937, 13.1923647 52.5403856, 13.192453 52.540319, 13.1924671 52.5394604, 13.1924482 52.5394605, 13.1921253 52.539461, 13.1921354 52.539333, 13.19229 52.5393263, 13.192299 52.539193, 13.1924581 52.5391876, 13.1924662 52.5390419, 13.1923897 52.539024, 13.1923172 52.5390086, 13.1922669 52.5390014, 13.1922074 52.538998, 13.1921804 52.5389948, 13.1921577 52.5389921, 13.1921407 52.5389914, 13.1921034 52.538988, 13.1920814 52.5389859, 13.1918066 52.5389708, 13.1915651 52.5389768, 13.1912589 52.5389885, 13.1910964 52.5390083, 13.1907392 52.5390595, 13.190524 52.5390937, 13.1903949 52.5391141, 13.1907715 52.5398289))",0501,Spandau,Spandau,OSM,OSM_SCHOOLS,05G15,OSM_SCHOOLS,way:104495993,Askanier-Grundschule,,,,,,,,,,"Borkzeile 34, 13583 Berlin",Borkzeile,34,13583,Berlin,Bezirksamt Spandau von Berlin,,,,+49 30 36753860,sekretariat@askanier-gs.de,https://www.askanier-gs.de,,,True,52.53964936212326,13.191576984203364,True,True
104532414,11005005,Bertolt-Brecht-Oberschule,52.525141599865236,13.19206015782876,"POLYGON ((13.1924552 52.5265041, 13.192488 52.5265578, 13.1940068 52.5261602, 13.1939516 52.5260281, 13.1936574 52.5256447, 13.1933022 52.5252485, 13.1929534 52.5248874, 13.1926048 52.5245595, 13.192027 52.5240676, 13.1913805 52.5235468, 13.1902712 52.5238645, 13.1904742 52.5241878, 13.1903559 52.5242202, 13.1920726 52.526596, 13.1924552 52.5265041))",0509,Spandau,Wilhelmstadt,OSM,OSM_SCHOOLS,05K03,OSM_SCHOOLS,way:104532414,Bertolt-Brecht-Oberschule,,,,,,,,,,"Wilhelmstraße 10, 13595 Berlin",Wilhelmstraße,10,13595,Berlin,,,,,,,,,,True,52.525141599865236,13.19206015782876,True,True
104557393,11005005,Wolfgang-Borchert-Oberschule,52.54327217553099,13.19462084854666,"POLYGON ((13.1952868 52.5436883, 13.1954688 52.5433446, 13.1950455 52.5432447, 13.1954008 52.5427274, 13.1953657 52.5426704, 13.1949087 52.5425521, 13.1947844 52.5425806, 13.1943432 52.5432161, 13.1938094 52.5430952, 13.1935228 52.5435758, 13.1936169 52.5436474, 13.1951552 52.5437462, 13.1952868 52.5436883))",0501,Spandau,Spandau,OSM,OSM_SCHOOLS,05K06,OSM_SCHOOLS,way:104557393,Wolfgang-Borchert-Oberschule,,,,,,,,,,"Borchertweg 2, 13585 Berlin",Borchertweg,2,13585,Berlin,,,,,+49 30 3539470,sekretariat@05K06.schule.berlin.de,https://borchertschule-spandau.de/,,,True,52.54327217553099,13.19462084854666,True,True
104654856,11005005,Freiherr-vom-Stein-Gymnasium,52.540287746996704,13.200065682330875,"POLYGON ((13.2005422 52.541047, 13.2005704 52.5410669, 13.2011966 52.5406841, 13.2010092 52.5405483, 13.200788 52.5403879, 13.200643 52.5402816, 13.2001281 52.5399025, 13.1996032 52.539529, 13.1989086 52.5398774, 13.2000798 52.5407159, 13.2001287 52.5407509, 13.2003373 52.5409008, 13.2005422 52.541047))",0501,Spandau,Spandau,OSM,OSM_SCHOOLS,05Y01,OSM_SCHOOLS,way:104654856,Freiherr-vom-Stein-Gymnasium,,,,,,,,,,"Galenstraße 40-44, 13597 Berlin",Galenstraße,40-44,13597,Berlin,Bezirksamt Spandau von Berlin,,,,+49 30 3309653,sekretariat@05Y01.schule.berlin.de,https://steingymnasium.de/,,,True,52.540287746996704,13.200065682330875,True,True
105785522,11001001,Vibra School of DJing,52.53664545051444,13.393440251946611,"POLYGON ((13.3932197 52.5364913, 13.393375 52.5365385, 13.3933058 52.5366219, 13.3933266 52.5366281, 13.3933394 52.5366262, 13.393541 52.5366858, 13.3936079 52.5366074, 13.3937775 52.5366583, 13.3936654 52.5367797, 13.3934988 52.5367303, 13.3933955 52.5367, 13.3931189 52.536619, 13.3932197 52.5364913))",0101,Mitte,Mitte,OSM,OSM_SCHOOLS,,OSM_SCHOOLS,way:105785522,Vibra School of DJing,,,,,,,,,,"Strelitzer Straße 51, 10115 Berlin",Strelitzer Straße,51,10115,Berlin,,,,,,,,,,True,52.53664545051444,13.393440251946611,True,True
105955835,11002002,Fichtelgebirge-Grundschule,52.49616061125559,13.444749846823157,"POLYGON ((13.4445269 52.4956834, 13.4445951 52.4956516, 13.444972 52.4954698, 13.4451162 52.4954009, 13.445287 52.4955327, 13.4450688 52.4956431, 13.4452112 52.4957527, 13.4453885 52.4958878, 13.44561 52.4957819, 13.4456885 52.4958419, 13.4457086 52.495866, 13.4457218 52.4958883, 13.4457217 52.4959195, 13.445716 52.4959489, 13.4457046 52.4959689, 13.4456576 52.4960162, 13.4456283 52.496049, 13.4455535 52.4960418, 13.4455434 52.4960806, 13.445553 52.4960816, 13.4454877 52.4963177, 13.4453383 52.4963032, 13.4452856 52.4962976, 13.4451857 52.496287, 13.4451507 52.4964094, 13.4450173 52.4963984, 13.4450119 52.4964664, 13.4447824 52.4964674, 13.4447806 52.4966176, 13.4448134 52.4966184, 13.444828 52.4966843, 13.4442004 52.4969413, 13.4441115 52.4968506, 13.4439772 52.4967135, 13.4438454 52.496579, 13.4438637 52.4965719, 13.4443546 52.4963843, 13.444104 52.4961278, 13.4442952 52.4960675, 13.4442443 52.4960138, 13.4441559 52.4959444, 13.4440924 52.4958942, 13.4445269 52.4956834))",0202,Friedrichshain-Kreuzberg,Kreuzberg,OSM,OSM_SCHOOLS,02G23,OSM_SCHOOLS,way:105955835,Fichtelgebirge-Grundschule,,,,,,,,,,"Görlitzer Ufer 2, 10997 Berlin",Görlitzer Ufer,2,10997,Berlin,,,,,,,,,,True,52.49616061125559,13.444749846823157,True,True
106196799,11006006,Wilma-Rudolph-Oberschule,52.455097111062166,13.259913084158661,"POLYGON ((13.2614629 52.4563366, 13.2615639 52.4556069, 13.2616449 52.4551171, 13.2617041 52.4547203, 13.2617735 52.4542558, 13.2616212 52.4542529, 13.2615496 52.4542489, 13.2612629 52.4542378, 13.2607384 52.4542931, 13.2601654 52.4543253, 13.2596918 52.4543411, 13.2595978 52.4543814, 13.2594984 52.4544239, 13.2594261 52.4543797, 13.259333 52.4543192, 13.259273 52.4542937, 13.2584166 52.4542474, 13.2573397 52.455126, 13.2572794 52.4551758, 13.2587425 52.4555844, 13.2595928 52.4558235, 13.2613345 52.4563022, 13.2614629 52.4563366))",0605,Steglitz-Zehlendorf,Dahlem,OSM,OSM_SCHOOLS,06K02,OSM_SCHOOLS,way:106196799,Wilma-Rudolph-Oberschule,,,,,,,,,,"Am Hegewinkel 2a, 14169 Berlin",Am Hegewinkel,2a,14169,Berlin,,,,,+49 30 902996464,buero@wilma-rudolph.de,https://www.wilma-rudolph.de/,,,True,52.455097111062166,13.259913084158661,True,True
107686640,11009009,Röntgen-Sekundarschule,52.48906859891099,13.449206797311078,"POLYGON ((13.4499009 52.4889559, 13.4496121 52.4891258, 13.4495746 52.4891479, 13.4494605 52.4892158, 13.4488837 52.489543, 13.4487656 52.489466, 13.4488935 52.4893969, 13.4485549 52.4891563, 13.4487119 52.489061, 13.4487232 52.4890297, 13.4491257 52.4888039, 13.4494132 52.4886437, 13.4499009 52.4889559))",0901,Treptow-Köpenick,Alt-Treptow,OSM,OSM_SCHOOLS,08K09,OSM_SCHOOLS,way:107686640,Röntgen-Sekundarschule,,,,,,,,,,"Wildenbruchstraße 53, 12435 Berlin",Wildenbruchstraße,53,12435,Berlin,,,,,,,,,,True,52.48906859891099,13.449206797311078,True,True
107688362,11012012,Albrecht-Haushofer-Schule,52.61992638980055,13.228195946160806,"POLYGON ((13.2277147 52.618286, 13.2268581 52.6185343, 13.2269206 52.6186189, 13.2268702 52.6186334, 13.2268993 52.6186815, 13.2269112 52.6187204, 13.2268649 52.6187605, 13.2267811 52.6187911, 13.2266699 52.6188168, 13.226596 52.6188553, 13.2265658 52.6188924, 13.2265584 52.6189325, 13.2265582 52.6189744, 13.2267565 52.6192489, 13.2268588 52.6193736, 13.2269314 52.6194543, 13.2272662 52.619845, 13.2273519 52.6199432, 13.2274149 52.6200202, 13.2275845 52.6202708, 13.2276619 52.6203737, 13.2277152 52.6204677, 13.2277625 52.6205309, 13.22786 52.6206389, 13.2279347 52.6207283, 13.2279531 52.6207591, 13.2280243 52.6208963, 13.2280466 52.6209664, 13.2280619 52.6210046, 13.2280755 52.6210261, 13.2280943 52.6210463, 13.2281227 52.6210705, 13.2281699 52.62111, 13.228211 52.6211546, 13.2282457 52.6213072, 13.2282592 52.6213227, 13.2282753 52.6213412, 13.2284134 52.6214054, 13.2284607 52.6214481, 13.2284825 52.6214805, 13.2290249 52.6213898, 13.2293832 52.621247, 13.2299891 52.6209906, 13.2299113 52.6209062, 13.2298274 52.6208117, 13.2296018 52.6205585, 13.2294723 52.6204369, 13.2286723 52.6194195, 13.2277944 52.6183007, 13.2277147 52.618286))",1204,Reinickendorf,Heiligensee,OSM,OSM_SCHOOLS,12K11,OSM_SCHOOLS,way:107688362,Albrecht-Haushofer-Schule,,,,,,,,,,"Kurzebracker Weg 40-46, 13503",Kurzebracker Weg,40-46,13503,,,,,,,,,,,True,52.61992638980055,13.228195946160806,True,True
108543581,11001001,Brüder-Grimm-Grundschule,52.541546010913166,13.358504509428176,"POLYGON ((13.3581739 52.5417504, 13.3575829 52.5416096, 13.3575332 52.5415989, 13.3578014 52.5411824, 13.3578502 52.5411951, 13.3578616 52.5411974, 13.3582553 52.5412947, 13.3584395 52.54134, 13.3585504 52.5413672, 13.3586098 52.5412755, 13.3586766 52.5412936, 13.3588347 52.5413334, 13.3589328 52.5411868, 13.3589819 52.5411131, 13.359031 52.5410395, 13.3591419 52.541068, 13.3592924 52.5411052, 13.3594038 52.5411333, 13.359305 52.5412796, 13.35931 52.5412959, 13.3592195 52.5414335, 13.3588021 52.5420678, 13.3584079 52.541974, 13.3580756 52.5418949, 13.3581739 52.5417504))",0105,Mitte,Wedding,OSM,OSM_SCHOOLS,01G28,OSM_SCHOOLS,way:108543581,Brüder-Grimm-Grundschule,,,,,,,,,,"Tegeler Straße 18-19, 13353 Berlin",Tegeler Straße,18-19,13353,Berlin,,,,,+49 30 4530840,bggs-berlin@web.de,https://bggs-berlin.de/,,,True,52.541546010913166,13.358504509428176,True,True
108804669,11009009,,52.43899433875442,13.605952695175436,"POLYGON ((13.6058778 52.4386845, 13.6060283 52.4386822, 13.6060518 52.4392712, 13.6059061 52.4392734, 13.6059032 52.439199, 13.6058127 52.4392003, 13.6058107 52.4391501, 13.6058076 52.4390724, 13.6058933 52.4390712, 13.6058778 52.4386845))",0910,Treptow-Köpenick,Köpenick,OSM,OSM_SCHOOLS,09G25b,OSM_SCHOOLS,way:108804669,,,,,,,,,,,"Alfred-Randt-Straße 56, 12559 Berlin",Alfred-Randt-Straße,56,12559,Berlin,,,,,,,,,,True,52.43899433875442,13.605952695175436,True,True
109704622,11004004,Carl-Orff-Grundschule,52.47851158566221,13.287812517779006,"POLYGON ((13.2865518 52.4786523, 13.2865972 52.4786138, 13.2869123 52.4783468, 13.2869393 52.4783239, 13.28715 52.4781453, 13.2871773 52.4781222, 13.2872366 52.478072, 13.2875445 52.477811, 13.2876015 52.4778362, 13.2877582 52.477905, 13.2878656 52.477955, 13.2878249 52.4779914, 13.287916 52.4780343, 13.2881154 52.4778858, 13.2881114 52.4778431, 13.2882555 52.4777905, 13.2884424 52.4777823, 13.2885599 52.4787043, 13.2885694 52.4787785, 13.2886323 52.4792723, 13.2883685 52.479289, 13.2879968 52.4793125, 13.287969 52.4791565, 13.2879217 52.4788906, 13.2879064 52.4788045, 13.287031 52.4788605, 13.2865518 52.4786523))",0403,Charlottenburg-Wilmersdorf,Schmargendorf,OSM,OSM_SCHOOLS,04G24,OSM_SCHOOLS,way:109704622,Carl-Orff-Grundschule,,,,,,,,,,"Berkaer Straße 9-10, 14199 Berlin",Berkaer Straße,9-10,14199,Berlin,,,,,,,,,,True,52.47851158566221,13.287812517779006,True,True
109980303,11004004,Walther-Rathenau-Gymnasium,52.49144567142994,13.28159209548176,"POLYGON ((13.2808198 52.4918783, 13.2813785 52.4908283, 13.2821213 52.4909692, 13.2822304 52.4913019, 13.2822836 52.4916346, 13.281894 52.491659, 13.281936 52.4919482, 13.2812964 52.4919852, 13.2811049 52.4919252, 13.2808721 52.4918758, 13.2808198 52.4918783))",0404,Charlottenburg-Wilmersdorf,Grunewald,OSM,OSM_SCHOOLS,04Y09,OSM_SCHOOLS,way:109980303,Walther-Rathenau-Gymnasium,,,,,,,,,,"Herbertstraße 4, 14193 Berlin",Herbertstraße,4,14193,Berlin,Bezirksamt Charlottenburg-Wilmersdorf von Berlin,,,,,sekretariat@wrg.schule.berlin.de,,,,True,52.49144567142994,13.28159209548176,True,True
110642163,11004004,Sekundarschule Wilmersdorf,52.48274774403939,13.293483569247007,"POLYGON ((13.2926779 52.4831168, 13.2926095 52.4829154, 13.2925834 52.4828488, 13.2925471 52.4827319, 13.2928869 52.4826851, 13.2928474 52.48257, 13.2928962 52.4825282, 13.2941467 52.4823714, 13.2942157 52.4824026, 13.2943675 52.48286, 13.2943819 52.4829032, 13.2926779 52.4831168))",0403,Charlottenburg-Wilmersdorf,Schmargendorf,OSM,OSM_SCHOOLS,04K07,OSM_SCHOOLS,way:110642163,Sekundarschule Wilmersdorf,,,,,,,,,,"Kranzer Straße 3, 14199 Berlin",Kranzer Straße,3,14199,Berlin,,,,,+49 30 89784591-0,info@sekundarschule-wilmersdorf.de,http://www.sekundarschule-wilmersdorf.de,,,True,52.48274774403939,13.293483569247007,True,True
110656840,11004004,Alt-Schmargendorf-Grundschule,52.476430686286456,13.294175419862878,"POLYGON ((13.293087 52.4770814, 13.2930826 52.4770363, 13.2930662 52.4769183, 13.2930662 52.4769137, 13.2930275 52.4766143, 13.2930182 52.4765423, 13.293016 52.4765257, 13.2930144 52.4765103, 13.292992 52.4763315, 13.293086 52.4763203, 13.2930914 52.4763118, 13.2930635 52.4762786, 13.2932889 52.476202, 13.2935963 52.4761001, 13.2939258 52.4759937, 13.2938218 52.475873, 13.294812 52.4755375, 13.2950066 52.4756028, 13.2951762 52.4769761, 13.293087 52.4770814))",0403,Charlottenburg-Wilmersdorf,Schmargendorf,OSM,OSM_SCHOOLS,04G23,OSM_SCHOOLS,way:110656840,Alt-Schmargendorf-Grundschule,,,,,,,,,,,,,,,,,,,,,,,,True,52.476430686286456,13.294175419862878,True,True
111541400,11004004,Grunewald Grundschule,52.48483709343495,13.281789611611014,"POLYGON ((13.2802622 52.4848765, 13.2817094 52.48418, 13.2819264 52.4843657, 13.2820037 52.4845354, 13.2820399 52.48456, 13.2829064 52.4844106, 13.2835171 52.4849248, 13.2819476 52.4852121, 13.2813114 52.4854307, 13.2812307 52.485369, 13.2808002 52.4853001, 13.2802622 52.4848765))",0404,Charlottenburg-Wilmersdorf,Grunewald,OSM,OSM_SCHOOLS,04G22,OSM_SCHOOLS,way:111541400,Grunewald Grundschule,,,,,,,,,,"Delbrückstraße 20A, 14193 Berlin",Delbrückstraße,20A,14193,Berlin,Bezirksamt Charlottenburg-Wilmersdorf von Berlin,,,,,,,,,True,52.48483709343495,13.281789611611014,True,True
111541493,11004004,Hildegard-Wegscheider-Gymnasium,52.485199517819694,13.276942611180088,"POLYGON ((13.2760304 52.4851276, 13.2768433 52.4846774, 13.2771762 52.4849307, 13.2774823 52.4848049, 13.2778297 52.4850706, 13.2775331 52.4852099, 13.2777195 52.4853524, 13.2768368 52.4857596, 13.2760304 52.4851276))",0404,Charlottenburg-Wilmersdorf,Grunewald,OSM,OSM_SCHOOLS,04Y08,OSM_SCHOOLS,way:111541493,Hildegard-Wegscheider-Gymnasium,,,,,,,,,,"Lassenstraße 16-20, 14193 Berlin",Lassenstraße,16-20,14193,Berlin,Bezirksamt Charlottenburg-Wilmersdorf von Berlin,,,,,,,,,True,52.485199517819694,13.276942611180088,True,True
111657919,11001001,Lessing-Gymnasium,52.55757851906437,13.343392704378115,"POLYGON ((13.342554 52.5573899, 13.3430515 52.5571064, 13.3434903 52.5573811, 13.3434836 52.5573766, 13.3436539 52.5572791, 13.3437938 52.5571989, 13.3439104 52.5572761, 13.3440264 52.557353, 13.3437115 52.5575285, 13.3437804 52.5575735, 13.3438888 52.5576455, 13.3438939 52.5576485, 13.3441419 52.5578076, 13.343611 52.5581101, 13.342554 52.5573899))",0105,Mitte,Wedding,OSM,OSM_SCHOOLS,01Y08,OSM_SCHOOLS,way:111657919,Lessing-Gymnasium,,,,,,,,,,"Schöningstraße 17, 13349 Berlin",Schöningstraße,17,13349,Berlin,Bezirksamt Mitte von Berlin,,,,+49 30 4579850,,https://www.lessing-gymnasium-berlin.de,,,True,52.55757851906437,13.343392704378115,True,True
111872672,11001001,Gottfried-Röhl-Grundschule,52.556560733222135,13.356258990564928,"POLYGON ((13.3571005 52.5561627, 13.3573022 52.556292, 13.3575151 52.5564197, 13.3576556 52.5564996, 13.3577839 52.5565696, 13.3579608 52.5566617, 13.3577301 52.5568716, 13.3576675 52.5569476, 13.3576268 52.5570289, 13.357615 52.5570708, 13.3576012 52.5571637, 13.3574766 52.5572225, 13.3573525 52.5572847, 13.3572615 52.5573887, 13.3571246 52.5574157, 13.3569004 52.5576179, 13.3565408 52.5575386, 13.3562651 52.5574282, 13.3559147 52.5573199, 13.3556319 52.5571361, 13.3554235 52.5569984, 13.355268 52.5569027, 13.3553075 52.5568765, 13.3546915 52.5564508, 13.3546906 52.5564502, 13.3545906 52.5563804, 13.3545603 52.556321, 13.3545395 52.556208, 13.3546667 52.5561608, 13.3553047 52.555814, 13.355749 52.5555726, 13.3557719 52.5555856, 13.3558887 52.5555205, 13.3560197 52.5554475, 13.3571005 52.5561627))",0105,Mitte,Wedding,OSM,OSM_SCHOOLS,01G24,OSM_SCHOOLS,way:111872672,Gottfried-Röhl-Grundschule,,,,,,,,,,"Ungarnstraße 75, 13349 Berlin",Ungarnstraße,75,13349,Berlin,,,,,,,,,,True,52.556560733222135,13.356258990564928,True,True
112503208,11001001,Heinrich von Stephan Gemeinschaftsschule,52.52505021688067,13.31743519693232,"POLYGON ((13.3178235 52.5252542, 13.3176618 52.5252855, 13.31746 52.525309, 13.31745 52.5253419, 13.3166829 52.5253346, 13.3166833 52.5252815, 13.316541 52.5252705, 13.3163797 52.5252483, 13.3165357 52.524805, 13.3165697 52.5247087, 13.316598 52.5246296, 13.316773 52.5246521, 13.3168562 52.5246631, 13.3172814 52.5246666, 13.3173492 52.5246535, 13.3174991 52.5246241, 13.3175183 52.5246201, 13.3178427 52.5245497, 13.3179428 52.5245767, 13.3180524 52.524792, 13.3181017 52.5248814, 13.3185039 52.5256552, 13.3182454 52.5256536, 13.3180798 52.5256526, 13.3180761 52.5256435, 13.3180522 52.5256373, 13.3180303 52.5256324, 13.3178427 52.5252893, 13.3178235 52.5252542))",0102,Mitte,Moabit,OSM,OSM_SCHOOLS,01K04,OSM_SCHOOLS,way:112503208,Heinrich von Stephan Gemeinschaftsschule,,,,,,,,,,"Neues Ufer 6, 10553 Berlin",Neues Ufer,6,10553,Berlin,,,,,,,,,,True,52.52505021688067,13.31743519693232,True,True
113373757,11012012,Gustav-Dreyer-Schule,52.61302971079367,13.304346389933535,"POLYGON ((13.3035258 52.6126949, 13.3035186 52.6127893, 13.3035125 52.6129661, 13.3035148 52.6133536, 13.3035165 52.6134183, 13.3035185 52.6136485, 13.3035293 52.6136503, 13.3039771 52.6136498, 13.3039442 52.6141037, 13.3041949 52.6141098, 13.3042261 52.6141107, 13.3042567 52.6136491, 13.3048207 52.6136115, 13.3050209 52.6135997, 13.3050291 52.6133884, 13.3055269 52.6134066, 13.3055691 52.6129666, 13.305592 52.6127601, 13.3044369 52.6127064, 13.3044414 52.6126392, 13.3044849 52.612335, 13.304515 52.6121514, 13.3042393 52.612137, 13.3036087 52.6121052, 13.3035332 52.6125953, 13.3035304 52.6126077, 13.3035258 52.6126949))",1206,Reinickendorf,Hermsdorf,OSM,OSM_SCHOOLS,12G22,OSM_SCHOOLS,way:113373757,Gustav-Dreyer-Schule,,,,,,,,,,,,,,,,,,,+4930 405086 0,buero@gustav-dreyer-schule.de,http://www.gustav-dreyer-schule.de,,,True,52.61302971079367,13.304346389933535,True,True
116619771,11012012,Thomas-Mann-Gymnasium,52.59880782099505,13.351729557040361,"POLYGON ((13.3510994 52.599811, 13.3510833 52.5999578, 13.3513749 52.5999734, 13.3514333 52.5993332, 13.352632 52.5993772, 13.3526437 52.5993013, 13.3527625 52.598491, 13.3526097 52.5984833, 13.352659 52.5981984, 13.3523368 52.5981804, 13.3520328 52.5981787, 13.3518719 52.5981708, 13.3519107 52.5978883, 13.3517642 52.5979059, 13.3511212 52.5978776, 13.3510788 52.5981643, 13.3510457 52.598426, 13.3510266 52.5984642, 13.3509303 52.5992501, 13.3508935 52.5994704, 13.350851 52.599802, 13.3510994 52.599811))",1210,Reinickendorf,Märkisches Viertel,OSM,OSM_SCHOOLS,12Y08,OSM_SCHOOLS,way:116619771,Thomas-Mann-Gymnasium,,,,,,,,,,"Königshorster Straße 10, 13439 Berlin",Königshorster Straße,10,13439,Berlin,,,,,+4930 41476367 0,tmo.slt@t-online.de,http://www.tmo-berlin.info/,,,True,52.59880782099505,13.351729557040361,True,True
116676564,11001001,Ernst-Reuter-Schule,52.53851540750486,13.393668766012416,"POLYGON ((13.392205 52.5388415, 13.3928445 52.5390292, 13.3931086 52.5391062, 13.39343 52.5392008, 13.3940477 52.5393782, 13.3940991 52.5393943, 13.3941652 52.5393064, 13.3948367 52.5384439, 13.3948666 52.538319, 13.3950319 52.5381118, 13.3945291 52.5379694, 13.3936962 52.5377323, 13.3936846 52.5377356, 13.3936729 52.5377459, 13.393645 52.5377391, 13.3933577 52.5376548, 13.3931351 52.5379379, 13.3930775 52.537921, 13.3930594 52.5379211, 13.3930349 52.5379459, 13.3929143 52.5380774, 13.3928706 52.5381244, 13.392205 52.5388415))",0106,Mitte,Gesundbrunnen,OSM,OSM_SCHOOLS,01K03,OSM_SCHOOLS,way:116676564,Ernst-Reuter-Schule,,,,,,,,,,"Stralsunder Straße 57, 13355 Berlin",Stralsunder Straße,57,13355,Berlin,"Senatsverwaltung für Bildung, Jugend und Familie",,,,+4930 46777991 0,verwaltung@ernst-reuter-schule.berlin,https://ernst-reuter-schule.berlin/,,,True,52.53851540750486,13.393668766012416,True,True
116793884,11001001,Gustav-Falke-Schule,52.53804664758064,13.390977503366965,"POLYGON ((13.3902193 52.5379513, 13.3901362 52.5379256, 13.3898992 52.5378524, 13.3894816 52.5377234, 13.3895495 52.537642, 13.3898248 52.5373125, 13.3902648 52.5374485, 13.3906758 52.5375771, 13.3908944 52.5376409, 13.3909844 52.5376576, 13.3914617 52.5378062, 13.3922245 52.5380413, 13.3922612 52.5380534, 13.3923843 52.5380963, 13.392452 52.5381198, 13.3924267 52.5381467, 13.3923304 52.5382415, 13.3922143 52.5383636, 13.3921092 52.5384661, 13.3918472 52.5387477, 13.3914461 52.5386298, 13.3913703 52.5386063, 13.3912971 52.5385848, 13.3904826 52.5383593, 13.3901885 52.5382684, 13.3900025 52.5382109, 13.3902193 52.5379513))",0106,Mitte,Gesundbrunnen,OSM,OSM_SCHOOLS,01G38,OSM_SCHOOLS,way:116793884,Gustav-Falke-Schule,,,,,,,,,,"Strelitzer Straße 42, 13355 Berlin",Strelitzer Straße,42,13355,Berlin,,,,,,,,,,True,52.53804664758064,13.390977503366965,True,True
118359177,11006006,Gail-S.-Halvorsen-Integrierte Sekundarschule (Filiale),52.44046045272154,13.24093608852795,"POLYGON ((13.2410471 52.4404881, 13.2409411 52.4406024, 13.2408428 52.4405677, 13.240863 52.4405463, 13.240669 52.440478, 13.2407398 52.440403, 13.2409356 52.4404719, 13.2409836 52.4404285, 13.2409514 52.4404136, 13.241 52.4403702, 13.2409772 52.4403562, 13.2410404 52.4403102, 13.2411764 52.440389, 13.241098 52.4404436, 13.2410471 52.4404881))",0604,Steglitz-Zehlendorf,Zehlendorf,OSM,OSM_SCHOOLS,06K09b,OSM_SCHOOLS,way:118359177,Gail-S.-Halvorsen-Integrierte Sekundarschule (Filiale),,,,,,,,,,"Jaehnstraße 14, 14163 Berlin",Jaehnstraße,14,14163,Berlin,,,,,,,,,,True,52.44046045272154,13.24093608852795,True,True
118377362,11009009,Anna-Seghers-Oberschule,52.434800523691926,13.548974885356234,"POLYGON ((13.5494321 52.4344505, 13.5490455 52.4343016, 13.5487286 52.4341867, 13.5482839 52.4340161, 13.5479649 52.4338938, 13.5478545 52.4339746, 13.5475049 52.4342396, 13.5475546 52.4342577, 13.5477218 52.4343214, 13.5477379 52.4343271, 13.5480256 52.4344376, 13.5483764 52.4345719, 13.5484277 52.4345915, 13.5482125 52.4347551, 13.5479736 52.4349367, 13.5478482 52.4350287, 13.5477045 52.4351382, 13.5475846 52.4352296, 13.5475459 52.4352564, 13.5477535 52.4353338, 13.5486016 52.435668, 13.5487547 52.4357291, 13.5496556 52.4350583, 13.5502712 52.4352902, 13.5506752 52.4349874, 13.5507324 52.434945, 13.5495961 52.4345116, 13.5496938 52.4344254, 13.5497844 52.4344561, 13.5498777 52.4343591, 13.550016 52.4344112, 13.5501319 52.4343103, 13.5503261 52.4343917, 13.5505137 52.4342257, 13.5504844 52.4342143, 13.5499357 52.4340008, 13.5499003 52.433987, 13.5494321 52.4344505))",0907,Treptow-Köpenick,Adlershof,OSM,OSM_SCHOOLS,09K02,OSM_SCHOOLS,way:118377362,Anna-Seghers-Oberschule,,,,,,,,,,"Radickestraße 43, 12489 Berlin",Radickestraße,43,12489,Berlin,,,,,+49 30 6774766,,https://www.anna-seghers-os.de,,,True,52.434800523691926,13.548974885356234,True,True
120445503,11012012,Schulhort der Franz-Marc-Grundschule,52.58774656082673,13.2792846462379,"POLYGON ((13.2796194 52.5881929, 13.2792241 52.5880807, 13.2793462 52.5879169, 13.2783582 52.5876485, 13.2784784 52.58744, 13.2791331 52.5875811, 13.2792223 52.5874383, 13.2798139 52.5876031, 13.2799509 52.5876418, 13.2800207 52.5876617, 13.2796194 52.5881929))",1202,Reinickendorf,Tegel,OSM,OSM_SCHOOLS,12G13b,OSM_SCHOOLS,way:120445503,Schulhort der Franz-Marc-Grundschule,,,,,,,,,,"Medebacher Weg 23-25, 13507 Berlin",Medebacher Weg,23-25,13507,Berlin,Bezirksamt Reinickendorf von Berlin,,,,,,,,,True,52.58774656082673,13.2792846462379,True,True
120944949,11003003,SchuleEins Filiale Wilhelmsruh,52.58811838583081,13.365628461715676,"POLYGON ((13.3651063 52.588582, 13.3652875 52.5881337, 13.365288 52.588102, 13.3652916 52.5880173, 13.3652995 52.5876646, 13.3661416 52.5876745, 13.3661262 52.5881466, 13.3658602 52.5881785, 13.3658939 52.5882306, 13.3657225 52.5886744, 13.3651063 52.588582))",0313,Pankow,Wilhelmsruh,OSM,OSM_SCHOOLS,,OSM_SCHOOLS,way:120944949,SchuleEins Filiale Wilhelmsruh,,,,,,,,,,"Schillerstraße 49, 13158 Berlin",Schillerstraße,49,13158,Berlin,Pankower Früchtchen gGmbH,,,,+49 30 47036911,,https://www.schuleeins.de,,,True,52.58811838583081,13.365628461715676,True,True
120945735,11005005,Grundschule im Beerwinkel,52.54819801329074,13.157253018057279,"POLYGON ((13.157477 52.5474213, 13.1567996 52.5474796, 13.1568298 52.5476216, 13.1561316 52.5476885, 13.1564286 52.5489354, 13.1584256 52.5487054, 13.1584103 52.5486283, 13.1582753 52.5479002, 13.1576601 52.5475377, 13.157477 52.5474213))",0508,Spandau,Falkenhagener Feld,OSM,OSM_SCHOOLS,05G18,OSM_SCHOOLS,way:120945735,Grundschule im Beerwinkel,,,,,,,,,,"Im Spektefeld 31, 13589 Berlin",Im Spektefeld,31,13589,Berlin,Bezirksamt Spandau von Berlin,,,,+49 30 308322660,sekretariat@05G18.schule.berlin.de,https://www.beerwinkel.berlin/,,,True,52.54819801329074,13.157253018057279,True,True
120946280,11005005,Zeppelin-Grundschule,52.541384411344715,13.14621469705662,"POLYGON ((13.1457601 52.5412582, 13.1457973 52.5415257, 13.1458332 52.541525, 13.1458869 52.5415241, 13.1462704 52.5415172, 13.1466467 52.5415121, 13.146659 52.5412475, 13.1457601 52.5412582))",0504,Spandau,Staaken,OSM,OSM_SCHOOLS,05G16,OSM_SCHOOLS,way:120946280,Zeppelin-Grundschule,,,,,,,,,,,,,,,,,,,,,,,,True,52.541384411344715,13.14621469705662,True,True
120946753,11005005,Christian-Morgenstern-Grundschule,52.522174226796864,13.168105881018677,"POLYGON ((13.1670237 52.5227767, 13.1668965 52.5227651, 13.1665922 52.5222254, 13.1664402 52.5219622, 13.1690786 52.5214014, 13.1694547 52.5213218, 13.1697287 52.5218175, 13.1697854 52.52192, 13.1694253 52.5219982, 13.1692657 52.5220325, 13.1686755 52.5221592, 13.1687835 52.5223511, 13.1688515 52.5224693, 13.1688922 52.5224608, 13.1689708 52.5226008, 13.168992 52.5226384, 13.1689513 52.522647, 13.1690101 52.5227503, 13.1690306 52.522746, 13.1690899 52.5228504, 13.1691495 52.5229515, 13.1690471 52.5229627, 13.1687191 52.5229329, 13.168256 52.5228908, 13.1680277 52.52287, 13.1670237 52.5227767))",0504,Spandau,Staaken,OSM,OSM_SCHOOLS,05G22,OSM_SCHOOLS,way:120946753,Christian-Morgenstern-Grundschule,,,,,,,,,,"Räcknitzer Steig 12, 13593 Berlin",Räcknitzer Steig,12,13593,Berlin,Bezirksamt Spandau von Berlin,,,,+49 30 3647930,sekretariat@05g22.schule.berlin.de,https://christian-morgenstern-grundschule.de,,,True,52.522174226796864,13.168105881018677,True,True
120947523,11004004,,52.508143128271634,13.237258657479982,"POLYGON ((13.2390404 52.5076021, 13.2389095 52.5082995, 13.2382321 52.5082608, 13.2380636 52.5089983, 13.237044 52.508904, 13.2359009 52.5087998, 13.2359907 52.5083295, 13.235814 52.5083124, 13.2359651 52.507533, 13.2354842 52.5075005, 13.2354999 52.5074022, 13.2390404 52.5076021))",0405,Charlottenburg-Wilmersdorf,Westend,OSM,OSM_SCHOOLS,,OSM_SCHOOLS,way:120947523,,,,,,,,,,,,,,,,,,,,,,,,,True,52.508143128271634,13.237258657479982,True,True
121034430,11004004,Robert-Reinick-Grundschule,52.5408048226055,13.274647123854784,"POLYGON ((13.2736034 52.541681, 13.2733232 52.5409306, 13.2731515 52.5404709, 13.2731424 52.5404466, 13.2732584 52.5404289, 13.2733976 52.5404077, 13.273358 52.5402935, 13.273785 52.5402313, 13.2739272 52.5402089, 13.2745484 52.5401069, 13.2757433 52.5399106, 13.2761136 52.5412767, 13.275752 52.5413252, 13.2754586 52.5413737, 13.2752085 52.5414203, 13.2748464 52.5414971, 13.2745012 52.5415642, 13.2742461 52.5416038, 13.2740497 52.5416308, 13.2736034 52.541681))",0406,Charlottenburg-Wilmersdorf,Charlottenburg-Nord,OSM,OSM_SCHOOLS,05G11,OSM_SCHOOLS,way:121034430,Robert-Reinick-Grundschule,,,,,,,,,,"Jungfernheideweg 32, 13629 Berlin",Jungfernheideweg,32,13629,Berlin,,,,,,,,,,True,52.5408048226055,13.274647123854784,True,True
121105167,11004004,Katholische Herz-Jesu Schule,52.51119296428061,13.252734124894964,"POLYGON ((13.2530486 52.5114514, 13.2531265 52.5112653, 13.2531971 52.511143, 13.2535538 52.5107514, 13.2536547 52.5105418, 13.2537061 52.510363, 13.2536659 52.510344, 13.2533711 52.5103778, 13.2531175 52.5104218, 13.2529354 52.5104667, 13.252987 52.5105498, 13.2530532 52.5106489, 13.2531478 52.5108014, 13.2529022 52.5108559, 13.2527473 52.5108894, 13.2523911 52.5109661, 13.2521934 52.5113581, 13.2516347 52.5116346, 13.2514028 52.5118098, 13.2528555 52.5117365, 13.2529329 52.5117206, 13.253016 52.5116439, 13.2530221 52.51155, 13.2530486 52.5114514))",0405,Charlottenburg-Wilmersdorf,Westend,OSM,OSM_SCHOOLS,04P01,OSM_SCHOOLS,way:121105167,Katholische Herz-Jesu Schule,,,,,,,,,,"Insterburgallee 8-10, 14055 Berlin",Insterburgallee,8-10,14055,Berlin,Erzbistum Berlin,,,,+4930 3300701 0,info@herz-jesu-schule.de,https://herz-jesu-schule.de/,,,True,52.51119296428061,13.252734124894964,True,True
121105448,11004004,Schele Schule,52.51585616815647,13.256102839109635,"POLYGON ((13.2563996 52.5155643, 13.2563208 52.5157737, 13.2565663 52.5158044, 13.2564586 52.5161686, 13.2562683 52.5161515, 13.256241 52.516149, 13.2559926 52.5161245, 13.255656 52.5160822, 13.255835 52.515501, 13.2563996 52.5155643))",0405,Charlottenburg-Wilmersdorf,Westend,OSM,OSM_SCHOOLS,04P02,OSM_SCHOOLS,way:121105448,Schele Schule,,,,,,,,,,"Olympische Straße 23, 14052 Berlin",Olympische Straße,23,14052,Berlin,,,,,+49 30 449 90,,https://schele-schule.de/,,,True,52.51585616815647,13.256102839109635,True,True
121107493,11004004,Herder-Gymnasium,52.51097806140501,13.258208025243407,"POLYGON ((13.2576107 52.5112658, 13.2577406 52.5104941, 13.2587065 52.5105393, 13.2586811 52.5108308, 13.258794 52.5114077, 13.2582512 52.5114529, 13.2578841 52.5114523, 13.2579084 52.5112867, 13.2576107 52.5112658))",0405,Charlottenburg-Wilmersdorf,Westend,OSM,OSM_SCHOOLS,04Y05,OSM_SCHOOLS,way:121107493,Herder-Gymnasium,,,,,,,,,,"Westendallee 45-46, 14052 Berlin",Westendallee,45-46,14052,Berlin,Bezirksamt Charlottenburg-Wilmersdorf von Berlin,,,,+49 30 902927800,leitung@herder-gymnasium.eu,https://www.herder-oberschule.de/,,,True,52.51097806140501,13.258208025243407,True,True
121108381,11005005,Grundschule an der Pulvermühle,52.54366446225286,13.22798927545581,"POLYGON ((13.2299877 52.5429428, 13.2288491 52.543155, 13.2261266 52.5436611, 13.2260095 52.5443871, 13.2270712 52.54419, 13.2274872 52.5441128, 13.2275526 52.5441007, 13.2294157 52.5437549, 13.2297578 52.5436914, 13.2298201 52.5435294, 13.2298736 52.5433994, 13.2300462 52.5429727, 13.2299877 52.5429428))",0502,Spandau,Haselhorst,OSM,OSM_SCHOOLS,05G28,OSM_SCHOOLS,way:121108381,Grundschule an der Pulvermühle,,,,,,,,,,"Grützmacherweg 7, 13599 Berlin",Grützmacherweg,7,13599,Berlin,,,,,+4930 337765 67,sekretariat@gs-pulvermuehle.de,https://www.gs-pulvermuehle.de/,,,True,52.54366446225286,13.22798927545581,True,True
121108382,11005005,OSZ TIEM,52.54384979577631,13.230586117351686,"POLYGON ((13.2296584 52.5445631, 13.2297541 52.5445788, 13.2308055 52.5447366, 13.230844 52.5446417, 13.2309319 52.5446549, 13.2310014 52.5446642, 13.2313113 52.5444011, 13.2312907 52.5440613, 13.2311172 52.5432847, 13.2311264 52.5430257, 13.2311492 52.5429119, 13.2310659 52.542832, 13.2309636 52.5428296, 13.2303336 52.5428214, 13.2303297 52.5428881, 13.2297977 52.5442197, 13.2296584 52.5445631))",0502,Spandau,Haselhorst,OSM,OSM_SCHOOLS,05B01,OSM_SCHOOLS,way:121108382,OSZ TIEM,,,,,,,,,,"Goldbeckweg 8;10;12;14, 13599 Berlin",Goldbeckweg,8;10;12;14,13599,Berlin,,,,,+4930 354946 0,kontakt@osztiem-edu.de,https://www.osztiem.de/,,,True,52.54384979577631,13.230586117351686,True,True
121111378,11004004,Peter-Ustinov-Schule,52.505852922039985,13.290724967618127,"POLYGON ((13.2904526 52.5052502, 13.2910397 52.505422, 13.2911993 52.5051791, 13.2912214 52.5051861, 13.2912652 52.5051266, 13.2913604 52.5051538, 13.2918591 52.505295, 13.2916807 52.5055718, 13.291377 52.5060375, 13.2911523 52.5063775, 13.2911047 52.506366, 13.2909026 52.5063171, 13.29072 52.5062682, 13.2907145 52.5062779, 13.2905911 52.5062513, 13.2904802 52.5062251, 13.2904538 52.506516, 13.289606 52.5064884, 13.2895548 52.5064154, 13.2904526 52.5052502))",0401,Charlottenburg-Wilmersdorf,Charlottenburg,OSM,OSM_SCHOOLS,04K08,OSM_SCHOOLS,way:121111378,Peter-Ustinov-Schule,,,,,,,,,,"Kuno-Fischer-Straße 22 -26, 14057 Berlin",Kuno-Fischer-Straße,22 -26,14057,Berlin,Land Berlin,,,,,,,,,True,52.505852922039985,13.290724967618127,True,True
121141157,11003003,Arnold-Zweig-Grundschule,52.5675395953101,13.400650530259886,"POLYGON ((13.4005889 52.5676338, 13.4005889 52.5676198, 13.400458 52.5676232, 13.4004586 52.5676376, 13.4003508 52.5676401, 13.4003498 52.5676271, 13.4002119 52.56763, 13.4002057 52.5675444, 13.4002046 52.5675298, 13.400291 52.567528, 13.4002867 52.567465, 13.4004459 52.5674631, 13.4005733 52.5674615, 13.4005728 52.5674445, 13.4008617 52.5674368, 13.4008639 52.5674517, 13.4010193 52.5674481, 13.4010223 52.567444, 13.4010299 52.5674377, 13.4010414 52.5674317, 13.4010534 52.567428, 13.4010652 52.5674261, 13.4010772 52.5674256, 13.4010482 52.5675501, 13.4010341 52.567611, 13.4009274 52.5676128, 13.4008826 52.5676145, 13.4008836 52.5676277, 13.4005889 52.5676338))",0307,Pankow,Pankow,OSM,OSM_SCHOOLS,03G26,OSM_SCHOOLS,way:121141157,Arnold-Zweig-Grundschule,,,,,,,,,,"Wollankstraße 131, 13187 Berlin",Wollankstraße,131,13187,Berlin,,,,,,,,,,True,52.5675395953101,13.400650530259886,True,True
121141632,11003003,Elizabeth-Shaw-Grundschule,52.56797218651765,13.410197277961798,"POLYGON ((13.409199 52.5683049, 13.409502 52.5683608, 13.4097468 52.5684059, 13.4097358 52.5684317, 13.4098719 52.5684586, 13.4098377 52.5685225, 13.4098423 52.5685234, 13.4099299 52.56854, 13.4099334 52.5685479, 13.4099776 52.5686493, 13.4103426 52.5687225, 13.4105177 52.5684024, 13.4107401 52.5684448, 13.4108617 52.568187, 13.4109282 52.5680461, 13.4109336 52.5680348, 13.4111668 52.5675405, 13.4110955 52.5675265, 13.410743 52.5674573, 13.4102548 52.5673615, 13.4100647 52.5673242, 13.4100133 52.5673141, 13.4097154 52.5675491, 13.4096476 52.5676025, 13.4094794 52.5677341, 13.4094314 52.5678319, 13.4093665 52.5679639, 13.4093407 52.5680148, 13.409316 52.5680682, 13.4092749 52.5681504, 13.4092651 52.5681703, 13.409199 52.5683049))",0307,Pankow,Pankow,OSM,OSM_SCHOOLS,03G27,OSM_SCHOOLS,way:121141632,Elizabeth-Shaw-Grundschule,,,,,,,,,,"Grunowstraße 17, 13187 Berlin",Grunowstraße,17,13187,Berlin,,,,,,,,,,True,52.56797218651765,13.410197277961798,True,True
121142207,11003003,Freie Integrative Montessori-Grundschule Sternenwiese,52.56837432203384,13.413418547866241,"POLYGON ((13.4132524 52.568104, 13.4132125 52.5680876, 13.4130562 52.5683999, 13.4130755 52.5684051, 13.4130938 52.5684088, 13.4132186 52.5684581, 13.4134246 52.5685606, 13.4135543 52.568626, 13.4135807 52.5686086, 13.413645 52.5685671, 13.4138456 52.5684398, 13.4134584 52.5682206, 13.4133827 52.5681781, 13.4132524 52.568104))",0307,Pankow,Pankow,OSM,OSM_SCHOOLS,03P21,OSM_SCHOOLS,way:121142207,Freie Integrative Montessori-Grundschule Sternenwiese,,,,,,,,,,"Hadlichstraße 2, 13187 Berlin",Hadlichstraße,2,13187,Berlin,Karuna Zukunft für Kinder und Jugendliche in Not e.V.,,,,,,,,,True,52.56837432203384,13.413418547866241,True,True
121142208,11003003,Janusz-Korczak-Bibliothek,52.568589338857244,13.412305358174127,"POLYGON ((13.4120686 52.5687379, 13.4122521 52.5687733, 13.4123258 52.5687875, 13.4123574 52.5687269, 13.4123803 52.568683, 13.4124396 52.5686944, 13.4125111 52.5685574, 13.4124933 52.568554, 13.412526 52.5684914, 13.4125198 52.5684902, 13.4125391 52.5684517, 13.4122442 52.5683944, 13.4121841 52.5685095, 13.4121761 52.568508, 13.4121543 52.5685497, 13.4121463 52.568565, 13.4121389 52.5685792, 13.4121153 52.5686244, 13.4121266 52.5686266, 13.4120686 52.5687379))",0307,Pankow,Pankow,OSM,OSM_SCHOOLS,,OSM_SCHOOLS,way:121142208,Janusz-Korczak-Bibliothek,,,,,,,,,,"Berliner Straße 120-121, 13187 Berlin",Berliner Straße,120-121,13187,Berlin,,,,,,,,,,True,52.568589338857244,13.412305358174127,True,True
121142547,11003003,Grundschule Wolkenstein,52.565157570402185,13.419655127618876,"POLYGON ((13.420706 52.5649063, 13.4205433 52.5648915, 13.4203469 52.5648736, 13.4203907 52.5646889, 13.4197996 52.5646234, 13.4187757 52.5645114, 13.4186168 52.5655105, 13.4187015 52.5655825, 13.4204326 52.5657699, 13.4205721 52.5657126, 13.4207756 52.5649127, 13.420706 52.5649063))",0307,Pankow,Pankow,OSM,OSM_SCHOOLS,03G39,OSM_SCHOOLS,way:121142547,Grundschule Wolkenstein,,,,,,,,,,,,,,,,,,,,,,,,True,52.565157570402185,13.419655127618876,True,True
121173258,11003003,Trelleborg Schule,52.55564030653632,13.422473263976308,"POLYGON ((13.4217127 52.5560691, 13.4217142 52.5559534, 13.4217158 52.5558225, 13.4217172 52.555725, 13.4217186 52.555559, 13.4217201 52.5554521, 13.4217208 52.5554337, 13.4217217 52.5553455, 13.4217232 52.5552206, 13.4217243 52.555185, 13.4226166 52.5551951, 13.4233365 52.5551958, 13.4231166 52.5561138, 13.4226779 52.5561107, 13.4222924 52.5561083, 13.4217127 52.5561053, 13.4217127 52.5560691))",0307,Pankow,Pankow,OSM,OSM_SCHOOLS,03G41,OSM_SCHOOLS,way:121173258,Trelleborg Schule,,,,,,,,,,"Eschengraben 40, 13189 Berlin",Eschengraben,40,13189,Berlin,,,,,+4930 479018 610,trelleborg-schule-sekretariat@t-online.de,https://www.trelleborg-schule.de/,,,True,52.55564030653632,13.422473263976308,True,True
121173498,11003003,Primo-Levi-Schule,52.553778613891794,13.453054920111807,"POLYGON ((13.4533881 52.5535929, 13.452899 52.5534704, 13.452884 52.5534909, 13.4528778 52.5534994, 13.4528582 52.5535262, 13.4526836 52.5534823, 13.4522484 52.5538016, 13.4530452 52.5541887, 13.4533983 52.5539191, 13.4534451 52.5539079, 13.4534557 52.5539054, 13.4536012 52.5538713, 13.4537147 52.5538437, 13.4537018 52.5538227, 13.4539012 52.5537732, 13.4538836 52.5537459, 13.4537512 52.5535406, 13.4537049 52.5535518, 13.4536923 52.5535387, 13.4536698 52.5535415, 13.4536561 52.5535264, 13.4533881 52.5535929))",0302,Pankow,Weißensee,OSM,OSM_SCHOOLS,03Y14b,OSM_SCHOOLS,way:121173498,Primo-Levi-Schule,,,,,,,,,,"Woelckpromenade 38, 13086 Berlin",Woelckpromenade,38,13086,Berlin,,,,,,,,,,True,52.553778613891794,13.453054920111807,True,True
121239913,,Grüner Campus Malchow - Fontane-Campus,52.569276136946264,13.492141393417741,"POLYGON ((13.4930498 52.5681948, 13.4930927 52.5683302, 13.4930881 52.5683638, 13.4930729 52.5683936, 13.4930521 52.5684213, 13.4929928 52.5684523, 13.4930885 52.5685284, 13.4930388 52.56858, 13.4928438 52.5687531, 13.4935714 52.5690664, 13.493016 52.5695434, 13.4928566 52.5696852, 13.4931551 52.5698231, 13.4930965 52.5698899, 13.4932265 52.5699461, 13.4929693 52.5701632, 13.4925721 52.5699948, 13.4922611 52.570288, 13.4918002 52.5702028, 13.4917214 52.5701792, 13.4913146 52.5700057, 13.491352 52.5699747, 13.4913281 52.5699576, 13.4912387 52.5699219, 13.4910659 52.5698481, 13.490567 52.5696365, 13.4906753 52.5695422, 13.4906086 52.5695138, 13.4918309 52.5684473, 13.4920485 52.568258, 13.4930498 52.5681948))",,,,OSM,OSM_SCHOOLS,,OSM_SCHOOLS,way:121239913,Grüner Campus Malchow - Fontane-Campus,,,,,,,,,,"Doberaner Straße 53, 13051 Berlin",Doberaner Straße,53,13051,Berlin,,,,,+49 30 920 936 590,,http://www.gruener-campus-malchow.de,,,True,52.569276136946264,13.492141393417741,False,False
121240051,11011011,Schul-Drehscheibe Wustrower Straße,52.56815985308506,13.507266321699767,"POLYGON ((13.5052141 52.569038, 13.5053807 52.5691072, 13.5053984 52.5691147, 13.5056705 52.5692311, 13.5066035 52.5696314, 13.5066721 52.5696403, 13.5077713 52.5686898, 13.5081834 52.5683367, 13.5083885 52.5681606, 13.5085856 52.5679792, 13.50864 52.5679601, 13.508856 52.5680507, 13.5092369 52.5677205, 13.5082015 52.5672803, 13.5086629 52.566919, 13.5088603 52.5667613, 13.508464 52.5665958, 13.5081573 52.5664633, 13.5075789 52.5669727, 13.5075446 52.5670012, 13.5074439 52.5670897, 13.5071566 52.567342, 13.5069621 52.5675118, 13.5069425 52.5675289, 13.50643 52.5679764, 13.5055385 52.5687548, 13.5052141 52.569038))",1109,Lichtenberg,Neu-Hohenschönhausen,OSM,OSM_SCHOOLS,11XD01,OSM_SCHOOLS,way:121240051,Schul-Drehscheibe Wustrower Straße,,,,,,,,,,"Wustrower Straße 22, 13051 Berlin",Wustrower Straße,22,13051,Berlin,,,,,,,,,,True,52.56815985308506,13.507266321699767,True,True
121240444,11010010,Grundschule am Bürgerpark,52.55069623458166,13.565004924421011,"POLYGON ((13.5646957 52.5501758, 13.5646549 52.550187, 13.5644465 52.5499394, 13.5643734 52.5499245, 13.5637458 52.5501232, 13.563967 52.5503797, 13.5642158 52.550688, 13.5643083 52.5506602, 13.5646155 52.5510051, 13.5640839 52.5512181, 13.5643702 52.5515475, 13.564815 52.5514063, 13.5648823 52.5514823, 13.565604 52.5512562, 13.5661614 52.5510815, 13.5661783 52.5510754, 13.566128 52.5510172, 13.5661699 52.5510054, 13.5658749 52.5506559, 13.5660776 52.5505946, 13.5660666 52.5505819, 13.5658552 52.5503391, 13.5658451 52.5503275, 13.5655508 52.5499816, 13.5655274 52.5499542, 13.5649956 52.550121, 13.5649218 52.5501439, 13.5648933 52.5501122, 13.5646957 52.5501758))",1001,Marzahn-Hellersdorf,Marzahn,OSM,OSM_SCHOOLS,10G09,OSM_SCHOOLS,way:121240444,Grundschule am Bürgerpark,,,,,,,,,,"Jan-Petersen-Straße 18B, 12679 Berlin",Jan-Petersen-Straße,18B,12679,Berlin,,,,,,,https://www.gs-am-buergerpark.de/,,,True,52.55069623458166,13.565004924421011,True,True
121240752,11010010,Ernst-Haeckel-Oberschule,52.54293540705081,13.58632815473208,"POLYGON ((13.5878966 52.5431937, 13.5880634 52.5431908, 13.5884946 52.5431705, 13.5886234 52.543179, 13.5886266 52.5428292, 13.5886931 52.5428276, 13.5886857 52.5424626, 13.587572 52.5424692, 13.5875075 52.5424696, 13.5867308 52.5424706, 13.5865083 52.5424632, 13.5864307 52.5424606, 13.5864439 52.5425724, 13.5864817 52.54265, 13.5864374 52.5426663, 13.5864111 52.542657, 13.5858104 52.5426831, 13.5855279 52.5427211, 13.585526 52.5425193, 13.5855259 52.5425119, 13.5855254 52.5424566, 13.5854906 52.5424567, 13.5852492 52.5424577, 13.584526 52.5424606, 13.5845262 52.5424885, 13.5845275 52.5426562, 13.5845279 52.5427134, 13.584528 52.5427288, 13.5845283 52.5427671, 13.5842916 52.5427671, 13.5842855 52.5431924, 13.5842818 52.5434509, 13.5842796 52.5436084, 13.5854219 52.543452, 13.5854376 52.5434498, 13.5854545 52.5434475, 13.5868718 52.5432522, 13.5868572 52.5432161, 13.5868809 52.5432088, 13.5869122 52.5432002, 13.5869565 52.5432277, 13.587652 52.5432069, 13.5878966 52.5431937))",1005,Marzahn-Hellersdorf,Hellersdorf,OSM,OSM_SCHOOLS,10K02,OSM_SCHOOLS,way:121240752,Ernst-Haeckel-Oberschule,,,,,,,,,,"Luckenwalder Straße 53, 12629 Berlin",Luckenwalder Straße,53,12629,Berlin,,,,,,,https://haeckel-os.de/,,,True,52.54293540705081,13.58632815473208,True,True
121240847,11010010,Wolfgang-Amadeus-Mozart-Schule,52.537193962021156,13.596884807530664,"POLYGON ((13.5977685 52.5366947, 13.5972773 52.5366527, 13.5969854 52.536626, 13.5969868 52.5366199, 13.596897 52.5366121, 13.5968032 52.536604, 13.5965759 52.5365833, 13.5964045 52.5365682, 13.5962869 52.5365243, 13.5960187 52.5365117, 13.5957218 52.5364978, 13.5957037 52.5364955, 13.5956749 52.5365011, 13.5959899 52.5370405, 13.5961437 52.5373157, 13.5963056 52.5376055, 13.5976435 52.538126, 13.5977876 52.5375256, 13.597794 52.5374988, 13.5976611 52.5374866, 13.5975861 52.5374714, 13.5975999 52.537403, 13.5977685 52.5366947))",1005,Marzahn-Hellersdorf,Hellersdorf,OSM,OSM_SCHOOLS,10K10,OSM_SCHOOLS,way:121240847,Wolfgang-Amadeus-Mozart-Schule,,,,,,,,,,"Cottbusser Straße 23, 12627 Berlin",Cottbusser Straße,23,12627,Berlin,,,,,,,,,,True,52.537193962021156,13.596884807530664,True,True
121284951,11007007,Mascha-Kaléko-Grundschule,52.44721450056418,13.383673238870921,"POLYGON ((13.3826649 52.4476483, 13.3835832 52.4476995, 13.3836326 52.4473703, 13.3840163 52.4473917, 13.3841989 52.4474019, 13.3842749 52.4474062, 13.3843381 52.4474097, 13.3845667 52.4474224, 13.3845964 52.4472245, 13.384619 52.4470738, 13.3846557 52.4468293, 13.3834629 52.4467628, 13.3833987 52.4467592, 13.3833969 52.4467762, 13.3833808 52.4468791, 13.3833377 52.447165, 13.3827424 52.4471318, 13.3826649 52.4476483))",0704,Tempelhof-Schöneberg,Mariendorf,OSM,OSM_SCHOOLS,07G25,OSM_SCHOOLS,way:121284951,Mascha-Kaléko-Grundschule,,,,,,,,,,"Königstraße 32, 12105 Berlin",Königstraße,32,12105,Berlin,,,,,+49 30 90277 7461,sekretariat@mascha-kaleko-grundschule.de,https://www.mascha-kaleko-grundschule.de,,,True,52.44721450056418,13.383673238870921,True,True
121296672,11012012,Grundschule am Schäfersee,52.562735271761895,13.355788593993,"POLYGON ((13.3557973 52.5633499, 13.355992 52.5629358, 13.3562182 52.5629735, 13.3563081 52.5627861, 13.3565067 52.5623731, 13.3565318 52.5623214, 13.356582 52.5622179, 13.3561049 52.562246, 13.3555297 52.5622419, 13.3552335 52.5628533, 13.3550536 52.5632245, 13.3557973 52.5633499))",1201,Reinickendorf,Reinickendorf,OSM,OSM_SCHOOLS,12G02,OSM_SCHOOLS,way:121296672,Grundschule am Schäfersee,,,,,,,,,,,,,,,,,,,+4930 4567474,mail@schaefersee-grundschule.de,https://www.schaefersee-grundschule.de/,,,True,52.562735271761895,13.355788593993,True,True
121296686,11012012,Georg-Schlesinger-Schule,52.56203258306996,13.36987010980421,"POLYGON ((13.3698215 52.5631436, 13.3698444 52.5629439, 13.3687141 52.5628969, 13.369 52.5613554, 13.3690286 52.5612051, 13.3690499 52.5610628, 13.3691297 52.5610641, 13.3712919 52.5611006, 13.3711904 52.5611699, 13.3711166 52.5612346, 13.3710393 52.5613107, 13.370973 52.5614, 13.3709188 52.5614897, 13.3708891 52.5615649, 13.3705413 52.5631649, 13.3698215 52.5631436))",1201,Reinickendorf,Reinickendorf,OSM,OSM_SCHOOLS,12B01,OSM_SCHOOLS,way:121296686,Georg-Schlesinger-Schule,,,,,,,,,,,,,,,,,,,,,,,,True,52.56203258306996,13.36987010980421,True,True
121296687,11001001,Oberstufenzentrum Gesundheit I,52.558163614403355,13.354723548267549,"POLYGON ((13.3546082 52.5588696, 13.3542185 52.5586732, 13.3538654 52.558467, 13.3529768 52.557884, 13.3535528 52.5575053, 13.3538413 52.5573082, 13.3541017 52.5574294, 13.3552971 52.5578166, 13.3560053 52.5580492, 13.3564742 52.5584675, 13.3559554 52.5589783, 13.354987 52.5585455, 13.3546082 52.5588696))",0105,Mitte,Wedding,OSM,OSM_SCHOOLS,01B04,OSM_SCHOOLS,way:121296687,Oberstufenzentrum Gesundheit I,,,,,,,,,,"Schwyzer Straße 6-8, 13349 Berlin",Schwyzer Straße,6-8,13349,Berlin,,,,,,,,,,True,52.558163614403355,13.354723548267549,True,True
121429710,11006006,,52.437036784693866,13.25418341202644,"POLYGON ((13.2538642 52.43676, 13.2540699 52.4366782, 13.2541897 52.4367084, 13.2544297 52.4367689, 13.254762 52.4370871, 13.2545136 52.4371901, 13.254591 52.4372641, 13.2541439 52.4374476, 13.2536027 52.4369442, 13.2536598 52.4369212, 13.2537719 52.4368749, 13.2537876 52.4368682, 13.2537727 52.4367978, 13.2538642 52.43676))",0604,Steglitz-Zehlendorf,Zehlendorf,OSM,OSM_SCHOOLS,,OSM_SCHOOLS,way:121429710,,,,,,,,,,,,,,,,,,,,,,,,,True,52.437036784693866,13.25418341202644,True,True
121553901,11003003,Picasso-Grundschule - Nebengebäude,52.547692224556556,13.4600196360685,"POLYGON ((13.4598104 52.547832, 13.4598356 52.5477894, 13.4598436 52.5477911, 13.4598769 52.5477347, 13.4598683 52.5477328, 13.4599441 52.5476042, 13.4599528 52.5476061, 13.4599877 52.5475469, 13.4599763 52.5475444, 13.4600009 52.5475027, 13.4600021 52.5475007, 13.4602811 52.5475616, 13.4602425 52.5476271, 13.4601164 52.5475996, 13.4600879 52.5476479, 13.4600959 52.5476496, 13.4600399 52.5477445, 13.460034 52.5477432, 13.4600047 52.5477928, 13.4601287 52.5478198, 13.4601271 52.5478226, 13.4601142 52.5478445, 13.4600861 52.5478922, 13.4599804 52.5478691, 13.4598104 52.547832))",0302,Pankow,Weißensee,OSM,OSM_SCHOOLS,03G18b,OSM_SCHOOLS,way:121553901,Picasso-Grundschule - Nebengebäude,,,,,,,,,,,,,,,,,,,,,,,,True,52.547692224556556,13.4600196360685,True,True
121635163,11005005,Grundschule am Wasserwerk,52.55583487206258,13.16449632330722,"POLYGON ((13.1636931 52.5553572, 13.1641911 52.5553056, 13.16416 52.555184, 13.1648773 52.5551186, 13.1649076 52.5552353, 13.164998 52.5552267, 13.1653114 52.5563437, 13.1652454 52.5563548, 13.1646208 52.556481, 13.1645537 52.5564946, 13.1644723 52.5565007, 13.1643999 52.5564967, 13.1643355 52.5564857, 13.1643084 52.5564757, 13.1642751 52.5564633, 13.1642262 52.5564453, 13.1641692 52.5564363, 13.1641142 52.5564351, 13.1640464 52.5564412, 13.1639398 52.5564604, 13.1636931 52.5553572))",0508,Spandau,Falkenhagener Feld,OSM,OSM_SCHOOLS,05G25,OSM_SCHOOLS,way:121635163,Grundschule am Wasserwerk,,,,,,,,,,"Pionierstraße 197, 13589 Berlin",Pionierstraße,197,13589,Berlin,,,,,+49 30 83246,kontakt@zwei-schulen.de,http://grundschule-in-berlin.de/spandau-5/falkenhagener-feld-508/grundschule-am-wasserwerk-05G25/,,,True,52.55583487206258,13.16449632330722,True,True
121635379,11004004,Heinz-Berggruen-Gymnasium,52.51144082830098,13.266664064707065,"POLYGON ((13.267096 52.5107384, 13.2678168 52.511096, 13.2676938 52.5111737, 13.2674057 52.5113555, 13.2664155 52.5119805, 13.2663236 52.5120364, 13.266134 52.5121569, 13.2655339 52.5117687, 13.2658564 52.5115744, 13.266144 52.5113948, 13.2661742 52.5113756, 13.2661997 52.5113594, 13.2663616 52.511254, 13.2665985 52.5110933, 13.2668225 52.5109374, 13.2668249 52.5109354, 13.2668514 52.5109154, 13.2668814 52.5108931, 13.267096 52.5107384))",0405,Charlottenburg-Wilmersdorf,Westend,OSM,OSM_SCHOOLS,04Y06,OSM_SCHOOLS,way:121635379,Heinz-Berggruen-Gymnasium,,,,,,,,,,"Bayernallee 4, 14052 Berlin",Bayernallee,4,14052,Berlin,Bezirksamt Charlottenburg-Wilmersdorf von Berlin,,,,+49 30 902928700,info@hbgym.de,https://hbgym.de,,,True,52.51144082830098,13.266664064707065,True,True
121636011,11001001,Theodor-Heuss-Gemeinschaftsschule (Mittel- und Oberstufe),52.53514030580596,13.353847653923708,"POLYGON ((13.3533975 52.5347055, 13.35336 52.5348326, 13.3533548 52.5348501, 13.3532998 52.5350376, 13.3531573 52.5350213, 13.353058 52.5350101, 13.3529595 52.5349991, 13.3526719 52.5349667, 13.3525737 52.5349557, 13.3525222 52.535129, 13.3524751 52.5352875, 13.3524946 52.5352897, 13.353192 52.5353679, 13.3532507 52.5353745, 13.3540708 52.5354665, 13.354336 52.5354963, 13.3544423 52.5355082, 13.3544675 52.535511, 13.3548267 52.5355513, 13.3548632 52.5354267, 13.3549149 52.5352502, 13.3549423 52.5351566, 13.3548357 52.5351008, 13.3548252 52.5350998, 13.3548234 52.5351001, 13.3547395 52.5350902, 13.3547377 52.53509, 13.354806 52.5348636, 13.3546396 52.534845, 13.3543604 52.5348136, 13.3542705 52.5348035, 13.3539485 52.5347674, 13.3538846 52.5347602, 13.3536535 52.5347343, 13.3534504 52.5347115, 13.3534076 52.5347067, 13.3533975 52.5347055))",0102,Mitte,Moabit,OSM,OSM_SCHOOLS,01K10,OSM_SCHOOLS,way:121636011,Theodor-Heuss-Gemeinschaftsschule (Mittel- und Oberstufe),,,,,,,,,,"Quitzowstraße 141, 10559 Berlin",Quitzowstraße,141,10559,Berlin,Bezirksamt Mitte von Berlin,,,,,,https://thgberlin.de,,,True,52.53514030580596,13.353847653923708,True,True
121660191,11001001,Gymnasium Tiergarten,52.5198492529439,13.339736448613387,"POLYGON ((13.3405954 52.5198889, 13.3397731 52.5191031, 13.3392443 52.5193063, 13.3392163 52.5193452, 13.3391358 52.5193766, 13.3390776 52.5193998, 13.3389484 52.5194512, 13.3391434 52.5196381, 13.3391783 52.5196846, 13.3389866 52.5197331, 13.3389627 52.5197391, 13.3391533 52.520018, 13.3391747 52.5200126, 13.3394073 52.5199537, 13.3395154 52.5200957, 13.3397959 52.5206363, 13.3396955 52.5206563, 13.3398085 52.5208761, 13.3398328 52.5208717, 13.3399633 52.5208474, 13.3399681 52.5208567, 13.3400009 52.5208504, 13.3400526 52.5209562, 13.3402782 52.5209136, 13.3397591 52.5200803, 13.3400674 52.5200086, 13.3405729 52.519894, 13.3405954 52.5198889))",0103,Mitte,Hansaviertel,OSM,OSM_SCHOOLS,01Y12,OSM_SCHOOLS,way:121660191,Gymnasium Tiergarten,,,,,,,,,,"Altonaer Straße 26, 10555 Berlin",Altonaer Straße,26,10555,Berlin,Bezirksamt Mitte von Berlin,,,,+49 30 3980097 10,sekretariat@gymnasium-tiergarten.de,https://gymnasium-tiergarten.de/,,,True,52.5198492529439,13.339736448613387,True,True
121660192,11001001,Hansa-Grundschule,52.52148878793101,13.34080527864393,"POLYGON ((13.3411751 52.5208029, 13.340292 52.5209594, 13.3402695 52.5209146, 13.3400526 52.5209562, 13.3400009 52.5208504, 13.3399681 52.5208567, 13.3399633 52.5208474, 13.3398328 52.5208717, 13.3399725 52.5212504, 13.3400411 52.5214068, 13.3401681 52.5213819, 13.3402053 52.5214554, 13.3402431 52.5215301, 13.340273 52.5215248, 13.3404175 52.521807, 13.3404359 52.521843, 13.3403907 52.5218733, 13.3405424 52.5219754, 13.3407527 52.5220884, 13.3408324 52.5221215, 13.340915 52.5221492, 13.341082 52.5221983, 13.3412775 52.5222431, 13.3414706 52.5222831, 13.3415909 52.5222656, 13.3415794 52.522224, 13.3413878 52.5215289, 13.3412838 52.5211637, 13.3411751 52.5208029))",0103,Mitte,Hansaviertel,OSM,OSM_SCHOOLS,01G19,OSM_SCHOOLS,way:121660192,Hansa-Grundschule,,,,,,,,,,"Lessingstraße 5, 10555 Berlin",Lessingstraße,5,10555,Berlin,,,,,,,,,,True,52.52148878793101,13.34080527864393,True,True
121705490,11001001,Max-Planck-Gymnasium,52.516023497446525,13.423278393989952,"POLYGON ((13.4224553 52.5155499, 13.422921 52.5154261, 13.4230689 52.5155857, 13.4244287 52.5151725, 13.4244766 52.515183, 13.4247496 52.5154909, 13.4246836 52.5155107, 13.4247171 52.5155478, 13.4247531 52.5155877, 13.4243255 52.5157267, 13.4243562 52.5157651, 13.4237909 52.5159445, 13.4238725 52.5160369, 13.4234529 52.5161776, 13.4237414 52.5165424, 13.4224911 52.5169527, 13.4224518 52.5169439, 13.4222191 52.5166327, 13.4222608 52.5165957, 13.4220285 52.516285, 13.4220674 52.5162726, 13.4228482 52.5160351, 13.4227469 52.5159126, 13.4227095 52.5159243, 13.4226695 52.5158728, 13.4226427 52.5158383, 13.4226769 52.5158281, 13.4226371 52.51578, 13.4225506 52.5156705, 13.4224553 52.5155499))",0101,Mitte,Mitte,OSM,OSM_SCHOOLS,01Y11,OSM_SCHOOLS,way:121705490,Max-Planck-Gymnasium,,,,,,,,,,"Singerstraße 8A, 10179",Singerstraße,8A,10179,,,,,,,,,,,True,52.516023497446525,13.423278393989952,True,True
121770906,11004004,Schinkel-Grundschule,52.51797681486762,13.299013971146435,"POLYGON ((13.2985521 52.5175673, 13.2988478 52.5175858, 13.2989013 52.5175884, 13.2992214 52.5176081, 13.2993251 52.5176145, 13.2994741 52.5176237, 13.2995747 52.5176293, 13.2997741 52.517641, 13.2997587 52.5177437, 13.2997094 52.5180395, 13.2996958 52.5181291, 13.2996915 52.5181473, 13.2994971 52.5181379, 13.2993553 52.518131, 13.2990837 52.5181183, 13.2990534 52.5182707, 13.2990449 52.5183177, 13.2990236 52.518425, 13.2989149 52.5184409, 13.2989226 52.5184623, 13.298875 52.5184826, 13.2988387 52.518498, 13.2987573 52.5184953, 13.2986549 52.5184921, 13.2983997 52.5184829, 13.298416 52.5183803, 13.2984342 52.518273, 13.2984914 52.5179356, 13.2985026 52.5178594, 13.2985394 52.5176486, 13.2985521 52.5175673))",0401,Charlottenburg-Wilmersdorf,Charlottenburg,OSM,OSM_SCHOOLS,04G12,OSM_SCHOOLS,way:121770906,Schinkel-Grundschule,,,,,,,,,,"Nithackstraße 8-12, 10585 Berlin",Nithackstraße,8-12,10585,Berlin,,,,,,,,,,True,52.51797681486762,13.299013971146435,True,True
121771259,11004004,Oberstufenzentrum Kraftfahrzeugtechnik,52.51634115104832,13.301668341876393,"POLYGON ((13.3019004 52.5169612, 13.3021196 52.5168268, 13.3021315 52.5168152, 13.30214 52.5167895, 13.3021349 52.5167718, 13.3021264 52.5167624, 13.3022025 52.5167247, 13.3022961 52.5161798, 13.3020215 52.5161678, 13.3020282 52.5161269, 13.3020904 52.5157499, 13.3018685 52.5157374, 13.3017852 52.5157318, 13.3016362 52.5157235, 13.3016274 52.5157763, 13.30162 52.5158204, 13.3015948 52.5159708, 13.3015734 52.5160987, 13.3014739 52.5160951, 13.301453 52.5160943, 13.3014538 52.5160906, 13.3014551 52.5160848, 13.3012931 52.5160746, 13.3011713 52.5160669, 13.3010865 52.5160615, 13.3010107 52.5160569, 13.3010021 52.5160561, 13.3009995 52.516074, 13.3009944 52.5161047, 13.3009509 52.5163646, 13.300934 52.5164711, 13.3009191 52.5165604, 13.3009142 52.51659, 13.3009091 52.5166146, 13.3009205 52.5166152, 13.3010173 52.5166214, 13.3010925 52.5166262, 13.3017221 52.5166688, 13.301711 52.516737, 13.3016976 52.5168363, 13.3018013 52.5168986, 13.3018935 52.5169569, 13.3019004 52.5169612))",0401,Charlottenburg-Wilmersdorf,Charlottenburg,OSM,OSM_SCHOOLS,04B03,OSM_SCHOOLS,way:121771259,Oberstufenzentrum Kraftfahrzeugtechnik,,,,,,,,,,"Gierkeplatz 1-3, 10585 Berlin",Gierkeplatz,1-3,10585,Berlin,,,,,,,,,,True,52.51634115104832,13.301668341876393,True,True
121771293,11004004,Schule am Schloss,52.51636215972451,13.297665060102235,"POLYGON ((13.2974993 52.5168479, 13.2975203 52.5167301, 13.297535 52.5166342, 13.2975526 52.5165391, 13.2975612 52.5164838, 13.2974044 52.516475, 13.2973616 52.5164728, 13.297396 52.5162442, 13.2973789 52.5162428, 13.2973338 52.5162408, 13.2972253 52.5162358, 13.2969861 52.5162249, 13.2968685 52.5162131, 13.296905 52.5158447, 13.297809 52.5159053, 13.2977694 52.5161228, 13.2979041 52.5161311, 13.2978751 52.51636, 13.2983855 52.5163906, 13.298356 52.5165755, 13.2983298 52.51674, 13.2983054 52.5168926, 13.2974993 52.5168479))",0401,Charlottenburg-Wilmersdorf,Charlottenburg,OSM,OSM_SCHOOLS,04K06,OSM_SCHOOLS,way:121771293,Schule am Schloss,,,,,,,,,,"Schloßstraße 55A, 14059 Berlin",Schloßstraße,55A,14059,Berlin,,,,,+4930 9029241 10,sekretariat-schule-am-schloss@t-online.de,http://www.schule-am-schloss-berlin.de/,,,True,52.51636215972451,13.297665060102235,True,True
121771669,11004004,Nehring-Grundschule,52.51440186199626,13.292698015229156,"POLYGON ((13.2935192 52.5146244, 13.2940599 52.5146623, 13.294051 52.5147139, 13.2940377 52.5147864, 13.2940028 52.5149766, 13.2939854 52.5150715, 13.2938158 52.51506, 13.2938268 52.5150003, 13.2935653 52.5149826, 13.2935594 52.5150146, 13.2934478 52.515007, 13.2934357 52.5150501, 13.2933977 52.5150483, 13.2926297 52.5150027, 13.2926541 52.5148963, 13.2923658 52.5148798, 13.2923361 52.5149907, 13.2915307 52.5149415, 13.2915876 52.5146737, 13.2917625 52.514682, 13.2918354 52.5143077, 13.2916205 52.5142938, 13.2917264 52.513672, 13.2925552 52.5137197, 13.2925509 52.513766, 13.2936203 52.513833, 13.2935192 52.5146244))",0401,Charlottenburg-Wilmersdorf,Charlottenburg,OSM,OSM_SCHOOLS,"04G13, 04K05b",OSM_SCHOOLS,way:121771669,Nehring-Grundschule,,,,,,,,,,"Nehringstraße 9, 14059 Berlin",Nehringstraße,9,14059,Berlin,,,,,,,,,,True,52.51440186199626,13.292698015229156,True,True
121820795,11004004,Eichendorff-Grundschule,52.50950317105334,13.312841432109403,"POLYGON ((13.3119917 52.5089777, 13.3121167 52.5092292, 13.3122617 52.5095235, 13.3119186 52.5096052, 13.3118636 52.5096199, 13.3121929 52.510131, 13.3125213 52.5100534, 13.3125357 52.5100792, 13.3127762 52.5100642, 13.3128564 52.5100592, 13.3131939 52.5100382, 13.3134775 52.5100206, 13.3134741 52.5100121, 13.313416 52.509853, 13.3133586 52.5096962, 13.313434 52.509692, 13.3136436 52.5096807, 13.3137639 52.5096745, 13.3136961 52.5091628, 13.31369 52.5089694, 13.3128771 52.5089742, 13.3128778 52.5090227, 13.3127465 52.5090229, 13.3127445 52.5089744, 13.3121226 52.5089771, 13.3119917 52.5089777))",0401,Charlottenburg-Wilmersdorf,Charlottenburg,OSM,OSM_SCHOOLS,04G01,OSM_SCHOOLS,way:121820795,Eichendorff-Grundschule,,,,,,,,,,"Goethestraße 19-24, 10625 Berlin",Goethestraße,19-24,10625,Berlin,,,,,,,,,,True,52.50950317105334,13.312841432109403,True,True
121821297,11004004,Lietzensee-Grundschule,52.50927897887895,13.295180695680038,"POLYGON ((13.2944889 52.5091812, 13.2948862 52.5090541, 13.2950742 52.5089915, 13.2953119 52.5089139, 13.295464 52.5088664, 13.2957679 52.5093662, 13.2957996 52.5094234, 13.2957023 52.5094536, 13.2954872 52.5095214, 13.2953659 52.5095584, 13.2949816 52.5096825, 13.2949054 52.5096092, 13.2949183 52.5096038, 13.2948009 52.5094845, 13.2947893 52.5094892, 13.2946709 52.5093674, 13.2946803 52.509363, 13.2945637 52.5092443, 13.2945532 52.5092473, 13.2944889 52.5091812))",0401,Charlottenburg-Wilmersdorf,Charlottenburg,OSM,OSM_SCHOOLS,04G02,OSM_SCHOOLS,way:121821297,Lietzensee-Grundschule,,,,,,,,,,"Witzlebenstraße 34-35, 14057 Berlin",Witzlebenstraße,34-35,14057,Berlin,,,,,,,,,,True,52.50927897887895,13.295180695680038,True,True
121821490,11004004,Joan-Miró-Grundschule,52.50408501904433,13.320994663175881,"POLYGON ((13.32069 52.5048025, 13.320678 52.5047316, 13.3205905 52.5047387, 13.3205819 52.5046789, 13.3205636 52.5045527, 13.3205513 52.5044677, 13.3205422 52.5044049, 13.3205042 52.5041431, 13.320496 52.5040868, 13.3204818 52.5039888, 13.3204662 52.5038549, 13.3203462 52.5038607, 13.3203268 52.5038615, 13.3199488 52.503882, 13.3198906 52.5034787, 13.3201367 52.5034644, 13.3205394 52.5034409, 13.3206041 52.5034372, 13.3210637 52.5034106, 13.3211343 52.5034065, 13.3212435 52.5034002, 13.3217648 52.5033731, 13.321793 52.5033684, 13.3218292 52.5036057, 13.3218035 52.5036054, 13.3215668 52.5036199, 13.3212684 52.503636, 13.3211673 52.5036421, 13.3211986 52.503871, 13.3212363 52.5041038, 13.3213385 52.5041026, 13.3215895 52.5040884, 13.3218976 52.5040705, 13.3219308 52.5042935, 13.3217835 52.504301, 13.3216214 52.5043189, 13.3215104 52.5043314, 13.3215194 52.5043928, 13.3215208 52.5044043, 13.3215238 52.5044247, 13.3215503 52.5046077, 13.3215595 52.5046723, 13.3219857 52.5046474, 13.3220174 52.5048481, 13.3216028 52.5048726, 13.321253 52.5048901, 13.3211126 52.5047805, 13.32069 52.5048025))",0401,Charlottenburg-Wilmersdorf,Charlottenburg,OSM,OSM_SCHOOLS,04G04,OSM_SCHOOLS,way:121821490,Joan-Miró-Grundschule,,,,,,,,,,"Bleibtreustraße 43, 10623",Bleibtreustraße,43,10623,,,,,,+4930 9029281 00,mail@joan-miro-grundschule.de,https://www.joan-miro-grundschule.de/,,,True,52.50408501904433,13.320994663175881,True,True
121901347,11001001,Freie Waldorfschule Berlin-Mitte,52.526203418907144,13.405324977136404,"POLYGON ((13.404304 52.5266955, 13.4044439 52.5266503, 13.404607 52.5265943, 13.4048388 52.5265167, 13.4049346 52.5266236, 13.4050881 52.5265614, 13.4052488 52.5267489, 13.4053291 52.526844, 13.4066572 52.5264558, 13.4065684 52.5263238, 13.4064802 52.5261576, 13.406442 52.5261029, 13.4063854 52.5259978, 13.4063668 52.5260145, 13.4061147 52.5257885, 13.406022 52.5257053, 13.4058702 52.5255654, 13.4055142 52.5257247, 13.4054187 52.5257672, 13.4054212 52.5257729, 13.4054179 52.5257797, 13.4054105 52.525784, 13.4054003 52.5257861, 13.4053925 52.5257852, 13.405376 52.5257788, 13.4053606 52.5257707, 13.4053145 52.5257906, 13.4051969 52.5256936, 13.4051598 52.5256901, 13.4051386 52.5256997, 13.4051361 52.5257137, 13.4051121 52.5257233, 13.4051074 52.5257196, 13.4050961 52.5257231, 13.4050924 52.5257197, 13.4050491 52.5257374, 13.4049202 52.525623, 13.4048527 52.5256536, 13.4040193 52.5260308, 13.404304 52.5266955))",0101,Mitte,Mitte,OSM,OSM_SCHOOLS,01P04,OSM_SCHOOLS,way:121901347,Freie Waldorfschule Berlin-Mitte,,,,,,,,,,,,,,,,,,,,,,,,True,52.526203418907144,13.405324977136404,True,True
121955303,11001001,Allegro-Grundschule,52.502601291077106,13.362690084108975,"POLYGON ((13.3625526 52.5035409, 13.3623571 52.5030483, 13.3621281 52.5030803, 13.361769 52.5020267, 13.3617018 52.5018275, 13.3618043 52.5018128, 13.3623594 52.5017128, 13.3622815 52.5015583, 13.3625307 52.5014863, 13.3627388 52.5018051, 13.3628699 52.5020102, 13.3629005 52.5020582, 13.3629449 52.5021271, 13.3629729 52.5021706, 13.362986 52.5021909, 13.362997 52.5022075, 13.3632647 52.5026236, 13.3636435 52.5025042, 13.3638701 52.5028141, 13.3634506 52.5029119, 13.3636275 52.503191, 13.3637146 52.5033284, 13.3633282 52.503399, 13.3632333 52.5034164, 13.3632198 52.5033995, 13.3632071 52.5033969, 13.3632036 52.5033896, 13.3631827 52.5033944, 13.3631568 52.5034003, 13.3631581 52.5034068, 13.3631446 52.5034139, 13.3631534 52.5034308, 13.3627467 52.5035054, 13.3625526 52.5035409))",0104,Mitte,Tiergarten,OSM,OSM_SCHOOLS,01G44,OSM_SCHOOLS,way:121955303,Allegro-Grundschule,,,,,,,,,,"Lützowstraße 83-85, 10785 Berlin",Lützowstraße,83-85,10785,Berlin,,,,,,,https://www.allegro-grundschule.de/,,,True,52.502601291077106,13.362690084108975,True,True
121955317,11004004,Otto-von-Guericke-Oberschule,52.49245354453597,13.305642429632144,"POLYGON ((13.3056035 52.4921167, 13.3063115 52.4920957, 13.3063263 52.4925081, 13.306331 52.4928057, 13.3060073 52.4928953, 13.3058791 52.4927459, 13.3058348 52.4926967, 13.30582 52.4926771, 13.3054653 52.4927869, 13.304963 52.4928032, 13.3049432 52.492595, 13.3049223 52.4923151, 13.3049073 52.4921332, 13.3056035 52.4921167))",0402,Charlottenburg-Wilmersdorf,Wilmersdorf,OSM,OSM_SCHOOLS,04K09,OSM_SCHOOLS,way:121955317,Otto-von-Guericke-Oberschule,,,,,,,,,,,,,,,,,,,,,,,,True,52.49245354453597,13.305642429632144,True,True
121955959,11004004,Finkenkrug-Schule,52.48454762605787,13.316492059884508,"POLYGON ((13.3171859 52.4841933, 13.317206 52.4847814, 13.3172025 52.4849281, 13.3157706 52.4848738, 13.315767 52.4841917, 13.3167004 52.4841928, 13.3167802 52.4841928, 13.3171859 52.4841933))",0402,Charlottenburg-Wilmersdorf,Wilmersdorf,OSM,OSM_SCHOOLS,04S06,OSM_SCHOOLS,way:121955959,Finkenkrug-Schule,,,,,,,,,,,,,,,,,,,,,,,,True,52.48454762605787,13.316492059884508,True,True
121957412,11004004,Volkshochschule City West,52.483057764697655,13.33241090124212,"POLYGON ((13.3317427 52.4838146, 13.331745 52.4835573, 13.3315094 52.4835549, 13.33152 52.482958, 13.3315233 52.4828715, 13.3331116 52.4819017, 13.3330609 52.4838251, 13.3317427 52.4838146))",0402,Charlottenburg-Wilmersdorf,Wilmersdorf,OSM,OSM_SCHOOLS,,OSM_SCHOOLS,way:121957412,Volkshochschule City West,,,,,,,,,,,,,,,,,,,,,,,,True,52.483057764697655,13.33241090124212,True,True
122048408,11002002,Waldorfschule Kreuzberg,52.50335349446448,13.400803351876728,"POLYGON ((13.4016946 52.5038538, 13.4001637 52.5042923, 13.3995184 52.5044692, 13.3993831 52.5042224, 13.3994611 52.5041993, 13.399598 52.5041586, 13.3997675 52.5041264, 13.3999791 52.5040652, 13.3996814 52.5037343, 13.3996664 52.5037112, 13.3995254 52.5035862, 13.3990496 52.503629, 13.3986895 52.5029646, 13.3990395 52.5028933, 13.3993243 52.5024104, 13.4011901 52.5029313, 13.4012271 52.5028809, 13.4016933 52.5029716, 13.402389 52.5027989, 13.4029234 52.5029446, 13.4031039 52.5028874, 13.4031432 52.5029339, 13.4031675 52.5029627, 13.4034783 52.5033212, 13.403163 52.5034244, 13.4027734 52.5035418, 13.4016946 52.5038538))",0202,Friedrichshain-Kreuzberg,Kreuzberg,OSM,OSM_SCHOOLS,02P04,OSM_SCHOOLS,way:122048408,Waldorfschule Kreuzberg,,,,,,,,,,"Ritterstraße, 10969 Berlin",Ritterstraße,,10969,Berlin,Freie Waldorfschule Kreuzberg e.V.,,,,,,https://www.waldorfschule-kreuzberg.de/,,,True,52.50335349446448,13.400803351876728,True,True
122048616,11002002,Rosa-Parks-Grundschule,52.494524163809345,13.431018954465701,"POLYGON ((13.4311499 52.4936981, 13.4308383 52.4938089, 13.4312297 52.4942066, 13.4308334 52.4943347, 13.4305985 52.4944107, 13.4305288 52.494319, 13.4304274 52.4943489, 13.4303751 52.4942852, 13.4303528 52.4942593, 13.4301135 52.4939867, 13.4296159 52.4941466, 13.4293715 52.4942236, 13.4293475 52.4942311, 13.4292457 52.4942656, 13.42932 52.4943408, 13.4295549 52.4945784, 13.4297413 52.494529, 13.42999 52.494463, 13.4303662 52.4948624, 13.4304634 52.4948272, 13.4305122 52.4948856, 13.4307989 52.4952392, 13.4309182 52.4952042, 13.4312 52.4951216, 13.4313205 52.4950862, 13.431328 52.495084, 13.4314504 52.4950477, 13.431691 52.4949764, 13.4318046 52.4949426, 13.4319157 52.4949098, 13.4322707 52.4948046, 13.4325613 52.4947179, 13.4320237 52.4941749, 13.4317265 52.4942816, 13.4316777 52.4942371, 13.4316854 52.494234, 13.4311499 52.4936981))",0202,Friedrichshain-Kreuzberg,Kreuzberg,OSM,OSM_SCHOOLS,02G35,OSM_SCHOOLS,way:122048616,Rosa-Parks-Grundschule,,,,,,,,,,"Reichenberger Straße 65, 10999 Berlin",Reichenberger Straße,65,10999,Berlin,Bezirksamt Friedrichshain-Kreuzberg von Berlin,,,,,,,,,True,52.494524163809345,13.431018954465701,True,True
122049374,11002002,Adolf-Glaßbrenner-Grundschule,52.49111592636684,13.38063304816817,"POLYGON ((13.3796123 52.4916192, 13.3799924 52.4915968, 13.380693 52.491553, 13.3814067 52.4915123, 13.38132 52.4905519, 13.3806701 52.490569, 13.3803981 52.4905769, 13.380311 52.4905794, 13.3801487 52.490584, 13.3801677 52.490889, 13.380171 52.4909363, 13.3801757 52.4909912, 13.3801792 52.4910428, 13.3801926 52.4912395, 13.3795863 52.4912549, 13.3796123 52.4916192))",0202,Friedrichshain-Kreuzberg,Kreuzberg,OSM,OSM_SCHOOLS,02G31,OSM_SCHOOLS,way:122049374,Adolf-Glaßbrenner-Grundschule,,,,,,,,,,"Hagelberger Straße 34, 10965 Berlin",Hagelberger Straße,34,10965,Berlin,Bezirksamt Friedrichshain-Kreuzberg von Berlin,,,,+49 30 50587531,,https://www.adolf-glassbrenner-schule.de/,,,True,52.49111592636684,13.38063304816817,True,True
122049378,11002002,Charlotte-Salomon-Grundschule,52.49062633802944,13.38162909260999,"POLYGON ((13.3825627 52.4914447, 13.3814067 52.4915123, 13.38132 52.4905519, 13.3806701 52.490569, 13.3806659 52.4905083, 13.3806589 52.4903993, 13.3806504 52.4902677, 13.3806428 52.4901507, 13.3806253 52.4899633, 13.3806229 52.4899081, 13.3806169 52.4899074, 13.3806332 52.4898361, 13.3820542 52.4899459, 13.3821461 52.4902143, 13.3824107 52.4909882, 13.3825627 52.4914447))",0202,Friedrichshain-Kreuzberg,Kreuzberg,OSM,OSM_SCHOOLS,02G13,OSM_SCHOOLS,way:122049378,Charlotte-Salomon-Grundschule,,,,,,,,,,"Großbeerenstraße 40, 10965 Berlin",Großbeerenstraße,40,10965,Berlin,Bezirksamt Friedrichshain-Kreuzberg von Berlin,,,,+49 30 50587511,sekretariat@02G13.schule.berlin.de,https://charlotte-salomon-grundschule.de/,,,True,52.49062633802944,13.38162909260999,True,True
122050687,11007007,Grundschule auf dem Tempelhofer Feld,52.481410476859104,13.381682037731657,"POLYGON ((13.3813114 52.4823946, 13.3820748 52.4820436, 13.3820966 52.4820336, 13.3821179 52.4820237, 13.3826876 52.4817553, 13.3826861 52.4814363, 13.382686 52.4814217, 13.382686 52.4814118, 13.3826858 52.4813647, 13.3826743 52.4808993, 13.382674 52.4808886, 13.3826734 52.4808797, 13.3826707 52.4808372, 13.3826686 52.4808053, 13.3826685 52.4807902, 13.3826667 52.4806265, 13.382666 52.4805587, 13.3826606 52.4804243, 13.3825171 52.4804382, 13.3822616 52.480466, 13.3821963 52.4804882, 13.3820078 52.4805496, 13.3816159 52.4806799, 13.3807824 52.4809458, 13.3810358 52.4812374, 13.3804343 52.4815179, 13.3804122 52.481499, 13.3802395 52.4815794, 13.380268 52.4816045, 13.3807226 52.4819958, 13.3812658 52.4823945, 13.3813114 52.4823946))",0703,Tempelhof-Schöneberg,Tempelhof,OSM,OSM_SCHOOLS,07G21,OSM_SCHOOLS,way:122050687,Grundschule auf dem Tempelhofer Feld,,,,,,,,,,"Schulenburgring 7-11, 12101 Berlin",Schulenburgring,7-11,12101,Berlin,,,,,,,,,,True,52.481410476859104,13.381682037731657,True,True
122195755,11007007,Robert-Blum-Gymnasium,52.484420168320185,13.364850934347778,"POLYGON ((13.3645135 52.4849704, 13.3645123 52.4848514, 13.3645117 52.4847873, 13.3645117 52.4846186, 13.364204 52.4846223, 13.3642022 52.4846034, 13.3642024 52.4845383, 13.3642011 52.4844379, 13.3642009 52.4844206, 13.3641986 52.4842327, 13.3641999 52.48394, 13.3654136 52.483933, 13.3654124 52.4843753, 13.3654133 52.4844469, 13.3654193 52.4845221, 13.3654179 52.484733, 13.3654179 52.4847571, 13.3654186 52.48478, 13.3654193 52.4848446, 13.3654206 52.4849528, 13.3654207 52.4849622, 13.3649064 52.484969, 13.3647058 52.4849696, 13.3646423 52.4849699, 13.3645904 52.4849701, 13.3645135 52.4849704))",0701,Tempelhof-Schöneberg,Schöneberg,OSM,OSM_SCHOOLS,07Y01,OSM_SCHOOLS,way:122195755,Robert-Blum-Gymnasium,,,,,,,,,,"Kolonnenstraße 21, 10829 Berlin",Kolonnenstraße,21,10829,Berlin,,,,,,,,,,True,52.484420168320185,13.364850934347778,True,True
122195960,11007007,Gustav-Langenscheidt-Schule,52.48555642144032,13.350315900989038,"POLYGON ((13.3492059 52.4855944, 13.3494469 52.4853164, 13.3497316 52.4849861, 13.3497473 52.4849954, 13.3501642 52.4851134, 13.3501612 52.4851167, 13.3502031 52.485128, 13.3502887 52.4851511, 13.3502901 52.485178, 13.3505974 52.4852612, 13.3505803 52.4852847, 13.3506824 52.4853238, 13.3507238 52.4853436, 13.350911 52.4854295, 13.3510765 52.4855024, 13.3512953 52.4856019, 13.3514821 52.4856893, 13.3509854 52.4860826, 13.3492059 52.4855944))",0701,Tempelhof-Schöneberg,Schöneberg,OSM,OSM_SCHOOLS,07K09,OSM_SCHOOLS,way:122195960,Gustav-Langenscheidt-Schule,,,,,,,,,,"Belziger Straße 43-51, 10823 Berlin",Belziger Straße,43-51,10823,Berlin,,,,,,,,,,True,52.48555642144032,13.350315900989038,True,True
122197045,11007007,,52.480160255088094,13.33929447652343,"POLYGON ((13.3385639 52.4796391, 13.33998 52.4796432, 13.3402026 52.4797676, 13.340495 52.4799611, 13.3405659 52.4800276, 13.3406976 52.4800936, 13.3407475 52.4801278, 13.3407315 52.4801304, 13.3403704 52.4804223, 13.3401451 52.4806045, 13.339668 52.4809905, 13.3396189 52.4809683, 13.3394347 52.4809014, 13.3390971 52.4807411, 13.3388022 52.480601, 13.3386516 52.4805295, 13.3385417 52.4804773, 13.3384091 52.4803679, 13.3383065 52.4802925, 13.3381544 52.480164, 13.3379385 52.4799819, 13.3378734 52.479924, 13.3377895 52.4798526, 13.3377193 52.4797921, 13.3380903 52.4796316, 13.3381406 52.4796226, 13.3381842 52.4796206, 13.3382208 52.4796214, 13.3382499 52.4796167, 13.3382694 52.4796112, 13.3382871 52.4796026, 13.3383016 52.479591, 13.3383153 52.4795769, 13.338324 52.4795601, 13.338395 52.4795854, 13.3384762 52.4796426, 13.3385639 52.4796391))",0701,Tempelhof-Schöneberg,Schöneberg,OSM,OSM_SCHOOLS,,OSM_SCHOOLS,way:122197045,,,,,,,,,,,,,,,,,,,,,,,,,True,52.480160255088094,13.33929447652343,True,True
122197291,,Ruppin-Grundschule,52.475844597655126,13.32093233705842,"POLYGON ((13.3203341 52.4751243, 13.3215564 52.4751776, 13.321527 52.4755095, 13.3216779 52.4755086, 13.3216915 52.4760341, 13.3212717 52.4760356, 13.3212952 52.476605, 13.3203945 52.4766835, 13.3203341 52.4751243))",,,,OSM,OSM_SCHOOLS,07G16,OSM_SCHOOLS,way:122197291,Ruppin-Grundschule,,,,,,,,,,"Offenbacher Straße 5a, 14197",Offenbacher Straße,5a,14197,,Bezirksamt Tempelhof-Schöneberg von Berlin,,,,+49 30 902777907,,https://www.ruppin-grundschule.de/,,,True,52.475844597655126,13.32093233705842,False,False
122197443,11007007,Rheingau Gymnasium,52.470855728698716,13.322242146017807,"POLYGON ((13.3215987 52.470258, 13.3222529 52.4702529, 13.3228659 52.4702488, 13.3228685 52.4704068, 13.3228859 52.4714529, 13.3216186 52.4714635, 13.3215987 52.470258))",0702,Tempelhof-Schöneberg,Friedenau,OSM,OSM_SCHOOLS,07Y03,OSM_SCHOOLS,way:122197443,Rheingau Gymnasium,,,,,,,,,,"Schwalbacher Straße 3-4, 12161",Schwalbacher Straße,3-4,12161,,Bezirksamt Tempelhof-Schöneberg von Berlin,,,,,,,,,True,52.470855728698716,13.322242146017807,True,True
122242601,11004004,Halensee-Grundschule,52.50019363997103,13.295611414600653,"POLYGON ((13.2951557 52.5006532, 13.2951747 52.5007844, 13.2952213 52.500783, 13.2953135 52.5007786, 13.2955317 52.5007666, 13.2955323 52.5007707, 13.2956293 52.5007661, 13.2957331 52.5007612, 13.2956758 52.5003603, 13.2958559 52.5003507, 13.2963038 52.5003281, 13.296229 52.4997537, 13.295274 52.4997997, 13.2952568 52.4998007, 13.2951718 52.4998056, 13.2950386 52.4998132, 13.2950892 52.5001799, 13.2951086 52.5003413, 13.29515 52.5005986, 13.2951557 52.5006532))",0407,Charlottenburg-Wilmersdorf,Halensee,OSM,OSM_SCHOOLS,04G21,OSM_SCHOOLS,way:122242601,Halensee-Grundschule,,,,,,,,,,"Joachim-Friedrich-Straße 35-36, 10711 Berlin",Joachim-Friedrich-Straße,35-36,10711,Berlin,,,,,,,https://www.halensee-grundschule.de/,,,True,52.50019363997103,13.295611414600653,True,True
122333245,11006006,Paulsen-Gymnasium,52.461453731835974,13.314940330370252,"POLYGON ((13.3161058 52.4616431, 13.3152982 52.4607802, 13.313842 52.4611501, 13.3141728 52.4616645, 13.3145826 52.4621788, 13.3149714 52.4620421, 13.3161058 52.4616431))",0601,Steglitz-Zehlendorf,Steglitz,OSM,OSM_SCHOOLS,06Y07,OSM_SCHOOLS,way:122333245,Paulsen-Gymnasium,,,,,,,,,,"Gritznerstraße 57, 12163 Berlin",Gritznerstraße,57,12163,Berlin,Bezirksamt Steglitz-Zehlendorf von Berlin,,,,,schulleiter@pg-berlin.de,,,,True,52.461453731835974,13.314940330370252,True,True
122385904,11007007,Luise-Henriette-Schule,52.464986991176694,13.390519767736567,"POLYGON ((13.3904256 52.4656084, 13.3904205 52.4654901, 13.3904175 52.4653747, 13.390409 52.4650432, 13.3901105 52.4650523, 13.3901112 52.4651015, 13.3893372 52.4651209, 13.3893246 52.4645837, 13.3905143 52.4645117, 13.3905201 52.4645455, 13.3905455 52.4647, 13.3906642 52.4646927, 13.3906555 52.4646393, 13.3908165 52.4646295, 13.3908253 52.4646833, 13.3909442 52.464676, 13.3909188 52.4645211, 13.3909091 52.4644816, 13.3913098 52.4644564, 13.3913389 52.4647626, 13.3913483 52.4648198, 13.391399 52.4653607, 13.3914047 52.4654594, 13.3914095 52.4655925, 13.3911508 52.4655963, 13.3904256 52.4656084))",0703,Tempelhof-Schöneberg,Tempelhof,OSM,OSM_SCHOOLS,07Y05b,OSM_SCHOOLS,way:122385904,Luise-Henriette-Schule,,,,,,,,,,"Germaniastraße 4 - 6, 12099 Berlin",Germaniastraße,4 - 6,12099,Berlin,,,,,,,,,,True,52.464986991176694,13.390519767736567,True,True
122385930,11007007,Paul-Simmel-Grundschule,52.46174189307817,13.39293019250855,"POLYGON ((13.3940939 52.4610846, 13.3942042 52.4616692, 13.3933619 52.4617491, 13.3934145 52.4619311, 13.3934962 52.4623625, 13.3921029 52.4624962, 13.3919445 52.4616668, 13.3919167 52.4615264, 13.3920067 52.4615162, 13.391959 52.4612956, 13.3940939 52.4610846))",0703,Tempelhof-Schöneberg,Tempelhof,OSM,OSM_SCHOOLS,07G19,OSM_SCHOOLS,way:122385930,Paul-Simmel-Grundschule,,,,,,,,,,"Felixstraße 26-58, 12099 Berlin",Felixstraße,26-58,12099,Berlin,,,,,,,https://www.paul-simmel-grundschule.de/,,,True,52.46174189307817,13.39293019250855,True,True
122386008,11007007,Askanisches Gymnasium,52.46032696425662,13.380037517515097,"POLYGON ((13.38065 52.4597562, 13.3806578 52.4597963, 13.38069 52.4599152, 13.38074 52.4601579, 13.3808033 52.4601548, 13.3809037 52.4605706, 13.3807887 52.4605872, 13.3805187 52.4607312, 13.3805983 52.4610935, 13.3803416 52.4611156, 13.3802444 52.4611239, 13.3801373 52.4606903, 13.3795173 52.4607316, 13.3793568 52.460741, 13.379283 52.4607476, 13.379239 52.4604962, 13.3791671 52.4600848, 13.3791333 52.4598912, 13.38065 52.4597562))",0703,Tempelhof-Schöneberg,Tempelhof,OSM,OSM_SCHOOLS,07Y06,OSM_SCHOOLS,way:122386008,Askanisches Gymnasium,,,,,,,,,,"Kaiserin-Augusta-Straße 19-20, 12103 Berlin",Kaiserin-Augusta-Straße,19-20,12103,Berlin,Land Berlin,,,,+49 30 902772679,sekretariat@askanisches-gymnasium.de,https://askanisches-gymnasium.de/,,,True,52.46032696425662,13.380037517515097,True,True
122386278,11006006,Erich-Kästner-Grundschule,52.4579135936989,13.284559141502138,"POLYGON ((13.2865751 52.4572768, 13.2865379 52.4572608, 13.2863026 52.4572692, 13.286051 52.4572726, 13.2858393 52.4572774, 13.2856084 52.4572958, 13.2854714 52.4573121, 13.2853504 52.45733, 13.2848629 52.4574256, 13.2847454 52.4574486, 13.2832208 52.4577476, 13.2829187 52.4578068, 13.2828973 52.4578285, 13.2829872 52.4579981, 13.2830212 52.4580623, 13.2831903 52.4583813, 13.2833335 52.4586515, 13.2833709 52.4586622, 13.2837152 52.4585941, 13.284489 52.4584412, 13.2845121 52.4584366, 13.2852567 52.4582894, 13.2855696 52.4582276, 13.2854226 52.4576881, 13.2860098 52.4576344, 13.2866659 52.4575535, 13.2865751 52.4572768))",0605,Steglitz-Zehlendorf,Dahlem,OSM,OSM_SCHOOLS,06G04,OSM_SCHOOLS,way:122386278,Erich-Kästner-Grundschule,,,,,,,,,,"Bachstelzenweg 2-8, 14195 Berlin",Bachstelzenweg,2-8,14195,Berlin,Bezirksamt Steglitz-Zehlendorf von Berlin,,,,+49 30 84414860,sekretariat@eks.schule.berlin.de,,,,True,52.4579135936989,13.284559141502138,True,True
122386375,11006006,Arndt-Gymnasium Dahlem,52.45859865862234,13.27969702395914,"POLYGON ((13.2808903 52.4591519, 13.2806985 52.4587957, 13.2804723 52.4583755, 13.280445 52.4582878, 13.2804258 52.4581928, 13.280434 52.4580348, 13.2804722 52.457893, 13.2805026 52.4578228, 13.2805405 52.4577509, 13.2805142 52.4577301, 13.2802042 52.4577676, 13.2798921 52.4578139, 13.2784533 52.4581001, 13.2788062 52.4587666, 13.2792271 52.4594799, 13.279706 52.4593855, 13.2806445 52.4592004, 13.2808903 52.4591519))",0605,Steglitz-Zehlendorf,Dahlem,OSM,OSM_SCHOOLS,06Y03,OSM_SCHOOLS,way:122386375,Arndt-Gymnasium Dahlem,,,,,,,,,,"Königin-Luise-Straße 80-84, 14195 Berlin",Königin-Luise-Straße,80-84,14195,Berlin,,,,,,,,,,True,52.45859865862234,13.27969702395914,True,True
122386805,11006006,Quentin Blake Europa- und Biesalski-Schule,52.45483764506211,13.27025075485461,"POLYGON ((13.2686344 52.4551358, 13.2703711 52.4557953, 13.2716181 52.4556825, 13.2715787 52.4555721, 13.2715449 52.4554808, 13.2715175 52.4553341, 13.2714813 52.455185, 13.2714708 52.4551178, 13.27147 52.455029, 13.2714797 52.4549775, 13.2715143 52.4548749, 13.2716272 52.4546495, 13.2716463 52.4545806, 13.2716592 52.4544854, 13.2716455 52.4543887, 13.2716286 52.4543358, 13.2715537 52.4541876, 13.2713318 52.4538184, 13.2712727 52.4538015, 13.2702934 52.4540208, 13.270208 52.4540407, 13.2693669 52.4542481, 13.269186 52.4543122, 13.2689565 52.454403, 13.2688052 52.4544726, 13.2687132 52.4545134, 13.2681555 52.4548304, 13.2686344 52.4551358))",0605,Steglitz-Zehlendorf,Dahlem,OSM,OSM_SCHOOLS,,OSM_SCHOOLS,way:122386805,Quentin Blake Europa- und Biesalski-Schule,,,,,,,,,,,,,,,,,,,,,,,,True,52.45483764506211,13.27025075485461,True,True
122396326,11001001,Leo-Lionni-Grundschule,52.54421492107394,13.361572967975585,"POLYGON ((13.3618569 52.5446302, 13.3618924 52.54461, 13.3619271 52.5445902, 13.3619607 52.5445712, 13.3619943 52.5445522, 13.3622539 52.5444052, 13.3624587 52.5442893, 13.3623421 52.5442136, 13.3621577 52.5440946, 13.3621078 52.5440623, 13.3619958 52.5439893, 13.3619031 52.543929, 13.3618574 52.5438993, 13.3618085 52.5438686, 13.3616701 52.5437784, 13.3615469 52.543699, 13.3613491 52.5438217, 13.3610782 52.5439903, 13.3610467 52.5440099, 13.3606654 52.5442476, 13.3606513 52.5442567, 13.3606145 52.5442811, 13.3606612 52.5442945, 13.3606794 52.5443001, 13.3609559 52.5443895, 13.3610825 52.5444307, 13.3615544 52.5445836, 13.3618012 52.544663, 13.3618569 52.5446302))",0105,Mitte,Wedding,OSM,OSM_SCHOOLS,01G45,OSM_SCHOOLS,way:122396326,Leo-Lionni-Grundschule,,,,,,,,,,"Müllerstraße 158, 13353 Berlin",Müllerstraße,158,13353,Berlin,,,,,,info@leo-lionni-grundschule.de,https://www.leo-lionni-grundschule.de/,,,True,52.54421492107394,13.361572967975585,True,True
122404224,11005005,Bernd-Ryke-Grundschule,52.54464712498889,13.233270393096918,"POLYGON ((13.2325401 52.5437859, 13.2326486 52.5438147, 13.2330401 52.5439184, 13.2331501 52.5439475, 13.2335413 52.5440511, 13.2336519 52.5440804, 13.2340414 52.5441845, 13.2341524 52.5442136, 13.234545 52.5443162, 13.2346565 52.5443455, 13.2347099 52.5443601, 13.2345028 52.5446532, 13.2333836 52.5455094, 13.2330708 52.5453938, 13.2320875 52.545101, 13.2321828 52.5449463, 13.2322551 52.5447914, 13.2323261 52.5445814, 13.2325401 52.5437859))",0502,Spandau,Haselhorst,OSM,OSM_SCHOOLS,05G13,OSM_SCHOOLS,way:122404224,Bernd-Ryke-Grundschule,,,,,,,,,,"Daumstraße 12, 13599 Berlin",Daumstraße,12,13599,Berlin,,,,,+4930 354805 0,info@bernd-ryke-gs.de,http://www.bernd-ryke-gs.de,,,True,52.54464712498889,13.233270393096918,True,True
122404229,11005005,Grundschule am Birkenhain,52.52550929093169,13.180153927024675,"POLYGON ((13.1806017 52.5259373, 13.1804498 52.5259028, 13.1803377 52.5258776, 13.1797152 52.5257337, 13.1796544 52.5257196, 13.179379 52.5256564, 13.1794808 52.5254991, 13.1794555 52.5254745, 13.1796057 52.5252493, 13.1796533 52.5252339, 13.1796784 52.5251896, 13.1796808 52.525186, 13.1797503 52.5250804, 13.1799329 52.5251242, 13.180001 52.525141, 13.1802041 52.5251899, 13.1809264 52.525366, 13.1806042 52.5259333, 13.1806017 52.5259373))",0509,Spandau,Wilhelmstadt,OSM,OSM_SCHOOLS,05G10,OSM_SCHOOLS,way:122404229,Grundschule am Birkenhain,,,,,,,,,,,,,,,,,,,+49 30 351 936 0,info@grundschule-am-birkenhain.de,http://www.grundschule-am-birkenhain.de/,,,True,52.52550929093169,13.180153927024675,True,True
122500005,11001001,Erika-Mann-Grundschule,52.550848980174244,13.358158789604678,"POLYGON ((13.3579649 52.5512419, 13.3578746 52.5511824, 13.3577903 52.551126, 13.3577836 52.5511215, 13.3577432 52.5510967, 13.3576885 52.5510602, 13.357599 52.551001, 13.3576665 52.5509613, 13.3574711 52.5508339, 13.3575849 52.5507632, 13.3579255 52.5505383, 13.3580157 52.5504762, 13.3580746 52.5504369, 13.3580848 52.5504301, 13.3581976 52.5503494, 13.3583197 52.5504045, 13.3583651 52.550425, 13.3583711 52.55042, 13.3586105 52.5505279, 13.3586045 52.5505329, 13.3586508 52.5505538, 13.3587708 52.5506078, 13.3585262 52.550809, 13.3584957 52.5508353, 13.3584641 52.5508622, 13.3585672 52.5509123, 13.358756 52.5510064, 13.3587654 52.5510107, 13.3581385 52.551358, 13.3581321 52.5513534, 13.3579649 52.5512419))",0105,Mitte,Wedding,OSM,OSM_SCHOOLS,01G41,OSM_SCHOOLS,way:122500005,Erika-Mann-Grundschule,,,,,,,,,,"Utrechter Straße 25-27, 13347 Berlin",Utrechter Straße,25-27,13347,Berlin,,,,,,,,,,True,52.550848980174244,13.358158789604678,True,True
122527139,11006006,Oberstufenzentrum Bürowirtschaft und Verwaltung,52.4120179262951,13.304946093543684,"POLYGON ((13.3064449 52.4112577, 13.3058608 52.4111692, 13.3056285 52.4111467, 13.3054255 52.4111423, 13.3052107 52.4111524, 13.305024 52.4111743, 13.3047101 52.4112383, 13.3044694 52.4113139, 13.3041543 52.4114759, 13.3038286 52.4117523, 13.3033116 52.412262, 13.3034299 52.4123081, 13.3054121 52.4130794, 13.3061575 52.4123566, 13.3055397 52.4121129, 13.3064449 52.4112577))",0602,Steglitz-Zehlendorf,Lichterfelde,OSM,OSM_SCHOOLS,06B02,OSM_SCHOOLS,way:122527139,Oberstufenzentrum Bürowirtschaft und Verwaltung,,,,,,,,,,"Lippstädter Straße 9-11, 12207 Berlin",Lippstädter Straße,9-11,12207,Berlin,Land Berlin,,,,,,https://osz-louise-schroeder.de,,,True,52.4120179262951,13.304946093543684,True,True
122548874,11005005,,52.45557164152147,13.138116941964794,"POLYGON ((13.1371678 52.4554767, 13.1381118 52.4560615, 13.1382615 52.4559718, 13.1380448 52.4558376, 13.1380704 52.4558222, 13.1385565 52.4555308, 13.1385902 52.4555106, 13.1388028 52.4556423, 13.1389533 52.4555521, 13.1387442 52.4554227, 13.1387638 52.4554109, 13.138641 52.4553348, 13.1386062 52.4553133, 13.1385862 52.4553253, 13.1381489 52.4550545, 13.1381253 52.4550686, 13.1380106 52.4551374, 13.138466 52.4554195, 13.1379005 52.4557584, 13.137309 52.455392, 13.1371678 52.4554767))",0506,Spandau,Kladow,OSM,OSM_SCHOOLS,,OSM_SCHOOLS,way:122548874,,,,,,,,,,,"Schallweg 31-45, 14089 Berlin",Schallweg,31-45,14089,Berlin,,,,,,,,,,True,52.45557164152147,13.138116941964794,True,True
122548880,11005005,Grundschule am Ritterfeld,52.455374859124795,13.137809139547826,"POLYGON ((13.1388269 52.4563795, 13.1390781 52.4562278, 13.1390936 52.4562349, 13.1395654 52.4559486, 13.1390638 52.4556296, 13.1389533 52.4555521, 13.1387442 52.4554227, 13.1387638 52.4554109, 13.138641 52.4553348, 13.1386614 52.4553217, 13.1386656 52.4553094, 13.1386611 52.4553026, 13.1380817 52.454983, 13.1383389 52.4548243, 13.1382568 52.4546805, 13.1381851 52.4545934, 13.1381233 52.4545391, 13.1380397 52.4544867, 13.1379442 52.4544442, 13.13784 52.4544105, 13.1377169 52.4543826, 13.1375537 52.4543712, 13.1374102 52.4543768, 13.1373028 52.4543935, 13.1370128 52.4544561, 13.1368795 52.4544926, 13.1367268 52.4545458, 13.1365677 52.4546203, 13.1364474 52.4546964, 13.1363693 52.4547712, 13.1363215 52.4548398, 13.136284 52.4549367, 13.1362809 52.455027, 13.1363175 52.4551311, 13.1363954 52.4552279, 13.1364793 52.4552987, 13.1366406 52.4553989, 13.1370392 52.4556439, 13.1384483 52.4565042, 13.1386968 52.456301, 13.1388269 52.4563795))",0506,Spandau,Kladow,OSM,OSM_SCHOOLS,05G19,OSM_SCHOOLS,way:122548880,Grundschule am Ritterfeld,,,,,,,,,,,,,,,,,,,+4930 3650010 0,sekretariat@grundschuleamritterfeld.de,http://www.grundschuleamritterfeld.de/,,,True,52.455374859124795,13.137809139547826,True,True
122562122,11005005,,52.48534954177279,13.17340746575885,"POLYGON ((13.1750391 52.4859321, 13.1742126 52.486005, 13.1742869 52.4863413, 13.1728783 52.4864002, 13.1723802 52.4864202, 13.1720777 52.4854639, 13.1719255 52.4854823, 13.1717658 52.4845226, 13.1730553 52.484401, 13.173061 52.4844437, 13.1740089 52.4843553, 13.1740357 52.4845999, 13.1749887 52.484564, 13.1749651 52.4847767, 13.1749523 52.4849886, 13.1749604 52.4854093, 13.1749912 52.4856726, 13.1750391 52.4859321))",0505,Spandau,Gatow,OSM,OSM_SCHOOLS,,OSM_SCHOOLS,way:122562122,,,,,,,,,,,,,,,,,,,,,,,,,True,52.48534954177279,13.17340746575885,True,True
122562125,11005005,,52.486126300077146,13.173777450032125,"POLYGON ((13.1740218 52.4860674, 13.1739861 52.4862236, 13.1735331 52.4861852, 13.1735688 52.486029, 13.1740218 52.4860674))",0505,Spandau,Gatow,OSM,OSM_SCHOOLS,,OSM_SCHOOLS,way:122562125,,,,,,,,,,,,,,,,,,,,,,,,,True,52.486126300077146,13.173777450032125,True,True
122562126,11005005,,52.485188511389126,13.17430364553252,"POLYGON ((13.1742468 52.4851029, 13.1743976 52.485116, 13.1743605 52.4852741, 13.1742483 52.4852644, 13.1742097 52.485261, 13.1742468 52.4851029))",0505,Spandau,Gatow,OSM,OSM_SCHOOLS,,OSM_SCHOOLS,way:122562126,,,,,,,,,,,,,,,,,,,,,,,,,True,52.485188511389126,13.17430364553252,True,True
122707106,11003003,HasenGrund-Schule,52.59064399323303,13.411156302309282,"POLYGON ((13.4104985 52.5909422, 13.4111485 52.5910373, 13.4111505 52.5910313, 13.411323 52.5910559, 13.4114365 52.5907837, 13.4114612 52.5907262, 13.4115489 52.5905984, 13.4120999 52.5907379, 13.412191 52.5906047, 13.4116385 52.590463, 13.411671 52.5904156, 13.4113072 52.5903257, 13.4112178 52.5903034, 13.4108627 52.5902144, 13.4106292 52.5905559, 13.4104985 52.5909422))",0311,Pankow,Niederschönhausen,OSM,OSM_SCHOOLS,03G28,OSM_SCHOOLS,way:122707106,HasenGrund-Schule,,,,,,,,,,"Charlottenstraße 19, 13156 Berlin",Charlottenstraße,19,13156,Berlin,,,,,+49 30 47402940,grundschule.im.hasengrund@t-online.de,https://www.gemeinschaftsschulen-berlin.de/grundschulen/pankow/hasengrund-schule-grundschule,,,True,52.59064399323303,13.411156302309282,True,True
122707428,11003003,,52.58294717005649,13.41763698221921,"POLYGON ((13.4181616 52.5832364, 13.4176333 52.583083, 13.4172308 52.5835847, 13.4171767 52.5835706, 13.4169994 52.58379, 13.4166409 52.5836844, 13.4168992 52.5833506, 13.4167233 52.5833102, 13.4173174 52.5825489, 13.4173924 52.5824557, 13.4177577 52.5825626, 13.4179147 52.582365, 13.4179731 52.5822921, 13.4181705 52.5823461, 13.4187165 52.5824978, 13.4181616 52.5832364))",0311,Pankow,Niederschönhausen,OSM,OSM_SCHOOLS,,OSM_SCHOOLS,way:122707428,,,,,,,,,,,,,,,,,,,,,,,,,True,52.58294717005649,13.41763698221921,True,True
122707430,11003003,Konrad-Duden-Schule,52.58187423009437,13.416921420963869,"POLYGON ((13.4181395 52.5817954, 13.4176484 52.5824687, 13.4175434 52.5824374, 13.4172729 52.5823569, 13.4168532 52.5822327, 13.4167044 52.5821887, 13.416721 52.5821681, 13.4156249 52.5818429, 13.4156174 52.5818392, 13.4159186 52.5814494, 13.4159932 52.5814156, 13.4166618 52.5814564, 13.4169575 52.5814897, 13.4178133 52.5817324, 13.4178411 52.5817092, 13.4180671 52.5817745, 13.4181395 52.5817954))",0311,Pankow,Niederschönhausen,OSM,OSM_SCHOOLS,03K03,OSM_SCHOOLS,way:122707430,Konrad-Duden-Schule,,,,,,,,,,"Rolandstraße 35, 13156 Berlin",Rolandstraße,35,13156,Berlin,,,,,+49 30 4450959,info@isskd.de,https://www.www.isskd.de/,,,True,52.58187423009437,13.416921420963869,True,True
122708037,11003003,Evangelische Schule Pankow,52.58048984740093,13.422585869411067,"POLYGON ((13.4232077 52.5809855, 13.4234507 52.5807056, 13.4228559 52.5805185, 13.4231239 52.5801622, 13.4223781 52.5799286, 13.4217232 52.580653, 13.4232077 52.5809855))",0307,Pankow,Pankow,OSM,OSM_SCHOOLS,03P12,OSM_SCHOOLS,way:122708037,Evangelische Schule Pankow,,,,,,,,,,"Galenusstraße 60a, 13187 Berlin",Galenusstraße,60a,13187,Berlin,Evangelische Schulstiftung in der EKBO,,,,+4930 47498940,info@ev-schule-pankow.de,https://www.ev-schule-pankow.de/,,,True,52.58048984740093,13.422585869411067,True,True
122868593,11003003,Mendel-Grundschule,52.57405646000411,13.415851339640382,"POLYGON ((13.4144764 52.574042, 13.4158647 52.574898, 13.4172276 52.5740984, 13.4161692 52.5733694, 13.4159885 52.5732433, 13.415627 52.5734333, 13.4153501 52.573465, 13.4149561 52.5736976, 13.4144764 52.574042))",0307,Pankow,Pankow,OSM,OSM_SCHOOLS,03G34,OSM_SCHOOLS,way:122868593,Mendel-Grundschule,,,,,,,,,,"Stiftsweg 3, 13187 Berlin",Stiftsweg,3,13187,Berlin,,,,,,,,,,True,52.57405646000411,13.415851339640382,True,True
122871027,11003003,Staatliche Balletschule Berlin und Schule für Artistik,52.54623163737323,13.436320957799552,"POLYGON ((13.4370319 52.5453219, 13.4364392 52.5455214, 13.4363731 52.5455436, 13.4346591 52.5460856, 13.43567 52.5471635, 13.4367423 52.546774, 13.4379753 52.5463304, 13.4375239 52.5458525, 13.4375031 52.5458299, 13.4374834 52.5458086, 13.4372419 52.5455467, 13.4372012 52.5455031, 13.4370319 52.5453219))",0301,Pankow,Prenzlauer Berg,OSM,OSM_SCHOOLS,03B08,OSM_SCHOOLS,way:122871027,Staatliche Balletschule Berlin und Schule für Artistik,,,,,,,,,,"Erich-Weinert-Straße 103, 10409 Berlin",Erich-Weinert-Straße,103,10409,Berlin,,,,,,,,,,True,52.54623163737323,13.436320957799552,True,True
122876082,11011011,Schule auf dem Lichten Berg (Grundschule),52.513180627173085,13.497566891475772,"POLYGON ((13.4975553 52.5130118, 13.4976618 52.5130011, 13.4976831 52.5130798, 13.4976879 52.5130794, 13.4977111 52.5131652, 13.4977097 52.5131654, 13.4977305 52.5132422, 13.4976183 52.5132535, 13.4976223 52.5132684, 13.4977154 52.5132591, 13.4977401 52.5133502, 13.4974845 52.5133758, 13.4974598 52.5132846, 13.4975508 52.5132755, 13.4975471 52.5132614, 13.4974482 52.5132713, 13.4973827 52.5130291, 13.4974862 52.5130187, 13.4974801 52.5129989, 13.4975514 52.5129916, 13.4975553 52.5130118))",1103,Lichtenberg,Lichtenberg,OSM,OSM_SCHOOLS,,OSM_SCHOOLS,way:122876082,Schule auf dem Lichten Berg (Grundschule),,,,,,,,,,,,,,,,,,,,,,,,True,52.513180627173085,13.497566891475772,True,True
122930190,11007007,Eckener-Gymnasium,52.44478109042651,13.380351761866288,"POLYGON ((13.3810303 52.4444495, 13.3809092 52.4451956, 13.3802302 52.445159, 13.3802078 52.4451578, 13.3797181 52.4451309, 13.3797046 52.4451306, 13.3796812 52.4451267, 13.3796552 52.4451159, 13.3796421 52.4451051, 13.3796361 52.4450939, 13.3796503 52.4450127, 13.3796907 52.4448657, 13.3797609 52.4447188, 13.3797801 52.4446832, 13.3799309 52.4443866, 13.3799922 52.4442684, 13.3802567 52.4443201, 13.3802902 52.4443264, 13.3802888 52.4443369, 13.3802798 52.4443882, 13.3806133 52.4444232, 13.3807604 52.4444325, 13.3808555 52.4444385, 13.3809588 52.444445, 13.3810303 52.4444495))",0704,Tempelhof-Schöneberg,Mariendorf,OSM,OSM_SCHOOLS,07Y07,OSM_SCHOOLS,way:122930190,Eckener-Gymnasium,,,,,,,,,,"Kaiserstraße 17 - 21, 12105 Berlin",Kaiserstraße,17 - 21,12105,Berlin,Land Berlin,,,,,,https://www.eckener-gymnasium.de,,,True,52.44478109042651,13.380351761866288,True,True
122930191,11007007,Johanna-Eck-Schule,52.44720737119793,13.36494273096027,"POLYGON ((13.3647966 52.4475766, 13.3650997 52.4473543, 13.3652369 52.4474229, 13.3652084 52.4474424, 13.3661031 52.4478876, 13.36678 52.4473787, 13.3654002 52.4466162, 13.3652268 52.446525, 13.3651631 52.4464915, 13.3651551 52.4464873, 13.3645716 52.4466462, 13.3641002 52.4467746, 13.3639891 52.4468049, 13.3631585 52.4470311, 13.3631845 52.4470662, 13.3632644 52.4471759, 13.3634325 52.4474097, 13.3642098 52.4477936, 13.3643467 52.4478607, 13.3643896 52.447883, 13.3647966 52.4475766))",0703,Tempelhof-Schöneberg,Tempelhof,OSM,OSM_SCHOOLS,07K07,OSM_SCHOOLS,way:122930191,Johanna-Eck-Schule,,,,,,,,,,"Ringstraße 103-106, 12105 Berlin",Ringstraße,103-106,12105,Berlin,Bezirksamt Tempelhof-Schöneberg von Berlin,,,,+49 30 902772676,sekretariat@johanna-eck-schule.de,,,,True,52.44720737119793,13.36494273096027,True,True
122931350,11007007,Rudolf-Hildebrand-Grundschule,52.438905883262215,13.38462772843891,"POLYGON ((13.3843794 52.4391923, 13.3843435 52.4391912, 13.3843492 52.43915, 13.3842884 52.4391423, 13.3842184 52.4391329, 13.384081 52.4391134, 13.3838831 52.4391119, 13.3838787 52.439123, 13.3837361 52.4390949, 13.3835193 52.4390517, 13.3835441 52.438903, 13.3836205 52.4384382, 13.3836244 52.4384146, 13.3843074 52.4385093, 13.3857083 52.4387527, 13.3857076 52.4387666, 13.3857044 52.4387779, 13.3857027 52.4387855, 13.3856868 52.4388835, 13.3856772 52.4389359, 13.3856001 52.4393899, 13.3850795 52.439384, 13.3850451 52.4394537, 13.3850012 52.4395575, 13.3849525 52.4395691, 13.3849736 52.4393761, 13.3849849 52.4392118, 13.384838 52.4392071, 13.3847081 52.4392029, 13.3843794 52.4391923))",0704,Tempelhof-Schöneberg,Mariendorf,OSM,OSM_SCHOOLS,07G27,OSM_SCHOOLS,way:122931350,Rudolf-Hildebrand-Grundschule,,,,,,,,,,"Friedenstraße 23-25, 12107 Berlin",Friedenstraße,23-25,12107,Berlin,Bezirksamt Tempelhof-Schöneberg von Berlin,,,,+49 30 902777456,sekretariat@rhg.schule.berlin.de,https://rhg.schule/,,,True,52.438905883262215,13.38462772843891,True,True
122932772,11007007,Carl-Sonnenschein-Grundschule,52.443407624663216,13.407988652945004,"POLYGON ((13.4074964 52.4442889, 13.4071776 52.4426391, 13.408325 52.4425523, 13.4083876 52.4428445, 13.408424 52.4430227, 13.4087859 52.4429953, 13.409245 52.4429601, 13.4092606 52.4430739, 13.4086031 52.4431181, 13.4087285 52.4437869, 13.4085795 52.4437999, 13.4086599 52.4442015, 13.4081191 52.4442421, 13.4074964 52.4442889))",0704,Tempelhof-Schöneberg,Mariendorf,OSM,OSM_SCHOOLS,07G31,OSM_SCHOOLS,way:122932772,Carl-Sonnenschein-Grundschule,,,,,,,,,,"Am Hellespont 4-6, 12109 Berlin",Am Hellespont,4-6,12109,Berlin,Bezirksamt Tempelhof-Schöneberg von Berlin,,,,+49 30 902772670,sekretariat@sonnenschein.schule.berlin.de,https://www.carl-sonnenschein-gs.de/,,,True,52.443407624663216,13.407988652945004,True,True
123142833,11003003,,52.53472740676923,13.427961279474108,"POLYGON ((13.4280017 52.5351496, 13.4278007 52.5349323, 13.4277295 52.5349562, 13.4276182 52.534993, 13.4274636 52.5350466, 13.427377 52.5350795, 13.4271835 52.5348774, 13.4270445 52.534725, 13.427143 52.5346916, 13.4273347 52.5346259, 13.4274037 52.5346021, 13.4274964 52.5345705, 13.4275627 52.5345478, 13.4278372 52.5344537, 13.4278974 52.5344331, 13.4282561 52.5343102, 13.428354 52.5342767, 13.4284956 52.5344296, 13.4286273 52.5345782, 13.4287138 52.5346703, 13.4287936 52.5347578, 13.4288073 52.5347731, 13.4286726 52.5348194, 13.4282724 52.5349569, 13.4281736 52.5349909, 13.4282927 52.5351167, 13.428207 52.5351446, 13.4281436 52.5350766, 13.4280746 52.5351006, 13.4280911 52.5351192, 13.4280017 52.5351496))",0301,Pankow,Prenzlauer Berg,OSM,OSM_SCHOOLS,,OSM_SCHOOLS,way:123142833,,,,,,,,,,,,,,,,,,,,,,,,,True,52.53472740676923,13.427961279474108,True,True
123241770,11012012,Münchhausen-Grundschule,52.60842180778863,13.317536710982127,"POLYGON ((13.3167398 52.6086098, 13.3175941 52.608919, 13.3180719 52.6085138, 13.3183686 52.608261, 13.3174176 52.6079203, 13.3168654 52.6084818, 13.3167398 52.6086098))",1207,Reinickendorf,Waidmannslust,OSM,OSM_SCHOOLS,12G19,OSM_SCHOOLS,way:123241770,Münchhausen-Grundschule,,,,,,,,,,,,,,,,,,,+49304111630,info@muenchhausen-gs.cidsnet.de,http://www.muenchhausen-gs.cidsnet.de/,,,True,52.60842180778863,13.317536710982127,True,True
123276530,11005005,Freie Waldorfschule Havelhöhe - Eugen Kolisko,52.45999318336717,13.156144646185378,"POLYGON ((13.1571746 52.4607459, 13.1565536 52.4603718, 13.1558075 52.4608469, 13.1541853 52.4599288, 13.1551449 52.4595405, 13.1561388 52.459152, 13.1562819 52.4591509, 13.1565095 52.4590559, 13.1570882 52.4596151, 13.1571678 52.4596855, 13.1572629 52.4597497, 13.1580209 52.4601853, 13.1571746 52.4607459))",0506,Spandau,Kladow,OSM,OSM_SCHOOLS,05P01,OSM_SCHOOLS,way:123276530,Freie Waldorfschule Havelhöhe - Eugen Kolisko,,,,,,,,,,,,,,,,,,,,,,,,True,52.45999318336717,13.156144646185378,True,True
123276801,11004004,British School Berlin,52.49795139012952,13.210966601743614,"POLYGON ((13.2109748 52.4974556, 13.2103531 52.4975874, 13.2101396 52.4978467, 13.2101898 52.4979219, 13.2101293 52.4981718, 13.2101039 52.4984294, 13.2102594 52.4985956, 13.2107629 52.4984497, 13.2108676 52.4984424, 13.2111863 52.498331, 13.2120282 52.4980879, 13.2116774 52.4975545, 13.2115188 52.497325, 13.2109748 52.4974556))",0404,Charlottenburg-Wilmersdorf,Grunewald,OSM,OSM_SCHOOLS,,OSM_SCHOOLS,way:123276801,British School Berlin,,,,,,,,,,"Havelchaussee 104, 14055 Berlin",Havelchaussee,104,14055,Berlin,,,,,,,,,,True,52.49795139012952,13.210966601743614,True,True
123276910,11007007,Sophie-Scholl-Schule,52.49390815794584,13.358161810660606,"POLYGON ((13.3585709 52.4943031, 13.3585887 52.4942328, 13.3585119 52.4941936, 13.3585278 52.4941862, 13.3585237 52.4941618, 13.3585071 52.4941539, 13.3585322 52.4941344, 13.3585155 52.4940382, 13.3584831 52.4940171, 13.3584966 52.4940089, 13.3584908 52.4939873, 13.3584796 52.4939813, 13.3585401 52.4939395, 13.3585467 52.493943, 13.3585913 52.4939406, 13.3586014 52.4939316, 13.3586206 52.493942, 13.3586323 52.4939477, 13.3588202 52.4939321, 13.3588382 52.4939164, 13.358907 52.493912, 13.3590293 52.4939051, 13.3590523 52.4939192, 13.3590896 52.4939164, 13.3592366 52.4939053, 13.3592569 52.4938893, 13.359263 52.4938839, 13.3592791 52.4938893, 13.3593157 52.4938867, 13.3593311 52.4938817, 13.3594044 52.4939188, 13.3593929 52.4939245, 13.359397 52.4939499, 13.3594082 52.493956, 13.3593821 52.4939771, 13.3593979 52.4940735, 13.3594324 52.4940902, 13.3594241 52.4940947, 13.3594324 52.4941249, 13.3594477 52.4941271, 13.359552 52.4941198, 13.3595654 52.4941946, 13.3596617 52.494189, 13.3597258 52.4941853, 13.359733 52.4942224, 13.3599669 52.4942056, 13.3600155 52.4942022, 13.3600053 52.4941495, 13.3600967 52.494143, 13.3601066 52.4941943, 13.3601647 52.4941902, 13.360099 52.4938508, 13.3598988 52.4937923, 13.3597778 52.4937566, 13.3597175 52.493738, 13.3592174 52.4937714, 13.3592102 52.4937311, 13.3591413 52.4934005, 13.358851 52.4934211, 13.3583858 52.4934527, 13.3581076 52.4934743, 13.3580461 52.4934786, 13.357543 52.4935132, 13.3574921 52.493581, 13.3573521 52.4935853, 13.3567722 52.4936003, 13.3567885 52.4938147, 13.3567918 52.4938392, 13.3567468 52.4938402, 13.3567611 52.494031, 13.3567729 52.4941992, 13.3568298 52.4941982, 13.3568348 52.4943325, 13.3568405 52.494423, 13.3570783 52.4944188, 13.3578409 52.4943659, 13.3579217 52.4943603, 13.3579206 52.4943541, 13.3579938 52.4943484, 13.3583728 52.494318, 13.3585709 52.4943031))",0701,Tempelhof-Schöneberg,Schöneberg,OSM,OSM_SCHOOLS,07K01,OSM_SCHOOLS,way:123276910,Sophie-Scholl-Schule,,,,,,,,,,"Elßholzstraße 34-37, 10781 Berlin",Elßholzstraße,34-37,10781,Berlin,Bezirksamt Tempelhof-Schöneberg von Berlin,,,,+49 30 902777171,,https://www.sophie-scholl-schule.eu/,,,True,52.49390815794584,13.358161810660606,True,True
123384141,11012012,Katholische Schule Salvator,52.609489001604345,13.312731305228903,"POLYGON ((13.3126566 52.6101058, 13.3133282 52.6097839, 13.31347 52.609657, 13.313497 52.6092374, 13.3132044 52.60909, 13.3131491 52.6090621, 13.313233 52.6089787, 13.3128576 52.6088229, 13.3128475 52.6088187, 13.3128372 52.6088144, 13.3127607 52.6087827, 13.3124778 52.6090431, 13.3124625 52.6090571, 13.3120531 52.6094339, 13.3120368 52.6094489, 13.3118944 52.6095799, 13.3117658 52.6097174, 13.3118659 52.6097623, 13.3124689 52.6100326, 13.3125399 52.6100845, 13.3126566 52.6101058))",1207,Reinickendorf,Waidmannslust,OSM,OSM_SCHOOLS,,OSM_SCHOOLS,way:123384141,Katholische Schule Salvator,,,,,,,,,,,,,,,,,,,+49304111198,salvatoros@salvator.net,https://salvator.net/,,,True,52.609489001604345,13.312731305228903,True,True
123505422,11008008,Grundschule am Teltowkanal,52.45902315863604,13.438984074720704,"POLYGON ((13.4399005 52.4588519, 13.4399869 52.4588621, 13.4399811 52.4588817, 13.4401094 52.4588968, 13.4401002 52.4589234, 13.4402727 52.458942, 13.4405441 52.4589731, 13.4407095 52.4589922, 13.4407322 52.4589217, 13.4412149 52.4589791, 13.4410555 52.4594793, 13.4366419 52.4589714, 13.4366486 52.4589268, 13.4365632 52.4589167, 13.436581 52.4588254, 13.4366023 52.4587132, 13.4366113 52.4586696, 13.4366222 52.4586169, 13.4366856 52.4586215, 13.4375929 52.4586891, 13.4378992 52.4587085, 13.43823 52.4587398, 13.4383556 52.4587518, 13.4385265 52.4587506, 13.4387857 52.4587587, 13.438809 52.4587614, 13.4389253 52.4587747, 13.4392405 52.4588641, 13.4393679 52.4588791, 13.4393737 52.4588587, 13.4394612 52.4588688, 13.4394551 52.4588888, 13.4395835 52.4589039, 13.4397451 52.4589234, 13.439766 52.4588564, 13.4398945 52.4588716, 13.4399005 52.4588519))",0802,Neukölln,Britz,OSM,OSM_SCHOOLS,08G24,OSM_SCHOOLS,way:123505422,Grundschule am Teltowkanal,,,,,,,,,,"Rungiusstraße 46, 12347 Berlin",Rungiusstraße,46,12347,Berlin,,,,,,,,,,True,52.45902315863604,13.438984074720704,True,True
123505423,11008008,Zürich-Schule,52.46213348344085,13.438856626913145,"POLYGON ((13.4382654 52.4617508, 13.43915 52.4618541, 13.4392651 52.4618674, 13.4392655 52.4618663, 13.4393811 52.4618796, 13.4393807 52.4618806, 13.4394904 52.4618932, 13.439491 52.4618915, 13.4395165 52.4618944, 13.4395163 52.4618949, 13.4395715 52.4619013, 13.4395717 52.4619007, 13.4395971 52.4619037, 13.4395966 52.4619054, 13.4395982 52.4619056, 13.4395328 52.4621176, 13.4394926 52.462248, 13.4395376 52.4622531, 13.4395322 52.4622704, 13.4394619 52.4624983, 13.439457 52.462514, 13.4381149 52.4623623, 13.4381907 52.4621108, 13.4382046 52.4620658, 13.4381726 52.4620623, 13.4382654 52.4617508))",0802,Neukölln,Britz,OSM,OSM_SCHOOLS,08G23,OSM_SCHOOLS,way:123505423,Zürich-Schule,,,,,,,,,,"Bürgerstraße 48, 12347 Berlin",Bürgerstraße,48,12347,Berlin,,,,,,,,,,True,52.46213348344085,13.438856626913145,True,True
123721467,11008008,Silberstein-Grundschule,52.467420126494254,13.434764096910527,"POLYGON ((13.4337911 52.4672194, 13.4338827 52.4672304, 13.4339516 52.4670173, 13.4340327 52.4667663, 13.4340622 52.4667699, 13.4345877 52.4668326, 13.4346425 52.4668391, 13.4347791 52.4668552, 13.4350918 52.4668859, 13.4353214 52.4669118, 13.4353181 52.4669188, 13.4353102 52.4669446, 13.4352968 52.4669862, 13.4352821 52.4670329, 13.4352791 52.467043, 13.4352611 52.4670982, 13.4351661 52.4673892, 13.4359963 52.4674918, 13.4359895 52.4675127, 13.4358575 52.4679175, 13.4358419 52.4679651, 13.4358289 52.4680052, 13.4349985 52.4679071, 13.4342037 52.4678128, 13.4342262 52.4677525, 13.4337913 52.4677084, 13.4337986 52.4676857, 13.4338349 52.4675811, 13.4338372 52.467574, 13.4336858 52.4675564, 13.4337646 52.4673052, 13.4337744 52.4672714, 13.4337911 52.4672194))",0801,Neukölln,Neukölln,OSM,OSM_SCHOOLS,08G21,OSM_SCHOOLS,way:123721467,Silberstein-Grundschule,,,,,,,,,,"Silbersteinstraße 42, 12051 Berlin",Silbersteinstraße,42,12051,Berlin,,,,,,,,,,True,52.467420126494254,13.434764096910527,True,True
123769118,11005005,Schule am Gartenfeld,52.54317151295613,13.242576405867188,"POLYGON ((13.2432723 52.5433799, 13.2428702 52.5435445, 13.2428355 52.5435956, 13.2426911 52.5435578, 13.2426044 52.5435351, 13.242461 52.5434977, 13.2418204 52.5433304, 13.241783 52.5432709, 13.2420534 52.5428909, 13.2422802 52.5429495, 13.2428579 52.5427002, 13.2432495 52.543046, 13.2430597 52.543141, 13.2430699 52.5431504, 13.2430219 52.5431764, 13.2430883 52.5432183, 13.2432723 52.5433799))",0502,Spandau,Haselhorst,OSM,OSM_SCHOOLS,05S03,OSM_SCHOOLS,way:123769118,Schule am Gartenfeld,,,,,,,,,,"Gartenfelder Straße 81, 13599 Berlin",Gartenfelder Straße,81,13599,Berlin,Bezirksamt Spandau von Berlin,,,,,,https://www.schule-am-gartenfeld.de,,,True,52.54317151295613,13.242576405867188,True,True
123809044,11006006,Iranische Schule,52.4612791505988,13.299814900111812,"POLYGON ((13.299341 52.4612979, 13.2997081 52.4609972, 13.3002888 52.4612604, 13.2999217 52.4615611, 13.299341 52.4612979))",0605,Steglitz-Zehlendorf,Dahlem,OSM,OSM_SCHOOLS,,OSM_SCHOOLS,way:123809044,Iranische Schule,,,,,,,,,,"Podbielskiallee 65, 14195 Berlin",Podbielskiallee,65,14195,Berlin,,,,,,,,,,True,52.4612791505988,13.299814900111812,True,True
124129557,11006006,Gail S. Halvorsen Schule,52.459611941667355,13.285046924990928,"POLYGON ((13.2841602 52.4590797, 13.2850063 52.4589135, 13.285234 52.4593897, 13.2857356 52.4593625, 13.2859045 52.4601416, 13.2856964 52.4601442, 13.2854607 52.4601524, 13.2851651 52.4601702, 13.2848125 52.4602149, 13.2847766 52.4602047, 13.2845553 52.4598392, 13.2844165 52.4595529, 13.2843923 52.4595508, 13.2843847 52.4595438, 13.2843387 52.4594475, 13.2843519 52.4594451, 13.2842556 52.4592669, 13.2841602 52.4590797))",0605,Steglitz-Zehlendorf,Dahlem,OSM,OSM_SCHOOLS,06K09,OSM_SCHOOLS,way:124129557,Gail S. Halvorsen Schule,,,,,,,,,,"Im Gehege 6, 14195 Berlin",Im Gehege,6,14195,Berlin,,,,,,,http://www.halvorsen-schule.de/,,,True,52.459611941667355,13.285046924990928,True,True
124129746,11006006,Pestalozzi-Schule,52.44344490332983,13.248352602591517,"POLYGON ((13.2488367 52.4430378, 13.2494855 52.4433345, 13.2484416 52.4442098, 13.2471801 52.4436333, 13.2483779 52.4426457, 13.2489872 52.4429046, 13.2488367 52.4430378))",0604,Steglitz-Zehlendorf,Zehlendorf,OSM,OSM_SCHOOLS,06S01,OSM_SCHOOLS,way:124129746,Pestalozzi-Schule,,,,,,,,,,"Hartmannsweilerweg 47, 14163 Berlin",Hartmannsweilerweg,47,14163,Berlin,,,,,+49 30 90299 5760,,https://www.pestalozzi-schule-berlin.de/,,,True,52.44344490332983,13.248352602591517,True,True
124129747,11006006,Zinnowwald Grundschule,52.4449897597857,13.247543580191982,"POLYGON ((13.2472261 52.4461388, 13.2465271 52.4455991, 13.2456605 52.4448738, 13.2471801 52.4436333, 13.2484416 52.4442098, 13.2483267 52.4443082, 13.2495087 52.4448552, 13.2493875 52.4449597, 13.2494439 52.4449898, 13.2483583 52.4458795, 13.2476982 52.4464265, 13.2475666 52.4463785, 13.2472261 52.4461388))",0604,Steglitz-Zehlendorf,Zehlendorf,OSM,OSM_SCHOOLS,06G07,OSM_SCHOOLS,way:124129747,Zinnowwald Grundschule,,,,,,,,,,"Wilskistraße 78, 14163 Berlin",Wilskistraße,78,14163,Berlin,,,,,+4930 90299 5586,Sekretariat@zinnowwaldschule.de,http://www.zinnowwald.cidsnet.de/,,,True,52.4449897597857,13.247543580191982,True,True
124129754,11006006,Peter-Lenné-Schule Oberstufenzentrum Agrarwirtschaft,52.442112914038546,13.249732350308282,"POLYGON ((13.2483779 52.4426457, 13.2489872 52.4429046, 13.2488367 52.4430378, 13.2494855 52.4433345, 13.2504558 52.4424937, 13.2506816 52.4422184, 13.2506745 52.4422006, 13.2506574 52.442168, 13.2508417 52.442087, 13.2513321 52.441688, 13.2513734 52.4416536, 13.2514177 52.4416014, 13.2514449 52.4415572, 13.251464 52.4415038, 13.2514671 52.4414891, 13.2514791 52.441432, 13.2488944 52.4412298, 13.2486581 52.4421537, 13.2483779 52.4426457))",0604,Steglitz-Zehlendorf,Zehlendorf,OSM,OSM_SCHOOLS,06B01,OSM_SCHOOLS,way:124129754,Peter-Lenné-Schule Oberstufenzentrum Agrarwirtschaft,,,,,,,,,,,,,,,,,,,,,https://www.peter-lenne-schule.de/,,,True,52.442112914038546,13.249732350308282,True,True
124130160,11006006,Anna-Essinger-Gemeinschaftsschule (Grundstufe),52.4254875456122,13.22589582701172,"POLYGON ((13.2275863 52.4256481, 13.2272446 52.4260482, 13.2263073 52.4257525, 13.2261028 52.4260839, 13.2260383 52.4260582, 13.225901 52.4260034, 13.2254647 52.4258454, 13.2251823 52.4257432, 13.2246511 52.4255509, 13.2247507 52.4247494, 13.2275863 52.4256481))",0606,Steglitz-Zehlendorf,Nikolassee,OSM,OSM_SCHOOLS,06K11b,OSM_SCHOOLS,way:124130160,Anna-Essinger-Gemeinschaftsschule (Grundstufe),,,,,,,,,,"Am Rohrgarten 9, 14163 Berlin",Am Rohrgarten,9,14163,Berlin,,,,,+49 30 80909984,aegs-sekretariat-gs@gmx.de,https://www.aegs.de/,,,True,52.4254875456122,13.22589582701172,True,True
124130292,11006006,Schadow-Gymnasium,52.43111184091163,13.253961417183122,"POLYGON ((13.2520727 52.4312631, 13.2535433 52.4314541, 13.2536217 52.4312296, 13.2541844 52.4313026, 13.2541041 52.4315326, 13.2556425 52.4317485, 13.2559955 52.431746, 13.256113 52.4314018, 13.2556384 52.4313437, 13.2552436 52.4312889, 13.2553884 52.4308751, 13.2545509 52.4307629, 13.2523503 52.4304681, 13.2520727 52.4312631))",0604,Steglitz-Zehlendorf,Zehlendorf,OSM,OSM_SCHOOLS,06Y01,OSM_SCHOOLS,way:124130292,Schadow-Gymnasium,,,,,,,,,,"Beuckestraße 27-29, 14163 Berlin",Beuckestraße,27-29,14163,Berlin,,,,,,,,,,True,52.43111184091163,13.253961417183122,True,True
124130337,11006006,Sankt Ursula Grundschule,52.43443338412927,13.26459835498611,"POLYGON ((13.2637733 52.4349858, 13.2637894 52.4350346, 13.2639236 52.4350623, 13.2640164 52.4350294, 13.2653635 52.4345614, 13.2650767 52.4342962, 13.2653511 52.4340126, 13.2645352 52.4338105, 13.2637733 52.4349858))",0604,Steglitz-Zehlendorf,Zehlendorf,OSM,OSM_SCHOOLS,06P01,OSM_SCHOOLS,way:124130337,Sankt Ursula Grundschule,,,,,,,,,,"Kleinaustraße 4, 14169 Berlin",Kleinaustraße,4,14169,Berlin,Erzbistum Berlin,,,,+4930 326 84 0,st-ursula-gs@t-online.de,http://www.st-ursula-berlin.de/,,,True,52.43443338412927,13.26459835498611,True,True
124130548,11006006,Bilinguale Schule Phorms,52.420512862955896,13.283855560496583,"POLYGON ((13.2828563 52.4205814, 13.2834243 52.420733, 13.2834142 52.4207519, 13.2838956 52.4208762, 13.2840769 52.4206106, 13.2849322 52.4208315, 13.2849914 52.4207496, 13.2850216 52.4207588, 13.2851146 52.4206248, 13.2850808 52.4206143, 13.2851014 52.4205875, 13.2832027 52.4200855, 13.2828563 52.4205814))",0602,Steglitz-Zehlendorf,Lichterfelde,OSM,OSM_SCHOOLS,06P18,OSM_SCHOOLS,way:124130548,Bilinguale Schule Phorms,,,,,,,,,,"Harry-S.-Truman-Allee 3, 14167 Berlin",Harry-S.-Truman-Allee,3,14167,Berlin,,,,,,,,,,True,52.420512862955896,13.283855560496583,True,True
124131574,11006006,Athene-Grundschule,52.440441939264815,13.290738629691965,"POLYGON ((13.2920967 52.4412788, 13.291471 52.4400757, 13.2907904 52.4402034, 13.2905797 52.4398045, 13.2897115 52.4399703, 13.2897262 52.4400031, 13.289208 52.4400874, 13.2893249 52.4403015, 13.2899709 52.4405292, 13.2920967 52.4412788))",0602,Steglitz-Zehlendorf,Lichterfelde,OSM,OSM_SCHOOLS,06G18,OSM_SCHOOLS,way:124131574,Athene-Grundschule,,,,,,,,,,"Curtiusstraße 37, 12205 Berlin",Curtiusstraße,37,12205,Berlin,,,,,+4930 810097 0,info@athene-grundschule.de,https://www.athene-grundschule.de/,,,True,52.440441939264815,13.290738629691965,True,True
124219991,11007007,Marianne-Cohn-Schule,52.46406671743439,13.418630219020388,"POLYGON ((13.418838 52.4648476, 13.4187509 52.4648394, 13.4178883 52.4647578, 13.4179692 52.4644389, 13.4180774 52.4640025, 13.4181897 52.4635671, 13.4182366 52.4633868, 13.4198162 52.4635356, 13.4197603 52.4637692, 13.4191177 52.4637081, 13.418838 52.4648476))",0703,Tempelhof-Schöneberg,Tempelhof,OSM,OSM_SCHOOLS,07S04,OSM_SCHOOLS,way:124219991,Marianne-Cohn-Schule,,,,,,,,,,"Holzmannstraße 7, 12099 Berlin",Holzmannstraße,7,12099,Berlin,Bezirksamt Tempelhof-Schöneberg von Berlin,,,,+49 30 902772555,,https://www.marianne-cohn-schule.de/,,,True,52.46406671743439,13.418630219020388,True,True
124291718,11006006,Kronach-Grundschule,52.441282657057094,13.312177783189142,"POLYGON ((13.31237 52.4421663, 13.3117888 52.4417275, 13.3118139 52.441708, 13.3119584 52.4415959, 13.3107341 52.4410079, 13.3114594 52.4404275, 13.3126037 52.440941, 13.3128882 52.4410687, 13.3129289 52.4410355, 13.3136134 52.4415469, 13.31237 52.4421663))",0602,Steglitz-Zehlendorf,Lichterfelde,OSM,OSM_SCHOOLS,06G23,OSM_SCHOOLS,way:124291718,Kronach-Grundschule,,,,,,,,,,"Moltkestraße 24-26, 12203 Berlin",Moltkestraße,24-26,12203,Berlin,Bezirksamt Steglitz-Zehlendorf von Berlin,,,,+49 30 84416760,sekretariat@kronach.schule.berlin.de,https://www.kronach-grundschule.de/,,,True,52.441282657057094,13.312177783189142,True,True
124292576,11007007,Lindenhof-Grundschule,52.458267315672465,13.36353348328893,"POLYGON ((13.3634529 52.4577498, 13.363437 52.4579745, 13.363995 52.4579686, 13.3641625 52.4579609, 13.3642315 52.4586282, 13.3639556 52.4586381, 13.3636976 52.4587329, 13.3634068 52.4587415, 13.3632764 52.4587114, 13.3631904 52.4586808, 13.3630869 52.4586208, 13.3630582 52.4582725, 13.3628768 52.4582801, 13.3628696 52.458192, 13.3628801 52.4581902, 13.3628492 52.4579954, 13.3628829 52.4579948, 13.3628678 52.4577972, 13.3634529 52.4577498))",0701,Tempelhof-Schöneberg,Schöneberg,OSM,OSM_SCHOOLS,07G07,OSM_SCHOOLS,way:124292576,Lindenhof-Grundschule,,,,,,,,,,"Reglinstraße 29, 12105 Berlin",Reglinstraße,29,12105,Berlin,Land Berlin,,,,+49 30 9027771 57,sekretariat@lindenhof.schule.berlin.de,https://www.lindenhof-grundschule.de/,,,True,52.458267315672465,13.36353348328893,True,True
124475135,11007007,Paul-Klee-Grundschule,52.454026443638185,13.374894659806237,"POLYGON ((13.3751612 52.4535658, 13.3758275 52.454083, 13.3757387 52.4541258, 13.3756577 52.4541646, 13.3755069 52.4542371, 13.3757328 52.4544115, 13.3753684 52.4545909, 13.3751077 52.4547162, 13.3738278 52.4536766, 13.3739589 52.4536104, 13.3740734 52.4535467, 13.3742851 52.4534418, 13.3743235 52.4534219, 13.3743623 52.4534013, 13.3748375 52.45372, 13.3749917 52.4536458, 13.3750481 52.4536894, 13.3751272 52.4536514, 13.375072 52.4536088, 13.3751612 52.4535658))",0703,Tempelhof-Schöneberg,Tempelhof,OSM,OSM_SCHOOLS,07G22,OSM_SCHOOLS,way:124475135,Paul-Klee-Grundschule,,,,,,,,,,"Konradinstraße 15-17, 12105 Berlin",Konradinstraße,15-17,12105,Berlin,Bezirksamt Tempelhof-Schöneberg von Berlin,,,,+49 30 902772662,sekretariat@07G22.schule.berlin.de,https://www.paul-klee-schule.de,,,True,52.454026443638185,13.374894659806237,True,True
124476249,,Katholische Grundschule St. Alfons,52.416654598592984,13.351511119290263,"POLYGON ((13.3517986 52.4173662, 13.3508604 52.4169925, 13.3504784 52.41687, 13.350873 52.41637, 13.3510325 52.416221, 13.3511633 52.4161349, 13.3513845 52.4160208, 13.3516083 52.4159779, 13.3520027 52.4162304, 13.3524838 52.4164958, 13.3517986 52.4173662))",,,,OSM,OSM_SCHOOLS,07P04,OSM_SCHOOLS,way:124476249,Katholische Grundschule St. Alfons,,,,,,,,,,"Tennstedter Straße 1, 12249 Berlin",Tennstedter Straße,1,12249,Berlin,Erzbistum Berlin,,,,,,http://www.kssa.de/,,,True,52.416654598592984,13.351511119290263,False,False
124476425,11007007,Katholische Schule Sankt Hildegard,52.415491432096836,13.359032043926414,"POLYGON ((13.3593501 52.4154054, 13.3595172 52.4154291, 13.3595401 52.4155979, 13.3594981 52.415693, 13.3593415 52.4156717, 13.3592243 52.4156623, 13.35905 52.4156623, 13.3586275 52.4156738, 13.3585661 52.4153121, 13.3591276 52.4152695, 13.3593501 52.4154054))",0705,Tempelhof-Schöneberg,Marienfelde,OSM,OSM_SCHOOLS,07P06,OSM_SCHOOLS,way:124476425,Katholische Schule Sankt Hildegard,,,,,,,,,,"Malteserstraße 171, 12277 Berlin",Malteserstraße,171,12277,Berlin,,,,,,,,,,True,52.415491432096836,13.359032043926414,True,True
124476858,11008008,Jenaplanschule Neukölln,52.47217656010134,13.435605525643911,"POLYGON ((13.4360094 52.4717545, 13.4359774 52.4718515, 13.435968 52.4718794, 13.4359599 52.4719036, 13.4359147 52.4720403, 13.4358815 52.4721403, 13.4359836 52.4721522, 13.4359747 52.4721791, 13.4359111 52.4723721, 13.4358085 52.4723604, 13.4357763 52.4724585, 13.4357586 52.4725125, 13.4357565 52.4725189, 13.4357497 52.4725406, 13.4357178 52.4726379, 13.4357169 52.4726399, 13.4355857 52.4726234, 13.4355792 52.4726429, 13.4354944 52.4726323, 13.4354925 52.4726379, 13.4354667 52.4726347, 13.4354203 52.4726289, 13.4353899 52.4726251, 13.4353918 52.4726195, 13.4353572 52.4726152, 13.4353067 52.4726089, 13.4351765 52.4725918, 13.4351829 52.4725725, 13.4352199 52.4724597, 13.4352226 52.4724523, 13.435279 52.4722812, 13.4354236 52.4718421, 13.4354332 52.4718124, 13.4354404 52.4717902, 13.4354724 52.4716934, 13.4355185 52.4716986, 13.4359771 52.4717508, 13.4360094 52.4717545))",0801,Neukölln,Neukölln,OSM,OSM_SCHOOLS,08G12,OSM_SCHOOLS,way:124476858,Jenaplanschule Neukölln,,,,,,,,,,"Jonasstraße 15, 12053 Berlin",Jonasstraße,15,12053,Berlin,,,,,,,https://jps.berlin/start/,,,True,52.47217656010134,13.435605525643911,True,True
124679751,11008008,Fritz-Karsen-Schule,52.448004327278255,13.443031222258739,"POLYGON ((13.4442252 52.4488026, 13.4442113 52.448753, 13.4440738 52.4482213, 13.444081 52.4481723, 13.4440678 52.4481232, 13.4441455 52.4481152, 13.4441282 52.4480455, 13.4441233 52.4480256, 13.4441054 52.4477672, 13.4440373 52.4467921, 13.4440326 52.4467248, 13.4437154 52.4467436, 13.4436769 52.4467469, 13.4435836 52.4467467, 13.4435482 52.4467491, 13.4435129 52.4467515, 13.4434677 52.4467574, 13.4428708 52.4469954, 13.4423568 52.4472026, 13.4415053 52.4475459, 13.4414919 52.4475513, 13.441479 52.4475565, 13.4414321 52.447694, 13.4414017 52.4478401, 13.4414552 52.4478955, 13.4414669 52.4479076, 13.4414796 52.4479207, 13.4418249 52.4482783, 13.4418331 52.4482968, 13.4418923 52.4483422, 13.4419161 52.4483605, 13.4419232 52.4483659, 13.4419313 52.4483724, 13.442271 52.448646, 13.4422733 52.448726, 13.4428516 52.4492748, 13.4430514 52.4492231, 13.4431285 52.4493506, 13.4432116 52.4493335, 13.4432477 52.4493933, 13.4435021 52.4493496, 13.4434827 52.4492865, 13.4435701 52.4492761, 13.4435246 52.4491169, 13.4439898 52.4490094, 13.4439822 52.4489791, 13.443964 52.4489015, 13.4439615 52.4488905, 13.4439478 52.4488323, 13.4440926 52.4488178, 13.4442252 52.4488026))",0802,Neukölln,Britz,OSM,OSM_SCHOOLS,08K06,OSM_SCHOOLS,way:124679751,Fritz-Karsen-Schule,,,,,,,,,,,,,,,,,,,,,https://www.fritz-karsen.de/,,,True,52.448004327278255,13.443031222258739,True,True
124680188,11008008,Oskar-Heinroth-Grundschule,52.44063333249816,13.4726760517993,"POLYGON ((13.4727527 52.4394401, 13.473311 52.4399754, 13.4733258 52.4399759, 13.4734187 52.4400645, 13.4734105 52.4400766, 13.4738557 52.4404975, 13.4738103 52.4405189, 13.4740247 52.4407282, 13.4744256 52.4411112, 13.4739555 52.4413282, 13.4734477 52.4409244, 13.4730467 52.441092, 13.4720973 52.441544, 13.4710091 52.4407344, 13.4719096 52.4401636, 13.4721105 52.4402967, 13.472152 52.4403152, 13.472212 52.4403266, 13.4723159 52.4403148, 13.4724455 52.4402652, 13.4724854 52.4402365, 13.4725123 52.4401965, 13.4725203 52.440155, 13.4724135 52.439991, 13.4723758 52.4398866, 13.4723928 52.4397607, 13.4724382 52.4396619, 13.472563 52.43952, 13.4727527 52.4394401))",0802,Neukölln,Britz,OSM,OSM_SCHOOLS,08G27,OSM_SCHOOLS,way:124680188,Oskar-Heinroth-Grundschule,,,,,,,,,,"Rohrdommelweg 1, 12359 Berlin",Rohrdommelweg,1,12359,Berlin,Bezirksamt Neukölln,,,,+49 30 6021042,berlin-08g27@versanet.de,,,,True,52.44063333249816,13.4726760517993,True,True
124680314,,Gemeinschaftsschule Campus Efeuweg,52.426755727024094,13.47253174941607,"POLYGON ((13.4707951 52.4263209, 13.4720604 52.4275265, 13.4731848 52.4274973, 13.4732422 52.4274958, 13.4739701 52.4274771, 13.4739491 52.4271436, 13.473914 52.4265847, 13.4738483 52.4265826, 13.473679 52.4265872, 13.4736823 52.4266318, 13.473701 52.4266313, 13.4737047 52.4266811, 13.4735086 52.4266878, 13.4734042 52.4266013, 13.4733761 52.4262877, 13.4732546 52.4262335, 13.4732358 52.425965, 13.4725238 52.4259859, 13.4724928 52.425987, 13.4724658 52.4259879, 13.4722135 52.4260024, 13.4719429 52.4260315, 13.471712 52.4260596, 13.471461 52.4261085, 13.4711758 52.4261838, 13.4707951 52.4263209))",,,,OSM,OSM_SCHOOLS,08K13,OSM_SCHOOLS,way:124680314,Gemeinschaftsschule Campus Efeuweg,,,,,,,,,,"Efeuweg 34, 12357 Berlin",Efeuweg,34,12357,Berlin,Bezirksamt Neukölln von Berlin,,,,+49 30 666904 0,sekretariat@campus-efeuweg.schule.berlin.de,https://gemeinschaftsschule.campus-efeuweg.de/,,,True,52.426755727024094,13.47253174941607,False,False
124680474,11008008,Hermann-von-Helmholtz-Schule (Grundstufe),52.421114349350525,13.471448278340945,"POLYGON ((13.4704986 52.4215605, 13.4705027 52.4212411, 13.4691377 52.4212379, 13.4700588 52.4206894, 13.4714003 52.4206833, 13.4722627 52.4206867, 13.4723467 52.4207381, 13.4728767 52.4207408, 13.4731198 52.4207826, 13.4730743 52.4209729, 13.4730691 52.4211303, 13.4730763 52.4212057, 13.4731055 52.421562, 13.4715623 52.4215615, 13.4715609 52.4215915, 13.4707748 52.421589, 13.4704986 52.4215605))",0805,Neukölln,Gropiusstadt,OSM,OSM_SCHOOLS,08K02b,OSM_SCHOOLS,way:124680474,Hermann-von-Helmholtz-Schule (Grundstufe),,,,,,,,,,"Wutzkyallee 80-84, 12353 Berlin",Wutzkyallee,80-84,12353,Berlin,,,,,,,https://www.hvhschule.de/,,,True,52.421114349350525,13.471448278340945,True,True
124680477,11008008,Hermann-von-Helmholtz-Schule (Mittelstufe),52.42231162498699,13.47192572223408,"POLYGON ((13.4709267 52.4231101, 13.4707202 52.422141, 13.4706329 52.4220123, 13.4704984 52.421923, 13.4704986 52.4215605, 13.4707748 52.421589, 13.4715609 52.4215915, 13.4715623 52.4215615, 13.4731055 52.421562, 13.4731889 52.4230164, 13.4731129 52.4230622, 13.4716388 52.4231019, 13.4710049 52.4231442, 13.4709267 52.4231101))",0805,Neukölln,Gropiusstadt,OSM,OSM_SCHOOLS,08K02,OSM_SCHOOLS,way:124680477,Hermann-von-Helmholtz-Schule (Mittelstufe),,,,,,,,,,"Wutzkyallee 68-78, 12353 Berlin",Wutzkyallee,68-78,12353,Berlin,,,,,,,https://www.hvhschule.de/,,,True,52.42231162498699,13.47192572223408,True,True
124680553,11008008,Schliemann Grundschule,52.411113261136016,13.485222173066818,"POLYGON ((13.4852282 52.4093927, 13.4859606 52.4103401, 13.4862344 52.4106898, 13.4866422 52.411125, 13.4865779 52.4112005, 13.4862028 52.4116249, 13.486055 52.4117902, 13.4857472 52.4121358, 13.4855094 52.4124042, 13.4837262 52.4118052, 13.4838013 52.4116849, 13.4838645 52.4115836, 13.4842335 52.4109925, 13.4842578 52.4109536, 13.4846963 52.4102513, 13.4847264 52.4102, 13.4847519 52.410156, 13.4852282 52.4093927))",0804,Neukölln,Rudow,OSM,OSM_SCHOOLS,08G11,OSM_SCHOOLS,way:124680553,Schliemann Grundschule,,,,,,,,,,"Groß-Ziethener Chaussee 81, 12355 Berlin",Groß-Ziethener Chaussee,81,12355,Berlin,,,,,+4930 663 6053,sekretariat@schliemann-gs.de,https://schliemann-grundschule.de/,,,True,52.411113261136016,13.485222173066818,True,True
124681062,11009009,Anne-Frank-Oberschule,52.4005037405261,13.525505226560865,"POLYGON ((13.52461 52.3996798, 13.5245977 52.3996457, 13.5251517 52.399453, 13.525284 52.3994249, 13.5256058 52.3999102, 13.5255858 52.3999632, 13.5255304 52.3999785, 13.5255671 52.4000336, 13.5255997 52.4000245, 13.525777 52.4000983, 13.5258305 52.4001635, 13.5259937 52.4001975, 13.526202 52.4004282, 13.5266561 52.4012088, 13.5254805 52.401503, 13.5254558 52.4014663, 13.5252142 52.4011068, 13.5252811 52.4010927, 13.5251645 52.4009136, 13.5251374 52.4009203, 13.5248359 52.4004668, 13.5249092 52.4004487, 13.5248767 52.4003997, 13.5247308 52.4001794, 13.5246569 52.4001976, 13.5243552 52.3997432, 13.5244624 52.3997167, 13.5244667 52.3997232, 13.5245075 52.3997131, 13.5245029 52.3997062, 13.52461 52.3996798))",0906,Treptow-Köpenick,Altglienicke,OSM,OSM_SCHOOLS,09Y04,OSM_SCHOOLS,way:124681062,Anne-Frank-Oberschule,,,,,,,,,,,,,,,,,,,,,,,,True,52.4005037405261,13.525505226560865,True,True
124816442,,Kreativitätsgrundschule Berlin-Treptow,52.447830443084804,13.531286362975642,"POLYGON ((13.5295599 52.4485817, 13.5293557 52.448259, 13.5304803 52.4479907, 13.5306172 52.4479012, 13.530657 52.4479233, 13.530691 52.447941, 13.5307938 52.4479138, 13.5324374 52.4468052, 13.5328379 52.4474381, 13.5324745 52.4474881, 13.5320039 52.4475528, 13.5320731 52.4477503, 13.5320784 52.4477619, 13.5320419 52.4478002, 13.532014 52.447805, 13.5320197 52.4479555, 13.5318698 52.4479755, 13.5319576 52.448211, 13.531584 52.4482392, 13.5307989 52.448317, 13.5302588 52.448427, 13.5296967 52.4485519, 13.5295599 52.4485817))",,,,OSM,OSM_SCHOOLS,09P16,OSM_SCHOOLS,way:124816442,Kreativitätsgrundschule Berlin-Treptow,,,,,,,,,,"Hartriegelstraße 77, 12439 Berlin",Hartriegelstraße,77,12439,Berlin,Die Kappe e. V.,,,,+49 30 22502 7733,,https://www.berliner-privatschulen.de/bip-kreativitaetsgrundschule-treptow,,,True,52.447830443084804,13.531286362975642,False,False
124816471,11009009,Evangelische Schule Köpenick,52.42362697490029,13.59249392605373,"POLYGON ((13.5920631 52.4245388, 13.5930489 52.4245603, 13.5930867 52.4240249, 13.5934917 52.4240353, 13.5935229 52.4237677, 13.5935949 52.423544, 13.5937974 52.4231748, 13.5938163 52.4231215, 13.5911754 52.4228198, 13.5911849 52.4228754, 13.5912493 52.4230227, 13.5914357 52.4233899, 13.5920631 52.4245388))",0910,Treptow-Köpenick,Köpenick,OSM,OSM_SCHOOLS,09P07,OSM_SCHOOLS,way:124816471,Evangelische Schule Köpenick,,,,,,,,,,"Grüne Trift 169, 12557 Berlin",Grüne Trift,169,12557,Berlin,Evangelische Schulstiftung in der EKBO,,,,,,,,,True,52.42362697490029,13.59249392605373,True,True
124816702,11009009,Ahorn-Schule,52.44781175542479,13.619292078351338,"POLYGON ((13.6201448 52.4481548, 13.6200514 52.4474273, 13.6200767 52.4471793, 13.6195703 52.4471465, 13.6195558 52.4474001, 13.6184321 52.447449, 13.6185145 52.4480469, 13.6184268 52.4480472, 13.61844 52.4482589, 13.618453 52.4484062, 13.6201448 52.4481548))",0911,Treptow-Köpenick,Friedrichshagen,OSM,OSM_SCHOOLS,09S04,OSM_SCHOOLS,way:124816702,Ahorn-Schule,,,,,,,,,,"Peter-Hille-Straße 118, 12587 Berlin",Peter-Hille-Straße,118,12587,Berlin,Bezirk Treptow-Köpenick,,,,+49 30 6455031,Sekretariat@ahorn.schule.berlin.de,https://ahorn-schule.de/,,,True,52.44781175542479,13.619292078351338,True,True
124816871,11009009,Wilhelm-Bölsche-Schule,52.45131914614691,13.61918253685004,"POLYGON ((13.620019 52.4507844, 13.6198945 52.4509205, 13.6198141 52.4510109, 13.619731 52.4511048, 13.619509 52.4513607, 13.619514 52.4514943, 13.6197552 52.4514909, 13.6197893 52.4517356, 13.6185672 52.4517725, 13.618619 52.4509938, 13.620019 52.4507844))",0911,Treptow-Köpenick,Friedrichshagen,OSM,OSM_SCHOOLS,09K05,OSM_SCHOOLS,way:124816871,Wilhelm-Bölsche-Schule,,,,,,,,,,,,,,,,,,,+49 30 645 50 89,Sekretariat@boelsche.schule.berlin.de,https://www.boelsche-berlin.de/,,,True,52.45131914614691,13.61918253685004,True,True
124816923,11009009,Evangelische Grundschule Friedrichshagen,52.45281649463709,13.62003781936553,"POLYGON ((13.6204242 52.4524953, 13.6204752 52.4524927, 13.620649 52.4524864, 13.6207179 52.4524832, 13.6207796 52.4529768, 13.6207873 52.4530385, 13.6204624 52.453052, 13.6197102 52.4530756, 13.6197211 52.4532076, 13.6192322 52.4532273, 13.6192094 52.4529379, 13.6195475 52.4529224, 13.6195193 52.452492, 13.6204215 52.4524593, 13.6204242 52.4524953))",0911,Treptow-Köpenick,Friedrichshagen,OSM,OSM_SCHOOLS,09P13,OSM_SCHOOLS,way:124816923,Evangelische Grundschule Friedrichshagen,,,,,,,,,,"Peter-Hille-Straße 36, 12587 Berlin",Peter-Hille-Straße,36,12587,Berlin,Evangelische Schulstiftung in der EKBO,,,,+4930 671 22 512,buero@ev-schule-friedrichshagen.de,https://www.ev-schule-friedrichshagen.de/,,,True,52.45281649463709,13.62003781936553,True,True
124816990,11009009,Gerhart-Hauptmann-Gymnasium,52.451742599783266,13.633631864223826,"POLYGON ((13.6326053 52.4524062, 13.633229 52.4524241, 13.6335347 52.4524345, 13.6344417 52.4524621, 13.6344878 52.4513475, 13.634384 52.4513446, 13.6344074 52.4508837, 13.6337472 52.4508683, 13.6337508 52.4508156, 13.6334509 52.4508084, 13.6334072 52.4508074, 13.6333959 52.4514102, 13.6330055 52.4514048, 13.632997 52.4514396, 13.6326386 52.4514346, 13.6326382 52.4514415, 13.6326324 52.4516218, 13.6326181 52.4520167, 13.6326082 52.4523171, 13.6326053 52.4524062))",0911,Treptow-Köpenick,Friedrichshagen,OSM,OSM_SCHOOLS,09Y06,OSM_SCHOOLS,way:124816990,Gerhart-Hauptmann-Gymnasium,,,,,,,,,,"Bruno-Wille-Straße 37, 12587 Berlin",Bruno-Wille-Straße,37,12587,Berlin,Bezirksamt Treptow-Köpenick von Berlin,,,,+49 30 6451839,sekretariat@ghs-berlin.de,https://www.ghs-berlin.de/,,,True,52.451742599783266,13.633631864223826,True,True
125390734,11007007,Friedrich-Bergius-Oberschule,52.4764346943484,13.334037718592436,"POLYGON ((13.3328486 52.4760183, 13.3328587 52.4764823, 13.3328636 52.4768066, 13.3328622 52.4768481, 13.3330072 52.4768435, 13.3330619 52.4768422, 13.3331975 52.476839, 13.3339598 52.4768193, 13.3352477 52.4767784, 13.3352436 52.4763497, 13.3352406 52.4761956, 13.335237 52.4760032, 13.3342757 52.4760088, 13.334276 52.476324, 13.3337777 52.4763293, 13.3337719 52.4760706, 13.3337711 52.4760113, 13.3337602 52.4760114, 13.3334677 52.4760137, 13.3334159 52.4760141, 13.3331971 52.4760159, 13.3328486 52.4760183))",0702,Tempelhof-Schöneberg,Friedenau,OSM,OSM_SCHOOLS,07K10,OSM_SCHOOLS,way:125390734,Friedrich-Bergius-Oberschule,,,,,,,,,,"Perelsplatz 6-9, 12159 Berlin",Perelsplatz,6-9,12159,Berlin,Bezirksamt Tempelhof-Schöneberg von Berlin,,,,,,https://www.friedrich-bergius-schule.de/,,,True,52.4764346943484,13.334037718592436,True,True
125667560,11004004,Katharina-Heinroth-Grundschule,52.493988185137894,13.305736361832759,"POLYGON ((13.3049667 52.4936212, 13.3049558 52.4936666, 13.3049802 52.4938564, 13.3050282 52.494286, 13.3053201 52.4943745, 13.3055262 52.4941109, 13.3065001 52.4944031, 13.3068202 52.4940327, 13.3050867 52.4935006, 13.3050185 52.4935727, 13.3049667 52.4936212))",0402,Charlottenburg-Wilmersdorf,Wilmersdorf,OSM,OSM_SCHOOLS,04G20,OSM_SCHOOLS,way:125667560,Katharina-Heinroth-Grundschule,,,,,,,,,,"Münstersche Straße 15-17, 10709 Berlin",Münstersche Straße,15-17,10709,Berlin,,,,,,,,,,True,52.493988185137894,13.305736361832759,True,True
125692093,11010010,Johann-Julius-Hecker-Schule,52.57038725449992,13.578839476789458,"POLYGON ((13.5778684 52.5710292, 13.5779132 52.5710552, 13.5779277 52.5710636, 13.5787462 52.571052, 13.5789232 52.5710494, 13.579068 52.5710474, 13.5791861 52.5710457, 13.5791954 52.5710356, 13.579785 52.5698091, 13.5787132 52.5696319, 13.5785865 52.5696512, 13.5778684 52.5710292))",1001,Marzahn-Hellersdorf,Marzahn,OSM,OSM_SCHOOLS,10K08,OSM_SCHOOLS,way:125692093,Johann-Julius-Hecker-Schule,,,,,,,,,,"Hohenwalder Straße 2, 12689 Berlin",Hohenwalder Straße,2,12689,Berlin,,,,,,,,,,True,52.57038725449992,13.578839476789458,True,True
126512828,11008008,Wetzlar-Schule,52.43105655670143,13.442804832906116,"POLYGON ((13.4412015 52.431502, 13.4424695 52.430173, 13.4434423 52.4304325, 13.4435237 52.4304538, 13.4443824 52.4306787, 13.4438143 52.4315318, 13.4430162 52.4316675, 13.4429758 52.4316747, 13.4422669 52.4317955, 13.4421254 52.4318197, 13.4421041 52.431823, 13.4420405 52.4318004, 13.4419992 52.4317855, 13.4419644 52.4317733, 13.4412015 52.431502))",0802,Neukölln,Britz,OSM,OSM_SCHOOLS,08G29,OSM_SCHOOLS,way:126512828,Wetzlar-Schule,,,,,,,,,,"Tischlerzeile 34, 12351 Berlin",Tischlerzeile,34,12351,Berlin,Bezirksamt Neukölln von Berlin,,,,,,https://www.wetzlar-schule.de/,,,True,52.43105655670143,13.442804832906116,True,True
127722361,11004004,Loschmidt-Oberschule,52.51717720722585,13.312393802837347,"POLYGON ((13.3115298 52.5167334, 13.3116776 52.516686, 13.3117407 52.5166654, 13.3119516 52.5165968, 13.3120839 52.5165538, 13.3122343 52.5167256, 13.3126472 52.5166122, 13.3127773 52.5168452, 13.3130674 52.5167698, 13.3131535 52.5167495, 13.3132796 52.5167769, 13.3133141 52.5167847, 13.3134072 52.5168056, 13.3134654 52.5168405, 13.3135054 52.5168658, 13.3131309 52.5174383, 13.3130415 52.5174912, 13.3128178 52.5176302, 13.311639 52.517772, 13.3115986 52.5177599, 13.3114901 52.5175764, 13.3114764 52.517551, 13.3113717 52.5173709, 13.3119045 52.5172532, 13.3117071 52.5169167, 13.3115803 52.5167827, 13.3115298 52.5167334))",0401,Charlottenburg-Wilmersdorf,Charlottenburg,OSM,OSM_SCHOOLS,04B01,OSM_SCHOOLS,way:127722361,Loschmidt-Oberschule,,,,,,,,,,10587 Berlin,,,10587,Berlin,,,,,+4930 345058 10,zentrale@loschmidt-oberschule.de,http://www.loschmidt-oberschule.de/,,,True,52.51717720722585,13.312393802837347,True,True
127722364,11004004,Evangelische Schule Charlottenburg,52.517596646474345,13.315412009921753,"POLYGON ((13.3147278 52.5174757, 13.3148612 52.5174482, 13.3154827 52.5173184, 13.3155485 52.5173047, 13.3157479 52.5172622, 13.3160673 52.5177947, 13.3160765 52.5178078, 13.3155973 52.5178276, 13.3151701 52.5178453, 13.3150816 52.517849, 13.3149337 52.5178551, 13.3149182 52.5178153, 13.3148497 52.5176401, 13.3148251 52.517603, 13.3147972 52.5175603, 13.3147278 52.5174757))",0401,Charlottenburg-Wilmersdorf,Charlottenburg,OSM,OSM_SCHOOLS,04P05,OSM_SCHOOLS,way:127722364,Evangelische Schule Charlottenburg,,,,,,,,,,"Guerickestraße 4-6, 10587 Berlin",Guerickestraße,4-6,10587,Berlin,Evangelische Schulstiftung in der EKBO,,,,,,,,,True,52.517596646474345,13.315412009921753,True,True
127722613,11007007,Anna-Freud-Schule,52.48900895537541,13.351670776719724,"POLYGON ((13.3514352 52.4885496, 13.3511728 52.4895254, 13.3515975 52.4895663, 13.3516028 52.4895469, 13.3516218 52.4894765, 13.3516546 52.4894811, 13.3516564 52.4894733, 13.3516609 52.4894726, 13.3517314 52.4891947, 13.3520587 52.4892271, 13.3520712 52.4891791, 13.3522245 52.4886143, 13.3518706 52.4885853, 13.351831 52.4885819, 13.3518063 52.48858, 13.3514352 52.4885496))",0701,Tempelhof-Schöneberg,Schöneberg,OSM,OSM_SCHOOLS,04B05b,OSM_SCHOOLS,way:127722613,Anna-Freud-Schule,,,,,,,,,,"Klixstraße 7, 10823 Berlin",Klixstraße,7,10823,Berlin,,,,,,,,,,True,52.48900895537541,13.351670776719724,True,True
127724377,11001001,Französisches Gymnasium,52.50300726383866,13.3551392995852,"POLYGON ((13.3536887 52.5025608, 13.353686 52.5025545, 13.3546331 52.5023456, 13.3546671 52.5023947, 13.3556056 52.5021905, 13.3564526 52.5036007, 13.3558661 52.5037215, 13.3549969 52.5038554, 13.3545955 52.5031667, 13.3541275 52.503272, 13.3538807 52.5028775, 13.3538361 52.502804, 13.3537684 52.5026923, 13.3537312 52.5026309, 13.3536887 52.5025608))",0104,Mitte,Tiergarten,OSM,OSM_SCHOOLS,01Y07,OSM_SCHOOLS,way:127724377,Französisches Gymnasium,,,,,,,,,,"Derfflingerstraße 7, 10785 Berlin",Derfflingerstraße,7,10785,Berlin,Land Berlin,,,,,,,,,True,52.50300726383866,13.3551392995852,True,True
127724714,11001001,Ecole Voltaire,52.502070610431566,13.357050582585869,"POLYGON ((13.3562546 52.5016317, 13.3567813 52.5015039, 13.3570101 52.5018525, 13.3574269 52.5017512, 13.3574683 52.5018136, 13.3575977 52.5017853, 13.3576873 52.5019381, 13.3577347 52.502019, 13.3579079 52.5023707, 13.357779 52.5023937, 13.3577638 52.5023614, 13.3574656 52.5024135, 13.3574865 52.5024636, 13.3570827 52.502534, 13.3570511 52.5024663, 13.3566968 52.5025299, 13.3566812 52.5025048, 13.3566388 52.5024336, 13.3565828 52.50234, 13.3565247 52.5022431, 13.3564457 52.5021131, 13.3565545 52.5020874, 13.356447 52.5019251, 13.3563272 52.5017425, 13.3562546 52.5016317))",0104,Mitte,Tiergarten,OSM,OSM_SCHOOLS,01P47,OSM_SCHOOLS,way:127724714,Ecole Voltaire,,,,,,,,,,"Kurfürstenstraße 53, 10785 Berlin",Kurfürstenstraße,53,10785,Berlin,,,,,,,http://www.collegevoltaire.de,,,True,52.502070610431566,13.357050582585869,True,True
127886417,11003003,Schule am Senefelderplatz,52.534777671257594,13.410927495678235,"POLYGON ((13.4117442 52.5342662, 13.4117325 52.534348, 13.4118058 52.5343531, 13.4118163 52.5343541, 13.4120014 52.5343714, 13.4122209 52.5343906, 13.4123844 52.5344046, 13.4123705 52.5344754, 13.4123464 52.5345935, 13.4123121 52.5347608, 13.4122884 52.5348766, 13.4122748 52.534943, 13.4122373 52.5351258, 13.4122242 52.5351898, 13.41207 52.5351902, 13.4118143 52.5351642, 13.4115142 52.5352289, 13.4112982 52.5352754, 13.4111942 52.5352978, 13.4103903 52.5354709, 13.4103918 52.5354286, 13.410268 52.5354237, 13.410136 52.5354742, 13.410109 52.5354843, 13.4097444 52.5349432, 13.4091632 52.5351534, 13.4090788 52.5350678, 13.4090278 52.5350208, 13.4095274 52.5348309, 13.4093869 52.5347139, 13.4093994 52.5347085, 13.4097346 52.5345794, 13.410383 52.5343298, 13.4113505 52.5339543, 13.4114132 52.5340127, 13.4114634 52.5340618, 13.4116821 52.5342633, 13.4117442 52.5342662))",0301,Pankow,Prenzlauer Berg,OSM,OSM_SCHOOLS,03G15,OSM_SCHOOLS,way:127886417,Schule am Senefelderplatz,,,,,,,,,,"Schönhauser Allee 165, 10435 Berlin",Schönhauser Allee,165,10435,Berlin,,,,,,,,,,True,52.534777671257594,13.410927495678235,True,True
127886418,11003003,Grundschule am Teutoburger Platz,52.53358512188905,13.408556050103819,"POLYGON ((13.408794 52.5329873, 13.4086376 52.5330461, 13.407934 52.5333128, 13.407967 52.5333449, 13.4080214 52.5333972, 13.408125 52.5334989, 13.4080414 52.5335306, 13.4078737 52.5335939, 13.4076853 52.5336607, 13.408181 52.5341745, 13.40948 52.5336598, 13.408794 52.5329873))",0301,Pankow,Prenzlauer Berg,OSM,OSM_SCHOOLS,03G16,OSM_SCHOOLS,way:127886418,Grundschule am Teutoburger Platz,,,,,,,,,,"Templiner Straße 1-3, 10119 Berlin",Templiner Straße,1-3,10119,Berlin,,,,,,,,,,True,52.53358512188905,13.408556050103819,True,True
127886459,11001001,John-Lennon-Gymnasium,52.530620512414224,13.404157674707157,"POLYGON ((13.4036473 52.5307213, 13.4036089 52.5306761, 13.4035318 52.530586, 13.4034731 52.5305163, 13.4036202 52.5304708, 13.4036566 52.5304593, 13.403817 52.5304099, 13.4038681 52.5303939, 13.4042821 52.5302658, 13.4043108 52.5303266, 13.404379 52.5303157, 13.4045091 52.5302949, 13.4045784 52.5302838, 13.4046403 52.5304147, 13.4046683 52.5304786, 13.4046711 52.5304856, 13.4047341 52.530622, 13.4047872 52.530738, 13.4046783 52.5307723, 13.4040131 52.5309818, 13.4038991 52.5310177, 13.4036895 52.5307714, 13.4036473 52.5307213))",0101,Mitte,Mitte,OSM,OSM_SCHOOLS,,OSM_SCHOOLS,way:127886459,John-Lennon-Gymnasium,,,,,,,,,,"Zehdenicker Straße 17, 10119 Berlin",Zehdenicker Straße,17,10119,Berlin,,,,,,,,,,True,52.530620512414224,13.404157674707157,True,True
127914651,11001001,Grundschule am Koppenplatz (Standort Bergstraße),52.53007342408487,13.395937062351715,"POLYGON ((13.3951541 52.5303686, 13.3952495 52.5301837, 13.3952608 52.5301618, 13.3954351 52.5298241, 13.3955465 52.5296083, 13.3955685 52.5295657, 13.3963951 52.5296863, 13.3963673 52.5297449, 13.3963534 52.5297718, 13.3967665 52.5298302, 13.3966764 52.5300096, 13.3966558 52.5300515, 13.3964403 52.5304463, 13.3964155 52.530494, 13.3961019 52.5304562, 13.3959273 52.5304223, 13.3958757 52.5305321, 13.395521 52.5304887, 13.3954518 52.5304799, 13.3952303 52.5304518, 13.3952045 52.5303725, 13.3951541 52.5303686))",0101,Mitte,Mitte,OSM,OSM_SCHOOLS,01G46b,OSM_SCHOOLS,way:127914651,Grundschule am Koppenplatz (Standort Bergstraße),,,,,,,,,,"Bergstraße 5-9, 10115 Berlin",Bergstraße,5-9,10115,Berlin,Bezirk Mitte von Berlin,,,,,,https://schule-am-koppenplatz.de,,,True,52.53007342408487,13.395937062351715,True,True
129030622,11003003,Grundschule Am Sandhaus,52.63719883015057,13.490422213070827,"POLYGON ((13.4916563 52.6372686, 13.4916489 52.6372645, 13.4906254 52.6367078, 13.490069 52.6364089, 13.4897759 52.6367525, 13.489788 52.6367572, 13.4896883 52.6368748, 13.4893147 52.6373251, 13.4897008 52.6375042, 13.4904421 52.6378436, 13.4905142 52.6378285, 13.4905701 52.6378168, 13.4908996 52.6377178, 13.4911738 52.637606, 13.491381 52.6374611, 13.4916303 52.6372868, 13.4916563 52.6372686))",0309,Pankow,Buch,OSM,OSM_SCHOOLS,03G29,OSM_SCHOOLS,way:129030622,Grundschule Am Sandhaus,,,,,,,,,,"Wiltbergstraße 37-39, 13125 Berlin",Wiltbergstraße,37-39,13125,Berlin,,,,,+49 30 9490046,sekretariat@sandhaus.schule.berlin.de,https://gs-am-sandhaus.de/,,,True,52.63719883015057,13.490422213070827,True,True
129030628,11002002,Hermann-Hesse-Gymnasium,52.492907751314746,13.418954758892625,"POLYGON ((13.4196408 52.4934001, 13.4191564 52.4935266, 13.4190886 52.4935443, 13.4190153 52.493439, 13.4188351 52.4932, 13.4187299 52.4930603, 13.4185178 52.4927778, 13.418412 52.4926375, 13.4183683 52.4925806, 13.4183315 52.4925328, 13.418443 52.492501, 13.4185033 52.4924836, 13.4185912 52.4924598, 13.4186009 52.4924565, 13.4184447 52.492253, 13.4184712 52.4922463, 13.4187172 52.4921844, 13.4187892 52.4922791, 13.4189609 52.4925079, 13.4190265 52.4925931, 13.4190919 52.4926793, 13.4191191 52.4927146, 13.419227 52.4928599, 13.4192649 52.4929091, 13.4193334 52.4930015, 13.4193826 52.4930653, 13.4193981 52.4930806, 13.4194801 52.4931884, 13.419551 52.4932824, 13.4195542 52.4932861, 13.4196378 52.4933961, 13.4196408 52.4934001))",0202,Friedrichshain-Kreuzberg,Kreuzberg,OSM,OSM_SCHOOLS,02Y08,OSM_SCHOOLS,way:129030628,Hermann-Hesse-Gymnasium,,,,,,,,,,"Böckhstraße 16, 10967 Berlin",Böckhstraße,16,10967,Berlin,Bezirksamt Friedrichshain-Kreuzberg von Berlin,,,,+49 30 666434090,,,,,True,52.492907751314746,13.418954758892625,True,True
129030656,11010010,Marcana-Schule,52.56384468618083,13.565183488880315,"POLYGON ((13.5643241 52.5646547, 13.5653558 52.5643103, 13.5655556 52.5642424, 13.5654131 52.5640861, 13.5654641 52.5640694, 13.5661751 52.5638356, 13.5662197 52.5638211, 13.5662535 52.5638101, 13.5663845 52.5639538, 13.5664235 52.5639573, 13.5666611 52.563878, 13.5666576 52.5638741, 13.5661124 52.5632666, 13.5660366 52.5631848, 13.5657726 52.5632748, 13.5654346 52.5632731, 13.5653968 52.5632349, 13.5640812 52.5636617, 13.564149 52.5637439, 13.5640639 52.563772, 13.5641898 52.5639107, 13.5644361 52.5641897, 13.5640324 52.5643212, 13.5643112 52.564641, 13.5643241 52.5646547))",1001,Marzahn-Hellersdorf,Marzahn,OSM,OSM_SCHOOLS,10K11,OSM_SCHOOLS,way:129030656,Marcana-Schule,,,,,,,,,,"Flämingstraße 16-18, Berlin",Flämingstraße,16-18,,Berlin,,,,,,,,,,True,52.56384468618083,13.565183488880315,True,True
129030668,11002002,Grundschule am Traveplatz,52.51143159369202,13.471480689619533,"POLYGON ((13.4721527 52.511617, 13.4719533 52.5116976, 13.4717893 52.511762, 13.4716647 52.5118144, 13.471571 52.5118535, 13.4714872 52.5118866, 13.471477 52.5118907, 13.4714141 52.5119155, 13.4712483 52.5117601, 13.4712116 52.5117257, 13.4711975 52.5117138, 13.4710858 52.5116013, 13.471032 52.5115586, 13.4709837 52.5115133, 13.4712273 52.5114128, 13.470891 52.5111018, 13.4714061 52.5109235, 13.4716726 52.5111741, 13.4717166 52.5112154, 13.4717881 52.5112814, 13.4718656 52.5113527, 13.4720862 52.5115557, 13.4721164 52.5115835, 13.4721527 52.511617))",0201,Friedrichshain-Kreuzberg,Friedrichshain,OSM,OSM_SCHOOLS,02G08,OSM_SCHOOLS,way:129030668,Grundschule am Traveplatz,,,,,,,,,,"Jessnerstraße 24, 10247 Berlin",Jessnerstraße,24,10247,Berlin,,,,,,,,,,True,52.51143159369202,13.471480689619533,True,True
129030670,11002002,Lemgo-Grundschule,52.493567229336875,13.416372738652358,"POLYGON ((13.4171569 52.4940468, 13.4171726 52.4940427, 13.417205 52.4940342, 13.4173845 52.4939874, 13.4173108 52.4938828, 13.4172528 52.493798, 13.4172259 52.4937606, 13.4171537 52.49366, 13.4171149 52.4936059, 13.4173166 52.4935563, 13.4172538 52.4934748, 13.4172311 52.4934458, 13.4171618 52.493356, 13.4171471 52.4933363, 13.4170935 52.4932672, 13.4170406 52.4931979, 13.4170299 52.4931845, 13.4169444 52.4930721, 13.41689 52.493085, 13.41632 52.4932236, 13.4162191 52.4930745, 13.416179 52.4930156, 13.4161448 52.4929644, 13.4160895 52.4928831, 13.4160681 52.4928508, 13.415898 52.4928936, 13.4158489 52.4929059, 13.4155145 52.49299, 13.4154625 52.4930031, 13.4152911 52.4930462, 13.4153129 52.493078, 13.4153655 52.4931564, 13.4154041 52.493213, 13.4154844 52.4933324, 13.4155159 52.4933791, 13.4156287 52.4935461, 13.4160935 52.4941607, 13.4161148 52.494191, 13.4161906 52.4942987, 13.4166197 52.4941868, 13.4167247 52.4941594, 13.4169263 52.4941068, 13.4171064 52.4940601, 13.4171239 52.4940555, 13.4171469 52.4940495, 13.4171569 52.4940468))",0202,Friedrichshain-Kreuzberg,Kreuzberg,OSM,OSM_SCHOOLS,02G26,OSM_SCHOOLS,way:129030670,Lemgo-Grundschule,,,,,,,,,,"Böckhstraße 5, 10967 Berlin",Böckhstraße,5,10967,Berlin,Bezirksamt Friedrichshain-Kreuzberg von Berlin,,,,+49 30 50585711,sekretariat@lemgo.schule.de,,,,True,52.493567229336875,13.416372738652358,True,True
129030674,11002002,Jane-Goodall-Grundschule,52.51334088542901,13.468178668075694,"POLYGON ((13.4676491 52.5130073, 13.4676984 52.5131621, 13.4677066 52.5131994, 13.4675769 52.513214, 13.4676513 52.5135012, 13.4678017 52.5134866, 13.4679191 52.5138731, 13.4685559 52.5138059, 13.4690142 52.5137606, 13.4689461 52.5136098, 13.4685957 52.5132481, 13.4685311 52.5131851, 13.4684345 52.5130858, 13.4683534 52.5130053, 13.4682919 52.5129426, 13.4681811 52.5128261, 13.4681777 52.512822, 13.4680597 52.5127008, 13.4679672 52.5127098, 13.4675679 52.5127467, 13.4676155 52.5128985, 13.4676491 52.5130073))",0201,Friedrichshain-Kreuzberg,Friedrichshain,OSM,OSM_SCHOOLS,02G34,OSM_SCHOOLS,way:129030674,Jane-Goodall-Grundschule,,,,,,,,,,"Scharnweberstraße 19, 10247 Berlin",Scharnweberstraße,19,10247,Berlin,Bezirksamt Friedrichshain-Kreuzberg von Berlin,,,,,,https://www.jane-goodall-grundschule.de,,,True,52.51334088542901,13.468178668075694,True,True
129030677,11011011,,52.535615246078564,13.487166712669062,"POLYGON ((13.4866136 52.535642, 13.4870771 52.5356687, 13.4870544 52.5358144, 13.4875473 52.5358483, 13.4876163 52.5354866, 13.4866465 52.5354306, 13.4866318 52.5355253, 13.4866136 52.535642))",1110,Lichtenberg,Alt-Hohenschönhausen,OSM,OSM_SCHOOLS,,OSM_SCHOOLS,way:129030677,,,,,,,,,,,,,,,,Gutenberg-Oberschule,,,,,,,,,True,52.535615246078564,13.487166712669062,True,True
129119646,11002002,Jens-Nydahl-Grundschule,52.49698148373263,13.41470066206177,"POLYGON ((13.4156905 52.4964072, 13.4155145 52.496454, 13.415272 52.4965189, 13.4150832 52.4962534, 13.415014 52.4962716, 13.4148373 52.4963186, 13.4146605 52.4963656, 13.4144687 52.4964165, 13.4143674 52.4964434, 13.4144059 52.496609, 13.4140072 52.4967393, 13.4139711 52.496752, 13.4138192 52.4967725, 13.4136392 52.4967983, 13.4134206 52.4968135, 13.4132521 52.4968417, 13.4132089 52.496846, 13.4129126 52.4969171, 13.413276 52.4974122, 13.4134225 52.4973742, 13.4135897 52.4973791, 13.4140527 52.4972683, 13.4142135 52.4974943, 13.4143105 52.4976293, 13.4143297 52.4976558, 13.4153397 52.4973957, 13.4153481 52.4974077, 13.4157458 52.4973016, 13.4158153 52.4972832, 13.4161155 52.497203, 13.4162188 52.4970609, 13.4160874 52.4968743, 13.416059 52.4968335, 13.4158892 52.4965914, 13.4158065 52.496615, 13.4158022 52.4966088, 13.4158252 52.496603, 13.4157997 52.4965668, 13.4157963 52.496562, 13.415784 52.4965453, 13.415741 52.4964865, 13.4157263 52.4964634, 13.4156905 52.4964072))",0202,Friedrichshain-Kreuzberg,Kreuzberg,OSM,OSM_SCHOOLS,02G22,OSM_SCHOOLS,way:129119646,Jens-Nydahl-Grundschule,,,,,,,,,,"Kohlfurter Straße 20, 10999 Berlin",Kohlfurter Straße,20,10999,Berlin,Bezirksamt Friedrichshain-Kreuzberg von Berlin,,,,,,,,,True,52.49698148373263,13.41470066206177,True,True
129119647,11010010,Friedrich-Schiller-Grundschule,52.511205843031185,13.615422904531208,"POLYGON ((13.6149064 52.5115571, 13.6149662 52.5116127, 13.6153041 52.5116501, 13.6153429 52.5115398, 13.6153851 52.5114866, 13.6157595 52.5115307, 13.6159786 52.5108873, 13.6151858 52.5107997, 13.615149 52.5108143, 13.6149064 52.5115571))",1004,Marzahn-Hellersdorf,Mahlsdorf,OSM,OSM_SCHOOLS,10G26,OSM_SCHOOLS,way:129119647,Friedrich-Schiller-Grundschule,,,,,,,,,,"An der Schule 13-17, 12623 Berlin",An der Schule,13-17,12623,Berlin,,,,,,,,,,True,52.511205843031185,13.615422904531208,True,True
129119648,11002002,Temple-Grandin-Schule (Filiale),52.514569480985756,13.445268468056739,"POLYGON ((13.4444687 52.5147395, 13.4454229 52.5150239, 13.4454369 52.5150081, 13.4455878 52.5150549, 13.4458052 52.5147631, 13.4459314 52.5146066, 13.4458371 52.5145803, 13.4459978 52.5143493, 13.4454961 52.5142114, 13.4453753 52.5141781, 13.4451772 52.5141244, 13.4450065 52.5140777, 13.4448463 52.5142749, 13.4444687 52.5147395))",0201,Friedrichshain-Kreuzberg,Friedrichshain,OSM,OSM_SCHOOLS,02S01b,OSM_SCHOOLS,way:129119648,Temple-Grandin-Schule (Filiale),,,,,,,,,,"Marchlewskistraße 25d, 10243 Berlin",Marchlewskistraße,25d,10243,Berlin,,,,,,,,,,True,52.514569480985756,13.445268468056739,True,True
129119650,11010010,Ulmen-Grundschule,52.486043856512545,13.58109854869787,"POLYGON ((13.5801893 52.4856147, 13.5802616 52.4856743, 13.5803858 52.4857645, 13.5804169 52.485788, 13.5804419 52.4858069, 13.5805838 52.4859096, 13.5807941 52.4860618, 13.5806104 52.4861277, 13.5804454 52.4861869, 13.5803915 52.4862063, 13.5809842 52.4867857, 13.5817129 52.4864916, 13.582111 52.4863309, 13.5820278 52.4862541, 13.5818451 52.4860854, 13.5816705 52.4859242, 13.5812648 52.4855496, 13.5809295 52.48524, 13.5806019 52.4854059, 13.5803666 52.485525, 13.5801893 52.4856147))",1003,Marzahn-Hellersdorf,Kaulsdorf,OSM,OSM_SCHOOLS,10G33,OSM_SCHOOLS,way:129119650,Ulmen-Grundschule,,,,,,,,,,"Ulmenstraße 79/85, 12621 Berlin",Ulmenstraße,79/85,12621,Berlin,Bezirk Marzahn-Hellersdorf,,,,,,https://ulmen-grundschule.de,,,True,52.486043856512545,13.58109854869787,True,True
129119651,11010010,Mahlsdorfer Grundschule,52.52220171299117,13.62977727806888,"POLYGON ((13.6298963 52.5214201, 13.6310821 52.5222944, 13.6310446 52.5223138, 13.6302393 52.5227055, 13.6299398 52.5228511, 13.629855 52.5227865, 13.6295517 52.5229339, 13.6284976 52.5221609, 13.6286352 52.5220839, 13.6286321 52.5220631, 13.6286556 52.5220477, 13.6287096 52.5220201, 13.6298963 52.5214201))",1004,Marzahn-Hellersdorf,Mahlsdorf,OSM,OSM_SCHOOLS,10G30,OSM_SCHOOLS,way:129119651,Mahlsdorfer Grundschule,,,,,,,,,,"Feldrain 47, 12623 Berlin",Feldrain,47,12623,Berlin,,,,,+49305627059,,http://www.mahlsdorfer-grundschule.de/,,,True,52.52220171299117,13.62977727806888,True,True
129119653,11011011,Kreativitätsgrundschule Berlin-Karlshorst,52.482610373859565,13.513694291802759,"POLYGON ((13.5147998 52.4826774, 13.5141713 52.4829568, 13.5141416 52.48297, 13.5136258 52.4831993, 13.5136019 52.4832099, 13.5132639 52.4833602, 13.5131382 52.4832649, 13.5131317 52.4832513, 13.5127963 52.4825517, 13.5136394 52.4819044, 13.5137015 52.4819075, 13.5137852 52.4818663, 13.5138221 52.4818462, 13.5139538 52.4819586, 13.5144019 52.4823408, 13.5144758 52.4824044, 13.5145016 52.4824261, 13.5147998 52.4826774))",1102,Lichtenberg,Karlshorst,OSM,OSM_SCHOOLS,11P04,OSM_SCHOOLS,way:129119653,Kreativitätsgrundschule Berlin-Karlshorst,,,,,,,,,,"Ehrlichstraße 63, 10318 Berlin",Ehrlichstraße,63,10318,Berlin,Die Kappe e. V.,,,,+49 30 3465524,,https://www.krea-schulzentrum.de/grundschule/lichtenberg.php,,,True,52.482610373859565,13.513694291802759,True,True
129119654,11010010,Kiekemal Grundschule,52.493935084966935,13.60825615437092,"POLYGON ((13.6097066 52.4941319, 13.6094876 52.493834, 13.60919 52.4934271, 13.6076187 52.4936565, 13.6075197 52.4936688, 13.6074924 52.4936228, 13.606808 52.4937226, 13.6073289 52.4944369, 13.60802 52.494347, 13.608092 52.494338, 13.6081673 52.494329, 13.6090771 52.4942128, 13.6097066 52.4941319))",1004,Marzahn-Hellersdorf,Mahlsdorf,OSM,OSM_SCHOOLS,10G32,OSM_SCHOOLS,way:129119654,Kiekemal Grundschule,,,,,,,,,,"Hultschiner Damm 219, 12623 Berlin",Hultschiner Damm,219,12623,Berlin,,,,,,,,,,True,52.493935084966935,13.60825615437092,True,True
129119655,11010010,Kolibri Grundschule,52.53270147339414,13.61819249332756,"POLYGON ((13.6192691 52.5331088, 13.6183821 52.5333319, 13.6177736 52.5334849, 13.6177055 52.5334991, 13.6176724 52.5335011, 13.6175972 52.5334975, 13.6175038 52.5334873, 13.6171157 52.5334182, 13.6179635 52.5318667, 13.6181176 52.5315563, 13.6183228 52.5315375, 13.6189785 52.5325968, 13.6192691 52.5331088))",1005,Marzahn-Hellersdorf,Hellersdorf,OSM,OSM_SCHOOLS,10G22,OSM_SCHOOLS,way:129119655,Kolibri Grundschule,,,,,,,,,,"Schönewalder Straße 9, 12627 Berlin",Schönewalder Straße,9,12627,Berlin,,,,,,,https://kolibri-grundschule.de/,,,True,52.53270147339414,13.61819249332756,True,True
129119656,11010010,Sabine-Ball-Grundschule,52.53235186422975,13.616503122982914,"POLYGON ((13.6162746 52.5329377, 13.616285 52.5329351, 13.6166662 52.5328562, 13.6166467 52.5328225, 13.6171035 52.5327326, 13.6169659 52.532473, 13.6172299 52.532417, 13.6168896 52.5318132, 13.6164004 52.531914, 13.6158631 52.5320247, 13.6158136 52.5320409, 13.6157849 52.5320551, 13.6157662 52.5320683, 13.615762 52.5320747, 13.6157549 52.5320856, 13.6157487 52.5321127, 13.6157495 52.5321296, 13.6157519 52.5321391, 13.6159636 52.532518, 13.6159982 52.5325124, 13.6160667 52.5326286, 13.6161802 52.5328268, 13.6162084 52.5328216, 13.6162746 52.5329377))",1005,Marzahn-Hellersdorf,Hellersdorf,OSM,OSM_SCHOOLS,10P09,OSM_SCHOOLS,way:129119656,Sabine-Ball-Grundschule,,,,,,,,,,"Lichtenhainer Straße 2, 12627 Berlin",Lichtenhainer Straße,2,12627,Berlin,Christburg Campus Berlin e. V.,,,,,,https://www.sabine-ball-grundschule.de/,,,True,52.53235186422975,13.616503122982914,True,True
129119657,11010010,Melanchthon-Gymnasium,52.534772913846886,13.617527682997876,"POLYGON ((13.6189386 52.5346574, 13.6191107 52.5342836, 13.6190076 52.5342648, 13.6190182 52.5342446, 13.6190723 52.5341286, 13.6180236 52.5339459, 13.6178536 52.5339141, 13.6175063 52.5338531, 13.6173616 52.5338285, 13.6173076 52.5339442, 13.6171219 52.5339164, 13.6170267 52.5341184, 13.6167362 52.5340596, 13.6167219 52.5340968, 13.6166981 52.5341702, 13.616518 52.5345112, 13.6159014 52.53564, 13.6169017 52.535847, 13.617259 52.5352005, 13.617272 52.5352033, 13.6176146 52.5352762, 13.6185447 52.535454, 13.6188183 52.5348916, 13.6189386 52.5346574))",1005,Marzahn-Hellersdorf,Hellersdorf,OSM,OSM_SCHOOLS,10Y11,OSM_SCHOOLS,way:129119657,Melanchthon-Gymnasium,,,,,,,,,,"Adele-Sandrock-Straße 73-75, 12627 Berlin",Adele-Sandrock-Straße,73-75,12627,Berlin,,,,,,,,,,True,52.534772913846886,13.617527682997876,True,True
129119658,11010010,Grundschule am Hollerbusch,52.52551184861624,13.59514380006757,"POLYGON ((13.5946782 52.5264673, 13.5945769 52.5261542, 13.5946202 52.5261262, 13.5946154 52.5261053, 13.5946031 52.5260826, 13.5945495 52.5260743, 13.59448 52.5258622, 13.5945256 52.5258426, 13.5945182 52.5258207, 13.5943526 52.5253294, 13.5941937 52.5248175, 13.5941489 52.5246732, 13.5944397 52.5246387, 13.5950248 52.524877, 13.5952042 52.5248552, 13.5952337 52.5248516, 13.5952397 52.5248716, 13.5955864 52.5248284, 13.5955911 52.524839, 13.5958129 52.5248103, 13.5962077 52.5259744, 13.596208 52.5259805, 13.5955685 52.5260577, 13.5951952 52.5264022, 13.5946782 52.5264673))",1005,Marzahn-Hellersdorf,Hellersdorf,OSM,OSM_SCHOOLS,10G28,OSM_SCHOOLS,way:129119658,Grundschule am Hollerbusch,,,,,,,,,,"Erich-Kästner-Straße 64, 12619 Berlin",Erich-Kästner-Straße,64,12619,Berlin,,,,,+49305615085,,http://www.hollerbusch.cidsnet.de/,,,True,52.52551184861624,13.59514380006757,True,True
129638928,11008008,Bruno-Taut-Schule,52.44112480031072,13.448243084017031,"POLYGON ((13.447752 52.442139, 13.4477099 52.4420865, 13.4476531 52.4419838, 13.4476086 52.4418904, 13.4475176 52.441667, 13.4474796 52.4415618, 13.4474339 52.441382, 13.4474014 52.441208, 13.4473817 52.4410415, 13.4473771 52.4408738, 13.447394 52.440611, 13.4474434 52.4403311, 13.4474817 52.4402012, 13.4481698 52.4402353, 13.4481695 52.440254, 13.4481691 52.4402743, 13.4483395 52.4404661, 13.4483557 52.4404847, 13.4483862 52.4405196, 13.4487742 52.4403964, 13.4488115 52.4404557, 13.4488352 52.4404911, 13.4488812 52.4405553, 13.4489062 52.440588, 13.448938 52.4406278, 13.4489991 52.4406991, 13.4490744 52.4407795, 13.4491393 52.4408433, 13.4492314 52.4409305, 13.4493049 52.4409939, 13.4494124 52.4410792, 13.449493 52.4411376, 13.4495145 52.4411532, 13.4495902 52.4412043, 13.4494526 52.4413008, 13.4490764 52.4415224, 13.4487284 52.4417333, 13.4485737 52.4418239, 13.448409 52.4419126, 13.4482604 52.4419787, 13.4481172 52.4420339, 13.4479681 52.4420832, 13.4478409 52.4421182, 13.447752 52.442139))",0802,Neukölln,Britz,OSM,OSM_SCHOOLS,08G13,OSM_SCHOOLS,way:129638928,Bruno-Taut-Schule,,,,,,,,,,"Bruno-Taut-Ring 9c, 12359 Berlin",Bruno-Taut-Ring,9c,12359,Berlin,,,,,+49 30 609 72 49-0,berlin_08G13@versanet.de,http://www.bruno-taut.de,,,True,52.44112480031072,13.448243084017031,True,True
130002113,11007007,Johannes-Schule Berlin,52.487395075508594,13.366660263390331,"POLYGON ((13.3674235 52.4867738, 13.3665938 52.4867748, 13.366592 52.4868118, 13.3665249 52.4868197, 13.3663953 52.4868349, 13.3663881 52.4868732, 13.3661958 52.4868839, 13.36573 52.486886, 13.3657569 52.4875711, 13.3657575 52.4875852, 13.3657581 52.4876017, 13.3657726 52.4879224, 13.3658582 52.4879261, 13.3660278 52.4879266, 13.3661265 52.4879269, 13.3664418 52.4879305, 13.3665377 52.4879324, 13.3666233 52.4879329, 13.3667926 52.4879339, 13.3668768 52.4879344, 13.367152 52.4879359, 13.3672626 52.4879366, 13.3673593 52.4879371, 13.3674546 52.4879377, 13.3678918 52.4879398, 13.3678864 52.4877453, 13.3674694 52.4877516, 13.3674415 52.4877352, 13.3674235 52.4867738))",0701,Tempelhof-Schöneberg,Schöneberg,OSM,OSM_SCHOOLS,07P18,OSM_SCHOOLS,way:130002113,Johannes-Schule Berlin,,,,,,,,,,"Monumentenstraße 13A, 10829 Berlin",Monumentenstraße,13A,10829,Berlin,,,,,,,,,,True,52.487395075508594,13.366660263390331,True,True
132342167,11010010,Caspar-David-Friedrich-Schule,52.53436764140159,13.589526063686785,"POLYGON ((13.5886929 52.5349751, 13.5886449 52.5346455, 13.5891754 52.534616, 13.5897628 52.5345833, 13.5898106 52.5349024, 13.5906018 52.5348585, 13.5908134 52.5348467, 13.5907361 52.5343583, 13.590729 52.5343134, 13.5904467 52.5343284, 13.5903827 52.5339403, 13.5903122 52.5336891, 13.5896734 52.5337326, 13.5896983 52.5339811, 13.589309 52.534006, 13.5893031 52.5339595, 13.588481 52.5339949, 13.588383 52.534044, 13.5883149 52.5342812, 13.5882129 52.5346632, 13.5882618 52.5349984, 13.5885653 52.534982, 13.5886929 52.5349751))",1005,Marzahn-Hellersdorf,Hellersdorf,OSM,OSM_SCHOOLS,10K07,OSM_SCHOOLS,way:132342167,Caspar-David-Friedrich-Schule,,,,,,,,,,"Alte Hellersdorfer Straße 7, 12629 Berlin",Alte Hellersdorfer Straße,7,12629,Berlin,,,,,,,,,,True,52.53436764140159,13.589526063686785,True,True
135459200,11004004,Annie Heuser Waldorfschule,52.48933028221352,13.305025029949325,"POLYGON ((13.3054535 52.489151, 13.3048551 52.4891737, 13.3045679 52.4891846, 13.3046062 52.4895066, 13.3051925 52.4894903, 13.3054652 52.4894823, 13.3054535 52.489151))",0402,Charlottenburg-Wilmersdorf,Wilmersdorf,OSM,OSM_SCHOOLS,04P12,OSM_SCHOOLS,way:135459200,Annie Heuser Waldorfschule,,,,,,,,,,"Eisenzahnstraße 37, 10709 Berlin",Eisenzahnstraße,37,10709,Berlin,,,,,,,https://www.annie-heuser-schule.de/,,,True,52.48933028221352,13.305025029949325,True,True
135872852,11010010,Gemeinschaftsschule Mahlsdorf,52.51823119953815,13.634856433114535,"POLYGON ((13.6365836 52.5182056, 13.6351278 52.5171913, 13.6345302 52.5175101, 13.634617 52.5175713, 13.634539 52.5176129, 13.6343214 52.51762, 13.6332102 52.518211, 13.6332817 52.5182618, 13.633201 52.5183037, 13.6345344 52.5192368, 13.6346394 52.5192392, 13.6357464 52.5186496, 13.635823 52.5185136, 13.6359028 52.5184709, 13.6359804 52.5185253, 13.6365836 52.5182056))",1004,Marzahn-Hellersdorf,Mahlsdorf,OSM,OSM_SCHOOLS,10K14,OSM_SCHOOLS,way:135872852,Gemeinschaftsschule Mahlsdorf,,,,,,,,,,"Landsberger Allee 178, 12623 Berlin",Landsberger Allee,178,12623,Berlin,Land Berlin,,,,,,,,,True,52.51823119953815,13.634856433114535,True,True
137118014,11001001,Albert-Gutzmann-Schule,52.549169785301245,13.373811771426176,"POLYGON ((13.3749223 52.5493358, 13.374568 52.5495503, 13.3745281 52.549574, 13.3737786 52.5500198, 13.3728674 52.5489167, 13.3730105 52.5488299, 13.3732165 52.548705, 13.3734255 52.5485783, 13.3729886 52.5483109, 13.3730222 52.5482906, 13.3731771 52.548197, 13.3739608 52.5486957, 13.3749526 52.5493191, 13.3749223 52.5493358))",0106,Mitte,Gesundbrunnen,OSM,OSM_SCHOOLS,01G43,OSM_SCHOOLS,way:137118014,Albert-Gutzmann-Schule,,,,,,,,,,"Orthstraße 1, 13357 Berlin",Orthstraße,1,13357,Berlin,,,,,+4930 469059 60,info@gutzmannschule.de,http://www.gutzmannschule.cidsnet.de,,,True,52.549169785301245,13.373811771426176,True,True
137118021,11003003,,52.55203137224603,13.475845336059448,"POLYGON ((13.4765327 52.55321, 13.4763603 52.553216, 13.4758463 52.5532339, 13.475678 52.5532398, 13.475125 52.5532614, 13.4751116 52.5532525, 13.4750888 52.5530433, 13.4750833 52.5529973, 13.4750505 52.5527227, 13.47505 52.5527206, 13.4750009 52.5524796, 13.4749846 52.5524001, 13.4748749 52.5519161, 13.4748297 52.5517, 13.474782 52.5514719, 13.4747016 52.5510876, 13.4756384 52.5506527, 13.4760819 52.5510112, 13.4765083 52.5513564, 13.4773974 52.5520575, 13.4773907 52.5520809, 13.4769763 52.5522682, 13.476919 52.5523423, 13.4768856 52.552523, 13.4768044 52.5526435, 13.4765911 52.5528071, 13.4764701 52.5529005, 13.4764733 52.5529165, 13.4765327 52.55321))",0302,Pankow,Weißensee,OSM,OSM_SCHOOLS,,OSM_SCHOOLS,way:137118021,,,,,,,,,,,,,,,,,,,,,,,,,True,52.55203137224603,13.475845336059448,True,True
137118022,11001001,Grundschule am Brandenburger Tor,52.5130200626453,13.383180812530107,"POLYGON ((13.3835499 52.5124899, 13.3834963 52.5124796, 13.3831047 52.5124039, 13.3829875 52.5126265, 13.3830112 52.5126316, 13.3829856 52.5126741, 13.3829648 52.5126693, 13.3829621 52.5126757, 13.3829707 52.5126773, 13.3828595 52.5128932, 13.3828917 52.5129, 13.3828476 52.5129921, 13.3828055 52.5129841, 13.3827074 52.5131719, 13.3827515 52.5131802, 13.3827015 52.5132728, 13.3826523 52.513264, 13.3825694 52.513423, 13.3825538 52.5134308, 13.3832834 52.5135744, 13.3833287 52.5135777, 13.3833636 52.5135696, 13.3833842 52.5135532, 13.3835245 52.5132866, 13.383526 52.5132726, 13.3835172 52.5132565, 13.3834956 52.5132426, 13.3830757 52.5131592, 13.3830468 52.5131485, 13.3830262 52.5131269, 13.3830219 52.5131099, 13.383027 52.5130962, 13.383109 52.5129324, 13.3831432 52.512917, 13.3831889 52.5129042, 13.3832365 52.5128963, 13.3837131 52.5129918, 13.383793 52.5129535, 13.3838806 52.5127821, 13.3834416 52.5126952, 13.3834732 52.5126375, 13.3835499 52.5124899))",0101,Mitte,Mitte,OSM,OSM_SCHOOLS,01G08,OSM_SCHOOLS,way:137118022,Grundschule am Brandenburger Tor,,,,,,,,,,"Wilhelmstraße 52, 10117 Berlin",Wilhelmstraße,52,10117,Berlin,,,,,,,,,,True,52.5130200626453,13.383180812530107,True,True
137118025,11004004,Freudberg Gemeinschaftsschule,52.489124627776036,13.330194452512872,"POLYGON ((13.3306001 52.4892822, 13.3298787 52.4892749, 13.3297787 52.4892743, 13.3297811 52.4891693, 13.3297885 52.4889684, 13.330609 52.4889738, 13.3306001 52.4892822))",0402,Charlottenburg-Wilmersdorf,Wilmersdorf,OSM,OSM_SCHOOLS,04P41,OSM_SCHOOLS,way:137118025,Freudberg Gemeinschaftsschule,,,,,,,,,,"Bundesallee 35, 10717 Berlin",Bundesallee,35,10717,Berlin,Montessori-Stiftung Berlin,,,,,,,,,True,52.489124627776036,13.330194452512872,True,True
137118042,11002002,Zille Grundschule,52.508585572431954,13.464867479582336,"POLYGON ((13.4658319 52.5087807, 13.4658013 52.5088033, 13.4655572 52.5089833, 13.4655285 52.5090045, 13.4653062 52.5091685, 13.4652388 52.5092182, 13.4651491 52.5092844, 13.4651174 52.5093078, 13.4650504 52.5092741, 13.4649834 52.5092403, 13.4646343 52.5090644, 13.4642464 52.5084811, 13.4641372 52.508508, 13.4641265 52.508492, 13.4640975 52.5084483, 13.4639047 52.5081583, 13.4646645 52.5079769, 13.4648921 52.5079225, 13.46512 52.508255, 13.4652049 52.5082258, 13.4654782 52.5085022, 13.4653677 52.5085453, 13.4654504 52.5085881, 13.4658319 52.5087807))",0201,Friedrichshain-Kreuzberg,Friedrichshain,OSM,OSM_SCHOOLS,02G09,OSM_SCHOOLS,way:137118042,Zille Grundschule,,,,,,,,,,"Boxhagener Straße 46, 10245 Berlin",Boxhagener Straße,46,10245,Berlin,,,,,,,,,,True,52.508585572431954,13.464867479582336,True,True
137118050,11007007,Schule am Berlinickeplatz,52.46508758586031,13.378839134569231,"POLYGON ((13.3795376 52.4652504, 13.3795285 52.4657172, 13.3791642 52.4657561, 13.3785961 52.465783, 13.3785837 52.4657276, 13.3785822 52.4657171, 13.3785619 52.4656024, 13.3785344 52.4654681, 13.3785161 52.4653784, 13.3784945 52.4652788, 13.3783841 52.4652874, 13.378326 52.4650612, 13.3781719 52.464878, 13.3780951 52.4645176, 13.3791058 52.4644386, 13.3791053 52.4643923, 13.3791116 52.4641662, 13.3792025 52.4641586, 13.3791972 52.4644508, 13.3791732 52.465244, 13.3795376 52.4652504))",0703,Tempelhof-Schöneberg,Tempelhof,OSM,OSM_SCHOOLS,07K13,OSM_SCHOOLS,way:137118050,Schule am Berlinickeplatz,,,,,,,,,,"Alt-Tempelhof 53-57, 12103 Berlin",Alt-Tempelhof,53-57,12103,Berlin,Bezirksamt Tempelhof-Schöneberg von Berlin,,,,+49 30 902772641,kontakt@schule-am-berlinickeplatz.de,https://schule-am-berlinickeplatz.de,,,True,52.46508758586031,13.378839134569231,True,True
137195124,11012012,Ernst-Litfaß-Schule - OSZ Druck- und Medientechnik,52.59846141382487,13.328813640955959,"POLYGON ((13.3289522 52.5990251, 13.3303765 52.5982404, 13.3292107 52.597484, 13.3289771 52.5976195, 13.3286584 52.5978044, 13.3279738 52.598373, 13.3278607 52.5984666, 13.3278336 52.5984893, 13.3278134 52.598507, 13.327218 52.599009, 13.3274725 52.5990698, 13.328155 52.5992891, 13.3283045 52.5993432, 13.328348 52.599359, 13.3289522 52.5990251))",1209,Reinickendorf,Wittenau,OSM,OSM_SCHOOLS,12B03,OSM_SCHOOLS,way:137195124,Ernst-Litfaß-Schule - OSZ Druck- und Medientechnik,,,,,,,,,,"Cyclopstraße 1-5, 13437 Berlin",Cyclopstraße,1-5,13437,Berlin,,,,,+4930 414792 0,litfass@ernst-litfass-schule.de,https://ernst-litfass-schule.de/,,,True,52.59846141382487,13.328813640955959,True,True
137336392,11003003,50. Grundschule,52.626058012644215,13.498395753878487,"POLYGON ((13.4988176 52.6253115, 13.4984261 52.6254695, 13.4984585 52.6255046, 13.4983887 52.6255337, 13.498364 52.6255147, 13.498167 52.6255922, 13.4981737 52.6255996, 13.4971087 52.6260485, 13.497898 52.6267574, 13.4979217 52.6267787, 13.4981647 52.6266761, 13.4981923 52.6267, 13.4993087 52.6262378, 13.4996808 52.6260838, 13.4988176 52.6253115))",0309,Pankow,Buch,OSM,OSM_SCHOOLS,03G50,OSM_SCHOOLS,way:137336392,50. Grundschule,,,,,,,,,,"Karower Chaussee 97, 13125 Berlin",Karower Chaussee,97,13125,Berlin,Bezirksamt Pankow von Berlin,,,,+49309479492235,sekretariat@03g50.schule.berlin.de,https://www.03g50.de/,,,True,52.626058012644215,13.498395753878487,True,True
137336632,11003003,Grundschule am Hohen Feld,52.615328329666305,13.496315513832881,"POLYGON ((13.4970574 52.615314, 13.4974553 52.6156647, 13.4964306 52.6160949, 13.4952024 52.6150149, 13.4951766 52.6149921, 13.4961961 52.6145612, 13.496599 52.6149134, 13.4969831 52.6152491, 13.4970574 52.615314))",0305,Pankow,Karow,OSM,OSM_SCHOOLS,03G10,OSM_SCHOOLS,way:137336632,Grundschule am Hohen Feld,,,,,,,,,,"Bedeweg 1, 13125 Berlin",Bedeweg,1,13125,Berlin,,,,,+4930 948006220,info@fv-grundschule-amhohenfeld.de,https://www.grundschule-amhohenfeld.de,,,True,52.615328329666305,13.496315513832881,True,True
137338844,11003003,Marianne-Buggenhagen-Schule für Körperbehinderte,52.62956098803421,13.491310723000566,"POLYGON ((13.4901855 52.629273, 13.4906499 52.6296845, 13.4905989 52.6297048, 13.4913491 52.6303578, 13.4918471 52.6301492, 13.4922621 52.629549, 13.4914473 52.6288238, 13.490796 52.6290969, 13.4907155 52.6291307, 13.4906553 52.6290784, 13.490448 52.6291643, 13.4901855 52.629273))",0309,Pankow,Buch,OSM,OSM_SCHOOLS,03S10,OSM_SCHOOLS,way:137338844,Marianne-Buggenhagen-Schule für Körperbehinderte,,,,,,,,,,"Ernst-Busch-Straße 27, 13125 Berlin",Ernst-Busch-Straße,27,13125,Berlin,,,,,+49 30 9487880,,https://www.buggenhagen-schule.de/,,,True,52.62956098803421,13.491310723000566,True,True
137574169,11001001,Gesundbrunnen-Grundschule,52.552967998118305,13.383501611048377,"POLYGON ((13.3838094 52.5536241, 13.3835083 52.5533419, 13.3834349 52.5533657, 13.3832883 52.5534132, 13.3831809 52.553448, 13.383101 52.5534739, 13.3828613 52.5535526, 13.3828098 52.5534812, 13.3827723 52.5534287, 13.3827713 52.5534273, 13.3827665 52.5534287, 13.3827432 52.5533955, 13.3827478 52.5533943, 13.3827335 52.5533743, 13.3826956 52.5533216, 13.3829529 52.5532366, 13.383084 52.5531933, 13.3832869 52.5531263, 13.3830253 52.5528747, 13.3830145 52.5528799, 13.3829844 52.552851, 13.3828406 52.552713, 13.3828195 52.5526927, 13.3827462 52.5526224, 13.3827346 52.5526112, 13.3826682 52.5525475, 13.3828019 52.5524822, 13.3827567 52.5524388, 13.3826813 52.5523664, 13.3826042 52.5522923, 13.3826192 52.5522872, 13.3827738 52.5522293, 13.3827809 52.552226, 13.3827894 52.552234, 13.3828152 52.5522241, 13.3828559 52.5522625, 13.382963 52.5522214, 13.383125 52.5523791, 13.38319 52.5523535, 13.3833526 52.5522894, 13.3834604 52.5523911, 13.3836457 52.5525659, 13.3837085 52.5525341, 13.3837553 52.5525783, 13.3838652 52.5526819, 13.3839318 52.5527447, 13.3839487 52.5527605, 13.3839826 52.5527921, 13.3841127 52.5529135, 13.3841716 52.5529685, 13.3842283 52.5530219, 13.384334 52.5531214, 13.3843586 52.5531445, 13.3844189 52.5532005, 13.3845519 52.5533263, 13.3844211 52.5533787, 13.3841011 52.5535071, 13.3838094 52.5536241))",0106,Mitte,Gesundbrunnen,OSM,OSM_SCHOOLS,01G27,OSM_SCHOOLS,way:137574169,Gesundbrunnen-Grundschule,,,,,,,,,,"Prinzenallee 8, 13357 Berlin",Prinzenallee,8,13357,Berlin,,,,,,,,,,True,52.552967998118305,13.383501611048377,True,True
138331744,11001001,Willy-Brandt-Gesamtschule,52.55095587689691,13.38616009740076,"POLYGON ((13.3859035 52.5513743, 13.3857034 52.5512268, 13.3855077 52.5510826, 13.3857309 52.550972, 13.3857533 52.5509609, 13.3861511 52.5507635, 13.3859963 52.5506398, 13.3862894 52.5505018, 13.3864329 52.5506165, 13.3864385 52.550621, 13.3865055 52.5506746, 13.3866574 52.5507959, 13.3867801 52.550894, 13.3867234 52.5509276, 13.3865977 52.5510019, 13.3864808 52.5510711, 13.3863732 52.5511277, 13.3863198 52.5511558, 13.3862901 52.5511714, 13.3862478 52.5511937, 13.3861834 52.5512276, 13.3860834 52.5512802, 13.3859731 52.5513383, 13.3859035 52.5513743))",0106,Mitte,Gesundbrunnen,OSM,OSM_SCHOOLS,01K01,OSM_SCHOOLS,way:138331744,Willy-Brandt-Gesamtschule,,,,,,,,,,"Grüntaler Straße 5, 13357 Berlin",Grüntaler Straße,5,13357,Berlin,,,,,,,,,,True,52.55095587689691,13.38616009740076,True,True
138406768,11003003,Hufeland-Schule,52.63289904504177,13.492973685215594,"POLYGON ((13.4923762 52.6321651, 13.4925021 52.6321304, 13.4924795 52.6320985, 13.4927581 52.6320244, 13.4927806 52.6320544, 13.4929145 52.6320179, 13.4930827 52.6322455, 13.4930904 52.6322579, 13.4931277 52.6323093, 13.4935727 52.6328918, 13.4936866 52.6328594, 13.4937884 52.6329699, 13.4938035 52.6329863, 13.4939182 52.6331111, 13.4940042 52.6331792, 13.4942411 52.6333509, 13.4942361 52.6333864, 13.4937821 52.6335554, 13.4936655 52.6335895, 13.4936322 52.6335988, 13.4931585 52.6337304, 13.4927516 52.6333957, 13.4924739 52.6331709, 13.4919559 52.6327364, 13.4918857 52.6326791, 13.4917735 52.6325295, 13.4922679 52.6323878, 13.4921539 52.6322264, 13.4923762 52.6321651))",0309,Pankow,Buch,OSM,OSM_SCHOOLS,03K10,OSM_SCHOOLS,way:138406768,Hufeland-Schule,,,,,,,,,,"Walter-Friedrich-Straße 16/18, 13125 Berlin",Walter-Friedrich-Straße,16/18,13125,Berlin,,,,,,,https://www.hufelandschule.berlin/,,,True,52.63289904504177,13.492973685215594,True,True
138537828,11003003,Elinor-Ostrom-Schule,52.55218041727291,13.404460720367108,"POLYGON ((13.403711 52.5518424, 13.4038231 52.551858, 13.4039108 52.5518694, 13.4041487 52.5518512, 13.4041454 52.5518348, 13.4041702 52.5518325, 13.4044437 52.5518118, 13.4044703 52.5518099, 13.4045762 52.5518018, 13.4047945 52.5517852, 13.4048939 52.5517768, 13.405034 52.5517668, 13.4050464 52.5517659, 13.4051435 52.5517585, 13.4051725 52.5517571, 13.4051854 52.551826, 13.4051993 52.5519006, 13.4052019 52.5519118, 13.4052162 52.5519874, 13.4055198 52.5519649, 13.40569 52.5519522, 13.4057315 52.5521547, 13.4055629 52.5521652, 13.4052702 52.5521871, 13.405279 52.5522478, 13.4052841 52.5522721, 13.4052982 52.5523412, 13.4053101 52.5524005, 13.4053143 52.5524231, 13.4051681 52.5524339, 13.4047136 52.5524681, 13.4046097 52.5524764, 13.4042954 52.5525035, 13.4043081 52.5525915, 13.4042162 52.5525987, 13.4040025 52.5526165, 13.4039171 52.5526236, 13.4038628 52.5526282, 13.4038188 52.5526214, 13.4037048 52.5526052, 13.4035405 52.5525806, 13.4034244 52.5525635, 13.4034322 52.552544, 13.403528 52.5523059, 13.4036536 52.5519879, 13.4037038 52.5518607, 13.403711 52.5518424))",0301,Pankow,Prenzlauer Berg,OSM,OSM_SCHOOLS,,OSM_SCHOOLS,way:138537828,Elinor-Ostrom-Schule,,,,,,,,,,,,,,,,,,,,,,,,True,52.55218041727291,13.404460720367108,True,True
138557445,11001001,Grundschule am Arkonaplatz,52.53685226090523,13.399524402624655,"POLYGON ((13.4001744 52.5373543, 13.4000137 52.5373091, 13.3988038 52.5369688, 13.3984735 52.5368752, 13.3987274 52.5365168, 13.3987444 52.5364691, 13.3988063 52.5364574, 13.3992349 52.5363532, 13.3994961 52.536605, 13.3997744 52.5365968, 13.4000447 52.5366725, 13.400156 52.5367037, 13.4003929 52.5367699, 13.4005752 52.5368209, 13.4003728 52.5370903, 13.4002734 52.5372226, 13.4001744 52.5373543))",0101,Mitte,Mitte,OSM,OSM_SCHOOLS,,OSM_SCHOOLS,way:138557445,Grundschule am Arkonaplatz,,,,,,,,,,,,,,,,,,,,,,,,True,52.53685226090523,13.399524402624655,True,True
138639256,11008008,Schule am Regenweiher,52.42965616119165,13.451509258999147,"POLYGON ((13.4527218 52.4294662, 13.4525018 52.4296476, 13.4525051 52.4297, 13.4525355 52.4297522, 13.4520056 52.4302392, 13.4517067 52.4305334, 13.4507564 52.430313, 13.4507496 52.4288209, 13.4508578 52.4286988, 13.4514179 52.4289261, 13.4522445 52.429262, 13.4523759 52.429315, 13.4527218 52.4294662))",0805,Neukölln,Gropiusstadt,OSM,OSM_SCHOOLS,08G22,OSM_SCHOOLS,way:138639256,Schule am Regenweiher,,,,,,,,,,"Johannisthaler Chaussee 328-340, 12351 Berlin",Johannisthaler Chaussee,328-340,12351,Berlin,Bezirksamt Neukölln von Berlin,,,,+49 30 6044012,,https://www.schule-am-regenweiher.de/,,,True,52.42965616119165,13.451509258999147,True,True
141520963,11009009,Amtsfeld Grundschule-Filiale,52.445747161297945,13.591913746496502,"POLYGON ((13.5925617 52.4454318, 13.592629 52.4460373, 13.5914458 52.446071, 13.5912661 52.4460666, 13.5912157 52.4454415, 13.5925617 52.4454318))",0910,Treptow-Köpenick,Köpenick,OSM,OSM_SCHOOLS,09G19b,OSM_SCHOOLS,way:141520963,Amtsfeld Grundschule-Filiale,,,,,,,,,,"Salvador-Allende-Straße 93, 12559 Berlin",Salvador-Allende-Straße,93,12559,Berlin,Land Berlin,,,,,,,,,True,52.445747161297945,13.591913746496502,True,True
144066623,11006006,Grundschule Am Insulaner,52.4523522893449,13.349791245763923,"POLYGON ((13.3488799 52.4515566, 13.3490456 52.4523583, 13.3491932 52.4531821, 13.3493117 52.453173, 13.3496078 52.453154, 13.3504046 52.4527095, 13.3510856 52.4522379, 13.3508726 52.4520532, 13.3488799 52.4515566))",0601,Steglitz-Zehlendorf,Steglitz,OSM,OSM_SCHOOLS,06G17,OSM_SCHOOLS,way:144066623,Grundschule Am Insulaner,,,,,,,,,,"Hanstedter Weg 11-15, 12169 Berlin",Hanstedter Weg,11-15,12169,Berlin,Bezirksamt Steglitz-Zehlendorf von Berlin,,,,+49 30 79742860,sekretariat@06g17.schule.berlin.de,https://www.grundschuleaminsulaner.de/,,,True,52.4523522893449,13.349791245763923,True,True
146695070,11007007,Teltow-Grundschule,52.48404085331211,13.356524549830711,"POLYGON ((13.3571904 52.4840307, 13.3570597 52.4841199, 13.3568934 52.4842367, 13.3566854 52.4843819, 13.3566285 52.4844225, 13.3564492 52.4845526, 13.3560967 52.4843673, 13.3557108 52.4841644, 13.3560526 52.4839267, 13.3561619 52.4838511, 13.3562063 52.4838185, 13.3563766 52.4836974, 13.356515 52.4835987, 13.3565297 52.4836084, 13.3565602 52.4835928, 13.3566351 52.4835526, 13.3566978 52.4835221, 13.3569855 52.4837445, 13.3573249 52.4839187, 13.3571664 52.4840189, 13.3571904 52.4840307))",0701,Tempelhof-Schöneberg,Schöneberg,OSM,OSM_SCHOOLS,07G10,OSM_SCHOOLS,way:146695070,Teltow-Grundschule,,,,,,,,,,"Feurigstraße 57, 10827 Berlin",Feurigstraße,57,10827,Berlin,,,,,,,https://teltow-grundschule.de,,,True,52.48404085331211,13.356524549830711,True,True
148008312,11010010,Gretel Bergmann Gemeinschaftsschule,52.55774336605006,13.558633087545385,"POLYGON ((13.5585817 52.5578974, 13.5588799 52.5578025, 13.5588242 52.5577382, 13.5587654 52.5577566, 13.5586896 52.557669, 13.5587484 52.5576503, 13.558698 52.5575866, 13.5583897 52.5576836, 13.5584456 52.5577464, 13.5584868 52.5577329, 13.558561 52.5578214, 13.5585241 52.5578338, 13.5585817 52.5578974))",1001,Marzahn-Hellersdorf,Marzahn,OSM,OSM_SCHOOLS,,OSM_SCHOOLS,way:148008312,Gretel Bergmann Gemeinschaftsschule,,,,,,,,,,,,,,,,,,,,,,,,True,52.55774336605006,13.558633087545385,True,True
148090093,11007007,Marienfelder Grundschule,52.4108293239015,13.352942938492776,"POLYGON ((13.3524371 52.4125294, 13.3524238 52.4122996, 13.3514247 52.4123102, 13.3513854 52.4113615, 13.3515608 52.4113582, 13.3515274 52.4105151, 13.3520347 52.4105055, 13.3533935 52.4092979, 13.3540125 52.4092921, 13.3540165 52.4093599, 13.3547642 52.4093468, 13.3549215 52.4097294, 13.3549724 52.4099537, 13.3549855 52.4100964, 13.3550694 52.4100947, 13.3550721 52.4101323, 13.3543496 52.410139, 13.3538478 52.4104303, 13.3537962 52.4105246, 13.3538326 52.411313, 13.353096 52.4113183, 13.3531436 52.4125182, 13.3527291 52.4125251, 13.3525111 52.4125283, 13.3524371 52.4125294))",0705,Tempelhof-Schöneberg,Marienfelde,OSM,OSM_SCHOOLS,07G34,OSM_SCHOOLS,way:148090093,Marienfelder Grundschule,,,,,,,,,,"Erbendorfer Weg 13, 12279 Berlin",Erbendorfer Weg,13,12279,Berlin,Bezirksamt Tempelhof-Schöneberg von Berlin,,,,,,https://www.marienfeldergrundschule.de,,,True,52.4108293239015,13.352942938492776,True,True
150262812,11004004,Katholische Schule Liebfrauen,52.5111171743407,13.276021402139033,"POLYGON ((13.2771035 52.51072, 13.2770852 52.5107025, 13.2755568 52.5105967, 13.2755009 52.5110175, 13.274754 52.5111488, 13.2749045 52.5114592, 13.2749123 52.5114768, 13.2766603 52.5115971, 13.2771035 52.51072))",0405,Charlottenburg-Wilmersdorf,Westend,OSM,OSM_SCHOOLS,04P04,OSM_SCHOOLS,way:150262812,Katholische Schule Liebfrauen,,,,,,,,,,"Ahornallee 33, 14050 Berlin",Ahornallee,33,14050,Berlin,Erzbistum Berlin,,,,+4930 3061301 3,sekretariat@ksl.schulerzbistum.de,https://www.ksliebfrauen.de/,,,True,52.5111171743407,13.276021402139033,True,True
150809948,11009009,Bouché-Schule,52.49334301398787,13.45184636344035,"POLYGON ((13.4531808 52.4933371, 13.451941 52.4925324, 13.4505051 52.4933857, 13.4516888 52.4941188, 13.4520455 52.4939064, 13.4521261 52.4939583, 13.4529624 52.4934657, 13.4531808 52.4933371))",0901,Treptow-Köpenick,Alt-Treptow,OSM,OSM_SCHOOLS,09G01,OSM_SCHOOLS,way:150809948,Bouché-Schule,,,,,,,,,,"Bouchéstraße 5, 12435 Berlin",Bouchéstraße,5,12435,Berlin,,,,,,,,,,True,52.49334301398787,13.45184636344035,True,True
151629362,11009009,Grundschule am Altglienicker Wasserturm,52.41099267573355,13.554168618742834,"POLYGON ((13.5545306 52.4112064, 13.5547121 52.4113312, 13.5543799 52.4115027, 13.5541314 52.4115854, 13.5533107 52.4109813, 13.5532576 52.4109422, 13.553456 52.4108395, 13.5539867 52.4105647, 13.5541219 52.4104947, 13.5542912 52.410407, 13.5547208 52.4107137, 13.5550396 52.4109419, 13.5545306 52.4112064))",0906,Treptow-Köpenick,Altglienicke,OSM,OSM_SCHOOLS,09G13,OSM_SCHOOLS,way:151629362,Grundschule am Altglienicker Wasserturm,,,,,,,,,,"Sachsenstraße 22, 12524 Berlin",Sachsenstraße,22,12524,Berlin,,,,,,,,,,True,52.41099267573355,13.554168618742834,True,True
152892274,11009009,Grundschule am Mohnweg,52.40647666731386,13.537421463099328,"POLYGON ((13.5363761 52.4076083, 13.5367231 52.40665, 13.5371818 52.4053995, 13.5378094 52.4057103, 13.5387344 52.4061684, 13.5369816 52.4074751, 13.5369694 52.4074905, 13.5369158 52.4074968, 13.5368296 52.4075118, 13.5366645 52.4075462, 13.5363761 52.4076083))",0906,Treptow-Köpenick,Altglienicke,OSM,OSM_SCHOOLS,09G15,OSM_SCHOOLS,way:152892274,Grundschule am Mohnweg,,,,,,,,,,"Mohnweg 20, 12524 Berlin",Mohnweg,20,12524,Berlin,,,,,,,,,,True,52.40647666731386,13.537421463099328,True,True
152892280,11009009,Grundschule am Pegasuseck,52.40659712797331,13.528799844996142,"POLYGON ((13.5289166 52.4057628, 13.5277514 52.4060511, 13.5277398 52.4060795, 13.528575 52.4073356, 13.5286006 52.4073481, 13.528633 52.4073585, 13.5286753 52.4073583, 13.5299711 52.4071491, 13.5297935 52.4068825, 13.5296858 52.4069093, 13.5291458 52.4061027, 13.5290913 52.4060614, 13.5290141 52.4059421, 13.5290056 52.4058931, 13.5289166 52.4057628))",0906,Treptow-Köpenick,Altglienicke,OSM,OSM_SCHOOLS,09G11,OSM_SCHOOLS,way:152892280,Grundschule am Pegasuseck,,,,,,,,,,"Pegasuseck 5, 12524 Berlin",Pegasuseck,5,12524,Berlin,,,,,,,,,,True,52.40659712797331,13.528799844996142,True,True
153260652,11009009,Schule am Buntzelberg,52.40673256196106,13.574355410806572,"POLYGON ((13.5746539 52.4055844, 13.5745989 52.405605, 13.5745498 52.405617, 13.574075 52.4057098, 13.5736712 52.4057905, 13.5737308 52.4068627, 13.5737274 52.4079037, 13.5737174 52.4079964, 13.5744008 52.4080758, 13.5743988 52.4080922, 13.5745726 52.4081022, 13.574475 52.4078595, 13.5748003 52.4073062, 13.574887 52.4071451, 13.5750327 52.4067019, 13.5751612 52.4064508, 13.575214 52.4063681, 13.5753319 52.4062123, 13.5754146 52.4061455, 13.5746539 52.4055844))",0908,Treptow-Köpenick,Bohnsdorf,OSM,OSM_SCHOOLS,09G14,OSM_SCHOOLS,way:153260652,Schule am Buntzelberg,,,,,,,,,,"Schulzendorfer Straße 112, 12526 Berlin",Schulzendorfer Straße,112,12526,Berlin,Land Berlin,,,,,,,,,True,52.40673256196106,13.574355410806572,True,True
157044690,11007007,Fläming-Grundschule,52.46755277565326,13.333320015175582,"POLYGON ((13.3344273 52.4676377, 13.3343816 52.4676558, 13.3344305 52.4677018, 13.3344091 52.4677103, 13.3341421 52.4678164, 13.3341491 52.4678385, 13.3338555 52.4678723, 13.3335724 52.4681222, 13.33308 52.4680591, 13.3331153 52.4679508, 13.3330273 52.4679393, 13.3327714 52.4679062, 13.3327475 52.4679574, 13.3324341 52.4679158, 13.3323471 52.4678399, 13.3323172 52.467813, 13.3323327 52.4677485, 13.332351 52.4677394, 13.3323628 52.4677345, 13.3324307 52.4677057, 13.3324009 52.4675186, 13.3324294 52.4674058, 13.3324554 52.467347, 13.3324912 52.4672479, 13.3325581 52.4670622, 13.3325766 52.4670085, 13.3332933 52.4671002, 13.3340661 52.4672012, 13.3345478 52.4676553, 13.3345153 52.4676682, 13.3344762 52.4676837, 13.3344273 52.4676377))",0702,Tempelhof-Schöneberg,Friedenau,OSM,OSM_SCHOOLS,07G15,OSM_SCHOOLS,way:157044690,Fläming-Grundschule,,,,,,,,,,"Illstraße 4-6, 12161 Berlin",Illstraße,4-6,12161,Berlin,Bezirksamt Tempelhof-Schöneberg von Berlin,,,,+49 30 902777061,info@flaeming-grundschule.de,https://www.flaeming-grundschule.de/,,,True,52.46755277565326,13.333320015175582,True,True
157110899,11008008,Matthias-Claudius-Grundschule,52.42132743768947,13.500881517041632,"POLYGON ((13.5009512 52.4202353, 13.4997408 52.4212268, 13.5003253 52.4221176, 13.5003952 52.4221761, 13.5004829 52.4221076, 13.500528 52.4221712, 13.5007304 52.4224947, 13.5008656 52.4226002, 13.5017381 52.421893, 13.501178 52.4216365, 13.5011031 52.4215992, 13.5011626 52.4215506, 13.5021503 52.4207441, 13.5009512 52.4202353))",0804,Neukölln,Rudow,OSM,OSM_SCHOOLS,08G28,OSM_SCHOOLS,way:157110899,Matthias-Claudius-Grundschule,,,,,,,,,,"Köpenicker Straße 148, 12355 Berlin",Köpenicker Straße,148,12355,Berlin,,,,,,,,,,True,52.42132743768947,13.500881517041632,True,True
157745235,11009009,Schmöckwitzer Insel-Schule,52.376033975618846,13.647407344694459,"POLYGON ((13.6481487 52.3760854, 13.6482475 52.3760116, 13.648271 52.3760233, 13.6482941 52.3760058, 13.6482716 52.3759934, 13.6484216 52.3758821, 13.6484555 52.3758582, 13.6481669 52.3757127, 13.6480354 52.3757115, 13.6479577 52.3757108, 13.6478684 52.3756766, 13.6477574 52.3756209, 13.64726 52.3756175, 13.6467852 52.3756109, 13.646686 52.3758587, 13.6465165 52.3761784, 13.6468301 52.3763273, 13.6475213 52.3766535, 13.6477221 52.3765059, 13.6476378 52.3764645, 13.6481487 52.3760854))",0915,Treptow-Köpenick,Schmöckwitz,OSM,OSM_SCHOOLS,09G29,OSM_SCHOOLS,way:157745235,Schmöckwitzer Insel-Schule,,,,,,,,,,"Adlergestell 776, 12527 Berlin",Adlergestell,776,12527,Berlin,,,,,,,http://www.schmoeckwitzer-gs.cidsnet.de,,,True,52.376033975618846,13.647407344694459,True,True
159474728,11011011,Paul-Schmidt-Schule,52.55459509562822,13.503983754569905,"POLYGON ((13.5042933 52.5551254, 13.5043006 52.5549228, 13.5049052 52.5548408, 13.5047444 52.5545982, 13.5050584 52.554515, 13.5051525 52.5544897, 13.5048283 52.5540103, 13.5047718 52.5539268, 13.5042597 52.5540547, 13.5041173 52.5541783, 13.5039258 52.5541524, 13.5035116 52.5542872, 13.5033717 52.5542672, 13.5033676 52.5542806, 13.503138 52.5542494, 13.5028724 52.5551131, 13.5042933 52.5551254))",1110,Lichtenberg,Alt-Hohenschönhausen,OSM,OSM_SCHOOLS,11K11,OSM_SCHOOLS,way:159474728,Paul-Schmidt-Schule,,,,,,,,,,"Malchower Weg 54, 13053 Berlin",Malchower Weg,54,13053,Berlin,,,,,+49 30 9864885,sekretariat@11K11.schule.berlin.de,https://www.paul-schmidt-schule.de/,,,True,52.55459509562822,13.503983754569905,True,True
159698125,11003003,Grundschule im Eliashof,52.54057097860051,13.423465168394058,"POLYGON ((13.4238645 52.5408049, 13.4241858 52.540725, 13.4241576 52.5406776, 13.4240853 52.5405538, 13.4240515 52.5404952, 13.424021 52.5404417, 13.4239912 52.5403898, 13.4239644 52.5403433, 13.4239268 52.5402817, 13.4238616 52.5401701, 13.4238485 52.5401464, 13.4237785 52.5401638, 13.4235731 52.54021, 13.4234855 52.5402371, 13.423411 52.5402559, 13.4233461 52.540273, 13.4233792 52.5403242, 13.4230313 52.5404129, 13.4229952 52.5403615, 13.4228571 52.5403958, 13.4228863 52.5404401, 13.4229514 52.5405345, 13.4229732 52.5405667, 13.4229069 52.5405855, 13.422928 52.5406191, 13.4227961 52.5406523, 13.4227651 52.5406599, 13.4227455 52.5406647, 13.4225853 52.5407031, 13.422644 52.5407935, 13.4226732 52.5408386, 13.4226851 52.5408571, 13.4228675 52.5408119, 13.4230976 52.5407535, 13.4231485 52.5408276, 13.4232382 52.5409587, 13.4233785 52.5409253, 13.423346 52.5408774, 13.4234008 52.5408637, 13.4234087 52.5408752, 13.4234358 52.5408671, 13.4234285 52.5408564, 13.4236932 52.5407902, 13.423726 52.5408397, 13.4238645 52.5408049))",0301,Pankow,Prenzlauer Berg,OSM,OSM_SCHOOLS,03G46,OSM_SCHOOLS,way:159698125,Grundschule im Eliashof,,,,,,,,,,"Senefelderstraße 6, 10437 Berlin",Senefelderstraße,6,10437,Berlin,,,,,,,,,,True,52.54057097860051,13.423465168394058,True,True
160464959,11003003,Schule am Birkenhof,52.608581998173015,13.423256319692772,"POLYGON ((13.4217201 52.6097152, 13.4217463 52.6088209, 13.4241588 52.6076785, 13.4244877 52.6079345, 13.4247289 52.6078082, 13.4251718 52.6079025, 13.425314 52.6080186, 13.4217201 52.6097152))",0310,Pankow,Französisch Buchholz,OSM,OSM_SCHOOLS,03G40,OSM_SCHOOLS,way:160464959,Schule am Birkenhof,,,,,,,,,,"Arnouxstraße 18, 13127 Berlin",Arnouxstraße,18,13127,Berlin,,,,,+4930 474029100,sekretariat@schule-birkenhof.de,http://www.schule-birkenhof.de,,,True,52.608581998173015,13.423256319692772,True,True
160803748,11003003,Grundschule an der Marie,52.53589309034274,13.425501105911655,"POLYGON ((13.42627 52.5359068, 13.426306 52.5359451, 13.4251348 52.5363444, 13.4251068 52.5363115, 13.4249517 52.5361466, 13.424914 52.5361049, 13.4248655 52.5360525, 13.42475 52.5359271, 13.4246799 52.5358502, 13.4255214 52.5355663, 13.4255634 52.5355491, 13.4256255 52.5355276, 13.4256564 52.5355169, 13.4256911 52.5355049, 13.4258805 52.5354395, 13.425919 52.5354798, 13.4261158 52.5356908, 13.4261481 52.535728, 13.4261142 52.5357403, 13.42627 52.5359068))",0301,Pankow,Prenzlauer Berg,OSM,OSM_SCHOOLS,03G04,OSM_SCHOOLS,way:160803748,Grundschule an der Marie,,,,,,,,,,,,,,,,,,,,,https://www.schule-an-der-marie.de/,,,True,52.53589309034274,13.425501105911655,True,True
161901179,11004004,Schiller-Gymnasium,52.51036618964295,13.321561512564116,"POLYGON ((13.3221328 52.5111155, 13.3221066 52.5109479, 13.3220903 52.5108001, 13.3220822 52.510732, 13.3220807 52.5107161, 13.3220779 52.510697, 13.3220542 52.5105352, 13.3220318 52.5103824, 13.3220248 52.5103347, 13.3219457 52.5097955, 13.3217715 52.5098032, 13.3217331 52.509515, 13.3213233 52.5095227, 13.3211457 52.5095289, 13.3211124 52.5097496, 13.3210182 52.5102188, 13.3209712 52.5102153, 13.3209679 52.5102364, 13.3211559 52.5102541, 13.3214656 52.5102853, 13.321444 52.5103594, 13.3214231 52.5104307, 13.3212913 52.5104178, 13.3212736 52.5104864, 13.3211968 52.5107851, 13.3211645 52.5107819, 13.3211321 52.5107788, 13.3210391 52.5107696, 13.3210101 52.5107668, 13.3209434 52.5108836, 13.3209186 52.5110392, 13.3211998 52.511056, 13.3213668 52.5110659, 13.3214357 52.5110704, 13.3219338 52.5111026, 13.3221328 52.5111155))",0401,Charlottenburg-Wilmersdorf,Charlottenburg,OSM,OSM_SCHOOLS,04Y01,OSM_SCHOOLS,way:161901179,Schiller-Gymnasium,,,,,,,,,,,,,,,,,,,,,,,,True,52.51036618964295,13.321561512564116,True,True
163857376,11003003,Rosa-Luxemburg-Gymnasium,52.566312425163545,13.419862580617147,"POLYGON ((13.4192662 52.5667606, 13.4193056 52.5666433, 13.4193201 52.5666004, 13.4194746 52.5661177, 13.4195136 52.5659785, 13.4195416 52.5658788, 13.4198678 52.5659126, 13.4199184 52.5659167, 13.4199446 52.5659199, 13.419952 52.5659181, 13.4199568 52.5659074, 13.4199661 52.5658996, 13.4199797 52.5658934, 13.4199991 52.5658889, 13.4201212 52.5659006, 13.4203971 52.5659309, 13.4204453 52.5659727, 13.4204913 52.5660128, 13.420353 52.5665434, 13.4202824 52.5665372, 13.4201124 52.5665183, 13.4199525 52.5664987, 13.4199508 52.5665037, 13.4198867 52.5666705, 13.4198683 52.5667292, 13.4198372 52.5668289, 13.4196965 52.5668141, 13.4196941 52.5668212, 13.4195546 52.5668039, 13.4194078 52.5667856, 13.4194102 52.5667785, 13.4192662 52.5667606))",0307,Pankow,Pankow,OSM,OSM_SCHOOLS,03Y10,OSM_SCHOOLS,way:163857376,Rosa-Luxemburg-Gymnasium,,,,,,,,,,"Kissingenstraße 12, 13189 Berlin",Kissingenstraße,12,13189,Berlin,,,,,+49 30 91607730,,https://www.rosa-luxemburg-gymnasium.de/,,,True,52.566312425163545,13.419862580617147,True,True
164827913,11012012,Waldorfschule Märkisches Viertel Berlin,52.60057600624006,13.364407221367648,"POLYGON ((13.3637298 52.6008853, 13.3638596 52.5999847, 13.3650502 52.6000477, 13.3649046 52.6010275, 13.364877 52.6012133, 13.3647427 52.6013252, 13.3637298 52.6008853))",1210,Reinickendorf,Märkisches Viertel,OSM,OSM_SCHOOLS,12P02,OSM_SCHOOLS,way:164827913,Waldorfschule Märkisches Viertel Berlin,,,,,,,,,,"Treuenbrietzener Straße 28, 13439 Berlin",Treuenbrietzener Straße,28,13439,Berlin,,,,,+4930 407283 0,info@waldorfschule-mv.de,https://www.waldorfschule-mv.de/,,,True,52.60057600624006,13.364407221367648,True,True
166030615,11011011,Immanuel-Kant-Gymnasium,52.502226561004825,13.48983692817244,"POLYGON ((13.4906022 52.5025137, 13.490539 52.5024074, 13.4905342 52.5023994, 13.490457 52.5022731, 13.4904228 52.5022171, 13.4903385 52.5020792, 13.4903038 52.5020226, 13.490271 52.5019689, 13.4902292 52.5019005, 13.4902059 52.5018599, 13.4901238 52.5017207, 13.4900978 52.5017288, 13.4897241 52.5018457, 13.4896619 52.5018649, 13.4896795 52.5018946, 13.4894864 52.501937, 13.4894515 52.5019447, 13.4892988 52.5019785, 13.4893097 52.5019969, 13.4892512 52.5020098, 13.4889817 52.5020761, 13.4890475 52.5021797, 13.4891958 52.5024174, 13.4895069 52.5024221, 13.4895114 52.5024319, 13.4895586 52.5024348, 13.4897272 52.5026853, 13.4899436 52.5026425, 13.4903003 52.5025743, 13.4904157 52.5025505, 13.4906022 52.5025137))",1112,Lichtenberg,Rummelsburg,OSM,OSM_SCHOOLS,11Y11,OSM_SCHOOLS,way:166030615,Immanuel-Kant-Gymnasium,,,,,,,,,,"Lückstraße 63, 10317 Berlin",Lückstraße,63,10317,Berlin,,,,,+49 30 5139748,,,,,True,52.502226561004825,13.48983692817244,True,True
166149924,11003003,Kurt-Schwitters-Schule,52.53122286945755,13.428803430232701,"POLYGON ((13.4279041 52.5313737, 13.4279213 52.5313885, 13.427936 52.5314011, 13.4279252 52.5314056, 13.4281918 52.531636, 13.4282067 52.5316298, 13.4282218 52.5316432, 13.4282362 52.531656, 13.4282269 52.5316599, 13.4282714 52.5316984, 13.4283007 52.5317254, 13.4284684 52.5316501, 13.4287798 52.5315255, 13.4287323 52.5314834, 13.4287066 52.5314941, 13.42868 52.5314705, 13.428752 52.5314405, 13.4288767 52.5313886, 13.4288419 52.5313576, 13.4291326 52.5312365, 13.4291685 52.5312684, 13.4292463 52.5312359, 13.4293163 52.5312068, 13.429281 52.5311754, 13.4295982 52.5310432, 13.429635 52.531076, 13.4297097 52.5310446, 13.4297668 52.5310209, 13.4294875 52.5307728, 13.4295631 52.5307413, 13.429514 52.5306977, 13.4293065 52.5307842, 13.4292428 52.5308178, 13.4289641 52.5309482, 13.4287275 52.5310602, 13.428626 52.531098, 13.4285507 52.5311262, 13.4280761 52.5313064, 13.4279041 52.5313737))",0301,Pankow,Prenzlauer Berg,OSM,OSM_SCHOOLS,03K01,OSM_SCHOOLS,way:166149924,Kurt-Schwitters-Schule,,,,,,,,,,"Greifswalder Straße 25, 10405 Berlin",Greifswalder Straße,25,10405,Berlin,,,,,,,,,,True,52.53122286945755,13.428803430232701,True,True
168832193,11012012,Carl-Bosch-Schule,52.62328436865509,13.294566251895784,"POLYGON ((13.2944823 52.6239247, 13.2946108 52.6238049, 13.2949327 52.6235066, 13.2950102 52.6234294, 13.2951267 52.6233059, 13.2952935 52.6231271, 13.29554 52.6228702, 13.2946836 52.6226779, 13.2946376 52.6227247, 13.294577 52.6227827, 13.2944948 52.622753, 13.2944422 52.6228035, 13.2944994 52.6228256, 13.2941319 52.6231618, 13.2940059 52.6232814, 13.2937686 52.6234993, 13.2936877 52.6234667, 13.2935892 52.623427, 13.2935707 52.6234195, 13.2934898 52.623485, 13.2934512 52.6235221, 13.2936745 52.6236119, 13.2944823 52.6239247))",1206,Reinickendorf,Hermsdorf,OSM,OSM_SCHOOLS,12K10,OSM_SCHOOLS,way:168832193,Carl-Bosch-Schule,,,,,,,,,,"Frohnauer Straße 74-80, 13467 Berlin",Frohnauer Straße,74-80,13467,Berlin,,,,,,,,,,True,52.62328436865509,13.294566251895784,True,True
168832194,11012012,Wiesengrund-Schule,52.62298638055919,13.294094973351667,"POLYGON ((13.2944948 52.622753, 13.2944422 52.6228035, 13.2944994 52.6228256, 13.2941319 52.6231618, 13.2940059 52.6232814, 13.2937686 52.6234993, 13.2936877 52.6234667, 13.2935892 52.623427, 13.2935707 52.6234195, 13.2938564 52.6231542, 13.293712 52.6230965, 13.2938266 52.6229908, 13.2938967 52.6229304, 13.293872 52.6229211, 13.2940189 52.6227864, 13.294064 52.6227368, 13.2942441 52.6225809, 13.2946836 52.6226779, 13.2946376 52.6227247, 13.294577 52.6227827, 13.2944948 52.622753))",1206,Reinickendorf,Hermsdorf,OSM,OSM_SCHOOLS,,OSM_SCHOOLS,way:168832194,Wiesengrund-Schule,,,,,,,,,,"Frohnauer Straße 74-80, 13467 Berlin",Frohnauer Straße,74-80,13467,Berlin,,,,,,,,,,True,52.62298638055919,13.294094973351667,True,True
168832195,11012012,Carl-Bosch-Schule,52.62294554985266,13.293459868677536,"POLYGON ((13.2931847 52.6224913, 13.293159 52.6225331, 13.2931465 52.6225534, 13.2930614 52.6226917, 13.2929805 52.6228356, 13.2928234 52.6231493, 13.2928107 52.6231721, 13.2927732 52.6232505, 13.2934512 52.6235221, 13.2934898 52.623485, 13.2935707 52.6234195, 13.2938564 52.6231542, 13.2939659 52.6231979, 13.2940428 52.623127, 13.294082 52.6230921, 13.2938266 52.6229908, 13.2938967 52.6229304, 13.293872 52.6229211, 13.2940189 52.6227864, 13.294064 52.6227368, 13.2942441 52.6225809, 13.2939375 52.6225111, 13.2936592 52.6224825, 13.2935055 52.6224794, 13.2931847 52.6224913))",1206,Reinickendorf,Hermsdorf,OSM,OSM_SCHOOLS,,OSM_SCHOOLS,way:168832195,Carl-Bosch-Schule,,,,,,,,,,"Frohnauer Straße 74-80, 13467 Berlin",Frohnauer Straße,74-80,13467,Berlin,Vivantes,,,,,,,,,True,52.62294554985266,13.293459868677536,True,True
168904182,11004004,Heinz-Galinski-Schule,52.501308059581795,13.258610738005851,"POLYGON ((13.2601225 52.5018571, 13.2592214 52.5011631, 13.258335 52.500474, 13.25714 52.500916, 13.2581823 52.5017483, 13.2586756 52.5016804, 13.2587121 52.5017078, 13.2587506 52.5017379, 13.2587986 52.5017748, 13.2588188 52.5017909, 13.2588607 52.501823, 13.2589789 52.5018179, 13.259438 52.5021837, 13.2601225 52.5018571))",0405,Charlottenburg-Wilmersdorf,Westend,OSM,OSM_SCHOOLS,04P03,OSM_SCHOOLS,way:168904182,Heinz-Galinski-Schule,,,,,,,,,,"Waldschulallee 73, 14055 Berlin",Waldschulallee,73,14055,Berlin,Jüdische Gemeinde zu Berlin,,,,+49 30 3011940,,,,,True,52.501308059581795,13.258610738005851,True,True
172235356,11001001,Anne-Frank-Grundschule,52.51822033149877,13.356067185731774,"POLYGON ((13.357038 52.5177291, 13.3566017 52.5186092, 13.3565651 52.518675, 13.3564547 52.5186541, 13.3562105 52.5186651, 13.3559451 52.5186919, 13.3557483 52.5187105, 13.3557629 52.5187624, 13.3557146 52.5187673, 13.3557537 52.5188889, 13.3557557 52.5188968, 13.3554783 52.5189521, 13.3554643 52.5189544, 13.3554113 52.518791, 13.355344 52.5185873, 13.3553036 52.5184791, 13.3552718 52.5183875, 13.3552657 52.5183721, 13.3551558 52.5180425, 13.3564861 52.5176153, 13.357038 52.5177291))",0102,Mitte,Moabit,OSM,OSM_SCHOOLS,01G15,OSM_SCHOOLS,way:172235356,Anne-Frank-Grundschule,,,,,,,,,,"Paulstraße 20B, 10557 Berlin",Paulstraße,20B,10557,Berlin,,,,,,,,,,True,52.51822033149877,13.356067185731774,True,True
172382574,11006006,Dunant-Grundschule,52.46473789731919,13.318136888439005,"POLYGON ((13.3172931 52.4650629, 13.3172228 52.4649872, 13.3171796 52.4649412, 13.3171397 52.4648988, 13.3171219 52.4648798, 13.3170733 52.4648281, 13.316964 52.4647117, 13.3170118 52.4646947, 13.3170187 52.464692, 13.3171875 52.4646322, 13.3173688 52.4645686, 13.3176183 52.4644803, 13.3177324 52.46444, 13.318022 52.4643373, 13.3181048 52.4643082, 13.3181604 52.4642886, 13.3182218 52.464267, 13.3185605 52.4641472, 13.3186193 52.4641264, 13.3186865 52.4641026, 13.319312 52.4647662, 13.319291 52.4647735, 13.3186412 52.4649994, 13.3184766 52.4650577, 13.3182195 52.4651487, 13.3181907 52.4651589, 13.3181666 52.4651674, 13.3179726 52.4652365, 13.3179386 52.4652486, 13.3179111 52.4652584, 13.3176466 52.4653526, 13.3175876 52.465374, 13.3174694 52.4652491, 13.3172931 52.4650629))",0601,Steglitz-Zehlendorf,Steglitz,OSM,OSM_SCHOOLS,06G15,OSM_SCHOOLS,way:172382574,Dunant-Grundschule,,,,,,,,,,"Gritznerstraße 19-23, 12163 Berlin",Gritznerstraße,19-23,12163,Berlin,Bezirksamt Steglitz-Zehlendorf von Berlin,,,,+49 30 79742160,sekretariat@dunant.schule.berlin.de,https://www.dunant-gs.de/,,,True,52.46473789731919,13.318136888439005,True,True
172382575,11006006,Kopernikus-Oberschule Berlin,52.464219118341326,13.31960546829091,"POLYGON ((13.319312 52.4647662, 13.3186865 52.4641026, 13.3194798 52.4638245, 13.3195392 52.4638036, 13.3196893 52.463751, 13.3197716 52.463722, 13.3199081 52.4636736, 13.3200402 52.4638163, 13.3200455 52.4638146, 13.3200759 52.4638474, 13.3201066 52.4638808, 13.3201013 52.4638825, 13.3202359 52.464026, 13.3205201 52.4643336, 13.3204307 52.4643647, 13.3203969 52.4643765, 13.3201982 52.4644457, 13.3201261 52.4644733, 13.3199805 52.4645291, 13.3198599 52.4645718, 13.3198026 52.4645921, 13.3197604 52.4646071, 13.3195934 52.4646663, 13.3193864 52.4647398, 13.319312 52.4647662))",0601,Steglitz-Zehlendorf,Steglitz,OSM,OSM_SCHOOLS,06K03,OSM_SCHOOLS,way:172382575,Kopernikus-Oberschule Berlin,,,,,,,,,,"Lepsiusstraße 24-28, 12163 Berlin",Lepsiusstraße,24-28,12163,Berlin,Bezirksamt Steglitz-Zehlendorf von Berlin,,,,,,https://www.kopernikus-oberschule.de/,,,True,52.464219118341326,13.31960546829091,True,True
172446681,11004004,OSZ Wirtschaft Leopold-Ullstein-Schule - Abteilung I,52.48366635424117,13.33271225252066,"POLYGON ((13.3326562 52.4835649, 13.3323752 52.4835622, 13.3323688 52.4838227, 13.3329902 52.4838284, 13.3329989 52.4834438, 13.3327795 52.4834415, 13.3327753 52.483546, 13.3326558 52.4835446, 13.3326562 52.4835649))",0402,Charlottenburg-Wilmersdorf,Wilmersdorf,OSM,OSM_SCHOOLS,,OSM_SCHOOLS,way:172446681,OSZ Wirtschaft Leopold-Ullstein-Schule - Abteilung I,,,,,,,,,,"Prinzregentenstraße 32, 10715 Berlin",Prinzregentenstraße,32,10715,Berlin,,,,,+49 30 85758532,,http://www.oszinddv.de,,,True,52.48366635424117,13.33271225252066,True,True
174284825,11003003,,52.56726597792876,13.400783565767346,"POLYGON ((13.3998491 52.5685248, 13.3999247 52.5684642, 13.4000445 52.568369, 13.4000474 52.5683647, 13.4001171 52.5681645, 13.4002282 52.5678672, 13.4002268 52.5678362, 13.4002244 52.567805, 13.4002186 52.5677229, 13.4002129 52.5676429, 13.4002119 52.56763, 13.4002057 52.5675444, 13.4002046 52.5675298, 13.4001982 52.5674399, 13.4001969 52.5674224, 13.4001943 52.5673872, 13.4001871 52.5672853, 13.4001819 52.5672142, 13.4001751 52.5671202, 13.400166 52.5669927, 13.400159 52.5669163, 13.4001538 52.5668589, 13.4001462 52.5667758, 13.4001451 52.5667749, 13.3999545 52.5666469, 13.3999408 52.5666377, 13.3998029 52.566545, 13.3997609 52.5665164, 13.4001124 52.566328, 13.4004353 52.5661124, 13.4008935 52.5663642, 13.4009642 52.5664029, 13.4011536 52.5665068, 13.4011506 52.566538, 13.4011423 52.5665792, 13.4013387 52.5665876, 13.4012872 52.567105, 13.4013769 52.567113, 13.4014615 52.5671211, 13.4014433 52.5672705, 13.4020306 52.5673176, 13.4019048 52.5678612, 13.40111 52.5677933, 13.4010666 52.5679787, 13.4009131 52.5679657, 13.4009083 52.5679873, 13.4006552 52.5680435, 13.4005806 52.5683685, 13.4004775 52.5683607, 13.4003866 52.5683538, 13.4002878 52.5684039, 13.4002472 52.5684244, 13.4000775 52.5685105, 13.4000597 52.5685195, 13.3999264 52.5685873, 13.3998491 52.5685248))",0307,Pankow,Pankow,OSM,OSM_SCHOOLS,,OSM_SCHOOLS,way:174284825,,,,,,,,,,,,,,,,,,,,,,,,,True,52.56726597792876,13.400783565767346,True,True
175793181,11008008,Otto-Hahn-Schule,52.458294267742794,13.450186642049477,"POLYGON ((13.4483759 52.4583922, 13.4487242 52.4584898, 13.4486985 52.4585331, 13.4500735 52.4591277, 13.4503936 52.4591725, 13.4507128 52.4592547, 13.4509476 52.4592819, 13.4516584 52.4583297, 13.4519854 52.4579325, 13.4512789 52.457729, 13.4510511 52.4576634, 13.4508561 52.4576051, 13.4507547 52.4576075, 13.4507096 52.4576086, 13.4504605 52.457607, 13.4504077 52.4576051, 13.4502489 52.4575994, 13.450042 52.4575854, 13.4499025 52.4575713, 13.4497931 52.4575598, 13.4491495 52.4574809, 13.4490433 52.4575142, 13.4489543 52.4576028, 13.4488357 52.4577649, 13.4488232 52.4577821, 13.4484522 52.4582893, 13.4484418 52.4583036, 13.4483759 52.4583922))",0802,Neukölln,Britz,OSM,OSM_SCHOOLS,08K03,OSM_SCHOOLS,way:175793181,Otto-Hahn-Schule,,,,,,,,,,"Buschkrugallee 63, 12359 Berlin",Buschkrugallee,63,12359,Berlin,,,,,+493062739790,,http://www.ohs-berlin.de,,,True,52.458294267742794,13.450186642049477,True,True
177124129,11010010,Gymnasium Kaulsdorf,52.52628369892299,13.592243133716618,"POLYGON ((13.5912438 52.5268463, 13.5933967 52.526574, 13.5933704 52.5265367, 13.5933691 52.5264991, 13.5934929 52.5263414, 13.5932919 52.5257298, 13.5919332 52.5258965, 13.5918213 52.5259102, 13.5909452 52.5260184, 13.5912438 52.5268463))",1005,Marzahn-Hellersdorf,Hellersdorf,OSM,OSM_SCHOOLS,"10Y12, 10Yn02",OSM_SCHOOLS,way:177124129,Gymnasium Kaulsdorf,,,,,,,,,,"Erich-Kästner-Straße 52, 12619 Berlin",Erich-Kästner-Straße,52,12619,Berlin,,,,,,,https://adw.berlin/,,,True,52.52628369892299,13.592243133716618,True,True
179027933,11003003,Kurt-Schwitters-Schule,52.5300601223547,13.431041340343313,"POLYGON ((13.4313032 52.5296552, 13.4309034 52.5298487, 13.4307094 52.529946, 13.4303781 52.5296659, 13.4300997 52.5298061, 13.4309561 52.5305226, 13.4310141 52.5305022, 13.4310965 52.530468, 13.4311764 52.5304348, 13.4313015 52.5303832, 13.4319176 52.5301253, 13.4313032 52.5296552))",0301,Pankow,Prenzlauer Berg,OSM,OSM_SCHOOLS,03K01b,OSM_SCHOOLS,way:179027933,Kurt-Schwitters-Schule,,,,,,,,,,"Bötzowstraße 11, 10407 Berlin",Bötzowstraße,11,10407,Berlin,,,,,,,https://www.kurt-schwitters.schule/,,,True,52.5300601223547,13.431041340343313,True,True
179113354,11012012,Montessori Campus am Tegeler Forst - Standort Tegel,52.594012151460355,13.277242272928955,"POLYGON ((13.2764316 52.5941846, 13.2764454 52.594361, 13.2765075 52.5944247, 13.2766016 52.5944691, 13.2766993 52.5944938, 13.2768023 52.5944921, 13.2770502 52.5944211, 13.2770943 52.5943802, 13.2776452 52.5942376, 13.2783948 52.5940249, 13.2783758 52.5940089, 13.2781553 52.5938446, 13.2777627 52.5936146, 13.2776721 52.5935674, 13.2771222 52.5936616, 13.276386 52.593832, 13.2764316 52.5941846))",1202,Reinickendorf,Tegel,OSM,OSM_SCHOOLS,12P14,OSM_SCHOOLS,way:179113354,Montessori Campus am Tegeler Forst - Standort Tegel,,,,,,,,,,"Gabrielenstraße 12-18, 13507 Berlin",Gabrielenstraße,12-18,13507,Berlin,Montessori Stiftung Berlin,,,,,,https://www.montessori-tegel.de/,,,True,52.594012151460355,13.277242272928955,True,True
179260841,11001001,Vineta Grundschule,52.54259290398492,13.396095086832993,"POLYGON ((13.3949594 52.543029, 13.3963347 52.5434061, 13.3966061 52.543049, 13.3965658 52.5430384, 13.3969628 52.5425118, 13.3969175 52.5424962, 13.3971018 52.5422379, 13.3971883 52.5421209, 13.3969938 52.5420675, 13.3969022 52.5420426, 13.3965503 52.5419469, 13.3959144 52.5417739, 13.3949594 52.543029))",0106,Mitte,Gesundbrunnen,OSM,OSM_SCHOOLS,01G39,OSM_SCHOOLS,way:179260841,Vineta Grundschule,,,,,,,,,,,,,,,,,,,+49 30 4677 686 60,info@vineta-grundschule.de,http://www.vineta-grundschule.de/,,,True,52.54259290398492,13.396095086832993,True,True
183834511,11010010,Kerschensteiner-Schule,52.56625183752343,13.580020872677169,"POLYGON ((13.5788314 52.5661799, 13.5788625 52.5661359, 13.5791018 52.5660386, 13.57948 52.5658668, 13.5803171 52.5654439, 13.5812303 52.5664741, 13.580631 52.5666718, 13.5804911 52.5666458, 13.5804937 52.5666624, 13.5804846 52.5666763, 13.5804725 52.5666876, 13.5804192 52.566704, 13.5796499 52.5669564, 13.5795767 52.566962, 13.5795099 52.5669003, 13.5794114 52.5667911, 13.5792779 52.5666378, 13.5790667 52.5663981, 13.5789916 52.5663615, 13.5788314 52.5661799))",1001,Marzahn-Hellersdorf,Marzahn,OSM,OSM_SCHOOLS,10K03,OSM_SCHOOLS,way:183834511,Kerschensteiner-Schule,,,,,,,,,,"Golliner Straße 2, 12689 Berlin",Golliner Straße,2,12689,Berlin,,,,,,,,,,True,52.56625183752343,13.580020872677169,True,True
188228169,11001001,Berlin Metropolitan School,52.527228001769494,13.390204863606064,"POLYGON ((13.3900028 52.5267658, 13.3897238 52.5271686, 13.389515 52.5274734, 13.3899868 52.5275703, 13.3899832 52.527577, 13.3904238 52.5276672, 13.3904409 52.5276363, 13.3904713 52.5276425, 13.3905252 52.5275451, 13.390529 52.5275382, 13.3905902 52.5274372, 13.3905771 52.5274342, 13.390793 52.5271516, 13.3908219 52.5271153, 13.3908971 52.5270107, 13.3907005 52.5269565, 13.3906705 52.5269482, 13.3905624 52.5269204, 13.3900028 52.5267658))",0101,Mitte,Mitte,OSM,OSM_SCHOOLS,01E34,OSM_SCHOOLS,way:188228169,Berlin Metropolitan School,,,,,,,,,,"Linienstraße 122-124, 10115 Berlin",Linienstraße,122-124,10115,Berlin,,,,,,,,,,True,52.527228001769494,13.390204863606064,True,True
188642831,11011011,Philipp-Reis-Schule,52.539762321421684,13.495067678754355,"POLYGON ((13.4948958 52.5404133, 13.4959284 52.5397935, 13.4960883 52.5396987, 13.4960054 52.5396467, 13.4960816 52.5395991, 13.4954001 52.5391824, 13.4952927 52.5392499, 13.4951917 52.5391862, 13.4951459 52.5391591, 13.4939871 52.5398569, 13.4948958 52.5404133))",1110,Lichtenberg,Alt-Hohenschönhausen,OSM,OSM_SCHOOLS,11K09,OSM_SCHOOLS,way:188642831,Philipp-Reis-Schule,,,,,,,,,,"Werneuchener Straße 15, 13055 Berlin",Werneuchener Straße,15,13055,Berlin,,,,,+49 30 9710 4911,info@philipp-reis-oberschule.de,https://www.philipp-reis-oberschule.de,,,True,52.539762321421684,13.495067678754355,True,True
191362696,11010010,Peter-Pan-Grundschule,52.54796885195142,13.551708256527192,"POLYGON ((13.5518937 52.548875, 13.5528918 52.5485621, 13.552419 52.5479989, 13.5522748 52.5480441, 13.5522233 52.5480603, 13.5521528 52.547979, 13.5520671 52.5478791, 13.5520556 52.5478651, 13.5520399 52.5478459, 13.552024 52.5478287, 13.5520041 52.5478055, 13.5520458 52.5477917, 13.5521631 52.5477529, 13.5516588 52.547166, 13.5518153 52.5471163, 13.5517173 52.5470136, 13.5510962 52.5472114, 13.5508648 52.5473822, 13.5506824 52.5474418, 13.5505618 52.5474808, 13.5510529 52.5480503, 13.5510949 52.5480364, 13.551174 52.5480103, 13.5512215 52.5480659, 13.5512049 52.5481492, 13.5512934 52.5482531, 13.5513625 52.5483308, 13.5514088 52.5483159, 13.5514691 52.5483844, 13.551584 52.5485151, 13.5517998 52.5487668, 13.5518937 52.548875))",1001,Marzahn-Hellersdorf,Marzahn,OSM,OSM_SCHOOLS,10G10,OSM_SCHOOLS,way:191362696,Peter-Pan-Grundschule,,,,,,,,,,"Stolzenhagener Straße 9, 12679 Berlin",Stolzenhagener Straße,9,12679,Berlin,,,,,,,,,,True,52.54796885195142,13.551708256527192,True,True
194819147,11002002,Refik-Veseli-Schule,52.49916223834353,13.435768041875415,"POLYGON ((13.4358749 52.4995994, 13.435882 52.4995808, 13.4359592 52.4995917, 13.4359743 52.4995929, 13.4359823 52.4995719, 13.4359913 52.4995734, 13.4360044 52.4995398, 13.4360953 52.4995526, 13.4361062 52.4995263, 13.4362943 52.4995548, 13.4363808 52.4993387, 13.4363697 52.4993368, 13.4362424 52.4993193, 13.4362303 52.4993171, 13.4362422 52.4992739, 13.4361396 52.4992608, 13.4361493 52.4992278, 13.436325 52.4991654, 13.435781 52.4986217, 13.4352572 52.4987876, 13.4350817 52.498845, 13.4351063 52.4988688, 13.4351095 52.498872, 13.4355615 52.4993225, 13.4355346 52.4994036, 13.4354532 52.499667, 13.4355318 52.4996785, 13.4356108 52.49969, 13.435719 52.4997058, 13.4358282 52.4997218, 13.4358749 52.4995994))",0202,Friedrichshain-Kreuzberg,Kreuzberg,OSM,OSM_SCHOOLS,02K08,OSM_SCHOOLS,way:194819147,Refik-Veseli-Schule,,,,,,,,,,"Skalitzer Straße 55, 10997 Berlin",Skalitzer Straße,55,10997,Berlin,,,,,,,,,,True,52.49916223834353,13.435768041875415,True,True
198082209,11012012,Elisabethstift Schule,52.620475969963394,13.303287276183505,"POLYGON ((13.3030563 52.6201436, 13.3035861 52.6203529, 13.3036553 52.6203802, 13.3036645 52.6203838, 13.3039619 52.620502, 13.303656 52.6207678, 13.3032001 52.6205858, 13.303007 52.6205091, 13.3029791 52.6205345, 13.3031731 52.6206108, 13.3030561 52.6207193, 13.302625 52.6205396, 13.302739 52.62044, 13.3029374 52.6205181, 13.3029654 52.6204926, 13.3027675 52.620414, 13.3030563 52.6201436))",1206,Reinickendorf,Hermsdorf,OSM,OSM_SCHOOLS,12P06,OSM_SCHOOLS,way:198082209,Elisabethstift Schule,,,,,,,,,,,,,,,Elisabethstift,,,,,,,,,True,52.620475969963394,13.303287276183505,True,True
202112405,11011011,Hermann-Gmeiner-Grundschule,52.5097835003045,13.485770672755281,"POLYGON ((13.4850147 52.5104902, 13.4850026 52.5104713, 13.4849936 52.5104587, 13.4846226 52.509936, 13.4847683 52.5095145, 13.4856894 52.5092969, 13.4855765 52.5091195, 13.4861223 52.5089877, 13.4861143 52.5089734, 13.4863105 52.5089255, 13.4865849 52.5093519, 13.4866325 52.5093397, 13.4868734 52.5097142, 13.4865237 52.509798, 13.4868345 52.5102845, 13.4865385 52.5103573, 13.4864283 52.510263, 13.4860851 52.5103504, 13.4859732 52.5103163, 13.4855242 52.5104225, 13.4854967 52.5103764, 13.4850147 52.5104902))",1103,Lichtenberg,Lichtenberg,OSM,OSM_SCHOOLS,11G07,OSM_SCHOOLS,way:202112405,Hermann-Gmeiner-Grundschule,,,,,,,,,,"Harnackstraße 17, 10365 Berlin",Harnackstraße,17,10365,Berlin,,,,,+49 30 5598291,sekretariat@gmeiner.schule.berlin.de,,,,True,52.5097835003045,13.485770672755281,True,True
203594017,11006006,Rudolf-Steiner-Schule,52.45733987362514,13.274987071173522,"POLYGON ((13.2737749 52.4560675, 13.2737993 52.4560416, 13.2747642 52.4559201, 13.2748686 52.456234, 13.2751362 52.4562, 13.2755143 52.4573361, 13.2760599 52.4572658, 13.2761041 52.4576259, 13.2762081 52.457975, 13.2763781 52.4583306, 13.2763537 52.4583515, 13.2753135 52.4584616, 13.2746183 52.4585377, 13.2745809 52.458523, 13.27456 52.4584577, 13.2742196 52.4573307, 13.2740427 52.4567409, 13.2737749 52.4560675))",0605,Steglitz-Zehlendorf,Dahlem,OSM,OSM_SCHOOLS,06P04,OSM_SCHOOLS,way:203594017,Rudolf-Steiner-Schule,,,,,,,,,,"Auf dem Grat 3, 14195 Berlin",Auf dem Grat,3,14195,Berlin,,,,,,,,,,True,52.45733987362514,13.274987071173522,True,True
204977494,11009009,Gartenarbeitsschule Treptow-Köpenick,52.45112518735316,13.581168749588448,"POLYGON ((13.5804798 52.4504021, 13.5802905 52.4505386, 13.5800747 52.4506235, 13.5803576 52.4508472, 13.5803172 52.4508763, 13.5814526 52.4517874, 13.5815949 52.4517518, 13.5822201 52.4516152, 13.5812417 52.4506151, 13.5809013 52.4507567, 13.5804798 52.4504021))",0910,Treptow-Köpenick,Köpenick,OSM,OSM_SCHOOLS,,OSM_SCHOOLS,way:204977494,Gartenarbeitsschule Treptow-Köpenick,,,,,,,,,,"Friedrichshagener Straße 7, 12555 Berlin",Friedrichshagener Straße,7,12555,Berlin,,,,,,,http://hvkschule.de/gartenarbeitsschule/,,,True,52.45112518735316,13.581168749588448,True,True
208842733,11008008,Karl-Weise-Grundschule (Filiale),52.478176470716576,13.418528894529658,"POLYGON ((13.4179887 52.478112, 13.4179796 52.4782499, 13.4179819 52.4784049, 13.4179881 52.4784296, 13.4191016 52.4782736, 13.4189698 52.4779242, 13.4189573 52.4778902, 13.4188147 52.4779228, 13.4179887 52.478112))",0801,Neukölln,Neukölln,OSM,OSM_SCHOOLS,08G06b,OSM_SCHOOLS,way:208842733,Karl-Weise-Grundschule (Filiale),,,,,,,,,,"Lichtenrader Straße 4a, 12049 Berlin",Lichtenrader Straße,4a,12049,Berlin,,,,,,,,,,True,52.478176470716576,13.418528894529658,True,True
210109717,11003003,Grundschule im Hofgarten,52.539083508069496,13.41928588047907,"POLYGON ((13.4198184 52.5395395, 13.4198542 52.5395338, 13.420149 52.5394866, 13.4200248 52.5391732, 13.4196963 52.5388798, 13.4195319 52.5387329, 13.4192406 52.5387478, 13.4189304 52.5387635, 13.4186003 52.5387803, 13.4186607 52.5390286, 13.4184406 52.5390432, 13.4184685 52.5392142, 13.4186858 52.5392039, 13.4187465 52.539363, 13.4196877 52.5392236, 13.4197093 52.5392769, 13.4197546 52.5393862, 13.4198184 52.5395395))",0301,Pankow,Prenzlauer Berg,OSM,OSM_SCHOOLS,03G45,OSM_SCHOOLS,way:210109717,Grundschule im Hofgarten,,,,,,,,,,"Danziger Straße 50, 10435 Berlin",Danziger Straße,50,10435,Berlin,,,,,,,https://grundschuleimhofgarten.de/,,,True,52.539083508069496,13.41928588047907,True,True
210986084,11008008,Hermann-Boddin-Grundschule,52.480083724632436,13.430655734949696,"POLYGON ((13.431651 52.4799051, 13.4314116 52.479875, 13.4313911 52.4798724, 13.4313143 52.4798627, 13.4311743 52.479845, 13.4304084 52.4797482, 13.4302682 52.4797305, 13.4299447 52.4796895, 13.4298645 52.4796794, 13.4298206 52.4797949, 13.4298026 52.4798421, 13.4297789 52.4799045, 13.4296881 52.4801433, 13.4296608 52.4802148, 13.4296487 52.4802466, 13.4296769 52.4802506, 13.4297114 52.4802554, 13.4297983 52.4802676, 13.4298391 52.4802733, 13.4302209 52.480327, 13.4303125 52.4803402, 13.430325 52.480342, 13.430499 52.4803671, 13.4305818 52.4803791, 13.4306665 52.4803913, 13.4307409 52.4804022, 13.4307657 52.4804059, 13.4308716 52.4804219, 13.4310025 52.4804396, 13.4310791 52.4804499, 13.4314299 52.4804984, 13.431466 52.4804038, 13.4314731 52.4803839, 13.4315081 52.4802926, 13.4315251 52.4802444, 13.4315316 52.4802286, 13.4315641 52.4801411, 13.4315793 52.4800997, 13.4315871 52.480078, 13.4316289 52.4799675, 13.4316406 52.4799343, 13.431651 52.4799051))",0801,Neukölln,Neukölln,OSM,OSM_SCHOOLS,08G07,OSM_SCHOOLS,way:210986084,Hermann-Boddin-Grundschule,,,,,,,,,,"Boddinstraße 55, 12053 Berlin",Boddinstraße,55,12053,Berlin,,,,,,,,,,True,52.480083724632436,13.430655734949696,True,True
214614429,11009009,Emmy-Noether-Oberschule (Gymnasium),52.44311766533002,13.588563622245266,"POLYGON ((13.588484 52.4436443, 13.5884805 52.4435704, 13.5895908 52.4435335, 13.5895156 52.4426715, 13.5895119 52.4426538, 13.5894801 52.4426383, 13.5881567 52.4426778, 13.5873826 52.4427038, 13.5874149 52.4427871, 13.5875323 52.4429528, 13.5875577 52.4429886, 13.5876039 52.4430538, 13.5877468 52.4435161, 13.5877891 52.4436528, 13.588484 52.4436443))",0910,Treptow-Köpenick,Köpenick,OSM,OSM_SCHOOLS,09Y11,OSM_SCHOOLS,way:214614429,Emmy-Noether-Oberschule (Gymnasium),,,,,,,,,,"Pablo-Neruda-Straße 6-7, 12559 Berlin",Pablo-Neruda-Straße,6-7,12559,Berlin,,,,,,,http://www.09y11.de,,,True,52.44311766533002,13.588563622245266,True,True
214715799,11011011,Barnim-Gymnasium Berlin,52.56989372275924,13.548218531500446,"POLYGON ((13.5472208 52.5695699, 13.5471289 52.5695917, 13.5462002 52.5698032, 13.5463667 52.5700772, 13.5469455 52.5710135, 13.5489437 52.5705511, 13.5491108 52.5705173, 13.5492374 52.5704927, 13.54935 52.570463, 13.5494977 52.5704153, 13.549579 52.5703782, 13.5496585 52.5703362, 13.5497932 52.5702537, 13.5500151 52.5700024, 13.5500242 52.5699709, 13.5500481 52.5699003, 13.5500621 52.5698371, 13.5500595 52.569742, 13.550047 52.5696777, 13.5500266 52.5696154, 13.5499991 52.56956, 13.5499668 52.5695072, 13.5499254 52.5694533, 13.5498768 52.5694011, 13.5498303 52.5693588, 13.5497794 52.5693197, 13.5497195 52.5692799, 13.5496545 52.5692418, 13.5495921 52.5692098, 13.549517 52.5691772, 13.5494563 52.5691549, 13.5493935 52.5691347, 13.5495948 52.5689006, 13.5494373 52.568863, 13.5491685 52.5687989, 13.5477452 52.5691006, 13.5477446 52.5691305, 13.5476915 52.5691427, 13.5476448 52.569154, 13.5476353 52.5691362, 13.5471833 52.5692419, 13.547037 52.5692761, 13.5472208 52.5695699))",1104,Lichtenberg,Falkenberg,OSM,OSM_SCHOOLS,11Y09,OSM_SCHOOLS,way:214715799,Barnim-Gymnasium Berlin,,,,,,,,,,"Ahrensfelder Chaussee 41, 13057 Berlin",Ahrensfelder Chaussee,41,13057,Berlin,,,,,+49309366690,,http://www.barnim-og.de,,,True,52.56989372275924,13.548218531500446,True,True
216645765,11003003,Homer-Grundschule,52.53347805309629,13.432164342848944,"POLYGON ((13.4317363 52.5333759, 13.4314763 52.5331515, 13.431813 52.5330072, 13.432073 52.5332316, 13.4321016 52.5332193, 13.4322226 52.5333237, 13.432356 52.5332665, 13.4323832 52.53329, 13.4328443 52.5336895, 13.4323099 52.5339244, 13.4318926 52.5335643, 13.4318395 52.5335184, 13.4318233 52.5335044, 13.4317483 52.5334397, 13.431695 52.5333937, 13.4317363 52.5333759))",0301,Pankow,Prenzlauer Berg,OSM,OSM_SCHOOLS,03G05,OSM_SCHOOLS,way:216645765,Homer-Grundschule,,,,,,,,,,"Pasteurstraße 10-12, 10407 Berlin",Pasteurstraße,10-12,10407,Berlin,,,,,,,,,,True,52.53347805309629,13.432164342848944,True,True
216647175,11003003,"Felix-Mendelssohn-Bartholdy-Gymnasium (Haus 1, temporär geschlossen)",52.5366749157719,13.438490879508187,"POLYGON ((13.4378897 52.5367931, 13.437953 52.5368325, 13.4378384 52.5369034, 13.4379673 52.5369821, 13.4380118 52.5370124, 13.4380245 52.5370089, 13.4380372 52.5370084, 13.4380462 52.5370103, 13.4380557 52.5370153, 13.4380605 52.5370214, 13.4380605 52.5370299, 13.4380562 52.5370394, 13.4380956 52.5370646, 13.4382144 52.5369867, 13.4382766 52.5370292, 13.4383787 52.5370926, 13.4384434 52.5371312, 13.4386441 52.5370133, 13.4387468 52.5369503, 13.438878 52.5368712, 13.4389952 52.5368013, 13.4392837 52.5366287, 13.4385591 52.5361863, 13.4383492 52.5363093, 13.438269 52.5363568, 13.4381564 52.5364262, 13.4382141 52.5364635, 13.438083 52.536541, 13.4380249 52.5365051, 13.4379161 52.5365704, 13.4379812 52.5366093, 13.4379454 52.5366314, 13.4379309 52.5366212, 13.4379117 52.5366332, 13.4379262 52.5366431, 13.4378529 52.5366863, 13.4377909 52.5366463, 13.4377214 52.5366908, 13.4378897 52.5367931))",0301,Pankow,Prenzlauer Berg,OSM,OSM_SCHOOLS,03Y13,OSM_SCHOOLS,way:216647175,"Felix-Mendelssohn-Bartholdy-Gymnasium (Haus 1, temporär geschlossen)",,,,,,,,,,"Eugen-Schönhaar-Straße 18, 10407 Berlin",Eugen-Schönhaar-Straße,18,10407,Berlin,,,,,+4930 424385 0,sekretariat@mendelssohn-bartholdy-gymnasium.de,https://fmbg-berlin.de/,,,True,52.5366749157719,13.438490879508187,True,True
217186482,11011011,Adam-Ries-Grundschule,52.51115820546757,13.531417597571059,"POLYGON ((13.5304331 52.5107891, 13.53116 52.5107579, 13.5323015 52.5107147, 13.5323302 52.5109493, 13.5323668 52.5112762, 13.5323291 52.511277, 13.5323297 52.5113619, 13.5324167 52.5113611, 13.5324309 52.5113873, 13.5324309 52.5115047, 13.5324103 52.5115268, 13.5311795 52.5115781, 13.531139 52.5115719, 13.5305265 52.5115988, 13.5305118 52.5114766, 13.5305 52.5113784, 13.5304759 52.5111668, 13.5304331 52.5107891))",1101,Lichtenberg,Friedrichsfelde,OSM,OSM_SCHOOLS,11G06,OSM_SCHOOLS,way:217186482,Adam-Ries-Grundschule,,,,,,,,,,"Alt-Friedrichsfelde 66, 10315 Berlin",Alt-Friedrichsfelde,66,10315,Berlin,,,,,+49 30 5135123,sekretariat@adamries.schule,https://www.adamries.schule/,,,True,52.51115820546757,13.531417597571059,True,True
217353577,11010010,BEST-Sabel-Grundschule,52.51933141405671,13.600536174974826,"POLYGON ((13.6000932 52.5189633, 13.5996923 52.5189923, 13.5996209 52.5190446, 13.5996911 52.5194234, 13.5996479 52.5194258, 13.5996659 52.5195244, 13.5998786 52.5195592, 13.6002236 52.519735, 13.6002669 52.5197452, 13.6004141 52.5197677, 13.6005931 52.5197931, 13.6007027 52.5197941, 13.6008382 52.5197746, 13.6009495 52.5197505, 13.6010681 52.5197116, 13.6011118 52.5196915, 13.6011532 52.5196691, 13.6012291 52.5196162, 13.6013183 52.5195351, 13.6013326 52.5195024, 13.6013405 52.5194683, 13.6013386 52.519369, 13.6013322 52.5191923, 13.6013696 52.5191896, 13.6013207 52.518907, 13.6009438 52.5189342, 13.6009459 52.5189497, 13.6004684 52.518986, 13.6002717 52.5190009, 13.6000932 52.5189633))",1003,Marzahn-Hellersdorf,Kaulsdorf,OSM,OSM_SCHOOLS,10P13,OSM_SCHOOLS,way:217353577,BEST-Sabel-Grundschule,,,,,,,,,,"Wernerstraße 48, 12619 Berlin",Wernerstraße,48,12619,Berlin,,,,,+493056594668,,https://www.best-sabel.de/,,,True,52.51933141405671,13.600536174974826,True,True
217660907,11004004,Leopold-Ullstein-Schule/OSZ Wirtschaft,52.4821476937537,13.334344377498125,"POLYGON ((13.3334878 52.4818298, 13.3334869 52.4817867, 13.3338277 52.4817019, 13.3339957 52.4816735, 13.334366 52.4816347, 13.3346455 52.4816272, 13.3348118 52.4816338, 13.3349933 52.481648, 13.3351769 52.4816669, 13.3351771 52.4820244, 13.3351751 52.4821146, 13.3351696 52.4823665, 13.3351638 52.4826293, 13.3351773 52.4826294, 13.3351773 52.4826339, 13.3351772 52.4826382, 13.3348982 52.4826376, 13.334898 52.4826281, 13.3341696 52.4826304, 13.3337802 52.482619, 13.333463 52.4826169, 13.3334675 52.4823835, 13.333481 52.4819655, 13.3334878 52.4818298))",0402,Charlottenburg-Wilmersdorf,Wilmersdorf,OSM,OSM_SCHOOLS,04B06,OSM_SCHOOLS,way:217660907,Leopold-Ullstein-Schule/OSZ Wirtschaft,,,,,,,,,,"Prinzregentenstraße 32, 10715 Berlin",Prinzregentenstraße,32,10715,Berlin,,,,,,,https://www.leopold-ullstein-schule.de/,,,True,52.4821476937537,13.334344377498125,True,True
218238655,11003003,Schule an der Strauchwiese,52.578182729651445,13.418310854127817,"POLYGON ((13.4182024 52.5785226, 13.4181427 52.5785343, 13.4180003 52.5785129, 13.4179746 52.5785091, 13.4179491 52.5785051, 13.4179073 52.578578, 13.4174878 52.578555, 13.4174278 52.5785523, 13.417339 52.5784665, 13.4177477 52.5776152, 13.4183168 52.5777168, 13.4182759 52.577804, 13.4184688 52.5778356, 13.4185663 52.5778425, 13.4193456 52.5779802, 13.4193149 52.578043, 13.4191579 52.5784246, 13.4190005 52.5786679, 13.4188979 52.5786355, 13.4184976 52.5785772, 13.4184665 52.5785739, 13.4182024 52.5785226))",0307,Pankow,Pankow,OSM,OSM_SCHOOLS,03G47,OSM_SCHOOLS,way:218238655,Schule an der Strauchwiese,,,,,,,,,,"Mendelstraße 54, 13187 Berlin",Mendelstraße,54,13187,Berlin,,,,,,,,,,True,52.578182729651445,13.418310854127817,True,True
220141917,11009009,Isaac-Newton-Schule,52.465435815677004,13.518964771548202,"POLYGON ((13.5180645 52.4653299, 13.5180579 52.4653888, 13.5180222 52.4657044, 13.5179966 52.4659306, 13.5180429 52.4659524, 13.5191545 52.46568, 13.5201141 52.4654449, 13.5201317 52.4653985, 13.5196107 52.4649549, 13.5180645 52.4653299))",0909,Treptow-Köpenick,Oberschöneweide,OSM,OSM_SCHOOLS,09K04,OSM_SCHOOLS,way:220141917,Isaac-Newton-Schule,,,,,,,,,,"Zeppelinstraße 80/88, 12459 Berlin",Zeppelinstraße,80/88,12459,Berlin,,,,,,,,,,True,52.465435815677004,13.518964771548202,True,True
221991734,11007007,Luise-Henriette-Schule,52.44771226761977,13.383933461307064,"POLYGON ((13.3835283 52.4480442, 13.3835631 52.4478228, 13.3835697 52.4477798, 13.3835832 52.4476995, 13.3836326 52.4473703, 13.3840163 52.4473917, 13.3841989 52.4474019, 13.3843381 52.4474097, 13.3843291 52.4474702, 13.3843034 52.4476485, 13.3842829 52.4477856, 13.3842737 52.4478978, 13.3842743 52.4479057, 13.3842905 52.4480149, 13.3835283 52.4480442))",0704,Tempelhof-Schöneberg,Mariendorf,OSM,OSM_SCHOOLS,07Y05,OSM_SCHOOLS,way:221991734,Luise-Henriette-Schule,,,,,,,,,,,,,,,,,,,,,,,,True,52.44771226761977,13.383933461307064,True,True
222193157,11007007,Bilinguale Deutsch-Skandinavische Gemeinschaftsschule,52.44599140441212,13.381589856015644,"POLYGON ((13.3808141 52.4464849, 13.3809804 52.445422, 13.3823664 52.4454985, 13.3822078 52.4465167, 13.3821312 52.4465585, 13.3808141 52.4464849))",0704,Tempelhof-Schöneberg,Mariendorf,OSM,OSM_SCHOOLS,07P13,OSM_SCHOOLS,way:222193157,Bilinguale Deutsch-Skandinavische Gemeinschaftsschule,,,,,,,,,,"Machonstraße 54, 12105 Berlin",Machonstraße,54,12105,Berlin,,,,,+49 30 338487-83,,https://dsg-schule.de/,,,True,52.44599140441212,13.381589856015644,True,True
222524221,11001001,"Oberstufenzentrum für Kommunikations-, Informations- und Medientechnik",52.557076730588385,13.379803609649585,"POLYGON ((13.3778936 52.556625, 13.3785268 52.5576488, 13.3787456 52.5576203, 13.3791502 52.5575735, 13.3793408 52.5575515, 13.3794418 52.5575388, 13.3795572 52.5575268, 13.3797419 52.5575048, 13.3798713 52.5574939, 13.3798805 52.5575264, 13.3798978 52.5575803, 13.3799109 52.5576245, 13.3798348 52.5576329, 13.3798479 52.5576774, 13.3799141 52.557901, 13.380049 52.5578866, 13.380219 52.5578679, 13.3807617 52.5578104, 13.3807782 52.5578086, 13.380733 52.5576331, 13.3811697 52.5575484, 13.3811901 52.5575288, 13.3813405 52.5574901, 13.3815289 52.5574459, 13.3812206 52.5569197, 13.3812768 52.5568357, 13.3811225 52.5565899, 13.381023 52.5565722, 13.3808621 52.5563878, 13.3785711 52.5565709, 13.3778936 52.556625))",0106,Mitte,Gesundbrunnen,OSM,OSM_SCHOOLS,01B03,OSM_SCHOOLS,way:222524221,"Oberstufenzentrum für Kommunikations-, Informations- und Medientechnik",,,,,,,,,,"Osloer Straße 23-26, 13359 Berlin",Osloer Straße,23-26,13359,Berlin,,,,,,,,,,True,52.557076730588385,13.379803609649585,True,True
225181458,11003003,Panke Schule,52.57842165055395,13.419550134263615,"POLYGON ((13.4193456 52.5779802, 13.4200839 52.5781127, 13.4197124 52.5789064, 13.4190005 52.5786679, 13.4191579 52.5784246, 13.4193149 52.578043, 13.4193456 52.5779802))",0307,Pankow,Pankow,OSM,OSM_SCHOOLS,,OSM_SCHOOLS,way:225181458,Panke Schule,,,,,,,,,,"Klaustaler Straße 21A, 13187 Berlin",Klaustaler Straße,21A,13187,Berlin,,,,,+49 30 47475005,kontakt@panke-schule.cidsnet.de,http://www.panke-schule.de/,,,True,52.57842165055395,13.419550134263615,True,True
229099715,11004004,Cecilien-Grundschule,52.49338254092646,13.327343562246766,"POLYGON ((13.3275401 52.4937047, 13.3275423 52.4936562, 13.3275943 52.4936571, 13.3278198 52.4936612, 13.3279038 52.4936885, 13.3279454 52.493641, 13.3279456 52.4935448, 13.3280164 52.4935465, 13.3280277 52.4931436, 13.3274518 52.4931579, 13.3274544 52.4929293, 13.3266272 52.4929483, 13.3266196 52.4931786, 13.3268121 52.4931738, 13.3269822 52.4931711, 13.3269696 52.4932685, 13.3269671 52.4933444, 13.3269547 52.4938851, 13.3270265 52.4939183, 13.3271539 52.4939688, 13.3271875 52.4939843, 13.3272191 52.4939946, 13.3274237 52.4937612, 13.3274204 52.4937027, 13.3275401 52.4937047))",0402,Charlottenburg-Wilmersdorf,Wilmersdorf,OSM,OSM_SCHOOLS,04G25,OSM_SCHOOLS,way:229099715,Cecilien-Grundschule,,,,,,,,,,"Nikolsburger Platz 5, 10717 Berlin",Nikolsburger Platz,5,10717,Berlin,Land Berlin,,,,,,,,,True,52.49338254092646,13.327343562246766,True,True
229099729,11007007,Katholische Schule Sankt Franziskus,52.49540519560694,13.353464079785303,"POLYGON ((13.3530959 52.4952345, 13.3530927 52.4952515, 13.3530915 52.4953643, 13.3530915 52.4954212, 13.3530982 52.4954685, 13.353087 52.4957447, 13.3530968 52.4957457, 13.3531597 52.4957482, 13.3534825 52.4957608, 13.3534781 52.4958024, 13.3536157 52.495806, 13.3536164 52.495792, 13.3535996 52.4957815, 13.353601 52.4957359, 13.3535882 52.4957285, 13.3535913 52.4957018, 13.3536072 52.4956955, 13.3536071 52.4956804, 13.3535654 52.4956675, 13.3535712 52.4955804, 13.3535421 52.4955796, 13.3535273 52.4955683, 13.3535295 52.4955319, 13.3535067 52.495532, 13.3535096 52.4954959, 13.3535309 52.495496, 13.3535369 52.4954253, 13.3538805 52.4954343, 13.3538922 52.4952124, 13.3539158 52.4952134, 13.353925 52.495115, 13.3539025 52.4951144, 13.3539008 52.4950901, 13.3535839 52.4950596, 13.3534912 52.4950527, 13.35349 52.4950584, 13.3534529 52.4950561, 13.353453 52.4950534, 13.3534463 52.4950531, 13.3534221 52.4951669, 13.3534139 52.4952556, 13.3533351 52.4952538, 13.3533169 52.4952408, 13.3533078 52.4952409, 13.3530959 52.4952345))",0701,Tempelhof-Schöneberg,Schöneberg,OSM,OSM_SCHOOLS,07P01,OSM_SCHOOLS,way:229099729,Katholische Schule Sankt Franziskus,,,,,,,,,,"Hohenstaufenstraße 1-2, 10781 Berlin",Hohenstaufenstraße,1-2,10781,Berlin,Erzbistum Berlin,,,,,,,,,True,52.49540519560694,13.353464079785303,True,True
232405817,11008008,Oberstufenzentrum Informations- und Medizintechnik,52.458232615217554,13.452918090631394,"POLYGON ((13.4514982 52.4575204, 13.4516438 52.4574827, 13.4517688 52.4574459, 13.4518585 52.4574143, 13.4519145 52.4573933, 13.4519802 52.4573656, 13.452086 52.4573211, 13.4521338 52.4573341, 13.4524415 52.4574177, 13.4532339 52.4576328, 13.4536634 52.4571434, 13.4549331 52.4575102, 13.4540929 52.4587942, 13.4539954 52.4588459, 13.4534383 52.4589913, 13.4523703 52.4592212, 13.4515267 52.4592732, 13.4509476 52.4592819, 13.4516584 52.4583297, 13.4519854 52.4579325, 13.4512789 52.457729, 13.4510511 52.4576634, 13.4508561 52.4576051, 13.4509398 52.4576007, 13.4510217 52.4575942, 13.451155 52.45758, 13.4512625 52.4575648, 13.4513542 52.4575493, 13.4514982 52.4575204))",0802,Neukölln,Britz,OSM,OSM_SCHOOLS,08B04,OSM_SCHOOLS,way:232405817,Oberstufenzentrum Informations- und Medizintechnik,,,,,,,,,,"Haarlemer Straße 23-27, 12359 Berlin",Haarlemer Straße,23-27,12359,Berlin,,,,,+49 30 225027800,,https://www.oszimt.de/,,,True,52.458232615217554,13.452918090631394,True,True
234463934,11001001,Evangelische Schule Berlin-Mitte,52.52282422614694,13.405553938188193,"POLYGON ((13.4067291 52.5229812, 13.4064865 52.5228596, 13.4062127 52.522723, 13.4062171 52.5227179, 13.4061946 52.522706, 13.4062137 52.5226769, 13.4060451 52.522592, 13.4057531 52.5224451, 13.40574 52.5224535, 13.4056143 52.5223941, 13.405444 52.52232, 13.4053685 52.5223798, 13.4053504 52.5223711, 13.4051999 52.5224841, 13.4051898 52.5224967, 13.4051861 52.5225059, 13.4051865 52.5225185, 13.4051891 52.5225324, 13.4052059 52.5225483, 13.4052358 52.5225631, 13.4052163 52.522577, 13.4052029 52.5225872, 13.4050496 52.5226992, 13.4049947 52.5226701, 13.4047621 52.5228418, 13.4045637 52.5227385, 13.4043768 52.5228856, 13.4045726 52.5229813, 13.4048022 52.5230222, 13.4047855 52.5230408, 13.4049325 52.5230648, 13.4051619 52.5231016, 13.4053997 52.5231289, 13.4054869 52.5231352, 13.4056991 52.5231414, 13.4058934 52.5231384, 13.4060546 52.5231238, 13.4061061 52.5231185, 13.4062174 52.5230989, 13.4065748 52.5229603, 13.4066737 52.5230075, 13.4067291 52.5229812))",0101,Mitte,Mitte,OSM,OSM_SCHOOLS,01P01,OSM_SCHOOLS,way:234463934,Evangelische Schule Berlin-Mitte,,,,,,,,,,"Rochstraße 7, 10178 Berlin",Rochstraße,7,10178,Berlin,Evangelische Schulstiftung in der EKBO,,,,,,https://www.ev-schule-mitte.de,,,True,52.52282422614694,13.405553938188193,True,True
235713398,11004004,Dietrich-Bonhoeffer-Grundschule,52.520852120644534,13.260798644456647,"POLYGON ((13.2621341 52.5211014, 13.2626888 52.5210019, 13.2624282 52.5205498, 13.2623276 52.5203752, 13.2617788 52.5203509, 13.2617118 52.5203495, 13.2616042 52.5203472, 13.2611506 52.5203377, 13.2606935 52.5203518, 13.2606591 52.5203537, 13.2605439 52.5203599, 13.26043 52.5203652, 13.2601408 52.5203859, 13.2598226 52.5204142, 13.259551 52.5204452, 13.259246 52.5204861, 13.2592145 52.5205022, 13.2592001 52.5205244, 13.2592873 52.5207661, 13.2593706 52.5210437, 13.2593738 52.5210654, 13.2593983 52.5212324, 13.2594111 52.52132, 13.2594207 52.5213342, 13.2594676 52.5214038, 13.2594474 52.5214092, 13.2595311 52.5215673, 13.2608381 52.5213334, 13.2621341 52.5211014))",0405,Charlottenburg-Wilmersdorf,Westend,OSM,OSM_SCHOOLS,04G05,OSM_SCHOOLS,way:235713398,Dietrich-Bonhoeffer-Grundschule,,,,,,,,,,"Spandauer Damm 205-215, 14050 Berlin",Spandauer Damm,205-215,14050,Berlin,,,,,,,,,,True,52.520852120644534,13.260798644456647,True,True
239049132,11002002,Nürtingen Grundschule,52.505036242701294,13.428737759796089,"POLYGON ((13.4269792 52.5048329, 13.427835 52.5044872, 13.427876 52.5044707, 13.4281627 52.5047967, 13.4289178 52.5044914, 13.428941 52.5045188, 13.4292173 52.5043921, 13.4292368 52.5044107, 13.4294564 52.5043236, 13.4297238 52.5042061, 13.4300274 52.5045598, 13.4301123 52.5046571, 13.4301836 52.5047395, 13.4301983 52.5047576, 13.4305706 52.5051876, 13.4304813 52.5052167, 13.4301905 52.5053114, 13.430101 52.5053421, 13.4300109 52.5053697, 13.4298127 52.5054365, 13.4297142 52.5054667, 13.429648 52.505384, 13.4294051 52.5054584, 13.4289666 52.5055934, 13.4289454 52.505565, 13.4289354 52.5055532, 13.4288675 52.5054653, 13.4286836 52.5055233, 13.4284974 52.5055854, 13.4285644 52.5056674, 13.4285665 52.505671, 13.428197 52.5057717, 13.4281356 52.5057864, 13.4280145 52.5057265, 13.4278874 52.5056636, 13.4276288 52.505546, 13.4272113 52.5056625, 13.4272944 52.5055061, 13.4273152 52.50539, 13.4272453 52.5052463, 13.4269772 52.5048478, 13.4269792 52.5048329))",0202,Friedrichshain-Kreuzberg,Kreuzberg,OSM,OSM_SCHOOLS,02G18,OSM_SCHOOLS,way:239049132,Nürtingen Grundschule,,,,,,,,,,"Mariannenplatz 28, 10997 Berlin",Mariannenplatz,28,10997,Berlin,,,,,,,,,,True,52.505036242701294,13.428737759796089,True,True
239191249,11004004,Ernst-Adolf-Eschke-Schule,52.498672077913625,13.265401427437206,"POLYGON ((13.2650282 52.4992185, 13.2653558 52.4994702, 13.2654162 52.4994914, 13.2657649 52.4993293, 13.2654151 52.4990478, 13.2664872 52.4985351, 13.2657704 52.4979667, 13.2643115 52.4986591, 13.2650282 52.4992185))",0405,Charlottenburg-Wilmersdorf,Westend,OSM,OSM_SCHOOLS,04S05,OSM_SCHOOLS,way:239191249,Ernst-Adolf-Eschke-Schule,,,,,,,,,,"Waldschulallee 29, 14055 Berlin",Waldschulallee,29,14055,Berlin,Bezirksamt Charlottenburg-Wilmersdorf von Berlin,,,,+49 30 902925000,sekretariat@eschke.schule.berlin.de,https://eschke-schule.de/,,,True,52.498672077913625,13.265401427437206,True,True
239191258,11004004,Reinfelder-Schule,52.49746244426597,13.26424048948225,"POLYGON ((13.2637852 52.4973027, 13.2636525 52.4973697, 13.262674 52.4966046, 13.2635518 52.4962145, 13.2640082 52.4965737, 13.2644864 52.496953, 13.2657704 52.4979667, 13.2643115 52.4986591, 13.2635793 52.4980954, 13.2637369 52.4980238, 13.2639789 52.4979112, 13.2641317 52.4978383, 13.2643535 52.4977326, 13.2637852 52.4973027))",0405,Charlottenburg-Wilmersdorf,Westend,OSM,OSM_SCHOOLS,04S04,OSM_SCHOOLS,way:239191258,Reinfelder-Schule,,,,,,,,,,"Maikäferpfad 30, 14055 Berlin",Maikäferpfad,30,14055,Berlin,Bezirksamt Charlottenburg-Wilmersdorf von Berlin,,,,+49 30 902925050,buero@reinfelder.schule.berlin.de,https://reinfelder-schule.de/,,,True,52.49746244426597,13.26424048948225,True,True
242648784,11006006,Johannes-Tews-Grundschule,52.43071743545911,13.215287831857117,"POLYGON ((13.2145285 52.4308453, 13.2147036 52.4303854, 13.2148144 52.4304021, 13.2153106 52.4304772, 13.216058 52.4305903, 13.2158555 52.431051, 13.2151948 52.4309486, 13.2145285 52.4308453))",0606,Steglitz-Zehlendorf,Nikolassee,OSM,OSM_SCHOOLS,06G03,OSM_SCHOOLS,way:242648784,Johannes-Tews-Grundschule,,,,,,,,,,"Tewsstraße 16A, 14129 Berlin",Tewsstraße,16A,14129,Berlin,,,,,+4930 803 20 72,jtg.berlin-sekretariat@t-online.de,http://www.johannes-tews-grundschule.de/,,,True,52.43071743545911,13.215287831857117,True,True
244382802,11006006,Oberlin-Seminar,52.436723595870355,13.312812096163192,"POLYGON ((13.3124331 52.4369809, 13.3134347 52.4368165, 13.3131019 52.4364404, 13.3122105 52.4366627, 13.3124331 52.4369809))",0602,Steglitz-Zehlendorf,Lichterfelde,OSM,OSM_SCHOOLS,06P15,OSM_SCHOOLS,way:244382802,Oberlin-Seminar,,,,,,,,,,"Tietzenweg 130, 12203 Berlin",Tietzenweg,130,12203,Berlin,,,,,+49 30 79701440,buero@oberlin-seminar.de,http://oberlin.schulstiftung-ekbo.de/,,,True,52.436723595870355,13.312812096163192,True,True
246438634,11012012,Filiale Albrecht-Haushofer-Schule,52.62679049610962,13.237939980809767,"POLYGON ((13.2369719 52.6268129, 13.236891 52.6270914, 13.2370656 52.6271089, 13.23701 52.6272993, 13.2389038 52.6272868, 13.2391056 52.6265596, 13.2371899 52.6260813, 13.2369719 52.6268129))",1204,Reinickendorf,Heiligensee,OSM,OSM_SCHOOLS,12K11b,OSM_SCHOOLS,way:246438634,Filiale Albrecht-Haushofer-Schule,,,,,,,,,,"Stolpmünder Weg 45, 13503 Berlin",Stolpmünder Weg,45,13503,Berlin,,,,,,,,,,True,52.62679049610962,13.237939980809767,True,True
254618264,11001001,Kastanienbaum-Grundschule,52.52715476700765,13.401945843278043,"POLYGON ((13.4016117 52.5271878, 13.401675 52.5270896, 13.4017402 52.5269879, 13.4017042 52.5269797, 13.4018232 52.5267937, 13.401793 52.5267711, 13.4017284 52.5266809, 13.4017166 52.526665, 13.4018998 52.5266139, 13.4019105 52.5266295, 13.4019687 52.5267083, 13.401977 52.5267236, 13.4019983 52.5267648, 13.4021643 52.526784, 13.4022083 52.5267883, 13.4022635 52.5267937, 13.4022589 52.5267861, 13.4025264 52.5268166, 13.4025214 52.5268241, 13.4025058 52.5268474, 13.4023532 52.5270753, 13.4020049 52.527596, 13.4019656 52.5276022, 13.401919 52.5276143, 13.401857 52.5276413, 13.401528 52.5275752, 13.4015649 52.5275138, 13.4014189 52.527474, 13.4014369 52.5274441, 13.4016117 52.5271878))",0101,Mitte,Mitte,OSM,OSM_SCHOOLS,01G04,OSM_SCHOOLS,way:254618264,Kastanienbaum-Grundschule,,,,,,,,,,,,,,,Land Berlin,,,,,,,,,True,52.52715476700765,13.401945843278043,True,True
254917116,11002002,Albrecht-von-Graefe-Schule,52.494313079111116,13.419749833848469,"POLYGON ((13.4188708 52.4942321, 13.4190653 52.4941762, 13.4191645 52.494148, 13.419273 52.4941169, 13.4194103 52.4940775, 13.419547 52.4940415, 13.4196631 52.4940108, 13.4200289 52.4939158, 13.4201651 52.4938804, 13.420339 52.4938352, 13.4203847 52.4938233, 13.420465 52.4939381, 13.4205192 52.4940151, 13.4204823 52.4940747, 13.4204553 52.494118, 13.4203771 52.4942429, 13.42035 52.4942862, 13.4200706 52.4947323, 13.4197893 52.4947224, 13.4194477 52.4946997, 13.4192188 52.4946847, 13.4191029 52.4945341, 13.4190685 52.494492, 13.4190452 52.4944591, 13.4188708 52.4942321))",0202,Friedrichshain-Kreuzberg,Kreuzberg,OSM,OSM_SCHOOLS,02K09,OSM_SCHOOLS,way:254917116,Albrecht-von-Graefe-Schule,,,,,,,,,,"Graefestraße 85, 10967 Berlin",Graefestraße,85,10967,Berlin,Bezirksamt Friedrichshain-Kreuzberg von Berlin,,,,+49 30 50586011,sekretariat@graefemail.de,https://www.albrecht-von-graefe-schule.de/,,,True,52.494313079111116,13.419749833848469,True,True
255178698,11008008,Evangelische Schule Neukölln,52.48292354074289,13.428006110292449,"POLYGON ((13.4288124 52.4828546, 13.4286204 52.4828486, 13.4284057 52.4828409, 13.4283057 52.482837, 13.4283056 52.4828464, 13.4283052 52.4828896, 13.4283089 52.483153, 13.428313 52.4833106, 13.4283142 52.4833733, 13.4280888 52.4833829, 13.4278625 52.4833908, 13.4278635 52.4834437, 13.4278639 52.483543, 13.4277782 52.4835429, 13.427571 52.4835441, 13.4275705 52.4835212, 13.427568 52.4833908, 13.427565 52.4832422, 13.4275649 52.4832285, 13.4275645 52.4831839, 13.4275537 52.4824948, 13.4275534 52.4823947, 13.4276166 52.4824074, 13.4285673 52.4825982, 13.428606 52.4826059, 13.4288326 52.4826514, 13.4288313 52.4826693, 13.4288215 52.4827632, 13.4288313 52.4827638, 13.4288295 52.4827866, 13.4288275 52.4828091, 13.4288171 52.4828087, 13.4288124 52.4828546))",0801,Neukölln,Neukölln,OSM,OSM_SCHOOLS,08P03,OSM_SCHOOLS,way:255178698,Evangelische Schule Neukölln,,,,,,,,,,"Mainzer Straße 47, 12053 Berlin",Mainzer Straße,47,12053,Berlin,Evangelische Schulstiftung in der EKBO,,,,,,,,,True,52.48292354074289,13.428006110292449,True,True
255182367,11001001,Phorms Campus Berlin Mitte,52.53914282768493,13.384630178138448,"POLYGON ((13.3849441 52.5397452, 13.3855126 52.5391154, 13.3853216 52.5390522, 13.3853071 52.539068, 13.3851915 52.5391945, 13.3844912 52.538664, 13.3843437 52.5385502, 13.3837835 52.5388315, 13.3847523 52.5396868, 13.3848239 52.5397482, 13.3848884 52.5398072, 13.3849441 52.5397452))",0106,Mitte,Gesundbrunnen,OSM,OSM_SCHOOLS,01P18,OSM_SCHOOLS,way:255182367,Phorms Campus Berlin Mitte,,,,,,,,,,"Ackerstraße 76, 13355 Berlin",Ackerstraße,76,13355,Berlin,,,,,,,,,,True,52.53914282768493,13.384630178138448,True,True
256656502,11008008,Schule am Fliederbusch,52.42382284828051,13.487022178774566,"POLYGON ((13.4858482 52.4242121, 13.485875 52.4241199, 13.4867489 52.4234406, 13.4873205 52.4229963, 13.4877585 52.4232062, 13.4878964 52.4237137, 13.4879918 52.4240646, 13.4870512 52.4242948, 13.4862293 52.4244995, 13.4858482 52.4242121))",0804,Neukölln,Rudow,OSM,OSM_SCHOOLS,08G33,OSM_SCHOOLS,way:256656502,Schule am Fliederbusch,,,,,,,,,,"Kornradenstraße 2, 12357 Berlin",Kornradenstraße,2,12357,Berlin,Bezirksamt Neukölln von Berlin,,,,+49 30 60972260,,https://www.schule-am-fliederbusch.de/,,,True,52.42382284828051,13.487022178774566,True,True
266531791,11011011,Johann-Gottfried-Herder-Gymnasium,52.52665103750062,13.466933606515301,"POLYGON ((13.4658379 52.5260176, 13.4657981 52.5260615, 13.465916 52.5262263, 13.4660272 52.5264083, 13.4663725 52.527069, 13.4663777 52.5270772, 13.4664638 52.5270642, 13.466501 52.5271415, 13.4665713 52.5271335, 13.4667715 52.527571, 13.4668895 52.5275902, 13.4670939 52.527555, 13.4671108 52.5275922, 13.4677512 52.527482, 13.4675958 52.5271374, 13.4676238 52.5271303, 13.467609 52.5270963, 13.4679043 52.5270447, 13.467323 52.5257748, 13.4658379 52.5260176))",1111,Lichtenberg,Fennpfuhl,OSM,OSM_SCHOOLS,11Y02,OSM_SCHOOLS,way:266531791,Johann-Gottfried-Herder-Gymnasium,,,,,,,,,,,,,,,,,,,+49 30 97609567,,https://www.jgherder.de/,,,True,52.52665103750062,13.466933606515301,True,True
266794019,11004004,Wald-Grundschule,52.5018543824817,13.256829665536744,"POLYGON ((13.2548094 52.5018525, 13.2551032 52.5020762, 13.2558469 52.5017014, 13.2561642 52.5019748, 13.2559805 52.5020683, 13.2568413 52.5027191, 13.256516 52.5028996, 13.2570629 52.503306, 13.2590011 52.5023919, 13.2581823 52.5017483, 13.25714 52.500916, 13.2565736 52.500475, 13.2544323 52.5015398, 13.2548094 52.5018525))",0405,Charlottenburg-Wilmersdorf,Westend,OSM,OSM_SCHOOLS,04G06,OSM_SCHOOLS,way:266794019,Wald-Grundschule,,,,,,,,,,"Waldschulallee 83-93, 14055 Berlin",Waldschulallee,83-93,14055,Berlin,Bezirksamt Charlottenburg-Wilmersdorf von Berlin,,,,+49 30 902926900,sekretariat@wald-gs.schule.berlin.de,https://www.wald-grundschule.de/,,,True,52.5018543824817,13.256829665536744,True,True
266806719,,Wald-Gymnasium,52.50288192435899,13.255369760274556,"POLYGON ((13.2558469 52.5017014, 13.2551032 52.5020762, 13.2548094 52.5018525, 13.2537643 52.5023462, 13.2534405 52.5025016, 13.2536708 52.5027149, 13.2554941 52.5041465, 13.256983 52.5034423, 13.2570629 52.503306, 13.256516 52.5028996, 13.2568413 52.5027191, 13.2559805 52.5020683, 13.2561642 52.5019748, 13.2558469 52.5017014))",,,,OSM,OSM_SCHOOLS,04Y02,OSM_SCHOOLS,way:266806719,Wald-Gymnasium,,,,,,,,,,"Waldschulallee 95, 14055 Berlin",Waldschulallee,95,14055,Berlin,Bezirksamt Charlottenburg-Wilmersdorf von Berlin,,,,,,,,,True,52.50288192435899,13.255369760274556,False,False
267236686,11001001,Rudolf-Wissell-Grundschule,52.551450016582564,13.396348052844333,"POLYGON ((13.3955955 52.5520222, 13.3955976 52.551794, 13.395598 52.5517325, 13.3955986 52.5516219, 13.3955979 52.5514503, 13.3958174 52.5514245, 13.3958608 52.5512261, 13.3959697 52.5507736, 13.3966985 52.5508376, 13.396859 52.5508889, 13.3969391 52.5509176, 13.3970372 52.5509607, 13.3972516 52.5511081, 13.3971716 52.5511421, 13.3972977 52.5512272, 13.3968205 52.5512924, 13.3969149 52.5515485, 13.3968736 52.5518279, 13.3967854 52.5520959, 13.396531 52.552074, 13.3963767 52.5520608, 13.3960553 52.5520331, 13.3959663 52.5520255, 13.3955955 52.5520222))",0106,Mitte,Gesundbrunnen,OSM,OSM_SCHOOLS,01G25,OSM_SCHOOLS,way:267236686,Rudolf-Wissell-Grundschule,,,,,,,,,,"Ellerbeker Straße 7, 13357 Berlin",Ellerbeker Straße,7,13357,Berlin,,,,,,,,,,True,52.551450016582564,13.396348052844333,True,True
267486640,11001001,Wilhelm-Busch-Schule,52.55715717997128,13.383479692468665,"POLYGON ((13.3831302 52.5575069, 13.3831248 52.5575011, 13.383069 52.5574295, 13.3830298 52.5573787, 13.3829699 52.557306, 13.3828287 52.5570804, 13.3829152 52.5570607, 13.3829312 52.5570562, 13.383104 52.5570167, 13.3831982 52.5569949, 13.3838265 52.556805, 13.383972 52.5569936, 13.3840168 52.5570522, 13.3840535 52.5570985, 13.3840841 52.5571371, 13.3841387 52.5572077, 13.3841429 52.5572136, 13.3834789 52.5574059, 13.3831302 52.5575069))",0106,Mitte,Gesundbrunnen,OSM,OSM_SCHOOLS,,OSM_SCHOOLS,way:267486640,Wilhelm-Busch-Schule,,,,,,,,,,"Gotenburger Straße 7-9, 13359 Berlin",Gotenburger Straße,7-9,13359,Berlin,,,,,,,http://wbs-mitte.de,,,True,52.55715717997128,13.383479692468665,True,True
269224431,11001001,Wilhelm-Hauff-Grundschule,52.55787164357747,13.383800080114897,"POLYGON ((13.382757 52.557799, 13.3828373 52.5577771, 13.3828881 52.5577632, 13.3830175 52.5577259, 13.3834214 52.5576101, 13.3835001 52.5575873, 13.383578 52.5575647, 13.38398 52.557448, 13.3841113 52.5574098, 13.3843144 52.5573534, 13.38432 52.5573518, 13.3844235 52.5573224, 13.3846374 52.5575963, 13.384694 52.5575793, 13.3847633 52.5576711, 13.3847973 52.5576617, 13.3848661 52.557766, 13.384622 52.557839, 13.3847316 52.5579707, 13.3844918 52.5580418, 13.3838616 52.5582315, 13.383751 52.5582647, 13.3836368 52.5582989, 13.38337 52.558379, 13.3831683 52.5584396, 13.382757 52.557799))",0106,Mitte,Gesundbrunnen,OSM,OSM_SCHOOLS,01G29,OSM_SCHOOLS,way:269224431,Wilhelm-Hauff-Grundschule,,,,,,,,,,"Gotenburger Straße 8, 13359 Berlin",Gotenburger Straße,8,13359,Berlin,,,,,+4930 484908 10,wilhelm-hauff-grundschule@web.de,https://www.wilhelm-hauff-grundschule.de/,,,True,52.55787164357747,13.383800080114897,True,True
270352398,11001001,Andersen Grundschule,52.565876905602984,13.388838461919807,"POLYGON ((13.388961 52.565364, 13.3889864 52.5653849, 13.3889911 52.5653887, 13.3891022 52.5654799, 13.3892683 52.5656187, 13.3894883 52.5658, 13.3895818 52.5658708, 13.389205 52.5660745, 13.3891483 52.5661056, 13.3891358 52.566114, 13.3890822 52.5662862, 13.3885683 52.5663926, 13.38833 52.565968, 13.3881875 52.5657142, 13.3883148 52.5656566, 13.3884643 52.5655889, 13.388961 52.565364))",0106,Mitte,Gesundbrunnen,OSM,OSM_SCHOOLS,01G36,OSM_SCHOOLS,way:270352398,Andersen Grundschule,,,,,,,,,,"Kattegatstraße 26, 13359 Berlin",Kattegatstraße,26,13359,Berlin,,,,,,,,,,True,52.565876905602984,13.388838461919807,True,True
271964817,11009009,Müggelheimer Grundschule,52.41463643996419,13.667941572589212,"POLYGON ((13.6684174 52.4156042, 13.6695055 52.4150419, 13.6674515 52.4136618, 13.6663875 52.4142399, 13.6684174 52.4156042))",0914,Treptow-Köpenick,Müggelheim,OSM,OSM_SCHOOLS,09G20,OSM_SCHOOLS,way:271964817,Müggelheimer Grundschule,,,,,,,,,,,,,,,Land Berlin,,,,,,,,,True,52.41463643996419,13.667941572589212,True,True
275600298,11005005,Katholische Schule Bernhard Lichtenberg,52.542531055704494,13.192832084497278,"POLYGON ((13.1932669 52.5431917, 13.1937514 52.542464, 13.1927552 52.5420316, 13.1924031 52.5418789, 13.1922014 52.5420592, 13.1923531 52.5421253, 13.1918324 52.5425405, 13.1932669 52.5431917))",0501,Spandau,Spandau,OSM,OSM_SCHOOLS,05P02,OSM_SCHOOLS,way:275600298,Katholische Schule Bernhard Lichtenberg,,,,,,,,,,"Hohenzollernring 156/159, 13585 Berlin",Hohenzollernring,156/159,13585,Berlin,Erzbistum Berlin,,,,+4930 3332010,KSBLichtenberg@t-online.de,http://www.ksbl.de/,,,True,52.542531055704494,13.192832084497278,True,True
275735375,11001001,Carl-Kraemer-Grundschule,52.56074111618657,13.382561000440997,"POLYGON ((13.382532 52.5610623, 13.3824499 52.5610849, 13.3823748 52.5611066, 13.3822489 52.5611412, 13.3821636 52.5611647, 13.3821035 52.5610851, 13.3820303 52.5609879, 13.3820211 52.5609757, 13.3820032 52.5609517, 13.3819709 52.5609082, 13.3819523 52.5608838, 13.3819359 52.5608621, 13.3819092 52.5608262, 13.3818936 52.5608053, 13.3818546 52.5607531, 13.381785 52.5606571, 13.3820806 52.5605746, 13.3821591 52.5605518, 13.3823081 52.5605113, 13.3823735 52.5604919, 13.3824562 52.5604692, 13.3825353 52.5604474, 13.3826155 52.5604252, 13.3827321 52.5603922, 13.3827671 52.5603812, 13.3827211 52.5603184, 13.3826541 52.5602294, 13.3825791 52.5601296, 13.3828087 52.560067, 13.3828317 52.5600976, 13.3828626 52.5601389, 13.382901 52.5601901, 13.3829419 52.5602455, 13.3830008 52.5603217, 13.38287 52.5603541, 13.3829327 52.5604377, 13.3829737 52.5604924, 13.3829961 52.5605237, 13.3830408 52.5605829, 13.3830596 52.560608, 13.3830777 52.5606319, 13.3831103 52.560675, 13.3831918 52.5607833, 13.3832493 52.5608601, 13.383032 52.5609224, 13.3828791 52.5609666, 13.3829249 52.5610316, 13.3829268 52.5610351, 13.3830019 52.5611386, 13.3828181 52.5611671, 13.3826606 52.5612334, 13.3825818 52.561128, 13.382532 52.5610623))",0106,Mitte,Gesundbrunnen,OSM,OSM_SCHOOLS,01G32,OSM_SCHOOLS,way:275735375,Carl-Kraemer-Grundschule,,,,,,,,,,"Zechliner Straße 4, 13359 Berlin",Zechliner Straße,4,13359,Berlin,,,,,+4930 499899 3,Carl-Kraemer-Grundschule@t-online.de,http://carl-kraemer-gs.de/,,,True,52.56074111618657,13.382561000440997,True,True
276025191,11011011,Paul-und-Charlotte-Kniese-Gemeinschaftsschule,52.49472691332889,13.50585174134406,"POLYGON ((13.5047787 52.494111, 13.5054794 52.4955314, 13.5055744 52.4955623, 13.5066201 52.4953755, 13.5068154 52.4953423, 13.506701 52.4950861, 13.5067962 52.4950666, 13.5066859 52.4948433, 13.5067039 52.4948393, 13.506249 52.4939024, 13.5058094 52.4939801, 13.5051289 52.4940994, 13.5051141 52.4940717, 13.5048203 52.4941237, 13.5047787 52.494111))",1101,Lichtenberg,Friedrichsfelde,OSM,OSM_SCHOOLS,11K12,OSM_SCHOOLS,way:276025191,Paul-und-Charlotte-Kniese-Gemeinschaftsschule,,,,,,,,,,,,,,,,,,,,,https://www.kniese-schule-berlin.de/,,,True,52.49472691332889,13.50585174134406,True,True
278887452,11008008,Walter-Gropius-Schule,52.42937789820717,13.463099060558699,"POLYGON ((13.4641018 52.427981, 13.462986 52.4286548, 13.4627425 52.4284967, 13.4615699 52.4292223, 13.4603887 52.4299444, 13.4616718 52.4307301, 13.4622643 52.4305096, 13.4636353 52.4300066, 13.4639925 52.4298679, 13.4642091 52.4297814, 13.4643363 52.4297294, 13.4644811 52.4296686, 13.4646212 52.4296075, 13.4646075 52.4295967, 13.4646719 52.4295666, 13.4646856 52.4295774, 13.464885 52.4294888, 13.4650635 52.4294046, 13.4654739 52.4291952, 13.4658793 52.4289779, 13.4653276 52.4286696, 13.4641018 52.427981))",0805,Neukölln,Gropiusstadt,OSM,OSM_SCHOOLS,08K01,OSM_SCHOOLS,way:278887452,Walter-Gropius-Schule,,,,,,,,,,,,,,,,,,,+4930 600908 0,gemeinschaftsschule@walter-gropius-schule-berlin.de,https://www.walter-gropius-schule-berlin.de/,,,True,52.42937789820717,13.463099060558699,True,True
281982064,11005005,Hans-Carossa-Gymnasium,52.47252914096887,13.131429024374796,"POLYGON ((13.1296753 52.4726412, 13.1315479 52.4729412, 13.1317851 52.4729795, 13.1323535 52.4730713, 13.1324308 52.4730849, 13.1324927 52.4730577, 13.1325825 52.4729912, 13.1329331 52.4725979, 13.1331575 52.4723462, 13.1331354 52.4723177, 13.1318629 52.4721978, 13.1302131 52.4720413, 13.1301474 52.4720622, 13.1296555 52.4726065, 13.1296753 52.4726412))",0506,Spandau,Kladow,OSM,OSM_SCHOOLS,05Y03,OSM_SCHOOLS,way:281982064,Hans-Carossa-Gymnasium,,,,,,,,,,,,,,,,,,,,,,,,True,52.47252914096887,13.131429024374796,True,True
282638692,11009009,Uhlenhorst Grundschule,52.4681123129666,13.579446828701128,"POLYGON ((13.5784131 52.4677528, 13.5788531 52.4687416, 13.580454 52.4684907, 13.5800633 52.467477, 13.5784131 52.4677528))",0910,Treptow-Köpenick,Köpenick,OSM,OSM_SCHOOLS,09G17,OSM_SCHOOLS,way:282638692,Uhlenhorst Grundschule,,,,,,,,,,,,,,,,,,,,,,,,True,52.4681123129666,13.579446828701128,True,True
282903477,11005005,Carl-Schurz-Grundschule,52.56775069570309,13.199649417944007,"POLYGON ((13.1992062 52.5680465, 13.1999288 52.5684325, 13.2006703 52.5679417, 13.1993849 52.5671139, 13.1993145 52.5671135, 13.1986407 52.5673356, 13.1987356 52.567406, 13.1988563 52.5674782, 13.1987689 52.5675322, 13.1988517 52.5676212, 13.1989544 52.5676928, 13.1991918 52.5678342, 13.1993757 52.5679403, 13.1992062 52.5680465))",0507,Spandau,Hakenfelde,OSM,OSM_SCHOOLS,05G20,OSM_SCHOOLS,way:282903477,Carl-Schurz-Grundschule,,,,,,,,,,"Hakenfelder Straße 32, 13587 Berlin",Hakenfelder Straße,32,13587,Berlin,Bezirksamt Spandau von Berlin,,,,+49 30 35599010,sekretariat@05G20.schule.berlin.de,https://www.carl-schurz-grundschule.de/,,,True,52.56775069570309,13.199649417944007,True,True
282907298,11007007,,52.396467951364485,13.404379077749955,"POLYGON ((13.4039978 52.3969981, 13.4041322 52.3959097, 13.4047666 52.3959447, 13.4046198 52.3970269, 13.4039978 52.3969981))",0706,Tempelhof-Schöneberg,Lichtenrade,OSM,OSM_SCHOOLS,,OSM_SCHOOLS,way:282907298,,,,,,,,,,,,,,,,,,,,,,,,,True,52.396467951364485,13.404379077749955,True,True
282907299,11007007,Theodor-Haubach-Schule,52.39773286571488,13.402966676485276,"POLYGON ((13.4015545 52.3968984, 13.4026656 52.3969437, 13.4039978 52.3969981, 13.4046198 52.3970269, 13.4044464 52.3984174, 13.404369 52.3984701, 13.4033387 52.3984978, 13.4014591 52.3985482, 13.4013931 52.3985085, 13.4015545 52.3968984))",0706,Tempelhof-Schöneberg,Lichtenrade,OSM,OSM_SCHOOLS,07K04,OSM_SCHOOLS,way:282907299,Theodor-Haubach-Schule,,,,,,,,,,"Grimmstraße 9-11, 12305 Berlin",Grimmstraße,9-11,12305,Berlin,Bezirksamt Tempelhof-Schöneberg von Berlin,,,,+49 30 902778245,schulleitung@ths-berlin.de,https://ths-berlin.de,,,True,52.39773286571488,13.402966676485276,True,True
283041467,11007007,,52.385895688000424,13.404106294377355,"POLYGON ((13.4041453 52.3855865, 13.4041489 52.3854312, 13.4039382 52.385431, 13.4035228 52.3854306, 13.4033266 52.3854304, 13.4033271 52.385509, 13.4033301 52.3859906, 13.4033316 52.3862416, 13.4033319 52.3862912, 13.4049609 52.3862927, 13.4049638 52.385769, 13.4049639 52.3857542, 13.4049648 52.3855834, 13.4048014 52.385584, 13.4041453 52.3855865))",0706,Tempelhof-Schöneberg,Lichtenrade,OSM,OSM_SCHOOLS,,OSM_SCHOOLS,way:283041467,,,,,,,,,,,,,,,,,,,,,,,,,True,52.385895688000424,13.404106294377355,True,True
283101938,11005005,Heinrich-Böll-Oberschule,52.56481389462554,13.198303904247078,"POLYGON ((13.199604 52.5643841, 13.2001949 52.5652464, 13.1994159 52.5652114, 13.1993486 52.5657857, 13.1981894 52.5660895, 13.1981779 52.5656151, 13.1967651 52.5659959, 13.1970064 52.5649723, 13.1970254 52.5648018, 13.1971407 52.5637243, 13.1971442 52.5636459, 13.1988256 52.5637227, 13.1991157 52.563739, 13.1992473 52.5637554, 13.1993636 52.5637707, 13.1993296 52.563846, 13.1993212 52.5638867, 13.1993254 52.563934, 13.1993412 52.5639996, 13.199604 52.5643841))",0507,Spandau,Hakenfelde,OSM,OSM_SCHOOLS,05K04,OSM_SCHOOLS,way:283101938,Heinrich-Böll-Oberschule,,,,,,,,,,"Am Forstacker 9, 13587 Berlin",Am Forstacker,9,13587,Berlin,Bezirksamt Spandau von Berlin,,,,+4930 335007 0,hbs@boell-schule.de,https://boell-schule.de/,,,True,52.56481389462554,13.198303904247078,True,True
284232561,11005005,Peter-Härtling-Grundschule,52.544282971770144,13.197636553716439,"POLYGON ((13.1977632 52.543732, 13.1977173 52.5437609, 13.1977716 52.5437935, 13.1977599 52.5438006, 13.1976593 52.5438616, 13.1975216 52.5437852, 13.1969297 52.5441563, 13.196563 52.5443848, 13.1959108 52.5447891, 13.1957842 52.5448675, 13.1953157 52.5451792, 13.1953601 52.5452025, 13.1953291 52.5452571, 13.1954062 52.5453007, 13.1954786 52.5452656, 13.1956732 52.5453742, 13.1960536 52.5451127, 13.1960801 52.5451241, 13.1960654 52.5449585, 13.1963521 52.5448861, 13.1963888 52.5448868, 13.1974336 52.5449084, 13.197645 52.5449132, 13.1976533 52.5447946, 13.1982186 52.5447974, 13.1983191 52.5448362, 13.1983586 52.5448375, 13.1983587 52.5447909, 13.1983554 52.5447414, 13.1983496 52.5447166, 13.1983436 52.5446914, 13.1983252 52.5446136, 13.1981929 52.5442015, 13.1995367 52.5439806, 13.1994575 52.5438324, 13.1994464 52.5438119, 13.1993793 52.5437038, 13.199291 52.5435853, 13.1992411 52.543528, 13.1991879 52.5434721, 13.1991013 52.5433912, 13.1990052 52.5433105, 13.1986359 52.5435354, 13.1983553 52.5433649, 13.1981165 52.543476, 13.1980867 52.5434939, 13.1979576 52.5435737, 13.1979312 52.5435895, 13.1977632 52.543732))",0501,Spandau,Spandau,OSM,OSM_SCHOOLS,05G27,OSM_SCHOOLS,way:284232561,Peter-Härtling-Grundschule,,,,,,,,,,"Flankenschanze 20, 13585 Berlin",Flankenschanze,20,13585,Berlin,Bezirksamt Spandau von Berlin,,,,,sekretariat@peter-haertling.schule.berlin.de,,,,True,52.544282971770144,13.197636553716439,True,True
284233548,11005005,Wolfgang-Borchert-Schule,52.54537732360846,13.196859398016747,"POLYGON ((13.1962345 52.5460392, 13.1961757 52.545983, 13.1961248 52.5455245, 13.1960801 52.5451241, 13.1960654 52.5449585, 13.1963521 52.5448861, 13.1963888 52.5448868, 13.1974336 52.5449084, 13.1976383 52.5452081, 13.1977916 52.5451774, 13.1979416 52.5454491, 13.1979929 52.5454373, 13.198013 52.5454759, 13.1962345 52.5460392))",0501,Spandau,Spandau,OSM,OSM_SCHOOLS,05K06,OSM_SCHOOLS,way:284233548,Wolfgang-Borchert-Schule,,,,,,,,,,"Blumenstraße 13, 13585 Berlin",Blumenstraße,13,13585,Berlin,Bezirksamt Spandau von Berlin,,,,+49 30 3559280,sekretariat@borchertschule-spandau.de,https://borchertschule-spandau.de,,,True,52.54537732360846,13.196859398016747,True,True
284961777,11005005,Lily-Braun-Gymnasium,52.53831470065491,13.198435534538485,"POLYGON ((13.1978548 52.5379984, 13.1976546 52.538336, 13.1975325 52.538542, 13.1982016 52.5391771, 13.1985475 52.5391767, 13.1989529 52.5386661, 13.199072 52.5385202, 13.1992253 52.5383301, 13.19924 52.5383345, 13.1993207 52.5382345, 13.1993085 52.5382308, 13.1994591 52.5380441, 13.1992345 52.5379756, 13.1991717 52.5379565, 13.1992347 52.5378777, 13.1987792 52.5377346, 13.1989008 52.5375756, 13.1988061 52.5375677, 13.1980745 52.5375073, 13.1980167 52.5376805, 13.1979646 52.5378013, 13.1979351 52.5378605, 13.1979014 52.5379192, 13.1978792 52.5379588, 13.1978548 52.5379984))",0501,Spandau,Spandau,OSM,OSM_SCHOOLS,05Y05,OSM_SCHOOLS,way:284961777,Lily-Braun-Gymnasium,,,,,,,,,,"Münsingerstraße 2, 13597 Berlin",Münsingerstraße,2,13597,Berlin,Bezirksamt Spandau von Berlin,,,,+49 30 3389040,,https://www.lily-braun-oberschule.de/,,,True,52.53831470065491,13.198435534538485,True,True
286355986,11005005,Christoph-Földerich-Grundschule,52.52026098361573,13.19230628677227,"POLYGON ((13.1932103 52.5206891, 13.1932091 52.5199303, 13.1930675 52.5199287, 13.1928912 52.5199291, 13.1928882 52.5197684, 13.1916674 52.5197587, 13.1916654 52.5199089, 13.1914801 52.5199123, 13.1913832 52.5199119, 13.1913401 52.5199102, 13.1913517 52.5201627, 13.1913508 52.5202507, 13.1913488 52.5202507, 13.1913479 52.5203445, 13.1913531 52.5203445, 13.1913523 52.5204284, 13.1913513 52.5204818, 13.1913506 52.5205233, 13.1913497 52.5205785, 13.1916137 52.5205751, 13.1916152 52.5206234, 13.1917912 52.5206209, 13.1917969 52.5207323, 13.1930364 52.5207491, 13.1932115 52.5207508, 13.1932103 52.5206891))",0509,Spandau,Wilhelmstadt,OSM,OSM_SCHOOLS,05G05,OSM_SCHOOLS,way:286355986,Christoph-Földerich-Grundschule,,,,,,,,,,,,,,,,,,,,,,,,True,52.52026098361573,13.19230628677227,True,True
286934157,11005005,SIS Swiss International School Berlin,52.52011706245929,13.153483921389755,"POLYGON ((13.1535942 52.5192969, 13.1556763 52.5199755, 13.1553124 52.5202859, 13.1552518 52.5203199, 13.1551338 52.5203908, 13.1543125 52.5201672, 13.1541568 52.5201256, 13.1541057 52.5201107, 13.1540602 52.5201702, 13.1539862 52.5202728, 13.1539758 52.5202985, 13.1539206 52.5203749, 13.1538169 52.5203471, 13.1537645 52.5203331, 13.1537345 52.5203252, 13.1534453 52.5202272, 13.1532826 52.5201839, 13.1530945 52.520434, 13.1531782 52.5204581, 13.1531538 52.5204898, 13.1532441 52.5205155, 13.1533104 52.5205334, 13.153281 52.5205739, 13.1532298 52.5206426, 13.1535131 52.520723, 13.153507 52.5208304, 13.1534838 52.5208567, 13.1532236 52.5212163, 13.1526732 52.5209537, 13.1529121 52.5206592, 13.1527218 52.5206067, 13.1526189 52.5205826, 13.1524607 52.5206605, 13.1523529 52.5207851, 13.151597 52.5203849, 13.1515615 52.5203384, 13.1515874 52.520293, 13.152501 52.5198379, 13.152541 52.5198177, 13.1535942 52.5192969))",0504,Spandau,Staaken,OSM,OSM_SCHOOLS,05P19,OSM_SCHOOLS,way:286934157,SIS Swiss International School Berlin,,,,,,,,,,"Heerstraße 465, 13593 Berlin",Heerstraße,465,13593,Berlin,,,,,,,,,,True,52.52011706245929,13.153483921389755,True,True
289314802,11003003,Elinor-Ostrom-Schule (OSZ Bürowirtschaft und Dienstleistungen),52.545581361188496,13.441873905021943,"POLYGON ((13.4414209 52.5458459, 13.4415442 52.5457986, 13.4415742 52.5457871, 13.4416687 52.5457515, 13.4417121 52.5457966, 13.4417356 52.5458187, 13.4418289 52.5459067, 13.4418475 52.5459243, 13.4419713 52.5458751, 13.4420762 52.5458333, 13.4421774 52.5457929, 13.4422698 52.5457562, 13.442488 52.5456693, 13.4424037 52.5455893, 13.4423273 52.5455143, 13.4421393 52.545339, 13.4420645 52.5452681, 13.4419786 52.5451864, 13.4418853 52.5452212, 13.4418052 52.5452511, 13.4417513 52.5452713, 13.4418074 52.5453238, 13.4415115 52.54544, 13.4414523 52.5453831, 13.4414325 52.5453905, 13.441359 52.5454179, 13.4413288 52.5454291, 13.4414595 52.5455518, 13.4414706 52.5455623, 13.4415061 52.5455958, 13.4414107 52.5456346, 13.4412612 52.545692, 13.4412766 52.5457068, 13.4414061 52.5458317, 13.4414209 52.5458459))",0301,Pankow,Prenzlauer Berg,OSM,OSM_SCHOOLS,03B07,OSM_SCHOOLS,way:289314802,Elinor-Ostrom-Schule (OSZ Bürowirtschaft und Dienstleistungen),,,,,,,,,,,,,,,,,,,,,,,,True,52.545581361188496,13.441873905021943,True,True
289674736,11003003,Grundschule unter den Bäumen,52.59190787014766,13.455525872496388,"POLYGON ((13.4537461 52.5922454, 13.4538269 52.5918613, 13.4538855 52.5915668, 13.4541501 52.5915693, 13.4541582 52.5915689, 13.454243 52.591573, 13.4542551 52.5914879, 13.4546008 52.5914952, 13.4549439 52.5914895, 13.4551863 52.5914834, 13.4561911 52.5915011, 13.4565605 52.5915017, 13.4572896 52.5916605, 13.4570859 52.592397, 13.4562988 52.592291, 13.4552166 52.5922883, 13.4543501 52.592281, 13.4543501 52.5922969, 13.4540733 52.5922785, 13.4537461 52.5922454))",0303,Pankow,Blankenburg,OSM,OSM_SCHOOLS,03G21,OSM_SCHOOLS,way:289674736,Grundschule unter den Bäumen,,,,,,,,,,"Alt-Blankenburg 26, 13129 Berlin",Alt-Blankenburg,26,13129,Berlin,,,,,+4930 4743325,gudbaeumen@t-online.de,http://www.gudbaeumen.cidsnet.de/,,,True,52.59190787014766,13.455525872496388,True,True
290098096,11012012,"Evangelische Schule Frohnau
Grundschule und Gymnasium
Berlin, Bezirk Reinickendorf",52.63056106589302,13.284355599559703,"POLYGON ((13.2838515 52.6306285, 13.2841871 52.630744, 13.284521 52.630861, 13.284618 52.6307833, 13.2848891 52.6305751, 13.2842586 52.6302468, 13.2841263 52.6302875, 13.2838515 52.6306285))",1205,Reinickendorf,Frohnau,OSM,OSM_SCHOOLS,,OSM_SCHOOLS,way:290098096,"Evangelische Schule Frohnau
Grundschule und Gymnasium
Berlin, Bezirk Reinickendorf",,,,,,,,,,,,,,,,,,,,,,,,True,52.63056106589302,13.284355599559703,True,True
290660701,11012012,Waldseeschule,52.62063555870246,13.308487541238373,"POLYGON ((13.3075168 52.620473, 13.3083893 52.6208207, 13.3084893 52.62097, 13.3092463 52.6210942, 13.3093166 52.6209301, 13.3093404 52.6208863, 13.3093668 52.6208464, 13.3094272 52.6207712, 13.3087625 52.6204901, 13.308706 52.6205355, 13.3079542 52.620114, 13.3079132 52.6201395, 13.3078214 52.6202, 13.307729 52.6202672, 13.3076812 52.6203075, 13.3076488 52.6203358, 13.3076088 52.6203738, 13.3075758 52.6204054, 13.3075473 52.6204372, 13.3075168 52.620473))",1206,Reinickendorf,Hermsdorf,OSM,OSM_SCHOOLS,12S05,OSM_SCHOOLS,way:290660701,Waldseeschule,,,,,,,,,,"Olafstraße 32-34, 13467 Berlin",Olafstraße,32-34,13467,Berlin,Land Berlin,,,,,,https://waldseeschule-berlin.de/,,,True,52.62063555870246,13.308487541238373,True,True
294263871,11007007,Hugo-Gaudig-Schule,52.4784586887147,13.375635859442728,"POLYGON ((13.374743 52.4787505, 13.3765468 52.478774, 13.3765622 52.4781722, 13.3759625 52.4781636, 13.3756198 52.4781586, 13.3747079 52.4781421, 13.374715 52.4784456, 13.374743 52.4787505))",0703,Tempelhof-Schöneberg,Tempelhof,OSM,OSM_SCHOOLS,07K11,OSM_SCHOOLS,way:294263871,Hugo-Gaudig-Schule,,,,,,,,,,"Boelckestraße 58, 12101 Berlin",Boelckestraße,58,12101,Berlin,,,,,+49 30 90277 2666,07K11@07K11.schule.berlin.de,https://www.hugo-gaudig-schule.de/,,,True,52.4784586887147,13.375635859442728,True,True
294263892,11007007,Tempelherren-Grundschule,52.47786293571479,13.375654200028988,"POLYGON ((13.3765622 52.4781722, 13.376582 52.4775771, 13.3747609 52.4775549, 13.3747477 52.4776823, 13.3747236 52.477933, 13.3747079 52.4781421, 13.3756198 52.4781586, 13.3759625 52.4781636, 13.3765622 52.4781722))",0703,Tempelhof-Schöneberg,Tempelhof,OSM,OSM_SCHOOLS,07G24,OSM_SCHOOLS,way:294263892,Tempelherren-Grundschule,,,,,,,,,,"Boelckestraße 60, 12101 Berlin",Boelckestraße,60,12101,Berlin,,,,,+49 30 90277 3500,tempelherren@schulen-tempelhof-schoeneberg.de,https://www.tempelherren-grundschule.de/,,,True,52.47786293571479,13.375654200028988,True,True
296141625,11009009,Müggelschlößchen-Schule,52.43906680985474,13.605310248514355,"POLYGON ((13.6063645 52.439615, 13.6061978 52.4396273, 13.6060076 52.4396567, 13.6055877 52.4396646, 13.6055258 52.4396545, 13.6055252 52.4396436, 13.6048783 52.4396544, 13.604861 52.4391021, 13.6044032 52.4391077, 13.6036355 52.4391215, 13.6036356 52.4390559, 13.603612 52.4386581, 13.6044379 52.4386412, 13.6048995 52.4386317, 13.6057325 52.4386151, 13.6064489 52.4385981, 13.606478 52.438628, 13.6064869 52.4387417, 13.6064671 52.4388234, 13.6065137 52.4396024, 13.6064544 52.4396152, 13.6063645 52.439615))",0910,Treptow-Köpenick,Köpenick,OSM,OSM_SCHOOLS,09G25,OSM_SCHOOLS,way:296141625,Müggelschlößchen-Schule,,,,,,,,,,"Alfred-Randt-Straße 54-56, 12559 Berlin",Alfred-Randt-Straße,54-56,12559,Berlin,Land Berlin,,,,,,https://www.ms-schule.de/,,,True,52.43906680985474,13.605310248514355,True,True
298495492,11008008,Albrecht-Dürer-Gymnasium,52.469289157389454,13.44006299625805,"POLYGON ((13.4406395 52.4694139, 13.4409414 52.4694384, 13.4409897 52.4692134, 13.4409994 52.4691683, 13.4400771 52.4690792, 13.4395868 52.4689931, 13.4392581 52.4689355, 13.4392193 52.4691113, 13.4392796 52.4691749, 13.4393408 52.4691794, 13.4393759 52.4692091, 13.4394201 52.4692119, 13.4394109 52.4692388, 13.4393567 52.4694953, 13.4394028 52.4694993, 13.4394459 52.4695031, 13.4396646 52.4695221, 13.4403325 52.4695796, 13.4403818 52.4695846, 13.4405951 52.4696032, 13.4406205 52.4694952, 13.4406395 52.4694139))",0801,Neukölln,Neukölln,OSM,OSM_SCHOOLS,08Y01,OSM_SCHOOLS,way:298495492,Albrecht-Dürer-Gymnasium,,,,,,,,,,"Emser Straße 133-137, 12051 Berlin",Emser Straße,133-137,12051,Berlin,Bezirksamt Neukölln von Berlin,,,,,,,,,True,52.469289157389454,13.44006299625805,True,True
299786584,11005005,Schule am Staakener Kleeblatt,52.53551559941783,13.133380403568662,"POLYGON ((13.135773 52.535197, 13.1356276 52.53526, 13.1355097 52.5352679, 13.1353903 52.5352911, 13.1344889 52.5354797, 13.1344412 52.5354922, 13.1344076 52.5355073, 13.1343389 52.5355415, 13.1342557 52.5355725, 13.1341736 52.5355958, 13.1340887 52.5356143, 13.1337904 52.5356625, 13.1336784 52.5356604, 13.1336226 52.5356521, 13.1335823 52.5356469, 13.1335313 52.5356539, 13.1334907 52.5356638, 13.1334478 52.5356842, 13.1334016 52.5357148, 13.1333565 52.5357512, 13.1333243 52.5357899, 13.1332671 52.5358731, 13.133241 52.5358704, 13.1331647 52.5358639, 13.1331041 52.5360393, 13.1329345 52.5365239, 13.1315408 52.5363062, 13.132011 52.5351833, 13.1320341 52.5351631, 13.1325023 52.5351926, 13.1328435 52.5351775, 13.1331226 52.5351517, 13.1334681 52.5350916, 13.1337918 52.535014, 13.1340949 52.5349118, 13.1343463 52.5348124, 13.1345599 52.5347108, 13.1348163 52.5345664, 13.1350936 52.534675, 13.1357009 52.5350914, 13.135773 52.535197))",0504,Spandau,Staaken,OSM,OSM_SCHOOLS,05K09,OSM_SCHOOLS,way:299786584,Schule am Staakener Kleeblatt,,,,,,,,,,"Brunsbütteler Damm 431/437, 13591 Berlin",Brunsbütteler Damm,431/437,13591,Berlin,,,,,,,,,,True,52.53551559941783,13.133380403568662,True,True
300422971,11008008,Michael-Ende-Grundschule,52.41351070165884,13.510047137393764,"POLYGON ((13.510323 52.4142714, 13.5107843 52.4138489, 13.511437 52.4132527, 13.5113687 52.4132328, 13.510595 52.4130077, 13.5104108 52.4129541, 13.5104024 52.4129508, 13.5103423 52.4129267, 13.5101392 52.4128632, 13.5099712 52.4128167, 13.5094418 52.4133091, 13.5089843 52.4131396, 13.5085615 52.4135521, 13.510323 52.4142714))",0804,Neukölln,Rudow,OSM,OSM_SCHOOLS,08G25,OSM_SCHOOLS,way:300422971,Michael-Ende-Grundschule,,,,,,,,,,"Neuhofer Straße 41, 12355 Berlin",Neuhofer Straße,41,12355,Berlin,,,,,,,http://www.meg.cidsnet.de,,,True,52.41351070165884,13.510047137393764,True,True
300757795,11008008,Hannah-Arendt- Gymnasium,52.40478814755975,13.508207372536216,"POLYGON ((13.5087834 52.404007, 13.5081561 52.4037648, 13.5081153 52.4037742, 13.5070902 52.4047766, 13.5067958 52.4050644, 13.5066903 52.4051675, 13.5066984 52.4051898, 13.5069762 52.4052964, 13.5079816 52.4056822, 13.5082061 52.4054605, 13.5083419 52.4053277, 13.5083943 52.4054279, 13.508749 52.4055621, 13.5088334 52.4055941, 13.5095297 52.4049166, 13.5090813 52.4047442, 13.5090208 52.4047209, 13.5094795 52.4042742, 13.5087834 52.404007))",0804,Neukölln,Rudow,OSM,OSM_SCHOOLS,08Y06,OSM_SCHOOLS,way:300757795,Hannah-Arendt- Gymnasium,,,,,,,,,,"Elfriede-Kuhr-Straße 17, 12355 Berlin",Elfriede-Kuhr-Straße,17,12355,Berlin,Bezirksamt Neukölln von Berlin,,,,+49 30 6097180,sekretariat@hag-berlin.net,https://www.hag-berlin.net/,,,True,52.40478814755975,13.508207372536216,True,True
300837200,11002002,Dathe-Oberschule,52.51031938865117,13.446280158115954,"POLYGON ((13.4456621 52.5109173, 13.4455398 52.5106872, 13.4454735 52.5105584, 13.4453793 52.5103784, 13.4453277 52.5102858, 13.4454511 52.5101934, 13.4454663 52.5101823, 13.4456742 52.5100295, 13.4456852 52.5100215, 13.4458092 52.5099295, 13.4459177 52.5099849, 13.4460812 52.5100684, 13.4461568 52.510107, 13.4463288 52.509979, 13.446639 52.5097506, 13.4466948 52.5097784, 13.4467453 52.509806, 13.4470971 52.5099815, 13.4472484 52.5100595, 13.4472855 52.5101584, 13.4469195 52.5106084, 13.4469061 52.5106249, 13.4466917 52.5105577, 13.4461671 52.5107306, 13.4456621 52.5109173))",0201,Friedrichshain-Kreuzberg,Friedrichshain,OSM,OSM_SCHOOLS,02Y05,OSM_SCHOOLS,way:300837200,Dathe-Oberschule,,,,,,,,,,"Helsingforser Straße 11, 10243 Berlin",Helsingforser Straße,11,10243,Berlin,Land Berlin,,,,,sek@dathe-gymnasium.eu,,,,True,52.51031938865117,13.446280158115954,True,True
301595370,11001001,Heinrich-Seidel-Grundschule,52.546478626506605,13.393803111006415,"POLYGON ((13.3949718 52.5460897, 13.3937208 52.5457103, 13.3935945 52.5456718, 13.3935538 52.5456595, 13.3935149 52.5456477, 13.3930688 52.546244, 13.3930045 52.546227, 13.3928982 52.546365, 13.3926552 52.5466804, 13.3930582 52.5467945, 13.3931206 52.5467279, 13.3934365 52.5468171, 13.3936091 52.5469988, 13.3935408 52.5470229, 13.3935354 52.5470274, 13.3935546 52.5470468, 13.3934248 52.5470407, 13.3930896 52.5470251, 13.3929882 52.547072, 13.3929755 52.5470781, 13.3929676 52.547137, 13.3929197 52.5471344, 13.3929054 52.5472284, 13.3929141 52.5472289, 13.3929549 52.547231, 13.3929637 52.5472315, 13.3930122 52.5472341, 13.3930209 52.5472346, 13.3930695 52.5472372, 13.3930783 52.5472377, 13.3931488 52.5472414, 13.3931575 52.5472419, 13.3932063 52.5472445, 13.3932149 52.547245, 13.3932633 52.5472476, 13.3932719 52.547248, 13.3933208 52.5472506, 13.3933295 52.5472511, 13.393378 52.5472537, 13.3933866 52.5472542, 13.3934571 52.5472579, 13.3934659 52.5472585, 13.3935146 52.547261, 13.3935233 52.5472615, 13.3935718 52.5472641, 13.3935808 52.5472646, 13.3940546 52.5472876, 13.3944673 52.5467542, 13.3944793 52.5467388, 13.3945057 52.5467032, 13.3949718 52.5460897))",0106,Mitte,Gesundbrunnen,OSM,OSM_SCHOOLS,01G37,OSM_SCHOOLS,way:301595370,Heinrich-Seidel-Grundschule,,,,,,,,,,"Ramlerstraße 9, 13355 Berlin",Ramlerstraße,9,13355,Berlin,,,,,,,https://hsgs.berlin/,,,True,52.546478626506605,13.393803111006415,True,True
303145395,11002002,Ferdinand-Freiligrath-Schule,52.489148485404506,13.40183667418968,"POLYGON ((13.4026378 52.4889324, 13.4026435 52.4890715, 13.4026483 52.489194, 13.4026515 52.4892689, 13.4024956 52.4892855, 13.4022949 52.4893063, 13.4022352 52.4893127, 13.4021724 52.4893191, 13.4021203 52.4893246, 13.4019409 52.4893436, 13.4019288 52.4893447, 13.4018534 52.4893525, 13.4018358 52.4893546, 13.4016685 52.4893719, 13.4014893 52.4893909, 13.4014181 52.4893982, 13.4013967 52.4894006, 13.4013262 52.489408, 13.4012816 52.4894124, 13.4011246 52.4894283, 13.4011226 52.4893622, 13.4011189 52.4892671, 13.4011175 52.4892375, 13.4011132 52.4891267, 13.4011123 52.4890992, 13.4011065 52.4889533, 13.4019561 52.4889417, 13.4026378 52.4889324))",0202,Friedrichshain-Kreuzberg,Kreuzberg,OSM,OSM_SCHOOLS,02K10,OSM_SCHOOLS,way:303145395,Ferdinand-Freiligrath-Schule,,,,,,,,,,"Bergmannstraße 64, Berlin",Bergmannstraße,64,,Berlin,,,,,,,https://www.ferdinand-freiligrath-schule.de/,,,True,52.489148485404506,13.40183667418968,True,True
303591062,11004004,Comenius-Schule,52.48511562212212,13.323304274955044,"POLYGON ((13.3233259 52.4851921, 13.3232814 52.4851925, 13.3232816 52.4852008, 13.3232669 52.485201, 13.3232665 52.4851895, 13.3232189 52.48519, 13.3232187 52.4851846, 13.3230786 52.485186, 13.3230789 52.4851973, 13.3229462 52.4851987, 13.3229446 52.4851413, 13.3229428 52.4850756, 13.3229423 52.4850591, 13.3231477 52.485057, 13.3231467 52.4850224, 13.3232567 52.4850212, 13.3233443 52.4850203, 13.3234594 52.4850191, 13.3234604 52.4850553, 13.3235962 52.4850539, 13.3236558 52.4850533, 13.3236567 52.4850874, 13.3236598 52.4851975, 13.3234922 52.4851992, 13.3234918 52.4851847, 13.3233884 52.4851857, 13.3233886 52.4851897, 13.3233403 52.4851901, 13.3233406 52.4852011, 13.3233261 52.4852012, 13.3233259 52.4851921))",0402,Charlottenburg-Wilmersdorf,Wilmersdorf,OSM,OSM_SCHOOLS,04S07b,OSM_SCHOOLS,way:303591062,Comenius-Schule,,,,,,,,,,"Wilhelmsaue 116, 10715 Berlin",Wilhelmsaue,116,10715,Berlin,,,,,,,,,,True,52.48511562212212,13.323304274955044,True,True
304335228,11010010,Grundschule am Schleipfuhl - Filiale Dankratweg,52.49074596647735,13.555930666914724,"POLYGON ((13.5559992 52.4909299, 13.5561096 52.4909311, 13.5561074 52.491005, 13.5559943 52.4910038, 13.5559922 52.4910746, 13.5558717 52.4910733, 13.5558739 52.4910006, 13.5557195 52.4909989, 13.5557217 52.4909269, 13.5558766 52.4909286, 13.555881 52.4907817, 13.5557259 52.4907799, 13.5557281 52.4907067, 13.5558855 52.4907084, 13.5558899 52.4905623, 13.5557325 52.4905605, 13.5557347 52.4904878, 13.5558923 52.4904895, 13.5558945 52.4904179, 13.5560161 52.4904193, 13.5560139 52.4904926, 13.5561255 52.4904938, 13.5561234 52.490566, 13.5560109 52.4905648, 13.5560066 52.4907106, 13.5561179 52.4907118, 13.5561156 52.4907866, 13.5560035 52.4907854, 13.5559992 52.4909299))",1002,Marzahn-Hellersdorf,Biesdorf,OSM,OSM_SCHOOLS,10G25b,OSM_SCHOOLS,way:304335228,Grundschule am Schleipfuhl - Filiale Dankratweg,,,,,,,,,,"Dankratweg 19, 12683 Berlin",Dankratweg,19,12683,Berlin,,,,,,,,,,True,52.49074596647735,13.555930666914724,True,True
304841288,11011011,Schule auf dem lichten Berg,52.516804182229556,13.494991807603128,"POLYGON ((13.496086 52.5171086, 13.4959803 52.5167456, 13.4960624 52.5167396, 13.4959744 52.5163861, 13.4954118 52.516443, 13.4953854 52.5163293, 13.4939107 52.5164729, 13.4941391 52.5173096, 13.496086 52.5171086))",1103,Lichtenberg,Lichtenberg,OSM,OSM_SCHOOLS,11G05,OSM_SCHOOLS,way:304841288,Schule auf dem lichten Berg,,,,,,,,,,"Atzpodienstraße 19, 10365 Berlin",Atzpodienstraße,19,10365,Berlin,,,,,+49 30 5558219,11G05@11G05.schule.berlin.de,,,,True,52.516804182229556,13.494991807603128,True,True
305190239,11004004,Ludwig-Cauer-Grundschule,52.51603407088546,13.315380841863004,"POLYGON ((13.3163044 52.5162931, 13.3161397 52.5163507, 13.3158998 52.5164355, 13.3149738 52.516763, 13.3147742 52.5168039, 13.3150599 52.5163778, 13.315003 52.5163638, 13.3149253 52.5163441, 13.314771 52.5163067, 13.3141842 52.5161657, 13.3142264 52.5161021, 13.3142778 52.5160328, 13.3150413 52.5162171, 13.3150952 52.5162301, 13.3151507 52.5162431, 13.3149429 52.5154491, 13.3149171 52.5154345, 13.314901 52.5154151, 13.314862 52.5153655, 13.3154273 52.5151944, 13.3154302 52.5151935, 13.3155241 52.5153013, 13.3153429 52.5153544, 13.3154298 52.5154643, 13.3156111 52.5154112, 13.3157501 52.5155865, 13.3158154 52.5156691, 13.3157823 52.5156788, 13.3159197 52.5158525, 13.315952 52.5158431, 13.3161017 52.5160344, 13.3160684 52.5160434, 13.3162039 52.5162133, 13.3162362 52.5162043, 13.3163044 52.5162931))",0401,Charlottenburg-Wilmersdorf,Charlottenburg,OSM,OSM_SCHOOLS,04G07,OSM_SCHOOLS,way:305190239,Ludwig-Cauer-Grundschule,,,,,,,,,,"Cauerstraße 36, 10587 Berlin",Cauerstraße,36,10587,Berlin,,,,,,,http://www.cauerschule.de/,,,True,52.51603407088546,13.315380841863004,True,True
306687125,11003003,Integrierte Sekundarschule Hagenbeck,52.55831286464839,13.447571180823203,"POLYGON ((13.4476666 52.5591555, 13.447571 52.5591132, 13.4466873 52.5587267, 13.4463764 52.5585912, 13.4461212 52.5584797, 13.4475773 52.5574456, 13.4489543 52.5581808, 13.4482207 52.5587902, 13.4481378 52.5587532, 13.4476985 52.5591283, 13.4476666 52.5591555))",0302,Pankow,Weißensee,OSM,OSM_SCHOOLS,03K08,OSM_SCHOOLS,way:306687125,Integrierte Sekundarschule Hagenbeck,,,,,,,,,,"Gustav-Adolf-Straße 60, 13086 Berlin",Gustav-Adolf-Straße,60,13086,Berlin,,,,,,,https://www.hagenbeck-schule.de/,,,True,52.55831286464839,13.447571180823203,True,True
307357526,11007007,Friedenauer Gemeinschaftsschule (Grundstufe),52.469911130858726,13.344919360359718,"POLYGON ((13.3440028 52.4699343, 13.3439982 52.4699695, 13.343981 52.4701035, 13.3446215 52.4701337, 13.3445766 52.4704754, 13.3456954 52.4703035, 13.345791 52.4695497, 13.3454924 52.4695355, 13.344777 52.4695024, 13.3447458 52.469501, 13.3441255 52.4694722, 13.3441101 52.4694734, 13.3440978 52.4694761, 13.3440861 52.4694803, 13.3440775 52.4694848, 13.3440719 52.4694889, 13.3440667 52.469493, 13.3440607 52.4694996, 13.3440567 52.4695066, 13.3440383 52.4696523, 13.3440369 52.4696636, 13.3440301 52.4697178, 13.3440284 52.4697309, 13.3440196 52.469801, 13.3440028 52.4699343))",0701,Tempelhof-Schöneberg,Schöneberg,OSM,OSM_SCHOOLS,,OSM_SCHOOLS,way:307357526,Friedenauer Gemeinschaftsschule (Grundstufe),,,,,,,,,,"Rubensstraße 63, 12157 Berlin",Rubensstraße,63,12157,Berlin,,,,,+49 30 902777906,,http://grundstufe.friedenauer-gemeinschaftsschule.de,,,True,52.469911130858726,13.344919360359718,True,True
308020734,11008008,Schule am Sandsteinweg (Hort),52.41858897835308,13.410950680551544,"POLYGON ((13.4105537 52.4190031, 13.4109936 52.4189512, 13.41142 52.4182485, 13.411372 52.4182371, 13.4113987 52.4181936, 13.4113672 52.4181864, 13.4112076 52.4181484, 13.4111302 52.4182589, 13.4109296 52.4181991, 13.4107292 52.4185157, 13.4105697 52.4187675, 13.4105008 52.4188762, 13.4105537 52.4190031))",0803,Neukölln,Buckow,OSM,OSM_SCHOOLS,,OSM_SCHOOLS,way:308020734,Schule am Sandsteinweg (Hort),,,,,,,,,,,,,,,,,,,,,,,,True,52.41858897835308,13.410950680551544,True,True
311675658,11008008,Fritz-Karsen-Schule,52.44797952705703,13.437989314424843,"POLYGON ((13.4377537 52.4475451, 13.4377266 52.4475708, 13.4376666 52.4478184, 13.4376609 52.4478421, 13.4375934 52.4481329, 13.437563 52.4482826, 13.4376255 52.4483154, 13.4378189 52.4483096, 13.438085 52.448276, 13.4386169 52.4481509, 13.437954 52.4475484, 13.4379061 52.4475302, 13.4378383 52.4475217, 13.4377997 52.4475267, 13.4377537 52.4475451))",0802,Neukölln,Britz,OSM,OSM_SCHOOLS,08K06b,OSM_SCHOOLS,way:311675658,Fritz-Karsen-Schule,,,,,,,,,,"Backbergstraße 37, 12359 Berlin",Backbergstraße,37,12359,Berlin,,,,,,,,,,True,52.44797952705703,13.437989314424843,True,True
312413280,11004004,Gartenarbeitsschule Ilse Demme,52.46980328829359,13.303912659453413,"POLYGON ((13.3028511 52.4712783, 13.3028307 52.4711374, 13.302811 52.4709568, 13.3027918 52.4707804, 13.3027732 52.4706088, 13.3027528 52.4704213, 13.3027343 52.4702509, 13.3027141 52.4700655, 13.3026938 52.4698788, 13.3026641 52.469606, 13.3026319 52.4693094, 13.3034379 52.4692736, 13.3036162 52.4690643, 13.3053694 52.4688872, 13.3059966 52.4691911, 13.3058093 52.4692789, 13.3055407 52.4693972, 13.3053965 52.4694673, 13.3052934 52.4695278, 13.3051147 52.4696496, 13.3049145 52.469803, 13.3048701 52.4698046, 13.3048387 52.4698063, 13.3048441 52.4698576, 13.3047094 52.4699649, 13.3044938 52.4701274, 13.3041834 52.4703631, 13.3039326 52.4705526, 13.3028511 52.4712783))",0402,Charlottenburg-Wilmersdorf,Wilmersdorf,OSM,OSM_SCHOOLS,,OSM_SCHOOLS,way:312413280,Gartenarbeitsschule Ilse Demme,,,,,,,,,,"Dillenburger Straße 57, 14199 Berlin",Dillenburger Straße,57,14199,Berlin,Bezirksamt Charlottenburg-Wilmersdorf,,,,,gruener-lernort@gartenarbeitsschule-ilse-demme.de,,,,True,52.46980328829359,13.303912659453413,True,True
313491980,11003003,Jeanne-Barez Grundschule,52.604314234026354,13.434425359573808,"POLYGON ((13.435389 52.60408, 13.4353366 52.6039724, 13.4351188 52.6039261, 13.4348383 52.603106, 13.4341471 52.6032463, 13.4344333 52.603791, 13.434271 52.6038797, 13.4341578 52.6039021, 13.4331076 52.6041106, 13.4333761 52.6046375, 13.4333923 52.6046682, 13.4334492 52.6047797, 13.4335704 52.6047553, 13.433725 52.6050573, 13.433801 52.6052019, 13.4354263 52.6049669, 13.4352824 52.6044874, 13.435528 52.6044267, 13.4354324 52.6041867, 13.435389 52.60408))",0310,Pankow,Französisch Buchholz,OSM,OSM_SCHOOLS,03G33,OSM_SCHOOLS,way:313491980,Jeanne-Barez Grundschule,,,,,,,,,,"Hauptstraße 66, 13127 Berlin",Hauptstraße,66,13127,Berlin,,,,,,,https://jeaba.edupage.org/,,,True,52.604314234026354,13.434425359573808,True,True
313491981,11003003,Platanen-Grundschule,52.61783411769772,13.389214449216752,"POLYGON ((13.3899483 52.618317, 13.390033 52.6181749, 13.3897142 52.6181083, 13.3897956 52.61794, 13.3899498 52.6176051, 13.3883928 52.6174031, 13.388327 52.6175505, 13.3885655 52.6176058, 13.3885427 52.6176468, 13.388682 52.6176805, 13.3885929 52.6178274, 13.3886216 52.6178341, 13.3885876 52.6178869, 13.3885817 52.6178845, 13.3885725 52.6178986, 13.3885971 52.6179043, 13.388515 52.6180292, 13.3895797 52.6182485, 13.3899483 52.618317))",0308,Pankow,Blankenfelde,OSM,OSM_SCHOOLS,03G35,OSM_SCHOOLS,way:313491981,Platanen-Grundschule,,,,,,,,,,"Hauptstraße 20, 13159 Berlin",Hauptstraße,20,13159,Berlin,,,,,+4930 9131120,Platanengrundschule@web.de,http://www.platanengrundschule.cidsnet.de/,,,True,52.61783411769772,13.389214449216752,True,True
314044958,11009009,Hauptmann von Köpenick Grundschule,52.456137812160975,13.581389619586552,"POLYGON ((13.5820239 52.4564456, 13.5819862 52.4563154, 13.581957 52.4563189, 13.5819012 52.4561265, 13.5819217 52.4561243, 13.5819089 52.4560801, 13.5818893 52.4560822, 13.5818666 52.4560037, 13.5819007 52.4560002, 13.581892 52.4559668, 13.5818264 52.455974, 13.5817703 52.4557959, 13.5816672 52.4558066, 13.5812708 52.4558474, 13.5811182 52.4558631, 13.5811279 52.4559362, 13.581047 52.4559408, 13.580817 52.4559536, 13.5807108 52.4559593, 13.5807236 52.4560526, 13.5807332 52.4561338, 13.580711 52.4561337, 13.580716 52.4561828, 13.5807404 52.4561823, 13.5807667 52.4563612, 13.5808601 52.4563556, 13.5810092 52.4563468, 13.5811422 52.4563399, 13.5815767 52.4563176, 13.581598 52.4563976, 13.5816255 52.4565083, 13.5820069 52.4564673, 13.5820239 52.4564456))",0910,Treptow-Köpenick,Köpenick,OSM,OSM_SCHOOLS,09G23,OSM_SCHOOLS,way:314044958,Hauptmann von Köpenick Grundschule,,,,,,,,,,"Borgmannstraße 2-3, 12555 Berlin",Borgmannstraße,2-3,12555,Berlin,,,,,,,,,,True,52.456137812160975,13.581389619586552,True,True
316990535,11002002,Justus-von-Liebig-Grundschule,52.51857910661684,13.458545977769703,"POLYGON ((13.4575763 52.5183561, 13.4580057 52.519037, 13.4581923 52.5190032, 13.458576 52.5189308, 13.4585663 52.5189083, 13.4588042 52.5188639, 13.4592594 52.5187813, 13.4595933 52.5187104, 13.4594961 52.518537, 13.4594856 52.5185182, 13.4593396 52.5182549, 13.4591375 52.5182953, 13.4588467 52.5183467, 13.4588229 52.5182938, 13.4588059 52.5182585, 13.4586795 52.5182816, 13.4586258 52.5181695, 13.4584777 52.5181971, 13.4581515 52.5182537, 13.4580744 52.518267, 13.4580213 52.5182766, 13.4580124 52.5182786, 13.4578442 52.5183086, 13.4575763 52.5183561))",0201,Friedrichshain-Kreuzberg,Friedrichshain,OSM,OSM_SCHOOLS,02G03,OSM_SCHOOLS,way:316990535,Justus-von-Liebig-Grundschule,,,,,,,,,,"Liebigstraße 18a, 10247 Berlin",Liebigstraße,18a,10247,Berlin,,,,,+49 30 447283211,,http://www.justus-von-liebig-gs.cidsnet.de,,,True,52.51857910661684,13.458545977769703,True,True
317327043,11009009,Müggelsee-Schule,52.45069812130502,13.627056803704379,"POLYGON ((13.6274554 52.4504947, 13.6275616 52.4505578, 13.6276006 52.4508828, 13.6271792 52.450898, 13.6270407 52.4509013, 13.6268773 52.4509052, 13.6266832 52.4509104, 13.6266755 52.4508036, 13.626515 52.4508075, 13.6265122 52.4507732, 13.6265102 52.450748, 13.6265052 52.450685, 13.6265023 52.4506492, 13.6264944 52.4505185, 13.6274554 52.4504947))",0911,Treptow-Köpenick,Friedrichshagen,OSM,OSM_SCHOOLS,09G24,OSM_SCHOOLS,way:317327043,Müggelsee-Schule,,,,,,,,,,"Aßmannstraße 63, 12587 Berlin",Aßmannstraße,63,12587,Berlin,,,,,,,,,,True,52.45069812130502,13.627056803704379,True,True
317350590,11008008,Regenbogen-Schule,52.47535950639305,13.433151048785946,"POLYGON ((13.4334009 52.4758984, 13.4334928 52.4756247, 13.4335014 52.4755991, 13.433531 52.4755111, 13.4335432 52.475475, 13.4335665 52.4754057, 13.4335947 52.4753216, 13.4336145 52.4752621, 13.433628 52.4752339, 13.4336919 52.4750447, 13.4337601 52.4748478, 13.433504 52.4748184, 13.4334781 52.4748191, 13.4334571 52.4748223, 13.4328337 52.474959, 13.4325636 52.4756664, 13.4325165 52.4757898, 13.4326859 52.4758091, 13.4329775 52.4758464, 13.4331424 52.4758658, 13.4333365 52.4758901, 13.4334009 52.4758984))",0801,Neukölln,Neukölln,OSM,OSM_SCHOOLS,08G09,OSM_SCHOOLS,way:317350590,Regenbogen-Schule,,,,,,,,,,"Morusstraße 32, 12053 Berlin",Morusstraße,32,12053,Berlin,,,,,,,,,,True,52.47535950639305,13.433151048785946,True,True
317350598,11008008,Zuckmayer-Schule,52.475570707728636,13.432043181317303,"POLYGON ((13.4312574 52.4759787, 13.431273 52.4759315, 13.4314716 52.4753291, 13.4315746 52.4753117, 13.431581 52.4752918, 13.4316033 52.4752271, 13.4316251 52.4752225, 13.4326222 52.4750051, 13.4328337 52.474959, 13.4325636 52.4756664, 13.4325165 52.4757898, 13.4324648 52.4759244, 13.4324226 52.4759206, 13.4323837 52.4760253, 13.4323805 52.4760249, 13.4323469 52.476117, 13.4321597 52.4760938, 13.4319499 52.4760679, 13.4319139 52.476064, 13.4312574 52.4759787))",0801,Neukölln,Neukölln,OSM,OSM_SCHOOLS,08K10,OSM_SCHOOLS,way:317350598,Zuckmayer-Schule,,,,,,,,,,"Morusstraße 55, 12053 Berlin",Morusstraße,55,12053,Berlin,,,,,,,,,,True,52.475570707728636,13.432043181317303,True,True
318144932,11003003,Reinhold-Burger-Schule,52.56804849505148,13.402897382634468,"POLYGON ((13.4029265 52.568737, 13.4028335 52.5687168, 13.4028253 52.5687252, 13.4026258 52.5686807, 13.4026299 52.5686698, 13.4025346 52.5686496, 13.4026661 52.5684322, 13.4024213 52.5683878, 13.4024567 52.5682845, 13.4024691 52.5682236, 13.4021414 52.5681991, 13.4023064 52.5674948, 13.4026033 52.5675224, 13.4029073 52.5676322, 13.4031131 52.5676807, 13.4034958 52.5677778, 13.4038585 52.5678698, 13.4037466 52.568016, 13.4038217 52.5680388, 13.4036271 52.5682894, 13.4032569 52.5682047, 13.4029265 52.568737))",0307,Pankow,Pankow,OSM,OSM_SCHOOLS,03K06,OSM_SCHOOLS,way:318144932,Reinhold-Burger-Schule,,,,,,,,,,,,,,,,,,,+4930 499799 41,burger-os@t-online.de,http://www.reinhold-burger.schule-berlin.net/,,,True,52.56804849505148,13.402897382634468,True,True
318291715,11003003,Thomas-Mann-Grundschule,52.54660737552348,13.414478363692687,"POLYGON ((13.4150375 52.5469605, 13.4149835 52.5469645, 13.4148717 52.546973, 13.4146443 52.5469899, 13.4144701 52.547003, 13.4143965 52.5470087, 13.4143258 52.547014, 13.4143064 52.5470154, 13.4142516 52.5470194, 13.4141582 52.5470265, 13.4141242 52.5469698, 13.4141016 52.546889, 13.4140813 52.5468172, 13.4141111 52.546814, 13.4141771 52.5468071, 13.4141607 52.5467491, 13.4141332 52.5466511, 13.4140914 52.5464984, 13.4140223 52.5465056, 13.4138221 52.5465261, 13.4137601 52.5463166, 13.4139497 52.5462964, 13.4139982 52.5462915, 13.4141287 52.5462785, 13.4142289 52.5462683, 13.4147984 52.5462091, 13.4148521 52.5462035, 13.4148891 52.5463544, 13.4150375 52.5469605))",0301,Pankow,Prenzlauer Berg,OSM,OSM_SCHOOLS,03G09,OSM_SCHOOLS,way:318291715,Thomas-Mann-Grundschule,,,,,,,,,,"Greifenhagener Straße 58, 10437 Berlin",Greifenhagener Straße,58,10437,Berlin,,,,,+49 30 4457761,,https://thomas-mann-grundschule.de/,,,True,52.54660737552348,13.414478363692687,True,True
321046049,11001001,Grundschule am Koppenplatz (Standort Koppenplatz),52.52774284429607,13.39723510715939,"POLYGON ((13.3975162 52.5280131, 13.397633 52.5278101, 13.3977454 52.527615, 13.3976033 52.5275895, 13.3975255 52.527575, 13.3971581 52.5275063, 13.3970553 52.5275504, 13.3970064 52.5275714, 13.3968699 52.5276299, 13.3965754 52.5277751, 13.3971142 52.5279114, 13.3975162 52.5280131))",0101,Mitte,Mitte,OSM,OSM_SCHOOLS,01G46,OSM_SCHOOLS,way:321046049,Grundschule am Koppenplatz (Standort Koppenplatz),,,,,,,,,,10115 Berlin,,12,10115,Berlin,Bezirksamt Mitte von Berlin,,,,+49 30 8471210910,sekretariat@schuleamkoppenplatz.de,https://schule-am-koppenplatz.de,,,True,52.52774284429607,13.39723510715939,True,True
321046054,11001001,Ernst-Schering-Oberschule,52.54720419338473,13.348491131100598,"POLYGON ((13.3480011 52.5473355, 13.3481301 52.5472454, 13.3481924 52.5472006, 13.3478728 52.547034, 13.3478072 52.5469997, 13.3476665 52.5469263, 13.3476547 52.5469202, 13.3476781 52.5469034, 13.34803 52.5466499, 13.3480424 52.5466563, 13.348181 52.5467285, 13.3482582 52.5467687, 13.3487662 52.5470352, 13.3489487 52.5471293, 13.349098 52.5472082, 13.3491844 52.5472528, 13.3493349 52.5473304, 13.3492748 52.547371, 13.3491809 52.5474383, 13.3490201 52.5475591, 13.3489614 52.5476018, 13.348929 52.5476262, 13.3489031 52.5476448, 13.3488292 52.5476977, 13.3487737 52.5477377, 13.3486272 52.5476614, 13.3485367 52.5476147, 13.34839 52.5475386, 13.3482006 52.5474409, 13.3480011 52.5473355))",0105,Mitte,Wedding,OSM,OSM_SCHOOLS,01K02,OSM_SCHOOLS,way:321046054,Ernst-Schering-Oberschule,,,,,,,,,,"Lütticher Straße 47-48, 13353 Berlin",Lütticher Straße,47-48,13353,Berlin,,,,,+49 30 45308710,Ernst-Schering-Oberschule.cids@t-online.de,http://www.eso.cidsnet.de/,,,True,52.54720419338473,13.348491131100598,True,True
321046059,11001001,Hemingway-Schule,52.5308930543915,13.391761047024143,"POLYGON ((13.3916491 52.5303586, 13.3918841 52.5304448, 13.3919098 52.5304258, 13.3922662 52.530532, 13.3921807 52.5306311, 13.3923913 52.5306962, 13.3927555 52.5308063, 13.3929309 52.5308585, 13.3926563 52.53125, 13.391899 52.5310345, 13.3918687 52.5310906, 13.391531 52.5310589, 13.3912333 52.5312245, 13.3911919 52.5313648, 13.3911575 52.531372, 13.3911364 52.5313678, 13.3907169 52.5312985, 13.3905545 52.5312221, 13.3916491 52.5303586))",0101,Mitte,Mitte,OSM,OSM_SCHOOLS,01K07,OSM_SCHOOLS,way:321046059,Hemingway-Schule,,,,,,,,,,"Gartenstraße 10-17, 10115 Berlin",Gartenstraße,10-17,10115,Berlin,,,,,,hemingway.schule@gmail.com,http://www.hemingway-oberschule.de/,,,True,52.5308930543915,13.391761047024143,True,True
321052453,11001001,Freie Schule am Mauerpark,52.54068720620833,13.401385445486595,"POLYGON ((13.4014626 52.5410524, 13.4018332 52.5404485, 13.401359 52.5403155, 13.4009087 52.5409033, 13.4014626 52.5410524))",0106,Mitte,Gesundbrunnen,OSM,OSM_SCHOOLS,01P13,OSM_SCHOOLS,way:321052453,Freie Schule am Mauerpark,,,,,,,,,,"Wolliner Straße 25-26, 13355 Berlin",Wolliner Straße,25-26,13355,Berlin,Freies Lernen in Berlin e.V.,,,,,,,,,True,52.54068720620833,13.401385445486595,True,True
321192976,11001001,Musikgymnasium Carl Philipp Emanuel Bach,52.53625311969361,13.395858715507222,"POLYGON ((13.3952148 52.536329, 13.3953745 52.5363771, 13.3952845 52.5364788, 13.3952024 52.5365717, 13.3954611 52.5366466, 13.3957049 52.5367172, 13.3958999 52.5364842, 13.3959733 52.5363963, 13.3962716 52.5364764, 13.3963777 52.5365049, 13.396553 52.5365521, 13.3968125 52.5366222, 13.3969701 52.5366707, 13.3970492 52.5365648, 13.3968963 52.5365181, 13.3968528 52.5365072, 13.3967023 52.5364703, 13.3965787 52.5364395, 13.3964901 52.5364174, 13.3963435 52.5363807, 13.396048 52.5363066, 13.3960747 52.5362575, 13.3961211 52.5361723, 13.3961287 52.5361582, 13.3961525 52.536115, 13.39622 52.5359494, 13.3962438 52.5358909, 13.3962613 52.5358474, 13.3962156 52.5358365, 13.3957195 52.5357175, 13.3955122 52.5359713, 13.3953825 52.5361287, 13.3952148 52.536329))",0101,Mitte,Mitte,OSM,OSM_SCHOOLS,01Y04,OSM_SCHOOLS,way:321192976,Musikgymnasium Carl Philipp Emanuel Bach,,,,,,,,,,,,,,,,,,,,,,,,True,52.53625311969361,13.395858715507222,True,True
321211413,11002002,Fanny-Hensel-Grundschule,52.50286156500639,13.380054489598152,"POLYGON ((13.3788272 52.5027155, 13.3808041 52.5036488, 13.3812687 52.5035259, 13.3808755 52.502854, 13.3806319 52.5030404, 13.3805916 52.5029789, 13.3805358 52.5029921, 13.3805306 52.5029847, 13.3804338 52.5029862, 13.3804303 52.5029632, 13.3803216 52.5029875, 13.3803066 52.5029666, 13.3801686 52.5030044, 13.3800678 52.5027818, 13.380046 52.5027866, 13.3800223 52.5027759, 13.3800058 52.5027466, 13.3800439 52.5027387, 13.379962 52.5026023, 13.3802903 52.5025145, 13.3804621 52.5024685, 13.3802706 52.5021803, 13.3801855 52.5020611, 13.3800337 52.5021021, 13.379395 52.5022696, 13.3788272 52.5027155))",0202,Friedrichshain-Kreuzberg,Kreuzberg,OSM,OSM_SCHOOLS,02G19,OSM_SCHOOLS,way:321211413,Fanny-Hensel-Grundschule,,,,,,,,,,"Schöneberger Straße 23-24, 10963 Berlin",Schöneberger Straße,23-24,10963,Berlin,,,,,+49 30 50586811,info@fanny-hensel-grundschule.de,https://www.fanny-hensel-grundschule.de/,,,True,52.50286156500639,13.380054489598152,True,True
321211422,11002002,,52.501822435243355,13.392854201309223,"POLYGON ((13.3938837 52.5015075, 13.3928868 52.5018048, 13.3927184 52.5013172, 13.3925259 52.5013053, 13.3925104 52.5012346, 13.3924882 52.5012334, 13.3924922 52.5012047, 13.3924485 52.5012024, 13.3920037 52.5011753, 13.3919927 52.501241, 13.3919127 52.5017108, 13.3914684 52.5016852, 13.3914419 52.5018554, 13.3918862 52.5018811, 13.3918424 52.5021386, 13.3929211 52.50221, 13.392934 52.5021891, 13.3929729 52.5021888, 13.3942381 52.5022663, 13.3941842 52.5021522, 13.3941495 52.5020161, 13.3940951 52.5018442, 13.3940897 52.5017549, 13.3938837 52.5015075))",0202,Friedrichshain-Kreuzberg,Kreuzberg,OSM,OSM_SCHOOLS,,OSM_SCHOOLS,way:321211422,,,,,,,,,,,"Friedrichstraße 13, 10969 Berlin",Friedrichstraße,13,10969,Berlin,,,,,,,,,,True,52.501822435243355,13.392854201309223,True,True
321211424,11002002,Kurt-Schumacher-Grundschule,52.504879600741326,13.388296978600364,"POLYGON ((13.38968 52.5053953, 13.3886562 52.5053448, 13.3884825 52.5053342, 13.3884715 52.5054007, 13.3884097 52.5053978, 13.3883534 52.5053935, 13.3883629 52.505336, 13.3882302 52.5053269, 13.3882396 52.5052632, 13.3881076 52.5052531, 13.3881329 52.5051005, 13.387199 52.5050371, 13.3870169 52.5050204, 13.3872211 52.5046182, 13.3873404 52.5043854, 13.3873856 52.5043663, 13.387677 52.5043868, 13.3882778 52.504428, 13.3889433 52.5044749, 13.3889414 52.5044853, 13.3889146 52.5046331, 13.3888996 52.5047095, 13.3891251 52.504725, 13.389066 52.505101, 13.3896764 52.50513, 13.3897124 52.5051315, 13.38968 52.5053953))",0202,Friedrichshain-Kreuzberg,Kreuzberg,OSM,OSM_SCHOOLS,02G12,OSM_SCHOOLS,way:321211424,Kurt-Schumacher-Grundschule,,,,,,,,,,"Puttkamerstraße 19, 10969 Berlin",Puttkamerstraße,19,10969,Berlin,,,,,,,,,,True,52.504879600741326,13.388296978600364,True,True
321318285,11002002,Hans-Böckler-Schule,52.49936234093201,13.402258560092383,"POLYGON ((13.4008397 52.4995118, 13.4009758 52.4994732, 13.4009834 52.4994711, 13.4010191 52.4995181, 13.4013474 52.4999494, 13.4022314 52.4996922, 13.4023742 52.4998812, 13.4037362 52.4994666, 13.403208 52.4988133, 13.4031699 52.4987689, 13.4031036 52.4986873, 13.4028251 52.4987755, 13.4027395 52.498803, 13.4026613 52.4988276, 13.4025844 52.4988517, 13.4020776 52.4990116, 13.4018127 52.4990872, 13.4017171 52.4991156, 13.40166 52.4991319, 13.4015425 52.4991655, 13.4014908 52.4991017, 13.4014166 52.4991207, 13.4014087 52.4991228, 13.4011673 52.4991841, 13.4008921 52.4992537, 13.4008524 52.4992632, 13.4007805 52.4992826, 13.400679 52.4993012, 13.400652 52.499305, 13.4004836 52.4993487, 13.4005003 52.4993704, 13.4006302 52.4995393, 13.40065 52.4995651, 13.4008397 52.4995118))",0202,Friedrichshain-Kreuzberg,Kreuzberg,OSM,OSM_SCHOOLS,02B02,OSM_SCHOOLS,way:321318285,Hans-Böckler-Schule,,,,,,,,,,"Lobeckstraße 76, 10969 Berlin",Lobeckstraße,76,10969,Berlin,,,,,,,,,,True,52.49936234093201,13.402258560092383,True,True
321318286,11002002,Heinrich-Zille-Grundschule,52.50025124838373,13.428670758403936,"POLYGON ((13.4283856 52.499912, 13.4283126 52.4999009, 13.4281896 52.4999392, 13.4280906 52.4999703, 13.4281625 52.5000561, 13.4279031 52.5001287, 13.4279216 52.5001549, 13.4278558 52.5001726, 13.4278757 52.5002009, 13.4279211 52.5002354, 13.4280366 52.5003705, 13.4280525 52.5003888, 13.4283653 52.5002928, 13.4285098 52.5004614, 13.4285616 52.5005219, 13.4285579 52.5005231, 13.4285817 52.5005526, 13.4288528 52.50048, 13.428929 52.500587, 13.4290203 52.5007109, 13.4290255 52.500718, 13.429102 52.5008216, 13.4291314 52.5008136, 13.4293002 52.5007674, 13.429219 52.5006574, 13.4291486 52.5005606, 13.4290952 52.5004882, 13.4291441 52.500373, 13.4289869 52.5003472, 13.4290121 52.5002917, 13.429054 52.5001898, 13.4293466 52.5002417, 13.429423 52.5000882, 13.4288291 52.4999875, 13.4286833 52.4999628, 13.428566 52.4999429, 13.4284884 52.4999293, 13.4283943 52.4999137, 13.4283856 52.499912))",0202,Friedrichshain-Kreuzberg,Kreuzberg,OSM,OSM_SCHOOLS,02G29,OSM_SCHOOLS,way:321318286,Heinrich-Zille-Grundschule,,,,,,,,,,"Waldemarstraße 118, 10997 Berlin",Waldemarstraße,118,10997,Berlin,,,,,,,,,,True,52.50025124838373,13.428670758403936,True,True
321318287,11002002,Otto-Wels-Grundschule,52.5002102581699,13.402093870022593,"POLYGON ((13.4019764 52.5007277, 13.4017937 52.5005206, 13.4016456 52.5003133, 13.4013474 52.4999494, 13.4022314 52.4996922, 13.4023742 52.4998812, 13.4023889 52.4999002, 13.4028312 52.5004737, 13.4019764 52.5007277))",0202,Friedrichshain-Kreuzberg,Kreuzberg,OSM,OSM_SCHOOLS,02G24,OSM_SCHOOLS,way:321318287,Otto-Wels-Grundschule,,,,,,,,,,Alexandrinenstraße 12,Alexandrinenstraße,12,,,,,,,+49 30 50585311,buero@owg-berlin.de,https://owg-berlin.de/,,,True,52.5002102581699,13.402093870022593,True,True
321318288,11002002,Reinhardswald-Grundschule,52.491217362324186,13.399456855341752,"POLYGON ((13.398375 52.4917959, 13.3992705 52.4916182, 13.4008652 52.4912849, 13.4003847 52.4906515, 13.3993482 52.4908604, 13.3992411 52.4908822, 13.3988259 52.4909665, 13.3988337 52.490981, 13.3981781 52.491115, 13.3982314 52.4913045, 13.3982626 52.4914155, 13.3982844 52.4914874, 13.398375 52.4917959))",0202,Friedrichshain-Kreuzberg,Kreuzberg,OSM,OSM_SCHOOLS,02G21,OSM_SCHOOLS,way:321318288,Reinhardswald-Grundschule,,,,,,,,,,"Gneisenaustraße 73-74, 10961",Gneisenaustraße,73-74,10961,,Bezirksamt Friedrichshain-Kreuzberg von Berlin,,,,+49 30 69037211,sekretariat@reinhardswald.schule.berlin.de,https://www.reinhardswald-grundschule.de/,,,True,52.491217362324186,13.399456855341752,True,True
321388391,11002002,Hector-Peterson-Schule,52.4978944735911,13.383113684507276,"POLYGON ((13.3825563 52.498441, 13.3825344 52.4984609, 13.3825508 52.4985144, 13.3827719 52.4985175, 13.3827671 52.4985758, 13.3833593 52.4985937, 13.3833083 52.4984759, 13.3832212 52.4982744, 13.3831851 52.4981911, 13.3831455 52.4980944, 13.3835737 52.498021, 13.3836761 52.4982617, 13.3837598 52.4982482, 13.3838618 52.4982318, 13.3840453 52.4982023, 13.3841358 52.4981877, 13.3842312 52.4981723, 13.3842233 52.4981544, 13.383904 52.4974337, 13.3838523 52.4973168, 13.3838407 52.4972907, 13.3837366 52.4973067, 13.3837162 52.4973098, 13.3836557 52.4973191, 13.3836496 52.4973057, 13.3835522 52.4973218, 13.3834679 52.4973357, 13.3834779 52.4973584, 13.383379 52.4973747, 13.3832945 52.4973886, 13.3832765 52.4973531, 13.3830606 52.4973865, 13.3828419 52.4974203, 13.3828233 52.4973755, 13.3827855 52.4973815, 13.3827564 52.4973861, 13.3824347 52.4974369, 13.382347 52.4974508, 13.3824135 52.4976653, 13.38242 52.4976872, 13.3823339 52.4977029, 13.3821344 52.4977393, 13.3820637 52.4977523, 13.3821608 52.498071, 13.3821778 52.4981269, 13.3822118 52.4982386, 13.382464 52.4982223, 13.3824717 52.4982405, 13.3825563 52.498441))",0202,Friedrichshain-Kreuzberg,Kreuzberg,OSM,OSM_SCHOOLS,02K03,OSM_SCHOOLS,way:321388391,Hector-Peterson-Schule,,,,,,,,,,"Tempelhofer Ufer 15, 10963 Berlin",Tempelhofer Ufer,15,10963,Berlin,Bezirksamt Friedrichshain-Kreuzberg von Berlin,,,,+49 30 50587711,sekretariat@hps-berlin.schule,https://hps-berlin.schule/,,,True,52.4978944735911,13.383113684507276,True,True
321388392,11002002,Bergmannkiez-Gemeinschaftsschule (Sekundarstufe),52.49112032675448,13.38916170011185,"POLYGON ((13.3896301 52.4919, 13.3896094 52.4919042, 13.3895775 52.4919106, 13.3895009 52.4919259, 13.3894628 52.4919338, 13.3894294 52.4919402, 13.3893003 52.4919658, 13.3891725 52.4915388, 13.3891231 52.4913722, 13.389096 52.4912803, 13.3890906 52.4912623, 13.3890481 52.4911141, 13.3890294 52.4910568, 13.389019 52.4910214, 13.3890014 52.4909628, 13.3889539 52.4908129, 13.3888491 52.4908249, 13.3884856 52.4908763, 13.3883302 52.4908996, 13.3882843 52.4909065, 13.3880587 52.4909403, 13.3879938 52.49095, 13.3878961 52.4909634, 13.3878347 52.4907983, 13.3879362 52.4907838, 13.3882576 52.4907378, 13.3882353 52.490667, 13.3882195 52.490616, 13.3881893 52.4905227, 13.3882214 52.4905192, 13.3882463 52.4905169, 13.3883113 52.4905089, 13.3884291 52.4904954, 13.3886436 52.4904707, 13.388784 52.4904547, 13.3888626 52.4904456, 13.3889322 52.4904385, 13.3889195 52.4903962, 13.3890144 52.4903854, 13.3890244 52.4904177, 13.3891008 52.4906692, 13.3891365 52.490784, 13.3896298 52.4907182, 13.3897714 52.4911873, 13.3897956 52.491267, 13.3898382 52.4914098, 13.3898682 52.491509, 13.3898727 52.4915239, 13.3899156 52.4916653, 13.3899439 52.4917572, 13.3899669 52.4918306, 13.3898924 52.4918462, 13.3898713 52.4918506, 13.3897948 52.4918664, 13.3897303 52.4918798, 13.3896835 52.4918892, 13.3896301 52.4919))",0202,Friedrichshain-Kreuzberg,Kreuzberg,OSM,OSM_SCHOOLS,02K04,OSM_SCHOOLS,way:321388392,Bergmannkiez-Gemeinschaftsschule (Sekundarstufe),,,,,,,,,,"Gneisenaustraße 7, 10961 Berlin",Gneisenaustraße,7,10961,Berlin,Bezirksamt Friedrichshain-Kreuzberg von Berlin,,,,,,,,,True,52.49112032675448,13.38916170011185,True,True
321520176,11002002,Gustav-Meyer-Schule,52.49664581659764,13.416690107182843,"POLYGON ((13.4166036 52.4970788, 13.4163654 52.4970221, 13.416232 52.4968364, 13.4162012 52.4967936, 13.4160256 52.4965491, 13.4160471 52.496505, 13.4160585 52.4965021, 13.4160416 52.4964781, 13.4158823 52.4962516, 13.416045 52.4962088, 13.4163267 52.4961321, 13.4166314 52.4965617, 13.4168752 52.4964968, 13.4168113 52.4964085, 13.4170405 52.4963493, 13.4171161 52.4964506, 13.4172882 52.4964037, 13.4175896 52.4967871, 13.4174195 52.4968308, 13.4173735 52.4968741, 13.416975 52.4969801, 13.4169049 52.4969987, 13.4166036 52.4970788))",0202,Friedrichshain-Kreuzberg,Kreuzberg,OSM,OSM_SCHOOLS,02S02,OSM_SCHOOLS,way:321520176,Gustav-Meyer-Schule,,,,,,,,,,"Kohlfurter Straße 22, 10999 Berlin",Kohlfurter Straße,22,10999,Berlin,Land Berlin,,,,,,,,,True,52.49664581659764,13.416690107182843,True,True
321520177,11002002,Netzwerk-Schule,52.5132840224593,13.44389781150329,"POLYGON ((13.4444778 52.513599, 13.4444366 52.5136468, 13.4443941 52.5136961, 13.4442529 52.5136525, 13.4437095 52.5137236, 13.4436787 52.5136405, 13.4435531 52.5132585, 13.4434505 52.512953, 13.4440371 52.5127785, 13.4441692 52.5131992, 13.4441957 52.5132797, 13.4442811 52.5135393, 13.4444778 52.513599))",0201,Friedrichshain-Kreuzberg,Friedrichshain,OSM,OSM_SCHOOLS,02P13,OSM_SCHOOLS,way:321520177,Netzwerk-Schule,,,,,,,,,,"Marchlewskistraße 40, 10243 Berlin",Marchlewskistraße,40,10243,Berlin,Netzwerk Spiel/Kultur Prenzlauer Berg e.V.,,,,,,,,,True,52.5132840224593,13.44389781150329,True,True
321549677,11002002,Andreas-Gymnasium,52.51431888448994,13.433687503444625,"POLYGON ((13.4328394 52.5146512, 13.4336931 52.5145517, 13.4337134 52.5145502, 13.4337806 52.5145449, 13.4344971 52.5144534, 13.4344894 52.51443, 13.4344829 52.5144101, 13.4344625 52.5143456, 13.4344239 52.5142303, 13.434504 52.5142225, 13.4346126 52.514209, 13.434678 52.5141878, 13.4348526 52.5141357, 13.4347161 52.5139732, 13.4345583 52.5140204, 13.4345199 52.5140276, 13.434104 52.5140817, 13.4340811 52.5140622, 13.4339198 52.5140766, 13.4335727 52.5141161, 13.4327007 52.5142193, 13.4327344 52.5143197, 13.4327729 52.5144522, 13.4327857 52.5144872, 13.4328093 52.5145534, 13.4328394 52.5146512))",0201,Friedrichshain-Kreuzberg,Friedrichshain,OSM,OSM_SCHOOLS,02Y01,OSM_SCHOOLS,way:321549677,Andreas-Gymnasium,,,,,,,,,,"Koppenstraße 76, 10243 Berlin",Koppenstraße,76,10243,Berlin,,,,,,,,,,True,52.51431888448994,13.433687503444625,True,True
323221864,11003003,Montessori Gemeinschaftsschule Berlin Buch,52.641371440695245,13.488804046571145,"POLYGON ((13.4891992 52.6420393, 13.4898298 52.6416324, 13.489565 52.6414805, 13.4897026 52.6413918, 13.4885065 52.6406933, 13.4876982 52.6412067, 13.4891683 52.6420588, 13.4891992 52.6420393))",0309,Pankow,Buch,OSM,OSM_SCHOOLS,03P32,OSM_SCHOOLS,way:323221864,Montessori Gemeinschaftsschule Berlin Buch,,,,,,,,,,,,,,,,,,,,,https://www.montessori-berlin-buch.de/,,,True,52.641371440695245,13.488804046571145,True,True
331813666,11003003,Grundschule an den Buchen,52.5793721272882,13.39469520205049,"POLYGON ((13.3955122 52.5798324, 13.3956967 52.5797077, 13.3958882 52.5795783, 13.395393 52.579294, 13.3954164 52.5792782, 13.3949928 52.5790461, 13.3950128 52.5788016, 13.3942304 52.5787936, 13.3942216 52.5788365, 13.3941064 52.579188, 13.3938164 52.5791585, 13.3937803 52.5793153, 13.3937258 52.5793075, 13.3935995 52.5795288, 13.3938495 52.5795533, 13.3937828 52.5796924, 13.3945936 52.5797574, 13.3948827 52.5797806, 13.3951273 52.5798002, 13.3954214 52.5798238, 13.3955122 52.5798324))",0311,Pankow,Niederschönhausen,OSM,OSM_SCHOOLS,03G32,OSM_SCHOOLS,way:331813666,Grundschule an den Buchen,,,,,,,,,,"Wilhelm-Wolff-Straße 19, 13156 Berlin",Wilhelm-Wolff-Straße,19,13156,Berlin,,,,,+49 30 916 99 460,sekretariat-gsbuchen@gmx.de,https://www.gs-buchen.de/,,,True,52.5793721272882,13.39469520205049,True,True
334117806,11008008,Hermann-Sander-Grundschule,52.46393505582671,13.430204753754534,"POLYGON ((13.4296437 52.4641474, 13.4292792 52.4641042, 13.4292128 52.4640961, 13.429167 52.4640905, 13.428714 52.4640354, 13.428593 52.4640206, 13.4286622 52.4638091, 13.4286983 52.4636992, 13.4287315 52.4635984, 13.4287699 52.4634816, 13.4318217 52.463852, 13.4317048 52.4642318, 13.4316999 52.4642378, 13.4316222 52.464349, 13.4316106 52.4643837, 13.4307613 52.4642827, 13.4306783 52.4642723, 13.4304218 52.4642413, 13.4299016 52.4641785, 13.4296765 52.4641514, 13.4296437 52.4641474))",0801,Neukölln,Neukölln,OSM,OSM_SCHOOLS,08G15,OSM_SCHOOLS,way:334117806,Hermann-Sander-Grundschule,,,,,,,,,,,,,,,,,,,,,,,,True,52.46393505582671,13.430204753754534,True,True
335967833,11012012,Gabriele-von-Bülow-Gymnasium,52.59256143103969,13.296300480595528,"POLYGON ((13.2956024 52.5929038, 13.2955793 52.5930012, 13.2967409 52.5931121, 13.2970231 52.5921247, 13.2958677 52.5920063, 13.2957266 52.5924823, 13.2956024 52.5929038))",1202,Reinickendorf,Tegel,OSM,OSM_SCHOOLS,12Y04,OSM_SCHOOLS,way:335967833,Gabriele-von-Bülow-Gymnasium,,,,,,,,,,"Tile-Brügge-Weg 63, 13509 Berlin",Tile-Brügge-Weg,63,13509,Berlin,,,,,,,,,,True,52.59256143103969,13.296300480595528,True,True
336565339,11011011,Grundschule im Gutspark,52.52229449330473,13.482874850420684,"POLYGON ((13.4830939 52.5226903, 13.4832632 52.5226788, 13.4833113 52.5226693, 13.4833919 52.5219124, 13.4828992 52.5219128, 13.4824372 52.5219179, 13.4823448 52.5226502, 13.4830939 52.5226903))",1103,Lichtenberg,Lichtenberg,OSM,OSM_SCHOOLS,11G03,OSM_SCHOOLS,way:336565339,Grundschule im Gutspark,,,,,,,,,,"Josef-Orlopp-Straße 20, 10367 Berlin",Josef-Orlopp-Straße,20,10367,Berlin,,,,,+49 30 558 81 70,sekretariat@gutspark.schule.berlin.de,https://grundschule-im-gutspark.d,,,True,52.52229449330473,13.482874850420684,True,True
337806374,11007007,Neumark-Grundschule,52.49296110758272,13.363533077403686,"POLYGON ((13.3625578 52.4927761, 13.3634285 52.4927324, 13.3633947 52.4923791, 13.3635734 52.4923506, 13.363753 52.492322, 13.3638829 52.4923015, 13.3641063 52.4922663, 13.3645186 52.4932336, 13.3632997 52.4934304, 13.3633114 52.4934955, 13.3628612 52.4935189, 13.3628064 52.4935214, 13.36272 52.4935258, 13.3626695 52.4935286, 13.3625578 52.4927761))",0701,Tempelhof-Schöneberg,Schöneberg,OSM,OSM_SCHOOLS,07G13,OSM_SCHOOLS,way:337806374,Neumark-Grundschule,,,,,,,,,,"Steinmetzstraße 46-50, 10783 Berlin",Steinmetzstraße,46-50,10783,Berlin,,,,,,sekretariat@neumark.schule.berlin.de,https://www.neumark-grundschule.de/,,,True,52.49296110758272,13.363533077403686,True,True
337806376,11007007,Spreewald-Grundschule,52.49530176711178,13.356234439030624,"POLYGON ((13.3555346 52.4947342, 13.3554527 52.4947544, 13.3553684 52.4947918, 13.3552512 52.4952684, 13.3552988 52.4953028, 13.355327 52.4953432, 13.3552789 52.4953711, 13.3553097 52.4954039, 13.3553389 52.4954351, 13.3556616 52.4956155, 13.3561602 52.4957729, 13.3561776 52.4959674, 13.3561875 52.4960841, 13.3566286 52.4960862, 13.3566245 52.4958543, 13.3571069 52.4957655, 13.3571038 52.4957292, 13.3571003 52.4956881, 13.3570962 52.4956202, 13.3570961 52.4956132, 13.3570813 52.4954119, 13.35707 52.4952668, 13.3570719 52.4952205, 13.3570377 52.4948441, 13.3564028 52.4948752, 13.3563907 52.4948151, 13.3563622 52.4946681, 13.3561347 52.4946859, 13.3555346 52.4947342))",0701,Tempelhof-Schöneberg,Schöneberg,OSM,OSM_SCHOOLS,07G01,OSM_SCHOOLS,way:337806376,Spreewald-Grundschule,,,,,,,,,,,,,,,,,,,,,,,,True,52.49530176711178,13.356234439030624,True,True
338616027,11002002,Evangelische Schule Berlin-Friedrichshain,52.52102723377468,13.449213872637275,"POLYGON ((13.4490745 52.5210382, 13.4491331 52.5209515, 13.4492904 52.5209923, 13.4492733 52.5210173, 13.4493588 52.5210405, 13.4493196 52.5211003, 13.4490745 52.5210382))",0201,Friedrichshain-Kreuzberg,Friedrichshain,OSM,OSM_SCHOOLS,02P25,OSM_SCHOOLS,way:338616027,Evangelische Schule Berlin-Friedrichshain,,,,,,,,,,"Petersburger Platz 5, 10249 Berlin",Petersburger Platz,5,10249,Berlin,Evangelische Schulstiftung in der EKBO,,,,,,https://www.ev-schule-friedrichshain.de,,,True,52.52102723377468,13.449213872637275,True,True
339482810,11002002,Clara-Grunwald-Grundschule,52.50082896703321,13.38499679275679,"POLYGON ((13.3845313 52.5010941, 13.385446 52.5009727, 13.3854356 52.5009402, 13.3854853 52.5009326, 13.3857305 52.5007218, 13.3857231 52.5006995, 13.385708 52.5006539, 13.3843779 52.5006442, 13.3844644 52.5008977, 13.3845208 52.5010652, 13.3845313 52.5010941))",0202,Friedrichshain-Kreuzberg,Kreuzberg,OSM,OSM_SCHOOLS,02G32,OSM_SCHOOLS,way:339482810,Clara-Grunwald-Grundschule,,,,,,,,,,,,,,,Land Berlin,,,,,,,,,True,52.50082896703321,13.38499679275679,True,True
340606521,11002002,Berlin Bilingual School,52.525199871325825,13.424987619974317,"POLYGON ((13.4243122 52.5251109, 13.424478 52.5252132, 13.4249997 52.5255348, 13.4250424 52.5255611, 13.425122 52.5255114, 13.4252193 52.525569, 13.4255833 52.5253416, 13.4255947 52.5253489, 13.4256787 52.5252984, 13.4248309 52.5247962, 13.424611 52.5249315, 13.4245221 52.5249849, 13.4243122 52.5251109))",0201,Friedrichshain-Kreuzberg,Friedrichshain,OSM,OSM_SCHOOLS,02P11,OSM_SCHOOLS,way:340606521,Berlin Bilingual School,,,,,,,,,,,,,,,,,,,,,https://www.berlin-bilingual-school.de/,,,True,52.525199871325825,13.424987619974317,True,True
340606539,11002002,Schule am Königstor,52.52562330471372,13.42620933642831,"POLYGON ((13.4250424 52.5255611, 13.4249527 52.5256172, 13.4252209 52.5257834, 13.4253258 52.5257198, 13.4257924 52.5259989, 13.4259842 52.5258778, 13.426006 52.5258642, 13.4261206 52.5259431, 13.4262135 52.5259986, 13.4263343 52.5260708, 13.426639 52.5258821, 13.4272851 52.5254891, 13.4273321 52.5254607, 13.4272107 52.5253677, 13.4269761 52.5251633, 13.4270029 52.525145, 13.4269623 52.5251186, 13.42678 52.5252381, 13.4265261 52.5254044, 13.4265402 52.5254171, 13.4262022 52.5256153, 13.4256787 52.5252984, 13.4255947 52.5253489, 13.4255833 52.5253416, 13.4252193 52.525569, 13.425122 52.5255114, 13.4250424 52.5255611))",0201,Friedrichshain-Kreuzberg,Friedrichshain,OSM,OSM_SCHOOLS,02K05,OSM_SCHOOLS,way:340606539,Schule am Königstor,,,,,,,,,,"Weinstraße 3, 10249 Berlin",Weinstraße,3,10249,Berlin,,,,,,,,,,True,52.52562330471372,13.42620933642831,True,True
342336941,11005005,B.-Traven-Gemein­schafts­schule,52.54636061233784,13.174425141776625,"POLYGON ((13.1734569 52.545706, 13.1735868 52.5461452, 13.1740333 52.5473918, 13.174122 52.5474259, 13.1754135 52.5472495, 13.1754713 52.5472019, 13.1750207 52.5459234, 13.1748398 52.545298, 13.1743693 52.5453273, 13.1743772 52.5453803, 13.1733903 52.5454519, 13.1734569 52.545706))",0508,Spandau,Falkenhagener Feld,OSM,OSM_SCHOOLS,05K05,OSM_SCHOOLS,way:342336941,B.-Traven-Gemein­schafts­schule,,,,,,,,,,"Recklinghauser Weg 26-32, 13583 Berlin",Recklinghauser Weg,26-32,13583,Berlin,Technische Jugend­­freizeit- & Bildungs­­gesell­schaft,,,,,,https://www.btg-schule.de,,,True,52.54636061233784,13.174425141776625,True,True
342339379,11005005,Siegerland-Grundschule,52.55155877662654,13.176651579967237,"POLYGON ((13.1783773 52.5518043, 13.1781826 52.5515079, 13.1780401 52.551254, 13.1778114 52.5507929, 13.1777635 52.5507774, 13.1753743 52.5512218, 13.1751518 52.5512569, 13.1749565 52.5512608, 13.1755052 52.5523514, 13.1783773 52.5518043))",0508,Spandau,Falkenhagener Feld,OSM,OSM_SCHOOLS,05G06,OSM_SCHOOLS,way:342339379,Siegerland-Grundschule,,,,,,,,,,"Hermann-Schmidt-Weg 4, 13589 Berlin",Hermann-Schmidt-Weg,4,13589,Berlin,Bezirksamt Spandau von Berlin,,,,,schulleitung@siegerland-schule.de,,,,True,52.55155877662654,13.176651579967237,True,True
343382601,11009009,Amtsfeld-Schule (Grundschule),52.44403039479644,13.588850854419302,"POLYGON ((13.5895908 52.4435335, 13.5884805 52.4435704, 13.588484 52.4436443, 13.5877891 52.4436528, 13.5878446 52.4438323, 13.5880646 52.444135, 13.5881995 52.4442996, 13.5882722 52.4443791, 13.5883292 52.4444307, 13.5884879 52.4445474, 13.5896768 52.4445204, 13.5895908 52.4435335))",0910,Treptow-Köpenick,Köpenick,OSM,OSM_SCHOOLS,09G19,OSM_SCHOOLS,way:343382601,Amtsfeld-Schule (Grundschule),,,,,,,,,,"Pablo-Neruda-Straße 8, 12559 Berlin",Pablo-Neruda-Straße,8,12559,Berlin,Land Berlin,,,,,,,,,True,52.44403039479644,13.588850854419302,True,True
350350617,11009009,Oberschule an der Dahme,52.440410393278555,13.566680612782168,"POLYGON ((13.5658846 52.4402316, 13.5670585 52.4410017, 13.5671255 52.4408022, 13.5673826 52.4404904, 13.5664614 52.4399003, 13.5664351 52.4399255, 13.5658846 52.4402316))",0910,Treptow-Köpenick,Köpenick,OSM,OSM_SCHOOLS,09K08,OSM_SCHOOLS,way:350350617,Oberschule an der Dahme,,,,,,,,,,"Glienicker Straße 24 - 30, 12557 Berlin",Glienicker Straße,24 - 30,12557,Berlin,,,,,,,,,,True,52.440410393278555,13.566680612782168,True,True
350949265,11008008,Herman-Nohl-Schule,52.45481370970548,13.439144117077092,"POLYGON ((13.4388567 52.4543642, 13.4388251 52.4544602, 13.4387252 52.4544488, 13.438719 52.4544606, 13.4386749 52.4545971, 13.4385855 52.4548086, 13.4386282 52.4548115, 13.438544 52.455038, 13.438508 52.4551456, 13.4385277 52.4551479, 13.438581 52.4551542, 13.439079 52.4552154, 13.4390783 52.4552183, 13.43926 52.4552405, 13.4392608 52.4552381, 13.439366 52.4552511, 13.4395151 52.4552693, 13.4396166 52.4549775, 13.4396936 52.4547298, 13.4397777 52.4544757, 13.4396301 52.4544562, 13.4395222 52.454442, 13.4393404 52.4544198, 13.4393393 52.4544228, 13.4391892 52.4544039, 13.4390572 52.4543877, 13.439058 52.4543854, 13.4389898 52.454377, 13.4389889 52.4543793, 13.4388567 52.4543642))",0802,Neukölln,Britz,OSM,OSM_SCHOOLS,08G19,OSM_SCHOOLS,way:350949265,Herman-Nohl-Schule,,,,,,,,,,"Hannemannstraße 68, 12347 Berlin",Hannemannstraße,68,12347,Berlin,,,,,,,,,,True,52.45481370970548,13.439144117077092,True,True
350966195,11008008,Alfred-Nobel-Schule,52.44824918757559,13.434673017895902,"POLYGON ((13.4338842 52.4476066, 13.4338226 52.44872, 13.4346402 52.4488348, 13.4352364 52.4487425, 13.4358759 52.4487531, 13.4355311 52.4482782, 13.4350637 52.4476326, 13.4338842 52.4476066))",0802,Neukölln,Britz,OSM,OSM_SCHOOLS,08K11,OSM_SCHOOLS,way:350966195,Alfred-Nobel-Schule,,,,,,,,,,"Britzer Damm 164-170, 12347 Berlin",Britzer Damm,164-170,12347,Berlin,Bezirksamt Neukölln von Berlin,,,,+49 30 6064032,,https://alfred-nobel-schule.de/,,,True,52.44824918757559,13.434673017895902,True,True
353701652,11009009,Hort der Friedrichshagener Grundschule,52.453909222530726,13.62037762065072,"POLYGON ((13.6196684 52.4536314, 13.6196834 52.4537686, 13.6197727 52.4537652, 13.6198126 52.4541088, 13.620288 52.4540908, 13.6203104 52.4543017, 13.6209411 52.4542733, 13.6209169 52.4540657, 13.6208688 52.4540615, 13.6208681 52.4540528, 13.6208673 52.4540391, 13.6208655 52.454016, 13.6209128 52.4540092, 13.6208559 52.4535834, 13.6196684 52.4536314))",0911,Treptow-Köpenick,Friedrichshagen,OSM,OSM_SCHOOLS,09G27b,OSM_SCHOOLS,way:353701652,Hort der Friedrichshagener Grundschule,,,,,,,,,,"Peter-Hille-Straße 18, 12587 Berlin",Peter-Hille-Straße,18,12587,Berlin,,,,,,,http://www.friedrichshagener-grundschule.cidsnet.de/,,,True,52.453909222530726,13.62037762065072,True,True
354093830,11009009,Mosaik Grundschule,52.4446821540429,13.528707358700466,"POLYGON ((13.5279546 52.4447056, 13.5283577 52.4449619, 13.5286797 52.4451411, 13.5287377 52.4451055, 13.5286859 52.4450773, 13.5289738 52.4448757, 13.5291389 52.4449682, 13.5293319 52.4448379, 13.5293275 52.4448357, 13.5292819 52.4448125, 13.5294776 52.4446761, 13.5286647 52.4442257, 13.5279546 52.4447056))",0905,Treptow-Köpenick,Niederschöneweide,OSM,OSM_SCHOOLS,09P12,OSM_SCHOOLS,way:354093830,Mosaik Grundschule,,,,,,,,,,"Adlergestell 133, 12439 Berlin",Adlergestell,133,12439,Berlin,IBEB – Initiative für Bildung und Erziehung Berlin gGmbH,,,,,,http://mosaik-gs.com/,,,True,52.4446821540429,13.528707358700466,True,True
358713899,11010010,Gretel-Bergmann-Gemeinschaftsschule,52.557918311158296,13.560276380790283,"POLYGON ((13.559648 52.5579955, 13.5596651 52.5580142, 13.5600449 52.5584286, 13.5600653 52.5584369, 13.5600856 52.5584451, 13.560288 52.5583866, 13.5603167 52.5583775, 13.5605064 52.558597, 13.5607417 52.5586466, 13.561497 52.5584069, 13.5610316 52.5578601, 13.5604778 52.5572216, 13.5603964 52.5572465, 13.560318 52.5572705, 13.5597315 52.55745, 13.5596829 52.557388, 13.5594723 52.5573734, 13.5588598 52.5575676, 13.5588882 52.557601, 13.5590256 52.5577631, 13.5591975 52.5579575, 13.5593622 52.557906, 13.5597667 52.5577796, 13.5598069 52.5578271, 13.5598199 52.5578428, 13.559648 52.5579955))",1001,Marzahn-Hellersdorf,Marzahn,OSM,OSM_SCHOOLS,10K12,OSM_SCHOOLS,way:358713899,Gretel-Bergmann-Gemeinschaftsschule,,,,,,,,,,,,,,,,,,,,,https://gretel-bergmann-gems.de/unsere-gemeinschaftsschule/berufsorientierung/,,,True,52.557918311158296,13.560276380790283,True,True
359146089,11004004,OSZ Ästhetik und Technik,52.51053278002416,13.319849888076542,"POLYGON ((13.320997 52.510316, 13.3209702 52.510482, 13.3209219 52.51048, 13.3209191 52.510496, 13.3208848 52.5106914, 13.3208761 52.5107463, 13.3207773 52.5107402, 13.3207402 52.5109629, 13.3208112 52.5109671, 13.3207999 52.5110272, 13.3201927 52.510988, 13.319972 52.5109738, 13.3198639 52.5109669, 13.3186798 52.5108952, 13.3187068 52.5107185, 13.3190431 52.5103121, 13.3191061 52.5102359, 13.3191349 52.5102015, 13.3192355 52.5100795, 13.3193038 52.5099941, 13.3193448 52.510007, 13.3193986 52.5099322, 13.3194838 52.5099382, 13.3201608 52.5099793, 13.3201211 52.5102219, 13.3209606 52.5102841, 13.320997 52.510316))",0401,Charlottenburg-Wilmersdorf,Charlottenburg,OSM,OSM_SCHOOLS,04B07,OSM_SCHOOLS,way:359146089,OSZ Ästhetik und Technik,,,,,,,,,,"Schillerstraße 120, 10625 Berlin",Schillerstraße,120,10625,Berlin,,,,,,,,,,True,52.51053278002416,13.319849888076542,True,True
360106702,11003003,Picasso Grundschule,52.54780071598078,13.461217848421093,"POLYGON ((13.4621097 52.547557, 13.461647 52.5474551, 13.4615249 52.5473312, 13.4602065 52.5470411, 13.459949 52.5474892, 13.4600021 52.5475007, 13.4598104 52.547832, 13.4602625 52.5479307, 13.4601574 52.5481099, 13.4601442 52.5481327, 13.4619835 52.5485372, 13.462294 52.5480124, 13.462369 52.5480277, 13.4623069 52.5481302, 13.4625687 52.548187, 13.4628301 52.5477196, 13.4625064 52.5476506, 13.4621097 52.547557))",0302,Pankow,Weißensee,OSM,OSM_SCHOOLS,03G18,OSM_SCHOOLS,way:360106702,Picasso Grundschule,,,,,,,,,,"Gounodstraße 71, 13088 Berlin",Gounodstraße,71,13088,Berlin,Bezirksamt Pankow von Berlin,,,,+4930 960666 0,picasso-schule@t-online.de,https://picasso-grundschule.de/,,,True,52.54780071598078,13.461217848421093,True,True
361839529,11006006,Berthold-Otto-Schule,52.439299201648524,13.306874710041509,"POLYGON ((13.3063872 52.4392989, 13.3072824 52.4396618, 13.3073885 52.439673, 13.3077554 52.4393678, 13.3072962 52.4391836, 13.3073701 52.4391161, 13.3068835 52.4388304, 13.3062398 52.43924, 13.3057287 52.4395762, 13.3059664 52.4396746, 13.3063872 52.4392989))",0602,Steglitz-Zehlendorf,Lichterfelde,OSM,OSM_SCHOOLS,06P13,OSM_SCHOOLS,way:361839529,Berthold-Otto-Schule,,,,,,,,,,"Holbeinstraße 21, 12203 Berlin",Holbeinstraße,21,12203,Berlin,,,,,+49 30 8335090,Sekretariat@Berthold-Otto-Schule.de,https://www.berthold-otto-schule.de/,,,True,52.439299201648524,13.306874710041509,True,True
361891078,11006006,Käthe-Kruse-Grundschule,52.437944992733684,13.30965744639759,"POLYGON ((13.3100551 52.4383299, 13.3101164 52.4382874, 13.3104334 52.4381003, 13.3104562 52.4380869, 13.3096456 52.4375514, 13.3094655 52.4376668, 13.3094369 52.437682, 13.309406 52.4376938, 13.3093709 52.4377035, 13.3093358 52.4377107, 13.3092991 52.4377151, 13.3092622 52.4377163, 13.3092345 52.4377159, 13.3092068 52.4377144, 13.3091741 52.4377097, 13.3091404 52.4377021, 13.3091108 52.4376929, 13.3090798 52.4376789, 13.3090527 52.4376629, 13.3089262 52.4381012, 13.3093257 52.4381098, 13.3095803 52.4381257, 13.3097696 52.4381509, 13.3098553 52.4382063, 13.3100551 52.4383299))",0602,Steglitz-Zehlendorf,Lichterfelde,OSM,OSM_SCHOOLS,06G26,OSM_SCHOOLS,way:361891078,Käthe-Kruse-Grundschule,,,,,,,,,,"Tietzenweg 108, 12203 Berlin",Tietzenweg,108,12203,Berlin,Bezirksamt Steglitz-Zehlendorf von Berlin,,,,+49 30 84416950,,https://www.kaethe-kruse-grundschule.de,,,True,52.437944992733684,13.30965744639759,True,True
363401187,11009009,Lehrkabinett und Waldschule Teufelssee,52.42054938728814,13.633940597016927,"POLYGON ((13.6338243 52.4205594, 13.6339001 52.420556, 13.6339167 52.420666, 13.6340729 52.4206579, 13.6340571 52.420542, 13.633986 52.4205449, 13.6339685 52.4204345, 13.6338063 52.420443, 13.6338243 52.4205594))",0910,Treptow-Köpenick,Köpenick,OSM,OSM_SCHOOLS,,OSM_SCHOOLS,way:363401187,Lehrkabinett und Waldschule Teufelssee,,,,,,,,,,,,,,,,,,,,,,,,True,52.42054938728814,13.633940597016927,True,True
364427185,11011011,Alexander-Puschkin-Schule,52.508024584461324,13.515713245593398,"POLYGON ((13.5164764 52.5077885, 13.5163476 52.5083963, 13.5154372 52.5083119, 13.5154191 52.5084092, 13.5149912 52.5083806, 13.5150757 52.5079765, 13.5151508 52.5076174, 13.515155 52.5076047, 13.5157633 52.5076663, 13.5164764 52.5077885))",1101,Lichtenberg,Friedrichsfelde,OSM,OSM_SCHOOLS,11K01,OSM_SCHOOLS,way:364427185,Alexander-Puschkin-Schule,,,,,,,,,,"Massower Straße 37, 10315 Berlin",Massower Straße,37,10315,Berlin,,,,,+49 30 5251429,mail@puschkinschule.eu,https://puschkinschule.eu/,,,True,52.508024584461324,13.515713245593398,True,True
364588554,11008008,Ernst-Abbe-Gymnasium,52.4837669289227,13.437582007712267,"POLYGON ((13.4366678 52.4835859, 13.4367852 52.4836604, 13.4371402 52.4838837, 13.4374648 52.4840879, 13.4377244 52.4842518, 13.4377932 52.4842176, 13.4380888 52.4840708, 13.4381525 52.4840392, 13.4382817 52.4839757, 13.4384787 52.4838785, 13.4383228 52.4837609, 13.4381773 52.483653, 13.4379832 52.483502, 13.4377347 52.4836249, 13.4376487 52.4835634, 13.4375368 52.4834791, 13.4374364 52.4834032, 13.4374138 52.4833858, 13.4374053 52.4833794, 13.4373835 52.4833627, 13.4372791 52.4832843, 13.4371418 52.4833519, 13.4371117 52.4833667, 13.4370809 52.4833819, 13.437051 52.4833966, 13.4370578 52.4834021, 13.4369444 52.483458, 13.4369374 52.4834525, 13.4369347 52.4834538, 13.4367765 52.4835321, 13.4367491 52.4835457, 13.4367285 52.4835559, 13.4367075 52.4835663, 13.4366808 52.4835795, 13.4366678 52.4835859))",0801,Neukölln,Neukölln,OSM,OSM_SCHOOLS,08Y04,OSM_SCHOOLS,way:364588554,Ernst-Abbe-Gymnasium,,,,,,,,,,"Sonnenallee 79, 12045 Berlin",Sonnenallee,79,12045,Berlin,,,,,,,,,,True,52.4837669289227,13.437582007712267,True,True
364729877,,Lise-Meitner-Schule,52.42951581782761,13.474219427327677,"POLYGON ((13.4724228 52.4295688, 13.4732052 52.430034, 13.4738308 52.430399, 13.4739416 52.4303276, 13.4738807 52.4302924, 13.474839 52.4296891, 13.4750431 52.4298037, 13.4752571 52.4296708, 13.4753255 52.429708, 13.4760524 52.4301433, 13.4762707 52.429989, 13.476582 52.4297468, 13.4756536 52.429402, 13.473616 52.428605, 13.4731634 52.4290116, 13.4729015 52.4292196, 13.4724549 52.4295465, 13.4724228 52.4295688))",,,,OSM,OSM_SCHOOLS,08B02,OSM_SCHOOLS,way:364729877,Lise-Meitner-Schule,,,,,,,,,,"Lipschitzallee 25, 12351 Berlin",Lipschitzallee,25,12351,Berlin,,,,,,,https://www.osz-lise-meitner.eu/,,,True,52.42951581782761,13.474219427327677,False,False
367277635,,Marie-Elisabeth-Lüders-Oberschule,52.49875484165578,13.364894200598037,"POLYGON ((13.36508 52.4992856, 13.3650764 52.4992733, 13.3650282 52.4991384, 13.3650084 52.4990826, 13.3649581 52.498922, 13.3653136 52.4988734, 13.3652766 52.4987731, 13.3652467 52.498692, 13.3651768 52.4985031, 13.3652158 52.498497, 13.3651088 52.4982041, 13.3650118 52.4982182, 13.3649928 52.4981481, 13.3647717 52.4981774, 13.3649088 52.4985384, 13.3648448 52.4985437, 13.3647108 52.4985606, 13.3644505 52.4985951, 13.3644532 52.4986027, 13.364467 52.4986414, 13.3644814 52.4986816, 13.3644957 52.4986798, 13.3645538 52.4988425, 13.3645433 52.4988439, 13.3647139 52.4993217, 13.3647294 52.4993196, 13.3647281 52.4993159, 13.3648283 52.4993026, 13.3648316 52.4993121, 13.3648265 52.4993128, 13.3648289 52.4993194, 13.3649736 52.4993003, 13.36508 52.4992856))",,,,OSM,OSM_SCHOOLS,07B02,OSM_SCHOOLS,way:367277635,Marie-Elisabeth-Lüders-Oberschule,,,,,,,,,,"Steinmetzstraße 79, 10783 Berlin",Steinmetzstraße,79,10783,Berlin,,,,,,sekretariat@melo-berlin.de,https://melo-berlin.de/,,,True,52.49875484165578,13.364894200598037,False,False
368051225,11012012,Havelmüller Grundschule,52.57809593967156,13.285652726713867,"POLYGON ((13.2841658 52.5785468, 13.2850969 52.578576, 13.2865214 52.5785805, 13.2865221 52.5784786, 13.2865751 52.5782218, 13.2870632 52.5782267, 13.2870739 52.5775535, 13.2858991 52.5775437, 13.2855236 52.5778632, 13.2852822 52.5778746, 13.2844616 52.5776126, 13.2841144 52.5784991, 13.2841658 52.5785468))",1202,Reinickendorf,Tegel,OSM,OSM_SCHOOLS,12G01,OSM_SCHOOLS,way:368051225,Havelmüller Grundschule,,,,,,,,,,"Namslaustraße 49/57, 13507 Berlin",Namslaustraße,49/57,13507,Berlin,,,,,,,,,,True,52.57809593967156,13.285652726713867,True,True
368605739,11004004,Arno-Fuchs-Schule,52.514590599462124,13.307764150829014,"POLYGON ((13.3072124 52.5142234, 13.3078364 52.5142526, 13.3078447 52.5141438, 13.3078511 52.5140869, 13.3081485 52.5140995, 13.308185 52.5141001, 13.3081844 52.5141544, 13.3084445 52.5141597, 13.3084194 52.5144364, 13.3081817 52.5145452, 13.3081644 52.514696, 13.3082119 52.5147022, 13.3082133 52.5147152, 13.3082526 52.5147146, 13.3082487 52.5148196, 13.3082977 52.5148201, 13.3082923 52.514881, 13.3082818 52.5150321, 13.307378 52.5150122, 13.3071252 52.5150087, 13.3072124 52.5142234))",0401,Charlottenburg-Wilmersdorf,Charlottenburg,OSM,OSM_SCHOOLS,04S02,OSM_SCHOOLS,way:368605739,Arno-Fuchs-Schule,,,,,,,,,,"Richard-Wagner-Straße 30, 10585 Berlin",Richard-Wagner-Straße,30,10585,Berlin,,,,,,,,,,True,52.514590599462124,13.307764150829014,True,True
368681121,11004004,Helmuth-James-von-Moltke-Grundschule,52.538782231250934,13.301320641732474,"POLYGON ((13.3004131 52.5394155, 13.3018304 52.5394061, 13.3018555 52.5394038, 13.3018829 52.539398, 13.3019099 52.5393859, 13.3019345 52.5393638, 13.3020848 52.5388329, 13.3021397 52.5386388, 13.3022707 52.5381761, 13.302281 52.5381398, 13.3022606 52.538122, 13.3009483 52.5381048, 13.3009376 52.5384468, 13.3004169 52.538542, 13.3004131 52.5394155))",0406,Charlottenburg-Wilmersdorf,Charlottenburg-Nord,OSM,OSM_SCHOOLS,04G11,OSM_SCHOOLS,way:368681121,Helmuth-James-von-Moltke-Grundschule,,,,,,,,,,"Heckerdamm 221, 13627 Berlin",Heckerdamm,221,13627,Berlin,,,,,+4930 34806891 0,sekretariat@moltke-grundschule.de,http://www.moltke-grundschule.eu/,,,True,52.538782231250934,13.301320641732474,True,True
370684896,11007007,Grundschule am Dielingsgrund / Sporthalle,52.41228165080862,13.40904745386321,"POLYGON ((13.4088072 52.4124151, 13.4088447 52.4122225, 13.4088651 52.4121176, 13.4092877 52.4121482, 13.4092298 52.4124457, 13.4088072 52.4124151))",0706,Tempelhof-Schöneberg,Lichtenrade,OSM,OSM_SCHOOLS,,OSM_SCHOOLS,way:370684896,Grundschule am Dielingsgrund / Sporthalle,,,,,,,,,,,,,,,,,,,,,,,,True,52.41228165080862,13.40904745386321,True,True
371914975,11011011,Nils-Holgersson-Schule,52.53424773786834,13.47162590824461,"POLYGON ((13.4697238 52.533681, 13.4699052 52.5337223, 13.4700848 52.5337633, 13.4701485 52.5341659, 13.4704026 52.5342205, 13.4703546 52.5342913, 13.4707872 52.5344634, 13.4717584 52.5347393, 13.4717143 52.5348074, 13.472156 52.5349151, 13.4724853 52.5349886, 13.4726206 52.5350025, 13.4726473 52.5350032, 13.4729393 52.5349387, 13.4731016 52.5348968, 13.4732204 52.5348524, 13.4733 52.5348163, 13.4733828 52.5347709, 13.4734421 52.5347211, 13.4735527 52.5345583, 13.4732526 52.5344904, 13.4726623 52.5343569, 13.472817 52.5341003, 13.4727778 52.5340913, 13.4726816 52.5340716, 13.4726883 52.5340604, 13.4727096 52.5340252, 13.4719082 52.5338492, 13.4704988 52.533539, 13.4704093 52.5335191, 13.4699308 52.5334143, 13.4699079 52.5334212, 13.4698142 52.5335754, 13.4697977 52.5336025, 13.4697238 52.533681))",1111,Lichtenberg,Fennpfuhl,OSM,OSM_SCHOOLS,11S12,OSM_SCHOOLS,way:371914975,Nils-Holgersson-Schule,,,,,,,,,,"Otto-Marquardt-Straße 12-14, 10369 Berlin",Otto-Marquardt-Straße,12-14,10369,Berlin,,,,,,,,,,True,52.53424773786834,13.47162590824461,True,True
372338620,11001001,Rosalind-Franklin-Gymnasium,52.525997029079406,13.333712128144954,"POLYGON ((13.3344594 52.5257885, 13.33423 52.5257997, 13.3341525 52.525804, 13.3340912 52.5258073, 13.3333922 52.525852, 13.3333849 52.5258524, 13.3332997 52.5258571, 13.3331319 52.5258663, 13.3330794 52.5258641, 13.3329555 52.5258665, 13.3328801 52.5258713, 13.3329043 52.5259428, 13.3329528 52.5260838, 13.3329652 52.5261074, 13.3329742 52.5261677, 13.3331542 52.5261578, 13.333162 52.5262105, 13.333326 52.5262015, 13.3342634 52.5261337, 13.3344283 52.5261202, 13.334421 52.5260906, 13.3345139 52.526084, 13.3344792 52.5259283, 13.3344665 52.5258427, 13.3344594 52.5257885))",0102,Mitte,Moabit,OSM,OSM_SCHOOLS,01Y13,OSM_SCHOOLS,way:372338620,Rosalind-Franklin-Gymnasium,,,,,,,,,,"Turmstraße 75, 10551 Berlin",Turmstraße,75,10551,Berlin,Bezirk Mitte von Berlin,,,,,,https://gymnasium-13.de,,,True,52.525997029079406,13.333712128144954,True,True
372763741,11008008,Schule am Zwickauer Damm,52.42245327601639,13.481768415282094,"POLYGON ((13.4810439 52.422876, 13.481973 52.4228798, 13.482933 52.4224129, 13.4825265 52.4220976, 13.4808132 52.4221034, 13.4810439 52.422876))",0805,Neukölln,Gropiusstadt,OSM,OSM_SCHOOLS,08S04,OSM_SCHOOLS,way:372763741,Schule am Zwickauer Damm,,,,,,,,,,"Zwickauer Damm 16-22, 12353 Berlin",Zwickauer Damm,16-22,12353,Berlin,,,,,+4930 6616079,Schule_am_Zwickauer_Damm@t-online.de,http://www.schule-am-zwickauer-damm.de/,,,True,52.42245327601639,13.481768415282094,True,True
373164914,11010010,Franz-Carl-Achard Grundschule,52.50793702109093,13.584750844920585,"POLYGON ((13.5845722 52.5082438, 13.5843221 52.5081832, 13.5840301 52.5080647, 13.5840156 52.5080577, 13.5842388 52.5078364, 13.5842517 52.5078132, 13.5843028 52.5077216, 13.5843586 52.5076569, 13.5844228 52.5076288, 13.5844733 52.5076119, 13.58451 52.5076066, 13.5846625 52.5076137, 13.5850384 52.5076313, 13.5853069 52.5076438, 13.5852784 52.5082499, 13.58513 52.5082469, 13.5849314 52.5082454, 13.5845722 52.5082438))",1003,Marzahn-Hellersdorf,Kaulsdorf,OSM,OSM_SCHOOLS,,OSM_SCHOOLS,way:373164914,Franz-Carl-Achard Grundschule,,,,,,,,,,"Adolfstraße 25, 12621 Berlin",Adolfstraße,25,12621,Berlin,,,,,,,https://www.fc-achard.de/,,,True,52.50793702109093,13.584750844920585,True,True
374347150,11012012,Emil-Fischer-Schule - OSZ Ernährung und Lebensmitteltechnik,52.59755021665984,13.330335992918544,"POLYGON ((13.3292107 52.597484, 13.3297418 52.597193, 13.3296581 52.5970915, 13.3299224 52.59687, 13.3299305 52.5968439, 13.3315143 52.5975493, 13.331516 52.597613, 13.3303765 52.5982404, 13.3292107 52.597484))",1209,Reinickendorf,Wittenau,OSM,OSM_SCHOOLS,12B02,OSM_SCHOOLS,way:374347150,Emil-Fischer-Schule - OSZ Ernährung und Lebensmitteltechnik,,,,,,,,,,"Cyclopstraße 1-5, 13437 Berlin",Cyclopstraße,1-5,13437,Berlin,,,,,+4930 414721 0,sekretariat@emilfischerschule.de,https://www.emilfischerschule.de/,,,True,52.59755021665984,13.330335992918544,True,True
374932598,11011011,Katholische Grundschule Sankt Mauritius Berlin,52.51007196474539,13.47862364273084,"POLYGON ((13.4785939 52.5095903, 13.4783626 52.5096682, 13.4785124 52.5098366, 13.4780069 52.5100109, 13.4782229 52.5102639, 13.4787284 52.5104101, 13.4788043 52.5104143, 13.4792417 52.5102715, 13.4785939 52.5095903))",1103,Lichtenberg,Lichtenberg,OSM,OSM_SCHOOLS,11P01,OSM_SCHOOLS,way:374932598,Katholische Grundschule Sankt Mauritius Berlin,,,,,,,,,,"Schulze-Boysen-Straße 28, 10365 Berlin",Schulze-Boysen-Straße,28,10365,Berlin,Erzbistum Berlin,,,,,,,,,True,52.51007196474539,13.47862364273084,True,True
377702652,11002002,Georg-Friedrich-Händel-Gymnasium,52.51445050371661,13.456234167365853,"POLYGON ((13.4553674 52.5150428, 13.4556984 52.5150017, 13.4557092 52.5150448, 13.4566239 52.5149491, 13.4565823 52.5147959, 13.4565458 52.5146542, 13.4565233 52.5146564, 13.4564548 52.5143914, 13.4573426 52.5141132, 13.4578457 52.5139467, 13.4577043 52.5137876, 13.4574305 52.5138732, 13.4572582 52.5139254, 13.4569793 52.5140122, 13.4569135 52.5139424, 13.4568064 52.5138269, 13.4567509 52.513766, 13.4562628 52.5139374, 13.4562451 52.5139167, 13.4560019 52.5139986, 13.4560448 52.5140458, 13.4561458 52.514155, 13.4562268 52.5142411, 13.4558645 52.5143554, 13.4557148 52.5144027, 13.455573 52.5144416, 13.4554413 52.5144534, 13.4553761 52.5144596, 13.4551706 52.5144814, 13.4552215 52.514655, 13.455089 52.5146711, 13.4551174 52.5147636, 13.4551725 52.5149468, 13.4552605 52.5149927, 13.4553674 52.5150428))",0201,Friedrichshain-Kreuzberg,Friedrichshain,OSM,OSM_SCHOOLS,02Y04,OSM_SCHOOLS,way:377702652,Georg-Friedrich-Händel-Gymnasium,,,,,,,,,,"Frankfurter Allee 6A, Berlin",Frankfurter Allee,6A,,Berlin,,,,,+4930 225027901 1,sekretariat@haendelgym.de,http://www.haendelgym.de/,,,True,52.51445050371661,13.456234167365853,True,True
378441389,11003003,Grundschule im Moselviertel,52.55966297565521,13.476198990068793,"POLYGON ((13.477279 52.5593087, 13.4772423 52.559306, 13.4771127 52.5592951, 13.4770679 52.5592808, 13.4770354 52.5592597, 13.4770128 52.5592214, 13.4770001 52.5592146, 13.4769796 52.5592112, 13.4759305 52.5591139, 13.4757409 52.5590854, 13.4754739 52.559061, 13.475238 52.5590402, 13.4751309 52.5595272, 13.474833 52.5597295, 13.4747932 52.5597568, 13.47485 52.5597724, 13.4750842 52.5598371, 13.4756557 52.55992, 13.4757858 52.5599314, 13.4759118 52.5599426, 13.4758701 52.560036, 13.4757969 52.5602058, 13.4760516 52.5602453, 13.4760752 52.560249, 13.4760986 52.5602526, 13.4769773 52.5603859, 13.4769984 52.5603891, 13.4770289 52.5603938, 13.4772703 52.5593457, 13.477279 52.5593087))",0302,Pankow,Weißensee,OSM,OSM_SCHOOLS,03G20,OSM_SCHOOLS,way:378441389,Grundschule im Moselviertel,,,,,,,,,,"Brodenbacher Weg 31, 13088 Berlin",Brodenbacher Weg,31,13088,Berlin,,,,,+49 30 9250976,,http://www.moselschule.cidsnet.de,,,True,52.55966297565521,13.476198990068793,True,True
379280163,11007007,Grundschule am Barbarossaplatz,52.492566358879145,13.349981226108266,"POLYGON ((13.349642 52.4929787, 13.3499261 52.4929596, 13.3499197 52.4929248, 13.3499118 52.4928825, 13.3499777 52.4928766, 13.3505635 52.4928239, 13.350535 52.4927717, 13.3504771 52.492667, 13.3504211 52.4925658, 13.3502668 52.4922813, 13.3502063 52.4921695, 13.3497701 52.4921811, 13.3495267 52.492357, 13.3495372 52.4924304, 13.3495533 52.4925161, 13.3496103 52.4928198, 13.3496337 52.4929447, 13.349642 52.4929787))",0701,Tempelhof-Schöneberg,Schöneberg,OSM,OSM_SCHOOLS,07G18,OSM_SCHOOLS,way:379280163,Grundschule am Barbarossaplatz,,,,,,,,,,10781 Berlin,,5,10781,Berlin,,,,,,,,,,True,52.492566358879145,13.349981226108266,True,True
379941597,11006006,Peter-Frankenfeld-Schule,52.434984307847174,13.354835000155065,"POLYGON ((13.3559521 52.4351788, 13.3559302 52.4351104, 13.3559268 52.4351, 13.3558639 52.4351073, 13.3550274 52.4345376, 13.3542757 52.4346481, 13.3539249 52.4348451, 13.3543359 52.4354115, 13.3559521 52.4351788))",0603,Steglitz-Zehlendorf,Lankwitz,OSM,OSM_SCHOOLS,06S03,OSM_SCHOOLS,way:379941597,Peter-Frankenfeld-Schule,,,,,,,,,,"Wedellstraße 26, 12247 Berlin",Wedellstraße,26,12247,Berlin,,,,,+49-30-77206560,,,,,True,52.434984307847174,13.354835000155065,True,True
384632167,11009009,Merian-Schule,52.46330128909702,13.590105594422075,"POLYGON ((13.5911682 52.4630828, 13.5912481 52.4627607, 13.5901502 52.4627276, 13.5890816 52.4627558, 13.5891555 52.4632765, 13.5891547 52.4633024, 13.5891506 52.4634392, 13.5891507 52.4634496, 13.5891505 52.4637886, 13.5905954 52.4640513, 13.5909061 52.4635849, 13.5911682 52.4630828))",0910,Treptow-Köpenick,Köpenick,OSM,OSM_SCHOOLS,09K01b,OSM_SCHOOLS,way:384632167,Merian-Schule,,,,,,,,,,"Mittelheide 49, 12555 Berlin",Mittelheide,49,12555,Berlin,,,,,,,,,,True,52.46330128909702,13.590105594422075,True,True
384934300,11010010,BEST-Sabel-Grundschule Mahlsdorf,52.48264720043084,13.606019908383445,"POLYGON ((13.6067731 52.4831294, 13.6065716 52.4828985, 13.6071613 52.4827015, 13.6068853 52.4823295, 13.6068592 52.4822942, 13.6067204 52.4821072, 13.6066898 52.4820658, 13.6065773 52.4819142, 13.6055584 52.4822546, 13.6053726 52.4823159, 13.6047143 52.4825324, 13.6050222 52.4829763, 13.6050425 52.4830048, 13.6050636 52.4830332, 13.6054973 52.4828892, 13.6059453 52.4834041, 13.6067731 52.4831294))",1004,Marzahn-Hellersdorf,Mahlsdorf,OSM,OSM_SCHOOLS,10P05,OSM_SCHOOLS,way:384934300,BEST-Sabel-Grundschule Mahlsdorf,,,,,,,,,,"Erich-Baron-Weg 118, 12623 Berlin",Erich-Baron-Weg,118,12623,Berlin,,,,,+49 30 992835 20,grundschule@best-sabel.de,https://www.best-sabel.de/Grundschule/Mahlsdorf/Grundschule_Mahlsdorf.php,,,True,52.48264720043084,13.606019908383445,True,True
387263944,11006006,Gymnasium Steglitz,52.45694289000297,13.325875122569595,"POLYGON ((13.3246722 52.4566406, 13.3247337 52.4566399, 13.3252506 52.4566312, 13.3252969 52.4566293, 13.3253246 52.4566226, 13.3253642 52.4566224, 13.3254082 52.4566221, 13.3254315 52.4566292, 13.3254497 52.4566347, 13.3255038 52.4566338, 13.3255034 52.4566261, 13.3258864 52.4566196, 13.3258874 52.4566418, 13.3260072 52.4566397, 13.3260072 52.4566385, 13.3263896 52.4566303, 13.3263892 52.4566238, 13.3264706 52.4566223, 13.326471 52.4566288, 13.3265746 52.4566269, 13.3267054 52.4566247, 13.3267303 52.456636, 13.3267424 52.4566478, 13.3267495 52.4567984, 13.326751 52.4568387, 13.3267522 52.4568713, 13.3267691 52.4571862, 13.3267755 52.4573061, 13.3267684 52.4573063, 13.3267127 52.4573067, 13.3266477 52.4573077, 13.3264425 52.4573113, 13.3262958 52.4573143, 13.3260838 52.4573056, 13.3260279 52.4573037, 13.3256427 52.4572899, 13.3255716 52.457287, 13.3255204 52.4573105, 13.325465 52.4573353, 13.3246959 52.4567085, 13.3246486 52.4566699, 13.3246722 52.4566406))",0601,Steglitz-Zehlendorf,Steglitz,OSM,OSM_SCHOOLS,06Y13,OSM_SCHOOLS,way:387263944,Gymnasium Steglitz,,,,,,,,,,"Heesestraße 15, 12169 Berlin",Heesestraße,15,12169,Berlin,,,,,,,,,,True,52.45694289000297,13.325875122569595,True,True
389508708,11011011,Paul- und Charlotte Kniese-Schule,52.49861552433104,13.518754198347294,"POLYGON ((13.5177899 52.4980214, 13.5179682 52.4980034, 13.5181972 52.4979968, 13.518372 52.4979998, 13.5184693 52.498005, 13.5185658 52.4980147, 13.5187576 52.4980476, 13.5189142 52.4980745, 13.5196935 52.4982129, 13.520125 52.4982928, 13.519639 52.4990573, 13.5196476 52.4991007, 13.5196409 52.4991441, 13.5196263 52.4991785, 13.5196033 52.4992081, 13.5195619 52.4992425, 13.5195059 52.4992712, 13.5194495 52.4992896, 13.5193789 52.4993009, 13.5193517 52.499301, 13.5190395 52.4992275, 13.5189522 52.4992151, 13.5188643 52.499207, 13.5187604 52.4992093, 13.5187413 52.4991269, 13.5187145 52.4990117, 13.5175021 52.499109, 13.5174177 52.4986904, 13.5177837 52.4986619, 13.5177899 52.4980214))",1101,Lichtenberg,Friedrichsfelde,OSM,OSM_SCHOOLS,11S04,OSM_SCHOOLS,way:389508708,Paul- und Charlotte Kniese-Schule,,,,,,,,,,"Erich-Kurz-Straße 6-10, 10319 Berlin",Erich-Kurz-Straße,6-10,10319,Berlin,,,,,,,,,,True,52.49861552433104,13.518754198347294,True,True
393356857,11004004,Grundschule am Rüdesheimer Platz,52.47117945642318,13.312544004064302,"POLYGON ((13.3124042 52.4698742, 13.3115545 52.4701755, 13.3115793 52.4706115, 13.3116324 52.4721089, 13.3131338 52.4720517, 13.3131305 52.4720276, 13.3131507 52.4720267, 13.3131734 52.4720256, 13.3131761 52.4720504, 13.3139941 52.4720215, 13.3140696 52.4719494, 13.3140329 52.4718772, 13.3131507 52.4706731, 13.3124042 52.4698742))",0402,Charlottenburg-Wilmersdorf,Wilmersdorf,OSM,OSM_SCHOOLS,04G19,OSM_SCHOOLS,way:393356857,Grundschule am Rüdesheimer Platz,,,,,,,,,,"Rüdesheimer Straße 24-30, 14197 Berlin",Rüdesheimer Straße,24-30,14197,Berlin,Bezirksamt Charlottenburg-Wilmersdorf von Berlin,,,,,,,,,True,52.47117945642318,13.312544004064302,True,True
395866883,,Grundschule an der Bäke,52.44836121318466,13.318767463590149,"POLYGON ((13.3184832 52.4487929, 13.3199034 52.4491642, 13.3199609 52.4490988, 13.3200475 52.4488422, 13.3200984 52.4486442, 13.3199345 52.4486067, 13.3196492 52.4485413, 13.3192351 52.4484464, 13.3195011 52.4478532, 13.3186862 52.4477207, 13.3185967 52.4477062, 13.3179838 52.4476064, 13.317753 52.4480287, 13.3175035 52.4484854, 13.317775 52.4485633, 13.3185076 52.4487602, 13.3184832 52.4487929))",,,,OSM,OSM_SCHOOLS,06G31,OSM_SCHOOLS,way:395866883,Grundschule an der Bäke,,,,,,,,,,"Haydnstraße 15, 12203 Berlin",Haydnstraße,15,12203,Berlin,Bezirksamt Steglitz-Zehlendorf von Berlin,,,,+49 30 84416430,sekretariat@baeke.schule.berlin.de,,,,True,52.44836121318466,13.318767463590149,False,False
396117926,11006006,Grundschule am Stadtpark Steglitz,52.44966791980826,13.343307968507743,"POLYGON ((13.3422508 52.4495414, 13.342295 52.4495744, 13.342386 52.4496391, 13.3424423 52.4496794, 13.3424707 52.4497002, 13.342539 52.4497489, 13.3426201 52.4498063, 13.3430263 52.4500936, 13.3430444 52.4501064, 13.3438325 52.450008, 13.3440222 52.449907, 13.3441264 52.44998, 13.3444252 52.449824, 13.3438619 52.4494214, 13.3437832 52.4493656, 13.3436288 52.4492561, 13.3435668 52.4492863, 13.3434169 52.4493647, 13.3433516 52.4493998, 13.3433225 52.4494147, 13.3432591 52.4493701, 13.3431904 52.4493216, 13.343149 52.4492923, 13.3430866 52.4492485, 13.3430167 52.4491985, 13.3429704 52.4491627, 13.3422508 52.4495414))",0601,Steglitz-Zehlendorf,Steglitz,OSM,OSM_SCHOOLS,06G32,OSM_SCHOOLS,way:396117926,Grundschule am Stadtpark Steglitz,,,,,,,,,,"Karl-Stieler-Straße 10-11, 12167 Berlin",Karl-Stieler-Straße,10-11,12167,Berlin,Land Berlin,,,,+49 30 93951947,sekretariat@06g32.schule.berlin.de,http://www.grundschule-am-stadtpark-steglitz.de/,,,True,52.44966791980826,13.343307968507743,True,True
414498883,11009009,Wendenschloß Schule,52.42847951109414,13.595646008859136,"POLYGON ((13.5964352 52.428299, 13.5951773 52.4282694, 13.5951723 52.4282935, 13.5949325 52.4282877, 13.594837 52.4285884, 13.5954902 52.4286968, 13.5955018 52.4286582, 13.595911 52.4287074, 13.5962028 52.4287328, 13.5962316 52.428734, 13.5964352 52.428299))",0910,Treptow-Köpenick,Köpenick,OSM,OSM_SCHOOLS,09G16,OSM_SCHOOLS,way:414498883,Wendenschloß Schule,,,,,,,,,,,,,,,,,,,,,,,,True,52.42847951109414,13.595646008859136,True,True
416461637,11010010,Karl-Friedrich-Friesen-Grundschule,52.55308395148172,13.563218001929345,"POLYGON ((13.5647078 52.553475, 13.5644935 52.5535415, 13.5644528 52.5535542, 13.5642261 52.5536279, 13.5642222 52.5536228, 13.5641036 52.5536623, 13.5634979 52.553861, 13.5634645 52.5538713, 13.5634323 52.5538696, 13.5634012 52.5538619, 13.5631122 52.5535136, 13.5629554 52.5533263, 13.5629399 52.5533073, 13.5629235 52.5532872, 13.5624442 52.5534431, 13.5620191 52.5534505, 13.5616088 52.5529974, 13.5617193 52.5528564, 13.5626034 52.5525643, 13.5632282 52.5524519, 13.5632646 52.5524412, 13.5636959 52.5523133, 13.5647078 52.553475))",1001,Marzahn-Hellersdorf,Marzahn,OSM,OSM_SCHOOLS,10G07,OSM_SCHOOLS,way:416461637,Karl-Friedrich-Friesen-Grundschule,,,,,,,,,,"Max-Herrmann-Straße 5, 12687 Berlin",Max-Herrmann-Straße,5,12687,Berlin,,,,,,,,,,True,52.55308395148172,13.563218001929345,True,True
437672253,,Freie Waldorfschule am Prenzlauer Berg,52.54430748728944,13.454596764761975,"POLYGON ((13.4535964 52.544532, 13.4544797 52.5448357, 13.4545748 52.5448686, 13.454791 52.5449435, 13.4548197 52.5449137, 13.4550678 52.5446444, 13.4556219 52.544049, 13.4550624 52.5436729, 13.4548129 52.543772, 13.4544602 52.5439164, 13.4533573 52.5443678, 13.4534769 52.5444754, 13.4535964 52.544532))",,,,OSM,OSM_SCHOOLS,03P30,OSM_SCHOOLS,way:437672253,Freie Waldorfschule am Prenzlauer Berg,,,,,,,,,,"Gürtelstraße 16, 10409 Berlin",Gürtelstraße,16,10409,Berlin,Verein der Freien Waldorfschule Berlin-Mitte e.V.,,,,,,,,,True,52.54430748728944,13.454596764761975,False,False
438858103,11010010,Schule am Pappelhof,52.53145200087059,13.55358089792905,"POLYGON ((13.5532831 52.5316944, 13.5533366 52.5319578, 13.5542564 52.5318958, 13.5541243 52.5310577, 13.5541129 52.5310012, 13.5528044 52.5310902, 13.5528142 52.5311553, 13.5527822 52.5311571, 13.5528491 52.5315557, 13.5530521 52.5315421, 13.5530761 52.5316494, 13.5530798 52.5316658, 13.5532735 52.5316558, 13.5532831 52.5316944))",1002,Marzahn-Hellersdorf,Biesdorf,OSM,OSM_SCHOOLS,10S04,OSM_SCHOOLS,way:438858103,Schule am Pappelhof,,,,,,,,,,"Ketschendorfer Weg 21, 12683 Berlin",Ketschendorfer Weg,21,12683,Berlin,,,,,,,,,,True,52.53145200087059,13.55358089792905,True,True
439887078,11012012,Alternativschule Berlin,52.604723970908275,13.315278428984346,"POLYGON ((13.3147633 52.6047864, 13.3148949 52.6046681, 13.3149203 52.6046458, 13.3149272 52.6046398, 13.3149795 52.6045937, 13.3149852 52.6045886, 13.3151842 52.6044156, 13.3158034 52.6046525, 13.3155886 52.6048465, 13.3153453 52.6050325, 13.3149819 52.6048863, 13.3147633 52.6047864))",1207,Reinickendorf,Waidmannslust,OSM,OSM_SCHOOLS,12P11,OSM_SCHOOLS,way:439887078,Alternativschule Berlin,,,,,,,,,,"Bondickstraße 8-9, 13469 Berlin",Bondickstraße,8-9,13469,Berlin,Alternativschule Berlin e. V.,,,,+49 30 417 48 60,,https://www.alternativschule-berlin.de/,,,True,52.604723970908275,13.315278428984346,True,True
441039311,11011011,Bürgermeister-Ziethen-Grundschule,52.508369934192544,13.51713154260126,"POLYGON ((13.5163476 52.5083963, 13.5164764 52.5077885, 13.5165042 52.5077941, 13.5177777 52.5080526, 13.5178089 52.5080444, 13.5178492 52.5080619, 13.5179142 52.5086689, 13.5175272 52.5086894, 13.5175536 52.508895, 13.5166826 52.5089435, 13.5166613 52.5088013, 13.5166585 52.5087823, 13.5167329 52.5087794, 13.5167226 52.5087257, 13.5166655 52.508428, 13.5163476 52.5083963))",1101,Lichtenberg,Friedrichsfelde,OSM,OSM_SCHOOLS,11G09,OSM_SCHOOLS,way:441039311,Bürgermeister-Ziethen-Grundschule,,,,,,,,,,"Massower Straße 39, 10315 Berlin",Massower Straße,39,10315,Berlin,,,,,+49 30 5251 434,sekretariat@buezie.schule.berlin.de,https://www.buezie.de/,,,True,52.508369934192544,13.51713154260126,True,True
444998698,11006006,Kant-Oberschule,52.45897262993106,13.330304742643854,"POLYGON ((13.3297549 52.4588504, 13.3298129 52.4588538, 13.3300487 52.4588673, 13.3303377 52.4588825, 13.3304274 52.4588859, 13.3305233 52.4588344, 13.3305393 52.4587351, 13.3311292 52.4587683, 13.3311556 52.4587733, 13.3312249 52.4587755, 13.3306843 52.4590171, 13.3306304 52.4590366, 13.3305861 52.4590434, 13.3305508 52.4590557, 13.3298735 52.459241, 13.3297954 52.4592534, 13.3296961 52.4592524, 13.3297549 52.4588504))",0601,Steglitz-Zehlendorf,Steglitz,OSM,OSM_SCHOOLS,06P11,OSM_SCHOOLS,way:444998698,Kant-Oberschule,,,,,,,,,,"Körnerstraße 11, 12169 Berlin",Körnerstraße,11,12169,Berlin,Stiftung Private Kant-Schulen gGmbH,,,,,,https://www.kant-oberschule.de,,,True,52.45897262993106,13.330304742643854,True,True
446137747,11008008,Albert-Einstein-Gymnasium,52.44508585223624,13.442918030993495,"POLYGON ((13.4431857 52.4444, 13.4419887 52.4444083, 13.4419598 52.4450537, 13.4419408 52.4454794, 13.441984 52.4454874, 13.442024 52.4454948, 13.4427334 52.4456261, 13.4430581 52.4456612, 13.4434375 52.4456909, 13.4438013 52.4457046, 13.4440063 52.4457033, 13.4440874 52.4457038, 13.4441581 52.4457016, 13.4441309 52.4454431, 13.4437983 52.445074, 13.4431857 52.4444))",0802,Neukölln,Britz,OSM,OSM_SCHOOLS,08Y03,OSM_SCHOOLS,way:446137747,Albert-Einstein-Gymnasium,,,,,,,,,,"Parchimer Allee 109, 12359 Berlin",Parchimer Allee,109,12359,Berlin,,,,,,,,,,True,52.44508585223624,13.442918030993495,True,True
450063490,11008008,Albert-Schweitzer-Gymnasium,52.48460955744822,13.4264289960137,"POLYGON ((13.4257727 52.4850867, 13.4261983 52.4850689, 13.4262728 52.4850656, 13.4262997 52.4852833, 13.4263102 52.4852782, 13.4263487 52.4852593, 13.4265336 52.4851766, 13.426575 52.4851582, 13.4265897 52.4851517, 13.4265847 52.485153, 13.4265829 52.4851528, 13.4265806 52.4851525, 13.4265784 52.4851507, 13.4265769 52.4851468, 13.4265625 52.4850257, 13.4265631 52.4850176, 13.4265692 52.4850094, 13.4265792 52.4850044, 13.4265926 52.4850018, 13.4266352 52.4849998, 13.4266215 52.4848959, 13.4266195 52.4848807, 13.4266087 52.4847989, 13.4268 52.4847909, 13.4269432 52.4847835, 13.4270222 52.4847809, 13.4270204 52.4847268, 13.4270169 52.4846328, 13.4270131 52.4845287, 13.4270065 52.4843491, 13.4269889 52.4839107, 13.4269346 52.4839108, 13.4265388 52.4839179, 13.4265547 52.4843274, 13.4265573 52.4843939, 13.4257246 52.4844781, 13.4257373 52.4846897, 13.4257447 52.4847834, 13.4257602 52.4849764, 13.4257727 52.4850867))",0801,Neukölln,Neukölln,OSM,OSM_SCHOOLS,08Y02,OSM_SCHOOLS,way:450063490,Albert-Schweitzer-Gymnasium,,,,,,,,,,"Karl-Marx-Straße 14, 12043 Berlin",Karl-Marx-Straße,14,12043,Berlin,,,,,,,,,,True,52.48460955744822,13.4264289960137,True,True
450115389,11010010,Freie Schule Berlin-Mahlsdorf,52.5013430508037,13.608349911501174,"POLYGON ((13.6080317 52.5016921, 13.6081653 52.5016739, 13.6088822 52.5015622, 13.6086709 52.5009959, 13.6080158 52.5010907, 13.607818 52.5011193, 13.6080317 52.5016921))",1004,Marzahn-Hellersdorf,Mahlsdorf,OSM,OSM_SCHOOLS,10P12,OSM_SCHOOLS,way:450115389,Freie Schule Berlin-Mahlsdorf,,,,,,,,,,"Elsenstraße 13A, 12623 Berlin",Elsenstraße,13A,12623,Berlin,,,,,+4930 978 91 077,info@fs-mahlsdorf.de,http://www.freie-schule-am-elsengrund.de/,,,True,52.5013430508037,13.608349911501174,True,True
451783347,11003003,Heinz-Brandt-Schule,52.5509046130076,13.441525976222948,"POLYGON ((13.4409502 52.5512786, 13.4409397 52.5512657, 13.4406192 52.5508778, 13.4405476 52.5508994, 13.4404852 52.5508222, 13.4415711 52.5505064, 13.4417796 52.5504457, 13.4418623 52.5504217, 13.442476 52.5510686, 13.4415907 52.5513464, 13.4415442 52.5512907, 13.4414124 52.5511362, 13.4409502 52.5512786))",0302,Pankow,Weißensee,OSM,OSM_SCHOOLS,03K05,OSM_SCHOOLS,way:451783347,Heinz-Brandt-Schule,,,,,,,,,,"Langhansstraße 120, 13086 Berlin",Langhansstraße,120,13086,Berlin,,,,,,,https://www.heinz-brandt-schule.de/,,,True,52.5509046130076,13.441525976222948,True,True
451785323,11003003,Schule am Hamburger Platz,52.55381162695874,13.437031392221808,"POLYGON ((13.4367467 52.5543819, 13.4367061 52.5543639, 13.4364865 52.5542667, 13.4368063 52.5541797, 13.4367066 52.5541206, 13.4365885 52.5540505, 13.4366363 52.5540258, 13.4366075 52.5540069, 13.4365445 52.553969, 13.4365017 52.5539414, 13.4365152 52.5539302, 13.4365278 52.5538645, 13.4364035 52.5536993, 13.4366029 52.5536286, 13.4368023 52.5535581, 13.4369938 52.5534907, 13.4369479 52.5534415, 13.4370175 52.5534175, 13.4370817 52.5533962, 13.4372639 52.5533375, 13.4373406 52.5533131, 13.4375406 52.5532499, 13.4377428 52.5534803, 13.4376463 52.5535093, 13.4375796 52.5535294, 13.4373768 52.5535904, 13.4371423 52.5536601, 13.4374491 52.5539956, 13.4375152 52.5541128, 13.4373742 52.5541503, 13.436925 52.5542694, 13.4368506 52.5542866, 13.4368356 52.5542998, 13.4367467 52.5543819))",0302,Pankow,Weißensee,OSM,OSM_SCHOOLS,03G01,OSM_SCHOOLS,way:451785323,Schule am Hamburger Platz,,,,,,,,,,"Gustav-Adolf-Straße 21, 13086 Berlin",Gustav-Adolf-Straße,21,13086,Berlin,,,,,,,,,,True,52.55381162695874,13.437031392221808,True,True
451792442,11003003,Stephanus Grundschule,52.552920282968806,13.457436197166839,"POLYGON ((13.4570007 52.5533264, 13.4565387 52.5527431, 13.4572466 52.5525324, 13.4574624 52.5527675, 13.4580537 52.5525803, 13.4583655 52.553026, 13.4576954 52.5532555, 13.4576244 52.5531393, 13.4570007 52.5533264))",0302,Pankow,Weißensee,OSM,OSM_SCHOOLS,03P39,OSM_SCHOOLS,way:451792442,Stephanus Grundschule,,,,,,,,,,"Parkstraße 22, 13086 Berlin",Parkstraße,22,13086,Berlin,,,,,+49 30 96249231,mechthild.blasczyk@stephanus.org,https://www.stephanus.org/stiftung/tochtergesellschaften/stephanus-ggmbh/bildung/stephanus-grundschule/startseite/,,,True,52.552920282968806,13.457436197166839,True,True
451792443,11003003,Stephanus-Schule,52.55184720318892,13.457416462224934,"POLYGON ((13.4581339 52.5518957, 13.4580201 52.5514651, 13.4574571 52.5515551, 13.4567897 52.5517566, 13.456884 52.5518765, 13.4569568 52.551855, 13.4569887 52.5518954, 13.4570372 52.551977, 13.4566798 52.5520896, 13.456863 52.5523365, 13.4571716 52.5522494, 13.4572631 52.5520231, 13.457705 52.5519677, 13.4581339 52.5518957))",0302,Pankow,Weißensee,OSM,OSM_SCHOOLS,03P11,OSM_SCHOOLS,way:451792443,Stephanus-Schule,,,,,,,,,,"Parkstraße 22, 13086 Berlin",Parkstraße,22,13086,Berlin,,,,,,,https://www.stephanus.org/stiftung/tochtergesellschaften/stephanus-ggmbh/bildung/stephanus-grundschule/startseite/,,,True,52.55184720318892,13.457416462224934,True,True
454715723,11006006,Friedrich-Drake-Grundschule,52.43230892580226,13.306822771034291,"POLYGON ((13.3077819 52.4327025, 13.3066629 52.4322335, 13.3061817 52.4326821, 13.3061652 52.4326975, 13.3054408 52.4323857, 13.3054222 52.4323342, 13.3054754 52.4322944, 13.3055086 52.4322728, 13.3055418 52.4322551, 13.3055815 52.4322362, 13.3056247 52.4322183, 13.3056761 52.4322014, 13.3057249 52.4321877, 13.3057759 52.4321766, 13.3058402 52.4321637, 13.306382 52.4320709, 13.3063882 52.4320837, 13.3064175 52.4320785, 13.3064739 52.4320684, 13.3064677 52.4320556, 13.3071459 52.4319388, 13.3076535 52.4321424, 13.3080261 52.4322928, 13.3081703 52.4323504, 13.3077819 52.4327025))",0602,Steglitz-Zehlendorf,Lichterfelde,OSM,OSM_SCHOOLS,06G33,OSM_SCHOOLS,way:454715723,Friedrich-Drake-Grundschule,,,,,,,,,,"Drakestraße 80, 12205 Berlin",Drakestraße,80,12205,Berlin,Bezirksamt Steglitz-Zehlendorf von Berlin,,,,+49 30 844159541,,https://www.friedrich-drake-grundschule.de/,,,True,52.43230892580226,13.306822771034291,True,True
457462502,11003003,Grundschule am Planetarium,52.541649311414716,13.43058215912744,"POLYGON ((13.4306101 52.5414557, 13.4302625 52.5415769, 13.4302414 52.5415547, 13.4296129 52.5417728, 13.4296144 52.5417863, 13.4298301 52.542027, 13.429846 52.5420391, 13.4298668 52.542053, 13.429895 52.542062, 13.4299225 52.5420697, 13.4299479 52.542073, 13.4299875 52.5420758, 13.430021 52.5420734, 13.4300566 52.5420656, 13.4302119 52.5420106, 13.4302745 52.5420179, 13.4302957 52.5420116, 13.4303127 52.5420065, 13.4303275 52.5419735, 13.4303983 52.5419481, 13.4304493 52.5420017, 13.4306348 52.5419353, 13.4311738 52.5415728, 13.4313073 52.5414976, 13.4313863 52.5414531, 13.4315995 52.5413678, 13.4314019 52.5411453, 13.4305848 52.5414273, 13.4306101 52.5414557))",0301,Pankow,Prenzlauer Berg,OSM,OSM_SCHOOLS,03G08,OSM_SCHOOLS,way:457462502,Grundschule am Planetarium,,,,,,,,,,"Ella-Kay-Straße 47, 10405 Berlin",Ella-Kay-Straße,47,10405,Berlin,,,,,,,,,,True,52.541649311414716,13.43058215912744,True,True
460163619,11002002,Oberstufenzentrum Handel 1,52.50161611520486,13.437495130703937,"POLYGON ((13.4370585 52.5029958, 13.4373106 52.5028864, 13.4376022 52.5027317, 13.4376771 52.5026934, 13.4377447 52.5026572, 13.4382242 52.5024057, 13.438759 52.5021208, 13.4385531 52.5019735, 13.4388908 52.5017972, 13.4391426 52.5016658, 13.4392894 52.5015892, 13.4394625 52.5017132, 13.4395208 52.501755, 13.4397136 52.5018908, 13.4400195 52.501733, 13.4399887 52.501711, 13.4398491 52.5016119, 13.4397262 52.5015246, 13.4396449 52.5014668, 13.439445 52.5013249, 13.4390678 52.5010567, 13.4389467 52.5009703, 13.4388299 52.5008871, 13.4386149 52.5007343, 13.4383929 52.5005808, 13.438145 52.5005444, 13.4376901 52.5004775, 13.4376188 52.500466, 13.4352664 52.5014354, 13.4356323 52.501754, 13.4368401 52.5028056, 13.4370585 52.5029958))",0202,Friedrichshain-Kreuzberg,Kreuzberg,OSM,OSM_SCHOOLS,02B04,OSM_SCHOOLS,way:460163619,Oberstufenzentrum Handel 1,,,,,,,,,,"Wrangelstraße 98, 10997 Berlin",Wrangelstraße,98,10997,Berlin,"Senatsverwaltung für Bildung, Jugend und Familie",,,,,,,,,True,52.50161611520486,13.437495130703937,True,True
463268034,11010010,Fuchsberg-Grundschule,52.4995263647217,13.564251831539476,"POLYGON ((13.5639296 52.499801, 13.5635407 52.5003644, 13.5623931 52.5000694, 13.5632916 52.4985895, 13.5637765 52.498751, 13.5644869 52.4989876, 13.5645963 52.4988298, 13.5662308 52.4993638, 13.5662856 52.4993817, 13.5659006 52.4999503, 13.5658011 52.5000972, 13.565779 52.5001298, 13.5656956 52.5002531, 13.5653369 52.5001634, 13.5652127 52.5001323, 13.5639296 52.499801))",1002,Marzahn-Hellersdorf,Biesdorf,OSM,OSM_SCHOOLS,10G16,OSM_SCHOOLS,way:463268034,Fuchsberg-Grundschule,,,,,,,,,,"Apfelwicklerstraße 4-6, 12683",Apfelwicklerstraße,4-6,12683,,,,,,,,https://www.grundschule-fuchsberg.de/,,,True,52.4995263647217,13.564251831539476,True,True
469790825,11010010,Peter Pan Grundschule,52.54608587274403,13.549837429753456,"POLYGON ((13.5489854 52.5457152, 13.5492048 52.5459814, 13.5494998 52.5463334, 13.5496752 52.5465413, 13.5497236 52.5465666, 13.5499354 52.546504, 13.5502323 52.5464106, 13.5507282 52.5462546, 13.5503804 52.5458491, 13.5501945 52.5459096, 13.5500971 52.5457976, 13.5497435 52.5459094, 13.5494914 52.5456182, 13.5492966 52.5456054, 13.5489854 52.5457152))",1001,Marzahn-Hellersdorf,Marzahn,OSM,OSM_SCHOOLS,,OSM_SCHOOLS,way:469790825,Peter Pan Grundschule,,,,,,,,,,"Stolzenhagener Straße, 12679 Berlin",Stolzenhagener Straße,,12679,Berlin,,,,,,,https://peter-pan-grundschule.de/,,,True,52.54608587274403,13.549837429753456,True,True
496657168,11003003,,52.53656398676577,13.455497149182621,"POLYGON ((13.4555382 52.5369289, 13.4560251 52.5366352, 13.4561705 52.536517, 13.4555132 52.5362236, 13.4554983 52.5362335, 13.455418 52.5361978, 13.4553619 52.5361744, 13.4548579 52.5366756, 13.4555382 52.5369289))",0301,Pankow,Prenzlauer Berg,OSM,OSM_SCHOOLS,,OSM_SCHOOLS,way:496657168,,,,,,,,,,,,,,,,,,,,,,,,,True,52.53656398676577,13.455497149182621,True,True
501026662,11010010,Pusteblume-Grundschule,52.54118632868179,13.598240741014811,"POLYGON ((13.5970893 52.5414879, 13.597177 52.5410304, 13.5964457 52.5409786, 13.5964971 52.5407354, 13.5976041 52.5408319, 13.5983778 52.5408999, 13.5998753 52.541031, 13.5998122 52.5414039, 13.5997963 52.5414994, 13.599051 52.5414447, 13.5988814 52.5415522, 13.5987998 52.5416084, 13.5980457 52.541556, 13.5970893 52.5414879))",1005,Marzahn-Hellersdorf,Hellersdorf,OSM,OSM_SCHOOLS,,OSM_SCHOOLS,way:501026662,Pusteblume-Grundschule,,,,,,,,,,"Kastanienallee 61, 12627 Berlin",Kastanienallee,61,12627,Berlin,,,,,,,https://www.pusteblume-grundschule.de/,,,True,52.54118632868179,13.598240741014811,True,True
503693822,11005005,Paul-Moor-Grundschule,52.521351527029196,13.190187113468266,"POLYGON ((13.1893008 52.5215555, 13.1896537 52.5212201, 13.1897303 52.5211622, 13.1898671 52.5210963, 13.1899821 52.5210745, 13.1905831 52.5210818, 13.1905833 52.521077, 13.1908536 52.5210802, 13.1908499 52.521196, 13.1908496 52.5212031, 13.190834 52.5214665, 13.1908307 52.5215251, 13.1904273 52.5216258, 13.1893008 52.5215555))",0509,Spandau,Wilhelmstadt,OSM,OSM_SCHOOLS,05G21,OSM_SCHOOLS,way:503693822,Paul-Moor-Grundschule,,,,,,,,,,,,,,,,,,,,,,,,True,52.521351527029196,13.190187113468266,True,True
505803017,11010010,Schule am grünen Stadtrand,52.56985172952454,13.562270120878653,"POLYGON ((13.5619918 52.5693895, 13.5618563 52.569557, 13.5617531 52.5695813, 13.5617116 52.5695693, 13.5615058 52.5698152, 13.5615466 52.5698277, 13.5616961 52.5698734, 13.5615778 52.5700233, 13.5620068 52.5701623, 13.5628011 52.5704196, 13.5629053 52.5699245, 13.5627968 52.5698493, 13.5627885 52.5697361, 13.5626689 52.5696792, 13.5625275 52.5693862, 13.5622017 52.5692792, 13.5621132 52.5693789, 13.5620965 52.5693738, 13.5619918 52.5693895))",1001,Marzahn-Hellersdorf,Marzahn,OSM,OSM_SCHOOLS,10G34,OSM_SCHOOLS,way:505803017,Schule am grünen Stadtrand,,,,,,,,,,"Geraer Ring 54, 12689 Berlin",Geraer Ring,54,12689,Berlin,Bezirksamt Marzahn-Hellersdorf von Berlin,,,,+49 30 93668090,,https://www.schule-am-gruenen-stadtrand.de/,,,True,52.56985172952454,13.562270120878653,True,True
508462993,11004004,Hans-Litten-Schule,52.51169685068571,13.290194184772169,"POLYGON ((13.2913393 52.5114378, 13.2913279 52.511503, 13.2913016 52.5116474, 13.2912825 52.511755, 13.2912671 52.5118405, 13.2912189 52.5120866, 13.2910288 52.5120739, 13.2910183 52.5120733, 13.2907971 52.5120597, 13.2906979 52.5120536, 13.2904378 52.5120377, 13.2903631 52.5120331, 13.2901083 52.5120175, 13.2900555 52.5120142, 13.2898714 52.512003, 13.2898235 52.512, 13.2897788 52.5119973, 13.2895271 52.5119819, 13.289429 52.5119758, 13.2891971 52.5119616, 13.289009 52.5119501, 13.289018 52.5119225, 13.2890257 52.5118986, 13.2891446 52.5115147, 13.2892102 52.5113057, 13.2897161 52.5113368, 13.2897243 52.5113373, 13.2902528 52.511371, 13.2903469 52.5113768, 13.2904353 52.5113823, 13.2906059 52.5113927, 13.2906386 52.5113945, 13.2907639 52.511402, 13.2909947 52.5114161, 13.2910389 52.5114189, 13.2913393 52.5114378))",0401,Charlottenburg-Wilmersdorf,Charlottenburg,OSM,OSM_SCHOOLS,04B02,OSM_SCHOOLS,way:508462993,Hans-Litten-Schule,,,,,,,,,,"Danckelmannstraße 26-28, 14059 Berlin",Danckelmannstraße,26-28,14059,Berlin,Bezirksamt Charlottenburg-Wilmersdorf von Berlin,,,,+49 30 901893200,,,,,True,52.51169685068571,13.290194184772169,True,True
512889971,11011011,Schule am Grünen Grund,52.53022889387809,13.505955298278888,"POLYGON ((13.5071885 52.5301395, 13.5067787 52.5301541, 13.5056916 52.5302699, 13.5055911 52.5292681, 13.5055153 52.5291786, 13.5054961 52.5291302, 13.5049991 52.5291232, 13.5050154 52.529302, 13.5051248 52.5302986, 13.5051783 52.5307898, 13.5075305 52.5307889, 13.507291 52.5305861, 13.5072203 52.5302758, 13.5071885 52.5301395))",1103,Lichtenberg,Lichtenberg,OSM,OSM_SCHOOLS,11S05,OSM_SCHOOLS,way:512889971,Schule am Grünen Grund,,,,,,,,,,"Herzbergstraße 79, 10365 Berlin",Herzbergstraße,79,10365,Berlin,,,,,,,,,,True,52.53022889387809,13.505955298278888,True,True
513007663,11005005,Astrid-Lindgren-Grundschule,52.53055671276836,13.157103750233293,"POLYGON ((13.1578795 52.5305756, 13.1581027 52.530015, 13.1561363 52.5297158, 13.1560253 52.5300444, 13.1559476 52.530425, 13.1558248 52.5310108, 13.1559032 52.5310252, 13.1559938 52.5310418, 13.1561226 52.5310624, 13.1562406 52.5310813, 13.1562922 52.5310895, 13.1567261 52.5311524, 13.157174 52.531207, 13.1575428 52.5312478, 13.1579894 52.531288, 13.1580152 52.5312208, 13.158092 52.5310371, 13.1583135 52.5310695, 13.1584086 52.5310838, 13.1585743 52.5311098, 13.1587391 52.530702, 13.1578795 52.5305756))",0504,Spandau,Staaken,OSM,OSM_SCHOOLS,05G17,OSM_SCHOOLS,way:513007663,Astrid-Lindgren-Grundschule,,,,,,,,,,"Südekumzeile 5, 13591 Berlin",Südekumzeile,5,13591,Berlin,Bezirksamt Spandau von Berlin,,,,+49 30 3758620,sekretariat@lindgren.schule.berlin.de,https://lindgrenschule.de/,,,True,52.53055671276836,13.157103750233293,True,True
513113959,11006006,Produktives Lernen,52.440422484248174,13.240877409502048,"POLYGON ((13.2404816 52.4404975, 13.2409778 52.4406683, 13.2412732 52.4403479, 13.2407773 52.4401764, 13.2404816 52.4404975))",0604,Steglitz-Zehlendorf,Zehlendorf,OSM,OSM_SCHOOLS,,OSM_SCHOOLS,way:513113959,Produktives Lernen,,,,,,,,,,,,,,,Gail S. Halvorsen Schule,,,,,,,,,True,52.440422484248174,13.240877409502048,True,True
515634908,11009009,Grundschule am Berg,52.41861050122414,13.539029597033746,"POLYGON ((13.5379124 52.4189516, 13.5376596 52.4185495, 13.5376713 52.418534, 13.5376817 52.4185176, 13.5376994 52.4185082, 13.5377141 52.4185025, 13.5377651 52.4184911, 13.5382216 52.4183955, 13.5384868 52.4183448, 13.5388338 52.4182754, 13.5391949 52.4181998, 13.5393063 52.4181781, 13.5394903 52.4181422, 13.5397913 52.418083, 13.5399958 52.418485, 13.5401633 52.4188, 13.5398389 52.4189348, 13.5389379 52.4191228, 13.5387692 52.4187785, 13.5387061 52.4187913, 13.538698 52.4187929, 13.5386888 52.4187948, 13.5386258 52.4188073, 13.5385452 52.4188237, 13.5379124 52.4189516))",0906,Treptow-Köpenick,Altglienicke,OSM,OSM_SCHOOLS,09G10,OSM_SCHOOLS,way:515634908,Grundschule am Berg,,,,,,,,,,"Köpenicker Straße 31, 12524 Berlin",Köpenicker Straße,31,12524,Berlin,,,,,+49306728350,,http://www.grundschule-am-berg.de/,,,True,52.41861050122414,13.539029597033746,True,True
516219609,11007007,Friedenauer Gemeinschaftsschule (Sekundarstufe),52.46800239094783,13.344847663371269,"POLYGON ((13.3454189 52.4684157, 13.3454503 52.4681724, 13.3454559 52.4681727, 13.3454849 52.4679419, 13.3454791 52.4679416, 13.3455056 52.4677322, 13.3455164 52.4676424, 13.3455146 52.4676332, 13.34551 52.4676241, 13.3455014 52.4676171, 13.3454915 52.4676096, 13.3454763 52.4676035, 13.3454662 52.4676004, 13.3454555 52.4675987, 13.3450461 52.4675788, 13.344983 52.4675758, 13.3448428 52.4675692, 13.3447918 52.4675668, 13.3447529 52.467565, 13.3447522 52.4675712, 13.3446744 52.4675682, 13.3446751 52.4675613, 13.3443689 52.4675474, 13.3443506 52.4675488, 13.3443342 52.4675541, 13.3443217 52.4675597, 13.3443093 52.4675691, 13.3443002 52.4675787, 13.3442882 52.4676826, 13.3441924 52.4684327, 13.3448102 52.4684616, 13.3448159 52.4684173, 13.3450258 52.4684291, 13.3450305 52.4683978, 13.3454189 52.4684157))",0701,Tempelhof-Schöneberg,Schöneberg,OSM,OSM_SCHOOLS,07K12b,OSM_SCHOOLS,way:516219609,Friedenauer Gemeinschaftsschule (Sekundarstufe),,,,,,,,,,"Grazer Platz 1-3, 12157 Berlin",Grazer Platz,1-3,12157,Berlin,,,,,+49 30 902777904,,http://sekundarstufe.friedenauer-gemeinschaftsschule.de,,,True,52.46800239094783,13.344847663371269,True,True
520749042,11003003,Carl-Humann-Grundschule,52.55094679839844,13.421985426950473,"POLYGON ((13.4208509 52.5508008, 13.4208872 52.5508332, 13.4210329 52.5509666, 13.4210382 52.5509714, 13.4210975 52.550946, 13.4210764 52.550927, 13.4214449 52.5507742, 13.4216504 52.5509592, 13.4212784 52.5511136, 13.4212522 52.5510909, 13.4211964 52.5511134, 13.421201 52.5511181, 13.4213691 52.5512734, 13.4214905 52.5514538, 13.4216227 52.5514212, 13.4222465 52.5512707, 13.4229722 52.5510956, 13.4227727 52.5509018, 13.4226733 52.5508054, 13.4222966 52.5504889, 13.4222402 52.5504416, 13.4221626 52.5504733, 13.4220878 52.5505031, 13.4218874 52.5505842, 13.4217772 52.5504871, 13.421708 52.5505099, 13.4215514 52.5505624, 13.4215162 52.5505749, 13.4215937 52.550641, 13.4215234 52.55067, 13.421491 52.5506417, 13.4210639 52.5508179, 13.4210025 52.5508402, 13.4209305 52.5507736, 13.4208509 52.5508008))",0301,Pankow,Prenzlauer Berg,OSM,OSM_SCHOOLS,03G25,OSM_SCHOOLS,way:520749042,Carl-Humann-Grundschule,,,,,,,,,,"Scherenbergstraße 7, 10439 Berlin",Scherenbergstraße,7,10439,Berlin,,,,,,,,,,True,52.55094679839844,13.421985426950473,True,True
522889568,11008008,Hugo-Heimann-Schule,52.42526925739796,13.456430737281996,"POLYGON ((13.4553757 52.4257371, 13.4562403 52.4257477, 13.457465 52.4257626, 13.4574837 52.4252928, 13.4573373 52.4252815, 13.4572724 52.4251949, 13.4572926 52.4249036, 13.4572411 52.424896, 13.4571766 52.4248818, 13.4570638 52.4248476, 13.4569498 52.4248008, 13.456874 52.4247624, 13.4566593 52.4246218, 13.4566497 52.424611, 13.4561473 52.4247195, 13.4555639 52.4248456, 13.4555739 52.4248617, 13.4553757 52.4257371))",0805,Neukölln,Gropiusstadt,OSM,OSM_SCHOOLS,08G16,OSM_SCHOOLS,way:522889568,Hugo-Heimann-Schule,,,,,,,,,,"Hugo-Heimann-Straße 20, 12353 Berlin",Hugo-Heimann-Straße,20,12353,Berlin,,,,,,,,,,True,52.42526925739796,13.456430737281996,True,True
525385367,11001001,Schul-Umwelt-Zentrum Mitte - Filiale Seestraße,52.555810230310755,13.36382564843446,"POLYGON ((13.3644937 52.555272, 13.3644209 52.5557726, 13.3646099 52.5557854, 13.3645286 52.5561993, 13.364461 52.5565248, 13.3644567 52.5565888, 13.3644016 52.5565512, 13.3640915 52.5563958, 13.3636736 52.5561833, 13.3628516 52.5557557, 13.3627162 52.5556842, 13.3627046 52.5556576, 13.3626375 52.5555835, 13.3626733 52.5554995, 13.3644937 52.555272))",0105,Mitte,Wedding,OSM,OSM_SCHOOLS,,OSM_SCHOOLS,way:525385367,Schul-Umwelt-Zentrum Mitte - Filiale Seestraße,,,,,,,,,,"Seestraße 74, 13347 Berlin",Seestraße,74,13347,Berlin,,,,,,,http://www.suz-mitte.de/,,,True,52.555810230310755,13.36382564843446,True,True
530432780,11012012,Kolumbus-Grundschule,52.57562678012066,13.366144029696933,"POLYGON ((13.3676867 52.5757431, 13.3676155 52.5760673, 13.3672535 52.5761075, 13.3666912 52.5761199, 13.3658135 52.5761414, 13.3650878 52.576094, 13.3649674 52.5760358, 13.3647844 52.5759398, 13.3648383 52.5756192, 13.3649614 52.5749537, 13.3659649 52.5750141, 13.3659517 52.575143, 13.3660784 52.5751594, 13.3665458 52.5752297, 13.3676917 52.5754018, 13.3676867 52.5757431))",1201,Reinickendorf,Reinickendorf,OSM,OSM_SCHOOLS,12G05,OSM_SCHOOLS,way:530432780,Kolumbus-Grundschule,,,,,,,,,,"Büchsenweg 23A, 13409 Berlin",Büchsenweg,23A,13409,Berlin,,,,,,,,,,True,52.57562678012066,13.366144029696933,True,True
546803527,11006006,Caroline-von-Heydebrand Schule,52.441797776815314,13.225775731108047,"POLYGON ((13.22623 52.4415078, 13.2260732 52.4414967, 13.2259391 52.4414942, 13.2257805 52.4415063, 13.2255547 52.4415452, 13.2251634 52.4416269, 13.2250076 52.4420951, 13.2262491 52.4420554, 13.2265258 52.4416654, 13.2265103 52.4416614, 13.22658 52.441558, 13.22623 52.4415078))",0604,Steglitz-Zehlendorf,Zehlendorf,OSM,OSM_SCHOOLS,06P09,OSM_SCHOOLS,way:546803527,Caroline-von-Heydebrand Schule,,,,,,,,,,,,,,,Caroline von Heydebrand-Heim e.V.,,,,,,,,,True,52.441797776815314,13.225775731108047,True,True
546866086,11006006,Parzival-Schule,52.44647598222949,13.233781675057596,"POLYGON ((13.2335204 52.4458301, 13.2338767 52.446117, 13.2340185 52.4462088, 13.2340818 52.4461791, 13.2346966 52.4463862, 13.2338931 52.4472033, 13.2338766 52.4472118, 13.2338584 52.4472198, 13.2338375 52.4472224, 13.2338079 52.4472224, 13.2337801 52.4472161, 13.2337532 52.4472023, 13.2333941 52.4466396, 13.2333507 52.446576, 13.2332785 52.4464864, 13.2331438 52.446337, 13.2330971 52.4462984, 13.2329247 52.4461558, 13.2329134 52.4461415, 13.2329125 52.4461129, 13.2329377 52.4460885, 13.2335204 52.4458301))",0604,Steglitz-Zehlendorf,Zehlendorf,OSM,OSM_SCHOOLS,06P07,OSM_SCHOOLS,way:546866086,Parzival-Schule,,,,,,,,,,"Quermatenweg 6, 14163 Berlin",Quermatenweg,6,14163,Berlin,,,,,,,,,,True,52.44647598222949,13.233781675057596,True,True
548576035,11011011,Matibi-Schule (Filiale),52.581281385758935,13.534929414373893,"POLYGON ((13.5362871 52.5821041, 13.5352234 52.5801835, 13.535218 52.5801738, 13.5347497 52.5802729, 13.5339454 52.5804246, 13.5339259 52.5804593, 13.5338794 52.5804683, 13.5338535 52.5804734, 13.533803 52.5804512, 13.5335675 52.5804956, 13.5346033 52.5823282, 13.5351123 52.5822871, 13.5362871 52.5821041))",1107,Lichtenberg,Wartenberg,OSM,OSM_SCHOOLS,11G29b,OSM_SCHOOLS,way:548576035,Matibi-Schule (Filiale),,,,,,,,,,"Straße 3 21, 13059 Berlin",Straße 3,21,13059,Berlin,,,,,,,,,,True,52.581281385758935,13.534929414373893,True,True
549379114,11010010,dreieins Grundschule Kaulsdorf,52.52546319467146,13.592032442365062,"POLYGON ((13.5914691 52.5250951, 13.5912689 52.52512, 13.5908669 52.5251702, 13.5909206 52.5253275, 13.5908478 52.5253364, 13.5908782 52.5254246, 13.5909507 52.5254154, 13.5910012 52.5255737, 13.5910234 52.5256319, 13.59082 52.525658, 13.5909452 52.5260184, 13.5918213 52.5259102, 13.5919332 52.5258965, 13.5932919 52.5257298, 13.5930104 52.5249022, 13.5925854 52.5249544, 13.5925028 52.5249646, 13.5917167 52.5250636, 13.5916415 52.5250732, 13.5914691 52.5250951))",1005,Marzahn-Hellersdorf,Hellersdorf,OSM,OSM_SCHOOLS,10P14,OSM_SCHOOLS,way:549379114,dreieins Grundschule Kaulsdorf,,,,,,,,,,"Peter-Huchel-Straße 35, 12619 Berlin",Peter-Huchel-Straße,35,12619,Berlin,dreieins Innovative Pädagogik gGmbH,,,,,,https://www.dreieins.org/kaulsdorf/grundschule/,,,True,52.52546319467146,13.592032442365062,True,True
556024976,11010010,Internationale Lomonossow-Schule Berlin Marzahn,52.516934686759626,13.569049511208828,"POLYGON ((13.5697685 52.5172033, 13.5686517 52.5173598, 13.5683788 52.5166728, 13.5683972 52.5166601, 13.5684523 52.516652, 13.5695033 52.5165003, 13.5695451 52.5165063, 13.5695701 52.5165236, 13.569579 52.516555, 13.5695621 52.5165843, 13.5695087 52.5166368, 13.5694829 52.5166785, 13.5694695 52.5167197, 13.5694722 52.5167473, 13.569571 52.5170018, 13.5696101 52.5170386, 13.5696466 52.5170646, 13.5696964 52.5170874, 13.5697676 52.5171123, 13.5697943 52.5171318, 13.5698121 52.517154, 13.5698139 52.5171751, 13.569805 52.5171859, 13.5697943 52.517194, 13.5697685 52.5172033))",1002,Marzahn-Hellersdorf,Biesdorf,OSM,OSM_SCHOOLS,,OSM_SCHOOLS,way:556024976,Internationale Lomonossow-Schule Berlin Marzahn,,,,,,,,,,,,,,,,,,,,,http://lomonossow-schule.de/de/,,,True,52.516934686759626,13.569049511208828,True,True
562054405,11010010,Sartre-Gymnasium,52.54317205517966,13.590713809270877,"POLYGON ((13.5912874 52.5426472, 13.5912929 52.542572, 13.5910167 52.5425609, 13.5903976 52.5425328, 13.590279 52.5425288, 13.5902346 52.542525, 13.5902298 52.5425669, 13.5902151 52.5426967, 13.5902107 52.5427421, 13.5901441 52.543492, 13.5902559 52.5438074, 13.5902622 52.5438246, 13.5903971 52.5438103, 13.5905374 52.5438009, 13.5907407 52.5438014, 13.5909864 52.5438166, 13.591189 52.5438284, 13.591227 52.5433688, 13.5912811 52.542722, 13.5912874 52.5426472))",1005,Marzahn-Hellersdorf,Hellersdorf,OSM,OSM_SCHOOLS,10Y08,OSM_SCHOOLS,way:562054405,Sartre-Gymnasium,,,,,,,,,,"Kyritzer Straße 103, 12629 Berlin",Kyritzer Straße,103,12629,Berlin,,,,,,,,,,True,52.54317205517966,13.590713809270877,True,True
566751232,11010010,Integrierte Sekundarschule Mahlsdorf,52.507897467199236,13.616365105151216,"POLYGON ((13.6152264 52.5072965, 13.6152199 52.50733, 13.615234 52.5074328, 13.6152376 52.5074585, 13.6152413 52.5074853, 13.6152751 52.5077316, 13.6153152 52.5080235, 13.6153169 52.508036, 13.6153175 52.5080401, 13.6153578 52.5083258, 13.6154238 52.5087933, 13.6177117 52.5084188, 13.6170655 52.5069782, 13.6167794 52.5070228, 13.6161189 52.5071261, 13.6161344 52.5071589, 13.6160133 52.5071772, 13.6152264 52.5072965))",1004,Marzahn-Hellersdorf,Mahlsdorf,OSM,OSM_SCHOOLS,10K13,OSM_SCHOOLS,way:566751232,Integrierte Sekundarschule Mahlsdorf,,,,,,,,,,"An der Schule 41 - 59, 12623 Berlin",An der Schule,41 - 59,12623,Berlin,,,,,,,,,,True,52.507897467199236,13.616365105151216,True,True
581863656,11005005,,52.54507356918523,13.195806063317589,"POLYGON ((13.19556 52.5451097, 13.1957686 52.5452258, 13.1959835 52.5450831, 13.1960521 52.5450375, 13.1958435 52.5449213, 13.19556 52.5451097))",0501,Spandau,Spandau,OSM,OSM_SCHOOLS,,OSM_SCHOOLS,way:581863656,,,,,,,,,,,Falkenseer Damm 34,Falkenseer Damm,34,,,,,,,,,,,,True,52.54507356918523,13.195806063317589,True,True
583306357,11001001,Grundschule Neues Tor,52.527336403047656,13.38080761902672,"POLYGON ((13.3805776 52.527607, 13.380534 52.5276043, 13.3802027 52.5275832, 13.3801664 52.5275809, 13.3800069 52.5275729, 13.3800882 52.5270871, 13.380097 52.5270348, 13.3806823 52.5270774, 13.3809213 52.5270906, 13.3810309 52.5270973, 13.3812941 52.5271152, 13.3814534 52.5270095, 13.3816636 52.5270936, 13.3815293 52.5274153, 13.3813423 52.527654, 13.3810159 52.5276346, 13.3805776 52.527607))",0101,Mitte,Mitte,OSM,OSM_SCHOOLS,01G05,OSM_SCHOOLS,way:583306357,Grundschule Neues Tor,,,,,,,,,,,,,,,,,,,,,,,,True,52.527336403047656,13.38080761902672,True,True
585841511,11003003,Grundschule am Wasserturm,52.565037524004055,13.437324013524774,"POLYGON ((13.4367615 52.5657688, 13.4369896 52.5655267, 13.437623 52.5657398, 13.4376564 52.5657021, 13.4378606 52.5657688, 13.4380273 52.5658237, 13.4387777 52.5650299, 13.4390717 52.5651284, 13.4391718 52.5649994, 13.4374928 52.5644361, 13.437051 52.564585, 13.4366899 52.5641973, 13.4359359 52.5644603, 13.4361134 52.5649112, 13.4362421 52.5652156, 13.4363799 52.565544, 13.4364319 52.5656022, 13.4364791 52.5656359, 13.4367615 52.5657688))",0304,Pankow,Heinersdorf,OSM,OSM_SCHOOLS,03G22,OSM_SCHOOLS,way:585841511,Grundschule am Wasserturm,,,,,,,,,,"Tino-Schwierzina-Straße 66, 13089 Berlin",Tino-Schwierzina-Straße,66,13089,Berlin,,,,,,gsamwasserturm@freenet.de,http://www.gsamwasserturm.de,,,True,52.565037524004055,13.437324013524774,True,True
588064483,11008008,Aus- und Fortbildungszentrum,52.46518227191076,13.446319548871704,"POLYGON ((13.4451153 52.4653782, 13.4454174 52.4646642, 13.4457704 52.4647228, 13.4469011 52.4649085, 13.4476899 52.4650372, 13.4476632 52.4650636, 13.4470315 52.4656899, 13.4468373 52.4656575, 13.4467156 52.4656361, 13.4454788 52.4654368, 13.4452061 52.4653933, 13.4451153 52.4653782))",0801,Neukölln,Neukölln,OSM,OSM_SCHOOLS,,OSM_SCHOOLS,way:588064483,Aus- und Fortbildungszentrum,,,,,,,,,,"Naumburger Straße 15, 12057 Berlin",Naumburger Straße,15,12057,Berlin,Vattenfall Europe AG,,,,,,,,,True,52.46518227191076,13.446319548871704,True,True
588732922,11011011,Orankesee-Schule,52.54809705543675,13.498439850175803,"POLYGON ((13.4995272 52.5481767, 13.4995463 52.5481876, 13.4994765 52.5482278, 13.4992681 52.5483479, 13.4990851 52.5483917, 13.4988319 52.5484537, 13.4982618 52.5485917, 13.4980739 52.5486379, 13.4980099 52.5486531, 13.4978623 52.548447, 13.4976134 52.548482, 13.4976 52.5484839, 13.4975486 52.5484938, 13.4974671 52.5485118, 13.4972712 52.5483662, 13.4972917 52.5483297, 13.4986027 52.547403, 13.4991071 52.5476648, 13.4992077 52.5477173, 13.4990189 52.5478465, 13.4992624 52.5479877, 13.4992389 52.5480103, 13.4992332 52.5480158, 13.4995272 52.5481767))",1110,Lichtenberg,Alt-Hohenschönhausen,OSM,OSM_SCHOOLS,11G34,OSM_SCHOOLS,way:588732922,Orankesee-Schule,,,,,,,,,,"Konrad-Wolf-Straße 11, 13055 Berlin",Konrad-Wolf-Straße,11,13055,Berlin,Land Berlin,,,,,,,,,True,52.54809705543675,13.498439850175803,True,True
593467262,11008008,,52.42252024239846,13.446237152795401,"POLYGON ((13.4438125 52.4228422, 13.4476105 52.4229142, 13.4477071 52.4225511, 13.4477715 52.4222894, 13.4478412 52.4220473, 13.4460119 52.4220702, 13.4437964 52.4228128, 13.4438125 52.4228422))",0803,Neukölln,Buckow,OSM,OSM_SCHOOLS,,OSM_SCHOOLS,way:593467262,,,,,,,,,,,,,,,,,,,,,,,,,True,52.42252024239846,13.446237152795401,True,True
604464927,11006006,Königin-Luise-Stiftung,52.46049228984875,13.302665198781664,"POLYGON ((13.3029063 52.4595672, 13.3010736 52.4610903, 13.3010817 52.461149, 13.30215 52.4616262, 13.3022595 52.4616164, 13.3039504 52.4602133, 13.3037421 52.4592692, 13.3036563 52.4592379, 13.3033878 52.4593252, 13.3031324 52.4594381, 13.3029063 52.4595672))",0605,Steglitz-Zehlendorf,Dahlem,OSM,OSM_SCHOOLS,06P06,OSM_SCHOOLS,way:604464927,Königin-Luise-Stiftung,,,,,,,,,,,,,,,,,,,,,https://www.koenigin-luise-stiftung.de,,,True,52.46049228984875,13.302665198781664,True,True
606847150,11002002,37. Grundschule Berlin Friedrichshain,52.52142928308084,13.439068073245346,"POLYGON ((13.4398308 52.5214336, 13.4398801 52.5214051, 13.4400261 52.5214933, 13.4400628 52.5215162, 13.440549 52.5212137, 13.4403388 52.5210886, 13.4398367 52.5213866, 13.439795 52.5214118, 13.4389168 52.5208852, 13.4386072 52.5210891, 13.4382 52.5213572, 13.4380247 52.5214727, 13.4389128 52.5219992, 13.4389501 52.5219757, 13.4392304 52.5218017, 13.4394185 52.5216874, 13.4398308 52.5214336))",0201,Friedrichshain-Kreuzberg,Friedrichshain,OSM,OSM_SCHOOLS,02G37,OSM_SCHOOLS,way:606847150,37. Grundschule Berlin Friedrichshain,,,,,,,,,,"Pufendorfstraße 10, 10249 Berlin",Pufendorfstraße,10,10249,Berlin,Bezirksamt Friedrichshain-Kreuzberg von Berlin,,,,,sekretariat@02g37.schule.berlin.de,http://37schule.berlin/,,,True,52.52142928308084,13.439068073245346,True,True
618626438,11003003,Max-Delbrück-Gymnasium,52.58428694827885,13.401421746730705,"POLYGON ((13.4006356 52.5836175, 13.4006419 52.5836947, 13.4006326 52.5837145, 13.400628 52.5838131, 13.4005714 52.5839388, 13.4005544 52.5841819, 13.4004931 52.5842397, 13.4004544 52.5844517, 13.4004679 52.5847016, 13.4004431 52.5848101, 13.4017756 52.5850258, 13.401903 52.5849577, 13.4020534 52.5849645, 13.4021436 52.5845544, 13.4019797 52.584542, 13.4019956 52.5844922, 13.4020258 52.5843973, 13.4020723 52.5840971, 13.4021583 52.5841059, 13.4023553 52.5841265, 13.4026763 52.5841593, 13.4027302 52.5841652, 13.4028393 52.5838492, 13.4015248 52.5837088, 13.4006356 52.5836175))",0311,Pankow,Niederschönhausen,OSM,OSM_SCHOOLS,03Y15,OSM_SCHOOLS,way:618626438,Max-Delbrück-Gymnasium,,,,,,,,,,,,,,,"Senatsverwaltung für Bildung, Jugend und Familie",,,,,,,,,True,52.58428694827885,13.401421746730705,True,True
620652869,11005005,Immanuel-Grundschule,52.54986708885477,13.152312594993292,"POLYGON ((13.1526443 52.5501846, 13.1520482 52.5502326, 13.1519062 52.5495912, 13.1521095 52.5495667, 13.1522479 52.5495546, 13.1524068 52.5495457, 13.1526347 52.5495422, 13.1527132 52.5496258, 13.1526839 52.5496877, 13.1526555 52.5497649, 13.1526421 52.5498339, 13.1526356 52.5498981, 13.1526305 52.5500264, 13.1526443 52.5501846))",0508,Spandau,Falkenhagener Feld,OSM,OSM_SCHOOLS,05P15,OSM_SCHOOLS,way:620652869,Immanuel-Grundschule,,,,,,,,,,"Stadtrandstraße 465, 13589 Berlin",Stadtrandstraße,465,13589,Berlin,Christburg Campus gGmbH,,,,,,https://www.immanuel-grundschule.de/,,,True,52.54986708885477,13.152312594993292,True,True
624235063,11003003,Bard College Berlin Library,52.58402641569347,13.398932696163968,"POLYGON ((13.3987178 52.5838893, 13.3992332 52.5839799, 13.3991498 52.5841626, 13.3986322 52.5840741, 13.3987178 52.5838893))",0311,Pankow,Niederschönhausen,OSM,OSM_SCHOOLS,,OSM_SCHOOLS,way:624235063,Bard College Berlin Library,,,,,,,,,,,,,,,Bard College Berlin,,,,,,https://berlin.bard.edu/academics/academic-services/library/,,,True,52.58402641569347,13.398932696163968,True,True
631356623,11011011,38. Schule Grundschule Lichtenberg,52.527448105126105,13.477292941661123,"POLYGON ((13.4779856 52.5278306, 13.4775188 52.5268172, 13.4770049 52.526905, 13.4771515 52.5272221, 13.4765092 52.5273338, 13.4765814 52.5275037, 13.4766897 52.5277401, 13.4767027 52.5277712, 13.4770542 52.5277114, 13.4771729 52.527966, 13.4773622 52.5279357, 13.4776786 52.527883, 13.4779856 52.5278306))",1111,Lichtenberg,Fennpfuhl,OSM,OSM_SCHOOLS,11G38,OSM_SCHOOLS,way:631356623,38. Schule Grundschule Lichtenberg,,,,,,,,,,"Paul-Junius-Straße 69, 10369 Berlin",Paul-Junius-Straße,69,10369,Berlin,,,,,,,,,,True,52.527448105126105,13.477292941661123,True,True
635860384,11004004,Reinhold-Otto-Grundschule,52.513252938166744,13.268880203669239,"POLYGON ((13.2681034 52.5129081, 13.2693426 52.5126959, 13.2696062 52.5132595, 13.2693353 52.5133097, 13.2695083 52.5136745, 13.2686158 52.5138373, 13.2685608 52.5138345, 13.2685192 52.5138271, 13.2681034 52.5129081))",0405,Charlottenburg-Wilmersdorf,Westend,OSM,OSM_SCHOOLS,04G14,OSM_SCHOOLS,way:635860384,Reinhold-Otto-Grundschule,,,,,,,,,,"Leistikowstraße 7-8, 14050 Berlin",Leistikowstraße,7-8,14050,Berlin,Bezirksamt Charlottenburg-Wilmersdorf von Berlin,,,,+49 30 3641050120,schulleitung@04G14.schule.berlin.de,,,,True,52.513252938166744,13.268880203669239,True,True
636234063,11011011,Gartenarbeitsschule Lichtenberg,52.480019781774004,13.510716259637203,"POLYGON ((13.5098431 52.4797427, 13.5103098 52.4796702, 13.510393 52.4796517, 13.5104659 52.4796335, 13.5105875 52.47959, 13.5110371 52.4793449, 13.5111347 52.4793646, 13.5115212 52.4801959, 13.511578 52.4803175, 13.5112496 52.4803707, 13.5112137 52.4803416, 13.5109398 52.4804635, 13.5102676 52.4806507, 13.5098431 52.4797427))",1102,Lichtenberg,Karlshorst,OSM,OSM_SCHOOLS,,OSM_SCHOOLS,way:636234063,Gartenarbeitsschule Lichtenberg,,,,,,,,,,"Trautenauer Straße 40, 10318 Berlin",Trautenauer Straße,40,10318,Berlin,,,,,,,https://www.berlin.de/ba-lichtenberg/auf-einen-blick/buergerservice/bildung/artikel.322146.php,,,True,52.480019781774004,13.510716259637203,True,True
636234066,11005005,Schul-Umwelt-Zentrum Spandau,52.568460833644416,13.215149313215486,"POLYGON ((13.2163011 52.5677008, 13.2140521 52.5680927, 13.2142036 52.5683596, 13.2142205 52.5683917, 13.2142304 52.5684089, 13.2131832 52.5685708, 13.2132565 52.568723, 13.2139993 52.5685871, 13.214277 52.5685306, 13.214438 52.5688672, 13.214236 52.5688957, 13.2142212 52.5689387, 13.2142521 52.5691695, 13.2145196 52.5691377, 13.2146993 52.5691921, 13.214871 52.5692231, 13.2149917 52.5692312, 13.2152331 52.5692149, 13.2154118 52.5691679, 13.2159707 52.568734, 13.2163006 52.5682563, 13.2165026 52.568176, 13.2164256 52.5679779, 13.2164148 52.5679469, 13.2163011 52.5677008))",0507,Spandau,Hakenfelde,OSM,OSM_SCHOOLS,,OSM_SCHOOLS,way:636234066,Schul-Umwelt-Zentrum Spandau,,,,,,,,,,"Bernkastler Weg 26, 13587 Berlin",Bernkastler Weg,26,13587,Berlin,Bezirksamt Spandau von Berlin,,,,,,https://gas-hakenfelde.de/,,,True,52.568460833644416,13.215149313215486,True,True
636234067,,Gartenarbeitsschule Pankow,52.58162436354802,13.426927439750207,"POLYGON ((13.4259152 52.5811109, 13.4256792 52.5814629, 13.4260333 52.5815477, 13.4258965 52.5817742, 13.4264812 52.5818997, 13.4268004 52.5818785, 13.4269157 52.581859, 13.4274253 52.5819404, 13.4275675 52.5819649, 13.4280825 52.5820806, 13.4283265 52.5816911, 13.4259152 52.5811109))",,,,OSM,OSM_SCHOOLS,,OSM_SCHOOLS,way:636234067,Gartenarbeitsschule Pankow,,,,,,,,,,"Galenusstraße 51, 13187 Berlin",Galenusstraße,51,13187,Berlin,,,,,,,https://gartenarbeitsschulepankows.com/,,,True,52.58162436354802,13.426927439750207,False,False
636590271,11005005,Grundschule am Amalienhof,52.51322631504173,13.16755490188783,"POLYGON ((13.1683931 52.5123247, 13.1678887 52.5125186, 13.1678749 52.5125239, 13.1671939 52.5127857, 13.1668181 52.5129323, 13.1664508 52.5130847, 13.1664179 52.5130983, 13.166118 52.5132227, 13.166591 52.5135841, 13.1669132 52.5138755, 13.1666681 52.5141182, 13.1666484 52.5143651, 13.1667232 52.5143453, 13.1667524 52.5143376, 13.1667983 52.5143289, 13.1668723 52.5143149, 13.1674641 52.5137413, 13.168157 52.5135301, 13.1688426 52.5133039, 13.1688135 52.5131156, 13.1686 52.5127431, 13.1683931 52.5123247))",0509,Spandau,Wilhelmstadt,OSM,OSM_SCHOOLS,05G26,OSM_SCHOOLS,way:636590271,Grundschule am Amalienhof,,,,,,,,,,"Weinmeisterhornweg 122, 13593 Berlin",Weinmeisterhornweg,122,13593,Berlin,,,,,,,,,,True,52.51322631504173,13.16755490188783,True,True
640579002,11006006,Willi-Graf-Gymnasium,52.43468986643338,13.321490246956179,"POLYGON ((13.3222275 52.4346351, 13.3218867 52.4347552, 13.3224249 52.435316, 13.3216095 52.4356083, 13.3205482 52.4344967, 13.3211251 52.4342916, 13.3207753 52.4339277, 13.3213656 52.4337149, 13.3218422 52.4342348, 13.3222275 52.4346351))",0602,Steglitz-Zehlendorf,Lichterfelde,OSM,OSM_SCHOOLS,06Y12,OSM_SCHOOLS,way:640579002,Willi-Graf-Gymnasium,,,,,,,,,,"Ostpreußendamm 166, 12207 Berlin",Ostpreußendamm,166,12207,Berlin,,,,,+4930 772 9004,sekretariat@willi-graf-os.de,https://willi-graf-gymnasium.de/,,,True,52.43468986643338,13.321490246956179,True,True
641124276,11006006,Giesensdorfer Grundschule,52.42233953032277,13.310421120500727,"POLYGON ((13.311662 52.4219236, 13.3105622 52.4226658, 13.3097819 52.423191, 13.3095805 52.42302, 13.3094458 52.4229013, 13.3092691 52.4227335, 13.3097351 52.4223818, 13.3097142 52.4223715, 13.3103678 52.4219289, 13.310536 52.4218146, 13.3109456 52.4215411, 13.3114062 52.421787, 13.311662 52.4219236))",0602,Steglitz-Zehlendorf,Lichterfelde,OSM,OSM_SCHOOLS,06G22,OSM_SCHOOLS,way:641124276,Giesensdorfer Grundschule,,,,,,,,,,"Ostpreußendamm 63, 12207 Berlin",Ostpreußendamm,63,12207,Berlin,,,,,,,http://www.giesensdorfer-grundschule.de/,,,True,52.42233953032277,13.310421120500727,True,True
643934454,11001001,Berlin Cosmopolitan School,52.52780134327951,13.406331148921344,"POLYGON ((13.4059419 52.5277113, 13.406146 52.527672, 13.4062108 52.5276592, 13.4063778 52.5276283, 13.4065342 52.5275996, 13.4064278 52.5274523, 13.4065995 52.5274112, 13.4066107 52.5274263, 13.406598 52.5274298, 13.4066182 52.527457, 13.4066303 52.5274537, 13.4066544 52.5274863, 13.4066424 52.5274896, 13.4066632 52.5275176, 13.4066753 52.5275143, 13.4066994 52.5275468, 13.4066874 52.5275502, 13.4067009 52.5275655, 13.4067446 52.5276267, 13.4067879 52.5276853, 13.4068838 52.5278148, 13.4069324 52.5278802, 13.4066941 52.527929, 13.4065166 52.5279653, 13.406323 52.5280041, 13.4062753 52.5280143, 13.4061181 52.5280443, 13.4058976 52.5280884, 13.4057234 52.5277588, 13.405773 52.527748, 13.4059419 52.5277113))",0101,Mitte,Mitte,OSM,OSM_SCHOOLS,01P22,OSM_SCHOOLS,way:643934454,Berlin Cosmopolitan School,,,,,,,,,,,,,,,,,,,,,,,,True,52.52780134327951,13.406331148921344,True,True
654027924,11011011,Schmetterlings-Grundschule,52.49423970015689,13.505324949836497,"POLYGON ((13.5049983 52.4943862, 13.5057297 52.4942568, 13.5056516 52.4940932, 13.5049202 52.4942226, 13.5049983 52.4943862))",1101,Lichtenberg,Friedrichsfelde,OSM,OSM_SCHOOLS,11G31,OSM_SCHOOLS,way:654027924,Schmetterlings-Grundschule,,,,,,,,,,"Dolgenseestraße 60 Haus C, 10319 Berlin",Dolgenseestraße,60 Haus C,10319,Berlin,,,,,,,https://www.schmetterlings-grundschule.de,,,True,52.49423970015689,13.505324949836497,True,True
656849860,11011011,14. Schule (Integrierte Sekundarschule),52.56941881673431,13.531591483715927,"POLYGON ((13.532488 52.5697686, 13.5324097 52.5698349, 13.532309 52.5698857, 13.532248 52.5699063, 13.5321251 52.5699359, 13.5320141 52.5699456, 13.5318712 52.5699375, 13.531638 52.5699042, 13.5314926 52.5698847, 13.5309463 52.5698113, 13.5301293 52.5697099, 13.5302149 52.5696427, 13.5302322 52.569628, 13.5302547 52.5696114, 13.5307335 52.5692353, 13.5307643 52.5692108, 13.5307889 52.5691918, 13.530995 52.56903, 13.5310427 52.5689925, 13.5313848 52.5687238, 13.5314026 52.568732, 13.5314444 52.5686978, 13.5320314 52.5689709, 13.5320981 52.5690019, 13.5321198 52.569012, 13.5329244 52.5693884, 13.5328579 52.569446, 13.532488 52.5697686))",1109,Lichtenberg,Neu-Hohenschönhausen,OSM,OSM_SCHOOLS,11K14,OSM_SCHOOLS,way:656849860,14. Schule (Integrierte Sekundarschule),,,,,,,,,,"Wartiner Straße 1-3, 13057 Berlin",Wartiner Straße,1-3,13057,Berlin,,,,,,,https://11k14.info/,,,True,52.56941881673431,13.531591483715927,True,True
657017263,11011011,Schule an der Victoriastadt,52.501326574208555,13.480095803606162,"POLYGON ((13.4798925 52.5017796, 13.4799576 52.5017823, 13.4803321 52.5018102, 13.4806928 52.5018349, 13.4807482 52.5018405, 13.4808792 52.5011113, 13.4809419 52.5007717, 13.4809748 52.5005847, 13.4808123 52.5006402, 13.4799301 52.5009518, 13.4790839 52.501266, 13.4790775 52.5013017, 13.4790044 52.5017137, 13.4798925 52.5017796))",1112,Lichtenberg,Rummelsburg,OSM,OSM_SCHOOLS,11G16,OSM_SCHOOLS,way:657017263,Schule an der Victoriastadt,,,,,,,,,,"Nöldnerstraße 44, 10317 Berlin",Nöldnerstraße,44,10317,Berlin,,,,,+49 30 5107047,sekretariat@11g16.schule.berlin.de,https://www.gs-victoriastadt.de/,,,True,52.501326574208555,13.480095803606162,True,True
665877515,11006006,Johanna-Gerdes-Grundschule,52.43802357005359,13.228605118243973,"POLYGON ((13.2283884 52.4376629, 13.229057 52.4382506, 13.2287927 52.4383643, 13.2281815 52.4378264, 13.2283199 52.4377057, 13.2283884 52.4376629))",0604,Steglitz-Zehlendorf,Zehlendorf,OSM,OSM_SCHOOLS,06P02,OSM_SCHOOLS,way:665877515,Johanna-Gerdes-Grundschule,,,,,,,,,,,,,,,,,,,,,,,,True,52.43802357005359,13.228605118243973,True,True
666793437,11012012,Humboldt-Gymnasium Berlin-Tegel,52.59503439765377,13.290663251248038,"POLYGON ((13.2914946 52.5951449, 13.2915007 52.595271, 13.2910978 52.5952324, 13.2910052 52.5952665, 13.2909785 52.5953808, 13.2908532 52.5953608, 13.2906255 52.5953436, 13.2906494 52.5952605, 13.2904028 52.5952343, 13.2899657 52.5951879, 13.29012 52.594688, 13.2908549 52.5947669, 13.2914946 52.5951449))",1202,Reinickendorf,Tegel,OSM,OSM_SCHOOLS,12Y03b,OSM_SCHOOLS,way:666793437,Humboldt-Gymnasium Berlin-Tegel,,,,,,,,,,"Ziekowstraße 161, 13509 Berlin",Ziekowstraße,161,13509,Berlin,,,,,,,,,,True,52.59503439765377,13.290663251248038,True,True
667108977,11003003,Maria-Leo-Grundschule,52.529216330882534,13.449647090994615,"POLYGON ((13.4508025 52.5287972, 13.4496027 52.529987, 13.4495504 52.5299917, 13.4484921 52.5296407, 13.4484761 52.5296115, 13.4497794 52.5284137, 13.4508025 52.5287972))",0301,Pankow,Prenzlauer Berg,OSM,OSM_SCHOOLS,03G48,OSM_SCHOOLS,way:667108977,Maria-Leo-Grundschule,,,,,,,,,,"Conrad-Blenkle-Straße 20, 10407 Berlin",Conrad-Blenkle-Straße,20,10407,Berlin,,,,,+49 30 43770573,,https://www.03g48.de/,,,True,52.529216330882534,13.449647090994615,True,True
667108978,11003003,Tesla Grundschule,52.529181533011155,13.449245277936825,"POLYGON ((13.4493078 52.5289749, 13.448954 52.5292963, 13.4491798 52.5293885, 13.4495376 52.529068, 13.4493078 52.5289749))",0301,Pankow,Prenzlauer Berg,OSM,OSM_SCHOOLS,03G38b,OSM_SCHOOLS,way:667108978,Tesla Grundschule,,,,,,,,,,Conrad-Blenkle-Straße 20,Conrad-Blenkle-Straße,20,,,,,,,,,,,,True,52.529181533011155,13.449245277936825,True,True
669405608,11003003,Janusz-Korczak-Schule,52.56287032033538,13.407698714073208,"POLYGON ((13.4083171 52.5631258, 13.4082989 52.5631145, 13.4080958 52.563249, 13.4079603 52.563339, 13.4079323 52.5633576, 13.4071996 52.5629554, 13.4069458 52.5628116, 13.4069323 52.5627414, 13.4074201 52.5624221, 13.4075333 52.5624216, 13.4076708 52.5624223, 13.4077966 52.5624749, 13.4078265 52.5625147, 13.4078323 52.5626842, 13.4078727 52.5627473, 13.4079246 52.562766, 13.4083408 52.5627667, 13.4083367 52.5629662, 13.4085573 52.5629684, 13.4083171 52.5631258))",0307,Pankow,Pankow,OSM,OSM_SCHOOLS,03K09,OSM_SCHOOLS,way:669405608,Janusz-Korczak-Schule,,,,,,,,,,,,,,,,,,,,,,,,True,52.56287032033538,13.407698714073208,True,True
671354217,11003003,Schule am Falkplatz,52.547942891974245,13.405911451410748,"POLYGON ((13.4054274 52.5487174, 13.4049614 52.5486739, 13.4050812 52.5483746, 13.4051032 52.5483162, 13.4051613 52.5481476, 13.40521 52.5481318, 13.4052242 52.5480922, 13.4053704 52.5477086, 13.4053296 52.5477033, 13.4055582 52.5471115, 13.4060751 52.547159, 13.4060729 52.5471686, 13.4063093 52.5471902, 13.4062794 52.547303, 13.4062421 52.5474642, 13.4061877 52.5477034, 13.406294 52.5477122, 13.4064715 52.5477282, 13.4065387 52.5477348, 13.4067365 52.5477496, 13.4068202 52.5477574, 13.4070166 52.5477756, 13.4069755 52.5479348, 13.406966 52.547977, 13.4069253 52.5481472, 13.4068782 52.5483069, 13.4062132 52.5482445, 13.4061437 52.5485423, 13.4056995 52.5484781, 13.4056102 52.5484648, 13.4055554 52.5484571, 13.4055145 52.548557, 13.4054614 52.5487064, 13.4054557 52.5487215, 13.4054274 52.5487174))",0301,Pankow,Prenzlauer Berg,OSM,OSM_SCHOOLS,03G11,OSM_SCHOOLS,way:671354217,Schule am Falkplatz,,,,,,,,,,"Gleimstraße 49, 10437 Berlin",Gleimstraße,49,10437,Berlin,,,,,,,,,,True,52.547942891974245,13.405911451410748,True,True
673647420,11005005,Campus Wilhelmstadtschulen,52.5195390048163,13.179366057734285,"POLYGON ((13.1816038 52.519709, 13.1811223 52.5200698, 13.1808299 52.5200779, 13.1806757 52.5200081, 13.180477 52.5200058, 13.1801531 52.5198403, 13.1793478 52.5204236, 13.17912 52.5204159, 13.1784765 52.5200972, 13.1783155 52.5202175, 13.178241 52.5202732, 13.1781218 52.5203623, 13.1775944 52.5201011, 13.1775346 52.5200715, 13.1777452 52.5196557, 13.1776769 52.5195198, 13.1790187 52.5185152, 13.1793265 52.5186674, 13.1795164 52.5185252, 13.1795862 52.5185597, 13.1797793 52.5186563, 13.1798589 52.5186946, 13.179805 52.518735, 13.1798648 52.5187646, 13.1807216 52.519188, 13.1806532 52.5192393, 13.1816038 52.519709))",0509,Spandau,Wilhelmstadt,OSM,OSM_SCHOOLS,05P13,OSM_SCHOOLS,way:673647420,Campus Wilhelmstadtschulen,,,,,,,,,,"Wilhelmstraße 28-30, 13593 Berlin",Wilhelmstraße,28-30,13593,Berlin,Initiative für Bildung und Erziehung Berlin ​gGmbH,,,,,,,,,True,52.5195390048163,13.179366057734285,True,True
674244571,11006006,Hermann-Ehlers-Gymnasium,52.45294775991459,13.334360571267126,"POLYGON ((13.3351765 52.4530682, 13.3349875 52.4531174, 13.3349624 52.4530786, 13.3341614 52.4532846, 13.33419 52.4533259, 13.3341826 52.4533278, 13.3339487 52.4533893, 13.3339026 52.4533222, 13.333878 52.4532865, 13.3338028 52.453177, 13.3337403 52.4530804, 13.3336721 52.4529933, 13.3336545 52.4529911, 13.3336571 52.4529782, 13.3335884 52.4529076, 13.333571 52.4529139, 13.3335563 52.4528987, 13.3335698 52.4528939, 13.3335641 52.452888, 13.3338038 52.4528014, 13.3338894 52.4527726, 13.3344406 52.4525866, 13.3344838 52.45262, 13.3347955 52.4525474, 13.3348127 52.4525737, 13.3348348 52.4526077, 13.335056 52.4529176, 13.3350682 52.4529149, 13.3351765 52.4530682))",0601,Steglitz-Zehlendorf,Steglitz,OSM,OSM_SCHOOLS,06Y08,OSM_SCHOOLS,way:674244571,Hermann-Ehlers-Gymnasium,,,,,,,,,,"Elisenstraße 3-4, 12169 Berlin",Elisenstraße,3-4,12169,Berlin,Bezirksamt Steglitz-Zehlendorf von Berlin,,,,+49 30 902992353,sekretariat@hermann-ehlers-schule.de,,,,True,52.45294775991459,13.334360571267126,True,True
676850070,11011011,Schule auf dem lichten Berg (Filiale),52.513222554432105,13.497521748889051,"POLYGON ((13.4972102 52.5132318, 13.4972592 52.5134001, 13.4973824 52.5133882, 13.4974041 52.5134648, 13.4976229 52.5134428, 13.4976544 52.5134398, 13.4976801 52.5134374, 13.4976979 52.5134361, 13.4977778 52.5134285, 13.4978463 52.5134227, 13.49773 52.5129734, 13.4975514 52.5129916, 13.4974801 52.5129989, 13.4973175 52.5130155, 13.4972356 52.5130552, 13.4972102 52.5132318))",1103,Lichtenberg,Lichtenberg,OSM,OSM_SCHOOLS,11G05b,OSM_SCHOOLS,way:676850070,Schule auf dem lichten Berg (Filiale),,,,,,,,,,"Siegfriedstraße 208-210, 10365 Berlin",Siegfriedstraße,208-210,10365,Berlin,,,,,+49 30 5558219,11G05@11G05.schule.berlin.de,https://www.gs-lichtenberg-berlin.de/,,,True,52.513222554432105,13.497521748889051,True,True
677975068,11001001,Humboldthain Grundschule,52.54406741425558,13.380440236804477,"POLYGON ((13.3798996 52.5441503, 13.3805498 52.5444584, 13.3805577 52.5444166, 13.3806811 52.5441101, 13.3808765 52.5438175, 13.3806752 52.5436863, 13.3799907 52.5440897, 13.3798996 52.5441503))",0106,Mitte,Gesundbrunnen,OSM,OSM_SCHOOLS,,OSM_SCHOOLS,way:677975068,Humboldthain Grundschule,,,,,,,,,,,,,,,,,,,,,https://www.humboldthain-grundschule.de/,,,True,52.54406741425558,13.380440236804477,True,True
679763385,11005005,Havel-Grundschule,52.563631377778194,13.21598738516534,"POLYGON ((13.2146618 52.5631594, 13.2147248 52.5632272, 13.2147342 52.5632372, 13.2147453 52.5632493, 13.2148078 52.5633164, 13.2148271 52.5633372, 13.2148465 52.5633581, 13.2149955 52.5635183, 13.2150152 52.5635395, 13.2150342 52.56356, 13.2150831 52.5636125, 13.2151077 52.563639, 13.2158938 52.5644771, 13.2167116 52.5643882, 13.2167307 52.5643861, 13.2170588 52.5643504, 13.2168292 52.5634683, 13.2166031 52.5634881, 13.2165578 52.5633211, 13.2164028 52.5627851, 13.2163126 52.5627954, 13.216294 52.5627975, 13.2162772 52.5627994, 13.2158933 52.5628424, 13.2152573 52.5630061, 13.2151537 52.5630328, 13.2148782 52.5631037, 13.2147318 52.5631414, 13.2146618 52.5631594))",0507,Spandau,Hakenfelde,OSM,OSM_SCHOOLS,05G31,OSM_SCHOOLS,way:679763385,Havel-Grundschule,,,,,,,,,,"Goltzstraße 25, 13587 Berlin",Goltzstraße,25,13587,Berlin,Bezirksamt Spandau von Berlin,,,,,,https://www.havel-grundschule.de/,,,True,52.563631377778194,13.21598738516534,True,True
679825948,11001001,Grunschule Luisenstadt,52.50762856915951,13.422854645163973,"POLYGON ((13.4236718 52.5081033, 13.4236686 52.5080408, 13.423898 52.5079781, 13.423719 52.5077296, 13.4236047 52.5075788, 13.4232222 52.5070331, 13.4231998 52.5070012, 13.4228398 52.5070989, 13.4221415 52.5072885, 13.4216525 52.5074234, 13.4218795 52.5077261, 13.4219356 52.507801, 13.4220211 52.5079151, 13.4220937 52.5078949, 13.422133 52.507884, 13.4225117 52.5077792, 13.422652 52.5079372, 13.4229168 52.5082392, 13.4231336 52.5081757, 13.4231976 52.5081569, 13.4232463 52.5082256, 13.4236718 52.5081033))",0101,Mitte,Mitte,OSM,OSM_SCHOOLS,01G49,OSM_SCHOOLS,way:679825948,Grunschule Luisenstadt,,,,,,,,,,"Adalbertstraße 53, 10179 Berlin",Adalbertstraße,53,10179,Berlin,,,,,,,https://www.grundschule-luisenstadt.de/,,,True,52.50762856915951,13.422854645163973,True,True
682791012,,Freie Waldorfschule Berlin-Südost,52.45310480013322,13.53426904191386,"POLYGON ((13.533159 52.4533962, 13.5337063 52.4536288, 13.5341141 52.4537592, 13.5342511 52.4537368, 13.5346638 52.4538915, 13.5352528 52.453177, 13.5349397 52.4530837, 13.5353376 52.452587, 13.5350058 52.4525472, 13.5343136 52.452464, 13.5340267 52.4524296, 13.5339363 52.4523913, 13.5338247 52.4523441, 13.5337885 52.452402, 13.5337651 52.4524391, 13.5336925 52.4525543, 13.5336283 52.4526561, 13.5335636 52.4527586, 13.5334612 52.4529211, 13.5333356 52.4531203, 13.5332342 52.4532811, 13.533159 52.4533962))",,,,OSM,OSM_SCHOOLS,09P01,OSM_SCHOOLS,way:682791012,Freie Waldorfschule Berlin-Südost,,,,,,,,,,,,,,,Waldorfpädagogik in Berlin-Südost e.V.,,,,+49 30 677 980 10,post@waldorfsuedost.de,https://www.waldorfsuedost.de/,,,True,52.45310480013322,13.53426904191386,False,False
685886131,11011011,Selma Lagerlöf-Schule,52.516224375066294,13.501273053788939,"POLYGON ((13.5010583 52.516899, 13.5023712 52.5167734, 13.5022439 52.5163055, 13.5022299 52.5162544, 13.5021693 52.5160327, 13.5018588 52.5160646, 13.5018544 52.5160476, 13.5018467 52.516018, 13.5019751 52.5160082, 13.5019474 52.5159023, 13.5014654 52.515949, 13.501361 52.5155504, 13.5012941 52.5155569, 13.5012874 52.5155313, 13.501216 52.5155382, 13.5002091 52.5156358, 13.5003589 52.5161881, 13.5003674 52.5162183, 13.5003007 52.5162246, 13.500353 52.5164107, 13.5006032 52.5163866, 13.5006273 52.5164786, 13.5006453 52.5164769, 13.5007594 52.5164658, 13.5007653 52.5164874, 13.5009435 52.5164698, 13.5010583 52.516899))",1103,Lichtenberg,Lichtenberg,OSM,OSM_SCHOOLS,"11S06, 11G33",OSM_SCHOOLS,way:685886131,Selma Lagerlöf-Schule,,,,,,,,,,"Rüdigerstraße 76, 10365 Berlin",Rüdigerstraße,76,10365,Berlin,,,,,,,https://sprachheilschule-selma-lagerloef.de/,,,True,52.516224375066294,13.501273053788939,True,True
688230059,11004004,Pears Jüdischer Campus,52.49299074584529,13.307657876351074,"POLYGON ((13.3076754 52.4927883, 13.3075226 52.4927384, 13.3070405 52.4928859, 13.3071746 52.4930451, 13.3075425 52.4931579, 13.30796 52.4932767, 13.3082447 52.4929478, 13.3076754 52.4927883))",0402,Charlottenburg-Wilmersdorf,Wilmersdorf,OSM,OSM_SCHOOLS,04P23,OSM_SCHOOLS,way:688230059,Pears Jüdischer Campus,,,,,,,,,,"Westfälische Straße 15, 10709 Berlin",Westfälische Straße,15,10709,Berlin,,,,,,,https://www.pjcampus.com,,,True,52.49299074584529,13.307657876351074,True,True
690210857,11009009,Freie Interkulturelle Waldorfschule,52.46398193215101,13.497069976683784,"POLYGON ((13.4969804 52.4643386, 13.497211 52.464194, 13.4973572 52.4641467, 13.4977024 52.4639112, 13.4975442 52.4638157, 13.4974234 52.4638903, 13.4970179 52.4636465, 13.496519 52.4639587, 13.4969804 52.4643386))",0905,Treptow-Köpenick,Niederschöneweide,OSM,OSM_SCHOOLS,09P18,OSM_SCHOOLS,way:690210857,Freie Interkulturelle Waldorfschule,,,,,,,,,,,,,,,,,,,,,,,,True,52.46398193215101,13.497069976683784,True,True
697059560,11003003,SchuleEins,52.56893699703606,13.413286688586744,"POLYGON ((13.4138389 52.5689814, 13.4135764 52.5688293, 13.413545 52.5688111, 13.4135586 52.5687783, 13.4133596 52.5687326, 13.4133015 52.5687193, 13.4131125 52.5686054, 13.4131118 52.5685954, 13.4130952 52.5685849, 13.4130733 52.5685843, 13.4129911 52.5685348, 13.4127378 52.5690432, 13.4133945 52.5691702, 13.4139089 52.5692686, 13.4139323 52.5692277, 13.4138 52.5691991, 13.4137455 52.5691704, 13.4137484 52.569155, 13.413755 52.5691446, 13.4138156 52.5690358, 13.4138389 52.5689814))",0307,Pankow,Pankow,OSM,OSM_SCHOOLS,03P20,OSM_SCHOOLS,way:697059560,SchuleEins,,,,,,,,,,,,,,,Pankower Früchtchen gGmbH,,,,,,,,,True,52.56893699703606,13.413286688586744,True,True
697060702,11003003,Jeanne-Barez-Schule,52.600255560594995,13.431253472583785,"POLYGON ((13.4305119 52.5995927, 13.4305436 52.5999319, 13.4322433 52.6000791, 13.4320089 52.6004816, 13.4319278 52.6004733, 13.4305892 52.6006204, 13.4305809 52.600573, 13.4305545 52.6003453, 13.4305493 52.6003004, 13.4305087 52.599936, 13.4304667 52.5995883, 13.4305119 52.5995927))",0310,Pankow,Französisch Buchholz,OSM,OSM_SCHOOLS,03G33b,OSM_SCHOOLS,way:697060702,Jeanne-Barez-Schule,,,,,,,,,,"Berliner Straße 19, 13127 Berlin",Berliner Straße,19,13127,Berlin,,,,,,,,,,True,52.600255560594995,13.431253472583785,True,True
699071248,11006006,Werner-von-Siemens-Gymnasium,52.43194468082629,13.211904799749604,"POLYGON ((13.2122291 52.432309, 13.2121436 52.4322942, 13.2120874 52.4322843, 13.2119956 52.4322685, 13.212117 52.4320078, 13.2118124 52.4319553, 13.2117875 52.4320095, 13.2118356 52.4320174, 13.2117829 52.4321285, 13.211627 52.4321036, 13.2116476 52.4320635, 13.2115962 52.4320541, 13.2115164 52.4320396, 13.211527 52.4320153, 13.211419 52.431995, 13.2114496 52.4319131, 13.211541 52.4319281, 13.2117096 52.431562, 13.2119732 52.4316065, 13.2118776 52.4318182, 13.2118124 52.4318059, 13.2117952 52.4318423, 13.2118604 52.4318554, 13.2118508 52.4318702, 13.2123063 52.4319456, 13.2123023 52.431955, 13.212398 52.4319718, 13.2123354 52.432087, 13.2122291 52.432309))",0606,Steglitz-Zehlendorf,Nikolassee,OSM,OSM_SCHOOLS,,OSM_SCHOOLS,way:699071248,Werner-von-Siemens-Gymnasium,,,,,,,,,,"Beskidenstraße 3, 14129 Berlin",Beskidenstraße,3,14129,Berlin,,,,,,,,,,True,52.43194468082629,13.211904799749604,True,True
700353380,11011011,Integrierte Sekundarschule Am Breiten Luch,52.56460745172629,13.512049676312056,"POLYGON ((13.5117836 52.5639907, 13.5111563 52.5645536, 13.5108903 52.5644441, 13.5107461 52.5645782, 13.5110168 52.5646694, 13.5124445 52.5651782, 13.51255 52.565165, 13.5127529 52.5649775, 13.5131215 52.5645934, 13.512409 52.5642955, 13.5124445 52.5642673, 13.5117836 52.5639907))",1109,Lichtenberg,Neu-Hohenschönhausen,OSM,OSM_SCHOOLS,11Kn02,OSM_SCHOOLS,way:700353380,Integrierte Sekundarschule Am Breiten Luch,,,,,,,,,,"Falkenberger Chaussee 74, 13053 Berlin",Falkenberger Chaussee,74,13053,Berlin,Howoge Wohnungsbaugesellschaft mbH,,,,,,https://www.howoge.de/schulbau/am-breiten-luch-projektuebersicht.html,,,True,52.56460745172629,13.512049676312056,True,True
712015884,11003003,Elisabeth-Christinen-Grundschule,52.582364418342976,13.407735835423383,"POLYGON ((13.4085405 52.5820132, 13.4085248 52.5820334, 13.4084525 52.5821263, 13.4083347 52.5822778, 13.4077634 52.5831179, 13.4072417 52.5824872, 13.4069493 52.5822562, 13.4070541 52.5821916, 13.4071818 52.5820412, 13.4072091 52.582009, 13.4073508 52.5820223, 13.4074032 52.5820272, 13.4074372 52.5819146, 13.4074411 52.5819017, 13.4074589 52.5819035, 13.4080252 52.5819592, 13.4085098 52.5820089, 13.4085405 52.5820132))",0311,Pankow,Niederschönhausen,OSM,OSM_SCHOOLS,03G36,OSM_SCHOOLS,way:712015884,Elisabeth-Christinen-Grundschule,,,,,,,,,,"Buchholzer Straße 3, 13156 Berlin",Buchholzer Straße,3,13156,Berlin,,,,,,,,,,True,52.582364418342976,13.407735835423383,True,True
715094068,11005005,Inklusiver Campus Spandau/ Birken-Grundschule,52.548734860987906,13.197749716136629,"POLYGON ((13.1974356 52.5489722, 13.197357 52.5488622, 13.1972032 52.5486327, 13.1971791 52.5485968, 13.1971866 52.5485933, 13.1973332 52.5484773, 13.1973452 52.5484672, 13.1974016 52.5484736, 13.1978024 52.5484983, 13.1982046 52.5485224, 13.1983472 52.548848, 13.1975079 52.5490796, 13.1974733 52.5490282, 13.1974356 52.5489722))",0501,Spandau,Spandau,OSM,OSM_SCHOOLS,05G30,OSM_SCHOOLS,way:715094068,Inklusiver Campus Spandau/ Birken-Grundschule,,,,,,,,,,"Hügelschanze 8, 13585 Berlin",Hügelschanze,8,13585,Berlin,,,,,,,http://inklusiver-campus-spandau.de,,,True,52.548734860987906,13.197749716136629,True,True
719944173,11010010,Victor-Klemperer-Kolleg,52.53672868150636,13.53880858761664,"POLYGON ((13.5386202 52.5360952, 13.5386051 52.5360971, 13.5385646 52.5361886, 13.5384036 52.5365487, 13.5383537 52.5366017, 13.5383224 52.5366201, 13.5382667 52.5366225, 13.5382344 52.5366372, 13.5382158 52.5366457, 13.5382285 52.5366784, 13.5381649 52.5366909, 13.5382676 52.536964, 13.538343 52.5369545, 13.5383518 52.536986, 13.5383968 52.5370473, 13.5385288 52.5373174, 13.53944 52.5371849, 13.5393021 52.5368814, 13.5392579 52.5368109, 13.5391603 52.5365267, 13.5391956 52.5365241, 13.5392166 52.5364974, 13.5390607 52.5360375, 13.5388844 52.5360596, 13.5386202 52.5360952))",1001,Marzahn-Hellersdorf,Marzahn,OSM,OSM_SCHOOLS,10A04,OSM_SCHOOLS,way:719944173,Victor-Klemperer-Kolleg,,,,,,,,,,Martha-Arendsee-Straße 15,Martha-Arendsee-Straße,15,,,,,,,,,https://www.victor-klemperer-kolleg.de/index.php,,,True,52.53672868150636,13.53880858761664,True,True
723238353,,May-Ayim-Schule,52.52368053438354,13.472735115304218,"POLYGON ((13.4732187 52.5243633, 13.4732982 52.5243633, 13.4733047 52.5236782, 13.4733089 52.5230972, 13.4732711 52.5230829, 13.4729756 52.5230891, 13.4729777 52.523082, 13.4720152 52.523114, 13.4720133 52.5231277, 13.4720136 52.5231779, 13.4720149 52.5234433, 13.4724369 52.5242876, 13.472478 52.5243789, 13.4726754 52.5243651, 13.4732187 52.5243633))",,,,OSM,OSM_SCHOOLS,11K13,OSM_SCHOOLS,way:723238353,May-Ayim-Schule,,,,,,,,,,"Storkower Straße 209B, 10369 Berlin",Storkower Straße,209B,10369,Berlin,,,,,+49 30 33773877,,https://may-ayim-schule.de/,,,True,52.52368053438354,13.472735115304218,False,False
724349508,11010010,Franz-Carl-Achard Grundschule,52.506913831366,13.583834602324782,"POLYGON ((13.5841829 52.5075125, 13.5839461 52.5074512, 13.582969 52.5072284, 13.5832626 52.5066255, 13.5836304 52.5065173, 13.5843302 52.5062585, 13.5844026 52.5063887, 13.5844647 52.5065518, 13.5845344 52.5067529, 13.5842024 52.5074791, 13.5841829 52.5075125))",1003,Marzahn-Hellersdorf,Kaulsdorf,OSM,OSM_SCHOOLS,10G31,OSM_SCHOOLS,way:724349508,Franz-Carl-Achard Grundschule,,,,,,,,,,"Adolfstraße 25, 12621 Berlin",Adolfstraße,25,12621,Berlin,,,,,,,https://www.fc-achard.de/,,,True,52.506913831366,13.583834602324782,True,True
724374603,11008008,Clay-Schule,52.42255132921228,13.516023379246148,"POLYGON ((13.5146227 52.4237718, 13.5156428 52.4210378, 13.5157217 52.4210236, 13.5174748 52.4217398, 13.5168241 52.423392, 13.5162695 52.4233171, 13.5159919 52.4240049, 13.5146227 52.4237718))",0804,Neukölln,Rudow,OSM,OSM_SCHOOLS,08K05,OSM_SCHOOLS,way:724374603,Clay-Schule,,,,,,,,,,"Neudecker Weg 22, 12355 Berlin",Neudecker Weg,22,12355,Berlin,,,,,+49 30 660040,,https://www.clay-schule.de/,,,True,52.42255132921228,13.516023379246148,True,True
747062979,11006006,Internationale Schule Berlin,52.46039842839583,13.32944811613956,"POLYGON ((13.3312061 52.4615539, 13.3307993 52.461745, 13.3288162 52.4601641, 13.3276346 52.4592071, 13.3277111 52.4591702, 13.3276017 52.4590779, 13.3276461 52.4587841, 13.3279767 52.4590501, 13.3284648 52.4594499, 13.3286057 52.4595559, 13.3288595 52.4597707, 13.3289512 52.4597309, 13.3289471 52.4597599, 13.3292131 52.4599509, 13.3293287 52.4599568, 13.3293263 52.4599775, 13.3293825 52.4600798, 13.3301627 52.4606784, 13.3312738 52.4615231, 13.331249 52.4615342, 13.3312061 52.4615539))",0601,Steglitz-Zehlendorf,Steglitz,OSM,OSM_SCHOOLS,,OSM_SCHOOLS,way:747062979,Internationale Schule Berlin,,,,,,,,,,"Körnerstraße 49, 12157 Berlin",Körnerstraße,49,12157,Berlin,Stiftung Private Kant-Schulen gGmbH,,,,,,,,,True,52.46039842839583,13.32944811613956,True,True
749248577,11005005,Inklusiver Campus Spandau/ Schule am Grüngürtel,52.54904252409336,13.195341292261055,"POLYGON ((13.1936458 52.5493414, 13.1940695 52.5493741, 13.1940625 52.5494334, 13.1949265 52.549385, 13.1950787 52.5493499, 13.1953943 52.5493255, 13.1954797 52.5493092, 13.1955694 52.5493019, 13.1957941 52.5492482, 13.1972013 52.5490916, 13.1969202 52.5486935, 13.1968634 52.5486072, 13.1954971 52.5487955, 13.1954475 52.5488023, 13.1954658 52.5488522, 13.1945696 52.5488995, 13.1944462 52.5489238, 13.1943392 52.5489293, 13.1943322 52.5488561, 13.1943134 52.5487066, 13.1943064 52.5486833, 13.1937283 52.5489315, 13.1936458 52.5493414))",0501,Spandau,Spandau,OSM,OSM_SCHOOLS,05S01,OSM_SCHOOLS,way:749248577,Inklusiver Campus Spandau/ Schule am Grüngürtel,,,,,,,,,,,,,,,,,,,,,,,,True,52.54904252409336,13.195341292261055,True,True
760193958,11003003,Dreieins Grundschule,52.547626513848186,13.455602283915312,"POLYGON ((13.4547221 52.5471309, 13.4547357 52.547108, 13.4549688 52.5471603, 13.4552249 52.5472169, 13.4554583 52.5472677, 13.4565233 52.5474994, 13.4564187 52.5476826, 13.4563657 52.5477703, 13.4563178 52.5478601, 13.4561208 52.5482027, 13.4552927 52.5480247, 13.4553109 52.5479921, 13.4553739 52.5478853, 13.4554248 52.5477994, 13.4552594 52.5477647, 13.4552927 52.5477045, 13.4553107 52.5476729, 13.4549084 52.5475856, 13.4549297 52.547549, 13.4546948 52.547497, 13.4545292 52.5474594, 13.4545934 52.5473481, 13.4546362 52.5472763, 13.4547221 52.5471309))",0302,Pankow,Weißensee,OSM,OSM_SCHOOLS,03P18,OSM_SCHOOLS,way:760193958,Dreieins Grundschule,,,,,,,,,,"Bizetstraße 64, 13088 Berlin",Bizetstraße,64,13088,Berlin,,,,,,,https://www.dreieins.org/pankow/,,,True,52.547626513848186,13.455602283915312,True,True
761468650,11002002,Aziz-Nesin-Grundschule,52.49283281626718,13.405133946466906,"POLYGON ((13.4044262 52.4923763, 13.4046607 52.4930968, 13.4046614 52.4931605, 13.4046493 52.4932099, 13.4046359 52.4932434, 13.4046211 52.4932692, 13.4046126 52.4932822, 13.4045927 52.4933128, 13.4045781 52.4933286, 13.4050987 52.4934464, 13.4060669 52.4932891, 13.4059597 52.4931806, 13.4058532 52.4930326, 13.4054863 52.4925242, 13.4055091 52.4925141, 13.405307 52.4922364, 13.405285 52.4922424, 13.4051787 52.4920945, 13.4044371 52.492293, 13.404485 52.4923596, 13.4044262 52.4923763))",0202,Friedrichshain-Kreuzberg,Kreuzberg,OSM,OSM_SCHOOLS,02G33,OSM_SCHOOLS,way:761468650,Aziz-Nesin-Grundschule,,,,,,,,,,"Urbanstraße 15, 10961 Berlin",Urbanstraße,15,10961,Berlin,Bezirksamt Friedrichshain-Kreuzberg von Berlin,,,,,,,,,True,52.49283281626718,13.405133946466906,True,True
761477031,11006006,Japanische Internationale Schule zu Berlin,52.414292248037974,13.146692909578551,"POLYGON ((13.1464327 52.4143709, 13.1465152 52.4142778, 13.1466388 52.414119, 13.1469421 52.4141997, 13.1468939 52.4142686, 13.1468312 52.4143457, 13.1468683 52.414357, 13.1468341 52.4143989, 13.146799 52.4143883, 13.1467358 52.414466, 13.1465603 52.4144126, 13.1464327 52.4143709))",0607,Steglitz-Zehlendorf,Wannsee,OSM,OSM_SCHOOLS,06E13,OSM_SCHOOLS,way:761477031,Japanische Internationale Schule zu Berlin,,,,,,,,,,"Charlottenstraße 10, 14109 Berlin",Charlottenstraße,10,14109,Berlin,,,,,,,,,,True,52.414292248037974,13.146692909578551,True,True
761954936,11006006,Werner-von-Siemens-Gymnasium Berlin,52.43148776894142,13.211435041718788,"POLYGON ((13.2095804 52.4313267, 13.2096789 52.4312316, 13.2097632 52.4311502, 13.2098394 52.4310656, 13.2098927 52.431001, 13.2100933 52.4306501, 13.2115281 52.430899, 13.2116276 52.4309163, 13.2122851 52.4310303, 13.2127121 52.4311062, 13.2126307 52.4312762, 13.2125958 52.4313491, 13.2125258 52.4315007, 13.2125576 52.4315064, 13.2126648 52.4315255, 13.2126842 52.43152, 13.2127047 52.4315142, 13.2127267 52.4315309, 13.2127356 52.4315376, 13.2128818 52.4315626, 13.2129775 52.4315797, 13.2129214 52.4316996, 13.2125172 52.4325627, 13.2124748 52.4325711, 13.2122907 52.4324783, 13.2116366 52.4321574, 13.2115576 52.4321234, 13.2109989 52.4318834, 13.2107444 52.431781, 13.2104023 52.4316419, 13.2095804 52.4313267))",0606,Steglitz-Zehlendorf,Nikolassee,OSM,OSM_SCHOOLS,06Y05,OSM_SCHOOLS,way:761954936,Werner-von-Siemens-Gymnasium Berlin,,,,,,,,,,,,,,,,,,,,,,,,True,52.43148776894142,13.211435041718788,True,True
787813111,11005005,Carlo-Schmid-Oberschule,52.52575001828658,13.174143042769257,"POLYGON ((13.175688 52.5256896, 13.175323 52.5253895, 13.1747977 52.5249547, 13.1747021 52.5249796, 13.1740302 52.5251543, 13.1740574 52.5251919, 13.1739206 52.5252277, 13.1739463 52.5252715, 13.1738204 52.5253044, 13.1732474 52.5254589, 13.1730566 52.5255108, 13.1728513 52.5255665, 13.1728949 52.5256512, 13.173452 52.526734, 13.1735423 52.5266851, 13.1738209 52.5265234, 13.1742937 52.5262535, 13.1744195 52.5261817, 13.1745248 52.5261216, 13.1747738 52.5259998, 13.1749728 52.5259167, 13.1751038 52.5258682, 13.1752459 52.5258186, 13.1754152 52.5257667, 13.175688 52.5256896))",0509,Spandau,Wilhelmstadt,OSM,OSM_SCHOOLS,05K02,OSM_SCHOOLS,way:787813111,Carlo-Schmid-Oberschule,,,,,,,,,,"Lutoner Straße 15;19, 13581 Berlin",Lutoner Straße,15;19,13581,Berlin,Bezirksamt Spandau von Berlin,,,,,,,,,True,52.52575001828658,13.174143042769257,True,True
835798609,11007007,Gustav-Heinemann-Oberschule,52.407665593364214,13.354141644391454,"POLYGON ((13.3550362 52.4078665, 13.3539678 52.4084331, 13.3536937 52.4083393, 13.3533877 52.4082615, 13.3530699 52.4082092, 13.3530203 52.4081573, 13.3531249 52.4079477, 13.3532793 52.4076963, 13.3537492 52.4070015, 13.3542772 52.4069975, 13.3549896 52.4069909, 13.3550078 52.4072504, 13.3551038 52.4072491, 13.3551112 52.4076445, 13.355122 52.4078436, 13.3550362 52.4078665))",0705,Tempelhof-Schöneberg,Marienfelde,OSM,OSM_SCHOOLS,07K03,OSM_SCHOOLS,way:835798609,Gustav-Heinemann-Oberschule,,,,,,,,,,"Tirschenreuther Ring 48, 12279 Berlin",Tirschenreuther Ring,48,12279,Berlin,,,,,,,https://gho.berlin/,,,True,52.407665593364214,13.354141644391454,True,True
846986325,11003003,Paul-Lincke-Grundschule,52.541524510527424,13.446059061210969,"POLYGON ((13.4452583 52.541319, 13.4452769 52.541313, 13.4453121 52.5413002, 13.445744 52.5411397, 13.4457187 52.5411145, 13.4458181 52.5410775, 13.4459134 52.5410421, 13.4459366 52.5410651, 13.446366 52.5409055, 13.4464461 52.5408779, 13.4465445 52.5409761, 13.446627 52.5409966, 13.4467254 52.5409652, 13.4470885 52.5413197, 13.4471504 52.5412964, 13.4473185 52.5414664, 13.4473395 52.5414876, 13.4468681 52.5416611, 13.4452748 52.5422491, 13.4449658 52.5419821, 13.4453833 52.5418157, 13.4453492 52.5417818, 13.4453708 52.5417738, 13.4449904 52.5414047, 13.4452135 52.541318, 13.4452348 52.5413185, 13.4452583 52.541319))",0301,Pankow,Prenzlauer Berg,OSM,OSM_SCHOOLS,03G12,OSM_SCHOOLS,way:846986325,Paul-Lincke-Grundschule,,,,,,,,,,"Pieskower Weg 39, 10409 Berlin",Pieskower Weg,39,10409,Berlin,,,,,,,,,,True,52.541524510527424,13.446059061210969,True,True
877477265,11007007,Bildungscampus Schöneberger Linse,52.47886976330299,13.357568296083153,"POLYGON ((13.3584608 52.477859, 13.3584986 52.4788162, 13.3585225 52.4794489, 13.3582826 52.4794762, 13.3575434 52.4795792, 13.3565442 52.4796289, 13.3565265 52.4789789, 13.3565007 52.4789491, 13.3564691 52.4785745, 13.3567548 52.4784722, 13.3579284 52.4780507, 13.3579589 52.4780411, 13.3584608 52.477859))",0701,Tempelhof-Schöneberg,Schöneberg,OSM,OSM_SCHOOLS,07G40,OSM_SCHOOLS,way:877477265,Bildungscampus Schöneberger Linse,,,,,,,,,,"Ella-Barowsky-Straße 62, 10829 Berlin",Ella-Barowsky-Straße,62,10829,Berlin,,,,,,,,,,True,52.47886976330299,13.357568296083153,True,True
881307707,11003003,49. Grundschule Pankow,52.563291772707494,13.453566194558842,"POLYGON ((13.4529315 52.5637691, 13.4535536 52.5643126, 13.4541522 52.5640708, 13.4536913 52.5636789, 13.4542863 52.563421, 13.4544488 52.5631175, 13.4547013 52.5628558, 13.4541988 52.5623985, 13.4534825 52.5627066, 13.4534672 52.5626915, 13.4522741 52.5632009, 13.4526948 52.5635678, 13.4529315 52.5637691))",0302,Pankow,Weißensee,OSM,OSM_SCHOOLS,03G49,OSM_SCHOOLS,way:881307707,49. Grundschule Pankow,,,,,,,,,,"Rennbahnstraße 49, 13086 Berlin",Rennbahnstraße,49,13086,Berlin,,,,,+49 30 920 91 798,sekretariat@03g49.schule.berlin.de,https://www.03g49.de,,,True,52.563291772707494,13.453566194558842,True,True
881456536,11009009,Bewegte Schule Köpenick,52.45368930432076,13.567419896019498,"POLYGON ((13.5667313 52.4535414, 13.5679291 52.4540095, 13.5681154 52.453845, 13.5669195 52.4533679, 13.5667313 52.4535414))",0910,Treptow-Köpenick,Köpenick,OSM,OSM_SCHOOLS,09P10,OSM_SCHOOLS,way:881456536,Bewegte Schule Köpenick,,,,,,,,,,"Lindenstraße 26, 12555 Berlin",Lindenstraße,26,12555,Berlin,Märkische Kita und Schule gGmbH,,,,+49 30 65015495,,https://www.bewegte-schule-koepenick.de,,,True,52.45368930432076,13.567419896019498,True,True
892421088,11007007,Stechlinsee-Grundschule,52.46946836801393,13.322307240091039,"POLYGON ((13.3229315 52.4697574, 13.3225427 52.4697595, 13.3224667 52.4697595, 13.3223003 52.4697615, 13.3221021 52.4697624, 13.3221003 52.4696114, 13.3215847 52.4696123, 13.3215844 52.4695936, 13.3215843 52.469587, 13.3215785 52.4692233, 13.3224258 52.4692245, 13.3225683 52.4692239, 13.3226807 52.4692233, 13.322823 52.4692226, 13.322938 52.4692221, 13.3229315 52.4697574))",0702,Tempelhof-Schöneberg,Friedenau,OSM,OSM_SCHOOLS,07G17,OSM_SCHOOLS,way:892421088,Stechlinsee-Grundschule,,,,,,,,,,"Rheingaustraße 7, 12161 Berlin",Rheingaustraße,7,12161,Berlin,Bezirksamt Tempelhof-Schöneberg von Berlin,,,,,,https://stechlinsee-grundschule.de/,,,True,52.46946836801393,13.322307240091039,True,True
895009367,11012012,Schule am Park,52.59389990864211,13.33069897909438,"POLYGON ((13.3291399 52.5938199, 13.3298793 52.5932642, 13.330961 52.5937988, 13.3319533 52.5932708, 13.3322082 52.5934492, 13.3319859 52.5934487, 13.3318944 52.5937239, 13.3321088 52.5937427, 13.3320449 52.5938941, 13.3319068 52.5941383, 13.3318434 52.5942277, 13.3315928 52.5941063, 13.3313458 52.594362, 13.3311446 52.5945787, 13.3307039 52.5943683, 13.3305344 52.594499, 13.3304885 52.5944833, 13.3301086 52.5942966, 13.3291399 52.5938199))",1209,Reinickendorf,Wittenau,OSM,OSM_SCHOOLS,12S04,OSM_SCHOOLS,way:895009367,Schule am Park,,,,,,,,,,"Eichborndamm 276-284, 13437 Berlin",Eichborndamm,276-284,13437,Berlin,Bezirksamt Reinickendorf von Berlin,,,,+49 30 414 50 34,sekretariat@sap.schule.berlin.de,https://schule-am-park-berlin.de,,,True,52.59389990864211,13.33069897909438,True,True
903535235,11003003,Neibau ABB Ausbildungszentrum Berlin,52.589093150308734,13.354707300004874,"POLYGON ((13.3546106 52.5889235, 13.3548465 52.5889348, 13.354804 52.5892628, 13.3545681 52.5892515, 13.3546106 52.5889235))",0313,Pankow,Wilhelmsruh,OSM,OSM_SCHOOLS,,OSM_SCHOOLS,way:903535235,Neibau ABB Ausbildungszentrum Berlin,,,,,,,,,,,,,,,ABB Ausbildungszentrum Berlin,,,,,,,,,True,52.589093150308734,13.354707300004874,True,True
911474343,11012012,Goethe Grundschule,52.606655120490515,13.341291779128975,"POLYGON ((13.3403131 52.6065977, 13.3405404 52.6065707, 13.3405085 52.6064733, 13.3408913 52.6064245, 13.3412774 52.6063753, 13.3412113 52.6061597, 13.3414734 52.6061125, 13.3421783 52.6066151, 13.3412994 52.6071846, 13.3411997 52.6071449, 13.3411393 52.6071193, 13.3410404 52.6070734, 13.3409384 52.6070209, 13.3408272 52.6069587, 13.3406399 52.6068326, 13.3403131 52.6065977))",1209,Reinickendorf,Wittenau,OSM,OSM_SCHOOLS,12P07,OSM_SCHOOLS,way:911474343,Goethe Grundschule,,,,,,,,,,"Wittenauer Straße 112, 13435 Berlin",Wittenauer Straße,112,13435,Berlin,BifiZ gGmbH,,,,+4930403 99 849,sekretariatgoetheschulenberlin@gmail.com,http://goethe-grundschule.bifiz.de/,,,True,52.606655120490515,13.341291779128975,True,True
915836926,11005005,Schule ohne Grenzen,52.57359122627643,13.19810977523914,"POLYGON ((13.1960344 52.5737157, 13.1979473 52.5748043, 13.2001985 52.5735583, 13.1982297 52.5723337, 13.1960344 52.5737157))",0507,Spandau,Hakenfelde,OSM,OSM_SCHOOLS,05P04,OSM_SCHOOLS,way:915836926,Schule ohne Grenzen,,,,,,,,,,"Schönwalder Allee 26/29a, 13587 Berlin",Schönwalder Allee,26/29a,13587,Berlin,Johannesstift Diakonie Proclusio gGmbH,,,,,,https://www.johannesstift-diakonie.de/teilhabe-paedagogik/august-hermann-francke-schule/schulleben/schule-ohne-grenzen,,,True,52.57359122627643,13.19810977523914,True,True
944794709,11003003,,52.61493485687752,13.497114157913462,"POLYGON ((13.4966605 52.6148553, 13.4970367 52.6151859, 13.4971413 52.6151973, 13.4975664 52.6150166, 13.4971507 52.6146506, 13.4966605 52.6148553))",0305,Pankow,Karow,OSM,OSM_SCHOOLS,,OSM_SCHOOLS,way:944794709,,,,,,,,,,,,,,,,Land Berlin,,,,,,,,,True,52.61493485687752,13.497114157913462,True,True
947435733,11010010,36. Grundschule Hellersdorf,52.53975196809446,13.613303590019793,"POLYGON ((13.6131804 52.5392887, 13.6138616 52.5393988, 13.6147092 52.5395187, 13.6146609 52.5396484, 13.6147575 52.5396607, 13.6145782 52.5402106, 13.614529 52.5403616, 13.6143172 52.5403354, 13.613601 52.5402466, 13.6133024 52.5402096, 13.6124277 52.5400512, 13.6117937 52.5399364, 13.611795 52.5399037, 13.6121611 52.5391354, 13.6122161 52.539115, 13.6131804 52.5392887))",1005,Marzahn-Hellersdorf,Hellersdorf,OSM,OSM_SCHOOLS,10G36,OSM_SCHOOLS,way:947435733,36. Grundschule Hellersdorf,,,,,,,,,,"Quedlinburger Straße 56, 12627 Berlin",Quedlinburger Straße,56,12627,Berlin,,,,,,,https://grundschule36-hellersdorf.de/,,,True,52.53975196809446,13.613303590019793,True,True
957126466,11003003,Freie Schule Pankow,52.57799325077528,13.399064069308043,"POLYGON ((13.3986039 52.5778478, 13.3989823 52.5778491, 13.3990597 52.5778528, 13.3995408 52.5779086, 13.3994928 52.5782084, 13.3985204 52.5780177, 13.3985201 52.5778489, 13.3985788 52.5778491, 13.3986039 52.5778478))",0311,Pankow,Niederschönhausen,OSM,OSM_SCHOOLS,03P13,OSM_SCHOOLS,way:957126466,Freie Schule Pankow,,,,,,,,,,"Grabbeallee 66, 13156 Berlin",Grabbeallee,66,13156,Berlin,Neue Freie Schule Pankow e.G.,,,,,,https://www.freie-schule-pankow.de/,,,True,52.57799325077528,13.399064069308043,True,True
966980015,11009009,Müggelsee-Schule (Filiale Rahnsdorfer Straße),52.45111169307212,13.633016679737043,"POLYGON ((13.6326457 52.4507975, 13.6326386 52.4514346, 13.6328651 52.4514375, 13.632997 52.4514396, 13.6330055 52.4514048, 13.6333959 52.4514102, 13.6334072 52.4508074, 13.6333729 52.4508062, 13.6326457 52.4507975))",0911,Treptow-Köpenick,Friedrichshagen,OSM,OSM_SCHOOLS,,OSM_SCHOOLS,way:966980015,Müggelsee-Schule (Filiale Rahnsdorfer Straße),,,,,,,,,,12587 Berlin,,,12587,Berlin,Bezirksamt Treptow-Köpenick von Berlin,,,,,,https://www.mueggelsee-schule.de/,,,True,52.45111169307212,13.633016679737043,True,True
972612321,11008008,Matthias-Claudius-Schule (Filiale),52.41939926105717,13.509361585071444,"POLYGON ((13.508814 52.4196242, 13.5098853 52.4195192, 13.5099815 52.4193098, 13.5090263 52.4191511, 13.508814 52.4196242))",0804,Neukölln,Rudow,OSM,OSM_SCHOOLS,08G28b,OSM_SCHOOLS,way:972612321,Matthias-Claudius-Schule (Filiale),,,,,,,,,,"Pfarrer-Heß-Weg 3, 12355 Berlin",Pfarrer-Heß-Weg,3,12355,Berlin,,,,,,,,,,True,52.41939926105717,13.509361585071444,True,True
975259068,11010010,Kiekemal-Grundschule ( Erweiterungsstandort ),52.48254357288476,13.61252339807474,"POLYGON ((13.6122056 52.4829892, 13.6124736 52.4828785, 13.6129219 52.4826796, 13.6131381 52.4825853, 13.6124636 52.4820041, 13.6122855 52.4822304, 13.6122875 52.4822572, 13.6123024 52.4824686, 13.6123067 52.4825294, 13.6123077 52.4825436, 13.6122855 52.4825708, 13.6119399 52.48275, 13.6122056 52.4829892))",1004,Marzahn-Hellersdorf,Mahlsdorf,OSM,OSM_SCHOOLS,10G32a,OSM_SCHOOLS,way:975259068,Kiekemal-Grundschule ( Erweiterungsstandort ),,,,,,,,,,"Bütower Straße 16, 12623 Berlin",Bütower Straße,16,12623,Berlin,,,,,,,,,,True,52.48254357288476,13.61252339807474,True,True
976848100,11001001,Grundschule am Nordhafen,52.537944468180775,13.371380317086176,"POLYGON ((13.3728578 52.5381236, 13.3728093 52.5381559, 13.3723424 52.5384744, 13.3723026 52.5385009, 13.3721677 52.5385866, 13.3721216 52.5385608, 13.3720709 52.5385322, 13.3720319 52.5385106, 13.371673 52.5383116, 13.3716616 52.5383019, 13.3715644 52.5383652, 13.3712937 52.5385405, 13.3712682 52.5385152, 13.3709042 52.5383497, 13.3708864 52.5383416, 13.3708686 52.5383335, 13.3699893 52.5379186, 13.3707271 52.53734, 13.370857 52.537241, 13.3708925 52.5372195, 13.3709462 52.5372133, 13.3717863 52.5375903, 13.3718054 52.5375991, 13.3718617 52.537623, 13.3720135 52.5376873, 13.3722745 52.537822, 13.3723726 52.5378726, 13.3724313 52.537903, 13.3728578 52.5381236))",0105,Mitte,Wedding,OSM,OSM_SCHOOLS,01G48,OSM_SCHOOLS,way:976848100,Grundschule am Nordhafen,,,,,,,,,,Boyenstraße 1,Boyenstraße,1,,,Bezirksamt Mitte Berlin,,,,,,https://www.schule-am-nordhafen.de/,,,True,52.537944468180775,13.371380317086176,True,True
981996508,11011011,Grundschule Schleizer Straße,52.540305187679536,13.507626161739307,"POLYGON ((13.5072878 52.5401502, 13.5082498 52.5401643, 13.5082905 52.5396739, 13.5083106 52.5394449, 13.5073202 52.5394301, 13.5071928 52.5394282, 13.507163 52.539941, 13.5070969 52.5413009, 13.5079431 52.5412992, 13.5079777 52.5404725, 13.5074043 52.5404614, 13.5072715 52.5404588, 13.5072878 52.5401502))",1110,Lichtenberg,Alt-Hohenschönhausen,OSM,OSM_SCHOOLS,"11G39, 11Gn03",OSM_SCHOOLS,way:981996508,Grundschule Schleizer Straße,,,,,,,,,,"Schleizer Straße 67, 13055 Berlin",Schleizer Straße,67,13055,Berlin,Bezirksamt Lichtenberg von Berlin,,,,,,https://grundschule-schleizer-strasse.de,,,True,52.540305187679536,13.507626161739307,True,True
986262835,11004004,Freie Schule Charlottenburg,52.50654007787694,13.268476688972013,"POLYGON ((13.2683835 52.5067929, 13.2688288 52.5066981, 13.2686099 52.5062809, 13.2680922 52.5064132, 13.2683835 52.5067929))",0405,Charlottenburg-Wilmersdorf,Westend,OSM,OSM_SCHOOLS,04P15,OSM_SCHOOLS,way:986262835,Freie Schule Charlottenburg,,,,,,,,,,"Frankenallee 6, 14052 Berlin",Frankenallee,6,14052,Berlin,Freie Schule Charlottenburg e.V.,,,,,,https://freie-schule-charlottenburg.de,,,True,52.50654007787694,13.268476688972013,True,True
989846184,,Schule an der Windmühle Sonderpädagogisches Förderzentrum,52.42731089138545,13.433578792304232,"POLYGON ((13.4349105 52.4270526, 13.4339891 52.4270289, 13.4333605 52.4270481, 13.4333576 52.426956, 13.4315776 52.4270079, 13.4315867 52.4271026, 13.4327563 52.4274103, 13.4344795 52.4278622, 13.4345281 52.4277977, 13.4347656 52.4278603, 13.4347902 52.4272974, 13.4349105 52.4270526))",,,,OSM,OSM_SCHOOLS,08S09,OSM_SCHOOLS,way:989846184,Schule an der Windmühle Sonderpädagogisches Förderzentrum,,,,,,,,,,,,,,,,,,,,,,,,True,52.42731089138545,13.433578792304232,False,False
995902327,11003003,Gymnasium am Europasportpark,52.53435878851012,13.447795600086394,"POLYGON ((13.4472269 52.5332125, 13.4472535 52.5331857, 13.4471771 52.5331584, 13.4470991 52.533133, 13.4469456 52.5332914, 13.446803 52.5334355, 13.446645 52.5335919, 13.4467024 52.5336112, 13.4465904 52.5338421, 13.4469902 52.5339136, 13.4477602 52.5342524, 13.4472995 52.5347665, 13.447102 52.5346939, 13.4469009 52.5347618, 13.446689 52.5350163, 13.4465859 52.5351379, 13.4467984 52.5352661, 13.4470534 52.5354062, 13.447365 52.5355677, 13.4475993 52.5357129, 13.4476122 52.5357209, 13.4482183 52.5350825, 13.4487344 52.5345614, 13.449191 52.5340644, 13.4493592 52.5338656, 13.4493056 52.5338441, 13.4492633 52.5338869, 13.4490109 52.5337943, 13.448958 52.5338476, 13.4472269 52.5332125))",0301,Pankow,Prenzlauer Berg,OSM,OSM_SCHOOLS,03Y17,OSM_SCHOOLS,way:995902327,Gymnasium am Europasportpark,,,,,,,,,,"Conrad-Blenkle-Straße 34, 10407 Berlin",Conrad-Blenkle-Straße,34,10407,Berlin,,,,,,,,,,True,52.53435878851012,13.447795600086394,True,True
1008628194,11002002,Filiale II des Leibniz Gymnasium,52.49388876678278,13.394176778446598,"POLYGON ((13.3942264 52.493425, 13.3942822 52.4934187, 13.3943152 52.4935337, 13.3943217 52.4935562, 13.3943381 52.4936134, 13.3943568 52.4936783, 13.3943757 52.493744, 13.394424 52.4939123, 13.3944396 52.4939666, 13.3944545 52.4940183, 13.3944723 52.4940803, 13.3944899 52.4941419, 13.3944804 52.4941984, 13.3944554 52.4943505, 13.3940872 52.4943261, 13.3940511 52.4943237, 13.3940508 52.4943269, 13.3940227 52.4943252, 13.3939949 52.4943235, 13.3939952 52.4943204, 13.3940119 52.4942231, 13.3940155 52.4942006, 13.3940235 52.4941535, 13.3940103 52.4941067, 13.3939773 52.4939926, 13.3939278 52.4938184, 13.393921 52.4937943, 13.3939166 52.4937794, 13.3938823 52.4936643, 13.393826 52.493469, 13.3942264 52.493425))",0202,Friedrichshain-Kreuzberg,Kreuzberg,OSM,OSM_SCHOOLS,02Y06b,OSM_SCHOOLS,way:1008628194,Filiale II des Leibniz Gymnasium,,,,,,,,,,"Fürbringerstraße 33-34, 10961 Berlin",Fürbringerstraße,33-34,10961,Berlin,,,,,,,,,,True,52.49388876678278,13.394176778446598,True,True
1012093943,11006006,Evangelische Grundschule Zehlendorf,52.42273347680721,13.244728555452317,"POLYGON ((13.2448679 52.4231148, 13.2452713 52.4220568, 13.2452737 52.42203, 13.2452661 52.4220111, 13.2452405 52.4219947, 13.2452012 52.4219911, 13.2451668 52.4219987, 13.2449969 52.4221015, 13.2447818 52.4222317, 13.2443984 52.4224701, 13.2443407 52.423045, 13.2442645 52.4233383, 13.2447571 52.4234128, 13.2448679 52.4231148))",0604,Steglitz-Zehlendorf,Zehlendorf,OSM,OSM_SCHOOLS,06P24,OSM_SCHOOLS,way:1012093943,Evangelische Grundschule Zehlendorf,,,,,,,,,,"Ludwigsfelder Straße 30, 14165 Berlin",Ludwigsfelder Straße,30,14165,Berlin,Evangelische Schulstiftung in der EKBO,,,,,,https://www.ev-schule-zehlendorf.de/,,,True,52.42273347680721,13.244728555452317,True,True
1034575789,11003003,Schulgarten der Freien Waldorfschule am Prenzlauer Berg,52.54482746635172,13.450711033242817,"POLYGON ((13.450677 52.5450907, 13.451124 52.5449168, 13.4507482 52.5445608, 13.4502957 52.5447458, 13.450677 52.5450907))",0301,Pankow,Prenzlauer Berg,OSM,OSM_SCHOOLS,,OSM_SCHOOLS,way:1034575789,Schulgarten der Freien Waldorfschule am Prenzlauer Berg,,,,,,,,,,,,,,,Freie Waldorfschule am Prenzlauer Berg,,,,,,http://www.waldorfschule-am-prenzlauer-berg.de/,,,True,52.54482746635172,13.450711033242817,True,True
1038087217,11004004,Ruth-Cohn-Schule,52.512606159910455,13.313175337551057,"POLYGON ((13.3128813 52.5130375, 13.3129853 52.5124555, 13.3130785 52.5124618, 13.3130938 52.5123666, 13.3130085 52.5123612, 13.3130075 52.5123668, 13.3125249 52.5123362, 13.3125178 52.5123809, 13.3125129 52.5123885, 13.3125008 52.5123921, 13.3124914 52.5123927, 13.3124803 52.51239, 13.3124734 52.5123845, 13.3124692 52.5123799, 13.3124766 52.5123331, 13.3124381 52.5123309, 13.3124598 52.512211, 13.3130745 52.5122479, 13.3130705 52.5122711, 13.3137448 52.5123156, 13.3137451 52.512454, 13.3136741 52.5124547, 13.3136679 52.5124965, 13.3136604 52.512541, 13.3133668 52.5125246, 13.313374 52.5124795, 13.3132391 52.5124721, 13.3131673 52.5128876, 13.3132415 52.5128929, 13.3132473 52.5128596, 13.3134273 52.5128713, 13.3134332 52.5128373, 13.3135457 52.5128446, 13.313541 52.5128714, 13.3135991 52.5128751, 13.3135737 52.51302, 13.3135806 52.5130205, 13.3135698 52.513082, 13.3134445 52.5130738, 13.3134401 52.5130991, 13.3133851 52.5130955, 13.3133896 52.5130697, 13.313213 52.5130583, 13.313223 52.5130007, 13.3131483 52.5129955, 13.3131375 52.5130549, 13.3128813 52.5130375))",0401,Charlottenburg-Wilmersdorf,Charlottenburg,OSM,OSM_SCHOOLS,04B04,OSM_SCHOOLS,way:1038087217,Ruth-Cohn-Schule,,,,,,,,,,"Bismarckstraße 20, 10625 Berlin",Bismarckstraße,20,10625,Berlin,Land Berlin,,,,,,https://www.osz-ruth-cohn.de/,,,True,52.512606159910455,13.313175337551057,True,True
1041953201,11011011,Schule im Ostseekarree,52.56382779999601,13.499661681640692,"POLYGON ((13.5000012 52.5644654, 13.5000306 52.5644601, 13.5007708 52.5638107, 13.5006716 52.5637669, 13.5002508 52.5635814, 13.4998449 52.5634115, 13.4992915 52.5631798, 13.4992029 52.5632562, 13.4992148 52.563273, 13.498911 52.563535, 13.4988467 52.5635889, 13.4985452 52.5638516, 13.4989293 52.5640102, 13.4991111 52.564087, 13.5000012 52.5644654))",1109,Lichtenberg,Neu-Hohenschönhausen,OSM,OSM_SCHOOLS,11G10,OSM_SCHOOLS,way:1041953201,Schule im Ostseekarree,,,,,,,,,,"Barther Straße 27, 13051",Barther Straße,27,13051,,,,,,+49 30 9240 3000,sekretariat@11g10.schule.berlin.de,https://ostseekarree.net/,,,True,52.56382779999601,13.499661681640692,True,True
1051080411,11001001,GutsMuths-Grundschule,52.51607204918364,13.424322069913062,"POLYGON ((13.4247531 52.5155877, 13.4251906 52.5160721, 13.4247454 52.5162166, 13.4238112 52.5165198, 13.4237414 52.5165424, 13.4234529 52.5161776, 13.4238725 52.5160369, 13.4237909 52.5159445, 13.4243562 52.5157651, 13.4243255 52.5157267, 13.4247531 52.5155877))",0101,Mitte,Mitte,OSM,OSM_SCHOOLS,01G07,OSM_SCHOOLS,way:1051080411,GutsMuths-Grundschule,,,,,,,,,,,,,,,,,,,,,,,,True,52.51607204918364,13.424322069913062,True,True
1072739572,11009009,"Müggelsee Schule, Haus G – Filiale",52.45106693520385,13.633025951462317,"POLYGON ((13.6328945 52.4512987, 13.6330393 52.4512999, 13.6330396 52.4512882, 13.6330601 52.451288, 13.6331656 52.4512893, 13.6331729 52.4509613, 13.6331568 52.4509612, 13.6331578 52.4509162, 13.6331578 52.4509148, 13.6331587 52.4508365, 13.6330705 52.4508361, 13.6330075 52.4508356, 13.6330072 52.4508464, 13.6328855 52.4508454, 13.6328786 52.4511706, 13.6328973 52.4511707, 13.6328945 52.4512987))",0911,Treptow-Köpenick,Friedrichshagen,OSM,OSM_SCHOOLS,09G24b,OSM_SCHOOLS,way:1072739572,"Müggelsee Schule, Haus G – Filiale",,,,,,,,,,"Rahnsdorfer Straße 35, 12587 Berlin",Rahnsdorfer Straße,35,12587,Berlin,"Bezirksamt Treptow-Köpenick von Berlin, Schul- und Sportamt",,,,+49 306455570,,,,,True,52.45106693520385,13.633025951462317,True,True
1075962279,11009009,Schule an der Wuhlheide,52.462227662200135,13.524033900845096,"POLYGON ((13.52514 52.4622009, 13.5242645 52.4615095, 13.524178 52.4614412, 13.5240874 52.4614826, 13.5238195 52.4616049, 13.5236941 52.4616622, 13.5234268 52.4617854, 13.5231095 52.4619316, 13.5228345 52.4620572, 13.5227925 52.4620765, 13.5228504 52.462122, 13.5229315 52.4621889, 13.5229364 52.4621867, 13.5230585 52.4622854, 13.5231804 52.4623841, 13.5231704 52.4623887, 13.5232668 52.4624667, 13.5233821 52.4625644, 13.523433 52.4626043, 13.5235495 52.4627034, 13.5237125 52.4628391, 13.5237845 52.4628961, 13.524128 52.4628833, 13.5243529 52.4628668, 13.524583 52.4628397, 13.5249636 52.4627679, 13.5249063 52.4626203, 13.5248606 52.4625631, 13.5247926 52.4625005, 13.5246777 52.4624075, 13.5247319 52.4623832, 13.5250523 52.46224, 13.52514 52.4622009))",0909,Treptow-Köpenick,Oberschöneweide,OSM,OSM_SCHOOLS,09G22,OSM_SCHOOLS,way:1075962279,Schule an der Wuhlheide,,,,,,,,,,"Kottmeierstraße 2, 12459 Berlin",Kottmeierstraße,2,12459,Berlin,,,,,,,,,,True,52.462227662200135,13.524033900845096,True,True
1082338972,11011011,Temporärer Schulstandort,52.4965152641321,13.498320127767084,"POLYGON ((13.4977722 52.4960539, 13.4980113 52.4965641, 13.4982651 52.49711, 13.4988738 52.4969975, 13.498613 52.4964278, 13.4983767 52.4959242, 13.4978005 52.4960223, 13.4978129 52.4960456, 13.4977722 52.4960539))",1101,Lichtenberg,Friedrichsfelde,OSM,OSM_SCHOOLS,,OSM_SCHOOLS,way:1082338972,Temporärer Schulstandort,,,,,,,,,,"Salzmannstraße 34, 10319 Berlin",Salzmannstraße,34,10319,Berlin,,,,,,,,,,True,52.4965152641321,13.498320127767084,True,True
1087383159,11010010,Otto-Nagel-Gymnasium,52.513154202358066,13.546097385814774,"POLYGON ((13.5465217 52.5129101, 13.54658 52.5131816, 13.546616 52.5133097, 13.5458918 52.5133897, 13.5456104 52.5133634, 13.5456465 52.5129715, 13.5465217 52.5129101))",1002,Marzahn-Hellersdorf,Biesdorf,OSM,OSM_SCHOOLS,,OSM_SCHOOLS,way:1087383159,Otto-Nagel-Gymnasium,,,,,,,,,,"Waldbacher Weg 56, 12683 Berlin",Waldbacher Weg,56,12683,Berlin,,,,,,,,,,True,52.513154202358066,13.546097385814774,True,True
1091884960,11005005,Knobelsdorff-Schule OSZ Bautechnik I,52.53944032325702,13.24217108425504,"POLYGON ((13.244074 52.5386267, 13.2439973 52.5389774, 13.2439869 52.5390196, 13.2437004 52.540186, 13.2424466 52.5402172, 13.2420358 52.5402153, 13.2420107 52.540097, 13.2395908 52.539487, 13.239511 52.5394654, 13.2394154 52.5392027, 13.2411448 52.5389857, 13.2413577 52.5389591, 13.2418798 52.5388936, 13.2419897 52.5388799, 13.2428975 52.5387661, 13.2429535 52.5387591, 13.2436076 52.5386771, 13.2437965 52.5386558, 13.2439107 52.5386428, 13.244074 52.5386267))",0502,Spandau,Haselhorst,OSM,OSM_SCHOOLS,05B02,OSM_SCHOOLS,way:1091884960,Knobelsdorff-Schule OSZ Bautechnik I,,,,,,,,,,,,,,,,,,,,,,,,True,52.53944032325702,13.24217108425504,True,True
1095836616,11005005,Freie Georgschule,52.53174172270746,13.133660931063517,"POLYGON ((13.1332533 52.5312042, 13.1344535 52.5316313, 13.1341989 52.5322181, 13.1328472 52.5319299, 13.1332533 52.5312042))",0504,Spandau,Staaken,OSM,OSM_SCHOOLS,05P18,OSM_SCHOOLS,way:1095836616,Freie Georgschule,,,,,,,,,,,,,,,,,,,,,,,,True,52.53174172270746,13.133660931063517,True,True
1097280643,11008008,37. Grundschule in Neukölln,52.44531514970242,13.425129330114832,"POLYGON ((13.4238633 52.4448217, 13.4245205 52.444825, 13.425187 52.4448013, 13.4266351 52.4447634, 13.4266555 52.4447629, 13.4266663 52.4454561, 13.4266908 52.44552, 13.4264397 52.4455303, 13.4263102 52.4455008, 13.4260512 52.4454418, 13.4257953 52.4453966, 13.425515 52.4453716, 13.4252986 52.4453576, 13.4253045 52.4454004, 13.4253302 52.4455871, 13.4257495 52.4456809, 13.4257484 52.4459355, 13.4253544 52.4459283, 13.4245945 52.4459144, 13.4245242 52.4460539, 13.4239993 52.4460496, 13.423925 52.445416, 13.4238553 52.4449256, 13.4238633 52.4448217))",0802,Neukölln,Britz,OSM,OSM_SCHOOLS,08G38,OSM_SCHOOLS,way:1097280643,37. Grundschule in Neukölln,,,,,,,,,,,,,,,,,,,,,,,,True,52.44531514970242,13.425129330114832,True,True
1109618842,11010010,Baustelle des Tagore-Gymnasiums,52.54630126908387,13.559607601661016,"POLYGON ((13.5603519 52.5466918, 13.5591363 52.5468822, 13.5587921 52.5459161, 13.5590558 52.5458797, 13.5599193 52.5457655, 13.560086 52.5457444, 13.5601854 52.546019, 13.5602364 52.5460156, 13.5603865 52.5464474, 13.5602711 52.5464578, 13.5603519 52.5466918))",1001,Marzahn-Hellersdorf,Marzahn,OSM,OSM_SCHOOLS,10Y01,OSM_SCHOOLS,way:1109618842,Baustelle des Tagore-Gymnasiums,,,,,,,,,,,,,,,,,,,,,,,,True,52.54630126908387,13.559607601661016,True,True
1112652721,11006006,Medical School Berlin,52.44397347543754,13.33394163692142,"POLYGON ((13.334115 52.4441512, 13.3336132 52.4440204, 13.3337676 52.4437964, 13.3342697 52.4439255, 13.334115 52.4441512))",0603,Steglitz-Zehlendorf,Lankwitz,OSM,OSM_SCHOOLS,,OSM_SCHOOLS,way:1112652721,Medical School Berlin,,,,,,,,,,,,,,,,,,,,,https://www.medicalschool-berlin.de/hochschule/campus-nicolaistrasse/,,,True,52.44397347543754,13.33394163692142,True,True
1112652989,11004004,Medical School Berlin,52.4695162089373,13.311366539594454,"POLYGON ((13.3122887 52.4697688, 13.3114573 52.4690096, 13.311106 52.468704, 13.3109343 52.4687988, 13.3108485 52.4689295, 13.3108613 52.4691317, 13.3108986 52.4701418, 13.3111932 52.4701418, 13.3122887 52.4697688))",0402,Charlottenburg-Wilmersdorf,Wilmersdorf,OSM,OSM_SCHOOLS,,OSM_SCHOOLS,way:1112652989,Medical School Berlin,,,,,,,,,,,,,,,,,,,,,https://www.medicalschool-berlin.de/hochschule/,,,True,52.4695162089373,13.311366539594454,True,True
1132984990,11003003,Katholische Theresienschule,52.55064172440901,13.446246154129495,"POLYGON ((13.445782 52.5506937, 13.4458137 52.5507288, 13.4458377 52.5507554, 13.4459361 52.5508648, 13.4459538 52.5508824, 13.4466501 52.5506517, 13.446726 52.5506276, 13.4466588 52.550553, 13.4465221 52.5504044, 13.4463568 52.5504568, 13.4461551 52.5505206, 13.4460732 52.5505466, 13.446011 52.5505664, 13.445943 52.550588, 13.4458652 52.5506126, 13.4459045 52.5506554, 13.4458662 52.5506673, 13.4458508 52.5506722, 13.445782 52.5506937))",0302,Pankow,Weißensee,OSM,OSM_SCHOOLS,03P10,OSM_SCHOOLS,way:1132984990,Katholische Theresienschule,,,,,,,,,,"Behaimstraße 29, 13086 Berlin",Behaimstraße,29,13086,Berlin,Erzbistum Berlin,,,,,,https://theresienschule.de/,,,True,52.55064172440901,13.446246154129495,True,True
1132986533,11007007,Werbellinsee-Grundschule,52.49548109441641,13.348336248965646,"POLYGON ((13.3490601 52.4962202, 13.3491069 52.4961079, 13.3491459 52.4959968, 13.3490618 52.4959831, 13.3491255 52.4958043, 13.3491345 52.4957789, 13.3492181 52.4955495, 13.3488487 52.495499, 13.348859 52.4954691, 13.3488828 52.4954065, 13.3489165 52.4953179, 13.3489218 52.4953028, 13.3489831 52.4951377, 13.3490257 52.4950231, 13.3490293 52.4950126, 13.3490669 52.4948782, 13.3486664 52.4948592, 13.3482053 52.4948181, 13.3475364 52.4947622, 13.3474581 52.4949735, 13.347424 52.4950678, 13.3474157 52.4951018, 13.3477613 52.4951496, 13.3478273 52.4951594, 13.3477362 52.4953835, 13.3476169 52.4957101, 13.3475055 52.4959976, 13.3490601 52.4962202))",0701,Tempelhof-Schöneberg,Schöneberg,OSM,OSM_SCHOOLS,07G03,OSM_SCHOOLS,way:1132986533,Werbellinsee-Grundschule,,,,,,,,,,"Luitpoldstraße 38, 10781 Berlin",Luitpoldstraße,38,10781,Berlin,,,,,+49 30 902777153,,https://www.werbellinsee-grundschule.de/,,,True,52.49548109441641,13.348336248965646,True,True
1132987050,11005005,Konkordia-Grundschule,52.530333660256716,13.19129510245001,"POLYGON ((13.1901809 52.5299214, 13.1902294 52.5301334, 13.190399 52.53089, 13.1924312 52.5307432, 13.1924085 52.5306609, 13.1922818 52.530225, 13.1922356 52.5300594, 13.1922124 52.5299168, 13.1921949 52.5297729, 13.1902691 52.5299149, 13.1901809 52.5299214))",0501,Spandau,Spandau,OSM,OSM_SCHOOLS,05G08,OSM_SCHOOLS,way:1132987050,Konkordia-Grundschule,,,,,,,,,,"Elsflether Weg 26-30, 13581",Elsflether Weg,26-30,13581,,,,,,+49 30 33096560,,,,,True,52.530333660256716,13.19129510245001,True,True
1132987632,11005005,Lynar-Grundschule,52.54737335643756,13.20713656635867,"POLYGON ((13.2066248 52.5470943, 13.2067185 52.5471958, 13.2067748 52.5472569, 13.2068667 52.5473568, 13.2069146 52.5474087, 13.2067018 52.54746, 13.2066345 52.5474762, 13.2064382 52.5475235, 13.2063922 52.5475345, 13.2064915 52.5477055, 13.2065041 52.5477289, 13.2065715 52.5478408, 13.2069569 52.5477558, 13.2078172 52.5475746, 13.2078455 52.5475388, 13.207697 52.547313, 13.2076525 52.5472444, 13.2075428 52.5470746, 13.2074972 52.547005, 13.2073997 52.5468585, 13.207349 52.5468449, 13.2066248 52.5470943))",0501,Spandau,Spandau,OSM,OSM_SCHOOLS,05G07,OSM_SCHOOLS,way:1132987632,Lynar-Grundschule,,,,,,,,,,"Lutherstraße 19-20, 13585 Berlin",Lutherstraße,19-20,13585,Berlin,Bezirksamt Spandau von Berlin,,,,+49 30 3039850,info@lynar-grundschule.de,https://lynar-grundschule.de,,,True,52.54737335643756,13.20713656635867,True,True
1132987751,11005005,Mary-Poppins-Grundschule,52.47206825926015,13.127796103040813,"POLYGON ((13.1258502 52.4716268, 13.1257876 52.4716449, 13.1255178 52.471945, 13.1255383 52.4719737, 13.1269379 52.4721994, 13.1281344 52.4723944, 13.1292826 52.4725769, 13.1293084 52.4725812, 13.1293699 52.4725614, 13.1297075 52.4721837, 13.1298409 52.4720337, 13.1298162 52.4720043, 13.1278849 52.4718205, 13.126585 52.4716968, 13.1258502 52.4716268))",0506,Spandau,Kladow,OSM,OSM_SCHOOLS,05G29,OSM_SCHOOLS,way:1132987751,Mary-Poppins-Grundschule,,,,,,,,,,"Am Flugplatz Gatow 20, 14089 Berlin",Am Flugplatz Gatow,20,14089,Berlin,,,,,,,,,,True,52.47206825926015,13.127796103040813,True,True
1132990106,11012012,Märkische Grundschule,52.59478822973215,13.359817686819468,"POLYGON ((13.35897 52.594067, 13.3588312 52.5950324, 13.3590939 52.5950439, 13.359311 52.5955184, 13.3596631 52.5955374, 13.3597803 52.5955445, 13.3599227 52.595552, 13.3605421 52.5955855, 13.3607496 52.5942068, 13.360685 52.5941575, 13.35897 52.594067))",1210,Reinickendorf,Märkisches Viertel,OSM,OSM_SCHOOLS,12G26,OSM_SCHOOLS,way:1132990106,Märkische Grundschule,,,,,,,,,,,,,,,,,,,+49 30 4165057,26.g@staatliche-europa-schule.de,https://www.staatliche-europa-schule.de/,,,True,52.59478822973215,13.359817686819468,True,True
1132991609,11011011,Schul- und Leistungssportzentrum Berlin,52.54623949049362,13.47562834773984,"POLYGON ((13.4735336 52.5454786, 13.4742902 52.5466693, 13.4743749 52.5472671, 13.4744103 52.5475345, 13.4744106 52.5475545, 13.4747493 52.5475473, 13.4747827 52.547547, 13.4748166 52.5475457, 13.4768874 52.5475006, 13.4774593 52.5474897, 13.4774279 52.5469671, 13.4774124 52.5467024, 13.4773779 52.5461908, 13.4773654 52.5459517, 13.4752916 52.5443595, 13.4752672 52.544736, 13.4752384 52.5447692, 13.4745811 52.5450545, 13.4735336 52.5454786))",1110,Lichtenberg,Alt-Hohenschönhausen,OSM,OSM_SCHOOLS,11A07,OSM_SCHOOLS,way:1132991609,Schul- und Leistungssportzentrum Berlin,,,,,,,,,,"Fritz-Lesch-Straße 35, 13053 Berlin",Fritz-Lesch-Straße,35,13053,Berlin,,,,,+49 30 983 185 205,sekretariat@slzb.de,,,,True,52.54623949049362,13.47562834773984,True,True
1132992705,11002002,Leibniz-Gymnasium,52.48999164828377,13.396862750779793,"POLYGON ((13.3961374 52.4898023, 13.3961626 52.4898913, 13.3962593 52.4902346, 13.396284 52.4903211, 13.3964975 52.4902981, 13.3966197 52.4902853, 13.3966263 52.4902847, 13.3967049 52.4902762, 13.3968072 52.4902652, 13.3972095 52.4902219, 13.3972977 52.4902125, 13.3973617 52.490206, 13.397463 52.4901953, 13.3975762 52.4901826, 13.3975876 52.4901816, 13.3975741 52.4901358, 13.3975698 52.4901194, 13.3975665 52.4901068, 13.397536 52.4899975, 13.397514 52.4899194, 13.3974922 52.489842, 13.3974416 52.4896619, 13.3972631 52.4896809, 13.3972443 52.489683, 13.3971521 52.4896934, 13.3970649 52.4897023, 13.3969373 52.489716, 13.3965151 52.4897616, 13.396478 52.4897655, 13.3964277 52.4897708, 13.3961374 52.4898023))",0202,Friedrichshain-Kreuzberg,Kreuzberg,OSM,OSM_SCHOOLS,02Y06,OSM_SCHOOLS,way:1132992705,Leibniz-Gymnasium,,,,,,,,,,"Schleiermacherstraße 23, 10961 Berlin",Schleiermacherstraße,23,10961,Berlin,Bezirksamt Friedrichshain-Kreuzberg von Berlin,,,,+49 30 50586711,,https://www.leibniz-gymnasium.berlin,,,True,52.48999164828377,13.396862750779793,True,True
1133775182,11002002,Spartacus-Grundschule Hort,52.52031585886557,13.436205690632816,"POLYGON ((13.4358025 52.5202483, 13.4362604 52.5200634, 13.4363143 52.520116, 13.436321 52.5201161, 13.4363575 52.5201752, 13.4364185 52.5201812, 13.4366 52.5203618, 13.4364496 52.5204193, 13.4364758 52.5204414, 13.4361563 52.5205743, 13.4358025 52.5202483))",0201,Friedrichshain-Kreuzberg,Friedrichshain,OSM,OSM_SCHOOLS,,OSM_SCHOOLS,way:1133775182,Spartacus-Grundschule Hort,,,,,,,,,,,,,,,,,,,,,,,,True,52.52031585886557,13.436205690632816,True,True
1137268544,11011011,Paul-Schmidt-Schule,52.560932875979724,13.507274517715194,"POLYGON ((13.5069899 52.5614491, 13.5065442 52.5612611, 13.5072471 52.560644, 13.5080961 52.5604029, 13.5081416 52.5604273, 13.5074237 52.5610678, 13.5069899 52.5614491))",1109,Lichtenberg,Neu-Hohenschönhausen,OSM,OSM_SCHOOLS,11K11,OSM_SCHOOLS,way:1137268544,Paul-Schmidt-Schule,,,,,,,,,,"Rüdickenstraße 24, 13053 Berlin",Rüdickenstraße,24,13053,Berlin,,,,,+49 30 9864885,sekretariat@11K11.schule.berlin.de,https://www.paul-schmidt-schule.de,,,True,52.560932875979724,13.507274517715194,True,True
1145292569,11002002,,52.50086647667159,13.402793171037684,"POLYGON ((13.4031173 52.5003929, 13.4029069 52.5004521, 13.4028312 52.5004737, 13.4019764 52.5007277, 13.402492 52.5013279, 13.4035835 52.5010373, 13.4031173 52.5003929))",0202,Friedrichshain-Kreuzberg,Kreuzberg,OSM,OSM_SCHOOLS,,OSM_SCHOOLS,way:1145292569,,,,,,,,,,,,,,,,,,,,,,,,,True,52.50086647667159,13.402793171037684,True,True
1151897038,11003003,Evangelische Schule Berlin Buch,52.642552982133175,13.490878194265868,"POLYGON ((13.4906747 52.6419561, 13.4900948 52.6423232, 13.4901274 52.642344, 13.4899167 52.6424782, 13.4910682 52.6431486, 13.4918603 52.6426434, 13.4906747 52.6419561))",0309,Pankow,Buch,OSM,OSM_SCHOOLS,03P33,OSM_SCHOOLS,way:1151897038,Evangelische Schule Berlin Buch,,,,,,,,,,"Wiltbergstraße 90, 13125 Berlin",Wiltbergstraße,90,13125,Berlin,Evangelische Schulstiftung in der EKBO,,,,,,https://www.ev-schule-buch.de,,,True,52.642552982133175,13.490878194265868,True,True
1152317854,11003003,,52.551470844017146,13.44563793601003,"POLYGON ((13.4464755 52.5519223, 13.4464581 52.5519274, 13.4460144 52.5520559, 13.4458895 52.5519059, 13.4455918 52.5519978, 13.4450788 52.5513846, 13.4449161 52.5514346, 13.4446592 52.5511263, 13.445418 52.5508902, 13.4456825 52.5512021, 13.4459888 52.5511095, 13.4464168 52.5516199, 13.4462646 52.5516721, 13.4463443 52.5517666, 13.4464755 52.5519223))",0302,Pankow,Weißensee,OSM,OSM_SCHOOLS,,OSM_SCHOOLS,way:1152317854,,,,,,,,,,,,,,,,,,,,,,,,,True,52.551470844017146,13.44563793601003,True,True
1154728712,11005005,Freie Georgschule,52.523329601151254,13.203789295538439,"POLYGON ((13.2038523 52.5237383, 13.203682 52.5235767, 13.2035843 52.5234404, 13.2035051 52.5232984, 13.2034293 52.5230386, 13.2040506 52.5230679, 13.2040343 52.5236202, 13.2038523 52.5237383))",0509,Spandau,Wilhelmstadt,OSM,OSM_SCHOOLS,,OSM_SCHOOLS,way:1154728712,Freie Georgschule,,,,,,,,,,,,,,,,,,,,,https://www.freie-georgschule.de/,,,True,52.523329601151254,13.203789295538439,True,True
1158766413,11001001,2. Schulpraktisches Seminar Mitte (S),52.5462373327245,13.392747812327087,"POLYGON ((13.392493 52.5462513, 13.3926672 52.5463008, 13.3928982 52.546365, 13.3930045 52.546227, 13.3927769 52.5461587, 13.3926018 52.5461088, 13.3925625 52.5461603, 13.3925579 52.546159, 13.3925277 52.5461986, 13.3925323 52.5461998, 13.392493 52.5462513))",0106,Mitte,Gesundbrunnen,OSM,OSM_SCHOOLS,,OSM_SCHOOLS,way:1158766413,2. Schulpraktisches Seminar Mitte (S),,,,,,,,,,,,,,,,,,,,,,,,True,52.5462373327245,13.392747812327087,True,True
1158946315,11003003,Lauder Beth-Zion Schule,52.535060210700024,13.418957720787251,"POLYGON ((13.418878 52.5352016, 13.4190196 52.5351579, 13.419188 52.5351065, 13.4190378 52.5349197, 13.4188849 52.5349669, 13.4188795 52.5349683, 13.4187273 52.5350096, 13.418878 52.5352016))",0301,Pankow,Prenzlauer Berg,OSM,OSM_SCHOOLS,03P26,OSM_SCHOOLS,way:1158946315,Lauder Beth-Zion Schule,,,,,,,,,,"Rykestraße 53, 10405 Berlin",Rykestraße,53,10405,Berlin,,,,,,,https://lauderschule.de/,,,True,52.535060210700024,13.418957720787251,True,True
1158979783,11001001,Jüdisches Gymnasium Moses Mendelssohn,52.524963852904605,13.399846393478763,"POLYGON ((13.3995376 52.5245532, 13.3993631 52.5245247, 13.3992458 52.5247952, 13.3992954 52.5248031, 13.3992849 52.5248253, 13.3992745 52.5248472, 13.3992281 52.5248413, 13.3991701 52.5249682, 13.3992137 52.5249755, 13.3992064 52.524995, 13.3991987 52.5250172, 13.3992965 52.5250369, 13.3995727 52.5250924, 13.3998448 52.5251471, 13.3998545 52.525149, 13.4000852 52.525165, 13.4005871 52.525207, 13.400596 52.5251474, 13.4006605 52.5249625, 13.4004208 52.5249394, 13.4001801 52.5249425, 13.3994517 52.524819, 13.3995686 52.5245582, 13.3995376 52.5245532))",0101,Mitte,Mitte,OSM,OSM_SCHOOLS,01P03,OSM_SCHOOLS,way:1158979783,Jüdisches Gymnasium Moses Mendelssohn,,,,,,,,,,"Große Hamburger Straße 27, 10115 Berlin",Große Hamburger Straße,27,10115,Berlin,Jüdische Gemeinde zu Berlin,,,,,,,,,True,52.524963852904605,13.399846393478763,True,True
1161315857,11012012,Katholische Schule Salvator,52.609016787670214,13.311647085711112,"POLYGON ((13.3109743 52.6090369, 13.3113702 52.6093494, 13.3114233 52.6092817, 13.311627 52.6094581, 13.3117024 52.6095212, 13.3119002 52.6093361, 13.311997 52.6092456, 13.3122759 52.6089848, 13.3123727 52.6088942, 13.3119643 52.6087408, 13.3118975 52.6087408, 13.3114814 52.6085714, 13.3112689 52.608765, 13.3109743 52.6090369))",1207,Reinickendorf,Waidmannslust,OSM,OSM_SCHOOLS,12P04,OSM_SCHOOLS,way:1161315857,Katholische Schule Salvator,,,,,,,,,,"Fürst-Bismarck-Straße 8-10, 13469 Berlin",Fürst-Bismarck-Straße,8-10,13469,Berlin,Erzbistum Berlin,,,,,,https://salvator-grundschule.de,,,True,52.609016787670214,13.311647085711112,True,True
1161799712,11003003,Platanus Schule,52.568318257541534,13.41123013598512,"POLYGON ((13.4107401 52.5684448, 13.4108654 52.5684716, 13.4109488 52.5684842, 13.4111276 52.5685197, 13.4113068 52.5685586, 13.4113296 52.5685647, 13.4115142 52.568604, 13.4115853 52.568464, 13.4115921 52.5684653, 13.4116036 52.5684425, 13.4116073 52.5684432, 13.4116521 52.5683548, 13.4116485 52.5683541, 13.4116575 52.5683364, 13.4116507 52.5683351, 13.4116997 52.5682385, 13.4117223 52.5681939, 13.4115124 52.5681514, 13.4113752 52.5681241, 13.4111816 52.568085, 13.4109336 52.5680348, 13.4109282 52.5680461, 13.4108617 52.568187, 13.4107401 52.5684448))",0307,Pankow,Pankow,OSM,OSM_SCHOOLS,03P28,OSM_SCHOOLS,way:1161799712,Platanus Schule,,,,,,,,,,"Berliner Straße 12, Berlin",Berliner Straße,12,,Berlin,,,,,,,https://www.platanus-schule.de/,,,True,52.568318257541534,13.41123013598512,True,True
1165565973,11010010,36. Grundschule,52.53225555808295,13.624312571273038,"POLYGON ((13.6235382 52.5327406, 13.6236488 52.5327373, 13.6236761 52.5327427, 13.6237753 52.5328144, 13.623761 52.5328627, 13.6237451 52.5333017, 13.6238293 52.5333988, 13.6239513 52.5333492, 13.6239826 52.5333628, 13.6240439 52.5333424, 13.624078 52.5333836, 13.6243572 52.5333711, 13.6244208 52.5331555, 13.6247164 52.5331882, 13.6247678 52.5330218, 13.6250416 52.532035, 13.6252016 52.5314299, 13.6248656 52.5313773, 13.6247031 52.5313519, 13.6241568 52.5312785, 13.623945 52.5312501, 13.6238262 52.5312994, 13.6237694 52.531323, 13.6238239 52.5314086, 13.6235731 52.5323608, 13.6235456 52.5324653, 13.6235629 52.5326576, 13.6235528 52.5326849, 13.6235425 52.5327241, 13.6235382 52.5327406))",1005,Marzahn-Hellersdorf,Hellersdorf,OSM,OSM_SCHOOLS,10G36a,OSM_SCHOOLS,way:1165565973,36. Grundschule,,,,,,,,,,"Louis-Lewin-Straße 40a, 12627 Berlin",Louis-Lewin-Straße,40a,12627,Berlin,,,,,,,,,,True,52.53225555808295,13.624312571273038,True,True
1171110115,11009009,Kiefholz-Grundschule,52.486196895224985,13.45611547941261,"POLYGON ((13.4561746 52.485624, 13.456308 52.485673, 13.4560921 52.4857832, 13.4564958 52.4860728, 13.4566527 52.4860189, 13.4569415 52.4861664, 13.4566997 52.4863367, 13.4567732 52.4863738, 13.4568224 52.4863987, 13.4567607 52.486444, 13.4563601 52.4867387, 13.4563439 52.486753, 13.4562428 52.4866913, 13.455853 52.4864499, 13.4556678 52.4863516, 13.4552149 52.4860169, 13.4555251 52.4858665, 13.4555999 52.4859204, 13.4561746 52.485624))",0901,Treptow-Köpenick,Alt-Treptow,OSM,OSM_SCHOOLS,09G30,OSM_SCHOOLS,way:1171110115,Kiefholz-Grundschule,,,,,,,,,,"Kiefholzstraße 45, 12435 Berlin",Kiefholzstraße,45,12435,Berlin,,,,,,,,,,True,52.486196895224985,13.45611547941261,True,True
1188150702,11006006,Internationale Montessorischule Berlin,52.43023528983908,13.163114111021978,"POLYGON ((13.1631462 52.4307509, 13.1636529 52.4306005, 13.1633208 52.4300707, 13.162904 52.4296989, 13.1625833 52.4298062, 13.1631462 52.4307509))",0607,Steglitz-Zehlendorf,Wannsee,OSM,OSM_SCHOOLS,06P21,OSM_SCHOOLS,way:1188150702,Internationale Montessorischule Berlin,,,,,,,,,,,,,,,Montessori,,,,,,,,,True,52.43023528983908,13.163114111021978,True,True
1189749422,11012012,Schulfarm Insel Scharfenberg,52.57100413248418,13.245197623363788,"POLYGON ((13.2470114 52.5758489, 13.2471324 52.5759516, 13.2472955 52.5760263, 13.2475373 52.5760746, 13.2477775 52.5760963, 13.2480319 52.5760683, 13.2482573 52.5759833, 13.2484212 52.5758746, 13.2491078 52.5750531, 13.2491196 52.574405, 13.2490028 52.5742232, 13.2487095 52.5740989, 13.2477108 52.573991, 13.246769 52.5736838, 13.2462381 52.573177, 13.2466657 52.5715931, 13.2468762 52.5711017, 13.2471248 52.5703145, 13.2471199 52.570112, 13.2469549 52.5700344, 13.2469348 52.5698844, 13.2469922 52.5696507, 13.2470984 52.569471, 13.2472002 52.5693594, 13.2471328 52.569171, 13.2470754 52.5689459, 13.2469419 52.568748, 13.2468274 52.5686064, 13.2468071 52.5684218, 13.2468616 52.5681775, 13.246787 52.5680249, 13.2467337 52.5679395, 13.2467741 52.5678592, 13.2467733 52.567818, 13.2468645 52.5677694, 13.2471285 52.5676071, 13.2470797 52.5675614, 13.2469161 52.5674859, 13.2467984 52.5674257, 13.2467569 52.5674182, 13.2466679 52.5674022, 13.2466552 52.5674059, 13.2464957 52.5674527, 13.2462646 52.5674501, 13.2460365 52.5674187, 13.2458356 52.5673568, 13.2457509 52.5672207, 13.2455845 52.5671387, 13.2454171 52.5670717, 13.2453075 52.5670568, 13.2451897 52.5671052, 13.2451023 52.5671309, 13.2449875 52.567178, 13.2448282 52.5672678, 13.2446962 52.5674126, 13.2446667 52.5675285, 13.2444789 52.5676627, 13.2443203 52.5677083, 13.2438137 52.5677118, 13.2436286 52.5677606, 13.2436315 52.5678165, 13.2436372 52.5678705, 13.2437213 52.5680423, 13.2437349 52.5682881, 13.2436704 52.5683287, 13.2435526 52.5683376, 13.2433928 52.5683032, 13.2433202 52.5682055, 13.243333 52.5680938, 13.2434048 52.5679717, 13.243498 52.5678958, 13.2435167 52.5678426, 13.2434937 52.5677685, 13.2434234 52.5677641, 13.2431243 52.5678038, 13.2428738 52.5677458, 13.2426822 52.5676426, 13.2425293 52.567569, 13.2422538 52.5675293, 13.2420536 52.5675507, 13.2418737 52.5675994, 13.2417797 52.5676728, 13.2417562 52.5677219, 13.2416734 52.5677487, 13.2416075 52.5677647, 13.2415605 52.5678202, 13.2414953 52.5678456, 13.2414249 52.5678202, 13.2413888 52.5677792, 13.2412804 52.5677703, 13.2412032 52.5678266, 13.2411584 52.5679365, 13.2410726 52.5681296, 13.2411241 52.5683278, 13.2412786 52.5684426, 13.2412632 52.5685163, 13.2412475 52.5685892, 13.2410983 52.5686565, 13.2411801 52.5688198, 13.2412423 52.5689824, 13.2413649 52.5691299, 13.2420692 52.5693903, 13.242382 52.5694647, 13.2427814 52.5698275, 13.2433786 52.5707104, 13.2433396 52.5709135, 13.2431674 52.5711371, 13.2431153 52.5711926, 13.2431674 52.5712243, 13.2432039 52.5712623, 13.2431492 52.571313, 13.2430657 52.5713448, 13.2429866 52.5713712, 13.2429953 52.5714795, 13.2440438 52.5731491, 13.2439994 52.573461, 13.2440283 52.5735765, 13.2441456 52.5736986, 13.2443416 52.5737779, 13.2445082 52.5738587, 13.2445682 52.5738587, 13.2446152 52.5738143, 13.24467 52.5737334, 13.24473 52.5737334, 13.2447587 52.5737715, 13.2448708 52.5738254, 13.2449413 52.5738714, 13.2450065 52.573911, 13.2450585 52.5739416, 13.2451035 52.5739734, 13.245221 52.5740741, 13.2452745 52.5741625, 13.2453065 52.5742299, 13.2453426 52.5742575, 13.2453853 52.5742965, 13.2454481 52.57429, 13.2455068 52.5742892, 13.2455309 52.5743119, 13.2455456 52.5743379, 13.2454707 52.5744435, 13.2455132 52.5745235, 13.2456591 52.5746225, 13.2459408 52.5747037, 13.246041 52.5747037, 13.2461349 52.5747963, 13.2464652 52.5749061, 13.2465711 52.574951, 13.2466056 52.5750081, 13.2465891 52.5750913, 13.2467347 52.5752244, 13.2468778 52.575334, 13.246905 52.5754164, 13.2468465 52.5754672, 13.2468382 52.5755179, 13.2468977 52.5756659, 13.2470114 52.5758489))",1202,Reinickendorf,Tegel,OSM,OSM_SCHOOLS,12Y06,OSM_SCHOOLS,way:1189749422,Schulfarm Insel Scharfenberg,,,,,,,,,,,,,,,Land Berlin,,,,+49 30 430944330,,http://insel-scharfenberg.de/,,,True,52.57100413248418,13.245197623363788,True,True
1191172229,11012012,,52.59812645844254,13.324048745605802,"POLYGON ((13.3239068 52.5984189, 13.3236645 52.5979225, 13.3236538 52.5979004, 13.3236486 52.5978898, 13.323636 52.5978664, 13.3236578 52.5978546, 13.3236839 52.5978466, 13.3237106 52.5978384, 13.3239684 52.5978829, 13.3239743 52.597884, 13.3240754 52.5979013, 13.3243279 52.5979438, 13.3243304 52.597937, 13.3244041 52.5979496, 13.3244014 52.5979563, 13.3244108 52.597958, 13.3244821 52.5979718, 13.3244419 52.5980479, 13.3243943 52.5980642, 13.3242126 52.5984706, 13.3239068 52.5984189))",1209,Reinickendorf,Wittenau,OSM,OSM_SCHOOLS,,OSM_SCHOOLS,way:1191172229,,,,,,,,,,,,,,,,,,,,,,,,,True,52.59812645844254,13.324048745605802,True,True
1219825477,11007007,Pestalozzi-Fröbel-Haus,52.49110883274373,13.351998583610998,"POLYGON ((13.3514186 52.4917528, 13.351586 52.4917466, 13.3515802 52.4916914, 13.3516712 52.4916877, 13.3516653 52.4916328, 13.3516594 52.4915814, 13.3519958 52.4915716, 13.3524109 52.4915595, 13.3524092 52.4916118, 13.3524096 52.4916221, 13.3525856 52.4916145, 13.3527026 52.491612, 13.3527001 52.4915505, 13.3526997 52.4915428, 13.3526899 52.4913373, 13.3526478 52.491338, 13.3526421 52.4911419, 13.3526808 52.4911412, 13.3526784 52.4910863, 13.3526775 52.4910716, 13.3526669 52.4908374, 13.3526644 52.4907799, 13.3523801 52.490786, 13.3523736 52.4906653, 13.3523663 52.4905188, 13.3521515 52.4905226, 13.3519479 52.490525, 13.3517216 52.4905276, 13.3516434 52.4905284, 13.351554 52.4905305, 13.3515553 52.4905831, 13.3515614 52.4907279, 13.3515622 52.4907541, 13.3515624 52.490769, 13.3513282 52.490777, 13.3513425 52.4909317, 13.3513559 52.4910762, 13.3513989 52.4915404, 13.3514092 52.4916516, 13.351395 52.4916521, 13.3513973 52.4916763, 13.3513992 52.4916968, 13.3514134 52.4916964, 13.3514186 52.4917528))",0701,Tempelhof-Schöneberg,Schöneberg,OSM,OSM_SCHOOLS,07P02,OSM_SCHOOLS,way:1219825477,Pestalozzi-Fröbel-Haus,,,,,,,,,,"Karl-Schrader-Straße 7-8, 10781 Berlin",Karl-Schrader-Straße,7-8,10781,Berlin,Pestalozzi-Fröbel-Haus,,,,,,,,,True,52.49110883274373,13.351998583610998,True,True
1220194758,11003003,Schuldrehscheibe Werneuchener Wiese,52.52985480012781,13.439186773407986,"POLYGON ((13.4380974 52.5297195, 13.4388173 52.5301808, 13.4394607 52.5305884, 13.4401946 52.529906, 13.4390432 52.5291692, 13.4389555 52.5292217, 13.438897 52.5292566, 13.4382957 52.5296039, 13.4382612 52.5296239, 13.4380974 52.5297195))",0301,Pankow,Prenzlauer Berg,OSM,OSM_SCHOOLS,,OSM_SCHOOLS,way:1220194758,Schuldrehscheibe Werneuchener Wiese,,,,,,,,,,Berlin,,,,Berlin,,,,,,,,,,True,52.52985480012781,13.439186773407986,True,True
1221765289,11010010,Beatrix-Potter-Grundschule,52.5469427330457,13.589451010597978,"POLYGON ((13.5888396 52.547016, 13.5879939 52.5471291, 13.5879645 52.5470524, 13.5884692 52.5469831, 13.5883525 52.5466746, 13.5890469 52.5465785, 13.5891001 52.546621, 13.589127 52.5466409, 13.5892432 52.546597, 13.5893931 52.5465783, 13.5894088 52.5465998, 13.5894736 52.5465912, 13.5895172 52.5465854, 13.5903497 52.5464725, 13.5905791 52.5471008, 13.5894652 52.5472547, 13.5894505 52.5472568, 13.5894272 52.54726, 13.5895236 52.547522, 13.5893129 52.5475509, 13.5893217 52.5475773, 13.5890611 52.5476128, 13.5888396 52.547016))",1005,Marzahn-Hellersdorf,Hellersdorf,OSM,OSM_SCHOOLS,10G17,OSM_SCHOOLS,way:1221765289,Beatrix-Potter-Grundschule,,,,,,,,,,"Ludwigsfelder Straße 7, 12629 Berlin",Ludwigsfelder Straße,7,12629,Berlin,,,,,,,https://www.beatrix-potter-grundschule.de/,,,True,52.5469427330457,13.589451010597978,True,True
1241607159,11004004,Nelson-Mandela-Schule (Sekundarstufen),52.491061975324286,13.320567900030737,"POLYGON ((13.3209467 52.4916744, 13.3202847 52.4917471, 13.3202749 52.4916972, 13.3202626 52.4916348, 13.3202533 52.4915935, 13.3201998 52.4912925, 13.3200064 52.4913059, 13.3200067 52.4911841, 13.3200088 52.4911267, 13.3200105 52.4910247, 13.3200104 52.4909667, 13.320014 52.4907533, 13.3200151 52.4907, 13.3200165 52.4906231, 13.3200205 52.4904425, 13.3200238 52.490417, 13.3201155 52.4904109, 13.3202612 52.4904012, 13.3204085 52.4903914, 13.3204636 52.4906916, 13.3205483 52.4906842, 13.3207517 52.4906701, 13.320929 52.4906581, 13.3209944 52.4906537, 13.3211936 52.4906402, 13.3212099 52.4907302, 13.3212819 52.4911302, 13.3212967 52.4912203, 13.321094 52.4912331, 13.3210331 52.4912365, 13.3208592 52.4912474, 13.3208901 52.4914201, 13.3208836 52.4914205, 13.3209093 52.4915626, 13.3209144 52.4915905, 13.320921 52.4915901, 13.3209467 52.4916744))",0402,Charlottenburg-Wilmersdorf,Wilmersdorf,OSM,OSM_SCHOOLS,04K04,OSM_SCHOOLS,way:1241607159,Nelson-Mandela-Schule (Sekundarstufen),,,,,,,,,,"Pfalzburger Straße 23, 10717 Berlin",Pfalzburger Straße,23,10717,Berlin,"Senatsverwaltung für Bildung, Jugend und Familie Berlin",,,,,,https://www.nelson-mandela-schule.net/,,,True,52.491061975324286,13.320567900030737,True,True
1255251277,11010010,Freie Grundschule Marzahn (i.G.),52.55209359105547,13.569069350377202,"POLYGON ((13.569074 52.5524765, 13.5692472 52.5524548, 13.569378 52.5524384, 13.5693438 52.5523375, 13.5694549 52.5523228, 13.5692062 52.5519354, 13.5690607 52.551798, 13.5687937 52.5515889, 13.5687164 52.5515981, 13.5688202 52.5518969, 13.5688242 52.5519083, 13.5688803 52.5520738, 13.5689111 52.5521647, 13.5688205 52.552176, 13.568852 52.5522566, 13.5689383 52.5522449, 13.5690192 52.5524834, 13.569074 52.5524765))",1001,Marzahn-Hellersdorf,Marzahn,OSM,OSM_SCHOOLS,10P24,OSM_SCHOOLS,way:1255251277,Freie Grundschule Marzahn (i.G.),,,,,,,,,,"Karl-Holtz-Straße 6, 12687 Berlin",Karl-Holtz-Straße,6,12687,Berlin,ASG - Anerkannte Schulgesellschaft mbH,,,,+493020882970,info@freie-grundschule-marzahn.de,https://www.freie-grundschule-marzahn.de/,,,True,52.55209359105547,13.569069350377202,True,True
1256923682,11008008,Theodor-Storm-Grundschule,52.486794123447275,13.426026215565226,"POLYGON ((13.4258739 52.4874637, 13.4262402 52.4873352, 13.4262176 52.4871742, 13.4261964 52.4870187, 13.4261808 52.4869024, 13.4261597 52.48675, 13.426153 52.4867009, 13.4263436 52.4866913, 13.4263485 52.4867269, 13.4264066 52.4867241, 13.426422 52.4868421, 13.4264863 52.4868389, 13.426503 52.4869713, 13.4265726 52.4869702, 13.4265892 52.4869695, 13.4267576 52.4869615, 13.4267691 52.486961, 13.4267626 52.4869136, 13.4267519 52.4868291, 13.4267398 52.4867333, 13.4267324 52.4866734, 13.4267239 52.4866738, 13.4267102 52.4866743, 13.4266892 52.4866752, 13.4265426 52.4866817, 13.4265253 52.4866825, 13.4264597 52.4866857, 13.4264022 52.4866885, 13.4263953 52.4866367, 13.4263765 52.4864876, 13.4262825 52.4864931, 13.4261259 52.4865008, 13.4261148 52.4864194, 13.426097 52.4862936, 13.4260256 52.4862967, 13.4258304 52.4863042, 13.4258258 52.486261, 13.4257247 52.4862639, 13.4255315 52.4862709, 13.4254344 52.4862741, 13.4254431 52.4863454, 13.4254506 52.4864068, 13.4254574 52.4864616, 13.4254645 52.4865195, 13.4256747 52.4864243, 13.4257375 52.4869483, 13.4257435 52.4869985, 13.4257517 52.4870648, 13.425759 52.487127, 13.4257723 52.4872371, 13.4257781 52.4872951, 13.4257875 52.4873737, 13.4258739 52.4874637))",0801,Neukölln,Neukölln,OSM,OSM_SCHOOLS,08G02,OSM_SCHOOLS,way:1256923682,Theodor-Storm-Grundschule,,,,,,,,,,"Hobrechtstraße 76, 12043 Berlin",Hobrechtstraße,76,12043,Berlin,,,,,,,,,,True,52.486794123447275,13.426026215565226,True,True
1267367494,11009009,Wildbienen-Grundschule,52.45957151521728,13.531870646200161,"POLYGON ((13.530953 52.4598062, 13.5318686 52.460137, 13.5326923 52.4592926, 13.5320923 52.4589794, 13.5320641 52.4589997, 13.531911 52.4591098, 13.5317692 52.4592118, 13.5317399 52.4592328, 13.5315985 52.4593345, 13.5315399 52.4593766, 13.5314958 52.4594085, 13.530953 52.4598062))",0909,Treptow-Köpenick,Oberschöneweide,OSM,OSM_SCHOOLS,09G31,OSM_SCHOOLS,way:1267367494,Wildbienen-Grundschule,,,,,,,,,,"Keplerstraße 10, 12459 Berlin",Keplerstraße,10,12459,Berlin,"Senatsverwaltung für Bildung, Jugend und Familie",,,,+49 30 53010382,09G31@09G31.schule.berlin.de,,,,True,52.45957151521728,13.531870646200161,True,True
1270246687,11004004,Jugendkunstschule Charlottenburg-Wilmersdorf,52.52433175864619,13.304701941251077,"POLYGON ((13.3048578 52.5245839, 13.3049912 52.5245823, 13.3049862 52.5243402, 13.3049853 52.5242949, 13.3049836 52.5242243, 13.3041841 52.5242254, 13.3043577 52.5243516, 13.3048527 52.5243476, 13.3048578 52.5245839))",0401,Charlottenburg-Wilmersdorf,Charlottenburg,OSM,OSM_SCHOOLS,,OSM_SCHOOLS,way:1270246687,Jugendkunstschule Charlottenburg-Wilmersdorf,,,,,,,,,,"Nordhauser Straße 22, 10589 Berlin",Nordhauser Straße,22,10589,Berlin,Bezirksamt Charlottenburg-Wilmersdorf von Berlin,,,,,,https://www.jugendkunstschule-charlottenburg-wilmersdorf.de/,,,True,52.52433175864619,13.304701941251077,True,True
1272838889,11005005,Grundschule am Eichenwald,52.55790394068708,13.199748144420232,"POLYGON ((13.2004742 52.5573276, 13.1990737 52.557209, 13.1987869 52.5584562, 13.1997008 52.5584804, 13.1997366 52.5584809, 13.199912 52.5584855, 13.2006888 52.5585046, 13.2006123 52.5580423, 13.200525 52.5575143, 13.2004742 52.5573276))",0507,Spandau,Hakenfelde,OSM,OSM_SCHOOLS,05G02,OSM_SCHOOLS,way:1272838889,Grundschule am Eichenwald,,,,,,,,,,"Gaismannshofer Weg 2, 13587 Berlin",Gaismannshofer Weg,2,13587,Berlin,,,,,+49 30 36758110,,https://www.eichenwald-grundschule.de,,,True,52.55790394068708,13.199748144420232,True,True
1290541571,11005005,Martin-Buber-Oberschule,52.54770861694875,13.155935712765752,"POLYGON ((13.1552458 52.5490695, 13.1564286 52.5489354, 13.1561316 52.5476885, 13.1568298 52.5476216, 13.1567996 52.5474796, 13.157477 52.5474213, 13.1576601 52.5475377, 13.1574629 52.5467548, 13.1564909 52.5468636, 13.1563936 52.546903, 13.1563664 52.5469061, 13.1562764 52.5468888, 13.1556443 52.5468644, 13.1547425 52.5467996, 13.1552458 52.5490695))",0508,Spandau,Falkenhagener Feld,OSM,OSM_SCHOOLS,05K01,OSM_SCHOOLS,way:1290541571,Martin-Buber-Oberschule,,,,,,,,,,"Im Spektefeld 33, 13589 Berlin",Im Spektefeld,33,13589,Berlin,Bezirksamt Spandau von Berlin,,,,+49 30 3758640,info@martin-buber-oberschule.de,https://martin-buber-oberschule.de,,,True,52.54770861694875,13.155935712765752,True,True
1292129681,11008008,Arc-en-ciel,52.47598340635673,13.434015075394166,"POLYGON ((13.4337205 52.4757926, 13.4340451 52.4758335, 13.4340327 52.4758729, 13.4343317 52.4759086, 13.434419 52.4759543, 13.4343497 52.476156, 13.4341968 52.4761373, 13.4336291 52.4760675, 13.4336427 52.4760267, 13.4336728 52.475936, 13.4337205 52.4757926))",0801,Neukölln,Neukölln,OSM,OSM_SCHOOLS,,OSM_SCHOOLS,way:1292129681,Arc-en-ciel,,,,,,,,,,,,,,,Regenbogen-Schule,,,,,,https://regenbogen-grundschule.de/sesb/arc-en-ciel,,,True,52.47598340635673,13.434015075394166,True,True
1292797915,11010010,,52.56732985250224,13.549929856774382,"POLYGON ((13.5500498 52.5677132, 13.5504551 52.5670657, 13.550024 52.5669737, 13.5499954 52.5670146, 13.5497901 52.5669657, 13.5496479 52.5671878, 13.549403 52.5675705, 13.5499792 52.5677085, 13.5500498 52.5677132))",1001,Marzahn-Hellersdorf,Marzahn,OSM,OSM_SCHOOLS,,OSM_SCHOOLS,way:1292797915,,,,,,,,,,,,,,,,,,,,,,,,,True,52.56732985250224,13.549929856774382,True,True
1294831170,11003003,Grundschule Wolkenstein,52.55628870303386,13.426868244129244,"POLYGON ((13.4262863 52.555798, 13.4259815 52.5561165, 13.4260233 52.5562346, 13.4266946 52.5565234, 13.4273286 52.5567974, 13.4277967 52.556306, 13.4269576 52.5560147, 13.4268964 52.5560786, 13.4266727 52.5559992, 13.426719 52.5559506, 13.4262863 52.555798))",0307,Pankow,Pankow,OSM,OSM_SCHOOLS,03G39,OSM_SCHOOLS,way:1294831170,Grundschule Wolkenstein,,,,,,,,,,,,,,,Bezirksamt Pankow von Berlin,,,,,,https://gs-wolkenstein.de/impressum/,,,True,52.55628870303386,13.426868244129244,True,True
1295083999,11003003,Klax Schule,52.56142710840438,13.422650842797317,"POLYGON ((13.4223029 52.5614681, 13.4224868 52.5614856, 13.4223899 52.561858, 13.4227443 52.5618921, 13.4228654 52.561427, 13.4229525 52.5614354, 13.4229893 52.5612976, 13.4229971 52.5612657, 13.4230053 52.5612325, 13.4230349 52.5611123, 13.4224249 52.5610567, 13.422413 52.5611029, 13.422346 52.5613763, 13.4223345 52.5614205, 13.4223158 52.5614187, 13.4223029 52.5614681))",0307,Pankow,Pankow,OSM,OSM_SCHOOLS,03P22,OSM_SCHOOLS,way:1295083999,Klax Schule,,,,,,,,,,"Neumannstraße 13 a, 13189 Berlin",Neumannstraße,13 a,13189,Berlin,Lebendig Lernen gGmbH,,,,,,https://klax.de/de/schule/abschluesse/grundstufe,,,True,52.56142710840438,13.422650842797317,True,True
1295087220,11003003,Klax Schule (Oberstufe),52.56498815589085,13.414434100435548,"POLYGON ((13.4141308 52.5650822, 13.414154 52.5649754, 13.4141925 52.5649785, 13.4142185 52.5648586, 13.4144562 52.5648757, 13.4147212 52.564896, 13.414698 52.5650012, 13.4146722 52.5651142, 13.4142731 52.5650822, 13.4142706 52.5650934, 13.4141308 52.5650822))",0307,Pankow,Pankow,OSM,OSM_SCHOOLS,,OSM_SCHOOLS,way:1295087220,Klax Schule (Oberstufe),,,,,,,,,,"Borkumstraße 2, 13189 Berlin",Borkumstraße,2,13189,Berlin,Lebendig Lernen gGmbH,,,,,,https://klax.de/de/schule/abschluesse/gymnasiale-oberstufe,,,True,52.56498815589085,13.414434100435548,True,True
1297154300,11010010,Sporthalle der Filiale der Grundschule unter dem Regenbogen,52.5222229953679,13.532300269102468,"POLYGON ((13.5326729 52.5223589, 13.5324234 52.5219695, 13.5319276 52.5220871, 13.5321772 52.5224765, 13.5326729 52.5223589))",1001,Marzahn-Hellersdorf,Marzahn,OSM,OSM_SCHOOLS,10G14,OSM_SCHOOLS,way:1297154300,Sporthalle der Filiale der Grundschule unter dem Regenbogen,,,,,,,,,,"Marzahner Chaussee 165, 12681 Berlin",Marzahner Chaussee,165,12681,Berlin,,,,,,,,,,True,52.5222229953679,13.532300269102468,True,True
1297154301,11010010,Filiale der Grundschule unter dem Regenbogen,52.52271136630091,13.532477515195561,"POLYGON ((13.5328952 52.5227064, 13.5327904 52.522543, 13.5320598 52.5227164, 13.5321645 52.5228797, 13.5328952 52.5227064))",1001,Marzahn-Hellersdorf,Marzahn,OSM,OSM_SCHOOLS,10G14,OSM_SCHOOLS,way:1297154301,Filiale der Grundschule unter dem Regenbogen,,,,,,,,,,"Marzahner Chaussee 165, 12681 Berlin",Marzahner Chaussee,165,12681,Berlin,,,,,,,,,,True,52.52271136630091,13.532477515195561,True,True
1299458671,11001001,Grundschule am Koppenplatz (Standort Auguststraße),52.52628101505238,13.395996837682887,"POLYGON ((13.395643 52.5263904, 13.39578 52.5260784, 13.3958114 52.526008, 13.3961024 52.5260559, 13.3963846 52.5260994, 13.3963603 52.5261529, 13.3961758 52.5265568, 13.3960405 52.5265344, 13.3959452 52.5265179, 13.3958978 52.5265079, 13.3956115 52.5264597, 13.395643 52.5263904))",0101,Mitte,Mitte,OSM,OSM_SCHOOLS,01G46c,OSM_SCHOOLS,way:1299458671,Grundschule am Koppenplatz (Standort Auguststraße),,,,,,,,,,"Auguststraße 21, 10117 Berlin",Auguststraße,21,10117,Berlin,Bezirk Mitte von Berlin,,,,,,https://schule-am-koppenplatz.de,,,True,52.52628101505238,13.395996837682887,True,True
1299787052,11011011,Grundschule am Tränkegraben,52.49944074720526,13.502084659382021,"POLYGON ((13.5011889 52.4986919, 13.5018433 52.4984893, 13.5023279 52.499535, 13.5026527 52.4994792, 13.503112 52.4993814, 13.5030832 52.4995642, 13.5030756 52.4997439, 13.503114 52.4999216, 13.5025863 52.5000495, 13.5019515 52.5001883, 13.5019297 52.5001729, 13.5018834 52.5001817, 13.5011889 52.4986919))",1101,Lichtenberg,Friedrichsfelde,OSM,OSM_SCHOOLS,11G35,OSM_SCHOOLS,way:1299787052,Grundschule am Tränkegraben,,,,,,,,,,"Sewanstraße 41, 10319 Berlin",Sewanstraße,41,10319,Berlin,,,,,,,https://gs-traenkegraben.de,,,True,52.49944074720526,13.502084659382021,True,True
1300695210,11003003,Hausburg-Grundschule - Filialstandort,52.5236050183437,13.455509374518018,"POLYGON ((13.4549189 52.5238488, 13.455057 52.5236547, 13.455189 52.5234615, 13.4553752 52.5231775, 13.4560941 52.5233588, 13.455643 52.5240317, 13.4549189 52.5238488))",0301,Pankow,Prenzlauer Berg,OSM,OSM_SCHOOLS,02G02b,OSM_SCHOOLS,way:1300695210,Hausburg-Grundschule - Filialstandort,,,,,,,,,,,,,,,,,,,,,,,,True,52.5236050183437,13.455509374518018,True,True
1302420088,11010010,,52.50108067304816,13.610162264845815,"POLYGON ((13.6096752 52.5008386, 13.6100553 52.500799, 13.6100974 52.5009489, 13.6105857 52.500898, 13.6106496 52.5011252, 13.6103989 52.5011513, 13.6104618 52.5013752, 13.6100887 52.501414, 13.6100057 52.5011183, 13.609761 52.5011438, 13.6096752 52.5008386))",1004,Marzahn-Hellersdorf,Mahlsdorf,OSM,OSM_SCHOOLS,"10G37, 10Gn01",OSM_SCHOOLS,way:1302420088,,,,,,,,,,,"Elsenstraße 7-9, 12623 Berlin",Elsenstraße,7-9,12623,Berlin,,,,,,,,,,True,52.50108067304816,13.610162264845815,True,True
1304329868,11009009,Treptow-Kolleg,52.468527950429184,13.483982105426673,"POLYGON ((13.4830704 52.4685687, 13.4841279 52.4691264, 13.4843332 52.4692526, 13.4847551 52.4690059, 13.4840191 52.4686148, 13.4844689 52.4683563, 13.4845845 52.4682889, 13.4846999 52.4680426, 13.4845472 52.4680169, 13.4844237 52.4679968, 13.4843309 52.4679817, 13.4839345 52.4679184, 13.4833678 52.4683134, 13.4834116 52.4683376, 13.483246 52.4684497, 13.4830704 52.4685687))",0903,Treptow-Köpenick,Baumschulenweg,OSM,OSM_SCHOOLS,09A05,OSM_SCHOOLS,way:1304329868,Treptow-Kolleg,,,,,,,,,,"Kiefholzstraße 274, 12437 Berlin",Kiefholzstraße,274,12437,Berlin,,,,,+49 30 5329141,schulleitung@treptow-kolleg.de,,,,True,52.468527950429184,13.483982105426673,True,True
1319955194,11005005,Klosterfeld-Grundschule,52.538359283915675,13.179760492239739,"POLYGON ((13.1792689 52.5387368, 13.179303 52.538792, 13.1793039 52.5387942, 13.1793349 52.5388451, 13.1795384 52.5388001, 13.1797467 52.538766, 13.1799009 52.5387331, 13.1803074 52.5386239, 13.1804611 52.5385983, 13.1804447 52.5385019, 13.1803677 52.5380413, 13.1803523 52.5379481, 13.1803401 52.5378941, 13.1790242 52.5381096, 13.179035 52.5381642, 13.1790527 52.5382733, 13.1790812 52.5384194, 13.1792426 52.5386939, 13.1792689 52.5387368))",0508,Spandau,Falkenhagener Feld,OSM,OSM_SCHOOLS,05G04,OSM_SCHOOLS,way:1319955194,Klosterfeld-Grundschule,,,,,,,,,,"Seegefelder Straße 125-131, 13583 Berlin",Seegefelder Straße,125-131,13583,Berlin,,,,,+49 30 37899040,,http://www.klosterfeld-grundschule.de,,,True,52.538359283915675,13.179760492239739,True,True
1326258416,11002002,SPI Fachschulen,52.499024666505235,13.38651314828658,"POLYGON ((13.386426 52.4991063, 13.3863578 52.4990015, 13.3866002 52.498943, 13.3866398 52.4990038, 13.3866685 52.4990479, 13.3864878 52.4990914, 13.386426 52.4991063))",0202,Friedrichshain-Kreuzberg,Kreuzberg,OSM,OSM_SCHOOLS,07P12,OSM_SCHOOLS,way:1326258416,SPI Fachschulen,,,,,,,,,,"Hallesches Ufer 32, 10963 Berlin",Hallesches Ufer,32,10963,Berlin,Stiftung SPI,,,,,,https://www.spi-fachschulen.de/,,,True,52.499024666505235,13.38651314828658,True,True
1328997660,11011011,Seepark-Grundschule,52.48358140956545,13.511324381740337,"POLYGON ((13.5123769 52.4836737, 13.5121935 52.4832782, 13.5121012 52.4830811, 13.5102762 52.4833974, 13.5105788 52.4840449, 13.5105836 52.484089, 13.5111106 52.4840178, 13.5115846 52.4839156, 13.5118995 52.4838339, 13.5123769 52.4836737))",1102,Lichtenberg,Karlshorst,OSM,OSM_SCHOOLS,11G37,OSM_SCHOOLS,way:1328997660,Seepark-Grundschule,,,,,,,,,,"Blockdammweg, 10318 Berlin",Blockdammweg,,10318,Berlin,,,,,,,https://37-grundschule-lichtenberg.de,,,True,52.48358140956545,13.511324381740337,True,True
1353927797,11008008,,52.424212128146095,13.461928536322977,"POLYGON ((13.4607862 52.4240187, 13.4609137 52.4242147, 13.4610002 52.424348, 13.4612045 52.4246655, 13.4612374 52.4247151, 13.4615309 52.4248943, 13.462484 52.42454, 13.4624756 52.424531, 13.462699 52.424452, 13.4627727 52.4245298, 13.462989 52.4244521, 13.4629428 52.4243807, 13.4630655 52.4243459, 13.4629039 52.424109, 13.4628367 52.4240105, 13.4628014 52.4239546, 13.4625893 52.423618, 13.462478 52.4235698, 13.4612346 52.4238785, 13.4610529 52.423927, 13.461042 52.4239306, 13.4608777 52.4239858, 13.4607862 52.4240187))",0805,Neukölln,Gropiusstadt,OSM,OSM_SCHOOLS,,OSM_SCHOOLS,way:1353927797,,,,,,,,,,,,,,,,,,,,,,,,,True,52.424212128146095,13.461928536322977,True,True
1353928306,11008008,Katholische Schule Sankt Marien,52.423912214903076,13.462030561053858,"POLYGON ((13.4610546 52.4239512, 13.4610868 52.4240068, 13.4611109 52.4240085, 13.4611243 52.4240526, 13.4611619 52.4240772, 13.4611431 52.4240903, 13.4611833 52.4241491, 13.4612879 52.4241279, 13.4612906 52.4241066, 13.4613496 52.4241034, 13.4613845 52.4240854, 13.4614113 52.4240968, 13.4615079 52.4240706, 13.4614946 52.4240437, 13.4614757 52.4240052, 13.4614585 52.4240052, 13.4614726 52.4239939, 13.4614965 52.4240078, 13.4615335 52.4240012, 13.4615629 52.4239913, 13.4615662 52.4239793, 13.4615874 52.4239777, 13.4616128 52.4240155, 13.4620868 52.4238967, 13.4623008 52.4242155, 13.4625741 52.4241482, 13.4624727 52.424002, 13.4625465 52.4239866, 13.4625664 52.4240122, 13.4627194 52.423974, 13.4625248 52.4236866, 13.4625721 52.4236762, 13.4625296 52.4236113, 13.4621539 52.4237063, 13.4621202 52.4236602, 13.4620063 52.4236901, 13.4620372 52.4237358, 13.4615115 52.4238646, 13.4615416 52.4239095, 13.4615259 52.4239136, 13.4615042 52.4238977, 13.4614726 52.423911, 13.4614367 52.4239163, 13.4614367 52.4239335, 13.461414 52.4239251, 13.4613657 52.4238645, 13.4612745 52.4238907, 13.4612665 52.4239169, 13.4612209 52.4239136, 13.4611807 52.4239332, 13.4611538 52.4239185, 13.4610546 52.4239512))",0805,Neukölln,Gropiusstadt,OSM,OSM_SCHOOLS,08P02,OSM_SCHOOLS,way:1353928306,Katholische Schule Sankt Marien,,,,,,,,,,"Hugo-Heimann-Straße 2, 12353 Berlin",Hugo-Heimann-Straße,2,12353,Berlin,Erzbistum Berlin,,,,,,https://marien-grundschule.de,,,True,52.423912214903076,13.462030561053858,True,True
1370894859,11010010,,52.522444095257136,13.532242927605855,"POLYGON ((13.5317852 52.5228357, 13.532053 52.5229887, 13.5330286 52.5227578, 13.5324849 52.5219136, 13.5316036 52.5219861, 13.5317852 52.5228357))",1001,Marzahn-Hellersdorf,Marzahn,OSM,OSM_SCHOOLS,,OSM_SCHOOLS,way:1370894859,,,,,,,,,,,,,,,,,,,,,,,,,True,52.522444095257136,13.532242927605855,True,True
1380585744,11010010,Baustelle der ISS Chemnitzer Straße,52.49856152173653,13.57579086270167,"POLYGON ((13.5771542 52.4990232, 13.5749231 52.4991986, 13.5744135 52.4981666, 13.5765906 52.4978676, 13.5771542 52.4990232))",1003,Marzahn-Hellersdorf,Kaulsdorf,OSM,OSM_SCHOOLS,10Kn11,OSM_SCHOOLS,way:1380585744,Baustelle der ISS Chemnitzer Straße,,,,,,,,,,"Chemnitzer Straße 80-92, 12621 Berlin",Chemnitzer Straße,80-92,12621,Berlin,,,,,,,,,,True,52.49856152173653,13.57579086270167,True,True
1425958852,11012012,Franz-Marc-Grundschule,52.58826116982553,13.28301754863836,"POLYGON ((13.2825116 52.5883166, 13.2826586 52.5880907, 13.2826506 52.5880887, 13.2827077 52.5879997, 13.2832299 52.5881244, 13.2832894 52.5881388, 13.2834591 52.5881797, 13.2833982 52.5883972, 13.2834564 52.5885387, 13.2825116 52.5883166))",1202,Reinickendorf,Tegel,OSM,OSM_SCHOOLS,,OSM_SCHOOLS,way:1425958852,Franz-Marc-Grundschule,,,,,,,,,,"Treskowstraße 26-31, 13507 Berlin",Treskowstraße,26-31,13507,Berlin,Bezirksamt Reinickendorf von Berlin,,,,,,https://www.fmg-tegel.de/,,,True,52.58826116982553,13.28301754863836,True,True
1425959480,11012012,Julius-Leber-Schule,52.58864456314565,13.282865179204222,"POLYGON ((13.2822213 52.5887581, 13.2822979 52.5886387, 13.2823023 52.5886394, 13.2823742 52.5885315, 13.2823683 52.5885289, 13.2825053 52.5883151, 13.2825116 52.5883166, 13.282752 52.5883727, 13.2834564 52.5885387, 13.2835027 52.5886511, 13.2833353 52.5888215, 13.2832108 52.5889468, 13.2825061 52.5888242, 13.2822213 52.5887581))",1202,Reinickendorf,Tegel,OSM,OSM_SCHOOLS,,OSM_SCHOOLS,way:1425959480,Julius-Leber-Schule,,,,,,,,,,"Treskowstraße 26-31, 13507 Berlin",Treskowstraße,26-31,13507,Berlin,Bezirksamt Reinickendorf von Berlin,,,,,,https://www.jls-berlin.de,,,True,52.58864456314565,13.282865179204222,True,True
1425959481,11012012,,52.58893612135365,13.28263592850635,"POLYGON ((13.2820933 52.5889578, 13.2821969 52.5887962, 13.2822213 52.5887581, 13.2825061 52.5888242, 13.2832108 52.5889468, 13.2831761 52.5890826, 13.2827434 52.5890376, 13.2825581 52.589017, 13.2824927 52.5890095, 13.2823915 52.5890001, 13.2822777 52.588983, 13.2820933 52.5889578))",1202,Reinickendorf,Tegel,OSM,OSM_SCHOOLS,,OSM_SCHOOLS,way:1425959481,,,,,,,,,,,,,,,,,,,,,,,,,True,52.58893612135365,13.28263592850635,True,True
1427874087,11008008,Schulgarten,52.44578041957178,13.425536033173417,"POLYGON ((13.4253544 52.4459283, 13.4257484 52.4459355, 13.4257495 52.4456809, 13.4253302 52.4455871, 13.4253544 52.4459283))",0802,Neukölln,Britz,OSM,OSM_SCHOOLS,,OSM_SCHOOLS,way:1427874087,Schulgarten,,,,,,,,,,,,,,,37. Grundschule in Neukölln,,,,,,,,,True,52.44578041957178,13.425536033173417,True,True
1445309251,11003003,Freie Naturschule im StadtGut,52.61759657102431,13.392343303994647,"POLYGON ((13.3927818 52.6179757, 13.3923946 52.6179111, 13.3924259 52.6177798, 13.3917111 52.6176638, 13.3917702 52.6175145, 13.3918811 52.6172259, 13.3925129 52.6174063, 13.3927407 52.6175037, 13.3929625 52.6175301, 13.3927818 52.6179757))",0308,Pankow,Blankenfelde,OSM,OSM_SCHOOLS,,OSM_SCHOOLS,way:1445309251,Freie Naturschule im StadtGut,,,,,,,,,,"Hauptstraße 26, 13159 Berlin",Hauptstraße,26,13159,Berlin,,,,,,kontakt@freie-naturschule-stadtgut.de,https://freie-naturschule-stadtgut.de,,,True,52.61759657102431,13.392343303994647,True,True
