{
"type": "FeatureCollection",
"name": "berlin_lakes_clean",
"crs": { "type": "name", "properties": { "name": "urn:ogc:def:crs:OGC:1.3:CRS84" } },
"features": [
{ "type": "Feature", "properties": { "name": "Jungfernheideteich", "name_norm": "jungfernheideteich", "natural": "water", "water": "pond", "wikidata": "Q63887019", "area_sqkm": 0.068416058812552222, "centroid_lon": 13.278930382099785, "centroid_lat": 52.543856172682297 }, "geometry": { "type": "Polygon", "coordinates": [ [ [ 13.2758811, 52.543294 ], [ 13.2759361, 52.543284 ], [ 13.2760595, 52.5432617 ], [ 13.276195, 52.5433104 ], [ 13.2763385, 52.5432888 ], [ 13.2763909, 52.5432496 ], [ 13.2764849, 52.543225 ], [ 13.2777244, 52.5431125 ], [ 13.2777733, 52.5430895 ], [ 13.2777797, 52.5428216 ], [ 13.2792461, 52.542820099999986 ], [ 13.2818451, 52.5428175 ], [ 13.2818649, 52.5430145 ], [ 13.2818886, 52.5430411 ], [ 13.2820335, 52.5430514 ], [ 13.2822509, 52.543057299999987 ], [ 13.2824296, 52.5430823 ], [ 13.28265, 52.5431529 ], [ 13.2828237, 52.54327 ], [ 13.2829126, 52.5433969 ], [ 13.2829996, 52.5434133 ], [ 13.2831251, 52.5434568 ], [ 13.2834404, 52.54373540000001 ], [ 13.2835115, 52.5439062 ], [ 13.283495, 52.5439996 ], [ 13.2832916, 52.544159 ], [ 13.2831042, 52.5442996 ], [ 13.2829145, 52.5443028 ], [ 13.2828701, 52.5444379 ], [ 13.2827363, 52.544556900000011 ], [ 13.282588, 52.5446189 ], [ 13.2824311, 52.5446538 ], [ 13.2818364, 52.5446531 ], [ 13.2818299, 52.5448954 ], [ 13.2808126, 52.5449016 ], [ 13.2777828, 52.5448861 ], [ 13.2777995, 52.5446003 ], [ 13.2770836, 52.544546 ], [ 13.2764402, 52.5444884 ], [ 13.2763942, 52.5444656 ], [ 13.2763526, 52.5444231 ], [ 13.2762748, 52.5444028 ], [ 13.2762051, 52.5444003 ], [ 13.276138, 52.5444085 ], [ 13.2760937, 52.5444248 ], [ 13.2760401, 52.5444346 ], [ 13.2759417, 52.5444285 ], [ 13.2758238, 52.5444476 ], [ 13.2754052, 52.5443911 ], [ 13.2753735, 52.5444035 ], [ 13.2753412, 52.5444104 ], [ 13.2753071, 52.5443999 ], [ 13.2752981, 52.5443672 ], [ 13.2751172, 52.5442521 ], [ 13.2749566, 52.5441207 ], [ 13.2748908, 52.5440242 ], [ 13.2748588, 52.5439207 ], [ 13.2748497, 52.5438398 ], [ 13.2748697, 52.543758 ], [ 13.2748913, 52.5436906 ], [ 13.2749321, 52.5436243 ], [ 13.2750453, 52.543531 ], [ 13.2751168, 52.5434885 ], [ 13.2752052, 52.543449 ], [ 13.2753846, 52.543390100000011 ], [ 13.2758811, 52.543294 ] ], [ [ 13.2786998, 52.5440888 ], [ 13.2786991, 52.544704 ], [ 13.281314, 52.5447051 ], [ 13.2813144, 52.5444028 ], [ 13.2816527, 52.5444029 ], [ 13.281831, 52.5442913 ], [ 13.281832, 52.5434256 ], [ 13.2816619, 52.5433189 ], [ 13.2813062, 52.5433187 ], [ 13.2813066, 52.5430059 ], [ 13.2787521, 52.5430049 ], [ 13.2787517, 52.543318199999987 ], [ 13.2788268, 52.543318199999987 ], [ 13.2790022, 52.5434538 ], [ 13.2790015, 52.5440889 ], [ 13.2786998, 52.5440888 ] ] ] } },
{ "type": "Feature", "properties": { "name": "Spandauer See", "name_norm": "spandauer see", "natural": "water", "water": "lake", "wikidata": "Q63284050", "area_sqkm": 1.0773033997559898, "centroid_lon": 13.219207081051989, "centroid_lat": 52.550212745042657 }, "geometry": { "type": "Polygon", "coordinates": [ [ [ 13.2090172, 52.5412058 ], [ 13.2090069, 52.5412462 ], [ 13.2090696, 52.5412489 ], [ 13.209146, 52.540966 ], [ 13.2091826, 52.54097 ], [ 13.20922, 52.540974 ], [ 13.2091828, 52.541235 ], [ 13.2091292, 52.5414823 ], [ 13.2090234, 52.541996 ], [ 13.2090366, 52.542224600000011 ], [ 13.2091394, 52.5424979 ], [ 13.2094398, 52.5427427 ], [ 13.209762, 52.542853699999988 ], [ 13.210272, 52.5427639 ], [ 13.2108084, 52.5427672 ], [ 13.2108173, 52.5428144 ], [ 13.2110849, 52.5428579 ], [ 13.2112033, 52.5428964 ], [ 13.211389, 52.5429189 ], [ 13.2115938, 52.5428462 ], [ 13.211737, 52.5429028 ], [ 13.2118152, 52.5429392 ], [ 13.2117453, 52.5432362 ], [ 13.2118041, 52.5433316 ], [ 13.2119095, 52.5434445 ], [ 13.2120293, 52.543529599999985 ], [ 13.2120556, 52.5435538 ], [ 13.2121645, 52.543577199999987 ], [ 13.2121982, 52.543569 ], [ 13.2123381, 52.54357 ], [ 13.2124071, 52.5435208 ], [ 13.2124335, 52.5434689 ], [ 13.2126985, 52.5432242 ], [ 13.2129909, 52.5431483 ], [ 13.2130599, 52.5431104 ], [ 13.2131442, 52.542995899999987 ], [ 13.2130901, 52.5429803 ], [ 13.2133074, 52.54273340000001 ], [ 13.2134986, 52.542426 ], [ 13.2145466, 52.5427254 ], [ 13.2145422, 52.5417654 ], [ 13.2155711, 52.5412486 ], [ 13.2160397, 52.54106419999998 ], [ 13.2162905, 52.5410198 ], [ 13.2172468, 52.5410795 ], [ 13.2172908, 52.5413048 ], [ 13.2181614, 52.5413867 ], [ 13.2183581, 52.5415742 ], [ 13.2187389, 52.541648299999984 ], [ 13.2188269, 52.5416215 ], [ 13.2189768, 52.5416616 ], [ 13.2196248, 52.5414165 ], [ 13.2199582, 52.5413321 ], [ 13.2199971, 52.541337 ], [ 13.2200976, 52.5413032 ], [ 13.2201058, 52.541139599999987 ], [ 13.2200711, 52.5410118 ], [ 13.2200859, 52.540987 ], [ 13.2201041, 52.5409248 ], [ 13.2202121, 52.540917399999984 ], [ 13.2203456, 52.5411478 ], [ 13.2203502, 52.5411696 ], [ 13.2203847, 52.5411859 ], [ 13.2204302, 52.5411858 ], [ 13.2204719, 52.541158599999989 ], [ 13.2207097, 52.5409248 ], [ 13.2208455, 52.5409262 ], [ 13.2207594, 52.5415734 ], [ 13.2206868, 52.5415719 ], [ 13.2206739, 52.5417987 ], [ 13.2207956, 52.5420807 ], [ 13.2204574, 52.5422292 ], [ 13.2207393, 52.542345699999984 ], [ 13.221074, 52.542476199999982 ], [ 13.2207565, 52.542528399999988 ], [ 13.2209945, 52.5428928 ], [ 13.2210834, 52.5429585 ], [ 13.2211775, 52.5432031 ], [ 13.2211029, 52.5432245 ], [ 13.2211427, 52.5432754 ], [ 13.2212016, 52.5432647 ], [ 13.221553, 52.5434444 ], [ 13.2217269, 52.5437762 ], [ 13.2218289, 52.5439476 ], [ 13.2219733, 52.5440308 ], [ 13.2221306, 52.5441115 ], [ 13.2221516, 52.5442363 ], [ 13.2221573, 52.5442701 ], [ 13.2221642, 52.544311 ], [ 13.2220478, 52.5444381 ], [ 13.2216896, 52.544488 ], [ 13.2217778, 52.54459030000001 ], [ 13.2221212, 52.544559 ], [ 13.2220525, 52.5446738 ], [ 13.2217286, 52.544729699999984 ], [ 13.2218293, 52.5449244 ], [ 13.2219971, 52.5449803 ], [ 13.2219132, 52.5450628 ], [ 13.2224397, 52.54518 ], [ 13.222705, 52.5451621 ], [ 13.2229255, 52.5453388 ], [ 13.2225589, 52.5454371 ], [ 13.2224899, 52.5454799 ], [ 13.2224772, 52.5456044 ], [ 13.2225651, 52.5457193 ], [ 13.2226269, 52.545793 ], [ 13.222637, 52.5459864 ], [ 13.2227063, 52.5461254 ], [ 13.2228263, 52.5462523 ], [ 13.2231025, 52.5464522 ], [ 13.2232092, 52.5465157 ], [ 13.2232774, 52.5466004 ], [ 13.2233314, 52.5466468 ], [ 13.2234515, 52.5467616 ], [ 13.223503, 52.54687650000001 ], [ 13.2234868, 52.547267 ], [ 13.2234859, 52.5472888 ], [ 13.2234787, 52.547420799999983 ], [ 13.2236173, 52.5475497 ], [ 13.223653, 52.5476254 ], [ 13.2237114, 52.5476824 ], [ 13.2237187, 52.5477298 ], [ 13.2236292, 52.5477421 ], [ 13.2239348, 52.5484983 ], [ 13.2239401, 52.5486195 ], [ 13.2238565, 52.5486386 ], [ 13.2236775, 52.5486784 ], [ 13.2235567, 52.5486742 ], [ 13.2234038, 52.5486868 ], [ 13.223263, 52.5486848 ], [ 13.2231393, 52.5486897 ], [ 13.2230819, 52.548698299999984 ], [ 13.2230564, 52.5487166 ], [ 13.2230584, 52.5487488 ], [ 13.2230584, 52.5488206 ], [ 13.2230641, 52.5488378 ], [ 13.2230935, 52.548882399999989 ], [ 13.2231382, 52.5488923 ], [ 13.2231979, 52.5489017 ], [ 13.2234963, 52.5488903 ], [ 13.2236834, 52.548896 ], [ 13.2238048, 52.548876 ], [ 13.2239065, 52.5489291 ], [ 13.2237388, 52.549647 ], [ 13.2236796, 52.549881 ], [ 13.223631, 52.5498937 ], [ 13.2235885, 52.5499416 ], [ 13.2235802, 52.5500292 ], [ 13.2235811, 52.5500774 ], [ 13.2236393, 52.5501085 ], [ 13.2236553, 52.5501329 ], [ 13.2236398, 52.5502188 ], [ 13.2236151, 52.5502597 ], [ 13.2234221, 52.5505084 ], [ 13.2231783, 52.5508568 ], [ 13.223155, 52.551547 ], [ 13.2231361, 52.5517949 ], [ 13.2231093, 52.5518559 ], [ 13.2230777, 52.5520693 ], [ 13.2230426, 52.5523267 ], [ 13.2234991, 52.5524756 ], [ 13.2235067, 52.5525102 ], [ 13.2235492, 52.5525112 ], [ 13.2235944, 52.5526272 ], [ 13.2235907, 52.5528675 ], [ 13.2235761, 52.5529535 ], [ 13.2235965, 52.5531588 ], [ 13.2236375, 52.5532277 ], [ 13.2236687, 52.553264 ], [ 13.2237144, 52.553321 ], [ 13.2237507, 52.5533873 ], [ 13.223747, 52.5534003 ], [ 13.223554, 52.553434399999986 ], [ 13.223489, 52.5534619 ], [ 13.2234447, 52.5534882 ], [ 13.2234624, 52.5540213 ], [ 13.2234845, 52.5540861 ], [ 13.2235435, 52.5541594 ], [ 13.223556, 52.5541765 ], [ 13.223563, 52.554184 ], [ 13.223574, 52.554192 ], [ 13.223581, 52.554192 ], [ 13.223619, 52.554218 ], [ 13.223617, 52.554249 ], [ 13.223617, 52.554256 ], [ 13.223617, 52.554276 ], [ 13.223582, 52.554276 ], [ 13.223568, 52.554279 ], [ 13.223563, 52.554298 ], [ 13.223561, 52.554317 ], [ 13.2235582, 52.5543413 ], [ 13.223556, 52.554359 ], [ 13.223549, 52.554413 ], [ 13.223541, 52.554451 ], [ 13.223527, 52.554508 ], [ 13.223517, 52.554543 ], [ 13.223493, 52.554634 ], [ 13.223475, 52.554703 ], [ 13.223473, 52.554714 ], [ 13.223455, 52.554775 ], [ 13.223453, 52.55479 ], [ 13.223447, 52.554806 ], [ 13.2234178, 52.5549331 ], [ 13.2234296, 52.5550964 ], [ 13.2236798, 52.5553492 ], [ 13.2237986, 52.5555958 ], [ 13.224096, 52.5555428 ], [ 13.2243379, 52.5566422 ], [ 13.2244694, 52.55724 ], [ 13.2245634, 52.557491 ], [ 13.2244306, 52.5575115 ], [ 13.2245617, 52.5578204 ], [ 13.2246681, 52.5578059 ], [ 13.2249368, 52.558589 ], [ 13.2248665, 52.5590867 ], [ 13.2248763, 52.5591771 ], [ 13.2248963, 52.55923940000001 ], [ 13.2251204, 52.559523 ], [ 13.2253515, 52.5596522 ], [ 13.2254863, 52.5597212 ], [ 13.2256997, 52.5597065 ], [ 13.2266723, 52.559543 ], [ 13.2276709, 52.5600715 ], [ 13.2276669, 52.560088 ], [ 13.227157, 52.560169 ], [ 13.2267965, 52.5602299 ], [ 13.2267555, 52.5602319 ], [ 13.2266449, 52.5602613 ], [ 13.2265865, 52.5602846 ], [ 13.2265888, 52.5603316 ], [ 13.226625, 52.5603575 ], [ 13.2266831, 52.5603764 ], [ 13.2267495, 52.5603836 ], [ 13.2268075, 52.5604078 ], [ 13.226834, 52.5604171 ], [ 13.2269733, 52.5605203 ], [ 13.2270165, 52.5605454 ], [ 13.227074, 52.560567499999983 ], [ 13.2277849, 52.5606666 ], [ 13.2280386, 52.560687599999987 ], [ 13.2282948, 52.5607002 ], [ 13.2285434, 52.5607029 ], [ 13.2288742, 52.5606964 ], [ 13.2292369, 52.5606719 ], [ 13.2294848, 52.560640399999983 ], [ 13.2296253, 52.5606199 ], [ 13.2300857, 52.5605406 ], [ 13.2304224, 52.5604605 ], [ 13.2306876, 52.5603828 ], [ 13.2309429, 52.56029430000001 ], [ 13.2311434, 52.5602113 ], [ 13.2313935, 52.5600892 ], [ 13.2316444, 52.5602807 ], [ 13.2318715, 52.5604659 ], [ 13.2311772, 52.560799 ], [ 13.22611, 52.5634 ], [ 13.226083, 52.563358 ], [ 13.226053, 52.563316 ], [ 13.226051, 52.563297 ], [ 13.226048, 52.56329 ], [ 13.22604, 52.563278 ], [ 13.22602, 52.563251 ], [ 13.225989, 52.563217 ], [ 13.225958, 52.563179 ], [ 13.22595, 52.563168 ], [ 13.22594, 52.563152 ], [ 13.225923, 52.563122 ], [ 13.225907, 52.563095 ], [ 13.225899, 52.563084 ], [ 13.225873, 52.563053 ], [ 13.225841, 52.563015 ], [ 13.225803, 52.562977 ], [ 13.225796, 52.562965 ], [ 13.225788, 52.562946 ], [ 13.22578, 52.562916 ], [ 13.225778, 52.562904 ], [ 13.225764, 52.562904 ], [ 13.2256978, 52.562908 ], [ 13.225688, 52.562901 ], [ 13.225677, 52.562889 ], [ 13.225672, 52.562881 ], [ 13.225668, 52.562878 ], [ 13.225665, 52.562874 ], [ 13.22566, 52.562866 ], [ 13.225657, 52.562859 ], [ 13.225656, 52.562843 ], [ 13.225653, 52.562801 ], [ 13.22565, 52.562775 ], [ 13.225646, 52.562763 ], [ 13.225631, 52.562717 ], [ 13.225616, 52.562679 ], [ 13.2255931, 52.5626387 ], [ 13.2249519, 52.5627118 ], [ 13.2249449, 52.5627664 ], [ 13.2248399, 52.5627613 ], [ 13.2248161, 52.5625027 ], [ 13.2250837, 52.5625055 ], [ 13.225524, 52.5624898 ], [ 13.225522, 52.562454 ], [ 13.225526, 52.562443 ], [ 13.225523, 52.562431 ], [ 13.225504, 52.562378 ], [ 13.225491, 52.562347 ], [ 13.225398, 52.562214 ], [ 13.225395, 52.562214 ], [ 13.225389, 52.562206 ], [ 13.22538, 52.562202 ], [ 13.225368, 52.562199 ], [ 13.225361, 52.562199 ], [ 13.225327, 52.56218 ], [ 13.225309, 52.562176 ], [ 13.225286, 52.562172 ], [ 13.225275, 52.562168 ], [ 13.225258, 52.562168 ], [ 13.225229, 52.562164 ], [ 13.225218, 52.562164 ], [ 13.224359, 52.562038 ], [ 13.224299, 52.562027 ], [ 13.224251, 52.562016 ], [ 13.224204, 52.562 ], [ 13.2241411, 52.561985099999987 ], [ 13.224106, 52.561977 ], [ 13.224005, 52.561939 ], [ 13.223954, 52.561924 ], [ 13.223751, 52.561848 ], [ 13.223685, 52.561825 ], [ 13.223687, 52.561802 ], [ 13.223684, 52.561787 ], [ 13.22368, 52.561779 ], [ 13.223664, 52.56176 ], [ 13.223655, 52.561752 ], [ 13.223652, 52.561749 ], [ 13.223632, 52.561729 ], [ 13.2236, 52.561695 ], [ 13.22357, 52.561661 ], [ 13.223536, 52.561626 ], [ 13.223532, 52.561619 ], [ 13.223527, 52.561604 ], [ 13.223524, 52.561596 ], [ 13.223507, 52.561573 ], [ 13.223482, 52.561527 ], [ 13.223472, 52.561504 ], [ 13.223467, 52.561489 ], [ 13.223466, 52.561481 ], [ 13.223467, 52.56147 ], [ 13.223484, 52.561405 ], [ 13.223495, 52.561371 ], [ 13.223512, 52.561325 ], [ 13.223528, 52.561283 ], [ 13.223538, 52.561272 ], [ 13.223544, 52.561264 ], [ 13.223547, 52.561249 ], [ 13.223549, 52.561241 ], [ 13.223559, 52.561218 ], [ 13.223567, 52.561207 ], [ 13.223604, 52.561165 ], [ 13.223636, 52.561134 ], [ 13.22364, 52.561127 ], [ 13.223647, 52.561115 ], [ 13.223652, 52.561111 ], [ 13.22366, 52.561108 ], [ 13.223665, 52.561104 ], [ 13.223677, 52.561104 ], [ 13.223686, 52.5611 ], [ 13.223705, 52.561081 ], [ 13.22375, 52.560982 ], [ 13.223763, 52.560944 ], [ 13.223788, 52.560879 ], [ 13.223807, 52.560825 ], [ 13.223824, 52.560791 ], [ 13.22384, 52.560768 ], [ 13.223869, 52.560734 ], [ 13.223892, 52.560703 ], [ 13.22391, 52.560673 ], [ 13.223916, 52.560658 ], [ 13.22392, 52.560642 ], [ 13.223927, 52.560623 ], [ 13.223932, 52.560604 ], [ 13.22394, 52.560589 ], [ 13.223941, 52.560577 ], [ 13.223939, 52.560566 ], [ 13.223931, 52.560551 ], [ 13.223916, 52.560532 ], [ 13.223911, 52.560528 ], [ 13.2239061, 52.5604759 ], [ 13.2238349, 52.560388499999988 ], [ 13.223656, 52.5603773 ], [ 13.2234439, 52.560430599999989 ], [ 13.2230968, 52.5602145 ], [ 13.2227317, 52.560063499999984 ], [ 13.2224635, 52.5600386 ], [ 13.2219892, 52.5595473 ], [ 13.2219633, 52.5595191 ], [ 13.2218121, 52.559521 ], [ 13.2215077, 52.559171 ], [ 13.2214853, 52.5591004 ], [ 13.2214744, 52.5590703 ], [ 13.2213436, 52.558711099999989 ], [ 13.2212548, 52.5584673 ], [ 13.2210794, 52.5579638 ], [ 13.2211586, 52.5578908 ], [ 13.2211903, 52.557635099999985 ], [ 13.221361, 52.5574807 ], [ 13.2214428, 52.557361399999984 ], [ 13.2214527, 52.5572879 ], [ 13.2214012, 52.5572064 ], [ 13.2212109, 52.557042 ], [ 13.2206933, 52.5567712 ], [ 13.220304, 52.5564627 ], [ 13.2200774, 52.5563033 ], [ 13.2201476, 52.556285 ], [ 13.2201391, 52.5562756 ], [ 13.2200149, 52.5560445 ], [ 13.2199479, 52.5560633 ], [ 13.2199396, 52.5560542 ], [ 13.2198386, 52.5560106 ], [ 13.2196376, 52.5558846 ], [ 13.2194001, 52.5557083 ], [ 13.2193308, 52.5556417 ], [ 13.2192724, 52.5555418 ], [ 13.2191779, 52.555342099999983 ], [ 13.2192081, 52.5552669 ], [ 13.2191879, 52.5551623 ], [ 13.2191231, 52.5550359 ], [ 13.219046, 52.5549959 ], [ 13.219017, 52.554958 ], [ 13.2190087, 52.554931 ], [ 13.218997, 52.554893 ], [ 13.218994, 52.554886 ], [ 13.2189917, 52.5548788 ], [ 13.2189563, 52.5547692 ], [ 13.2181098, 52.5549076 ], [ 13.218102, 52.554909099999989 ], [ 13.2179583, 52.5549574 ], [ 13.2178175, 52.5553184 ], [ 13.2159723, 52.5553357 ], [ 13.2159771, 52.5553074 ], [ 13.2160057, 52.5552789 ], [ 13.2160224, 52.555228 ], [ 13.2160382, 52.5551585 ], [ 13.2160531, 52.5550771 ], [ 13.2160512, 52.5550291 ], [ 13.216054, 52.5549709 ], [ 13.2160434, 52.554918199999989 ], [ 13.2161506, 52.5549124 ], [ 13.2161425, 52.5548509 ], [ 13.2161386, 52.5548215 ], [ 13.2162435, 52.5545467 ], [ 13.2162318, 52.5544964 ], [ 13.2163029, 52.55449 ], [ 13.2162929, 52.5544503 ], [ 13.2162787, 52.5544006 ], [ 13.2162527, 52.5544032 ], [ 13.2162247, 52.5543117 ], [ 13.2161679, 52.554131 ], [ 13.2161487, 52.5539909 ], [ 13.2161412, 52.5539389 ], [ 13.2161451, 52.5539206 ], [ 13.2159707, 52.5535483 ], [ 13.2157441, 52.552849 ], [ 13.215677, 52.5527146 ], [ 13.2156072, 52.5520566 ], [ 13.2150166, 52.550879 ], [ 13.2141415, 52.5492054 ], [ 13.2135669, 52.5485919 ], [ 13.2135033, 52.548542299999987 ], [ 13.2134164, 52.5484426 ], [ 13.2133484, 52.5483671 ], [ 13.2133027, 52.5483164 ], [ 13.2131976, 52.5482145 ], [ 13.2131013, 52.5480295 ], [ 13.2129332, 52.5477165 ], [ 13.2129902, 52.5477034 ], [ 13.2128312, 52.547425 ], [ 13.2128009, 52.5473183 ], [ 13.2127794, 52.5472952 ], [ 13.2127579, 52.5472836 ], [ 13.212743, 52.5472816 ], [ 13.2127231, 52.5472851 ], [ 13.2126182, 52.5470583 ], [ 13.2126002, 52.5470195 ], [ 13.2125526, 52.5469167 ], [ 13.2124776, 52.5468547 ], [ 13.2121016, 52.5462081 ], [ 13.212082, 52.5461853 ], [ 13.2120642, 52.5461697 ], [ 13.2120476, 52.5461581 ], [ 13.2120268, 52.5461476 ], [ 13.2120059, 52.5461388 ], [ 13.2119763, 52.5461298 ], [ 13.2119041, 52.5461339 ], [ 13.2118594, 52.5461416 ], [ 13.2118057, 52.5460632 ], [ 13.2115026, 52.5457715 ], [ 13.2114, 52.5456727 ], [ 13.2111686, 52.5453893 ], [ 13.2110834, 52.5452842 ], [ 13.2110281, 52.5452161 ], [ 13.2109614, 52.5451338 ], [ 13.2110318, 52.5451049 ], [ 13.2106316, 52.544662299999985 ], [ 13.2105889, 52.544505299999983 ], [ 13.2105174, 52.5442572 ], [ 13.2101704, 52.5438791 ], [ 13.2099205, 52.5436805 ], [ 13.2098583, 52.5436487 ], [ 13.2097587, 52.5436239 ], [ 13.2097123, 52.543599 ], [ 13.2095747, 52.5435622 ], [ 13.209148, 52.543497 ], [ 13.2088632, 52.5433414 ], [ 13.2084185, 52.5430995 ], [ 13.2084003, 52.5430867 ], [ 13.2082369, 52.5429551 ], [ 13.2081004, 52.5427707 ], [ 13.2080102, 52.542609599999984 ], [ 13.2079696, 52.542502 ], [ 13.2079333, 52.5423953 ], [ 13.2079197, 52.5422969 ], [ 13.207949, 52.54224150000001 ], [ 13.2079527, 52.5421867 ], [ 13.2079638, 52.5421283 ], [ 13.207978, 52.5420391 ], [ 13.2079801, 52.542002 ], [ 13.2079822, 52.5419644 ], [ 13.208029, 52.541693 ], [ 13.2081105, 52.5415609 ], [ 13.2082523, 52.5414021 ], [ 13.2081802, 52.5412904 ], [ 13.2081106, 52.5412365 ], [ 13.2080622, 52.5411352 ], [ 13.2080767, 52.540927 ], [ 13.2080145, 52.5407799 ], [ 13.2079169, 52.5407147 ], [ 13.207611, 52.54057490000001 ], [ 13.2074737, 52.5405154 ], [ 13.2074405, 52.5404512 ], [ 13.2072796, 52.5404085 ], [ 13.2072074, 52.5403409 ], [ 13.2071522, 52.5403173 ], [ 13.2071843, 52.5402661 ], [ 13.2072115, 52.5401997 ], [ 13.2076081, 52.5403512 ], [ 13.2077995, 52.5404143 ], [ 13.2078774, 52.5404242 ], [ 13.2087258, 52.540348 ], [ 13.2088457, 52.5401109 ], [ 13.2089024, 52.5400085 ], [ 13.2089571, 52.540016 ], [ 13.2089093, 52.540116500000011 ], [ 13.2089764, 52.5402646 ], [ 13.2087462, 52.541228 ], [ 13.2088214, 52.5412335 ], [ 13.2088322, 52.5411911 ], [ 13.2089192, 52.541217 ], [ 13.2090172, 52.5412058 ] ], [ [ 13.2202117, 52.547048 ], [ 13.2184081, 52.5464964 ], [ 13.2181299, 52.5464954 ], [ 13.217739, 52.5465135 ], [ 13.2173707, 52.5465635 ], [ 13.2171366, 52.5465839 ], [ 13.2164513, 52.5465862 ], [ 13.2162839, 52.5466014 ], [ 13.2162577, 52.5466174 ], [ 13.2162121, 52.5466453 ], [ 13.2161903, 52.5467022 ], [ 13.2160465, 52.5468112 ], [ 13.2158578, 52.54686 ], [ 13.2157785, 52.5469662 ], [ 13.2158147, 52.5470697 ], [ 13.2158368, 52.5471078 ], [ 13.2158988, 52.5471194 ], [ 13.2159107, 52.5471926 ], [ 13.2159017, 52.547325399999984 ], [ 13.216038, 52.5478005 ], [ 13.2160931, 52.5480536 ], [ 13.2160215, 52.5481615 ], [ 13.2163704, 52.5488645 ], [ 13.2168041, 52.549529299999989 ], [ 13.2168617, 52.5496301 ], [ 13.2173393, 52.549804 ], [ 13.2174307, 52.5497059 ], [ 13.2179735, 52.5498793 ], [ 13.2177717, 52.5501271 ], [ 13.2172384, 52.549958 ], [ 13.2172875, 52.5498821 ], [ 13.2169607, 52.5497744 ], [ 13.2168948, 52.5497827 ], [ 13.2168589, 52.5498325 ], [ 13.2174217, 52.5509421 ], [ 13.2184125, 52.5513755 ], [ 13.2190888, 52.5514008 ], [ 13.2192857, 52.5513597 ], [ 13.2195032, 52.5513234 ], [ 13.2197416, 52.5512385 ], [ 13.2199089, 52.5510392 ], [ 13.2202249, 52.5502583 ], [ 13.2203525, 52.549943 ], [ 13.2206802, 52.5495168 ], [ 13.2207665, 52.5494283 ], [ 13.2208537, 52.549340099999988 ], [ 13.2209898, 52.549258499999986 ], [ 13.2211387, 52.5491764 ], [ 13.2213069, 52.5491121 ], [ 13.2217229, 52.549012399999988 ], [ 13.2220023, 52.5489596 ], [ 13.2221371, 52.5489494 ], [ 13.2223357, 52.54893 ], [ 13.2224918, 52.548918 ], [ 13.222681, 52.54888 ], [ 13.2226796, 52.5488658 ], [ 13.2226678, 52.5488536 ], [ 13.2226494, 52.5488393 ], [ 13.2226444, 52.5487713 ], [ 13.2226641, 52.5487362 ], [ 13.2226442, 52.5486973 ], [ 13.222467, 52.5486792 ], [ 13.2222826, 52.5486616 ], [ 13.2221995, 52.5486465 ], [ 13.2221343, 52.548637 ], [ 13.2217108, 52.5485753 ], [ 13.2215621, 52.5485689 ], [ 13.221405, 52.5485268 ], [ 13.2212668, 52.5483881 ], [ 13.2212183, 52.5483326 ], [ 13.2211414, 52.5482597 ], [ 13.2207564, 52.547957899999986 ], [ 13.2205613, 52.5477492 ], [ 13.2205387, 52.5476451 ], [ 13.2204278, 52.5474434 ], [ 13.2203204, 52.547210199999988 ], [ 13.2202117, 52.547048 ] ], [ [ 13.2205137, 52.5545799 ], [ 13.2204142, 52.5545002 ], [ 13.2203555, 52.554471199999988 ], [ 13.2202972, 52.55445550000001 ], [ 13.2202937, 52.5544641 ], [ 13.2202672, 52.5544671 ], [ 13.2201959, 52.554518 ], [ 13.2201721, 52.5545117 ], [ 13.2201607, 52.5545221 ], [ 13.2201182, 52.554561099999987 ], [ 13.2200857, 52.5546086 ], [ 13.2201124, 52.5546277 ], [ 13.2200874, 52.554741 ], [ 13.2201045, 52.5548336 ], [ 13.2201131, 52.55486770000001 ], [ 13.220123, 52.5549189 ], [ 13.2201301, 52.5549633 ], [ 13.2201501, 52.5550129 ], [ 13.2201325, 52.5550173 ], [ 13.2201732, 52.5550657 ], [ 13.2202262, 52.5551068 ], [ 13.2202656, 52.5551388 ], [ 13.220282, 52.5551358 ], [ 13.2203467, 52.5551854 ], [ 13.2203871, 52.5551669 ], [ 13.2204099, 52.5551834 ], [ 13.2204789, 52.5551524 ], [ 13.2205519, 52.5551133 ], [ 13.220535, 52.5551013 ], [ 13.2205499, 52.5550832 ], [ 13.2205979, 52.555028699999987 ], [ 13.2206305, 52.554991699999988 ], [ 13.2206335, 52.5549647 ], [ 13.2206396, 52.5549097 ], [ 13.2206363, 52.554879 ], [ 13.2206193, 52.5547437 ], [ 13.2205812, 52.5546846 ], [ 13.2205137, 52.5545799 ] ], [ [ 13.221435, 52.5500584 ], [ 13.2212701, 52.5500358 ], [ 13.221137, 52.550129099999985 ], [ 13.2211378, 52.5502364 ], [ 13.221069, 52.550356 ], [ 13.2209858, 52.550448899999985 ], [ 13.2210004, 52.5506971 ], [ 13.2211656, 52.5507427 ], [ 13.2213314, 52.5507661 ], [ 13.2215267, 52.550744 ], [ 13.2216982, 52.5506877 ], [ 13.2219399, 52.5506474 ], [ 13.2221017, 52.5504615 ], [ 13.2220022, 52.5503173 ], [ 13.2217988, 52.5501821 ], [ 13.2216584, 52.5501144 ], [ 13.221435, 52.5500584 ] ], [ [ 13.2267474, 52.5617755 ], [ 13.2265586, 52.561859 ], [ 13.2264967, 52.5620312 ], [ 13.226653, 52.5623338 ], [ 13.2268461, 52.5626893 ], [ 13.227, 52.5627408 ], [ 13.2271544, 52.5627078 ], [ 13.2273045, 52.5624758 ], [ 13.2273569, 52.562316 ], [ 13.227362, 52.5622101 ], [ 13.2272034, 52.5621286 ], [ 13.2271938, 52.5619999 ], [ 13.2270822, 52.5618642 ], [ 13.2267474, 52.5617755 ] ] ] } },
{ "type": "Feature", "properties": { "name": "Hubertussee", "name_norm": "hubertussee", "natural": "water", "water": "lake", "wikidata": "Q1616489", "area_sqkm": 0.024239367846215245, "centroid_lon": 13.280683806642859, "centroid_lat": 52.486130764813041 }, "geometry": { "type": "Polygon", "coordinates": [ [ [ 13.2836898, 52.4854388 ], [ 13.2836903, 52.485452 ], [ 13.2836916, 52.485484 ], [ 13.2836662, 52.4855561 ], [ 13.2836127, 52.4855985 ], [ 13.283516, 52.485647 ], [ 13.283449, 52.4856804 ], [ 13.2832779, 52.4857379 ], [ 13.2831541, 52.4857675 ], [ 13.2830233, 52.4857897 ], [ 13.2829153, 52.4857981 ], [ 13.2828004, 52.4858 ], [ 13.2825974, 52.4857904 ], [ 13.2824334, 52.4858001 ], [ 13.2822968, 52.4858271 ], [ 13.282211, 52.4858597 ], [ 13.2819902, 52.4859506 ], [ 13.2818562, 52.4860158 ], [ 13.2816788, 52.4861167 ], [ 13.2815936, 52.486161799999984 ], [ 13.2814707, 52.4862066 ], [ 13.2813622, 52.4862718 ], [ 13.2813013, 52.4862982 ], [ 13.2812378, 52.486318 ], [ 13.2811408, 52.4863356 ], [ 13.280982, 52.486405 ], [ 13.2807262, 52.486494 ], [ 13.280382, 52.4865817 ], [ 13.2801728, 52.48664680000001 ], [ 13.279952, 52.4867029 ], [ 13.2798413, 52.4867116 ], [ 13.2795575, 52.4867294 ], [ 13.2793642, 52.4867584 ], [ 13.2792319, 52.4867651 ], [ 13.2790132, 52.4867571 ], [ 13.2789168, 52.4867677 ], [ 13.2787918, 52.486798 ], [ 13.27867, 52.486829 ], [ 13.2786202, 52.4868503 ], [ 13.2785191, 52.4869132 ], [ 13.2782321, 52.4870325 ], [ 13.2780102, 52.4871608 ], [ 13.277899, 52.4872169 ], [ 13.2778196, 52.4872514 ], [ 13.2777036, 52.4873033 ], [ 13.2774028, 52.4871517 ], [ 13.2774708, 52.4870844 ], [ 13.2775653, 52.4869974 ], [ 13.2776509, 52.4869314 ], [ 13.2779498, 52.4867328 ], [ 13.2780633, 52.486668 ], [ 13.2782351, 52.4865968 ], [ 13.278418, 52.4865456 ], [ 13.2785785, 52.48647290000001 ], [ 13.2788161, 52.4863367 ], [ 13.2790296, 52.4862537 ], [ 13.2795267, 52.4861279 ], [ 13.2798435, 52.4860603 ], [ 13.2802283, 52.4859533 ], [ 13.2803295, 52.4859227 ], [ 13.2804001, 52.4859014 ], [ 13.280789, 52.4858109 ], [ 13.2811668, 52.4857152 ], [ 13.2812327, 52.4856951 ], [ 13.2815845, 52.4855674 ], [ 13.2816645, 52.4855214 ], [ 13.2820458, 52.4853871 ], [ 13.2822227, 52.485319900000015 ], [ 13.282459, 52.4852555 ], [ 13.2827077, 52.4852302 ], [ 13.2829394, 52.485225800000016 ], [ 13.2832044, 52.485248 ], [ 13.2834305, 52.4852786 ], [ 13.2835375, 52.4853034 ], [ 13.2835973, 52.4853276 ], [ 13.2836496, 52.4853712 ], [ 13.2836618, 52.485389399999988 ], [ 13.2836725, 52.4854053 ], [ 13.2836898, 52.4854388 ] ], [ [ 13.2796094, 52.4864531 ], [ 13.2798962, 52.4863798 ], [ 13.2800379, 52.4863876 ], [ 13.2802412, 52.4863249 ], [ 13.2804014, 52.4863113 ], [ 13.2804177, 52.4862691 ], [ 13.2802163, 52.4861948 ], [ 13.2801375, 52.4861853 ], [ 13.2799561, 52.4862259 ], [ 13.2798668, 52.4862251 ], [ 13.2796328, 52.486296399999986 ], [ 13.2794362, 52.4864144 ], [ 13.2795189, 52.486448 ], [ 13.2796094, 52.4864531 ] ] ] } },
{ "type": "Feature", "properties": { "name": "Seddinsee", "name_norm": "seddinsee", "natural": "water", "water": "lake", "wikidata": "Q2264279", "area_sqkm": 2.6248472260233062, "centroid_lon": 13.681003001383678, "centroid_lat": 52.386773592823431 }, "geometry": { "type": "Polygon", "coordinates": [ [ [ 13.7024702, 52.3934359 ], [ 13.7026771, 52.3934413 ], [ 13.7032169, 52.3934269 ], [ 13.7033928, 52.3934312 ], [ 13.7035044, 52.3934521 ], [ 13.7035902, 52.39341550000001 ], [ 13.703616, 52.3933212 ], [ 13.703794, 52.3933582 ], [ 13.7040343, 52.393458 ], [ 13.704182, 52.3935272 ], [ 13.7043816, 52.3936282 ], [ 13.7044559, 52.3937079 ], [ 13.7044781, 52.3937377 ], [ 13.7045753, 52.3938368 ], [ 13.7047109, 52.3939751 ], [ 13.7049223, 52.3941392 ], [ 13.7049512, 52.3942572 ], [ 13.7049525, 52.3943766 ], [ 13.7050813, 52.3944604 ], [ 13.7053326, 52.3945101 ], [ 13.7056049, 52.3947223 ], [ 13.7057696, 52.39483 ], [ 13.7062169, 52.3949523 ], [ 13.7063969, 52.3950875 ], [ 13.7067421, 52.3951874 ], [ 13.7069095, 52.3952356 ], [ 13.7071572, 52.3952781 ], [ 13.7074285, 52.3952237 ], [ 13.7077746, 52.3952842 ], [ 13.7083286, 52.3953811 ], [ 13.7083118, 52.395429099999987 ], [ 13.707759, 52.3953173 ], [ 13.7075963, 52.395319199999989 ], [ 13.707476, 52.3953508 ], [ 13.7073901, 52.395413599999983 ], [ 13.7074073, 52.3955027 ], [ 13.7074073, 52.3955917 ], [ 13.707373, 52.3956703 ], [ 13.7072786, 52.3957436 ], [ 13.7071565, 52.3958576 ], [ 13.7069578, 52.3958863 ], [ 13.7069067, 52.3959168 ], [ 13.7068723, 52.395901099999982 ], [ 13.7068184, 52.3959093 ], [ 13.7067035, 52.3960369 ], [ 13.7066434, 52.3961888 ], [ 13.7065318, 52.396361599999985 ], [ 13.7065061, 52.3964297 ], [ 13.7062829, 52.396503 ], [ 13.7061628, 52.3964821 ], [ 13.7060083, 52.39646110000001 ], [ 13.7058194, 52.3964454 ], [ 13.7055705, 52.3964664 ], [ 13.7053045, 52.3964821 ], [ 13.7049869, 52.396529199999989 ], [ 13.7046521, 52.396613 ], [ 13.7043736, 52.3967579 ], [ 13.704202, 52.3968627 ], [ 13.7040217, 52.3969203 ], [ 13.7038157, 52.396930799999986 ], [ 13.703584, 52.396930799999986 ], [ 13.7033898, 52.396944 ], [ 13.7031408, 52.397054 ], [ 13.7028748, 52.3972006 ], [ 13.70248, 52.3974625 ], [ 13.702274, 52.3976825 ], [ 13.7021236, 52.3977981 ], [ 13.7024456, 52.3979414 ], [ 13.7024129, 52.3979658 ], [ 13.7023855, 52.3979862 ], [ 13.7022034, 52.3980612 ], [ 13.7019981, 52.3980369 ], [ 13.7018299, 52.3979037 ], [ 13.7016797, 52.3980084 ], [ 13.7014349, 52.3980549 ], [ 13.7013686, 52.3981131 ], [ 13.7011301, 52.3981747 ], [ 13.7007543, 52.3984504 ], [ 13.7004989, 52.3985573 ], [ 13.7002543, 52.3986971 ], [ 13.7001037, 52.3986973 ], [ 13.7000072, 52.3987459 ], [ 13.69973, 52.3986604 ], [ 13.6990646, 52.398755 ], [ 13.6980998, 52.3988866 ], [ 13.6978314, 52.3989018 ], [ 13.6975789, 52.3988657 ], [ 13.6969126, 52.3987466 ], [ 13.6962466, 52.3986038 ], [ 13.6955853, 52.398353 ], [ 13.6951242, 52.3981722 ], [ 13.694951, 52.3980666 ], [ 13.6946934, 52.3979573 ], [ 13.694054, 52.3977564 ], [ 13.6938581, 52.3975901 ], [ 13.6934937, 52.3974206 ], [ 13.6929097, 52.3971028 ], [ 13.6921321, 52.3965909 ], [ 13.6917057, 52.396324399999983 ], [ 13.691501, 52.396126 ], [ 13.6913572, 52.3959186 ], [ 13.6908301, 52.3950638 ], [ 13.6908831, 52.3949285 ], [ 13.691048, 52.3947956 ], [ 13.690993, 52.3946551 ], [ 13.6908229, 52.3944721 ], [ 13.6906229, 52.3943784 ], [ 13.6902309, 52.3942824 ], [ 13.6898138, 52.3942239 ], [ 13.6894322, 52.3942036 ], [ 13.6891627, 52.394219 ], [ 13.6887745, 52.3942599 ], [ 13.6884449, 52.394255899999983 ], [ 13.6879889, 52.3941666 ], [ 13.68675, 52.3940012 ], [ 13.6861664, 52.3939072 ], [ 13.6856192, 52.3937378 ], [ 13.6852938, 52.39372010000001 ], [ 13.6848674, 52.3936935 ], [ 13.6843714, 52.3936838 ], [ 13.6840914, 52.3936825 ], [ 13.6838664, 52.3936503 ], [ 13.6834736, 52.3934748 ], [ 13.6832578, 52.3933849 ], [ 13.6831864, 52.3933091 ], [ 13.6822696, 52.393005 ], [ 13.6821624, 52.3928651 ], [ 13.6817486, 52.3925514 ], [ 13.681468, 52.3923226 ], [ 13.6812951, 52.3921523 ], [ 13.6811755, 52.3919346 ], [ 13.6811499, 52.3916873 ], [ 13.6810652, 52.3915373 ], [ 13.6808513, 52.3911554 ], [ 13.6805337, 52.390987799999984 ], [ 13.6800445, 52.3908201 ], [ 13.6795724, 52.3907363 ], [ 13.6789115, 52.3905373 ], [ 13.6784309, 52.3903697 ], [ 13.6778987, 52.3900606 ], [ 13.6773767, 52.3896935 ], [ 13.6771845, 52.3896734 ], [ 13.6768918, 52.3892661 ], [ 13.6767278, 52.389109 ], [ 13.6767314, 52.3889711 ], [ 13.6767057, 52.3887092 ], [ 13.6768557, 52.3880239 ], [ 13.6768742, 52.3879433 ], [ 13.6770101, 52.3876584 ], [ 13.6771547, 52.3875891 ], [ 13.6776312, 52.3871637 ], [ 13.6778987, 52.3868129 ], [ 13.6779159, 52.3866557 ], [ 13.6778138, 52.3866015 ], [ 13.6776841, 52.3866166 ], [ 13.6775921, 52.386589299999983 ], [ 13.6772647, 52.3865789 ], [ 13.6771062, 52.3865349 ], [ 13.6768694, 52.3865357 ], [ 13.6766221, 52.3865759 ], [ 13.676389, 52.3865596 ], [ 13.6763231, 52.3865248 ], [ 13.6758715, 52.386511 ], [ 13.6757706, 52.386547 ], [ 13.6755719, 52.3865338 ], [ 13.675135, 52.3864671 ], [ 13.6744897, 52.3864609 ], [ 13.6742723, 52.3864041 ], [ 13.6741743, 52.3863952 ], [ 13.6739161, 52.3863401 ], [ 13.673854, 52.3862524 ], [ 13.6736415, 52.3861686 ], [ 13.6735007, 52.3861553 ], [ 13.6734184, 52.3861965 ], [ 13.6733037, 52.3866935 ], [ 13.6729699, 52.3866648 ], [ 13.6731635, 52.385987299999982 ], [ 13.6730667, 52.3859188 ], [ 13.6729377, 52.3859223 ], [ 13.6725712, 52.3859875 ], [ 13.6723915, 52.3859777 ], [ 13.6723112, 52.3858929 ], [ 13.6722885, 52.3857867 ], [ 13.672329, 52.385734 ], [ 13.6726219, 52.3856951 ], [ 13.6728776, 52.3856314 ], [ 13.6729863, 52.3855571 ], [ 13.6732209, 52.3855032 ], [ 13.6732607, 52.385414099999984 ], [ 13.6731878, 52.3853248 ], [ 13.6727926, 52.385223 ], [ 13.6724382, 52.3852204 ], [ 13.6718069, 52.384997399999989 ], [ 13.6712718, 52.3846015 ], [ 13.6711422, 52.384238899999986 ], [ 13.6706664, 52.383585799999985 ], [ 13.670405, 52.383339 ], [ 13.670122, 52.3828189 ], [ 13.6698905, 52.3825755 ], [ 13.6697809, 52.38234090000001 ], [ 13.6694178, 52.38214150000001 ], [ 13.6688115, 52.3820863 ], [ 13.6685059, 52.382067 ], [ 13.6680207, 52.3819943 ], [ 13.6675345, 52.3819221 ], [ 13.6667937, 52.3816031 ], [ 13.6664815, 52.3815579 ], [ 13.6661657, 52.3816108 ], [ 13.6659905, 52.3815785 ], [ 13.6654169, 52.3816465 ], [ 13.664556, 52.381938 ], [ 13.6642683, 52.382052 ], [ 13.6636799, 52.3823348 ], [ 13.6631532, 52.3827139 ], [ 13.6626638, 52.383062 ], [ 13.6621808, 52.3835262 ], [ 13.6618453, 52.3838529 ], [ 13.6614539, 52.3842447 ], [ 13.6610759, 52.3846022 ], [ 13.6608163, 52.3845966 ], [ 13.6606136, 52.3843255 ], [ 13.6603839, 52.3836991 ], [ 13.6605695, 52.3827476 ], [ 13.6607412, 52.3826952 ], [ 13.6609386, 52.3826062 ], [ 13.6609789, 52.382365300000011 ], [ 13.6608417, 52.3821313 ], [ 13.6603549, 52.381893699999985 ], [ 13.6598315, 52.3816859 ], [ 13.659179, 52.3814955 ], [ 13.6583808, 52.3813174 ], [ 13.658089, 52.3811445 ], [ 13.6578658, 52.3808878 ], [ 13.6576427, 52.3806206 ], [ 13.6574538, 52.3805105 ], [ 13.6571792, 52.380599599999989 ], [ 13.6569856, 52.3807083 ], [ 13.656956, 52.3809192 ], [ 13.6566041, 52.3811445 ], [ 13.6562958, 52.3813009 ], [ 13.6555409, 52.381447 ], [ 13.6551965, 52.3815427 ], [ 13.6548789, 52.3816946 ], [ 13.65463, 52.3818308 ], [ 13.6542592, 52.3821856 ], [ 13.6561309, 52.3788387 ], [ 13.6567477, 52.3771178 ], [ 13.6564793, 52.3764586 ], [ 13.6569003, 52.3763643 ], [ 13.6569698, 52.3763371 ], [ 13.6570037, 52.3763698 ], [ 13.6575222, 52.3761759 ], [ 13.6575417, 52.3761684 ], [ 13.6574536, 52.3760907 ], [ 13.6575722, 52.376043300000013 ], [ 13.6578799, 52.3759166 ], [ 13.6579209, 52.3758918 ], [ 13.6582005, 52.3757946 ], [ 13.6582909, 52.3757962 ], [ 13.658396, 52.37578 ], [ 13.6585729, 52.3757222 ], [ 13.6587271, 52.375690199999987 ], [ 13.6588449, 52.3756592 ], [ 13.6589797, 52.3756434 ], [ 13.6593913, 52.3755801 ], [ 13.6594598, 52.3755733 ], [ 13.6594963, 52.3756863 ], [ 13.6597684, 52.375644 ], [ 13.6597703, 52.3756108 ], [ 13.6599504, 52.3755875 ], [ 13.660137, 52.375575499999989 ], [ 13.6605828, 52.3755843 ], [ 13.6608412, 52.375631 ], [ 13.6616319, 52.375756 ], [ 13.6625111, 52.376092299999989 ], [ 13.6647105, 52.3771206 ], [ 13.6658684, 52.377690599999987 ], [ 13.6660353, 52.3777366 ], [ 13.6661739, 52.3777404 ], [ 13.666319, 52.3776901 ], [ 13.6669285, 52.3775426 ], [ 13.6671792, 52.377493299999983 ], [ 13.6674947, 52.3775298 ], [ 13.6679616, 52.3777234 ], [ 13.6682242, 52.3778155 ], [ 13.6684637, 52.3778216 ], [ 13.6691995, 52.3776647 ], [ 13.6696315, 52.3775605 ], [ 13.6701441, 52.3776577 ], [ 13.6709797, 52.3777812 ], [ 13.671505, 52.3777152 ], [ 13.6717956, 52.3777286 ], [ 13.6720897, 52.3777389 ], [ 13.6723258, 52.3777392 ], [ 13.6726772, 52.3777763 ], [ 13.673307, 52.3778062 ], [ 13.6734602, 52.377812900000016 ], [ 13.6735046, 52.377815599999984 ], [ 13.6743557, 52.378668 ], [ 13.6744464, 52.3787048 ], [ 13.67461, 52.3788226 ], [ 13.674807, 52.3789155 ], [ 13.6750693, 52.3789877 ], [ 13.6752527, 52.3791162 ], [ 13.6753655, 52.37923820000001 ], [ 13.6755014, 52.379274700000011 ], [ 13.6757373, 52.3793334 ], [ 13.6758526, 52.3793891 ], [ 13.6760208, 52.3794794 ], [ 13.6763369, 52.3796114 ], [ 13.6767356, 52.3797709 ], [ 13.6771622, 52.379927 ], [ 13.6779626, 52.3801874 ], [ 13.678223, 52.3802087 ], [ 13.6784978, 52.380501099999989 ], [ 13.6787908, 52.3808278 ], [ 13.6788984, 52.3813457 ], [ 13.6791757, 52.381095 ], [ 13.6792918, 52.381048199999988 ], [ 13.6793762, 52.3810732 ], [ 13.6794132, 52.3811498 ], [ 13.6793865, 52.3817369 ], [ 13.6796469, 52.3819246 ], [ 13.6801177, 52.3821304 ], [ 13.6804915, 52.3822319 ], [ 13.6807326, 52.3823457 ], [ 13.6814533, 52.3825421 ], [ 13.6822108, 52.3826677 ], [ 13.6832267, 52.3827613 ], [ 13.684398, 52.3829272 ], [ 13.6845325, 52.3830118 ], [ 13.6849184, 52.3833386 ], [ 13.6849565, 52.3834862 ], [ 13.6851114, 52.3835534 ], [ 13.6851158, 52.383639299999977 ], [ 13.6853247, 52.3838122 ], [ 13.6855476, 52.3838163 ], [ 13.6856427, 52.3838976 ], [ 13.6855701, 52.3839881 ], [ 13.6863953, 52.3848445 ], [ 13.6867575, 52.3853794 ], [ 13.6865964, 52.3854507 ], [ 13.6867902, 52.3856486 ], [ 13.6867438, 52.3856737 ], [ 13.6867529, 52.3857107 ], [ 13.6869408, 52.3856748 ], [ 13.6869795, 52.3857307 ], [ 13.686984, 52.3857945 ], [ 13.686969, 52.385871300000012 ], [ 13.6870854, 52.385952799999984 ], [ 13.68742, 52.3861773 ], [ 13.6875488, 52.3862349 ], [ 13.6876775, 52.3862401 ], [ 13.6877891, 52.3862192 ], [ 13.6878921, 52.3861668 ], [ 13.6879951, 52.3860935 ], [ 13.6882372, 52.3859271 ], [ 13.6884524, 52.3857372 ], [ 13.688658, 52.3855056 ], [ 13.6888402, 52.3854365 ], [ 13.6891624, 52.385259499999989 ], [ 13.6893944, 52.3852627 ], [ 13.6898043, 52.38530440000001 ], [ 13.6900753, 52.3853859 ], [ 13.6903047, 52.3854556 ], [ 13.6904881, 52.3855044 ], [ 13.690656, 52.3855642 ], [ 13.6909572, 52.38571 ], [ 13.6912636, 52.3859177 ], [ 13.6923987, 52.3867484 ], [ 13.6930103, 52.3871781 ], [ 13.6941207, 52.387967099999983 ], [ 13.6942904, 52.3880926 ], [ 13.6944474, 52.3882088 ], [ 13.6948221, 52.388486 ], [ 13.6953559, 52.388928 ], [ 13.6958275, 52.3890764 ], [ 13.6959341, 52.3891099 ], [ 13.6963393, 52.3893428 ], [ 13.6965382, 52.3894988 ], [ 13.6966406, 52.3895649 ], [ 13.6966768, 52.389599900000015 ], [ 13.6968268, 52.3897384 ], [ 13.6970413, 52.3897489 ], [ 13.697061, 52.3897604 ], [ 13.6971742, 52.3899548 ], [ 13.6972329, 52.3900715 ], [ 13.6968954, 52.3900946 ], [ 13.6966806, 52.3901219 ], [ 13.6966215, 52.3901755 ], [ 13.6966296, 52.3901939 ], [ 13.6967187, 52.390183 ], [ 13.6969395, 52.3903996 ], [ 13.6972321, 52.3907354 ], [ 13.6974362, 52.391027 ], [ 13.6974362, 52.391247 ], [ 13.6972988, 52.3915403 ], [ 13.6972166, 52.391778899999984 ], [ 13.6973454, 52.391883599999986 ], [ 13.697653, 52.3919921 ], [ 13.6981773, 52.3920516 ], [ 13.6985407, 52.3921604 ], [ 13.698781, 52.3921761 ], [ 13.6990213, 52.3921342 ], [ 13.6991528, 52.3919175 ], [ 13.6991613, 52.3917708 ], [ 13.6992043, 52.3915718 ], [ 13.6992442, 52.391539 ], [ 13.6993118, 52.3915393 ], [ 13.6996444, 52.3917881 ], [ 13.700198, 52.3921363 ], [ 13.7009151, 52.3924824 ], [ 13.7010821, 52.392563 ], [ 13.701346, 52.392801 ], [ 13.7015243, 52.3929697 ], [ 13.7017049, 52.3930819 ], [ 13.7021001, 52.3932986 ], [ 13.7024702, 52.3934359 ] ], [ [ 13.6819657, 52.389527 ], [ 13.682352, 52.3894746 ], [ 13.682824, 52.389438 ], [ 13.6835278, 52.3894589 ], [ 13.6839312, 52.3895218 ], [ 13.684472, 52.3896213 ], [ 13.6848582, 52.3896423 ], [ 13.6849612, 52.3895742 ], [ 13.6849011, 52.3894432 ], [ 13.684884, 52.389317499999983 ], [ 13.6849011, 52.3890661 ], [ 13.6848582, 52.3889613 ], [ 13.6847209, 52.3889299 ], [ 13.6845689, 52.3888485 ], [ 13.6843261, 52.3887308 ], [ 13.6842059, 52.3884637 ], [ 13.6842098, 52.3881723 ], [ 13.6840316, 52.3880442 ], [ 13.6837319, 52.387989 ], [ 13.68328, 52.3880207 ], [ 13.6829184, 52.3881671 ], [ 13.6826874, 52.3882369 ], [ 13.6823513, 52.3883175 ], [ 13.6820344, 52.3883746 ], [ 13.6817609, 52.3884862 ], [ 13.6815452, 52.3886365 ], [ 13.6814164, 52.3887989 ], [ 13.6813907, 52.3889823 ], [ 13.6815194, 52.3891708 ], [ 13.6817254, 52.389369899999984 ], [ 13.6819657, 52.389527 ] ], [ [ 13.6856521, 52.3903937 ], [ 13.6858121, 52.390360200000018 ], [ 13.6859199, 52.39032 ], [ 13.6860173, 52.3902669 ], [ 13.6860181, 52.3902124 ], [ 13.6860002, 52.3901539 ], [ 13.6858975, 52.3901035 ], [ 13.6857907, 52.3900568 ], [ 13.6856677, 52.3900354 ], [ 13.6855364, 52.3900402 ], [ 13.6854735, 52.3900803 ], [ 13.6854418, 52.3901739 ], [ 13.6855151, 52.3903127 ], [ 13.6855565, 52.3903383 ], [ 13.6856521, 52.3903937 ] ], [ [ 13.6961377, 52.392941500000013 ], [ 13.6959575, 52.3931562 ], [ 13.6958981, 52.3932201 ], [ 13.69584, 52.3932813 ], [ 13.6958523, 52.3933221 ], [ 13.695891, 52.3933388 ], [ 13.6959966, 52.393321 ], [ 13.6961126, 52.3932507 ], [ 13.6961745, 52.393199 ], [ 13.6963351, 52.3930724 ], [ 13.6965068, 52.3929572 ], [ 13.6967386, 52.3930043 ], [ 13.697039, 52.3930829 ], [ 13.6973909, 52.3931353 ], [ 13.6977084, 52.39324 ], [ 13.6979745, 52.39342340000001 ], [ 13.698129, 52.393543799999989 ], [ 13.698212, 52.3936259 ], [ 13.6982892, 52.3936589 ], [ 13.6984114, 52.3936444 ], [ 13.6985229, 52.3935999 ], [ 13.6987985, 52.3933815 ], [ 13.6988843, 52.3932505 ], [ 13.6986515, 52.393058 ], [ 13.6984712, 52.3929008 ], [ 13.698211, 52.3927732 ], [ 13.6979277, 52.392616 ], [ 13.6975415, 52.3924641 ], [ 13.6973698, 52.3923018 ], [ 13.697245, 52.3921611 ], [ 13.6969617, 52.3922187 ], [ 13.6967128, 52.392391499999988 ], [ 13.6963866, 52.392732 ], [ 13.6961377, 52.392941500000013 ] ], [ [ 13.7023856, 52.3943218 ], [ 13.702307, 52.3944161 ], [ 13.7021282, 52.3945078 ], [ 13.7018563, 52.3946116 ], [ 13.7013828, 52.3949014 ], [ 13.701274, 52.395231399999986 ], [ 13.7015416, 52.395544 ], [ 13.7015759, 52.3957116 ], [ 13.7014644, 52.3958844 ], [ 13.7017448, 52.3960947 ], [ 13.7019022, 52.3961314 ], [ 13.7029067, 52.3962159 ], [ 13.703107, 52.3964239 ], [ 13.7034456, 52.3964866 ], [ 13.7035143, 52.3964081 ], [ 13.7035272, 52.3960912 ], [ 13.7034856, 52.3958154 ], [ 13.7035371, 52.3956836 ], [ 13.7037918, 52.3955125 ], [ 13.7037246, 52.3952271 ], [ 13.703643, 52.3948962 ], [ 13.7034771, 52.394628199999985 ], [ 13.7032412, 52.394397799999986 ], [ 13.7029021, 52.3943001 ], [ 13.7028177, 52.3940992 ], [ 13.7026975, 52.3940154 ], [ 13.7025688, 52.3940573 ], [ 13.7023856, 52.3943218 ] ], [ [ 13.7059141, 52.3963717 ], [ 13.7061661, 52.396383899999989 ], [ 13.7062939, 52.3963491 ], [ 13.7063053, 52.3962655 ], [ 13.7062366, 52.3962028 ], [ 13.706023, 52.3962204 ], [ 13.7057771, 52.3963195 ], [ 13.7059141, 52.3963717 ] ], [ [ 13.6992361, 52.39422 ], [ 13.699485, 52.394308399999986 ], [ 13.699621, 52.3944656 ], [ 13.6994599, 52.3946203 ], [ 13.6991856, 52.3946197 ], [ 13.6990483, 52.3946569 ], [ 13.6989945, 52.3948044 ], [ 13.699107, 52.3949684 ], [ 13.6993878, 52.3951044 ], [ 13.699664, 52.3952052 ], [ 13.7001894, 52.3952 ], [ 13.7005508, 52.3953232 ], [ 13.7009276, 52.395331 ], [ 13.7012026, 52.3951165 ], [ 13.7011865, 52.3949213 ], [ 13.7012718, 52.394763599999983 ], [ 13.7014268, 52.394649 ], [ 13.701547, 52.394445 ], [ 13.7014955, 52.394208699999986 ], [ 13.7013328, 52.3939099 ], [ 13.7011611, 52.3936538 ], [ 13.7009452, 52.3935477 ], [ 13.7006868, 52.3934903 ], [ 13.7003969, 52.3935413 ], [ 13.7001222, 52.393636099999988 ], [ 13.6999339, 52.3936833 ], [ 13.6998041, 52.3936879 ], [ 13.6997111, 52.393662 ], [ 13.6996439, 52.3936262 ], [ 13.699538, 52.3935843 ], [ 13.6994034, 52.3936025 ], [ 13.6993621, 52.3936856 ], [ 13.699429, 52.3937802 ], [ 13.6993615, 52.3938465 ], [ 13.6991582, 52.3941027 ], [ 13.6992361, 52.39422 ] ], [ [ 13.7027822, 52.396747 ], [ 13.7025727, 52.3967391 ], [ 13.7022566, 52.396807 ], [ 13.702178, 52.3969152 ], [ 13.702309, 52.3969465 ], [ 13.7024255, 52.39705330000001 ], [ 13.7024248, 52.3972101 ], [ 13.7022717, 52.3973794 ], [ 13.7020844, 52.3974645 ], [ 13.7018362, 52.3975117 ], [ 13.7017107, 52.3975189 ], [ 13.7017058, 52.3976044 ], [ 13.7018683, 52.3976578 ], [ 13.7020471, 52.3976762 ], [ 13.7021823, 52.3976002 ], [ 13.7023126, 52.3974902 ], [ 13.7025936, 52.3972231 ], [ 13.7029477, 52.3970289 ], [ 13.7030514, 52.3969063 ], [ 13.7029312, 52.3968372 ], [ 13.7027822, 52.396747 ] ], [ [ 13.6999669, 52.3931883 ], [ 13.70013, 52.393261699999989 ], [ 13.7002673, 52.3932564 ], [ 13.7004475, 52.3932093 ], [ 13.700439, 52.3931255 ], [ 13.7002845, 52.3930626 ], [ 13.6999926, 52.3928741 ], [ 13.6996751, 52.392717 ], [ 13.6993317, 52.392549299999985 ], [ 13.6992354, 52.3925416 ], [ 13.6991257, 52.3925651 ], [ 13.6991172, 52.3926279 ], [ 13.6991944, 52.3927222 ], [ 13.699203, 52.3928531 ], [ 13.6992717, 52.3929317 ], [ 13.6994261, 52.3930417 ], [ 13.6997351, 52.393115 ], [ 13.6999669, 52.3931883 ] ], [ [ 13.7058526, 52.3961118 ], [ 13.7057282, 52.395981 ], [ 13.7055557, 52.3958921 ], [ 13.7052701, 52.3959078 ], [ 13.7049686, 52.39586 ], [ 13.7046515, 52.395803 ], [ 13.7042704, 52.3957395 ], [ 13.7038282, 52.3956837 ], [ 13.7035754, 52.395844799999985 ], [ 13.7036371, 52.3961094 ], [ 13.7035736, 52.396304299999983 ], [ 13.7035751, 52.3964661 ], [ 13.70393, 52.3965965 ], [ 13.7044258, 52.3965758 ], [ 13.7047489, 52.3964593 ], [ 13.7054269, 52.3963081 ], [ 13.705765, 52.3962066 ], [ 13.7058526, 52.3961118 ] ], [ [ 13.7059586, 52.3950186 ], [ 13.7057661, 52.395033699999985 ], [ 13.7056433, 52.3950925 ], [ 13.7056175, 52.3953169 ], [ 13.7058244, 52.3954178 ], [ 13.705875, 52.3957139 ], [ 13.7060476, 52.3958856 ], [ 13.7062684, 52.3959769 ], [ 13.7065192, 52.3959559 ], [ 13.7066592, 52.3958647 ], [ 13.7066463, 52.3957711 ], [ 13.7066325, 52.3956703 ], [ 13.7064523, 52.395500499999983 ], [ 13.7062892, 52.3953026 ], [ 13.7061189, 52.3951013 ], [ 13.7059586, 52.3950186 ] ], [ [ 13.7039868, 52.3968331 ], [ 13.7041259, 52.3967922 ], [ 13.7042626, 52.3967193 ], [ 13.7043004, 52.3966906 ], [ 13.7042507, 52.3966731 ], [ 13.7040916, 52.3966825 ], [ 13.7039003, 52.3967454 ], [ 13.7037779, 52.3967994 ], [ 13.7037945, 52.3968421 ], [ 13.7038569, 52.3968488 ], [ 13.7039868, 52.3968331 ] ], [ [ 13.707084, 52.3957559 ], [ 13.7071705, 52.3957293 ], [ 13.707222, 52.3955599 ], [ 13.7072036, 52.3954806 ], [ 13.7071229, 52.395453 ], [ 13.706795, 52.3954642 ], [ 13.7067184, 52.3954856 ], [ 13.7067086, 52.395540399999987 ], [ 13.7068831, 52.395678 ], [ 13.706993, 52.395729299999985 ], [ 13.707084, 52.3957559 ] ] ] } },
{ "type": "Feature", "properties": { "name": "Langer See", "name_norm": "langer see", "natural": "water", "water": "lake", "wikidata": "Q1805169", "area_sqkm": 3.1279472341396479, "centroid_lon": 13.625819492700556, "centroid_lat": 52.400747119279224 }, "geometry": { "type": "Polygon", "coordinates": [ [ [ 13.6157967, 52.4069518 ], [ 13.6163796, 52.407121 ], [ 13.6180115, 52.4072279 ], [ 13.6189252, 52.407518 ], [ 13.6198337, 52.4077478 ], [ 13.6204833, 52.4077629 ], [ 13.6211529, 52.4077255 ], [ 13.6218376, 52.4078049 ], [ 13.6221398, 52.4078537 ], [ 13.6223589, 52.4078393 ], [ 13.6226075, 52.407833599999989 ], [ 13.6225739, 52.407764699999987 ], [ 13.6225764, 52.4076335 ], [ 13.6227033, 52.4074433 ], [ 13.6227609, 52.4073819 ], [ 13.6227798, 52.4072875 ], [ 13.6227997, 52.4072054 ], [ 13.6228314, 52.4070748 ], [ 13.6233446, 52.4067927 ], [ 13.6237985, 52.4067717 ], [ 13.6239532, 52.4066269 ], [ 13.6239936, 52.4064853 ], [ 13.624019, 52.4063574 ], [ 13.624015, 52.406197 ], [ 13.6239003, 52.405998499999981 ], [ 13.6237717, 52.405565 ], [ 13.6237257, 52.4053028 ], [ 13.6236214, 52.4051611 ], [ 13.623614, 52.4050769 ], [ 13.6236449, 52.4048867 ], [ 13.6237675, 52.4040412 ], [ 13.6238185, 52.4036764 ], [ 13.6242047, 52.402838599999988 ], [ 13.6246167, 52.4023464 ], [ 13.6249171, 52.4021474 ], [ 13.6252105, 52.4019577 ], [ 13.6255131, 52.401796 ], [ 13.6256997, 52.4016881 ], [ 13.625829, 52.4016843 ], [ 13.6262744, 52.4015202 ], [ 13.6263511, 52.4014171 ], [ 13.6263159, 52.4013304 ], [ 13.6261959, 52.401107399999987 ], [ 13.6261411, 52.4010288 ], [ 13.626109, 52.4009777 ], [ 13.6260676, 52.4009135 ], [ 13.6260502, 52.4008703 ], [ 13.6259914, 52.4007783 ], [ 13.6259223, 52.4007262 ], [ 13.6258936, 52.4006428 ], [ 13.6258313, 52.4003428 ], [ 13.6258596, 52.4002118 ], [ 13.6259225, 52.4001009 ], [ 13.6261156, 52.3999002 ], [ 13.6263302, 52.3996017 ], [ 13.6266306, 52.3992299 ], [ 13.6269653, 52.3990047 ], [ 13.6272228, 52.3988476 ], [ 13.6282346, 52.3984516 ], [ 13.6286449, 52.3983033 ], [ 13.6288143, 52.398177399999987 ], [ 13.6290232, 52.3980246 ], [ 13.6290087, 52.3980033 ], [ 13.6290531, 52.3979882 ], [ 13.6290374, 52.3979601 ], [ 13.629106, 52.3979211 ], [ 13.6293124, 52.3978062 ], [ 13.6294243, 52.3977621 ], [ 13.6295007, 52.397732 ], [ 13.6295352, 52.3977175 ], [ 13.6295923, 52.3976936 ], [ 13.6296851, 52.3976547 ], [ 13.6298193, 52.3976003 ], [ 13.6300651, 52.3975062 ], [ 13.6303586, 52.39739 ], [ 13.6307055, 52.3972582 ], [ 13.6313291, 52.3970109 ], [ 13.6313384, 52.3970072 ], [ 13.6313507, 52.3970023 ], [ 13.6315145, 52.3969373 ], [ 13.6315456, 52.3969249 ], [ 13.6315768, 52.396948 ], [ 13.6316094, 52.3969347 ], [ 13.6316134, 52.3969331 ], [ 13.6316252, 52.396928299999985 ], [ 13.6317092, 52.3968942 ], [ 13.6317243, 52.3968881 ], [ 13.6318026, 52.3968562 ], [ 13.6318107, 52.3968529 ], [ 13.6318179, 52.39685 ], [ 13.6319538, 52.3967948 ], [ 13.6319609, 52.3967919 ], [ 13.6319706, 52.396788 ], [ 13.6320266, 52.3967651 ], [ 13.6320653, 52.396751 ], [ 13.6320789, 52.396746 ], [ 13.6320838, 52.3967442 ], [ 13.6321827, 52.3967079 ], [ 13.6321956, 52.3967032 ], [ 13.6322032, 52.3967004 ], [ 13.6323348, 52.3966522 ], [ 13.6323432, 52.3966491 ], [ 13.6323564, 52.3966443 ], [ 13.6324863, 52.3965967 ], [ 13.6325668, 52.3965661 ], [ 13.6325778, 52.3965619 ], [ 13.6325844, 52.3965594 ], [ 13.6328986, 52.3964396 ], [ 13.6330778, 52.3964389 ], [ 13.6331466, 52.3964393 ], [ 13.6334196, 52.3964425 ], [ 13.6334355, 52.3964427 ], [ 13.6336348, 52.3964426 ], [ 13.6336502, 52.396443 ], [ 13.6338754, 52.3964478 ], [ 13.6339016, 52.396448399999983 ], [ 13.6339866, 52.3964491 ], [ 13.6340118, 52.3964494 ], [ 13.6343666, 52.3964442 ], [ 13.6343899, 52.3964443 ], [ 13.6345925, 52.3964467 ], [ 13.6346231, 52.3964472 ], [ 13.6349614, 52.396448299999989 ], [ 13.6349794, 52.3964486 ], [ 13.6356406, 52.3964449 ], [ 13.6356641, 52.396445 ], [ 13.6360034, 52.396445 ], [ 13.6361844, 52.396427500000016 ], [ 13.6362253, 52.3964238 ], [ 13.6362542, 52.3964212 ], [ 13.6362625, 52.3964187 ], [ 13.6362698, 52.3964165 ], [ 13.6364168, 52.3963721 ], [ 13.6364396, 52.3963652 ], [ 13.6365531, 52.3963256 ], [ 13.6366273, 52.3962924 ], [ 13.6369193, 52.396054 ], [ 13.6370307, 52.395948299999986 ], [ 13.6370369, 52.3959425 ], [ 13.6370408, 52.395934 ], [ 13.6370933, 52.3958181 ], [ 13.6372163, 52.3956871 ], [ 13.6372265, 52.3956007 ], [ 13.6374303, 52.3954112 ], [ 13.6374357, 52.3953769 ], [ 13.6373964, 52.3953518 ], [ 13.6373961, 52.3953319 ], [ 13.6373306, 52.3952935 ], [ 13.6372705, 52.3952629 ], [ 13.6372591, 52.3952566 ], [ 13.6371607, 52.3952076 ], [ 13.6370288, 52.3951165 ], [ 13.6369414, 52.3950015 ], [ 13.6369475, 52.3949498 ], [ 13.6369488, 52.394939 ], [ 13.636951, 52.3949196 ], [ 13.6369519, 52.3949124 ], [ 13.636953, 52.3949029 ], [ 13.6369824, 52.3947986 ], [ 13.6370002, 52.3947583 ], [ 13.6370179, 52.3947183 ], [ 13.6370246, 52.3947031 ], [ 13.6370328, 52.394693 ], [ 13.6370987, 52.3946207 ], [ 13.6371077, 52.3946111 ], [ 13.637134, 52.39459020000001 ], [ 13.6371451, 52.3945818 ], [ 13.6372365, 52.3945128 ], [ 13.637249, 52.3945032 ], [ 13.6373594, 52.3943959 ], [ 13.6374629, 52.3943355 ], [ 13.637484, 52.3943232 ], [ 13.6375465, 52.3942848 ], [ 13.6377594, 52.3942064 ], [ 13.6377778, 52.3941996 ], [ 13.6379558, 52.3941389 ], [ 13.6379827, 52.3941297 ], [ 13.6381924, 52.394048 ], [ 13.6384682, 52.3940115 ], [ 13.6384894, 52.3940087 ], [ 13.6385365, 52.3940025 ], [ 13.6387927, 52.3939858 ], [ 13.6388177, 52.3939841 ], [ 13.6390477, 52.3939196 ], [ 13.6390578, 52.393917 ], [ 13.6390635, 52.3939156 ], [ 13.6391637, 52.393890899999988 ], [ 13.6391767, 52.3938877 ], [ 13.6391902, 52.3938857 ], [ 13.6392477, 52.3938772 ], [ 13.6392754, 52.3938731 ], [ 13.6393292, 52.3938651 ], [ 13.6393534, 52.3938615 ], [ 13.6393861, 52.3938567 ], [ 13.639408, 52.393853499999985 ], [ 13.639482, 52.3938425 ], [ 13.6395183, 52.3938496 ], [ 13.6396087, 52.3938613 ], [ 13.63996, 52.3938682 ], [ 13.6400753, 52.3938567 ], [ 13.6401024, 52.393854 ], [ 13.6402293, 52.3938414 ], [ 13.6403237, 52.393829099999984 ], [ 13.6403965, 52.393803599999984 ], [ 13.6405341, 52.3936929 ], [ 13.6405591, 52.393628199999988 ], [ 13.6405604, 52.3935503 ], [ 13.6405246, 52.3934971 ], [ 13.6404523, 52.3934635 ], [ 13.6404146, 52.3934256 ], [ 13.6404025, 52.393399 ], [ 13.6404292, 52.3933557 ], [ 13.6404818, 52.3933357 ], [ 13.6404822, 52.3933337 ], [ 13.6404846, 52.393322 ], [ 13.6404887, 52.3933021 ], [ 13.6404914, 52.3932942 ], [ 13.6404941, 52.3932873 ], [ 13.6405364, 52.393121099999988 ], [ 13.6405388, 52.3931117 ], [ 13.6405719, 52.3929843 ], [ 13.6405767, 52.3929647 ], [ 13.6405792, 52.3929546 ], [ 13.6406089, 52.3928326 ], [ 13.6406109, 52.3928188 ], [ 13.6406452, 52.3925757 ], [ 13.6406468, 52.392564099999987 ], [ 13.6406582, 52.3924835 ], [ 13.6406605, 52.3924736 ], [ 13.6406621, 52.39246 ], [ 13.6407135, 52.3921899 ], [ 13.6407162, 52.392177 ], [ 13.6407322, 52.3920915 ], [ 13.6407719, 52.391967199999989 ], [ 13.6407768, 52.3919537 ], [ 13.6408237, 52.39182850000001 ], [ 13.6408272, 52.3918148 ], [ 13.6408505, 52.3917227 ], [ 13.6408847, 52.391528 ], [ 13.6408891, 52.3915165 ], [ 13.6409224, 52.3914287 ], [ 13.6409275, 52.3914155 ], [ 13.640947, 52.3913642 ], [ 13.6410583, 52.3911543 ], [ 13.6410677, 52.3911425 ], [ 13.6413292, 52.3909147 ], [ 13.6413435, 52.3909022 ], [ 13.6415196, 52.3907823 ], [ 13.6415302, 52.390775 ], [ 13.6416284, 52.390719 ], [ 13.6416422, 52.3907112 ], [ 13.6426958, 52.3902574 ], [ 13.6429801, 52.3901495 ], [ 13.6431114, 52.390003299999989 ], [ 13.6430578, 52.3899105 ], [ 13.6429455, 52.3897167 ], [ 13.6428168, 52.3895737 ], [ 13.6424878, 52.3892738 ], [ 13.642479, 52.3892644 ], [ 13.6424607, 52.3892501 ], [ 13.6424554, 52.3892459 ], [ 13.6424235, 52.3892201 ], [ 13.6424146, 52.3892127 ], [ 13.6423797, 52.3891846 ], [ 13.6423704, 52.389177 ], [ 13.6423417, 52.38915380000001 ], [ 13.6423307, 52.3891449 ], [ 13.6422909, 52.389112799999985 ], [ 13.6422876, 52.3891094 ], [ 13.642284, 52.3891057 ], [ 13.6422263, 52.3890525 ], [ 13.6422174, 52.3890441 ], [ 13.6421696, 52.3889996 ], [ 13.6421642, 52.3889946 ], [ 13.6421609, 52.388991199999985 ], [ 13.6421469, 52.3889766 ], [ 13.64214, 52.3889695 ], [ 13.6421155, 52.388944 ], [ 13.6421092, 52.3889375 ], [ 13.6420734, 52.3889002 ], [ 13.6420679, 52.3888945 ], [ 13.6420409, 52.3888664 ], [ 13.6420349, 52.3888602 ], [ 13.642003, 52.388827 ], [ 13.6419972, 52.3888209 ], [ 13.6419925, 52.3888161 ], [ 13.6419681, 52.3887825 ], [ 13.6419618, 52.3887738 ], [ 13.6419412, 52.3887454 ], [ 13.6419348, 52.3887365 ], [ 13.6419007, 52.3886896 ], [ 13.6418955, 52.3886825 ], [ 13.6418717, 52.3886496 ], [ 13.6418657, 52.3886415 ], [ 13.6418396, 52.3886054 ], [ 13.6418337, 52.3885973 ], [ 13.641808, 52.3885618 ], [ 13.6418021, 52.3885541 ], [ 13.6417812, 52.3885251 ], [ 13.6417726, 52.38851 ], [ 13.6417693, 52.3885043 ], [ 13.6417381, 52.388449499999986 ], [ 13.6417333, 52.3884409 ], [ 13.6417104, 52.3884007 ], [ 13.6417035, 52.3883896 ], [ 13.6416688, 52.388328499999986 ], [ 13.6416632, 52.388318499999976 ], [ 13.6416347, 52.3882688 ], [ 13.6416297, 52.38826 ], [ 13.6415941, 52.3881953 ], [ 13.6415891, 52.3881863 ], [ 13.6415479, 52.3881115 ], [ 13.641542, 52.3881008 ], [ 13.641514, 52.38805 ], [ 13.6415101, 52.3880429 ], [ 13.6414854, 52.3879981 ], [ 13.6414803, 52.3879888 ], [ 13.6414546, 52.3879422 ], [ 13.6414497, 52.3879332 ], [ 13.6414137, 52.3878678 ], [ 13.6414092, 52.3878597 ], [ 13.6413798, 52.387806399999988 ], [ 13.6413783, 52.3878036 ], [ 13.6413753, 52.3878004 ], [ 13.6413385, 52.3877616 ], [ 13.6413307, 52.3877534 ], [ 13.6412965, 52.3877173 ], [ 13.6412712, 52.3876907 ], [ 13.6412564, 52.387662 ], [ 13.6412173, 52.3875859 ], [ 13.6411086, 52.3874049 ], [ 13.6411016, 52.3873919 ], [ 13.6410493, 52.387296 ], [ 13.6410251, 52.3872152 ], [ 13.6409931, 52.3870944 ], [ 13.6409893, 52.3870801 ], [ 13.640974, 52.3870108 ], [ 13.6409776, 52.386918799999982 ], [ 13.6409781, 52.3869065 ], [ 13.6409804, 52.3868572 ], [ 13.6409918, 52.3867462 ], [ 13.6410134, 52.3865359 ], [ 13.6410289, 52.386476799999983 ], [ 13.6410304, 52.3864669 ], [ 13.6410441, 52.3864149 ], [ 13.6410468, 52.3864041 ], [ 13.6410626, 52.3863422 ], [ 13.6410647, 52.386333799999989 ], [ 13.6410715, 52.386307 ], [ 13.6411028, 52.3862424 ], [ 13.6411226, 52.3862014 ], [ 13.64113, 52.3861862 ], [ 13.6412081, 52.3860248 ], [ 13.6412164, 52.3860076 ], [ 13.6413087, 52.3858169 ], [ 13.6414654, 52.3855308 ], [ 13.6415073, 52.3854292 ], [ 13.6415139, 52.3854161 ], [ 13.641526, 52.385347 ], [ 13.6415274, 52.3853393 ], [ 13.6415348, 52.3852985 ], [ 13.6415351, 52.3852921 ], [ 13.6414939, 52.3852799 ], [ 13.6415026, 52.3852587 ], [ 13.641506, 52.3852507 ], [ 13.641561, 52.3851177 ], [ 13.6415673, 52.3851023 ], [ 13.6416098, 52.3849901 ], [ 13.6416143, 52.3849794 ], [ 13.6416262, 52.3849528 ], [ 13.6416555, 52.384928799999983 ], [ 13.6416643, 52.384922 ], [ 13.6417208, 52.384875 ], [ 13.6417298, 52.3848669 ], [ 13.6417538, 52.3848444 ], [ 13.6417661, 52.3848339 ], [ 13.6420437, 52.3846373 ], [ 13.6420602, 52.3846265 ], [ 13.6423166, 52.3844814 ], [ 13.6424858, 52.3843838 ], [ 13.642575, 52.3843289 ], [ 13.6425941, 52.3843175 ], [ 13.6426662, 52.3842687 ], [ 13.6430458, 52.383974899999984 ], [ 13.6431445, 52.3839049 ], [ 13.643159, 52.3838957 ], [ 13.6434252, 52.3837245 ], [ 13.6434405, 52.3837148 ], [ 13.6437295, 52.3835294 ], [ 13.6437435, 52.38352 ], [ 13.6439879, 52.383357 ], [ 13.644003, 52.3833473 ], [ 13.6440906, 52.3832871 ], [ 13.6441071, 52.383276 ], [ 13.6442313, 52.3831929 ], [ 13.6442463, 52.3831816 ], [ 13.644478, 52.38299760000001 ], [ 13.6444898, 52.382986600000017 ], [ 13.6445104, 52.3829318 ], [ 13.64466, 52.3828143 ], [ 13.6446757, 52.3828024 ], [ 13.6447789, 52.3827252 ], [ 13.6448503, 52.3826845 ], [ 13.6448599, 52.382679 ], [ 13.6448716, 52.382673 ], [ 13.6449295, 52.3826434 ], [ 13.6449806, 52.382614599999989 ], [ 13.6449923, 52.3826076 ], [ 13.6449989, 52.3826036 ], [ 13.6450314, 52.3826237 ], [ 13.6452581, 52.382500299999982 ], [ 13.6452767, 52.3824888 ], [ 13.6454522, 52.3823719 ], [ 13.6454699, 52.382361 ], [ 13.6456214, 52.3822261 ], [ 13.6456365, 52.3822165 ], [ 13.6456539, 52.3822002 ], [ 13.6456675, 52.3821893 ], [ 13.6459506, 52.3819296 ], [ 13.6459679, 52.381917 ], [ 13.6460981, 52.381777 ], [ 13.6461104, 52.3817683 ], [ 13.6462512, 52.3816522 ], [ 13.6462669, 52.38163930000001 ], [ 13.646358, 52.38156390000001 ], [ 13.6463638, 52.3815588 ], [ 13.6464268, 52.381506 ], [ 13.6464404, 52.3814946 ], [ 13.6465067, 52.3814366 ], [ 13.6465207, 52.3814254 ], [ 13.6466057, 52.3813528 ], [ 13.6466352, 52.3813306 ], [ 13.6466421, 52.3813248 ], [ 13.6466485, 52.3813195 ], [ 13.6467263, 52.381255499999988 ], [ 13.6468234, 52.3811811 ], [ 13.6468357, 52.3811708 ], [ 13.6470134, 52.3810162 ], [ 13.6470262, 52.3810064 ], [ 13.6471657, 52.3808892 ], [ 13.6474829, 52.3807229 ], [ 13.6474935, 52.3807173 ], [ 13.6477661, 52.3805735 ], [ 13.647781, 52.3805662 ], [ 13.6478101, 52.3805498 ], [ 13.6477892, 52.38053510000001 ], [ 13.647874, 52.3804976 ], [ 13.6480882, 52.3804043 ], [ 13.6482926, 52.3802951 ], [ 13.6484015, 52.380242699999989 ], [ 13.648433, 52.3802276 ], [ 13.648506, 52.3801915 ], [ 13.6485621, 52.3801651 ], [ 13.6486125, 52.3801398 ], [ 13.6488474, 52.3801405 ], [ 13.6489908, 52.3801419 ], [ 13.6491986, 52.3801783 ], [ 13.6494386, 52.3802202 ], [ 13.6498164, 52.380286299999987 ], [ 13.6501021, 52.3803362 ], [ 13.6506032, 52.3804238 ], [ 13.6514789, 52.3805738 ], [ 13.6517428, 52.3806 ], [ 13.6519815, 52.380623800000016 ], [ 13.6522152, 52.3806249 ], [ 13.6524321, 52.3805459 ], [ 13.6524865, 52.3804917 ], [ 13.6525088, 52.3804651 ], [ 13.652519, 52.3803573 ], [ 13.6525603, 52.37992 ], [ 13.6525631, 52.3798269 ], [ 13.6525176, 52.3797343 ], [ 13.6523917, 52.3795178 ], [ 13.65227, 52.3792926 ], [ 13.6521727, 52.3791038 ], [ 13.6520617, 52.3788812 ], [ 13.6519816, 52.3787274 ], [ 13.651907, 52.3785711 ], [ 13.6518746, 52.3784537 ], [ 13.6518527, 52.3782783 ], [ 13.651838, 52.3781979 ], [ 13.6518238, 52.3781213 ], [ 13.651647, 52.3781188 ], [ 13.6516034, 52.3780206 ], [ 13.6517464, 52.3780033 ], [ 13.6517433, 52.3779155 ], [ 13.6519818, 52.3778941 ], [ 13.6521325, 52.377926 ], [ 13.6523814, 52.3779544 ], [ 13.652411, 52.3777728 ], [ 13.6523889, 52.3775787 ], [ 13.6524286, 52.3773499 ], [ 13.6526984, 52.3771338 ], [ 13.65285, 52.3770124 ], [ 13.6528863, 52.3766997 ], [ 13.6528892, 52.3766681 ], [ 13.652724, 52.3765921 ], [ 13.652767, 52.376547599999988 ], [ 13.6529076, 52.3765945 ], [ 13.6529244, 52.37658 ], [ 13.6530488, 52.3764726 ], [ 13.6531716, 52.3763358 ], [ 13.6532158, 52.3763302 ], [ 13.6532511, 52.3763257 ], [ 13.6533115, 52.3762672 ], [ 13.6534512, 52.3762181 ], [ 13.6535397, 52.3761737 ], [ 13.6536288, 52.3761102 ], [ 13.6537268, 52.3759745 ], [ 13.653872, 52.3757859 ], [ 13.6538227, 52.3757328 ], [ 13.6535922, 52.3754467 ], [ 13.6535352, 52.3753759 ], [ 13.6539379, 52.3752306 ], [ 13.6543904, 52.3750857 ], [ 13.6546736, 52.3751919 ], [ 13.6548802, 52.3752479 ], [ 13.6550194, 52.3753288 ], [ 13.6552186, 52.3755088 ], [ 13.6554517, 52.375758 ], [ 13.6555601, 52.3759354 ], [ 13.6556582, 52.3760896 ], [ 13.6557385, 52.3761985 ], [ 13.6563258, 52.3763877 ], [ 13.6563518, 52.3763986 ], [ 13.6564664, 52.3764467 ], [ 13.6564793, 52.3764586 ], [ 13.6567477, 52.3771178 ], [ 13.6561309, 52.3788387 ], [ 13.6542592, 52.3821856 ], [ 13.6511948, 52.384075 ], [ 13.651027, 52.3841785 ], [ 13.6492497, 52.3853221 ], [ 13.6491457, 52.385323 ], [ 13.6490889, 52.3853503 ], [ 13.6489034, 52.3854171 ], [ 13.6487737, 52.3855017 ], [ 13.6486915, 52.3855833 ], [ 13.6485982, 52.385689 ], [ 13.6484445, 52.385872 ], [ 13.6483704, 52.3860467 ], [ 13.6483028, 52.386273199999984 ], [ 13.6483101, 52.3865688 ], [ 13.6482971, 52.3868121 ], [ 13.6482221, 52.387084399999985 ], [ 13.648187, 52.3873141 ], [ 13.6482253, 52.3875884 ], [ 13.6483417, 52.3879678 ], [ 13.6484361, 52.3881133 ], [ 13.6484995, 52.3882654 ], [ 13.648517, 52.3883844 ], [ 13.6485837, 52.3886264 ], [ 13.6486595, 52.3887949 ], [ 13.6488159, 52.3890093 ], [ 13.6488665, 52.3890795 ], [ 13.6489505, 52.3892525 ], [ 13.6489857, 52.38942 ], [ 13.6490263, 52.3895653 ], [ 13.6490286, 52.3895811 ], [ 13.6490142, 52.389694499999983 ], [ 13.6490092, 52.3898243 ], [ 13.6490352, 52.3898472 ], [ 13.6490845, 52.3898611 ], [ 13.6491307, 52.3901806 ], [ 13.6491399, 52.3904456 ], [ 13.649131, 52.390724 ], [ 13.6490106, 52.3908704 ], [ 13.6486564, 52.3919925 ], [ 13.6486317, 52.3920602 ], [ 13.6481616, 52.3923937 ], [ 13.647838, 52.3924959 ], [ 13.647636, 52.3926044 ], [ 13.6472912, 52.3927679 ], [ 13.6471842, 52.392909699999983 ], [ 13.647098, 52.3931352 ], [ 13.647024, 52.3939302 ], [ 13.6467659, 52.3942802 ], [ 13.6465507, 52.3945481 ], [ 13.6464983, 52.3946977 ], [ 13.6464936, 52.3948292 ], [ 13.6464818, 52.3949597 ], [ 13.6462221, 52.3956862 ], [ 13.646017, 52.3958923 ], [ 13.6457927, 52.3960504 ], [ 13.6451394, 52.396207899999986 ], [ 13.6445728, 52.3962986 ], [ 13.6437939, 52.3963047 ], [ 13.6435163, 52.396321 ], [ 13.6433667, 52.3963926 ], [ 13.6432907, 52.3964646 ], [ 13.6432465, 52.396615 ], [ 13.6431421, 52.3970098 ], [ 13.6430834, 52.397297599999987 ], [ 13.6430093, 52.3974916 ], [ 13.6428892, 52.397659499999989 ], [ 13.6425506, 52.3979133 ], [ 13.6420596, 52.3981081 ], [ 13.6418638, 52.3982301 ], [ 13.6415438, 52.3983349 ], [ 13.6409837, 52.3986104 ], [ 13.6406379, 52.3988049 ], [ 13.6401082, 52.3993067 ], [ 13.6398295, 52.3996097 ], [ 13.6395973, 52.39984 ], [ 13.6394227, 52.3996459 ], [ 13.6390056, 52.399376799999985 ], [ 13.6387923, 52.3991375 ], [ 13.6387482, 52.3990188 ], [ 13.6387863, 52.3988973 ], [ 13.6388028, 52.3987688 ], [ 13.6387518, 52.398659 ], [ 13.6386796, 52.398612899999989 ], [ 13.6385912, 52.3985371 ], [ 13.6385456, 52.3984983 ], [ 13.6385041, 52.3984814 ], [ 13.6384521, 52.3984832 ], [ 13.6383909, 52.3984949 ], [ 13.6383273, 52.3985077 ], [ 13.63827, 52.3985403 ], [ 13.6381336, 52.3987256 ], [ 13.6380426, 52.3988963 ], [ 13.6380176, 52.3990755 ], [ 13.6380166, 52.39928 ], [ 13.6380219, 52.3994954 ], [ 13.6379784, 52.3999903 ], [ 13.6380414, 52.4003608 ], [ 13.6380724, 52.4005993 ], [ 13.6379714, 52.4008149 ], [ 13.6378307, 52.4009463 ], [ 13.637648, 52.401099299999984 ], [ 13.6375474, 52.4012187 ], [ 13.637431, 52.401446 ], [ 13.6371032, 52.4017578 ], [ 13.6369214, 52.401853 ], [ 13.636752, 52.4018999 ], [ 13.6366547, 52.4018982 ], [ 13.6365915, 52.4018432 ], [ 13.6365444, 52.4017162 ], [ 13.6365082, 52.4016161 ], [ 13.6364029, 52.4015431 ], [ 13.6361956, 52.4014888 ], [ 13.6359891, 52.4014691 ], [ 13.6358139, 52.4015001 ], [ 13.6355108, 52.4016726 ], [ 13.6348374, 52.4022374 ], [ 13.634052, 52.4025517 ], [ 13.633851, 52.402645399999983 ], [ 13.633686, 52.4029217 ], [ 13.6334267, 52.4032334 ], [ 13.633285, 52.4035303 ], [ 13.6329511, 52.4034971 ], [ 13.6327301, 52.4035626 ], [ 13.6326524, 52.4035817 ], [ 13.6325938, 52.4036719 ], [ 13.6323505, 52.4035404 ], [ 13.6322381, 52.4035291 ], [ 13.6321934, 52.4036193 ], [ 13.6320271, 52.403598599999988 ], [ 13.6319101, 52.4036136 ], [ 13.6318793, 52.4037057 ], [ 13.6316656, 52.4037473 ], [ 13.6314859, 52.4038452 ], [ 13.6314158, 52.4041492 ], [ 13.6313204, 52.4041561 ], [ 13.6309921, 52.404714 ], [ 13.6310983, 52.4047965 ], [ 13.6310634, 52.4048842 ], [ 13.6308413, 52.4048762 ], [ 13.630837, 52.4050118 ], [ 13.6305626, 52.4051048 ], [ 13.6305142, 52.405192 ], [ 13.6298081, 52.4055613 ], [ 13.6298526, 52.4058621 ], [ 13.6301488, 52.4062739 ], [ 13.6300617, 52.4064918 ], [ 13.6302533, 52.4066831 ], [ 13.6302707, 52.4068346 ], [ 13.6302272, 52.4072651 ], [ 13.6300399, 52.4074271 ], [ 13.6296043, 52.4080994 ], [ 13.6293909, 52.408343799999983 ], [ 13.6288197, 52.4087005 ], [ 13.6288102, 52.408819199999989 ], [ 13.6288068, 52.4089315 ], [ 13.6287507, 52.4090621 ], [ 13.6286521, 52.4091623 ], [ 13.6284333, 52.4091677 ], [ 13.6283307, 52.4091963 ], [ 13.6282072, 52.4093372 ], [ 13.6276922, 52.4100597 ], [ 13.6272802, 52.41030580000001 ], [ 13.6263997, 52.4105451 ], [ 13.6261242, 52.410591599999989 ], [ 13.6253748, 52.410777 ], [ 13.6250785, 52.4108328 ], [ 13.6248625, 52.4109076 ], [ 13.6246937, 52.411010599999983 ], [ 13.6243904, 52.4110792 ], [ 13.6229957, 52.4111688 ], [ 13.6224982, 52.4111299 ], [ 13.6212021, 52.4108979 ], [ 13.6208657, 52.4107303 ], [ 13.6203118, 52.4105913 ], [ 13.6200289, 52.4106071 ], [ 13.6196343, 52.4107318 ], [ 13.6189875, 52.410834499999986 ], [ 13.6183616, 52.4107095 ], [ 13.6177767, 52.4105522 ], [ 13.6175117, 52.410558 ], [ 13.6173929, 52.410560399999987 ], [ 13.617175, 52.4105799 ], [ 13.6170286, 52.4106123 ], [ 13.6165841, 52.410660900000011 ], [ 13.6162126, 52.4106703 ], [ 13.6158464, 52.41063410000001 ], [ 13.6156762, 52.4106175 ], [ 13.6155226, 52.4105663 ], [ 13.6153034, 52.4105178 ], [ 13.6150807, 52.4104518 ], [ 13.6147128, 52.4104849 ], [ 13.6132977, 52.4106634 ], [ 13.6126741, 52.4108157 ], [ 13.6121755, 52.4109903 ], [ 13.61168, 52.411203 ], [ 13.611281, 52.4113839 ], [ 13.6110363, 52.411484699999981 ], [ 13.610789, 52.41152 ], [ 13.610222, 52.411644599999988 ], [ 13.6097742, 52.4118511 ], [ 13.609609, 52.4119179 ], [ 13.6094872, 52.4119723 ], [ 13.6091066, 52.4121118 ], [ 13.6089961, 52.4121048 ], [ 13.6089411, 52.4120917 ], [ 13.6089029, 52.4121208 ], [ 13.6087252, 52.4121375 ], [ 13.6083018, 52.412254599999983 ], [ 13.6076847, 52.4123436 ], [ 13.6069976, 52.4122444 ], [ 13.606852, 52.4121778 ], [ 13.6067009, 52.4121573 ], [ 13.606459, 52.4121601 ], [ 13.6062004, 52.412205399999984 ], [ 13.6060032, 52.4124288 ], [ 13.6060264, 52.4125312 ], [ 13.6059912, 52.4126218 ], [ 13.605837, 52.4126886 ], [ 13.6054498, 52.4130843 ], [ 13.6053491, 52.4133524 ], [ 13.6050647, 52.4136657 ], [ 13.6046326, 52.4138167 ], [ 13.6042015, 52.4140113 ], [ 13.6036221, 52.4141941 ], [ 13.603291, 52.4143862 ], [ 13.6030708, 52.41452180000001 ], [ 13.6028105, 52.4145986 ], [ 13.6023767, 52.414706099999982 ], [ 13.6021622, 52.4146846 ], [ 13.6019961, 52.414701 ], [ 13.6018333, 52.4147369 ], [ 13.6014315, 52.4147683 ], [ 13.6011668, 52.414828 ], [ 13.6006031, 52.4149779 ], [ 13.6002738, 52.4150206 ], [ 13.5998871, 52.4150777 ], [ 13.5993476, 52.415033 ], [ 13.5989284, 52.414997 ], [ 13.5988588, 52.4149911 ], [ 13.5988187, 52.4149855 ], [ 13.597349, 52.4147436 ], [ 13.5973382, 52.4146678 ], [ 13.5971339, 52.4146214 ], [ 13.5963544, 52.4144335 ], [ 13.5952755, 52.414178 ], [ 13.5945539, 52.4139744 ], [ 13.5942548, 52.4138704 ], [ 13.5941313, 52.4138284 ], [ 13.59396, 52.4137248 ], [ 13.593718, 52.4135759 ], [ 13.5936329, 52.4136261 ], [ 13.593588, 52.4135957 ], [ 13.5936803, 52.4135497 ], [ 13.5936266, 52.4135097 ], [ 13.5932317, 52.4134621 ], [ 13.5932088, 52.4135363 ], [ 13.593093, 52.413524099999982 ], [ 13.5931133, 52.413444299999988 ], [ 13.5928648, 52.4134217 ], [ 13.5928154, 52.41359 ], [ 13.5927621, 52.413584299999989 ], [ 13.592739, 52.4135824 ], [ 13.5926903, 52.4135763 ], [ 13.5927037, 52.413522 ], [ 13.5926752, 52.4135189 ], [ 13.592701, 52.4134112 ], [ 13.5921073, 52.4134198 ], [ 13.5920745, 52.413523 ], [ 13.5919671, 52.4135149 ], [ 13.5919989, 52.4134238 ], [ 13.5916799, 52.4134429 ], [ 13.591655, 52.4135077 ], [ 13.5915979, 52.4135036 ], [ 13.5916147, 52.4134504 ], [ 13.5912445, 52.4134965 ], [ 13.5905854, 52.4136473 ], [ 13.5906616, 52.4136571 ], [ 13.5906367, 52.4137439 ], [ 13.5903749, 52.4137185 ], [ 13.5900466, 52.413892599999983 ], [ 13.5897723, 52.4140222 ], [ 13.589372, 52.4142082 ], [ 13.5892256, 52.414283099999984 ], [ 13.5889424, 52.4144303 ], [ 13.5885874, 52.4146126 ], [ 13.588096, 52.4148553 ], [ 13.5882393, 52.4148803 ], [ 13.5882263, 52.4149029 ], [ 13.5882154, 52.41492190000001 ], [ 13.5880227, 52.4148886 ], [ 13.5877933, 52.4150108 ], [ 13.5877009, 52.4150537 ], [ 13.5870356, 52.4153407 ], [ 13.5867829, 52.4154631 ], [ 13.5865147, 52.4156492 ], [ 13.5860279, 52.4160044 ], [ 13.586038, 52.4162482 ], [ 13.5863637, 52.4165536 ], [ 13.5864607, 52.4167154 ], [ 13.5866788, 52.41696730000001 ], [ 13.5867625, 52.4171925 ], [ 13.5867958, 52.4172718 ], [ 13.586845, 52.4172801 ], [ 13.5868384, 52.4173237 ], [ 13.5868835, 52.4173278 ], [ 13.5868815, 52.4173671 ], [ 13.5868835, 52.417372 ], [ 13.586944, 52.4175046 ], [ 13.5870937, 52.4178921 ], [ 13.5871219, 52.4182763 ], [ 13.5869319, 52.4184907 ], [ 13.5869292, 52.4185694 ], [ 13.5869292, 52.41858 ], [ 13.5871132, 52.4186146 ], [ 13.5871479, 52.4186585 ], [ 13.5871594, 52.4189154 ], [ 13.5871649, 52.4189678 ], [ 13.5871999, 52.418968 ], [ 13.5871972, 52.4190605 ], [ 13.5871928, 52.4192096 ], [ 13.5871484, 52.4193348 ], [ 13.5871337, 52.4193761 ], [ 13.5871353, 52.4194636 ], [ 13.5869696, 52.4199571 ], [ 13.5869736, 52.4203581 ], [ 13.586886, 52.4205536 ], [ 13.5868531, 52.4206362 ], [ 13.5867774, 52.4207342 ], [ 13.5866975, 52.4208176 ], [ 13.5865369, 52.4209682 ], [ 13.5864334, 52.421065299999988 ], [ 13.5860304, 52.420964199999986 ], [ 13.5840775, 52.4204743 ], [ 13.5827173, 52.419910499999986 ], [ 13.5820971, 52.4196561 ], [ 13.5822282, 52.4196893 ], [ 13.5822336, 52.419681 ], [ 13.5823794, 52.4194466 ], [ 13.5824899, 52.4192692 ], [ 13.5825607, 52.419155600000011 ], [ 13.582512, 52.4191197 ], [ 13.582542, 52.4189738 ], [ 13.5825758, 52.4189138 ], [ 13.582618, 52.418855 ], [ 13.5826407, 52.4187999 ], [ 13.5824951, 52.4187801 ], [ 13.582488, 52.4187465 ], [ 13.5824855, 52.4187308 ], [ 13.5824067, 52.4187068 ], [ 13.5824112, 52.4185649 ], [ 13.5824114, 52.4185352 ], [ 13.582411, 52.4184358 ], [ 13.5824109, 52.418414 ], [ 13.5824561, 52.4182673 ], [ 13.5825059, 52.4180338 ], [ 13.5825365, 52.4179412 ], [ 13.5825878, 52.417786199999988 ], [ 13.5826263, 52.4176214 ], [ 13.5826384, 52.4175178 ], [ 13.5826611, 52.4174787 ], [ 13.5826926, 52.4173678 ], [ 13.58278, 52.4171232 ], [ 13.5827977, 52.4170827 ], [ 13.5827036, 52.416987299999988 ], [ 13.5827183, 52.416913 ], [ 13.5827515, 52.4167359 ], [ 13.5827682, 52.4166199 ], [ 13.582777, 52.4165592 ], [ 13.582809, 52.4164223 ], [ 13.5828362, 52.4163182 ], [ 13.5829006, 52.41607 ], [ 13.5830317, 52.4158254 ], [ 13.5832323, 52.4156088 ], [ 13.583319, 52.4155272 ], [ 13.5833475, 52.4154991 ], [ 13.583388, 52.4155082 ], [ 13.5835424, 52.4154639 ], [ 13.583885, 52.4150439 ], [ 13.5839046, 52.414884699999988 ], [ 13.5838449, 52.4142499 ], [ 13.583833, 52.414147 ], [ 13.5838401, 52.4141136 ], [ 13.583888, 52.4139404 ], [ 13.5838778, 52.4139391 ], [ 13.5840471, 52.41370280000001 ], [ 13.5843237, 52.4135937 ], [ 13.5846276, 52.4134723 ], [ 13.5850449, 52.4133015 ], [ 13.5851996, 52.4132389 ], [ 13.5857635, 52.41300660000001 ], [ 13.5860353, 52.4128947 ], [ 13.5861509, 52.4129807 ], [ 13.5862423, 52.4129367 ], [ 13.5862598, 52.4129502 ], [ 13.587029, 52.4126073 ], [ 13.5876207, 52.412351299999983 ], [ 13.587775, 52.41229830000001 ], [ 13.5883683, 52.4121073 ], [ 13.5885961, 52.4120325 ], [ 13.5887213, 52.4119913 ], [ 13.5889195, 52.411927 ], [ 13.5890813, 52.4118749 ], [ 13.5892274, 52.411827799999983 ], [ 13.5893711, 52.4117806 ], [ 13.5895196, 52.4117332 ], [ 13.5896224, 52.4116993 ], [ 13.589665, 52.4116851 ], [ 13.5896885, 52.4116771 ], [ 13.58984, 52.4116428 ], [ 13.5899884, 52.4116233 ], [ 13.5901466, 52.4116077 ], [ 13.5902533, 52.4115957 ], [ 13.590224, 52.4115028 ], [ 13.590256, 52.4114995 ], [ 13.5903285, 52.4114968 ], [ 13.5903377, 52.41152 ], [ 13.5904292, 52.4115112 ], [ 13.5904999, 52.4115045 ], [ 13.5906051, 52.4114944 ], [ 13.5906043, 52.4114767 ], [ 13.5906726, 52.4114796 ], [ 13.5906734, 52.4115035 ], [ 13.5906872, 52.4115031 ], [ 13.5910652, 52.4115069 ], [ 13.5913498, 52.4114982 ], [ 13.5914562, 52.411495100000018 ], [ 13.5915784, 52.411498 ], [ 13.592088, 52.411507899999982 ], [ 13.5921069, 52.4115099 ], [ 13.5923042, 52.4115223 ], [ 13.5925368, 52.41153 ], [ 13.5927476, 52.4115367 ], [ 13.5929393, 52.4115438 ], [ 13.5933678, 52.4115585 ], [ 13.5934526, 52.411561 ], [ 13.5939782, 52.4115806 ], [ 13.5941045, 52.4115861 ], [ 13.5942311, 52.4115919 ], [ 13.594368, 52.4115968 ], [ 13.5945044, 52.4116043 ], [ 13.5947622, 52.4116129 ], [ 13.594889, 52.411617899999989 ], [ 13.595016, 52.4116204 ], [ 13.5951612, 52.4116218 ], [ 13.5951714, 52.4116216 ], [ 13.5951869, 52.4116213 ], [ 13.595256, 52.4116206 ], [ 13.5952805, 52.4116205 ], [ 13.595314, 52.4116197 ], [ 13.5955191, 52.4116166 ], [ 13.5958165, 52.4115868 ], [ 13.5982736, 52.4112741 ], [ 13.5983904, 52.4112606 ], [ 13.5986471, 52.4112273 ], [ 13.5986364, 52.4111754 ], [ 13.5987266, 52.411164799999987 ], [ 13.5988148, 52.4111545 ], [ 13.598987, 52.411134299999986 ], [ 13.5990114, 52.4111855 ], [ 13.5990689, 52.4111781 ], [ 13.5992039, 52.4111609 ], [ 13.6004843, 52.4110012 ], [ 13.600822, 52.4109745 ], [ 13.6009371, 52.410947199999988 ], [ 13.6011689, 52.4108996 ], [ 13.6014562, 52.4107764 ], [ 13.6016402, 52.4106654 ], [ 13.6023954, 52.4101721 ], [ 13.6027985, 52.4099537 ], [ 13.6031656, 52.4097663 ], [ 13.6034204, 52.4096496 ], [ 13.6035974, 52.4095692 ], [ 13.6037492, 52.4095004 ], [ 13.6037899, 52.4094868 ], [ 13.6039163, 52.4094583 ], [ 13.6040845, 52.4094229 ], [ 13.6041297, 52.4093984 ], [ 13.6042183, 52.4093825 ], [ 13.604357, 52.409382 ], [ 13.6044976, 52.4093685 ], [ 13.6050278, 52.4093122 ], [ 13.6055585, 52.4092564 ], [ 13.605693, 52.4092588 ], [ 13.6058721, 52.4092619 ], [ 13.6061899, 52.409267 ], [ 13.6072554, 52.4092916 ], [ 13.607361, 52.4092456 ], [ 13.6075421, 52.4091611 ], [ 13.6076889, 52.4091231 ], [ 13.6079771, 52.4089604 ], [ 13.6081001, 52.4088781 ], [ 13.6081543, 52.4088479 ], [ 13.6087365, 52.4085236 ], [ 13.6089027, 52.4084489 ], [ 13.609837, 52.4084352 ], [ 13.6102847, 52.408060299999988 ], [ 13.6106092, 52.4075963 ], [ 13.6106329, 52.4075625 ], [ 13.610879, 52.4073274 ], [ 13.611626, 52.40704 ], [ 13.6128617, 52.4068615 ], [ 13.6157967, 52.4069518 ] ], [ [ 13.6555884, 52.3787541 ], [ 13.6557257, 52.3787226 ], [ 13.6558201, 52.3786388 ], [ 13.6559403, 52.3785655 ], [ 13.6560261, 52.3784502 ], [ 13.6561549, 52.3782773 ], [ 13.6561978, 52.3780939 ], [ 13.6562493, 52.3779681 ], [ 13.6561978, 52.3779105 ], [ 13.6560862, 52.3779105 ], [ 13.6560261, 52.3779367 ], [ 13.6559145, 52.3780415 ], [ 13.6557686, 52.378162 ], [ 13.6556828, 52.3782825 ], [ 13.6555712, 52.3784083 ], [ 13.6555197, 52.3785235 ], [ 13.6555197, 52.3786598 ], [ 13.6555369, 52.3787436 ], [ 13.6555884, 52.3787541 ] ], [ [ 13.6543729, 52.3806123 ], [ 13.6545069, 52.3804725 ], [ 13.6545226, 52.3803998 ], [ 13.6544739, 52.3803821 ], [ 13.6545816, 52.38030220000001 ], [ 13.6546474, 52.3803036 ], [ 13.6546592, 52.38014410000001 ], [ 13.6547121, 52.3800439 ], [ 13.6548658, 52.3798288 ], [ 13.6549116, 52.3797238 ], [ 13.654941, 52.3796208 ], [ 13.654887, 52.3795932 ], [ 13.6547617, 52.3795861 ], [ 13.654632, 52.379705399999985 ], [ 13.654482, 52.379790599999986 ], [ 13.6542993, 52.3799808 ], [ 13.6542221, 52.3800803 ], [ 13.6541362, 52.38016420000001 ], [ 13.6540466, 52.3802721 ], [ 13.6539872, 52.3803281 ], [ 13.6539793, 52.380394099999982 ], [ 13.6540612, 52.380524 ], [ 13.6541339, 52.3805923 ], [ 13.6542317, 52.3806305 ], [ 13.6543729, 52.3806123 ] ], [ [ 13.6412748, 52.3955606 ], [ 13.6412863, 52.3955134 ], [ 13.6413087, 52.39543819999998 ], [ 13.6413979, 52.3952359 ], [ 13.6413752, 52.3951684 ], [ 13.6412996, 52.3950891 ], [ 13.6411856, 52.3950447 ], [ 13.6407937, 52.3949643 ], [ 13.6403241, 52.3949064 ], [ 13.640051, 52.3949008 ], [ 13.6399276, 52.3949431 ], [ 13.6397805, 52.3950602 ], [ 13.6396806, 52.3951955 ], [ 13.6396888, 52.3952341 ], [ 13.6400565, 52.395365 ], [ 13.6405492, 52.39545110000001 ], [ 13.6408043, 52.3955194 ], [ 13.6409973, 52.3955695 ], [ 13.6411518, 52.3955986 ], [ 13.6412093, 52.395583299999984 ], [ 13.6412748, 52.3955606 ] ], [ [ 13.6300653, 52.4007289 ], [ 13.6301167, 52.400634599999982 ], [ 13.630691, 52.4001598 ], [ 13.6311046, 52.39986170000001 ], [ 13.631181, 52.3997862 ], [ 13.6312215, 52.399700199999984 ], [ 13.6312011, 52.3996252 ], [ 13.6310945, 52.3995545 ], [ 13.6309946, 52.3995148 ], [ 13.6308702, 52.3994891 ], [ 13.6307409, 52.3994888 ], [ 13.6306313, 52.399496299999988 ], [ 13.6304944, 52.3995296 ], [ 13.6297906, 52.3998072 ], [ 13.6296869, 52.3998659 ], [ 13.6295675, 52.3999362 ], [ 13.6293614, 52.4000585 ], [ 13.6292584, 52.4002209 ], [ 13.629164, 52.4004251 ], [ 13.6290743, 52.4005715 ], [ 13.6290348, 52.4006827 ], [ 13.6291784, 52.4007794 ], [ 13.6292939, 52.4008616 ], [ 13.6295157, 52.4008823 ], [ 13.6296291, 52.4008961 ], [ 13.6297992, 52.4008755 ], [ 13.6299451, 52.4008493 ], [ 13.6300223, 52.4008127 ], [ 13.6300653, 52.4007289 ] ] ] } },
{ "type": "Feature", "properties": { "name": "Neuer See", "name_norm": "neuer see", "natural": "water", "water": "pond", "wikidata": "Q73364635", "area_sqkm": 0.046690064725466052, "centroid_lon": 13.342409843277233, "centroid_lat": 52.511382596608854 }, "geometry": { "type": "MultiPolygon", "coordinates": [ [ [ [ 13.3457037, 52.5109511 ], [ 13.3457718, 52.5109129 ], [ 13.3458009, 52.5108567 ], [ 13.3459154, 52.5107424 ], [ 13.3460076, 52.5106338 ], [ 13.3460515, 52.510599 ], [ 13.3461406, 52.51055 ], [ 13.3462401, 52.5105279 ], [ 13.346339, 52.510491 ], [ 13.3464262, 52.5104415 ], [ 13.346472, 52.5104226 ], [ 13.3465006, 52.5104145 ], [ 13.346557, 52.5104082 ], [ 13.3465953, 52.510414299999987 ], [ 13.3466534, 52.5104222 ], [ 13.3466959, 52.5103991 ], [ 13.3467618, 52.5103695 ], [ 13.3468885, 52.5103212 ], [ 13.3470395, 52.5102456 ], [ 13.3470784, 52.510232 ], [ 13.3471155, 52.5102338 ], [ 13.3473422, 52.5102856 ], [ 13.3476171, 52.5102523 ], [ 13.3479903, 52.5103137 ], [ 13.3480422, 52.5103716 ], [ 13.3480841, 52.5104437 ], [ 13.3481629, 52.5104804 ], [ 13.3482292, 52.5104898 ], [ 13.3483039, 52.5104843 ], [ 13.3484196, 52.5104594 ], [ 13.3484875, 52.510429199999983 ], [ 13.3485523, 52.5103833 ], [ 13.3486557, 52.5102506 ], [ 13.3486808, 52.510198699999982 ], [ 13.3487109, 52.5101586 ], [ 13.3487419, 52.5101357 ], [ 13.3487878, 52.5101086 ], [ 13.3488615, 52.5100824 ], [ 13.3489219, 52.51007 ], [ 13.348987, 52.5100686 ], [ 13.349025, 52.5100881 ], [ 13.3490649, 52.5100937 ], [ 13.3491264, 52.5100925 ], [ 13.3492512, 52.510055 ], [ 13.3494035, 52.5099935 ], [ 13.3494558, 52.5099761 ], [ 13.3495089, 52.50997 ], [ 13.3496021, 52.509976 ], [ 13.3496816, 52.509972500000018 ], [ 13.3497431, 52.509954 ], [ 13.3498088, 52.5099127 ], [ 13.3499513, 52.5098809 ], [ 13.350034, 52.5098133 ], [ 13.3500667, 52.5098068 ], [ 13.3500909, 52.5098085 ], [ 13.350214, 52.509827799999989 ], [ 13.3503009, 52.509832 ], [ 13.3504215, 52.5098271 ], [ 13.3504946, 52.5098197 ], [ 13.3505366, 52.5098206 ], [ 13.3505745, 52.5098291 ], [ 13.3505904, 52.5098493 ], [ 13.3505124, 52.5099593 ], [ 13.3504941, 52.5099987 ], [ 13.3505105, 52.510032 ], [ 13.3505035, 52.5100398 ], [ 13.3504881, 52.5100528 ], [ 13.3504246, 52.5100409 ], [ 13.3503415, 52.510048799999986 ], [ 13.3502198, 52.5100183 ], [ 13.3501094, 52.5100025 ], [ 13.3500322, 52.5100085 ], [ 13.3499753, 52.5100271 ], [ 13.3499293, 52.510059 ], [ 13.349905, 52.5101064 ], [ 13.3499179, 52.5101539 ], [ 13.3499966, 52.5102187 ], [ 13.3500431, 52.5102465 ], [ 13.350039, 52.5102679 ], [ 13.3500337, 52.5102803 ], [ 13.3500082, 52.510286899999983 ], [ 13.3499038, 52.5102947 ], [ 13.3497653, 52.5103314 ], [ 13.3495437, 52.5102833 ], [ 13.3493473, 52.5102604 ], [ 13.3491677, 52.5102561 ], [ 13.3490493, 52.5102884 ], [ 13.3488808, 52.5102919 ], [ 13.3488179, 52.5103046 ], [ 13.3486934, 52.5104544 ], [ 13.3486566, 52.5105285 ], [ 13.3486552, 52.5105639 ], [ 13.3486404, 52.5105738 ], [ 13.3486259, 52.5105759 ], [ 13.3482609, 52.51056950000001 ], [ 13.3480295, 52.5105756 ], [ 13.3479564, 52.510563799999979 ], [ 13.3478425, 52.5105203 ], [ 13.3477547, 52.5104502 ], [ 13.34766, 52.5104255 ], [ 13.347568, 52.5104052 ], [ 13.3474453, 52.5103889 ], [ 13.3472301, 52.5103651 ], [ 13.3470539, 52.5103458 ], [ 13.3469468, 52.510356499999986 ], [ 13.3468461, 52.5103812 ], [ 13.3467659, 52.510413 ], [ 13.3467153, 52.5104431 ], [ 13.3466015, 52.5104643 ], [ 13.3465727, 52.5104601 ], [ 13.346529, 52.5104543 ], [ 13.3464856, 52.51045890000001 ], [ 13.3464148, 52.5105024 ], [ 13.3463731, 52.510547400000014 ], [ 13.3463026, 52.5105736 ], [ 13.3462507, 52.5105816 ], [ 13.3462299, 52.5105981 ], [ 13.3462343, 52.5106207 ], [ 13.346257, 52.5106553 ], [ 13.3463125, 52.5106781 ], [ 13.346357, 52.510719 ], [ 13.3463731, 52.510755099999983 ], [ 13.3463155, 52.51080850000001 ], [ 13.3462757, 52.51086990000001 ], [ 13.3462511, 52.510890399999987 ], [ 13.3462229, 52.510897199999988 ], [ 13.3461895, 52.510895199999986 ], [ 13.3461614, 52.5108937 ], [ 13.3461412, 52.5108986 ], [ 13.3460959, 52.510926099999985 ], [ 13.3460442, 52.5109528 ], [ 13.3460179, 52.5109579 ], [ 13.3459903, 52.510957 ], [ 13.3459766, 52.510952599999989 ], [ 13.3459159, 52.5109153 ], [ 13.3458769, 52.5109093 ], [ 13.3458416, 52.510916199999976 ], [ 13.3458094, 52.5109288 ], [ 13.3457828, 52.5109438 ], [ 13.3457299, 52.5109729 ], [ 13.3457178, 52.5109636 ], [ 13.3457037, 52.5109511 ] ], [ [ 13.3460042, 52.5108956 ], [ 13.3460253, 52.510890099999983 ], [ 13.3460648, 52.510876899999985 ], [ 13.3461077, 52.5108691 ], [ 13.3461377, 52.5108549 ], [ 13.3461802, 52.5108546 ], [ 13.3462032, 52.5108468 ], [ 13.3462408, 52.5108117 ], [ 13.3462355, 52.5107105 ], [ 13.3462092, 52.5106854 ], [ 13.346182, 52.5106737 ], [ 13.3461516, 52.5106668 ], [ 13.3461082, 52.5106758 ], [ 13.3460756, 52.5106842 ], [ 13.3460332, 52.5107013 ], [ 13.3460123, 52.5107176 ], [ 13.3460088, 52.5107437 ], [ 13.3459706, 52.5107661 ], [ 13.3459536, 52.5107874 ], [ 13.3459381, 52.5108081 ], [ 13.3459349, 52.510824 ], [ 13.3459499, 52.5108507 ], [ 13.3459623, 52.5108829 ], [ 13.345979, 52.5108922 ], [ 13.3460042, 52.5108956 ] ], [ [ 13.3494719, 52.5101484 ], [ 13.3495354, 52.5101535 ], [ 13.3495844, 52.5101382 ], [ 13.3496023, 52.5101033 ], [ 13.3495868, 52.5100731 ], [ 13.3495085, 52.5100592 ], [ 13.3494361, 52.5100796 ], [ 13.3494236, 52.5101047 ], [ 13.3494427, 52.510136 ], [ 13.3494719, 52.5101484 ] ] ], [ [ [ 13.3410827, 52.5106897 ], [ 13.3410855, 52.5107142 ], [ 13.3409948, 52.5108133 ], [ 13.3409923, 52.51084 ], [ 13.3410626, 52.510892 ], [ 13.3411204, 52.5109004 ], [ 13.3411687, 52.5108945 ], [ 13.3413189, 52.5108683 ], [ 13.3413458, 52.5108743 ], [ 13.3413741, 52.5108805 ], [ 13.341403, 52.510905 ], [ 13.3414287, 52.5109353 ], [ 13.3414909, 52.511064 ], [ 13.3415085, 52.511116 ], [ 13.3415437, 52.5111611 ], [ 13.3416126, 52.5111984 ], [ 13.3416668, 52.5112054 ], [ 13.3417535, 52.5111894 ], [ 13.3418332, 52.5111695 ], [ 13.3419336, 52.5111292 ], [ 13.3419532, 52.5111053 ], [ 13.3419422, 52.5110716 ], [ 13.3418981, 52.5110312 ], [ 13.3419135, 52.5109656 ], [ 13.3419497, 52.51092580000001 ], [ 13.3419969, 52.510883 ], [ 13.3420653, 52.5108463 ], [ 13.3421808, 52.510806 ], [ 13.3422452, 52.5107965 ], [ 13.3424527, 52.5107724 ], [ 13.3426069, 52.510768 ], [ 13.3426993, 52.5107686 ], [ 13.342829, 52.5107026 ], [ 13.3428852, 52.5106775 ], [ 13.3429453, 52.5106345 ], [ 13.3429877, 52.5105878 ], [ 13.3429895, 52.5105182 ], [ 13.3428921, 52.5104146 ], [ 13.34291, 52.5103516 ], [ 13.3429652, 52.5103236 ], [ 13.3430064, 52.5103156 ], [ 13.3430306, 52.5103337 ], [ 13.3431096, 52.5103992 ], [ 13.3433032, 52.5104743 ], [ 13.3433545, 52.5104885 ], [ 13.3434917, 52.5104941 ], [ 13.3435947, 52.5104944 ], [ 13.3436841, 52.5104655 ], [ 13.3437864, 52.51042 ], [ 13.3438452, 52.5103987 ], [ 13.3438918, 52.5103899 ], [ 13.3439111, 52.5103896 ], [ 13.3439719, 52.5104095 ], [ 13.3440311, 52.5104676 ], [ 13.3440487, 52.510520399999983 ], [ 13.3441178, 52.5105569 ], [ 13.344135, 52.510583 ], [ 13.3441434, 52.5106091 ], [ 13.3440876, 52.5106573 ], [ 13.3440525, 52.510657499999986 ], [ 13.3440262, 52.510662 ], [ 13.3439837, 52.51067 ], [ 13.3439578, 52.51068020000001 ], [ 13.3439381, 52.5106983 ], [ 13.3439232, 52.5107169 ], [ 13.3438837, 52.5107729 ], [ 13.3437969, 52.5108126 ], [ 13.3437433, 52.510818 ], [ 13.3437036, 52.5108184 ], [ 13.3436457, 52.510812 ], [ 13.3435907, 52.5108018 ], [ 13.3435372, 52.5108009 ], [ 13.3435112, 52.5108054 ], [ 13.3434781, 52.5108226 ], [ 13.3434605, 52.5108417 ], [ 13.3434602, 52.5109029 ], [ 13.3433966, 52.5109234 ], [ 13.3432632, 52.5109044 ], [ 13.3431288, 52.5109388 ], [ 13.3430607, 52.510973799999988 ], [ 13.3430186, 52.5110015 ], [ 13.3429208, 52.5110348 ], [ 13.3429186, 52.5111002 ], [ 13.3429721, 52.5111679 ], [ 13.3430731, 52.5112249 ], [ 13.3432005, 52.5112488 ], [ 13.3434141, 52.5112682 ], [ 13.3435986, 52.5112847 ], [ 13.3436795, 52.51129190000001 ], [ 13.3437939, 52.51135080000001 ], [ 13.343889, 52.5113773 ], [ 13.3439643, 52.5113773 ], [ 13.3441731, 52.5113462 ], [ 13.3445126, 52.5112509 ], [ 13.344693, 52.511207 ], [ 13.3448269, 52.511187099999987 ], [ 13.3448474, 52.511131 ], [ 13.3448927, 52.5110988 ], [ 13.3450728, 52.511117 ], [ 13.3451258, 52.5110751 ], [ 13.3451727, 52.5110121 ], [ 13.3452315, 52.5110089 ], [ 13.3453654, 52.511050499999989 ], [ 13.345448, 52.5110489 ], [ 13.345534, 52.5110256 ], [ 13.3456419, 52.5109798 ], [ 13.3456567, 52.5109913 ], [ 13.3456691, 52.5110017 ], [ 13.3455466, 52.51105 ], [ 13.3454342, 52.5110774 ], [ 13.345283, 52.5112035 ], [ 13.3451812, 52.5112323 ], [ 13.3450488, 52.5112388 ], [ 13.3446188, 52.5113725 ], [ 13.3444354, 52.5113974 ], [ 13.3442545, 52.5114551 ], [ 13.3442125, 52.511508100000015 ], [ 13.344229, 52.5115651 ], [ 13.3443544, 52.5116686 ], [ 13.3442368, 52.5116792 ], [ 13.3441111, 52.5116987 ], [ 13.3438228, 52.5118216 ], [ 13.3437978, 52.511880299999987 ], [ 13.3437671, 52.5119323 ], [ 13.343707, 52.5119747 ], [ 13.3436067, 52.5120081 ], [ 13.3434533, 52.5120273 ], [ 13.3433272, 52.512056 ], [ 13.3431754, 52.5121209 ], [ 13.3429472, 52.5121908 ], [ 13.3426558, 52.5122389 ], [ 13.3424453, 52.5122493 ], [ 13.3419451, 52.5124123 ], [ 13.341825, 52.5124423 ], [ 13.3416786, 52.5124477 ], [ 13.3415517, 52.5124316 ], [ 13.3410197, 52.51232790000001 ], [ 13.340924, 52.5122134 ], [ 13.3408086, 52.5121796 ], [ 13.3404854, 52.5121592 ], [ 13.3401604, 52.5121219 ], [ 13.3397299, 52.5121133 ], [ 13.3387068, 52.5121051 ], [ 13.3385148, 52.5121291 ], [ 13.3383519, 52.5121977 ], [ 13.3381421, 52.51235 ], [ 13.3380533, 52.5124633 ], [ 13.337845, 52.5127204 ], [ 13.3378351, 52.5128934 ], [ 13.3377816, 52.5131125 ], [ 13.337644, 52.513169 ], [ 13.3376078, 52.5131835 ], [ 13.3374227, 52.5131461 ], [ 13.3375653, 52.5129064 ], [ 13.3375877, 52.512743 ], [ 13.3375784, 52.512625799999988 ], [ 13.3375728, 52.5125299 ], [ 13.3375305, 52.512451 ], [ 13.3375768, 52.5123886 ], [ 13.3375969, 52.5123293 ], [ 13.3376002, 52.5122887 ], [ 13.3376131, 52.5121098 ], [ 13.3376361, 52.5120657 ], [ 13.3376742, 52.512037 ], [ 13.3377272, 52.5120147 ], [ 13.33784, 52.511986199999988 ], [ 13.3379473, 52.511978799999987 ], [ 13.3381956, 52.5119808 ], [ 13.3382551, 52.5119807 ], [ 13.3382983, 52.5119728 ], [ 13.3383403, 52.511948499999988 ], [ 13.3383676, 52.5119049 ], [ 13.3384599, 52.5117006 ], [ 13.3384231, 52.5115912 ], [ 13.3384469, 52.5114953 ], [ 13.3385073, 52.5113783 ], [ 13.3385652, 52.5113328 ], [ 13.3387102, 52.5111802 ], [ 13.3387997, 52.511108 ], [ 13.3388539, 52.5110805 ], [ 13.3389066, 52.5110667 ], [ 13.3389675, 52.511043799999989 ], [ 13.339112, 52.5110338 ], [ 13.3393602, 52.5110389 ], [ 13.3395037, 52.5110416 ], [ 13.3397412, 52.5110065 ], [ 13.3399474, 52.5109652 ], [ 13.3400885, 52.5109753 ], [ 13.3402607, 52.511023 ], [ 13.3403271, 52.5109992 ], [ 13.3403894, 52.5109841 ], [ 13.3404647, 52.5109527 ], [ 13.3405441, 52.5108923 ], [ 13.3405501, 52.5108683 ], [ 13.3405341, 52.5108527 ], [ 13.3404426, 52.5108194 ], [ 13.3404179, 52.5107978 ], [ 13.3404105, 52.5107631 ], [ 13.3403321, 52.510735600000011 ], [ 13.3402788, 52.5107258 ], [ 13.3402326, 52.5107038 ], [ 13.3401693, 52.5106873 ], [ 13.340097, 52.510653 ], [ 13.3400688, 52.510631 ], [ 13.3399141, 52.510527 ], [ 13.3398347, 52.5104922 ], [ 13.3398023, 52.5104582 ], [ 13.3398096, 52.5104273 ], [ 13.3398685, 52.5104232 ], [ 13.3399623, 52.5104292 ], [ 13.3400196, 52.5104414 ], [ 13.3400738, 52.5104469 ], [ 13.3401994, 52.510472 ], [ 13.3402768, 52.5105411 ], [ 13.34032, 52.510554 ], [ 13.3404708, 52.5105705 ], [ 13.3406024, 52.5105705 ], [ 13.3407198, 52.5105568 ], [ 13.3408385, 52.5105613 ], [ 13.3408627, 52.5105709 ], [ 13.3409821, 52.5106345 ], [ 13.3409973, 52.5106426 ], [ 13.3410741, 52.510673 ], [ 13.3410827, 52.5106897 ] ], [ [ 13.3432439, 52.5119312 ], [ 13.3433191, 52.5119387 ], [ 13.3433963, 52.5119292 ], [ 13.3435183, 52.5119062 ], [ 13.3436313, 52.5118669 ], [ 13.3439102, 52.5117189 ], [ 13.3439796, 52.511674599999985 ], [ 13.3440437, 52.5116167 ], [ 13.3440247, 52.5115646 ], [ 13.343963, 52.5115405 ], [ 13.3438531, 52.5115285 ], [ 13.3437887, 52.5115104 ], [ 13.3437101, 52.5114496 ], [ 13.3436747, 52.511407699999985 ], [ 13.3435936, 52.511359699999986 ], [ 13.3435352, 52.511350099999987 ], [ 13.3432666, 52.5113511 ], [ 13.3431231, 52.5113165 ], [ 13.3430279, 52.5113209 ], [ 13.3429953, 52.5113359 ], [ 13.3429201, 52.5114158 ], [ 13.3429485, 52.5115062 ], [ 13.3430349, 52.5115561 ], [ 13.3431297, 52.5116004 ], [ 13.3431599, 52.5116375 ], [ 13.3430894, 52.5118404 ], [ 13.3431497, 52.5118989 ], [ 13.3432439, 52.5119312 ] ], [ [ 13.3404288, 52.5119119 ], [ 13.3403896, 52.5119598 ], [ 13.3403826, 52.511994699999988 ], [ 13.340409, 52.5119989 ], [ 13.3405026, 52.511981 ], [ 13.3406057, 52.5120081 ], [ 13.3406659, 52.5119988 ], [ 13.3407815, 52.5119207 ], [ 13.3408405, 52.5119008 ], [ 13.3409208, 52.5117981 ], [ 13.3409615, 52.5117827 ], [ 13.3409708, 52.5117316 ], [ 13.3409964, 52.5116807 ], [ 13.34101, 52.511668899999989 ], [ 13.341074, 52.5116491 ], [ 13.3411523, 52.5115904 ], [ 13.3413098, 52.5115409 ], [ 13.3413177, 52.511517 ], [ 13.341296, 52.5115042 ], [ 13.3412555, 52.5114971 ], [ 13.3411955, 52.5114699 ], [ 13.3411793, 52.5114443 ], [ 13.3412139, 52.5113706 ], [ 13.3412076, 52.511320699999985 ], [ 13.3411269, 52.511287399999986 ], [ 13.341013, 52.5112833 ], [ 13.3409268, 52.5112283 ], [ 13.3409337, 52.5111714 ], [ 13.340957, 52.511147200000011 ], [ 13.341018, 52.51112 ], [ 13.3410157, 52.511069 ], [ 13.3409132, 52.51106690000001 ], [ 13.3408659, 52.5110307 ], [ 13.3408444, 52.5109767 ], [ 13.3408267, 52.5109439 ], [ 13.3407886, 52.5109158 ], [ 13.3407335, 52.5109011 ], [ 13.3406401, 52.5109226 ], [ 13.3405522, 52.5109766 ], [ 13.3404335, 52.5110326 ], [ 13.3403685, 52.5110736 ], [ 13.340318, 52.5111227 ], [ 13.3403141, 52.5111888 ], [ 13.3404237, 52.51130040000001 ], [ 13.3404821, 52.511388 ], [ 13.3405206, 52.511498699999983 ], [ 13.3405333, 52.5116064 ], [ 13.3405414, 52.511715199999983 ], [ 13.3404859, 52.511788 ], [ 13.3404288, 52.5119119 ] ], [ [ 13.3423379, 52.5121824 ], [ 13.3424414, 52.5121596 ], [ 13.3425885, 52.5120907 ], [ 13.3426758, 52.5120014 ], [ 13.3426861, 52.5119727 ], [ 13.3426594, 52.5119433 ], [ 13.3426292, 52.5119234 ], [ 13.3425809, 52.5119099 ], [ 13.342515, 52.5119132 ], [ 13.342444, 52.5119192 ], [ 13.3423848, 52.5119319 ], [ 13.3423618, 52.5119513 ], [ 13.3423373, 52.5119963 ], [ 13.3422951, 52.5120166 ], [ 13.3422465, 52.512018799999986 ], [ 13.3422025, 52.5120092 ], [ 13.3420973, 52.51200450000001 ], [ 13.3420067, 52.5120303 ], [ 13.3419642, 52.51206650000001 ], [ 13.3419454, 52.5120741 ], [ 13.3419365, 52.512100699999984 ], [ 13.3419419, 52.5121191 ], [ 13.3420662, 52.5121606 ], [ 13.3420892, 52.5121713 ], [ 13.3421417, 52.512177899999983 ], [ 13.3422045, 52.512192 ], [ 13.3423379, 52.5121824 ] ], [ [ 13.3414647, 52.5116829 ], [ 13.3413481, 52.5116858 ], [ 13.3413109, 52.5117097 ], [ 13.341286, 52.5117303 ], [ 13.3412442, 52.5117516 ], [ 13.3412143, 52.5117585 ], [ 13.3411844, 52.511777 ], [ 13.341142, 52.5118498 ], [ 13.3411857, 52.5118579 ], [ 13.3412634, 52.511843799999987 ], [ 13.3413758, 52.5118516 ], [ 13.341442, 52.5118477 ], [ 13.3414723, 52.5118197 ], [ 13.3415627, 52.511767 ], [ 13.3415789, 52.5117547 ], [ 13.3415902, 52.5117314 ], [ 13.341567, 52.511687 ], [ 13.3415448, 52.5116812 ], [ 13.3414963, 52.5116791 ], [ 13.3414647, 52.5116829 ] ], [ [ 13.3422393, 52.5109065 ], [ 13.3422632, 52.510936 ], [ 13.3422799, 52.510946 ], [ 13.3422991, 52.5109741 ], [ 13.3422969, 52.510993 ], [ 13.3423454, 52.5110345 ], [ 13.3423779, 52.5110338 ], [ 13.342418, 52.5110246 ], [ 13.3424364, 52.5110091 ], [ 13.3424594, 52.5109804 ], [ 13.3424595, 52.5109612 ], [ 13.3424585, 52.5109252 ], [ 13.3424453, 52.5108973 ], [ 13.3424269, 52.5108882 ], [ 13.3423963, 52.5108689 ], [ 13.3423522, 52.5108574 ], [ 13.3422955, 52.510858600000013 ], [ 13.3422662, 52.5108716 ], [ 13.3422392, 52.5108985 ], [ 13.3422393, 52.5109065 ] ], [ [ 13.3421337, 52.51101460000001 ], [ 13.3420974, 52.5110517 ], [ 13.342088, 52.5110819 ], [ 13.3420641, 52.5111537 ], [ 13.3420751, 52.511214099999989 ], [ 13.3421015, 52.5112209 ], [ 13.3421432, 52.5112145 ], [ 13.3421669, 52.5112051 ], [ 13.3422023, 52.5112002 ], [ 13.3422651, 52.5111731 ], [ 13.3422745, 52.511159 ], [ 13.3422758, 52.5111383 ], [ 13.3422286, 52.5110891 ], [ 13.3422289, 52.5110353 ], [ 13.3422154, 52.5110173 ], [ 13.3421939, 52.5110064 ], [ 13.3421523, 52.511008699999984 ], [ 13.3421337, 52.51101460000001 ] ], [ [ 13.3397107, 52.511129200000013 ], [ 13.3394972, 52.5111328 ], [ 13.3393006, 52.5111388 ], [ 13.3390832, 52.511152199999984 ], [ 13.3389628, 52.5111694 ], [ 13.3388907, 52.5112057 ], [ 13.3388085, 52.5112638 ], [ 13.3387424, 52.5113259 ], [ 13.3386956, 52.5114123 ], [ 13.3386387, 52.5115054 ], [ 13.338616, 52.5115374 ], [ 13.3386401, 52.5117466 ], [ 13.338608, 52.5118128 ], [ 13.3385337, 52.5119189 ], [ 13.3385375, 52.5119556 ], [ 13.3385767, 52.5119795 ], [ 13.3386172, 52.5119853 ], [ 13.340097, 52.5119867 ], [ 13.3401953, 52.5119489 ], [ 13.3402759, 52.5118946 ], [ 13.3403303, 52.5118376 ], [ 13.3403862, 52.511768 ], [ 13.3404001, 52.5116944 ], [ 13.340398, 52.5115328 ], [ 13.3403593, 52.5114303 ], [ 13.3402923, 52.5113237 ], [ 13.3401309, 52.51116 ], [ 13.340055, 52.5111339 ], [ 13.3399226, 52.5111621 ], [ 13.3397107, 52.511129200000013 ] ] ] ] } },
{ "type": "Feature", "properties": { "name": "Schäfersee", "name_norm": "schafersee", "natural": "water", "water": "lake", "wikidata": "Q2258294", "area_sqkm": 0.041905922498741366, "centroid_lon": 13.360881486397284, "centroid_lat": 52.564429077294193 }, "geometry": { "type": "Polygon", "coordinates": [ [ [ 13.3625059, 52.563949 ], [ 13.3625243, 52.5639921 ], [ 13.3625408, 52.5642293 ], [ 13.3625796, 52.564364 ], [ 13.3626156, 52.5644531 ], [ 13.3626192, 52.5645615 ], [ 13.3625027, 52.5648093 ], [ 13.362336, 52.5649352 ], [ 13.3619893, 52.5651864 ], [ 13.3619177, 52.5652215 ], [ 13.3618186, 52.5652532 ], [ 13.3616903, 52.5652765 ], [ 13.3616065, 52.5652972 ], [ 13.361474, 52.5653125 ], [ 13.3613072, 52.5653388 ], [ 13.3610905, 52.565362 ], [ 13.3610327, 52.56537920000001 ], [ 13.3607974, 52.5654048 ], [ 13.3603017, 52.565401399999985 ], [ 13.3601838, 52.5653899 ], [ 13.3600713, 52.5653713 ], [ 13.3598621, 52.5653276 ], [ 13.3596797, 52.5652833 ], [ 13.3595142, 52.5652309 ], [ 13.3594096, 52.565192 ], [ 13.3592444, 52.5650934 ], [ 13.35908, 52.5649108 ], [ 13.3591138, 52.564826600000011 ], [ 13.3591636, 52.5648027 ], [ 13.3591826, 52.5648024 ], [ 13.3592011, 52.5647967 ], [ 13.3592271, 52.564785 ], [ 13.3592424, 52.5647649 ], [ 13.3592464, 52.5647475 ], [ 13.3592354, 52.5647276 ], [ 13.3592137, 52.5647111 ], [ 13.3591893, 52.5647025 ], [ 13.3591542, 52.5646986 ], [ 13.3590996, 52.5646693 ], [ 13.359076, 52.5646287 ], [ 13.359076, 52.5645588 ], [ 13.3591028, 52.564492799999982 ], [ 13.3591728, 52.5643967 ], [ 13.3592059, 52.5642703 ], [ 13.3592837, 52.5642307 ], [ 13.3593885, 52.5640941 ], [ 13.3593703, 52.5640767 ], [ 13.3594332, 52.5640399 ], [ 13.3594592, 52.5640012 ], [ 13.3595048, 52.56394860000001 ], [ 13.3595686, 52.5638827 ], [ 13.3596409, 52.5638204 ], [ 13.3596842, 52.5637946 ], [ 13.3597959, 52.5637515 ], [ 13.3597935, 52.5637338 ], [ 13.359851, 52.5637276 ], [ 13.3599937, 52.56365610000001 ], [ 13.3601995, 52.5635641 ], [ 13.3603378, 52.5635175 ], [ 13.3605048, 52.5634741 ], [ 13.3606585, 52.5634402 ], [ 13.3609178, 52.5634029 ], [ 13.361204, 52.5633959 ], [ 13.3613423, 52.563387 ], [ 13.3614638, 52.5633948 ], [ 13.3616219, 52.5634172 ], [ 13.3617596, 52.563452599999984 ], [ 13.3619443, 52.5635274 ], [ 13.3620468, 52.56357890000001 ], [ 13.3621425, 52.5636371 ], [ 13.3622867, 52.5637357 ], [ 13.3624155, 52.5638533 ], [ 13.3625059, 52.563949 ] ], [ [ 13.3601603, 52.5653061 ], [ 13.3601724, 52.5652963 ], [ 13.3601811, 52.5652917 ], [ 13.3601827, 52.565279 ], [ 13.3601769, 52.5652663 ], [ 13.3601531, 52.565256 ], [ 13.3601208, 52.565252 ], [ 13.3600839, 52.5652443 ], [ 13.3600488, 52.56522970000001 ], [ 13.3600208, 52.5652126 ], [ 13.3599623, 52.5651951 ], [ 13.3599131, 52.5651735 ], [ 13.3598596, 52.565155899999986 ], [ 13.3598198, 52.5651522 ], [ 13.3597693, 52.5651574 ], [ 13.3597487, 52.5651728 ], [ 13.359742, 52.5651805 ], [ 13.3597444, 52.5651881 ], [ 13.3597858, 52.5651965 ], [ 13.3598939, 52.5652269 ], [ 13.3599565, 52.5652515 ], [ 13.3600532, 52.5652792 ], [ 13.3600955, 52.565291499999987 ], [ 13.3601118, 52.565302699999989 ], [ 13.3601334, 52.5653084 ], [ 13.3601603, 52.5653061 ] ] ] } },
{ "type": "Feature", "properties": { "name": "Springpfuhl", "name_norm": "springpfuhl", "natural": "water", "water": "lake", "wikidata": "Q56395569", "area_sqkm": 0.01297907354420612, "centroid_lon": 13.540301000022128, "centroid_lat": 52.529139119876554 }, "geometry": { "type": "MultiPolygon", "coordinates": [ [ [ [ 13.5409005, 52.5296428 ], [ 13.5410228, 52.5297079 ], [ 13.5411159, 52.52978250000001 ], [ 13.5411416, 52.5298647 ], [ 13.541137, 52.5299345 ], [ 13.5411494, 52.5299993 ], [ 13.5411472, 52.5300815 ], [ 13.5411248, 52.5301618 ], [ 13.5410645, 52.5302155 ], [ 13.541012, 52.5302378 ], [ 13.5408097, 52.5302766 ], [ 13.5407384, 52.5302786 ], [ 13.5406421, 52.5302528 ], [ 13.540584, 52.5302202 ], [ 13.5405605, 52.5301801 ], [ 13.5405533, 52.530124499999985 ], [ 13.5405728, 52.530051 ], [ 13.5406064, 52.529968 ], [ 13.5406756, 52.5299 ], [ 13.5407918, 52.5298178 ], [ 13.5408479, 52.5297597 ], [ 13.5408589, 52.5297111 ], [ 13.540828, 52.5296682 ], [ 13.5409005, 52.5296428 ] ] ], [ [ [ 13.5407402, 52.5295722 ], [ 13.5406633, 52.5294985 ], [ 13.5406217, 52.5294591 ], [ 13.5405164, 52.5294025 ], [ 13.540412, 52.5293768 ], [ 13.5402846, 52.5293632 ], [ 13.5400964, 52.5293302 ], [ 13.5399655, 52.529283499999984 ], [ 13.5397026, 52.529131399999983 ], [ 13.5395732, 52.5291043 ], [ 13.5394225, 52.5290918 ], [ 13.5392577, 52.529113 ], [ 13.5391676, 52.5291409 ], [ 13.5389717, 52.5292148 ], [ 13.5388043, 52.529246 ], [ 13.5386598, 52.529251899999984 ], [ 13.5385084, 52.5292595 ], [ 13.5384428, 52.529240899999984 ], [ 13.5384578, 52.5291857 ], [ 13.5384021, 52.5290936 ], [ 13.538379, 52.5290008 ], [ 13.538417, 52.5288846 ], [ 13.5384567, 52.5288422 ], [ 13.5385519, 52.528841 ], [ 13.5386168, 52.5287914 ], [ 13.5387673, 52.5287803 ], [ 13.5389563, 52.5288105 ], [ 13.5391985, 52.528914299999983 ], [ 13.5392748, 52.528944 ], [ 13.5393672, 52.5289715 ], [ 13.5394504, 52.5289816 ], [ 13.5395615, 52.5289809 ], [ 13.5397028, 52.5289541 ], [ 13.5397805, 52.5289153 ], [ 13.5398517, 52.5288579 ], [ 13.5398859, 52.5288163 ], [ 13.5399599, 52.5287757 ], [ 13.5405203, 52.5287729 ], [ 13.5406374, 52.5285557 ], [ 13.5406793, 52.5284802 ], [ 13.5412724, 52.5284799 ], [ 13.5413614, 52.5285699 ], [ 13.5414043, 52.5286617 ], [ 13.5414042, 52.5289144 ], [ 13.5412189, 52.5292252 ], [ 13.5411396, 52.5292703 ], [ 13.5408833, 52.5293815 ], [ 13.540836, 52.5294162 ], [ 13.540802, 52.52948330000001 ], [ 13.5408205, 52.5295508 ], [ 13.5407402, 52.5295722 ] ], [ [ 13.5401109, 52.5291764 ], [ 13.5401693, 52.5292449 ], [ 13.5402568, 52.5292913 ], [ 13.5405057, 52.52926 ], [ 13.5405401, 52.5291764 ], [ 13.5403598, 52.529119 ], [ 13.5402122, 52.5291196 ], [ 13.5401109, 52.5291764 ] ] ] ] } },
{ "type": "Feature", "properties": { "name": "Groß Glienicker See", "name_norm": "groß glienicker see", "natural": "water", "water": "lake", "wikidata": "Q882857", "area_sqkm": 0.63904175283900044, "centroid_lon": 13.112259399844671, "centroid_lat": 52.465373739707964 }, "geometry": { "type": "Polygon", "coordinates": [ [ [ 13.1186265, 52.4730713 ], [ 13.1185062, 52.4733981 ], [ 13.1181201, 52.4736621 ], [ 13.1173652, 52.473885499999987 ], [ 13.1164722, 52.4739705 ], [ 13.1162753, 52.4739012 ], [ 13.1157598, 52.4737196 ], [ 13.1152791, 52.4734059 ], [ 13.1153134, 52.472663499999989 ], [ 13.1155194, 52.4724753 ], [ 13.1153735, 52.4721459 ], [ 13.1149873, 52.471905399999983 ], [ 13.1141461, 52.471576 ], [ 13.1132878, 52.4712937 ], [ 13.1126355, 52.4711159 ], [ 13.1120261, 52.4708963 ], [ 13.1114167, 52.4706819 ], [ 13.1109447, 52.4704989 ], [ 13.1107215, 52.4698453 ], [ 13.1110562, 52.4697721 ], [ 13.1113481, 52.469631 ], [ 13.1115541, 52.4693695 ], [ 13.1115455, 52.4690558 ], [ 13.1110219, 52.4686427 ], [ 13.1104726, 52.4683656 ], [ 13.1102198, 52.4680818 ], [ 13.1100911, 52.4676243 ], [ 13.1098889, 52.4674192 ], [ 13.1093401, 52.4670884 ], [ 13.1093186, 52.466487 ], [ 13.1090093, 52.46601110000001 ], [ 13.108849, 52.4658814 ], [ 13.1086275, 52.4657599 ], [ 13.1084222, 52.4655592 ], [ 13.1081829, 52.465306 ], [ 13.1081669, 52.465289 ], [ 13.1081004, 52.4651905 ], [ 13.1080118, 52.4651298 ], [ 13.1080096, 52.465079899999985 ], [ 13.1079609, 52.4650407 ], [ 13.1078777, 52.4649906 ], [ 13.1076488, 52.464606 ], [ 13.1075973, 52.464219 ], [ 13.1076917, 52.4637693 ], [ 13.1076917, 52.463194 ], [ 13.1078977, 52.4627495 ], [ 13.1078633, 52.4623782 ], [ 13.1079492, 52.4621377 ], [ 13.1081294, 52.4617245 ], [ 13.1081981, 52.4614108 ], [ 13.1080097, 52.4608916 ], [ 13.1079465, 52.4607974 ], [ 13.1079749, 52.4606838 ], [ 13.1076831, 52.460255 ], [ 13.1074857, 52.460187 ], [ 13.1070308, 52.4596327 ], [ 13.1068334, 52.4595699 ], [ 13.1065158, 52.459345 ], [ 13.1061725, 52.4589005 ], [ 13.1059236, 52.458759299999983 ], [ 13.1056403, 52.4583932 ], [ 13.1056661, 52.458189199999985 ], [ 13.1057761, 52.4581037 ], [ 13.1060094, 52.4579225 ], [ 13.106327, 52.4578336 ], [ 13.1068849, 52.4579643 ], [ 13.1078376, 52.458299 ], [ 13.1087646, 52.4586547 ], [ 13.1093896, 52.4590712 ], [ 13.1096744, 52.4592143 ], [ 13.1099233, 52.4592195 ], [ 13.1099834, 52.4591672 ], [ 13.1111421, 52.4589894 ], [ 13.1116313, 52.4588586 ], [ 13.1115197, 52.458231 ], [ 13.1114768, 52.45782830000001 ], [ 13.1115283, 52.457629599999983 ], [ 13.1114511, 52.4572687 ], [ 13.1114682, 52.4571327 ], [ 13.1113309, 52.4567928 ], [ 13.1114425, 52.4567457 ], [ 13.1115626, 52.4567771 ], [ 13.1116828, 52.4568712 ], [ 13.1116914, 52.4569915 ], [ 13.1117086, 52.45710660000001 ], [ 13.1118716, 52.4573472 ], [ 13.1117858, 52.4574152 ], [ 13.1117686, 52.4575877 ], [ 13.1116141, 52.4577342 ], [ 13.1115626, 52.4578283 ], [ 13.1116056, 52.4582258 ], [ 13.1116346, 52.45836460000001 ], [ 13.1117343, 52.4588429 ], [ 13.1117858, 52.4588691 ], [ 13.1120802, 52.458908799999989 ], [ 13.1123177, 52.4589649 ], [ 13.1124287, 52.4589987 ], [ 13.112687, 52.4590901 ], [ 13.1128474, 52.4591386 ], [ 13.1130257, 52.4592163 ], [ 13.113191, 52.4592767 ], [ 13.1133174, 52.4593442 ], [ 13.1138027, 52.4597025 ], [ 13.1139961, 52.4599324 ], [ 13.1140554, 52.4600745 ], [ 13.1141055, 52.4602353 ], [ 13.1141558, 52.4603678 ], [ 13.1141901, 52.460580400000012 ], [ 13.1142148, 52.4609314 ], [ 13.1142158, 52.4609451 ], [ 13.1142846, 52.4609974 ], [ 13.1144181, 52.4610255 ], [ 13.1145008, 52.4610211 ], [ 13.1145097, 52.461054499999989 ], [ 13.1145147, 52.4610732 ], [ 13.1144039, 52.4610972 ], [ 13.1143262, 52.4611029 ], [ 13.1142707, 52.4611249 ], [ 13.1142741, 52.461224 ], [ 13.1142872, 52.4613658 ], [ 13.1145132, 52.4619252 ], [ 13.1146096, 52.4621638 ], [ 13.1146611, 52.4626554 ], [ 13.1147813, 52.4627809 ], [ 13.1148671, 52.4631104 ], [ 13.115056, 52.463466 ], [ 13.1152019, 52.4639889 ], [ 13.1150731, 52.464360199999987 ], [ 13.1148328, 52.4644909 ], [ 13.1142835, 52.4646269 ], [ 13.1142679, 52.4647074 ], [ 13.1142491, 52.4648047 ], [ 13.1137513, 52.4650923 ], [ 13.1136912, 52.4653537 ], [ 13.113511, 52.465474 ], [ 13.1131333, 52.465531500000012 ], [ 13.1127042, 52.4658191 ], [ 13.1129524, 52.466089 ], [ 13.1129369, 52.4661455 ], [ 13.1129102, 52.4662427 ], [ 13.1130303, 52.4664152 ], [ 13.1131333, 52.46641 ], [ 13.1134767, 52.4668074 ], [ 13.1137771, 52.467027 ], [ 13.1144036, 52.4672519 ], [ 13.1155023, 52.4671839 ], [ 13.1161889, 52.466912 ], [ 13.1167039, 52.4674715 ], [ 13.1168717, 52.4686701 ], [ 13.116902, 52.4690584 ], [ 13.1169146, 52.469219099999989 ], [ 13.1168412, 52.46938 ], [ 13.1161546, 52.4698453 ], [ 13.1161031, 52.4700022 ], [ 13.1162061, 52.4701591 ], [ 13.1163949, 52.470342100000011 ], [ 13.1166696, 52.4703996 ], [ 13.1167454, 52.4703972 ], [ 13.1169957, 52.4703891 ], [ 13.1172169, 52.4705607 ], [ 13.1173249, 52.4707244 ], [ 13.1173214, 52.4708416 ], [ 13.1167897, 52.4710584 ], [ 13.1168327, 52.4711349 ], [ 13.1169013, 52.4712571 ], [ 13.117339, 52.4715917 ], [ 13.1178323, 52.471650600000011 ], [ 13.1181818, 52.4718603 ], [ 13.1183862, 52.4720988 ], [ 13.1185237, 52.47222 ], [ 13.1186256, 52.472377599999987 ], [ 13.118754, 52.4726661 ], [ 13.1187357, 52.4729015 ], [ 13.1186265, 52.4730713 ] ], [ [ 13.1102967, 52.4642297 ], [ 13.1104101, 52.4642394 ], [ 13.1104739, 52.4642836 ], [ 13.1104756, 52.4642966 ], [ 13.1105408, 52.4643225 ], [ 13.1105833, 52.4643545 ], [ 13.110623, 52.46435970000001 ], [ 13.1106669, 52.4643441 ], [ 13.1107307, 52.4643329 ], [ 13.1107874, 52.4643018 ], [ 13.1108186, 52.4642595 ], [ 13.1108016, 52.4642206 ], [ 13.1107803, 52.4641895 ], [ 13.1107534, 52.4641524 ], [ 13.1106953, 52.4641222 ], [ 13.1106641, 52.464085899999986 ], [ 13.1106315, 52.464073 ], [ 13.1106201, 52.4640341 ], [ 13.1105989, 52.4640134 ], [ 13.1105563, 52.4639875 ], [ 13.110511, 52.463962 ], [ 13.11041, 52.4639652 ], [ 13.1103214, 52.4640008 ], [ 13.1102576, 52.4640278 ], [ 13.110247, 52.4640742 ], [ 13.110185, 52.4640969 ], [ 13.1102098, 52.464183299999988 ], [ 13.1102558, 52.4642154 ], [ 13.1102814, 52.4642362 ], [ 13.1102967, 52.4642297 ] ], [ [ 13.1105504, 52.4633345 ], [ 13.1104271, 52.4633743 ], [ 13.110386, 52.463410499999988 ], [ 13.1103803, 52.4634537 ], [ 13.1103378, 52.4634744 ], [ 13.1103052, 52.4635021 ], [ 13.1102839, 52.463572 ], [ 13.110311, 52.4636236 ], [ 13.1103024, 52.463667 ], [ 13.1104158, 52.4636895 ], [ 13.1104696, 52.4636964 ], [ 13.1104795, 52.4637421 ], [ 13.1105065, 52.4637508 ], [ 13.1105688, 52.4637309 ], [ 13.1106071, 52.4637421 ], [ 13.1106312, 52.463709299999984 ], [ 13.1106014, 52.4636895 ], [ 13.1106312, 52.463629 ], [ 13.1106752, 52.4636074 ], [ 13.1107673, 52.4635556 ], [ 13.1107588, 52.4635193 ], [ 13.110807, 52.463465799999987 ], [ 13.1107772, 52.4633984 ], [ 13.1107971, 52.4633483 ], [ 13.1107574, 52.4633216 ], [ 13.1107007, 52.4633 ], [ 13.1106213, 52.463295699999989 ], [ 13.1105802, 52.4633397 ], [ 13.1105504, 52.4633345 ] ] ] } },
{ "type": "Feature", "properties": { "name": "Havel", "name_norm": "havel", "natural": "water", "water": "lake", "wikidata": null, "area_sqkm": 3.3774103203818098, "centroid_lon": 13.127598056517185, "centroid_lat": 52.436294151666118 }, "geometry": { "type": "Polygon", "coordinates": [ [ [ 13.1061647, 52.4310563 ], [ 13.1064895, 52.43039790000001 ], [ 13.1064694, 52.4291832 ], [ 13.1067937, 52.4292592 ], [ 13.107201, 52.42922 ], [ 13.1078057, 52.4291351 ], [ 13.1077761, 52.4289822 ], [ 13.1079992, 52.4288211 ], [ 13.1080003, 52.4284227 ], [ 13.1079302, 52.428389899999978 ], [ 13.107859, 52.4283769 ], [ 13.1079568, 52.4281242 ], [ 13.1095753, 52.4259561 ], [ 13.1096329, 52.4259495 ], [ 13.1097353, 52.4259359 ], [ 13.1099471, 52.4258629 ], [ 13.1102996, 52.4257873 ], [ 13.1102627, 52.4257239 ], [ 13.111202, 52.425564 ], [ 13.1122987, 52.425522 ], [ 13.1138627, 52.4254622 ], [ 13.114144, 52.4254826 ], [ 13.1143156, 52.4254535 ], [ 13.1146813, 52.4253512 ], [ 13.1151646, 52.4252622 ], [ 13.1160185, 52.4252139 ], [ 13.1163361, 52.4252363 ], [ 13.1167774, 52.425399099999986 ], [ 13.1170486, 52.4254992 ], [ 13.1174724, 52.425691799999989 ], [ 13.1177365, 52.4258118 ], [ 13.1184821, 52.4262095 ], [ 13.1191409, 52.426872900000014 ], [ 13.1195781, 52.4273064 ], [ 13.1198776, 52.4276035 ], [ 13.1205737, 52.427942 ], [ 13.1208155, 52.4280671 ], [ 13.1210118, 52.4281383 ], [ 13.121189, 52.4282025 ], [ 13.1214572, 52.4282998 ], [ 13.1215985, 52.42839 ], [ 13.121705, 52.4285268 ], [ 13.121735, 52.4286661 ], [ 13.1216513, 52.4288051 ], [ 13.1214804, 52.4289012 ], [ 13.1215779, 52.428952 ], [ 13.1216529, 52.4289312 ], [ 13.1215982, 52.4290079 ], [ 13.1216457, 52.42903 ], [ 13.121704, 52.429024 ], [ 13.1218043, 52.429106 ], [ 13.1218753, 52.429160899999985 ], [ 13.1219282, 52.4291975 ], [ 13.1220111, 52.4292928 ], [ 13.1220303, 52.4293146 ], [ 13.122057, 52.4293391 ], [ 13.1220657, 52.4293484 ], [ 13.1221101, 52.4293715 ], [ 13.1221488, 52.4293895 ], [ 13.1221798, 52.429396799999985 ], [ 13.1221759, 52.4294099 ], [ 13.1221917, 52.4294321 ], [ 13.1222037, 52.4294464 ], [ 13.122216, 52.429461 ], [ 13.1222222, 52.4294684 ], [ 13.12224, 52.4294801 ], [ 13.1222592, 52.4294874 ], [ 13.12226, 52.4294957 ], [ 13.1222489, 52.4294998 ], [ 13.1222489, 52.4295116 ], [ 13.1222837, 52.4295624 ], [ 13.1222977, 52.4295806 ], [ 13.1223128, 52.4295813 ], [ 13.1223343, 52.4295749 ], [ 13.1223602, 52.4295637 ], [ 13.1223793, 52.4295589 ], [ 13.1223948, 52.4295635 ], [ 13.1224184, 52.4295727 ], [ 13.1224443, 52.4295799 ], [ 13.1224626, 52.4295797 ], [ 13.1224863, 52.4295723 ], [ 13.1225078, 52.42955820000001 ], [ 13.1225379, 52.4295542 ], [ 13.1225563, 52.4295483 ], [ 13.1225653, 52.4295389 ], [ 13.1225555, 52.429529 ], [ 13.1224744, 52.429494 ], [ 13.1224797, 52.4294796 ], [ 13.1224846, 52.4294661 ], [ 13.1225088, 52.4293996 ], [ 13.1225981, 52.4292159 ], [ 13.1226323, 52.429161499999985 ], [ 13.1227732, 52.4289649 ], [ 13.122892, 52.4288395 ], [ 13.1230201, 52.428775 ], [ 13.1231442, 52.4287268 ], [ 13.1235504, 52.4285975 ], [ 13.1238604, 52.4285779 ], [ 13.123971, 52.4285794 ], [ 13.1240823, 52.428606899999984 ], [ 13.1241673, 52.428629 ], [ 13.1243443, 52.4286979 ], [ 13.1244959, 52.4287379 ], [ 13.12479, 52.4287466 ], [ 13.1252902, 52.4287239 ], [ 13.1263169, 52.428675 ], [ 13.1266893, 52.4286946 ], [ 13.1269065, 52.4287315 ], [ 13.1274968, 52.4288032 ], [ 13.1278358, 52.4289043 ], [ 13.1280418, 52.4289297 ], [ 13.1282325, 52.4289458 ], [ 13.1285586, 52.429073099999989 ], [ 13.1288365, 52.4292167 ], [ 13.1293119, 52.4295179 ], [ 13.1293311, 52.4295616 ], [ 13.1293667, 52.4296724 ], [ 13.129422, 52.4297349 ], [ 13.1294504, 52.4297949 ], [ 13.1294136, 52.4299133 ], [ 13.1295869, 52.4300123 ], [ 13.1296729, 52.4299351 ], [ 13.1298084, 52.42987870000001 ], [ 13.1301441, 52.4297551 ], [ 13.1303263, 52.4296876 ], [ 13.1304135, 52.4296497 ], [ 13.130614, 52.4295642 ], [ 13.1308812, 52.4294737 ], [ 13.1311318, 52.4294688 ], [ 13.1313324, 52.429473 ], [ 13.1316041, 52.4295399 ], [ 13.1318351, 52.4296077 ], [ 13.1322095, 52.429635499999989 ], [ 13.1324586, 52.4296414 ], [ 13.1330936, 52.429686599999982 ], [ 13.1334457, 52.429749399999984 ], [ 13.1336843, 52.42982090000001 ], [ 13.1339684, 52.4299191 ], [ 13.1341068, 52.4299684 ], [ 13.1343815, 52.4301014 ], [ 13.1346806, 52.4301801 ], [ 13.1351266, 52.4302866 ], [ 13.1356751, 52.4304538 ], [ 13.13602, 52.4305623 ], [ 13.1365592, 52.4307318 ], [ 13.1368307, 52.430829399999986 ], [ 13.1370452, 52.4309556 ], [ 13.1372493, 52.4311778 ], [ 13.1376057, 52.4315224 ], [ 13.1377751, 52.4317752 ], [ 13.1379548, 52.4320853 ], [ 13.1380878, 52.4323678 ], [ 13.1382068, 52.4326638 ], [ 13.1382302, 52.4327568 ], [ 13.1382753, 52.4327889 ], [ 13.1383557, 52.4327833 ], [ 13.138456, 52.4327494 ], [ 13.1384926, 52.4326774 ], [ 13.1386104, 52.4326375 ], [ 13.1386942, 52.4326191 ], [ 13.138856, 52.4325766 ], [ 13.1390781, 52.4325319 ], [ 13.1392327, 52.4325404 ], [ 13.1395238, 52.432556 ], [ 13.1397725, 52.4324756 ], [ 13.1399106, 52.4324747 ], [ 13.1399831, 52.4324718 ], [ 13.1400373, 52.4324512 ], [ 13.1400809, 52.4324222 ], [ 13.140161, 52.4324002 ], [ 13.1402858, 52.4323809 ], [ 13.1404487, 52.4323559 ], [ 13.1407427, 52.4323626 ], [ 13.140897, 52.4323956 ], [ 13.1411019, 52.4324297 ], [ 13.1414827, 52.4325755 ], [ 13.1416157, 52.43267920000001 ], [ 13.141786, 52.4327241 ], [ 13.1419738, 52.4327419 ], [ 13.1420608, 52.4327612 ], [ 13.1421295, 52.4327775 ], [ 13.1422094, 52.4328087 ], [ 13.1422737, 52.432842599999987 ], [ 13.1423612, 52.4329108 ], [ 13.1424243, 52.4329722 ], [ 13.1424589, 52.4330015 ], [ 13.1424962, 52.4330263 ], [ 13.1425408, 52.4330603 ], [ 13.1425727, 52.4331 ], [ 13.1426173, 52.4331455 ], [ 13.1426537, 52.433186 ], [ 13.1426749, 52.43321670000001 ], [ 13.1426988, 52.4332549 ], [ 13.1426737, 52.4335212 ], [ 13.1427598, 52.4337416 ], [ 13.1430035, 52.4340612 ], [ 13.1432398, 52.4343279 ], [ 13.1439663, 52.4348611 ], [ 13.1443404, 52.4352424 ], [ 13.1447952, 52.4356954 ], [ 13.1450008, 52.4359788 ], [ 13.1451119, 52.4360399 ], [ 13.1451907, 52.436097 ], [ 13.1457396, 52.4366886 ], [ 13.1461237, 52.437036 ], [ 13.1464632, 52.4372849 ], [ 13.1468988, 52.4374526 ], [ 13.1472415, 52.4375636 ], [ 13.1475103, 52.43771550000001 ], [ 13.147819, 52.4379389 ], [ 13.1481958, 52.438150099999987 ], [ 13.1483554, 52.4382587 ], [ 13.1484556, 52.4383146 ], [ 13.1486458, 52.4383498 ], [ 13.1488631, 52.4384552 ], [ 13.1490587, 52.4385669 ], [ 13.1491808, 52.4386151 ], [ 13.1492857, 52.4386714 ], [ 13.149724, 52.4388673 ], [ 13.1503093, 52.4391943 ], [ 13.1506595, 52.439524 ], [ 13.1510265, 52.4398162 ], [ 13.1512754, 52.4399614 ], [ 13.1515883, 52.4401262 ], [ 13.1517421, 52.4401729 ], [ 13.1436413, 52.446448099999984 ], [ 13.1433086, 52.4463111 ], [ 13.1430873, 52.4462589 ], [ 13.1425495, 52.4462172 ], [ 13.142172, 52.4461962 ], [ 13.1418716, 52.4461795 ], [ 13.1411137, 52.4462032 ], [ 13.1396996, 52.4461945 ], [ 13.1393833, 52.4461785 ], [ 13.1389305, 52.4461596 ], [ 13.1387701, 52.4461629 ], [ 13.1385926, 52.4461733 ], [ 13.1384745, 52.4461726 ], [ 13.1383626, 52.446175599999982 ], [ 13.1380208, 52.4461878 ], [ 13.1377043, 52.4462136 ], [ 13.1374313, 52.4462559 ], [ 13.1372508, 52.4462866 ], [ 13.137109, 52.4463227 ], [ 13.1370602, 52.4463331 ], [ 13.1368751, 52.4463721 ], [ 13.1365897, 52.4464694 ], [ 13.1365232, 52.446488799999983 ], [ 13.1364573, 52.4465127 ], [ 13.1363877, 52.4465373 ], [ 13.1363236, 52.4465588 ], [ 13.1361395, 52.4466103 ], [ 13.1360613, 52.4466287 ], [ 13.1356031, 52.4467078 ], [ 13.1355035, 52.4467245 ], [ 13.1353348, 52.446696 ], [ 13.1351383, 52.446661 ], [ 13.1350287, 52.4466423 ], [ 13.1347059, 52.4465873 ], [ 13.1343424, 52.44653 ], [ 13.1342865, 52.4464736 ], [ 13.1341534, 52.4463366 ], [ 13.1339273, 52.4460985 ], [ 13.133889, 52.4460626 ], [ 13.1338553, 52.446030699999987 ], [ 13.1338325, 52.4460092 ], [ 13.133766, 52.4459484 ], [ 13.1337267, 52.4459099 ], [ 13.1335743, 52.4457607 ], [ 13.1334672, 52.445651799999979 ], [ 13.1334514, 52.4456364 ], [ 13.1332766, 52.4454723 ], [ 13.1331832, 52.4453765 ], [ 13.1331632, 52.4453559 ], [ 13.133144, 52.4453362 ], [ 13.1331235, 52.4453152 ], [ 13.1330961, 52.445287099999987 ], [ 13.1330439, 52.4452277 ], [ 13.1328643, 52.4449885 ], [ 13.1328458, 52.4449625 ], [ 13.1327905, 52.4448905 ], [ 13.1327022, 52.4447754 ], [ 13.1327001, 52.4447337 ], [ 13.132731, 52.4446632 ], [ 13.1326935, 52.4445986 ], [ 13.1326313, 52.4445319 ], [ 13.1325389, 52.4445163 ], [ 13.132475, 52.4444821 ], [ 13.1316225, 52.44338170000001 ], [ 13.1314786, 52.4430996 ], [ 13.1310458, 52.4427733 ], [ 13.1308702, 52.4427495 ], [ 13.1300503, 52.4426381 ], [ 13.129807, 52.44257850000001 ], [ 13.1289797, 52.442376 ], [ 13.1279755, 52.442330099999985 ], [ 13.1276709, 52.442275199999983 ], [ 13.1273454, 52.4422677 ], [ 13.1272125, 52.4423247 ], [ 13.126641, 52.4423486 ], [ 13.126623, 52.4423494 ], [ 13.1263559, 52.4420871 ], [ 13.1253257, 52.4420377 ], [ 13.1247456, 52.442011299999983 ], [ 13.1242647, 52.4422904 ], [ 13.1240123, 52.4422495 ], [ 13.1240552, 52.442043 ], [ 13.1224603, 52.4418667 ], [ 13.122169, 52.4419763 ], [ 13.1215529, 52.441862 ], [ 13.1210316, 52.4416712 ], [ 13.1203458, 52.4414538 ], [ 13.1193262, 52.4411306 ], [ 13.1190107, 52.4411271 ], [ 13.1180867, 52.4408934 ], [ 13.1171609, 52.4405092 ], [ 13.1168171, 52.4402819 ], [ 13.1167926, 52.4399341 ], [ 13.1166581, 52.439681899999989 ], [ 13.116087, 52.4394634 ], [ 13.1154178, 52.4393361 ], [ 13.1147871, 52.4391891 ], [ 13.1142782, 52.4390507 ], [ 13.1135796, 52.4387844 ], [ 13.1129784, 52.4385091 ], [ 13.1122586, 52.4382057 ], [ 13.1113028, 52.4379296 ], [ 13.110514, 52.4375458 ], [ 13.1100049, 52.437138699999984 ], [ 13.1100225, 52.4366316 ], [ 13.1101458, 52.4361694 ], [ 13.1101556, 52.4360638 ], [ 13.1101995, 52.4356638 ], [ 13.1092314, 52.4356212 ], [ 13.1086407, 52.4355022 ], [ 13.1074279, 52.4351145 ], [ 13.1071962, 52.4350199 ], [ 13.1067597, 52.4346356 ], [ 13.106738, 52.4345636 ], [ 13.1066855, 52.4343885 ], [ 13.106689, 52.43402420000001 ], [ 13.1067007, 52.4338482 ], [ 13.1066847, 52.4331875 ], [ 13.1066458, 52.4330564 ], [ 13.1064932, 52.4330747 ], [ 13.1063444, 52.4329475 ], [ 13.1062795, 52.4328861 ], [ 13.1063913, 52.4327687 ], [ 13.1064417, 52.4326188 ], [ 13.1061944, 52.43238 ], [ 13.1060699, 52.432324599999987 ], [ 13.1058714, 52.4322102 ], [ 13.1056666, 52.4320036 ], [ 13.1056167, 52.4320128 ], [ 13.1061647, 52.4310563 ] ], [ [ 13.1277113, 52.4311153 ], [ 13.1274793, 52.4311341 ], [ 13.1271386, 52.4311365 ], [ 13.1270555, 52.4311284 ], [ 13.1268905, 52.4310981 ], [ 13.126853, 52.4310875 ], [ 13.1267577, 52.431049 ], [ 13.1266907, 52.4310139 ], [ 13.1266317, 52.4309918 ], [ 13.12657, 52.4309526 ], [ 13.1265137, 52.4309403 ], [ 13.126393, 52.4308986 ], [ 13.1263353, 52.4308659 ], [ 13.1262763, 52.4308185 ], [ 13.1261864, 52.43078 ], [ 13.1259504, 52.430619799999988 ], [ 13.1259236, 52.4306091 ], [ 13.1258914, 52.430587 ], [ 13.1258163, 52.4305012 ], [ 13.1258042, 52.4304758 ], [ 13.1256594, 52.4303507 ], [ 13.1256232, 52.4303107 ], [ 13.1256044, 52.4302273 ], [ 13.1255789, 52.4301659 ], [ 13.1255092, 52.4301038 ], [ 13.1254542, 52.4300817 ], [ 13.1253496, 52.4300719 ], [ 13.125194, 52.430067 ], [ 13.1247548, 52.430080899999986 ], [ 13.1246576, 52.4300981 ], [ 13.1245624, 52.4301026 ], [ 13.1244483, 52.4301005 ], [ 13.1243961, 52.4301046 ], [ 13.1241895, 52.4301381 ], [ 13.1241144, 52.4301586 ], [ 13.1240257, 52.4302115 ], [ 13.1239515, 52.430270299999989 ], [ 13.1239421, 52.4302845 ], [ 13.1239153, 52.4302902 ], [ 13.1237537, 52.4302947 ], [ 13.123458, 52.4302976 ], [ 13.1232072, 52.43032740000001 ], [ 13.1230697, 52.4303376 ], [ 13.1229597, 52.4303528 ], [ 13.1227002, 52.4303565 ], [ 13.1226372, 52.4303596 ], [ 13.1224875, 52.4303669 ], [ 13.1224354, 52.4303695 ], [ 13.1222999, 52.4303704 ], [ 13.1221564, 52.430357299999983 ], [ 13.1220467, 52.430353599999989 ], [ 13.1219351, 52.4303499 ], [ 13.1216776, 52.4303074 ], [ 13.1215435, 52.4302951 ], [ 13.1214926, 52.4302861 ], [ 13.1214054, 52.4302608 ], [ 13.1212632, 52.4302485 ], [ 13.1211365, 52.4302236 ], [ 13.121088, 52.4302056 ], [ 13.120991, 52.4301696 ], [ 13.1209461, 52.4301414 ], [ 13.1209038, 52.430102599999984 ], [ 13.1208488, 52.4300686 ], [ 13.120757, 52.4300445 ], [ 13.1207315, 52.4300183 ], [ 13.1207033, 52.4299746 ], [ 13.1206604, 52.4299529 ], [ 13.1206155, 52.4299206 ], [ 13.1205317, 52.429885 ], [ 13.1205048, 52.4298507 ], [ 13.1204814, 52.4298008 ], [ 13.1204143, 52.4297366 ], [ 13.1203137, 52.4296802 ], [ 13.1201488, 52.4296074 ], [ 13.1200723, 52.4295551 ], [ 13.1200267, 52.4295379 ], [ 13.1199315, 52.4295207 ], [ 13.1197843, 52.4295098 ], [ 13.119683, 52.4295133 ], [ 13.1195788, 52.4295307 ], [ 13.119409, 52.429574199999983 ], [ 13.1193106, 52.4296177 ], [ 13.1191878, 52.4296951 ], [ 13.1191265, 52.4297195 ], [ 13.1190537, 52.4297674 ], [ 13.119038, 52.4297891 ], [ 13.1190337, 52.4298109 ], [ 13.1190266, 52.4298213 ], [ 13.1189781, 52.4298813 ], [ 13.1189695, 52.4299022 ], [ 13.1189681, 52.4299257 ], [ 13.1189923, 52.429964 ], [ 13.1189995, 52.4300345 ], [ 13.1189467, 52.4301302 ], [ 13.1189267, 52.4301954 ], [ 13.118921, 52.4303373 ], [ 13.1189024, 52.430371199999989 ], [ 13.118901, 52.4304147 ], [ 13.1188896, 52.4304373 ], [ 13.118901, 52.4305252 ], [ 13.1189424, 52.430607 ], [ 13.1189495, 52.4306496 ], [ 13.1189467, 52.4306722 ], [ 13.1189096, 52.430743599999978 ], [ 13.1188896, 52.430808 ], [ 13.118901, 52.4308959 ], [ 13.1189067, 52.430915899999988 ], [ 13.1189424, 52.430950699999983 ], [ 13.1189581, 52.4309837 ], [ 13.1189609, 52.4310377 ], [ 13.119008, 52.4310638 ], [ 13.1190423, 52.4311464 ], [ 13.119135, 52.4311926 ], [ 13.1191579, 52.4312091 ], [ 13.1191493, 52.4312709 ], [ 13.1191493, 52.431291699999989 ], [ 13.119155, 52.4313013 ], [ 13.1191636, 52.4313109 ], [ 13.1191721, 52.4313196 ], [ 13.119302, 52.431397 ], [ 13.1193234, 52.431424 ], [ 13.1193305, 52.4315075 ], [ 13.1193605, 52.4315789 ], [ 13.1194997, 52.4316582 ], [ 13.1195252, 52.4316942 ], [ 13.1195533, 52.4317187 ], [ 13.1196257, 52.4318128 ], [ 13.1196351, 52.4318218 ], [ 13.119662, 52.431844599999984 ], [ 13.1197344, 52.4318814 ], [ 13.1198309, 52.4319215 ], [ 13.1198658, 52.4319428 ], [ 13.1199288, 52.4319648 ], [ 13.1199959, 52.4319959 ], [ 13.120079, 52.4320507 ], [ 13.1201689, 52.432085 ], [ 13.1202266, 52.432101399999986 ], [ 13.1202681, 52.4321227 ], [ 13.1203996, 52.4322151 ], [ 13.1204465, 52.4322519 ], [ 13.1204532, 52.4322608 ], [ 13.1205779, 52.4324366 ], [ 13.1205873, 52.4324775 ], [ 13.1206302, 52.4325781 ], [ 13.1206691, 52.4326165 ], [ 13.1207, 52.4326394 ], [ 13.1207576, 52.4327097 ], [ 13.1208032, 52.4327866 ], [ 13.1208126, 52.4328267 ], [ 13.1208475, 52.4329215 ], [ 13.1208529, 52.4329313 ], [ 13.1208757, 52.432961599999977 ], [ 13.1209105, 52.4329951 ], [ 13.1210245, 52.4330622 ], [ 13.1210393, 52.4330793 ], [ 13.1210433, 52.4330883 ], [ 13.1210487, 52.4331284 ], [ 13.1210567, 52.433148 ], [ 13.1210648, 52.4331595 ], [ 13.1210808, 52.4331774 ], [ 13.1211399, 52.4332085 ], [ 13.1211747, 52.4332666 ], [ 13.1212512, 52.4333279 ], [ 13.1212592, 52.4333361 ], [ 13.1213598, 52.4334407 ], [ 13.1213893, 52.4334865 ], [ 13.1215033, 52.4335879 ], [ 13.1215544, 52.4336538 ], [ 13.1216025, 52.4336967 ], [ 13.1216334, 52.433779199999989 ], [ 13.1216575, 52.4338185 ], [ 13.1216736, 52.4338348 ], [ 13.1217514, 52.4338872 ], [ 13.121797, 52.433927199999985 ], [ 13.1218198, 52.4339395 ], [ 13.1218788, 52.4339591 ], [ 13.1219874, 52.4339845 ], [ 13.1221269, 52.4340123 ], [ 13.1221752, 52.4340327 ], [ 13.1222503, 52.4340908 ], [ 13.1223133, 52.4341226 ], [ 13.1224099, 52.434157 ], [ 13.1226164, 52.434208499999983 ], [ 13.1227344, 52.4342469 ], [ 13.1229369, 52.4343467 ], [ 13.1230281, 52.4344121 ], [ 13.1231059, 52.4344464 ], [ 13.1232159, 52.4344808 ], [ 13.1233299, 52.4345241 ], [ 13.1234385, 52.4345478 ], [ 13.1234747, 52.4345674 ], [ 13.1235525, 52.4346304 ], [ 13.1235793, 52.434645099999983 ], [ 13.1236356, 52.4346582 ], [ 13.1236812, 52.4346876 ], [ 13.1237711, 52.434711299999989 ], [ 13.1239937, 52.4348005 ], [ 13.1241265, 52.4348381 ], [ 13.1242338, 52.4348937 ], [ 13.1244269, 52.4349673 ], [ 13.12451, 52.434995 ], [ 13.1247769, 52.435058 ], [ 13.1248882, 52.4350915 ], [ 13.1249996, 52.4351103 ], [ 13.1251189, 52.4351136 ], [ 13.1251632, 52.4351251 ], [ 13.1251927, 52.4351406 ], [ 13.1252168, 52.4351651 ], [ 13.1252275, 52.4351839 ], [ 13.1252825, 52.435251 ], [ 13.1252986, 52.4352902 ], [ 13.1253187, 52.4353082 ], [ 13.1254046, 52.4353556 ], [ 13.1254663, 52.4353793 ], [ 13.1255132, 52.4353957 ], [ 13.1256111, 52.4354202 ], [ 13.1256849, 52.43543 ], [ 13.1258619, 52.4354431 ], [ 13.125937, 52.4354684 ], [ 13.1260362, 52.435477400000018 ], [ 13.12622, 52.4355134 ], [ 13.1263138, 52.4355429 ], [ 13.1263635, 52.4355518 ], [ 13.1263782, 52.4355551 ], [ 13.1264842, 52.435596 ], [ 13.1266317, 52.4356369 ], [ 13.1266464, 52.4356418 ], [ 13.1268919, 52.4357293 ], [ 13.1269804, 52.4357513 ], [ 13.1270877, 52.4357979 ], [ 13.1271614, 52.4358233 ], [ 13.1272016, 52.4358421 ], [ 13.1272325, 52.4358634 ], [ 13.1272499, 52.435901 ], [ 13.1272674, 52.4359189 ], [ 13.1273505, 52.4359721 ], [ 13.1273787, 52.4360195 ], [ 13.1274055, 52.4360956 ], [ 13.1274109, 52.436116 ], [ 13.1274363, 52.4362313 ], [ 13.1274377, 52.4362411 ], [ 13.1274404, 52.4363482 ], [ 13.127443, 52.4363686 ], [ 13.1274699, 52.4364839 ], [ 13.1274591, 52.4365354 ], [ 13.127427, 52.4365926 ], [ 13.1274082, 52.436676 ], [ 13.1274055, 52.4367365 ], [ 13.1274109, 52.4367464 ], [ 13.1274377, 52.4367562 ], [ 13.1275383, 52.436766 ], [ 13.127604, 52.4367668 ], [ 13.127718, 52.4367578 ], [ 13.1278749, 52.436739 ], [ 13.1280841, 52.4367357 ], [ 13.1281123, 52.436742299999985 ], [ 13.1281511, 52.4367603 ], [ 13.1282665, 52.4368363 ], [ 13.1283416, 52.4368755 ], [ 13.1284073, 52.436927 ], [ 13.1284422, 52.4369483 ], [ 13.1286098, 52.4370211 ], [ 13.1286983, 52.437075 ], [ 13.1288137, 52.4371347 ], [ 13.1288847, 52.4371805 ], [ 13.1289692, 52.4372083 ], [ 13.1290738, 52.4372516 ], [ 13.1291972, 52.43738 ], [ 13.1292106, 52.4374012 ], [ 13.1292173, 52.4374102 ], [ 13.1292388, 52.4374601 ], [ 13.1292495, 52.4375443 ], [ 13.1292482, 52.4376114 ], [ 13.1292012, 52.4376956 ], [ 13.1291409, 52.4377561 ], [ 13.1291141, 52.4377978 ], [ 13.1290832, 52.4378329 ], [ 13.1290671, 52.4378623 ], [ 13.1289692, 52.4379809 ], [ 13.1289437, 52.4380504 ], [ 13.1288646, 52.4381379 ], [ 13.1288566, 52.4381608 ], [ 13.128858, 52.4382052 ], [ 13.1288566, 52.4382392 ], [ 13.1288686, 52.4382556 ], [ 13.1288968, 52.4382646 ], [ 13.1289048, 52.4382842 ], [ 13.1288995, 52.4382932 ], [ 13.1288499, 52.4383341 ], [ 13.1288338, 52.4383611 ], [ 13.1288056, 52.4383725 ], [ 13.1287546, 52.4383725 ], [ 13.128705, 52.4384003 ], [ 13.128697, 52.438408500000016 ], [ 13.1286822, 52.4384673 ], [ 13.128646, 52.43850410000001 ], [ 13.1286098, 52.4385254 ], [ 13.1285937, 52.438554 ], [ 13.1285845, 52.438558 ], [ 13.1285843, 52.43856790000001 ], [ 13.1285669, 52.4385883 ], [ 13.1285548, 52.4385973 ], [ 13.1284985, 52.438632499999983 ], [ 13.1284703, 52.438648 ], [ 13.1284556, 52.4386546 ], [ 13.1283604, 52.43868639999998 ], [ 13.1282826, 52.4387216 ], [ 13.1281605, 52.4387502 ], [ 13.128123, 52.4387527 ], [ 13.1281042, 52.4387527 ], [ 13.1280707, 52.4387494 ], [ 13.1280398, 52.4387429 ], [ 13.1279553, 52.4387102 ], [ 13.1278682, 52.4386603 ], [ 13.1278199, 52.4386227 ], [ 13.1276952, 52.4385728 ], [ 13.1276295, 52.4385262 ], [ 13.1275906, 52.4385082 ], [ 13.1274042, 52.438442 ], [ 13.1273586, 52.4384142 ], [ 13.1273063, 52.43837820000001 ], [ 13.1272767, 52.4383537 ], [ 13.1272392, 52.4383136 ], [ 13.1272218, 52.4383055 ], [ 13.1271909, 52.438280899999988 ], [ 13.1271815, 52.4382613 ], [ 13.1271856, 52.438182 ], [ 13.1271681, 52.438155 ], [ 13.1271346, 52.4381346 ], [ 13.1271064, 52.4380896 ], [ 13.1269442, 52.437985 ], [ 13.1268677, 52.4379057 ], [ 13.1268583, 52.4378967 ], [ 13.1268449, 52.437891 ], [ 13.1268141, 52.4378844 ], [ 13.1267805, 52.4378812 ], [ 13.1266236, 52.4378779 ], [ 13.1266075, 52.4378762 ], [ 13.1265445, 52.4378615 ], [ 13.1265365, 52.4377929 ], [ 13.1265271, 52.4377757 ], [ 13.126515, 52.43777 ], [ 13.1264828, 52.4377724 ], [ 13.1264681, 52.4377757 ], [ 13.1264533, 52.4377814 ], [ 13.1264412, 52.437787899999989 ], [ 13.1264144, 52.4378043 ], [ 13.1263728, 52.4378362 ], [ 13.1263635, 52.437846 ], [ 13.1263648, 52.4379179 ], [ 13.1263541, 52.4379629 ], [ 13.1263232, 52.4379915 ], [ 13.1262656, 52.4380299 ], [ 13.1262535, 52.4380643 ], [ 13.1262401, 52.4381403 ], [ 13.1262374, 52.4381599 ], [ 13.126236, 52.4382213 ], [ 13.1262253, 52.4382302 ], [ 13.1261958, 52.4382425 ], [ 13.1261503, 52.4382467 ], [ 13.1261221, 52.4382556 ], [ 13.1260885, 52.438280899999988 ], [ 13.1260698, 52.4383112 ], [ 13.1260751, 52.4383521 ], [ 13.1260684, 52.4383725 ], [ 13.1260322, 52.4384077 ], [ 13.1260282, 52.438469 ], [ 13.1260188, 52.4384772 ], [ 13.1259544, 52.4384911 ], [ 13.1259128, 52.4385074 ], [ 13.1258471, 52.4385573 ], [ 13.1258284, 52.4385982 ], [ 13.1258042, 52.4387028 ], [ 13.1257291, 52.4387878 ], [ 13.1257184, 52.438796 ], [ 13.1256205, 52.4388508 ], [ 13.1255387, 52.4388835 ], [ 13.1254891, 52.4389284 ], [ 13.1254287, 52.4389644 ], [ 13.125422, 52.438974199999983 ], [ 13.1254207, 52.4390053 ], [ 13.1254341, 52.439065 ], [ 13.1254274, 52.4391034 ], [ 13.1254032, 52.4391639 ], [ 13.1253952, 52.4392211 ], [ 13.1253952, 52.4392424 ], [ 13.1254448, 52.4392833 ], [ 13.1254636, 52.4393119 ], [ 13.1254663, 52.439383 ], [ 13.1254891, 52.439447599999987 ], [ 13.1254984, 52.4394656 ], [ 13.1255051, 52.4394762 ], [ 13.1255133, 52.4394895 ], [ 13.1255373, 52.4395171 ], [ 13.1256071, 52.439576699999982 ], [ 13.1256326, 52.4396364 ], [ 13.1256433, 52.4396544 ], [ 13.1256513, 52.4396626 ], [ 13.1257086, 52.439705 ], [ 13.1257184, 52.4397125 ], [ 13.1257251, 52.4397215 ], [ 13.125744, 52.4397605 ], [ 13.1257479, 52.4397713 ], [ 13.1257567, 52.4398198 ], [ 13.1257814, 52.439831 ], [ 13.1258243, 52.43984 ], [ 13.1258471, 52.4398555 ], [ 13.1259048, 52.4399299 ], [ 13.1260496, 52.4400272 ], [ 13.1260899, 52.4400591 ], [ 13.126173, 52.4400722 ], [ 13.1262039, 52.4400738 ], [ 13.1262535, 52.440071399999987 ], [ 13.1262782, 52.4400674 ], [ 13.1263313, 52.4400444 ], [ 13.1263755, 52.4400337 ], [ 13.1264614, 52.440028799999986 ], [ 13.126511, 52.4400215 ], [ 13.1265526, 52.4400076 ], [ 13.1266035, 52.43998220000001 ], [ 13.1267551, 52.4399332 ], [ 13.1268382, 52.439908700000011 ], [ 13.1269254, 52.4398964 ], [ 13.1270018, 52.4398792 ], [ 13.1270903, 52.4398482 ], [ 13.127156, 52.4398351 ], [ 13.1271802, 52.4398228 ], [ 13.1272097, 52.4397901 ], [ 13.1272942, 52.4397509 ], [ 13.1273559, 52.439707599999984 ], [ 13.1274256, 52.4396708 ], [ 13.1274994, 52.439644599999987 ], [ 13.1275745, 52.439625 ], [ 13.1276858, 52.4396152 ], [ 13.1277139, 52.439607 ], [ 13.1277622, 52.4395849 ], [ 13.1278172, 52.439571 ], [ 13.1279553, 52.4395612 ], [ 13.1280304, 52.439561199999986 ], [ 13.1281471, 52.4395792 ], [ 13.1282558, 52.4395915 ], [ 13.1283255, 52.4396086 ], [ 13.1283523, 52.439619299999983 ], [ 13.1285092, 52.4396994 ], [ 13.1285629, 52.4397174 ], [ 13.1285991, 52.4397345 ], [ 13.1287265, 52.439881699999987 ], [ 13.128743, 52.4398939 ], [ 13.1287909, 52.4399291 ], [ 13.1288257, 52.4399487 ], [ 13.1288686, 52.439966699999985 ], [ 13.1289209, 52.4399888 ], [ 13.1291905, 52.4400869 ], [ 13.1292535, 52.4400975 ], [ 13.1293032, 52.4401163 ], [ 13.1295674, 52.4401613 ], [ 13.1297538, 52.4401858 ], [ 13.1297873, 52.4401866 ], [ 13.1298946, 52.4401866 ], [ 13.1299724, 52.4401785 ], [ 13.1300461, 52.4401613 ], [ 13.130372, 52.440068899999986 ], [ 13.1304941, 52.4400476 ], [ 13.1305557, 52.4400444 ], [ 13.1306684, 52.4400313 ], [ 13.1307864, 52.4399978 ], [ 13.1308615, 52.439980599999984 ], [ 13.1309836, 52.4399373 ], [ 13.130998, 52.4399338 ], [ 13.1310855, 52.4399103 ], [ 13.1312084, 52.4398955 ], [ 13.1312719, 52.4398825 ], [ 13.1313846, 52.4398465 ], [ 13.1315643, 52.4397991 ], [ 13.1316139, 52.4397779 ], [ 13.1317547, 52.4397321 ], [ 13.1318593, 52.439665 ], [ 13.1319103, 52.4396462 ], [ 13.1319585, 52.4396397 ], [ 13.1320752, 52.4396348 ], [ 13.1321731, 52.4396258 ], [ 13.1323059, 52.4396274 ], [ 13.1324011, 52.4396405 ], [ 13.1324668, 52.439666699999989 ], [ 13.1325285, 52.4396822 ], [ 13.1325728, 52.4396986 ], [ 13.1326331, 52.4397313 ], [ 13.1326801, 52.439765599999987 ], [ 13.1327686, 52.4397934 ], [ 13.1328048, 52.4398212 ], [ 13.1328504, 52.4398694 ], [ 13.1329469, 52.4399487 ], [ 13.1329536, 52.4399577 ], [ 13.1330636, 52.440032900000013 ], [ 13.1331173, 52.4400844 ], [ 13.1331334, 52.4401122 ], [ 13.1331977, 52.4401637 ], [ 13.1332178, 52.4401768 ], [ 13.1332755, 52.4401948 ], [ 13.1333117, 52.44021690000001 ], [ 13.1333707, 52.4402667 ], [ 13.1334284, 52.4403305 ], [ 13.1334713, 52.440346 ], [ 13.1335343, 52.4403567 ], [ 13.1335478, 52.440364 ], [ 13.133643, 52.4404466 ], [ 13.1337368, 52.4404891 ], [ 13.1337503, 52.4405194 ], [ 13.1338669, 52.4406068 ], [ 13.1340466, 52.4406403 ], [ 13.1341365, 52.4406861 ], [ 13.1341673, 52.4406968 ], [ 13.1342505, 52.4406968 ], [ 13.1342679, 52.4407017 ], [ 13.1344087, 52.4407581 ], [ 13.1344382, 52.440763 ], [ 13.1344892, 52.4407646 ], [ 13.1345201, 52.4407613 ], [ 13.1345321, 52.440755599999989 ], [ 13.1345482, 52.4407393 ], [ 13.1345911, 52.440642799999985 ], [ 13.1345871, 52.4405439 ], [ 13.1345657, 52.4405153 ], [ 13.134563, 52.4404948 ], [ 13.1345831, 52.4403902 ], [ 13.1345536, 52.4403403 ], [ 13.1345442, 52.4403101 ], [ 13.1345496, 52.4402365 ], [ 13.134516, 52.4402013 ], [ 13.1344584, 52.4401825 ], [ 13.1343779, 52.44014 ], [ 13.1343712, 52.440131 ], [ 13.1343672, 52.4400893 ], [ 13.1343015, 52.4400967 ], [ 13.1342491, 52.4400983 ], [ 13.1341888, 52.4400689 ], [ 13.1341271, 52.4400264 ], [ 13.1340882, 52.4399765 ], [ 13.1340413, 52.4399463 ], [ 13.1339957, 52.439934 ], [ 13.1339018, 52.4398678 ], [ 13.1338562, 52.439813 ], [ 13.1338173, 52.43977790000001 ], [ 13.1337529, 52.439697700000011 ], [ 13.1337355, 52.4396552 ], [ 13.133714, 52.4395678 ], [ 13.133714, 52.4395579 ], [ 13.1337181, 52.4395375 ], [ 13.1337342, 52.4395187 ], [ 13.1337368, 52.4395089 ], [ 13.1337368, 52.4394991 ], [ 13.1337342, 52.4394893 ], [ 13.133702, 52.4394337 ], [ 13.1337006, 52.4394239 ], [ 13.133702, 52.4394018 ], [ 13.1337114, 52.4393715 ], [ 13.1337047, 52.4393233 ], [ 13.1337261, 52.4392571 ], [ 13.1337181, 52.439217 ], [ 13.1337208, 52.4392064 ], [ 13.1337623, 52.439132 ], [ 13.133769, 52.4390854 ], [ 13.1337838, 52.439051899999988 ], [ 13.1338347, 52.4389677 ], [ 13.1338723, 52.4389374 ], [ 13.1338964, 52.4388818 ], [ 13.1339434, 52.4388091 ], [ 13.134115, 52.4385908 ], [ 13.1342331, 52.4384167 ], [ 13.1343417, 52.4383079 ], [ 13.1343578, 52.4382335 ], [ 13.1344624, 52.4379858 ], [ 13.1344838, 52.4379613 ], [ 13.1345149, 52.437944 ], [ 13.1345339, 52.4379334 ], [ 13.1345925, 52.4379008 ], [ 13.1346287, 52.4378877 ], [ 13.1346703, 52.4378812 ], [ 13.1346998, 52.437864 ], [ 13.1347574, 52.4377904 ], [ 13.1348178, 52.4376939 ], [ 13.1348459, 52.4376302 ], [ 13.1348728, 52.4376056 ], [ 13.1349049, 52.4375509 ], [ 13.1349438, 52.4375067 ], [ 13.1349546, 52.437487899999986 ], [ 13.1349693, 52.4374519 ], [ 13.1349613, 52.437429 ], [ 13.1349345, 52.4373906 ], [ 13.1349318, 52.4373685 ], [ 13.1349492, 52.4372884 ], [ 13.1349814, 52.4372124 ], [ 13.1349908, 52.4371494 ], [ 13.1350136, 52.43712080000001 ], [ 13.1350498, 52.437044 ], [ 13.1351195, 52.436952399999988 ], [ 13.1351785, 52.4367872 ], [ 13.1352228, 52.436693199999986 ], [ 13.1352496, 52.436663 ], [ 13.1352979, 52.4365861 ], [ 13.1353515, 52.4365223 ], [ 13.1353784, 52.4365019 ], [ 13.1353945, 52.4364627 ], [ 13.1354521, 52.436434 ], [ 13.1354669, 52.4364062 ], [ 13.1354628, 52.4363866 ], [ 13.1354977, 52.4363572 ], [ 13.1354977, 52.4363245 ], [ 13.1354615, 52.4362877 ], [ 13.1354588, 52.4362787 ], [ 13.1354575, 52.4361487 ], [ 13.1354722, 52.4361193 ], [ 13.1354749, 52.436089 ], [ 13.1354535, 52.4360089 ], [ 13.1354521, 52.4359778 ], [ 13.1354535, 52.4359418 ], [ 13.135483, 52.4358658 ], [ 13.1354736, 52.4357922 ], [ 13.1354749, 52.435762 ], [ 13.1354789, 52.435753 ], [ 13.1354856, 52.4357423 ], [ 13.1355299, 52.4357162 ], [ 13.1355366, 52.4357088 ], [ 13.1355366, 52.435699 ], [ 13.1355353, 52.4356892 ], [ 13.1355299, 52.4356802 ], [ 13.1355017, 52.435654899999989 ], [ 13.1354883, 52.4356254 ], [ 13.1354749, 52.4355396 ], [ 13.1354749, 52.4354783 ], [ 13.1354628, 52.4354529 ], [ 13.13544, 52.4353654 ], [ 13.1354414, 52.4353548 ], [ 13.1354213, 52.4353164 ], [ 13.1354105, 52.4352575 ], [ 13.1353971, 52.4352281 ], [ 13.1353918, 52.4351872 ], [ 13.1353569, 52.4351365 ], [ 13.1353515, 52.4351038 ], [ 13.1353126, 52.4350384 ], [ 13.1353046, 52.4349656 ], [ 13.1352536, 52.43487 ], [ 13.1352282, 52.434798 ], [ 13.1351919, 52.4347293 ], [ 13.1351893, 52.4346868 ], [ 13.1351705, 52.4346459 ], [ 13.1351571, 52.4345715 ], [ 13.1351276, 52.4345225 ], [ 13.1351034, 52.4344963 ], [ 13.1350632, 52.4344677 ], [ 13.1350619, 52.4344252 ], [ 13.1350793, 52.4343835 ], [ 13.1351088, 52.434363 ], [ 13.1351142, 52.4343532 ], [ 13.1350954, 52.434305 ], [ 13.1351021, 52.4342461 ], [ 13.1350967, 52.4342371 ], [ 13.1350525, 52.43422240000001 ], [ 13.135027, 52.4342093 ], [ 13.1350163, 52.4342011 ], [ 13.1349988, 52.4341831 ], [ 13.1349948, 52.4341742 ], [ 13.1349827, 52.4341439 ], [ 13.1349532, 52.4340548 ], [ 13.1349519, 52.4339199 ], [ 13.134968, 52.4338921 ], [ 13.1349698, 52.4338734 ], [ 13.1349801, 52.4338553 ], [ 13.1350136, 52.4338078 ], [ 13.1350243, 52.433756299999985 ], [ 13.1350216, 52.4336599 ], [ 13.1350082, 52.4336214 ], [ 13.1349814, 52.433489799999982 ], [ 13.1349304, 52.433413699999988 ], [ 13.1348285, 52.4333467 ], [ 13.1348057, 52.4333205 ], [ 13.1347293, 52.4332576 ], [ 13.1346984, 52.4332216 ], [ 13.1346729, 52.433175 ], [ 13.1346488, 52.4331603 ], [ 13.1345657, 52.4331202 ], [ 13.1345201, 52.4331133 ], [ 13.1344984, 52.43311 ], [ 13.1344476, 52.433102199999986 ], [ 13.1344248, 52.4330859 ], [ 13.1343712, 52.4330605 ], [ 13.1343068, 52.433036800000011 ], [ 13.1342116, 52.4330147 ], [ 13.1340796, 52.4330032 ], [ 13.1340614, 52.4330016 ], [ 13.1340199, 52.4330005 ], [ 13.1337744, 52.4329935 ], [ 13.1337355, 52.4329853 ], [ 13.1335893, 52.4329673 ], [ 13.1332822, 52.4329599 ], [ 13.1331427, 52.4329477 ], [ 13.1329952, 52.432946 ], [ 13.1329443, 52.432942 ], [ 13.1328785, 52.4329289 ], [ 13.1326586, 52.4329256 ], [ 13.1325513, 52.432897 ], [ 13.1324051, 52.4328684 ], [ 13.1323032, 52.432857699999985 ], [ 13.1322549, 52.432847099999982 ], [ 13.1322013, 52.4328308 ], [ 13.1321409, 52.4327981 ], [ 13.1319559, 52.4327498 ], [ 13.13187, 52.4327204 ], [ 13.1318285, 52.4326983 ], [ 13.1317359, 52.432677 ], [ 13.1316622, 52.4326214 ], [ 13.1316179, 52.4325994 ], [ 13.1315267, 52.4325601 ], [ 13.1314784, 52.4325454 ], [ 13.1314301, 52.432538 ], [ 13.131288, 52.4324808 ], [ 13.1312357, 52.4324546 ], [ 13.13117, 52.432408 ], [ 13.1311123, 52.43239 ], [ 13.1310305, 52.4323532 ], [ 13.1307824, 52.4322797 ], [ 13.130651, 52.432233 ], [ 13.1304954, 52.4321897 ], [ 13.1303371, 52.432157 ], [ 13.1301655, 52.4321374 ], [ 13.1298973, 52.4320695 ], [ 13.1297994, 52.4320303 ], [ 13.1296143, 52.4319967 ], [ 13.129444, 52.4319289 ], [ 13.1293689, 52.4319052 ], [ 13.1293166, 52.4318929 ], [ 13.12922, 52.4318528 ], [ 13.129157, 52.4318365 ], [ 13.128925, 52.43174 ], [ 13.1287748, 52.4316656 ], [ 13.1286809, 52.431611599999982 ], [ 13.1286165, 52.4315625 ], [ 13.1285562, 52.43150450000001 ], [ 13.1284623, 52.4313802 ], [ 13.1284127, 52.4313393 ], [ 13.1283456, 52.4312682 ], [ 13.1282973, 52.4312338 ], [ 13.1281753, 52.4311668 ], [ 13.1281163, 52.431148 ], [ 13.1280009, 52.4311259 ], [ 13.1278642, 52.4311136 ], [ 13.1277113, 52.4311153 ] ], [ [ 13.1404381, 52.440963099999983 ], [ 13.1403108, 52.4409538 ], [ 13.1402188, 52.4409616 ], [ 13.1401698, 52.4410008 ], [ 13.140164, 52.441056 ], [ 13.140205, 52.4411397 ], [ 13.1402687, 52.4411963 ], [ 13.1404399, 52.4413059 ], [ 13.140827, 52.4414166 ], [ 13.1413901, 52.4415776 ], [ 13.1417036, 52.4416576 ], [ 13.1418321, 52.4416913 ], [ 13.142105, 52.4417036 ], [ 13.142309, 52.441669399999988 ], [ 13.142435, 52.4416202 ], [ 13.1424696, 52.4415967 ], [ 13.1424959, 52.4415295 ], [ 13.142484, 52.4414584 ], [ 13.1424457, 52.4414043 ], [ 13.1423798, 52.4413475 ], [ 13.142309, 52.4413052 ], [ 13.1421942, 52.4412655 ], [ 13.1421168, 52.4412407 ], [ 13.1420127, 52.4411969 ], [ 13.141948, 52.441179 ], [ 13.1418563, 52.4411818 ], [ 13.1417123, 52.4411982 ], [ 13.1416592, 52.4412043 ], [ 13.1415986, 52.4412081 ], [ 13.1415676, 52.4412102 ], [ 13.1414878, 52.4411997 ], [ 13.1414213, 52.4411823 ], [ 13.1413565, 52.4411636 ], [ 13.1412642, 52.4411344 ], [ 13.1411949, 52.44111980000001 ], [ 13.1411638, 52.441119 ], [ 13.1411049, 52.4411174 ], [ 13.141095, 52.4411159 ], [ 13.140888, 52.4410686 ], [ 13.1407938, 52.4410595 ], [ 13.140705, 52.4410344 ], [ 13.140682, 52.4410083 ], [ 13.1406243, 52.4409788 ], [ 13.1405941, 52.4409757 ], [ 13.1405411, 52.4409711 ], [ 13.1404381, 52.440963099999983 ] ] ] } },
{ "type": "Feature", "properties": { "name": "Obersee", "name_norm": "obersee", "natural": "water", "water": "lake", "wikidata": "Q2010954", "area_sqkm": 0.037329781450125173, "centroid_lon": 13.489121497880472, "centroid_lat": 52.548601247220105 }, "geometry": { "type": "Polygon", "coordinates": [ [ [ 13.4878676, 52.5480614 ], [ 13.4880233, 52.5480485 ], [ 13.4881588, 52.5480411 ], [ 13.4883229, 52.5480395 ], [ 13.4884781, 52.5480779 ], [ 13.4886016, 52.548086 ], [ 13.4888673, 52.5481002 ], [ 13.4893462, 52.548128799999986 ], [ 13.4895739, 52.5481387 ], [ 13.4896196, 52.5481521 ], [ 13.4900645, 52.5481537 ], [ 13.490832, 52.5481764 ], [ 13.4909414, 52.5482043 ], [ 13.4911725, 52.5482827 ], [ 13.4912159, 52.5482901 ], [ 13.491271, 52.5482872 ], [ 13.4913799, 52.5482522 ], [ 13.4914246, 52.5482301 ], [ 13.4914517, 52.548204 ], [ 13.4914599, 52.548173 ], [ 13.4914579, 52.548103799999986 ], [ 13.4914471, 52.5479935 ], [ 13.4914671, 52.5479515 ], [ 13.4914845, 52.5479172 ], [ 13.4914948, 52.547898 ], [ 13.4915208, 52.5478804 ], [ 13.4915581, 52.5478658 ], [ 13.4916004, 52.5478585 ], [ 13.4916323, 52.5478604 ], [ 13.4916872, 52.5478754 ], [ 13.4917526, 52.5479076 ], [ 13.491891, 52.547999 ], [ 13.4921576, 52.5481993 ], [ 13.4922436, 52.5482717 ], [ 13.4922969, 52.5483667 ], [ 13.4923074, 52.5483797 ], [ 13.4923099, 52.5484058 ], [ 13.4922846, 52.5484498 ], [ 13.4922604, 52.5484925 ], [ 13.4922385, 52.54852850000001 ], [ 13.4921621, 52.5485899 ], [ 13.4921234, 52.5486203 ], [ 13.4920855, 52.548651099999987 ], [ 13.4920365, 52.5486723 ], [ 13.4917015, 52.5487269 ], [ 13.4913126, 52.548798 ], [ 13.4911781, 52.5488302 ], [ 13.490943, 52.5488693 ], [ 13.4907117, 52.5489054 ], [ 13.4906453, 52.548904 ], [ 13.4905717, 52.5488977 ], [ 13.4904239, 52.5488885 ], [ 13.4903419, 52.5488861 ], [ 13.4902987, 52.5488932 ], [ 13.4902285, 52.548905499999989 ], [ 13.4897649, 52.5489311 ], [ 13.4896876, 52.548945 ], [ 13.4895832, 52.5489898 ], [ 13.4894064, 52.549067399999984 ], [ 13.4892184, 52.5491213 ], [ 13.4890847, 52.5491808 ], [ 13.4889895, 52.5491925 ], [ 13.4889292, 52.5492061 ], [ 13.4887802, 52.549228 ], [ 13.4884618, 52.5492268 ], [ 13.4880528, 52.5492417 ], [ 13.4876187, 52.549256 ], [ 13.4871816, 52.5492334 ], [ 13.4870501, 52.5492297 ], [ 13.487, 52.5492124 ], [ 13.4869534, 52.5491778 ], [ 13.4869349, 52.549167100000012 ], [ 13.486864, 52.5490813 ], [ 13.4868233, 52.5490822 ], [ 13.4867678, 52.549087900000011 ], [ 13.4867658, 52.549072399999986 ], [ 13.486784, 52.5490673 ], [ 13.4866848, 52.5489446 ], [ 13.4866584, 52.5489293 ], [ 13.4865036, 52.5488711 ], [ 13.4863907, 52.5488184 ], [ 13.4863328, 52.548763 ], [ 13.4862816, 52.5487056 ], [ 13.4862722, 52.5486389 ], [ 13.4863253, 52.548445 ], [ 13.4863352, 52.5484062 ], [ 13.4863529, 52.5483823 ], [ 13.4863808, 52.54837 ], [ 13.486419, 52.5483528 ], [ 13.4864418, 52.5483468 ], [ 13.4864663, 52.5483441 ], [ 13.4864927, 52.5483478 ], [ 13.4865085, 52.5483564 ], [ 13.4866856, 52.5484446 ], [ 13.4867305, 52.5484528 ], [ 13.4868233, 52.5484562 ], [ 13.4869455, 52.5484343 ], [ 13.487002, 52.5484173 ], [ 13.4870542, 52.5483908 ], [ 13.4870835, 52.5483671 ], [ 13.4871181, 52.548328099999985 ], [ 13.4871361, 52.5482734 ], [ 13.4871562, 52.5482292 ], [ 13.4871856, 52.5481992 ], [ 13.4872284, 52.5481757 ], [ 13.4872717, 52.5481594 ], [ 13.4873259, 52.548152199999983 ], [ 13.4874299, 52.5481386 ], [ 13.4875737, 52.5481267 ], [ 13.4877871, 52.5481029 ], [ 13.4878676, 52.5480614 ] ], [ [ 13.4877231, 52.5484675 ], [ 13.4877498, 52.548470799999983 ], [ 13.4877573, 52.54847 ], [ 13.4877614, 52.54846580000001 ], [ 13.4877697, 52.5484471 ], [ 13.4877683, 52.5484004 ], [ 13.4877738, 52.5483859 ], [ 13.4877834, 52.5483755 ], [ 13.4877977, 52.5483701 ], [ 13.4878422, 52.5483692 ], [ 13.487858, 52.548365499999989 ], [ 13.4878607, 52.5483563 ], [ 13.4878511, 52.548338 ], [ 13.4878477, 52.548328 ], [ 13.487834, 52.548313 ], [ 13.4878148, 52.5483072 ], [ 13.4877772, 52.5483068 ], [ 13.4877505, 52.5483109 ], [ 13.4876827, 52.5483084 ], [ 13.4876546, 52.5483126 ], [ 13.4876327, 52.5483247 ], [ 13.48763, 52.548338 ], [ 13.4876444, 52.5483547 ], [ 13.4876519, 52.548362100000013 ], [ 13.4876813, 52.5483775 ], [ 13.4876841, 52.548401299999988 ], [ 13.4876923, 52.5484192 ], [ 13.4876923, 52.5484479 ], [ 13.4876985, 52.5484554 ], [ 13.4877231, 52.5484675 ] ], [ [ 13.4879881, 52.548321 ], [ 13.4879799, 52.5483294 ], [ 13.4879799, 52.5483417 ], [ 13.487968, 52.5483562 ], [ 13.4879661, 52.5483723 ], [ 13.4879686, 52.5483853 ], [ 13.4879831, 52.548406300000011 ], [ 13.487985, 52.5484324 ], [ 13.4879931, 52.548443799999987 ], [ 13.4879894, 52.5484664 ], [ 13.4879799, 52.5484775 ], [ 13.4879768, 52.5484909 ], [ 13.4879994, 52.548498199999983 ], [ 13.4880277, 52.5484944 ], [ 13.4880573, 52.5484967 ], [ 13.4880768, 52.5485001 ], [ 13.4881007, 52.54851 ], [ 13.4881152, 52.548512 ], [ 13.4881612, 52.5485112 ], [ 13.4882032, 52.5485025 ], [ 13.4882247, 52.5484989 ], [ 13.4882562, 52.5484993 ], [ 13.4882644, 52.5485001 ], [ 13.4883204, 52.548510399999984 ], [ 13.4883355, 52.5485112 ], [ 13.4883424, 52.5485097 ], [ 13.4883481, 52.5485077 ], [ 13.4883537, 52.5485051 ], [ 13.4883625, 52.5484978 ], [ 13.4883688, 52.548485900000017 ], [ 13.4883713, 52.5484722 ], [ 13.4883883, 52.548456099999989 ], [ 13.4884047, 52.5484465 ], [ 13.4884261, 52.5484404 ], [ 13.4884368, 52.548435 ], [ 13.4884418, 52.5484312 ], [ 13.4884582, 52.5484144 ], [ 13.4884607, 52.5484094 ], [ 13.4884601, 52.5484052 ], [ 13.4884469, 52.5483857 ], [ 13.4884292, 52.5483669 ], [ 13.4884274, 52.5483627 ], [ 13.4884204, 52.548346599999988 ], [ 13.4884009, 52.548329 ], [ 13.48836, 52.5483068 ], [ 13.4883216, 52.5483 ], [ 13.4883021, 52.5482881 ], [ 13.4882688, 52.5482843 ], [ 13.4882524, 52.5482843 ], [ 13.4882449, 52.548285 ], [ 13.4882398, 52.5482869 ], [ 13.4882329, 52.5482984 ], [ 13.4882329, 52.5483111 ], [ 13.488226, 52.5483179 ], [ 13.4882197, 52.5483199 ], [ 13.4882058, 52.5483191 ], [ 13.4881901, 52.5483118 ], [ 13.4881775, 52.5483088 ], [ 13.4881568, 52.5483107 ], [ 13.4881461, 52.5483149 ], [ 13.4881247, 52.5483302 ], [ 13.4880907, 52.5483398 ], [ 13.4880498, 52.5483336 ], [ 13.4880196, 52.5483225 ], [ 13.4879881, 52.548321 ] ] ] } },
{ "type": "Feature", "properties": { "name": "Zeuthener See", "name_norm": "zeuthener see", "natural": "water", "water": "lake", "wikidata": "Q59421", "area_sqkm": 2.1347058403343735, "centroid_lon": 13.641019635973793, "centroid_lat": 52.356932907596956 }, "geometry": { "type": "Polygon", "coordinates": [ [ [ 13.6387626, 52.3446206 ], [ 13.6387415, 52.3447094 ], [ 13.6386255, 52.3447688 ], [ 13.6385435, 52.344787399999987 ], [ 13.6385417, 52.3448173 ], [ 13.6385352, 52.344871 ], [ 13.6386149, 52.34494140000001 ], [ 13.6386344, 52.3450411 ], [ 13.6383965, 52.3453725 ], [ 13.6381551, 52.3456664 ], [ 13.6381717, 52.3457092 ], [ 13.6381046, 52.345758899999986 ], [ 13.6379944, 52.3457641 ], [ 13.6378833, 52.3459176 ], [ 13.6377951, 52.346001 ], [ 13.6378062, 52.3460832 ], [ 13.6378313, 52.3462936 ], [ 13.6378586, 52.346373 ], [ 13.6378704, 52.3464191 ], [ 13.6377712, 52.3464614 ], [ 13.6380373, 52.3466449 ], [ 13.6381618, 52.3467724 ], [ 13.6381887, 52.3468755 ], [ 13.6384027, 52.3471275 ], [ 13.6385272, 52.3472717 ], [ 13.6383972, 52.3473351 ], [ 13.6385732, 52.3475189 ], [ 13.6386184, 52.3475123 ], [ 13.6386599, 52.3475341 ], [ 13.6389525, 52.3478526 ], [ 13.6390025, 52.3479403 ], [ 13.6390843, 52.3480521 ], [ 13.6393567, 52.3483568 ], [ 13.6395234, 52.3485504 ], [ 13.6397666, 52.3487023 ], [ 13.6403079, 52.3489606 ], [ 13.6405285, 52.349048 ], [ 13.6408013, 52.3491068 ], [ 13.6410961, 52.349197 ], [ 13.6413669, 52.3491742 ], [ 13.6417515, 52.349169599999989 ], [ 13.6417944, 52.349180799999985 ], [ 13.6419491, 52.3492209 ], [ 13.6424174, 52.3491874 ], [ 13.642669, 52.3491801 ], [ 13.6429693, 52.3491952 ], [ 13.6431915, 52.349226299999984 ], [ 13.643389, 52.3492587 ], [ 13.6434848, 52.3492603 ], [ 13.6435074, 52.3492294 ], [ 13.6437319, 52.3492614 ], [ 13.6438852, 52.3493496 ], [ 13.6439368, 52.34941220000001 ], [ 13.6440179, 52.3494397 ], [ 13.6442025, 52.3497069 ], [ 13.6440573, 52.349750099999987 ], [ 13.644011, 52.3498263 ], [ 13.6441063, 52.3498961 ], [ 13.6441778, 52.3500209 ], [ 13.6443201, 52.3501263 ], [ 13.6444027, 52.3510402 ], [ 13.64426, 52.3518302 ], [ 13.6441501, 52.352001 ], [ 13.6440883, 52.3522339 ], [ 13.6440561, 52.3523221 ], [ 13.6440516, 52.3524547 ], [ 13.6440197, 52.3525432 ], [ 13.6439939, 52.3526376 ], [ 13.6440283, 52.3528315 ], [ 13.6440976, 52.352899799999989 ], [ 13.6441109, 52.3529701 ], [ 13.6440734, 52.3530378 ], [ 13.6439707, 52.3530783 ], [ 13.6438295, 52.3531022 ], [ 13.6436932, 52.353251299999989 ], [ 13.6436935, 52.3534239 ], [ 13.6437708, 52.3534973 ], [ 13.643745, 52.3540321 ], [ 13.6438394, 52.3541002 ], [ 13.6438592, 52.3542472 ], [ 13.6436334, 52.3542942 ], [ 13.6436163, 52.354614 ], [ 13.6437364, 52.3546611 ], [ 13.6436935, 52.3548027 ], [ 13.6435819, 52.3548918 ], [ 13.6435304, 52.3550438 ], [ 13.6436678, 52.3551329 ], [ 13.6436077, 52.3553531 ], [ 13.6434189, 52.3554737 ], [ 13.6433588, 52.3556519 ], [ 13.64323, 52.356108 ], [ 13.6433159, 52.3562181 ], [ 13.6431185, 52.3566846 ], [ 13.6429897, 52.356758 ], [ 13.6429532, 52.3569107 ], [ 13.6428704, 52.357107400000011 ], [ 13.6429468, 52.3573032 ], [ 13.6430584, 52.357429 ], [ 13.6431169, 52.3582653 ], [ 13.6431511, 52.3583881 ], [ 13.643333, 52.3585979 ], [ 13.6432815, 52.3590278 ], [ 13.6435476, 52.3592427 ], [ 13.6437107, 52.35946280000001 ], [ 13.6439682, 52.3595362 ], [ 13.6441742, 52.3597039 ], [ 13.6446033, 52.3598612 ], [ 13.6450067, 52.3601967 ], [ 13.6452181, 52.3609149 ], [ 13.6451784, 52.3613393 ], [ 13.6452471, 52.361507 ], [ 13.6459685, 52.3623553 ], [ 13.6465467, 52.3628591 ], [ 13.6469465, 52.3631319 ], [ 13.6472772, 52.3634015 ], [ 13.647616, 52.3635931 ], [ 13.6489868, 52.3642126 ], [ 13.6495901, 52.364845699999989 ], [ 13.6500879, 52.365238799999986 ], [ 13.6502913, 52.365354 ], [ 13.6508604, 52.3659883 ], [ 13.6508432, 52.3660512 ], [ 13.6507993, 52.3660883 ], [ 13.6508984, 52.3662338 ], [ 13.6509624, 52.3665579 ], [ 13.6508003, 52.366905399999986 ], [ 13.6508358, 52.3671126 ], [ 13.6504866, 52.3672416 ], [ 13.6505053, 52.3673622 ], [ 13.6501864, 52.3674746 ], [ 13.6499903, 52.3678021 ], [ 13.6498273, 52.3679383 ], [ 13.6497672, 52.368106 ], [ 13.64975, 52.368268499999985 ], [ 13.6497384, 52.3686188 ], [ 13.6497618, 52.3687586 ], [ 13.6498098, 52.3687599 ], [ 13.6498224, 52.3689191 ], [ 13.6498624, 52.3689246 ], [ 13.6498846, 52.3690242 ], [ 13.6498923, 52.3691743 ], [ 13.6499989, 52.3691856 ], [ 13.6500571, 52.3695235 ], [ 13.6499038, 52.3699268 ], [ 13.649834, 52.3701104 ], [ 13.6497567, 52.3703777 ], [ 13.6497871, 52.3705075 ], [ 13.6498683, 52.3706082 ], [ 13.6499763, 52.3706892 ], [ 13.6498687, 52.370952 ], [ 13.6500707, 52.3714071 ], [ 13.6503198, 52.3716464 ], [ 13.6508346, 52.371884 ], [ 13.6510578, 52.3718682 ], [ 13.6516843, 52.372161 ], [ 13.6519933, 52.3723032 ], [ 13.6521993, 52.3725233 ], [ 13.6525474, 52.3728814 ], [ 13.6526654, 52.3729589 ], [ 13.6528287, 52.3729646 ], [ 13.6529413, 52.3731318 ], [ 13.6529355, 52.3733431 ], [ 13.6529221, 52.3733865 ], [ 13.6529268, 52.3734983 ], [ 13.6529245, 52.3736494 ], [ 13.6529552, 52.3737396 ], [ 13.6530461, 52.3737187 ], [ 13.6531526, 52.37400430000001 ], [ 13.6532988, 52.3741577 ], [ 13.6533627, 52.3741461 ], [ 13.6535441, 52.3743289 ], [ 13.6537475, 52.3745338 ], [ 13.6538034, 52.3746101 ], [ 13.6538284, 52.3746399 ], [ 13.654005, 52.3748201 ], [ 13.6540491, 52.3748423 ], [ 13.6543552, 52.3750018 ], [ 13.6543904, 52.3750857 ], [ 13.6539379, 52.3752306 ], [ 13.6535352, 52.3753759 ], [ 13.6535104, 52.3753436 ], [ 13.6534673, 52.3752889 ], [ 13.6533218, 52.3750947 ], [ 13.6532847, 52.3750556 ], [ 13.6532723, 52.3750428 ], [ 13.6532564, 52.3750246 ], [ 13.6532014, 52.3749612 ], [ 13.6531514, 52.3749036 ], [ 13.6531342, 52.3748837 ], [ 13.6531212, 52.3748688 ], [ 13.6526819, 52.3750145 ], [ 13.6513934, 52.3747288 ], [ 13.6512287, 52.3746736 ], [ 13.6510574, 52.3746201 ], [ 13.6509638, 52.3744897 ], [ 13.6508747, 52.374365500000017 ], [ 13.6508096, 52.3741593 ], [ 13.6507596, 52.3739651 ], [ 13.6506853, 52.373791 ], [ 13.6508878, 52.3737509 ], [ 13.6509736, 52.3737143 ], [ 13.6512393, 52.3736483 ], [ 13.6512704, 52.3736169 ], [ 13.651262, 52.3735362 ], [ 13.6509942, 52.3733254 ], [ 13.6507037, 52.3732327 ], [ 13.6506395, 52.3732323 ], [ 13.6449869, 52.3721849 ], [ 13.6449533, 52.3721021 ], [ 13.6448673, 52.372068 ], [ 13.6448445, 52.3720274 ], [ 13.6447741, 52.3720286 ], [ 13.644663, 52.3719434 ], [ 13.644589, 52.371896 ], [ 13.6445473, 52.3718746 ], [ 13.6445355, 52.3718324 ], [ 13.644392, 52.3717245 ], [ 13.6442429, 52.3716426 ], [ 13.6440864, 52.3715725 ], [ 13.6439641, 52.3714616 ], [ 13.6438127, 52.3713043 ], [ 13.6438075, 52.3712745 ], [ 13.643784, 52.3711678 ], [ 13.6437635, 52.371064 ], [ 13.6437169, 52.3707872 ], [ 13.643644, 52.370629399999984 ], [ 13.6435995, 52.3705318 ], [ 13.643588, 52.3704578 ], [ 13.6435588, 52.3703074 ], [ 13.6435202, 52.3702358 ], [ 13.6434833, 52.3701625 ], [ 13.6434875, 52.369960399999989 ], [ 13.6434554, 52.3698462 ], [ 13.6434527, 52.3698411 ], [ 13.643408, 52.3696882 ], [ 13.6433369, 52.3694403 ], [ 13.6432784, 52.3692357 ], [ 13.6432442, 52.3691157 ], [ 13.6432286, 52.3690612 ], [ 13.6432186, 52.3689445 ], [ 13.6431943, 52.3688878 ], [ 13.6432036, 52.3688117 ], [ 13.6432156, 52.3686619 ], [ 13.6432394, 52.3684431 ], [ 13.643217, 52.3683091 ], [ 13.6432084, 52.3682457 ], [ 13.6432309, 52.368176699999985 ], [ 13.643298, 52.3680626 ], [ 13.6434083, 52.3679023 ], [ 13.6434847, 52.3677915 ], [ 13.643504, 52.3677283 ], [ 13.6434997, 52.3676835 ], [ 13.6434966, 52.367657800000011 ], [ 13.6434321, 52.3675729 ], [ 13.6431905, 52.3673399 ], [ 13.6431066, 52.3670073 ], [ 13.6430574, 52.3666806 ], [ 13.6431042, 52.3666478 ], [ 13.6432915, 52.3666556 ], [ 13.6432737, 52.3667191 ], [ 13.6436822, 52.3667611 ], [ 13.6437022, 52.3666904 ], [ 13.643865, 52.3666863 ], [ 13.643966, 52.3666757 ], [ 13.6440456, 52.3666478 ], [ 13.6441132, 52.3665779 ], [ 13.6441392, 52.3664642 ], [ 13.6441142, 52.3664026 ], [ 13.6440718, 52.3663263 ], [ 13.6439457, 52.3662415 ], [ 13.6438405, 52.3662081 ], [ 13.6436944, 52.3661305 ], [ 13.6433721, 52.3660264 ], [ 13.6429502, 52.3659403 ], [ 13.6424818, 52.3658523 ], [ 13.6420992, 52.3657812 ], [ 13.6417664, 52.365702699999986 ], [ 13.6414865, 52.3656373 ], [ 13.641121, 52.3655088 ], [ 13.6408299, 52.3653914 ], [ 13.6401525, 52.3651301 ], [ 13.6398581, 52.3650215 ], [ 13.639407, 52.364846900000011 ], [ 13.6389156, 52.364648 ], [ 13.6386276, 52.3645367 ], [ 13.6384216, 52.3644537 ], [ 13.6382455, 52.364373899999983 ], [ 13.6379446, 52.3642538 ], [ 13.6376866, 52.3641276 ], [ 13.6373776, 52.363974 ], [ 13.6371522, 52.3638743 ], [ 13.6369321, 52.363752899999987 ], [ 13.6366362, 52.3635233 ], [ 13.6364334, 52.3633539 ], [ 13.6362309, 52.3632219 ], [ 13.6360014, 52.3630351 ], [ 13.6358916, 52.362876 ], [ 13.6357235, 52.3626298 ], [ 13.6356694, 52.3625112 ], [ 13.6355933, 52.3621482 ], [ 13.6354761, 52.3618864 ], [ 13.6353517, 52.3616776 ], [ 13.6350958, 52.3614402 ], [ 13.6348078, 52.3611948 ], [ 13.6346364, 52.3610539 ], [ 13.6345371, 52.3609389 ], [ 13.6342385, 52.3607541 ], [ 13.6341808, 52.3607023 ], [ 13.6341292, 52.360599 ], [ 13.6341286, 52.3605215 ], [ 13.633924, 52.360363099999987 ], [ 13.6339129, 52.3603304 ], [ 13.6339036, 52.3601368 ], [ 13.633901, 52.3599336 ], [ 13.6339248, 52.3597445 ], [ 13.634075, 52.3594836 ], [ 13.6342944, 52.3592835 ], [ 13.634466, 52.3591106 ], [ 13.6344809, 52.3590645 ], [ 13.6345197, 52.3589335 ], [ 13.6345025, 52.3588339 ], [ 13.6344713, 52.3587887 ], [ 13.6344079, 52.3587453 ], [ 13.6343222, 52.358685899999983 ], [ 13.6342726, 52.3586314 ], [ 13.6342228, 52.3585361 ], [ 13.6341362, 52.3584275 ], [ 13.634016, 52.3582912 ], [ 13.6334862, 52.3578566 ], [ 13.6332283, 52.3576194 ], [ 13.6328671, 52.3572979 ], [ 13.6326592, 52.3570778 ], [ 13.6325817, 52.3567222 ], [ 13.6325392, 52.3564125 ], [ 13.6325129, 52.3559512 ], [ 13.6324905, 52.3556532 ], [ 13.6325392, 52.3553245 ], [ 13.6326328, 52.354959 ], [ 13.6327539, 52.35457730000001 ], [ 13.6327955, 52.3544959 ], [ 13.6329218, 52.3542487 ], [ 13.6330728, 52.354016 ], [ 13.6332437, 52.3537615 ], [ 13.6333281, 52.3535936 ], [ 13.6333652, 52.3535192 ], [ 13.6333801, 52.353289 ], [ 13.6334129, 52.3531502 ], [ 13.6334329, 52.3530723 ], [ 13.6334817, 52.3528608 ], [ 13.6335032, 52.352763 ], [ 13.6335432, 52.3525995 ], [ 13.6335458, 52.352583 ], [ 13.6335581, 52.3525036 ], [ 13.633622, 52.3520186 ], [ 13.6338097, 52.3514468 ], [ 13.6337936, 52.3513436 ], [ 13.6338741, 52.3511585 ], [ 13.6339896, 52.350828 ], [ 13.6340976, 52.350634899999989 ], [ 13.634235, 52.3506244 ], [ 13.6342505, 52.3501131 ], [ 13.6342714, 52.3498271 ], [ 13.634298, 52.3495116 ], [ 13.6342586, 52.3492339 ], [ 13.6341865, 52.3489384 ], [ 13.6341576, 52.3488677 ], [ 13.6340659, 52.3486429 ], [ 13.633969, 52.3484475 ], [ 13.6339598, 52.3484205 ], [ 13.6339004, 52.3482247 ], [ 13.6337885, 52.3481732 ], [ 13.6338125, 52.348026299999987 ], [ 13.633825, 52.3479494 ], [ 13.633853, 52.3477795 ], [ 13.633858, 52.3477464 ], [ 13.6339196, 52.347429 ], [ 13.6340453, 52.3468033 ], [ 13.6341837, 52.3462387 ], [ 13.6341951, 52.3461431 ], [ 13.6343294, 52.3460053 ], [ 13.6344906, 52.3458869 ], [ 13.6347123, 52.3457952 ], [ 13.6348319, 52.3456875 ], [ 13.6349045, 52.345601499999987 ], [ 13.6350462, 52.3455553 ], [ 13.6350491, 52.3455241 ], [ 13.6350916, 52.3450818 ], [ 13.6351799, 52.3449361 ], [ 13.6352619, 52.34475 ], [ 13.6353306, 52.3446556 ], [ 13.6354794, 52.3445934 ], [ 13.6356227, 52.3445515 ], [ 13.635737, 52.3445319 ], [ 13.6358496, 52.344537 ], [ 13.6359516, 52.3445214 ], [ 13.6360375, 52.3444895 ], [ 13.6360764, 52.3444631 ], [ 13.6360908, 52.3444232 ], [ 13.6360743, 52.3443852 ], [ 13.6360295, 52.3443476 ], [ 13.6359653, 52.3443232 ], [ 13.6357981, 52.3442539 ], [ 13.6356781, 52.344188399999986 ], [ 13.6354619, 52.3440699 ], [ 13.6352433, 52.3438968 ], [ 13.6351143, 52.34372110000001 ], [ 13.6350112, 52.3435347 ], [ 13.6349812, 52.3433404 ], [ 13.6349943, 52.3431465 ], [ 13.6350671, 52.3427794 ], [ 13.6352133, 52.3423731 ], [ 13.6354151, 52.3420873 ], [ 13.635501, 52.341950899999986 ], [ 13.6355881, 52.3418345 ], [ 13.6356739, 52.3416562 ], [ 13.6358542, 52.3414832 ], [ 13.6360773, 52.3412996 ], [ 13.6363434, 52.3411318 ], [ 13.6366438, 52.340985 ], [ 13.6369356, 52.3408801 ], [ 13.6372532, 52.3407438 ], [ 13.6397651, 52.3400517 ], [ 13.6398988, 52.340096699999989 ], [ 13.6451489, 52.3407092 ], [ 13.6451944, 52.3415472 ], [ 13.6448522, 52.34234 ], [ 13.6441787, 52.3433938 ], [ 13.6441509, 52.3434915 ], [ 13.6442392, 52.3435494 ], [ 13.6441251, 52.3436887 ], [ 13.6440465, 52.3437321 ], [ 13.6439863, 52.3438202 ], [ 13.6438959, 52.34384 ], [ 13.643855, 52.3439366 ], [ 13.6439228, 52.3439609 ], [ 13.6442133, 52.3439465 ], [ 13.6441445, 52.3440786 ], [ 13.6440336, 52.3440858 ], [ 13.6440046, 52.3441121 ], [ 13.6438851, 52.34414240000001 ], [ 13.6438647, 52.3442048 ], [ 13.6436852, 52.3442807 ], [ 13.6411499, 52.3453949 ], [ 13.6409852, 52.345264899999989 ], [ 13.6409679, 52.3451443 ], [ 13.6402888, 52.3449612 ], [ 13.6401484, 52.3449314 ], [ 13.6400101, 52.34494140000001 ], [ 13.6400101, 52.344907099999986 ], [ 13.6399234, 52.3448794 ], [ 13.6399503, 52.3448397 ], [ 13.6397979, 52.3448168 ], [ 13.6396278, 52.3447429 ], [ 13.6393676, 52.3446872 ], [ 13.6393229, 52.3446484 ], [ 13.6391888, 52.3446498 ], [ 13.639017, 52.3446356 ], [ 13.6388387, 52.34461490000001 ], [ 13.6387626, 52.3446206 ] ], [ [ 13.6400144, 52.3564087 ], [ 13.6401769, 52.3563638 ], [ 13.6402592, 52.3563404 ], [ 13.6403004, 52.356309 ], [ 13.6403371, 52.3562653 ], [ 13.6403862, 52.3562356 ], [ 13.6404463, 52.3562042 ], [ 13.6404777, 52.356186 ], [ 13.6404835, 52.3561654 ], [ 13.6404853, 52.3561441 ], [ 13.6404752, 52.3561203 ], [ 13.6404635, 52.3561031 ], [ 13.640449, 52.3560924 ], [ 13.6404116, 52.3560852 ], [ 13.6403497, 52.3560812 ], [ 13.6402631, 52.3560477 ], [ 13.6401747, 52.3560188 ], [ 13.6400917, 52.3560167 ], [ 13.6400253, 52.3560063 ], [ 13.6399469, 52.3560065 ], [ 13.6398733, 52.3560096 ], [ 13.6398271, 52.356028 ], [ 13.639807, 52.3560438 ], [ 13.6397058, 52.3560819 ], [ 13.639658, 52.3561379 ], [ 13.6396212, 52.3561553 ], [ 13.6395685, 52.3561625 ], [ 13.6395282, 52.3561814 ], [ 13.63953, 52.3562104 ], [ 13.6395924, 52.3562588 ], [ 13.6396352, 52.35631570000001 ], [ 13.6396521, 52.3563645 ], [ 13.6396802, 52.35642 ], [ 13.6397124, 52.356435 ], [ 13.6397526, 52.3564478 ], [ 13.6398104, 52.3564463 ], [ 13.6398552, 52.3564372 ], [ 13.6399268, 52.356419199999984 ], [ 13.6400144, 52.3564087 ] ] ] } },
{ "type": "Feature", "properties": { "name": "Steinbergsee", "name_norm": "steinbergsee", "natural": "water", "water": "lake", "wikidata": "Q84075401", "area_sqkm": 0.0096449713624642795, "centroid_lon": 13.308928578658268, "centroid_lat": 52.597672433485215 }, "geometry": { "type": "Polygon", "coordinates": [ [ [ 13.3099643, 52.59838280000001 ], [ 13.3098957, 52.5983904 ], [ 13.3098278, 52.5983873 ], [ 13.3097029, 52.5983668 ], [ 13.3093934, 52.5982713 ], [ 13.3089998, 52.5980863 ], [ 13.3089286, 52.5980432 ], [ 13.3087163, 52.5979397 ], [ 13.3083704, 52.5977526 ], [ 13.3082347, 52.5976281 ], [ 13.3080262, 52.5973175 ], [ 13.3079803, 52.597285 ], [ 13.3079411, 52.5972728 ], [ 13.3078898, 52.5972599 ], [ 13.3078333, 52.5972549 ], [ 13.3077616, 52.5971889 ], [ 13.3078716, 52.5971753 ], [ 13.307912, 52.5971119 ], [ 13.3080223, 52.5970287 ], [ 13.3081939, 52.5970083 ], [ 13.308381, 52.597023 ], [ 13.3086481, 52.597085599999986 ], [ 13.3090086, 52.5972333 ], [ 13.3091523, 52.5973376 ], [ 13.3091864, 52.597407299999986 ], [ 13.3091783, 52.5975034 ], [ 13.3092173, 52.5975692 ], [ 13.3092906, 52.5976927 ], [ 13.3095964, 52.5978393 ], [ 13.3097415, 52.5979967 ], [ 13.3098884, 52.5980194 ], [ 13.3100927, 52.5980102 ], [ 13.3100635, 52.598034100000014 ], [ 13.3100749, 52.5980599 ], [ 13.3101298, 52.5980757 ], [ 13.3101588, 52.5980954 ], [ 13.310174, 52.5981271 ], [ 13.3101601, 52.5982327 ], [ 13.3100958, 52.5983251 ], [ 13.3099643, 52.59838280000001 ] ], [ [ 13.3096816, 52.5981669 ], [ 13.3097263, 52.5982366 ], [ 13.3098832, 52.5982194 ], [ 13.3099999, 52.5981656 ], [ 13.3099685, 52.5981107 ], [ 13.309877, 52.59809 ], [ 13.3097609, 52.598123 ], [ 13.3096816, 52.5981669 ] ] ] } },
{ "type": "Feature", "properties": { "name": "Fauler See", "name_norm": "fauler see", "natural": "water", "water": "lake", "wikidata": "Q1398426", "area_sqkm": 0.02121484039137456, "centroid_lon": 13.212941487280196, "centroid_lat": 52.519283508625982 }, "geometry": { "type": "Polygon", "coordinates": [ [ [ 13.2120112, 52.518131 ], [ 13.2120592, 52.5181815 ], [ 13.212131, 52.5185357 ], [ 13.2122574, 52.5188131 ], [ 13.2126245, 52.518901 ], [ 13.213248, 52.5189006 ], [ 13.2133583, 52.5189757 ], [ 13.2141977, 52.5195469 ], [ 13.2145002, 52.5195683 ], [ 13.2151122, 52.519842299999986 ], [ 13.2153373, 52.52020610000001 ], [ 13.2160266, 52.5208225 ], [ 13.2160337, 52.5211606 ], [ 13.2156468, 52.521254800000015 ], [ 13.2153935, 52.5211521 ], [ 13.2153373, 52.5208696 ], [ 13.2150207, 52.5203987 ], [ 13.2143243, 52.5197652 ], [ 13.213656, 52.5193886 ], [ 13.2132183, 52.5190809 ], [ 13.2130759, 52.5190288 ], [ 13.2128793, 52.5190296 ], [ 13.2126139, 52.5190631 ], [ 13.2125047, 52.5190935 ], [ 13.2123425, 52.5190286 ], [ 13.2122427, 52.5190497 ], [ 13.2122372, 52.5193115 ], [ 13.2122304, 52.5193826 ], [ 13.2121658, 52.51938770000001 ], [ 13.2121218, 52.51934 ], [ 13.2120241, 52.5189485 ], [ 13.2119576, 52.5189407 ], [ 13.2117919, 52.5191446 ], [ 13.211641, 52.5191369 ], [ 13.211478, 52.5189419 ], [ 13.2112876, 52.5187444 ], [ 13.2108697, 52.5183915 ], [ 13.210557, 52.5184964 ], [ 13.2112185, 52.5192555 ], [ 13.2111237, 52.5192818 ], [ 13.2110019, 52.5191592 ], [ 13.2108206, 52.5191966 ], [ 13.2107889, 52.5191716 ], [ 13.2107533, 52.5191624 ], [ 13.210844, 52.5191067 ], [ 13.210803, 52.5190459 ], [ 13.210793, 52.519024 ], [ 13.2107322, 52.5189443 ], [ 13.2106953, 52.5189076 ], [ 13.2105184, 52.5186841 ], [ 13.210475, 52.5186387 ], [ 13.2104271, 52.5185811 ], [ 13.2104214, 52.5185826 ], [ 13.2103897, 52.5185494 ], [ 13.2103811, 52.5185184 ], [ 13.210338, 52.5184954 ], [ 13.2099721, 52.5181126 ], [ 13.2101685, 52.5180071 ], [ 13.2103416, 52.5180686 ], [ 13.2105894, 52.5180564 ], [ 13.2108098, 52.518051 ], [ 13.2119224, 52.518125899999987 ], [ 13.2120112, 52.518131 ] ], [ [ 13.2109354, 52.5181655 ], [ 13.2112063, 52.5183723 ], [ 13.2112549, 52.5184311 ], [ 13.2113128, 52.5184028 ], [ 13.2113374, 52.5182055 ], [ 13.210948, 52.51815040000001 ], [ 13.2109354, 52.5181655 ] ] ] } },
{ "type": "Feature", "properties": { "name": "Hauptsee", "name_norm": "hauptsee", "natural": "water", "water": "pond", "wikidata": null, "area_sqkm": 0.052876474800301734, "centroid_lon": 13.417134638368406, "centroid_lat": 52.434277084541762 }, "geometry": { "type": "Polygon", "coordinates": [ [ [ 13.4153669, 52.4356606 ], [ 13.4153658, 52.4356684 ], [ 13.4153677, 52.4356754 ], [ 13.4153719, 52.4356796 ], [ 13.4153768, 52.4356821 ], [ 13.415384, 52.4356839 ], [ 13.4153928, 52.4356839 ], [ 13.4154032, 52.4356824 ], [ 13.4154169, 52.4356791 ], [ 13.4154308, 52.435677699999985 ], [ 13.4154436, 52.4356781 ], [ 13.4154572, 52.4356807 ], [ 13.4154668, 52.4356843 ], [ 13.4154767, 52.4356931 ], [ 13.4154809, 52.4357017 ], [ 13.4154808, 52.4357099 ], [ 13.4154791, 52.4357186 ], [ 13.4154688, 52.4357295 ], [ 13.4154513, 52.4357373 ], [ 13.4154317, 52.4357448 ], [ 13.4153964, 52.4357538 ], [ 13.4153697, 52.4357577 ], [ 13.4153424, 52.4357591 ], [ 13.4153142, 52.4357589 ], [ 13.4152525, 52.4357549 ], [ 13.4151953, 52.4357473 ], [ 13.4151504, 52.4357404 ], [ 13.4151025, 52.4357316 ], [ 13.4150631, 52.4357217 ], [ 13.4150223, 52.4357078 ], [ 13.4149805, 52.4356916 ], [ 13.4149393, 52.435671 ], [ 13.4148929, 52.4356429 ], [ 13.4148579, 52.4356168 ], [ 13.4148268, 52.4355859 ], [ 13.4147948, 52.4355439 ], [ 13.4147644, 52.4355006 ], [ 13.4147609, 52.4354907 ], [ 13.4147519, 52.4354596 ], [ 13.4147538, 52.4354095 ], [ 13.4147695, 52.4353566 ], [ 13.4147831, 52.4353244 ], [ 13.4147981, 52.4352998 ], [ 13.4148242, 52.4352641 ], [ 13.4148446, 52.4352385 ], [ 13.4148686, 52.4352121 ], [ 13.4149167, 52.4351683 ], [ 13.4149714, 52.4351215 ], [ 13.4150429, 52.4350722 ], [ 13.4150569, 52.4350564 ], [ 13.4150612, 52.4350474 ], [ 13.4150765, 52.4350362 ], [ 13.4150954, 52.4350168 ], [ 13.4151065, 52.4349985 ], [ 13.4151111, 52.4349699 ], [ 13.4151158, 52.434905 ], [ 13.4151111, 52.434886099999986 ], [ 13.4151127, 52.43485 ], [ 13.415115, 52.4348166 ], [ 13.4151317, 52.4347619 ], [ 13.4151467, 52.4347268 ], [ 13.4151597, 52.4346818 ], [ 13.4151747, 52.4346716 ], [ 13.4151903, 52.4346546 ], [ 13.4152258, 52.4346258 ], [ 13.4152674, 52.434596200000016 ], [ 13.4153039, 52.4345726 ], [ 13.4154118, 52.4345259 ], [ 13.4154414, 52.4345059 ], [ 13.4154574, 52.4345063 ], [ 13.4154733, 52.4344998 ], [ 13.4154947, 52.4344897 ], [ 13.4155144, 52.4344796 ], [ 13.4155486, 52.4344564 ], [ 13.4155894, 52.4344207 ], [ 13.4156126, 52.4343979 ], [ 13.415627, 52.4343733 ], [ 13.4156335, 52.43435010000001 ], [ 13.4156362, 52.4343177 ], [ 13.4156296, 52.4342963 ], [ 13.4156142, 52.4342715 ], [ 13.4155873, 52.434249 ], [ 13.4155823, 52.434234699999983 ], [ 13.4155761, 52.4342252 ], [ 13.4155622, 52.4342138 ], [ 13.4155145, 52.4341899 ], [ 13.4154491, 52.4341609 ], [ 13.4154117, 52.4341379 ], [ 13.4153893, 52.4341159 ], [ 13.4153738, 52.4340824 ], [ 13.4153645, 52.4340718 ], [ 13.4153431, 52.4340263 ], [ 13.4153279, 52.4340106 ], [ 13.4153075, 52.4339979 ], [ 13.4152938, 52.4339748 ], [ 13.4152797, 52.433962199999989 ], [ 13.4152545, 52.433951 ], [ 13.4152221, 52.4339411 ], [ 13.4150513, 52.433917399999984 ], [ 13.4149815, 52.433896 ], [ 13.4149775, 52.4338797 ], [ 13.4151593, 52.4338713 ], [ 13.4152535, 52.4338629 ], [ 13.4153417, 52.43384480000001 ], [ 13.4153984, 52.4338253 ], [ 13.4154359, 52.433801099999982 ], [ 13.4154686, 52.4337753 ], [ 13.4154867, 52.433748 ], [ 13.4154964, 52.4337201 ], [ 13.4155, 52.4336537 ], [ 13.4154817, 52.4336237 ], [ 13.4154519, 52.4335957 ], [ 13.4154408, 52.433573 ], [ 13.4154309, 52.4335465 ], [ 13.4154294, 52.433514399999986 ], [ 13.4154368, 52.433495 ], [ 13.4154376, 52.4334791 ], [ 13.4154326, 52.433460299999986 ], [ 13.4154318, 52.4334368 ], [ 13.4154408, 52.433401399999987 ], [ 13.4154571, 52.4333705 ], [ 13.4154603, 52.4333532 ], [ 13.4154547, 52.4333212 ], [ 13.415449, 52.433306199999983 ], [ 13.4154399, 52.433299599999984 ], [ 13.4154663, 52.4332799 ], [ 13.4154865, 52.4332685 ], [ 13.4155261, 52.4332555 ], [ 13.4155561, 52.4332285 ], [ 13.4155637, 52.43321370000001 ], [ 13.4155627, 52.4331943 ], [ 13.4155569, 52.433175700000014 ], [ 13.4155411, 52.4331598 ], [ 13.4155529, 52.4331575 ], [ 13.415564, 52.4331438 ], [ 13.4155741, 52.4331278 ], [ 13.4155961, 52.4331076 ], [ 13.4156291, 52.4330852 ], [ 13.4156628, 52.4330682 ], [ 13.4157232, 52.4330523 ], [ 13.4157613, 52.4330472 ], [ 13.4157925, 52.4330458 ], [ 13.415845, 52.4330485 ], [ 13.4159019, 52.4330593 ], [ 13.4159339, 52.4330707 ], [ 13.4159672, 52.433086399999986 ], [ 13.4160052, 52.4331142 ], [ 13.4160302, 52.4331414 ], [ 13.4160361, 52.4331568 ], [ 13.4160414, 52.4331637 ], [ 13.4160558, 52.4331728 ], [ 13.4160461, 52.4331817 ], [ 13.4160451, 52.4331971 ], [ 13.4160492, 52.4332084 ], [ 13.4160581, 52.4332171 ], [ 13.4160695, 52.4332244 ], [ 13.4160845, 52.4332299 ], [ 13.4161015, 52.433234 ], [ 13.4161223, 52.4332329 ], [ 13.4161423, 52.4332294 ], [ 13.4161553, 52.4332218 ], [ 13.4161658, 52.43321370000001 ], [ 13.4161761, 52.4331971 ], [ 13.41618, 52.4331769 ], [ 13.4161889, 52.4331611 ], [ 13.4161947, 52.4331536 ], [ 13.4162111, 52.4331364 ], [ 13.4162449, 52.4331142 ], [ 13.4162686, 52.4331019 ], [ 13.4163019, 52.4330916 ], [ 13.4163785, 52.4330932 ], [ 13.4164168, 52.4330925 ], [ 13.4164593, 52.4330885 ], [ 13.4164848, 52.4330803 ], [ 13.4165274, 52.4330434 ], [ 13.416592, 52.4329788 ], [ 13.4168764, 52.43301970000001 ], [ 13.4168759, 52.4330585 ], [ 13.4168816, 52.4330935 ], [ 13.4168926, 52.433122399999988 ], [ 13.4169121, 52.4331575 ], [ 13.416937, 52.4331858 ], [ 13.4169456, 52.4332161 ], [ 13.4169491, 52.433263199999978 ], [ 13.4169409, 52.433333 ], [ 13.4169404, 52.433382 ], [ 13.4169454, 52.4334044 ], [ 13.4169674, 52.433431400000011 ], [ 13.4169969, 52.4334471 ], [ 13.4170357, 52.4334583 ], [ 13.4171067, 52.433469699999989 ], [ 13.4171662, 52.4334731 ], [ 13.4172258, 52.4334686 ], [ 13.4172795, 52.4334584 ], [ 13.4173286, 52.4334358 ], [ 13.4173508, 52.4334285 ], [ 13.4174185, 52.4334087 ], [ 13.4175195, 52.4333584 ], [ 13.4176048, 52.4333246 ], [ 13.4177077, 52.4332953 ], [ 13.4177684, 52.43328060000001 ], [ 13.4178254, 52.433275 ], [ 13.4180383, 52.4332661 ], [ 13.4181605, 52.4332668 ], [ 13.4182466, 52.4332612 ], [ 13.4183753, 52.433276 ], [ 13.418478, 52.4332948 ], [ 13.4185906, 52.4333228 ], [ 13.4186737, 52.4333477 ], [ 13.4187171, 52.4333709 ], [ 13.4187494, 52.4333918 ], [ 13.4187661, 52.4334116 ], [ 13.4188064, 52.4335024 ], [ 13.418831, 52.4335366 ], [ 13.4188932, 52.433598 ], [ 13.4189749, 52.4336667 ], [ 13.4191291, 52.43379920000001 ], [ 13.4191857, 52.4338592 ], [ 13.4192348, 52.4339238 ], [ 13.4192455, 52.4339468 ], [ 13.4192515, 52.4339658 ], [ 13.4192524, 52.4339888 ], [ 13.4192385, 52.4340615 ], [ 13.4192179, 52.4340941 ], [ 13.4191974, 52.4341184 ], [ 13.4191714, 52.4341384 ], [ 13.4191399, 52.4341569 ], [ 13.419101, 52.4341769 ], [ 13.4190657, 52.4342015 ], [ 13.4190055, 52.4342431 ], [ 13.4189691, 52.4342743 ], [ 13.4189244, 52.4343138 ], [ 13.4188957, 52.434359599999986 ], [ 13.4188878, 52.4343848 ], [ 13.4188873, 52.4344071 ], [ 13.4188987, 52.4344432 ], [ 13.4189157, 52.4344798 ], [ 13.418957, 52.4345428 ], [ 13.4189761, 52.434577599999976 ], [ 13.4189948, 52.4346295 ], [ 13.4190126, 52.4347001 ], [ 13.4190214, 52.43473130000001 ], [ 13.4190294, 52.4347414 ], [ 13.4190733, 52.4347667 ], [ 13.4190903, 52.4347729 ], [ 13.4191075, 52.4347722 ], [ 13.4192372, 52.4347091 ], [ 13.4194161, 52.4346109 ], [ 13.4194735, 52.4345889 ], [ 13.419521, 52.4345775 ], [ 13.4196272, 52.434577 ], [ 13.4197288, 52.4345684 ], [ 13.4197944, 52.4345618 ], [ 13.4198638, 52.4345609 ], [ 13.4199289, 52.4345697 ], [ 13.4199801, 52.434583600000011 ], [ 13.4200105, 52.43460060000001 ], [ 13.4200933, 52.434687 ], [ 13.4201298, 52.4347181 ], [ 13.4202144, 52.434764 ], [ 13.4202508, 52.434784 ], [ 13.4205333, 52.4348951 ], [ 13.4205635, 52.4349162 ], [ 13.4206111, 52.4349765 ], [ 13.4206383, 52.4349881 ], [ 13.420658, 52.4349905 ], [ 13.4206974, 52.4349866 ], [ 13.4207036, 52.4349929 ], [ 13.42071, 52.4349973 ], [ 13.4206381, 52.4350226 ], [ 13.4206321, 52.4350389 ], [ 13.4206298, 52.4350777 ], [ 13.420621, 52.4351063 ], [ 13.4205753, 52.4351559 ], [ 13.4205569, 52.4351697 ], [ 13.4205052, 52.4351812 ], [ 13.4204795, 52.4351804 ], [ 13.4204486, 52.4351755 ], [ 13.4204292, 52.4351816 ], [ 13.4204098, 52.4351922 ], [ 13.4203163, 52.4352199 ], [ 13.4202612, 52.4352331 ], [ 13.4202079, 52.4352543 ], [ 13.4201334, 52.4353345 ], [ 13.4200577, 52.4353084 ], [ 13.4200813, 52.4352869 ], [ 13.4201168, 52.4352007 ], [ 13.4201332, 52.4351634 ], [ 13.4201505, 52.4351436 ], [ 13.4201653, 52.4351313 ], [ 13.420194, 52.435115499999988 ], [ 13.4202334, 52.4351048 ], [ 13.420267, 52.4350972 ], [ 13.4202783, 52.4350924 ], [ 13.4202906, 52.4350838 ], [ 13.4202958, 52.435060900000011 ], [ 13.4202954, 52.4350171 ], [ 13.4202815, 52.4350025 ], [ 13.4202547, 52.4349827 ], [ 13.420208, 52.4349627 ], [ 13.420126, 52.4349471 ], [ 13.4200867, 52.4349334 ], [ 13.4200325, 52.4349084 ], [ 13.4199068, 52.4348344 ], [ 13.4198504, 52.434794 ], [ 13.4197884, 52.4347422 ], [ 13.4197756, 52.4347382 ], [ 13.4197518, 52.4347381 ], [ 13.4197225, 52.4347397 ], [ 13.4196954, 52.4347496 ], [ 13.4196736, 52.4347666 ], [ 13.4196286, 52.4348079 ], [ 13.4196056, 52.4348412 ], [ 13.4195919, 52.4348847 ], [ 13.4195619, 52.4349492 ], [ 13.4195486, 52.4349991 ], [ 13.4195239, 52.4350265 ], [ 13.4194946, 52.4350408 ], [ 13.4194783, 52.4350443 ], [ 13.4194605, 52.4350446 ], [ 13.4194359, 52.4350428 ], [ 13.4193646, 52.4350315 ], [ 13.4192223, 52.4350206 ], [ 13.4191504, 52.4350119 ], [ 13.419127, 52.4350009 ], [ 13.4191069, 52.4349973 ], [ 13.4190849, 52.4350017 ], [ 13.4190747, 52.4350097 ], [ 13.4190743, 52.4350278 ], [ 13.4189898, 52.4350272 ], [ 13.4190005, 52.4349918 ], [ 13.4190105, 52.4349665 ], [ 13.4190441, 52.4349307 ], [ 13.4190498, 52.4349197 ], [ 13.4190483, 52.4349055 ], [ 13.4190365, 52.4348889 ], [ 13.4190065, 52.434873 ], [ 13.4189145, 52.4348457 ], [ 13.4188803, 52.434827 ], [ 13.4187244, 52.4347581 ], [ 13.4186835, 52.4347314 ], [ 13.4186566, 52.4347185 ], [ 13.4186245, 52.4347188 ], [ 13.4186095, 52.4347244 ], [ 13.4186023, 52.4347342 ], [ 13.4185941, 52.4347822 ], [ 13.4185994, 52.4348395 ], [ 13.4185859, 52.4348873 ], [ 13.4185742, 52.4349126 ], [ 13.418568, 52.4349382 ], [ 13.4185776, 52.4349847 ], [ 13.4186164, 52.4350072 ], [ 13.4182255, 52.4352217 ], [ 13.4182225, 52.4352029 ], [ 13.4181979, 52.435184 ], [ 13.4181489, 52.4351573 ], [ 13.4180795, 52.4351386 ], [ 13.4179729, 52.4351242 ], [ 13.4178885, 52.4351225 ], [ 13.4176704, 52.435137 ], [ 13.4176302, 52.4351376 ], [ 13.4175318, 52.4351276 ], [ 13.4174714, 52.4351188 ], [ 13.4174015, 52.4351078 ], [ 13.4173526, 52.4350913 ], [ 13.4173011, 52.4350647 ], [ 13.4172781, 52.4350381 ], [ 13.4172642, 52.4350104 ], [ 13.4172353, 52.4349061 ], [ 13.4172361, 52.4348666 ], [ 13.4172274, 52.4348396 ], [ 13.4172159, 52.4348032 ], [ 13.4171817, 52.4347578 ], [ 13.4171501, 52.43473560000001 ], [ 13.417113, 52.4347173 ], [ 13.4170764, 52.434707899999985 ], [ 13.4170338, 52.4347034 ], [ 13.4169549, 52.4347022 ], [ 13.4169097, 52.4346987 ], [ 13.4168612, 52.4346905 ], [ 13.4168134, 52.4346742 ], [ 13.4167214, 52.4346327 ], [ 13.4166829, 52.4346106 ], [ 13.4166142, 52.4345702 ], [ 13.4165673, 52.4345491 ], [ 13.4165367, 52.434543 ], [ 13.4165044, 52.4345386 ], [ 13.4164687, 52.434537400000011 ], [ 13.4164362, 52.4345402 ], [ 13.4164055, 52.4345465 ], [ 13.4163746, 52.4345569 ], [ 13.416322, 52.4345784 ], [ 13.4162885, 52.4345998 ], [ 13.4162568, 52.434629 ], [ 13.4161905, 52.4347543 ], [ 13.4161702, 52.4347862 ], [ 13.4161579, 52.4348007 ], [ 13.4161264, 52.434823 ], [ 13.4160718, 52.4348549 ], [ 13.416005, 52.4348947 ], [ 13.4159865, 52.4349113 ], [ 13.4159752, 52.4349315 ], [ 13.4159722, 52.434951 ], [ 13.4159758, 52.4349708 ], [ 13.4160029, 52.4350395 ], [ 13.4160211, 52.435069 ], [ 13.4160652, 52.4351118 ], [ 13.4160946, 52.4351327 ], [ 13.4162722, 52.4352292 ], [ 13.4162958, 52.4352455 ], [ 13.416305, 52.4352627 ], [ 13.4163099, 52.4352775 ], [ 13.4163136, 52.4352825 ], [ 13.416324, 52.4352841 ], [ 13.4163441, 52.43529130000001 ], [ 13.4163411, 52.435299300000011 ], [ 13.4163297, 52.4352959 ], [ 13.416322, 52.4352956 ], [ 13.4163151, 52.4352968 ], [ 13.4163106, 52.4353 ], [ 13.4163106, 52.4353183 ], [ 13.4163057, 52.4353526 ], [ 13.4163083, 52.4353554 ], [ 13.4163132, 52.4353566 ], [ 13.4163195, 52.4353601 ], [ 13.4163297, 52.4353676 ], [ 13.4163233, 52.4353717 ], [ 13.4163157, 52.435367400000011 ], [ 13.4163078, 52.4353666 ], [ 13.4163021, 52.435368 ], [ 13.4162972, 52.4353712 ], [ 13.4162745, 52.4354122 ], [ 13.4162726, 52.4354197 ], [ 13.4162768, 52.4354228 ], [ 13.4162828, 52.435425 ], [ 13.4162865, 52.4354288 ], [ 13.4162855, 52.4354351 ], [ 13.416276, 52.4354596 ], [ 13.4162757, 52.4354642 ], [ 13.4162645, 52.4354703 ], [ 13.4162609, 52.4354747 ], [ 13.4162575, 52.4354681 ], [ 13.4162542, 52.4354655 ], [ 13.4162541, 52.4354618 ], [ 13.4162597, 52.4354566 ], [ 13.4162671, 52.4354459 ], [ 13.4162686, 52.4354408 ], [ 13.4162679, 52.435434799999989 ], [ 13.4162635, 52.43543 ], [ 13.4162544, 52.4354279 ], [ 13.4162464, 52.4354336 ], [ 13.4162318, 52.435446 ], [ 13.4162177, 52.4354563 ], [ 13.4161997, 52.4354667 ], [ 13.4161787, 52.4354766 ], [ 13.4161592, 52.4354847 ], [ 13.4161362, 52.4354911 ], [ 13.4161138, 52.4354956 ], [ 13.4160912, 52.4354995 ], [ 13.4160923, 52.4355022 ], [ 13.4160989, 52.435505599999985 ], [ 13.4161062, 52.4355085 ], [ 13.4161077, 52.4355109 ], [ 13.4161027, 52.4355169 ], [ 13.4160919, 52.4355125 ], [ 13.4160651, 52.435509 ], [ 13.4160547, 52.4355019 ], [ 13.4160483, 52.4354995 ], [ 13.4160127, 52.435498 ], [ 13.4159929, 52.4354954 ], [ 13.4159526, 52.4354856 ], [ 13.4159208, 52.4354709 ], [ 13.4158943, 52.4354512 ], [ 13.4158756, 52.4354277 ], [ 13.4158703, 52.4354069 ], [ 13.4158711, 52.4353954 ], [ 13.4158715, 52.4353828 ], [ 13.4158681, 52.435377 ], [ 13.4158601, 52.4353725 ], [ 13.4158511, 52.4353715 ], [ 13.4158064, 52.4353726 ], [ 13.4157388, 52.4353723 ], [ 13.4156883, 52.4353669 ], [ 13.4156296, 52.4353577 ], [ 13.4155767, 52.4353447 ], [ 13.415557, 52.4353379 ], [ 13.4155473, 52.4353367 ], [ 13.4155379, 52.43533750000001 ], [ 13.4155285, 52.4353422 ], [ 13.4155155, 52.4353564 ], [ 13.4154958, 52.4353746 ], [ 13.4154768, 52.435391 ], [ 13.4154508, 52.4354095 ], [ 13.4154056, 52.435436 ], [ 13.4153755, 52.4354502 ], [ 13.4153328, 52.4354678 ], [ 13.4153127, 52.43547430000001 ], [ 13.4153088, 52.4354776 ], [ 13.4153066, 52.435482199999988 ], [ 13.4153071, 52.4354868 ], [ 13.4153099, 52.4354916 ], [ 13.4153155, 52.4354975 ], [ 13.4153373, 52.4355325 ], [ 13.4153479, 52.4355545 ], [ 13.4153563, 52.4355768 ], [ 13.4153629, 52.4356036 ], [ 13.415367, 52.4356343 ], [ 13.4153669, 52.4356606 ] ], [ [ 13.4202523, 52.434900099999986 ], [ 13.4203294, 52.4349272 ], [ 13.420384, 52.434962 ], [ 13.4204019, 52.4349805 ], [ 13.4204133, 52.435009099999988 ], [ 13.4204182, 52.4350389 ], [ 13.4204155, 52.4350594 ], [ 13.4204028, 52.4350752 ], [ 13.420393, 52.43508520000001 ], [ 13.4203887, 52.4350926 ], [ 13.4203871, 52.4351 ], [ 13.4203894, 52.435109 ], [ 13.4203994, 52.4351162 ], [ 13.4204165, 52.4351197 ], [ 13.4204483, 52.4351182 ], [ 13.4204723, 52.4351113 ], [ 13.420483, 52.4351015 ], [ 13.420491, 52.4350919 ], [ 13.4205, 52.4350746 ], [ 13.4204979, 52.4350508 ], [ 13.4204852, 52.4349989 ], [ 13.4204766, 52.434982 ], [ 13.420468, 52.4349433 ], [ 13.420461, 52.434933 ], [ 13.4204501, 52.4349219 ], [ 13.4203943, 52.4349018 ], [ 13.4202686, 52.4348818 ], [ 13.4202516, 52.4348874 ], [ 13.4202523, 52.434900099999986 ] ], [ [ 13.4198039, 52.434664 ], [ 13.4198065, 52.4346709 ], [ 13.4198248, 52.4346763 ], [ 13.4199142, 52.4347168 ], [ 13.4199491, 52.434729899999986 ], [ 13.4199605, 52.434729899999986 ], [ 13.419971, 52.4347287 ], [ 13.4199798, 52.4347247 ], [ 13.4199867, 52.4347185 ], [ 13.41999, 52.4347013 ], [ 13.4199806, 52.4346653 ], [ 13.4199525, 52.4346248 ], [ 13.4199313, 52.4346201 ], [ 13.4198997, 52.4346186 ], [ 13.4198423, 52.4346297 ], [ 13.4198149, 52.434645099999983 ], [ 13.4198039, 52.434664 ] ], [ [ 13.4193929, 52.4347516 ], [ 13.4193967, 52.4347562 ], [ 13.419412, 52.4347662 ], [ 13.4194457, 52.434769 ], [ 13.4194678, 52.4347688 ], [ 13.4194916, 52.4347654 ], [ 13.4195231, 52.434762 ], [ 13.4195364, 52.434755299999985 ], [ 13.4195441, 52.4347456 ], [ 13.419553, 52.434721599999989 ], [ 13.4195805, 52.434687099999984 ], [ 13.419578, 52.434681099999985 ], [ 13.4195626, 52.4346752 ], [ 13.4195384, 52.43467 ], [ 13.4195168, 52.4346724 ], [ 13.4194946, 52.4346783 ], [ 13.4194686, 52.4346801 ], [ 13.4194586, 52.4346837 ], [ 13.4194334, 52.4347079 ], [ 13.4194063, 52.4347275 ], [ 13.4193929, 52.4347422 ], [ 13.4193929, 52.4347516 ] ], [ [ 13.4187205, 52.4345449 ], [ 13.4187175, 52.4345662 ], [ 13.4187247, 52.434578499999986 ], [ 13.4187348, 52.43459 ], [ 13.4187412, 52.4345903 ], [ 13.4187539, 52.4346009 ], [ 13.4187851, 52.4346214 ], [ 13.4188017, 52.4346279 ], [ 13.4188125, 52.4346381 ], [ 13.4188173, 52.434653199999985 ], [ 13.4188183, 52.4346739 ], [ 13.4188366, 52.4346875 ], [ 13.4188477, 52.4346887 ], [ 13.4188581, 52.4346849 ], [ 13.41886, 52.4346708 ], [ 13.418836, 52.4346241 ], [ 13.4188027, 52.4345838 ], [ 13.4187963, 52.434573699999987 ], [ 13.4187881, 52.4345574 ], [ 13.4187728, 52.4345425 ], [ 13.4187535, 52.4345384 ], [ 13.418731, 52.4345378 ], [ 13.4187205, 52.4345449 ] ], [ [ 13.419173, 52.4348804 ], [ 13.4191762, 52.434891 ], [ 13.419184, 52.434905 ], [ 13.41919, 52.4349179 ], [ 13.4191987, 52.4349295 ], [ 13.419225, 52.434936699999987 ], [ 13.4192631, 52.4349386 ], [ 13.4193281, 52.4349271 ], [ 13.4193538, 52.4349267 ], [ 13.4194058, 52.4349317 ], [ 13.419431, 52.4349311 ], [ 13.4194428, 52.4349269 ], [ 13.4194482, 52.4349204 ], [ 13.4194476, 52.4348968 ], [ 13.4194435, 52.434875 ], [ 13.4194307, 52.43486 ], [ 13.4194087, 52.4348507 ], [ 13.4193241, 52.4348516 ], [ 13.4192547, 52.4348442 ], [ 13.4192116, 52.434849 ], [ 13.419177, 52.4348639 ], [ 13.419173, 52.4348804 ] ], [ [ 13.4160303, 52.435317899999987 ], [ 13.4160316, 52.4353089 ], [ 13.4160459, 52.4353041 ], [ 13.4160459, 52.4352956 ], [ 13.4160407, 52.4352829 ], [ 13.416052, 52.435277 ], [ 13.4160433, 52.435268 ], [ 13.4160372, 52.435259 ], [ 13.4160494, 52.4352474 ], [ 13.4160338, 52.435246299999989 ], [ 13.4160198, 52.4352463 ], [ 13.4160138, 52.435235200000015 ], [ 13.4159999, 52.4352357 ], [ 13.4159816, 52.4352352 ], [ 13.4159677, 52.4352346 ], [ 13.415959, 52.4352288 ], [ 13.415946, 52.4352299 ], [ 13.415939, 52.435241 ], [ 13.4159355, 52.4352495 ], [ 13.4159199, 52.4352527 ], [ 13.4159147, 52.435259 ], [ 13.415919, 52.43527120000001 ], [ 13.4159155, 52.4352855 ], [ 13.4158964, 52.4352993 ], [ 13.4159112, 52.4353036 ], [ 13.4159207, 52.4353009 ], [ 13.4159394, 52.4353083 ], [ 13.4159581, 52.4353115 ], [ 13.4159542, 52.435320200000014 ], [ 13.4159686, 52.4353221 ], [ 13.4159729, 52.4353171 ], [ 13.4159838, 52.4353173 ], [ 13.4159881, 52.4353234 ], [ 13.4160046, 52.4353218 ], [ 13.4160198, 52.4353226 ], [ 13.4160303, 52.435317899999987 ] ], [ [ 13.4176815, 52.433929399999982 ], [ 13.4178407, 52.433940400000012 ], [ 13.4179547, 52.4338981 ], [ 13.4180461, 52.43381930000001 ], [ 13.4181451, 52.4337505 ], [ 13.4182804, 52.4336928 ], [ 13.4183692, 52.4336374 ], [ 13.4183927, 52.4335917 ], [ 13.4183508, 52.4335634 ], [ 13.4182749, 52.4335532 ], [ 13.4181534, 52.433551699999988 ], [ 13.4180614, 52.4335478 ], [ 13.4179853, 52.4335267 ], [ 13.417929, 52.4335184 ], [ 13.4178637, 52.4334868 ], [ 13.4177808, 52.4334771 ], [ 13.417736, 52.43350010000001 ], [ 13.4177174, 52.4335467 ], [ 13.4177183, 52.4336246 ], [ 13.417686, 52.433701 ], [ 13.4176179, 52.4337362 ], [ 13.4175535, 52.4337914 ], [ 13.41755, 52.4338622 ], [ 13.4176815, 52.433929399999982 ] ] ] } },
{ "type": "Feature", "properties": { "name": "Mittelfeldbecken", "name_norm": "mittelfeldbecken", "natural": "water", "water": "pond", "wikidata": null, "area_sqkm": 0.0065015084648400879, "centroid_lon": 13.357099694382159, "centroid_lat": 52.602840458246995 }, "geometry": { "type": "Polygon", "coordinates": [ [ [ 13.3580351, 52.602652499999984 ], [ 13.3580593, 52.6027015 ], [ 13.3580578, 52.602743 ], [ 13.3577759, 52.6031014 ], [ 13.3577349, 52.6031426 ], [ 13.3576541, 52.6031593 ], [ 13.3575002, 52.6031495 ], [ 13.3567648, 52.6031162 ], [ 13.3565635, 52.603108 ], [ 13.3564378, 52.6030922 ], [ 13.3563992, 52.6030569 ], [ 13.356377, 52.6030103 ], [ 13.3563159, 52.6028755 ], [ 13.356275, 52.6027824 ], [ 13.3562573, 52.6027155 ], [ 13.3562703, 52.6026322 ], [ 13.356313, 52.6025481 ], [ 13.3563432, 52.602524499999987 ], [ 13.3563874, 52.6025006 ], [ 13.3564391, 52.6024842 ], [ 13.3565127, 52.6024741 ], [ 13.3566107, 52.6024808 ], [ 13.3567552, 52.6025118 ], [ 13.3569047, 52.6025711 ], [ 13.3569869, 52.6025926 ], [ 13.3570696, 52.6026095 ], [ 13.3571964, 52.602623699999988 ], [ 13.3574873, 52.6026327 ], [ 13.3577905, 52.602631899999984 ], [ 13.357958, 52.6026322 ], [ 13.3580351, 52.602652499999984 ] ], [ [ 13.3570245, 52.6027985 ], [ 13.3570228, 52.6027757 ], [ 13.357009, 52.6027544 ], [ 13.3569846, 52.6027371 ], [ 13.3569522, 52.6027254 ], [ 13.3569153, 52.6027208 ], [ 13.3568781, 52.6027238 ], [ 13.3568444, 52.602733899999983 ], [ 13.3568179, 52.6027501 ], [ 13.3568015, 52.6027706 ], [ 13.356797, 52.6027933 ], [ 13.3568049, 52.6028156 ], [ 13.3568242, 52.6028352 ], [ 13.356853, 52.6028499 ], [ 13.3568881, 52.6028581 ], [ 13.3569257, 52.602859 ], [ 13.3569617, 52.60285240000001 ], [ 13.3569922, 52.602839 ], [ 13.3570139, 52.6028204 ], [ 13.3570245, 52.6027985 ] ] ] } },
{ "type": "Feature", "properties": { "name": "Seggeluchbecken", "name_norm": "seggeluchbecken", "natural": "water", "water": "pond", "wikidata": null, "area_sqkm": 0.019456283664647134, "centroid_lon": 13.348096120666227, "centroid_lat": 52.602229595909783 }, "geometry": { "type": "Polygon", "coordinates": [ [ [ 13.3497801, 52.6020357 ], [ 13.3497606, 52.602088399999985 ], [ 13.3497289, 52.6021346 ], [ 13.3495617, 52.6022195 ], [ 13.349488, 52.6022385 ], [ 13.3494203, 52.6022379 ], [ 13.3493063, 52.6022141 ], [ 13.3490993, 52.602144799999984 ], [ 13.3489534, 52.6021213 ], [ 13.3488247, 52.60209219999998 ], [ 13.3486852, 52.6020794 ], [ 13.3485183, 52.6020768 ], [ 13.3484061, 52.6020913 ], [ 13.3478634, 52.602268 ], [ 13.3476893, 52.602306399999989 ], [ 13.3474937, 52.6024528 ], [ 13.347362, 52.6026149 ], [ 13.3473585, 52.6027299 ], [ 13.3474488, 52.6028711 ], [ 13.347677, 52.6030162 ], [ 13.3476758, 52.6030744 ], [ 13.3476825, 52.6031957 ], [ 13.3476562, 52.6032593 ], [ 13.3476072, 52.6033099 ], [ 13.3475584, 52.603345 ], [ 13.3475142, 52.6033694 ], [ 13.3474565, 52.6033921 ], [ 13.3473428, 52.6034319 ], [ 13.3472821, 52.6034559 ], [ 13.347188, 52.6035001 ], [ 13.3471364, 52.6035274 ], [ 13.347072, 52.6035598 ], [ 13.34704, 52.603577199999989 ], [ 13.3470169, 52.6036171 ], [ 13.3469881, 52.60366040000001 ], [ 13.3469626, 52.6037097 ], [ 13.3469483, 52.6037339 ], [ 13.346932, 52.6037426 ], [ 13.346905, 52.6037449 ], [ 13.3468764, 52.6037406 ], [ 13.3468721, 52.6037236 ], [ 13.3468943, 52.6036544 ], [ 13.3469088, 52.603632 ], [ 13.346921, 52.6035963 ], [ 13.3469368, 52.6035689 ], [ 13.3469442, 52.6035373 ], [ 13.3469346, 52.6035179 ], [ 13.3469204, 52.6035006 ], [ 13.3468869, 52.6034753 ], [ 13.3467963, 52.6034679 ], [ 13.3467147, 52.6034519 ], [ 13.3466513, 52.603426 ], [ 13.3465965, 52.603392499999984 ], [ 13.3465506, 52.6033549 ], [ 13.3465105, 52.6033113 ], [ 13.346493, 52.6032825 ], [ 13.3464846, 52.6032527 ], [ 13.3464924, 52.6031317 ], [ 13.3464822, 52.6031017 ], [ 13.3465043, 52.6030669 ], [ 13.3466261, 52.6029206 ], [ 13.3467238, 52.602819299999986 ], [ 13.3467591, 52.6027743 ], [ 13.346784, 52.6027294 ], [ 13.3468339, 52.60266 ], [ 13.3468775, 52.602615799999988 ], [ 13.3469495, 52.6025553 ], [ 13.3470269, 52.6024947 ], [ 13.3471032, 52.6024502 ], [ 13.3471952, 52.602408599999983 ], [ 13.3472769, 52.602361899999984 ], [ 13.3473237, 52.6023283 ], [ 13.347551, 52.6020031 ], [ 13.3476699, 52.6018252 ], [ 13.3478196, 52.601666799999983 ], [ 13.3480799, 52.6014412 ], [ 13.3484004, 52.6012576 ], [ 13.3486153, 52.601182 ], [ 13.348924, 52.6012351 ], [ 13.3492228, 52.601309399999984 ], [ 13.3493042, 52.6013159 ], [ 13.3494416, 52.6012954 ], [ 13.3495432, 52.6012979 ], [ 13.3494965, 52.6013904 ], [ 13.3494416, 52.6014609 ], [ 13.3494373, 52.601507099999985 ], [ 13.349467, 52.6015417 ], [ 13.3495599, 52.60164180000001 ], [ 13.3496296, 52.6017201 ], [ 13.3496401, 52.6018099 ], [ 13.3497141, 52.6018985 ], [ 13.3497711, 52.6019639 ], [ 13.3497801, 52.6020357 ] ], [ [ 13.3482626, 52.6017477 ], [ 13.3483233, 52.6017485 ], [ 13.3483778, 52.6017327 ], [ 13.34841, 52.6016966 ], [ 13.3484206, 52.6016761 ], [ 13.3484001, 52.6016384 ], [ 13.3483566, 52.6016161 ], [ 13.348296, 52.601607 ], [ 13.3482356, 52.6016141 ], [ 13.3481977, 52.6016393 ], [ 13.3481808, 52.6016654 ], [ 13.348179, 52.6016905 ], [ 13.348211, 52.6017234 ], [ 13.3482626, 52.6017477 ] ] ] } },
{ "type": "Feature", "properties": { "name": "Klötzbecken", "name_norm": "klotzbecken", "natural": "water", "water": "pond", "wikidata": null, "area_sqkm": 0.017010261576303188, "centroid_lon": 13.345042799933086, "centroid_lat": 52.610143706279807 }, "geometry": { "type": "Polygon", "coordinates": [ [ [ 13.3441912, 52.6097368 ], [ 13.3442702, 52.6097348 ], [ 13.3443964, 52.6097252 ], [ 13.344525, 52.6097222 ], [ 13.3446192, 52.6097196 ], [ 13.3447118, 52.6097137 ], [ 13.3447816, 52.6097061 ], [ 13.3448625, 52.6096937 ], [ 13.3453122, 52.609607 ], [ 13.3455647, 52.6095646 ], [ 13.3456668, 52.6095445 ], [ 13.3457344, 52.6095361 ], [ 13.3457654, 52.609535699999988 ], [ 13.3458988, 52.609539 ], [ 13.3459822, 52.6095523 ], [ 13.3460553, 52.609571699999989 ], [ 13.3461562, 52.6096171 ], [ 13.346188, 52.6096411 ], [ 13.3462117, 52.6096764 ], [ 13.3462516, 52.6097937 ], [ 13.3462436, 52.6098665 ], [ 13.3462228, 52.6099419 ], [ 13.3458903, 52.6105013 ], [ 13.3458745, 52.610527700000013 ], [ 13.3457984, 52.6106608 ], [ 13.3457697, 52.6107029 ], [ 13.3457083, 52.6107461 ], [ 13.3456505, 52.6107839 ], [ 13.3455896, 52.6107948 ], [ 13.3455185, 52.6107983 ], [ 13.3452806, 52.6107785 ], [ 13.3449347, 52.6107091 ], [ 13.3442171, 52.6105625 ], [ 13.3439126, 52.610482 ], [ 13.3438359, 52.6104262 ], [ 13.3437926, 52.6103974 ], [ 13.3437332, 52.6103696 ], [ 13.3436883, 52.6103206 ], [ 13.3436609, 52.610288 ], [ 13.3436414, 52.610248 ], [ 13.343643, 52.6101801 ], [ 13.3436766, 52.6100932 ], [ 13.3438097, 52.6099477 ], [ 13.3438594, 52.6098887 ], [ 13.3438839, 52.6098586 ], [ 13.3439438, 52.609799699999989 ], [ 13.3439773, 52.609758 ], [ 13.344013, 52.6097468 ], [ 13.3440436, 52.6097379 ], [ 13.3440964, 52.6097416 ], [ 13.3441912, 52.6097368 ] ], [ [ 13.3442805, 52.6102927 ], [ 13.3443029, 52.6103231 ], [ 13.3443156, 52.6103448 ], [ 13.3443363, 52.6103567 ], [ 13.3443911, 52.610361 ], [ 13.3444477, 52.6103426 ], [ 13.3445047, 52.6102972 ], [ 13.344569, 52.6102452 ], [ 13.3446254, 52.6102 ], [ 13.344614, 52.6101483 ], [ 13.3445622, 52.6101202 ], [ 13.3445136, 52.6101148 ], [ 13.3444461, 52.610123499999986 ], [ 13.3443208, 52.6101702 ], [ 13.344274, 52.6101972 ], [ 13.3442597, 52.610222699999987 ], [ 13.3442604, 52.6102596 ], [ 13.3442805, 52.6102927 ] ] ] } },
{ "type": "Feature", "properties": { "name": "Tegeler See", "name_norm": "tegeler see", "natural": "water", "water": "lake", "wikidata": "Q697916", "area_sqkm": 3.8184483270861267, "centroid_lon": 13.253471701300287, "centroid_lat": 52.575334591841901 }, "geometry": { "type": "Polygon", "coordinates": [ [ [ 13.2720605, 52.5889248 ], [ 13.2724398, 52.5892306 ], [ 13.272299, 52.5892869 ], [ 13.2721928, 52.589276 ], [ 13.2717894, 52.5889787 ], [ 13.2716368, 52.5890388 ], [ 13.2711762, 52.5892589 ], [ 13.2709038, 52.5893891 ], [ 13.2708791, 52.5894067 ], [ 13.2708684, 52.5894288 ], [ 13.2708741, 52.58945880000001 ], [ 13.2709115, 52.589484099999986 ], [ 13.2709955, 52.5895087 ], [ 13.2713976, 52.5896238 ], [ 13.2711589, 52.5897574 ], [ 13.2709586, 52.5898779 ], [ 13.2709445, 52.5898852 ], [ 13.270905, 52.5899068 ], [ 13.2708055, 52.5899145 ], [ 13.2707181, 52.5899286 ], [ 13.2706263, 52.5899248 ], [ 13.2702488, 52.5897469 ], [ 13.2701248, 52.5896355 ], [ 13.2696649, 52.5894555 ], [ 13.269514, 52.5894563 ], [ 13.2693093, 52.5894589 ], [ 13.2691207, 52.5894637 ], [ 13.2691052, 52.5894641 ], [ 13.2689736, 52.5894676 ], [ 13.2688959, 52.5894698 ], [ 13.2686953, 52.5895088 ], [ 13.2685378, 52.5895229 ], [ 13.268168, 52.5894625 ], [ 13.2679601, 52.5894693 ], [ 13.2679193, 52.5894631 ], [ 13.2677159, 52.5894236 ], [ 13.2670791, 52.589237 ], [ 13.266949, 52.58923750000001 ], [ 13.2663485, 52.5893854 ], [ 13.2661147, 52.5894156 ], [ 13.2619803, 52.5885379 ], [ 13.2621638, 52.588480899999986 ], [ 13.2621685, 52.58831390000001 ], [ 13.2617073, 52.5878062 ], [ 13.2612951, 52.5875229 ], [ 13.2609395, 52.5872014 ], [ 13.2605419, 52.5868096 ], [ 13.2603659, 52.5865101 ], [ 13.2601873, 52.5862016 ], [ 13.2600502, 52.58591 ], [ 13.2599893, 52.585699 ], [ 13.2600414, 52.5854402 ], [ 13.2602147, 52.5852219 ], [ 13.2603391, 52.5851023 ], [ 13.260376, 52.5850337 ], [ 13.2603438, 52.5849694 ], [ 13.2602047, 52.584889199999985 ], [ 13.2600359, 52.5848402 ], [ 13.2598843, 52.584710699999988 ], [ 13.2596819, 52.5846177 ], [ 13.2594947, 52.5846221 ], [ 13.2589375, 52.584728199999986 ], [ 13.2582276, 52.5848915 ], [ 13.2580761, 52.5849598 ], [ 13.257963, 52.5850767 ], [ 13.2579057, 52.5851935 ], [ 13.2579228, 52.585328199999985 ], [ 13.2580207, 52.5855177 ], [ 13.2580749, 52.585570200000014 ], [ 13.2581299, 52.5855828 ], [ 13.2581814, 52.5856262 ], [ 13.2581577, 52.5857035 ], [ 13.2581581, 52.5857447 ], [ 13.2581945, 52.5857752 ], [ 13.2582377, 52.58578270000001 ], [ 13.2583442, 52.5858286 ], [ 13.2584437, 52.58588910000001 ], [ 13.2584775, 52.5859336 ], [ 13.2585156, 52.5860802 ], [ 13.2585674, 52.5861383 ], [ 13.2587039, 52.5862587 ], [ 13.2588285, 52.5863351 ], [ 13.2588805, 52.5863915 ], [ 13.2588754, 52.5864608 ], [ 13.2587813, 52.5865387 ], [ 13.2586107, 52.5865815 ], [ 13.2584962, 52.5865957 ], [ 13.25815, 52.5865773 ], [ 13.2578225, 52.5866951 ], [ 13.2576706, 52.5867661 ], [ 13.2576327, 52.5868342 ], [ 13.2576268, 52.5869319 ], [ 13.2573828, 52.5869979 ], [ 13.2572675, 52.587000699999983 ], [ 13.2571359, 52.5869831 ], [ 13.2569168, 52.5869273 ], [ 13.2562145, 52.5867522 ], [ 13.2560832, 52.586698 ], [ 13.2558982, 52.586604199999989 ], [ 13.2556544, 52.5865268 ], [ 13.2555421, 52.586364299999985 ], [ 13.2554615, 52.5863174 ], [ 13.2553998, 52.5862218 ], [ 13.2554222, 52.5860461 ], [ 13.2555037, 52.5858607 ], [ 13.255513, 52.5857707 ], [ 13.2554587, 52.5856175 ], [ 13.2553742, 52.5855422 ], [ 13.2553342, 52.5854827 ], [ 13.2553126, 52.5854033 ], [ 13.255306, 52.5853273 ], [ 13.2554547, 52.585268299999989 ], [ 13.2554935, 52.5852375 ], [ 13.2555146, 52.5852207 ], [ 13.2555468, 52.585108 ], [ 13.2555519, 52.58509 ], [ 13.255548, 52.5849961 ], [ 13.2555476, 52.5849868 ], [ 13.255774, 52.5843284 ], [ 13.2558963, 52.5840147 ], [ 13.2558762, 52.5838729 ], [ 13.2558423, 52.583782199999987 ], [ 13.2557836, 52.583706 ], [ 13.2554887, 52.5834053 ], [ 13.2550455, 52.5830818 ], [ 13.2547108, 52.5829097 ], [ 13.2540494, 52.58284530000001 ], [ 13.2538104, 52.582778799999986 ], [ 13.2535067, 52.5826237 ], [ 13.2531593, 52.5826078 ], [ 13.2529255, 52.5826437 ], [ 13.2526576, 52.582613 ], [ 13.2522187, 52.5824962 ], [ 13.251715, 52.5823547 ], [ 13.2513897, 52.5821608 ], [ 13.2511157, 52.5820519 ], [ 13.2508442, 52.581974 ], [ 13.2504057, 52.5817625 ], [ 13.25, 52.5814845 ], [ 13.2496787, 52.5810821 ], [ 13.2493881, 52.580975499999987 ], [ 13.2486786, 52.5806641 ], [ 13.2480816, 52.5805247 ], [ 13.2475611, 52.5803949 ], [ 13.2474846, 52.580329 ], [ 13.2474371, 52.5802359 ], [ 13.2474797, 52.5801643 ], [ 13.2475398, 52.5800808 ], [ 13.2473681, 52.5799713 ], [ 13.2471107, 52.579929599999986 ], [ 13.2468747, 52.5796262 ], [ 13.2468418, 52.5794376 ], [ 13.2467625, 52.5793973 ], [ 13.2466842, 52.5793933 ], [ 13.246746, 52.5792246 ], [ 13.2465785, 52.5790481 ], [ 13.2462438, 52.5788604 ], [ 13.2462041, 52.5787957 ], [ 13.2460239, 52.5785539 ], [ 13.2458563, 52.5782818 ], [ 13.2457374, 52.5780887 ], [ 13.245683, 52.5780484 ], [ 13.2456354, 52.5780101 ], [ 13.2456146, 52.5779732 ], [ 13.2455936, 52.5779358 ], [ 13.2455747, 52.5778567 ], [ 13.2455556, 52.577757 ], [ 13.2455111, 52.5777039 ], [ 13.2454168, 52.577677499999986 ], [ 13.2453579, 52.5776224 ], [ 13.2453132, 52.5775182 ], [ 13.2452916, 52.5774525 ], [ 13.2452754, 52.5773821 ], [ 13.2452608, 52.577243499999987 ], [ 13.2452726, 52.5770795 ], [ 13.2452395, 52.5769045 ], [ 13.2453425, 52.5765498 ], [ 13.2453769, 52.576377699999988 ], [ 13.245408, 52.5761945 ], [ 13.2454158, 52.5760949 ], [ 13.2454518, 52.5759905 ], [ 13.245534, 52.5758493 ], [ 13.2455258, 52.575655 ], [ 13.2452978, 52.5757113 ], [ 13.2452791, 52.5756875 ], [ 13.2452475, 52.5756496 ], [ 13.245363, 52.5756054 ], [ 13.2453956, 52.5755929 ], [ 13.245402, 52.5755692 ], [ 13.2453973, 52.5755617 ], [ 13.2453891, 52.5755526 ], [ 13.2453749, 52.5755451 ], [ 13.245346, 52.575535599999988 ], [ 13.2452826, 52.5755305 ], [ 13.2451458, 52.5755548 ], [ 13.2451497, 52.5755699 ], [ 13.2449652, 52.5756017 ], [ 13.2449306, 52.575564 ], [ 13.2446251, 52.5755786 ], [ 13.2443752, 52.575612899999989 ], [ 13.2440503, 52.5756214 ], [ 13.2437456, 52.5756225 ], [ 13.2435015, 52.5755389 ], [ 13.2432946, 52.5754173 ], [ 13.2426825, 52.5751627 ], [ 13.241967, 52.5749353 ], [ 13.2415633, 52.574838600000014 ], [ 13.2410698, 52.5745924 ], [ 13.2406597, 52.5742425 ], [ 13.240521, 52.5741542 ], [ 13.2404123, 52.5738937 ], [ 13.2404105, 52.5735921 ], [ 13.2405, 52.5734167 ], [ 13.2404786, 52.5732227 ], [ 13.2403258, 52.573097 ], [ 13.239927, 52.5728408 ], [ 13.2395435, 52.5723084 ], [ 13.2394367, 52.5719214 ], [ 13.2394233, 52.571873 ], [ 13.2392926, 52.5713994 ], [ 13.2389648, 52.571027599999987 ], [ 13.2383934, 52.5700375 ], [ 13.2378802, 52.5693725 ], [ 13.2378156, 52.56928880000001 ], [ 13.237531, 52.5689199 ], [ 13.2371281, 52.5683979 ], [ 13.2369253, 52.5682976 ], [ 13.2366542, 52.5682598 ], [ 13.2366367, 52.5682574 ], [ 13.2363268, 52.5682553 ], [ 13.236159, 52.5682561 ], [ 13.2359939, 52.5682404 ], [ 13.2357541, 52.5682175 ], [ 13.2357458, 52.5681517 ], [ 13.2355988, 52.5680589 ], [ 13.2354989, 52.5679959 ], [ 13.2355033, 52.5678784 ], [ 13.2355715, 52.5677321 ], [ 13.2351133, 52.5677406 ], [ 13.2346814, 52.5678789 ], [ 13.2345829, 52.5679104 ], [ 13.2343989, 52.5679693 ], [ 13.234113, 52.5680609 ], [ 13.2339972, 52.5680979 ], [ 13.2338982, 52.568129599999985 ], [ 13.2337837, 52.5681663 ], [ 13.2337686, 52.5681688 ], [ 13.2336462, 52.568189299999986 ], [ 13.2334754, 52.5682178 ], [ 13.2333378, 52.5682408 ], [ 13.2332921, 52.5682484 ], [ 13.2331394, 52.5682576 ], [ 13.2330159, 52.5682651 ], [ 13.2328373, 52.5682759 ], [ 13.2325754, 52.5682917 ], [ 13.2324234, 52.5682811 ], [ 13.2321296, 52.5683072 ], [ 13.2317197, 52.5683435 ], [ 13.2310946, 52.5684001 ], [ 13.2308407, 52.5683919 ], [ 13.2305522, 52.5683836 ], [ 13.2298797, 52.568207899999983 ], [ 13.2292349, 52.5680607 ], [ 13.2290946, 52.5680437 ], [ 13.2287528, 52.5680022 ], [ 13.2280255, 52.5679876 ], [ 13.2279335, 52.5679969 ], [ 13.2278597, 52.5680057 ], [ 13.2278117, 52.56810440000001 ], [ 13.2278052, 52.5681508 ], [ 13.2261687, 52.5677311 ], [ 13.2261815, 52.5676754 ], [ 13.2260156, 52.5675465 ], [ 13.225992, 52.5674774 ], [ 13.2259695, 52.5674132 ], [ 13.2260534, 52.5673075 ], [ 13.2261924, 52.5671325 ], [ 13.2262559, 52.5670525 ], [ 13.2267479, 52.5666862 ], [ 13.226981, 52.5665363 ], [ 13.2270734, 52.5664042 ], [ 13.227095, 52.5662927 ], [ 13.2270992, 52.5662584 ], [ 13.2270929, 52.5662305 ], [ 13.227049, 52.5661873 ], [ 13.22698, 52.566153 ], [ 13.2268554, 52.5661096 ], [ 13.2266666, 52.5660488 ], [ 13.2263823, 52.5659675 ], [ 13.2261984, 52.565874799999989 ], [ 13.2260709, 52.5658126 ], [ 13.2259398, 52.5655409 ], [ 13.2259707, 52.565326 ], [ 13.2259402, 52.5652541 ], [ 13.2258613, 52.5649656 ], [ 13.2257365, 52.5648657 ], [ 13.2255358, 52.5647939 ], [ 13.2254294, 52.5647655 ], [ 13.2253363, 52.5647225 ], [ 13.2253164, 52.5646951 ], [ 13.2252618, 52.5646134 ], [ 13.2251763, 52.5644863 ], [ 13.2250111, 52.5642104 ], [ 13.2250182, 52.5641592 ], [ 13.2251493, 52.564119599999984 ], [ 13.2251522, 52.5640941 ], [ 13.2251604, 52.5640208 ], [ 13.2251861, 52.563968 ], [ 13.2253593, 52.563865699999987 ], [ 13.2255292, 52.5638256 ], [ 13.2256943, 52.5637383 ], [ 13.2258822, 52.5636737 ], [ 13.226007, 52.563602 ], [ 13.226027, 52.563572 ], [ 13.226042, 52.563553 ], [ 13.226051, 52.563541 ], [ 13.226075, 52.563522 ], [ 13.22611, 52.563499 ], [ 13.226124, 52.563488 ], [ 13.226133, 52.563473 ], [ 13.226135, 52.563465 ], [ 13.226134, 52.563457 ], [ 13.226128, 52.563438 ], [ 13.22611, 52.5634 ], [ 13.2311772, 52.560799 ], [ 13.2308871, 52.5610669 ], [ 13.2306956, 52.561362699999989 ], [ 13.230702, 52.561474 ], [ 13.2307, 52.561485 ], [ 13.2307, 52.561497 ], [ 13.230697, 52.561512 ], [ 13.230696, 52.561523 ], [ 13.2307, 52.561535 ], [ 13.230701, 52.561539 ], [ 13.230705, 52.561554 ], [ 13.230709, 52.561565 ], [ 13.230718, 52.561581 ], [ 13.23073, 52.561596 ], [ 13.23074, 52.561604 ], [ 13.23075, 52.561611 ], [ 13.230773, 52.561623 ], [ 13.230791, 52.56163 ], [ 13.230803, 52.561634 ], [ 13.230815, 52.561638 ], [ 13.230846, 52.561646 ], [ 13.230859, 52.561646 ], [ 13.23091, 52.561657 ], [ 13.23093, 52.561657 ], [ 13.230953, 52.561661 ], [ 13.231046, 52.561661 ], [ 13.231054, 52.561661 ], [ 13.231139, 52.561665 ], [ 13.23123, 52.561672 ], [ 13.231237, 52.561672 ], [ 13.231312, 52.56168 ], [ 13.231329, 52.561684 ], [ 13.231343, 52.561684 ], [ 13.231399, 52.561691 ], [ 13.231487, 52.561699 ], [ 13.231547, 52.561703 ], [ 13.231606, 52.561707 ], [ 13.23166, 52.561707 ], [ 13.231711, 52.561707 ], [ 13.23175, 52.561707 ], [ 13.231845, 52.561687 ], [ 13.231907, 52.561676 ], [ 13.231923, 52.561676 ], [ 13.23193, 52.561676 ], [ 13.231946, 52.561672 ], [ 13.231972, 52.561668 ], [ 13.231984, 52.561668 ], [ 13.231997, 52.561665 ], [ 13.232021, 52.561661 ], [ 13.232043, 52.561653 ], [ 13.23204, 52.561646 ], [ 13.232038, 52.561642 ], [ 13.232044, 52.561634 ], [ 13.232079, 52.561623 ], [ 13.232086, 52.561626 ], [ 13.232089, 52.561634 ], [ 13.232109, 52.56163 ], [ 13.232186, 52.561619 ], [ 13.232194, 52.561619 ], [ 13.232209, 52.561615 ], [ 13.232268, 52.561604 ], [ 13.232272, 52.561604 ], [ 13.232279, 52.5616 ], [ 13.232349, 52.561584 ], [ 13.232357, 52.561584 ], [ 13.232409, 52.561573 ], [ 13.232431, 52.561565 ], [ 13.232438, 52.561565 ], [ 13.232453, 52.561562 ], [ 13.232512, 52.561546 ], [ 13.232519, 52.561543 ], [ 13.232586, 52.561527 ], [ 13.232593, 52.561523 ], [ 13.23266, 52.561508 ], [ 13.232667, 52.561504 ], [ 13.232715, 52.561493 ], [ 13.232732, 52.561485 ], [ 13.232738, 52.561485 ], [ 13.2328, 52.561462 ], [ 13.232807, 52.561462 ], [ 13.232884, 52.561436 ], [ 13.232891, 52.561436 ], [ 13.232895, 52.561436 ], [ 13.232958, 52.561417 ], [ 13.232965, 52.561413 ], [ 13.232978, 52.561409 ], [ 13.233027, 52.56139 ], [ 13.233033, 52.56139 ], [ 13.233077, 52.561371 ], [ 13.233106, 52.561363 ], [ 13.233111, 52.561359 ], [ 13.233165, 52.56134 ], [ 13.233173, 52.561337 ], [ 13.233179, 52.561333 ], [ 13.233207, 52.561321 ], [ 13.233242, 52.561306 ], [ 13.233249, 52.561302 ], [ 13.233259, 52.561295 ], [ 13.233335, 52.561264 ], [ 13.23338, 52.561245 ], [ 13.233431, 52.56123 ], [ 13.233441, 52.561226 ], [ 13.23349, 52.561207 ], [ 13.233538, 52.561188 ], [ 13.233612, 52.561157 ], [ 13.233785, 52.561089 ], [ 13.234032, 52.560997 ], [ 13.234044, 52.560993 ], [ 13.23452, 52.560822 ], [ 13.234547, 52.56081 ], [ 13.234854, 52.560707 ], [ 13.234878, 52.560699 ], [ 13.2351856, 52.5605776 ], [ 13.2362482, 52.5602039 ], [ 13.2362237, 52.5601755 ], [ 13.2363862, 52.5601187 ], [ 13.2363856, 52.5601454 ], [ 13.2376565, 52.5597295 ], [ 13.2382342, 52.5594754 ], [ 13.2383377, 52.5594235 ], [ 13.2383952, 52.5593096 ], [ 13.2384224, 52.55922180000001 ], [ 13.2385064, 52.5591474 ], [ 13.2385367, 52.5591422 ], [ 13.2385627, 52.5591378 ], [ 13.2386489, 52.5591476 ], [ 13.2388641, 52.559181 ], [ 13.2390581, 52.559240599999988 ], [ 13.2390846, 52.559379 ], [ 13.2392138, 52.5596789 ], [ 13.2392999, 52.5597846 ], [ 13.2393617, 52.5598251 ], [ 13.2394843, 52.5598805 ], [ 13.239793, 52.5600069 ], [ 13.2398964, 52.5600592 ], [ 13.2400641, 52.5602037 ], [ 13.2401331, 52.5602744 ], [ 13.2403597, 52.5607061 ], [ 13.2404538, 52.5608927 ], [ 13.2405144, 52.5609725 ], [ 13.240606, 52.5611241 ], [ 13.2407648, 52.5612552 ], [ 13.2410278, 52.5614197 ], [ 13.2412725, 52.5616164 ], [ 13.241541, 52.5618006 ], [ 13.2416543, 52.561878300000011 ], [ 13.2417233, 52.5618918 ], [ 13.2418548, 52.5619176 ], [ 13.2422322, 52.561991599999985 ], [ 13.242431, 52.5620316 ], [ 13.2425018, 52.5620052 ], [ 13.242575, 52.5619765 ], [ 13.2426467, 52.5619485 ], [ 13.2427161, 52.5619784 ], [ 13.2429284, 52.562036099999986 ], [ 13.2431429, 52.562095099999979 ], [ 13.2433443, 52.5621725 ], [ 13.2435752, 52.562277 ], [ 13.2438092, 52.562301299999987 ], [ 13.2440262, 52.5623056 ], [ 13.2445477, 52.562331 ], [ 13.245114, 52.5623467 ], [ 13.2455503, 52.5623418 ], [ 13.2459028, 52.562361899999985 ], [ 13.2459068, 52.5623058 ], [ 13.2460044, 52.5622998 ], [ 13.246009, 52.5623416 ], [ 13.2460981, 52.5623301 ], [ 13.2461395, 52.5623513 ], [ 13.2464781, 52.5623458 ], [ 13.2467022, 52.5623374 ], [ 13.2469184, 52.562336099999989 ], [ 13.2470811, 52.5623674 ], [ 13.2472172, 52.5624329 ], [ 13.2472997, 52.562491 ], [ 13.247319, 52.5625581 ], [ 13.2476967, 52.5626937 ], [ 13.2479238, 52.5628948 ], [ 13.2479162, 52.563034 ], [ 13.2478688, 52.5631841 ], [ 13.2478029, 52.5634673 ], [ 13.2478829, 52.5636399 ], [ 13.2478043, 52.5637027 ], [ 13.2478621, 52.563737099999983 ], [ 13.2480587, 52.5636197 ], [ 13.2481654, 52.5636949 ], [ 13.2479787, 52.5638268 ], [ 13.248014, 52.5639218 ], [ 13.248129, 52.563956 ], [ 13.2483003, 52.5641549 ], [ 13.2485935, 52.5642697 ], [ 13.2487445, 52.5641066 ], [ 13.2490145, 52.5640646 ], [ 13.2492328, 52.5640851 ], [ 13.2492179, 52.5641719 ], [ 13.2493532, 52.5642433 ], [ 13.249997, 52.5639565 ], [ 13.2501818, 52.5640083 ], [ 13.2506065, 52.564127299999988 ], [ 13.2511321, 52.5642746 ], [ 13.2520299, 52.5648651 ], [ 13.2523882, 52.5649214 ], [ 13.2526867, 52.56498040000001 ], [ 13.2537139, 52.564997899999987 ], [ 13.254198, 52.5654588 ], [ 13.2542726, 52.5656461 ], [ 13.2544075, 52.5659547 ], [ 13.2545087, 52.5660684 ], [ 13.2543504, 52.5661972 ], [ 13.2544891, 52.5664386 ], [ 13.2549354, 52.566556 ], [ 13.2555791, 52.5667333 ], [ 13.2557766, 52.5669264 ], [ 13.2557079, 52.5674481 ], [ 13.2556408, 52.5676929 ], [ 13.2555963, 52.5678907 ], [ 13.2557839, 52.5680363 ], [ 13.2558578, 52.5681666 ], [ 13.2559866, 52.5683068 ], [ 13.2559329, 52.568380199999986 ], [ 13.2562146, 52.5686878 ], [ 13.2566349, 52.5690966 ], [ 13.2568277, 52.5693307 ], [ 13.2568718, 52.5693842 ], [ 13.2570055, 52.5695465 ], [ 13.2570474, 52.5695973 ], [ 13.2571181, 52.569739399999989 ], [ 13.2573109, 52.5701273 ], [ 13.2573371, 52.57018 ], [ 13.2572154, 52.5701891 ], [ 13.2571076, 52.5702033 ], [ 13.2570339, 52.5702326 ], [ 13.257004, 52.5702769 ], [ 13.2570064, 52.5703125 ], [ 13.2570279, 52.5703473 ], [ 13.2569897, 52.570353899999986 ], [ 13.2570912, 52.5705755 ], [ 13.2570482, 52.5705839 ], [ 13.2571545, 52.5707936 ], [ 13.2571091, 52.5708031 ], [ 13.257176, 52.5709105 ], [ 13.2572572, 52.570957 ], [ 13.2573205, 52.5709671 ], [ 13.2573874, 52.5709628 ], [ 13.2574913, 52.5709432 ], [ 13.2575965, 52.571123799999988 ], [ 13.2577182, 52.5713184 ], [ 13.2576466, 52.5714031 ], [ 13.2576203, 52.5714909 ], [ 13.257637, 52.5716593 ], [ 13.2577313, 52.5717631 ], [ 13.2578173, 52.5718008 ], [ 13.257893, 52.5720524 ], [ 13.2578532, 52.572089 ], [ 13.2578353, 52.572131099999986 ], [ 13.25784, 52.5721812 ], [ 13.2578711, 52.5722538 ], [ 13.2579559, 52.5723699 ], [ 13.2580883, 52.5725013 ], [ 13.2581099, 52.5725663 ], [ 13.2580754, 52.5726364 ], [ 13.2580153, 52.57267370000001 ], [ 13.2579711, 52.5727253 ], [ 13.2579711, 52.5727623 ], [ 13.2580846, 52.5728342 ], [ 13.258118, 52.572842099999988 ], [ 13.2581763, 52.572927 ], [ 13.2582506, 52.5729996 ], [ 13.2582912, 52.5730323 ], [ 13.2583927, 52.573012 ], [ 13.2584118, 52.5730316 ], [ 13.258419, 52.5730526 ], [ 13.2584782, 52.5732544 ], [ 13.2587212, 52.5735527 ], [ 13.2588335, 52.5736547 ], [ 13.2589657, 52.573749899999989 ], [ 13.2592737, 52.5739118 ], [ 13.2596002, 52.5740376 ], [ 13.2598048, 52.5740981 ], [ 13.260083, 52.5741774 ], [ 13.2603296, 52.5742277 ], [ 13.2603816, 52.5742346 ], [ 13.260509, 52.5742514 ], [ 13.2606816, 52.5744319 ], [ 13.2619578, 52.5752113 ], [ 13.2629096, 52.5755983 ], [ 13.2630506, 52.5755503 ], [ 13.2631824, 52.5756309 ], [ 13.263153, 52.5757817 ], [ 13.2635596, 52.575873799999989 ], [ 13.26358, 52.5759611 ], [ 13.2635971, 52.576107 ], [ 13.2636856, 52.5761717 ], [ 13.266203, 52.5775277 ], [ 13.2663618, 52.57761330000001 ], [ 13.2666706, 52.5777796 ], [ 13.266619, 52.5779278 ], [ 13.2667929, 52.5781097 ], [ 13.2670639, 52.5783165 ], [ 13.2672637, 52.5783687 ], [ 13.2674474, 52.5783582 ], [ 13.2675665, 52.5784471 ], [ 13.2678891, 52.5785178 ], [ 13.2680737, 52.5785887 ], [ 13.2684305, 52.5786206 ], [ 13.2685001, 52.5786883 ], [ 13.2688223, 52.5787574 ], [ 13.2689361, 52.5787252 ], [ 13.2689873, 52.5787742 ], [ 13.2694292, 52.57885120000001 ], [ 13.2696113, 52.57880810000001 ], [ 13.2696606, 52.578776 ], [ 13.2697726, 52.5787029 ], [ 13.2702113, 52.5785532 ], [ 13.270238, 52.5785447 ], [ 13.2708292, 52.577945 ], [ 13.2712542, 52.5779383 ], [ 13.2716457, 52.5779538 ], [ 13.272049, 52.5779579 ], [ 13.272377, 52.5779668 ], [ 13.2727191, 52.5779871 ], [ 13.2730449, 52.57800490000001 ], [ 13.2735625, 52.578022 ], [ 13.2737296, 52.5780279 ], [ 13.2739012, 52.5780087 ], [ 13.274037, 52.5779766 ], [ 13.2743226, 52.5779027 ], [ 13.2745232, 52.5778218 ], [ 13.2746738, 52.5778312 ], [ 13.2748455, 52.577928300000011 ], [ 13.2748748, 52.578222599999989 ], [ 13.2748789, 52.578259 ], [ 13.2748645, 52.5783093 ], [ 13.2747967, 52.5784014 ], [ 13.2746574, 52.5784909 ], [ 13.2745104, 52.578587400000011 ], [ 13.2742287, 52.578822199999983 ], [ 13.2740977, 52.5789544 ], [ 13.2739834, 52.5790629 ], [ 13.2739116, 52.5791295 ], [ 13.2738748, 52.5791799 ], [ 13.2737878, 52.5793169 ], [ 13.2736545, 52.579651499999983 ], [ 13.2736245, 52.5799041 ], [ 13.2736424, 52.580050300000011 ], [ 13.2736734, 52.580284699999986 ], [ 13.2737199, 52.5805181 ], [ 13.2737957, 52.5807463 ], [ 13.2738044, 52.5809004 ], [ 13.273924, 52.5811205 ], [ 13.2741238, 52.5813623 ], [ 13.2741991, 52.5814083 ], [ 13.2744252, 52.5814672 ], [ 13.2746597, 52.581519299999989 ], [ 13.2747333, 52.5815263 ], [ 13.2747747, 52.5817776 ], [ 13.2746753, 52.5817849 ], [ 13.2745107, 52.5817948 ], [ 13.2743361, 52.581862 ], [ 13.2742665, 52.5819281 ], [ 13.274151, 52.5820875 ], [ 13.2741059, 52.5822022 ], [ 13.2740761, 52.5823996 ], [ 13.2740888, 52.582518 ], [ 13.2742241, 52.5827714 ], [ 13.2748712, 52.5838705 ], [ 13.2748792, 52.583952499999988 ], [ 13.2748911, 52.58400790000001 ], [ 13.2748986, 52.5840244 ], [ 13.2749002, 52.584057 ], [ 13.2748912, 52.5840674 ], [ 13.2748556, 52.584088 ], [ 13.2747479, 52.5841047 ], [ 13.2746954, 52.5841256 ], [ 13.2746579, 52.5841478 ], [ 13.2746293, 52.584172799999983 ], [ 13.2746048, 52.5842016 ], [ 13.2745957, 52.5842303 ], [ 13.2745929, 52.5842415 ], [ 13.2745871, 52.5842838 ], [ 13.2745941, 52.5843012 ], [ 13.274623, 52.5843427 ], [ 13.2746662, 52.5843774 ], [ 13.2747107, 52.5843986 ], [ 13.2753557, 52.5849051 ], [ 13.2753636, 52.5849304 ], [ 13.2753746, 52.58495760000001 ], [ 13.2754039, 52.5850053 ], [ 13.2754403, 52.5850497 ], [ 13.2754563, 52.585067399999986 ], [ 13.2753249, 52.5852528 ], [ 13.2746473, 52.5862511 ], [ 13.2742124, 52.586848 ], [ 13.2740951, 52.5870147 ], [ 13.2738821, 52.5873193 ], [ 13.2737899, 52.5874559 ], [ 13.2735114, 52.5878095 ], [ 13.2733082, 52.5880413 ], [ 13.2731315, 52.588222099999989 ], [ 13.27283, 52.5885045 ], [ 13.2724258, 52.5887369 ], [ 13.2720605, 52.5889248 ] ], [ [ 13.2465891, 52.5750913 ], [ 13.2467347, 52.5752244 ], [ 13.2468778, 52.575334 ], [ 13.246905, 52.575416399999988 ], [ 13.2468465, 52.5754672 ], [ 13.2468382, 52.5755179 ], [ 13.2468977, 52.5756659 ], [ 13.2470114, 52.5758489 ], [ 13.2471324, 52.5759516 ], [ 13.2472955, 52.5760263 ], [ 13.2475373, 52.576074599999984 ], [ 13.2477775, 52.57609630000001 ], [ 13.2480319, 52.5760683 ], [ 13.2482573, 52.5759833 ], [ 13.2484212, 52.5758746 ], [ 13.2491078, 52.5750531 ], [ 13.2491196, 52.574405 ], [ 13.2490028, 52.5742232 ], [ 13.2487095, 52.57409890000001 ], [ 13.2477108, 52.573991 ], [ 13.246769, 52.5736838 ], [ 13.2462381, 52.573177 ], [ 13.2466657, 52.5715931 ], [ 13.2468762, 52.5711017 ], [ 13.2471248, 52.5703145 ], [ 13.2471199, 52.570112 ], [ 13.2469549, 52.5700344 ], [ 13.2469348, 52.5698844 ], [ 13.2469922, 52.5696507 ], [ 13.2470984, 52.569471 ], [ 13.2472002, 52.56935940000001 ], [ 13.2471328, 52.569171 ], [ 13.2470754, 52.5689459 ], [ 13.2469419, 52.568748 ], [ 13.2468274, 52.5686064 ], [ 13.2468071, 52.56842180000001 ], [ 13.2468616, 52.5681775 ], [ 13.246787, 52.568024899999983 ], [ 13.2467337, 52.567939499999987 ], [ 13.2467741, 52.5678592 ], [ 13.2467733, 52.567818 ], [ 13.2468645, 52.5677694 ], [ 13.2471285, 52.567607099999989 ], [ 13.2470797, 52.5675614 ], [ 13.2469161, 52.5674859 ], [ 13.2467984, 52.5674257 ], [ 13.2467569, 52.5674182 ], [ 13.2466679, 52.567402200000011 ], [ 13.2466552, 52.5674059 ], [ 13.2464957, 52.567452699999983 ], [ 13.2462646, 52.5674501 ], [ 13.2460365, 52.5674187 ], [ 13.2458356, 52.5673568 ], [ 13.2457509, 52.5672207 ], [ 13.2455845, 52.5671387 ], [ 13.2454171, 52.5670717 ], [ 13.2453075, 52.5670568 ], [ 13.2451897, 52.5671052 ], [ 13.2451023, 52.5671309 ], [ 13.2449875, 52.567178 ], [ 13.2448282, 52.5672678 ], [ 13.2446962, 52.5674126 ], [ 13.2446667, 52.5675285 ], [ 13.2444789, 52.5676627 ], [ 13.2443203, 52.567708299999985 ], [ 13.2440562, 52.567708299999985 ], [ 13.2438137, 52.5677118 ], [ 13.2436286, 52.5677606 ], [ 13.2436315, 52.5678165 ], [ 13.2436372, 52.5678705 ], [ 13.2437213, 52.5680423 ], [ 13.2437349, 52.568288099999982 ], [ 13.2436704, 52.5683287 ], [ 13.2435526, 52.5683376 ], [ 13.2433928, 52.5683032 ], [ 13.2433202, 52.5682055 ], [ 13.243333, 52.5680938 ], [ 13.2434048, 52.567971700000015 ], [ 13.243498, 52.5678958 ], [ 13.2435167, 52.5678426 ], [ 13.2434937, 52.5677685 ], [ 13.2434234, 52.5677641 ], [ 13.2431243, 52.5678038 ], [ 13.2428738, 52.5677458 ], [ 13.2426822, 52.5676426 ], [ 13.2425293, 52.567569 ], [ 13.2422538, 52.5675293 ], [ 13.2420536, 52.5675507 ], [ 13.2418737, 52.567599400000013 ], [ 13.2417797, 52.5676728 ], [ 13.2417562, 52.5677219 ], [ 13.2416734, 52.5677487 ], [ 13.2416075, 52.5677647 ], [ 13.2415605, 52.5678202 ], [ 13.2414953, 52.5678456 ], [ 13.2414249, 52.5678202 ], [ 13.2413888, 52.5677792 ], [ 13.2412804, 52.5677703 ], [ 13.2412032, 52.567826599999989 ], [ 13.2411584, 52.567936499999981 ], [ 13.2410726, 52.5681296 ], [ 13.2411241, 52.5683278 ], [ 13.2412786, 52.5684426 ], [ 13.2412632, 52.5685163 ], [ 13.2412475, 52.5685892 ], [ 13.2410983, 52.5686565 ], [ 13.2411801, 52.5688198 ], [ 13.2412423, 52.5689824 ], [ 13.2413649, 52.5691299 ], [ 13.2420692, 52.5693903 ], [ 13.242382, 52.5694647 ], [ 13.2427814, 52.5698275 ], [ 13.2433786, 52.57071040000001 ], [ 13.2433396, 52.5709135 ], [ 13.2431674, 52.5711371 ], [ 13.2431153, 52.5711926 ], [ 13.2431674, 52.5712243 ], [ 13.2432039, 52.5712623 ], [ 13.2431492, 52.571313 ], [ 13.2430657, 52.5713448 ], [ 13.2429866, 52.5713712 ], [ 13.2429953, 52.571479499999988 ], [ 13.2440438, 52.5731491 ], [ 13.2439994, 52.573461 ], [ 13.2440283, 52.5735765 ], [ 13.2441456, 52.5736986 ], [ 13.2443416, 52.5737779 ], [ 13.2445082, 52.5738587 ], [ 13.2445682, 52.5738587 ], [ 13.2446152, 52.5738143 ], [ 13.24467, 52.573733399999988 ], [ 13.24473, 52.5737334 ], [ 13.2447587, 52.5737715 ], [ 13.2448708, 52.5738254 ], [ 13.2449413, 52.5738714 ], [ 13.2450065, 52.573911 ], [ 13.2450585, 52.5739416 ], [ 13.2451035, 52.5739734 ], [ 13.245221, 52.5740741 ], [ 13.2452745, 52.5741625 ], [ 13.2453065, 52.5742299 ], [ 13.2453426, 52.5742575 ], [ 13.2453853, 52.5742965 ], [ 13.2454481, 52.57429 ], [ 13.2455068, 52.5742892 ], [ 13.2455309, 52.5743119 ], [ 13.2455456, 52.57433790000001 ], [ 13.2454707, 52.5744435 ], [ 13.2455132, 52.5745235 ], [ 13.2456591, 52.5746225 ], [ 13.2459408, 52.5747037 ], [ 13.246041, 52.5747037 ], [ 13.2461349, 52.57479630000001 ], [ 13.2464652, 52.5749061 ], [ 13.2465711, 52.574951 ], [ 13.2466056, 52.5750081 ], [ 13.2465891, 52.5750913 ] ], [ [ 13.2430519, 52.566591 ], [ 13.2434967, 52.5665938 ], [ 13.2436412, 52.566574 ], [ 13.243722, 52.566563 ], [ 13.2448807, 52.5664587 ], [ 13.2457272, 52.5660264 ], [ 13.2461252, 52.5655196 ], [ 13.2464906, 52.5649271 ], [ 13.2460912, 52.5648458 ], [ 13.2458837, 52.5649656 ], [ 13.2454992, 52.5648811 ], [ 13.2449021, 52.56475 ], [ 13.2441511, 52.564463099999983 ], [ 13.2437984, 52.564252 ], [ 13.2435889, 52.5640855 ], [ 13.2429491, 52.5641076 ], [ 13.2423916, 52.5642935 ], [ 13.2416191, 52.5646196 ], [ 13.2415977, 52.5652457 ], [ 13.2418917, 52.5658125 ], [ 13.2419985, 52.5660015 ], [ 13.2421634, 52.566241899999987 ], [ 13.242558, 52.5663792 ], [ 13.2427778, 52.5665239 ], [ 13.2430519, 52.566591 ] ], [ [ 13.2391562, 52.563046899999989 ], [ 13.2392608, 52.5630146 ], [ 13.2394078, 52.562969099999989 ], [ 13.2397792, 52.5628807 ], [ 13.2398906, 52.562847 ], [ 13.240015, 52.5628119 ], [ 13.2402995, 52.5627331 ], [ 13.2400775, 52.562597599999989 ], [ 13.2396533, 52.562359499999985 ], [ 13.239617, 52.56235 ], [ 13.2395199, 52.5623244 ], [ 13.2394785, 52.5623135 ], [ 13.2393306, 52.5622745 ], [ 13.2393056, 52.5622611 ], [ 13.2392302, 52.5622207 ], [ 13.2391917, 52.5622001 ], [ 13.2391837, 52.5621958 ], [ 13.2391569, 52.5621661 ], [ 13.2391062, 52.56211 ], [ 13.2390839, 52.5620853 ], [ 13.239055, 52.5620534 ], [ 13.2390249, 52.56202 ], [ 13.2389834, 52.561980399999989 ], [ 13.2389293, 52.5619288 ], [ 13.2388479, 52.561851199999985 ], [ 13.2388087, 52.5618138 ], [ 13.2387878, 52.5617939 ], [ 13.238771, 52.5617778 ], [ 13.2387502, 52.561758 ], [ 13.2387293, 52.5617439 ], [ 13.2386855, 52.5617145 ], [ 13.2385169, 52.5616011 ], [ 13.2384229, 52.5615379 ], [ 13.2382106, 52.5613953 ], [ 13.2379968, 52.5612516 ], [ 13.2378859, 52.561177 ], [ 13.2376896, 52.5611979 ], [ 13.2375254, 52.5612154 ], [ 13.2374584, 52.5612225 ], [ 13.237135, 52.5612883 ], [ 13.2370176, 52.5612966 ], [ 13.2369453, 52.5612991 ], [ 13.2369045, 52.561298 ], [ 13.236874, 52.5613395 ], [ 13.2367508, 52.5613387 ], [ 13.2366471, 52.561338 ], [ 13.236329, 52.5613498 ], [ 13.2362026, 52.5613507 ], [ 13.2361417, 52.5613531 ], [ 13.2361002, 52.5613547 ], [ 13.2359297, 52.561376 ], [ 13.2357107, 52.5613743 ], [ 13.2355554, 52.5613731 ], [ 13.2352473, 52.5613391 ], [ 13.2350528, 52.5613359 ], [ 13.2345677, 52.5612839 ], [ 13.2341321, 52.5613952 ], [ 13.2341181, 52.5615955 ], [ 13.2342984, 52.5616078 ], [ 13.234311, 52.5616374 ], [ 13.2343468, 52.5617221 ], [ 13.2343756, 52.56179 ], [ 13.2343841, 52.5618101 ], [ 13.2344166, 52.5618867 ], [ 13.2344973, 52.5620771 ], [ 13.2346373, 52.5621876 ], [ 13.2348529, 52.5622449 ], [ 13.2351121, 52.5623575 ], [ 13.2352357, 52.5625165 ], [ 13.2353749, 52.5625813 ], [ 13.2355306, 52.5626536 ], [ 13.2362163, 52.5627583 ], [ 13.2362882, 52.5627693 ], [ 13.2363462, 52.5627781 ], [ 13.2363862, 52.562783600000017 ], [ 13.2364397, 52.5627909 ], [ 13.2366354, 52.5628176 ], [ 13.2369507, 52.5628607 ], [ 13.23718, 52.5628671 ], [ 13.2372566, 52.5628692 ], [ 13.2375675, 52.5629918 ], [ 13.2391562, 52.563046899999989 ] ], [ [ 13.2399669, 52.5645022 ], [ 13.2398381, 52.5641239 ], [ 13.2393017, 52.5639152 ], [ 13.238143, 52.5639283 ], [ 13.2374563, 52.56385 ], [ 13.2365532, 52.5638283 ], [ 13.2363031, 52.5634943 ], [ 13.2355055, 52.5633247 ], [ 13.2345595, 52.563041299999981 ], [ 13.2333364, 52.56325 ], [ 13.2327163, 52.5633075 ], [ 13.2324834, 52.563255099999985 ], [ 13.2323815, 52.5632602 ], [ 13.2320588, 52.563057 ], [ 13.2316517, 52.5629961 ], [ 13.230783, 52.5631717 ], [ 13.2306154, 52.5632 ], [ 13.2304599, 52.5632248 ], [ 13.2303757, 52.5632383 ], [ 13.2301822, 52.5631973 ], [ 13.2296274, 52.5631619 ], [ 13.2295049, 52.5632089 ], [ 13.2294389, 52.5632568 ], [ 13.2292202, 52.5633086 ], [ 13.2291302, 52.5634054 ], [ 13.2291093, 52.5635109 ], [ 13.2293489, 52.5637329 ], [ 13.2296457, 52.5639544 ], [ 13.2295384, 52.564463099999983 ], [ 13.2293362, 52.5647612 ], [ 13.229331, 52.5647689 ], [ 13.2293259, 52.564784 ], [ 13.2292685, 52.5650057 ], [ 13.2292717, 52.565141599999983 ], [ 13.2293668, 52.5652457 ], [ 13.2297397, 52.5653439 ], [ 13.2302012, 52.565427499999984 ], [ 13.2306908, 52.5655911 ], [ 13.2310565, 52.5658311 ], [ 13.2310079, 52.5658891 ], [ 13.2316842, 52.5660837 ], [ 13.2321562, 52.5662027 ], [ 13.2329931, 52.5658196 ], [ 13.2336369, 52.5654022 ], [ 13.2346025, 52.5648674 ], [ 13.2351926, 52.5647591 ], [ 13.2353448, 52.5647343 ], [ 13.2356794, 52.564719399999987 ], [ 13.2360146, 52.5646501 ], [ 13.2360605, 52.564608799999988 ], [ 13.2361298, 52.5646053 ], [ 13.236202, 52.564617 ], [ 13.2363553, 52.56465870000001 ], [ 13.2364214, 52.564722 ], [ 13.2373919, 52.5648544 ], [ 13.2379292, 52.5648909 ], [ 13.2384648, 52.5648674 ], [ 13.2396665, 52.565337 ], [ 13.2401814, 52.56544130000001 ], [ 13.240675, 52.5648413 ], [ 13.2399669, 52.5645022 ] ], [ [ 13.2518654, 52.5774722 ], [ 13.2519767, 52.5774999 ], [ 13.2520129, 52.577508 ], [ 13.2520933, 52.5775113 ], [ 13.2521322, 52.5775154 ], [ 13.2523361, 52.5775276 ], [ 13.2525775, 52.577529199999987 ], [ 13.252615, 52.5775235 ], [ 13.2527961, 52.577473 ], [ 13.2529101, 52.5774502 ], [ 13.2529476, 52.57744120000001 ], [ 13.2530335, 52.5774322 ], [ 13.2531582, 52.5774168 ], [ 13.2532668, 52.5773833 ], [ 13.2533017, 52.5773711 ], [ 13.253421, 52.577306699999987 ], [ 13.2534693, 52.5772692 ], [ 13.2534881, 52.5772472 ], [ 13.2535136, 52.5772 ], [ 13.2535337, 52.5771274 ], [ 13.2535565, 52.577081 ], [ 13.2535793, 52.5770337 ], [ 13.25359, 52.576997 ], [ 13.2535954, 52.5769718 ], [ 13.2535847, 52.576949 ], [ 13.2535659, 52.576927 ], [ 13.2535565, 52.576875599999987 ], [ 13.2535243, 52.57683 ], [ 13.2534666, 52.5767623 ], [ 13.2534371, 52.576746 ], [ 13.2534036, 52.5767322 ], [ 13.2532896, 52.576702 ], [ 13.253248, 52.5766947 ], [ 13.2531635, 52.5766882 ], [ 13.2531233, 52.5766955 ], [ 13.2530898, 52.5767102 ], [ 13.2530643, 52.5767297 ], [ 13.2530428, 52.5767509 ], [ 13.2530174, 52.5767705 ], [ 13.252961, 52.5768055 ], [ 13.2529275, 52.5768186 ], [ 13.2528886, 52.5768243 ], [ 13.2528135, 52.5768471 ], [ 13.2527894, 52.5768675 ], [ 13.2527545, 52.5768813 ], [ 13.25267, 52.5768878 ], [ 13.2525909, 52.5769009 ], [ 13.2525131, 52.5769188 ], [ 13.2524702, 52.5769229 ], [ 13.252438, 52.576939199999984 ], [ 13.2524179, 52.576962 ], [ 13.2524052, 52.5769722 ], [ 13.2523468, 52.576984799999984 ], [ 13.2522503, 52.5770117 ], [ 13.2521644, 52.5770516 ], [ 13.2521497, 52.5770602 ], [ 13.2521403, 52.577071199999985 ], [ 13.2520826, 52.5771062 ], [ 13.252041, 52.5771494 ], [ 13.2520182, 52.577169 ], [ 13.2520062, 52.5771934 ], [ 13.2519847, 52.5772146 ], [ 13.2519566, 52.5772334 ], [ 13.251923, 52.5772782 ], [ 13.2518788, 52.5773198 ], [ 13.2518533, 52.5773393 ], [ 13.2518345, 52.5773621 ], [ 13.2518251, 52.5773874 ], [ 13.2518265, 52.5774127 ], [ 13.2518332, 52.5774363 ], [ 13.2518654, 52.5774722 ] ], [ [ 13.2647836, 52.5850963 ], [ 13.2647053, 52.5850365 ], [ 13.2645644, 52.585093699999987 ], [ 13.2644013, 52.5851458 ], [ 13.2643327, 52.5852866 ], [ 13.2642039, 52.5853753 ], [ 13.2640237, 52.5854066 ], [ 13.2639636, 52.5855109 ], [ 13.2638349, 52.5856517 ], [ 13.2636718, 52.5857508 ], [ 13.26363, 52.5858652 ], [ 13.2637002, 52.585929799999988 ], [ 13.2638174, 52.58595 ], [ 13.2642125, 52.5858342 ], [ 13.2644013, 52.5856986 ], [ 13.2647618, 52.5856204 ], [ 13.2649249, 52.585636 ], [ 13.2650622, 52.5856621 ], [ 13.2651566, 52.5856256 ], [ 13.2652425, 52.5855265 ], [ 13.2655, 52.5854327 ], [ 13.2657918, 52.5853649 ], [ 13.2658378, 52.585278799999983 ], [ 13.2660192, 52.585222 ], [ 13.2660879, 52.5852454 ], [ 13.2662038, 52.5851928 ], [ 13.2665737, 52.5850686 ], [ 13.2667122, 52.5848759 ], [ 13.266954, 52.5848323 ], [ 13.2670621, 52.5847495 ], [ 13.2672338, 52.5848016 ], [ 13.267401, 52.5848243 ], [ 13.2675771, 52.5848016 ], [ 13.2677917, 52.5846296 ], [ 13.267723, 52.5845461 ], [ 13.2675566, 52.5844935 ], [ 13.2675056, 52.5843606 ], [ 13.2673524, 52.5844214 ], [ 13.267205, 52.5843767 ], [ 13.2669743, 52.5843523 ], [ 13.2668542, 52.584271 ], [ 13.2667465, 52.5842779 ], [ 13.2667029, 52.584398 ], [ 13.26664, 52.5843765 ], [ 13.2665754, 52.584299799999989 ], [ 13.266497, 52.5842974 ], [ 13.2663861, 52.584307099999982 ], [ 13.2662763, 52.5843261 ], [ 13.26621, 52.5844328 ], [ 13.2663346, 52.5844975 ], [ 13.2662381, 52.5845409 ], [ 13.2661519, 52.584561399999984 ], [ 13.2660389, 52.584497 ], [ 13.2660454, 52.5844381 ], [ 13.2658772, 52.5844597 ], [ 13.2658403, 52.5845278 ], [ 13.2659176, 52.5845758 ], [ 13.2659291, 52.58464 ], [ 13.2658406, 52.5846377 ], [ 13.2657802, 52.5846745 ], [ 13.2657433, 52.5847381 ], [ 13.2655631, 52.5847162 ], [ 13.2654669, 52.5847362 ], [ 13.2654175, 52.5848063 ], [ 13.2655222, 52.5848278 ], [ 13.2651438, 52.5849492 ], [ 13.2648936, 52.5848565 ], [ 13.2647745, 52.5848781 ], [ 13.2647271, 52.5849598 ], [ 13.2649809, 52.585034399999984 ], [ 13.2647836, 52.5850963 ] ], [ [ 13.2531514, 52.5670824 ], [ 13.2532008, 52.566967 ], [ 13.2534393, 52.5667799 ], [ 13.2535434, 52.5667469 ], [ 13.2535688, 52.56671450000001 ], [ 13.2534463, 52.5665934 ], [ 13.2533265, 52.566602 ], [ 13.2532793, 52.56669 ], [ 13.2531656, 52.5667346 ], [ 13.2530047, 52.5666376 ], [ 13.2528707, 52.5666748 ], [ 13.2526263, 52.5665862 ], [ 13.252609, 52.5665598 ], [ 13.2526784, 52.566515 ], [ 13.2527153, 52.5664322 ], [ 13.2525288, 52.5663701 ], [ 13.2524206, 52.566164899999983 ], [ 13.2525155, 52.5660958 ], [ 13.2527587, 52.566075200000014 ], [ 13.2529896, 52.5660179 ], [ 13.2527003, 52.5658575 ], [ 13.2524737, 52.5658418 ], [ 13.2521673, 52.5657068 ], [ 13.2518929, 52.5656786 ], [ 13.2515787, 52.565857 ], [ 13.2512564, 52.5661672 ], [ 13.2509658, 52.5667053 ], [ 13.2511102, 52.5671023 ], [ 13.2511677, 52.5675267 ], [ 13.2511384, 52.5677288 ], [ 13.2510049, 52.5678343 ], [ 13.2509913, 52.5679908 ], [ 13.2510005, 52.56810380000001 ], [ 13.2510641, 52.5682447 ], [ 13.2513561, 52.5683519 ], [ 13.2516553, 52.5682934 ], [ 13.2518232, 52.5684394 ], [ 13.2520174, 52.568484599999984 ], [ 13.2523234, 52.5685559 ], [ 13.2524598, 52.5685511 ], [ 13.2527503, 52.568540699999986 ], [ 13.2528646, 52.5685237 ], [ 13.2531885, 52.5684755 ], [ 13.2532344, 52.5684687 ], [ 13.2534541, 52.5683979 ], [ 13.2536158, 52.5683457 ], [ 13.2536268, 52.5680544 ], [ 13.2535319, 52.567795 ], [ 13.2535192, 52.56776030000001 ], [ 13.2535043, 52.5677194 ], [ 13.2533721, 52.567641699999989 ], [ 13.2532832, 52.5676034 ], [ 13.2532919, 52.5675797 ], [ 13.2533764, 52.5675521 ], [ 13.2533851, 52.5675073 ], [ 13.253281, 52.5674361 ], [ 13.2531488, 52.5673584 ], [ 13.2531098, 52.5672859 ], [ 13.2531514, 52.5670824 ] ] ] } },
{ "type": "Feature", "properties": { "name": "See im Englischen Garten", "name_norm": "see im englischen garten", "natural": "water", "water": "pond", "wikidata": null, "area_sqkm": 0.0023107273770089799, "centroid_lon": 13.346793634071378, "centroid_lat": 52.517047955344935 }, "geometry": { "type": "Polygon", "coordinates": [ [ [ 13.3465082, 52.5170105 ], [ 13.3465349, 52.5169141 ], [ 13.3465455, 52.516853499999989 ], [ 13.3465924, 52.5167793 ], [ 13.3466658, 52.5167308 ], [ 13.3467546, 52.5167144 ], [ 13.3469372, 52.5167271 ], [ 13.3470458, 52.5167926 ], [ 13.347077, 52.5168548 ], [ 13.3471353, 52.5169573 ], [ 13.3471233, 52.517077 ], [ 13.3470793, 52.5171904 ], [ 13.3470612, 52.5172371 ], [ 13.347037, 52.517279 ], [ 13.3470245, 52.5173005 ], [ 13.3468665, 52.5172988 ], [ 13.3466989, 52.5173579 ], [ 13.3465698, 52.5173627 ], [ 13.3464589, 52.5173139 ], [ 13.3464349, 52.517221399999983 ], [ 13.3464817, 52.517075 ], [ 13.3465082, 52.5170105 ] ], [ [ 13.3468617, 52.5168123 ], [ 13.346841, 52.5167946 ], [ 13.3468109, 52.516782399999983 ], [ 13.3467762, 52.5167777 ], [ 13.3467432, 52.5167804 ], [ 13.3467074, 52.5167928 ], [ 13.3466857, 52.5168096 ], [ 13.3466761, 52.5168488 ], [ 13.3466937, 52.516873099999984 ], [ 13.346725, 52.5168898 ], [ 13.3467594, 52.5168967 ], [ 13.346804, 52.5168941 ], [ 13.34683, 52.516886 ], [ 13.3468568, 52.5168683 ], [ 13.3468697, 52.5168467 ], [ 13.3468617, 52.5168123 ] ], [ [ 13.3466344, 52.5172468 ], [ 13.3467182, 52.517248 ], [ 13.3467972, 52.5172094 ], [ 13.3468248, 52.5171587 ], [ 13.3468096, 52.5171228 ], [ 13.3467448, 52.51711 ], [ 13.3466553, 52.5171274 ], [ 13.3466001, 52.5171981 ], [ 13.3466344, 52.5172468 ] ] ] } },
{ "type": "Feature", "properties": { "name": "Halensee", "name_norm": "halensee", "natural": "water", "water": "lake", "wikidata": "Q1570872", "area_sqkm": 0.055805665441354568, "centroid_lon": 13.280127116610116, "centroid_lat": 52.494315626758585 }, "geometry": { "type": "Polygon", "coordinates": [ [ [ 13.2809567, 52.495911 ], [ 13.2807717, 52.49584440000001 ], [ 13.2804946, 52.4956603 ], [ 13.2802469, 52.4955928 ], [ 13.2801979, 52.4955617 ], [ 13.2801779, 52.4955684 ], [ 13.2801144, 52.4955878 ], [ 13.2800818, 52.4955758 ], [ 13.280114, 52.495512 ], [ 13.280041, 52.495465 ], [ 13.2800272, 52.4954282 ], [ 13.279994, 52.495392 ], [ 13.2799433, 52.4953779 ], [ 13.2798493, 52.4952946 ], [ 13.279715, 52.4951399 ], [ 13.2796975, 52.4951091 ], [ 13.2796837, 52.4950848 ], [ 13.2796628, 52.4950272 ], [ 13.2796185, 52.494892499999978 ], [ 13.2794924, 52.4946997 ], [ 13.2793993, 52.4945593 ], [ 13.279321, 52.4944188 ], [ 13.2793009, 52.494375 ], [ 13.2792551, 52.494275 ], [ 13.2791867, 52.4941444 ], [ 13.2790972, 52.4940011 ], [ 13.2789717, 52.4938492 ], [ 13.2787522, 52.4936551 ], [ 13.2786502, 52.4935797 ], [ 13.278532, 52.4935212 ], [ 13.2783094, 52.4934476 ], [ 13.2782832, 52.4934356 ], [ 13.2780642, 52.4933957 ], [ 13.2776423, 52.4933317 ], [ 13.277371, 52.4932682 ], [ 13.2772456, 52.4932146 ], [ 13.2771381, 52.4931269 ], [ 13.2770454, 52.4930333 ], [ 13.2769843, 52.4929675 ], [ 13.2769211, 52.4928877 ], [ 13.2768946, 52.4928417 ], [ 13.2768157, 52.4927568 ], [ 13.2767398, 52.4926868 ], [ 13.2766012, 52.4925697 ], [ 13.2765026, 52.49241 ], [ 13.2765101, 52.4922091 ], [ 13.2765387, 52.4920827 ], [ 13.2766048, 52.4919841 ], [ 13.2766569, 52.491973 ], [ 13.2769841, 52.4920405 ], [ 13.2771142, 52.4920981 ], [ 13.2773139, 52.492239 ], [ 13.2775977, 52.492484 ], [ 13.2778405, 52.49266990000001 ], [ 13.2780839, 52.4928498 ], [ 13.2782487, 52.4930097 ], [ 13.2782662, 52.49301830000001 ], [ 13.2783149, 52.493112500000016 ], [ 13.2783638, 52.4931806 ], [ 13.2784864, 52.4932725 ], [ 13.2786238, 52.4933604 ], [ 13.2787028, 52.4933864 ], [ 13.2788143, 52.4934093 ], [ 13.2789143, 52.4934422 ], [ 13.2790451, 52.4934993 ], [ 13.2791137, 52.4935418 ], [ 13.27922, 52.4935873 ], [ 13.2793356, 52.4936323 ], [ 13.2794388, 52.4936357 ], [ 13.2795403, 52.4936193 ], [ 13.2796847, 52.4935463 ], [ 13.2797991, 52.493481399999986 ], [ 13.2799091, 52.493400399999985 ], [ 13.2799698, 52.4933737 ], [ 13.2800701, 52.4933498 ], [ 13.2801388, 52.49335 ], [ 13.2802465, 52.49334910000001 ], [ 13.2804091, 52.4933683 ], [ 13.2805393, 52.4934074 ], [ 13.28063, 52.4934491 ], [ 13.2807297, 52.4935227 ], [ 13.2808672, 52.4936057 ], [ 13.2809893, 52.4936404 ], [ 13.2810938, 52.4937154 ], [ 13.2811659, 52.4937348 ], [ 13.281273, 52.4937756 ], [ 13.2813415, 52.493821099999984 ], [ 13.281392, 52.493881 ], [ 13.2814664, 52.4940503 ], [ 13.281539, 52.4940921 ], [ 13.2815521, 52.4941051 ], [ 13.2815743, 52.494119 ], [ 13.2817464, 52.4943068 ], [ 13.2820989, 52.4946721 ], [ 13.2821796, 52.4947339 ], [ 13.2821939, 52.494767 ], [ 13.2822449, 52.4948304 ], [ 13.2823144, 52.494868699999984 ], [ 13.2823619, 52.4949124 ], [ 13.2824193, 52.4949417 ], [ 13.2824963, 52.494987 ], [ 13.2825513, 52.4950284 ], [ 13.2826952, 52.4951615 ], [ 13.2827837, 52.4952821 ], [ 13.2827427, 52.495301 ], [ 13.282757, 52.4953807 ], [ 13.2827402, 52.4954121 ], [ 13.2827156, 52.4954483 ], [ 13.2825697, 52.495536 ], [ 13.2824446, 52.495626 ], [ 13.2824061, 52.4956532 ], [ 13.2823768, 52.4956321 ], [ 13.2823527, 52.4955937 ], [ 13.2823205, 52.4955521 ], [ 13.2822736, 52.495539 ], [ 13.2822146, 52.495539 ], [ 13.2821783, 52.4955463 ], [ 13.2821421, 52.495575699999989 ], [ 13.2821247, 52.4956076 ], [ 13.2821153, 52.4956476 ], [ 13.2821341, 52.495680299999989 ], [ 13.2821663, 52.4956966 ], [ 13.2821824, 52.495714499999984 ], [ 13.2821985, 52.4957554 ], [ 13.2821743, 52.495788 ], [ 13.282169, 52.4958313 ], [ 13.2821488, 52.4958623 ], [ 13.2821059, 52.4958942 ], [ 13.2820751, 52.4959105 ], [ 13.2820536, 52.4959301 ], [ 13.2820214, 52.4959423 ], [ 13.2819799, 52.4959554 ], [ 13.2819141, 52.4959595 ], [ 13.2818283, 52.4959546 ], [ 13.2817894, 52.4959489 ], [ 13.2817505, 52.4959709 ], [ 13.281721, 52.4959889 ], [ 13.281709, 52.4960109 ], [ 13.2817011, 52.4960362 ], [ 13.2815414, 52.4960242 ], [ 13.2813545, 52.4959957 ], [ 13.2812741, 52.4959786 ], [ 13.2809567, 52.495911 ] ], [ [ 13.2797285, 52.4943796 ], [ 13.2797597, 52.494342 ], [ 13.2797851, 52.4943097 ], [ 13.2797898, 52.4942742 ], [ 13.2797846, 52.4942406 ], [ 13.2797717, 52.4942212 ], [ 13.2797503, 52.4941991 ], [ 13.2797409, 52.4941779 ], [ 13.2797402, 52.4941469 ], [ 13.2797335, 52.4941219 ], [ 13.2797161, 52.4941077 ], [ 13.2796926, 52.4940995 ], [ 13.2796625, 52.494103699999982 ], [ 13.2796273, 52.4941236 ], [ 13.2796128, 52.494153 ], [ 13.2796209, 52.494188099999988 ], [ 13.2796302, 52.494215 ], [ 13.2796302, 52.4942416 ], [ 13.2796209, 52.4942761 ], [ 13.2796162, 52.4943085 ], [ 13.2796396, 52.494354199999989 ], [ 13.2796733, 52.494378899999987 ], [ 13.2796986, 52.4943832 ], [ 13.2797285, 52.4943796 ] ] ] } },
{ "type": "Feature", "properties": { "name": "Jungfernsee", "name_norm": "jungfernsee", "natural": "water", "water": "lake", "wikidata": "Q181494", "area_sqkm": 2.2039680844242131, "centroid_lon": 13.078208920004815, "centroid_lat": 52.424434016506801 }, "geometry": { "type": "Polygon", "coordinates": [ [ [ 13.0782125, 52.4211667 ], [ 13.0783352, 52.4211325 ], [ 13.0783949, 52.4210841 ], [ 13.0784758, 52.4209697 ], [ 13.0785209, 52.420934699999989 ], [ 13.0784059, 52.4208723 ], [ 13.0785027, 52.4207893 ], [ 13.0784342, 52.4206712 ], [ 13.0784115, 52.4204748 ], [ 13.0783997, 52.4203846 ], [ 13.0783679, 52.4202238 ], [ 13.0783311, 52.4201556 ], [ 13.0784395, 52.4199566 ], [ 13.0784531, 52.4196643 ], [ 13.0783171, 52.419424 ], [ 13.0781491, 52.419223 ], [ 13.078063, 52.4190717 ], [ 13.0780526, 52.4189149 ], [ 13.0780481, 52.4188423 ], [ 13.0780732, 52.4185211 ], [ 13.0781955, 52.4181603 ], [ 13.0782783, 52.4180186 ], [ 13.0783295, 52.417931 ], [ 13.0783711, 52.417859699999987 ], [ 13.0784779, 52.417676799999988 ], [ 13.0789655, 52.4171695 ], [ 13.0790107, 52.4171225 ], [ 13.0791974, 52.4169888 ], [ 13.07952, 52.4168334 ], [ 13.0799952, 52.4166899 ], [ 13.0804901, 52.4165567 ], [ 13.0805836, 52.4165102 ], [ 13.0805784, 52.4164579 ], [ 13.0805343, 52.4164204 ], [ 13.0804494, 52.4163458 ], [ 13.0805151, 52.4163053 ], [ 13.0805522, 52.4162766 ], [ 13.0806828, 52.4163226 ], [ 13.0807754, 52.4163248 ], [ 13.0811131, 52.4162739 ], [ 13.0814724, 52.4162385 ], [ 13.0820045, 52.4160981 ], [ 13.0825412, 52.4159973 ], [ 13.0828351, 52.4159224 ], [ 13.0831045, 52.4158421 ], [ 13.0831763, 52.4158364 ], [ 13.0832627, 52.4158619 ], [ 13.0836719, 52.4159466 ], [ 13.0837988, 52.415803599999983 ], [ 13.0838627, 52.4157495 ], [ 13.0840669, 52.415664399999983 ], [ 13.0841212, 52.4156525 ], [ 13.0841518, 52.4156204 ], [ 13.0842391, 52.4156252 ], [ 13.0842858, 52.4155854 ], [ 13.0845438, 52.415518 ], [ 13.0846115, 52.4155249 ], [ 13.0846571, 52.4154885 ], [ 13.0846296, 52.41545 ], [ 13.0846174, 52.4154493 ], [ 13.0846074, 52.4154487 ], [ 13.0846706, 52.4152006 ], [ 13.0849573, 52.4151685 ], [ 13.085103, 52.4152851 ], [ 13.0852251, 52.415241 ], [ 13.0853193, 52.4152249 ], [ 13.085494, 52.4150645 ], [ 13.0858353, 52.4148868 ], [ 13.0861876, 52.4147357 ], [ 13.0865406, 52.4146299 ], [ 13.0869806, 52.4145313 ], [ 13.0871033, 52.4145346 ], [ 13.0875112, 52.4144197 ], [ 13.0877327, 52.4143418 ], [ 13.0880252, 52.414292 ], [ 13.0880478, 52.414258 ], [ 13.0881345, 52.4142396 ], [ 13.0882062, 52.414233 ], [ 13.0882932, 52.4142083 ], [ 13.0883398, 52.4141784 ], [ 13.0884125, 52.4141318 ], [ 13.0885457, 52.4140885 ], [ 13.0886651, 52.4140723 ], [ 13.088784, 52.414051 ], [ 13.088844, 52.414032 ], [ 13.089004, 52.4139908 ], [ 13.0891016, 52.4139656 ], [ 13.0891385, 52.4139498 ], [ 13.0891522, 52.4139121 ], [ 13.0891614, 52.413888 ], [ 13.0891619, 52.4138485 ], [ 13.0891658, 52.4138103 ], [ 13.08918, 52.413792 ], [ 13.0891924, 52.4137554 ], [ 13.0892064, 52.413714 ], [ 13.0892202, 52.4136735 ], [ 13.0911966, 52.4136368 ], [ 13.0912004, 52.4136444 ], [ 13.0912078, 52.4136728 ], [ 13.0912538, 52.4138131 ], [ 13.0913263, 52.4138904 ], [ 13.0913577, 52.4139212 ], [ 13.0914317, 52.4139937 ], [ 13.0914414, 52.4140036 ], [ 13.0914523, 52.4140434 ], [ 13.0914868, 52.414184499999983 ], [ 13.0915553, 52.4143026 ], [ 13.0916027, 52.4143287 ], [ 13.0917428, 52.4144236 ], [ 13.0919244, 52.414546599999987 ], [ 13.0919184, 52.4146518 ], [ 13.0919445, 52.4147569 ], [ 13.0920349, 52.4148559 ], [ 13.0921428, 52.4149278 ], [ 13.0921972, 52.4150374 ], [ 13.0922907, 52.4151854 ], [ 13.0924105, 52.415321799999987 ], [ 13.0924977, 52.4153938 ], [ 13.0925891, 52.4155658 ], [ 13.0925897, 52.415652899999984 ], [ 13.0925901, 52.4157212 ], [ 13.0925904, 52.4157645 ], [ 13.092637, 52.4158039 ], [ 13.0926985, 52.4158461 ], [ 13.0927537, 52.4158761 ], [ 13.0929552, 52.415933 ], [ 13.0931189, 52.4160348 ], [ 13.0942063, 52.4170372 ], [ 13.094844, 52.4176845 ], [ 13.0958352, 52.4185952 ], [ 13.0968518, 52.419479 ], [ 13.0972739, 52.4198792 ], [ 13.0975091, 52.4201052 ], [ 13.098007, 52.42058380000001 ], [ 13.0984172, 52.4210866 ], [ 13.0981985, 52.4213023 ], [ 13.0965471, 52.4226015 ], [ 13.0963212, 52.422789899999984 ], [ 13.0948674, 52.4238459 ], [ 13.0947572, 52.4240346 ], [ 13.0942671, 52.4240104 ], [ 13.0936495, 52.4239627 ], [ 13.0935007, 52.4239603 ], [ 13.0931769, 52.4240334 ], [ 13.0928129, 52.42405260000001 ], [ 13.0923846, 52.423992 ], [ 13.0914237, 52.4240931 ], [ 13.0907977, 52.4242344 ], [ 13.0903043, 52.424413 ], [ 13.089291, 52.4248593 ], [ 13.0882711, 52.4252934 ], [ 13.0878848, 52.425457599999987 ], [ 13.0871483, 52.4256386 ], [ 13.0871295, 52.4256448 ], [ 13.0869426, 52.4256564 ], [ 13.0863069, 52.4256933 ], [ 13.0855485, 52.4256217 ], [ 13.0846922, 52.4255079 ], [ 13.0842737, 52.4254338 ], [ 13.0836127, 52.4252497 ], [ 13.0827863, 52.424861 ], [ 13.0820802, 52.4244295 ], [ 13.0813927, 52.4237125 ], [ 13.0808477, 52.4234185 ], [ 13.0805301, 52.423383 ], [ 13.0802214, 52.423354 ], [ 13.079921, 52.4234579 ], [ 13.0795738, 52.423624 ], [ 13.079317, 52.4236758 ], [ 13.0790963, 52.4236742 ], [ 13.0787531, 52.4237961 ], [ 13.0786871, 52.42392 ], [ 13.078498, 52.424072 ], [ 13.0781086, 52.424203 ], [ 13.0774273, 52.4245368 ], [ 13.0769435, 52.4246804 ], [ 13.0764814, 52.4247567 ], [ 13.0757772, 52.4247534 ], [ 13.0748316, 52.4249279 ], [ 13.0744418, 52.425194599999983 ], [ 13.0738212, 52.42555 ], [ 13.0728839, 52.4266404 ], [ 13.0726147, 52.4269535 ], [ 13.0725878, 52.42697050000001 ], [ 13.0725449, 52.4270588 ], [ 13.0724591, 52.4271111 ], [ 13.0722418, 52.4271275 ], [ 13.0721453, 52.4271667 ], [ 13.0721694, 52.4272878 ], [ 13.0721426, 52.4273483 ], [ 13.0718583, 52.4275511 ], [ 13.0717832, 52.4277964 ], [ 13.0715418, 52.428152 ], [ 13.07118, 52.42912470000001 ], [ 13.0716169, 52.4297199 ], [ 13.0711644, 52.4298033 ], [ 13.0709974, 52.4300143 ], [ 13.0708766, 52.4305937 ], [ 13.0706197, 52.4309092 ], [ 13.069152, 52.4321389 ], [ 13.068248, 52.4330363 ], [ 13.0677599, 52.4333339 ], [ 13.0676794, 52.4336395 ], [ 13.0676258, 52.4338802 ], [ 13.0668426, 52.4342858 ], [ 13.0659735, 52.4343592 ], [ 13.0657643, 52.4344781 ], [ 13.0653671, 52.4347304 ], [ 13.0647959, 52.435222799999984 ], [ 13.0645709, 52.4353663 ], [ 13.0643187, 52.4354703 ], [ 13.0639435, 52.4355711 ], [ 13.0635646, 52.435608 ], [ 13.0629783, 52.4355947 ], [ 13.0625618, 52.435686 ], [ 13.0622506, 52.4359769 ], [ 13.0619655, 52.43650610000001 ], [ 13.0617994, 52.4366675 ], [ 13.0616069, 52.4367942 ], [ 13.061462, 52.436881 ], [ 13.0612689, 52.4369942 ], [ 13.0602711, 52.4372329 ], [ 13.0598181, 52.4373869 ], [ 13.0592473, 52.4379486 ], [ 13.0587423, 52.4383648 ], [ 13.0580541, 52.4388159 ], [ 13.0572816, 52.439067 ], [ 13.0568267, 52.439129800000011 ], [ 13.0564576, 52.4390932 ], [ 13.0562774, 52.4388106 ], [ 13.0563289, 52.4385543 ], [ 13.0564662, 52.4382926 ], [ 13.055293, 52.4387856 ], [ 13.0549121, 52.4389818 ], [ 13.0544668, 52.4392533 ], [ 13.0539089, 52.4396882 ], [ 13.0539197, 52.4397274 ], [ 13.0510568, 52.4390218 ], [ 13.0511099, 52.4389795 ], [ 13.0515234, 52.4386665 ], [ 13.0515445, 52.43865 ], [ 13.0518603, 52.4384309 ], [ 13.0520306, 52.4383205 ], [ 13.0523263, 52.4381261 ], [ 13.0523509, 52.4381099 ], [ 13.0525576, 52.437984 ], [ 13.0527144, 52.4378715 ], [ 13.0527799, 52.437824499999984 ], [ 13.0530247, 52.4376807 ], [ 13.0530502, 52.4376686 ], [ 13.0531558, 52.4376266 ], [ 13.0532758, 52.4375788 ], [ 13.0534033, 52.4375312 ], [ 13.0536024, 52.4374782 ], [ 13.0537735, 52.437462600000011 ], [ 13.0538073, 52.43745950000001 ], [ 13.0541046, 52.4374992 ], [ 13.0544708, 52.43761 ], [ 13.054651, 52.437630899999988 ], [ 13.0548398, 52.4375943 ], [ 13.0549343, 52.4375576 ], [ 13.0549443, 52.43750510000001 ], [ 13.0549285, 52.4374889 ], [ 13.0548813, 52.4374403 ], [ 13.0548755, 52.4373578 ], [ 13.0548382, 52.4372682 ], [ 13.0548267, 52.4372404 ], [ 13.0547768, 52.4370932 ], [ 13.0547719, 52.4370788 ], [ 13.0547237, 52.436916 ], [ 13.0547632, 52.4367314 ], [ 13.0547431, 52.4365472 ], [ 13.0548007, 52.4364963 ], [ 13.0547891, 52.4364173 ], [ 13.0547345, 52.4363805 ], [ 13.054668, 52.4363622 ], [ 13.0545885, 52.4361016 ], [ 13.0545092, 52.4358643 ], [ 13.0548931, 52.4357366 ], [ 13.0560789, 52.4353423 ], [ 13.0575528, 52.4347036 ], [ 13.0579881, 52.434072 ], [ 13.0582209, 52.4338705 ], [ 13.0582892, 52.4337449 ], [ 13.0585451, 52.433597899999988 ], [ 13.0588808, 52.4335311 ], [ 13.0592462, 52.4335528 ], [ 13.0595646, 52.433363 ], [ 13.06008, 52.4328044 ], [ 13.0601826, 52.4326932 ], [ 13.0606958, 52.4325489 ], [ 13.0610072, 52.4323585 ], [ 13.0612556, 52.432080799999987 ], [ 13.06153, 52.4317741 ], [ 13.0622023, 52.431455199999988 ], [ 13.0624896, 52.4312063 ], [ 13.0629007, 52.4309664 ], [ 13.0634002, 52.4307453 ], [ 13.0636653, 52.4306635 ], [ 13.0643635, 52.4304296 ], [ 13.0646081, 52.4303641 ], [ 13.0648436, 52.4302669 ], [ 13.0649439, 52.4302291 ], [ 13.0650908, 52.4300905 ], [ 13.0651206, 52.4300126 ], [ 13.0651155, 52.4299494 ], [ 13.0651028, 52.4297838 ], [ 13.0650689, 52.42923050000001 ], [ 13.0650486, 52.4285385 ], [ 13.0650723, 52.4284728 ], [ 13.0651231, 52.4283977 ], [ 13.0651957, 52.4282892 ], [ 13.0652493, 52.4281232 ], [ 13.0653864, 52.4279688 ], [ 13.0655699, 52.4277692 ], [ 13.066102, 52.427574 ], [ 13.0660938, 52.4275655 ], [ 13.0661396, 52.4275496 ], [ 13.0661471, 52.4275575 ], [ 13.066889, 52.4273052 ], [ 13.0668808, 52.427296899999988 ], [ 13.0669203, 52.4272831 ], [ 13.0669285, 52.4272913 ], [ 13.0676695, 52.4270385 ], [ 13.0676595, 52.4270288 ], [ 13.0677065, 52.4270128 ], [ 13.0677171, 52.4270232 ], [ 13.068452, 52.4267719 ], [ 13.068442, 52.4267627 ], [ 13.068479, 52.4267482 ], [ 13.0684901, 52.4267596 ], [ 13.0686412, 52.4267074 ], [ 13.0685819, 52.4266435 ], [ 13.0687385, 52.4265882 ], [ 13.0687296, 52.4265784 ], [ 13.0687691, 52.4265651 ], [ 13.0687779, 52.4265741 ], [ 13.069123, 52.426456 ], [ 13.0691139, 52.4264487 ], [ 13.0691612, 52.4264318 ], [ 13.069169, 52.4264406 ], [ 13.0692552, 52.4264165 ], [ 13.0692893, 52.426405 ], [ 13.0699202, 52.4262827 ], [ 13.0700129, 52.4262064 ], [ 13.0698738, 52.4261442 ], [ 13.0698862, 52.4261344 ], [ 13.0700283, 52.4261937 ], [ 13.070167, 52.4260899 ], [ 13.0698842, 52.4255402 ], [ 13.0696151, 52.4248677 ], [ 13.0696717, 52.4248554 ], [ 13.0694333, 52.4242059 ], [ 13.0693963, 52.4241017 ], [ 13.0693299, 52.4238821 ], [ 13.06929, 52.4235375 ], [ 13.0692512, 52.4235112 ], [ 13.0692669, 52.4232589 ], [ 13.069536, 52.4227896 ], [ 13.0695772, 52.422630499999983 ], [ 13.069631, 52.4225675 ], [ 13.0697113, 52.4225451 ], [ 13.069778, 52.4224603 ], [ 13.0698461, 52.4223736 ], [ 13.0699065, 52.422343 ], [ 13.0698346, 52.422298 ], [ 13.0697872, 52.4222684 ], [ 13.069795, 52.4222632 ], [ 13.0697529, 52.4222398 ], [ 13.0699861, 52.4220982 ], [ 13.0700099, 52.4221121 ], [ 13.0701317, 52.4220422 ], [ 13.0701988, 52.4220193 ], [ 13.0702615, 52.422014799999985 ], [ 13.0703434, 52.421981100000011 ], [ 13.0704374, 52.4219445 ], [ 13.0705487, 52.4218748 ], [ 13.0706382, 52.4217945 ], [ 13.0706932, 52.421745199999982 ], [ 13.0707843, 52.4216855 ], [ 13.0709237, 52.421594 ], [ 13.0710926, 52.4214754 ], [ 13.0713265, 52.4213319 ], [ 13.0719686, 52.420966399999983 ], [ 13.0724463, 52.4207511 ], [ 13.0728581, 52.4206265 ], [ 13.0732595, 52.4205444 ], [ 13.0737684, 52.4204087 ], [ 13.0741079, 52.4203458 ], [ 13.0746506, 52.420404499999989 ], [ 13.0753119, 52.4205145 ], [ 13.0759131, 52.4206394 ], [ 13.076436, 52.420805 ], [ 13.0768772, 52.4209776 ], [ 13.0771626, 52.421156699999983 ], [ 13.07743, 52.421204700000011 ], [ 13.0776062, 52.4212817 ], [ 13.0776708, 52.421299 ], [ 13.0780376, 52.42123620000001 ], [ 13.0781477, 52.4211848 ], [ 13.0782125, 52.4211667 ] ], [ [ 13.0539063, 52.4390818 ], [ 13.0539598, 52.4391107 ], [ 13.0542362, 52.4390336 ], [ 13.0546471, 52.4387863 ], [ 13.0548962, 52.4387214 ], [ 13.0551359, 52.438543 ], [ 13.0555157, 52.4382507 ], [ 13.055555, 52.4381944 ], [ 13.0554301, 52.4381648 ], [ 13.0553308, 52.4381789 ], [ 13.0552796, 52.4382132 ], [ 13.0552729, 52.43829 ], [ 13.0551594, 52.4383283 ], [ 13.0547007, 52.4385524 ], [ 13.054442, 52.4385525 ], [ 13.0542668, 52.4386527 ], [ 13.0540608, 52.4388515 ], [ 13.0539646, 52.4389112 ], [ 13.0539063, 52.4390818 ] ] ] } },
{ "type": "Feature", "properties": { "name": "Silver Lake", "name_norm": "silver lake", "natural": "water", "water": "lake", "wikidata": null, "area_sqkm": 1.3020059175901124, "centroid_lon": -72.773092227702023, "centroid_lat": 41.579460737224913 }, "geometry": { "type": "Polygon", "coordinates": [ [ [ -72.779959699999424, 41.57534169999925 ], [ -72.779868899999414, 41.57522739999925 ], [ -72.779728899999412, 41.575155799999258 ], [ -72.7797448999994, 41.575095499999264 ], [ -72.77961649999942, 41.575067099999252 ], [ -72.779544799999428, 41.57513499999925 ], [ -72.779251699999421, 41.575026199999272 ], [ -72.778912299999419, 41.57490119999926 ], [ -72.778804399999416, 41.574833499999258 ], [ -72.778776699999412, 41.574721999999262 ], [ -72.778808699999416, 41.574631299999247 ], [ -72.778735799999424, 41.574531299999258 ], [ -72.778460499999412, 41.574460499999255 ], [ -72.778156699999414, 41.574346699999253 ], [ -72.77775869999941, 41.574252799999257 ], [ -72.777554999999396, 41.574133499999249 ], [ -72.777341999999422, 41.574205799999255 ], [ -72.777181699999431, 41.574440799999245 ], [ -72.777119999999414, 41.574666599999247 ], [ -72.777039499999418, 41.574935299999254 ], [ -72.776952699999413, 41.575014799999252 ], [ -72.776816199999416, 41.575012399999245 ], [ -72.776709599999407, 41.574988499999257 ], [ -72.776698599999406, 41.574883899999257 ], [ -72.776753899999406, 41.574729799999261 ], [ -72.776836899999424, 41.574460399999253 ], [ -72.776793199999403, 41.574322899999252 ], [ -72.776594899999424, 41.574107899999255 ], [ -72.776545799999397, 41.573992299999269 ], [ -72.776555399999424, 41.573798299999261 ], [ -72.776506599999422, 41.573696399999257 ], [ -72.776495499999399, 41.573653899999265 ], [ -72.776448599999398, 41.573619799999271 ], [ -72.776329299999418, 41.573563399999252 ], [ -72.776068199999415, 41.57351159999925 ], [ -72.775744799999401, 41.573571699999256 ], [ -72.775396799999413, 41.573806999999263 ], [ -72.775329599999424, 41.57399639999926 ], [ -72.775281699999411, 41.574047599999247 ], [ -72.775087199999419, 41.574182199999257 ], [ -72.77515109999942, 41.574343999999257 ], [ -72.774699799999397, 41.574811899999233 ], [ -72.774412399999434, 41.574841099999254 ], [ -72.774362499999398, 41.575062099999258 ], [ -72.773723399999412, 41.575579699999253 ], [ -72.773346899999424, 41.575770999999257 ], [ -72.773297499999416, 41.575744299999258 ], [ -72.773080199999427, 41.576002299999246 ], [ -72.773074299999422, 41.57606069999926 ], [ -72.773006299999409, 41.576264199999251 ], [ -72.772901399999412, 41.576462999999251 ], [ -72.772666799999413, 41.576496299999256 ], [ -72.77258769999942, 41.576639499999253 ], [ -72.772662699999415, 41.576741099999261 ], [ -72.772833199999411, 41.576855299999266 ], [ -72.772907399999411, 41.577046599999257 ], [ -72.772917999999407, 41.577354499999252 ], [ -72.773014599999399, 41.577498599999259 ], [ -72.773125899999414, 41.577600099999252 ], [ -72.772993799999412, 41.577727499999263 ], [ -72.772792199999401, 41.577842699999259 ], [ -72.772543499999401, 41.577909599999259 ], [ -72.77212499999942, 41.577999499999258 ], [ -72.771533499999407, 41.578228199999259 ], [ -72.771066899999411, 41.578465299999259 ], [ -72.77059009999941, 41.578728399999257 ], [ -72.770513199999428, 41.578503499999258 ], [ -72.7705466999994, 41.578367399999259 ], [ -72.770499199999421, 41.578281799999267 ], [ -72.770416599999422, 41.578125899999264 ], [ -72.770271699999398, 41.577847799999248 ], [ -72.770293499999426, 41.577742199999257 ], [ -72.770253899999403, 41.577642799999261 ], [ -72.770230699999402, 41.577568599999246 ], [ -72.770129799999424, 41.577509699999254 ], [ -72.7700942999994, 41.577592499999255 ], [ -72.770023399999403, 41.577702999999268 ], [ -72.770040999999409, 41.577752499999249 ], [ -72.769990299999421, 41.577790299999251 ], [ -72.770007499999423, 41.577829299999259 ], [ -72.769951999999421, 41.577858299999264 ], [ -72.769808199999432, 41.577827499999259 ], [ -72.769733299999402, 41.577843799999265 ], [ -72.769463999999417, 41.578149299999254 ], [ -72.769322199999422, 41.578319599999247 ], [ -72.769177799999412, 41.578455399999257 ], [ -72.769022699999411, 41.578549099999258 ], [ -72.769010799999407, 41.578806499999246 ], [ -72.768974699999418, 41.578908199999255 ], [ -72.7689505999994, 41.578949099999264 ], [ -72.768910099999403, 41.579141699999262 ], [ -72.768808299999407, 41.57926699999927 ], [ -72.768702899999411, 41.579353399999263 ], [ -72.768614699999418, 41.579454799999255 ], [ -72.768351199999415, 41.579625099999255 ], [ -72.768254599999409, 41.579672799999251 ], [ -72.768185599999413, 41.579749999999258 ], [ -72.76813089999942, 41.579946599999268 ], [ -72.768096699999404, 41.580286899999258 ], [ -72.768023799999412, 41.580513399999255 ], [ -72.767915999999417, 41.580722099999264 ], [ -72.767819499999405, 41.580908999999252 ], [ -72.767737099999422, 41.581216999999263 ], [ -72.767210499999422, 41.581841999999263 ], [ -72.767115599999414, 41.581855599999251 ], [ -72.766932099999423, 41.582075199999238 ], [ -72.766677999999416, 41.58235759999927 ], [ -72.766491699999406, 41.582442699999262 ], [ -72.766424599999397, 41.582506399999247 ], [ -72.766388899999413, 41.582635899999261 ], [ -72.766346199999418, 41.582750699999252 ], [ -72.766290899999419, 41.582827899999252 ], [ -72.766385499999416, 41.582851899999255 ], [ -72.766599199999419, 41.582775099999253 ], [ -72.766855799999405, 41.582568499999255 ], [ -72.767057299999408, 41.582575799999262 ], [ -72.767325999999429, 41.582448399999251 ], [ -72.767702799999398, 41.58226759999927 ], [ -72.768021899999397, 41.582230499999262 ], [ -72.768251099999432, 41.582366599999254 ], [ -72.768313099999403, 41.582508299999262 ], [ -72.768246299999419, 41.582649499999256 ], [ -72.768125899999404, 41.58275319999926 ], [ -72.767875799999388, 41.583192399999248 ], [ -72.767855999999412, 41.583301499999251 ], [ -72.767775799999413, 41.583383399999271 ], [ -72.767882999999429, 41.583560299999256 ], [ -72.76824739999941, 41.58417629999925 ], [ -72.768417699999418, 41.584349099999265 ], [ -72.768607299999402, 41.584529099999266 ], [ -72.768798899999396, 41.584575599999248 ], [ -72.768810599999412, 41.584654499999267 ], [ -72.768856999999414, 41.58468909999926 ], [ -72.768884499999416, 41.584843799999256 ], [ -72.768821999999403, 41.584948299999262 ], [ -72.768759499999419, 41.585074299999256 ], [ -72.768800699999417, 41.585290999999266 ], [ -72.768665999999413, 41.58552149999926 ], [ -72.768746499999423, 41.585895699999263 ], [ -72.768724099999417, 41.586506599999268 ], [ -72.768812199999417, 41.586783899999254 ], [ -72.768862799999411, 41.586925799999257 ], [ -72.768982999999423, 41.587003399999254 ], [ -72.769286299999408, 41.587054499999262 ], [ -72.769376899999415, 41.587019899999262 ], [ -72.769427999999408, 41.586956999999259 ], [ -72.769606399999432, 41.586565599999268 ], [ -72.769811899999411, 41.586009799999246 ], [ -72.770025699999422, 41.585536499999264 ], [ -72.770027799999411, 41.585361199999269 ], [ -72.770102799999407, 41.585187999999263 ], [ -72.770065299999416, 41.585082099999248 ], [ -72.770051799999408, 41.584916199999256 ], [ -72.770065499999404, 41.584737499999257 ], [ -72.7701909999994, 41.584460899999257 ], [ -72.770340999999419, 41.584272999999257 ], [ -72.77058369999942, 41.584282199999258 ], [ -72.771010599999428, 41.584260699999255 ], [ -72.771224099999401, 41.584173399999258 ], [ -72.771505799999403, 41.58424529999926 ], [ -72.771568999999417, 41.584333199999271 ], [ -72.771758899999426, 41.584228399999255 ], [ -72.771968999999416, 41.584009999999246 ], [ -72.772013399999409, 41.583892499999266 ], [ -72.772082499999414, 41.583700999999259 ], [ -72.771936599999407, 41.583238299999252 ], [ -72.772291799999422, 41.582879699999239 ], [ -72.77287349999942, 41.582565299999267 ], [ -72.773354599999436, 41.582441299999246 ], [ -72.773485699999398, 41.582361699999247 ], [ -72.774089399999426, 41.581766499999262 ], [ -72.7741716999994, 41.581677599999253 ], [ -72.774152199999406, 41.581603999999253 ], [ -72.774173999999419, 41.581204999999251 ], [ -72.774538499999423, 41.580800299999254 ], [ -72.774831499999422, 41.580455299999258 ], [ -72.775065599999408, 41.58033869999926 ], [ -72.775178599999421, 41.580438099999249 ], [ -72.775303799999421, 41.580466999999253 ], [ -72.775518599999415, 41.580410599999254 ], [ -72.775860299999422, 41.580231899999255 ], [ -72.776068299999437, 41.580101999999258 ], [ -72.776155499999433, 41.580048499999251 ], [ -72.776280999999415, 41.579898899999272 ], [ -72.776319199999435, 41.579780099999262 ], [ -72.776402499999421, 41.579625199999256 ], [ -72.776610499999407, 41.579448999999251 ], [ -72.776789299999422, 41.579390299999254 ], [ -72.776845399999402, 41.579402499999254 ], [ -72.776903299999418, 41.57937959999925 ], [ -72.776977699999421, 41.579320099999265 ], [ -72.777204599999422, 41.579126399999254 ], [ -72.777690999999422, 41.578674699999247 ], [ -72.7780113999994, 41.578311899999257 ], [ -72.778431899999418, 41.57783119999926 ], [ -72.778998999999416, 41.577004499999262 ], [ -72.779857099999418, 41.575644499999257 ], [ -72.779959699999424, 41.57534169999925 ] ], [ [ -72.768380199999413, 41.581859899999252 ], [ -72.768863199999402, 41.581647199999267 ], [ -72.769420599999407, 41.581164799999257 ], [ -72.769912499999421, 41.580911399999259 ], [ -72.769977999999412, 41.58109939999926 ], [ -72.769846899999408, 41.581385599999265 ], [ -72.769737599999416, 41.581990599999251 ], [ -72.769945199999412, 41.582399299999246 ], [ -72.769726599999402, 41.58256289999926 ], [ -72.769617299999396, 41.582603699999261 ], [ -72.769158299999418, 41.582620099999268 ], [ -72.768906899999408, 41.582464799999251 ], [ -72.768524799999412, 41.582356399999256 ], [ -72.76820869999942, 41.58214939999926 ], [ -72.768380199999413, 41.581859899999252 ] ], [ [ -72.775792799999422, 41.576872399999253 ], [ -72.775891099999427, 41.576594399999259 ], [ -72.775716299999402, 41.575866699999267 ], [ -72.775934899999399, 41.575637699999255 ], [ -72.776273699999408, 41.575972999999252 ], [ -72.776699999999423, 41.576422699999256 ], [ -72.777093399999401, 41.576635299999246 ], [ -72.777148099999408, 41.576880599999264 ], [ -72.776623499999417, 41.577003199999261 ], [ -72.776098799999403, 41.576986899999248 ], [ -72.775792799999422, 41.576872399999253 ] ], [ [ -72.777992099999423, 41.575654099999255 ], [ -72.778028399999428, 41.575735399999253 ], [ -72.778005699999397, 41.57580649999926 ], [ -72.777942299999424, 41.576067499999255 ], [ -72.777801899999417, 41.576121699999248 ], [ -72.777647899999408, 41.576057299999256 ], [ -72.777425899999415, 41.575986099999248 ], [ -72.777068099999411, 41.575992899999264 ], [ -72.776800799999421, 41.575914999999235 ], [ -72.7766603999994, 41.575735399999246 ], [ -72.776732899999388, 41.575443999999251 ], [ -72.776950299999399, 41.575399899999262 ], [ -72.777199399999418, 41.575474499999238 ], [ -72.777199399999432, 41.575542199999269 ], [ -72.777444099999414, 41.575640499999267 ], [ -72.777684099999405, 41.575626899999257 ], [ -72.777992099999423, 41.575654099999255 ] ] ] } },
{ "type": "Feature", "properties": { "name": "Habermannsee", "name_norm": "habermannsee", "natural": "water", "water": "lake", "wikidata": "Q26271355", "area_sqkm": 0.1363679912143109, "centroid_lon": 13.593828813362569, "centroid_lat": 52.492676789950025 }, "geometry": { "type": "Polygon", "coordinates": [ [ [ 13.5920153, 52.4913111 ], [ 13.5920565, 52.491262399999989 ], [ 13.5920478, 52.4912254 ], [ 13.5919725, 52.4911598 ], [ 13.5920509, 52.4911095 ], [ 13.5921039, 52.4910589 ], [ 13.5920707, 52.490972 ], [ 13.5921911, 52.490903 ], [ 13.5922551, 52.4909285 ], [ 13.5922856, 52.4908356 ], [ 13.5923376, 52.49074 ], [ 13.5924223, 52.4907034 ], [ 13.5925184, 52.4906802 ], [ 13.592697, 52.4906607 ], [ 13.5927779, 52.4906309 ], [ 13.5929519, 52.490606299999989 ], [ 13.5929635, 52.4906476 ], [ 13.5931412, 52.4906595 ], [ 13.5933338, 52.490623 ], [ 13.5933743, 52.4906624 ], [ 13.593552, 52.4906664 ], [ 13.5938291, 52.490665 ], [ 13.5939433, 52.4906349 ], [ 13.5939223, 52.490563 ], [ 13.5940032, 52.4905285 ], [ 13.5940679, 52.4905521 ], [ 13.5941718, 52.4905257 ], [ 13.5941889, 52.4905427 ], [ 13.5942041, 52.4905646 ], [ 13.5941875, 52.4906024 ], [ 13.5942988, 52.4906113 ], [ 13.5951183, 52.490562 ], [ 13.5954041, 52.490566 ], [ 13.5955771, 52.4905558 ], [ 13.5956597, 52.490565 ], [ 13.59571, 52.4906173 ], [ 13.5957984, 52.4906806 ], [ 13.5959052, 52.4907141 ], [ 13.595973, 52.4906964 ], [ 13.5959937, 52.4908414 ], [ 13.5961828, 52.49118090000001 ], [ 13.5961026, 52.4912071 ], [ 13.5960869, 52.4912775 ], [ 13.5961294, 52.4914916 ], [ 13.5961381, 52.4915323 ], [ 13.5961539, 52.4916208 ], [ 13.5961983, 52.491685 ], [ 13.5962142, 52.4918461 ], [ 13.596374, 52.4922622 ], [ 13.5965124, 52.4922063 ], [ 13.5965718, 52.4921839 ], [ 13.5966234, 52.4921953 ], [ 13.5966084, 52.4923209 ], [ 13.5964849, 52.4923265 ], [ 13.5963911, 52.4924114 ], [ 13.5964506, 52.4926189 ], [ 13.5964163, 52.4927178 ], [ 13.5964758, 52.49281950000001 ], [ 13.5965393, 52.4928372 ], [ 13.5965409, 52.4928529 ], [ 13.5964843, 52.4928706 ], [ 13.5964892, 52.4929415 ], [ 13.5965555, 52.492973 ], [ 13.5966428, 52.493042 ], [ 13.5966735, 52.4931119 ], [ 13.5967835, 52.4931208 ], [ 13.5967853, 52.4932058 ], [ 13.5967318, 52.4932369 ], [ 13.5966578, 52.4932567 ], [ 13.596628, 52.4932891 ], [ 13.5966372, 52.4933314 ], [ 13.5964393, 52.493406 ], [ 13.5961768, 52.4934634 ], [ 13.5961267, 52.4935151 ], [ 13.5959956, 52.4935136 ], [ 13.5956463, 52.4936485 ], [ 13.5956862, 52.4937165 ], [ 13.5955433, 52.4937196 ], [ 13.5953396, 52.4937449 ], [ 13.5952, 52.4937563 ], [ 13.5950503, 52.4937571 ], [ 13.5948702, 52.4938031 ], [ 13.5947975, 52.4939346 ], [ 13.5948808, 52.494061 ], [ 13.5950381, 52.494217300000017 ], [ 13.5952804, 52.4944196 ], [ 13.5954016, 52.4945124 ], [ 13.5957108, 52.4946085 ], [ 13.59619, 52.4947837 ], [ 13.5964632, 52.4948565 ], [ 13.5964941, 52.4947905 ], [ 13.5965946, 52.4948728 ], [ 13.5966009, 52.4948758 ], [ 13.5967195, 52.4949313 ], [ 13.5967053, 52.4949603 ], [ 13.596706, 52.495041 ], [ 13.5969187, 52.4951162 ], [ 13.5969864, 52.4951384 ], [ 13.5969812, 52.4952129 ], [ 13.5968688, 52.4953261 ], [ 13.5968028, 52.495412099999989 ], [ 13.5966294, 52.495435 ], [ 13.5966222, 52.4953674 ], [ 13.5964283, 52.4953127 ], [ 13.5961486, 52.4952397 ], [ 13.5959955, 52.4951963 ], [ 13.595872, 52.495160899999988 ], [ 13.5956939, 52.4951114 ], [ 13.5953478, 52.495066100000017 ], [ 13.595255, 52.4951293 ], [ 13.5952958, 52.4950578 ], [ 13.5952255, 52.495037699999983 ], [ 13.5951174, 52.4951306 ], [ 13.5949825, 52.4951004 ], [ 13.5945546, 52.495016 ], [ 13.5941592, 52.4949518 ], [ 13.5942072, 52.494901 ], [ 13.5940748, 52.4947909 ], [ 13.5939023, 52.4947471 ], [ 13.5938518, 52.49479370000001 ], [ 13.5938655, 52.4948536 ], [ 13.5937747, 52.4948512 ], [ 13.5937923, 52.4948111 ], [ 13.593782, 52.4947735 ], [ 13.5936734, 52.4947784 ], [ 13.5936013, 52.4948 ], [ 13.5935156, 52.494777 ], [ 13.5935659, 52.4947067 ], [ 13.593535, 52.4946593 ], [ 13.593336, 52.4946322 ], [ 13.5932744, 52.49456210000001 ], [ 13.5931245, 52.494543099999987 ], [ 13.5930806, 52.4945223 ], [ 13.5930462, 52.4944909 ], [ 13.5929851, 52.4944739 ], [ 13.5929415, 52.4944567 ], [ 13.5928683, 52.4944405 ], [ 13.5927711, 52.4944414 ], [ 13.5927567, 52.4944675 ], [ 13.5926121, 52.4944595 ], [ 13.5924871, 52.4944229 ], [ 13.5923414, 52.4943926 ], [ 13.5921774, 52.4943072 ], [ 13.5920728, 52.4942099 ], [ 13.59193, 52.4940489 ], [ 13.5917909, 52.4938939 ], [ 13.5916009, 52.4936767 ], [ 13.5913677, 52.493426099999986 ], [ 13.591243, 52.493288 ], [ 13.5911275, 52.49311 ], [ 13.5909289, 52.4929054 ], [ 13.5905716, 52.492534799999987 ], [ 13.5903246, 52.4922865 ], [ 13.5902839, 52.4921815 ], [ 13.5903243, 52.4920618 ], [ 13.5904414, 52.4918822 ], [ 13.5904513, 52.4919388 ], [ 13.590533, 52.4919401 ], [ 13.590617, 52.4918829 ], [ 13.5907748, 52.491675899999983 ], [ 13.5907207, 52.4915622 ], [ 13.5909155, 52.4914534 ], [ 13.5912567, 52.491300099999989 ], [ 13.5914416, 52.4913131 ], [ 13.5915541, 52.491334699999989 ], [ 13.5916344, 52.4913501 ], [ 13.5916757, 52.4914054 ], [ 13.5918049, 52.491406500000011 ], [ 13.5918747, 52.4913701 ], [ 13.5919578, 52.4912858 ], [ 13.5920153, 52.4913111 ] ], [ [ 13.5946502, 52.4936265 ], [ 13.5946922, 52.4936619 ], [ 13.5947408, 52.4936974 ], [ 13.5948621, 52.493670799999983 ], [ 13.5949607, 52.4936285 ], [ 13.5949639, 52.4935645 ], [ 13.5949445, 52.49353 ], [ 13.5949057, 52.4934601 ], [ 13.5948459, 52.4934148 ], [ 13.5948071, 52.4933744 ], [ 13.5947456, 52.493348799999985 ], [ 13.5946874, 52.493344899999983 ], [ 13.5946373, 52.4933784 ], [ 13.5945612, 52.4932484 ], [ 13.5946081, 52.4932435 ], [ 13.5946356, 52.4932159 ], [ 13.5946098, 52.493147 ], [ 13.5945693, 52.49308 ], [ 13.5944852, 52.4930002 ], [ 13.5944141, 52.4929904 ], [ 13.5943656, 52.4930091 ], [ 13.59433, 52.493015 ], [ 13.5943235, 52.492997299999985 ], [ 13.5943591, 52.4929618 ], [ 13.5943914, 52.4929185 ], [ 13.5943785, 52.492891899999989 ], [ 13.5943138, 52.4928407 ], [ 13.5942313, 52.4927767 ], [ 13.5941731, 52.4927127 ], [ 13.5939871, 52.4925916 ], [ 13.5939273, 52.492598499999986 ], [ 13.5938254, 52.4925365 ], [ 13.5936895, 52.4924222 ], [ 13.5936329, 52.4924203 ], [ 13.5935618, 52.492432099999988 ], [ 13.593599, 52.4923799 ], [ 13.593599, 52.4923454 ], [ 13.5935003, 52.4923119 ], [ 13.5934664, 52.4922942 ], [ 13.593392, 52.4922184 ], [ 13.5933127, 52.49218 ], [ 13.5932319, 52.4921121 ], [ 13.5931364, 52.492048 ], [ 13.5930895, 52.4920018 ], [ 13.5930847, 52.4919624 ], [ 13.5930895, 52.4919151 ], [ 13.5930814, 52.4918452 ], [ 13.5929779, 52.491796 ], [ 13.5929327, 52.491782199999989 ], [ 13.5928178, 52.491726 ], [ 13.5927256, 52.4916788 ], [ 13.5926924, 52.491646 ], [ 13.5926649, 52.4916096 ], [ 13.5925639, 52.4915399 ], [ 13.5925138, 52.491471 ], [ 13.5924135, 52.4914139 ], [ 13.5923407, 52.4913971 ], [ 13.5922696, 52.4914011 ], [ 13.5922259, 52.491418799999984 ], [ 13.5921758, 52.4914572 ], [ 13.5921434, 52.4914365 ], [ 13.5920642, 52.4914779 ], [ 13.5920367, 52.4915084 ], [ 13.5920173, 52.4915478 ], [ 13.5920496, 52.4915911 ], [ 13.5920998, 52.4916177 ], [ 13.5920808, 52.4916357 ], [ 13.5920946, 52.4916977 ], [ 13.5922238, 52.4918349 ], [ 13.592289, 52.491885 ], [ 13.5922101, 52.4919609 ], [ 13.5923267, 52.4921454 ], [ 13.5924022, 52.4921872 ], [ 13.5924559, 52.4921851 ], [ 13.5924719, 52.4922095 ], [ 13.5924708, 52.4922387 ], [ 13.5925737, 52.4922916 ], [ 13.5926275, 52.492283299999983 ], [ 13.592592, 52.4922283 ], [ 13.5925943, 52.4921976 ], [ 13.5926732, 52.4922248 ], [ 13.5927773, 52.4922276 ], [ 13.5928013, 52.4923146 ], [ 13.5927212, 52.4923689 ], [ 13.5927464, 52.4924448 ], [ 13.5927807, 52.4924511 ], [ 13.5928379, 52.4925646 ], [ 13.5929305, 52.4926426 ], [ 13.5930289, 52.4926969 ], [ 13.5931604, 52.4927449 ], [ 13.5932359, 52.4927442 ], [ 13.5932654, 52.4926674 ], [ 13.5935342, 52.4927846 ], [ 13.5936777, 52.49302380000001 ], [ 13.593552, 52.4930264 ], [ 13.5935908, 52.4931298 ], [ 13.5937024, 52.4932548 ], [ 13.5938317, 52.4933247 ], [ 13.5939094, 52.4933907 ], [ 13.5940113, 52.4934744 ], [ 13.5941148, 52.493516699999986 ], [ 13.594173, 52.4934823 ], [ 13.5941212, 52.4934331 ], [ 13.5940776, 52.4933996 ], [ 13.594084, 52.49337 ], [ 13.5941156, 52.49334 ], [ 13.5943644, 52.4934886 ], [ 13.5945367, 52.493634299999989 ], [ 13.5946272, 52.493603 ], [ 13.5946502, 52.4936265 ] ] ] } },
{ "type": "Feature", "properties": { "name": "Butzer See", "name_norm": "butzer see", "natural": "water", "water": "lake", "wikidata": "Q26271357", "area_sqkm": 0.063585591661652452, "centroid_lon": 13.591295381115524, "centroid_lat": 52.500127608494573 }, "geometry": { "type": "Polygon", "coordinates": [ [ [ 13.5935974, 52.5010225 ], [ 13.5933852, 52.5011753 ], [ 13.5933294, 52.5012066 ], [ 13.5932274, 52.501275199999988 ], [ 13.5930837, 52.5013671 ], [ 13.5929127, 52.5014616 ], [ 13.5926541, 52.5015764 ], [ 13.5924253, 52.5016567 ], [ 13.5923199, 52.501681200000014 ], [ 13.5920774, 52.5017281 ], [ 13.5918594, 52.5017827 ], [ 13.5915136, 52.5018005 ], [ 13.5913852, 52.5017943 ], [ 13.5912793, 52.5017829 ], [ 13.5911922, 52.5017829 ], [ 13.5910717, 52.5017896 ], [ 13.590941, 52.5017729 ], [ 13.5908439, 52.5017394 ], [ 13.5908104, 52.5016858 ], [ 13.59073, 52.5015987 ], [ 13.5905926, 52.5013374 ], [ 13.590529, 52.501283799999989 ], [ 13.5904955, 52.5012336 ], [ 13.5903782, 52.5009522 ], [ 13.5902208, 52.500654 ], [ 13.5900566, 52.500342499999988 ], [ 13.5898758, 52.4999606 ], [ 13.5897619, 52.4997563 ], [ 13.5897016, 52.4996089 ], [ 13.5896312, 52.4994749 ], [ 13.5895408, 52.499317499999989 ], [ 13.5894135, 52.4991299 ], [ 13.5893565, 52.4989925 ], [ 13.5893926, 52.498916 ], [ 13.5894521, 52.498858 ], [ 13.5895419, 52.4987464 ], [ 13.5896397, 52.498693499999987 ], [ 13.5898712, 52.4985814 ], [ 13.5900414, 52.4985217 ], [ 13.5901589, 52.4984712 ], [ 13.5902434, 52.4984403 ], [ 13.5903229, 52.4984082 ], [ 13.590415, 52.4983705 ], [ 13.590575, 52.4982835 ], [ 13.5908137, 52.4982388 ], [ 13.5909109, 52.4982421 ], [ 13.5909645, 52.4981818 ], [ 13.591132, 52.4981584 ], [ 13.5913162, 52.4982421 ], [ 13.5913698, 52.4983426 ], [ 13.5913162, 52.4984398 ], [ 13.5913061, 52.498557 ], [ 13.5914234, 52.498620699999989 ], [ 13.5916177, 52.4986709 ], [ 13.5918153, 52.4987949 ], [ 13.5919359, 52.4989724 ], [ 13.591946, 52.499099699999988 ], [ 13.591852, 52.499128 ], [ 13.5918136, 52.4991538 ], [ 13.5917671, 52.4991981 ], [ 13.5917226, 52.4992843 ], [ 13.591755, 52.4993138 ], [ 13.591848, 52.4993212 ], [ 13.5919268, 52.4993594 ], [ 13.5918965, 52.4994037 ], [ 13.5918662, 52.4994615 ], [ 13.591941, 52.4995009 ], [ 13.5919875, 52.499523 ], [ 13.5919895, 52.4995538 ], [ 13.5920218, 52.4995981 ], [ 13.5921411, 52.4997027 ], [ 13.5922199, 52.499747 ], [ 13.5922301, 52.4998073 ], [ 13.5922604, 52.4998762 ], [ 13.5923695, 52.4999513 ], [ 13.5924403, 52.4999981 ], [ 13.5924989, 52.5000473 ], [ 13.592598, 52.500063299999987 ], [ 13.5926445, 52.5000941 ], [ 13.5926748, 52.5001568 ], [ 13.5927051, 52.500243 ], [ 13.5927739, 52.5002836 ], [ 13.5927921, 52.5003304 ], [ 13.5929154, 52.5004337 ], [ 13.5930164, 52.5004743 ], [ 13.5931115, 52.5004756 ], [ 13.5931337, 52.5004916 ], [ 13.5931377, 52.5005334 ], [ 13.5931762, 52.5005556 ], [ 13.5932307, 52.5005297 ], [ 13.5932691, 52.500499 ], [ 13.5933156, 52.50051 ], [ 13.5933156, 52.5005285 ], [ 13.5933076, 52.5005593 ], [ 13.593445, 52.5006183 ], [ 13.5934187, 52.5006651 ], [ 13.5933601, 52.5006479 ], [ 13.5932853, 52.5007008 ], [ 13.5933035, 52.5007992 ], [ 13.5933945, 52.5008595 ], [ 13.5934511, 52.5009617 ], [ 13.5935974, 52.5010225 ] ] ] } },
{ "type": "Feature", "properties": { "name": "Karpfenteich", "name_norm": "karpfenteich", "natural": "water", "water": "pond", "wikidata": null, "area_sqkm": 0.0025316041346423027, "centroid_lon": 13.574190679970981, "centroid_lat": 52.516412345911633 }, "geometry": { "type": "Polygon", "coordinates": [ [ [ 13.5742562, 52.5159769 ], [ 13.5742838, 52.5159307 ], [ 13.5743093, 52.5158858 ], [ 13.5743326, 52.5159093 ], [ 13.5743618, 52.515939 ], [ 13.5743562, 52.5159867 ], [ 13.5743312, 52.5160158 ], [ 13.5743179, 52.516054799999985 ], [ 13.5743772, 52.5160812 ], [ 13.5744333, 52.5161254 ], [ 13.5744219, 52.5161882 ], [ 13.5743981, 52.51624420000001 ], [ 13.5744273, 52.5162894 ], [ 13.5745385, 52.5163671 ], [ 13.5745748, 52.5163949 ], [ 13.574589, 52.5164518 ], [ 13.5745753, 52.5165339 ], [ 13.5745339, 52.51660050000001 ], [ 13.5744823, 52.5166174 ], [ 13.5742813, 52.5166788 ], [ 13.574161, 52.5166857 ], [ 13.5740857, 52.5166707 ], [ 13.5739809, 52.5166197 ], [ 13.5738904, 52.5166277 ], [ 13.5738524, 52.5166759 ], [ 13.5738316, 52.5166964 ], [ 13.573773, 52.516709199999987 ], [ 13.573687, 52.5167008 ], [ 13.5736622, 52.5166614 ], [ 13.5736855, 52.5166237 ], [ 13.5737381, 52.51661210000001 ], [ 13.5737528, 52.51659140000001 ], [ 13.5737343, 52.516543499999983 ], [ 13.5737435, 52.516482399999987 ], [ 13.5737995, 52.5164488 ], [ 13.5738682, 52.5164337 ], [ 13.5739585, 52.5164348 ], [ 13.5740247, 52.5164344 ], [ 13.5740377, 52.516405199999987 ], [ 13.5740367, 52.5163745 ], [ 13.5739894, 52.5163483 ], [ 13.5739903, 52.5163189 ], [ 13.5740211, 52.5162985 ], [ 13.5740401, 52.5162693 ], [ 13.5740834, 52.5162331 ], [ 13.5741287, 52.5161969 ], [ 13.5741405, 52.516142 ], [ 13.5741179, 52.5160964 ], [ 13.574067, 52.5160579 ], [ 13.5740482, 52.5160197 ], [ 13.574073, 52.515998 ], [ 13.5741185, 52.5160157 ], [ 13.5741557, 52.516044299999976 ], [ 13.5741836, 52.5160495 ], [ 13.5742264, 52.5160292 ], [ 13.5742562, 52.5159769 ] ], [ [ 13.5742506, 52.5163379 ], [ 13.5742931, 52.5163238 ], [ 13.5743081, 52.5162946 ], [ 13.5742906, 52.5162772 ], [ 13.5743057, 52.5162456 ], [ 13.5742421, 52.5162277 ], [ 13.574192, 52.5162259 ], [ 13.5741694, 52.516240299999986 ], [ 13.5741411, 52.5163097 ], [ 13.5741683, 52.516337 ], [ 13.5742103, 52.5163424 ], [ 13.5742506, 52.5163379 ] ] ] } },
{ "type": "Feature", "properties": { "name": "Herthasee", "name_norm": "herthasee", "natural": "water", "water": "lake", "wikidata": "Q1614715", "area_sqkm": 0.011290936611581424, "centroid_lon": 13.276153410607733, "centroid_lat": 52.488298427409809 }, "geometry": { "type": "Polygon", "coordinates": [ [ [ 13.2771538, 52.4875441 ], [ 13.2771506, 52.4876002 ], [ 13.2770608, 52.487684 ], [ 13.2768026, 52.487837 ], [ 13.2766293, 52.4879525 ], [ 13.2764992, 52.4880548 ], [ 13.2763708, 52.4881777 ], [ 13.2762697, 52.4882876 ], [ 13.2761881, 52.4883934 ], [ 13.2761388, 52.4884868 ], [ 13.2761236, 52.4885567 ], [ 13.2761335, 52.4886332 ], [ 13.276218, 52.48881380000001 ], [ 13.2762793, 52.4888566 ], [ 13.2766064, 52.4889666 ], [ 13.276688, 52.4889801 ], [ 13.2768984, 52.4889696 ], [ 13.2770144, 52.489001 ], [ 13.2770664, 52.489073 ], [ 13.2772138, 52.4891599 ], [ 13.2772645, 52.4891986 ], [ 13.2772606, 52.489264 ], [ 13.2772037, 52.4892991 ], [ 13.2771047, 52.4893001 ], [ 13.2769969, 52.4892702 ], [ 13.2768112, 52.48922 ], [ 13.2765906, 52.4891491 ], [ 13.276347, 52.4890644 ], [ 13.2761409, 52.488967300000013 ], [ 13.2760059, 52.488943 ], [ 13.2758314, 52.488952 ], [ 13.2757332, 52.4889233 ], [ 13.275675, 52.4889218 ], [ 13.2755922, 52.4888234 ], [ 13.275412, 52.4886303 ], [ 13.2753205, 52.4885185 ], [ 13.2752948, 52.488418199999984 ], [ 13.2753134, 52.4882817 ], [ 13.2752993, 52.4881845 ], [ 13.2754551, 52.4880491 ], [ 13.2754981, 52.487934 ], [ 13.2755913, 52.4878826 ], [ 13.2758852, 52.4877442 ], [ 13.2760877, 52.4876616 ], [ 13.2764647, 52.487571 ], [ 13.2767787, 52.4874849 ], [ 13.2769114, 52.4874502 ], [ 13.2769666, 52.4874164 ], [ 13.2771538, 52.4875441 ] ], [ [ 13.2758912, 52.4881017 ], [ 13.2758309, 52.488096 ], [ 13.275784, 52.4880976 ], [ 13.2757558, 52.48811640000001 ], [ 13.2757518, 52.4881524 ], [ 13.2757746, 52.4881777 ], [ 13.2758188, 52.4881932 ], [ 13.2758751, 52.4881932 ], [ 13.2759033, 52.488177699999987 ], [ 13.2759234, 52.4881556 ], [ 13.2759234, 52.4881254 ], [ 13.2758912, 52.4881017 ] ] ] } },
{ "type": "Feature", "properties": { "name": "Fontänenteich", "name_norm": "fontanenteich", "natural": "water", "water": "pond", "wikidata": null, "area_sqkm": 0.003807241847469116, "centroid_lon": 13.333949724014204, "centroid_lat": 52.448079693088054 }, "geometry": { "type": "Polygon", "coordinates": [ [ [ 13.3334224, 52.4481124 ], [ 13.333306, 52.4480865 ], [ 13.3332694, 52.4480728 ], [ 13.3332307, 52.4480431 ], [ 13.3332121, 52.4480061 ], [ 13.3332177, 52.447943 ], [ 13.3332332, 52.447907 ], [ 13.3332564, 52.4478748 ], [ 13.3332861, 52.4478459 ], [ 13.3333231, 52.4478204 ], [ 13.3333763, 52.447792 ], [ 13.3334368, 52.4477702 ], [ 13.3335316, 52.447748499999989 ], [ 13.3336035, 52.4477393 ], [ 13.3336947, 52.447736 ], [ 13.3338616, 52.4477757 ], [ 13.3339035, 52.4478095 ], [ 13.3339384, 52.447857599999985 ], [ 13.3339646, 52.4479216 ], [ 13.3339001, 52.4479471 ], [ 13.3338952, 52.4479703 ], [ 13.3339122, 52.4480413 ], [ 13.3339702, 52.4480959 ], [ 13.3339826, 52.448102600000013 ], [ 13.3340247, 52.448103099999983 ], [ 13.3340875, 52.4480729 ], [ 13.3341051, 52.4480581 ], [ 13.3342427, 52.4479917 ], [ 13.3343711, 52.4479424 ], [ 13.3344517, 52.4479417 ], [ 13.3345402, 52.44797 ], [ 13.3346252, 52.4480113 ], [ 13.3346683, 52.448079 ], [ 13.33468, 52.4481946 ], [ 13.3346833, 52.448333699999985 ], [ 13.3347015, 52.448377 ], [ 13.3347177, 52.4484155 ], [ 13.334726, 52.4485672 ], [ 13.3347316, 52.4486599 ], [ 13.334724, 52.4486707 ], [ 13.3347088, 52.448575 ], [ 13.3346948, 52.4485207 ], [ 13.3346942, 52.4484308 ], [ 13.3346729, 52.448382199999983 ], [ 13.3346133, 52.448244899999985 ], [ 13.334524, 52.4481699 ], [ 13.3344492, 52.4481819 ], [ 13.33441, 52.4482126 ], [ 13.3344081, 52.4482663 ], [ 13.3344649, 52.4482999 ], [ 13.3343737, 52.4483579 ], [ 13.3343127, 52.4483843 ], [ 13.3342016, 52.4484102 ], [ 13.3340644, 52.4484172 ], [ 13.333915, 52.4483895 ], [ 13.333841, 52.4483609 ], [ 13.3337872, 52.4483229 ], [ 13.3337444, 52.4482538 ], [ 13.3337632, 52.448198799999986 ], [ 13.3338565, 52.4481709 ], [ 13.3338857, 52.448143 ], [ 13.3338389, 52.4480806 ], [ 13.3337843, 52.4480646 ], [ 13.3337464, 52.448073699999988 ], [ 13.333645, 52.4481327 ], [ 13.3335901, 52.4481437 ], [ 13.3334914, 52.4481298 ], [ 13.3334224, 52.4481124 ] ], [ [ 13.3339363, 52.4482356 ], [ 13.3338852, 52.4482577 ], [ 13.3338716, 52.4482688 ], [ 13.3338671, 52.4482896 ], [ 13.3338761, 52.4483007 ], [ 13.3338932, 52.4483117 ], [ 13.3339159, 52.4483159 ], [ 13.3339386, 52.448317299999985 ], [ 13.3339659, 52.4483138 ], [ 13.3339829, 52.4483048 ], [ 13.3339976, 52.448293 ], [ 13.3340011, 52.4482792 ], [ 13.3339954, 52.4482626 ], [ 13.3339795, 52.4482474 ], [ 13.3339659, 52.448237 ], [ 13.3339363, 52.4482356 ] ], [ [ 13.3343758, 52.448040399999982 ], [ 13.3343548, 52.4480446 ], [ 13.3343315, 52.4480612 ], [ 13.3343508, 52.4480861 ], [ 13.3343599, 52.448088899999988 ], [ 13.3343792, 52.4480833 ], [ 13.3343962, 52.4480785 ], [ 13.3344178, 52.4480584 ], [ 13.3343985, 52.4480411 ], [ 13.3343758, 52.448040399999982 ] ] ] } },
{ "type": "Feature", "properties": { "name": "Rohrbruchteich", "name_norm": "rohrbruchteich", "natural": "water", "water": "pond", "wikidata": null, "area_sqkm": 0.023663601538126064, "centroid_lon": 13.2346934994719, "centroid_lat": 52.552427952908367 }, "geometry": { "type": "Polygon", "coordinates": [ [ [ 13.2353679, 52.5512509 ], [ 13.2353846, 52.5510915 ], [ 13.2354049, 52.5510308 ], [ 13.235414, 52.5508959 ], [ 13.2354289, 52.5508794 ], [ 13.2354595, 52.550814800000012 ], [ 13.2355022, 52.5507724 ], [ 13.2355387, 52.5507519 ], [ 13.2355695, 52.550747199999989 ], [ 13.2355881, 52.5507444 ], [ 13.2356278, 52.5507578 ], [ 13.2356746, 52.5508297 ], [ 13.2356949, 52.550896 ], [ 13.235712, 52.551001 ], [ 13.235723, 52.551161 ], [ 13.2357143, 52.5512677 ], [ 13.2357111, 52.551307 ], [ 13.2356978, 52.5513798 ], [ 13.2356949, 52.551545 ], [ 13.2356975, 52.5516822 ], [ 13.2356964, 52.551807399999987 ], [ 13.2356645, 52.551965499999987 ], [ 13.2356735, 52.552111 ], [ 13.2356705, 52.55229 ], [ 13.2356491, 52.5524597 ], [ 13.235612, 52.5526261 ], [ 13.2355374, 52.5528473 ], [ 13.2354598, 52.5529651 ], [ 13.2353184, 52.553076499999989 ], [ 13.2352212, 52.5531216 ], [ 13.2350143, 52.5531907 ], [ 13.2348354, 52.5532353 ], [ 13.2345964, 52.5533026 ], [ 13.2343823, 52.5533564 ], [ 13.2343003, 52.5533647 ], [ 13.234048, 52.5533628 ], [ 13.2338824, 52.5533277 ], [ 13.2338077, 52.5533006 ], [ 13.2337297, 52.5532553 ], [ 13.2336467, 52.55318350000001 ], [ 13.2335267, 52.5530843 ], [ 13.2334158, 52.5529855 ], [ 13.2333514, 52.5529034 ], [ 13.2333217, 52.552853899999988 ], [ 13.2333221, 52.5528161 ], [ 13.2333541, 52.552768 ], [ 13.2333567, 52.552740499999985 ], [ 13.233333, 52.5527036 ], [ 13.2333114, 52.5526361 ], [ 13.2333831, 52.5525262 ], [ 13.2333999, 52.5524573 ], [ 13.23344, 52.5523793 ], [ 13.2334934, 52.5523271 ], [ 13.2335443, 52.5522856 ], [ 13.2336237, 52.5522497 ], [ 13.2337161, 52.552226 ], [ 13.2338904, 52.5521992 ], [ 13.233986, 52.5521809 ], [ 13.2340612, 52.5521739 ], [ 13.2340932, 52.552162799999984 ], [ 13.2341875, 52.5521242 ], [ 13.234217, 52.5521138 ], [ 13.2342649, 52.552102 ], [ 13.234352, 52.552094799999985 ], [ 13.2343786, 52.5520883 ], [ 13.2344541, 52.55204449999998 ], [ 13.2345208, 52.55198020000001 ], [ 13.2346172, 52.5519086 ], [ 13.2346839, 52.5518772 ], [ 13.2347473, 52.551851 ], [ 13.2347847, 52.551829 ], [ 13.2348243, 52.5518073 ], [ 13.2348913, 52.5517654 ], [ 13.2349533, 52.5517098 ], [ 13.2349994, 52.5516538 ], [ 13.2350258, 52.5516279 ], [ 13.2350748, 52.55160450000001 ], [ 13.2351162, 52.5515895 ], [ 13.2351827, 52.5515743 ], [ 13.2353336, 52.5515585 ], [ 13.2353627, 52.551539 ], [ 13.2353534, 52.5515047 ], [ 13.2352883, 52.5514591 ], [ 13.2352664, 52.5514336 ], [ 13.2352534, 52.5514163 ], [ 13.235244, 52.5513416 ], [ 13.2352537, 52.5512619 ], [ 13.2352612, 52.551254299999975 ], [ 13.2352831, 52.551255299999987 ], [ 13.2353186, 52.55128460000001 ], [ 13.2353437, 52.5512885 ], [ 13.2353565, 52.5512786 ], [ 13.2353679, 52.5512509 ] ], [ [ 13.2349373, 52.5520784 ], [ 13.2349151, 52.5521175 ], [ 13.2349393, 52.55214 ], [ 13.2349956, 52.5521608 ], [ 13.2350674, 52.5521701 ], [ 13.2351445, 52.552153 ], [ 13.2351666, 52.5521167 ], [ 13.2351418, 52.5520857 ], [ 13.2351069, 52.5520711 ], [ 13.2350197, 52.5520702 ], [ 13.2349373, 52.5520784 ] ] ] } },
{ "type": "Feature", "properties": { "name": "Irissee", "name_norm": "irissee", "natural": "water", "water": "pond", "wikidata": "Q97379515", "area_sqkm": 0.0027419960849422611, "centroid_lon": 13.413003319651931, "centroid_lat": 52.433657330784889 }, "geometry": { "type": "Polygon", "coordinates": [ [ [ 13.412578, 52.433584199999984 ], [ 13.4125716, 52.433556099999983 ], [ 13.4125552, 52.4335146 ], [ 13.4125523, 52.4334712 ], [ 13.4125517, 52.4334371 ], [ 13.4125399, 52.433377 ], [ 13.4125328, 52.4333609 ], [ 13.4125115, 52.433346 ], [ 13.4125373, 52.4333366 ], [ 13.4125663, 52.4333592 ], [ 13.4125969, 52.4333777 ], [ 13.4126366, 52.4333888 ], [ 13.4126738, 52.4333921 ], [ 13.4127198, 52.4333912 ], [ 13.4127657, 52.4333854 ], [ 13.4128933, 52.433373499999988 ], [ 13.4129194, 52.4333735 ], [ 13.4129478, 52.433375699999985 ], [ 13.4129726, 52.433377299999989 ], [ 13.4130412, 52.433391199999988 ], [ 13.4130768, 52.4334019 ], [ 13.4131219, 52.4334216 ], [ 13.4131648, 52.4334546 ], [ 13.4132077, 52.4334977 ], [ 13.4132359, 52.4335387 ], [ 13.4132571, 52.4335596 ], [ 13.4132878, 52.4335844 ], [ 13.4133238, 52.4336064 ], [ 13.4133437, 52.4336178 ], [ 13.4133528, 52.433626 ], [ 13.4133815, 52.433686499999986 ], [ 13.4133904, 52.4337258 ], [ 13.4134008, 52.4337449 ], [ 13.413422, 52.4337702 ], [ 13.4134469, 52.4337896 ], [ 13.4135012, 52.4338253 ], [ 13.4135274, 52.4338371 ], [ 13.4135485, 52.4338435 ], [ 13.4135429, 52.433873 ], [ 13.4135231, 52.433891 ], [ 13.4135037, 52.4339061 ], [ 13.4134513, 52.433930599999989 ], [ 13.4134135, 52.4339519 ], [ 13.4133755, 52.433969199999986 ], [ 13.4133553, 52.4339754 ], [ 13.4133233, 52.4339806 ], [ 13.4132896, 52.4339826 ], [ 13.4132593, 52.4339816 ], [ 13.4132122, 52.4339764 ], [ 13.4131641, 52.433967299999985 ], [ 13.4131314, 52.4339582 ], [ 13.4131073, 52.4339489 ], [ 13.4130799, 52.433933 ], [ 13.413055, 52.4339142 ], [ 13.413033, 52.4339016 ], [ 13.4130144, 52.4338957 ], [ 13.4129326, 52.4338793 ], [ 13.4128887, 52.4338688 ], [ 13.4128636, 52.4338571 ], [ 13.4128315, 52.4338451 ], [ 13.4127208, 52.4338127 ], [ 13.4126786, 52.4337965 ], [ 13.4126528, 52.433783599999984 ], [ 13.4126181, 52.4337557 ], [ 13.4125995, 52.433728599999988 ], [ 13.4125914, 52.4337039 ], [ 13.4125851, 52.4336785 ], [ 13.4125839, 52.4336281 ], [ 13.412578, 52.433584199999984 ] ], [ [ 13.4126618, 52.4337331 ], [ 13.4126793, 52.4337473 ], [ 13.4127052, 52.433758 ], [ 13.4127445, 52.4337801 ], [ 13.4127818, 52.4337956 ], [ 13.4128204, 52.4338078 ], [ 13.4128586, 52.4338048 ], [ 13.4128623, 52.4337974 ], [ 13.4128629, 52.43379010000001 ], [ 13.4128548, 52.4337783 ], [ 13.4128125, 52.4337456 ], [ 13.412766, 52.43372560000001 ], [ 13.4127196, 52.4337013 ], [ 13.4126831, 52.4336688 ], [ 13.4126608, 52.4336687 ], [ 13.4126514, 52.4336722 ], [ 13.4126471, 52.4336778 ], [ 13.4126439, 52.4336866 ], [ 13.4126443, 52.4337042 ], [ 13.4126618, 52.4337331 ] ], [ [ 13.4130855, 52.4338408 ], [ 13.4130775, 52.4338588 ], [ 13.4131074, 52.4338784 ], [ 13.413119, 52.4338953 ], [ 13.4131325, 52.4339103 ], [ 13.413153, 52.4339175 ], [ 13.4131896, 52.4339183 ], [ 13.4132028, 52.433916 ], [ 13.4132294, 52.4339152 ], [ 13.4132559, 52.4339226 ], [ 13.4132874, 52.4339256 ], [ 13.4133023, 52.4339224 ], [ 13.4133296, 52.4339066 ], [ 13.4133353, 52.4338975 ], [ 13.4133314, 52.4338827 ], [ 13.4133197, 52.4338731 ], [ 13.4132801, 52.4338679 ], [ 13.4132593, 52.4338656 ], [ 13.4131725, 52.4338434 ], [ 13.4131338, 52.4338372 ], [ 13.4131066, 52.4338368 ], [ 13.4130855, 52.4338408 ] ] ] } },
{ "type": "Feature", "properties": { "name": "Görlitzer Parkteich", "name_norm": "gorlitzer parkteich", "natural": "water", "water": "pond", "wikidata": null, "area_sqkm": 0.0025714906025187004, "centroid_lon": 13.443544660781578, "centroid_lat": 52.495125382050482 }, "geometry": { "type": "Polygon", "coordinates": [ [ [ 13.4437435, 52.4948176 ], [ 13.4438014, 52.4947927 ], [ 13.4438588, 52.4947799 ], [ 13.4439084, 52.4947772 ], [ 13.443968, 52.4947768 ], [ 13.4440234, 52.4947874 ], [ 13.4440609, 52.494803 ], [ 13.444087, 52.4948268 ], [ 13.4441387, 52.4948784 ], [ 13.444184, 52.4949207 ], [ 13.4442213, 52.4949515 ], [ 13.4442391, 52.4949799 ], [ 13.4442476, 52.4950112 ], [ 13.444238, 52.4950393 ], [ 13.444214, 52.4950642 ], [ 13.4441666, 52.4950961 ], [ 13.4440959, 52.4951271 ], [ 13.4440396, 52.4951434 ], [ 13.4439927, 52.4951524 ], [ 13.443935, 52.4951544 ], [ 13.4438691, 52.4951595 ], [ 13.4437939, 52.4951723 ], [ 13.4437289, 52.4951857 ], [ 13.4436738, 52.4952068 ], [ 13.4435982, 52.4952436 ], [ 13.4435057, 52.4952769 ], [ 13.4434282, 52.4953108 ], [ 13.4433556, 52.495339 ], [ 13.4432989, 52.4953548 ], [ 13.4432558, 52.4953624 ], [ 13.4431934, 52.4953669 ], [ 13.4431319, 52.4953702 ], [ 13.4430507, 52.4953747 ], [ 13.4429777, 52.4953786 ], [ 13.4429386, 52.49538350000001 ], [ 13.4428908, 52.495398 ], [ 13.4428362, 52.4954188 ], [ 13.4427714, 52.495431 ], [ 13.4427242, 52.4954448 ], [ 13.442665, 52.4954719 ], [ 13.442553, 52.4955298 ], [ 13.4424371, 52.4955883 ], [ 13.4423414, 52.4956354 ], [ 13.4423141, 52.4956444 ], [ 13.4422928, 52.495643199999989 ], [ 13.4422774, 52.495639399999988 ], [ 13.4422762, 52.4956292 ], [ 13.4422914, 52.4956186 ], [ 13.442341, 52.4955998 ], [ 13.4424103, 52.4955682 ], [ 13.4424992, 52.4955267 ], [ 13.4425562, 52.4955013 ], [ 13.4425957, 52.4954887 ], [ 13.4426185, 52.4954652 ], [ 13.4426274, 52.4954465 ], [ 13.4426455, 52.4954317 ], [ 13.4426883, 52.4954044 ], [ 13.4427113, 52.4953742 ], [ 13.4427433, 52.495339 ], [ 13.442766, 52.4953202 ], [ 13.4427938, 52.4953115 ], [ 13.442843, 52.4952999 ], [ 13.4428999, 52.4952902 ], [ 13.4429878, 52.4952855 ], [ 13.4430714, 52.4952691 ], [ 13.4431378, 52.4952529 ], [ 13.4431813, 52.4952403 ], [ 13.443231, 52.495222 ], [ 13.4432464, 52.4952081 ], [ 13.44325, 52.4951956 ], [ 13.443248, 52.4951816 ], [ 13.4432366, 52.4951664 ], [ 13.4432196, 52.4951425 ], [ 13.4432108, 52.495118 ], [ 13.4432099, 52.4951 ], [ 13.4432215, 52.4950787 ], [ 13.443245, 52.4950605 ], [ 13.4432916, 52.4950423 ], [ 13.4433584, 52.4950286 ], [ 13.4434481, 52.4950231 ], [ 13.4435736, 52.4950207 ], [ 13.4436842, 52.4950187 ], [ 13.4437271, 52.495013199999988 ], [ 13.4437494, 52.4950034 ], [ 13.4437581, 52.4949919 ], [ 13.4437607, 52.4949815 ], [ 13.4437576, 52.4949658 ], [ 13.4437494, 52.4949495 ], [ 13.443726, 52.4949247 ], [ 13.4437022, 52.4949043 ], [ 13.4436842, 52.4948842 ], [ 13.443682, 52.4948681 ], [ 13.4437002, 52.4948465 ], [ 13.4437435, 52.4948176 ] ], [ [ 13.4439678, 52.4950656 ], [ 13.443988, 52.495054 ], [ 13.4439947, 52.4950469 ], [ 13.4439994, 52.4950381 ], [ 13.4440003, 52.4950291 ], [ 13.4439931, 52.4950158 ], [ 13.4439748, 52.4950014 ], [ 13.4439371, 52.494989499999988 ], [ 13.4438964, 52.4949922 ], [ 13.4438516, 52.495009 ], [ 13.4438057, 52.4950319 ], [ 13.4437741, 52.4950496 ], [ 13.443757, 52.4950647 ], [ 13.4437624, 52.4950814 ], [ 13.4437747, 52.4950954 ], [ 13.4437951, 52.495101499999983 ], [ 13.4438347, 52.4951001 ], [ 13.4439102, 52.4950873 ], [ 13.4439678, 52.4950656 ] ], [ [ 13.4435913, 52.4951257 ], [ 13.4436376, 52.4951236 ], [ 13.4436631, 52.4951121 ], [ 13.4436634, 52.4950989 ], [ 13.4436422, 52.4950889 ], [ 13.4435903, 52.4950866 ], [ 13.4435615, 52.4950887 ], [ 13.4435306, 52.4950939 ], [ 13.4435076, 52.49510440000001 ], [ 13.4435079, 52.4951171 ], [ 13.4435238, 52.49512330000001 ], [ 13.4435594, 52.4951255 ], [ 13.4435913, 52.4951257 ] ] ] } },
{ "type": "Feature", "properties": { "name": "Kleine Malche", "name_norm": "kleine malche", "natural": "water", "water": "pond", "wikidata": null, "area_sqkm": 0.039676591481988328, "centroid_lon": 13.235741385204127, "centroid_lat": 52.559667841229732 }, "geometry": { "type": "Polygon", "coordinates": [ [ [ 13.2345369, 52.5593301 ], [ 13.2348922, 52.5591398 ], [ 13.2352769, 52.5589754 ], [ 13.2357768, 52.5588913 ], [ 13.2361733, 52.5586901 ], [ 13.2369784, 52.5586209 ], [ 13.2374333, 52.5586513 ], [ 13.2378968, 52.5588704 ], [ 13.2380513, 52.5590374 ], [ 13.2380256, 52.5592618 ], [ 13.2378024, 52.5594131 ], [ 13.2372874, 52.5596949 ], [ 13.2364754, 52.560047 ], [ 13.2364842, 52.5600727 ], [ 13.2363862, 52.5601187 ], [ 13.2362237, 52.5601755 ], [ 13.2360835, 52.560221 ], [ 13.2360711, 52.5602063 ], [ 13.2351159, 52.560535 ], [ 13.2344893, 52.5607541 ], [ 13.233324, 52.5612358 ], [ 13.233346, 52.561089699999982 ], [ 13.233384, 52.5610236 ], [ 13.2335302, 52.5608518 ], [ 13.233631, 52.5607384 ], [ 13.2339039, 52.5604112 ], [ 13.2340113, 52.5601199 ], [ 13.2340977, 52.5599146 ], [ 13.2341938, 52.5597707 ], [ 13.2343491, 52.5595687 ], [ 13.2344519, 52.5594879 ], [ 13.2344258, 52.5594756 ], [ 13.2344504, 52.5594485 ], [ 13.2345369, 52.5593301 ] ] ] } },
{ "type": "Feature", "properties": { "name": "Südparksee", "name_norm": "sudparksee", "natural": "water", "water": "lake", "wikidata": null, "area_sqkm": 0.024506222652308646, "centroid_lon": 13.193265348661964, "centroid_lat": 52.515334585746103 }, "geometry": { "type": "Polygon", "coordinates": [ [ [ 13.1957194, 52.5138803 ], [ 13.1957342, 52.5139231 ], [ 13.1957413, 52.5139722 ], [ 13.1956811, 52.5140615 ], [ 13.1956121, 52.5141489 ], [ 13.1955174, 52.5142531 ], [ 13.1954438, 52.5142953 ], [ 13.1953348, 52.5143364 ], [ 13.1952589, 52.5143573 ], [ 13.1952081, 52.5143639 ], [ 13.1951546, 52.5144071 ], [ 13.195085, 52.5144728 ], [ 13.1949531, 52.514542 ], [ 13.1948251, 52.5145925 ], [ 13.1947007, 52.5146429 ], [ 13.1945964, 52.514679 ], [ 13.1944008, 52.5147511 ], [ 13.1942929, 52.5147836 ], [ 13.194223, 52.5147872 ], [ 13.1941626, 52.5148096 ], [ 13.1940969, 52.5148421 ], [ 13.1940547, 52.514899 ], [ 13.1940376, 52.5149565 ], [ 13.1940535, 52.5150137 ], [ 13.194099, 52.5150955 ], [ 13.1941424, 52.5151565 ], [ 13.194178, 52.5152164 ], [ 13.1941811, 52.5153008 ], [ 13.1941499, 52.5153843 ], [ 13.1940547, 52.515463 ], [ 13.1939457, 52.5155244 ], [ 13.1939018, 52.5155452 ], [ 13.1938272, 52.5155669 ], [ 13.1937572, 52.515571199999982 ], [ 13.1936782, 52.5155727 ], [ 13.1935901, 52.515582 ], [ 13.1934965, 52.5156087 ], [ 13.1934223, 52.5156486 ], [ 13.1933768, 52.5157054 ], [ 13.1932803, 52.5158295 ], [ 13.1932239, 52.5158467 ], [ 13.1931125, 52.5158828 ], [ 13.1928316, 52.5160083 ], [ 13.1926728, 52.5161071 ], [ 13.1924061, 52.5162665 ], [ 13.1922544, 52.516345099999988 ], [ 13.1921655, 52.5163805 ], [ 13.1921181, 52.5164107 ], [ 13.1920531, 52.5164325 ], [ 13.1919604, 52.516452599999987 ], [ 13.1918672, 52.5164813 ], [ 13.1918327, 52.5165429 ], [ 13.1917728, 52.5166698 ], [ 13.1917329, 52.516907 ], [ 13.1917113, 52.5171374 ], [ 13.1917074, 52.517188 ], [ 13.1915983, 52.5173436 ], [ 13.191533, 52.51740130000001 ], [ 13.1914188, 52.5174363 ], [ 13.1913324, 52.5174655 ], [ 13.1911089, 52.517590499999983 ], [ 13.1910498, 52.5176019 ], [ 13.1910181, 52.5175913 ], [ 13.1910317, 52.5175529 ], [ 13.1911663, 52.5174587 ], [ 13.1912268, 52.5174241 ], [ 13.1912831, 52.5173732 ], [ 13.1913524, 52.517300799999987 ], [ 13.1914449, 52.517218499999977 ], [ 13.1915767, 52.5170827 ], [ 13.1916266, 52.5169225 ], [ 13.191631, 52.5168175 ], [ 13.1916106, 52.5167001 ], [ 13.1915758, 52.5165783 ], [ 13.1915093, 52.5164617 ], [ 13.1914079, 52.5163918 ], [ 13.1913109, 52.516280699999989 ], [ 13.1912813, 52.5161867 ], [ 13.1913003, 52.5161338 ], [ 13.1913451, 52.5160604 ], [ 13.1914046, 52.5159931 ], [ 13.1914623, 52.5159472 ], [ 13.1915267, 52.5159239 ], [ 13.1915732, 52.5159154 ], [ 13.1916404, 52.515903699999988 ], [ 13.1918004, 52.515895099999987 ], [ 13.1920701, 52.5158908 ], [ 13.1922515, 52.5158684 ], [ 13.1923302, 52.515836599999986 ], [ 13.1923812, 52.5157977 ], [ 13.1924085, 52.5157537 ], [ 13.1924108, 52.5156937 ], [ 13.1923845, 52.5156112 ], [ 13.1923767, 52.5155581 ], [ 13.1923592, 52.515473499999985 ], [ 13.1923013, 52.5153865 ], [ 13.1922871, 52.5153304 ], [ 13.1923082, 52.515269399999987 ], [ 13.1923462, 52.5152304 ], [ 13.1923823, 52.5152031 ], [ 13.192434, 52.515163699999988 ], [ 13.1924944, 52.5151157 ], [ 13.1926064, 52.5150577 ], [ 13.192687, 52.5150245 ], [ 13.1928383, 52.514977 ], [ 13.1929276, 52.514964599999985 ], [ 13.1930283, 52.5149704 ], [ 13.1931067, 52.5149633 ], [ 13.1931599, 52.5149502 ], [ 13.1933637, 52.5148543 ], [ 13.1934917, 52.5147721 ], [ 13.1935841, 52.5146753 ], [ 13.1936103, 52.5146069 ], [ 13.1936423, 52.5145239 ], [ 13.1936731, 52.514467699999983 ], [ 13.193768, 52.5143812 ], [ 13.1938438, 52.5143415 ], [ 13.1939232, 52.5143076 ], [ 13.1940049, 52.514291 ], [ 13.1940726, 52.5142846 ], [ 13.1942538, 52.5142686 ], [ 13.1943463, 52.5142535 ], [ 13.194454, 52.5142277 ], [ 13.1945288, 52.5142376 ], [ 13.1946781, 52.5142787 ], [ 13.1947466, 52.5142885 ], [ 13.1947978, 52.51428090000001 ], [ 13.1948429, 52.5142621 ], [ 13.1948666, 52.5142217 ], [ 13.1949021, 52.5141431 ], [ 13.1949724, 52.5140449 ], [ 13.1950219, 52.5139801 ], [ 13.1950977, 52.5139188 ], [ 13.1952211, 52.5138592 ], [ 13.1953454, 52.5138171 ], [ 13.1954421, 52.513799 ], [ 13.1955339, 52.513798299999983 ], [ 13.1955912, 52.5138042 ], [ 13.195637, 52.5138142 ], [ 13.1956717, 52.5138311 ], [ 13.1957194, 52.5138803 ] ], [ [ 13.1916429, 52.5160622 ], [ 13.1916658, 52.5160884 ], [ 13.1917025, 52.5160974 ], [ 13.1917619, 52.5160849 ], [ 13.191788, 52.5160587 ], [ 13.1917803, 52.5160261 ], [ 13.1917389, 52.5160133 ], [ 13.1916731, 52.5160171 ], [ 13.1916484, 52.5160355 ], [ 13.1916429, 52.5160622 ] ], [ [ 13.1950556, 52.5144244 ], [ 13.1950604, 52.5144193 ], [ 13.1950793, 52.5144049 ], [ 13.1950971, 52.5143927 ], [ 13.1951054, 52.5143775 ], [ 13.1950947, 52.5143671 ], [ 13.1950693, 52.5143613 ], [ 13.195029, 52.514360899999986 ], [ 13.194975, 52.5143634 ], [ 13.1949176, 52.514366 ], [ 13.1948607, 52.5143725 ], [ 13.1948144, 52.5143844 ], [ 13.1947925, 52.51439340000001 ], [ 13.1947795, 52.5144219 ], [ 13.1947854, 52.5144576 ], [ 13.1948026, 52.5144785 ], [ 13.1948322, 52.5144918 ], [ 13.194879, 52.5144922 ], [ 13.1949294, 52.5144832 ], [ 13.1949904, 52.514466199999987 ], [ 13.1950254, 52.5144468 ], [ 13.1950556, 52.5144244 ] ], [ [ 13.1926739, 52.5152795 ], [ 13.1926828, 52.515271899999988 ], [ 13.1927113, 52.5152607 ], [ 13.1927385, 52.515241200000013 ], [ 13.1927273, 52.5152167 ], [ 13.1927101, 52.5151987 ], [ 13.1926816, 52.5151879 ], [ 13.1926402, 52.5151886 ], [ 13.1926123, 52.515199 ], [ 13.1925981, 52.515214899999989 ], [ 13.1925768, 52.5152283 ], [ 13.1925714, 52.5152528 ], [ 13.1925779, 52.5152784 ], [ 13.1926028, 52.5152842 ], [ 13.1926194, 52.5152892 ], [ 13.1926419, 52.5152874 ], [ 13.1926739, 52.5152795 ] ] ] } },
{ "type": "Feature", "properties": { "name": "Elsenteich", "name_norm": "elsenteich", "natural": "water", "water": "pond", "wikidata": null, "area_sqkm": 0.0038986874296640188, "centroid_lon": 13.612179417682073, "centroid_lat": 52.499719410732624 }, "geometry": { "type": "Polygon", "coordinates": [ [ [ 13.6113776, 52.4994792 ], [ 13.6112739, 52.4994171 ], [ 13.6114669, 52.4994207 ], [ 13.6116347, 52.4994212 ], [ 13.6117131, 52.4994007 ], [ 13.6118472, 52.499357099999976 ], [ 13.6119998, 52.4993458 ], [ 13.612079, 52.4993524 ], [ 13.6121549, 52.4993678 ], [ 13.6122599, 52.4994062 ], [ 13.6123889, 52.4994599 ], [ 13.6125183, 52.4995552 ], [ 13.6125815, 52.4995962 ], [ 13.6126312, 52.4996553 ], [ 13.6126995, 52.499742 ], [ 13.6127509, 52.4998482 ], [ 13.6127585, 52.4999042 ], [ 13.6127476, 52.4999771 ], [ 13.6127299, 52.5000279 ], [ 13.6126928, 52.5001049 ], [ 13.6126633, 52.5001356 ], [ 13.6126161, 52.5001711 ], [ 13.6125833, 52.5001829 ], [ 13.612536, 52.5001834 ], [ 13.6124795, 52.5001418 ], [ 13.6123985, 52.50011 ], [ 13.6123328, 52.500063299999987 ], [ 13.6122839, 52.4999955 ], [ 13.6122341, 52.499955 ], [ 13.6121777, 52.4999232 ], [ 13.6118951, 52.4998089 ], [ 13.611745, 52.499709 ], [ 13.6114619, 52.4995346 ], [ 13.6113776, 52.4994792 ] ], [ [ 13.6122611, 52.499653700000017 ], [ 13.6123066, 52.4996653 ], [ 13.6123484, 52.4996694 ], [ 13.6123834, 52.4996632 ], [ 13.612391, 52.499648299999983 ], [ 13.6124441, 52.4996196 ], [ 13.6124373, 52.4995744 ], [ 13.6123505, 52.499497399999989 ], [ 13.6123176, 52.4994787 ], [ 13.6122674, 52.4994684 ], [ 13.6122405, 52.4994715 ], [ 13.6122038, 52.4994764 ], [ 13.6121347, 52.4994697 ], [ 13.6120584, 52.4994407 ], [ 13.6119534, 52.4994407 ], [ 13.6119037, 52.4994515 ], [ 13.6118796, 52.4994697 ], [ 13.6118843, 52.4994841 ], [ 13.6119825, 52.4995364 ], [ 13.6120533, 52.4995536 ], [ 13.6122004, 52.499630099999983 ], [ 13.6122611, 52.499653700000017 ] ] ] } },
{ "type": "Feature", "properties": { "name": "Stiles Pond", "name_norm": "stiles pond", "natural": "water", "water": "lake", "wikidata": null, "area_sqkm": 0.04899031319090745, "centroid_lon": -72.754003619077011, "centroid_lat": 41.640945921800423 }, "geometry": { "type": "Polygon", "coordinates": [ [ [ -72.754345499999417, 41.640514399999276 ], [ -72.754340199999419, 41.640494299999276 ], [ -72.754336099999435, 41.640484299999279 ], [ -72.754333499999419, 41.640475299999274 ], [ -72.754330799999423, 41.640464299999273 ], [ -72.75428919999942, 41.640359999999276 ], [ -72.75427849999943, 41.640341999999279 ], [ -72.754270399999427, 41.640333999999278 ], [ -72.754255699999419, 41.64031689999927 ], [ -72.754246299999437, 41.640307899999264 ], [ -72.754148399999437, 41.640237699999275 ], [ -72.754138999999412, 41.640229699999274 ], [ -72.754129599999416, 41.640220699999276 ], [ -72.754120199999434, 41.640213699999258 ], [ -72.754112199999426, 41.640205699999271 ], [ -72.754026399999432, 41.640112499999276 ], [ -72.754020999999426, 41.640103399999283 ], [ -72.75401559999942, 41.640093399999273 ], [ -72.754012899999424, 41.640082399999265 ], [ -72.754011599999416, 41.640071399999265 ], [ -72.754000899999426, 41.640022299999266 ], [ -72.754000899999411, 41.640011199999272 ], [ -72.753999499999438, 41.640000199999271 ], [ -72.753994199999411, 41.639980199999265 ], [ -72.753986099999423, 41.639946099999278 ], [ -72.753982099999405, 41.639936099999275 ], [ -72.753972699999437, 41.639890999999267 ], [ -72.753968699999433, 41.639880899999277 ], [ -72.753961999999433, 41.639870899999273 ], [ -72.753956599999427, 41.639860899999277 ], [ -72.753952599999423, 41.639851899999258 ], [ -72.753945899999408, 41.639842899999266 ], [ -72.753941899999433, 41.639832799999283 ], [ -72.753929799999412, 41.639784699999275 ], [ -72.753921699999424, 41.639766699999278 ], [ -72.753916399999412, 41.639757699999272 ], [ -72.753898899999427, 41.639740599999278 ], [ -72.753829199999416, 41.639715599999278 ], [ -72.753817099999424, 41.639712599999271 ], [ -72.753803699999423, 41.639707599999269 ], [ -72.753791699999411, 41.639705499999273 ], [ -72.753779599999405, 41.639701499999262 ], [ -72.753766199999433, 41.639696499999275 ], [ -72.753755499999414, 41.639691499999266 ], [ -72.75374199999942, 41.639686499999279 ], [ -72.753697799999429, 41.639674499999273 ], [ -72.753682999999413, 41.639675499999271 ], [ -72.753668299999418, 41.639677499999273 ], [ -72.753654899999404, 41.639679499999275 ], [ -72.753642799999412, 41.639686499999272 ], [ -72.753633399999416, 41.639694499999266 ], [ -72.753622699999411, 41.639701499999262 ], [ -72.753613299999401, 41.639709599999279 ], [ -72.753605199999413, 41.639720599999265 ], [ -72.753587799999423, 41.639809799999277 ], [ -72.753581099999423, 41.639819799999273 ], [ -72.753570399999418, 41.639827799999267 ], [ -72.753560999999422, 41.639835799999275 ], [ -72.753547599999436, 41.639844899999268 ], [ -72.753534199999436, 41.639849899999284 ], [ -72.753518099999425, 41.639852899999269 ], [ -72.753488599999415, 41.639854899999271 ], [ -72.753457699999416, 41.639854899999278 ], [ -72.753428199999419, 41.639852899999276 ], [ -72.753300799999437, 41.639833799999273 ], [ -72.753272699999428, 41.639831799999278 ], [ -72.75325919999942, 41.639831799999278 ], [ -72.753239099999419, 41.639832799999276 ], [ -72.753218999999419, 41.639834799999278 ], [ -72.753196199999422, 41.639837799999277 ], [ -72.753182799999436, 41.639840899999278 ], [ -72.753178799999404, 41.639854899999278 ], [ -72.753178799999418, 41.639900999999277 ], [ -72.75317739999943, 41.639911999999285 ], [ -72.753169399999436, 41.639949099999278 ], [ -72.753161299999434, 41.63997009999926 ], [ -72.753150599999415, 41.639992199999277 ], [ -72.753143899999415, 41.640002199999273 ], [ -72.753139899999425, 41.640012199999276 ], [ -72.753134499999419, 41.640021299999276 ], [ -72.753127799999419, 41.640030299999268 ], [ -72.753083599999414, 41.640040299999264 ], [ -72.753071499999422, 41.640045299999265 ], [ -72.753062099999426, 41.640052299999269 ], [ -72.753055399999397, 41.640062299999265 ], [ -72.753047299999437, 41.640108499999265 ], [ -72.753043299999433, 41.640118499999282 ], [ -72.753037999999421, 41.640127499999267 ], [ -72.753029899999433, 41.640137499999277 ], [ -72.753008499999439, 41.640149499999268 ], [ -72.752972199999419, 41.640167599999273 ], [ -72.752964199999411, 41.640177599999284 ], [ -72.752948099999415, 41.640195599999274 ], [ -72.752921299999414, 41.640244799999273 ], [ -72.752918599999418, 41.640256799999271 ], [ -72.752922599999437, 41.640267799999272 ], [ -72.752930699999425, 41.640276799999278 ], [ -72.752941399999429, 41.64028589999927 ], [ -72.752953499999435, 41.640292899999274 ], [ -72.75301519999941, 41.640322899999276 ], [ -72.753028599999411, 41.640327899999278 ], [ -72.753043299999419, 41.640335999999273 ], [ -72.753056699999433, 41.640343999999267 ], [ -72.753079499999416, 41.640364999999271 ], [ -72.753087599999418, 41.640376099999273 ], [ -72.753099699999424, 41.640401099999274 ], [ -72.75310639999941, 41.640418099999273 ], [ -72.753123799999429, 41.640456199999271 ], [ -72.753129199999421, 41.640469299999268 ], [ -72.753133199999411, 41.640484299999258 ], [ -72.753142599999435, 41.640509399999281 ], [ -72.753150599999415, 41.64052239999927 ], [ -72.753157299999415, 41.640535399999266 ], [ -72.753162699999422, 41.640547399999271 ], [ -72.753166699999412, 41.640561499999272 ], [ -72.753181499999414, 41.64062759999927 ], [ -72.75319759999941, 41.640657699999274 ], [ -72.753208299999429, 41.640679699999275 ], [ -72.753221699999429, 41.640701799999292 ], [ -72.753235099999415, 41.640721799999284 ], [ -72.753318299999421, 41.640793999999275 ], [ -72.753339699999415, 41.640809999999284 ], [ -72.753363899999428, 41.640826099999273 ], [ -72.753401399999433, 41.640858099999271 ], [ -72.753422899999435, 41.640872199999272 ], [ -72.75344159999942, 41.640890199999284 ], [ -72.753484499999416, 41.640926299999272 ], [ -72.753548899999416, 41.641046599999278 ], [ -72.753538199999426, 41.641070599999281 ], [ -72.753527499999436, 41.641092699999277 ], [ -72.753492599999433, 41.641126699999276 ], [ -72.753476499999422, 41.641144799999275 ], [ -72.753465799999418, 41.641164799999274 ], [ -72.753465799999418, 41.641186899999276 ], [ -72.753473799999412, 41.64120889999927 ], [ -72.753492599999419, 41.641228999999278 ], [ -72.753514099999407, 41.641246999999275 ], [ -72.753538199999397, 41.641264999999279 ], [ -72.753562299999416, 41.641279099999267 ], [ -72.753589199999425, 41.641293099999267 ], [ -72.753613299999429, 41.641305099999272 ], [ -72.753640099999416, 41.641317199999271 ], [ -72.753666899999416, 41.641327199999267 ], [ -72.753691099999429, 41.641341199999268 ], [ -72.753835899999402, 41.641451499999278 ], [ -72.753873499999429, 41.641483499999275 ], [ -72.753892199999427, 41.641501599999266 ], [ -72.75393779999942, 41.641539699999278 ], [ -72.753956599999427, 41.641557699999261 ], [ -72.754020999999426, 41.641641899999286 ], [ -72.754028999999434, 41.641663899999266 ], [ -72.75404239999942, 41.641695999999278 ], [ -72.754055899999429, 41.641722099999271 ], [ -72.754098799999412, 41.641826299999273 ], [ -72.754114899999436, 41.641850299999284 ], [ -72.75413359999942, 41.641870399999277 ], [ -72.754192699999422, 41.641930499999276 ], [ -72.754235599999433, 41.641970599999283 ], [ -72.754254299999431, 41.641990699999262 ], [ -72.754273099999423, 41.642008699999273 ], [ -72.754286499999438, 41.642026699999278 ], [ -72.754305299999416, 41.642046799999271 ], [ -72.754324099999423, 41.642070799999267 ], [ -72.754361599999413, 41.642106899999277 ], [ -72.754385799999426, 41.64212089999927 ], [ -72.754498399999434, 41.642154999999271 ], [ -72.754522599999405, 41.642164999999274 ], [ -72.754570799999414, 41.642193099999275 ], [ -72.754592299999416, 41.642209099999278 ], [ -72.754611099999423, 41.642225199999267 ], [ -72.754629899999415, 41.642243199999271 ], [ -72.754643299999415, 41.642261299999277 ], [ -72.754659399999426, 41.642281299999269 ], [ -72.754678099999424, 41.642297299999278 ], [ -72.754702299999423, 41.642311399999279 ], [ -72.754753199999428, 41.642342399999272 ], [ -72.754769299999438, 41.64234339999927 ], [ -72.754785399999435, 41.642343399999277 ], [ -72.754800199999437, 41.642344399999281 ], [ -72.754848499999412, 41.642358499999283 ], [ -72.754863199999434, 41.64236249999928 ], [ -72.75487659999942, 41.642365499999265 ], [ -72.754893999999425, 41.642367499999274 ], [ -72.754910099999421, 41.642368499999279 ], [ -72.754923599999415, 41.64236349999927 ], [ -72.754935599999428, 41.642355499999276 ], [ -72.754943699999416, 41.642346399999276 ], [ -72.754955699999414, 41.642326399999277 ], [ -72.754961099999434, 41.64231639999926 ], [ -72.754969199999422, 41.642294299999278 ], [ -72.754973199999412, 41.642263299999264 ], [ -72.754981199999435, 41.642242199999266 ], [ -72.754983899999431, 41.642231199999266 ], [ -72.755001299999435, 41.642189099999278 ], [ -72.755024099999432, 41.642161999999274 ], [ -72.755033499999428, 41.642153999999266 ], [ -72.75504159999943, 41.642145999999265 ], [ -72.75505229999942, 41.642123999999271 ], [ -72.755060299999414, 41.642104899999268 ], [ -72.755065699999435, 41.642093899999274 ], [ -72.755069699999424, 41.642083899999271 ], [ -72.75507239999942, 41.642072799999283 ], [ -72.755073799999423, 41.642061799999276 ], [ -72.755073799999423, 41.642051799999265 ], [ -72.755071099999412, 41.642042799999281 ], [ -72.755061699999416, 41.642022699999266 ], [ -72.755056299999424, 41.642013699999268 ], [ -72.755046899999428, 41.641993699999276 ], [ -72.755040199999414, 41.641983599999286 ], [ -72.755033499999413, 41.641970599999269 ], [ -72.755025499999419, 41.641961599999277 ], [ -72.755018799999419, 41.641950599999277 ], [ -72.754971799999439, 41.641868399999275 ], [ -72.75496379999943, 41.641858399999272 ], [ -72.75495709999943, 41.641847299999277 ], [ -72.754935599999428, 41.641819299999291 ], [ -72.754923599999415, 41.641799199999262 ], [ -72.75484309999942, 41.641673999999263 ], [ -72.754825699999429, 41.641651899999268 ], [ -72.754816299999419, 41.641638899999265 ], [ -72.754809599999419, 41.641627799999277 ], [ -72.75477869999942, 41.641592799999266 ], [ -72.754763999999398, 41.64157369999927 ], [ -72.754755899999424, 41.641564699999279 ], [ -72.754704999999433, 41.641542699999277 ], [ -72.754692899999412, 41.641538699999266 ], [ -72.754680799999434, 41.641535599999273 ], [ -72.754668699999428, 41.641529599999281 ], [ -72.754648599999413, 41.641516599999271 ], [ -72.754639199999431, 41.641507599999265 ], [ -72.75460299999942, 41.641459499999264 ], [ -72.754598999999416, 41.64142739999928 ], [ -72.754598999999416, 41.641395299999274 ], [ -72.754619099999417, 41.641311099999271 ], [ -72.754621799999413, 41.641297099999278 ], [ -72.754627199999433, 41.64127509999927 ], [ -72.754628499999413, 41.641264999999272 ], [ -72.754628499999413, 41.64123199999927 ], [ -72.754627199999419, 41.641218899999274 ], [ -72.754601699999427, 41.641157799999277 ], [ -72.754594999999426, 41.641146799999277 ], [ -72.754586899999424, 41.641137799999278 ], [ -72.754573499999424, 41.64111769999927 ], [ -72.75456549999943, 41.641108699999272 ], [ -72.754560099999438, 41.641098699999276 ], [ -72.754550699999413, 41.641076599999273 ], [ -72.754545399999415, 41.64106559999928 ], [ -72.754495699999424, 41.640925299999275 ], [ -72.754488999999424, 41.640915299999271 ], [ -72.754480999999416, 41.640894199999266 ], [ -72.754475599999424, 41.640883199999273 ], [ -72.75447159999942, 41.640871199999268 ], [ -72.754459499999413, 41.640841099999271 ], [ -72.754452799999413, 41.640828099999261 ], [ -72.75440319999943, 41.640665699999282 ], [ -72.754391099999438, 41.640634599999267 ], [ -72.754387099999434, 41.640625599999275 ], [ -72.754345499999417, 41.640514399999276 ] ], [ [ -72.753684999999436, 41.640370499999285 ], [ -72.753683699999414, 41.640360999999274 ], [ -72.753684399999429, 41.640344999999279 ], [ -72.75369579999942, 41.640321399999266 ], [ -72.753703099999413, 41.640313399999272 ], [ -72.753709899999421, 41.640309399999275 ], [ -72.753725899999438, 41.640304399999273 ], [ -72.753733999999412, 41.640302399999271 ], [ -72.753764799999431, 41.640302399999278 ], [ -72.753770899999424, 41.640305899999277 ], [ -72.753777599999424, 41.640308899999283 ], [ -72.753784299999438, 41.640312899999266 ], [ -72.75379769999941, 41.640322899999262 ], [ -72.753808399999414, 41.640332999999259 ], [ -72.75381979999942, 41.640350999999278 ], [ -72.753821799999415, 41.640356499999278 ], [ -72.75382249999943, 41.640361999999271 ], [ -72.753821199999436, 41.640367499999279 ], [ -72.753819199999413, 41.640372499999266 ], [ -72.753813099999419, 41.640384099999274 ], [ -72.753804399999439, 41.64039409999927 ], [ -72.753798999999432, 41.640398099999274 ], [ -72.753762199999429, 41.640417599999275 ], [ -72.753756099999421, 41.640420199999269 ], [ -72.753744099999437, 41.640424199999266 ], [ -72.753736699999436, 41.64042569999927 ], [ -72.753704499999415, 41.640411599999275 ], [ -72.753690399999414, 41.640393599999278 ], [ -72.753684999999436, 41.640370499999285 ] ], [ [ -72.754220799999402, 41.64152109999926 ], [ -72.75421139999942, 41.641512099999275 ], [ -72.754201399999431, 41.641498599999274 ], [ -72.75419799999942, 41.641492999999272 ], [ -72.75419399999943, 41.64147749999929 ], [ -72.754192699999422, 41.641462999999284 ], [ -72.754194699999417, 41.641458499999274 ], [ -72.754203399999412, 41.641449499999283 ], [ -72.754214099999416, 41.641441899999279 ], [ -72.754246999999424, 41.641437399999283 ], [ -72.754255699999419, 41.641439399999285 ], [ -72.75427179999943, 41.641441899999279 ], [ -72.754286499999438, 41.64144899999927 ], [ -72.754313399999418, 41.641468999999276 ], [ -72.754316699999436, 41.64147399999927 ], [ -72.754321399999412, 41.641485499999277 ], [ -72.754320099999418, 41.641490999999284 ], [ -72.754317399999437, 41.641496099999273 ], [ -72.754296599999421, 41.641511099999263 ], [ -72.754283199999435, 41.641517599999268 ], [ -72.754270399999413, 41.64152259999927 ], [ -72.754256999999413, 41.641525099999278 ], [ -72.754220799999402, 41.64152109999926 ] ] ] } },
{ "type": "Feature", "properties": { "name": "Pelikane", "name_norm": "pelikane", "natural": "water", "water": "pond", "wikidata": null, "area_sqkm": 0.00089251609838243077, "centroid_lon": 13.524471414534714, "centroid_lat": 52.503258458912363 }, "geometry": { "type": "Polygon", "coordinates": [ [ [ 13.5250681, 52.5034133 ], [ 13.5238574, 52.5031695 ], [ 13.5238194, 52.503182 ], [ 13.5237979, 52.503184 ], [ 13.5237472, 52.5031766 ], [ 13.5237152, 52.5031588 ], [ 13.5237013, 52.5031404 ], [ 13.5236981, 52.5031233 ], [ 13.5237075, 52.5031001 ], [ 13.5237275, 52.5030832 ], [ 13.523764, 52.5030697 ], [ 13.5237902, 52.5030668 ], [ 13.5238419, 52.5030745 ], [ 13.5238617, 52.5030837 ], [ 13.5238828, 52.5031028 ], [ 13.5251011, 52.5033504 ], [ 13.5251538, 52.5033387 ], [ 13.5252175, 52.5033516 ], [ 13.5252312, 52.5033599 ], [ 13.525239, 52.5033667 ], [ 13.5252489, 52.5033808 ], [ 13.5252523, 52.50339360000001 ], [ 13.5252506, 52.5034072 ], [ 13.5252422, 52.503422299999983 ], [ 13.5252259, 52.5034362 ], [ 13.5252045, 52.5034463 ], [ 13.525178, 52.5034525 ], [ 13.5251476, 52.503453399999984 ], [ 13.5251277, 52.5034507 ], [ 13.5251007, 52.5034419 ], [ 13.5250781, 52.5034267 ], [ 13.5250681, 52.5034133 ] ] ] } },
{ "type": "Feature", "properties": { "name": "Merwins Pond", "name_norm": "merwins pond", "natural": "water", "water": "lake", "wikidata": null, "area_sqkm": 0.32699417815764875, "centroid_lon": -72.75749095609477, "centroid_lat": 41.640083132195016 }, "geometry": { "type": "Polygon", "coordinates": [ [ [ -72.758095899999404, 41.638633599999267 ], [ -72.758063699999411, 41.638632099999271 ], [ -72.758056999999411, 41.638633599999267 ], [ -72.758050999999426, 41.63863609999926 ], [ -72.758046299999407, 41.638640099999279 ], [ -72.758032899999421, 41.638648699999266 ], [ -72.758025499999434, 41.638654199999266 ], [ -72.758003399999424, 41.638678699999275 ], [ -72.757994699999415, 41.63868919999927 ], [ -72.757990699999411, 41.63869529999927 ], [ -72.757975199999436, 41.63872079999927 ], [ -72.757934299999434, 41.638795999999274 ], [ -72.75793029999943, 41.638807499999267 ], [ -72.757922899999414, 41.638817999999262 ], [ -72.757909499999414, 41.638841099999276 ], [ -72.757888699999413, 41.638873699999266 ], [ -72.757886099999396, 41.638878699999275 ], [ -72.757876699999429, 41.638892699999275 ], [ -72.757871999999438, 41.638902699999271 ], [ -72.757867899999411, 41.638915299999269 ], [ -72.757869999999429, 41.638920799999262 ], [ -72.757875299999412, 41.638925299999272 ], [ -72.757881999999427, 41.638928799999285 ], [ -72.757898799999424, 41.638934799999276 ], [ -72.757913499999418, 41.638938799999273 ], [ -72.757920299999412, 41.638941299999274 ], [ -72.757924899999423, 41.638947299999273 ], [ -72.757921599999435, 41.638958399999254 ], [ -72.757918899999439, 41.638963399999263 ], [ -72.757898099999437, 41.638985399999271 ], [ -72.757883999999422, 41.63899439999927 ], [ -72.757878699999424, 41.638998999999259 ], [ -72.757855899999413, 41.639015999999273 ], [ -72.757849199999413, 41.639019999999277 ], [ -72.757844499999436, 41.639023499999269 ], [ -72.757837799999422, 41.63902699999926 ], [ -72.757831699999414, 41.639028999999276 ], [ -72.757804899999414, 41.639039999999277 ], [ -72.757669499999437, 41.639056099999273 ], [ -72.757662799999437, 41.639056599999272 ], [ -72.757648699999422, 41.639059599999271 ], [ -72.757642599999414, 41.639061599999273 ], [ -72.757635299999421, 41.639062599999271 ], [ -72.757580299999418, 41.639068099999278 ], [ -72.757574199999425, 41.639067099999274 ], [ -72.757568199999412, 41.639064599999266 ], [ -72.757561499999412, 41.639061099999267 ], [ -72.757552099999415, 41.639053599999265 ], [ -72.757542699999433, 41.63904249999927 ], [ -72.757531999999429, 41.639031999999276 ], [ -72.757525999999416, 41.639027999999271 ], [ -72.757506499999423, 41.639009999999274 ], [ -72.757499099999436, 41.639000999999276 ], [ -72.757495799999433, 41.638995399999267 ], [ -72.757493799999438, 41.638989899999274 ], [ -72.757493099999422, 41.638984899999265 ], [ -72.757491099999399, 41.638978899999266 ], [ -72.757490399999426, 41.63897189999927 ], [ -72.757488399999431, 41.638960899999283 ], [ -72.757488399999417, 41.638932799999267 ], [ -72.757490399999412, 41.638921299999268 ], [ -72.757490399999398, 41.638904699999266 ], [ -72.757484399999427, 41.638896199999273 ], [ -72.757472999999408, 41.638868199999273 ], [ -72.757470299999426, 41.63885559999926 ], [ -72.757470299999426, 41.638844599999267 ], [ -72.757469599999411, 41.638838599999275 ], [ -72.757460899999415, 41.638799499999266 ], [ -72.757460899999415, 41.638775399999282 ], [ -72.757462299999418, 41.638751899999257 ], [ -72.757462299999418, 41.638739899999266 ], [ -72.757463599999411, 41.63872929999927 ], [ -72.757464899999434, 41.638723799999269 ], [ -72.757469599999425, 41.638713799999273 ], [ -72.757475699999418, 41.638697799999278 ], [ -72.757483699999426, 41.638687699999274 ], [ -72.757488399999417, 41.638678699999275 ], [ -72.757494499999424, 41.638662199999274 ], [ -72.757494499999439, 41.638657199999258 ], [ -72.757492399999435, 41.638652699999277 ], [ -72.757486399999422, 41.63864359999927 ], [ -72.757483099999419, 41.638639599999273 ], [ -72.757476999999412, 41.638635599999262 ], [ -72.757470299999412, 41.638633599999274 ], [ -72.75744149999943, 41.638633599999274 ], [ -72.75743479999943, 41.638634099999265 ], [ -72.757419999999414, 41.63863959999928 ], [ -72.757413999999429, 41.638643099999271 ], [ -72.757406599999427, 41.638646199999272 ], [ -72.757399899999413, 41.638646199999265 ], [ -72.757391899999419, 41.638641599999268 ], [ -72.757387799999421, 41.638637099999265 ], [ -72.757385199999433, 41.638633099999275 ], [ -72.757383799999417, 41.638628099999274 ], [ -72.757372399999426, 41.638596999999258 ], [ -72.757371099999418, 41.638591999999271 ], [ -72.757368399999422, 41.638587499999275 ], [ -72.757366999999434, 41.638582499999274 ], [ -72.757362399999423, 41.63857249999927 ], [ -72.75736099999942, 41.638562499999267 ], [ -72.757359699999412, 41.638533899999281 ], [ -72.757360999999435, 41.638528899999272 ], [ -72.75736499999941, 41.638518899999269 ], [ -72.75736969999943, 41.638514399999259 ], [ -72.757374399999421, 41.638510799999281 ], [ -72.757380499999428, 41.638507299999283 ], [ -72.757399899999413, 41.638498799999269 ], [ -72.757406599999413, 41.638496299999282 ], [ -72.757413999999415, 41.638493799999274 ], [ -72.757421399999416, 41.638492299999271 ], [ -72.757442799999424, 41.638486299999272 ], [ -72.75745619999941, 41.638481299999277 ], [ -72.757521899999432, 41.63848029999928 ], [ -72.757560199999418, 41.638489299999279 ], [ -72.757576299999414, 41.638492299999271 ], [ -72.757601699999412, 41.638495799999269 ], [ -72.757617199999416, 41.638495799999276 ], [ -72.757623899999416, 41.638494799999279 ], [ -72.757630599999416, 41.638492299999264 ], [ -72.757662799999437, 41.638472299999279 ], [ -72.757664799999418, 41.638466699999277 ], [ -72.757666099999412, 41.63845569999927 ], [ -72.757667499999428, 41.638449699999278 ], [ -72.757667499999428, 41.638439199999276 ], [ -72.757676199999423, 41.638393099999277 ], [ -72.757676799999416, 41.638381499999284 ], [ -72.757682199999437, 41.638358499999278 ], [ -72.757688899999422, 41.638301399999278 ], [ -72.75769029999941, 41.638285299999275 ], [ -72.757691599999404, 41.63827879999927 ], [ -72.757692899999412, 41.638267299999278 ], [ -72.757692899999427, 41.638256799999262 ], [ -72.757689599999424, 41.638246699999279 ], [ -72.757693599999428, 41.638174099999276 ], [ -72.757693599999399, 41.638157499999267 ], [ -72.757692899999412, 41.638151999999273 ], [ -72.757678899999419, 41.63812499999927 ], [ -72.757674199999428, 41.638121499999272 ], [ -72.757668099999421, 41.638118499999266 ], [ -72.757660099999413, 41.638116399999276 ], [ -72.757651399999432, 41.63811489999928 ], [ -72.757636599999415, 41.638113399999277 ], [ -72.757627199999419, 41.638112899999271 ], [ -72.757606399999418, 41.638110399999277 ], [ -72.757596399999414, 41.638108899999274 ], [ -72.757580299999432, 41.638105399999269 ], [ -72.757566199999417, 41.638100899999259 ], [ -72.757556799999435, 41.638097399999275 ], [ -72.757538699999429, 41.638089399999259 ], [ -72.75752599999943, 41.638082399999277 ], [ -72.757515899999433, 41.638073799999276 ], [ -72.757511899999429, 41.638069299999287 ], [ -72.757505799999436, 41.638060799999273 ], [ -72.757465599999435, 41.63801369999927 ], [ -72.757462299999432, 41.638009199999281 ], [ -72.75745619999941, 41.637998699999272 ], [ -72.757452899999436, 41.637990699999285 ], [ -72.757444799999405, 41.637951599999269 ], [ -72.757444199999398, 41.637945099999286 ], [ -72.757444799999433, 41.63793949999927 ], [ -72.757449499999424, 41.637927499999279 ], [ -72.757452899999436, 41.637922499999277 ], [ -72.757456899999426, 41.637917999999267 ], [ -72.757461599999431, 41.637913499999279 ], [ -72.757474999999417, 41.637904999999279 ], [ -72.757489099999404, 41.637894399999276 ], [ -72.757499799999408, 41.63788389999926 ], [ -72.757503799999427, 41.637878899999272 ], [ -72.757507199999424, 41.637873399999265 ], [ -72.757526599999423, 41.63783229999926 ], [ -72.757526599999423, 41.637801199999267 ], [ -72.757523999999435, 41.637791199999278 ], [ -72.757511899999415, 41.637759099999272 ], [ -72.757507899999425, 41.637750099999273 ], [ -72.75750119999941, 41.637741099999282 ], [ -72.757490399999412, 41.637722999999269 ], [ -72.757486399999436, 41.63771299999928 ], [ -72.757480999999416, 41.637703999999275 ], [ -72.757478399999428, 41.637693999999257 ], [ -72.757472999999436, 41.637681999999259 ], [ -72.75746759999943, 41.63766289999927 ], [ -72.757466299999436, 41.637651899999277 ], [ -72.75746089999943, 41.637631799999262 ], [ -72.757455599999417, 41.637621799999273 ], [ -72.757448899999432, 41.637612799999275 ], [ -72.757439499999435, 41.637605799999271 ], [ -72.757432799999435, 41.63759779999927 ], [ -72.757424699999419, 41.637589699999261 ], [ -72.757417999999419, 41.637579699999257 ], [ -72.757407299999429, 41.637562699999265 ], [ -72.757404599999433, 41.637552699999276 ], [ -72.757399199999412, 41.637543599999283 ], [ -72.757395199999422, 41.637533599999273 ], [ -72.757389799999416, 41.637524599999274 ], [ -72.757381799999436, 41.63751659999928 ], [ -72.757354999999421, 41.63749349999928 ], [ -72.757332199999425, 41.637470499999267 ], [ -72.757320099999433, 41.637453399999274 ], [ -72.757313399999418, 41.637445399999265 ], [ -72.75729859999943, 41.63740929999927 ], [ -72.757293299999432, 41.637399299999274 ], [ -72.757286599999418, 41.637390299999268 ], [ -72.757274499999411, 41.637386299999285 ], [ -72.757261099999411, 41.637383299999279 ], [ -72.757247699999411, 41.637381299999269 ], [ -72.7572047999994, 41.63737829999927 ], [ -72.757191399999428, 41.63737829999927 ], [ -72.757164499999419, 41.637380299999279 ], [ -72.757151099999419, 41.637380299999265 ], [ -72.757137699999419, 41.637382299999267 ], [ -72.757112199999426, 41.637391299999265 ], [ -72.757100199999428, 41.637397299999265 ], [ -72.757090799999432, 41.637404299999268 ], [ -72.757033099999433, 41.637440399999271 ], [ -72.757010299999422, 41.637453399999274 ], [ -72.756998199999416, 41.637461499999269 ], [ -72.756986199999432, 41.637468499999279 ], [ -72.756952599999423, 41.637493499999252 ], [ -72.756941899999418, 41.637502499999265 ], [ -72.756813199999414, 41.637601799999274 ], [ -72.756790399999417, 41.637616799999272 ], [ -72.756766199999419, 41.637630799999272 ], [ -72.756742099999428, 41.637642899999278 ], [ -72.756731399999438, 41.637649899999275 ], [ -72.756703199999421, 41.637664899999265 ], [ -72.756664299999429, 41.637683999999261 ], [ -72.756597299999427, 41.637728099999272 ], [ -72.756583799999433, 41.637736099999273 ], [ -72.756571799999421, 41.637744099999274 ], [ -72.756554299999422, 41.637759099999265 ], [ -72.756434999999414, 41.637848299999277 ], [ -72.756422899999421, 41.63785539999926 ], [ -72.756410799999429, 41.637863399999276 ], [ -72.756385399999417, 41.637884399999265 ], [ -72.756351799999422, 41.637913499999271 ], [ -72.756339799999424, 41.637922499999277 ], [ -72.756326299999429, 41.637933499999278 ], [ -72.756311599999421, 41.637943599999261 ], [ -72.756300899999417, 41.637952599999267 ], [ -72.756291499999421, 41.637960599999282 ], [ -72.756282099999424, 41.637969599999273 ], [ -72.756272699999414, 41.637979599999277 ], [ -72.756236499999432, 41.638010699999278 ], [ -72.756227099999435, 41.638019699999276 ], [ -72.756208299999429, 41.638035799999258 ], [ -72.756196299999417, 41.638043799999274 ], [ -72.75618689999942, 41.63805079999927 ], [ -72.756177499999424, 41.638058799999271 ], [ -72.756110399999415, 41.638111899999274 ], [ -72.756098399999431, 41.638117999999267 ], [ -72.75608499999943, 41.638119999999276 ], [ -72.756041999999411, 41.638119999999269 ], [ -72.756013899999417, 41.638117999999281 ], [ -72.756000499999402, 41.638120999999273 ], [ -72.755989699999432, 41.638126999999265 ], [ -72.755980299999436, 41.638133999999269 ], [ -72.755969599999432, 41.638138999999263 ], [ -72.755958899999413, 41.638145999999274 ], [ -72.755949499999417, 41.63815499999928 ], [ -72.755940099999421, 41.638165099999284 ], [ -72.755933399999435, 41.638174099999269 ], [ -72.755923999999425, 41.638184099999272 ], [ -72.755910599999424, 41.638202099999276 ], [ -72.755891799999418, 41.638220199999274 ], [ -72.755871699999418, 41.638235199999272 ], [ -72.755859599999411, 41.638243199999273 ], [ -72.755757699999407, 41.638329399999272 ], [ -72.755741599999411, 41.638345499999268 ], [ -72.755730899999435, 41.638353499999269 ], [ -72.755722899999412, 41.638362499999268 ], [ -72.755709399999418, 41.638381599999285 ], [ -72.755666499999435, 41.638423599999278 ], [ -72.755657099999411, 41.638431699999273 ], [ -72.755649099999431, 41.638440699999265 ], [ -72.755639699999421, 41.638448699999273 ], [ -72.755628999999431, 41.638455699999277 ], [ -72.75561959999942, 41.638464699999261 ], [ -72.75560889999943, 41.638472799999278 ], [ -72.755599499999434, 41.638481799999269 ], [ -72.755590099999438, 41.638491799999279 ], [ -72.755573999999427, 41.638518899999283 ], [ -72.755563599999419, 41.638538799999282 ], [ -72.75554579999941, 41.638572999999283 ], [ -72.75553909999941, 41.638581999999275 ], [ -72.75553109999943, 41.638589999999269 ], [ -72.755520299999432, 41.63859499999927 ], [ -72.755506899999432, 41.638597999999277 ], [ -72.755465399999423, 41.63859799999927 ], [ -72.755449299999412, 41.638596999999272 ], [ -72.755422399999418, 41.638596999999258 ], [ -72.755407699999424, 41.63859799999927 ], [ -72.755317799999403, 41.63859799999927 ], [ -72.755303099999409, 41.638599999999279 ], [ -72.755197099999421, 41.638584999999274 ], [ -72.755170299999435, 41.638582999999272 ], [ -72.755158199999428, 41.638586999999276 ], [ -72.755144799999428, 41.638589999999276 ], [ -72.755101899999431, 41.638613099999269 ], [ -72.755093899999437, 41.638622099999274 ], [ -72.755084499999413, 41.638629099999264 ], [ -72.755075099999431, 41.638637099999272 ], [ -72.755062999999424, 41.638645099999273 ], [ -72.755048299999416, 41.638653199999276 ], [ -72.755033499999413, 41.638659199999267 ], [ -72.755020099999413, 41.638663199999279 ], [ -72.754991899999411, 41.638675199999277 ], [ -72.754900799999405, 41.638710299999268 ], [ -72.754875299999426, 41.638716299999288 ], [ -72.754786799999422, 41.638746399999263 ], [ -72.754775999999438, 41.638751399999272 ], [ -72.754766599999414, 41.638758399999269 ], [ -72.754755899999438, 41.638765399999265 ], [ -72.754746499999413, 41.638773399999266 ], [ -72.754738499999405, 41.638782499999273 ], [ -72.754729099999437, 41.638790499999281 ], [ -72.754718399999419, 41.638797499999285 ], [ -72.754708999999437, 41.638805499999272 ], [ -72.754692899999426, 41.638823599999277 ], [ -72.754684799999424, 41.638834599999278 ], [ -72.754661999999414, 41.638853599999251 ], [ -72.754649999999415, 41.638859599999286 ], [ -72.754639199999417, 41.638866699999276 ], [ -72.754629899999415, 41.638874699999278 ], [ -72.754479599999414, 41.638978899999266 ], [ -72.754458199999419, 41.638992899999273 ], [ -72.754447499999415, 41.639000999999283 ], [ -72.754438099999433, 41.639009999999274 ], [ -72.754424699999433, 41.639038999999272 ], [ -72.754419299999427, 41.639060099999277 ], [ -72.75441389999942, 41.639069099999269 ], [ -72.754407199999434, 41.639078099999274 ], [ -72.75440319999943, 41.639088199999271 ], [ -72.754399199999398, 41.639113199999265 ], [ -72.754399199999426, 41.639118699999273 ], [ -72.754403899999431, 41.639144299999273 ], [ -72.754431399999419, 41.639220999999282 ], [ -72.754436099999424, 41.639243499999267 ], [ -72.754436699999431, 41.639250499999271 ], [ -72.754439399999413, 41.639256499999277 ], [ -72.754461499999422, 41.639341199999258 ], [ -72.754463599999426, 41.639353299999286 ], [ -72.754473599999415, 41.639388299999261 ], [ -72.754474999999431, 41.63939629999927 ], [ -72.75447429999943, 41.639450499999278 ], [ -72.754476299999425, 41.639462999999274 ], [ -72.754481699999417, 41.639477999999272 ], [ -72.754490999999433, 41.639497099999268 ], [ -72.754493699999415, 41.639504599999285 ], [ -72.754496399999425, 41.639519599999268 ], [ -72.754497799999427, 41.639533199999278 ], [ -72.754501799999431, 41.639550699999276 ], [ -72.754505099999434, 41.63956169999927 ], [ -72.75451179999942, 41.639589299999265 ], [ -72.754513799999415, 41.639594299999267 ], [ -72.754590999999422, 41.639752699999278 ], [ -72.75459629999942, 41.63976269999926 ], [ -72.754609699999421, 41.639780699999271 ], [ -72.754649999999415, 41.639857899999278 ], [ -72.754661999999428, 41.639892999999283 ], [ -72.754672799999426, 41.639912999999268 ], [ -72.754696899999431, 41.639977199999272 ], [ -72.754703599999431, 41.639988199999266 ], [ -72.754718399999419, 41.640007199999275 ], [ -72.75479609999941, 41.640046299999277 ], [ -72.754826999999409, 41.640052299999276 ], [ -72.755135399999403, 41.640072399999269 ], [ -72.75515019999942, 41.640073399999267 ], [ -72.755166299999431, 41.640075399999276 ], [ -72.755180999999425, 41.640075399999283 ], [ -72.755229299999414, 41.640081399999261 ], [ -72.755386199999421, 41.640092399999276 ], [ -72.755400999999424, 41.640095399999275 ], [ -72.755417099999434, 41.640097399999284 ], [ -72.755455999999413, 41.640108499999272 ], [ -72.755467999999439, 41.640115499999283 ], [ -72.755478799999437, 41.64012349999927 ], [ -72.755492199999409, 41.640129499999276 ], [ -72.755502899999428, 41.640136499999272 ], [ -72.755564599999417, 41.640163599999269 ], [ -72.755594099999428, 41.640173599999265 ], [ -72.75560219999943, 41.640175599999282 ], [ -72.755609499999437, 41.640178099999282 ], [ -72.755618899999419, 41.640179599999279 ], [ -72.75599779999942, 41.640204199999268 ], [ -72.756005199999422, 41.640205199999265 ], [ -72.756013199999416, 41.640205699999271 ], [ -72.75601989999943, 41.640207199999253 ], [ -72.756074199999418, 41.640213199999259 ], [ -72.756090999999429, 41.640212199999269 ], [ -72.756105699999424, 41.640209699999275 ], [ -72.756113099999411, 41.640208199999272 ], [ -72.756119799999425, 41.640206199999277 ], [ -72.756155399999429, 41.64019919999928 ], [ -72.756219699999406, 41.640191099999271 ], [ -72.756230499999418, 41.640191099999278 ], [ -72.756245899999428, 41.640189099999269 ], [ -72.756261999999424, 41.640188099999278 ], [ -72.756349799999427, 41.640178599999274 ], [ -72.756367899999404, 41.640177099999278 ], [ -72.75638469999943, 41.640176599999272 ], [ -72.756408199999427, 41.640176599999279 ], [ -72.756432999999419, 41.640178099999275 ], [ -72.75648259999943, 41.640182099999265 ], [ -72.756489999999431, 41.640183599999268 ], [ -72.756497999999411, 41.64018459999928 ], [ -72.756514799999422, 41.64018559999927 ], [ -72.756612699999422, 41.640196699999265 ], [ -72.756643499999427, 41.640200699999269 ], [ -72.756650199999427, 41.640202199999266 ], [ -72.756670299999413, 41.64020769999928 ], [ -72.75667569999942, 41.640211199999278 ], [ -72.75667839999943, 41.640216199999266 ], [ -72.756675699999434, 41.640220699999276 ], [ -72.756670299999428, 41.640224199999274 ], [ -72.756650199999427, 41.640233199999265 ], [ -72.756640199999438, 41.640235699999273 ], [ -72.756624099999428, 41.64023869999928 ], [ -72.756613999999416, 41.64023969999927 ], [ -72.75658719999943, 41.640240699999282 ], [ -72.756516799999417, 41.640241799999266 ], [ -72.756468499999414, 41.640243799999269 ], [ -72.756436299999422, 41.640245799999271 ], [ -72.756417499999415, 41.640247299999274 ], [ -72.756402799999435, 41.640249299999276 ], [ -72.756395399999434, 41.640249799999275 ], [ -72.756289499999411, 41.640263299999269 ], [ -72.756273399999415, 41.640264799999279 ], [ -72.756265999999414, 41.640266299999276 ], [ -72.756241899999438, 41.640269299999268 ], [ -72.756227799999436, 41.640269799999274 ], [ -72.75621969999942, 41.640270799999271 ], [ -72.75611509999942, 41.640273299999279 ], [ -72.756088999999434, 41.640274799999268 ], [ -72.756072199999423, 41.64027529999926 ], [ -72.756050099999413, 41.64027529999926 ], [ -72.755954899999438, 41.640266299999261 ], [ -72.755936099999417, 41.640265799999277 ], [ -72.755895199999415, 41.640263299999283 ], [ -72.755872399999433, 41.640262299999279 ], [ -72.755849599999422, 41.640262299999272 ], [ -72.755715499999425, 41.640259799999278 ], [ -72.755703399999433, 41.640258799999266 ], [ -72.755683299999419, 41.640256299999265 ], [ -72.755620899999414, 41.640249799999268 ], [ -72.755535099999435, 41.640238199999267 ], [ -72.755506299999425, 41.640233699999278 ], [ -72.755441199999424, 41.640225199999286 ], [ -72.755422399999418, 41.640224699999273 ], [ -72.755386199999407, 41.640217699999262 ], [ -72.755362099999417, 41.640214199999285 ], [ -72.755340599999414, 41.640209699999275 ], [ -72.75532589999942, 41.640204699999273 ], [ -72.755299699999426, 41.640198699999281 ], [ -72.755223299999429, 41.640175599999274 ], [ -72.755175699999427, 41.640166099999277 ], [ -72.755168299999426, 41.640164099999282 ], [ -72.755158199999414, 41.640162099999273 ], [ -72.755120699999424, 41.640155599999268 ], [ -72.755007399999414, 41.640131499999271 ], [ -72.754969799999415, 41.640123999999261 ], [ -72.754932899999403, 41.640117999999276 ], [ -72.75485649999942, 41.640109499999276 ], [ -72.754849099999419, 41.640108999999278 ], [ -72.754834999999431, 41.640108999999271 ], [ -72.754820999999438, 41.640107999999273 ], [ -72.754779399999407, 41.640107999999266 ], [ -72.754765999999421, 41.640110999999266 ], [ -72.754756599999411, 41.640119999999271 ], [ -72.75475459999943, 41.640124999999273 ], [ -72.754753899999429, 41.64013049999928 ], [ -72.754755199999423, 41.640135999999281 ], [ -72.754763299999411, 41.640145999999262 ], [ -72.754775999999438, 41.640154599999292 ], [ -72.754782099999431, 41.640158099999283 ], [ -72.754792799999422, 41.640166599999276 ], [ -72.754800799999416, 41.640176099999266 ], [ -72.754824299999413, 41.640209199999276 ], [ -72.754828999999432, 41.640214199999292 ], [ -72.754846399999437, 41.640240199999276 ], [ -72.754871199999414, 41.640295399999275 ], [ -72.754877299999436, 41.640311399999277 ], [ -72.754879999999432, 41.640316899999284 ], [ -72.754885999999431, 41.640333999999285 ], [ -72.754896699999421, 41.640388099999271 ], [ -72.754896699999421, 41.640394099999284 ], [ -72.75489869999943, 41.640410099999279 ], [ -72.754900099999418, 41.640416099999278 ], [ -72.754905399999416, 41.640454699999282 ], [ -72.754907499999433, 41.640459699999269 ], [ -72.754916799999407, 41.640477799999267 ], [ -72.754933599999433, 41.640514399999269 ], [ -72.754937599999423, 41.640521899999285 ], [ -72.754946399999412, 41.640535899999286 ], [ -72.755064399999426, 41.640757899999258 ], [ -72.755077799999412, 41.640776999999275 ], [ -72.755136799999434, 41.640852099999272 ], [ -72.75514349999942, 41.640862099999268 ], [ -72.7551514999994, 41.640871199999268 ], [ -72.755162299999412, 41.640891199999281 ], [ -72.755168999999427, 41.640901199999277 ], [ -72.755202499999427, 41.640955399999278 ], [ -72.755218599999424, 41.640986399999271 ], [ -72.755226599999418, 41.640995399999277 ], [ -72.755246799999426, 41.641024499999276 ], [ -72.755257499999416, 41.64103249999927 ], [ -72.755269599999437, 41.64103949999928 ], [ -72.755297699999431, 41.641051599999273 ], [ -72.75531249999942, 41.641054599999286 ], [ -72.75532589999942, 41.641058599999262 ], [ -72.755379499999435, 41.641068599999272 ], [ -72.755395599999432, 41.641068599999272 ], [ -72.755410399999434, 41.641067599999282 ], [ -72.755425099999414, 41.641063599999285 ], [ -72.755441199999424, 41.641062599999273 ], [ -72.755474699999425, 41.641059599999267 ], [ -72.755489499999413, 41.641061599999276 ], [ -72.755504299999416, 41.641064599999261 ], [ -72.755532399999424, 41.641074599999278 ], [ -72.755560599999413, 41.641085599999272 ], [ -72.755573999999413, 41.641092699999284 ], [ -72.755584699999417, 41.641099699999266 ], [ -72.755596799999424, 41.641107699999282 ], [ -72.755618199999432, 41.64112369999927 ], [ -72.755643699999425, 41.641136799999281 ], [ -72.755671899999399, 41.64115279999929 ], [ -72.75568399999942, 41.64115779999927 ], [ -72.755698699999428, 41.641158799999268 ], [ -72.755713499999416, 41.641158799999268 ], [ -72.755729599999412, 41.64115779999927 ], [ -72.755760399999431, 41.641153799999266 ], [ -72.756007199999416, 41.641083599999263 ], [ -72.756031299999421, 41.641071599999265 ], [ -72.756084999999416, 41.64104959999927 ], [ -72.756125199999403, 41.641031499999279 ], [ -72.756138599999417, 41.641026499999278 ], [ -72.756224399999425, 41.640997399999264 ], [ -72.756239199999413, 41.640993399999267 ], [ -72.756251199999411, 41.64098839999928 ], [ -72.75626469999942, 41.640984399999276 ], [ -72.756290099999418, 41.640974399999273 ], [ -72.756367899999418, 41.64095129999928 ], [ -72.756410799999429, 41.640937299999273 ], [ -72.756438999999418, 41.640929299999279 ], [ -72.756491299999411, 41.640921299999263 ], [ -72.756507399999421, 41.64092129999927 ], [ -72.756523499999432, 41.640922299999275 ], [ -72.756538199999426, 41.640927299999269 ], [ -72.756550299999418, 41.640932299999271 ], [ -72.756578499999421, 41.640940299999272 ], [ -72.756591899999435, 41.640943299999279 ], [ -72.756607999999417, 41.640944299999276 ], [ -72.756657599999414, 41.640935299999278 ], [ -72.756669699999435, 41.640929299999286 ], [ -72.756681699999433, 41.640922299999275 ], [ -72.756692499999417, 41.640915299999271 ], [ -72.756717999999424, 41.640903199999272 ], [ -72.756746099999418, 41.640897199999259 ], [ -72.756762199999429, 41.640897199999266 ], [ -72.756776999999431, 41.64089819999927 ], [ -72.756805099999411, 41.640910199999283 ], [ -72.756815899999424, 41.640917299999259 ], [ -72.756827899999436, 41.640923299999272 ], [ -72.756841299999437, 41.640927299999262 ], [ -72.756856099999425, 41.640930299999269 ], [ -72.756856099999411, 41.64094129999927 ], [ -72.756854699999423, 41.640952299999277 ], [ -72.75684939999941, 41.640962399999275 ], [ -72.756839999999414, 41.640971399999259 ], [ -72.756829299999424, 41.640979399999267 ], [ -72.756817199999418, 41.640985399999273 ], [ -72.756805099999426, 41.640990399999268 ], [ -72.756775599999429, 41.641000499999272 ], [ -72.756763499999437, 41.641005499999274 ], [ -72.75674079999942, 41.641016499999274 ], [ -72.756728699999414, 41.641021499999283 ], [ -72.756703199999436, 41.641030499999282 ], [ -72.756629399999412, 41.641061599999283 ], [ -72.756603999999413, 41.64107059999926 ], [ -72.756581199999417, 41.64108359999927 ], [ -72.756501999999415, 41.641168799999278 ], [ -72.756493999999435, 41.641178799999274 ], [ -72.756484599999411, 41.64118789999926 ], [ -72.756468499999428, 41.641206899999275 ], [ -72.756452399999418, 41.641228999999271 ], [ -72.756444399999438, 41.641238999999274 ], [ -72.756351799999422, 41.641372299999276 ], [ -72.756334399999417, 41.641390299999259 ], [ -72.756328999999411, 41.641400299999269 ], [ -72.756273999999422, 41.641455499999282 ], [ -72.756263299999418, 41.641464499999266 ], [ -72.756255299999424, 41.641472499999281 ], [ -72.756236499999417, 41.641488499999284 ], [ -72.756228399999415, 41.641497599999262 ], [ -72.756086299999424, 41.641622799999276 ], [ -72.756078199999422, 41.641631899999275 ], [ -72.756064799999422, 41.64165089999927 ], [ -72.756024599999407, 41.641722099999278 ], [ -72.756021899999411, 41.641734099999269 ], [ -72.756020599999417, 41.641746099999281 ], [ -72.756017899999421, 41.64175609999927 ], [ -72.756017899999421, 41.641767199999265 ], [ -72.756016599999427, 41.641778199999273 ], [ -72.756015199999425, 41.641847299999277 ], [ -72.756013899999417, 41.641858399999286 ], [ -72.756013899999417, 41.641880399999266 ], [ -72.75601519999941, 41.641891399999288 ], [ -72.756017899999435, 41.641902499999262 ], [ -72.756055399999426, 41.641967599999269 ], [ -72.756076899999414, 41.641985599999266 ], [ -72.756092999999439, 41.642004699999276 ], [ -72.756164099999424, 41.642057799999279 ], [ -72.756213699999421, 41.642104899999268 ], [ -72.756221699999429, 41.642113899999273 ], [ -72.756232499999413, 41.642122899999272 ], [ -72.756279399999428, 41.642155999999268 ], [ -72.756292799999414, 41.642162999999272 ], [ -72.756316999999427, 41.642177099999266 ], [ -72.756392099999417, 41.642204099999276 ], [ -72.756410799999415, 41.642209099999263 ], [ -72.756428299999428, 41.642212099999263 ], [ -72.756441699999428, 41.642216199999268 ], [ -72.756455099999414, 41.642219199999275 ], [ -72.756520799999421, 41.642224199999269 ], [ -72.756560999999422, 41.642215199999278 ], [ -72.756587899999417, 41.642206099999271 ], [ -72.756601299999417, 41.642203099999278 ], [ -72.756679099999417, 41.642194099999266 ], [ -72.756695199999427, 41.642193099999275 ], [ -72.756742099999414, 41.642193099999261 ], [ -72.756831899999426, 41.642171099999267 ], [ -72.756845399999435, 41.64216499999926 ], [ -72.756873499999415, 41.642156999999273 ], [ -72.756996899999436, 41.642112899999276 ], [ -72.757007599999426, 41.642104899999268 ], [ -72.757019699999418, 41.642097899999285 ], [ -72.757033099999433, 41.642088899999273 ], [ -72.757045199999411, 41.642081899999283 ], [ -72.75712969999941, 41.642026699999278 ], [ -72.757141699999423, 41.642019699999281 ], [ -72.757155199999417, 41.642010699999275 ], [ -72.757180599999415, 41.641995699999264 ], [ -72.757192699999436, 41.641987599999283 ], [ -72.757452899999436, 41.641867399999285 ], [ -72.757468999999418, 41.641862399999276 ], [ -72.757480999999416, 41.641857399999267 ], [ -72.757498499999414, 41.641852299999272 ], [ -72.757513199999437, 41.641846299999266 ], [ -72.757527999999411, 41.641842299999276 ], [ -72.757806899999437, 41.641720099999276 ], [ -72.757833799999432, 41.641711999999266 ], [ -72.757881999999412, 41.641705999999267 ], [ -72.757916899999415, 41.641703999999265 ], [ -72.757932999999412, 41.641701999999277 ], [ -72.758036299999432, 41.641696999999276 ], [ -72.758050999999412, 41.64170099999928 ], [ -72.758067099999437, 41.641703999999272 ], [ -72.758095299999411, 41.641712999999271 ], [ -72.758152899999416, 41.641730099999265 ], [ -72.758163699999429, 41.641738099999266 ], [ -72.758168999999427, 41.641748099999262 ], [ -72.758170399999429, 41.641759099999284 ], [ -72.758170399999429, 41.641771199999276 ], [ -72.758167699999433, 41.641781199999279 ], [ -72.758159599999416, 41.641790199999271 ], [ -72.758150299999429, 41.641797199999267 ], [ -72.75813949999943, 41.641803199999273 ], [ -72.758113999999424, 41.641811299999269 ], [ -72.758103299999419, 41.641818299999258 ], [ -72.758103299999419, 41.641829299999287 ], [ -72.758108699999411, 41.641839299999283 ], [ -72.758120699999424, 41.641845299999268 ], [ -72.758135499999412, 41.641848299999275 ], [ -72.758151599999422, 41.64185029999927 ], [ -72.758166299999417, 41.641851299999274 ], [ -72.758258899999433, 41.641836299999277 ], [ -72.758273599999427, 41.64183229999928 ], [ -72.758286999999427, 41.641827299999271 ], [ -72.758300499999422, 41.641824299999271 ], [ -72.758343399999433, 41.64181229999928 ], [ -72.758356799999419, 41.641809299999274 ], [ -72.758370199999433, 41.641805199999268 ], [ -72.758399699999416, 41.641803199999281 ], [ -72.758415799999412, 41.641803199999266 ], [ -72.758429199999412, 41.64180719999927 ], [ -72.758438599999423, 41.641816299999284 ], [ -72.758442599999412, 41.641827299999271 ], [ -72.758453299999417, 41.64184729999927 ], [ -72.758462699999413, 41.641855399999272 ], [ -72.758474799999433, 41.641860399999281 ], [ -72.758509699999422, 41.64186939999928 ], [ -72.758541899999429, 41.641876399999269 ], [ -72.758556599999423, 41.641880399999266 ], [ -72.758571399999425, 41.641882399999275 ], [ -72.758594199999422, 41.641882399999261 ], [ -72.758608899999416, 41.641880399999266 ], [ -72.758623699999418, 41.641876399999269 ], [ -72.758734999999419, 41.641859399999269 ], [ -72.75879529999942, 41.64185539999928 ], [ -72.758894599999437, 41.641852299999265 ], [ -72.758910699999419, 41.641851299999274 ], [ -72.758925399999413, 41.641849299999279 ], [ -72.75895759999942, 41.641847299999277 ], [ -72.758974999999424, 41.641845299999268 ], [ -72.759039399999438, 41.641830299999278 ], [ -72.759052799999424, 41.641826299999273 ], [ -72.759066199999424, 41.64182329999926 ], [ -72.759114499999413, 41.641787199999278 ], [ -72.759125199999417, 41.641780199999275 ], [ -72.759134599999427, 41.641772199999266 ], [ -72.759272799999437, 41.641721099999273 ], [ -72.759284799999421, 41.641715999999278 ], [ -72.759311599999435, 41.64170599999926 ], [ -72.759434999999428, 41.641656899999276 ], [ -72.759448399999428, 41.641650899999277 ], [ -72.759460499999435, 41.641643899999266 ], [ -72.759472599999427, 41.641635899999272 ], [ -72.759484699999419, 41.641630899999278 ], [ -72.759574499999431, 41.641581699999264 ], [ -72.759587899999417, 41.641575699999272 ], [ -72.759599999999438, 41.641568699999276 ], [ -72.759610699999428, 41.641560699999268 ], [ -72.759626799999438, 41.641542699999277 ], [ -72.759632199999416, 41.641533599999278 ], [ -72.759637499999428, 41.641522599999277 ], [ -72.759638899999416, 41.641512599999274 ], [ -72.759638899999416, 41.641480499999268 ], [ -72.759641599999426, 41.641467499999273 ], [ -72.759645599999416, 41.641456499999258 ], [ -72.759648299999412, 41.641445399999284 ], [ -72.759701899999428, 41.641338199999275 ], [ -72.759709999999444, 41.641329199999277 ], [ -72.75971669999943, 41.641319199999266 ], [ -72.759727399999434, 41.641312099999269 ], [ -72.75980519999942, 41.641228999999285 ], [ -72.75982129999943, 41.641197899999277 ], [ -72.759827999999416, 41.641186899999276 ], [ -72.759834699999431, 41.641177799999276 ], [ -72.759842699999425, 41.641168799999285 ], [ -72.759849399999425, 41.641158799999268 ], [ -72.759872199999435, 41.641062599999273 ], [ -72.759885599999421, 41.641043499999277 ], [ -72.759893699999424, 41.641034499999279 ], [ -72.75990309999942, 41.641026499999278 ], [ -72.759972799999417, 41.640938299999277 ], [ -72.759984899999424, 41.640917299999266 ], [ -72.759992899999418, 41.640907199999283 ], [ -72.76001439999942, 41.640863099999265 ], [ -72.76002109999942, 41.640853099999276 ], [ -72.760027799999435, 41.640844099999285 ], [ -72.760092199999434, 41.640766899999285 ], [ -72.76010829999943, 41.640748899999281 ], [ -72.760117699999427, 41.640739899999268 ], [ -72.7601336999994, 41.640721799999277 ], [ -72.760143099999411, 41.640714799999266 ], [ -72.760277199999422, 41.640593499999277 ], [ -72.760314799999421, 41.640571499999268 ], [ -72.760328199999421, 41.640564499999272 ], [ -72.760340299999413, 41.640556499999278 ], [ -72.760526699999417, 41.640406099999254 ], [ -72.760536099999428, 41.640398099999267 ], [ -72.760549499999428, 41.640390099999273 ], [ -72.760570899999422, 41.64037199999926 ], [ -72.760660799999428, 41.640289899999274 ], [ -72.760675599999431, 41.640272799999266 ], [ -72.760682299999431, 41.64026179999928 ], [ -72.760695699999431, 41.640242799999278 ], [ -72.760700999999415, 41.640232699999274 ], [ -72.760745299999414, 41.640044299999282 ], [ -72.760746599999422, 41.640034299999272 ], [ -72.760749299999432, 41.640022299999274 ], [ -72.760749299999432, 41.640000199999271 ], [ -72.760747999999424, 41.639989199999256 ], [ -72.760747999999438, 41.639978199999277 ], [ -72.760743899999426, 41.639916999999279 ], [ -72.760739299999415, 41.639903999999262 ], [ -72.760734599999438, 41.639892999999276 ], [ -72.760731899999399, 41.639888499999273 ], [ -72.760719799999436, 41.639858899999268 ], [ -72.760711799999413, 41.639851899999272 ], [ -72.760705099999413, 41.63984289999928 ], [ -72.760699699999435, 41.639833799999273 ], [ -72.760698299999419, 41.639822799999259 ], [ -72.760698299999433, 41.639782699999259 ], [ -72.760700999999415, 41.639771699999272 ], [ -72.760702399999431, 41.639761699999269 ], [ -72.760705099999427, 41.639750599999275 ], [ -72.760703699999425, 41.639675499999278 ], [ -72.760699699999435, 41.639665499999282 ], [ -72.760694299999415, 41.639656399999261 ], [ -72.760690299999411, 41.639647399999276 ], [ -72.760684899999433, 41.639638399999278 ], [ -72.760670199999424, 41.639619399999276 ], [ -72.760624599999417, 41.639586299999273 ], [ -72.760611199999417, 41.639581299999278 ], [ -72.760599099999425, 41.639574299999275 ], [ -72.760582999999414, 41.639560199999273 ], [ -72.760570899999422, 41.639552199999272 ], [ -72.760560199999432, 41.639542199999262 ], [ -72.760549499999414, 41.639533199999278 ], [ -72.760540099999432, 41.639523099999266 ], [ -72.760530699999421, 41.63951209999928 ], [ -72.760518599999415, 41.639495099999266 ], [ -72.760460999999424, 41.639379799999276 ], [ -72.760448899999432, 41.639362799999269 ], [ -72.760440899999423, 41.639355799999265 ], [ -72.760424799999413, 41.639337699999281 ], [ -72.760383199999424, 41.639306599999273 ], [ -72.760308099999435, 41.639243499999274 ], [ -72.760291999999424, 41.639236499999278 ], [ -72.760278599999424, 41.639231499999269 ], [ -72.760265199999424, 41.639227499999279 ], [ -72.76019679999942, 41.639197399999269 ], [ -72.760139099999421, 41.639160299999268 ], [ -72.760128399999417, 41.639156299999271 ], [ -72.760088099999436, 41.639144299999273 ], [ -72.760043899999417, 41.639133299999258 ], [ -72.760007699999434, 41.639129199999275 ], [ -72.759931199999414, 41.63911419999927 ], [ -72.759920499999438, 41.639109199999275 ], [ -72.759909799999434, 41.639103199999276 ], [ -72.759892299999422, 41.639088199999279 ], [ -72.759886999999424, 41.639080099999283 ], [ -72.759884299999428, 41.639069099999269 ], [ -72.759884299999413, 41.639047099999267 ], [ -72.759888299999417, 41.63903699999927 ], [ -72.759890999999413, 41.639025999999276 ], [ -72.759890999999413, 41.639015999999273 ], [ -72.759886999999424, 41.639005999999277 ], [ -72.759880299999423, 41.638995899999266 ], [ -72.759870899999413, 41.63898689999926 ], [ -72.759861499999417, 41.638980899999268 ], [ -72.759845399999421, 41.638974899999262 ], [ -72.75981859999942, 41.638963899999268 ], [ -72.759803799999418, 41.638958899999274 ], [ -72.759771599999411, 41.638949799999274 ], [ -72.759758199999425, 41.638944799999265 ], [ -72.759744799999439, 41.638940799999268 ], [ -72.759720699999434, 41.638929799999268 ], [ -72.759709999999416, 41.638922799999278 ], [ -72.759700599999434, 41.63891479999927 ], [ -72.759624099999428, 41.63887869999926 ], [ -72.759610699999428, 41.63887469999927 ], [ -72.759598599999435, 41.638871699999278 ], [ -72.759585199999421, 41.638870699999266 ], [ -72.759527599999416, 41.638884699999259 ], [ -72.759516799999417, 41.638891699999263 ], [ -72.759492699999427, 41.638903699999283 ], [ -72.759480599999435, 41.638908699999277 ], [ -72.759471199999425, 41.638916799999265 ], [ -72.759459199999426, 41.638924799999273 ], [ -72.759444399999438, 41.63893179999927 ], [ -72.759418899999432, 41.63894679999926 ], [ -72.759375999999435, 41.638979899999278 ], [ -72.759217799999419, 41.639077099999277 ], [ -72.759208399999437, 41.639085099999278 ], [ -72.759198999999413, 41.639096199999265 ], [ -72.759188299999437, 41.639105199999271 ], [ -72.759172199999426, 41.639123199999268 ], [ -72.759162799999416, 41.639132299999275 ], [ -72.759125199999417, 41.639173299999278 ], [ -72.759115799999435, 41.639181399999266 ], [ -72.759105099999417, 41.639189399999275 ], [ -72.759095699999435, 41.639199399999264 ], [ -72.759086299999439, 41.639208399999269 ], [ -72.759076999999436, 41.639215399999273 ], [ -72.759066199999438, 41.639221499999273 ], [ -72.759044799999415, 41.639235499999266 ], [ -72.758987099999416, 41.639263499999281 ], [ -72.758966999999416, 41.639280599999275 ], [ -72.75895759999942, 41.639289599999266 ], [ -72.758948199999423, 41.639296599999277 ], [ -72.758922699999431, 41.63933069999927 ], [ -72.758914699999437, 41.639342699999276 ], [ -72.758903999999433, 41.639355799999265 ], [ -72.758858399999426, 41.639416899999269 ], [ -72.758827499999413, 41.639440999999273 ], [ -72.758814099999412, 41.639448999999274 ], [ -72.758796699999422, 41.639465999999267 ], [ -72.758789999999422, 41.639474999999265 ], [ -72.758780599999412, 41.639486099999274 ], [ -72.75877119999943, 41.639495099999259 ], [ -72.758738999999437, 41.639534199999261 ], [ -72.758730899999435, 41.639542199999269 ], [ -72.758705499999436, 41.639572199999279 ], [ -72.758682699999426, 41.639601299999278 ], [ -72.758667899999438, 41.639622399999276 ], [ -72.758657199999433, 41.639641399999277 ], [ -72.758619599999435, 41.639700499999257 ], [ -72.758611599999426, 41.639708599999267 ], [ -72.758603499999424, 41.639717599999258 ], [ -72.758592799999434, 41.639727599999269 ], [ -72.758583399999424, 41.639738599999269 ], [ -72.758576699999423, 41.639748599999272 ], [ -72.758560599999413, 41.639766699999278 ], [ -72.758552599999419, 41.639774699999272 ], [ -72.758544499999417, 41.639783699999271 ], [ -72.75849759999943, 41.639822799999259 ], [ -72.75848819999942, 41.639829799999269 ], [ -72.758478799999423, 41.639838799999268 ], [ -72.758469399999427, 41.63984589999928 ], [ -72.758459999999417, 41.639853899999267 ], [ -72.758451999999423, 41.639863899999263 ], [ -72.758442599999412, 41.639872899999276 ], [ -72.758399699999416, 41.639930099999276 ], [ -72.758391599999413, 41.639940099999272 ], [ -72.758378199999413, 41.639959099999274 ], [ -72.758370199999419, 41.639967099999268 ], [ -72.758304499999426, 41.64005729999927 ], [ -72.758297799999426, 41.640068399999265 ], [ -72.758291099999425, 41.640077399999271 ], [ -72.758277699999425, 41.640101399999281 ], [ -72.758264199999431, 41.640122499999272 ], [ -72.758258899999433, 41.640132499999268 ], [ -72.75822399999943, 41.640215699999281 ], [ -72.758207899999434, 41.640256799999285 ], [ -72.758181099999405, 41.640293899999286 ], [ -72.758170399999415, 41.640300899999275 ], [ -72.758159599999416, 41.640305899999269 ], [ -72.758146199999416, 41.640308899999283 ], [ -72.758131499999436, 41.640310899999278 ], [ -72.758075099999431, 41.640310899999292 ], [ -72.75805499999943, 41.640308899999276 ], [ -72.758036299999432, 41.640305899999269 ], [ -72.757990699999411, 41.640294899999269 ], [ -72.757966499999412, 41.640290899999272 ], [ -72.757945099999432, 41.640287899999272 ], [ -72.757926299999397, 41.64028589999927 ], [ -72.757877999999423, 41.640285899999277 ], [ -72.757572199999416, 41.640266799999281 ], [ -72.757546799999432, 41.640260799999275 ], [ -72.757534699999411, 41.640256799999278 ], [ -72.75747429999943, 41.64024879999927 ], [ -72.757446199999436, 41.640248799999277 ], [ -72.757431399999433, 41.640247799999266 ], [ -72.757417999999419, 41.640248799999277 ], [ -72.757401899999437, 41.640251799999255 ], [ -72.757373799999414, 41.640255799999267 ], [ -72.757262399999419, 41.640282799999262 ], [ -72.757236999999435, 41.640290899999272 ], [ -72.757208799999432, 41.640294899999283 ], [ -72.757180599999415, 41.640300899999268 ], [ -72.757113599999428, 41.640303899999267 ], [ -72.757098799999412, 41.640303899999275 ], [ -72.757073299999419, 41.64029989999927 ], [ -72.756998199999416, 41.640294899999276 ], [ -72.756890999999428, 41.640275299999267 ], [ -72.756878199999434, 41.640273799999271 ], [ -72.756869499999411, 41.640273299999272 ], [ -72.756847399999415, 41.640269799999281 ], [ -72.756809099999415, 41.640258299999267 ], [ -72.756784299999424, 41.640246799999275 ], [ -72.756778999999412, 41.640243299999277 ], [ -72.756772899999433, 41.640240199999276 ], [ -72.756768199999414, 41.640236699999264 ], [ -72.756761499999413, 41.640226699999268 ], [ -72.756761499999413, 41.640220699999276 ], [ -72.756763499999423, 41.640215199999282 ], [ -72.756771599999425, 41.640210199999274 ], [ -72.756815199999409, 41.640204699999266 ], [ -72.756829899999431, 41.640205199999265 ], [ -72.756843999999433, 41.640207699999287 ], [ -72.756917099999413, 41.640217699999276 ], [ -72.757049199999429, 41.640225199999271 ], [ -72.7571001999994, 41.640225199999279 ], [ -72.757124299999418, 41.640224199999274 ], [ -72.757139699999428, 41.640222699999278 ], [ -72.757153799999429, 41.640222199999272 ], [ -72.75716789999943, 41.640220699999276 ], [ -72.757196699999412, 41.640215699999267 ], [ -72.757275899999428, 41.640200199999263 ], [ -72.757309399999414, 41.640194599999283 ], [ -72.757357699999417, 41.640187599999273 ], [ -72.757392499999426, 41.640183099999277 ], [ -72.757409299999424, 41.640182099999272 ], [ -72.757422699999438, 41.640180599999276 ], [ -72.75743209999942, 41.640180099999277 ], [ -72.757468299999417, 41.640184599999273 ], [ -72.757505799999421, 41.640191599999277 ], [ -72.757521299999425, 41.640195099999261 ], [ -72.757529299999419, 41.640196099999272 ], [ -72.757554799999426, 41.640204199999268 ], [ -72.757597699999437, 41.640216199999252 ], [ -72.757618499999438, 41.640220199999263 ], [ -72.757629199999428, 41.640221699999259 ], [ -72.757640599999419, 41.640224199999274 ], [ -72.757658699999411, 41.640227199999281 ], [ -72.757668099999435, 41.640228199999278 ], [ -72.757704999999433, 41.640229699999274 ], [ -72.757754599999416, 41.640229699999274 ], [ -72.757829099999412, 41.640232199999275 ], [ -72.757859199999402, 41.64023419999927 ], [ -72.757867899999411, 41.640235699999266 ], [ -72.757880699999419, 41.640236699999271 ], [ -72.757902099999427, 41.64023969999927 ], [ -72.757919599999397, 41.640240699999282 ], [ -72.757944399999417, 41.640240699999275 ], [ -72.758017499999426, 41.640229199999276 ], [ -72.75802819999943, 41.640226199999276 ], [ -72.758051699999413, 41.640216199999273 ], [ -72.758064399999427, 41.640208199999265 ], [ -72.758080499999437, 41.640199699999265 ], [ -72.758118099999422, 41.640170099999274 ], [ -72.758125399999415, 41.640165599999271 ], [ -72.758144199999435, 41.640150999999271 ], [ -72.758155599999412, 41.64014299999927 ], [ -72.758165699999424, 41.640134499999277 ], [ -72.758179799999411, 41.640115999999274 ], [ -72.758185799999424, 41.640109499999269 ], [ -72.758242799999422, 41.640063899999269 ], [ -72.758247499999428, 41.640059799999278 ], [ -72.758251499999432, 41.640055299999268 ], [ -72.758262899999423, 41.640047299999274 ], [ -72.758272299999419, 41.640039299999273 ], [ -72.758280299999413, 41.640030299999268 ], [ -72.758289699999438, 41.640022299999266 ], [ -72.758348099999438, 41.639961599999268 ], [ -72.758356799999419, 41.639947599999275 ], [ -72.758361499999438, 41.639942099999274 ], [ -72.758367499999409, 41.639931599999258 ], [ -72.758459999999417, 41.639725099999275 ], [ -72.758464699999436, 41.639711099999282 ], [ -72.758466099999438, 41.639704499999283 ], [ -72.758473499999411, 41.639678499999278 ], [ -72.75847549999942, 41.639673499999283 ], [ -72.758476799999414, 41.639667499999284 ], [ -72.758479499999424, 41.639660899999271 ], [ -72.758484199999415, 41.639641399999277 ], [ -72.758486899999411, 41.639596799999268 ], [ -72.758486899999411, 41.639551199999268 ], [ -72.758485499999423, 41.639533199999271 ], [ -72.758485499999438, 41.639516099999277 ], [ -72.758468099999419, 41.639482999999267 ], [ -72.758459999999417, 41.639453999999283 ], [ -72.758459999999417, 41.639431899999273 ], [ -72.758455999999413, 41.639375799999272 ], [ -72.758454699999419, 41.639364799999278 ], [ -72.758451999999423, 41.639354799999261 ], [ -72.758451999999423, 41.639321699999279 ], [ -72.758453299999417, 41.639309699999266 ], [ -72.758457399999429, 41.639298599999272 ], [ -72.758462699999413, 41.639288599999269 ], [ -72.758476099999427, 41.639267599999265 ], [ -72.758492199999424, 41.639249499999273 ], [ -72.758508299999434, 41.639220499999269 ], [ -72.758512299999438, 41.639210399999271 ], [ -72.758514999999434, 41.639188399999284 ], [ -72.75851499999942, 41.639167299999272 ], [ -72.758509699999436, 41.639145299999278 ], [ -72.758508299999434, 41.63913429999927 ], [ -72.75850429999943, 41.639112199999275 ], [ -72.758497599999416, 41.639104199999267 ], [ -72.758488199999434, 41.63909719999927 ], [ -72.758453299999431, 41.639080099999269 ], [ -72.75843049999942, 41.639071099999263 ], [ -72.758417099999434, 41.639067099999281 ], [ -72.758354799999438, 41.639069599999267 ], [ -72.758333299999421, 41.639066599999261 ], [ -72.758327299999422, 41.639065099999272 ], [ -72.75827299999942, 41.639036999999277 ], [ -72.758272299999419, 41.639026499999268 ], [ -72.758270899999417, 41.639021499999274 ], [ -72.758272299999433, 41.638999499999272 ], [ -72.758268899999408, 41.638994899999275 ], [ -72.758264199999431, 41.63899139999927 ], [ -72.758258199999403, 41.638989899999267 ], [ -72.758250799999416, 41.638989399999261 ], [ -72.758244099999416, 41.638988399999278 ], [ -72.75823069999943, 41.638985399999271 ], [ -72.758225999999411, 41.638981399999274 ], [ -72.758220699999399, 41.63897189999927 ], [ -72.758219999999412, 41.638966399999269 ], [ -72.758219999999426, 41.638955899999289 ], [ -72.758221999999435, 41.638951299999285 ], [ -72.758227399999427, 41.638947299999273 ], [ -72.758236099999422, 41.638938299999268 ], [ -72.758239399999397, 41.638933299999273 ], [ -72.75824139999942, 41.638928299999279 ], [ -72.758239399999411, 41.638923299999277 ], [ -72.758234099999427, 41.638919799999265 ], [ -72.758228699999421, 41.638917299999271 ], [ -72.758225399999418, 41.638913299999267 ], [ -72.758225999999425, 41.638902199999272 ], [ -72.758231399999431, 41.638892199999262 ], [ -72.758235399999421, 41.638888199999265 ], [ -72.758240799999427, 41.638884699999259 ], [ -72.758262199999422, 41.638874199999265 ], [ -72.758292399999419, 41.638863599999269 ], [ -72.758305099999419, 41.638858599999267 ], [ -72.758318599999427, 41.638850099999267 ], [ -72.758340699999422, 41.638826099999264 ], [ -72.758345399999413, 41.638811999999263 ], [ -72.758341999999431, 41.638801499999275 ], [ -72.758337299999411, 41.638791499999272 ], [ -72.758331299999426, 41.63878099999927 ], [ -72.758329299999431, 41.638775899999274 ], [ -72.758324599999426, 41.638754899999277 ], [ -72.758319899999421, 41.638743399999271 ], [ -72.7583144999994, 41.638732799999268 ], [ -72.758310499999411, 41.638727299999282 ], [ -72.758291699999418, 41.638694799999271 ], [ -72.758287699999414, 41.638689699999276 ], [ -72.758282999999423, 41.63868519999928 ], [ -72.758266299999406, 41.638673699999273 ], [ -72.758244099999416, 41.638663199999279 ], [ -72.758233399999412, 41.638659699999266 ], [ -72.758219999999412, 41.638656199999275 ], [ -72.75820589999941, 41.638653199999261 ], [ -72.75818179999942, 41.638650699999268 ], [ -72.758169699999414, 41.638650699999275 ], [ -72.758154899999425, 41.638649199999271 ], [ -72.758147599999432, 41.638647699999268 ], [ -72.758129499999427, 41.638641099999276 ], [ -72.758113999999409, 41.638636599999266 ], [ -72.758095899999404, 41.638633599999267 ] ], [ [ -72.757198699999421, 41.638384099999271 ], [ -72.757179299999422, 41.638378999999269 ], [ -72.757153799999415, 41.638370499999262 ], [ -72.757131699999434, 41.638354999999258 ], [ -72.757128299999422, 41.638349999999271 ], [ -72.757125599999398, 41.63834449999927 ], [ -72.757119599999413, 41.638328899999273 ], [ -72.757117599999432, 41.638318399999278 ], [ -72.757121599999437, 41.638293299999283 ], [ -72.757124999999419, 41.638288799999259 ], [ -72.757128299999422, 41.638282799999267 ], [ -72.757130299999417, 41.638277799999273 ], [ -72.757133699999429, 41.638272799999278 ], [ -72.757137699999433, 41.638268799999274 ], [ -72.757143799999398, 41.638265799999267 ], [ -72.757157199999412, 41.638260299999274 ], [ -72.757165199999434, 41.638259299999277 ], [ -72.757173299999423, 41.63825929999927 ], [ -72.757182599999425, 41.638259299999277 ], [ -72.757192699999436, 41.638260299999267 ], [ -72.757211499999414, 41.638263299999274 ], [ -72.75722759999941, 41.638266799999272 ], [ -72.757257699999428, 41.638270799999269 ], [ -72.757275899999414, 41.638275299999272 ], [ -72.757284599999423, 41.638276799999275 ], [ -72.757299999999418, 41.63828029999928 ], [ -72.757316099999429, 41.638283299999273 ], [ -72.757338899999411, 41.63828629999928 ], [ -72.757374399999435, 41.63830289999926 ], [ -72.757393199999413, 41.638316399999276 ], [ -72.757399199999412, 41.638319899999274 ], [ -72.75740999999941, 41.638328899999273 ], [ -72.757413999999429, 41.638334399999259 ], [ -72.75741469999943, 41.638346499999273 ], [ -72.757412599999427, 41.638353499999283 ], [ -72.757409299999438, 41.638358999999284 ], [ -72.757404599999418, 41.638363499999265 ], [ -72.757399199999412, 41.638367999999275 ], [ -72.757392499999426, 41.63837149999928 ], [ -72.757378399999396, 41.638374499999266 ], [ -72.757370399999431, 41.63837549999927 ], [ -72.757355599999428, 41.638376499999268 ], [ -72.757298599999416, 41.638376499999268 ], [ -72.757289299999428, 41.638376999999267 ], [ -72.757265799999402, 41.638380499999265 ], [ -72.757198699999421, 41.638384099999271 ] ], [ [ -72.757285899999417, 41.63868369999927 ], [ -72.757271799999415, 41.638683699999277 ], [ -72.757240999999425, 41.638688699999278 ], [ -72.757232899999437, 41.63868919999927 ], [ -72.757219499999422, 41.638692299999263 ], [ -72.75721419999941, 41.63869629999926 ], [ -72.757201399999417, 41.638708299999266 ], [ -72.757200099999409, 41.638713299999274 ], [ -72.757201399999417, 41.638718799999275 ], [ -72.757206099999436, 41.63872479999926 ], [ -72.757212099999435, 41.638730799999266 ], [ -72.757232299999416, 41.638743399999278 ], [ -72.757238999999416, 41.638745899999279 ], [ -72.757262399999419, 41.638750899999273 ], [ -72.757278499999416, 41.638752899999282 ], [ -72.757285899999417, 41.638753399999274 ], [ -72.757304699999423, 41.638756399999266 ], [ -72.757314099999434, 41.638757399999278 ], [ -72.757342899999415, 41.63875889999926 ], [ -72.757350999999417, 41.638760899999269 ], [ -72.757353599999433, 41.638765899999278 ], [ -72.757357699999417, 41.638770899999265 ], [ -72.757372399999412, 41.638786999999262 ], [ -72.757388499999436, 41.638821999999273 ], [ -72.757392499999412, 41.638833099999282 ], [ -72.757394499999421, 41.638845099999266 ], [ -72.757394499999435, 41.638856599999272 ], [ -72.757393199999427, 41.638862599999278 ], [ -72.757392499999426, 41.638870199999268 ], [ -72.757388499999422, 41.638884199999261 ], [ -72.757385799999398, 41.638891199999264 ], [ -72.757379799999413, 41.638923799999276 ], [ -72.757379799999413, 41.638929299999269 ], [ -72.757381799999422, 41.638940799999261 ], [ -72.757383799999431, 41.638947799999272 ], [ -72.757387199999428, 41.638954299999277 ], [ -72.757397899999418, 41.63897189999927 ], [ -72.757408599999437, 41.638985399999271 ], [ -72.757424699999433, 41.638999499999272 ], [ -72.757430699999418, 41.639005499999286 ], [ -72.757435399999423, 41.639012499999282 ], [ -72.757440099999414, 41.639025499999285 ], [ -72.757441499999416, 41.639031999999268 ], [ -72.75744149999943, 41.639037499999276 ], [ -72.757440099999414, 41.639043099999284 ], [ -72.757434799999402, 41.63905609999928 ], [ -72.757430699999418, 41.639062099999272 ], [ -72.75742809999943, 41.639067599999272 ], [ -72.757426099999435, 41.639079099999272 ], [ -72.757423399999411, 41.63908409999928 ], [ -72.757418699999405, 41.639088699999277 ], [ -72.757413299999413, 41.63909169999927 ], [ -72.757407299999429, 41.639093699999258 ], [ -72.757399899999413, 41.639094699999276 ], [ -72.757361699999436, 41.639094699999276 ], [ -72.757329499999429, 41.639090699999265 ], [ -72.757316799999415, 41.639088699999292 ], [ -72.757304699999423, 41.639087699999266 ], [ -72.757287199999425, 41.639087699999273 ], [ -72.757279899999418, 41.639088199999264 ], [ -72.75726309999942, 41.639091699999277 ], [ -72.757252399999416, 41.639093199999273 ], [ -72.757242299999419, 41.639094199999278 ], [ -72.757224199999428, 41.639095199999275 ], [ -72.757200099999423, 41.639098199999275 ], [ -72.757142399999438, 41.639100199999262 ], [ -72.757128299999422, 41.639102699999277 ], [ -72.757105499999412, 41.639107699999258 ], [ -72.757096799999417, 41.639109199999268 ], [ -72.757075999999415, 41.63911119999927 ], [ -72.75706059999942, 41.639113199999265 ], [ -72.75704719999942, 41.639113699999264 ], [ -72.757040499999434, 41.639114699999283 ], [ -72.757023099999429, 41.639118699999273 ], [ -72.757008999999428, 41.63912419999928 ], [ -72.756978799999416, 41.639132299999268 ], [ -72.756955299999433, 41.639142299999286 ], [ -72.75693659999942, 41.639151799999276 ], [ -72.756931199999428, 41.639155799999266 ], [ -72.756927199999438, 41.639159799999277 ], [ -72.756919799999423, 41.639169299999274 ], [ -72.756914399999417, 41.63917379999927 ], [ -72.756901699999432, 41.639182899999277 ], [ -72.756895599999424, 41.639185899999269 ], [ -72.756889599999411, 41.639187899999278 ], [ -72.756881599999431, 41.639188899999269 ], [ -72.756869499999411, 41.639189399999275 ], [ -72.756842699999424, 41.639189399999275 ], [ -72.756833999999415, 41.63918839999927 ], [ -72.756823199999417, 41.639186399999268 ], [ -72.756803799999432, 41.639179399999286 ], [ -72.756763499999437, 41.639161299999273 ], [ -72.756739399999418, 41.639153799999278 ], [ -72.756715899999421, 41.63914729999928 ], [ -72.75671119999943, 41.639144299999273 ], [ -72.756705899999417, 41.639139799999278 ], [ -72.756675699999434, 41.639113199999265 ], [ -72.756668999999434, 41.639103699999268 ], [ -72.756650199999413, 41.639080599999268 ], [ -72.756644899999415, 41.639070599999265 ], [ -72.756652899999423, 41.639042499999277 ], [ -72.756660299999425, 41.639036999999263 ], [ -72.756672399999417, 41.639028999999276 ], [ -72.756676399999435, 41.639024499999259 ], [ -72.756682399999434, 41.639014999999269 ], [ -72.756683799999408, 41.639009499999268 ], [ -72.756683099999421, 41.639002999999285 ], [ -72.75667839999943, 41.638997399999276 ], [ -72.756673699999411, 41.638993399999265 ], [ -72.756662299999434, 41.638986899999274 ], [ -72.756655599999434, 41.638984399999266 ], [ -72.756636099999412, 41.638978399999274 ], [ -72.756630099999427, 41.638975899999274 ], [ -72.756625399999436, 41.63897189999927 ], [ -72.756626799999438, 41.638966399999276 ], [ -72.756632099999436, 41.638962899999278 ], [ -72.756638799999422, 41.638959399999273 ], [ -72.756652199999422, 41.638954899999277 ], [ -72.756668299999419, 41.638951799999269 ], [ -72.756676399999435, 41.638949799999274 ], [ -72.756697199999437, 41.638942799999271 ], [ -72.756726699999419, 41.638930299999281 ], [ -72.756733999999412, 41.638926799999275 ], [ -72.756740099999419, 41.638923299999277 ], [ -72.756746099999418, 41.638918799999267 ], [ -72.75674949999943, 41.638914299999286 ], [ -72.756754799999413, 41.638910199999259 ], [ -72.756775599999415, 41.63887669999928 ], [ -72.75678029999942, 41.638872699999268 ], [ -72.756801099999421, 41.638864099999267 ], [ -72.756850699999418, 41.638853099999274 ], [ -72.756863499999426, 41.638847599999274 ], [ -72.756870199999398, 41.638844099999282 ], [ -72.756874899999431, 41.638840099999271 ], [ -72.756879599999408, 41.638834599999278 ], [ -72.756882899999425, 41.638829599999269 ], [ -72.756884199999433, 41.638823599999284 ], [ -72.756884199999419, 41.638818499999275 ], [ -72.756880199999415, 41.638814999999269 ], [ -72.756868199999431, 41.638808499999271 ], [ -72.75685139999942, 41.638802999999278 ], [ -72.756833299999414, 41.638797999999277 ], [ -72.756795699999415, 41.638789499999277 ], [ -72.756754799999413, 41.638781499999276 ], [ -72.756736699999422, 41.638778999999268 ], [ -72.756713299999433, 41.638778499999283 ], [ -72.756703199999421, 41.638778999999268 ], [ -72.756693799999411, 41.638779999999272 ], [ -72.756650899999414, 41.638779999999265 ], [ -72.756633499999438, 41.638778999999268 ], [ -72.756585199999421, 41.638774399999271 ], [ -72.75656709999943, 41.638773899999272 ], [ -72.756529499999417, 41.638782999999265 ], [ -72.75652209999943, 41.638783999999262 ], [ -72.756508699999415, 41.638786999999276 ], [ -72.756491999999412, 41.638795499999269 ], [ -72.75647989999942, 41.638798999999274 ], [ -72.756436999999423, 41.638824599999275 ], [ -72.756422199999406, 41.63883759999927 ], [ -72.756405499999417, 41.638850599999273 ], [ -72.756386699999425, 41.638869699999262 ], [ -72.756377299999414, 41.63887769999927 ], [ -72.756372599999423, 41.638882699999286 ], [ -72.756368599999419, 41.638888199999272 ], [ -72.756331699999421, 41.638919299999273 ], [ -72.756315599999425, 41.638930799999272 ], [ -72.75631089999942, 41.638934799999276 ], [ -72.756298899999436, 41.638941799999266 ], [ -72.756292199999422, 41.638944299999281 ], [ -72.756285399999413, 41.638945299999293 ], [ -72.756272699999414, 41.638948299999278 ], [ -72.756257999999434, 41.638948799999277 ], [ -72.75622909999943, 41.638939299999265 ], [ -72.756221099999422, 41.638937799999276 ], [ -72.756214399999422, 41.63893729999927 ], [ -72.756208999999416, 41.638934299999271 ], [ -72.756208999999416, 41.63892329999927 ], [ -72.75621299999942, 41.638900699999283 ], [ -72.756216399999417, 41.63889019999926 ], [ -72.75621969999942, 41.638883699999255 ], [ -72.756228399999401, 41.638871199999265 ], [ -72.756240499999421, 41.638851099999265 ], [ -72.756246599999415, 41.638834599999278 ], [ -72.756246599999415, 41.638829599999269 ], [ -72.756254599999423, 41.638788999999278 ], [ -72.756254599999437, 41.638778499999283 ], [ -72.756255299999424, 41.638772899999275 ], [ -72.756216999999438, 41.638730299999274 ], [ -72.756209699999431, 41.638727799999273 ], [ -72.756201599999414, 41.638725799999271 ], [ -72.756180199999434, 41.638722799999265 ], [ -72.756170799999424, 41.638722299999273 ], [ -72.756127199999398, 41.638722299999273 ], [ -72.756106399999425, 41.63872329999927 ], [ -72.756036699999427, 41.638729799999275 ], [ -72.75600649999943, 41.638729799999268 ], [ -72.755978299999413, 41.638727299999267 ], [ -72.755917299999425, 41.638725799999278 ], [ -72.755909299999402, 41.638724299999275 ], [ -72.755898499999432, 41.638723299999278 ], [ -72.7558750999994, 41.638719299999273 ], [ -72.755863699999438, 41.63871679999928 ], [ -72.755836199999422, 41.638709799999276 ], [ -72.755807999999419, 41.638703799999277 ], [ -72.755801999999434, 41.638702299999267 ], [ -72.755778499999437, 41.638693299999268 ], [ -72.755769099999426, 41.638690299999283 ], [ -72.755752999999416, 41.638686699999276 ], [ -72.755746299999416, 41.638684699999274 ], [ -72.755718799999414, 41.638678699999275 ], [ -72.755711499999435, 41.63867769999927 ], [ -72.755695999999418, 41.638677199999272 ], [ -72.755659799999421, 41.638677199999265 ], [ -72.755653099999421, 41.638677699999278 ], [ -72.75563699999941, 41.638677699999278 ], [ -72.755629599999423, 41.638677199999272 ], [ -72.755624299999411, 41.638674199999265 ], [ -72.755618899999419, 41.638669199999278 ], [ -72.755616199999423, 41.638664199999276 ], [ -72.755614899999415, 41.638659199999275 ], [ -72.755614899999415, 41.638654199999266 ], [ -72.755625599999433, 41.638646199999265 ], [ -72.755633699999436, 41.638642099999274 ], [ -72.755641699999416, 41.638640099999279 ], [ -72.755657799999426, 41.638638599999268 ], [ -72.755665899999414, 41.638637099999279 ], [ -72.755673199999421, 41.638636599999273 ], [ -72.755684599999427, 41.638634599999286 ], [ -72.755696699999433, 41.638633599999267 ], [ -72.75571079999942, 41.638633099999282 ], [ -72.755736899999434, 41.638633099999268 ], [ -72.755762399999412, 41.638634099999265 ], [ -72.755801299999419, 41.638633599999274 ], [ -72.755817399999415, 41.638629599999277 ], [ -72.755822099999421, 41.638626099999279 ], [ -72.755826799999411, 41.63862109999927 ], [ -72.755832799999425, 41.638611099999267 ], [ -72.755837499999416, 41.63859799999927 ], [ -72.755838899999432, 41.638591499999265 ], [ -72.755840199999412, 41.638579499999281 ], [ -72.755840199999412, 41.638567999999275 ], [ -72.755840899999427, 41.638562499999267 ], [ -72.755842899999436, 41.638555399999269 ], [ -72.755853599999426, 41.638531899999258 ], [ -72.755858299999417, 41.638524899999283 ], [ -72.755870999999416, 41.638512299999277 ], [ -72.755886499999406, 41.638503299999272 ], [ -72.75590389999941, 41.638495799999276 ], [ -72.755961599999424, 41.638463699999271 ], [ -72.755990399999433, 41.638451699999258 ], [ -72.75601319999943, 41.638440199999273 ], [ -72.756097699999415, 41.638405599999274 ], [ -72.756109099999435, 41.638403099999259 ], [ -72.756171499999411, 41.638385099999276 ], [ -72.756207699999422, 41.638375999999262 ], [ -72.756221699999429, 41.638370499999262 ], [ -72.756306199999415, 41.638350999999275 ], [ -72.75631359999943, 41.638349999999264 ], [ -72.756324999999421, 41.638347499999277 ], [ -72.75636259999942, 41.638340999999265 ], [ -72.756393399999425, 41.638334899999272 ], [ -72.756499999999434, 41.638322899999267 ], [ -72.756525499999412, 41.638322899999267 ], [ -72.756533499999421, 41.638323399999265 ], [ -72.756539599999414, 41.638326399999272 ], [ -72.756545599999413, 41.638331399999267 ], [ -72.756549599999417, 41.638335899999284 ], [ -72.756552999999414, 41.638340999999265 ], [ -72.756554999999437, 41.638346499999265 ], [ -72.756555699999424, 41.638352999999277 ], [ -72.756555699999439, 41.638358499999278 ], [ -72.756553699999429, 41.638366499999272 ], [ -72.75655169999942, 41.638384099999271 ], [ -72.756548999999424, 41.638398099999272 ], [ -72.756545599999427, 41.638403099999273 ], [ -72.756535599999438, 41.638415099999271 ], [ -72.756531499999411, 41.638421599999269 ], [ -72.756526199999385, 41.638439699999282 ], [ -72.756528199999423, 41.638445699999274 ], [ -72.756532199999427, 41.638450699999275 ], [ -72.756583799999433, 41.638476799999268 ], [ -72.756591899999435, 41.638481799999276 ], [ -72.756611299999435, 41.638495299999278 ], [ -72.756624099999428, 41.638503299999279 ], [ -72.756629399999426, 41.638507299999269 ], [ -72.756633499999438, 41.638511799999272 ], [ -72.756673699999425, 41.638525399999274 ], [ -72.756681099999398, 41.638527399999269 ], [ -72.756689799999435, 41.638528899999258 ], [ -72.756698499999416, 41.63852889999928 ], [ -72.756717299999423, 41.638529899999277 ], [ -72.756757499999424, 41.63852989999927 ], [ -72.756774299999435, 41.638528899999272 ], [ -72.756807099999435, 41.638525899999266 ], [ -72.756860099999415, 41.638509299999278 ], [ -72.756896999999427, 41.638495299999278 ], [ -72.756918399999421, 41.638484299999277 ], [ -72.756970099999421, 41.638452699999277 ], [ -72.756977499999422, 41.638451199999274 ], [ -72.756992199999402, 41.638449699999271 ], [ -72.757006999999419, 41.638449699999271 ], [ -72.757016999999422, 41.638451199999274 ], [ -72.757029799999415, 41.638454199999266 ], [ -72.757041799999413, 41.638457699999272 ], [ -72.757070699999431, 41.638468199999274 ], [ -72.757120299999414, 41.638483799999271 ], [ -72.757130299999403, 41.638487799999268 ], [ -72.7571597999994, 41.638495299999263 ], [ -72.757167899999416, 41.638496799999274 ], [ -72.757180599999415, 41.638497799999278 ], [ -72.757187999999431, 41.638497799999278 ], [ -72.757205399999407, 41.638498799999276 ], [ -72.757244999999429, 41.638505799999265 ], [ -72.757251699999429, 41.638507299999269 ], [ -72.757258399999415, 41.638510299999275 ], [ -72.757264499999408, 41.638514399999259 ], [ -72.757282199999423, 41.638528399999281 ], [ -72.75728519999943, 41.638529899999263 ], [ -72.757290299999411, 41.638533899999274 ], [ -72.757297999999437, 41.638543399999271 ], [ -72.757308399999417, 41.638558999999276 ], [ -72.757317099999412, 41.638568499999266 ], [ -72.757323099999425, 41.638576499999274 ], [ -72.75732749999942, 41.638588999999278 ], [ -72.757328499999417, 41.638594799999268 ], [ -72.757328499999431, 41.638606099999272 ], [ -72.757330499999412, 41.638615799999272 ], [ -72.757335899999418, 41.638635099999284 ], [ -72.757337899999428, 41.638647399999279 ], [ -72.757337499999423, 41.638656199999275 ], [ -72.757333899999423, 41.638666699999277 ], [ -72.757330199999416, 41.638670999999263 ], [ -72.757324799999424, 41.638674199999265 ], [ -72.757314399999416, 41.638678199999269 ], [ -72.757310699999422, 41.638679199999267 ], [ -72.757285899999417, 41.63868369999927 ] ], [ [ -72.756518099999425, 41.639727099999277 ], [ -72.756452399999418, 41.639713599999261 ], [ -72.756444999999417, 41.639711599999266 ], [ -72.756438999999418, 41.639707599999269 ], [ -72.756434299999427, 41.63970299999928 ], [ -72.756426299999433, 41.639693999999274 ], [ -72.756418899999417, 41.639669999999285 ], [ -72.756419599999433, 41.639663999999279 ], [ -72.756421599999427, 41.639658899999276 ], [ -72.756424899999431, 41.639654399999273 ], [ -72.756434299999427, 41.639645899999266 ], [ -72.756445699999404, 41.639638399999271 ], [ -72.75647989999942, 41.639621899999277 ], [ -72.756491999999412, 41.639616799999267 ], [ -72.756505399999412, 41.639612299999271 ], [ -72.756518799999412, 41.639605799999273 ], [ -72.756536199999417, 41.639598299999278 ], [ -72.756587899999417, 41.639578299999265 ], [ -72.756603299999398, 41.639573199999276 ], [ -72.756622699999411, 41.639569699999271 ], [ -72.756644899999415, 41.639563699999265 ], [ -72.756653599999439, 41.639562199999261 ], [ -72.756667699999412, 41.639562199999283 ], [ -72.756674399999426, 41.639562699999267 ], [ -72.756704499999429, 41.639570199999277 ], [ -72.756721999999414, 41.639576299999277 ], [ -72.756732699999432, 41.639581799999277 ], [ -72.756756799999422, 41.639604799999276 ], [ -72.75676289999943, 41.639614299999266 ], [ -72.756764899999411, 41.639618899999277 ], [ -72.756770899999424, 41.639628899999273 ], [ -72.75678029999942, 41.639667499999277 ], [ -72.756779599999419, 41.639672499999271 ], [ -72.756774299999435, 41.639682499999282 ], [ -72.756770899999424, 41.63968699999927 ], [ -72.756719299999418, 41.639703999999277 ], [ -72.756703199999421, 41.639706499999278 ], [ -72.75657379999943, 41.63971859999927 ], [ -72.756542899999431, 41.639724599999283 ], [ -72.756526799999435, 41.639726599999278 ], [ -72.756518099999425, 41.639727099999277 ] ], [ [ -72.757366399999412, 41.639286099999268 ], [ -72.757248399999412, 41.639337199999282 ], [ -72.757234299999396, 41.639341699999271 ], [ -72.757214799999431, 41.639349199999273 ], [ -72.757198699999421, 41.639356299999285 ], [ -72.757164499999419, 41.639369299999274 ], [ -72.75685809999942, 41.639470499999277 ], [ -72.756844699999434, 41.639475499999271 ], [ -72.756832599999427, 41.639478999999284 ], [ -72.756820499999435, 41.639483499999265 ], [ -72.756798399999425, 41.639493099999271 ], [ -72.75678029999942, 41.639502599999282 ], [ -72.756770899999424, 41.639506599999265 ], [ -72.756739399999418, 41.639517599999273 ], [ -72.756731999999403, 41.639519599999275 ], [ -72.756716599999422, 41.639520099999274 ], [ -72.756685799999417, 41.639519099999276 ], [ -72.75667169999943, 41.639515599999278 ], [ -72.756664999999415, 41.63951309999927 ], [ -72.756632799999423, 41.639488099999276 ], [ -72.756626099999423, 41.63947699999926 ], [ -72.756626099999437, 41.639465999999267 ], [ -72.756644199999414, 41.639446499999281 ], [ -72.756648899999433, 41.639442499999269 ], [ -72.75670249999942, 41.639417899999266 ], [ -72.756734699999427, 41.639404899999271 ], [ -72.756749499999415, 41.639399899999262 ], [ -72.756762199999415, 41.639394799999273 ], [ -72.756783699999431, 41.639388799999267 ], [ -72.756813199999414, 41.639382799999261 ], [ -72.756821899999437, 41.639380299999274 ], [ -72.756831299999419, 41.639377299999275 ], [ -72.75684939999941, 41.639369799999272 ], [ -72.756860099999415, 41.639366799999266 ], [ -72.756869499999411, 41.639363299999282 ], [ -72.75689159999942, 41.639356299999285 ], [ -72.756905699999436, 41.639349699999272 ], [ -72.756911099999428, 41.639346199999267 ], [ -72.756915099999432, 41.639341199999272 ], [ -72.756919099999422, 41.639330699999277 ], [ -72.756917799999414, 41.639324699999271 ], [ -72.756913099999423, 41.639320199999268 ], [ -72.756907699999417, 41.639316199999278 ], [ -72.756900999999417, 41.639314199999276 ], [ -72.756892999999422, 41.639314699999275 ], [ -72.756886299999422, 41.639316199999278 ], [ -72.756872199999407, 41.639321199999266 ], [ -72.756864799999434, 41.639324699999271 ], [ -72.756856799999426, 41.639326699999259 ], [ -72.756848699999424, 41.639327699999278 ], [ -72.756839999999428, 41.639329699999266 ], [ -72.756777599999424, 41.639348199999269 ], [ -72.75676959999943, 41.639349699999265 ], [ -72.756735399999414, 41.639352799999259 ], [ -72.756611299999435, 41.63936229999927 ], [ -72.756593199999415, 41.639364299999272 ], [ -72.756583799999433, 41.639365799999275 ], [ -72.756554999999437, 41.639368799999268 ], [ -72.756520799999421, 41.639370799999263 ], [ -72.756451099999424, 41.639370799999263 ], [ -72.756426899999411, 41.639369799999265 ], [ -72.756408199999427, 41.639368299999269 ], [ -72.756392099999431, 41.639364799999285 ], [ -72.756385999999424, 41.63936229999927 ], [ -72.756380699999426, 41.63935829999928 ], [ -72.756380699999411, 41.639352199999266 ], [ -72.756382699999435, 41.639347199999271 ], [ -72.756386699999425, 41.639342199999277 ], [ -72.756397399999429, 41.639335699999279 ], [ -72.756408799999434, 41.639330699999277 ], [ -72.756457799999424, 41.639321199999273 ], [ -72.756497999999411, 41.639318699999265 ], [ -72.756513399999406, 41.639317199999283 ], [ -72.756519499999413, 41.639315699999266 ], [ -72.756620699999417, 41.639307599999277 ], [ -72.756652199999422, 41.639303099999275 ], [ -72.756659599999438, 41.639301599999264 ], [ -72.756692499999417, 41.63929659999927 ], [ -72.756913099999423, 41.639266099999269 ], [ -72.756927799999431, 41.639263499999267 ], [ -72.756943899999413, 41.639261499999279 ], [ -72.756960699999411, 41.639259999999275 ], [ -72.756985499999431, 41.639258499999265 ], [ -72.757011699999438, 41.639257499999275 ], [ -72.757023099999429, 41.639255999999278 ], [ -72.757047199999434, 41.639251999999267 ], [ -72.757216199999419, 41.639214899999267 ], [ -72.757242299999419, 41.639208399999269 ], [ -72.757250999999428, 41.639207399999265 ], [ -72.757260399999439, 41.63920539999927 ], [ -72.757293999999419, 41.639202899999276 ], [ -72.75731679999943, 41.639199899999284 ], [ -72.75735429999942, 41.639191399999277 ], [ -72.757556799999435, 41.639160799999267 ], [ -72.757600399999419, 41.639154799999282 ], [ -72.757609799999415, 41.639153299999258 ], [ -72.757617799999437, 41.63915129999927 ], [ -72.757626499999418, 41.639149799999274 ], [ -72.757633899999433, 41.639148799999276 ], [ -72.757640599999405, 41.639148799999269 ], [ -72.757681499999421, 41.639161299999252 ], [ -72.757686199999412, 41.63916529999927 ], [ -72.757689599999438, 41.639169799999266 ], [ -72.757692299999434, 41.639174299999276 ], [ -72.757693599999413, 41.639179899999277 ], [ -72.757693599999413, 41.639185399999278 ], [ -72.757692299999434, 41.639190899999278 ], [ -72.757633899999419, 41.639217399999268 ], [ -72.757613799999419, 41.639223999999274 ], [ -72.757599099999425, 41.639227999999285 ], [ -72.757591699999438, 41.639230499999265 ], [ -72.757450899999412, 41.639264099999266 ], [ -72.757427399999415, 41.639271099999277 ], [ -72.757397199999417, 41.639278099999281 ], [ -72.75738309999943, 41.639282599999262 ], [ -72.757374399999421, 41.639284099999273 ], [ -72.757366399999412, 41.639286099999268 ] ], [ [ -72.756169399999436, 41.639117799999269 ], [ -72.756158699999418, 41.639108799999271 ], [ -72.756156699999437, 41.63910109999928 ], [ -72.756156699999437, 41.639096299999274 ], [ -72.75615849999943, 41.639091999999273 ], [ -72.756179299999431, 41.639085499999268 ], [ -72.756189099999403, 41.639087499999263 ], [ -72.756197899999421, 41.639090199999281 ], [ -72.756218599999414, 41.639099799999272 ], [ -72.756223899999426, 41.639103199999269 ], [ -72.756225599999411, 41.639104799999267 ], [ -72.75622759999942, 41.639116699999278 ], [ -72.756224799999416, 41.639118599999279 ], [ -72.756218099999415, 41.639121899999274 ], [ -72.756189899999413, 41.639123099999267 ], [ -72.756175799999426, 41.639121399999269 ], [ -72.756169399999436, 41.639117799999269 ] ], [ [ -72.756684099999404, 41.637830799999271 ], [ -72.756683399999417, 41.637827999999274 ], [ -72.756683399999417, 41.637824799999272 ], [ -72.756686799999414, 41.637819799999278 ], [ -72.756691499999434, 41.637814999999257 ], [ -72.756713599999415, 41.637803999999278 ], [ -72.756716899999418, 41.637802499999268 ], [ -72.756720599999426, 41.637801499999256 ], [ -72.756728999999439, 41.637796199999279 ], [ -72.75673569999941, 41.63779299999927 ], [ -72.756744399999434, 41.63779149999926 ], [ -72.756752099999403, 41.637791999999273 ], [ -72.75676289999943, 41.637795499999278 ], [ -72.756786299999419, 41.637805999999266 ], [ -72.756788699999419, 41.637808499999267 ], [ -72.756792699999409, 41.637816799999264 ], [ -72.756797699999424, 41.637824799999272 ], [ -72.756797699999424, 41.637827499999261 ], [ -72.75679609999942, 41.637830299999266 ], [ -72.756790999999424, 41.637834299999284 ], [ -72.756786999999434, 41.637836599999261 ], [ -72.756770599999413, 41.637843599999279 ], [ -72.756763899999427, 41.637845599999274 ], [ -72.756759499999418, 41.637845799999269 ], [ -72.756720599999412, 41.637847799999278 ], [ -72.756713299999433, 41.637847099999277 ], [ -72.756700499999425, 41.637842599999274 ], [ -72.756697199999437, 41.637841799999272 ], [ -72.756684099999404, 41.637830799999271 ] ] ] } },
{ "type": "Feature", "properties": { "name": "Staakener Teich", "name_norm": "staakener teich", "natural": "water", "water": "pond", "wikidata": null, "area_sqkm": 0.00052399574794587058, "centroid_lon": 13.146247471902393, "centroid_lat": 52.536301857307258 }, "geometry": { "type": "Polygon", "coordinates": [ [ [ 13.1461757, 52.5364151 ], [ 13.1461238, 52.5363969 ], [ 13.1460901, 52.5363772 ], [ 13.1460797, 52.5363275 ], [ 13.1460615, 52.5362264 ], [ 13.1460823, 52.5361917 ], [ 13.1461446, 52.536179 ], [ 13.1462419, 52.5361806 ], [ 13.1463159, 52.5362043 ], [ 13.1463639, 52.5362414 ], [ 13.1464159, 52.536256399999985 ], [ 13.1464535, 52.5362769 ], [ 13.1464639, 52.536318 ], [ 13.146447, 52.5363677 ], [ 13.1463886, 52.5363993 ], [ 13.1463107, 52.5364198 ], [ 13.1462186, 52.5364261 ], [ 13.1461757, 52.5364151 ] ], [ [ 13.1462744, 52.536355099999987 ], [ 13.146299, 52.5363551 ], [ 13.1463185, 52.5363535 ], [ 13.1463198, 52.5363409 ], [ 13.1463146, 52.536318 ], [ 13.1463016, 52.5363046 ], [ 13.1462861, 52.5362951 ], [ 13.1462419, 52.5362943 ], [ 13.1462095, 52.5363014 ], [ 13.1461952, 52.5363204 ], [ 13.1461991, 52.5363346 ], [ 13.1462264, 52.5363496 ], [ 13.1462744, 52.536355099999987 ] ] ] } },
{ "type": "Feature", "properties": { "name": "Arboretumsteich", "name_norm": "arboretumsteich", "natural": "water", "water": "pond", "wikidata": null, "area_sqkm": 0.0015297081846139854, "centroid_lon": 13.475775730648804, "centroid_lat": 52.455464564412139 }, "geometry": { "type": "Polygon", "coordinates": [ [ [ 13.4756866, 52.4557224 ], [ 13.4756288, 52.455698 ], [ 13.4755709, 52.4556876 ], [ 13.4755417, 52.4556435 ], [ 13.4755166, 52.4556176 ], [ 13.4755121, 52.455584099999989 ], [ 13.4755058, 52.4555436 ], [ 13.4754965, 52.4554885 ], [ 13.4754973, 52.455453 ], [ 13.4755294, 52.4554079 ], [ 13.4755629, 52.4553841 ], [ 13.4756361, 52.45530870000001 ], [ 13.4757205, 52.4552565 ], [ 13.4757685, 52.4551947 ], [ 13.4758061, 52.4551541 ], [ 13.4758665, 52.4551084 ], [ 13.4759191, 52.4551013 ], [ 13.475967, 52.4551037 ], [ 13.4760353, 52.4551443 ], [ 13.4760537, 52.455161099999984 ], [ 13.4760646, 52.4551846 ], [ 13.4760888, 52.4552365 ], [ 13.4760881, 52.4552714 ], [ 13.4760803, 52.4552948 ], [ 13.476077, 52.4553202 ], [ 13.4760496, 52.4553776 ], [ 13.4759951, 52.4554959 ], [ 13.4759849, 52.455524299999986 ], [ 13.4759662, 52.4555606 ], [ 13.4759505, 52.4556123 ], [ 13.4759146, 52.4556449 ], [ 13.4758568, 52.4556813 ], [ 13.4758443, 52.455719 ], [ 13.4758237, 52.455741800000013 ], [ 13.4758023, 52.4557492 ], [ 13.4757668, 52.4557467 ], [ 13.4756866, 52.4557224 ] ], [ [ 13.47577, 52.455325499999987 ], [ 13.4757862, 52.4553487 ], [ 13.4758215, 52.4553678 ], [ 13.475864, 52.4553737 ], [ 13.47588, 52.455375 ], [ 13.4759159, 52.4553686 ], [ 13.4759567, 52.4553475 ], [ 13.476028, 52.455296299999986 ], [ 13.4760537, 52.4552677 ], [ 13.4760544, 52.455237 ], [ 13.4760399, 52.4552132 ], [ 13.4760198, 52.4551906 ], [ 13.4760146, 52.4551709 ], [ 13.475988, 52.4551513 ], [ 13.4759595, 52.4551434 ], [ 13.4759299, 52.4551494 ], [ 13.4758974, 52.4551672 ], [ 13.4758819, 52.4551949 ], [ 13.4758649, 52.4552239 ], [ 13.4758351, 52.4552444 ], [ 13.4757734, 52.4552726 ], [ 13.4757616, 52.4553049 ], [ 13.47577, 52.455325499999987 ] ] ] } },
{ "type": "Feature", "properties": { "name": "Schlachtensee", "name_norm": "schlachtensee", "natural": "water", "water": "lake", "wikidata": "Q896095", "area_sqkm": 0.4035240100696767, "centroid_lon": 13.21332272092438, "centroid_lat": 52.442075692520937 }, "geometry": { "type": "Polygon", "coordinates": [ [ [ 13.2280998, 52.444682 ], [ 13.2280148, 52.444728299999987 ], [ 13.2277694, 52.44486220000001 ], [ 13.2271562, 52.444749 ], [ 13.227126, 52.4447459 ], [ 13.2267876, 52.444727 ], [ 13.2266415, 52.4447753 ], [ 13.2265493, 52.4448374 ], [ 13.226469, 52.444862900000011 ], [ 13.2263773, 52.4448891 ], [ 13.2263397, 52.4449111 ], [ 13.2262453, 52.4449061 ], [ 13.2262177, 52.444930399999983 ], [ 13.226155, 52.444975 ], [ 13.2261161, 52.444973 ], [ 13.2261101, 52.444987299999987 ], [ 13.2261115, 52.4450281 ], [ 13.226088, 52.4450686 ], [ 13.226039, 52.4451062 ], [ 13.2259771, 52.4451355 ], [ 13.2259157, 52.445151199999984 ], [ 13.2258985, 52.4451601 ], [ 13.2256605, 52.4452839 ], [ 13.225477, 52.445341699999986 ], [ 13.2252829, 52.4453814 ], [ 13.2243865, 52.4454222 ], [ 13.224269, 52.4454511 ], [ 13.2241879, 52.4455378 ], [ 13.2241031, 52.445599699999988 ], [ 13.2240742, 52.4456782 ], [ 13.2237988, 52.4457901 ], [ 13.2234486, 52.4458599 ], [ 13.2231259, 52.4459634 ], [ 13.2228525, 52.4460647 ], [ 13.2226569, 52.4460636 ], [ 13.2225466, 52.4459979 ], [ 13.2222157, 52.446041599999987 ], [ 13.2221331, 52.4461067 ], [ 13.2219584, 52.4461323 ], [ 13.2216058, 52.4463078 ], [ 13.2213931, 52.4463597 ], [ 13.2211051, 52.4463904 ], [ 13.2207935, 52.4463698 ], [ 13.2205868, 52.446350799999983 ], [ 13.2204481, 52.4463569 ], [ 13.2200605, 52.4463041 ], [ 13.219913, 52.4462625 ], [ 13.2197691, 52.446249 ], [ 13.2197139, 52.446277 ], [ 13.2195387, 52.446237 ], [ 13.2193735, 52.4461725 ], [ 13.2191989, 52.4460341 ], [ 13.2185344, 52.4458735 ], [ 13.21838, 52.4459245 ], [ 13.2181141, 52.4458558 ], [ 13.2179713, 52.4457729 ], [ 13.2179733, 52.4457321 ], [ 13.2177938, 52.4456631 ], [ 13.2176861, 52.4456099 ], [ 13.2169111, 52.4451961 ], [ 13.2166025, 52.4449754 ], [ 13.2163481, 52.444691499999983 ], [ 13.2158022, 52.4441444 ], [ 13.2154539, 52.4438181 ], [ 13.2153826, 52.4436828 ], [ 13.2151353, 52.443537799999987 ], [ 13.2148215, 52.4432863 ], [ 13.2146331, 52.4431606 ], [ 13.2145411, 52.4430551 ], [ 13.2142763, 52.44290130000001 ], [ 13.2141898, 52.442753 ], [ 13.2138775, 52.4423758 ], [ 13.2136351, 52.4420329 ], [ 13.2133454, 52.4420074 ], [ 13.2128741, 52.4418903 ], [ 13.2126435, 52.44179290000001 ], [ 13.2126385, 52.4416873 ], [ 13.2121933, 52.4415199 ], [ 13.212011, 52.441372 ], [ 13.2118282, 52.4413923 ], [ 13.211713, 52.4413622 ], [ 13.2117536, 52.4412803 ], [ 13.2117049, 52.4412256 ], [ 13.2115819, 52.4412562 ], [ 13.2110013, 52.4413886 ], [ 13.210945, 52.4415148 ], [ 13.2106604, 52.441624199999985 ], [ 13.2102417, 52.4416518 ], [ 13.209983, 52.4416697 ], [ 13.2095936, 52.44175 ], [ 13.2091308, 52.4417041 ], [ 13.2088833, 52.4417727 ], [ 13.2085177, 52.4417138 ], [ 13.2079464, 52.4417604 ], [ 13.2078321, 52.4418134 ], [ 13.207463, 52.441856499999986 ], [ 13.2073558, 52.4418478 ], [ 13.2071816, 52.4416289 ], [ 13.2069869, 52.4414793 ], [ 13.2065725, 52.4414186 ], [ 13.206315, 52.4414526 ], [ 13.206045, 52.4415609 ], [ 13.2057738, 52.4415584 ], [ 13.2056057, 52.4414881 ], [ 13.2054712, 52.4412975 ], [ 13.2052798, 52.441215499999984 ], [ 13.2052044, 52.4411333 ], [ 13.2047163, 52.441031800000012 ], [ 13.2043504, 52.4409355 ], [ 13.2042147, 52.440861299999987 ], [ 13.2041488, 52.4407874 ], [ 13.2040105, 52.4407325 ], [ 13.2038216, 52.440691 ], [ 13.2036408, 52.440598 ], [ 13.203176, 52.4404451 ], [ 13.2027767, 52.4402605 ], [ 13.2024089, 52.4401318 ], [ 13.2022656, 52.4399986 ], [ 13.2021158, 52.4399537 ], [ 13.2020744, 52.4398784 ], [ 13.2018671, 52.4398183 ], [ 13.2016802, 52.4397225 ], [ 13.201541, 52.4395939 ], [ 13.2015192, 52.439470900000011 ], [ 13.2012637, 52.4393916 ], [ 13.2007681, 52.4390135 ], [ 13.2004196, 52.4388003 ], [ 13.2001748, 52.4386407 ], [ 13.1998068, 52.4378951 ], [ 13.199272, 52.4371412 ], [ 13.1991992, 52.4368873 ], [ 13.1992048, 52.4367137 ], [ 13.1993611, 52.4365504 ], [ 13.1993038, 52.4364765 ], [ 13.1993323, 52.4364425 ], [ 13.1993474, 52.4364244 ], [ 13.1994496, 52.4364067 ], [ 13.1997121, 52.4362926 ], [ 13.2004707, 52.4361263 ], [ 13.2008149, 52.4361223 ], [ 13.201026, 52.4362078 ], [ 13.2012437, 52.4363147 ], [ 13.2014334, 52.4365361 ], [ 13.2019111, 52.4371927 ], [ 13.202468, 52.4380836 ], [ 13.2025847, 52.438169100000017 ], [ 13.2029532, 52.4384802 ], [ 13.2034957, 52.4386024 ], [ 13.2038902, 52.43871080000001 ], [ 13.2047359, 52.4391621 ], [ 13.2051994, 52.4393415 ], [ 13.2059836, 52.439593399999985 ], [ 13.2071243, 52.4401011 ], [ 13.2073112, 52.4401396 ], [ 13.2078621, 52.440215 ], [ 13.2082044, 52.4402901 ], [ 13.208244, 52.4402347 ], [ 13.2090567, 52.4404507 ], [ 13.2092416, 52.4405225 ], [ 13.2097109, 52.440638 ], [ 13.2100985, 52.4406823 ], [ 13.211106, 52.4406629 ], [ 13.2119646, 52.4405859 ], [ 13.2123042, 52.4406049 ], [ 13.2126168, 52.4406624 ], [ 13.2127717, 52.4407398 ], [ 13.2133404, 52.4408679 ], [ 13.2136547, 52.440919499999985 ], [ 13.2139793, 52.4409187 ], [ 13.21441, 52.4409965 ], [ 13.2148312, 52.4410251 ], [ 13.2152827, 52.4411527 ], [ 13.2160054, 52.44122 ], [ 13.2167223, 52.4413439 ], [ 13.2170508, 52.4414969 ], [ 13.2171148, 52.4416024 ], [ 13.2174292, 52.4417649 ], [ 13.2177588, 52.4420338 ], [ 13.2181396, 52.442231 ], [ 13.2186448, 52.4424279 ], [ 13.2189983, 52.4426803 ], [ 13.219085, 52.442804 ], [ 13.2191224, 52.4430942 ], [ 13.2189373, 52.443464 ], [ 13.2187559, 52.4437668 ], [ 13.2187125, 52.4438993 ], [ 13.2187363, 52.4439967 ], [ 13.2186974, 52.4443578 ], [ 13.2186407, 52.4444748 ], [ 13.2187207, 52.4446306 ], [ 13.2189046, 52.444726 ], [ 13.21928, 52.4448434 ], [ 13.219504, 52.4449763 ], [ 13.2197399, 52.4450987 ], [ 13.2199795, 52.4451632 ], [ 13.2202616, 52.4451412 ], [ 13.2206058, 52.444992699999986 ], [ 13.2212123, 52.444681499999987 ], [ 13.2215373, 52.444483 ], [ 13.2217359, 52.4443388 ], [ 13.2222038, 52.4441099 ], [ 13.2224878, 52.4439447 ], [ 13.2227619, 52.4437858 ], [ 13.2229904, 52.443707799999984 ], [ 13.2233171, 52.4436447 ], [ 13.2236866, 52.4436175 ], [ 13.224031, 52.4435852 ], [ 13.2246978, 52.4435253 ], [ 13.2254817, 52.4435608 ], [ 13.2263736, 52.443661 ], [ 13.2269907, 52.4438274 ], [ 13.2275918, 52.4442225 ], [ 13.2278813, 52.44443660000001 ], [ 13.2279354, 52.444476599999987 ], [ 13.2281429, 52.4446302 ], [ 13.2280998, 52.444682 ] ] ] } },
{ "type": "Feature", "properties": { "name": "Koenigssee", "name_norm": "koenigssee", "natural": "water", "water": "lake", "wikidata": "Q1778289", "area_sqkm": 0.022272435899832556, "centroid_lon": 13.272907150781906, "centroid_lat": 52.488474177958068 }, "geometry": { "type": "Polygon", "coordinates": [ [ [ 13.2718088, 52.4885634 ], [ 13.2716028, 52.4884953 ], [ 13.2713882, 52.4884294 ], [ 13.2711812, 52.4883686 ], [ 13.2711258, 52.488351099999988 ], [ 13.2710454, 52.4883167 ], [ 13.2709937, 52.4882925 ], [ 13.2709291, 52.4882311 ], [ 13.270763, 52.4881524 ], [ 13.2705222, 52.4880822 ], [ 13.2705047, 52.4880771 ], [ 13.2705761, 52.488019299999984 ], [ 13.270629, 52.4879745 ], [ 13.2708549, 52.4880475 ], [ 13.2709314, 52.4880447 ], [ 13.2710144, 52.4880283 ], [ 13.2711529, 52.4879861 ], [ 13.2712994, 52.4879541 ], [ 13.2714331, 52.4879163 ], [ 13.2717723, 52.4878978 ], [ 13.272006, 52.4878782 ], [ 13.2722476, 52.487845 ], [ 13.2724191, 52.4878074 ], [ 13.2724532, 52.4878002 ], [ 13.2726008, 52.487798400000017 ], [ 13.272707, 52.4877887 ], [ 13.2728269, 52.4877909 ], [ 13.2729062, 52.487796 ], [ 13.2729616, 52.4878117 ], [ 13.2730399, 52.4878312 ], [ 13.2731014, 52.4878542 ], [ 13.2731127, 52.4878623 ], [ 13.273099, 52.4878933 ], [ 13.2730534, 52.487917 ], [ 13.2730153, 52.4879389 ], [ 13.2729832, 52.4879656 ], [ 13.272947, 52.4880177 ], [ 13.2729416, 52.4880562 ], [ 13.2729605, 52.4880909 ], [ 13.2730528, 52.4881331 ], [ 13.2731158, 52.4881455 ], [ 13.2732072, 52.4881552 ], [ 13.2733579, 52.4881412 ], [ 13.2734895, 52.4881289 ], [ 13.2735824, 52.488129 ], [ 13.2736998, 52.4881599 ], [ 13.273816, 52.4882033 ], [ 13.2739435, 52.4882542 ], [ 13.2739951, 52.4882761 ], [ 13.2742089, 52.4884132 ], [ 13.2742997, 52.4884869 ], [ 13.2743636, 52.4885756 ], [ 13.2743838, 52.488653 ], [ 13.2744597, 52.4887515 ], [ 13.2745393, 52.4888397 ], [ 13.274612, 52.4889293 ], [ 13.2747906, 52.4891536 ], [ 13.2747874, 52.4892003 ], [ 13.2747831, 52.4892634 ], [ 13.2747639, 52.489304299999986 ], [ 13.2747321, 52.4893278 ], [ 13.2745556, 52.489341 ], [ 13.2743852, 52.4893276 ], [ 13.2741636, 52.4892507 ], [ 13.2740779, 52.4892218 ], [ 13.2740027, 52.4891843 ], [ 13.2737292, 52.4890886 ], [ 13.273492, 52.4890076 ], [ 13.2732934, 52.488961 ], [ 13.2731861, 52.4889525 ], [ 13.2730173, 52.4889232 ], [ 13.272923, 52.4889105 ], [ 13.2728327, 52.4888921 ], [ 13.2725287, 52.48882110000001 ], [ 13.2723439, 52.488762199999989 ], [ 13.2723446, 52.4887602 ], [ 13.2722448, 52.488723399999984 ], [ 13.2720262, 52.4886431 ], [ 13.2718088, 52.4885634 ] ] ] } },
{ "type": "Feature", "properties": { "name": "Fennsee", "name_norm": "fennsee", "natural": "water", "water": "lake", "wikidata": "Q1404799", "area_sqkm": 0.022057229900193744, "centroid_lon": 13.314797053172644, "centroid_lat": 52.483685450123097 }, "geometry": { "type": "Polygon", "coordinates": [ [ [ 13.3154827, 52.483791099999983 ], [ 13.3154103, 52.4838036 ], [ 13.3153498, 52.48381890000001 ], [ 13.315316, 52.483841699999985 ], [ 13.3152985, 52.4838682 ], [ 13.3153021, 52.483899299999983 ], [ 13.3152766, 52.4839128 ], [ 13.3151462, 52.4838823 ], [ 13.3150544, 52.4838698 ], [ 13.3149836, 52.4838567 ], [ 13.3148653, 52.483822599999989 ], [ 13.314744, 52.483802 ], [ 13.3146142, 52.4837988 ], [ 13.3143844, 52.4837725 ], [ 13.3142567, 52.4837578 ], [ 13.313996, 52.4836977 ], [ 13.3137936, 52.4837018 ], [ 13.3134841, 52.4837144 ], [ 13.3134088, 52.4837109 ], [ 13.3133372, 52.4837166 ], [ 13.3132918, 52.4837225 ], [ 13.3132491, 52.4837353 ], [ 13.3131546, 52.483774 ], [ 13.3129862, 52.483834 ], [ 13.3129027, 52.483857599999986 ], [ 13.3128281, 52.4838745 ], [ 13.3127395, 52.4838889 ], [ 13.3125777, 52.4838957 ], [ 13.3123981, 52.483901499999988 ], [ 13.3123517, 52.4839079 ], [ 13.3121672, 52.4839145 ], [ 13.3120382, 52.4838902 ], [ 13.3119296, 52.4838759 ], [ 13.3118195, 52.4838682 ], [ 13.3115287, 52.4838549 ], [ 13.3112942, 52.4838573 ], [ 13.3111743, 52.4838502 ], [ 13.3110674, 52.4838563 ], [ 13.310932, 52.483852 ], [ 13.3107888, 52.4838505 ], [ 13.3106455, 52.4838307 ], [ 13.3105172, 52.4838029 ], [ 13.3103597, 52.483789 ], [ 13.310181, 52.4837895 ], [ 13.3099933, 52.4838034 ], [ 13.3097781, 52.483788199999985 ], [ 13.3096711, 52.4837673 ], [ 13.3095903, 52.483739300000011 ], [ 13.3095272, 52.4837113 ], [ 13.3094936, 52.4836811 ], [ 13.3094905, 52.4836596 ], [ 13.3094872, 52.4836372 ], [ 13.3095308, 52.4836034 ], [ 13.3095766, 52.4835774 ], [ 13.3096434, 52.4835596 ], [ 13.3097343, 52.483556900000011 ], [ 13.3098778, 52.4835646 ], [ 13.3099995, 52.483563 ], [ 13.3101208, 52.4835722 ], [ 13.3102561, 52.4835351 ], [ 13.3103781, 52.4835618 ], [ 13.3105492, 52.4835642 ], [ 13.3106818, 52.483572 ], [ 13.3108171, 52.4835855 ], [ 13.3109278, 52.4836005 ], [ 13.3110674, 52.4836059 ], [ 13.3111904, 52.4836037 ], [ 13.3112584, 52.4835972 ], [ 13.3113269, 52.483579 ], [ 13.3113957, 52.4835662 ], [ 13.3115285, 52.4835488 ], [ 13.311634, 52.4835429 ], [ 13.3117417, 52.4835406 ], [ 13.3118358, 52.4835434 ], [ 13.3119508, 52.4835501 ], [ 13.3120353, 52.4835607 ], [ 13.3121181, 52.4835749 ], [ 13.3122848, 52.4836054 ], [ 13.3123717, 52.4836271 ], [ 13.3124152, 52.483632699999987 ], [ 13.3124658, 52.4836328 ], [ 13.3125114, 52.4836263 ], [ 13.3125905, 52.483622 ], [ 13.3126711, 52.4836106 ], [ 13.3127509, 52.4835985 ], [ 13.3128312, 52.4835924 ], [ 13.3128913, 52.4835842 ], [ 13.3129612, 52.4835833 ], [ 13.3130289, 52.483591499999989 ], [ 13.3130923, 52.4835924 ], [ 13.3132049, 52.483585 ], [ 13.3133211, 52.4835981 ], [ 13.3134747, 52.4835928 ], [ 13.3137836, 52.483571 ], [ 13.3138349, 52.4835746 ], [ 13.3139536, 52.4835585 ], [ 13.3143058, 52.483492199999986 ], [ 13.3143698, 52.4834838 ], [ 13.3145277, 52.4834799 ], [ 13.3146937, 52.4834711 ], [ 13.3147789, 52.483467499999989 ], [ 13.3148547, 52.4834581 ], [ 13.3149497, 52.4834378 ], [ 13.3150316, 52.4834117 ], [ 13.3151014, 52.4833808 ], [ 13.315159, 52.4833469 ], [ 13.3151991, 52.4833286 ], [ 13.3152604, 52.48332 ], [ 13.315289, 52.4833503 ], [ 13.3152988, 52.4833708 ], [ 13.3152967, 52.4834003 ], [ 13.3152938, 52.4834301 ], [ 13.315303, 52.4834525 ], [ 13.3153227, 52.4834717 ], [ 13.3153586, 52.4834875 ], [ 13.3153993, 52.4834949 ], [ 13.3154455, 52.4834927 ], [ 13.3155402, 52.483477399999984 ], [ 13.3156636, 52.4834756 ], [ 13.3157281, 52.4834663 ], [ 13.3157995, 52.483468199999983 ], [ 13.315846, 52.4834741 ], [ 13.315906, 52.483475 ], [ 13.3159744, 52.4834771 ], [ 13.3163684, 52.4834535 ], [ 13.3164751, 52.483457099999988 ], [ 13.3166413, 52.48344860000001 ], [ 13.3167359, 52.483455 ], [ 13.3168119, 52.4834694 ], [ 13.3168964, 52.4834948 ], [ 13.3169731, 52.48351430000001 ], [ 13.3170445, 52.4835247 ], [ 13.3172108, 52.4835302 ], [ 13.3173157, 52.4835248 ], [ 13.3173855, 52.4835113 ], [ 13.3174555, 52.4834908 ], [ 13.3175234, 52.4834812 ], [ 13.3176062, 52.483479 ], [ 13.3176854, 52.483491 ], [ 13.3177521, 52.4835069 ], [ 13.3178262, 52.4835206 ], [ 13.3179313, 52.4835267 ], [ 13.3180393, 52.4835241 ], [ 13.3183528, 52.4835415 ], [ 13.3184787, 52.483560299999986 ], [ 13.3185883, 52.4835693 ], [ 13.3186722, 52.4835681 ], [ 13.318748, 52.483558 ], [ 13.3188375, 52.483550799999989 ], [ 13.31903, 52.4835746 ], [ 13.3190706, 52.4835843 ], [ 13.3191099, 52.4836071 ], [ 13.3191317, 52.483636299999986 ], [ 13.3191776, 52.483719899999983 ], [ 13.3191868, 52.4837765 ], [ 13.3191826, 52.48385110000001 ], [ 13.3191635, 52.4838974 ], [ 13.3191321, 52.483920599999983 ], [ 13.3190657, 52.4839321 ], [ 13.3189876, 52.483933699999987 ], [ 13.3188545, 52.4839389 ], [ 13.318692, 52.483937499999989 ], [ 13.3185352, 52.4839324 ], [ 13.318397, 52.4839205 ], [ 13.3183198, 52.4839057 ], [ 13.318221, 52.4838966 ], [ 13.3181124, 52.4838975 ], [ 13.3180185, 52.4839007 ], [ 13.3179393, 52.48389610000001 ], [ 13.3178511, 52.4838848 ], [ 13.3177321, 52.4838584 ], [ 13.3176351, 52.4838343 ], [ 13.3175903, 52.4838321 ], [ 13.3173013, 52.483852 ], [ 13.3171118, 52.4838673 ], [ 13.3170332, 52.483866399999989 ], [ 13.3168032, 52.4838456 ], [ 13.3167218, 52.483831699999989 ], [ 13.3166285, 52.4838232 ], [ 13.3164986, 52.4838215 ], [ 13.3162202, 52.483862199999983 ], [ 13.3161304, 52.4838822 ], [ 13.3160732, 52.4838817 ], [ 13.3160219, 52.483873 ], [ 13.3159318, 52.4838454 ], [ 13.3158091, 52.4838133 ], [ 13.3157239, 52.483795299999983 ], [ 13.3156403, 52.4837864 ], [ 13.3155578, 52.4837851 ], [ 13.3154827, 52.483791099999983 ] ] ] } },
{ "type": "Feature", "properties": { "name": "Dreipfuhl", "name_norm": "dreipfuhl", "natural": "water", "water": "pond", "wikidata": null, "area_sqkm": 0.0064116540454236511, "centroid_lon": 13.272662194080654, "centroid_lat": 52.447221072884489 }, "geometry": { "type": "Polygon", "coordinates": [ [ [ 13.2731328, 52.4479734 ], [ 13.2730994, 52.4479849 ], [ 13.2730752, 52.4480662 ], [ 13.27303, 52.4480852 ], [ 13.2729722, 52.4480912 ], [ 13.2729267, 52.448068 ], [ 13.272802, 52.447953199999986 ], [ 13.2727403, 52.4478768 ], [ 13.2727313, 52.4478328 ], [ 13.2727545, 52.4477913 ], [ 13.2729319, 52.4476617 ], [ 13.2729952, 52.4474976 ], [ 13.2729943, 52.4474859 ], [ 13.2728617, 52.4473291 ], [ 13.2726528, 52.447192 ], [ 13.2725631, 52.4471845 ], [ 13.2723491, 52.4471531 ], [ 13.2721953, 52.4471056 ], [ 13.2720206, 52.4470317 ], [ 13.2719114, 52.4469668 ], [ 13.2719079, 52.446963400000016 ], [ 13.2718295, 52.4468849 ], [ 13.2718108, 52.4468319 ], [ 13.2718364, 52.4467906 ], [ 13.2719074, 52.4467763 ], [ 13.271922, 52.446752600000011 ], [ 13.271889, 52.4467261 ], [ 13.2718674, 52.4466427 ], [ 13.2719248, 52.446597300000015 ], [ 13.271994, 52.4465687 ], [ 13.2719962, 52.4465684 ], [ 13.2721254, 52.4465493 ], [ 13.2722561, 52.4465633 ], [ 13.272399, 52.4465952 ], [ 13.2725475, 52.446657 ], [ 13.2726931, 52.4467578 ], [ 13.2729294, 52.4470298 ], [ 13.27308, 52.4472578 ], [ 13.2732359, 52.4475191 ], [ 13.2733918, 52.4477709 ], [ 13.2734229, 52.4478139 ], [ 13.273433, 52.4478743 ], [ 13.2734236, 52.4479238 ], [ 13.2733936, 52.4479629 ], [ 13.2733398, 52.4480018 ], [ 13.2732918, 52.4480098 ], [ 13.2732151, 52.4480068 ], [ 13.273156, 52.447982199999984 ], [ 13.2731328, 52.4479734 ] ] ] } },
{ "type": "Feature", "properties": { "name": "Lietzensee", "name_norm": "lietzensee", "natural": "water", "water": "lake", "wikidata": "Q258569", "area_sqkm": 0.063648274184987835, "centroid_lon": 13.289095643827729, "centroid_lat": 52.506695041519293 }, "geometry": { "type": "Polygon", "coordinates": [ [ [ 13.2889959, 52.5076495 ], [ 13.2892476, 52.5077365 ], [ 13.2895297, 52.5077907 ], [ 13.2898317, 52.507849 ], [ 13.2899236, 52.5078591 ], [ 13.2901056, 52.5078738 ], [ 13.2903843, 52.507912 ], [ 13.2906469, 52.5079254 ], [ 13.2908734, 52.507922099999988 ], [ 13.2911363, 52.507889 ], [ 13.2912115, 52.5079032 ], [ 13.2913411, 52.5079453 ], [ 13.2914673, 52.5079951 ], [ 13.2916876, 52.508077299999989 ], [ 13.2920358, 52.5082388 ], [ 13.2922296, 52.5083282 ], [ 13.2923499, 52.5083954 ], [ 13.2924827, 52.5084531 ], [ 13.2925254, 52.5084761 ], [ 13.2925668, 52.5085112 ], [ 13.2925905, 52.5085388 ], [ 13.2926161, 52.5085559 ], [ 13.2926188, 52.5085619 ], [ 13.2926183, 52.5085684 ], [ 13.2926117, 52.5085739 ], [ 13.2925955, 52.5085782 ], [ 13.2925826, 52.508591 ], [ 13.2925727, 52.5086246 ], [ 13.2925144, 52.5088932 ], [ 13.2925297, 52.5088977 ], [ 13.2925297, 52.5089344 ], [ 13.2925007, 52.5090086 ], [ 13.2924825, 52.5090445 ], [ 13.2924384, 52.5090949 ], [ 13.2923819, 52.5091411 ], [ 13.2923449, 52.509170199999986 ], [ 13.292312, 52.5091898 ], [ 13.2922606, 52.5092083 ], [ 13.2921909, 52.5092153 ], [ 13.292067, 52.5092145 ], [ 13.2920004, 52.509214 ], [ 13.291953, 52.5092056 ], [ 13.2919065, 52.5091932 ], [ 13.2918663, 52.5091666 ], [ 13.2918242, 52.5091441 ], [ 13.291753, 52.509115699999988 ], [ 13.2915555, 52.5091054 ], [ 13.2913454, 52.5091058 ], [ 13.29123, 52.5090939 ], [ 13.2911285, 52.5090532 ], [ 13.2910025, 52.5089663 ], [ 13.2908026, 52.5088025 ], [ 13.2906593, 52.5087012 ], [ 13.2905759, 52.5086448 ], [ 13.290494, 52.5085985 ], [ 13.2902736, 52.5085236 ], [ 13.2900074, 52.5084401 ], [ 13.2898278, 52.508381300000011 ], [ 13.2894683, 52.508272799999986 ], [ 13.289193, 52.5081841 ], [ 13.2891013, 52.5081439 ], [ 13.2889686, 52.5080722 ], [ 13.2889256, 52.508032799999988 ], [ 13.2888478, 52.50801280000001 ], [ 13.2886635, 52.507981599999987 ], [ 13.2884774, 52.5080014 ], [ 13.2883749, 52.508008 ], [ 13.2883197, 52.5080082 ], [ 13.2882422, 52.50800730000001 ], [ 13.288194, 52.5080063 ], [ 13.2881488, 52.5080041 ], [ 13.288114, 52.508003 ], [ 13.2880789, 52.5080007 ], [ 13.2880195, 52.50799640000001 ], [ 13.2879413, 52.5079891 ], [ 13.2878786, 52.5079796 ], [ 13.2878225, 52.5079736 ], [ 13.2877074, 52.5079579 ], [ 13.2876328, 52.5079478 ], [ 13.28755, 52.507935 ], [ 13.2874644, 52.5079143 ], [ 13.2874047, 52.5078953 ], [ 13.2873416, 52.5078681 ], [ 13.2872982, 52.5078463 ], [ 13.2871952, 52.5077808 ], [ 13.2871079, 52.5077289 ], [ 13.2870256, 52.507685699999989 ], [ 13.2869709, 52.5076707 ], [ 13.2869299, 52.5076575 ], [ 13.286888, 52.5076341 ], [ 13.286859, 52.5076091 ], [ 13.2867519, 52.507463 ], [ 13.2866659, 52.5073198 ], [ 13.2866484, 52.5072902 ], [ 13.2866558, 52.5072073 ], [ 13.2866352, 52.5070659 ], [ 13.2866351, 52.5070387 ], [ 13.2866499, 52.5069988 ], [ 13.2866882, 52.5069532 ], [ 13.2867086, 52.5069372 ], [ 13.2867658, 52.5068988 ], [ 13.2868374, 52.5068832 ], [ 13.2869063, 52.5068781 ], [ 13.2871183, 52.5068985 ], [ 13.2871439, 52.5068997 ], [ 13.2872346, 52.5068838 ], [ 13.2874314, 52.5068862 ], [ 13.287737, 52.5068778 ], [ 13.2879232, 52.5068612 ], [ 13.2880033, 52.5068451 ], [ 13.2880696, 52.506815499999988 ], [ 13.2880984, 52.5067919 ], [ 13.2881101, 52.5067697 ], [ 13.2881128, 52.5067419 ], [ 13.2881191, 52.5067154 ], [ 13.2880185, 52.5064711 ], [ 13.2879693, 52.5063758 ], [ 13.2879152, 52.5063276 ], [ 13.2878593, 52.5063007 ], [ 13.2877566, 52.5062844 ], [ 13.2875773, 52.5062662 ], [ 13.287349, 52.5062549 ], [ 13.2872894, 52.506252399999987 ], [ 13.2872277, 52.5062467 ], [ 13.2871149, 52.506222 ], [ 13.2870616, 52.5062209 ], [ 13.2869654, 52.5062315 ], [ 13.2868644, 52.5062257 ], [ 13.2868023, 52.5062174 ], [ 13.2867613, 52.50619780000001 ], [ 13.2867312, 52.5061654 ], [ 13.2867184, 52.5061384 ], [ 13.2867128, 52.5061045 ], [ 13.2867201, 52.5060576 ], [ 13.286749, 52.5060169 ], [ 13.2867731, 52.505979 ], [ 13.286784, 52.5059514 ], [ 13.2867897, 52.505896 ], [ 13.2867899, 52.5058638 ], [ 13.2867983, 52.5058275 ], [ 13.2868111, 52.5057651 ], [ 13.2868431, 52.50561 ], [ 13.2868924, 52.505538 ], [ 13.2869314, 52.5055067 ], [ 13.2870295, 52.5054302 ], [ 13.2870704, 52.505401899999988 ], [ 13.287104, 52.5053767 ], [ 13.287138, 52.505356 ], [ 13.2871903, 52.5053308 ], [ 13.2872322, 52.50530650000001 ], [ 13.2872947, 52.505258899999987 ], [ 13.2873431, 52.5052345 ], [ 13.2874126, 52.5052048 ], [ 13.2874816, 52.5051715 ], [ 13.2875511, 52.5051389 ], [ 13.2877661, 52.5050205 ], [ 13.287972, 52.504903099999986 ], [ 13.2880422, 52.50485 ], [ 13.2881029, 52.5047891 ], [ 13.2881527, 52.5047291 ], [ 13.2882389, 52.5046429 ], [ 13.2882942, 52.5045887 ], [ 13.2883337, 52.5045439 ], [ 13.2883533, 52.5044533 ], [ 13.2883735, 52.5043752 ], [ 13.2885064, 52.5040526 ], [ 13.2886281, 52.5037388 ], [ 13.288653, 52.5036513 ], [ 13.2887233, 52.503588499999985 ], [ 13.2888105, 52.5035666 ], [ 13.2890495, 52.5035824 ], [ 13.2890625, 52.5035789 ], [ 13.2890777, 52.5035828 ], [ 13.2890847, 52.5035863 ], [ 13.2890927, 52.5035872 ], [ 13.2891747, 52.5035911 ], [ 13.2891847, 52.5035872 ], [ 13.2891954, 52.5035849 ], [ 13.2892221, 52.503597399999983 ], [ 13.2892521, 52.5036043 ], [ 13.2894653, 52.5036255 ], [ 13.2895793, 52.5036671 ], [ 13.2896278, 52.503701 ], [ 13.2896552, 52.503726399999977 ], [ 13.2896924, 52.5037717 ], [ 13.2897501, 52.5038846 ], [ 13.2897895, 52.5039929 ], [ 13.2897939, 52.50408250000001 ], [ 13.2897387, 52.504306299999989 ], [ 13.2897258, 52.5043661 ], [ 13.2897116, 52.5044191 ], [ 13.2896924, 52.5044737 ], [ 13.2896668, 52.5045127 ], [ 13.2896173, 52.5045686 ], [ 13.2895721, 52.5046294 ], [ 13.2895386, 52.504674500000014 ], [ 13.2894375, 52.5047922 ], [ 13.2893828, 52.504855 ], [ 13.289287, 52.504965 ], [ 13.289204, 52.5050603 ], [ 13.2891627, 52.5051063 ], [ 13.2890672, 52.5052123 ], [ 13.2889951, 52.5052867 ], [ 13.2889188, 52.5053347 ], [ 13.2888143, 52.5053979 ], [ 13.2887287, 52.5054497 ], [ 13.2885279, 52.5055565 ], [ 13.2883622, 52.505632 ], [ 13.2882715, 52.5056834 ], [ 13.2882619, 52.5056927 ], [ 13.2881562, 52.505794 ], [ 13.2880684, 52.5058815 ], [ 13.2880054, 52.5059662 ], [ 13.2879988, 52.5060493 ], [ 13.2879967, 52.5061384 ], [ 13.288018, 52.5061958 ], [ 13.2880739, 52.5063679 ], [ 13.2881179, 52.5064736 ], [ 13.2881068, 52.5064732 ], [ 13.2881132, 52.5064884 ], [ 13.2881385, 52.5065583 ], [ 13.2881732, 52.5066354 ], [ 13.2881995, 52.5066952 ], [ 13.2882096, 52.5067186 ], [ 13.2882211, 52.5067191 ], [ 13.2882257, 52.5067355 ], [ 13.2882452, 52.5067555 ], [ 13.2883672, 52.5070647 ], [ 13.2883642, 52.5071245 ], [ 13.2883755, 52.507195 ], [ 13.2884125, 52.5072824 ], [ 13.2884851, 52.507384 ], [ 13.2885126, 52.5074222 ], [ 13.2885403, 52.5074539 ], [ 13.2887351, 52.50756 ], [ 13.2889959, 52.5076495 ] ] ] } },
{ "type": "Feature", "properties": { "name": "Dianasee", "name_norm": "dianasee", "natural": "water", "water": "lake", "wikidata": "Q1208924", "area_sqkm": 0.024849967159475708, "centroid_lon": 13.267837936711571, "centroid_lat": 52.486347015502915 }, "geometry": { "type": "Polygon", "coordinates": [ [ [ 13.2682677, 52.486267 ], [ 13.2685177, 52.4863191 ], [ 13.2688963, 52.4863732 ], [ 13.2691287, 52.4864743 ], [ 13.2692653, 52.4865597 ], [ 13.2694036, 52.4867158 ], [ 13.2694868, 52.4867886 ], [ 13.2695364, 52.4868627 ], [ 13.2695306, 52.4871247 ], [ 13.2695326, 52.4871787 ], [ 13.2695333, 52.4872628 ], [ 13.269596, 52.4873098 ], [ 13.2696641, 52.487347099999987 ], [ 13.26977, 52.4873854 ], [ 13.2698313, 52.487432 ], [ 13.2698608, 52.4874659 ], [ 13.2699483, 52.4875828 ], [ 13.27002, 52.4876579 ], [ 13.2700545, 52.4877007 ], [ 13.2700805, 52.4877364 ], [ 13.2701792, 52.48781060000001 ], [ 13.2703025, 52.4878651 ], [ 13.2704252, 52.4879129 ], [ 13.2705782, 52.4879532 ], [ 13.2705226, 52.4880004 ], [ 13.2704518, 52.4880604 ], [ 13.2704407, 52.4880569 ], [ 13.2701462, 52.4879541 ], [ 13.2700166, 52.487912 ], [ 13.2698976, 52.4878873 ], [ 13.269803, 52.487878 ], [ 13.2696974, 52.4878435 ], [ 13.2696001, 52.4877806 ], [ 13.2694899, 52.4876997 ], [ 13.2693504, 52.48757650000001 ], [ 13.269136, 52.4874738 ], [ 13.2688635, 52.4873621 ], [ 13.2687644, 52.4873186 ], [ 13.2686479, 52.4872554 ], [ 13.2684572, 52.4871385 ], [ 13.2679784, 52.4867777 ], [ 13.2675493, 52.486457 ], [ 13.2674019, 52.4863367 ], [ 13.2673571, 52.4862833 ], [ 13.2672526, 52.4861873 ], [ 13.2671371, 52.4861086 ], [ 13.2669771, 52.4860328 ], [ 13.2667068, 52.485944 ], [ 13.2665131, 52.48589650000001 ], [ 13.2663706, 52.4858145 ], [ 13.2661838, 52.4857218 ], [ 13.2658342, 52.4855831 ], [ 13.2655095, 52.4854848 ], [ 13.2653227, 52.48540950000001 ], [ 13.2651032, 52.4853232 ], [ 13.26495, 52.4852635 ], [ 13.2647842, 52.4852161 ], [ 13.2647588, 52.485197199999988 ], [ 13.2647741, 52.485179499999987 ], [ 13.2648043, 52.4851729 ], [ 13.2649716, 52.4851712 ], [ 13.2651115, 52.48515290000001 ], [ 13.2652216, 52.4851368 ], [ 13.2653997, 52.4851463 ], [ 13.2655491, 52.485162599999988 ], [ 13.265633, 52.4851673 ], [ 13.2658023, 52.4851623 ], [ 13.2658655, 52.485159 ], [ 13.2659665, 52.4851421 ], [ 13.2660519, 52.4851196 ], [ 13.2661436, 52.4850804 ], [ 13.2661971, 52.4850475 ], [ 13.2662507, 52.485020499999983 ], [ 13.2663466, 52.4850003 ], [ 13.266411, 52.485007 ], [ 13.2665007, 52.4850311 ], [ 13.2665569, 52.4850755 ], [ 13.2665793, 52.4851268 ], [ 13.2665959, 52.485182199999983 ], [ 13.2665887, 52.4852448 ], [ 13.2666272, 52.4853062 ], [ 13.2666625, 52.4853406 ], [ 13.2667194, 52.4853526 ], [ 13.2667912, 52.4853514 ], [ 13.2669259, 52.4853337 ], [ 13.2670628, 52.485416 ], [ 13.2674892, 52.4857252 ], [ 13.267657, 52.4859918 ], [ 13.2676947, 52.4860088 ], [ 13.2682677, 52.486267 ] ] ] } },
{ "type": "Feature", "properties": { "name": "Hundekehlesee", "name_norm": "hundekehlesee", "natural": "water", "water": "lake", "wikidata": "Q1263106", "area_sqkm": 0.070979327842934578, "centroid_lon": 13.258697879323417, "centroid_lat": 52.482167911537218 }, "geometry": { "type": "Polygon", "coordinates": [ [ [ 13.2574473, 52.4819681 ], [ 13.2575723, 52.4816867 ], [ 13.2580117, 52.4808802 ], [ 13.2583107, 52.4804096 ], [ 13.258587, 52.480236 ], [ 13.2590644, 52.4802332 ], [ 13.2593621, 52.4802573 ], [ 13.2596243, 52.4803202 ], [ 13.2597873, 52.4803757 ], [ 13.2599723, 52.480464699999985 ], [ 13.2600448, 52.4804386 ], [ 13.2601386, 52.480502299999984 ], [ 13.2601909, 52.4806436 ], [ 13.2602271, 52.4807285 ], [ 13.2603063, 52.4808429 ], [ 13.2603371, 52.4809556 ], [ 13.2603304, 52.4810054 ], [ 13.2603237, 52.4811925 ], [ 13.2603377, 52.4812768 ], [ 13.2602916, 52.4813375 ], [ 13.2602159, 52.4813757 ], [ 13.2600241, 52.4814419 ], [ 13.2599683, 52.481615 ], [ 13.2600646, 52.4816218 ], [ 13.2602325, 52.4815341 ], [ 13.260393, 52.4815139 ], [ 13.2605332, 52.4815712 ], [ 13.2606126, 52.4816375 ], [ 13.2606347, 52.4816881 ], [ 13.2606492, 52.4817796 ], [ 13.2606292, 52.4818521 ], [ 13.2606101, 52.481925599999983 ], [ 13.2605993, 52.4820109 ], [ 13.2605401, 52.4820852 ], [ 13.2604839, 52.4821634 ], [ 13.2603628, 52.4823102 ], [ 13.2603039, 52.4823877 ], [ 13.2598588, 52.4829184 ], [ 13.2598159, 52.4829696 ], [ 13.259787, 52.4829943 ], [ 13.2595903, 52.4831783 ], [ 13.2594906, 52.4832481 ], [ 13.2593834, 52.4833331 ], [ 13.2592919, 52.483400400000015 ], [ 13.2590389, 52.4834914 ], [ 13.2587031, 52.4835599 ], [ 13.2585739, 52.4836037 ], [ 13.2583765, 52.4837161 ], [ 13.2581672, 52.4838881 ], [ 13.2579663, 52.4841566 ], [ 13.2577689, 52.484308 ], [ 13.2577362, 52.4843263 ], [ 13.2576876, 52.4843422 ], [ 13.2576318, 52.4843543 ], [ 13.2575613, 52.4843616 ], [ 13.2575066, 52.4843616 ], [ 13.2574632, 52.4843575 ], [ 13.2574225, 52.4843486 ], [ 13.2572286, 52.4843016 ], [ 13.2572165, 52.4841998 ], [ 13.2571086, 52.4841434 ], [ 13.2570878, 52.4839997 ], [ 13.2570198, 52.4832856 ], [ 13.2568835, 52.482977 ], [ 13.2569151, 52.4827083 ], [ 13.2571217, 52.482521 ], [ 13.2573694, 52.4821637 ], [ 13.2574473, 52.4819681 ] ] ] } },
{ "type": "Feature", "properties": { "name": "Grunewaldsee", "name_norm": "grunewaldsee", "natural": "water", "water": "lake", "wikidata": "Q895938", "area_sqkm": 0.16127088667185882, "centroid_lon": 13.262394769466189, "centroid_lat": 52.470040307434751 }, "geometry": { "type": "Polygon", "coordinates": [ [ [ 13.2571336, 52.4677997 ], [ 13.2570793, 52.467757 ], [ 13.2571665, 52.4674566 ], [ 13.2573065, 52.4674582 ], [ 13.2575585, 52.46750680000001 ], [ 13.2576205, 52.4674557 ], [ 13.2575814, 52.467375499999989 ], [ 13.2577249, 52.4669594 ], [ 13.2577522, 52.466844 ], [ 13.2583538, 52.466717599999988 ], [ 13.2587651, 52.4666564 ], [ 13.2590139, 52.4666323 ], [ 13.2591688, 52.466649 ], [ 13.2598856, 52.466810099999989 ], [ 13.2605896, 52.4671679 ], [ 13.2607241, 52.4673216 ], [ 13.2615964, 52.4678052 ], [ 13.2624236, 52.46806560000001 ], [ 13.2628055, 52.4683046 ], [ 13.263743, 52.469203099999987 ], [ 13.2640001, 52.469663 ], [ 13.2640917, 52.470067 ], [ 13.2641819, 52.4701185 ], [ 13.2642943, 52.4705543 ], [ 13.2645704, 52.4707984 ], [ 13.2647625, 52.4709384 ], [ 13.2648511, 52.4710346 ], [ 13.2648702, 52.4711528 ], [ 13.2647883, 52.471265 ], [ 13.2648763, 52.4713174 ], [ 13.2650112, 52.471320499999983 ], [ 13.2654812, 52.4719009 ], [ 13.2654616, 52.4719482 ], [ 13.2654419, 52.471995399999983 ], [ 13.2653964, 52.4720359 ], [ 13.2654305, 52.4720708 ], [ 13.2656323, 52.4720653 ], [ 13.2658909, 52.4722604 ], [ 13.2663565, 52.47262 ], [ 13.2663434, 52.4727607 ], [ 13.2662844, 52.4727724 ], [ 13.2662898, 52.4728412 ], [ 13.2664347, 52.4730221 ], [ 13.2666769, 52.4731754 ], [ 13.2669256, 52.4732381 ], [ 13.2671755, 52.47363 ], [ 13.2672489, 52.473745 ], [ 13.267288, 52.4738979 ], [ 13.2672982, 52.4740622 ], [ 13.26727, 52.4741827 ], [ 13.2671875, 52.4742525 ], [ 13.2671272, 52.474278900000016 ], [ 13.2670703, 52.4743039 ], [ 13.2669924, 52.4742912 ], [ 13.2669362, 52.4742975 ], [ 13.2668762, 52.4743108 ], [ 13.2667677, 52.4743409 ], [ 13.2665506, 52.4743849 ], [ 13.2664108, 52.4744032 ], [ 13.2662443, 52.474412 ], [ 13.2661076, 52.4744074 ], [ 13.2660231, 52.4743993 ], [ 13.2659663, 52.4743911 ], [ 13.2659297, 52.4743812 ], [ 13.2658943, 52.474365 ], [ 13.2658608, 52.4743402 ], [ 13.2658282, 52.4743112 ], [ 13.265422, 52.4740907 ], [ 13.2652876, 52.4739948 ], [ 13.2651122, 52.4739058 ], [ 13.2650741, 52.4738709 ], [ 13.2650603, 52.4738519 ], [ 13.2650616, 52.4737791 ], [ 13.2650539, 52.4737663 ], [ 13.2650329, 52.4737549 ], [ 13.2650093, 52.4737439 ], [ 13.2649957, 52.4737269 ], [ 13.2649862, 52.4737105 ], [ 13.2649678, 52.473696499999988 ], [ 13.2649406, 52.4736838 ], [ 13.2649169, 52.473676 ], [ 13.2648868, 52.473667 ], [ 13.2648623, 52.473654 ], [ 13.2648319, 52.473639 ], [ 13.264819, 52.4736228 ], [ 13.2647241, 52.473319499999988 ], [ 13.264531, 52.4732436 ], [ 13.2643523, 52.472566 ], [ 13.2642451, 52.4725043 ], [ 13.2641315, 52.472419 ], [ 13.2639379, 52.4723789 ], [ 13.2636015, 52.4722261 ], [ 13.2633631, 52.4721735 ], [ 13.263265, 52.4720732 ], [ 13.2630005, 52.4719874 ], [ 13.2628207, 52.4716282 ], [ 13.262668, 52.4715602 ], [ 13.2624909, 52.4711141 ], [ 13.2625153, 52.471033 ], [ 13.2624826, 52.4709247 ], [ 13.2623526, 52.4708365 ], [ 13.2618025, 52.4702211 ], [ 13.2616474, 52.4700661 ], [ 13.2616042, 52.4699398 ], [ 13.2616691, 52.4699003 ], [ 13.2616128, 52.4697763 ], [ 13.2615317, 52.4697704 ], [ 13.2614196, 52.469508699999984 ], [ 13.2613275, 52.4694302 ], [ 13.2612569, 52.4694223 ], [ 13.261206, 52.4694552 ], [ 13.2611479, 52.4694747 ], [ 13.2611198, 52.469409 ], [ 13.2611639, 52.4693607 ], [ 13.2611624, 52.469312 ], [ 13.2610807, 52.4692728 ], [ 13.2609599, 52.4692739 ], [ 13.2608594, 52.4692796 ], [ 13.26073, 52.469333 ], [ 13.260673, 52.4693779 ], [ 13.2605244, 52.4693381 ], [ 13.2601066, 52.4691899 ], [ 13.2598791, 52.4692677 ], [ 13.2597703, 52.469258 ], [ 13.2597334, 52.4692212 ], [ 13.259801, 52.46908650000001 ], [ 13.2597497, 52.4690557 ], [ 13.2596196, 52.4690287 ], [ 13.2593359, 52.4689755 ], [ 13.2590125, 52.4689144 ], [ 13.2589331, 52.4687935 ], [ 13.2586644, 52.4685907 ], [ 13.2583969, 52.4685457 ], [ 13.2581544, 52.4684223 ], [ 13.2580729, 52.4683236 ], [ 13.2580574, 52.4682223 ], [ 13.2579721, 52.4680177 ], [ 13.2577727, 52.4679167 ], [ 13.2576035, 52.4678693 ], [ 13.257418, 52.4678527 ], [ 13.257174, 52.4678367 ], [ 13.2571336, 52.4677997 ] ] ] } },
{ "type": "Feature", "properties": { "name": "Kleiner Wannsee", "name_norm": "kleiner wannsee", "natural": "water", "water": "lake", "wikidata": "Q453692", "area_sqkm": 0.19154524417173913, "centroid_lon": 13.162966850386482, "centroid_lat": 52.416771885405836 }, "geometry": { "type": "Polygon", "coordinates": [ [ [ 13.1540179, 52.4122683 ], [ 13.1539744, 52.412152199999987 ], [ 13.1543638, 52.4114804 ], [ 13.1544912, 52.411526 ], [ 13.1545497, 52.4116145 ], [ 13.1545979, 52.411818199999985 ], [ 13.1550162, 52.4120438 ], [ 13.1551902, 52.4121859 ], [ 13.1554687, 52.4126245 ], [ 13.1557252, 52.4132468 ], [ 13.1558923, 52.4134721 ], [ 13.1560401, 52.413543499999989 ], [ 13.1564421, 52.4139253 ], [ 13.1564855, 52.413988 ], [ 13.1565602, 52.4140715 ], [ 13.1569662, 52.4142487 ], [ 13.1573501, 52.4144292 ], [ 13.1576397, 52.4145729 ], [ 13.1578648, 52.4146841 ], [ 13.158116, 52.4147941 ], [ 13.1581732, 52.4148548 ], [ 13.1587749, 52.415158399999989 ], [ 13.1587977, 52.4151678 ], [ 13.1589137, 52.4151916 ], [ 13.1589878, 52.4152067 ], [ 13.1592047, 52.4152512 ], [ 13.1593457, 52.4152801 ], [ 13.1596016, 52.4153325 ], [ 13.1596618, 52.4153596 ], [ 13.1597009, 52.4153772 ], [ 13.1597453, 52.4154006 ], [ 13.1600859, 52.4155805 ], [ 13.1601371, 52.4155928 ], [ 13.1602122, 52.4156347 ], [ 13.1603027, 52.4156852 ], [ 13.1603728, 52.4157832 ], [ 13.1604545, 52.415869899999976 ], [ 13.160533, 52.4159174 ], [ 13.1606203, 52.4159416 ], [ 13.1607281, 52.4159382 ], [ 13.1608228, 52.4159216 ], [ 13.160911, 52.415876 ], [ 13.1610509, 52.41574030000001 ], [ 13.161246, 52.4157583 ], [ 13.1613926, 52.4156934 ], [ 13.1614778, 52.415681 ], [ 13.1615442, 52.4156103 ], [ 13.1616178, 52.415626 ], [ 13.1616006, 52.4156616 ], [ 13.161667, 52.415676399999988 ], [ 13.161683, 52.4156727 ], [ 13.161742, 52.4156026 ], [ 13.161776, 52.4155765 ], [ 13.161972, 52.415588 ], [ 13.1623542, 52.4156308 ], [ 13.162352, 52.4156494 ], [ 13.1626213, 52.415703699999987 ], [ 13.1627166, 52.4157501 ], [ 13.1627031, 52.4158371 ], [ 13.1629384, 52.416014 ], [ 13.163113, 52.416203 ], [ 13.1631892, 52.4163073 ], [ 13.1635348, 52.416551399999989 ], [ 13.1637236, 52.4166089 ], [ 13.1637641, 52.4166213 ], [ 13.1637786, 52.4166139 ], [ 13.1641578, 52.4167092 ], [ 13.1641293, 52.4167561 ], [ 13.1640893, 52.4167489 ], [ 13.1640755, 52.4167766 ], [ 13.1641915, 52.4168055 ], [ 13.1642608, 52.4167689 ], [ 13.1643577, 52.4168065 ], [ 13.164579, 52.4168996 ], [ 13.1647542, 52.4170129 ], [ 13.1649811, 52.4170637 ], [ 13.1652382, 52.417115 ], [ 13.1653864, 52.417135399999985 ], [ 13.1657716, 52.417175899999982 ], [ 13.1661559, 52.4173408 ], [ 13.1663504, 52.4173342 ], [ 13.1664333, 52.4172966 ], [ 13.1666446, 52.417213100000012 ], [ 13.1667199, 52.4172066 ], [ 13.1667977, 52.4172547 ], [ 13.1668626, 52.4172948 ], [ 13.1669711, 52.417374100000011 ], [ 13.1674618, 52.4174166 ], [ 13.1677818, 52.4175014 ], [ 13.1678314, 52.41751450000001 ], [ 13.1681154, 52.4176277 ], [ 13.1682642, 52.417687 ], [ 13.1685224, 52.4178524 ], [ 13.1685641, 52.4178791 ], [ 13.1686903, 52.4179528 ], [ 13.168739, 52.417981199999986 ], [ 13.1687634, 52.4180184 ], [ 13.1690696, 52.4181715 ], [ 13.1691814, 52.4182347 ], [ 13.1692424, 52.4182691 ], [ 13.1693488, 52.418306 ], [ 13.169637, 52.4184061 ], [ 13.169852, 52.4185111 ], [ 13.1698456, 52.4185238 ], [ 13.170042, 52.418588 ], [ 13.1702847, 52.4187232 ], [ 13.1704788, 52.4188236 ], [ 13.170473, 52.4188292 ], [ 13.1706061, 52.4188968 ], [ 13.1706619, 52.41893 ], [ 13.1706936, 52.4189664 ], [ 13.1707239, 52.4189913 ], [ 13.1710601, 52.4191612 ], [ 13.1711014, 52.4191766 ], [ 13.1711302, 52.419195299999984 ], [ 13.1711656, 52.4192121 ], [ 13.1712339, 52.419231 ], [ 13.1713696, 52.4192892 ], [ 13.1714365, 52.4193156 ], [ 13.1715054, 52.4193216 ], [ 13.1721052, 52.41975 ], [ 13.1722433, 52.4197806 ], [ 13.1723581, 52.4198133 ], [ 13.1724201, 52.4198274 ], [ 13.1727245, 52.419803 ], [ 13.1727237, 52.4198762 ], [ 13.1727818, 52.4198772 ], [ 13.1728234, 52.419878 ], [ 13.1731859, 52.4198666 ], [ 13.1733812, 52.4198578 ], [ 13.173385, 52.4198877 ], [ 13.1736496, 52.41988 ], [ 13.173722, 52.41987420000001 ], [ 13.1738099, 52.420121399999985 ], [ 13.1728926, 52.4203728 ], [ 13.1728092, 52.420366800000011 ], [ 13.1726549, 52.4203501 ], [ 13.172518, 52.4203476 ], [ 13.1717975, 52.420427 ], [ 13.1716396, 52.4205305 ], [ 13.1716126, 52.4206622 ], [ 13.1712563, 52.4206812 ], [ 13.1711755, 52.42062820000001 ], [ 13.1709946, 52.4205526 ], [ 13.1708371, 52.4205136 ], [ 13.1706615, 52.4204738 ], [ 13.1705075, 52.4204387 ], [ 13.17031, 52.420382 ], [ 13.1701518, 52.420317 ], [ 13.1699366, 52.420235 ], [ 13.1698754, 52.4201871 ], [ 13.1697446, 52.4201266 ], [ 13.169703, 52.4201016 ], [ 13.1696013, 52.42003960000001 ], [ 13.1694873, 52.4199933 ], [ 13.1691062, 52.4198407 ], [ 13.1689193, 52.4197656 ], [ 13.1681825, 52.4193176 ], [ 13.1680026, 52.4192651 ], [ 13.16789, 52.4192275 ], [ 13.1675468, 52.419112699999985 ], [ 13.1674252, 52.4190721 ], [ 13.167411, 52.4190673 ], [ 13.1671391, 52.4189659 ], [ 13.1670509, 52.418933 ], [ 13.1666475, 52.4187998 ], [ 13.1662945, 52.4186896 ], [ 13.1662453, 52.4186673 ], [ 13.1659785, 52.4185465 ], [ 13.1658086, 52.4184131 ], [ 13.1656889, 52.418253499999985 ], [ 13.1656089, 52.4181443 ], [ 13.1655688, 52.4180297 ], [ 13.1655149, 52.4180113 ], [ 13.1650704, 52.417878 ], [ 13.164848, 52.4178113 ], [ 13.1646061, 52.4177274 ], [ 13.1643729, 52.4176219 ], [ 13.1642212, 52.4175806 ], [ 13.1639501, 52.417535199999989 ], [ 13.1638467, 52.41743850000001 ], [ 13.1638709, 52.417415600000012 ], [ 13.1637925, 52.4173585 ], [ 13.1637559, 52.41734 ], [ 13.1636762, 52.4173379 ], [ 13.1635882, 52.417287 ], [ 13.1634972, 52.417291 ], [ 13.1634629, 52.41726950000001 ], [ 13.1635263, 52.417189 ], [ 13.1635363, 52.4171762 ], [ 13.1634826, 52.4171384 ], [ 13.1632073, 52.4170999 ], [ 13.1630157, 52.4170377 ], [ 13.1628439, 52.416994699999989 ], [ 13.1625709, 52.4169068 ], [ 13.1624593, 52.4167962 ], [ 13.1623388, 52.4167135 ], [ 13.1620463, 52.4166819 ], [ 13.1616659, 52.4166475 ], [ 13.1614114, 52.4166245 ], [ 13.1606699, 52.4165762 ], [ 13.1601089, 52.4165396 ], [ 13.160125, 52.416447 ], [ 13.160101, 52.416445599999989 ], [ 13.1600763, 52.4164442 ], [ 13.1600624, 52.4164918 ], [ 13.1594665, 52.4164541 ], [ 13.1593775, 52.4164772 ], [ 13.1588098, 52.4163607 ], [ 13.1582732, 52.416204499999985 ], [ 13.1580531, 52.4161473 ], [ 13.1578279, 52.4161025 ], [ 13.1577949, 52.4160653 ], [ 13.1577753, 52.4160036 ], [ 13.1577723, 52.4159379 ], [ 13.1577256, 52.4158736 ], [ 13.1576365, 52.4158519 ], [ 13.1576262, 52.4158871 ], [ 13.1575968, 52.4159325 ], [ 13.1575245, 52.4159223 ], [ 13.1575543, 52.4158758 ], [ 13.1573923, 52.4158434 ], [ 13.1568842, 52.4157418 ], [ 13.1565834, 52.4155398 ], [ 13.1561458, 52.4154046 ], [ 13.1557794, 52.4153093 ], [ 13.155709, 52.415291 ], [ 13.15562, 52.4152678 ], [ 13.1551926, 52.4151567 ], [ 13.1549419, 52.4150274 ], [ 13.1547882, 52.41495110000001 ], [ 13.1545062, 52.414703299999985 ], [ 13.1544123, 52.4142536 ], [ 13.1543767, 52.4140832 ], [ 13.1543796, 52.4140703 ], [ 13.1544287, 52.4138502 ], [ 13.1544558, 52.4136406 ], [ 13.1544871, 52.4134013 ], [ 13.1544865, 52.4132987 ], [ 13.1544542, 52.4130071 ], [ 13.154383, 52.4129165 ], [ 13.1543291, 52.4126335 ], [ 13.1540626, 52.4123879 ], [ 13.1540179, 52.4122683 ] ] ] } },
{ "type": "Feature", "properties": { "name": "Stölpchensee", "name_norm": "stolpchensee", "natural": "water", "water": "lake", "wikidata": "Q2360565", "area_sqkm": 0.088915446033784595, "centroid_lon": 13.14061685672986, "centroid_lat": 52.40898715575846 }, "geometry": { "type": "Polygon", "coordinates": [ [ [ 13.142898, 52.4102764 ], [ 13.142875, 52.4104343 ], [ 13.1428593, 52.410551199999986 ], [ 13.1427897, 52.4105593 ], [ 13.1427073, 52.410598 ], [ 13.1426408, 52.410647 ], [ 13.1425161, 52.4107803 ], [ 13.142386, 52.4108897 ], [ 13.1421168, 52.4110063 ], [ 13.1417745, 52.4110786 ], [ 13.141695, 52.4110786 ], [ 13.1414849, 52.41107860000001 ], [ 13.1413305, 52.4110614 ], [ 13.1410379, 52.4110363 ], [ 13.1407463, 52.4110002 ], [ 13.1406103, 52.4109568 ], [ 13.1404214, 52.4108813 ], [ 13.1402151, 52.4107789 ], [ 13.1401989, 52.4107627 ], [ 13.1400993, 52.4106815 ], [ 13.1400283, 52.4106128 ], [ 13.1398757, 52.4104733 ], [ 13.139657, 52.4102944 ], [ 13.1395369, 52.4101845 ], [ 13.1394268, 52.4100656 ], [ 13.1393396, 52.4099321 ], [ 13.1392894, 52.4098344 ], [ 13.1392717, 52.409730699999983 ], [ 13.1392377, 52.409573 ], [ 13.1392139, 52.409528199999983 ], [ 13.1390557, 52.4092309 ], [ 13.1389285, 52.4089492 ], [ 13.1387141, 52.4085746 ], [ 13.1385803, 52.4083981 ], [ 13.1385039, 52.4082662 ], [ 13.138462, 52.4081228 ], [ 13.138493, 52.407980699999989 ], [ 13.138538, 52.4078115 ], [ 13.1386246, 52.4076509 ], [ 13.1387233, 52.4075719 ], [ 13.1388733, 52.4074645 ], [ 13.1391403, 52.4073563 ], [ 13.1392151, 52.4073014 ], [ 13.1393436, 52.4071811 ], [ 13.1395777, 52.4070315 ], [ 13.1397377, 52.4069973 ], [ 13.1399723, 52.4070109 ], [ 13.1400413, 52.4070294 ], [ 13.1401632, 52.4070979 ], [ 13.1403028, 52.4071226 ], [ 13.1403684, 52.4071209 ], [ 13.1404898, 52.4071147 ], [ 13.1405572, 52.4071046 ], [ 13.1406157, 52.407087 ], [ 13.1406493, 52.4070721 ], [ 13.1406874, 52.4070285 ], [ 13.1407107, 52.4069654 ], [ 13.1407675, 52.406916299999985 ], [ 13.1408146, 52.4068771 ], [ 13.1409913, 52.4068771 ], [ 13.1411962, 52.4068771 ], [ 13.1412895, 52.406935699999984 ], [ 13.1413866, 52.4069699 ], [ 13.1414829, 52.407023899999984 ], [ 13.1415758, 52.4070684 ], [ 13.1416599, 52.407105 ], [ 13.1417245, 52.407154 ], [ 13.1417471, 52.407214 ], [ 13.1417622, 52.4072804 ], [ 13.1417676, 52.4073577 ], [ 13.1417564, 52.407432 ], [ 13.1417666, 52.407499499999986 ], [ 13.1418053, 52.4076038 ], [ 13.1418355, 52.4076991 ], [ 13.1418005, 52.4078416 ], [ 13.1417826, 52.408141 ], [ 13.1417462, 52.4083088 ], [ 13.1417548, 52.4085497 ], [ 13.1418167, 52.4087843 ], [ 13.1418443, 52.408831 ], [ 13.1419635, 52.4090475 ], [ 13.1421257, 52.4093646 ], [ 13.1422081, 52.4095353 ], [ 13.1423455, 52.4098555 ], [ 13.142357, 52.4098721 ], [ 13.1424613, 52.4100222 ], [ 13.1426484, 52.410174 ], [ 13.1427976, 52.4102322 ], [ 13.142898, 52.4102764 ] ] ] } },
{ "type": "Feature", "properties": { "name": "Glienicker See", "name_norm": "glienicker see", "natural": "water", "water": "lake", "wikidata": "Q1531392", "area_sqkm": 0.18534157858134626, "centroid_lon": 13.0927851111169, "centroid_lat": 52.410990319493507 }, "geometry": { "type": "Polygon", "coordinates": [ [ [ 13.0884501, 52.4108003 ], [ 13.0912809, 52.4099337 ], [ 13.0916259, 52.4099467 ], [ 13.0918461, 52.4099256 ], [ 13.0919742, 52.4099012 ], [ 13.0921983, 52.4098912 ], [ 13.092431, 52.4098603 ], [ 13.0928695, 52.4098291 ], [ 13.0930287, 52.409767 ], [ 13.0932587, 52.4096715 ], [ 13.0933771, 52.4096357 ], [ 13.0934583, 52.4096247 ], [ 13.0935012, 52.4096324 ], [ 13.0936127, 52.4095878 ], [ 13.0937207, 52.4095701 ], [ 13.093901, 52.4095541 ], [ 13.0939861, 52.4095428 ], [ 13.0940373, 52.4095111 ], [ 13.0941515, 52.4095022 ], [ 13.0942063, 52.4095089 ], [ 13.0942624, 52.4095157 ], [ 13.0944197, 52.4094847 ], [ 13.0947748, 52.4094516 ], [ 13.0950373, 52.4093975 ], [ 13.0954561, 52.4092547 ], [ 13.0956592, 52.4090891 ], [ 13.0958102, 52.4089836 ], [ 13.0961177, 52.4087909 ], [ 13.0962659, 52.4087292 ], [ 13.0962912, 52.4087623 ], [ 13.096356, 52.4087432 ], [ 13.0963753, 52.4087504 ], [ 13.0963974, 52.4087521 ], [ 13.0964204, 52.4087476 ], [ 13.096434, 52.4087405 ], [ 13.0964439, 52.408729399999984 ], [ 13.096446, 52.4087166 ], [ 13.0965996, 52.4086712 ], [ 13.0966536, 52.4086978 ], [ 13.0967578, 52.4087322 ], [ 13.0968297, 52.4087678 ], [ 13.0971221, 52.4088125 ], [ 13.0973323, 52.4087724 ], [ 13.0976306, 52.4088198 ], [ 13.0977368, 52.4088004 ], [ 13.097839, 52.4087449 ], [ 13.0980297, 52.408676899999989 ], [ 13.0983521, 52.4087229 ], [ 13.0984606, 52.4087512 ], [ 13.0985657, 52.4087379 ], [ 13.0987308, 52.4087251 ], [ 13.0988965, 52.4087192 ], [ 13.0989493, 52.4087001 ], [ 13.099105, 52.4086772 ], [ 13.0992404, 52.4086886 ], [ 13.0994886, 52.4086356 ], [ 13.0995253, 52.4086517 ], [ 13.0996835, 52.4086628 ], [ 13.0999325, 52.4086148 ], [ 13.0999868, 52.408821799999984 ], [ 13.0999479, 52.4088464 ], [ 13.099922, 52.4088906 ], [ 13.0998883, 52.4090246 ], [ 13.0998373, 52.4091058 ], [ 13.0995314, 52.4092455 ], [ 13.0994394, 52.409261599999986 ], [ 13.0993544, 52.4093218 ], [ 13.0989913, 52.4095234 ], [ 13.0989288, 52.4095581 ], [ 13.0987667, 52.4096289 ], [ 13.0986612, 52.409674899999985 ], [ 13.0984699, 52.409721 ], [ 13.0983659, 52.40971960000001 ], [ 13.0982032, 52.4097722 ], [ 13.0981592, 52.409857099999989 ], [ 13.0981289, 52.4099176 ], [ 13.098119, 52.4099743 ], [ 13.0980285, 52.409943799999986 ], [ 13.0979513, 52.4099234 ], [ 13.0978584, 52.4099259 ], [ 13.0977812, 52.4099488 ], [ 13.0977397, 52.4099747 ], [ 13.0977027, 52.410000199999985 ], [ 13.097681, 52.4100362 ], [ 13.0976735, 52.4100683 ], [ 13.0976699, 52.4101141 ], [ 13.0976838, 52.4101436 ], [ 13.0977103, 52.4101801 ], [ 13.097692, 52.410219699999978 ], [ 13.0974822, 52.4102995 ], [ 13.0974237, 52.4102628 ], [ 13.0972101, 52.4103102 ], [ 13.0970873, 52.4103004 ], [ 13.096839, 52.4102772 ], [ 13.0966981, 52.4102425 ], [ 13.0963279, 52.4101926 ], [ 13.0960065, 52.4102479 ], [ 13.0959031, 52.410333 ], [ 13.0957651, 52.4103928 ], [ 13.0956021, 52.4105048 ], [ 13.0953899, 52.4107294 ], [ 13.0953704, 52.4107408 ], [ 13.0951174, 52.4108891 ], [ 13.0949923, 52.4109603 ], [ 13.0948101, 52.4111086 ], [ 13.0946796, 52.4112125 ], [ 13.0944477, 52.4112113 ], [ 13.0942783, 52.4113214 ], [ 13.0942285, 52.4113843 ], [ 13.0941504, 52.4115947 ], [ 13.0940241, 52.4119408 ], [ 13.0939535, 52.4120323 ], [ 13.0937871, 52.4121544 ], [ 13.0937009, 52.4122623 ], [ 13.0936605, 52.4122809 ], [ 13.0936325, 52.4122893 ], [ 13.0933961, 52.412357900000011 ], [ 13.0931439, 52.412438 ], [ 13.092823, 52.412418 ], [ 13.0926647, 52.4124404 ], [ 13.0924989, 52.4125155 ], [ 13.092361, 52.4125802 ], [ 13.0922164, 52.412643599999988 ], [ 13.0920694, 52.41269590000001 ], [ 13.091916, 52.4127499 ], [ 13.0918699, 52.4127601 ], [ 13.0918093, 52.4127534 ], [ 13.0917368, 52.4127798 ], [ 13.0916497, 52.412815 ], [ 13.0916264, 52.412813 ], [ 13.0916087, 52.4128129 ], [ 13.0915847, 52.4128116 ], [ 13.0915693, 52.412819199999987 ], [ 13.0915697, 52.4128283 ], [ 13.0914704, 52.4129186 ], [ 13.0913673, 52.4130063 ], [ 13.0913598, 52.413002400000011 ], [ 13.0913358, 52.4130239 ], [ 13.0912941, 52.4130589 ], [ 13.0912528, 52.413103 ], [ 13.0912236, 52.413179699999986 ], [ 13.0912144, 52.4132038 ], [ 13.0911935, 52.4132677 ], [ 13.0911876, 52.4132901 ], [ 13.0911833, 52.413314 ], [ 13.0911855, 52.4133815 ], [ 13.0911861, 52.4135421 ], [ 13.0911855, 52.4135866 ], [ 13.0911966, 52.4136368 ], [ 13.0892202, 52.4136735 ], [ 13.0892452, 52.4135948 ], [ 13.089246, 52.4135378 ], [ 13.0892451, 52.413387199999988 ], [ 13.0892436, 52.4133295 ], [ 13.0892247, 52.4132797 ], [ 13.0892047, 52.4132233 ], [ 13.0892035, 52.4131284 ], [ 13.0891189, 52.4130842 ], [ 13.0890146, 52.413044 ], [ 13.0888867, 52.4129326 ], [ 13.0886865, 52.4128347 ], [ 13.0886144, 52.4128045 ], [ 13.0885674, 52.4128086 ], [ 13.0885244, 52.4127943 ], [ 13.0884594, 52.412759799999989 ], [ 13.0883847, 52.41272 ], [ 13.0882917, 52.4126548 ], [ 13.0881996, 52.4125319 ], [ 13.0879344, 52.4120637 ], [ 13.0878957, 52.4119125 ], [ 13.0879089, 52.4117344 ], [ 13.0884501, 52.4108003 ] ] ] } },
{ "type": "Feature", "properties": { "name": "Großer Wannsee", "name_norm": "großer wannsee", "natural": "water", "water": "lake", "wikidata": "Q3908364", "area_sqkm": 1.4224270990422252, "centroid_lon": 13.172864320424747, "centroid_lat": 52.427874129575649 }, "geometry": { "type": "Polygon", "coordinates": [ [ [ 13.1675082, 52.4327205 ], [ 13.1675403, 52.4326689 ], [ 13.1675617, 52.43261 ], [ 13.1675427, 52.4325351 ], [ 13.1674822, 52.432458299999986 ], [ 13.1674332, 52.4323937 ], [ 13.1673848, 52.4323309 ], [ 13.1673301, 52.4322452 ], [ 13.1673406, 52.4321419 ], [ 13.1673352, 52.4321214 ], [ 13.167324, 52.432079499999986 ], [ 13.1672389, 52.431759 ], [ 13.1671955, 52.4315956 ], [ 13.1671781, 52.4315302 ], [ 13.1671252, 52.4313308 ], [ 13.1671168, 52.4312992 ], [ 13.1671107, 52.4312068 ], [ 13.1670538, 52.4310672 ], [ 13.1669853, 52.4310372 ], [ 13.1669639, 52.43099560000001 ], [ 13.1669272, 52.4309185 ], [ 13.1668471, 52.4307453 ], [ 13.1668286, 52.4307019 ], [ 13.1668008, 52.43063260000001 ], [ 13.1667461, 52.4305099 ], [ 13.1667434, 52.4304813 ], [ 13.166668, 52.4303306 ], [ 13.1666615, 52.4302023 ], [ 13.1666623, 52.4300867 ], [ 13.1666539, 52.4300498 ], [ 13.1666163, 52.4299698 ], [ 13.1665705, 52.4297754 ], [ 13.1665489, 52.4296838 ], [ 13.1665312, 52.42960870000001 ], [ 13.1664791, 52.429525499999983 ], [ 13.1665951, 52.429334499999989 ], [ 13.1666216, 52.429196 ], [ 13.1668212, 52.4287477 ], [ 13.1668463, 52.4285565 ], [ 13.1668493, 52.4285335 ], [ 13.1667229, 52.4284104 ], [ 13.1666719, 52.4283538 ], [ 13.1666343, 52.4283282 ], [ 13.1663558, 52.4281633 ], [ 13.1663128, 52.4281362 ], [ 13.1661505, 52.4280947 ], [ 13.1659896, 52.4280527 ], [ 13.1659008, 52.4280307 ], [ 13.165549, 52.4279909 ], [ 13.1654811, 52.427964899999985 ], [ 13.1653856, 52.4279358 ], [ 13.1651309, 52.4278573 ], [ 13.1649135, 52.4277882 ], [ 13.1648639, 52.4277729 ], [ 13.1647871, 52.4277554 ], [ 13.1646252, 52.427702699999983 ], [ 13.16455, 52.427679 ], [ 13.164344, 52.4276116 ], [ 13.1641096, 52.427536399999987 ], [ 13.1638665, 52.4274582 ], [ 13.1636969, 52.427382299999984 ], [ 13.1636933, 52.427300099999989 ], [ 13.163628, 52.4272402 ], [ 13.1634871, 52.4272043 ], [ 13.1633834, 52.4271917 ], [ 13.1633068, 52.4271494 ], [ 13.1631457, 52.427041499999987 ], [ 13.1630028, 52.4269458 ], [ 13.1628041, 52.4268075 ], [ 13.1626745, 52.426709 ], [ 13.1625942, 52.426647 ], [ 13.1624953, 52.4265434 ], [ 13.1623375, 52.42637460000001 ], [ 13.1622903, 52.4263274 ], [ 13.1622489, 52.4262672 ], [ 13.1621527, 52.4261244 ], [ 13.1621007, 52.4260475 ], [ 13.1619401, 52.4257826 ], [ 13.1618971, 52.4257102 ], [ 13.1618674, 52.4253007 ], [ 13.1616543, 52.4252606 ], [ 13.1616964, 52.4251479 ], [ 13.1617227, 52.4250739 ], [ 13.1617901, 52.42507950000001 ], [ 13.161826, 52.4250074 ], [ 13.1618514, 52.424952 ], [ 13.1618611, 52.4249317 ], [ 13.1618946, 52.424842 ], [ 13.1619005, 52.4248263 ], [ 13.1619377, 52.4246528 ], [ 13.1619693, 52.4245897 ], [ 13.1619975, 52.4245332 ], [ 13.1620057, 52.4245121 ], [ 13.1620611, 52.4244 ], [ 13.1620401, 52.4243752 ], [ 13.1621029, 52.424283599999988 ], [ 13.1622558, 52.4240644 ], [ 13.1622615, 52.4240623 ], [ 13.1623429, 52.4240327 ], [ 13.1624053, 52.4239851 ], [ 13.1624765, 52.4239057 ], [ 13.1625957, 52.4237937 ], [ 13.1626242, 52.4237652 ], [ 13.1627182, 52.423678699999982 ], [ 13.1627997, 52.4236023 ], [ 13.1628135, 52.423530399999983 ], [ 13.1628944, 52.4234781 ], [ 13.1630408, 52.4233834 ], [ 13.1631315, 52.4233247 ], [ 13.1632517, 52.4232555 ], [ 13.1634346, 52.4231543 ], [ 13.1636063, 52.4230718 ], [ 13.1637474, 52.423004 ], [ 13.1637845, 52.4229916 ], [ 13.1639076, 52.4229449 ], [ 13.1641474, 52.4228566 ], [ 13.1644889, 52.4227342 ], [ 13.164568, 52.4226981 ], [ 13.1649516, 52.4225474 ], [ 13.1650899, 52.42251370000001 ], [ 13.1653457, 52.422452899999989 ], [ 13.1654977, 52.4224089 ], [ 13.1656028, 52.4223831 ], [ 13.1656421, 52.4223723 ], [ 13.1657192, 52.4223867 ], [ 13.1654537, 52.4224552 ], [ 13.1657729, 52.4224364 ], [ 13.1658577, 52.422414299999986 ], [ 13.165889, 52.4224068 ], [ 13.1661986, 52.42234280000001 ], [ 13.1662506, 52.4223309 ], [ 13.1664448, 52.4222936 ], [ 13.1669477, 52.422201200000011 ], [ 13.1672492, 52.4221365 ], [ 13.1673972, 52.4220895 ], [ 13.1675922, 52.4220464 ], [ 13.1679133, 52.4219915 ], [ 13.167964, 52.4219808 ], [ 13.1685293, 52.4218853 ], [ 13.1688319, 52.4218347 ], [ 13.1691581, 52.4217742 ], [ 13.1695306, 52.4217096 ], [ 13.169938, 52.4216402 ], [ 13.1702121, 52.4215929 ], [ 13.1703061, 52.4215766 ], [ 13.1706471, 52.4215176 ], [ 13.1706998, 52.4215087 ], [ 13.1707526, 52.4215184 ], [ 13.1709456, 52.4214778 ], [ 13.170972, 52.4214587 ], [ 13.1709898, 52.4214459 ], [ 13.1711356, 52.4214057 ], [ 13.1711483, 52.4213929 ], [ 13.1711961, 52.4213446 ], [ 13.1712432, 52.421272399999985 ], [ 13.1713109, 52.4211058 ], [ 13.1713169, 52.4210228 ], [ 13.1712996, 52.4209527 ], [ 13.1712563, 52.4206812 ], [ 13.1716126, 52.4206622 ], [ 13.1716585, 52.4209335 ], [ 13.1716675, 52.4210776 ], [ 13.1718006, 52.4212262 ], [ 13.1718697, 52.4213182 ], [ 13.1719618, 52.4213804 ], [ 13.1720776, 52.421412 ], [ 13.1721599, 52.4214042 ], [ 13.1722598, 52.4214042 ], [ 13.1723604, 52.4213909 ], [ 13.1724727, 52.4213371 ], [ 13.1726146, 52.4212614 ], [ 13.1726221, 52.4212274 ], [ 13.172673, 52.421202099999988 ], [ 13.1727625, 52.4211887 ], [ 13.172907, 52.4211509 ], [ 13.1730398, 52.4210915 ], [ 13.1731339, 52.4210667 ], [ 13.1733904, 52.4209992 ], [ 13.1735566, 52.4209601 ], [ 13.173736, 52.420918 ], [ 13.173872, 52.420887 ], [ 13.173948, 52.420876 ], [ 13.1740589, 52.4208717 ], [ 13.1742135, 52.4208657 ], [ 13.1745038, 52.4209038 ], [ 13.1745675, 52.420925399999987 ], [ 13.1746555, 52.4209551 ], [ 13.1748523, 52.4210649 ], [ 13.1751304, 52.421221 ], [ 13.1751492, 52.4212324 ], [ 13.1751615, 52.4212414 ], [ 13.1751737, 52.421252699999989 ], [ 13.1751852, 52.421263399999987 ], [ 13.1751963, 52.4212716 ], [ 13.1752528, 52.4213251 ], [ 13.175261, 52.4213362 ], [ 13.1752423, 52.4213667 ], [ 13.175372, 52.4214923 ], [ 13.1754246, 52.4214912 ], [ 13.1755045, 52.421572 ], [ 13.1755146, 52.4215814 ], [ 13.175524, 52.4215897 ], [ 13.1757436, 52.4218009 ], [ 13.1757205, 52.421831 ], [ 13.1757932, 52.4219024 ], [ 13.1758154, 52.421924 ], [ 13.1758338, 52.4219418 ], [ 13.1759062, 52.4220079 ], [ 13.1759558, 52.4220104 ], [ 13.1761133, 52.422162899999989 ], [ 13.1762479, 52.422295899999988 ], [ 13.1762204, 52.422341699999983 ], [ 13.1762846, 52.422413 ], [ 13.1762938, 52.422423499999987 ], [ 13.1763034, 52.4224343 ], [ 13.1764011, 52.4225495 ], [ 13.1764551, 52.4226122 ], [ 13.1764643, 52.4226228 ], [ 13.1764752, 52.4226355 ], [ 13.1765855, 52.4227634 ], [ 13.1766483, 52.422768899999987 ], [ 13.1766592, 52.4227597 ], [ 13.1770084, 52.4231822 ], [ 13.1773034, 52.4235631 ], [ 13.1773607, 52.4236372 ], [ 13.1776824, 52.4240703 ], [ 13.1779161, 52.424345799999983 ], [ 13.1779842, 52.4244262 ], [ 13.1783697, 52.4248363 ], [ 13.1788837, 52.4253817 ], [ 13.1789937, 52.4255104 ], [ 13.1795569, 52.4261043 ], [ 13.1804794, 52.4271194 ], [ 13.1819907, 52.4288233 ], [ 13.1820639, 52.428883399999989 ], [ 13.1823047, 52.4291584 ], [ 13.1823925, 52.4292604 ], [ 13.1824794, 52.429354099999983 ], [ 13.1825004, 52.4293773 ], [ 13.182525, 52.4294044 ], [ 13.182583, 52.4294682 ], [ 13.1826522, 52.4295448 ], [ 13.1828667, 52.429799 ], [ 13.182928, 52.4298557 ], [ 13.1830603, 52.4300483 ], [ 13.1830834, 52.430081299999983 ], [ 13.1831483, 52.4301739 ], [ 13.1832496, 52.4304292 ], [ 13.1833623, 52.4309691 ], [ 13.1833462, 52.4315155 ], [ 13.1832058, 52.4317984 ], [ 13.1831842, 52.431842 ], [ 13.1830745, 52.4320629 ], [ 13.183029, 52.43203 ], [ 13.1828553, 52.4319813 ], [ 13.182862, 52.4319607 ], [ 13.1825294, 52.4319213 ], [ 13.1825174, 52.4319379 ], [ 13.1825606, 52.4319445 ], [ 13.1825123, 52.432025 ], [ 13.1824214, 52.4320213 ], [ 13.1824175, 52.432094800000016 ], [ 13.1824343, 52.4321633 ], [ 13.1825113, 52.4321696 ], [ 13.1824925, 52.4322076 ], [ 13.1824553, 52.4322829 ], [ 13.1823811, 52.4322751 ], [ 13.1822613, 52.432406899999989 ], [ 13.1822328, 52.432430399999987 ], [ 13.1821084, 52.4325068 ], [ 13.1819803, 52.4325653 ], [ 13.1819438, 52.4325819 ], [ 13.1818299, 52.4326297 ], [ 13.1817135, 52.432667799999983 ], [ 13.1816871, 52.432675899999985 ], [ 13.1816383, 52.432689499999988 ], [ 13.1812607, 52.4326884 ], [ 13.1811178, 52.4327267 ], [ 13.1810924, 52.4327335 ], [ 13.1810767, 52.4327402 ], [ 13.1810448, 52.4327538 ], [ 13.1810012, 52.4327723 ], [ 13.1808605, 52.4327625 ], [ 13.1808588, 52.4328289 ], [ 13.1808577, 52.432871 ], [ 13.1808569, 52.4329006 ], [ 13.1807682, 52.4330609 ], [ 13.1806632, 52.4331871 ], [ 13.1804926, 52.4333546 ], [ 13.1804429, 52.4333497 ], [ 13.1804014, 52.4333578 ], [ 13.1803491, 52.4333922 ], [ 13.1802981, 52.4333905 ], [ 13.1802592, 52.4334093 ], [ 13.1802418, 52.4334445 ], [ 13.1802646, 52.4334838 ], [ 13.1803075, 52.4335083 ], [ 13.1802103, 52.4336091 ], [ 13.1801882, 52.4336173 ], [ 13.1801546, 52.4336098 ], [ 13.1801017, 52.4336162 ], [ 13.1800781, 52.4336465 ], [ 13.1801074, 52.4336798 ], [ 13.1799948, 52.4337788 ], [ 13.179766, 52.4339129 ], [ 13.1795537, 52.4340168 ], [ 13.1795014, 52.4340245 ], [ 13.1794411, 52.4339812 ], [ 13.1793649, 52.4339957 ], [ 13.1793249, 52.4340473 ], [ 13.1793168, 52.4340577 ], [ 13.1793347, 52.4341072 ], [ 13.1793068, 52.43417560000001 ], [ 13.1792481, 52.4341679 ], [ 13.1792103, 52.4341799 ], [ 13.1792096, 52.4342038 ], [ 13.1792456, 52.4342334 ], [ 13.1791638, 52.4342933 ], [ 13.1789803, 52.4343815 ], [ 13.1787614, 52.4344567 ], [ 13.1785317, 52.4344962 ], [ 13.17809, 52.4345136 ], [ 13.177576, 52.4345338 ], [ 13.1775842, 52.4346112 ], [ 13.1775055, 52.4347014 ], [ 13.1774136, 52.4348326 ], [ 13.1772775, 52.434949 ], [ 13.1771996, 52.4350086 ], [ 13.1675082, 52.4327205 ] ] ] } },
{ "type": "Feature", "properties": { "name": "Pohlesee", "name_norm": "pohlesee", "natural": "water", "water": "lake", "wikidata": "Q1236041", "area_sqkm": 0.10489860981350022, "centroid_lon": 13.15033137220502, "centroid_lat": 52.411402532060499 }, "geometry": { "type": "Polygon", "coordinates": [ [ [ 13.1543638, 52.4114804 ], [ 13.1539744, 52.412152199999987 ], [ 13.1539095, 52.4119735 ], [ 13.1537881, 52.411839 ], [ 13.1535767, 52.4117757 ], [ 13.1532826, 52.4117538 ], [ 13.1529244, 52.4117995 ], [ 13.1525858, 52.4119922 ], [ 13.1525368, 52.4120201 ], [ 13.1519438, 52.412179 ], [ 13.151636, 52.4122766 ], [ 13.1510414, 52.412494699999989 ], [ 13.150777, 52.4125644 ], [ 13.1505472, 52.4126249 ], [ 13.1503802, 52.4126789 ], [ 13.1500421, 52.4127457 ], [ 13.1498046, 52.4127122 ], [ 13.1496771, 52.4127012 ], [ 13.1495176, 52.4126732 ], [ 13.1493926, 52.4126543 ], [ 13.1493229, 52.4127322 ], [ 13.149216, 52.4127059 ], [ 13.1491672, 52.4127695 ], [ 13.1490034, 52.4127304 ], [ 13.1487847, 52.4126641 ], [ 13.1487625, 52.4126579 ], [ 13.1487126, 52.412669 ], [ 13.1486923, 52.4127014 ], [ 13.1485683, 52.4126585 ], [ 13.1485173, 52.4126402 ], [ 13.1484844, 52.4126276 ], [ 13.1484178, 52.4126212 ], [ 13.1480867, 52.4124893 ], [ 13.1479231, 52.4124274 ], [ 13.1478212, 52.412396 ], [ 13.1477753, 52.4123773 ], [ 13.1476324, 52.412312900000011 ], [ 13.1474087, 52.412209 ], [ 13.1473857, 52.41216510000001 ], [ 13.1469991, 52.4119496 ], [ 13.1469103, 52.4118813 ], [ 13.1468021, 52.4117919 ], [ 13.1467548, 52.4117642 ], [ 13.1466847, 52.4117183 ], [ 13.1466824, 52.4117056 ], [ 13.1465583, 52.411421699999984 ], [ 13.1465191, 52.411325899999987 ], [ 13.1465715, 52.4113018 ], [ 13.1466422, 52.4112543 ], [ 13.1466932, 52.4111829 ], [ 13.1466299, 52.4111489 ], [ 13.1465913, 52.4111448 ], [ 13.1466297, 52.4109178 ], [ 13.1468128, 52.410923499999988 ], [ 13.1470826, 52.4109012 ], [ 13.1472818, 52.4108774 ], [ 13.1473543, 52.4108212 ], [ 13.1475504, 52.4107598 ], [ 13.1478525, 52.410680899999988 ], [ 13.1481906, 52.4105549 ], [ 13.1482975, 52.4104971 ], [ 13.1484783, 52.4104923 ], [ 13.1487045, 52.4103635 ], [ 13.1490949, 52.410358199999983 ], [ 13.1492743, 52.4103379 ], [ 13.1494445, 52.4103396 ], [ 13.1497639, 52.4104136 ], [ 13.1499437, 52.4104765 ], [ 13.1500942, 52.410477 ], [ 13.1502115, 52.4104446 ], [ 13.150401, 52.4103856 ], [ 13.1507396, 52.4102608 ], [ 13.1509453, 52.4101625 ], [ 13.1511746, 52.4100712 ], [ 13.1513672, 52.41005 ], [ 13.15147, 52.4100522 ], [ 13.1515217, 52.4100792 ], [ 13.1516057, 52.4101441 ], [ 13.1519818, 52.4101998 ], [ 13.152096, 52.4102515 ], [ 13.1525664, 52.4102775 ], [ 13.1526574, 52.410298 ], [ 13.1527696, 52.41042490000001 ], [ 13.1529428, 52.4105041 ], [ 13.1532289, 52.4105797 ], [ 13.1535546, 52.4106591 ], [ 13.1537854, 52.4107752 ], [ 13.1540525, 52.4109157 ], [ 13.1541889, 52.4110291 ], [ 13.1542577, 52.4112537 ], [ 13.1543358, 52.4114697 ], [ 13.1543638, 52.4114804 ] ] ] } },
{ "type": "Feature", "properties": { "name": "Krumme Lanke", "name_norm": "krumme lanke", "natural": "water", "water": "lake", "wikidata": "Q568396", "area_sqkm": 0.12594254903942501, "centroid_lon": 13.233655303934386, "centroid_lat": 52.451876915611592 }, "geometry": { "type": "Polygon", "coordinates": [ [ [ 13.2334826, 52.4517866 ], [ 13.2336495, 52.4520056 ], [ 13.2337196, 52.4520975 ], [ 13.2337734, 52.452164 ], [ 13.2337514, 52.4522181 ], [ 13.2336926, 52.452263 ], [ 13.2337505, 52.452336099999989 ], [ 13.2337966, 52.4523758 ], [ 13.2337918, 52.4524565 ], [ 13.2338501, 52.452529 ], [ 13.2348707, 52.452661799999987 ], [ 13.2353026, 52.4528177 ], [ 13.2353145, 52.452822 ], [ 13.2354477, 52.4528744 ], [ 13.2355608, 52.4528718 ], [ 13.2356428, 52.4528907 ], [ 13.2356439, 52.4529165 ], [ 13.2356634, 52.4529483 ], [ 13.2356842, 52.4529465 ], [ 13.2357073, 52.4529323 ], [ 13.2357483, 52.4529382 ], [ 13.235775, 52.4529241 ], [ 13.2362522, 52.453010399999989 ], [ 13.2372772, 52.4531793 ], [ 13.2381261, 52.4534134 ], [ 13.2385492, 52.4536556 ], [ 13.2391286, 52.4540272 ], [ 13.2391996, 52.4541211 ], [ 13.2392082, 52.4541323 ], [ 13.2392359, 52.4541682 ], [ 13.2392948, 52.454187 ], [ 13.2393474, 52.4542155 ], [ 13.2393972, 52.4543092 ], [ 13.2394159, 52.454342 ], [ 13.239419, 52.4543476 ], [ 13.2394374, 52.4543805 ], [ 13.2394801, 52.4544572 ], [ 13.2395107, 52.4545178 ], [ 13.2395261, 52.4545748 ], [ 13.2395103, 52.4545924 ], [ 13.2395183, 52.4546281 ], [ 13.2395797, 52.4546935 ], [ 13.2395946, 52.4547094 ], [ 13.2396258, 52.4547323 ], [ 13.2396873, 52.4547816 ], [ 13.2397294, 52.4548185 ], [ 13.2400338, 52.4549959 ], [ 13.2402145, 52.4551752 ], [ 13.2398575, 52.4553291 ], [ 13.2394693, 52.4553636 ], [ 13.2391436, 52.4553011 ], [ 13.238818, 52.4552386 ], [ 13.2386715, 52.4551572 ], [ 13.2385547, 52.4550944 ], [ 13.2385072, 52.4550481 ], [ 13.2384384, 52.455027800000011 ], [ 13.2383951, 52.455038299999984 ], [ 13.2383541, 52.4550218 ], [ 13.2383514, 52.4550063 ], [ 13.238367, 52.4549881 ], [ 13.2383259, 52.4549398 ], [ 13.2382814, 52.4548917 ], [ 13.2382838, 52.4548508 ], [ 13.2382433, 52.4548493 ], [ 13.2381919, 52.4547919 ], [ 13.2381341, 52.4547515 ], [ 13.2381654, 52.4547297 ], [ 13.2381309, 52.4546858 ], [ 13.2380579, 52.4546686 ], [ 13.2379149, 52.454624399999986 ], [ 13.2377424, 52.454551 ], [ 13.2376938, 52.454536 ], [ 13.2376608, 52.4545061 ], [ 13.2376183, 52.4544845 ], [ 13.2373009, 52.4543054 ], [ 13.2372426, 52.4542923 ], [ 13.2371737, 52.454284 ], [ 13.2371297, 52.4542976 ], [ 13.2370906, 52.4542956 ], [ 13.2370642, 52.4542883 ], [ 13.2370466, 52.4542682 ], [ 13.2370134, 52.4542312 ], [ 13.2369256, 52.4542154 ], [ 13.2368466, 52.4542229 ], [ 13.2367504, 52.4542116 ], [ 13.2366355, 52.4541378 ], [ 13.2365683, 52.454073 ], [ 13.2360294, 52.4539171 ], [ 13.235997, 52.4537498 ], [ 13.235583, 52.4535865 ], [ 13.2351962, 52.4535625 ], [ 13.2347487, 52.4535672 ], [ 13.2344236, 52.4535358 ], [ 13.2337464, 52.453316799999989 ], [ 13.2333087, 52.4531112 ], [ 13.2330037, 52.4530674 ], [ 13.2328436, 52.4531012 ], [ 13.2328145, 52.4530764 ], [ 13.2327633, 52.4530329 ], [ 13.2325741, 52.4530058 ], [ 13.2324932, 52.4530325 ], [ 13.2324117, 52.4529714 ], [ 13.2323233, 52.4529609 ], [ 13.2321658, 52.4529899 ], [ 13.232118, 52.452955 ], [ 13.2319757, 52.4528927 ], [ 13.2318891, 52.4528987 ], [ 13.2318416, 52.4528412 ], [ 13.2318469, 52.4527969 ], [ 13.2315018, 52.4525571 ], [ 13.230665, 52.451681 ], [ 13.23015, 52.450831 ], [ 13.2302144, 52.4506348 ], [ 13.2301417, 52.4498121 ], [ 13.2301072, 52.4494208 ], [ 13.2300619, 52.4489082 ], [ 13.2300485, 52.4488853 ], [ 13.2300123, 52.4488535 ], [ 13.2299895, 52.4488306 ], [ 13.2299761, 52.448798699999983 ], [ 13.2299989, 52.4487725 ], [ 13.2300244, 52.4487554 ], [ 13.2300834, 52.448632 ], [ 13.2301379, 52.448369899999989 ], [ 13.2302117, 52.4481726 ], [ 13.2302169, 52.4479643 ], [ 13.230195, 52.447855 ], [ 13.2302203, 52.4477539 ], [ 13.2302899, 52.4476982 ], [ 13.2305242, 52.4475903 ], [ 13.2308974, 52.4475553 ], [ 13.231255, 52.4476645 ], [ 13.2313375, 52.4477495 ], [ 13.2315069, 52.4481108 ], [ 13.2316278, 52.44874990000001 ], [ 13.231644, 52.4496409 ], [ 13.2318156, 52.4503237 ], [ 13.2323236, 52.4507018 ], [ 13.2324151, 52.4508461 ], [ 13.2325678, 52.4509694 ], [ 13.2327516, 52.4511105 ], [ 13.2330856, 52.4514151 ], [ 13.2334826, 52.4517866 ] ] ] } },
{ "type": "Feature", "properties": { "name": "Waldsee", "name_norm": "waldsee", "natural": "water", "water": "lake", "wikidata": "Q1236813", "area_sqkm": 0.025700856536806236, "centroid_lon": 13.23508592032435, "centroid_lat": 52.441423110162781 }, "geometry": { "type": "Polygon", "coordinates": [ [ [ 13.2359288, 52.4423963 ], [ 13.2358642, 52.4422895 ], [ 13.2358465, 52.4422432 ], [ 13.2358387, 52.4421662 ], [ 13.2358137, 52.4420119 ], [ 13.2357573, 52.441858 ], [ 13.2357006, 52.4417356 ], [ 13.2356056, 52.4416461 ], [ 13.2355335, 52.4415809 ], [ 13.2354764, 52.4415272 ], [ 13.2354407, 52.4415064 ], [ 13.2354022, 52.4414826 ], [ 13.2353264, 52.4414492 ], [ 13.2352324, 52.441412 ], [ 13.235162, 52.4413874 ], [ 13.2350645, 52.441364199999988 ], [ 13.2349567, 52.4413497 ], [ 13.2348686, 52.4413429 ], [ 13.2347688, 52.4413259 ], [ 13.2347011, 52.4413029 ], [ 13.2345488, 52.4412161 ], [ 13.2345406, 52.4412115 ], [ 13.2344964, 52.4411777 ], [ 13.2344187, 52.4411497 ], [ 13.2342742, 52.4411562 ], [ 13.2342069, 52.4411606 ], [ 13.2341727, 52.4411921 ], [ 13.234136, 52.4411909 ], [ 13.2341095, 52.4411517 ], [ 13.2340247, 52.4411121 ], [ 13.2339814, 52.441094899999989 ], [ 13.2338242, 52.4409191 ], [ 13.233719, 52.4408802 ], [ 13.2336776, 52.4408822 ], [ 13.2336417, 52.440902 ], [ 13.2335847, 52.4409491 ], [ 13.2335455, 52.4409498 ], [ 13.2334862, 52.440921799999984 ], [ 13.2333175, 52.4407816 ], [ 13.2331604, 52.4406267 ], [ 13.2330199, 52.4405469 ], [ 13.2326349, 52.440444699999986 ], [ 13.2324435, 52.4403439 ], [ 13.232355, 52.44029 ], [ 13.2323105, 52.4402378 ], [ 13.2322417, 52.4401645 ], [ 13.2322269, 52.4400926 ], [ 13.2322643, 52.4399905 ], [ 13.2323077, 52.4398569 ], [ 13.2322944, 52.4396927 ], [ 13.2322706, 52.439506 ], [ 13.2322663, 52.4394318 ], [ 13.2322796, 52.439392 ], [ 13.2323202, 52.4393673 ], [ 13.2323816, 52.4393909 ], [ 13.2324498, 52.4394318 ], [ 13.2325067, 52.439482499999983 ], [ 13.2326144, 52.439584 ], [ 13.2326394, 52.43962410000001 ], [ 13.232658, 52.4396563 ], [ 13.2326674, 52.4396894 ], [ 13.2326748, 52.4397409 ], [ 13.2326845, 52.4397873 ], [ 13.2326938, 52.439818699999989 ], [ 13.2327179, 52.4398748 ], [ 13.2327446, 52.4399347 ], [ 13.2327744, 52.4399899 ], [ 13.2328046, 52.4400383 ], [ 13.2328624, 52.440096 ], [ 13.2329451, 52.4401303 ], [ 13.2330564, 52.4401541 ], [ 13.2331725, 52.4401666 ], [ 13.2332455, 52.44017250000001 ], [ 13.2333083, 52.440163 ], [ 13.2333914, 52.4401968 ], [ 13.2335213, 52.4402218 ], [ 13.233679, 52.4402343 ], [ 13.2337928, 52.440303 ], [ 13.2338598, 52.440366 ], [ 13.2339647, 52.4404561 ], [ 13.2339968, 52.440483 ], [ 13.2340558, 52.4405384 ], [ 13.2340772, 52.4405626 ], [ 13.2341427, 52.4406559 ], [ 13.2341797, 52.4407199 ], [ 13.234239, 52.4408143 ], [ 13.234284, 52.4408645 ], [ 13.2343488, 52.4409117 ], [ 13.2345184, 52.4410078 ], [ 13.2346152, 52.4410579 ], [ 13.2347253, 52.4411014 ], [ 13.2347506, 52.4411114 ], [ 13.2349203, 52.4411258 ], [ 13.2349829, 52.441113 ], [ 13.2350138, 52.4411066 ], [ 13.235103, 52.4410851 ], [ 13.2351961, 52.4410628 ], [ 13.2353265, 52.44104810000001 ], [ 13.2354297, 52.4410432 ], [ 13.2355241, 52.4410465 ], [ 13.2356025, 52.4410692 ], [ 13.2356819, 52.4411115 ], [ 13.2357326, 52.4411941 ], [ 13.2358252, 52.4412397 ], [ 13.2359804, 52.4412553 ], [ 13.236143, 52.4413038 ], [ 13.2362509, 52.4413541 ], [ 13.2362907, 52.4413836 ], [ 13.2363511, 52.44142440000001 ], [ 13.2364034, 52.4414869 ], [ 13.2364358, 52.4415589 ], [ 13.2364665, 52.4416272 ], [ 13.2365031, 52.4416696 ], [ 13.2365929, 52.441753799999987 ], [ 13.236649, 52.4417995 ], [ 13.2367536, 52.4418663 ], [ 13.2368543, 52.4419381 ], [ 13.2369292, 52.4419961 ], [ 13.2369832, 52.4420633 ], [ 13.2370025, 52.4421083 ], [ 13.2370096, 52.442177399999984 ], [ 13.2370171, 52.4422473 ], [ 13.23701, 52.4422962 ], [ 13.2370126, 52.4423681 ], [ 13.2370533, 52.4424297 ], [ 13.2370719, 52.4424588 ], [ 13.237109, 52.442482099999985 ], [ 13.2371344, 52.442506 ], [ 13.2372273, 52.442590099999983 ], [ 13.2372675, 52.442638 ], [ 13.2373104, 52.4427405 ], [ 13.2373061, 52.4428039 ], [ 13.237156, 52.4428619 ], [ 13.2370503, 52.4428915 ], [ 13.2369941, 52.4429167 ], [ 13.236957, 52.442942 ], [ 13.2369285, 52.442965 ], [ 13.2369004, 52.4430057 ], [ 13.2368795, 52.4430687 ], [ 13.2368543, 52.4431167 ], [ 13.2367715, 52.4431837 ], [ 13.2366879, 52.4432045 ], [ 13.2365915, 52.4432115 ], [ 13.2365283, 52.4432052 ], [ 13.2364158, 52.443162899999983 ], [ 13.2363567, 52.4431095 ], [ 13.2363232, 52.4430809 ], [ 13.2363189, 52.443019399999983 ], [ 13.2363002, 52.442887 ], [ 13.2362995, 52.44285 ], [ 13.236304, 52.442781 ], [ 13.2362966, 52.442720799999989 ], [ 13.2362684, 52.4426464 ], [ 13.2362081, 52.4425845 ], [ 13.2360938, 52.442530399999988 ], [ 13.2359965, 52.4424718 ], [ 13.2359288, 52.4423963 ] ] ] } },
{ "type": "Feature", "properties": { "name": "Plötzensee", "name_norm": "plotzensee", "natural": "water", "water": "lake", "wikidata": "Q541313", "area_sqkm": 0.077412907305320675, "centroid_lon": 13.330006495121721, "centroid_lat": 52.544104857632611 }, "geometry": { "type": "Polygon", "coordinates": [ [ [ 13.3264, 52.546905199999983 ], [ 13.3263315, 52.5468796 ], [ 13.3262444, 52.5468372 ], [ 13.3261779, 52.5467925 ], [ 13.3261558, 52.5467255 ], [ 13.3261414, 52.5466692 ], [ 13.3261465, 52.5466129 ], [ 13.3261916, 52.5465472 ], [ 13.3263516, 52.5463838 ], [ 13.3266561, 52.5461864 ], [ 13.3268894, 52.545968699999989 ], [ 13.3269806, 52.5458292 ], [ 13.327022, 52.545563799999989 ], [ 13.3271402, 52.5454174 ], [ 13.3272464, 52.545361 ], [ 13.3274053, 52.5452806 ], [ 13.3277115, 52.5450724 ], [ 13.3277625, 52.5449932 ], [ 13.3278416, 52.5449443 ], [ 13.3279905, 52.544793399999989 ], [ 13.3280687, 52.544752799999983 ], [ 13.3281948, 52.5446521 ], [ 13.3282882, 52.5446075 ], [ 13.3283168, 52.5445616 ], [ 13.3283673, 52.5445451 ], [ 13.3284089, 52.5445182 ], [ 13.3284216, 52.5444643 ], [ 13.3285021, 52.544382400000011 ], [ 13.3286018, 52.54430030000001 ], [ 13.3287568, 52.5441899 ], [ 13.3294147, 52.5437 ], [ 13.3295804, 52.5435721 ], [ 13.3297601, 52.5434559 ], [ 13.3299036, 52.5433319 ], [ 13.3300898, 52.5432302 ], [ 13.3302838, 52.5430671 ], [ 13.3305699, 52.5428197 ], [ 13.3306195, 52.5427861 ], [ 13.3306807, 52.542754499999987 ], [ 13.3307446, 52.5427176 ], [ 13.3308222, 52.5426301 ], [ 13.3309048, 52.5425359 ], [ 13.3309483, 52.5424787 ], [ 13.3309858, 52.54244 ], [ 13.3310386, 52.5424038 ], [ 13.3311179, 52.5423638 ], [ 13.3312199, 52.5422948 ], [ 13.3313151, 52.5422487 ], [ 13.3313647, 52.542203899999983 ], [ 13.3314203, 52.542145599999984 ], [ 13.3314981, 52.5420864 ], [ 13.3316113, 52.5420008 ], [ 13.3317999, 52.541889 ], [ 13.3319467, 52.5418042 ], [ 13.3321807, 52.5416954 ], [ 13.3322746, 52.541659399999986 ], [ 13.3323787, 52.5416419 ], [ 13.3325593, 52.5416367 ], [ 13.3328082, 52.5416378 ], [ 13.3330282, 52.541644 ], [ 13.3331658, 52.5416501 ], [ 13.333255, 52.5416737 ], [ 13.3334392, 52.5416954 ], [ 13.3335426, 52.5417169 ], [ 13.3335755, 52.5417573 ], [ 13.3335802, 52.5417765 ], [ 13.333544, 52.5417699 ], [ 13.3334613, 52.541915 ], [ 13.3333542, 52.5419906 ], [ 13.3333147, 52.5420302 ], [ 13.333316, 52.542066 ], [ 13.3332664, 52.5421027 ], [ 13.3332248, 52.5421248 ], [ 13.3332074, 52.5421541 ], [ 13.333204, 52.542187399999989 ], [ 13.3332409, 52.5422312 ], [ 13.333267, 52.5423307 ], [ 13.3331524, 52.542423300000017 ], [ 13.3331108, 52.5424363 ], [ 13.3330518, 52.5424453 ], [ 13.3329459, 52.5425807 ], [ 13.3327458, 52.5427231 ], [ 13.3327291, 52.542806 ], [ 13.3325919, 52.5429123 ], [ 13.3325797, 52.5429942 ], [ 13.3325449, 52.5430758 ], [ 13.3323866, 52.5432079 ], [ 13.3322874, 52.5432829 ], [ 13.3321701, 52.543359 ], [ 13.3320898, 52.5434511 ], [ 13.331953, 52.543664299999989 ], [ 13.3319212, 52.543756799999983 ], [ 13.3318757, 52.543835799999989 ], [ 13.3315994, 52.5439216 ], [ 13.3315015, 52.5439607 ], [ 13.3314613, 52.5439934 ], [ 13.3314115, 52.5440705 ], [ 13.3313097, 52.544207 ], [ 13.3312102, 52.5443274 ], [ 13.3310737, 52.54447050000001 ], [ 13.3308551, 52.5446058 ], [ 13.3305935, 52.544680099999987 ], [ 13.330332, 52.5447592 ], [ 13.3302194, 52.5447926 ], [ 13.3300327, 52.5448257 ], [ 13.3299364, 52.5448758 ], [ 13.3298613, 52.5449459 ], [ 13.3294574, 52.5451976 ], [ 13.3293477, 52.545255 ], [ 13.329286, 52.5452828 ], [ 13.3292229, 52.5452958 ], [ 13.3291438, 52.54533330000001 ], [ 13.3290955, 52.5453725 ], [ 13.329058, 52.5454149 ], [ 13.3290271, 52.5454353 ], [ 13.3289815, 52.5454443 ], [ 13.3289561, 52.5454565 ], [ 13.3289078, 52.5455046 ], [ 13.3287214, 52.5456669 ], [ 13.3286342, 52.5457142 ], [ 13.3285685, 52.5457338 ], [ 13.3285122, 52.54576070000001 ], [ 13.3284639, 52.5457917 ], [ 13.3284344, 52.5458292 ], [ 13.3284071, 52.545878299999984 ], [ 13.328366, 52.5459417 ], [ 13.3282775, 52.5460225 ], [ 13.3282077, 52.54607390000001 ], [ 13.3281139, 52.5461285 ], [ 13.3279395, 52.546228 ], [ 13.3277338, 52.546392 ], [ 13.3276793, 52.5464686 ], [ 13.3276713, 52.5464939 ], [ 13.3276485, 52.5465118 ], [ 13.3276083, 52.5465273 ], [ 13.3275399, 52.5465444 ], [ 13.3274151, 52.5465844 ], [ 13.3272877, 52.5466602 ], [ 13.326934, 52.5468367 ], [ 13.3268532, 52.5468698 ], [ 13.3267386, 52.546907 ], [ 13.3266252, 52.546918 ], [ 13.3265266, 52.546918499999983 ], [ 13.3264, 52.546905199999983 ] ] ] } },
{ "type": "Feature", "properties": { "name": "Grimnitzsee", "name_norm": "grimnitzsee", "natural": "water", "water": "lake", "wikidata": "Q1546905", "area_sqkm": 0.061465883317915193, "centroid_lon": 13.200519683057104, "centroid_lat": 52.51471140311142 }, "geometry": { "type": "Polygon", "coordinates": [ [ [ 13.2005211, 52.5129584 ], [ 13.2005869, 52.5130306 ], [ 13.2005831, 52.5131053 ], [ 13.2006851, 52.5131711 ], [ 13.2007365, 52.51321080000001 ], [ 13.2007365, 52.5132575 ], [ 13.2007618, 52.513287399999989 ], [ 13.2008431, 52.5133368 ], [ 13.2008906, 52.5133788 ], [ 13.2008891, 52.513412 ], [ 13.2008507, 52.51346 ], [ 13.2010831, 52.513729399999988 ], [ 13.2011276, 52.5137826 ], [ 13.2011851, 52.5138306 ], [ 13.2012847, 52.5139042 ], [ 13.2012534, 52.5139217 ], [ 13.2013914, 52.5141868 ], [ 13.2014543, 52.514329600000011 ], [ 13.2014948, 52.5144737 ], [ 13.2015363, 52.5147664 ], [ 13.201574, 52.5148612 ], [ 13.2016243, 52.5149546 ], [ 13.2018051, 52.5152102 ], [ 13.201894, 52.5153022 ], [ 13.2020111, 52.5153536 ], [ 13.2021114, 52.5153681 ], [ 13.2022961, 52.5154717 ], [ 13.2023975, 52.5155333 ], [ 13.2023608, 52.5155874 ], [ 13.2023869, 52.515697499999987 ], [ 13.2024575, 52.5157041 ], [ 13.2025311, 52.5157209 ], [ 13.2025986, 52.5157703 ], [ 13.2026277, 52.5158404 ], [ 13.2025932, 52.5159519 ], [ 13.2023945, 52.5162273 ], [ 13.2023608, 52.516308 ], [ 13.2022573, 52.5163878 ], [ 13.2022098, 52.5164331 ], [ 13.2021453, 52.5165007 ], [ 13.202072, 52.5165611 ], [ 13.2019705, 52.5166086 ], [ 13.2018861, 52.5166361 ], [ 13.2017396, 52.5166711 ], [ 13.201531, 52.516707 ], [ 13.2012495, 52.51675 ], [ 13.2010831, 52.5167644 ], [ 13.2009781, 52.5167607 ], [ 13.2009044, 52.516743 ], [ 13.2008319, 52.5167142 ], [ 13.2007641, 52.5166636 ], [ 13.2007004, 52.5165778 ], [ 13.2005875, 52.5163695 ], [ 13.200534, 52.51620770000001 ], [ 13.2005118, 52.5160597 ], [ 13.2004557, 52.5159154 ], [ 13.2002985, 52.5156621 ], [ 13.200185, 52.5155207 ], [ 13.2001275, 52.5154702 ], [ 13.2001027, 52.5154352 ], [ 13.1999631, 52.5153385 ], [ 13.1998954, 52.5152746 ], [ 13.1997776, 52.5151687 ], [ 13.1996383, 52.5150447 ], [ 13.1996007, 52.5150003 ], [ 13.19956, 52.5149446 ], [ 13.1993411, 52.5147421 ], [ 13.1992118, 52.5146385 ], [ 13.199152, 52.5146054 ], [ 13.1990945, 52.5146031 ], [ 13.1990714, 52.5145942 ], [ 13.1990408, 52.5145525 ], [ 13.1989763, 52.5143734 ], [ 13.1989104, 52.5142409 ], [ 13.1988498, 52.5141013 ], [ 13.1987953, 52.5140075 ], [ 13.1987873, 52.513966 ], [ 13.1987141, 52.5138904 ], [ 13.1986122, 52.513767599999987 ], [ 13.1985783, 52.5137793 ], [ 13.1985397, 52.513755 ], [ 13.1984863, 52.513779299999989 ], [ 13.1984548, 52.51375130000001 ], [ 13.1985365, 52.513715 ], [ 13.1985913, 52.5136962 ], [ 13.1985737, 52.5136785 ], [ 13.1985254, 52.5136663 ], [ 13.1984823, 52.5136675 ], [ 13.198451, 52.51365280000001 ], [ 13.1984234, 52.51362289999998 ], [ 13.1984057, 52.5135786 ], [ 13.1983544, 52.5135469 ], [ 13.1982792, 52.5134974 ], [ 13.1982437, 52.5134342 ], [ 13.1981665, 52.513416199999988 ], [ 13.1980967, 52.5134057 ], [ 13.1976695, 52.513394 ], [ 13.1976703, 52.51337 ], [ 13.1981174, 52.513384 ], [ 13.1982063, 52.5133807 ], [ 13.1982459, 52.5133732 ], [ 13.1982876, 52.513329399999989 ], [ 13.198283, 52.5132897 ], [ 13.1982915, 52.5132743 ], [ 13.198326, 52.5132631 ], [ 13.1983889, 52.5132883 ], [ 13.1984579, 52.5133084 ], [ 13.1985461, 52.5133065 ], [ 13.198714, 52.5132509 ], [ 13.1987624, 52.5131921 ], [ 13.1988874, 52.5131217 ], [ 13.1990201, 52.513089 ], [ 13.1990737, 52.5130699 ], [ 13.1991203, 52.5130408 ], [ 13.1992923, 52.5129788 ], [ 13.1993245, 52.512956 ], [ 13.199392, 52.5129336 ], [ 13.1994572, 52.51293170000001 ], [ 13.1995255, 52.5129485 ], [ 13.1995945, 52.5129504 ], [ 13.1996382, 52.5129401 ], [ 13.1996796, 52.5129242 ], [ 13.1997187, 52.5128925 ], [ 13.1998298, 52.5128378 ], [ 13.1999327, 52.5127805 ], [ 13.199991, 52.5127534 ], [ 13.200063, 52.5127438 ], [ 13.2001229, 52.512752 ], [ 13.2001728, 52.5127903 ], [ 13.2002004, 52.5128379 ], [ 13.2002395, 52.5128799 ], [ 13.200272, 52.5128958 ], [ 13.2003177, 52.5129098 ], [ 13.2003952, 52.5129046 ], [ 13.2004565, 52.5129093 ], [ 13.2005211, 52.5129584 ] ] ] } },
{ "type": "Feature", "properties": { "name": "Möwensee", "name_norm": "mowensee", "natural": "water", "water": "lake", "wikidata": "Q108449394", "area_sqkm": 0.012290694915702874, "centroid_lon": 13.333818456670217, "centroid_lat": 52.553780734399403 }, "geometry": { "type": "Polygon", "coordinates": [ [ [ 13.3336203, 52.5535622 ], [ 13.3337093, 52.5535176 ], [ 13.3338426, 52.5534508 ], [ 13.3340724, 52.5533297 ], [ 13.3344402, 52.5531737 ], [ 13.334566, 52.5530919 ], [ 13.3346972, 52.5529865 ], [ 13.3348562, 52.5528923 ], [ 13.3349066, 52.5528756 ], [ 13.3349664, 52.552865299999986 ], [ 13.3350763, 52.552834599999983 ], [ 13.3352388, 52.5527733 ], [ 13.3353084, 52.5527401 ], [ 13.3353273, 52.5527217 ], [ 13.3353572, 52.5527049 ], [ 13.3354494, 52.5526801 ], [ 13.3356103, 52.5526479 ], [ 13.3356973, 52.5526555 ], [ 13.3357474, 52.552677899999985 ], [ 13.3357727, 52.5527001 ], [ 13.3357653, 52.5527286 ], [ 13.3357561, 52.5527669 ], [ 13.3357462, 52.5528013 ], [ 13.3357108, 52.5528368 ], [ 13.3356651, 52.5528551 ], [ 13.3356421, 52.5528563 ], [ 13.3356125, 52.5528523 ], [ 13.3355885, 52.552858 ], [ 13.335292, 52.553043099999989 ], [ 13.3350937, 52.5531824 ], [ 13.3349781, 52.5532681 ], [ 13.3349219, 52.553305399999985 ], [ 13.3348463, 52.553344 ], [ 13.3345833, 52.5535028 ], [ 13.3342622, 52.553782 ], [ 13.3342175, 52.553823199999989 ], [ 13.3340974, 52.5539012 ], [ 13.3340146, 52.5539469 ], [ 13.3339093, 52.5540205 ], [ 13.3335888, 52.5541875 ], [ 13.3334017, 52.5542717 ], [ 13.3332827, 52.5543458 ], [ 13.3331088, 52.554473699999988 ], [ 13.3330572, 52.5544889 ], [ 13.3330393, 52.5544973 ], [ 13.333025, 52.5545135 ], [ 13.3330117, 52.5545424 ], [ 13.3328359, 52.5546742 ], [ 13.3327296, 52.554755 ], [ 13.3326513, 52.5548025 ], [ 13.3325667, 52.5548445 ], [ 13.3324806, 52.5548737 ], [ 13.3324602, 52.5548721 ], [ 13.3324469, 52.5548634 ], [ 13.3324275, 52.5548466 ], [ 13.3324009, 52.5548442 ], [ 13.3323349, 52.5548662 ], [ 13.3323039, 52.5548663 ], [ 13.3322802, 52.5548572 ], [ 13.3322506, 52.5548376 ], [ 13.3322215, 52.554819 ], [ 13.3321811, 52.5547994 ], [ 13.3321545, 52.5547963 ], [ 13.3321192, 52.5548006 ], [ 13.3320916, 52.5547851 ], [ 13.3320717, 52.5547776 ], [ 13.3320201, 52.5547882 ], [ 13.3319971, 52.5547916 ], [ 13.3319715, 52.5547817 ], [ 13.3319686, 52.554770499999989 ], [ 13.3320272, 52.5547292 ], [ 13.3320742, 52.5546819 ], [ 13.3321018, 52.5546381 ], [ 13.3321349, 52.5546077 ], [ 13.3324615, 52.554435 ], [ 13.3326142, 52.5543456 ], [ 13.3327198, 52.5542714 ], [ 13.3327551, 52.5542419 ], [ 13.332842, 52.5541915 ], [ 13.3332141, 52.5538941 ], [ 13.3333188, 52.5537732 ], [ 13.3334789, 52.5536656 ], [ 13.3335428, 52.5536081 ], [ 13.3336203, 52.5535622 ] ] ] } },
{ "type": "Feature", "properties": { "name": "Entenpfuhl", "name_norm": "entenpfuhl", "natural": "water", "water": "lake", "wikidata": "Q108458130", "area_sqkm": 0.0020459461783239926, "centroid_lon": 13.330302413373117, "centroid_lat": 52.555943032747599 }, "geometry": { "type": "Polygon", "coordinates": [ [ [ 13.3307613, 52.5558122 ], [ 13.3307478, 52.5558635 ], [ 13.3307065, 52.5559112 ], [ 13.3306664, 52.555946 ], [ 13.3305969, 52.5559804 ], [ 13.3305172, 52.5560069 ], [ 13.3304146, 52.556043199999984 ], [ 13.3302307, 52.5560966 ], [ 13.3300243, 52.556184 ], [ 13.3298279, 52.5562321 ], [ 13.3296799, 52.556276199999985 ], [ 13.3296575, 52.5562794 ], [ 13.3296227, 52.5562669 ], [ 13.3295985, 52.5562486 ], [ 13.329582, 52.556222 ], [ 13.3295915, 52.5562005 ], [ 13.3296422, 52.5561658 ], [ 13.3297294, 52.556114499999985 ], [ 13.3298509, 52.5560665 ], [ 13.3299453, 52.556032 ], [ 13.3300603, 52.5560062 ], [ 13.3301021, 52.5559969 ], [ 13.3301463, 52.5559768 ], [ 13.3301906, 52.5559428 ], [ 13.330213, 52.5559046 ], [ 13.3302327, 52.5558474 ], [ 13.3302548, 52.5558094 ], [ 13.3302885, 52.5557727 ], [ 13.3303462, 52.555735900000016 ], [ 13.3304117, 52.5557097 ], [ 13.3305214, 52.555684299999989 ], [ 13.3306237, 52.555664 ], [ 13.3307044, 52.5556311 ], [ 13.3307513, 52.5556205 ], [ 13.3308282, 52.5556101 ], [ 13.3308308, 52.5556235 ], [ 13.3308393, 52.5556235 ], [ 13.3308803, 52.5556235 ], [ 13.3308816, 52.5556677 ], [ 13.3308368, 52.5556728 ], [ 13.3308298, 52.5556728 ], [ 13.3308262, 52.5556875 ], [ 13.3308009, 52.5557121 ], [ 13.3307613, 52.5558122 ] ] ] } },
{ "type": "Feature", "properties": { "name": "Sperlingsee", "name_norm": "sperlingsee", "natural": "water", "water": "lake", "wikidata": "Q108457984", "area_sqkm": 0.0029241964225605642, "centroid_lon": 13.331307493633886, "centroid_lat": 52.555260085214996 }, "geometry": { "type": "Polygon", "coordinates": [ [ [ 13.3317045, 52.5550074 ], [ 13.3317626, 52.5550712 ], [ 13.3317646, 52.555104900000011 ], [ 13.3316428, 52.5551842 ], [ 13.3316673, 52.5553242 ], [ 13.3312454, 52.555571 ], [ 13.3311162, 52.555644 ], [ 13.3310748, 52.5556581 ], [ 13.331022, 52.5556688 ], [ 13.3309761, 52.5556786 ], [ 13.3309523, 52.5556784 ], [ 13.3309344, 52.5556749 ], [ 13.3309208, 52.5556663 ], [ 13.3309076, 52.5556677 ], [ 13.3308816, 52.5556677 ], [ 13.3308803, 52.5556235 ], [ 13.3309121, 52.5556207 ], [ 13.3309244, 52.5556196 ], [ 13.3309278, 52.555592 ], [ 13.330963, 52.5555251 ], [ 13.3309755, 52.5554103 ], [ 13.3309902, 52.5552813 ], [ 13.3310462, 52.5551229 ], [ 13.3310763, 52.5550576 ], [ 13.3311275, 52.555011 ], [ 13.3311635, 52.5549816 ], [ 13.3312072, 52.5549709 ], [ 13.3313998, 52.5549183 ], [ 13.3314737, 52.5549135 ], [ 13.3315683, 52.5549281 ], [ 13.3317045, 52.5550074 ] ] ] } },
{ "type": "Feature", "properties": { "name": "Teufelssee", "name_norm": "teufelssee", "natural": "water", "water": "lake", "wikidata": "Q1793677", "area_sqkm": 0.022119255814271231, "centroid_lon": 13.23359402299036, "centroid_lat": 52.49111082759412 }, "geometry": { "type": "Polygon", "coordinates": [ [ [ 13.2321369, 52.4908662 ], [ 13.2320594, 52.49061420000001 ], [ 13.2320107, 52.4903662 ], [ 13.232065, 52.4902943 ], [ 13.2321806, 52.490231 ], [ 13.2323269, 52.4902198 ], [ 13.2326737, 52.4902729 ], [ 13.2328497, 52.4903518 ], [ 13.232914, 52.4904198 ], [ 13.2329654, 52.4904711 ], [ 13.2330237, 52.4904771 ], [ 13.2331668, 52.490458 ], [ 13.2332916, 52.4904953 ], [ 13.2333574, 52.4905783 ], [ 13.2334128, 52.4906028 ], [ 13.2334683, 52.49059960000001 ], [ 13.233616, 52.4906304 ], [ 13.2338154, 52.4906409 ], [ 13.2339101, 52.4906667 ], [ 13.2340149, 52.490712199999976 ], [ 13.2340619, 52.4907133 ], [ 13.2341602, 52.4906968 ], [ 13.2341991, 52.4907096 ], [ 13.234227, 52.4907434 ], [ 13.2342196, 52.4907615 ], [ 13.2342083, 52.4908266 ], [ 13.2343185, 52.4908685 ], [ 13.2344181, 52.4909128 ], [ 13.234577, 52.4909672 ], [ 13.2346743, 52.4909579 ], [ 13.2347509, 52.4909441 ], [ 13.2348376, 52.4909653 ], [ 13.2348907, 52.49101 ], [ 13.2349085, 52.491075 ], [ 13.2348712, 52.4912589 ], [ 13.2349162, 52.4912987 ], [ 13.2351281, 52.4913836 ], [ 13.2351798, 52.4915916 ], [ 13.2351336, 52.4916907 ], [ 13.2350752, 52.4918268 ], [ 13.2349973, 52.4919613 ], [ 13.2349426, 52.4920177 ], [ 13.2347736, 52.4920806 ], [ 13.2346162, 52.4920644 ], [ 13.2345142, 52.4920252 ], [ 13.2342653, 52.4918214 ], [ 13.2340485, 52.4916693 ], [ 13.233813, 52.4915729 ], [ 13.2334884, 52.491527799999986 ], [ 13.2328156, 52.4914395 ], [ 13.2327267, 52.4914165 ], [ 13.2326683, 52.491389699999985 ], [ 13.232418, 52.49120880000001 ], [ 13.2322337, 52.4910114 ], [ 13.2321369, 52.4908662 ] ] ] } },
{ "type": "Feature", "properties": { "name": "Garibalditeich", "name_norm": "garibalditeich", "natural": "water", "water": "pond", "wikidata": null, "area_sqkm": 0.0055142208182489679, "centroid_lon": 13.361240115730153, "centroid_lat": 52.58670238885292 }, "geometry": { "type": "Polygon", "coordinates": [ [ [ 13.3614033, 52.58644 ], [ 13.3617039, 52.5866074 ], [ 13.3623429, 52.5868229 ], [ 13.3623409, 52.5868305 ], [ 13.3623387, 52.5868392 ], [ 13.362172, 52.5868716 ], [ 13.3618919, 52.5869065 ], [ 13.3613461, 52.5869912 ], [ 13.361173, 52.5870045 ], [ 13.361016, 52.5869802 ], [ 13.3607715, 52.5869251 ], [ 13.3606617, 52.5868958 ], [ 13.3605474, 52.586830299999988 ], [ 13.3605021, 52.5867039 ], [ 13.36051, 52.5865701 ], [ 13.3606276, 52.5864891 ], [ 13.3609503, 52.5863392 ], [ 13.3610383, 52.5863287 ], [ 13.361113, 52.5863303 ], [ 13.361253, 52.5863497 ], [ 13.3614033, 52.58644 ] ] ] } },
{ "type": "Feature", "properties": { "name": "Nordhafen", "name_norm": "nordhafen", "natural": "water", "water": "lake", "wikidata": "Q1998012", "area_sqkm": 0.038944481127423075, "centroid_lon": 13.363656060742532, "centroid_lat": 52.536796635725658 }, "geometry": { "type": "Polygon", "coordinates": [ [ [ 13.3656717, 52.5358436 ], [ 13.3659621, 52.5362251 ], [ 13.3659273, 52.5362657 ], [ 13.3659185, 52.5363166 ], [ 13.3659337, 52.5363649 ], [ 13.3659544, 52.536401 ], [ 13.3660248, 52.5364303 ], [ 13.3660395, 52.5364424 ], [ 13.365997, 52.5365065 ], [ 13.3659842, 52.5365257 ], [ 13.3657858, 52.5364966 ], [ 13.3657469, 52.5365061 ], [ 13.3656877, 52.5365304 ], [ 13.3656051, 52.5366693 ], [ 13.3655224, 52.5367521 ], [ 13.3654415, 52.5368077 ], [ 13.3653815, 52.536841199999984 ], [ 13.3653068, 52.536879 ], [ 13.3650477, 52.5369754 ], [ 13.3632703, 52.5376078 ], [ 13.3628782, 52.5377484 ], [ 13.3628778, 52.5377568 ], [ 13.3627558, 52.5377906 ], [ 13.3626842, 52.5378061 ], [ 13.362584, 52.5378182 ], [ 13.3624354, 52.537819 ], [ 13.3622748, 52.5378085 ], [ 13.3621604, 52.5377847 ], [ 13.3620152, 52.537744 ], [ 13.3620309, 52.5377243 ], [ 13.3619056, 52.5376628 ], [ 13.3617836, 52.5375972 ], [ 13.3617021, 52.537568 ], [ 13.3616177, 52.5375551 ], [ 13.3615152, 52.5375507 ], [ 13.3613502, 52.5375833 ], [ 13.3612776, 52.537606699999984 ], [ 13.360953, 52.5374541 ], [ 13.3615456, 52.537253 ], [ 13.3616176, 52.5371988 ], [ 13.3616183, 52.5371716 ], [ 13.3615833, 52.5371161 ], [ 13.3616715, 52.5369328 ], [ 13.3617514, 52.5368408 ], [ 13.3618189, 52.536789699999986 ], [ 13.3619336, 52.536721900000011 ], [ 13.3620407, 52.5366824 ], [ 13.3621506, 52.5366433 ], [ 13.3625113, 52.536515 ], [ 13.3632333, 52.5362582 ], [ 13.3633095, 52.5362489 ], [ 13.3633783, 52.536247 ], [ 13.3634836, 52.5362661 ], [ 13.3635649, 52.5362656 ], [ 13.3636384, 52.5362537 ], [ 13.3637167, 52.5362311 ], [ 13.3637365, 52.5362212 ], [ 13.3639752, 52.5361174 ], [ 13.3640043, 52.5361021 ], [ 13.3640258, 52.5360859 ], [ 13.3640348, 52.536077 ], [ 13.3640488, 52.5360579 ], [ 13.3640572, 52.5360376 ], [ 13.3640874, 52.5359731 ], [ 13.3641121, 52.5359453 ], [ 13.3641651, 52.5359089 ], [ 13.3641425, 52.5358854 ], [ 13.3641795, 52.535865 ], [ 13.3642069, 52.5358535 ], [ 13.3643631, 52.5357823 ], [ 13.3645365, 52.5357439 ], [ 13.3647377, 52.5357953 ], [ 13.365203, 52.5358165 ], [ 13.3654625, 52.5358581 ], [ 13.3656717, 52.5358436 ] ] ] } },
{ "type": "Feature", "properties": { "name": "Bitburgerteich", "name_norm": "bitburgerteich", "natural": "water", "water": "pond", "wikidata": null, "area_sqkm": 0.0014069575257983536, "centroid_lon": 13.480818353217201, "centroid_lat": 52.563921946647149 }, "geometry": { "type": "Polygon", "coordinates": [ [ [ 13.4808682, 52.564124 ], [ 13.4807356, 52.5641492 ], [ 13.480608, 52.5641203 ], [ 13.480521, 52.5639209 ], [ 13.4806079, 52.5637625 ], [ 13.4808751, 52.5637399 ], [ 13.4810907, 52.563748299999986 ], [ 13.4811657, 52.5638756 ], [ 13.4810681, 52.5639571 ], [ 13.4808682, 52.564124 ] ] ] } },
{ "type": "Feature", "properties": { "name": "Orankesee", "name_norm": "orankesee", "natural": "water", "water": "lake", "wikidata": "Q2028278", "area_sqkm": 0.039742024254344588, "centroid_lon": 13.48232983455069, "centroid_lat": 52.548826014545966 }, "geometry": { "type": "Polygon", "coordinates": [ [ [ 13.4843933, 52.548588100000018 ], [ 13.4844211, 52.5486759 ], [ 13.4844182, 52.5487018 ], [ 13.4844034, 52.5488337 ], [ 13.4843753, 52.5489822 ], [ 13.4843355, 52.5491281 ], [ 13.4842835, 52.549222 ], [ 13.4842198, 52.5493392 ], [ 13.4841212, 52.549458799999989 ], [ 13.4839726, 52.5495814 ], [ 13.4838232, 52.54970320000001 ], [ 13.4836427, 52.549807 ], [ 13.4834914, 52.5498823 ], [ 13.4834094, 52.5499126 ], [ 13.4833079, 52.5499397 ], [ 13.4832184, 52.5499481 ], [ 13.4831321, 52.5499373 ], [ 13.4823106, 52.5493814 ], [ 13.4822479, 52.5493475 ], [ 13.4821664, 52.549321899999988 ], [ 13.4820463, 52.5493112 ], [ 13.4805055, 52.5492759 ], [ 13.4803673, 52.5492603 ], [ 13.4802321, 52.5492358 ], [ 13.4801723, 52.5492052 ], [ 13.480134, 52.5491722 ], [ 13.4801284, 52.5491273 ], [ 13.4801254, 52.5490351 ], [ 13.4801804, 52.5489021 ], [ 13.4802353, 52.5488736 ], [ 13.4802902, 52.5487823 ], [ 13.4802729, 52.5487521 ], [ 13.4803037, 52.5487235 ], [ 13.4803681, 52.548686 ], [ 13.4804392, 52.5486037 ], [ 13.480511, 52.548502699999986 ], [ 13.4805076, 52.548474 ], [ 13.4805518, 52.5484389 ], [ 13.4805746, 52.5484446 ], [ 13.4807638, 52.5482771 ], [ 13.4808618, 52.5481751 ], [ 13.4809598, 52.5480655 ], [ 13.4812, 52.5478496 ], [ 13.4813158, 52.5477376 ], [ 13.4814148, 52.5476591 ], [ 13.481481, 52.547625799999985 ], [ 13.4815252, 52.5476162 ], [ 13.4815622, 52.5476139 ], [ 13.4815927, 52.5476172 ], [ 13.481632, 52.5476204 ], [ 13.4816596, 52.5476262 ], [ 13.4816908, 52.5476325 ], [ 13.4817191, 52.5476397 ], [ 13.48199, 52.547789 ], [ 13.4824535, 52.5481095 ], [ 13.4826694, 52.5482832 ], [ 13.482841, 52.5484331 ], [ 13.483033, 52.5485634 ], [ 13.4831386, 52.5486165 ], [ 13.4832404, 52.5486561 ], [ 13.483337, 52.54868 ], [ 13.4834499, 52.548705699999985 ], [ 13.4835433, 52.5487126 ], [ 13.4836219, 52.548697 ], [ 13.4836515, 52.5486662 ], [ 13.4836515, 52.5486339 ], [ 13.4836356, 52.5485572 ], [ 13.4836391, 52.548499 ], [ 13.4836528, 52.5484478 ], [ 13.4836913, 52.5483966 ], [ 13.483741, 52.548362100000013 ], [ 13.4838015, 52.5483314 ], [ 13.4838975, 52.5483026 ], [ 13.4839749, 52.5482894 ], [ 13.4840622, 52.5482935 ], [ 13.4841204, 52.5483084 ], [ 13.4841851, 52.5483518 ], [ 13.4842003, 52.5483649 ], [ 13.4842103, 52.5483734 ], [ 13.4842922, 52.5484357 ], [ 13.4843566, 52.548512699999989 ], [ 13.4843933, 52.548588100000018 ] ] ] } },
{ "type": "Feature", "properties": { "name": "Borsighafen", "name_norm": "borsighafen", "natural": "water", "water": "lake", "wikidata": null, "area_sqkm": 0.046342470003158158, "centroid_lon": 13.276197674477647, "centroid_lat": 52.581882080866755 }, "geometry": { "type": "Polygon", "coordinates": [ [ [ 13.2747333, 52.5815263 ], [ 13.2749836, 52.581518 ], [ 13.2751144, 52.581503899999987 ], [ 13.2752014, 52.5814365 ], [ 13.2752376, 52.5813225 ], [ 13.2752337, 52.5810279 ], [ 13.2752361, 52.5808882 ], [ 13.2752534, 52.5807415 ], [ 13.2752519, 52.5805057 ], [ 13.2752534, 52.5803005 ], [ 13.2752823, 52.580131 ], [ 13.2753677, 52.5797534 ], [ 13.2755483, 52.5794438 ], [ 13.2758623, 52.5794094 ], [ 13.2758675, 52.579422899999983 ], [ 13.2758808, 52.5794514 ], [ 13.2758355, 52.5794737 ], [ 13.2758878, 52.5795721 ], [ 13.2759796, 52.5797208 ], [ 13.2760263, 52.5798233 ], [ 13.2762343, 52.580270799999987 ], [ 13.2765733, 52.5809217 ], [ 13.2767975, 52.581246 ], [ 13.2770277, 52.581582 ], [ 13.2772386, 52.5815914 ], [ 13.2772579, 52.5818331 ], [ 13.2771819, 52.5818316 ], [ 13.2771923, 52.5819299 ], [ 13.2772655, 52.5819282 ], [ 13.2772763, 52.5819827 ], [ 13.2773774, 52.5824929 ], [ 13.2774094, 52.5826543 ], [ 13.2769707, 52.583797699999984 ], [ 13.2769511, 52.5837978 ], [ 13.2769026, 52.583817 ], [ 13.2768422, 52.5838384 ], [ 13.2768091, 52.5838514 ], [ 13.2767834, 52.5838665 ], [ 13.2767523, 52.5838889 ], [ 13.2767143, 52.5839164 ], [ 13.2766898, 52.5839288 ], [ 13.2767461, 52.5839729 ], [ 13.2766656, 52.584023 ], [ 13.2764455, 52.5841746 ], [ 13.2763531, 52.5841615 ], [ 13.2763516, 52.584175499999986 ], [ 13.2763514, 52.5841985 ], [ 13.2763393, 52.5842074 ], [ 13.2762667, 52.5842059 ], [ 13.2762253, 52.5841955 ], [ 13.2761846, 52.5841712 ], [ 13.2761691, 52.5841233 ], [ 13.2760641, 52.5838408 ], [ 13.2761959, 52.583818 ], [ 13.2762146, 52.5837705 ], [ 13.2761834, 52.5837378 ], [ 13.2761125, 52.5836732 ], [ 13.2760264, 52.5834833 ], [ 13.2759191, 52.5831871 ], [ 13.2757221, 52.5827097 ], [ 13.2756126, 52.5825904 ], [ 13.2755085, 52.5823183 ], [ 13.2754398, 52.58220690000001 ], [ 13.2754096, 52.5820563 ], [ 13.2753671, 52.5819666 ], [ 13.2753649, 52.5819118 ], [ 13.2751638, 52.5817861 ], [ 13.2750765, 52.5817631 ], [ 13.2750244, 52.581761 ], [ 13.2747747, 52.5817776 ], [ 13.2747333, 52.5815263 ] ] ] } },
{ "type": "Feature", "properties": { "name": "Ehemalige Tongrube", "name_norm": "ehemalige tongrube", "natural": "water", "water": "pond", "wikidata": null, "area_sqkm": 0.0033715619723480861, "centroid_lon": 13.323754005285073, "centroid_lat": 52.616366389085719 }, "geometry": { "type": "Polygon", "coordinates": [ [ [ 13.3236286, 52.6161032 ], [ 13.3238506, 52.616129700000016 ], [ 13.3239178, 52.6161511 ], [ 13.3239571, 52.6161753 ], [ 13.3239684, 52.6161822 ], [ 13.3240004, 52.6161871 ], [ 13.324061, 52.616183 ], [ 13.3241611, 52.616174 ], [ 13.3242219, 52.6161793 ], [ 13.3242585, 52.6162027 ], [ 13.3242663, 52.6162103 ], [ 13.3242773, 52.61623070000001 ], [ 13.324272, 52.6162604 ], [ 13.3241386, 52.6163524 ], [ 13.3241291, 52.6163691 ], [ 13.3241534, 52.6163812 ], [ 13.3243351, 52.6164503 ], [ 13.3243665, 52.61649580000001 ], [ 13.324369, 52.6165327 ], [ 13.3243226, 52.6165659 ], [ 13.3242628, 52.6165973 ], [ 13.3240909, 52.616628 ], [ 13.3239991, 52.6166377 ], [ 13.3238636, 52.6166376 ], [ 13.3233913, 52.6164647 ], [ 13.3233187, 52.6164453 ], [ 13.3232582, 52.6164243 ], [ 13.3231843, 52.616394 ], [ 13.3230644, 52.6163572 ], [ 13.3229473, 52.6163364 ], [ 13.322932, 52.6162881 ], [ 13.3229432, 52.6162644 ], [ 13.3230065, 52.6162397 ], [ 13.3230872, 52.6162435 ], [ 13.3232508, 52.6162784 ], [ 13.3232939, 52.6162803 ], [ 13.3233276, 52.6162739 ], [ 13.3233834, 52.6162047 ], [ 13.3234366, 52.6161377 ], [ 13.3234723, 52.6161124 ], [ 13.3235078, 52.6161155 ], [ 13.3235557, 52.6161196 ], [ 13.323583, 52.6161086 ], [ 13.3236286, 52.6161032 ] ] ] } },
{ "type": "Feature", "properties": { "name": "Ziegeleisee", "name_norm": "ziegeleisee", "natural": "water", "water": "lake", "wikidata": "Q198615", "area_sqkm": 0.044524975537645492, "centroid_lon": 13.334497604539258, "centroid_lat": 52.617123241997348 }, "geometry": { "type": "Polygon", "coordinates": [ [ [ 13.332478, 52.61712 ], [ 13.3323801, 52.6169179 ], [ 13.3324663, 52.6166811 ], [ 13.3325617, 52.6165676 ], [ 13.3327128, 52.6163855 ], [ 13.333134, 52.616072 ], [ 13.3332579, 52.616048 ], [ 13.3336365, 52.6161133 ], [ 13.3337958, 52.6161175 ], [ 13.3339039, 52.616158 ], [ 13.3340406, 52.6161788 ], [ 13.3342888, 52.6162561 ], [ 13.3344843, 52.616343699999987 ], [ 13.3346166, 52.6164384 ], [ 13.3346048, 52.6164765 ], [ 13.3346388, 52.6164946 ], [ 13.3346856, 52.6164863 ], [ 13.3347479, 52.6164839 ], [ 13.3347782, 52.616484800000016 ], [ 13.3349907, 52.6165557 ], [ 13.3350696, 52.6165564 ], [ 13.3351932, 52.6165878 ], [ 13.3353126, 52.6165836 ], [ 13.3354306, 52.6166472 ], [ 13.3356251, 52.6167077 ], [ 13.3357637, 52.616759 ], [ 13.3359178, 52.6167888 ], [ 13.3360924, 52.616839 ], [ 13.3362589, 52.6168733 ], [ 13.3363744, 52.6168897 ], [ 13.3364795, 52.6169484 ], [ 13.3365849, 52.6170198 ], [ 13.3366771, 52.6170035 ], [ 13.3367274, 52.6169986 ], [ 13.3367809, 52.617022 ], [ 13.336856, 52.6170265 ], [ 13.336919, 52.6170516 ], [ 13.3370076, 52.6171228 ], [ 13.3371239, 52.6171714 ], [ 13.3371863, 52.6172316 ], [ 13.337277, 52.6172552 ], [ 13.3373112, 52.6172987 ], [ 13.337319, 52.6173247 ], [ 13.3373345, 52.6173718 ], [ 13.3372909, 52.6174102 ], [ 13.3372351, 52.6174572 ], [ 13.337035, 52.6175339 ], [ 13.3369295, 52.6175565 ], [ 13.3368778, 52.6175905 ], [ 13.3367652, 52.61760610000001 ], [ 13.3366793, 52.6176196 ], [ 13.3367048, 52.617655899999988 ], [ 13.3366311, 52.6176715 ], [ 13.3365635, 52.6176862 ], [ 13.3365239, 52.6176834 ], [ 13.3364868, 52.6176715 ], [ 13.3364538, 52.617644399999989 ], [ 13.3364259, 52.6176477 ], [ 13.3364259, 52.6176596 ], [ 13.3363927, 52.6176648 ], [ 13.3362946, 52.6176838 ], [ 13.3362892, 52.6176996 ], [ 13.3361977, 52.6177307 ], [ 13.336091, 52.6177512 ], [ 13.3359919, 52.6177657 ], [ 13.3358994, 52.617769699999982 ], [ 13.3358906, 52.6177525 ], [ 13.3356787, 52.6177752 ], [ 13.3356548, 52.6177809 ], [ 13.3350501, 52.6179507 ], [ 13.3346017, 52.6180498 ], [ 13.3343293, 52.6180362 ], [ 13.3340581, 52.617974 ], [ 13.3338571, 52.6178932 ], [ 13.333743, 52.6178602 ], [ 13.3333242, 52.6177547 ], [ 13.333271, 52.6177609 ], [ 13.3332541, 52.6177128 ], [ 13.3331948, 52.6176768 ], [ 13.3332302, 52.6175875 ], [ 13.3330893, 52.617529 ], [ 13.3330115, 52.61759030000001 ], [ 13.3330231, 52.6176679 ], [ 13.3329599, 52.6176805 ], [ 13.3329167, 52.6177174 ], [ 13.3327921, 52.6176557 ], [ 13.3325432, 52.617352399999987 ], [ 13.332478, 52.61712 ] ] ] } },
{ "type": "Feature", "properties": { "name": "Sprintwiesenteich", "name_norm": "sprintwiesenteich", "natural": "water", "water": "pond", "wikidata": null, "area_sqkm": 0.0080080427645449776, "centroid_lon": 13.363203318379622, "centroid_lat": 52.622152798526159 }, "geometry": { "type": "Polygon", "coordinates": [ [ [ 13.3638594, 52.6221109 ], [ 13.3639399, 52.62241190000001 ], [ 13.3635147, 52.6225076 ], [ 13.3630969, 52.622568 ], [ 13.3623548, 52.6223913 ], [ 13.3621308, 52.622308 ], [ 13.3621903, 52.6220814 ], [ 13.3622516, 52.6220263 ], [ 13.3624405, 52.6220008 ], [ 13.3630201, 52.6220049 ], [ 13.3632429, 52.6219428 ], [ 13.3633248, 52.6217499 ], [ 13.3633974, 52.6216728 ], [ 13.363942, 52.6216536 ], [ 13.3640128, 52.6216997 ], [ 13.3640241, 52.6219002 ], [ 13.3638594, 52.6221109 ] ] ] } },
{ "type": "Feature", "properties": { "name": "Köppchensee", "name_norm": "koppchensee", "natural": "water", "water": "lake", "wikidata": "Q104215543", "area_sqkm": 0.042335118319809115, "centroid_lon": 13.370690682368902, "centroid_lat": 52.625792185807157 }, "geometry": { "type": "Polygon", "coordinates": [ [ [ 13.3710309, 52.6256094 ], [ 13.3712308, 52.6256932 ], [ 13.3713587, 52.6256635 ], [ 13.3716955, 52.62575 ], [ 13.3728737, 52.6262098 ], [ 13.3735995, 52.626493 ], [ 13.3736643, 52.6265873 ], [ 13.3735866, 52.6267053 ], [ 13.3734312, 52.6267721 ], [ 13.373198, 52.6267721 ], [ 13.3728159, 52.6266306 ], [ 13.3719869, 52.62633180000001 ], [ 13.3711579, 52.626005499999984 ], [ 13.3710802, 52.6259033 ], [ 13.3711682, 52.6257334 ], [ 13.3709734, 52.6256383 ], [ 13.3705987, 52.625826699999983 ], [ 13.3705246, 52.6259842 ], [ 13.3731919, 52.6270036 ], [ 13.3731425, 52.6273184 ], [ 13.3724139, 52.627206 ], [ 13.3714384, 52.6269511 ], [ 13.3704875, 52.626561299999985 ], [ 13.370327, 52.626344 ], [ 13.3692403, 52.6259092 ], [ 13.3687217, 52.6255944 ], [ 13.3678573, 52.6255269 ], [ 13.3680548, 52.6251896 ], [ 13.36845, 52.6249497 ], [ 13.3686352, 52.6250022 ], [ 13.3688204, 52.625054699999978 ], [ 13.3691539, 52.6249272 ], [ 13.369228, 52.6244175 ], [ 13.3694996, 52.6240202 ], [ 13.3699689, 52.6237953 ], [ 13.3702776, 52.6238553 ], [ 13.370364, 52.6240127 ], [ 13.3694996, 52.6253245 ], [ 13.3702158, 52.6255194 ], [ 13.3714384, 52.6249947 ], [ 13.3715001, 52.6251371 ], [ 13.3710309, 52.6256094 ] ] ] } },
{ "type": "Feature", "properties": { "name": "Ostsee", "name_norm": "ostsee", "natural": "water", "water": "pond", "wikidata": null, "area_sqkm": 0.016681328291394289, "centroid_lon": 13.419646612521065, "centroid_lat": 52.435654758342451 }, "geometry": { "type": "Polygon", "coordinates": [ [ [ 13.4183025, 52.43526 ], [ 13.4182255, 52.4352217 ], [ 13.4186164, 52.4350072 ], [ 13.4186673, 52.4350327 ], [ 13.4186888, 52.4350441 ], [ 13.4187356, 52.4350535 ], [ 13.4187731, 52.435060699999987 ], [ 13.4188133, 52.4350796 ], [ 13.4188645, 52.4351085 ], [ 13.418881, 52.4351138 ], [ 13.418917, 52.4351165 ], [ 13.4189436, 52.435111 ], [ 13.4189711, 52.4350945 ], [ 13.4189898, 52.4350272 ], [ 13.4190743, 52.4350278 ], [ 13.4190799, 52.4350456 ], [ 13.419095, 52.4350566 ], [ 13.4191378, 52.4350644 ], [ 13.4191696, 52.4350775 ], [ 13.4191974, 52.435092500000017 ], [ 13.4192627, 52.4351439 ], [ 13.419294, 52.4351557 ], [ 13.419332, 52.4351581 ], [ 13.41937, 52.4351562 ], [ 13.4194218, 52.4351454 ], [ 13.4194712, 52.4351293 ], [ 13.4195575, 52.4351 ], [ 13.4195884, 52.435084199999984 ], [ 13.4196299, 52.4350504 ], [ 13.4196458, 52.435028799999984 ], [ 13.4196713, 52.4349752 ], [ 13.4197007, 52.4348717 ], [ 13.4197122, 52.434852699999986 ], [ 13.4197235, 52.4348427 ], [ 13.4197403, 52.4348377 ], [ 13.4197589, 52.4348357 ], [ 13.419776, 52.4348414 ], [ 13.4198071, 52.4348586 ], [ 13.4198594, 52.4348965 ], [ 13.4198887, 52.43491310000001 ], [ 13.419973, 52.434956599999985 ], [ 13.4200027, 52.4349702 ], [ 13.4200246, 52.4349855 ], [ 13.4200443, 52.4350018 ], [ 13.4200533, 52.435024 ], [ 13.4200529, 52.4350476 ], [ 13.420013, 52.4351052 ], [ 13.4199833, 52.4351613 ], [ 13.4199756, 52.4352217 ], [ 13.4199733, 52.4352629 ], [ 13.4199774, 52.4352738 ], [ 13.420018, 52.435319899999989 ], [ 13.4200295, 52.4353231 ], [ 13.4200442, 52.435319 ], [ 13.4200577, 52.4353084 ], [ 13.4201334, 52.4353345 ], [ 13.420111, 52.4353516 ], [ 13.4200522, 52.4353898 ], [ 13.4200384, 52.4354098 ], [ 13.4200351, 52.4354411 ], [ 13.4200389, 52.435461 ], [ 13.4200622, 52.435484 ], [ 13.4201005, 52.4355118 ], [ 13.4201657, 52.4355493 ], [ 13.4202308, 52.4355785 ], [ 13.4202586, 52.4355931 ], [ 13.4202804, 52.4356028 ], [ 13.420319, 52.4356168 ], [ 13.4203734, 52.4356318 ], [ 13.4204221, 52.4356374 ], [ 13.4204835, 52.4356416 ], [ 13.4206027, 52.4356458 ], [ 13.420649, 52.4356452 ], [ 13.4206975, 52.435655 ], [ 13.4207792, 52.4356723 ], [ 13.4208182, 52.4356858 ], [ 13.4208586, 52.4357049 ], [ 13.4208959, 52.435727599999986 ], [ 13.4209286, 52.4357533 ], [ 13.4209621, 52.435791 ], [ 13.4210262, 52.4358515 ], [ 13.4210784, 52.4359128 ], [ 13.4210848, 52.4359239 ], [ 13.4210848, 52.435935 ], [ 13.4210817, 52.43594370000001 ], [ 13.4210708, 52.4359524 ], [ 13.4210833, 52.4360332 ], [ 13.4210712, 52.4360707 ], [ 13.4210592, 52.4360887 ], [ 13.4210299, 52.4361181 ], [ 13.4209974, 52.4361447 ], [ 13.4209515, 52.4361886 ], [ 13.4209191, 52.4362364 ], [ 13.4208912, 52.436285 ], [ 13.4208794, 52.4363192 ], [ 13.4208671, 52.4363402 ], [ 13.4208547, 52.4363541 ], [ 13.4208516, 52.4363663 ], [ 13.4208549, 52.4363795 ], [ 13.4208662, 52.4363901 ], [ 13.4208876, 52.4363992 ], [ 13.420915, 52.4364091 ], [ 13.4209526, 52.436426199999985 ], [ 13.4209813, 52.4364499 ], [ 13.4210011, 52.4364712 ], [ 13.4210039, 52.4364887 ], [ 13.4209987, 52.4365095 ], [ 13.4209934, 52.4365206 ], [ 13.4209818, 52.4365328 ], [ 13.42096, 52.4365454 ], [ 13.4209403, 52.4365611 ], [ 13.42092, 52.4365433 ], [ 13.4208888, 52.4365252 ], [ 13.4208377, 52.4365027 ], [ 13.4207826, 52.4364887 ], [ 13.420746, 52.436487299999989 ], [ 13.4207081, 52.4364883 ], [ 13.4206852, 52.436489499999986 ], [ 13.4205845, 52.4365186 ], [ 13.4205467, 52.4365406 ], [ 13.4205208, 52.4365668 ], [ 13.4205047, 52.436588799999988 ], [ 13.4204992, 52.4366043 ], [ 13.4203285, 52.436604 ], [ 13.420328, 52.4365809 ], [ 13.4203356, 52.436549799999987 ], [ 13.4203531, 52.4365176 ], [ 13.4203685, 52.4364965 ], [ 13.4203927, 52.436476199999987 ], [ 13.4204816, 52.4364298 ], [ 13.4204947, 52.4364204 ], [ 13.4205112, 52.4364024 ], [ 13.4205065, 52.436381 ], [ 13.4203752, 52.4362499 ], [ 13.420265, 52.4361667 ], [ 13.4202152, 52.4361232 ], [ 13.4201702, 52.4360709 ], [ 13.4201197, 52.4360087 ], [ 13.4200781, 52.4359673 ], [ 13.4200183, 52.4359395 ], [ 13.4199458, 52.4359234 ], [ 13.4197614, 52.4359196 ], [ 13.4197183, 52.4359321 ], [ 13.419675, 52.4359619 ], [ 13.4196223, 52.4359928 ], [ 13.4195627, 52.43601060000001 ], [ 13.4194541, 52.4360206 ], [ 13.4193313, 52.4360241 ], [ 13.4192177, 52.4360133 ], [ 13.4191291, 52.4360009 ], [ 13.4188437, 52.4359122 ], [ 13.4185439, 52.435809 ], [ 13.4184451, 52.4357664 ], [ 13.4183923, 52.4357336 ], [ 13.418355, 52.4356919 ], [ 13.4183134, 52.435633 ], [ 13.4182998, 52.435589499999985 ], [ 13.4182919, 52.4354484 ], [ 13.4183025, 52.43526 ] ] ] } },
{ "type": "Feature", "properties": { "name": "Großer Spektesee", "name_norm": "großer spektesee", "natural": "water", "water": "lake", "wikidata": "Q15111868", "area_sqkm": 0.062203328648654514, "centroid_lon": 13.165198052429199, "centroid_lat": 52.544922421137812 }, "geometry": { "type": "Polygon", "coordinates": [ [ [ 13.1663148, 52.5436659 ], [ 13.1663844, 52.5436853 ], [ 13.1664689, 52.5437149 ], [ 13.1666, 52.5437699 ], [ 13.1666952, 52.5438196 ], [ 13.1667896, 52.5439335 ], [ 13.1668462, 52.5440246 ], [ 13.1668651, 52.5440655 ], [ 13.1668732, 52.544116699999989 ], [ 13.1668665, 52.5442025 ], [ 13.1667902, 52.5444766 ], [ 13.1667868, 52.5445254 ], [ 13.1667958, 52.5445704 ], [ 13.166827, 52.5445998 ], [ 13.1668644, 52.5446233 ], [ 13.1670629, 52.5448175 ], [ 13.1671472, 52.544884700000011 ], [ 13.1672002, 52.5449145 ], [ 13.1672577, 52.544935099999989 ], [ 13.1673215, 52.5449557 ], [ 13.1674192, 52.5449988 ], [ 13.1675759, 52.545076 ], [ 13.1676335, 52.5451194 ], [ 13.1676925, 52.5451769 ], [ 13.1677036, 52.5451988 ], [ 13.1677053, 52.5452127 ], [ 13.1677103, 52.5452227 ], [ 13.1677359, 52.545237299999989 ], [ 13.167759, 52.5452575 ], [ 13.1677709, 52.5452778 ], [ 13.1677751, 52.5453179 ], [ 13.1677637, 52.5453698 ], [ 13.1677476, 52.5454123 ], [ 13.1677274, 52.5454821 ], [ 13.1676601, 52.5455828 ], [ 13.1675525, 52.5456368 ], [ 13.1674691, 52.5456547 ], [ 13.167356, 52.5456924 ], [ 13.1672733, 52.5457248 ], [ 13.1672409, 52.5457288 ], [ 13.1672136, 52.5457282 ], [ 13.1671616, 52.545737599999988 ], [ 13.1671188, 52.5457517 ], [ 13.1670639, 52.5457755 ], [ 13.1669765, 52.5458174 ], [ 13.1668462, 52.5458698 ], [ 13.1667321, 52.5459059 ], [ 13.1666076, 52.545937 ], [ 13.1664023, 52.545976 ], [ 13.1659686, 52.5460355 ], [ 13.165938, 52.546046 ], [ 13.1659155, 52.5460597 ], [ 13.1659027, 52.546077399999987 ], [ 13.1659012, 52.5461013 ], [ 13.1659102, 52.5461371 ], [ 13.165904, 52.5461636 ], [ 13.1658871, 52.5461787 ], [ 13.1658598, 52.546178 ], [ 13.1658245, 52.5461617 ], [ 13.1658048, 52.5461455 ], [ 13.1657978, 52.5461295 ], [ 13.1657616, 52.5460993 ], [ 13.1657118, 52.5460723 ], [ 13.16565, 52.5460542 ], [ 13.1655909, 52.5460442 ], [ 13.1654456, 52.5460396 ], [ 13.1653987, 52.546043599999983 ], [ 13.1653132, 52.5460326 ], [ 13.1651021, 52.5460274 ], [ 13.1647819, 52.5459551 ], [ 13.1647464, 52.5459331 ], [ 13.1647272, 52.5459095 ], [ 13.1647191, 52.545885899999988 ], [ 13.1647311, 52.545863 ], [ 13.1647564, 52.545839 ], [ 13.1647967, 52.5458211 ], [ 13.1648328, 52.5458158 ], [ 13.1648738, 52.5458164 ], [ 13.1649633, 52.5458418 ], [ 13.1650481, 52.5458596 ], [ 13.165145, 52.545876 ], [ 13.1652032, 52.5458807 ], [ 13.1652388, 52.5458723 ], [ 13.1652594, 52.545860500000011 ], [ 13.1652669, 52.5458454 ], [ 13.1652592, 52.5458302 ], [ 13.1652383, 52.5458156 ], [ 13.1651015, 52.5457421 ], [ 13.1650237, 52.5457128 ], [ 13.1649317, 52.5456893 ], [ 13.1648664, 52.5456793 ], [ 13.164711, 52.5456727 ], [ 13.1644893, 52.5456853 ], [ 13.1644028, 52.5456861 ], [ 13.1641774, 52.5456491 ], [ 13.1640247, 52.5456288 ], [ 13.1639175, 52.545629499999983 ], [ 13.1636804, 52.5456424 ], [ 13.1635973, 52.5456494 ], [ 13.1635252, 52.5456464 ], [ 13.1634445, 52.5456388 ], [ 13.1633743, 52.5456402 ], [ 13.1633047, 52.5456222 ], [ 13.1632541, 52.5455997 ], [ 13.1630744, 52.5454799 ], [ 13.1628948, 52.5453532 ], [ 13.1628175, 52.5452818 ], [ 13.1627545, 52.5452108 ], [ 13.1627162, 52.5451453 ], [ 13.1627006, 52.5450932 ], [ 13.1627016, 52.5450374 ], [ 13.1627102, 52.5449306 ], [ 13.1627048, 52.5449003 ], [ 13.1626891, 52.544874 ], [ 13.1626628, 52.5448625 ], [ 13.1626335, 52.5448629 ], [ 13.1626113, 52.5448733 ], [ 13.1625763, 52.544908 ], [ 13.1625238, 52.5449467 ], [ 13.1624362, 52.545008 ], [ 13.1623753, 52.54504 ], [ 13.1623227, 52.5450533 ], [ 13.16227, 52.5450534 ], [ 13.1622086, 52.5450428 ], [ 13.1621603, 52.5450216 ], [ 13.1621202, 52.5449767 ], [ 13.162078, 52.5449145 ], [ 13.1620594, 52.5448594 ], [ 13.1620601, 52.544806499999986 ], [ 13.1620718, 52.5447695 ], [ 13.1621174, 52.544747 ], [ 13.1621893, 52.5447364 ], [ 13.1622896, 52.5447417 ], [ 13.1624997, 52.5447362 ], [ 13.1626102, 52.544702799999989 ], [ 13.1626593, 52.544669499999983 ], [ 13.1626844, 52.5446329 ], [ 13.1626927, 52.544591 ], [ 13.162716, 52.5445553 ], [ 13.1627777, 52.5445021 ], [ 13.1628266, 52.5444658 ], [ 13.1630589, 52.5443561 ], [ 13.163106, 52.544327499999987 ], [ 13.1631699, 52.5443133 ], [ 13.1632194, 52.5443077 ], [ 13.1635, 52.544186 ], [ 13.1635457, 52.5441757 ], [ 13.1635988, 52.5441727 ], [ 13.1636425, 52.544159800000017 ], [ 13.1637077, 52.5441355 ], [ 13.1637605, 52.5441224 ], [ 13.1637916, 52.5441224 ], [ 13.1638226, 52.5441347 ], [ 13.1638444, 52.5441588 ], [ 13.1638754, 52.54418 ], [ 13.1639254, 52.5441936 ], [ 13.1639754, 52.5442033 ], [ 13.1640397, 52.5442143 ], [ 13.1641009, 52.5442215 ], [ 13.1642132, 52.5442165 ], [ 13.1643659, 52.5441984 ], [ 13.1644715, 52.5441822 ], [ 13.1645616, 52.544162299999989 ], [ 13.1646798, 52.5441281 ], [ 13.1647827, 52.5440843 ], [ 13.1648798, 52.5440231 ], [ 13.1649827, 52.5438962 ], [ 13.1650432, 52.5438478 ], [ 13.1650889, 52.5438245 ], [ 13.1651367, 52.5438072 ], [ 13.1651714, 52.543792 ], [ 13.1651968, 52.5437692 ], [ 13.1652386, 52.5437423 ], [ 13.1653214, 52.5437134 ], [ 13.1653861, 52.5436999 ], [ 13.1654324, 52.543697 ], [ 13.1655159, 52.5437016 ], [ 13.1656065, 52.5436875 ], [ 13.1657223, 52.543667 ], [ 13.1658019, 52.5436577 ], [ 13.1658665, 52.543655 ], [ 13.1659436, 52.5436635 ], [ 13.1660162, 52.5436533 ], [ 13.1660556, 52.543656599999984 ], [ 13.1660919, 52.5436638 ], [ 13.166132, 52.5436649 ], [ 13.1661784, 52.5436569 ], [ 13.1662373, 52.543656700000014 ], [ 13.1663148, 52.5436659 ] ] ] } },
{ "type": "Feature", "properties": { "name": "Panzersee", "name_norm": "panzersee", "natural": "water", "water": "pond", "wikidata": null, "area_sqkm": 0.017390288727564013, "centroid_lon": 13.129727076525599, "centroid_lat": 52.555431361880878 }, "geometry": { "type": "Polygon", "coordinates": [ [ [ 13.1316491, 52.5549644 ], [ 13.131172, 52.555192299999987 ], [ 13.1304425, 52.5555159 ], [ 13.1294726, 52.55589160000001 ], [ 13.1290005, 52.5560586 ], [ 13.1283568, 52.5562882 ], [ 13.1278708, 52.5556715 ], [ 13.1307086, 52.5547957 ], [ 13.1315497, 52.5546287 ], [ 13.1318158, 52.5548114 ], [ 13.1316491, 52.5549644 ] ] ] } },
{ "type": "Feature", "properties": { "name": "Heiligensee", "name_norm": "heiligensee", "natural": "water", "water": "lake", "wikidata": "Q1595216", "area_sqkm": 0.31009997471114442, "centroid_lon": 13.21504433036829, "centroid_lat": 52.604252265461575 }, "geometry": { "type": "Polygon", "coordinates": [ [ [ 13.2105554, 52.6019521 ], [ 13.2106031, 52.6019152 ], [ 13.210538, 52.6018773 ], [ 13.21052, 52.6018283 ], [ 13.2104475, 52.6017771 ], [ 13.2102311, 52.6017396 ], [ 13.2103104, 52.601597799999986 ], [ 13.2104267, 52.601617 ], [ 13.2107266, 52.6016864 ], [ 13.2108855, 52.601694899999984 ], [ 13.2109678, 52.601653199999987 ], [ 13.2111651, 52.6015076 ], [ 13.2119115, 52.6011238 ], [ 13.2123666, 52.6009284 ], [ 13.2124681, 52.600885 ], [ 13.2127821, 52.600749 ], [ 13.2128993, 52.6006982 ], [ 13.2130141, 52.6006485 ], [ 13.2130238, 52.6006446 ], [ 13.2133958, 52.6005358 ], [ 13.2137476, 52.6004668 ], [ 13.2140714, 52.600464799999983 ], [ 13.214255, 52.600551799999984 ], [ 13.2146037, 52.6007371 ], [ 13.214797, 52.6008658 ], [ 13.2149487, 52.600987 ], [ 13.2171721, 52.6027604 ], [ 13.2181988, 52.6040798 ], [ 13.2197263, 52.6053246 ], [ 13.2194835, 52.6061116 ], [ 13.2194666, 52.606588899999984 ], [ 13.2190886, 52.6071991 ], [ 13.218973, 52.6073267 ], [ 13.2188525, 52.6074598 ], [ 13.2173076, 52.6082677 ], [ 13.216857, 52.6086846 ], [ 13.2164707, 52.6087237 ], [ 13.2162209, 52.6081927 ], [ 13.2155632, 52.607287399999983 ], [ 13.2154127, 52.6071662 ], [ 13.2153497, 52.6071161 ], [ 13.2153041, 52.60707570000001 ], [ 13.2152656, 52.606980199999988 ], [ 13.2148476, 52.6066367 ], [ 13.2148185, 52.6066128 ], [ 13.2146558, 52.6064972 ], [ 13.2138886, 52.605952 ], [ 13.2138799, 52.6055423 ], [ 13.2137262, 52.6053357 ], [ 13.2111033, 52.6046034 ], [ 13.2106388, 52.6041625 ], [ 13.2103943, 52.6033886 ], [ 13.2103571, 52.6032696 ], [ 13.2103607, 52.60320789999998 ], [ 13.210298, 52.6030451 ], [ 13.2102215, 52.6029669 ], [ 13.2102163, 52.6028659 ], [ 13.210181, 52.6027218 ], [ 13.2101846, 52.6026108 ], [ 13.2103031, 52.602245 ], [ 13.2103661, 52.6020689 ], [ 13.2104926, 52.602016599999985 ], [ 13.2105554, 52.6019521 ] ] ] } },
{ "type": "Feature", "properties": { "name": "Nieder Neuendorfer See", "name_norm": "nieder neuendorfer see", "natural": "water", "water": "lake", "wikidata": "Q15836779", "area_sqkm": 0.9079372669465865, "centroid_lon": 13.212378595935254, "centroid_lat": 52.615269725825812 }, "geometry": { "type": "Polygon", "coordinates": [ [ [ 13.2198619, 52.627079899999984 ], [ 13.2194404, 52.6260969 ], [ 13.2190454, 52.6251757 ], [ 13.2186492, 52.6242517 ], [ 13.2182372, 52.6241423 ], [ 13.2179711, 52.6239912 ], [ 13.217705, 52.6238817 ], [ 13.2175076, 52.6237411 ], [ 13.2174733, 52.62359 ], [ 13.2173789, 52.623355499999988 ], [ 13.2171128, 52.623261699999986 ], [ 13.2167265, 52.6230377 ], [ 13.2166407, 52.6227771 ], [ 13.2166321, 52.6225479 ], [ 13.2167523, 52.6223343 ], [ 13.216884, 52.6220598 ], [ 13.2169203, 52.6219841 ], [ 13.2168982, 52.6215318 ], [ 13.2165291, 52.620786699999989 ], [ 13.216341, 52.6205479 ], [ 13.2163403, 52.620547 ], [ 13.2159627, 52.6203803 ], [ 13.2157824, 52.620562699999986 ], [ 13.2154734, 52.620672099999986 ], [ 13.2152331, 52.6206981 ], [ 13.2148827, 52.620803899999984 ], [ 13.2147954, 52.6209274 ], [ 13.2146323, 52.6210368 ], [ 13.2145722, 52.620906599999984 ], [ 13.2146666, 52.6206721 ], [ 13.2141774, 52.6203282 ], [ 13.214143, 52.620025899999987 ], [ 13.2136967, 52.619953 ], [ 13.2133706, 52.6198592 ], [ 13.2130787, 52.6197654 ], [ 13.2126324, 52.619359 ], [ 13.2126753, 52.6192026 ], [ 13.2123921, 52.6189473 ], [ 13.2122009, 52.6190579 ], [ 13.2118742, 52.6186931 ], [ 13.2119973, 52.6186451 ], [ 13.2117188, 52.6183275 ], [ 13.2115996, 52.6179905 ], [ 13.2114949, 52.6178138 ], [ 13.2113653, 52.6171597 ], [ 13.2112765, 52.6161259 ], [ 13.2111008, 52.6157272 ], [ 13.2109159, 52.6157124 ], [ 13.2085921, 52.6160108 ], [ 13.2086312, 52.6159205 ], [ 13.2085728, 52.6158302 ], [ 13.2083248, 52.61576070000001 ], [ 13.2081302, 52.6157026 ], [ 13.2078219, 52.6154431 ], [ 13.2071568, 52.6149432 ], [ 13.2066141, 52.6145618 ], [ 13.2062256, 52.6143045 ], [ 13.206106, 52.614209 ], [ 13.2059933, 52.6141293 ], [ 13.205687, 52.6139396 ], [ 13.2053277, 52.6137813 ], [ 13.2052001, 52.613550099999983 ], [ 13.205187, 52.612986 ], [ 13.2050583, 52.6127775 ], [ 13.2050755, 52.6124856 ], [ 13.2052643, 52.6120687 ], [ 13.205333, 52.6117091 ], [ 13.2053526, 52.611625 ], [ 13.2050977, 52.6114594 ], [ 13.2048237, 52.6113731 ], [ 13.2045404, 52.6112951 ], [ 13.2044232, 52.6109847 ], [ 13.204303, 52.610776199999989 ], [ 13.2045004, 52.610593799999982 ], [ 13.2045262, 52.6101247 ], [ 13.2038481, 52.6094211 ], [ 13.2027151, 52.608681 ], [ 13.2023867, 52.6085605 ], [ 13.2048267, 52.6069577 ], [ 13.2050137, 52.6069661 ], [ 13.2052614, 52.6069773 ], [ 13.2055321, 52.607052 ], [ 13.2056783, 52.6070924 ], [ 13.2058962, 52.6071525 ], [ 13.2068891, 52.6074267 ], [ 13.2072635, 52.6075282 ], [ 13.2075137, 52.607596 ], [ 13.207574, 52.6076124 ], [ 13.2079243, 52.6077156 ], [ 13.2081931, 52.60763930000001 ], [ 13.2083108, 52.6076693 ], [ 13.2089444, 52.6079127 ], [ 13.2091683, 52.607998799999983 ], [ 13.2093425, 52.6080509 ], [ 13.2101941, 52.6083626 ], [ 13.2102071, 52.6083727 ], [ 13.2102214, 52.6083838 ], [ 13.2101747, 52.6084165 ], [ 13.210271, 52.6084823 ], [ 13.2103386, 52.6085254 ], [ 13.2104026, 52.6085849 ], [ 13.2104514, 52.6086423 ], [ 13.2109922, 52.6090592 ], [ 13.2110694, 52.6091282 ], [ 13.2115378, 52.6095313 ], [ 13.2119027, 52.6097532 ], [ 13.2119761, 52.6098185 ], [ 13.2120497, 52.6098756 ], [ 13.2120684, 52.609877 ], [ 13.2120944, 52.6098778 ], [ 13.212128, 52.6098704 ], [ 13.2121515, 52.6098683 ], [ 13.2121645, 52.6098707 ], [ 13.2121687, 52.6098791 ], [ 13.2121645, 52.6098895 ], [ 13.2121596, 52.6098992 ], [ 13.2121615, 52.6099071 ], [ 13.2121758, 52.6099131 ], [ 13.2122332, 52.6099423 ], [ 13.2122802, 52.6099845 ], [ 13.2123215, 52.6100258 ], [ 13.2123363, 52.6100667 ], [ 13.2123339, 52.6100934 ], [ 13.2123134, 52.6101198 ], [ 13.2122899, 52.6101343 ], [ 13.212375, 52.610202 ], [ 13.2125948, 52.6103697 ], [ 13.212671, 52.610431699999985 ], [ 13.2129112, 52.6106812 ], [ 13.2129962, 52.6107676 ], [ 13.2130136, 52.6108358 ], [ 13.2130769, 52.6109119 ], [ 13.2131005, 52.6109357 ], [ 13.213085, 52.6109413 ], [ 13.2131387, 52.6110023 ], [ 13.2131567, 52.6110175 ], [ 13.2131694, 52.6110273 ], [ 13.2131428, 52.611038 ], [ 13.2132347, 52.6111362 ], [ 13.2132982, 52.6111997 ], [ 13.2135669, 52.6114356 ], [ 13.2136513, 52.6115073 ], [ 13.2137664, 52.6115321 ], [ 13.2140959, 52.6116745 ], [ 13.2142573, 52.6118238 ], [ 13.2144383, 52.611989199999982 ], [ 13.214475, 52.6120907 ], [ 13.2147722, 52.6123022 ], [ 13.2147765, 52.6123095 ], [ 13.2148062, 52.6123597 ], [ 13.214815, 52.6124039 ], [ 13.2149214, 52.612492799999984 ], [ 13.2150328, 52.612636 ], [ 13.2151687, 52.6126915 ], [ 13.2153045, 52.612814299999982 ], [ 13.2156238, 52.6132827 ], [ 13.2156465, 52.6133245 ], [ 13.2157585, 52.6135313 ], [ 13.2158189, 52.613826699999983 ], [ 13.2160486, 52.6140524 ], [ 13.2161, 52.6141472 ], [ 13.2162336, 52.614393699999987 ], [ 13.2162392, 52.614808499999988 ], [ 13.216242, 52.6150122 ], [ 13.216393, 52.6150794 ], [ 13.2164398, 52.6151838 ], [ 13.2164963, 52.615301699999989 ], [ 13.2163732, 52.6153214 ], [ 13.2164327, 52.6154788 ], [ 13.2164867, 52.6156153 ], [ 13.2164948, 52.6156358 ], [ 13.2164691, 52.61564 ], [ 13.2165196, 52.615753299999987 ], [ 13.2165417, 52.6157643 ], [ 13.2165825, 52.6157606 ], [ 13.2165874, 52.6157724 ], [ 13.2165926, 52.6157848 ], [ 13.2165513, 52.615790599999983 ], [ 13.2165762, 52.6158512 ], [ 13.2165542, 52.6159296 ], [ 13.2166395, 52.6160787 ], [ 13.2167014, 52.61614440000001 ], [ 13.216511, 52.6162031 ], [ 13.2167679, 52.616438 ], [ 13.2169372, 52.6164784 ], [ 13.21691, 52.6166013 ], [ 13.2170605, 52.6166674 ], [ 13.2169462, 52.6168124 ], [ 13.2171608, 52.616917 ], [ 13.2173301, 52.6168949 ], [ 13.2174661, 52.6170656 ], [ 13.2172394, 52.6171041 ], [ 13.2174389, 52.6171775 ], [ 13.2173724, 52.6172821 ], [ 13.2177421, 52.6176476 ], [ 13.2180432, 52.6177876 ], [ 13.2178187, 52.6179472 ], [ 13.2180163, 52.618201 ], [ 13.2180816, 52.618285 ], [ 13.2181562, 52.6183809 ], [ 13.2183953, 52.6186881 ], [ 13.2184143, 52.6187126 ], [ 13.2184421, 52.6187483 ], [ 13.2185116, 52.619006400000011 ], [ 13.2187539, 52.619148 ], [ 13.2188345, 52.619252399999986 ], [ 13.2189694, 52.619425799999988 ], [ 13.2190478, 52.619526599999986 ], [ 13.2191806, 52.6196972 ], [ 13.2191906, 52.6197101 ], [ 13.2193029, 52.6198729 ], [ 13.2193524, 52.6199475 ], [ 13.2194635, 52.6201294 ], [ 13.2194405, 52.6202284 ], [ 13.2198894, 52.620819799999985 ], [ 13.2201355, 52.6212377 ], [ 13.2203625, 52.621623 ], [ 13.2204332, 52.621743 ], [ 13.2204654, 52.6217978 ], [ 13.2205006, 52.6218224 ], [ 13.2206653, 52.6219326 ], [ 13.2208289, 52.6220524 ], [ 13.2209004, 52.62235230000001 ], [ 13.2210705, 52.623053 ], [ 13.2210847, 52.6231248 ], [ 13.2211335, 52.6232339 ], [ 13.2213465, 52.6232166 ], [ 13.2213621, 52.6232615 ], [ 13.2211709, 52.6232864 ], [ 13.2212557, 52.6234481 ], [ 13.2212903, 52.6240982 ], [ 13.2213288, 52.6242809 ], [ 13.2213724, 52.6244885 ], [ 13.2214453, 52.6247816 ], [ 13.2210025, 52.6255248 ], [ 13.2210195, 52.6258334 ], [ 13.2210285, 52.6259956 ], [ 13.2210407, 52.6262161 ], [ 13.2210479, 52.6263471 ], [ 13.2210567, 52.6266446 ], [ 13.2211307, 52.6266503 ], [ 13.22119, 52.6266727 ], [ 13.2212325, 52.6267779 ], [ 13.2212593, 52.6269212 ], [ 13.2212772, 52.6269456 ], [ 13.2213577, 52.6270033 ], [ 13.2214718, 52.6270169 ], [ 13.2215176, 52.6270386 ], [ 13.2217446, 52.6270515 ], [ 13.2218128, 52.6270393 ], [ 13.2218788, 52.6270148 ], [ 13.2223585, 52.6269761 ], [ 13.2224479, 52.6269829 ], [ 13.2224893, 52.6270006 ], [ 13.2224982, 52.6270277 ], [ 13.2224669, 52.6270352 ], [ 13.2224211, 52.6270257 ], [ 13.2223294, 52.6270209 ], [ 13.2220432, 52.6270515 ], [ 13.221985, 52.62706570000001 ], [ 13.2218698, 52.6270881 ], [ 13.2214838, 52.6271592 ], [ 13.2213745, 52.6271893 ], [ 13.2212873, 52.62720490000001 ], [ 13.2212392, 52.627195399999984 ], [ 13.2205308, 52.6281562 ], [ 13.2207628, 52.6272023 ], [ 13.2204303, 52.6272222 ], [ 13.2198619, 52.627079899999984 ] ] ] } },
{ "type": "Feature", "properties": { "name": "Sausuhlensee", "name_norm": "sausuhlensee", "natural": "water", "water": "lake", "wikidata": null, "area_sqkm": 0.009925985691810078, "centroid_lon": 13.250154332888197, "centroid_lat": 52.514080413430946 }, "geometry": { "type": "Polygon", "coordinates": [ [ [ 13.2493662, 52.5134551 ], [ 13.249382, 52.5134053 ], [ 13.2494326, 52.513385 ], [ 13.2496559, 52.5133243 ], [ 13.2498803, 52.5132781 ], [ 13.2500491, 52.5132668 ], [ 13.2501777, 52.5132734 ], [ 13.2502981, 52.513302 ], [ 13.2503627, 52.5133515 ], [ 13.2503863, 52.5133892 ], [ 13.2504428, 52.513511699999988 ], [ 13.2504917, 52.5136351 ], [ 13.2505077, 52.513865 ], [ 13.2504711, 52.5139985 ], [ 13.2504216, 52.5141186 ], [ 13.2503881, 52.514214 ], [ 13.2503534, 52.5143091 ], [ 13.250342, 52.5143583 ], [ 13.2503694, 52.5144089 ], [ 13.2504062, 52.5144604 ], [ 13.2504419, 52.5145094 ], [ 13.2504612, 52.5145373 ], [ 13.2506022, 52.514640099999987 ], [ 13.2507385, 52.5147876 ], [ 13.2508866, 52.5148391 ], [ 13.2509657, 52.5149045 ], [ 13.2510142, 52.5149719 ], [ 13.2510321, 52.5150154 ], [ 13.2510258, 52.5150526 ], [ 13.2510221, 52.5151065 ], [ 13.250991, 52.5151465 ], [ 13.2509578, 52.5151667 ], [ 13.2509289, 52.5151779 ], [ 13.2508824, 52.515177799999989 ], [ 13.2508273, 52.5151851 ], [ 13.2507645, 52.5151856 ], [ 13.2506615, 52.5151838 ], [ 13.2506155, 52.515148600000011 ], [ 13.2505247, 52.515098299999984 ], [ 13.250319, 52.5148686 ], [ 13.2502194, 52.5147102 ], [ 13.2501574, 52.5146302 ], [ 13.2501198, 52.5145759 ], [ 13.2500568, 52.514525399999989 ], [ 13.2499463, 52.5144462 ], [ 13.2498455, 52.5143631 ], [ 13.2497981, 52.5143158 ], [ 13.2497782, 52.5142835 ], [ 13.2497628, 52.5142501 ], [ 13.249755, 52.5141293 ], [ 13.2497494, 52.5140796 ], [ 13.2496757, 52.5139678 ], [ 13.2495878, 52.5138602 ], [ 13.2494441, 52.5136905 ], [ 13.2493683, 52.5135547 ], [ 13.2493529, 52.5134799 ], [ 13.249355, 52.5134627 ], [ 13.2493662, 52.5134551 ] ] ] } },
{ "type": "Feature", "properties": { "name": "Sickerbecken 3", "name_norm": "sickerbecken 3", "natural": "water", "water": "pond", "wikidata": null, "area_sqkm": 0.0088644428105286548, "centroid_lon": 13.250047337772548, "centroid_lat": 52.55840622852061 }, "geometry": { "type": "Polygon", "coordinates": [ [ [ 13.2497605, 52.5590306 ], [ 13.2494088, 52.558756 ], [ 13.2493402, 52.558658200000011 ], [ 13.2492801, 52.558508 ], [ 13.2492463, 52.5583188 ], [ 13.2503594, 52.5577675 ], [ 13.2509546, 52.5584239 ], [ 13.2497605, 52.5590306 ] ] ] } },
{ "type": "Feature", "properties": { "name": "Sickerbecken 2", "name_norm": "sickerbecken 2", "natural": "water", "water": "pond", "wikidata": null, "area_sqkm": 0.0076564599184975038, "centroid_lon": 13.247613814611478, "centroid_lat": 52.557005050584714 }, "geometry": { "type": "Polygon", "coordinates": [ [ [ 13.2476118, 52.557741799999988 ], [ 13.2471583, 52.557651 ], [ 13.2469702, 52.557460899999988 ], [ 13.2475918, 52.5562912 ], [ 13.2483077, 52.5564318 ], [ 13.2476118, 52.557741799999988 ] ] ] } },
{ "type": "Feature", "properties": { "name": "Sickerbecken 1", "name_norm": "sickerbecken 1", "natural": "water", "water": "pond", "wikidata": null, "area_sqkm": 0.0080616313218959245, "centroid_lon": 13.246845504678108, "centroid_lat": 52.558450535977741 }, "geometry": { "type": "Polygon", "coordinates": [ [ [ 13.2468394, 52.559196 ], [ 13.246123, 52.5590553 ], [ 13.2467796, 52.5578196 ], [ 13.247116, 52.5577293 ], [ 13.2475702, 52.5578202 ], [ 13.2468394, 52.559196 ] ] ] } },
{ "type": "Feature", "properties": { "name": "Septimerbecken", "name_norm": "septimerbecken", "natural": "water", "water": "pond", "wikidata": "Q108514940", "area_sqkm": 0.00308036887550143, "centroid_lon": 13.341750797625012, "centroid_lat": 52.565976633010628 }, "geometry": { "type": "Polygon", "coordinates": [ [ [ 13.34229, 52.5658655 ], [ 13.3423084, 52.5658637 ], [ 13.3423126, 52.5658845 ], [ 13.3423165, 52.565904099999983 ], [ 13.3422945, 52.565906099999985 ], [ 13.3422754, 52.565911599999986 ], [ 13.3422591, 52.5659192 ], [ 13.3422456, 52.5659279 ], [ 13.3422341, 52.565945 ], [ 13.3421624, 52.566131199999987 ], [ 13.3421425, 52.5661641 ], [ 13.3421134, 52.5661882 ], [ 13.3420751, 52.5662061 ], [ 13.342036, 52.5662217 ], [ 13.3419997, 52.5662255 ], [ 13.341952, 52.5662287 ], [ 13.341836, 52.5662237 ], [ 13.3417628, 52.5662175 ], [ 13.3416848, 52.5662076 ], [ 13.3416709, 52.5662726 ], [ 13.3416398, 52.5662694 ], [ 13.3416511, 52.5662044 ], [ 13.3415981, 52.5661953 ], [ 13.3415216, 52.5661827 ], [ 13.3414282, 52.5661556 ], [ 13.3413532, 52.5661259 ], [ 13.3412919, 52.5660921 ], [ 13.3412659, 52.566070800000013 ], [ 13.3412381, 52.566043199999989 ], [ 13.3412208, 52.5660145 ], [ 13.3412184, 52.565992 ], [ 13.3412196, 52.5659607 ], [ 13.3412215, 52.5659478 ], [ 13.3412338, 52.5658911 ], [ 13.3412464, 52.565871 ], [ 13.3412694, 52.5658431 ], [ 13.3413025, 52.565821 ], [ 13.3413438, 52.5658014 ], [ 13.3413883, 52.5657888 ], [ 13.3414477, 52.5657763 ], [ 13.3415227, 52.5657626 ], [ 13.3416186, 52.5657511 ], [ 13.3417326, 52.565744 ], [ 13.3418761, 52.5657391 ], [ 13.3419303, 52.5657409 ], [ 13.3419903, 52.5657469 ], [ 13.3420371, 52.565755 ], [ 13.3420702, 52.5657657 ], [ 13.3420981, 52.5657765 ], [ 13.3422454, 52.5658607 ], [ 13.3422691, 52.5658658 ], [ 13.34229, 52.5658655 ] ] ] } },
{ "type": "Feature", "properties": { "name": "Schwanenteich", "name_norm": "schwanenteich", "natural": "water", "water": "pond", "wikidata": null, "area_sqkm": 0.0037987991073745397, "centroid_lon": 13.345185702582976, "centroid_lat": 52.577379334866968 }, "geometry": { "type": "Polygon", "coordinates": [ [ [ 13.3446909, 52.577232 ], [ 13.3446829, 52.5772087 ], [ 13.3446825, 52.5771839 ], [ 13.3446889, 52.5771654 ], [ 13.3447, 52.5771512 ], [ 13.3447173, 52.577137 ], [ 13.3447439, 52.5771231 ], [ 13.3447811, 52.5771135 ], [ 13.3448277, 52.577108399999986 ], [ 13.3448767, 52.5771056 ], [ 13.3450512, 52.577111699999989 ], [ 13.3451014, 52.5771068 ], [ 13.3452217, 52.5770833 ], [ 13.345301, 52.5770773 ], [ 13.3453921, 52.5770834 ], [ 13.3455231, 52.5771091 ], [ 13.345644, 52.5771406 ], [ 13.3456735, 52.5771582 ], [ 13.3457057, 52.5771888 ], [ 13.3457317, 52.5772236 ], [ 13.3457441, 52.577251 ], [ 13.3457426, 52.577278 ], [ 13.3457259, 52.577330399999987 ], [ 13.3457095, 52.5773628 ], [ 13.3456885, 52.5773844 ], [ 13.3456662, 52.5774091 ], [ 13.3456579, 52.5774295 ], [ 13.3456567, 52.5774503 ], [ 13.3456661, 52.577470499999983 ], [ 13.3456779, 52.5774887 ], [ 13.3457049, 52.5775054 ], [ 13.3457451, 52.5775181 ], [ 13.3457468, 52.5775256 ], [ 13.3457477, 52.5775327 ], [ 13.3457133, 52.577539199999983 ], [ 13.3456885, 52.5775403 ], [ 13.3456489, 52.5775356 ], [ 13.3456239, 52.5775323 ], [ 13.3456012, 52.5775342 ], [ 13.3455879, 52.5775392 ], [ 13.345586, 52.5775494 ], [ 13.3455934, 52.5775619 ], [ 13.3455931, 52.5775763 ], [ 13.3455841, 52.5775848 ], [ 13.3455312, 52.5776125 ], [ 13.3455131, 52.5776182 ], [ 13.3454934, 52.577621 ], [ 13.3453619, 52.5776313 ], [ 13.3452064, 52.577645499999988 ], [ 13.345068, 52.577649400000013 ], [ 13.3449481, 52.577663199999989 ], [ 13.3447294, 52.5776761 ], [ 13.3447064, 52.577682899999971 ], [ 13.3441878, 52.5777648 ], [ 13.3441808, 52.5777356 ], [ 13.3442256, 52.5777219 ], [ 13.3445079, 52.5776575 ], [ 13.3446508, 52.5776258 ], [ 13.3448222, 52.577570299999977 ], [ 13.3448753, 52.5775467 ], [ 13.3448935, 52.5775341 ], [ 13.344925, 52.5774855 ], [ 13.34492, 52.5774355 ], [ 13.3449081, 52.5774016 ], [ 13.3446909, 52.577232 ] ] ] } },
{ "type": "Feature", "properties": { "name": "Ententeich", "name_norm": "ententeich", "natural": "water", "water": "pond", "wikidata": "Q115471087", "area_sqkm": 0.0023195777890948318, "centroid_lon": 13.341451359092719, "centroid_lat": 52.482915635799053 }, "geometry": { "type": "Polygon", "coordinates": [ [ [ 13.3417222, 52.483307799999984 ], [ 13.3416681, 52.4832993 ], [ 13.3416873, 52.4832558 ], [ 13.3416046, 52.483247 ], [ 13.3416216, 52.4832167 ], [ 13.3414766, 52.4831919 ], [ 13.3414017, 52.4831675 ], [ 13.3413575, 52.4831261 ], [ 13.3413243, 52.4830889 ], [ 13.3412735, 52.483016099999986 ], [ 13.3411838, 52.4829403 ], [ 13.3411556, 52.4828843 ], [ 13.3410633, 52.4828809 ], [ 13.3410625, 52.482680299999984 ], [ 13.3410591, 52.482629 ], [ 13.34106, 52.4825625 ], [ 13.3410583, 52.48253 ], [ 13.3410575, 52.4824995 ], [ 13.3410733, 52.482494 ], [ 13.3410933, 52.4824945 ], [ 13.341115, 52.4825 ], [ 13.3412059, 52.4825828 ], [ 13.3412929, 52.4826453 ], [ 13.3412915, 52.4826571 ], [ 13.3412942, 52.4826716 ], [ 13.3413076, 52.4826834 ], [ 13.3413404, 52.4826999 ], [ 13.3413613, 52.4827153 ], [ 13.3413908, 52.482726299999989 ], [ 13.3414248, 52.4827457 ], [ 13.3414384, 52.4827598 ], [ 13.3414545, 52.4827782 ], [ 13.3414894, 52.4827953 ], [ 13.3415236, 52.4828059 ], [ 13.3415587, 52.4828138 ], [ 13.3415916, 52.4828124 ], [ 13.3416171, 52.4828083 ], [ 13.3416458, 52.482804400000013 ], [ 13.3416761, 52.482800699999984 ], [ 13.3419013, 52.4828332 ], [ 13.3418779, 52.4828895 ], [ 13.3418155, 52.4829153 ], [ 13.3418031, 52.4829582 ], [ 13.3418469, 52.4829962 ], [ 13.3417879, 52.4831456 ], [ 13.3417299, 52.4831687 ], [ 13.341716, 52.4832117 ], [ 13.3417443, 52.4832476 ], [ 13.3417222, 52.483307799999984 ] ] ] } },
{ "type": "Feature", "properties": { "name": "Messelteich", "name_norm": "messelteich", "natural": "water", "water": "pond", "wikidata": null, "area_sqkm": 0.00051621648153356238, "centroid_lon": 13.29055640594896, "centroid_lat": 52.465870678828232 }, "geometry": { "type": "Polygon", "coordinates": [ [ [ 13.2906101, 52.4659833 ], [ 13.2904433, 52.4659823 ], [ 13.2903853, 52.4659393 ], [ 13.2903803, 52.465876099999981 ], [ 13.2903898, 52.465809799999988 ], [ 13.2904328, 52.4657792 ], [ 13.2904818, 52.4657673 ], [ 13.2905317, 52.4657623 ], [ 13.2906346, 52.4657584 ], [ 13.2907288, 52.46580010000001 ], [ 13.2907544, 52.4658887 ], [ 13.2906892, 52.4659386 ], [ 13.2906101, 52.4659833 ] ] ] } },
{ "type": "Feature", "properties": { "name": "Spektelake", "name_norm": "spektelake", "natural": "water", "water": "lake", "wikidata": null, "area_sqkm": 0.074362804908353286, "centroid_lon": 13.146242533875112, "centroid_lat": 52.548796940093354 }, "geometry": { "type": "Polygon", "coordinates": [ [ [ 13.1509124, 52.5462651 ], [ 13.150944, 52.5462688 ], [ 13.1509871, 52.5462806 ], [ 13.1510382, 52.5462901 ], [ 13.1510859, 52.5462939 ], [ 13.1511248, 52.5463014 ], [ 13.1511775, 52.5463196 ], [ 13.1512062, 52.54633470000001 ], [ 13.151234, 52.5463575 ], [ 13.1512527, 52.5463847 ], [ 13.1512629, 52.5463994 ], [ 13.1512651, 52.546409 ], [ 13.1512771, 52.54646 ], [ 13.1512775, 52.5465036 ], [ 13.1512691, 52.5465473 ], [ 13.1512481, 52.5465782 ], [ 13.151208, 52.5466091 ], [ 13.1511572, 52.5466369 ], [ 13.151097, 52.546656399999989 ], [ 13.1510357, 52.5466684 ], [ 13.1509515, 52.5466817 ], [ 13.1508866, 52.5466993 ], [ 13.1507576, 52.5467355 ], [ 13.1505046, 52.5467897 ], [ 13.1504616, 52.546801 ], [ 13.1504233, 52.5468063 ], [ 13.1503796, 52.5468063 ], [ 13.1503285, 52.5468047 ], [ 13.1502733, 52.5468061 ], [ 13.1502172, 52.546817199999985 ], [ 13.1501438, 52.5468373 ], [ 13.1500565, 52.546864 ], [ 13.1499786, 52.546881299999988 ], [ 13.1498921, 52.5468887 ], [ 13.149801, 52.54689590000001 ], [ 13.1496295, 52.5469167 ], [ 13.1495357, 52.546918499999983 ], [ 13.1494915, 52.5469204 ], [ 13.1494509, 52.546927 ], [ 13.1494166, 52.5469394 ], [ 13.1493714, 52.5469576 ], [ 13.1492925, 52.5469822 ], [ 13.1492049, 52.546996300000011 ], [ 13.149119, 52.5470049 ], [ 13.1490289, 52.5470206 ], [ 13.1488562, 52.54705950000001 ], [ 13.148667, 52.5471012 ], [ 13.1486241, 52.5471038 ], [ 13.1485929, 52.5471014 ], [ 13.1485602, 52.547101 ], [ 13.1484625, 52.547117 ], [ 13.1483687, 52.5471368 ], [ 13.1482776, 52.5471666 ], [ 13.1481893, 52.5471951 ], [ 13.148101, 52.547219 ], [ 13.1480018, 52.5472363 ], [ 13.1478941, 52.5472555 ], [ 13.1477653, 52.5472876 ], [ 13.1476936, 52.547314 ], [ 13.1476438, 52.5473481 ], [ 13.1476184, 52.5473793 ], [ 13.147597, 52.5474281 ], [ 13.1475559, 52.5475046 ], [ 13.1475442, 52.547546 ], [ 13.1475504, 52.547587 ], [ 13.1475381, 52.5476452 ], [ 13.1475054, 52.547700299999988 ], [ 13.1474458, 52.5477539 ], [ 13.1473805, 52.547792499999986 ], [ 13.1473065, 52.5478248 ], [ 13.1470674, 52.5478994 ], [ 13.1467808, 52.5479672 ], [ 13.1467733, 52.5479755 ], [ 13.14678, 52.5479828 ], [ 13.1467911, 52.5479892 ], [ 13.1467935, 52.5479951 ], [ 13.1467907, 52.5480018 ], [ 13.146778, 52.5480052 ], [ 13.1466861, 52.5480168 ], [ 13.1466438, 52.5480265 ], [ 13.1466072, 52.5480373 ], [ 13.1465658, 52.5480561 ], [ 13.1465234, 52.5480853 ], [ 13.1464905, 52.5481341 ], [ 13.1464817, 52.5481559 ], [ 13.1464931, 52.5481772 ], [ 13.1465283, 52.548217200000011 ], [ 13.1465694, 52.5482501 ], [ 13.1465958, 52.5482823 ], [ 13.1466102, 52.548321 ], [ 13.146612, 52.5483774 ], [ 13.1466235, 52.5484575 ], [ 13.1466595, 52.5485538 ], [ 13.1466723, 52.5487193 ], [ 13.1465952, 52.5493358 ], [ 13.1465814, 52.5493668 ], [ 13.1465777, 52.5494024 ], [ 13.146609, 52.5495201 ], [ 13.1466099, 52.549579799999989 ], [ 13.1465965, 52.5496159 ], [ 13.1465698, 52.5496543 ], [ 13.1463792, 52.549789199999985 ], [ 13.1462952, 52.5498547 ], [ 13.1462402, 52.5499039 ], [ 13.1462124, 52.5499389 ], [ 13.1461938, 52.5499822 ], [ 13.1461932, 52.5500239 ], [ 13.1462027, 52.5500695 ], [ 13.1462243, 52.5501267 ], [ 13.1462447, 52.5501793 ], [ 13.1462474, 52.5502106 ], [ 13.1462351, 52.5502422 ], [ 13.1461605, 52.5503449 ], [ 13.1459882, 52.5506746 ], [ 13.1459596, 52.5507099 ], [ 13.1459284, 52.5507389 ], [ 13.1458914, 52.55076 ], [ 13.145853, 52.5507744 ], [ 13.1458296, 52.5507862 ], [ 13.1458049, 52.5508226 ], [ 13.1457954, 52.550856 ], [ 13.1457968, 52.5508841 ], [ 13.1457946, 52.5509093 ], [ 13.1457799, 52.5509229 ], [ 13.1457456, 52.5509469 ], [ 13.1457073, 52.5509671 ], [ 13.1456523, 52.5509828 ], [ 13.1456007, 52.550989499999986 ], [ 13.1455812, 52.5509938 ], [ 13.1455627, 52.5510022 ], [ 13.1455458, 52.5510114 ], [ 13.1455172, 52.5510359 ], [ 13.1454751, 52.5510602 ], [ 13.1453554, 52.5511151 ], [ 13.1452811, 52.551138299999984 ], [ 13.1452188, 52.5511509 ], [ 13.1450081, 52.5511791 ], [ 13.1449636, 52.5511764 ], [ 13.1449329, 52.5511757 ], [ 13.1448996, 52.551185 ], [ 13.1448838, 52.5511974 ], [ 13.1448496, 52.551213099999984 ], [ 13.1447888, 52.5512258 ], [ 13.1444965, 52.5512841 ], [ 13.1444296, 52.5512933 ], [ 13.144347, 52.551302499999984 ], [ 13.1442766, 52.5513048 ], [ 13.1442098, 52.551303 ], [ 13.1441472, 52.5512914 ], [ 13.1441092, 52.5512794 ], [ 13.1440896, 52.5512739 ], [ 13.1440768, 52.5512659 ], [ 13.1440644, 52.5512549 ], [ 13.1440528, 52.55124880000001 ], [ 13.1439977, 52.5512395 ], [ 13.1439584, 52.5512253 ], [ 13.1438883, 52.5511833 ], [ 13.1438377, 52.5511441 ], [ 13.1438158, 52.5511163 ], [ 13.1438031, 52.5510909 ], [ 13.1438041, 52.5510546 ], [ 13.1438247, 52.5510124 ], [ 13.1438741, 52.5509428 ], [ 13.143908, 52.550896 ], [ 13.1439258, 52.5508563 ], [ 13.1439228, 52.5508235 ], [ 13.1439131, 52.550772 ], [ 13.1439128, 52.5507159 ], [ 13.1439318, 52.550652699999986 ], [ 13.1439528, 52.5506129 ], [ 13.1439672, 52.5505615 ], [ 13.14397, 52.55051 ], [ 13.1440112, 52.5502672 ], [ 13.1440183, 52.5500499 ], [ 13.1440516, 52.5500002 ], [ 13.1441115, 52.5499384 ], [ 13.1441328, 52.5499093 ], [ 13.1441362, 52.5498825 ], [ 13.1441281, 52.5498556 ], [ 13.1440736, 52.5497235 ], [ 13.1440667, 52.5496854 ], [ 13.1440673, 52.5496477 ], [ 13.1442345, 52.5491775 ], [ 13.1442952, 52.5490178 ], [ 13.1444189, 52.5488205 ], [ 13.1444762, 52.5487407 ], [ 13.1445331, 52.5486919 ], [ 13.1445768, 52.5486612 ], [ 13.1446196, 52.5486359 ], [ 13.1446449, 52.5486166 ], [ 13.1446604, 52.548599199999977 ], [ 13.1447599, 52.5484422 ], [ 13.144778, 52.5484188 ], [ 13.1448001, 52.5484005 ], [ 13.14483, 52.5483852 ], [ 13.1448906, 52.5483551 ], [ 13.1449348, 52.5483267 ], [ 13.1449697, 52.5482983 ], [ 13.1450201, 52.5482301 ], [ 13.1450411, 52.5481814 ], [ 13.1450492, 52.548137 ], [ 13.1450682, 52.5479887 ], [ 13.1450767, 52.547961 ], [ 13.1450955, 52.5479258 ], [ 13.1451144, 52.5479036 ], [ 13.1451297, 52.547893399999985 ], [ 13.1451471, 52.5478902 ], [ 13.1452336, 52.54789550000001 ], [ 13.1453293, 52.54790950000001 ], [ 13.1454101, 52.547928 ], [ 13.1456712, 52.5480126 ], [ 13.1458356, 52.548057299999982 ], [ 13.1459814, 52.5480797 ], [ 13.1460224, 52.548070199999984 ], [ 13.14607, 52.5480363 ], [ 13.146105, 52.5479761 ], [ 13.1460951, 52.5479478 ], [ 13.1459585, 52.5478569 ], [ 13.1459292, 52.5478298 ], [ 13.1459058, 52.5478009 ], [ 13.1458856, 52.5477665 ], [ 13.1458827, 52.5477281 ], [ 13.1458886, 52.5476952 ], [ 13.1459035, 52.547658 ], [ 13.1459303, 52.5476178 ], [ 13.1459963, 52.5475626 ], [ 13.1460456, 52.547526 ], [ 13.1460948, 52.5474929 ], [ 13.1461179, 52.5474638 ], [ 13.1461354, 52.547433 ], [ 13.1461604, 52.5474095 ], [ 13.1461921, 52.5473843 ], [ 13.1462212, 52.54736 ], [ 13.1462371, 52.5473339 ], [ 13.1462373, 52.5473172 ], [ 13.1462374, 52.5473053 ], [ 13.1462448, 52.54729480000001 ], [ 13.1462648, 52.54728690000001 ], [ 13.1463398, 52.5472577 ], [ 13.1463699, 52.5472423 ], [ 13.1463923, 52.5472247 ], [ 13.1464109, 52.547216799999987 ], [ 13.146435, 52.5472146 ], [ 13.1464636, 52.5472111 ], [ 13.1464887, 52.5472035 ], [ 13.1465058, 52.547191 ], [ 13.1466089, 52.5471022 ], [ 13.1466885, 52.547046 ], [ 13.146715, 52.5470304 ], [ 13.1467415, 52.5470251 ], [ 13.1469424, 52.5469821 ], [ 13.1470033, 52.5469737 ], [ 13.1470618, 52.5469605 ], [ 13.1471029, 52.5469459 ], [ 13.1471412, 52.5469385 ], [ 13.1471854, 52.546933 ], [ 13.1472472, 52.5469221 ], [ 13.1473107, 52.546902199999984 ], [ 13.1473542, 52.5468806 ], [ 13.1473819, 52.5468653 ], [ 13.1474223, 52.546855 ], [ 13.1474647, 52.5468516 ], [ 13.1474938, 52.5468455 ], [ 13.1475129, 52.5468347 ], [ 13.1475402, 52.5468266 ], [ 13.1475878, 52.5468225 ], [ 13.1476604, 52.5468133 ], [ 13.1477159, 52.5468006 ], [ 13.1477492, 52.5467915 ], [ 13.1477806, 52.5467881 ], [ 13.147814, 52.5467891 ], [ 13.1478469, 52.5467887 ], [ 13.1478841, 52.546782199999988 ], [ 13.1479234, 52.5467663 ], [ 13.1479686, 52.5467487 ], [ 13.1479963, 52.546744 ], [ 13.1480192, 52.546743499999984 ], [ 13.1480415, 52.5467383 ], [ 13.1480597, 52.5467267 ], [ 13.1480787, 52.5467173 ], [ 13.1480997, 52.5467121 ], [ 13.1481308, 52.5467097 ], [ 13.1481712, 52.546704899999988 ], [ 13.1481934, 52.5467001 ], [ 13.1482105, 52.5466928 ], [ 13.1482276, 52.5466897 ], [ 13.1482525, 52.546688 ], [ 13.1483042, 52.5466812 ], [ 13.1483578, 52.546668099999984 ], [ 13.1484005, 52.546653 ], [ 13.1484412, 52.5466299 ], [ 13.1484971, 52.546608599999985 ], [ 13.1485649, 52.5465878 ], [ 13.1486461, 52.5465724 ], [ 13.1489136, 52.5465318 ], [ 13.1491699, 52.546480699999989 ], [ 13.1492568, 52.5464738 ], [ 13.1493254, 52.5464757 ], [ 13.1493967, 52.5464731 ], [ 13.149462, 52.5464633 ], [ 13.1495428, 52.5464433 ], [ 13.1496296, 52.546426799999985 ], [ 13.1498238, 52.5463903 ], [ 13.1499411, 52.5463611 ], [ 13.1500471, 52.5463222 ], [ 13.1501252, 52.54629820000001 ], [ 13.1502121, 52.5462761 ], [ 13.1502954, 52.5462589 ], [ 13.150349, 52.5462503 ], [ 13.1504216, 52.5462478 ], [ 13.150486, 52.5462502 ], [ 13.150567, 52.5462576 ], [ 13.15064, 52.5462641 ], [ 13.1507149, 52.5462691 ], [ 13.1507907, 52.546268 ], [ 13.150873, 52.546264699999988 ], [ 13.1509124, 52.5462651 ] ] ] } },
{ "type": "Feature", "properties": { "name": "Toter Mantel", "name_norm": "toter mantel", "natural": "water", "water": "pond", "wikidata": null, "area_sqkm": 0.015539310318074656, "centroid_lon": 13.208499462331803, "centroid_lat": 52.514605369222799 }, "geometry": { "type": "Polygon", "coordinates": [ [ [ 13.2071565, 52.51529390000001 ], [ 13.2072265, 52.5151722 ], [ 13.2073265, 52.5151296 ], [ 13.2075566, 52.5151235 ], [ 13.2077566, 52.5151113 ], [ 13.2079266, 52.515038299999986 ], [ 13.2080966, 52.5149957 ], [ 13.2082267, 52.514947 ], [ 13.2083867, 52.5148861 ], [ 13.2085567, 52.5148922 ], [ 13.2087467, 52.5149774 ], [ 13.2089568, 52.515087 ], [ 13.2091568, 52.5150505 ], [ 13.2090668, 52.5149348 ], [ 13.2087367, 52.5148618 ], [ 13.2084967, 52.5147887 ], [ 13.2084567, 52.5146914 ], [ 13.2084267, 52.5145453 ], [ 13.2083067, 52.5144114 ], [ 13.2081967, 52.514295699999977 ], [ 13.2080266, 52.5141923 ], [ 13.2079885, 52.5139736 ], [ 13.2075354, 52.5137187 ], [ 13.207302, 52.5136352 ], [ 13.2062929, 52.5135613 ], [ 13.2067369, 52.5133373 ], [ 13.2071976, 52.5133565 ], [ 13.2079037, 52.5136345 ], [ 13.2081945, 52.513994499999981 ], [ 13.2083588, 52.5140447 ], [ 13.2086133, 52.5141365 ], [ 13.2087367, 52.5142592 ], [ 13.2089368, 52.5143749 ], [ 13.2091668, 52.5144905 ], [ 13.2094769, 52.5145696 ], [ 13.2097569, 52.514685299999982 ], [ 13.2099869, 52.5147157 ], [ 13.210107, 52.5147887 ], [ 13.210027, 52.5148435 ], [ 13.2099869, 52.5149531 ], [ 13.210027, 52.5150444 ], [ 13.210097, 52.5151661 ], [ 13.210017, 52.5153 ], [ 13.2098769, 52.515281799999983 ], [ 13.2097669, 52.51523310000001 ], [ 13.2097569, 52.5151418 ], [ 13.2096569, 52.5150748 ], [ 13.2094869, 52.5150626 ], [ 13.2092568, 52.5152087 ], [ 13.2090268, 52.5152696 ], [ 13.2087467, 52.5153304 ], [ 13.2085767, 52.5154461 ], [ 13.2083667, 52.5154339 ], [ 13.2082367, 52.5153487 ], [ 13.2080366, 52.515306099999989 ], [ 13.2077666, 52.5153426 ], [ 13.2074865, 52.5153 ], [ 13.2071565, 52.51529390000001 ] ] ] } },
{ "type": "Feature", "properties": { "name": "Barssee", "name_norm": "barssee", "natural": "water", "water": "pond", "wikidata": "Q16830574", "area_sqkm": 0.0085579304229386668, "centroid_lon": 13.215316828177892, "centroid_lat": 52.477412059032027 }, "geometry": { "type": "Polygon", "coordinates": [ [ [ 13.2148657, 52.4775108 ], [ 13.2148314, 52.4770246 ], [ 13.2151404, 52.4767475 ], [ 13.2155524, 52.476758 ], [ 13.2159214, 52.4770769 ], [ 13.215827, 52.477374799999986 ], [ 13.2155695, 52.477949899999984 ], [ 13.215355, 52.478159 ], [ 13.2150631, 52.4781851 ], [ 13.214943, 52.4780597 ], [ 13.2148657, 52.4775108 ] ] ] } },
{ "type": "Feature", "properties": { "name": "Engelbecken", "name_norm": "engelbecken", "natural": "water", "water": "pond", "wikidata": null, "area_sqkm": 0.0091600240911289196, "centroid_lon": 13.418286885671254, "centroid_lat": 52.50578838929404 }, "geometry": { "type": "Polygon", "coordinates": [ [ [ 13.4180456, 52.5063409 ], [ 13.4180188, 52.506325 ], [ 13.4179924, 52.5063109 ], [ 13.417959, 52.5063035 ], [ 13.4179043, 52.5063006 ], [ 13.4174594, 52.5056951 ], [ 13.4174353, 52.50560369999998 ], [ 13.4174871, 52.5055321 ], [ 13.4175949, 52.5054807 ], [ 13.4183966, 52.5052672 ], [ 13.4185197, 52.505255 ], [ 13.4186437, 52.5052847 ], [ 13.4187326, 52.5053541 ], [ 13.4191662, 52.5059529 ], [ 13.4191439, 52.505967 ], [ 13.4191208, 52.5059891 ], [ 13.4191155, 52.5060129 ], [ 13.4191255, 52.506040699999986 ], [ 13.4187585, 52.5061427 ], [ 13.4187452, 52.5061493 ], [ 13.4187399, 52.5061579 ], [ 13.4187396, 52.5061637 ], [ 13.4187247, 52.5061691 ], [ 13.4187126, 52.506175 ], [ 13.4187028, 52.5061816 ], [ 13.4186941, 52.5061893 ], [ 13.4186642, 52.5061847 ], [ 13.418635, 52.5061844 ], [ 13.4186039, 52.506187 ], [ 13.4185767, 52.506193 ], [ 13.4185511, 52.5062027 ], [ 13.41853, 52.506214499999984 ], [ 13.4185149, 52.50622820000001 ], [ 13.4185035, 52.506242600000014 ], [ 13.41849, 52.5062413 ], [ 13.4184735, 52.5062408 ], [ 13.4184553, 52.5062422 ], [ 13.4184397, 52.5062454 ], [ 13.4184306, 52.5062409 ], [ 13.4184186, 52.5062397 ], [ 13.4184056, 52.5062408 ], [ 13.4180456, 52.5063409 ] ] ] } },
{ "type": "Feature", "properties": { "name": "Koldischteich", "name_norm": "koldischteich", "natural": "water", "water": "pond", "wikidata": null, "area_sqkm": 0.005261634769407623, "centroid_lon": 13.325711567580976, "centroid_lat": 52.579072115925456 }, "geometry": { "type": "Polygon", "coordinates": [ [ [ 13.3250094, 52.5791542 ], [ 13.3249162, 52.5791356 ], [ 13.3249157, 52.5790556 ], [ 13.3248373, 52.5790073 ], [ 13.3248285, 52.5789523 ], [ 13.3249014, 52.5789114 ], [ 13.3250073, 52.5788596 ], [ 13.3251525, 52.5788208 ], [ 13.3252183, 52.5788068 ], [ 13.3252877, 52.5788329 ], [ 13.325343, 52.5788277 ], [ 13.3254151, 52.5787993 ], [ 13.3255283, 52.5787416 ], [ 13.3256083, 52.5787656 ], [ 13.325696, 52.57873750000001 ], [ 13.3258126, 52.5787537 ], [ 13.3259385, 52.5787633 ], [ 13.3260422, 52.578755699999988 ], [ 13.3260628, 52.5787127 ], [ 13.3261379, 52.5786835 ], [ 13.3262019, 52.578704 ], [ 13.3262819, 52.5787545 ], [ 13.3263338, 52.578799899999986 ], [ 13.3262822, 52.5789076 ], [ 13.3262063, 52.578966599999987 ], [ 13.3261315, 52.5790889 ], [ 13.3261691, 52.57914479999998 ], [ 13.3262195, 52.5791988 ], [ 13.3262043, 52.5792907 ], [ 13.3261715, 52.5793816 ], [ 13.3261531, 52.5794136 ], [ 13.3261172, 52.5794409 ], [ 13.3260932, 52.579455 ], [ 13.3260596, 52.579460299999987 ], [ 13.3259844, 52.579541 ], [ 13.3257924, 52.5795449 ], [ 13.325762, 52.5795235 ], [ 13.3256724, 52.5795216 ], [ 13.3256102, 52.579557 ], [ 13.3256164, 52.5794856 ], [ 13.3255508, 52.5794457 ], [ 13.3255972, 52.5793748 ], [ 13.3254612, 52.5792212 ], [ 13.3254436, 52.5791444 ], [ 13.3253908, 52.5790782 ], [ 13.3253802, 52.5790493 ], [ 13.3252751, 52.579041 ], [ 13.3251758, 52.5790207 ], [ 13.3251398, 52.5790616 ], [ 13.3250094, 52.5791542 ] ] ] } },
{ "type": "Feature", "properties": { "name": "Käuzchensteigteich", "name_norm": "kauzchensteigteich", "natural": "water", "water": "pond", "wikidata": null, "area_sqkm": 0.002065082684616742, "centroid_lon": 13.27158935697166, "centroid_lat": 52.464387388941063 }, "geometry": { "type": "Polygon", "coordinates": [ [ [ 13.2719754, 52.464503 ], [ 13.2718383, 52.4645591 ], [ 13.2717378, 52.4645955 ], [ 13.271653, 52.4646263 ], [ 13.2714919, 52.4646748 ], [ 13.2714589, 52.4646759 ], [ 13.2714111, 52.4646552 ], [ 13.2713429, 52.4645733 ], [ 13.2713169, 52.4645089 ], [ 13.2713102, 52.46446 ], [ 13.271331, 52.4643495 ], [ 13.2713007, 52.4642109 ], [ 13.2713518, 52.4641086 ], [ 13.2714685, 52.4640884 ], [ 13.2715615, 52.4641147 ], [ 13.2716981, 52.4641723 ], [ 13.2718241, 52.464254499999988 ], [ 13.2719412, 52.4643772 ], [ 13.2719754, 52.464503 ] ] ] } },
{ "type": "Feature", "properties": { "name": "Lindenhofweiher", "name_norm": "lindenhofweiher", "natural": "water", "water": "pond", "wikidata": null, "area_sqkm": 0.0094862573046348413, "centroid_lon": 13.361676359315799, "centroid_lat": 52.456817012523651 }, "geometry": { "type": "Polygon", "coordinates": [ [ [ 13.3625091, 52.4568603 ], [ 13.3623959, 52.4568332 ], [ 13.3620718, 52.4567383 ], [ 13.3618836, 52.456734 ], [ 13.3617508, 52.4567419 ], [ 13.3616239, 52.4567719 ], [ 13.3615595, 52.4568095 ], [ 13.3615014, 52.4568968 ], [ 13.3614627, 52.4569177 ], [ 13.3614116, 52.4569367 ], [ 13.361356, 52.4569501 ], [ 13.3612973, 52.4569522 ], [ 13.3612317, 52.4569576 ], [ 13.3611268, 52.4569539 ], [ 13.3610374, 52.456954 ], [ 13.3609542, 52.4569765 ], [ 13.3608525, 52.4570066 ], [ 13.3607975, 52.4570721 ], [ 13.3607868, 52.4571253 ], [ 13.3608316, 52.4573213 ], [ 13.3608073, 52.4573939 ], [ 13.3607602, 52.4574144 ], [ 13.3607101, 52.4574293 ], [ 13.3605798, 52.45745560000001 ], [ 13.3605147, 52.4574603 ], [ 13.360428, 52.457466 ], [ 13.3603922, 52.457465499999977 ], [ 13.3603563, 52.4574594 ], [ 13.3603236, 52.4574336 ], [ 13.3603201, 52.457403 ], [ 13.3603143, 52.4572885 ], [ 13.3602962, 52.4572058 ], [ 13.3602193, 52.4571511 ], [ 13.3601455, 52.457098399999985 ], [ 13.360114, 52.4570467 ], [ 13.3601009, 52.4569893 ], [ 13.3601079, 52.456937 ], [ 13.3601225, 52.4568941 ], [ 13.360212, 52.4568478 ], [ 13.3604816, 52.4568149 ], [ 13.3607451, 52.4567558 ], [ 13.3610543, 52.4566516 ], [ 13.3613943, 52.456566100000011 ], [ 13.3621749, 52.4564811 ], [ 13.3631436, 52.4564174 ], [ 13.3632291, 52.4564263 ], [ 13.3632776, 52.456454 ], [ 13.3633228, 52.456673 ], [ 13.3633162, 52.45680320000001 ], [ 13.3632822, 52.4568441 ], [ 13.3632214, 52.4568551 ], [ 13.3631813, 52.456896299999983 ], [ 13.3631707, 52.4568988 ], [ 13.3630763, 52.4569131 ], [ 13.3629283, 52.4569244 ], [ 13.3628312, 52.456923 ], [ 13.3627767, 52.4569183 ], [ 13.3626376, 52.4568917 ], [ 13.3625091, 52.4568603 ] ] ] } },
{ "type": "Feature", "properties": { "name": "Dorfteich Bohnsdorf", "name_norm": "dorfteich bohnsdorf", "natural": "water", "water": "pond", "wikidata": null, "area_sqkm": 0.0010852989485665003, "centroid_lon": 13.555183296817285, "centroid_lat": 52.399403443463591 }, "geometry": { "type": "Polygon", "coordinates": [ [ [ 13.5551371, 52.399524 ], [ 13.555054, 52.3995047 ], [ 13.5548429, 52.3994229 ], [ 13.5547981, 52.3993843 ], [ 13.5548025, 52.3993304 ], [ 13.5548515, 52.3992964 ], [ 13.5549157, 52.3992743 ], [ 13.5550056, 52.399278499999987 ], [ 13.5551456, 52.3992929 ], [ 13.5552492, 52.3993046 ], [ 13.5553839, 52.3993315 ], [ 13.5554861, 52.3993294 ], [ 13.55556, 52.3993775 ], [ 13.555556, 52.3994358 ], [ 13.5555234, 52.3994768 ], [ 13.5554724, 52.3995096 ], [ 13.555392, 52.3995276 ], [ 13.5552793, 52.3995342 ], [ 13.5551371, 52.399524 ] ] ] } },
{ "type": "Feature", "properties": { "name": "Großer Zug", "name_norm": "großer zug", "natural": "water", "water": "lake", "wikidata": null, "area_sqkm": 1.0186552108349891, "centroid_lon": 13.655110256315725, "centroid_lat": 52.344245191025912 }, "geometry": { "type": "Polygon", "coordinates": [ [ [ 13.6398988, 52.340096699999989 ], [ 13.6400446, 52.3400832 ], [ 13.6401733, 52.3399573 ], [ 13.6405081, 52.3396584 ], [ 13.6407099, 52.3395734 ], [ 13.640925, 52.339570799999983 ], [ 13.6414866, 52.339564 ], [ 13.6417784, 52.3395902 ], [ 13.6422075, 52.3395063 ], [ 13.6425594, 52.3393909 ], [ 13.642774, 52.3392651 ], [ 13.642877, 52.3391235 ], [ 13.6432349, 52.338784599999983 ], [ 13.6433858, 52.338368899999985 ], [ 13.643609, 52.3380018 ], [ 13.6437806, 52.3378077 ], [ 13.6439695, 52.3376661 ], [ 13.6442441, 52.3375507 ], [ 13.6447419, 52.3373829 ], [ 13.6453428, 52.3372151 ], [ 13.6457977, 52.3370473 ], [ 13.6464757, 52.3368585 ], [ 13.6470679, 52.3367326 ], [ 13.6475658, 52.3366592 ], [ 13.6480722, 52.3366487 ], [ 13.6485013, 52.336680200000011 ], [ 13.6490116, 52.3367888 ], [ 13.6495313, 52.3369109 ], [ 13.6500463, 52.3370945 ], [ 13.6504668, 52.3372308 ], [ 13.6509303, 52.3374301 ], [ 13.6515444, 52.3377077 ], [ 13.6519135, 52.3377234 ], [ 13.6521453, 52.3376185 ], [ 13.6522654, 52.3374455 ], [ 13.6521019, 52.3371856 ], [ 13.6518702, 52.3371093 ], [ 13.651846, 52.33704620000001 ], [ 13.651893, 52.3369599 ], [ 13.6518504, 52.336884899999987 ], [ 13.651759, 52.3368319 ], [ 13.6523341, 52.3364543 ], [ 13.6525629, 52.3367163 ], [ 13.6527976, 52.3366116 ], [ 13.6526688, 52.3363809 ], [ 13.6531838, 52.3363127 ], [ 13.652995, 52.336165799999989 ], [ 13.6531391, 52.3360576 ], [ 13.6532691, 52.3360702 ], [ 13.6536369, 52.336066899999985 ], [ 13.6540487, 52.336062 ], [ 13.6545861, 52.3360661 ], [ 13.6547014, 52.3361006 ], [ 13.6553033, 52.3362741 ], [ 13.6557458, 52.3364049 ], [ 13.6559348, 52.3365358 ], [ 13.6560464, 52.3366002 ], [ 13.6560973, 52.3366541 ], [ 13.6562298, 52.336755900000014 ], [ 13.6563251, 52.3368915 ], [ 13.6563401, 52.3370068 ], [ 13.6562773, 52.3371529 ], [ 13.6562536, 52.337266 ], [ 13.6561155, 52.3373983 ], [ 13.6558917, 52.3373998 ], [ 13.6555525, 52.3375679 ], [ 13.6555166, 52.3376781 ], [ 13.6555338, 52.3377463 ], [ 13.6556024, 52.3377987 ], [ 13.6556883, 52.33783540000001 ], [ 13.6557765, 52.3379793 ], [ 13.6555455, 52.3380485 ], [ 13.655541, 52.3381007 ], [ 13.6555821, 52.3381366 ], [ 13.6556996, 52.3381428 ], [ 13.6558342, 52.3380714 ], [ 13.6558704, 52.3381795 ], [ 13.6558176, 52.3382077 ], [ 13.6558434, 52.3383074 ], [ 13.6559636, 52.338386 ], [ 13.6559779, 52.338592 ], [ 13.6558713, 52.338602399999985 ], [ 13.6559153, 52.338853 ], [ 13.6560393, 52.3389482 ], [ 13.6561158, 52.3391728 ], [ 13.6562959, 52.3394315 ], [ 13.656381, 52.3395156 ], [ 13.6565877, 52.33972 ], [ 13.6571713, 52.3399507 ], [ 13.6576905, 52.3402132 ], [ 13.6579524, 52.3406219 ], [ 13.6579605, 52.340640800000017 ], [ 13.6581435, 52.3410648 ], [ 13.6583043, 52.3417127 ], [ 13.6585618, 52.3421899 ], [ 13.6588794, 52.3425831 ], [ 13.6593429, 52.3429292 ], [ 13.6599413, 52.3437058 ], [ 13.6600843, 52.3436814 ], [ 13.6603128, 52.344103799999985 ], [ 13.6605171, 52.3443806 ], [ 13.6604777, 52.3444591 ], [ 13.6604243, 52.3445652 ], [ 13.660493, 52.344654400000017 ], [ 13.6606046, 52.3447278 ], [ 13.6606234, 52.3447882 ], [ 13.6606389, 52.3448379 ], [ 13.6609994, 52.344937499999986 ], [ 13.6612226, 52.3450476 ], [ 13.6616946, 52.345173500000016 ], [ 13.6618859, 52.3453288 ], [ 13.662109, 52.34557 ], [ 13.6620833, 52.3457079 ], [ 13.6620572, 52.3458482 ], [ 13.6618984, 52.3460438 ], [ 13.6617393, 52.346106399999989 ], [ 13.6616026, 52.3461287 ], [ 13.6614042, 52.3462258 ], [ 13.6612594, 52.346252 ], [ 13.6610704, 52.3463263 ], [ 13.6608955, 52.3463803 ], [ 13.6605668, 52.3460633 ], [ 13.6604808, 52.3459388 ], [ 13.660499, 52.3456489 ], [ 13.6604137, 52.345598699999989 ], [ 13.6601778, 52.345459900000016 ], [ 13.6600473, 52.345416 ], [ 13.6599118, 52.3453918 ], [ 13.6596629, 52.3452974 ], [ 13.6595752, 52.3452115 ], [ 13.659208, 52.3451663 ], [ 13.6590034, 52.345189 ], [ 13.6589407, 52.3451959 ], [ 13.6586071, 52.3452502 ], [ 13.6582638, 52.345386499999989 ], [ 13.6580732, 52.3455471 ], [ 13.6580217, 52.3457254 ], [ 13.658056, 52.3459089 ], [ 13.6581075, 52.34613430000001 ], [ 13.6580708, 52.346394 ], [ 13.6580062, 52.3466071 ], [ 13.6579998, 52.3467658 ], [ 13.6580921, 52.3469867 ], [ 13.6580972, 52.3470814 ], [ 13.658162, 52.3471628 ], [ 13.6582256, 52.3472065 ], [ 13.6583135, 52.347162 ], [ 13.6584903, 52.3470726 ], [ 13.6585647, 52.3470349 ], [ 13.6586139, 52.34701 ], [ 13.6587427, 52.3470047 ], [ 13.6589315, 52.347057200000016 ], [ 13.6591375, 52.347141 ], [ 13.6594207, 52.347162 ], [ 13.6596611, 52.347204 ], [ 13.6598756, 52.3472197 ], [ 13.6600473, 52.3472826 ], [ 13.6603048, 52.34755 ], [ 13.6605537, 52.3478856 ], [ 13.6606395, 52.3480429 ], [ 13.6606996, 52.348236900000011 ], [ 13.660794, 52.3484361 ], [ 13.6608596, 52.348522 ], [ 13.6609142, 52.3485934 ], [ 13.6610601, 52.348693 ], [ 13.6611385, 52.3486986 ], [ 13.6613777, 52.3488398 ], [ 13.661515, 52.3490286 ], [ 13.6616867, 52.3492383 ], [ 13.6617725, 52.3494532 ], [ 13.6618583, 52.349663 ], [ 13.6618669, 52.349856899999985 ], [ 13.6620042, 52.3500509 ], [ 13.6620386, 52.3502816 ], [ 13.6619785, 52.3505175 ], [ 13.661927, 52.3506643 ], [ 13.6619613, 52.3508478 ], [ 13.662133, 52.351099499999989 ], [ 13.6622617, 52.351414 ], [ 13.6623132, 52.35158710000001 ], [ 13.6622961, 52.3517915 ], [ 13.6624506, 52.3519226 ], [ 13.6626222, 52.3520799 ], [ 13.6626737, 52.3522214 ], [ 13.662643, 52.352381 ], [ 13.6626394, 52.3523997 ], [ 13.6625897, 52.3525746 ], [ 13.6626841, 52.3529731 ], [ 13.6628883, 52.3531756 ], [ 13.6631286, 52.3533538 ], [ 13.663369, 52.353574 ], [ 13.6635664, 52.3537732 ], [ 13.6637123, 52.3540196 ], [ 13.6638582, 52.3542083 ], [ 13.6641452, 52.3543526 ], [ 13.6641141, 52.354409 ], [ 13.6642105, 52.354452 ], [ 13.664307, 52.3544376 ], [ 13.6644333, 52.3544704 ], [ 13.6647165, 52.3546696 ], [ 13.6649053, 52.3548374 ], [ 13.665034, 52.3550077 ], [ 13.6652315, 52.355272499999984 ], [ 13.6653738, 52.3555287 ], [ 13.6654221, 52.3557987 ], [ 13.6654289, 52.355985399999987 ], [ 13.6653516, 52.356200399999985 ], [ 13.6653457, 52.356396 ], [ 13.6653798, 52.3565287 ], [ 13.6655147, 52.356750799999986 ], [ 13.6656801, 52.3569003 ], [ 13.6659154, 52.356976 ], [ 13.6661526, 52.357004 ], [ 13.6664313, 52.3570162 ], [ 13.6663679, 52.357624 ], [ 13.6662738, 52.3581375 ], [ 13.6662352, 52.3581091 ], [ 13.6661765, 52.358098 ], [ 13.6660746, 52.3580983 ], [ 13.6658544, 52.35810870000001 ], [ 13.6656225, 52.3581346 ], [ 13.6654099, 52.3581397 ], [ 13.6651492, 52.3581083 ], [ 13.6649266, 52.3580569 ], [ 13.6646043, 52.3579363 ], [ 13.6642858, 52.357788499999984 ], [ 13.6636343, 52.3573153 ], [ 13.6632615, 52.3570143 ], [ 13.663058, 52.356850299999984 ], [ 13.6627217, 52.3561878 ], [ 13.6625772, 52.3559515 ], [ 13.6624714, 52.3556448 ], [ 13.6624866, 52.3553424 ], [ 13.6624948, 52.35527530000001 ], [ 13.6625392, 52.355202 ], [ 13.6626409, 52.355143099999985 ], [ 13.6627151, 52.3550756 ], [ 13.6626748, 52.3549807 ], [ 13.6625897, 52.3549341 ], [ 13.6624417, 52.3548703 ], [ 13.6622927, 52.3547626 ], [ 13.6621976, 52.3544609 ], [ 13.6620241, 52.3541153 ], [ 13.6617638, 52.3539553 ], [ 13.6614769, 52.353867 ], [ 13.6611398, 52.353777 ], [ 13.6605212, 52.3535678 ], [ 13.6602839, 52.3535174 ], [ 13.6599741, 52.3534266 ], [ 13.6596191, 52.3532717 ], [ 13.659466, 52.353112 ], [ 13.6592684, 52.3529961 ], [ 13.6591022, 52.3528476 ], [ 13.6591367, 52.3527665 ], [ 13.659218, 52.3526269 ], [ 13.6590977, 52.3523741 ], [ 13.6589274, 52.3522459 ], [ 13.6586874, 52.3521611 ], [ 13.6582573, 52.3520568 ], [ 13.6579433, 52.3519879 ], [ 13.6577308, 52.351879 ], [ 13.6574745, 52.3517654 ], [ 13.657217, 52.3516057 ], [ 13.6569296, 52.3505591 ], [ 13.6568991, 52.3495443 ], [ 13.656573, 52.3491564 ], [ 13.6561095, 52.3484643 ], [ 13.6559149, 52.348258 ], [ 13.6561504, 52.3479862 ], [ 13.6561867, 52.3477984 ], [ 13.6561504, 52.34760570000001 ], [ 13.6553553, 52.3469199 ], [ 13.6544601, 52.346383 ], [ 13.6540924, 52.3460682 ], [ 13.653657, 52.3458433 ], [ 13.6534145, 52.3455402 ], [ 13.6533215, 52.345358 ], [ 13.6526998, 52.3444698 ], [ 13.6523693, 52.3437621 ], [ 13.6517476, 52.3432028 ], [ 13.6511534, 52.3426052 ], [ 13.6511452, 52.3425186 ], [ 13.6507035, 52.3421209 ], [ 13.6505058, 52.341897 ], [ 13.6501688, 52.3413698 ], [ 13.6497919, 52.3409435 ], [ 13.6495726, 52.3408141 ], [ 13.6492277, 52.340546 ], [ 13.6491988, 52.3404635 ], [ 13.6490589, 52.3403589 ], [ 13.6489756, 52.3403633 ], [ 13.6485405, 52.340205599999983 ], [ 13.6482009, 52.340044099999986 ], [ 13.6480978, 52.3398909 ], [ 13.6477796, 52.339687799999986 ], [ 13.6475796, 52.339634 ], [ 13.6470906, 52.339684 ], [ 13.6466547, 52.3397036 ], [ 13.6466099, 52.33974520000001 ], [ 13.6464076, 52.3398103 ], [ 13.6461088, 52.3398788 ], [ 13.6457717, 52.3399997 ], [ 13.6457748, 52.3400364 ], [ 13.6454942, 52.3401891 ], [ 13.6451489, 52.3407092 ], [ 13.6398988, 52.340096699999989 ] ] ] } },
{ "type": "Feature", "properties": { "name": "Mittelfeldteich", "name_norm": "mittelfeldteich", "natural": "water", "water": "pond", "wikidata": null, "area_sqkm": 0.0042676090848366597, "centroid_lon": 13.230210796549359, "centroid_lat": 52.612045630975118 }, "geometry": { "type": "Polygon", "coordinates": [ [ [ 13.2300491, 52.612385899999985 ], [ 13.229998, 52.6123939 ], [ 13.2299632, 52.6124088 ], [ 13.2298977, 52.612415 ], [ 13.2298823, 52.6124107 ], [ 13.2298734, 52.6124021 ], [ 13.2298501, 52.6122865 ], [ 13.2297973, 52.6121266 ], [ 13.2297451, 52.6120526 ], [ 13.2297032, 52.6120054 ], [ 13.2297001, 52.6119749 ], [ 13.2297337, 52.6119314 ], [ 13.2298233, 52.6118082 ], [ 13.2298823, 52.6117337 ], [ 13.229939, 52.611696499999987 ], [ 13.230043, 52.611664799999986 ], [ 13.2302457, 52.611662299999985 ], [ 13.2302887, 52.6116672 ], [ 13.2303235, 52.6116821 ], [ 13.2303962, 52.61173 ], [ 13.2305036, 52.611778 ], [ 13.2306125, 52.6119256 ], [ 13.2307064, 52.6120589 ], [ 13.2307115, 52.6120834 ], [ 13.2307111, 52.6121183 ], [ 13.2307141, 52.6121704 ], [ 13.2307254, 52.6122202 ], [ 13.2307213, 52.6122401 ], [ 13.2306952, 52.612268 ], [ 13.2307157, 52.6123046 ], [ 13.2307352, 52.6123254 ], [ 13.2307303, 52.6123419 ], [ 13.2307069, 52.6123461 ], [ 13.2306688, 52.6123289 ], [ 13.2306405, 52.6123076 ], [ 13.2306033, 52.6123059 ], [ 13.2305572, 52.6123266 ], [ 13.2305165, 52.6123442 ], [ 13.2304879, 52.6123516 ], [ 13.2304541, 52.6123578 ], [ 13.230432, 52.6123578 ], [ 13.2301682, 52.6123754 ], [ 13.2301116, 52.6123869 ], [ 13.2300491, 52.612385899999985 ] ] ] } },
{ "type": "Feature", "properties": { "name": "Fennpfuhl", "name_norm": "fennpfuhl", "natural": "water", "water": "pond", "wikidata": null, "area_sqkm": 0.0053395374064873847, "centroid_lon": 13.444141483934548, "centroid_lat": 52.450764044461216 }, "geometry": { "type": "Polygon", "coordinates": [ [ [ 13.4434901, 52.4503066 ], [ 13.4434296, 52.4502912 ], [ 13.4433886, 52.4502787 ], [ 13.4433411, 52.450262 ], [ 13.4432715, 52.4502327 ], [ 13.4432451, 52.45022 ], [ 13.4432261, 52.4502031 ], [ 13.4432185, 52.4501898 ], [ 13.443216, 52.45017 ], [ 13.4432218, 52.4501531 ], [ 13.4432339, 52.4501383 ], [ 13.4432507, 52.4501263 ], [ 13.4432797, 52.4501146 ], [ 13.4433174, 52.450101699999983 ], [ 13.4433618, 52.4500891 ], [ 13.4434132, 52.4500779 ], [ 13.4434663, 52.4500697 ], [ 13.4435265, 52.4500642 ], [ 13.4436007, 52.4500622 ], [ 13.4436034, 52.4500496 ], [ 13.4436418, 52.4500519 ], [ 13.4436782, 52.4500541 ], [ 13.443725, 52.4500612 ], [ 13.4437682, 52.4500677 ], [ 13.4438389, 52.4500835 ], [ 13.4439211, 52.4501083 ], [ 13.4439811, 52.450131399999989 ], [ 13.4440355, 52.4501568 ], [ 13.4441515, 52.4502117 ], [ 13.4441853, 52.4502309 ], [ 13.4442055, 52.4502474 ], [ 13.4442232, 52.4502686 ], [ 13.4442361, 52.450297 ], [ 13.4442594, 52.4503883 ], [ 13.4442855, 52.4504899 ], [ 13.4443126, 52.4505805 ], [ 13.4443448, 52.4506747 ], [ 13.4443783, 52.4507619 ], [ 13.4444016, 52.4508207 ], [ 13.4444286, 52.4508791 ], [ 13.4444604, 52.4509304 ], [ 13.4444897, 52.45097410000001 ], [ 13.4445232, 52.4510181 ], [ 13.444604, 52.451128 ], [ 13.4446892, 52.4512498 ], [ 13.4447188, 52.451291 ], [ 13.4447431, 52.451339 ], [ 13.444758, 52.4513856 ], [ 13.4447626, 52.4514104 ], [ 13.4447651, 52.4514369 ], [ 13.4447622, 52.4514614 ], [ 13.4447571, 52.4514858 ], [ 13.4447495, 52.4515084 ], [ 13.4447335, 52.4515271 ], [ 13.4447139, 52.451540599999987 ], [ 13.4446909, 52.4515507 ], [ 13.4446581, 52.4515623 ], [ 13.4446101, 52.4515742 ], [ 13.4445493, 52.4515831 ], [ 13.4445034, 52.4515848 ], [ 13.4444542, 52.4515815 ], [ 13.4444146, 52.4515753 ], [ 13.4443877, 52.4515673 ], [ 13.4443547, 52.4515515 ], [ 13.4443266, 52.451530499999976 ], [ 13.4442971, 52.451502499999989 ], [ 13.4442756, 52.4514758 ], [ 13.4442563, 52.4514418 ], [ 13.4442411, 52.4514116 ], [ 13.4442311, 52.4513855 ], [ 13.4442218, 52.4513505 ], [ 13.4442163, 52.451304699999987 ], [ 13.4442185, 52.4512554 ], [ 13.4442142, 52.451221 ], [ 13.4442034, 52.451183099999987 ], [ 13.4441873, 52.4511476 ], [ 13.4441541, 52.45108050000001 ], [ 13.4441132, 52.4510062 ], [ 13.4440794, 52.4509438 ], [ 13.4440555, 52.4508866 ], [ 13.4440352, 52.4508174 ], [ 13.4440211, 52.4507015 ], [ 13.4440096, 52.4505676 ], [ 13.4440049, 52.4505392 ], [ 13.4439951, 52.450512 ], [ 13.4439768, 52.4504802 ], [ 13.443957, 52.450455899999987 ], [ 13.4439306, 52.4504317 ], [ 13.4439101, 52.4504185 ], [ 13.4438852, 52.450404899999988 ], [ 13.4438612, 52.450394 ], [ 13.4438334, 52.4503835 ], [ 13.4438009, 52.4503737 ], [ 13.4437616, 52.4503649 ], [ 13.4434901, 52.4503066 ] ] ] } },
{ "type": "Feature", "properties": { "name": "Krummer Pfuhl", "name_norm": "krummer pfuhl", "natural": "water", "water": "pond", "wikidata": "Q59786231", "area_sqkm": 0.0022650217081614083, "centroid_lon": 13.366360131620969, "centroid_lat": 52.457828237174674 }, "geometry": { "type": "Polygon", "coordinates": [ [ [ 13.3659642, 52.4575004 ], [ 13.3660154, 52.4574901 ], [ 13.3661287, 52.4574962 ], [ 13.3662732, 52.4575079 ], [ 13.3664445, 52.4576044 ], [ 13.3665808, 52.4577456 ], [ 13.3666662, 52.4578814 ], [ 13.3666536, 52.457992199999985 ], [ 13.3666867, 52.458127799999986 ], [ 13.3666691, 52.45825760000001 ], [ 13.3665223, 52.4582652 ], [ 13.3664184, 52.4581629 ], [ 13.3663148, 52.4579455 ], [ 13.366168, 52.457869399999986 ], [ 13.3660872, 52.4577742 ], [ 13.3659753, 52.4576745 ], [ 13.3659139, 52.4575563 ], [ 13.3659642, 52.4575004 ] ] ] } },
{ "type": "Feature", "properties": { "name": "Bäketeich", "name_norm": "baketeich", "natural": "water", "water": "pond", "wikidata": null, "area_sqkm": 0.0042908708162157187, "centroid_lon": 13.325828510224479, "centroid_lat": 52.444501475368909 }, "geometry": { "type": "Polygon", "coordinates": [ [ [ 13.3245895, 52.4446987 ], [ 13.3245882, 52.4446779 ], [ 13.3248495, 52.4446074 ], [ 13.3249415, 52.4445765 ], [ 13.3250562, 52.4445501 ], [ 13.3251317, 52.4445362 ], [ 13.3252144, 52.4445274 ], [ 13.3253105, 52.4444877 ], [ 13.3253983, 52.4444751 ], [ 13.3254511, 52.4444575 ], [ 13.3255399, 52.4444209 ], [ 13.325634, 52.444386299999984 ], [ 13.3257208, 52.4443668 ], [ 13.3258852, 52.44434660000001 ], [ 13.3259947, 52.4443346 ], [ 13.326066, 52.4443239 ], [ 13.326094, 52.4443145 ], [ 13.3261301, 52.4442855 ], [ 13.3261611, 52.444237 ], [ 13.3261828, 52.4442219 ], [ 13.3262294, 52.4442099 ], [ 13.3262748, 52.4442036 ], [ 13.3263007, 52.4441979 ], [ 13.326371, 52.4441708 ], [ 13.3264195, 52.4441595 ], [ 13.3265084, 52.4441009 ], [ 13.3266025, 52.4440782 ], [ 13.3266204, 52.4440861 ], [ 13.3266397, 52.444094599999985 ], [ 13.3266159, 52.4441885 ], [ 13.3266128, 52.4442464 ], [ 13.3266064, 52.4442804 ], [ 13.3266035, 52.4443233 ], [ 13.3266125, 52.444397399999986 ], [ 13.3265994, 52.4444499 ], [ 13.3265704, 52.4444978 ], [ 13.3265276, 52.444537299999986 ], [ 13.326466, 52.4445677 ], [ 13.3263441, 52.444598 ], [ 13.3262691, 52.444607499999982 ], [ 13.3261754, 52.4446138 ], [ 13.3259425, 52.444662199999975 ], [ 13.3257334, 52.4447135 ], [ 13.3255761, 52.4447498 ], [ 13.3254119, 52.4447747 ], [ 13.3253281, 52.4447706 ], [ 13.325236, 52.4447476 ], [ 13.325168, 52.4447144 ], [ 13.3249099, 52.4447151 ], [ 13.3245915, 52.4447273 ], [ 13.3245895, 52.4446987 ] ] ] } },
{ "type": "Feature", "properties": { "name": "Gehrensee", "name_norm": "gehrensee", "natural": "water", "water": "pond", "wikidata": "Q1498553", "area_sqkm": 0.010023589211255547, "centroid_lon": 13.561620511589528, "centroid_lat": 52.576247940165551 }, "geometry": { "type": "Polygon", "coordinates": [ [ [ 13.5617947, 52.5767179 ], [ 13.5617147, 52.576639599999986 ], [ 13.5616193, 52.5767097 ], [ 13.5615363, 52.5766204 ], [ 13.5613707, 52.5766443 ], [ 13.5612433, 52.5767112 ], [ 13.5611121, 52.5767675 ], [ 13.560886, 52.5767744 ], [ 13.5607639, 52.5767057 ], [ 13.5607616, 52.5765916 ], [ 13.5608023, 52.5764267 ], [ 13.5608594, 52.5763084 ], [ 13.5610163, 52.5762656 ], [ 13.5611939, 52.576165 ], [ 13.5611837, 52.5760729 ], [ 13.5610684, 52.5759759 ], [ 13.5608914, 52.5759239 ], [ 13.5607196, 52.5758408 ], [ 13.5608139, 52.5757156 ], [ 13.5608809, 52.5756939 ], [ 13.5616488, 52.575852 ], [ 13.5618571, 52.5758489 ], [ 13.5620877, 52.5758549 ], [ 13.5622159, 52.5758474 ], [ 13.5623784, 52.5758379 ], [ 13.5624702, 52.5759541 ], [ 13.5625273, 52.576063399999988 ], [ 13.5624931, 52.5762524 ], [ 13.5625924, 52.5763449 ], [ 13.5623866, 52.5764049 ], [ 13.5622241, 52.5765995 ], [ 13.5617947, 52.5767179 ] ] ] } },
{ "type": "Feature", "properties": { "name": "Himmelsauge", "name_norm": "himmelsauge", "natural": "water", "water": "pond", "wikidata": null, "area_sqkm": 0.00021978348763802884, "centroid_lon": 13.215520764949686, "centroid_lat": 52.480386665977811 }, "geometry": { "type": "Polygon", "coordinates": [ [ [ 13.2154218, 52.4803533 ], [ 13.2154413, 52.480327500000016 ], [ 13.2154708, 52.4803085 ], [ 13.2155049, 52.4803025 ], [ 13.2155414, 52.480305199999989 ], [ 13.215569, 52.480314 ], [ 13.2156044, 52.4803316 ], [ 13.2156322, 52.4803516 ], [ 13.2156376, 52.4803815 ], [ 13.2156265, 52.480412799999989 ], [ 13.2155884, 52.4804469 ], [ 13.2155478, 52.4804674 ], [ 13.2155089, 52.4804734 ], [ 13.2154811, 52.4804686 ], [ 13.215453, 52.480457499999986 ], [ 13.2154266, 52.4804368 ], [ 13.2154132, 52.4804096 ], [ 13.2154137, 52.480379899999988 ], [ 13.2154218, 52.4803533 ] ] ] } },
{ "type": "Feature", "properties": { "name": "Große Krampe", "name_norm": "große krampe", "natural": "water", "water": "lake", "wikidata": "Q1548245", "area_sqkm": 0.68004136131256521, "centroid_lon": 13.65640538459515, "centroid_lat": 52.395324393139525 }, "geometry": { "type": "Polygon", "coordinates": [ [ [ 13.6542592, 52.3821856 ], [ 13.6540419, 52.3829568 ], [ 13.6540419, 52.3835868 ], [ 13.6542049, 52.384445 ], [ 13.654433, 52.3846948 ], [ 13.6546176, 52.3859005 ], [ 13.6552217, 52.3892091 ], [ 13.6552006, 52.3895633 ], [ 13.6552092, 52.3898566 ], [ 13.6552402, 52.3902192 ], [ 13.6552349, 52.3904223 ], [ 13.6551539, 52.3906922 ], [ 13.6550203, 52.390794199999988 ], [ 13.65478, 52.3909252 ], [ 13.6546856, 52.3910509 ], [ 13.6546478, 52.3911265 ], [ 13.6546492, 52.391173299999984 ], [ 13.6546781, 52.3911974 ], [ 13.6547248, 52.3912097 ], [ 13.6548058, 52.391208 ], [ 13.6550227, 52.3911327 ], [ 13.6552591, 52.3910828 ], [ 13.6553737, 52.3912134 ], [ 13.6554904, 52.3913199 ], [ 13.6555864, 52.3915023 ], [ 13.6556551, 52.3916282 ], [ 13.655667, 52.39184190000001 ], [ 13.6556398, 52.3920014 ], [ 13.6555782, 52.3922713 ], [ 13.655501, 52.39249130000001 ], [ 13.6553808, 52.39269560000001 ], [ 13.6550804, 52.3929837 ], [ 13.654883, 52.393208899999983 ], [ 13.6547543, 52.3933974 ], [ 13.6547629, 52.393476 ], [ 13.6550154, 52.393683 ], [ 13.6552521, 52.3938374 ], [ 13.6554323, 52.3940836 ], [ 13.6555611, 52.3943402 ], [ 13.6556126, 52.3945811 ], [ 13.6556469, 52.394801099999988 ], [ 13.6556955, 52.3950159 ], [ 13.655747, 52.3952324 ], [ 13.655837, 52.3954046 ], [ 13.6559243, 52.3958088 ], [ 13.6560137, 52.3960186 ], [ 13.6560879, 52.3961593 ], [ 13.6561294, 52.396321700000016 ], [ 13.6561574, 52.3965406 ], [ 13.6561812, 52.3967414 ], [ 13.6563333, 52.3968897 ], [ 13.6565675, 52.3970047 ], [ 13.6567733, 52.3971099 ], [ 13.6570147, 52.3972486 ], [ 13.6571747, 52.3973517 ], [ 13.6572805, 52.3974782 ], [ 13.657312, 52.397566399999981 ], [ 13.6575695, 52.3977079 ], [ 13.6577498, 52.3978493 ], [ 13.6579043, 52.3980011 ], [ 13.6580759, 52.39823160000001 ], [ 13.6581102, 52.3983677 ], [ 13.6582647, 52.3984253 ], [ 13.6586081, 52.398483 ], [ 13.65896, 52.3985772 ], [ 13.6591917, 52.3987605 ], [ 13.6593634, 52.3990643 ], [ 13.6594984, 52.399419200000011 ], [ 13.6601077, 52.3997954 ], [ 13.6603273, 52.399934 ], [ 13.6605688, 52.3999627 ], [ 13.6610886, 52.4000488 ], [ 13.6615263, 52.4002059 ], [ 13.6619125, 52.40041020000001 ], [ 13.6622215, 52.400635299999983 ], [ 13.6622988, 52.400782 ], [ 13.6623503, 52.4011747 ], [ 13.6623675, 52.4016146 ], [ 13.6623932, 52.4021016 ], [ 13.6622902, 52.4025049 ], [ 13.6623245, 52.40284 ], [ 13.6625219, 52.402929 ], [ 13.6627452, 52.4033207 ], [ 13.6627794, 52.4035155 ], [ 13.6627451, 52.403725 ], [ 13.6627451, 52.4039344 ], [ 13.6627279, 52.4040863 ], [ 13.6628224, 52.4041387 ], [ 13.6630798, 52.4042224 ], [ 13.6632172, 52.4043272 ], [ 13.6635004, 52.4047565 ], [ 13.6635605, 52.4052331 ], [ 13.6635683, 52.4056326 ], [ 13.663644, 52.405770099999984 ], [ 13.6638482, 52.4057772 ], [ 13.6643571, 52.405856 ], [ 13.6651569, 52.405981799999985 ], [ 13.6653641, 52.4060803 ], [ 13.6656113, 52.4061921 ], [ 13.6658712, 52.4063299 ], [ 13.6660196, 52.4064149 ], [ 13.6661035, 52.4065047 ], [ 13.6661821, 52.4066229 ], [ 13.666291, 52.4068535 ], [ 13.6663586, 52.4070343 ], [ 13.6663757, 52.4073013 ], [ 13.6664616, 52.4075003 ], [ 13.6665325, 52.407737 ], [ 13.6666303, 52.4078624 ], [ 13.6667736, 52.4079306 ], [ 13.6667998, 52.4079605 ], [ 13.6668062, 52.408024299999987 ], [ 13.6667097, 52.4081272 ], [ 13.6665838, 52.408107 ], [ 13.6665728, 52.4081308 ], [ 13.6665416, 52.4081978 ], [ 13.6663526, 52.4084791 ], [ 13.6664424, 52.4085091 ], [ 13.6663791, 52.4085793 ], [ 13.6662656, 52.408705 ], [ 13.6662057, 52.4087416 ], [ 13.6661536, 52.4087876 ], [ 13.6660344, 52.4088929 ], [ 13.6659308, 52.4090791 ], [ 13.6658854, 52.4091497 ], [ 13.6657988, 52.4091689 ], [ 13.665629, 52.4093992 ], [ 13.6655283, 52.4095076 ], [ 13.6654961, 52.4095422 ], [ 13.665396, 52.409638799999989 ], [ 13.6653668, 52.4096574 ], [ 13.665253, 52.4097561 ], [ 13.6650368, 52.409893099999984 ], [ 13.6649748, 52.4099311 ], [ 13.6649227, 52.4099622 ], [ 13.6648605, 52.409993 ], [ 13.6647995, 52.410023099999989 ], [ 13.6646864, 52.4099874 ], [ 13.6643687, 52.4098899 ], [ 13.6641262, 52.4098167 ], [ 13.6641159, 52.4097929 ], [ 13.6641067, 52.409758899999986 ], [ 13.6640938, 52.4097512 ], [ 13.6640803, 52.4097105 ], [ 13.6640545, 52.4096691 ], [ 13.6640188, 52.4096331 ], [ 13.6640106, 52.4096041 ], [ 13.663994, 52.4095456 ], [ 13.6639819, 52.4095027 ], [ 13.6639679, 52.4094532 ], [ 13.6639577, 52.4094171 ], [ 13.6639444, 52.4093698 ], [ 13.6639356, 52.4093444 ], [ 13.6639162, 52.4092994 ], [ 13.6639191, 52.409257 ], [ 13.66392, 52.4092435 ], [ 13.663925, 52.409211 ], [ 13.6639362, 52.4091376 ], [ 13.6639418, 52.4091013 ], [ 13.6639431, 52.4090925 ], [ 13.6639627, 52.4090514 ], [ 13.6639886, 52.4089971 ], [ 13.6640155, 52.4089406 ], [ 13.6640542, 52.4088594 ], [ 13.664081, 52.4088102 ], [ 13.6641008, 52.408773299999986 ], [ 13.6641382, 52.408688899999987 ], [ 13.6641744, 52.4086072 ], [ 13.6643715, 52.4083288 ], [ 13.6644331, 52.4081786 ], [ 13.6644164, 52.4080816 ], [ 13.6644031, 52.4079823 ], [ 13.6646163, 52.4076874 ], [ 13.6645067, 52.407633899999986 ], [ 13.6644516, 52.40761650000001 ], [ 13.6644024, 52.407601 ], [ 13.6643761, 52.4075928 ], [ 13.6642686, 52.4075651 ], [ 13.664085, 52.4075177 ], [ 13.6639426, 52.4074887 ], [ 13.6638585, 52.4074829 ], [ 13.6636536, 52.4074489 ], [ 13.6636382, 52.407442 ], [ 13.6633198, 52.4074062 ], [ 13.6632685, 52.4074059 ], [ 13.66311, 52.4073754 ], [ 13.6630928, 52.4073984 ], [ 13.6629267, 52.4073722 ], [ 13.6628504, 52.407342 ], [ 13.6626697, 52.4073165 ], [ 13.6624705, 52.4072856 ], [ 13.6621305, 52.4072513 ], [ 13.6620352, 52.407215799999989 ], [ 13.6619186, 52.4071736 ], [ 13.6616432, 52.4070296 ], [ 13.661583, 52.4069932 ], [ 13.6615448, 52.4069657 ], [ 13.6615074, 52.4069389 ], [ 13.6614689, 52.4069112 ], [ 13.6614384, 52.4068894 ], [ 13.6613985, 52.40686070000001 ], [ 13.661348, 52.4068245 ], [ 13.6613218, 52.4067948 ], [ 13.6612854, 52.4067424 ], [ 13.661259, 52.4067069 ], [ 13.6612363, 52.4066678 ], [ 13.6612191, 52.406638 ], [ 13.6611942, 52.4065858 ], [ 13.6611784, 52.4065525 ], [ 13.6611599, 52.4065137 ], [ 13.6611419, 52.4064738 ], [ 13.6611273, 52.4064414 ], [ 13.6611083, 52.4063993 ], [ 13.6610915, 52.4063603 ], [ 13.6610654, 52.4063202 ], [ 13.6610468, 52.406278399999984 ], [ 13.6610311, 52.406243399999987 ], [ 13.6610138, 52.406205 ], [ 13.6609993, 52.4061587 ], [ 13.6609805, 52.4061222 ], [ 13.660954, 52.406070799999988 ], [ 13.6609491, 52.4060614 ], [ 13.6609428, 52.4060217 ], [ 13.6609366, 52.4059833 ], [ 13.6609307, 52.4059468 ], [ 13.6609213, 52.4058884 ], [ 13.6609204, 52.4058828 ], [ 13.6609018, 52.4058429 ], [ 13.6608791, 52.40582 ], [ 13.6608601, 52.405800799999987 ], [ 13.6608211, 52.4057607 ], [ 13.6607731, 52.4056538 ], [ 13.6607499, 52.4055396 ], [ 13.6607396, 52.4055331 ], [ 13.6607418, 52.4054837 ], [ 13.6607572, 52.40544 ], [ 13.6607703, 52.4054026 ], [ 13.6607779, 52.4053812 ], [ 13.6607786, 52.4053651 ], [ 13.6607808, 52.4053179 ], [ 13.6607829, 52.4052742 ], [ 13.6607968, 52.4052676 ], [ 13.6607987, 52.405231799999989 ], [ 13.6608009, 52.4051897 ], [ 13.6608034, 52.4051419 ], [ 13.6608088, 52.4050391 ], [ 13.6607937, 52.4049626 ], [ 13.660803, 52.4048522 ], [ 13.6607809, 52.4048236 ], [ 13.6607841, 52.4045461 ], [ 13.6608167, 52.4044719 ], [ 13.660874, 52.4044476 ], [ 13.6610466, 52.4043313 ], [ 13.6610372, 52.4042978 ], [ 13.6609874, 52.4042498 ], [ 13.6609569, 52.4042582 ], [ 13.6608738, 52.4041931 ], [ 13.6608333, 52.4040598 ], [ 13.6609271, 52.4040461 ], [ 13.6609126, 52.4040175 ], [ 13.6608346, 52.404029 ], [ 13.6607698, 52.403963399999988 ], [ 13.6607348, 52.4038047 ], [ 13.6607204, 52.4036916 ], [ 13.6607848, 52.4035619 ], [ 13.6608281, 52.4035033 ], [ 13.6607126, 52.4033481 ], [ 13.6606189, 52.4032069 ], [ 13.6606048, 52.4030792 ], [ 13.6606369, 52.4029337 ], [ 13.660711, 52.4028034 ], [ 13.6607573, 52.4027376 ], [ 13.6607952, 52.4025332 ], [ 13.6607278, 52.4024784 ], [ 13.6606463, 52.4024342 ], [ 13.6604846, 52.402111900000016 ], [ 13.6604855, 52.4020271 ], [ 13.6604765, 52.4019672 ], [ 13.6604851, 52.4019111 ], [ 13.6605139, 52.4018024 ], [ 13.6604316, 52.4016655 ], [ 13.6603106, 52.4015852 ], [ 13.6600247, 52.4014506 ], [ 13.6598219, 52.4014064 ], [ 13.659522, 52.4013396 ], [ 13.6591727, 52.4011759 ], [ 13.6588236, 52.401020499999987 ], [ 13.6584811, 52.4008995 ], [ 13.6574103, 52.4005214 ], [ 13.6572577, 52.4004607 ], [ 13.6571457, 52.4003872 ], [ 13.656962, 52.4002268 ], [ 13.6568566, 52.4000486 ], [ 13.6568236, 52.3999207 ], [ 13.656842, 52.3996883 ], [ 13.656785, 52.3995783 ], [ 13.6566815, 52.399483899999986 ], [ 13.6565236, 52.3994464 ], [ 13.6561392, 52.3994264 ], [ 13.6556197, 52.3994054 ], [ 13.6553263, 52.399375499999984 ], [ 13.6549192, 52.399303799999984 ], [ 13.6546426, 52.3992138 ], [ 13.6542406, 52.3990239 ], [ 13.6538799, 52.3988367 ], [ 13.6536805, 52.39862620000001 ], [ 13.6535435, 52.3983366 ], [ 13.6534277, 52.3981368 ], [ 13.6533475, 52.3979014 ], [ 13.6533479, 52.3976394 ], [ 13.6533797, 52.3974578 ], [ 13.6534745, 52.3971489 ], [ 13.6534234, 52.3970399 ], [ 13.6533651, 52.3969471 ], [ 13.6533496, 52.3969225 ], [ 13.6532498, 52.3968425 ], [ 13.6530538, 52.3967278 ], [ 13.6529277, 52.3966085 ], [ 13.6528553, 52.396436599999987 ], [ 13.6528256, 52.3961746 ], [ 13.6528417, 52.395926199999984 ], [ 13.6529097, 52.3956525 ], [ 13.6530111, 52.395403799999983 ], [ 13.6532843, 52.3950699 ], [ 13.6534133, 52.394888199999983 ], [ 13.6534349, 52.3948161 ], [ 13.6533806, 52.3947756 ], [ 13.653272, 52.3947128 ], [ 13.6531554, 52.3946441 ], [ 13.6529591, 52.3944072 ], [ 13.6526804, 52.3940538 ], [ 13.6525417, 52.3938145 ], [ 13.6525176, 52.393623 ], [ 13.6525286, 52.3934053 ], [ 13.6525624, 52.3932338 ], [ 13.652735, 52.3930367 ], [ 13.6527972, 52.3929894 ], [ 13.652864, 52.3929682 ], [ 13.6529362, 52.3929535 ], [ 13.6529567, 52.3928584 ], [ 13.652938, 52.3927688 ], [ 13.6528442, 52.3926577 ], [ 13.6526885, 52.3923909 ], [ 13.6525311, 52.392017199999984 ], [ 13.6524959, 52.39178 ], [ 13.652533, 52.3916134 ], [ 13.6525578, 52.3914804 ], [ 13.6525377, 52.3913545 ], [ 13.652481, 52.3912489 ], [ 13.6523915, 52.3910713 ], [ 13.6522443, 52.3909608 ], [ 13.6522901, 52.3907239 ], [ 13.652329, 52.3906315 ], [ 13.6523322, 52.3906218 ], [ 13.6523625, 52.3905409 ], [ 13.6524218, 52.3904131 ], [ 13.6524669, 52.3902803 ], [ 13.6525778, 52.3899273 ], [ 13.6525496, 52.38978860000001 ], [ 13.6524481, 52.3897025 ], [ 13.6524196, 52.38965060000001 ], [ 13.652424, 52.38958610000001 ], [ 13.6524231, 52.3895773 ], [ 13.652425, 52.389516399999984 ], [ 13.6524555, 52.3894068 ], [ 13.6524936, 52.3893303 ], [ 13.6526183, 52.3892046 ], [ 13.652704, 52.389151 ], [ 13.6528534, 52.3891599 ], [ 13.6529039, 52.389148 ], [ 13.6529007, 52.3891141 ], [ 13.6528056, 52.3890697 ], [ 13.652788, 52.3890723 ], [ 13.652784, 52.389058199999987 ], [ 13.6527592, 52.3889965 ], [ 13.6527076, 52.3889688 ], [ 13.6526924, 52.3889646 ], [ 13.6523887, 52.3888616 ], [ 13.65237, 52.388861 ], [ 13.6517444, 52.3887806 ], [ 13.6515586, 52.3887831 ], [ 13.6514568, 52.388797 ], [ 13.6514079, 52.3888138 ], [ 13.6513274, 52.38885350000001 ], [ 13.6512396, 52.3888617 ], [ 13.6512047, 52.3889026 ], [ 13.6511933, 52.3889239 ], [ 13.6511485, 52.3889528 ], [ 13.6509472, 52.38906080000001 ], [ 13.6507496, 52.3891412 ], [ 13.6505183, 52.3892049 ], [ 13.650349, 52.3892278 ], [ 13.650185, 52.3892407 ], [ 13.650041, 52.3892394 ], [ 13.6498747, 52.3892247 ], [ 13.6497403, 52.389202 ], [ 13.649629, 52.3891824 ], [ 13.6494785, 52.3891273 ], [ 13.6494241, 52.3891655 ], [ 13.6494162, 52.389161 ], [ 13.6494086, 52.3891564 ], [ 13.6493847, 52.389132099999983 ], [ 13.6493772, 52.3891256 ], [ 13.6493017, 52.3890641 ], [ 13.6492258, 52.3889707 ], [ 13.6491666, 52.3888244 ], [ 13.6491545, 52.3887046 ], [ 13.649084, 52.388178700000012 ], [ 13.6490848, 52.3880448 ], [ 13.6490887, 52.387991399999976 ], [ 13.6490989, 52.3879354 ], [ 13.6492316, 52.3875389 ], [ 13.6492342, 52.3875299 ], [ 13.6492956, 52.3873621 ], [ 13.6493744, 52.3872221 ], [ 13.6494774, 52.3871277 ], [ 13.6495929, 52.3870394 ], [ 13.6496492, 52.3870146 ], [ 13.6501992, 52.3869019 ], [ 13.6501572, 52.3868312 ], [ 13.650084, 52.3867816 ], [ 13.6498092, 52.3866505 ], [ 13.6496736, 52.3865818 ], [ 13.6496277, 52.3865177 ], [ 13.6496165, 52.3865069 ], [ 13.6495995, 52.386488699999987 ], [ 13.6495386, 52.3862692 ], [ 13.6495204, 52.3862013 ], [ 13.649527, 52.3861729 ], [ 13.6495234, 52.3861523 ], [ 13.6495083, 52.3861342 ], [ 13.6494848, 52.3860443 ], [ 13.6494993, 52.3860288 ], [ 13.6494827, 52.3859785 ], [ 13.6495043, 52.3858335 ], [ 13.6495179, 52.3858036 ], [ 13.6495782, 52.385804 ], [ 13.6495838, 52.3857923 ], [ 13.6495819, 52.3857752 ], [ 13.6495099, 52.3855497 ], [ 13.6494908, 52.3855137 ], [ 13.6494473, 52.38549050000001 ], [ 13.6494026, 52.3854139 ], [ 13.6493644, 52.3853548 ], [ 13.6492497, 52.3853221 ], [ 13.651027, 52.3841785 ], [ 13.6542592, 52.3821856 ] ] ] } },
{ "type": "Feature", "properties": { "name": "Amerikasee", "name_norm": "amerikasee", "natural": "water", "water": "pond", "wikidata": null, "area_sqkm": 0.0038188387417588143, "centroid_lon": 13.307417580686208, "centroid_lat": 52.452479810156298 }, "geometry": { "type": "Polygon", "coordinates": [ [ [ 13.3083029, 52.4524509 ], [ 13.3082926, 52.4525264 ], [ 13.3082055, 52.4525273 ], [ 13.3079014, 52.4525306 ], [ 13.3078284, 52.4525615 ], [ 13.3077413, 52.4526015 ], [ 13.3076561, 52.45264 ], [ 13.3075399, 52.4526745 ], [ 13.3073116, 52.4526813 ], [ 13.3071086, 52.4526973 ], [ 13.3070311, 52.4527147 ], [ 13.3069363, 52.4527388 ], [ 13.3067923, 52.452749 ], [ 13.3067408, 52.452739200000011 ], [ 13.3066652, 52.4526584 ], [ 13.3066243, 52.4526439 ], [ 13.3065657, 52.452645499999988 ], [ 13.3065265, 52.4526422 ], [ 13.3065153, 52.4526157 ], [ 13.3065488, 52.4525783 ], [ 13.3065931, 52.4525606 ], [ 13.306665, 52.4525671 ], [ 13.3068963, 52.452529299999988 ], [ 13.3069552, 52.452506 ], [ 13.3069333, 52.452394 ], [ 13.30699, 52.4523461 ], [ 13.3070603, 52.4523082 ], [ 13.3071423, 52.4522916 ], [ 13.3072466, 52.452285 ], [ 13.3073818, 52.4522899 ], [ 13.3074855, 52.4522693 ], [ 13.3075913, 52.4522282 ], [ 13.3076782, 52.4522019 ], [ 13.3077851, 52.4521983 ], [ 13.3079256, 52.45223270000001 ], [ 13.3080097, 52.4522929 ], [ 13.3080544, 52.4523098 ], [ 13.3080723, 52.4523504 ], [ 13.3080639, 52.4523781 ], [ 13.308094, 52.4524269 ], [ 13.308118, 52.4524374 ], [ 13.3082103, 52.4524476 ], [ 13.3082224, 52.4524489 ], [ 13.3082808, 52.452450399999989 ], [ 13.3083029, 52.4524509 ] ] ] } },
{ "type": "Feature", "properties": { "name": "Goebenteich", "name_norm": "goebenteich", "natural": "water", "water": "pond", "wikidata": null, "area_sqkm": 0.0028550704864314545, "centroid_lon": 13.329998920291812, "centroid_lat": 52.448676777464591 }, "geometry": { "type": "Polygon", "coordinates": [ [ [ 13.3300116, 52.4488756 ], [ 13.3298378, 52.44885690000001 ], [ 13.3297455, 52.448833399999984 ], [ 13.3296394, 52.4488044 ], [ 13.3295272, 52.4487922 ], [ 13.3294611, 52.4487772 ], [ 13.3293719, 52.4487453 ], [ 13.3293273, 52.4487228 ], [ 13.3293134, 52.448705 ], [ 13.3293057, 52.44869 ], [ 13.3293042, 52.4486657 ], [ 13.3293119, 52.4486422 ], [ 13.3293303, 52.4486272 ], [ 13.3293519, 52.4486132 ], [ 13.3293826, 52.4486113 ], [ 13.3294088, 52.44861130000001 ], [ 13.3294395, 52.4486066 ], [ 13.3294734, 52.4485954 ], [ 13.329501, 52.4485851 ], [ 13.3295256, 52.4485776 ], [ 13.3295856, 52.4485588 ], [ 13.3295979, 52.4485476 ], [ 13.3296225, 52.4485391 ], [ 13.3296594, 52.4485345 ], [ 13.3296979, 52.4485354 ], [ 13.3297225, 52.4485429 ], [ 13.3297532, 52.4485401 ], [ 13.3297917, 52.4485335 ], [ 13.3298332, 52.4485166 ], [ 13.3299101, 52.4485017 ], [ 13.3299531, 52.4485007 ], [ 13.3300039, 52.4484942 ], [ 13.3300469, 52.4484885 ], [ 13.3301054, 52.448466 ], [ 13.3301392, 52.448452899999985 ], [ 13.3301869, 52.4484529 ], [ 13.3302176, 52.4484614 ], [ 13.330293, 52.4484782 ], [ 13.3303499, 52.448496 ], [ 13.3303868, 52.4485007 ], [ 13.3304406, 52.4485138 ], [ 13.330476, 52.4485185 ], [ 13.3305037, 52.4485298 ], [ 13.3305267, 52.4485438 ], [ 13.3305452, 52.4485626 ], [ 13.3305682, 52.4485869 ], [ 13.3305682, 52.4486132 ], [ 13.3305606, 52.448640399999988 ], [ 13.3305498, 52.4486704 ], [ 13.3305575, 52.4486882 ], [ 13.3305559, 52.448706 ], [ 13.3305313, 52.4487416 ], [ 13.3304375, 52.4488063 ], [ 13.3303853, 52.4488297 ], [ 13.330356, 52.4488353 ], [ 13.3302961, 52.4488597 ], [ 13.3302376, 52.4488869 ], [ 13.3302007, 52.4489009 ], [ 13.3301238, 52.4489037 ], [ 13.3300777, 52.4488859 ], [ 13.3300116, 52.4488756 ] ] ] } },
{ "type": "Feature", "properties": { "name": "Restaurantteich", "name_norm": "restaurantteich", "natural": "water", "water": "pond", "wikidata": null, "area_sqkm": 0.0016126530085916982, "centroid_lon": 13.337060097989431, "centroid_lat": 52.447487164554879 }, "geometry": { "type": "Polygon", "coordinates": [ [ [ 13.337022, 52.4475883 ], [ 13.3368704, 52.4475482 ], [ 13.3367964, 52.44753990000001 ], [ 13.3367736, 52.4475133 ], [ 13.3367767, 52.447497299999988 ], [ 13.3367627, 52.4474664 ], [ 13.3366838, 52.4474291 ], [ 13.336665, 52.4473459 ], [ 13.3366811, 52.447313 ], [ 13.3367445, 52.4472762 ], [ 13.3368625, 52.447248 ], [ 13.3369216, 52.4472446 ], [ 13.3369713, 52.447247 ], [ 13.337027, 52.4472549 ], [ 13.3370763, 52.447274299999982 ], [ 13.3371187, 52.44733870000001 ], [ 13.3372725, 52.447457 ], [ 13.3373778, 52.4475532 ], [ 13.3374584, 52.4476101 ], [ 13.3374585, 52.4476632 ], [ 13.3374535, 52.4476681 ], [ 13.3374205, 52.447700199999986 ], [ 13.3374009, 52.4477192 ], [ 13.3372942, 52.4477514 ], [ 13.3372476, 52.4477599 ], [ 13.3372099, 52.4477601 ], [ 13.3371856, 52.4477415 ], [ 13.3371677, 52.4477065 ], [ 13.3370713, 52.447675899999986 ], [ 13.3370491, 52.447593299999987 ], [ 13.337022, 52.4475883 ] ] ] } },
{ "type": "Feature", "properties": { "name": "Krugpfuhl", "name_norm": "krugpfuhl", "natural": "water", "water": "pond", "wikidata": null, "area_sqkm": 0.00054971255250106231, "centroid_lon": 13.451244371806906, "centroid_lat": 52.448646662331235 }, "geometry": { "type": "Polygon", "coordinates": [ [ [ 13.4511916, 52.4487246 ], [ 13.4511494, 52.4487061 ], [ 13.4510796, 52.448663 ], [ 13.4510413, 52.4485842 ], [ 13.4510398, 52.4485402 ], [ 13.4510633, 52.4485117 ], [ 13.4511042, 52.4485005 ], [ 13.4511946, 52.4485138 ], [ 13.4512806, 52.4485487 ], [ 13.4513098, 52.4485782 ], [ 13.4513879, 52.4486339 ], [ 13.4514522, 52.4486917 ], [ 13.4514705, 52.4487522 ], [ 13.451402, 52.448786099999985 ], [ 13.451366, 52.4487917 ], [ 13.4512765, 52.448767599999989 ], [ 13.4511916, 52.4487246 ] ] ] } },
{ "type": "Feature", "properties": { "name": "Teichbach", "name_norm": "teichbach", "natural": "water", "water": "pond", "wikidata": null, "area_sqkm": 0.00075235768311426388, "centroid_lon": 13.411889748841313, "centroid_lat": 52.433176977641082 }, "geometry": { "type": "Polygon", "coordinates": [ [ [ 13.4123509, 52.4332621 ], [ 13.4123319, 52.4332748 ], [ 13.4122966, 52.4332704 ], [ 13.4122707, 52.4332723 ], [ 13.4122251, 52.4332815 ], [ 13.4122065, 52.4332843 ], [ 13.4121736, 52.4332847 ], [ 13.4121391, 52.433277499999988 ], [ 13.4120985, 52.4332627 ], [ 13.4120595, 52.4332452 ], [ 13.412028, 52.4332369 ], [ 13.4119937, 52.4332321 ], [ 13.4119393, 52.4332243 ], [ 13.4118746, 52.4332167 ], [ 13.411823, 52.4332145 ], [ 13.4117515, 52.4332178 ], [ 13.4116975, 52.433227 ], [ 13.4116548, 52.4332388 ], [ 13.4115889, 52.4332513 ], [ 13.4115335, 52.4332691 ], [ 13.4114711, 52.4332878 ], [ 13.4113985, 52.4332987 ], [ 13.4113695, 52.4332985 ], [ 13.4113186, 52.4332896 ], [ 13.4112749, 52.4332749 ], [ 13.4112042, 52.4332455 ], [ 13.411159, 52.4332231 ], [ 13.4111343, 52.4332106 ], [ 13.4111093, 52.4332026 ], [ 13.4110978, 52.433196 ], [ 13.4110866, 52.4331907 ], [ 13.4110758, 52.4331882 ], [ 13.4110585, 52.4331875 ], [ 13.411045, 52.4331835 ], [ 13.4110356, 52.4331765 ], [ 13.4110366, 52.4331688 ], [ 13.4110427, 52.4331627 ], [ 13.4110528, 52.4331606 ], [ 13.4110661, 52.4331632 ], [ 13.4110797, 52.4331653 ], [ 13.4110915, 52.433162499999987 ], [ 13.4111002, 52.4331541 ], [ 13.4111102, 52.4331477 ], [ 13.4111236, 52.4331428 ], [ 13.4111395, 52.4331421 ], [ 13.411153, 52.4331447 ], [ 13.4111668, 52.4331512 ], [ 13.4111764, 52.4331602 ], [ 13.4111917, 52.4331836 ], [ 13.4112002, 52.4331972 ], [ 13.4112093, 52.4332079 ], [ 13.4112371, 52.4332237 ], [ 13.4112627, 52.4332463 ], [ 13.4112999, 52.4332659 ], [ 13.4113377, 52.433271499999989 ], [ 13.411394, 52.433274899999986 ], [ 13.4114685, 52.4332672 ], [ 13.41156, 52.4332462 ], [ 13.4115846, 52.4332295 ], [ 13.4116542, 52.4332179 ], [ 13.4116754, 52.433204800000013 ], [ 13.4117029, 52.4331952 ], [ 13.4117304, 52.43319 ], [ 13.4117714, 52.4331737 ], [ 13.4117963, 52.433158099999986 ], [ 13.4118382, 52.4331222 ], [ 13.4118881, 52.433087 ], [ 13.4119203, 52.4330646 ], [ 13.4119761, 52.433037 ], [ 13.4119941, 52.4330322 ], [ 13.4120201, 52.4330294 ], [ 13.4120622, 52.4330366 ], [ 13.4121092, 52.4330485 ], [ 13.4121347, 52.4330583 ], [ 13.4121546, 52.4330699 ], [ 13.4121697, 52.4330819 ], [ 13.4121763, 52.4331063 ], [ 13.4121841, 52.433149 ], [ 13.4121934, 52.433168 ], [ 13.412259, 52.4332178 ], [ 13.4123509, 52.4332621 ] ] ] } },
{ "type": "Feature", "properties": { "name": "Kopfweidenpfuhl", "name_norm": "kopfweidenpfuhl", "natural": "water", "water": "pond", "wikidata": null, "area_sqkm": 0.00099818649389407763, "centroid_lon": 13.419502731448601, "centroid_lat": 52.430600677795447 }, "geometry": { "type": "Polygon", "coordinates": [ [ [ 13.419479, 52.4305633 ], [ 13.4192644, 52.4306671 ], [ 13.4191604, 52.4307769 ], [ 13.4191451, 52.4308056 ], [ 13.4191411, 52.4308561 ], [ 13.4191155, 52.430891599999988 ], [ 13.4189739, 52.4308691 ], [ 13.4188911, 52.4308062 ], [ 13.4188991, 52.4307682 ], [ 13.4189516, 52.4307473 ], [ 13.4190624, 52.430716 ], [ 13.4191738, 52.4306639 ], [ 13.4193637, 52.4305432 ], [ 13.4194552, 52.4304726 ], [ 13.4197086, 52.4304092 ], [ 13.419809, 52.4304729 ], [ 13.419856, 52.4304871 ], [ 13.4199101, 52.4304712 ], [ 13.4200104, 52.4304 ], [ 13.4200898, 52.4304483 ], [ 13.4201286, 52.4304917 ], [ 13.4201406, 52.4305425 ], [ 13.4201058, 52.4305727 ], [ 13.4200586, 52.4305792 ], [ 13.4199634, 52.4305553 ], [ 13.4198247, 52.430520199999989 ], [ 13.4197103, 52.43054750000001 ], [ 13.4195748, 52.4305542 ], [ 13.419479, 52.4305633 ] ] ] } },
{ "type": "Feature", "properties": { "name": "Teich Vollkropfgraben", "name_norm": "teich vollkropfgraben", "natural": "water", "water": "pond", "wikidata": null, "area_sqkm": 0.0026794753374135317, "centroid_lon": 13.567020382351391, "centroid_lat": 52.436890838494037 }, "geometry": { "type": "Polygon", "coordinates": [ [ [ 13.5670361, 52.43725580000001 ], [ 13.5669503, 52.437308099999989 ], [ 13.5668559, 52.4373133 ], [ 13.5668473, 52.437213899999989 ], [ 13.5668216, 52.4370569 ], [ 13.5667529, 52.4370203 ], [ 13.5666756, 52.4369523 ], [ 13.5666928, 52.4368947 ], [ 13.566813, 52.436811 ], [ 13.5668988, 52.4367691 ], [ 13.5669246, 52.4366802 ], [ 13.5668216, 52.436591199999988 ], [ 13.5667357, 52.436554599999987 ], [ 13.566607, 52.4365337 ], [ 13.566607, 52.4364709 ], [ 13.5667186, 52.4364238 ], [ 13.566859, 52.4364484 ], [ 13.5670876, 52.4366226 ], [ 13.5674344, 52.4368963 ], [ 13.5674224, 52.4369994 ], [ 13.567328, 52.4370988 ], [ 13.5671305, 52.4371773 ], [ 13.5670361, 52.43725580000001 ] ] ] } },
{ "type": "Feature", "properties": { "name": "Pücklerteich", "name_norm": "pucklerteich", "natural": "water", "water": "pond", "wikidata": null, "area_sqkm": 0.00337405435380418, "centroid_lon": 13.273175990452012, "centroid_lat": 52.466907451134674 }, "geometry": { "type": "Polygon", "coordinates": [ [ [ 13.2730009, 52.4671122 ], [ 13.2728489, 52.4669758 ], [ 13.2727335, 52.4668169 ], [ 13.2727135, 52.466690699999987 ], [ 13.2727519, 52.466629599999983 ], [ 13.2728723, 52.4665624 ], [ 13.2730778, 52.4665451 ], [ 13.2732516, 52.4665939 ], [ 13.2734271, 52.4667131 ], [ 13.2735949, 52.4669947 ], [ 13.2735775, 52.4670867 ], [ 13.2735558, 52.467216 ], [ 13.2735174, 52.4672761 ], [ 13.2733736, 52.4673189 ], [ 13.2732633, 52.4672924 ], [ 13.2730009, 52.4671122 ] ] ] } },
{ "type": "Feature", "properties": { "name": "Britzer Kirchteich", "name_norm": "britzer kirchteich", "natural": "water", "water": "pond", "wikidata": null, "area_sqkm": 0.0073983618072015521, "centroid_lon": 13.436414951304247, "centroid_lat": 52.447382785125441 }, "geometry": { "type": "Polygon", "coordinates": [ [ [ 13.4359554, 52.4480189 ], [ 13.4359444, 52.4479724 ], [ 13.4359274, 52.4479263 ], [ 13.4358975, 52.4478529 ], [ 13.4358677, 52.4478019 ], [ 13.4358267, 52.4477559 ], [ 13.4357246, 52.4476345 ], [ 13.4356603, 52.4475444 ], [ 13.4356135, 52.4474926 ], [ 13.4356026, 52.44744 ], [ 13.4356229, 52.4473729 ], [ 13.4356735, 52.4473195 ], [ 13.4357563, 52.4472592 ], [ 13.4358148, 52.4472221 ], [ 13.4358817, 52.4471932 ], [ 13.4359646, 52.4471689 ], [ 13.4361595, 52.4470991 ], [ 13.4364113, 52.447022 ], [ 13.4366269, 52.4469611 ], [ 13.4368111, 52.4469111 ], [ 13.436944, 52.4468747 ], [ 13.4372123, 52.4471041 ], [ 13.4372824, 52.4471725 ], [ 13.4373052, 52.4471986 ], [ 13.4373066, 52.4472207 ], [ 13.4372952, 52.4472407 ], [ 13.437242, 52.4472801 ], [ 13.4371964, 52.447309 ], [ 13.437261, 52.4473736 ], [ 13.4372959, 52.4474096 ], [ 13.4373022, 52.4474466 ], [ 13.4372825, 52.4474762 ], [ 13.4372555, 52.4474946 ], [ 13.4372053, 52.4475076 ], [ 13.4371676, 52.4475121 ], [ 13.4371002, 52.4475124 ], [ 13.4370631, 52.4475025 ], [ 13.4369695, 52.4474759 ], [ 13.4369097, 52.447455799999986 ], [ 13.4368832, 52.4474512 ], [ 13.4368288, 52.4474515 ], [ 13.4366973, 52.4474804 ], [ 13.4366689, 52.4474937 ], [ 13.4366232, 52.4475151 ], [ 13.4365945, 52.4475279 ], [ 13.4364993, 52.4475903 ], [ 13.4364669, 52.447604 ], [ 13.4362749, 52.447691399999989 ], [ 13.4362237, 52.4477342 ], [ 13.4362, 52.4477883 ], [ 13.4361828, 52.4478248 ], [ 13.4361878, 52.4478728 ], [ 13.4361868, 52.4479812 ], [ 13.4361852, 52.4480387 ], [ 13.4361699, 52.44806650000001 ], [ 13.4361257, 52.4480874 ], [ 13.4360987, 52.448116899999988 ], [ 13.4360211, 52.4480854 ], [ 13.4359914, 52.448058 ], [ 13.4359672, 52.4480475 ], [ 13.4359444, 52.4480461 ], [ 13.4359184, 52.448047499999987 ], [ 13.4359184, 52.448041 ], [ 13.4359402, 52.4480342 ], [ 13.4359554, 52.4480189 ] ] ] } },
{ "type": "Feature", "properties": { "name": "Stieglakebecken", "name_norm": "stieglakebecken", "natural": "water", "water": "pond", "wikidata": null, "area_sqkm": 0.0018868661767849858, "centroid_lon": 13.149205804689716, "centroid_lat": 52.529077762006906 }, "geometry": { "type": "Polygon", "coordinates": [ [ [ 13.1495338, 52.52912 ], [ 13.1494384, 52.5291402 ], [ 13.149372, 52.5291857 ], [ 13.1493181, 52.5291983 ], [ 13.1492517, 52.5292084 ], [ 13.1491895, 52.529226 ], [ 13.1491397, 52.5292336 ], [ 13.1490692, 52.5292084 ], [ 13.1490194, 52.52917810000001 ], [ 13.1488784, 52.5291781 ], [ 13.1488078, 52.5291907 ], [ 13.1487414, 52.529228599999989 ], [ 13.1487249, 52.5292563 ], [ 13.1486626, 52.5292639 ], [ 13.1486377, 52.5292286 ], [ 13.148646, 52.5292008 ], [ 13.1486377, 52.5291453 ], [ 13.148588, 52.5291251 ], [ 13.1485216, 52.5290973 ], [ 13.1485423, 52.5290443 ], [ 13.1486211, 52.5290039 ], [ 13.1486917, 52.5290014 ], [ 13.1488286, 52.5290191 ], [ 13.1491024, 52.529014 ], [ 13.1492642, 52.5289812 ], [ 13.1496002, 52.5289207 ], [ 13.1497537, 52.5289358 ], [ 13.1498367, 52.5289535 ], [ 13.1498823, 52.5290115 ], [ 13.1498601, 52.529073699999984 ], [ 13.1497827, 52.529107399999987 ], [ 13.1497164, 52.529115 ], [ 13.1495338, 52.52912 ] ] ] } },
{ "type": "Feature", "properties": { "name": "Klarpfuhl", "name_norm": "klarpfuhl", "natural": "water", "water": "pond", "wikidata": "Q59786180", "area_sqkm": 0.0028548503319370372, "centroid_lon": 13.513344111166658, "centroid_lat": 52.403137269982203 }, "geometry": { "type": "Polygon", "coordinates": [ [ [ 13.5131584, 52.4034624 ], [ 13.5131162, 52.4034659 ], [ 13.5130414, 52.4034468 ], [ 13.5129879, 52.403427 ], [ 13.512938, 52.4034021 ], [ 13.512897, 52.4033722 ], [ 13.5128623, 52.4033405 ], [ 13.5128491, 52.40332 ], [ 13.512844, 52.4032955 ], [ 13.5128514, 52.403273 ], [ 13.5128662, 52.40325210000001 ], [ 13.5128935, 52.4032322 ], [ 13.5130288, 52.4030902 ], [ 13.513117, 52.40302470000001 ], [ 13.5131424, 52.4030093 ], [ 13.5131724, 52.4029952 ], [ 13.5131857, 52.4029807 ], [ 13.5131876, 52.4029674 ], [ 13.5131798, 52.4029581 ], [ 13.5131798, 52.4029476 ], [ 13.5131885, 52.40294 ], [ 13.5132071, 52.4029357 ], [ 13.5132289, 52.402938800000015 ], [ 13.5132531, 52.4029357 ], [ 13.5132867, 52.402925 ], [ 13.513332, 52.402906 ], [ 13.5134794, 52.4028386 ], [ 13.5136051, 52.4027815 ], [ 13.5136642, 52.4027656 ], [ 13.5137133, 52.402763199999988 ], [ 13.513782, 52.402772 ], [ 13.5137991, 52.4027884 ], [ 13.5138073, 52.4028263 ], [ 13.5137997, 52.4028651 ], [ 13.5137301, 52.402951 ], [ 13.5137204, 52.4029862 ], [ 13.5137217, 52.4030173 ], [ 13.5137291, 52.4031051 ], [ 13.5137168, 52.4031351 ], [ 13.5136868, 52.4031563 ], [ 13.513663, 52.4031642 ], [ 13.5135958, 52.4032334 ], [ 13.51353, 52.4033272 ], [ 13.5134463, 52.4033751 ], [ 13.5133659, 52.403409599999989 ], [ 13.5132637, 52.4034447 ], [ 13.5132075, 52.4034568 ], [ 13.5131584, 52.4034624 ] ] ] } },
{ "type": "Feature", "properties": { "name": "Teich Rudow (Kleiner Röthepfuhl)", "name_norm": "teich rudow (kleiner rothepfuhl)", "natural": "water", "water": "pond", "wikidata": null, "area_sqkm": 0.00097778571323793345, "centroid_lon": 13.51054168117793, "centroid_lat": 52.407861081164249 }, "geometry": { "type": "Polygon", "coordinates": [ [ [ 13.5107832, 52.4079737 ], [ 13.5107317, 52.4080365 ], [ 13.5106459, 52.4080784 ], [ 13.5105601, 52.408068 ], [ 13.5104142, 52.4079371 ], [ 13.5103026, 52.40778 ], [ 13.5102682, 52.4077067 ], [ 13.5103369, 52.4076595 ], [ 13.5104742, 52.4076805 ], [ 13.5106373, 52.4077328 ], [ 13.5107146, 52.4077904 ], [ 13.5107575, 52.4078899 ], [ 13.5107832, 52.4079737 ] ] ] } },
{ "type": "Feature", "properties": { "name": "Krummer Katzenpfuhl", "name_norm": "krummer katzenpfuhl", "natural": "water", "water": "pond", "wikidata": null, "area_sqkm": 0.00078951038099590984, "centroid_lon": 13.507168058055544, "centroid_lat": 52.407108077277407 }, "geometry": { "type": "Polygon", "coordinates": [ [ [ 13.5073843, 52.4071202 ], [ 13.5074015, 52.4071883 ], [ 13.5073758, 52.4072302 ], [ 13.5073071, 52.4072616 ], [ 13.5071869, 52.4072564 ], [ 13.5070496, 52.4072092 ], [ 13.5069552, 52.4071464 ], [ 13.5069466, 52.40706260000001 ], [ 13.5069981, 52.4069631 ], [ 13.5070925, 52.40694220000001 ], [ 13.5072041, 52.4069684 ], [ 13.5073071, 52.4070207 ], [ 13.5073843, 52.4071202 ] ] ] } },
{ "type": "Feature", "properties": { "name": "Röthepfuhl", "name_norm": "rothepfuhl", "natural": "water", "water": "pond", "wikidata": null, "area_sqkm": 0.001077555817602358, "centroid_lon": 13.509210415855685, "centroid_lat": 52.406586598842914 }, "geometry": { "type": "Polygon", "coordinates": [ [ [ 13.5094443, 52.4066647 ], [ 13.5094271, 52.4067171 ], [ 13.5093756, 52.406779899999989 ], [ 13.5093069, 52.4068008 ], [ 13.5092211, 52.406779899999975 ], [ 13.5091353, 52.4067171 ], [ 13.5090495, 52.4066542 ], [ 13.5089379, 52.4065809 ], [ 13.5089293, 52.4065076 ], [ 13.5089636, 52.4064448 ], [ 13.5090065, 52.4064134 ], [ 13.5091782, 52.4064238 ], [ 13.5093413, 52.4064448 ], [ 13.5094099, 52.4064867 ], [ 13.5094529, 52.4065704 ], [ 13.5094443, 52.4066647 ] ] ] } },
{ "type": "Feature", "properties": { "name": "Klosterteich", "name_norm": "klosterteich", "natural": "water", "water": "pond", "wikidata": null, "area_sqkm": 0.00071110283439562065, "centroid_lon": 13.358625067863766, "centroid_lat": 52.414936808275847 }, "geometry": { "type": "Polygon", "coordinates": [ [ [ 13.3584515, 52.4152014 ], [ 13.3584305, 52.4151812 ], [ 13.358399, 52.4151541 ], [ 13.3583658, 52.4151358 ], [ 13.3583473, 52.4151265 ], [ 13.3583537, 52.4151127 ], [ 13.3583715, 52.4151033 ], [ 13.358399, 52.4150934 ], [ 13.3584071, 52.4150717 ], [ 13.358395, 52.4150574 ], [ 13.3583755, 52.4150466 ], [ 13.3583408, 52.4150382 ], [ 13.3583181, 52.4150259 ], [ 13.3583093, 52.4150101 ], [ 13.3583109, 52.4149923 ], [ 13.3583287, 52.4149859 ], [ 13.3583448, 52.4149721 ], [ 13.3584047, 52.4149578 ], [ 13.3584443, 52.4149642 ], [ 13.3584774, 52.4149667 ], [ 13.3584984, 52.4149647 ], [ 13.3585235, 52.4149578 ], [ 13.3585478, 52.4149494 ], [ 13.3585655, 52.4149416 ], [ 13.3585833, 52.4149228 ], [ 13.3585955, 52.4149075 ], [ 13.3586149, 52.4148942 ], [ 13.3586181, 52.41487450000001 ], [ 13.3586108, 52.414850800000011 ], [ 13.3585971, 52.4148281 ], [ 13.3586003, 52.4148074 ], [ 13.358614, 52.4147921 ], [ 13.3586423, 52.414774899999983 ], [ 13.35869, 52.414764 ], [ 13.3587305, 52.4147576 ], [ 13.3587725, 52.4147581 ], [ 13.3588232, 52.4147412 ], [ 13.3588622, 52.414726599999987 ], [ 13.3588897, 52.4147221 ], [ 13.3589067, 52.4147192 ], [ 13.3589471, 52.4147113 ], [ 13.358994, 52.4147177 ], [ 13.3590029, 52.4147379 ], [ 13.3589843, 52.4147463 ], [ 13.3589673, 52.414770399999988 ], [ 13.3589593, 52.4148 ], [ 13.3589358, 52.4148262 ], [ 13.35888, 52.4148553 ], [ 13.3588542, 52.4148691 ], [ 13.3587935, 52.4148789 ], [ 13.3586852, 52.4148789 ], [ 13.3586399, 52.4148908 ], [ 13.3585866, 52.4149628 ], [ 13.3585938, 52.4149869 ], [ 13.358614, 52.4150209 ], [ 13.3586052, 52.4150633 ], [ 13.3585607, 52.4151048 ], [ 13.3585461, 52.415123 ], [ 13.3585316, 52.4151418 ], [ 13.3585211, 52.415161 ], [ 13.3585235, 52.4151827 ], [ 13.3585106, 52.4151945 ], [ 13.3584936, 52.4151985 ], [ 13.3584726, 52.4152024 ], [ 13.3584515, 52.4152014 ] ] ] } },
{ "type": "Feature", "properties": { "name": "Buschgraben", "name_norm": "buschgraben", "natural": "water", "water": "pond", "wikidata": null, "area_sqkm": 0.0055732205198910905, "centroid_lon": 13.248399172628215, "centroid_lat": 52.408173066616285 }, "geometry": { "type": "Polygon", "coordinates": [ [ [ 13.2479464, 52.4075516 ], [ 13.2482125, 52.4076028 ], [ 13.2484125, 52.4076934 ], [ 13.2485849, 52.4078472 ], [ 13.2487638, 52.4081944 ], [ 13.2488891, 52.4082962 ], [ 13.2489191, 52.4083924 ], [ 13.2489161, 52.4084815 ], [ 13.248835, 52.4085133 ], [ 13.248733, 52.40845620000001 ], [ 13.2486193, 52.408427 ], [ 13.2485621, 52.4084893 ], [ 13.2487593, 52.40867260000001 ], [ 13.24893, 52.4088627 ], [ 13.2490629, 52.4088996 ], [ 13.2490785, 52.4090146 ], [ 13.2490127, 52.4090617 ], [ 13.2488934, 52.4090264 ], [ 13.2488572, 52.4089287 ], [ 13.24866, 52.4088008 ], [ 13.2484664, 52.4085725 ], [ 13.2482397, 52.4084766 ], [ 13.2480513, 52.408314 ], [ 13.2479082, 52.4078873 ], [ 13.2478255, 52.4076446 ], [ 13.2479464, 52.4075516 ] ] ] } },
{ "type": "Feature", "properties": { "name": "Hohenschönhausener See", "name_norm": "hohenschonhausener see", "natural": "water", "water": "pond", "wikidata": null, "area_sqkm": 0.0086408882692686449, "centroid_lon": 13.531159568217477, "centroid_lat": 52.561223583191264 }, "geometry": { "type": "Polygon", "coordinates": [ [ [ 13.532107, 52.5604449 ], [ 13.5321669, 52.5604621 ], [ 13.5322107, 52.5604869 ], [ 13.5322453, 52.5605132 ], [ 13.5322638, 52.5605509 ], [ 13.5322614, 52.5605944 ], [ 13.5321736, 52.5606888 ], [ 13.5319779, 52.5608124 ], [ 13.5318362, 52.5608857 ], [ 13.5316649, 52.5610031 ], [ 13.5314906, 52.5611211 ], [ 13.5314108, 52.561175699999986 ], [ 13.5313487, 52.5612347 ], [ 13.5312861, 52.5613051 ], [ 13.5312606, 52.5613853 ], [ 13.5311933, 52.5614347 ], [ 13.5311381, 52.5614987 ], [ 13.5312552, 52.5615924 ], [ 13.5314502, 52.561677 ], [ 13.5314846, 52.5617035 ], [ 13.5314187, 52.5617861 ], [ 13.5313748, 52.5618066 ], [ 13.5312714, 52.5619509 ], [ 13.5312461, 52.5620186 ], [ 13.5311776, 52.5621558 ], [ 13.5310904, 52.5623058 ], [ 13.5310709, 52.562302 ], [ 13.5311496, 52.5621509 ], [ 13.5311933, 52.5620394 ], [ 13.5311502, 52.5619085 ], [ 13.5311062, 52.5618351 ], [ 13.5310233, 52.5617926 ], [ 13.5309666, 52.5617687 ], [ 13.5308552, 52.5617371 ], [ 13.5305972, 52.5615649 ], [ 13.5304583, 52.5617707 ], [ 13.5303124, 52.5619429 ], [ 13.5302351, 52.5621411 ], [ 13.5303381, 52.5622403 ], [ 13.5302291, 52.56224970000001 ], [ 13.5301579, 52.5622559 ], [ 13.5300291, 52.5621777 ], [ 13.5299948, 52.5620472 ], [ 13.5300463, 52.5618959 ], [ 13.5303295, 52.5617759 ], [ 13.530535, 52.5615504 ], [ 13.530498, 52.5615261 ], [ 13.5304743, 52.5614944 ], [ 13.5304737, 52.5614628 ], [ 13.5305012, 52.5614243 ], [ 13.5306389, 52.5613672 ], [ 13.5307347, 52.5612919 ], [ 13.530833, 52.5611877 ], [ 13.5309134, 52.561074 ], [ 13.5309717, 52.5610068 ], [ 13.53093, 52.5608352 ], [ 13.5309805, 52.56072790000001 ], [ 13.5310622, 52.560621699999984 ], [ 13.5313048, 52.5605809 ], [ 13.531395, 52.5605572 ], [ 13.5314616, 52.5605474 ], [ 13.531532, 52.5605472 ], [ 13.5316031, 52.5605533 ], [ 13.5316706, 52.5605704 ], [ 13.5317344, 52.5605952 ], [ 13.5319265, 52.560533 ], [ 13.532027, 52.560475 ], [ 13.532107, 52.5604449 ] ] ] } },
{ "type": "Feature", "properties": { "name": "Lichtenrader Dorfteich", "name_norm": "lichtenrader dorfteich", "natural": "water", "water": "pond", "wikidata": null, "area_sqkm": 0.0089571609672312539, "centroid_lon": 13.41041405131563, "centroid_lat": 52.390603391239239 }, "geometry": { "type": "Polygon", "coordinates": [ [ [ 13.410505, 52.391117399999985 ], [ 13.4104236, 52.3911138 ], [ 13.4103292, 52.3911194 ], [ 13.4101531, 52.3911177 ], [ 13.4100432, 52.3911076 ], [ 13.4100006, 52.3910989 ], [ 13.4099591, 52.391085 ], [ 13.4099341, 52.3910707 ], [ 13.4099178, 52.3910528 ], [ 13.4099065, 52.391037 ], [ 13.4098801, 52.3909855 ], [ 13.409852, 52.390908399999987 ], [ 13.4098259, 52.3908235 ], [ 13.4098008, 52.3906594 ], [ 13.4098008, 52.3905418 ], [ 13.4098015, 52.390471199999986 ], [ 13.4098074, 52.3903991 ], [ 13.4098132, 52.3902924 ], [ 13.409815, 52.3902599 ], [ 13.4098309, 52.3902352 ], [ 13.4098722, 52.3901828 ], [ 13.4099231, 52.3901431 ], [ 13.4100358, 52.3900723 ], [ 13.4101102, 52.3900426 ], [ 13.4102034, 52.3900333 ], [ 13.4102788, 52.390032799999986 ], [ 13.410366, 52.3900504 ], [ 13.4106614, 52.3901254 ], [ 13.410799, 52.3901872 ], [ 13.4109288, 52.3902615 ], [ 13.4109874, 52.390305 ], [ 13.41105, 52.3903919 ], [ 13.4110916, 52.390471900000016 ], [ 13.4110718, 52.3906162 ], [ 13.4110324, 52.3908295 ], [ 13.4110178, 52.3909064 ], [ 13.410984, 52.390966399999989 ], [ 13.4109582, 52.3910332 ], [ 13.4109356, 52.3910619 ], [ 13.4108815, 52.3910678 ], [ 13.4108576, 52.3910752 ], [ 13.4108196, 52.3911034 ], [ 13.4108109, 52.391122699999983 ], [ 13.410505, 52.391117399999985 ] ] ] } },
{ "type": "Feature", "properties": { "name": "Venusbassin", "name_norm": "venusbassin", "natural": "water", "water": "pond", "wikidata": "Q131192370", "area_sqkm": 0.0031450783741298837, "centroid_lon": 13.370629232270819, "centroid_lat": 52.514576177402283 }, "geometry": { "type": "Polygon", "coordinates": [ [ [ 13.3705755, 52.5139232 ], [ 13.3705898, 52.5139566 ], [ 13.3706032, 52.5139636 ], [ 13.370613, 52.513968299999988 ], [ 13.3706213, 52.513973900000011 ], [ 13.370629, 52.5139814 ], [ 13.3706342, 52.513989699999982 ], [ 13.3706366, 52.5139979 ], [ 13.3706365, 52.5140064 ], [ 13.3706339, 52.5140144 ], [ 13.3706266, 52.514024799999987 ], [ 13.3706161, 52.5140346 ], [ 13.3706276, 52.5140721 ], [ 13.3705991, 52.5140757 ], [ 13.3707049, 52.5143863 ], [ 13.370748, 52.5143902 ], [ 13.3707854, 52.5144 ], [ 13.3708172, 52.5144152 ], [ 13.3708452, 52.5144383 ], [ 13.3708612, 52.5144664 ], [ 13.3708624, 52.5144968 ], [ 13.3708487, 52.514525399999989 ], [ 13.3708283, 52.5145453 ], [ 13.3708025, 52.5145608 ], [ 13.3707724, 52.5145721 ], [ 13.3709135, 52.5149924 ], [ 13.3709435, 52.515002 ], [ 13.3709631, 52.5150095 ], [ 13.3709868, 52.5150253 ], [ 13.3710004, 52.5150456 ], [ 13.371, 52.5150681 ], [ 13.3709921, 52.5150865 ], [ 13.3709749, 52.5151012 ], [ 13.3709922, 52.5151504 ], [ 13.3709165, 52.5151603 ], [ 13.3709187, 52.5151958 ], [ 13.3709195, 52.5152041 ], [ 13.3709178, 52.5152123 ], [ 13.3709103, 52.5152246 ], [ 13.3709019, 52.5152322 ], [ 13.3708894, 52.5152394 ], [ 13.3708744, 52.5152448 ], [ 13.3708597, 52.5152477 ], [ 13.3708443, 52.5152487 ], [ 13.3708275, 52.5152476 ], [ 13.3708116, 52.515244299999985 ], [ 13.370799, 52.5152397 ], [ 13.3707838, 52.5152306 ], [ 13.3707765, 52.5152236 ], [ 13.3707714, 52.5152159 ], [ 13.3707501, 52.515182399999986 ], [ 13.3706742, 52.5151923 ], [ 13.3706567, 52.5151426 ], [ 13.3706323, 52.5151337 ], [ 13.3706131, 52.5151188 ], [ 13.370598, 52.5150983 ], [ 13.370597, 52.5150763 ], [ 13.3706084, 52.5150561 ], [ 13.3706214, 52.5150444 ], [ 13.3706426, 52.5150284 ], [ 13.3704957, 52.5146088 ], [ 13.3704607, 52.5146057 ], [ 13.3704269, 52.5145978 ], [ 13.3703951, 52.5145845 ], [ 13.3703637, 52.5145616 ], [ 13.3703449, 52.5145335 ], [ 13.3703411, 52.5145039 ], [ 13.3703515, 52.5144758 ], [ 13.3703708, 52.5144542 ], [ 13.3703986, 52.5144361 ], [ 13.3704356, 52.514422 ], [ 13.3703284, 52.514111599999985 ], [ 13.3703, 52.5141152 ], [ 13.3702859, 52.5140781 ], [ 13.3702698, 52.5140717 ], [ 13.3702563, 52.5140639 ], [ 13.3702486, 52.514057200000011 ], [ 13.370243, 52.5140494 ], [ 13.3702398, 52.5140413 ], [ 13.3702391, 52.5140324 ], [ 13.3702412, 52.5140237 ], [ 13.3702452, 52.5140165 ], [ 13.3702511, 52.5140099 ], [ 13.3702587, 52.5140002 ], [ 13.3702499, 52.5139661 ], [ 13.3703091, 52.5139586 ], [ 13.3703407, 52.5139683 ], [ 13.3703641, 52.5139728 ], [ 13.3703885, 52.513974399999988 ], [ 13.3704173, 52.5139723 ], [ 13.3704444, 52.5139662 ], [ 13.3704634, 52.5139589 ], [ 13.3704799, 52.5139495 ], [ 13.3705024, 52.513934 ], [ 13.3705755, 52.5139232 ] ] ] } },
{ "type": "Feature", "properties": { "name": "Sinkende Mauer", "name_norm": "sinkende mauer", "natural": "water", "water": "pond", "wikidata": "Q92041368", "area_sqkm": 0.0022842404876382821, "centroid_lon": 13.376338912406586, "centroid_lat": 52.529303682953646 }, "geometry": { "type": "Polygon", "coordinates": [ [ [ 13.3759801, 52.5295369 ], [ 13.3760604, 52.5290404 ], [ 13.3766966, 52.5290785 ], [ 13.3766164, 52.5295749 ], [ 13.3763231, 52.5295573 ], [ 13.3763794, 52.5292088 ], [ 13.3763566, 52.5292074 ], [ 13.3763332, 52.529206 ], [ 13.3762768, 52.5295546 ], [ 13.3759801, 52.5295369 ] ] ] } },
{ "type": "Feature", "properties": { "name": "Fischtalteich", "name_norm": "fischtalteich", "natural": "water", "water": "pond", "wikidata": null, "area_sqkm": 0.0021069190425875581, "centroid_lon": 13.257197895346454, "centroid_lat": 52.444263392665334 }, "geometry": { "type": "Polygon", "coordinates": [ [ [ 13.2567633, 52.44398420000001 ], [ 13.2567943, 52.4439513 ], [ 13.256832, 52.4439324 ], [ 13.2568765, 52.4439205 ], [ 13.2569089, 52.4439193 ], [ 13.2569479, 52.4439317 ], [ 13.2572319, 52.4440593 ], [ 13.2573098, 52.4441187 ], [ 13.2573978, 52.444203 ], [ 13.2574807, 52.444295 ], [ 13.2575588, 52.4444282 ], [ 13.2576033, 52.4445129 ], [ 13.2576263, 52.4445829 ], [ 13.257628, 52.4445995 ], [ 13.2576149, 52.444609499999984 ], [ 13.2575386, 52.4446476 ], [ 13.2575135, 52.444648 ], [ 13.257487, 52.444642 ], [ 13.2574577, 52.444623599999986 ], [ 13.2573776, 52.4445705 ], [ 13.2571809, 52.4444445 ], [ 13.2571911, 52.4444389 ], [ 13.2571473, 52.444407 ], [ 13.2571353, 52.4444122 ], [ 13.2570855, 52.444376699999985 ], [ 13.256971, 52.4442877 ], [ 13.2568914, 52.4442153 ], [ 13.2568307, 52.4441486 ], [ 13.2567686, 52.4440548 ], [ 13.2567559, 52.444015 ], [ 13.2567633, 52.44398420000001 ] ] ] } },
{ "type": "Feature", "properties": { "name": "Lankegrabenteich", "name_norm": "lankegrabenteich", "natural": "water", "water": "pond", "wikidata": null, "area_sqkm": 0.00071687425544585375, "centroid_lon": 13.357876023446874, "centroid_lat": 52.436673050672674 }, "geometry": { "type": "Polygon", "coordinates": [ [ [ 13.3577998, 52.4364916 ], [ 13.3578367, 52.4364929 ], [ 13.3578797, 52.4365038 ], [ 13.3579103, 52.436521899999988 ], [ 13.3579279, 52.43654320000001 ], [ 13.3580961, 52.436771 ], [ 13.3581096, 52.4367923 ], [ 13.3580985, 52.4368151 ], [ 13.3580728, 52.436827699999988 ], [ 13.358012, 52.4368356 ], [ 13.3579468, 52.4368395 ], [ 13.3578818, 52.43682780000001 ], [ 13.3578252, 52.4368076 ], [ 13.3577868, 52.4367795 ], [ 13.3577438, 52.4367359 ], [ 13.3577134, 52.4366805 ], [ 13.3576907, 52.4366149 ], [ 13.3576829, 52.4365576 ], [ 13.3576985, 52.4365184 ], [ 13.357718, 52.4365069 ], [ 13.3577543, 52.436495 ], [ 13.3577998, 52.4364916 ] ] ] } },
{ "type": "Feature", "properties": { "name": "Triestparkteich", "name_norm": "triestparkteich", "natural": "water", "water": "pond", "wikidata": null, "area_sqkm": 0.0010571933998925376, "centroid_lon": 13.2873699665759, "centroid_lat": 52.449259089644237 }, "geometry": { "type": "Polygon", "coordinates": [ [ [ 13.2871374, 52.449199 ], [ 13.2872671, 52.44916760000001 ], [ 13.2873628, 52.4491778 ], [ 13.2874214, 52.449184 ], [ 13.2874741, 52.4491813 ], [ 13.2875119, 52.4491658 ], [ 13.2875383, 52.449155 ], [ 13.2876407, 52.449172499999989 ], [ 13.287817, 52.4491632 ], [ 13.2878475, 52.449212599999989 ], [ 13.2878095, 52.4492648 ], [ 13.2876997, 52.4493124 ], [ 13.2875556, 52.44933850000001 ], [ 13.2873253, 52.4493514 ], [ 13.2872948, 52.4493531 ], [ 13.2872142, 52.4493576 ], [ 13.2869154, 52.4493279 ], [ 13.2868728, 52.4492737 ], [ 13.2869168, 52.4492307 ], [ 13.2871374, 52.449199 ] ] ] } },
{ "type": "Feature", "properties": { "name": "Kleiner Stadtparkteich", "name_norm": "kleiner stadtparkteich", "natural": "water", "water": "pond", "wikidata": null, "area_sqkm": 0.00064645983590412527, "centroid_lon": 13.334857396001839, "centroid_lat": 52.449187989746335 }, "geometry": { "type": "Polygon", "coordinates": [ [ [ 13.3348188, 52.449052299999984 ], [ 13.3349117, 52.4490339 ], [ 13.334981, 52.4490409 ], [ 13.3350395, 52.4490659 ], [ 13.3350751, 52.4491082 ], [ 13.3350585, 52.4491783 ], [ 13.3350207, 52.4492307 ], [ 13.3349887, 52.4492492 ], [ 13.3349047, 52.4492929 ], [ 13.3348035, 52.4493217 ], [ 13.334711, 52.4493343 ], [ 13.3346319, 52.4493236 ], [ 13.3346076, 52.4492838 ], [ 13.3346114, 52.4492269 ], [ 13.3346805, 52.449223899999986 ], [ 13.3347389, 52.4492014 ], [ 13.3347734, 52.4491575 ], [ 13.334733, 52.44912630000001 ], [ 13.3348188, 52.449052299999984 ] ] ] } },
{ "type": "Feature", "properties": { "name": "Grimnitz", "name_norm": "grimnitz", "natural": "water", "water": "lake", "wikidata": null, "area_sqkm": 0.095209753773289607, "centroid_lon": 13.646231906272234, "centroid_lat": 52.374292861643845 }, "geometry": { "type": "Polygon", "coordinates": [ [ [ 13.6506395, 52.3732323 ], [ 13.6505874, 52.3732531 ], [ 13.6504012, 52.3733142 ], [ 13.6501588, 52.3733573 ], [ 13.6500084, 52.3733733 ], [ 13.6498899, 52.3733858 ], [ 13.6495344, 52.3734288 ], [ 13.6493197, 52.373449299999983 ], [ 13.649151, 52.373484399999988 ], [ 13.6490604, 52.3735101 ], [ 13.6489129, 52.3735599 ], [ 13.6489346, 52.373586 ], [ 13.6488876, 52.373602 ], [ 13.6488636, 52.3735774 ], [ 13.6488304, 52.3735892 ], [ 13.6486247, 52.373662899999985 ], [ 13.6484497, 52.373722199999989 ], [ 13.6480983, 52.3738557 ], [ 13.6479508, 52.3739123 ], [ 13.6478215, 52.3739619 ], [ 13.6477979, 52.373971 ], [ 13.6475714, 52.3740959 ], [ 13.6475318, 52.3741177 ], [ 13.6473344, 52.3742225 ], [ 13.6472862, 52.3742918 ], [ 13.647148, 52.3744643 ], [ 13.6470371, 52.374567 ], [ 13.6467651, 52.374749499999986 ], [ 13.6465767, 52.3749133 ], [ 13.6463159, 52.3750621 ], [ 13.6462599, 52.3751298 ], [ 13.6462577, 52.3751574 ], [ 13.6463111, 52.3752615 ], [ 13.6463358, 52.3752935 ], [ 13.6464433, 52.3754008 ], [ 13.6465416, 52.375522799999985 ], [ 13.6467543, 52.3755258 ], [ 13.6467856, 52.3755702 ], [ 13.6467852, 52.3756109 ], [ 13.646686, 52.3758587 ], [ 13.6465165, 52.3761784 ], [ 13.6464007, 52.3763904 ], [ 13.6459434, 52.3767854 ], [ 13.6457728, 52.3768738 ], [ 13.6456715, 52.3768827 ], [ 13.6455002, 52.3768973 ], [ 13.6452956, 52.3769186 ], [ 13.6451228, 52.3769065 ], [ 13.6448866, 52.376888 ], [ 13.6446241, 52.3768314 ], [ 13.6444803, 52.3767874 ], [ 13.6443929, 52.3767081 ], [ 13.644279, 52.3765816 ], [ 13.6442703, 52.3764125 ], [ 13.6443422, 52.3757453 ], [ 13.6443961, 52.3754444 ], [ 13.6444927, 52.3751383 ], [ 13.6447588, 52.3744204 ], [ 13.644749, 52.374224 ], [ 13.6447158, 52.3740251 ], [ 13.6446972, 52.3736633 ], [ 13.6447605, 52.3732625 ], [ 13.6447887, 52.3728676 ], [ 13.6448126, 52.3727851 ], [ 13.6448992, 52.3725805 ], [ 13.6450038, 52.3722652 ], [ 13.6449869, 52.3721849 ], [ 13.6506395, 52.3732323 ] ] ] } },
{ "type": "Feature", "properties": { "name": "Wiesenbecken", "name_norm": "wiesenbecken", "natural": "water", "water": "lake", "wikidata": null, "area_sqkm": 0.0035901978882843101, "centroid_lon": 13.160728000696093, "centroid_lat": 52.530360841651969 }, "geometry": { "type": "Polygon", "coordinates": [ [ [ 13.1601873, 52.5301833 ], [ 13.1602267, 52.530135 ], [ 13.1603043, 52.530090599999987 ], [ 13.1603898, 52.5300616 ], [ 13.160462, 52.5300475 ], [ 13.1605486, 52.5300516 ], [ 13.1606497, 52.5300671 ], [ 13.1607159, 52.5300993 ], [ 13.1608066, 52.5301531 ], [ 13.1609983, 52.5302375 ], [ 13.1611989, 52.530326 ], [ 13.161343, 52.5304054 ], [ 13.1614039, 52.5304491 ], [ 13.1614299, 52.5304892 ], [ 13.1614248, 52.5305348 ], [ 13.1613908, 52.5305713 ], [ 13.1613434, 52.5305997 ], [ 13.1612746, 52.5306208 ], [ 13.1611781, 52.5306161 ], [ 13.1608675, 52.5305926 ], [ 13.1605787, 52.5305591 ], [ 13.1604012, 52.5305257 ], [ 13.1602978, 52.530499899999988 ], [ 13.1602211, 52.5304645 ], [ 13.1601701, 52.5304101 ], [ 13.160143, 52.5303393 ], [ 13.1601471, 52.5302712 ], [ 13.1601873, 52.5301833 ] ] ] } },
{ "type": "Feature", "properties": { "name": "Eichenpfuhl", "name_norm": "eichenpfuhl", "natural": "water", "water": "pond", "wikidata": null, "area_sqkm": 0.00085552528570639538, "centroid_lon": 13.264899552316752, "centroid_lat": 52.636749942350093 }, "geometry": { "type": "Polygon", "coordinates": [ [ [ 13.2649042, 52.6369184 ], [ 13.2648595, 52.6369054 ], [ 13.2648089, 52.6368707 ], [ 13.2646764, 52.6368109 ], [ 13.264643, 52.6367243 ], [ 13.2647074, 52.6366559 ], [ 13.264761, 52.6365985 ], [ 13.2648805, 52.636601699999986 ], [ 13.2649963, 52.6366323 ], [ 13.2650556, 52.636638799999986 ], [ 13.2651221, 52.636676 ], [ 13.2651479, 52.636792199999988 ], [ 13.2651242, 52.6368236 ], [ 13.2650026, 52.6368912 ], [ 13.2649042, 52.6369184 ] ] ] } },
{ "type": "Feature", "properties": { "name": "Nibelungenteich", "name_norm": "nibelungenteich", "natural": "water", "water": "pond", "wikidata": null, "area_sqkm": 0.0012821379970126172, "centroid_lon": 13.278636526155699, "centroid_lat": 52.637235443508459 }, "geometry": { "type": "Polygon", "coordinates": [ [ [ 13.2784835, 52.6372584 ], [ 13.2782386, 52.6370444 ], [ 13.2782274, 52.6369438 ], [ 13.2783837, 52.6369609 ], [ 13.2785123, 52.6370081 ], [ 13.2790535, 52.63743860000001 ], [ 13.2790511, 52.637509099999988 ], [ 13.2789543, 52.6375441 ], [ 13.2787239, 52.6374199 ], [ 13.2784835, 52.6372584 ] ] ] } },
{ "type": "Feature", "properties": { "name": "Studententeich", "name_norm": "studententeich", "natural": "water", "water": "pond", "wikidata": null, "area_sqkm": 0.00054626916291795988, "centroid_lon": 13.284008330370263, "centroid_lat": 52.450386558989017 }, "geometry": { "type": "Polygon", "coordinates": [ [ [ 13.2840186, 52.4504888 ], [ 13.2839461, 52.4505583 ], [ 13.2838882, 52.45056529999998 ], [ 13.2838312, 52.4505432 ], [ 13.2838105, 52.4505117 ], [ 13.283826, 52.450458 ], [ 13.2838571, 52.4504106 ], [ 13.2839348, 52.4503191 ], [ 13.2839763, 52.4502875 ], [ 13.2840384, 52.4502433 ], [ 13.2841161, 52.4502212 ], [ 13.2841835, 52.4502338 ], [ 13.2842197, 52.4502623 ], [ 13.2842146, 52.4503033 ], [ 13.2841731, 52.4503538 ], [ 13.2841317, 52.4503917 ], [ 13.2840714, 52.4504389 ], [ 13.2840186, 52.4504888 ] ] ] } },
{ "type": "Feature", "properties": { "name": "Südsee", "name_norm": "sudsee", "natural": "water", "water": "pond", "wikidata": null, "area_sqkm": 0.017384790185849382, "centroid_lon": 13.417779336318693, "centroid_lat": 52.431998465594759 }, "geometry": { "type": "Polygon", "coordinates": [ [ [ 13.4166298, 52.432899099999986 ], [ 13.4166336, 52.4328758 ], [ 13.4166321, 52.4328363 ], [ 13.4166172, 52.4327759 ], [ 13.4165832, 52.4326904 ], [ 13.4165628, 52.4325438 ], [ 13.4165644, 52.4325059 ], [ 13.4165867, 52.4323895 ], [ 13.4166057, 52.4323587 ], [ 13.4166287, 52.4323262 ], [ 13.4166689, 52.4322838 ], [ 13.4167237, 52.4322433 ], [ 13.4167747, 52.4322154 ], [ 13.4168343, 52.432192699999987 ], [ 13.4169984, 52.4321538 ], [ 13.4171186, 52.4321353 ], [ 13.4171657, 52.4321236 ], [ 13.4172161, 52.4321085 ], [ 13.4172524, 52.4320926 ], [ 13.4172709, 52.4320722 ], [ 13.4172856, 52.4320424 ], [ 13.4172944, 52.4320099 ], [ 13.4172963, 52.4319808 ], [ 13.4172802, 52.4319144 ], [ 13.417316, 52.4318832 ], [ 13.4173342, 52.4318643 ], [ 13.4173626, 52.4318691 ], [ 13.4173739, 52.4318298 ], [ 13.4173449, 52.4318288 ], [ 13.4173446, 52.4318043 ], [ 13.4173731, 52.431802 ], [ 13.4173546, 52.4317645 ], [ 13.4173274, 52.4317712 ], [ 13.4173086, 52.4317529 ], [ 13.4173305, 52.4317411 ], [ 13.4172848, 52.4317126 ], [ 13.4172669, 52.4317271 ], [ 13.417206, 52.4317038 ], [ 13.4172478, 52.4315872 ], [ 13.4172742, 52.431509 ], [ 13.4173081, 52.4314779 ], [ 13.4175245, 52.4313308 ], [ 13.4176356, 52.4312701 ], [ 13.4177416, 52.4312264 ], [ 13.4178108, 52.4312075 ], [ 13.4179069, 52.4311918 ], [ 13.4179879, 52.4311862 ], [ 13.4181683, 52.431191799999986 ], [ 13.418265, 52.4312035 ], [ 13.4183799, 52.4312267 ], [ 13.418486, 52.4312544 ], [ 13.4185473, 52.431266599999987 ], [ 13.4186319, 52.4312759 ], [ 13.4187148, 52.4312745 ], [ 13.4188268, 52.43126620000001 ], [ 13.418878, 52.4312566 ], [ 13.4189211, 52.4312367 ], [ 13.418946, 52.4312613 ], [ 13.4189686, 52.4312837 ], [ 13.4189228, 52.4313028 ], [ 13.4188556, 52.4313943 ], [ 13.4188324, 52.4314436 ], [ 13.4188222, 52.4315 ], [ 13.4188255, 52.431565599999985 ], [ 13.4188376, 52.4316925 ], [ 13.4187977, 52.4318777 ], [ 13.4187733, 52.43202380000001 ], [ 13.4186613, 52.4321768 ], [ 13.4185516, 52.432279099999988 ], [ 13.4184537, 52.432347900000011 ], [ 13.4183464, 52.4323981 ], [ 13.4182422, 52.4324295 ], [ 13.4180293, 52.4324759 ], [ 13.4178764, 52.4324901 ], [ 13.4177894, 52.4324919 ], [ 13.4177094, 52.432490799999989 ], [ 13.4176769, 52.4324941 ], [ 13.4176468, 52.4325024 ], [ 13.4176217, 52.432514699999984 ], [ 13.4175775, 52.4325528 ], [ 13.417514, 52.4325969 ], [ 13.4174294, 52.4326551 ], [ 13.4172949, 52.4327409 ], [ 13.4172598, 52.4327554 ], [ 13.4172229, 52.4327662 ], [ 13.4171522, 52.432782 ], [ 13.4170783, 52.4328041 ], [ 13.4170292, 52.43282640000001 ], [ 13.4169918, 52.4328561 ], [ 13.4169298, 52.4329107 ], [ 13.4168827, 52.4329988 ], [ 13.4168764, 52.43301970000001 ], [ 13.416592, 52.4329788 ], [ 13.4166018, 52.4329631 ], [ 13.4166086, 52.4329456 ], [ 13.4166298, 52.432899099999986 ] ] ] } },
{ "type": "Feature", "properties": { "name": "Krossinsee", "name_norm": "krossinsee", "natural": "water", "water": "lake", "wikidata": "Q16216455", "area_sqkm": 1.4241353122413045, "centroid_lon": 13.678091405729941, "centroid_lat": 52.363296409359677 }, "geometry": { "type": "Polygon", "coordinates": [ [ [ 13.6662738, 52.3581375 ], [ 13.6663679, 52.357624 ], [ 13.6664313, 52.3570162 ], [ 13.6668279, 52.357017899999988 ], [ 13.6671691, 52.3569544 ], [ 13.6674225, 52.356887 ], [ 13.6676133, 52.3567613 ], [ 13.6677517, 52.35664640000001 ], [ 13.6680218, 52.3564374 ], [ 13.6680589, 52.3562853 ], [ 13.6681275, 52.35617 ], [ 13.6680159, 52.3559079 ], [ 13.6680159, 52.3557769 ], [ 13.6681018, 52.3554833 ], [ 13.6682391, 52.3552317 ], [ 13.6687369, 52.3545397 ], [ 13.6689, 52.3544034 ], [ 13.6690631, 52.35433 ], [ 13.6692948, 52.3542618 ], [ 13.6694579, 52.3542461 ], [ 13.6696383, 52.3543237 ], [ 13.6697755, 52.35440340000001 ], [ 13.6699386, 52.3546236 ], [ 13.6702306, 52.3549318 ], [ 13.6705222, 52.3552159 ], [ 13.6714749, 52.3560128 ], [ 13.6718268, 52.3563482 ], [ 13.6720843, 52.356689 ], [ 13.6725564, 52.357197500000012 ], [ 13.6727624, 52.357365199999983 ], [ 13.6731773, 52.3575556 ], [ 13.673761, 52.3577967 ], [ 13.6742387, 52.3578684 ], [ 13.674645, 52.357896299999979 ], [ 13.6749029, 52.3579494 ], [ 13.6752806, 52.3580857 ], [ 13.6754776, 52.3581637 ], [ 13.6758724, 52.3583838 ], [ 13.6760526, 52.3585254 ], [ 13.6766277, 52.3588923 ], [ 13.6767822, 52.3591387 ], [ 13.6771503, 52.3603328 ], [ 13.6773542, 52.3613168 ], [ 13.6772141, 52.3616411 ], [ 13.6773616, 52.3618245 ], [ 13.6774421, 52.3617983 ], [ 13.6774823, 52.3618261 ], [ 13.6778069, 52.3615657 ], [ 13.6779839, 52.3616296 ], [ 13.6776486, 52.3619293 ], [ 13.6776467, 52.361964 ], [ 13.6777443, 52.362425 ], [ 13.6779748, 52.3626023 ], [ 13.6781502, 52.3626348 ], [ 13.67809, 52.362779599999989 ], [ 13.6782141, 52.362983499999984 ], [ 13.6787791, 52.363378399999988 ], [ 13.679483, 52.363860599999988 ], [ 13.6795945, 52.3638658 ], [ 13.6796857, 52.363825699999985 ], [ 13.6796325, 52.3635154 ], [ 13.679668, 52.3631874 ], [ 13.6800315, 52.362886 ], [ 13.6804215, 52.3626821 ], [ 13.6809978, 52.3626289 ], [ 13.6818045, 52.36262 ], [ 13.6825403, 52.3626377 ], [ 13.6831609, 52.36273520000001 ], [ 13.6837105, 52.3629391 ], [ 13.6843045, 52.3630721 ], [ 13.6847832, 52.3632938 ], [ 13.6852619, 52.3633558 ], [ 13.6858576, 52.3631075 ], [ 13.6860894, 52.3630656 ], [ 13.686467, 52.3631075 ], [ 13.6867417, 52.3630394 ], [ 13.6870704, 52.3628416 ], [ 13.6880811, 52.3624516 ], [ 13.6892069, 52.3623452 ], [ 13.6894649, 52.3622815 ], [ 13.6899252, 52.3621668 ], [ 13.6911387, 52.362051 ], [ 13.6918044, 52.3620784 ], [ 13.6925139, 52.3621756 ], [ 13.6930907, 52.362426 ], [ 13.6941219, 52.362597 ], [ 13.6942925, 52.3627721 ], [ 13.6944922, 52.3627942 ], [ 13.6946707, 52.3630212 ], [ 13.6947941, 52.363094699999984 ], [ 13.6948385, 52.3631781 ], [ 13.6949551, 52.3636142 ], [ 13.6950215, 52.363967100000011 ], [ 13.6949552, 52.36405520000001 ], [ 13.6952227, 52.3643449 ], [ 13.6952346, 52.3645708 ], [ 13.6951188, 52.3647586 ], [ 13.6950948, 52.364775 ], [ 13.6949084, 52.364892 ], [ 13.694854, 52.3649236 ], [ 13.6948652, 52.3649479 ], [ 13.6947494, 52.365043 ], [ 13.6946374, 52.3650745 ], [ 13.6944869, 52.3651037 ], [ 13.6944057, 52.3651034 ], [ 13.6940991, 52.3650628 ], [ 13.6939856, 52.3650633 ], [ 13.6937359, 52.3650143 ], [ 13.6935117, 52.3649893 ], [ 13.6934966, 52.364937 ], [ 13.6934531, 52.3649333 ], [ 13.6934182, 52.3649543 ], [ 13.6933752, 52.3649662 ], [ 13.6933308, 52.364960899999986 ], [ 13.6932908, 52.3649543 ], [ 13.6932387, 52.3649273 ], [ 13.6931146, 52.364749 ], [ 13.6930631, 52.3646966 ], [ 13.6930545, 52.3644398 ], [ 13.6929945, 52.3643454 ], [ 13.6928354, 52.3642733 ], [ 13.692634, 52.3642406 ], [ 13.6922306, 52.364387399999984 ], [ 13.6919387, 52.364466 ], [ 13.6915353, 52.364597 ], [ 13.6915353, 52.3646494 ], [ 13.6916555, 52.3646809 ], [ 13.6917523, 52.3647363 ], [ 13.6917266, 52.364820099999989 ], [ 13.6916064, 52.3649774 ], [ 13.6914605, 52.3652709 ], [ 13.6912545, 52.3656168 ], [ 13.6912116, 52.3660046 ], [ 13.6912116, 52.3663924 ], [ 13.6912974, 52.3664501 ], [ 13.6917249, 52.3666702 ], [ 13.6918401, 52.366688 ], [ 13.6918716, 52.3668996 ], [ 13.6919791, 52.3671667 ], [ 13.6914893, 52.3672652 ], [ 13.6909334, 52.3673507 ], [ 13.6907821, 52.367358599999989 ], [ 13.6906432, 52.3674325 ], [ 13.6906124, 52.3675437 ], [ 13.6905352, 52.367638 ], [ 13.6903292, 52.3677061 ], [ 13.6901016, 52.3677334 ], [ 13.6899171, 52.3676768 ], [ 13.689756, 52.3676217 ], [ 13.6896129, 52.367598099999988 ], [ 13.689477, 52.3676121 ], [ 13.6893828, 52.367548 ], [ 13.6890488, 52.3674166 ], [ 13.6886414, 52.3673333 ], [ 13.688224, 52.367255 ], [ 13.6877233, 52.36718110000001 ], [ 13.6873475, 52.3672073 ], [ 13.6870438, 52.367274199999983 ], [ 13.6869616, 52.3673972 ], [ 13.6869318, 52.3675045 ], [ 13.6868821, 52.3675825 ], [ 13.6867442, 52.3677389 ], [ 13.6859897, 52.3681461 ], [ 13.6857045, 52.3683071 ], [ 13.6853009, 52.368530499999984 ], [ 13.6848557, 52.3687332 ], [ 13.6848132, 52.3687162 ], [ 13.6847826, 52.3687322 ], [ 13.6847416, 52.3687365 ], [ 13.6845435, 52.3686957 ], [ 13.6844029, 52.3687039 ], [ 13.6825566, 52.3693559 ], [ 13.6822126, 52.3694126 ], [ 13.6817107, 52.3693987 ], [ 13.6816833, 52.3693979 ], [ 13.6811319, 52.369389399999989 ], [ 13.6805839, 52.3693552 ], [ 13.680116, 52.3692841 ], [ 13.6796701, 52.3692763 ], [ 13.6795108, 52.3693135 ], [ 13.679341, 52.3693381 ], [ 13.6791099, 52.3692889 ], [ 13.6789096, 52.3692262 ], [ 13.6787383, 52.3691626 ], [ 13.6784219, 52.369045199999988 ], [ 13.6781506, 52.3689501 ], [ 13.6780317, 52.3688416 ], [ 13.6779018, 52.3687227 ], [ 13.6774433, 52.3684305 ], [ 13.6771948, 52.3683103 ], [ 13.6765499, 52.3680643 ], [ 13.6763848, 52.36796420000001 ], [ 13.6759609, 52.367736 ], [ 13.6754692, 52.3675406 ], [ 13.6751406, 52.3673882 ], [ 13.6747157, 52.3672547 ], [ 13.6744654, 52.3671926 ], [ 13.6743355, 52.3672212 ], [ 13.6742474, 52.367237799999984 ], [ 13.6741551, 52.3672133 ], [ 13.6740456, 52.3671213 ], [ 13.6738482, 52.3670522 ], [ 13.6733697, 52.3670016 ], [ 13.6726941, 52.3668827 ], [ 13.6719182, 52.3666408 ], [ 13.6715958, 52.366508 ], [ 13.6712767, 52.3663398 ], [ 13.6709196, 52.3659138 ], [ 13.6706771, 52.365452199999986 ], [ 13.6705956, 52.3650838 ], [ 13.6704772, 52.3647681 ], [ 13.6702143, 52.3646597 ], [ 13.6696459, 52.3645367 ], [ 13.6689604, 52.3644125 ], [ 13.6687944, 52.364339 ], [ 13.6686588, 52.364260200000011 ], [ 13.6686175, 52.3642251 ], [ 13.6684542, 52.3640865 ], [ 13.6682025, 52.363851 ], [ 13.6679653, 52.363599799999989 ], [ 13.6676419, 52.3632547 ], [ 13.667236, 52.3628978 ], [ 13.6669638, 52.3625772 ], [ 13.6667345, 52.362263599999984 ], [ 13.666539, 52.3619077 ], [ 13.6664755, 52.3616059 ], [ 13.6664308, 52.3613679 ], [ 13.666423, 52.36109720000001 ], [ 13.6663432, 52.360792100000012 ], [ 13.6662756, 52.3607087 ], [ 13.6662548, 52.3606131 ], [ 13.66626, 52.3604236 ], [ 13.6661745, 52.360192499999989 ], [ 13.6660373, 52.3599366 ], [ 13.6659736, 52.3598402 ], [ 13.6658741, 52.3597604 ], [ 13.6658558, 52.3596004 ], [ 13.6659019, 52.359353699999986 ], [ 13.6659771, 52.3590781 ], [ 13.6661057, 52.3587984 ], [ 13.6661101, 52.3587461 ], [ 13.6661088, 52.35869910000001 ], [ 13.6661857, 52.3584061 ], [ 13.66623, 52.3583145 ], [ 13.6662678, 52.3582262 ], [ 13.6662738, 52.3581375 ] ] ] } },
{ "type": "Feature", "properties": { "name": "Krummes Fenn", "name_norm": "krummes fenn", "natural": "water", "water": "pond", "wikidata": "Q115830614", "area_sqkm": 0.0041695545545438932, "centroid_lon": 13.23090254479418, "centroid_lat": 52.424501982277171 }, "geometry": { "type": "Polygon", "coordinates": [ [ [ 13.2304246, 52.4252916 ], [ 13.2302996, 52.4253142 ], [ 13.230274, 52.4253115 ], [ 13.2302466, 52.4252701 ], [ 13.2302484, 52.4252168 ], [ 13.2302649, 52.4251628 ], [ 13.2302976, 52.4251023 ], [ 13.2303571, 52.4250153 ], [ 13.2304328, 52.424943 ], [ 13.2305269, 52.4248707 ], [ 13.2306656, 52.4247598 ], [ 13.2307368, 52.4246808 ], [ 13.2307747, 52.4245887 ], [ 13.2307833, 52.4245155 ], [ 13.2307642, 52.4244553 ], [ 13.230735, 52.4244036 ], [ 13.2306985, 52.42433290000001 ], [ 13.2306884, 52.4243084 ], [ 13.230693, 52.4242806 ], [ 13.230714, 52.4242449 ], [ 13.2307605, 52.424211 ], [ 13.2308507, 52.4241262 ], [ 13.2309248, 52.4240178 ], [ 13.2310097, 52.42390480000001 ], [ 13.2310885, 52.4238593 ], [ 13.2312553, 52.4238007 ], [ 13.2314305, 52.4237534 ], [ 13.2315492, 52.4237389 ], [ 13.231614, 52.423725 ], [ 13.2316797, 52.4236944 ], [ 13.2317254, 52.4236688 ], [ 13.2317464, 52.4236465 ], [ 13.2317692, 52.4236315 ], [ 13.2317945, 52.4236319 ], [ 13.2318139, 52.4236488 ], [ 13.2318121, 52.4236883 ], [ 13.2317774, 52.4237356 ], [ 13.2317348, 52.423771 ], [ 13.2316889, 52.4237896 ], [ 13.2316414, 52.4238002 ], [ 13.2315602, 52.4238135 ], [ 13.2314378, 52.4238286 ], [ 13.2313402, 52.4238625 ], [ 13.2312443, 52.4239126 ], [ 13.2311704, 52.4239699 ], [ 13.2311293, 52.4240122 ], [ 13.2311122, 52.4240403 ], [ 13.2311001, 52.4240835 ], [ 13.2311129, 52.4241258 ], [ 13.2311423, 52.4241789 ], [ 13.2312023, 52.4242555 ], [ 13.2312708, 52.4243145 ], [ 13.2313237, 52.4243551 ], [ 13.2313064, 52.4244153 ], [ 13.2312745, 52.4244542 ], [ 13.2310928, 52.4245906 ], [ 13.2310645, 52.4246362 ], [ 13.2310773, 52.4246858 ], [ 13.2310891, 52.4247142 ], [ 13.2310773, 52.4247515 ], [ 13.2310417, 52.4247821 ], [ 13.2310043, 52.4247952 ], [ 13.2308883, 52.424811 ], [ 13.2308126, 52.4248194 ], [ 13.2307733, 52.4248227 ], [ 13.2307367, 52.4248437 ], [ 13.2307012, 52.4248856 ], [ 13.230693, 52.4249246 ], [ 13.2306948, 52.4249964 ], [ 13.2306995, 52.4250664 ], [ 13.2306688, 52.4251216 ], [ 13.2306099, 52.4251946 ], [ 13.2305524, 52.425238 ], [ 13.2304931, 52.425268 ], [ 13.2304246, 52.4252916 ] ] ] } },
{ "type": "Feature", "properties": { "name": "Große Kaskade", "name_norm": "große kaskade", "natural": "water", "water": "pond", "wikidata": "Q118244240", "area_sqkm": 0.0003522031614647696, "centroid_lon": 13.289166485998697, "centroid_lat": 52.503380624781052 }, "geometry": { "type": "Polygon", "coordinates": [ [ [ 13.2892828, 52.5031706 ], [ 13.2892776, 52.5032149 ], [ 13.289276, 52.5032253 ], [ 13.289276, 52.5032279 ], [ 13.2892747, 52.5032304 ], [ 13.2892724, 52.5032326 ], [ 13.2892693, 52.5032342 ], [ 13.2892655, 52.5032352 ], [ 13.2892615, 52.503235599999982 ], [ 13.2892306, 52.5032339 ], [ 13.289193, 52.5034706 ], [ 13.2891895, 52.503492 ], [ 13.2891861, 52.5035123 ], [ 13.2892411, 52.5035154 ], [ 13.2892316, 52.50355 ], [ 13.2892248, 52.5035641 ], [ 13.2892138, 52.5035722 ], [ 13.2892015, 52.503577 ], [ 13.2891906, 52.5035791 ], [ 13.2891795, 52.50357970000001 ], [ 13.2891747, 52.5035911 ], [ 13.2890927, 52.5035872 ], [ 13.2890933, 52.5035765 ], [ 13.2890816, 52.5035744 ], [ 13.2890681, 52.5035695 ], [ 13.2890587, 52.5035636 ], [ 13.2890517, 52.5035564 ], [ 13.2890476, 52.50354750000001 ], [ 13.2890485, 52.5035045 ], [ 13.2891033, 52.5035076 ], [ 13.2891068, 52.503486700000011 ], [ 13.2891103, 52.5034655 ], [ 13.2891482, 52.5032295 ], [ 13.2891296, 52.5032285 ], [ 13.2891249, 52.503228 ], [ 13.2891206, 52.5032267 ], [ 13.2891172, 52.5032246 ], [ 13.2891151, 52.503222 ], [ 13.2891145, 52.5032191 ], [ 13.2891155, 52.5032078 ], [ 13.2891207, 52.5031636 ], [ 13.2892828, 52.5031706 ] ] ] } },
{ "type": "Feature", "properties": { "name": "Waldteich im Botanischen Volkspark", "name_norm": "waldteich im botanischen volkspark", "natural": "water", "water": "pond", "wikidata": null, "area_sqkm": 0.0013144739966264455, "centroid_lon": 13.39367586862169, "centroid_lat": 52.605789705778768 }, "geometry": { "type": "Polygon", "coordinates": [ [ [ 13.3933508, 52.6058522 ], [ 13.3933306, 52.6057217 ], [ 13.3933268, 52.6056784 ], [ 13.3933929, 52.6056491 ], [ 13.3935488, 52.6056518 ], [ 13.3938076, 52.6056469 ], [ 13.3939672, 52.60569490000001 ], [ 13.3940383, 52.6057943 ], [ 13.3939873, 52.6058855 ], [ 13.3938599, 52.6059498 ], [ 13.3936051, 52.6059368 ], [ 13.3934366, 52.6058939 ], [ 13.3933508, 52.6058522 ] ] ] } },
{ "type": "Feature", "properties": { "name": "Chinateich", "name_norm": "chinateich", "natural": "water", "water": "pond", "wikidata": null, "area_sqkm": 0.00029969624257495476, "centroid_lon": 13.305720153709125, "centroid_lat": 52.454988856410921 }, "geometry": { "type": "Polygon", "coordinates": [ [ [ 13.3056822, 52.455094099999982 ], [ 13.3056731, 52.4550669 ], [ 13.3056973, 52.4550488 ], [ 13.3057063, 52.4550288 ], [ 13.3057306, 52.4550214 ], [ 13.3057355, 52.4550088 ], [ 13.3057287, 52.4549916 ], [ 13.305699, 52.4549653 ], [ 13.3056664, 52.4549528 ], [ 13.3055667, 52.4549403 ], [ 13.3053943, 52.4549231 ], [ 13.305395, 52.4549134 ], [ 13.3053826, 52.4549033 ], [ 13.3055049, 52.4548998 ], [ 13.3056149, 52.4549016 ], [ 13.3057117, 52.4549073 ], [ 13.3057677, 52.4549223 ], [ 13.305874, 52.4549803 ], [ 13.305902, 52.4550112 ], [ 13.3058909, 52.455059399999989 ], [ 13.3058442, 52.455079499999982 ], [ 13.3057855, 52.4550955 ], [ 13.3057114, 52.4551071 ], [ 13.3056822, 52.455094099999982 ] ] ] } },
{ "type": "Feature", "properties": { "name": "Laake", "name_norm": "laake", "natural": "water", "water": "pond", "wikidata": null, "area_sqkm": 0.0012776654485018558, "centroid_lon": 13.489512071311591, "centroid_lat": 52.60147380250794 }, "geometry": { "type": "Polygon", "coordinates": [ [ [ 13.4890155, 52.6014474 ], [ 13.4889818, 52.6013373 ], [ 13.4890326, 52.60128550000001 ], [ 13.4891359, 52.6013071 ], [ 13.4893342, 52.6013486 ], [ 13.4895542, 52.6014132 ], [ 13.4898146, 52.6014686 ], [ 13.4901582, 52.6015457 ], [ 13.490133, 52.6016412 ], [ 13.4900127, 52.6016253 ], [ 13.4898163, 52.6015828 ], [ 13.4894207, 52.6015618 ], [ 13.4890155, 52.6014474 ] ] ] } },
{ "type": "Feature", "properties": { "name": "Wuhlebecken", "name_norm": "wuhlebecken", "natural": "water", "water": "lake", "wikidata": "Q655452", "area_sqkm": 0.035663499465747109, "centroid_lon": 13.562739331998735, "centroid_lat": 52.481965257276137 }, "geometry": { "type": "Polygon", "coordinates": [ [ [ 13.563483, 52.4839026 ], [ 13.5634537, 52.484017 ], [ 13.56347, 52.4842305 ], [ 13.5634114, 52.4842384 ], [ 13.5633572, 52.484244099999984 ], [ 13.5633506, 52.4842294 ], [ 13.563275, 52.4841238 ], [ 13.563037, 52.4840661 ], [ 13.5628476, 52.4839799 ], [ 13.5626638, 52.4838312 ], [ 13.5624354, 52.483631 ], [ 13.5623377, 52.4835087 ], [ 13.5622651, 52.483350399999985 ], [ 13.562091, 52.482318 ], [ 13.5619602, 52.4814479 ], [ 13.5619553, 52.481025099999989 ], [ 13.5620152, 52.4806593 ], [ 13.5620847, 52.4804855 ], [ 13.5622699, 52.4802899 ], [ 13.5623815, 52.4801383 ], [ 13.5626047, 52.4799919 ], [ 13.5628912, 52.4798907 ], [ 13.5629308, 52.4798351 ], [ 13.5629139, 52.479795 ], [ 13.5629978, 52.4797955 ], [ 13.563132, 52.4797964 ], [ 13.5631316, 52.4798294 ], [ 13.56328, 52.4798367 ], [ 13.5632614, 52.480170899999983 ], [ 13.563298, 52.4808071 ], [ 13.5631969, 52.4811306 ], [ 13.563131, 52.4813296 ], [ 13.5631864, 52.4816435 ], [ 13.5632039, 52.4819163 ], [ 13.5633179, 52.4824877 ], [ 13.5633901, 52.4827797 ], [ 13.563476, 52.4830109 ], [ 13.5634505, 52.4833873 ], [ 13.5634367, 52.4837451 ], [ 13.563483, 52.4839026 ] ] ] } },
{ "type": "Feature", "properties": { "name": "Klarensee", "name_norm": "klarensee", "natural": "water", "water": "pond", "wikidata": null, "area_sqkm": 0.0064221354460179611, "centroid_lon": 13.38325752139073, "centroid_lat": 52.463001160410926 }, "geometry": { "type": "Polygon", "coordinates": [ [ [ 13.3845268, 52.4633374 ], [ 13.3845391, 52.4633513 ], [ 13.3845453, 52.4633687 ], [ 13.3845441, 52.4634011 ], [ 13.3845406, 52.4634387 ], [ 13.3845274, 52.4634679 ], [ 13.3845066, 52.4634932 ], [ 13.384472, 52.4635115 ], [ 13.3844154, 52.4635235 ], [ 13.3843605, 52.4635344 ], [ 13.3843219, 52.463546 ], [ 13.3842779, 52.4635451 ], [ 13.3842164, 52.46354250000001 ], [ 13.3840834, 52.4635409 ], [ 13.3839791, 52.4635244 ], [ 13.3839212, 52.4635147 ], [ 13.3838584, 52.4634905 ], [ 13.3837354, 52.4634385 ], [ 13.3836765, 52.4634099 ], [ 13.3836188, 52.4633737 ], [ 13.3835604, 52.4633357 ], [ 13.3835472, 52.4633213 ], [ 13.3835299, 52.4632949 ], [ 13.3835249, 52.4632361 ], [ 13.3835203, 52.46323 ], [ 13.3834799, 52.463206599999985 ], [ 13.3834254, 52.463192 ], [ 13.3833515, 52.463188 ], [ 13.3832868, 52.4631797 ], [ 13.3831584, 52.4631591 ], [ 13.3830389, 52.4631357 ], [ 13.3830031, 52.4631255 ], [ 13.3829704, 52.4631141 ], [ 13.3828475, 52.4630452 ], [ 13.3828057, 52.4630345 ], [ 13.382774, 52.4630344 ], [ 13.3827368, 52.4630432 ], [ 13.3826833, 52.4630721 ], [ 13.3826489, 52.4630784 ], [ 13.3826119, 52.4630811 ], [ 13.3824922, 52.4630708 ], [ 13.3824325, 52.4630634 ], [ 13.3823433, 52.4630316 ], [ 13.3823257, 52.4630176 ], [ 13.3823084, 52.4629847 ], [ 13.3822957, 52.4629166 ], [ 13.3822968, 52.4628751 ], [ 13.3823196, 52.4627882 ], [ 13.3823332, 52.4627508 ], [ 13.3823414, 52.46275109999997 ], [ 13.3823485, 52.4627569 ], [ 13.3823557, 52.4627601 ], [ 13.3823607, 52.4627611 ], [ 13.3823755, 52.4627612 ], [ 13.3823833, 52.4627578 ], [ 13.3823903, 52.462751099999984 ], [ 13.3823975, 52.4627537 ], [ 13.3824048, 52.4627534 ], [ 13.3824101, 52.4627517 ], [ 13.3824157, 52.4627478 ], [ 13.3824169, 52.4627444 ], [ 13.3824154, 52.462740799999985 ], [ 13.3824139, 52.4627384 ], [ 13.3824114, 52.462736399999976 ], [ 13.3824304, 52.4627254 ], [ 13.3824597, 52.4627085 ], [ 13.3824696, 52.462702 ], [ 13.3824965, 52.4626755 ], [ 13.3824602, 52.462665 ], [ 13.3824664, 52.4626544 ], [ 13.3824707, 52.462643199999988 ], [ 13.3824685, 52.4626346 ], [ 13.3825338, 52.4626033 ], [ 13.3826126, 52.4625714 ], [ 13.3827058, 52.4625406 ], [ 13.3827363, 52.4625354 ], [ 13.3827767, 52.462529699999983 ], [ 13.3828653, 52.4625187 ], [ 13.3829419, 52.4625209 ], [ 13.3830268, 52.4625238 ], [ 13.3830561, 52.4625263 ], [ 13.3830924, 52.4625298 ], [ 13.3831715, 52.4625409 ], [ 13.3832111, 52.4625581 ], [ 13.3832347, 52.462570099999986 ], [ 13.3833026, 52.4626114 ], [ 13.3833659, 52.4626537 ], [ 13.3834233, 52.4627051 ], [ 13.3834687, 52.4627617 ], [ 13.3834877, 52.4628014 ], [ 13.3834984, 52.46283780000001 ], [ 13.3834889, 52.4628943 ], [ 13.3834773, 52.462981 ], [ 13.3834661, 52.4630443 ], [ 13.3834632, 52.4630722 ], [ 13.3834537, 52.4631132 ], [ 13.3834451, 52.4631292 ], [ 13.3834518, 52.4631486 ], [ 13.3834713, 52.4631554 ], [ 13.3835186, 52.4631706 ], [ 13.3835496, 52.4631568 ], [ 13.3835781, 52.463132299999984 ], [ 13.3836671, 52.463132 ], [ 13.3837033, 52.4631336 ], [ 13.3837279, 52.4631429 ], [ 13.3837847, 52.4631663 ], [ 13.3838316, 52.4631886 ], [ 13.3838732, 52.463211099999988 ], [ 13.383942, 52.4632486 ], [ 13.3839688, 52.4632621 ], [ 13.383999, 52.4632721 ], [ 13.3840206, 52.4632788 ], [ 13.3841086, 52.4632888 ], [ 13.3842122, 52.4632917 ], [ 13.3843236, 52.46329 ], [ 13.3843414, 52.4632911 ], [ 13.3844287, 52.4633058 ], [ 13.3844482, 52.4633082 ], [ 13.3844766, 52.4633156 ], [ 13.3845065, 52.463326 ], [ 13.3845268, 52.4633374 ] ] ] } },
{ "type": "Feature", "properties": { "name": "Amtsteich", "name_norm": "amtsteich", "natural": "water", "water": "pond", "wikidata": null, "area_sqkm": 0.0010015940459875232, "centroid_lon": 13.599146618025435, "centroid_lat": 52.448331647004856 }, "geometry": { "type": "Polygon", "coordinates": [ [ [ 13.5991178, 52.4485148 ], [ 13.5990604, 52.4484584 ], [ 13.5990293, 52.44842460000001 ], [ 13.5990186, 52.4484041 ], [ 13.598929, 52.4482403 ], [ 13.5989219, 52.448196599999989 ], [ 13.5989275, 52.4481503 ], [ 13.5989464, 52.448105 ], [ 13.5989656, 52.4481019 ], [ 13.5990595, 52.4481215 ], [ 13.599144, 52.4481474 ], [ 13.5992147, 52.4481764 ], [ 13.5992793, 52.4482126 ], [ 13.5993119, 52.44825130000001 ], [ 13.5993352, 52.4483137 ], [ 13.5993332, 52.448388 ], [ 13.599338, 52.4484954 ], [ 13.5993225, 52.4485179 ], [ 13.5992998, 52.4485685 ], [ 13.5992786, 52.448578 ], [ 13.5992598, 52.4485784 ], [ 13.5992282, 52.4485779 ], [ 13.5991876, 52.4485673 ], [ 13.5991563, 52.448551 ], [ 13.5991178, 52.4485148 ] ] ] } },
{ "type": "Feature", "properties": { "name": "Vierrutenteich", "name_norm": "vierrutenteich", "natural": "water", "water": "pond", "wikidata": null, "area_sqkm": 0.00057692168465627372, "centroid_lon": 13.334414338630488, "centroid_lat": 52.612312369461634 }, "geometry": { "type": "Polygon", "coordinates": [ [ [ 13.3345386, 52.6124309 ], [ 13.3344804, 52.612439500000015 ], [ 13.3344141, 52.6124349 ], [ 13.3343725, 52.6124144 ], [ 13.3343269, 52.6123727 ], [ 13.3341059, 52.6122345 ], [ 13.3341845, 52.6122317 ], [ 13.3343765, 52.612184299999988 ], [ 13.3345767, 52.612264 ], [ 13.3346434, 52.61237520000001 ], [ 13.3345976, 52.6124332 ], [ 13.3345386, 52.6124309 ] ] ] } },
{ "type": "Feature", "properties": { "name": "Bräuningbecken", "name_norm": "brauningbecken", "natural": "water", "water": "pond", "wikidata": null, "area_sqkm": 0.0013731254508509338, "centroid_lon": 13.334640510327484, "centroid_lat": 52.61181159198604 }, "geometry": { "type": "Polygon", "coordinates": [ [ [ 13.3350214, 52.6118296 ], [ 13.3349866, 52.6118572 ], [ 13.3348967, 52.6118953 ], [ 13.334647, 52.6119692 ], [ 13.3344486, 52.6119698 ], [ 13.3342995, 52.611936 ], [ 13.3342834, 52.6118503 ], [ 13.3343111, 52.611814199999984 ], [ 13.3343361, 52.6117903 ], [ 13.3343495, 52.6117739 ], [ 13.334358, 52.6116836 ], [ 13.3343856, 52.6116619 ], [ 13.3344637, 52.611648 ], [ 13.3347556, 52.6116918 ], [ 13.3350579, 52.6117068 ], [ 13.335051, 52.6117819 ], [ 13.3350214, 52.6118296 ] ] ] } },
{ "type": "Feature", "properties": { "name": "Seerosenbecken", "name_norm": "seerosenbecken", "natural": "water", "water": "pond", "wikidata": null, "area_sqkm": 9.9397559642224324e-05, "centroid_lon": 13.405452392357811, "centroid_lat": 52.578754871466906 }, "geometry": { "type": "Polygon", "coordinates": [ [ [ 13.405362, 52.5788553 ], [ 13.4054879, 52.5786425 ], [ 13.4055428, 52.5786545 ], [ 13.4054168, 52.578867299999985 ], [ 13.405362, 52.5788553 ] ] ] } },
{ "type": "Feature", "properties": { "name": "Türkenpfuhl", "name_norm": "turkenpfuhl", "natural": "water", "water": "pond", "wikidata": null, "area_sqkm": 0.0038483417675139239, "centroid_lon": 13.407916188971143, "centroid_lat": 52.441105362264217 }, "geometry": { "type": "Polygon", "coordinates": [ [ [ 13.4076777, 52.440867 ], [ 13.4080277, 52.440867 ], [ 13.4084318, 52.4408859 ], [ 13.4084537, 52.4409435 ], [ 13.4084803, 52.4411237 ], [ 13.4084755, 52.4412267 ], [ 13.4083705, 52.4413179 ], [ 13.4082619, 52.4413525 ], [ 13.4080675, 52.4413724 ], [ 13.4078431, 52.4413613 ], [ 13.4075425, 52.4413054 ], [ 13.4074013, 52.4412606 ], [ 13.4073265, 52.4411222 ], [ 13.4072988, 52.4409611 ], [ 13.4074207, 52.4409067 ], [ 13.4076777, 52.440867 ] ] ] } },
{ "type": "Feature", "properties": { "name": "Wilhelmsteich", "name_norm": "wilhelmsteich", "natural": "water", "water": "pond", "wikidata": "Q59786232", "area_sqkm": 0.0016975590993213744, "centroid_lon": 13.382782879775196, "centroid_lat": 52.464179418264102 }, "geometry": { "type": "Polygon", "coordinates": [ [ [ 13.3831288, 52.4639291 ], [ 13.3831747, 52.4639368 ], [ 13.3832053, 52.4639472 ], [ 13.3832188, 52.4639534 ], [ 13.3832393, 52.4639671 ], [ 13.3832601, 52.4639896 ], [ 13.3832745, 52.4640103 ], [ 13.3832823, 52.4640344 ], [ 13.383278, 52.4640708 ], [ 13.3832644, 52.4640916 ], [ 13.3832558, 52.464099799999985 ], [ 13.3832307, 52.4641127 ], [ 13.3831813, 52.4641271 ], [ 13.3831256, 52.4641401 ], [ 13.3830615, 52.4641637 ], [ 13.38303, 52.4641786 ], [ 13.3829293, 52.464250199999988 ], [ 13.3828517, 52.4642982 ], [ 13.3827934, 52.4643265 ], [ 13.382714, 52.4643536 ], [ 13.3825656, 52.464392499999988 ], [ 13.3825192, 52.4644041 ], [ 13.3824545, 52.464413 ], [ 13.3823772, 52.4644127 ], [ 13.3823114, 52.4644088 ], [ 13.3822539, 52.4644035 ], [ 13.3822363, 52.4644009 ], [ 13.3822112, 52.4643886 ], [ 13.3821895, 52.464368 ], [ 13.3821855, 52.4643582 ], [ 13.3821855, 52.4643427 ], [ 13.3821924, 52.4643249 ], [ 13.3822135, 52.4643065 ], [ 13.3822395, 52.464293799999986 ], [ 13.3823344, 52.464282 ], [ 13.3823728, 52.4642717 ], [ 13.3824164, 52.4642567 ], [ 13.3824675, 52.4642323 ], [ 13.3825622, 52.4641874 ], [ 13.3826877, 52.4641285 ], [ 13.3827472, 52.4640988 ], [ 13.3827899, 52.4640698 ], [ 13.3828303, 52.4640269 ], [ 13.3828684, 52.4639801 ], [ 13.3829022, 52.4639411 ], [ 13.3829097, 52.4639331 ], [ 13.3829204, 52.4639291 ], [ 13.3829426, 52.4639261 ], [ 13.3830098, 52.4639221 ], [ 13.3830808, 52.4639242 ], [ 13.3831288, 52.4639291 ] ] ] } },
{ "type": "Feature", "properties": { "name": "Francketeich", "name_norm": "francketeich", "natural": "water", "water": "pond", "wikidata": "Q59786224", "area_sqkm": 0.00046120655704556037, "centroid_lon": 13.389766685584197, "centroid_lat": 52.461005769239904 }, "geometry": { "type": "Polygon", "coordinates": [ [ [ 13.389896, 52.4609184 ], [ 13.3899341, 52.4609449 ], [ 13.3899627, 52.4609802 ], [ 13.3899664, 52.4610157 ], [ 13.3899482, 52.461041 ], [ 13.3899293, 52.4610578 ], [ 13.389897, 52.4610765 ], [ 13.3898444, 52.4610906 ], [ 13.3897293, 52.46109580000001 ], [ 13.3896368, 52.4610896 ], [ 13.3896052, 52.4610855 ], [ 13.3895876, 52.461079599999984 ], [ 13.3895735, 52.4610713 ], [ 13.3895583, 52.461059199999987 ], [ 13.3895485, 52.4610387 ], [ 13.3895516, 52.461021 ], [ 13.3895644, 52.4610044 ], [ 13.3896159, 52.460967 ], [ 13.3896793, 52.4609327 ], [ 13.3897342, 52.460911 ], [ 13.3897844, 52.4609021 ], [ 13.3898407, 52.4609011 ], [ 13.3898653, 52.4609058 ], [ 13.389896, 52.4609184 ] ] ] } },
{ "type": "Feature", "properties": { "name": "Hambuttenpfuhl", "name_norm": "hambuttenpfuhl", "natural": "water", "water": "pond", "wikidata": null, "area_sqkm": 0.0029079453105818266, "centroid_lon": 13.35328012217782, "centroid_lat": 52.450291770352635 }, "geometry": { "type": "Polygon", "coordinates": [ [ [ 13.3529955, 52.4503862 ], [ 13.3531073, 52.4501886 ], [ 13.3532039, 52.4500714 ], [ 13.3532432, 52.449740699999985 ], [ 13.3532764, 52.4497094 ], [ 13.3533892, 52.4497124 ], [ 13.3534284, 52.449745 ], [ 13.3534536, 52.4500051 ], [ 13.3535019, 52.4501002 ], [ 13.3536167, 52.4502205 ], [ 13.35367, 52.450334 ], [ 13.3535321, 52.450396 ], [ 13.3533216, 52.4506355 ], [ 13.3532351, 52.4507347 ], [ 13.3531626, 52.4507531 ], [ 13.353073, 52.4507506 ], [ 13.3529693, 52.4506905 ], [ 13.3529411, 52.4505831 ], [ 13.3529955, 52.4503862 ] ] ] } },
{ "type": "Feature", "properties": { "name": "Buckower Dorfteich", "name_norm": "buckower dorfteich", "natural": "water", "water": "pond", "wikidata": null, "area_sqkm": 0.0024372630831581347, "centroid_lon": 13.431885411989724, "centroid_lat": 52.422318191545436 }, "geometry": { "type": "Polygon", "coordinates": [ [ [ 13.4320367, 52.4225795 ], [ 13.431937, 52.4225694 ], [ 13.4317897, 52.4225326 ], [ 13.4316919, 52.4225026 ], [ 13.4315702, 52.4224436 ], [ 13.4315187, 52.422404899999982 ], [ 13.4314938, 52.4223782 ], [ 13.4314638, 52.4223404 ], [ 13.4314514, 52.4222747 ], [ 13.4314679, 52.4222375 ], [ 13.4315245, 52.4221621 ], [ 13.4316252, 52.422072899999989 ], [ 13.4316671, 52.4220564 ], [ 13.4317113, 52.422056299999987 ], [ 13.4317855, 52.4220672 ], [ 13.4319889, 52.4221158 ], [ 13.4322748, 52.422208 ], [ 13.4323103, 52.422220400000015 ], [ 13.4323013, 52.422341299999985 ], [ 13.4322414, 52.42247480000001 ], [ 13.4322118, 52.422510699999989 ], [ 13.4321613, 52.4225472 ], [ 13.432099, 52.4225713 ], [ 13.4320367, 52.4225795 ] ] ] } },
{ "type": "Feature", "properties": { "name": "Torfstich", "name_norm": "torfstich", "natural": "water", "water": "pond", "wikidata": null, "area_sqkm": 0.002252642283220935, "centroid_lon": 13.488348337567148, "centroid_lat": 52.582709637686314 }, "geometry": { "type": "Polygon", "coordinates": [ [ [ 13.4888525, 52.5828565 ], [ 13.4881061, 52.582892 ], [ 13.4876738, 52.5825831 ], [ 13.4888072, 52.5825476 ], [ 13.4888525, 52.5828565 ] ] ] } },
{ "type": "Feature", "properties": { "name": "Pilzteich", "name_norm": "pilzteich", "natural": "water", "water": "pond", "wikidata": null, "area_sqkm": 0.0014955911619630733, "centroid_lon": 13.303014001706904, "centroid_lat": 52.643430850983776 }, "geometry": { "type": "Polygon", "coordinates": [ [ [ 13.3027609, 52.6433016 ], [ 13.3030901, 52.6433129 ], [ 13.3033029, 52.643329 ], [ 13.3033612, 52.6433463 ], [ 13.3034253, 52.6433869 ], [ 13.3034447, 52.6434229 ], [ 13.3034422, 52.64351090000001 ], [ 13.3034077, 52.643548099999983 ], [ 13.3033197, 52.6435826 ], [ 13.303204, 52.643584 ], [ 13.3030787, 52.6435752 ], [ 13.3029391, 52.643552799999981 ], [ 13.3027536, 52.6435018 ], [ 13.3025798, 52.6434361 ], [ 13.3024887, 52.6433918 ], [ 13.3024714, 52.643366 ], [ 13.302491, 52.6433412 ], [ 13.3025622, 52.6433245 ], [ 13.30268, 52.6433074 ], [ 13.3027609, 52.6433016 ] ] ] } },
{ "type": "Feature", "properties": { "name": "Weißer See", "name_norm": "weißer see", "natural": "water", "water": "lake", "wikidata": "Q2557099", "area_sqkm": 0.081539852750302275, "centroid_lon": 13.463586704802875, "centroid_lat": 52.554204194151438 }, "geometry": { "type": "Polygon", "coordinates": [ [ [ 13.4611723, 52.5543235 ], [ 13.4611976, 52.5543162 ], [ 13.4612255, 52.554293499999986 ], [ 13.4612318, 52.5542466 ], [ 13.4612634, 52.5541643 ], [ 13.4613128, 52.5541208 ], [ 13.46134, 52.5541043 ], [ 13.4613716, 52.5540839 ], [ 13.4614007, 52.5540631 ], [ 13.4614134, 52.554047 ], [ 13.4614115, 52.5540196 ], [ 13.4613742, 52.5539789 ], [ 13.4613432, 52.5539266 ], [ 13.4613337, 52.553865 ], [ 13.4613406, 52.55379270000001 ], [ 13.4613501, 52.5537088 ], [ 13.4613732, 52.5536321 ], [ 13.4614263, 52.5535577 ], [ 13.4615121, 52.5534665 ], [ 13.4615861, 52.553410299999989 ], [ 13.4616184, 52.5533934 ], [ 13.4616785, 52.5533776 ], [ 13.4617537, 52.5533584 ], [ 13.4617917, 52.5533338 ], [ 13.4618942, 52.55327530000001 ], [ 13.4619423, 52.5532461 ], [ 13.4620169, 52.5532165 ], [ 13.4620865, 52.5531899 ], [ 13.4621447, 52.5531638 ], [ 13.4622055, 52.553137199999988 ], [ 13.4623244, 52.553083 ], [ 13.4623643, 52.5530537 ], [ 13.4624478, 52.5530253 ], [ 13.4625072, 52.5530007 ], [ 13.4625642, 52.5529841 ], [ 13.4626167, 52.552958 ], [ 13.4626711, 52.5529295 ], [ 13.4627654, 52.5528891 ], [ 13.4628558, 52.5528583 ], [ 13.4629912, 52.5527943 ], [ 13.4630956, 52.5527687 ], [ 13.4631601, 52.552751 ], [ 13.4632614, 52.5527268 ], [ 13.4632987, 52.5527168 ], [ 13.463355, 52.5526945 ], [ 13.4634746, 52.5526587 ], [ 13.4635195, 52.5526448 ], [ 13.463572, 52.5526225 ], [ 13.4636125, 52.5525987 ], [ 13.4637284, 52.5525646 ], [ 13.4638472, 52.5525394 ], [ 13.4640307, 52.5525198 ], [ 13.4641907, 52.5525252 ], [ 13.4643717, 52.552540199999989 ], [ 13.4644571, 52.5525537 ], [ 13.4646121, 52.5525848 ], [ 13.4647158, 52.5526214 ], [ 13.4648664, 52.5526845 ], [ 13.4649107, 52.5527279 ], [ 13.4649569, 52.5527941 ], [ 13.4650815, 52.5530064 ], [ 13.4651694, 52.5531326 ], [ 13.465215, 52.553183 ], [ 13.4652713, 52.5532088 ], [ 13.4653554, 52.5532253 ], [ 13.4653845, 52.5532653 ], [ 13.4654004, 52.553328 ], [ 13.4654035, 52.5533772 ], [ 13.4653772, 52.5534592 ], [ 13.465017, 52.5535257 ], [ 13.4651846, 52.5538922 ], [ 13.4654086, 52.553857 ], [ 13.4655087, 52.5540684 ], [ 13.465306, 52.5541087 ], [ 13.4654689, 52.5544465 ], [ 13.4657922, 52.5543863 ], [ 13.4658482, 52.5543764 ], [ 13.4658628, 52.5544116 ], [ 13.4659223, 52.554537 ], [ 13.4659305, 52.5545947 ], [ 13.4659419, 52.5547259 ], [ 13.4659362, 52.5548032 ], [ 13.4659267, 52.554832 ], [ 13.4659021, 52.5548974 ], [ 13.4658502, 52.555042799999988 ], [ 13.4657882, 52.5551225 ], [ 13.4657584, 52.55515590000001 ], [ 13.4656635, 52.555240499999982 ], [ 13.4656041, 52.5553036 ], [ 13.4655388, 52.555359 ], [ 13.4654484, 52.5554229 ], [ 13.4653498, 52.5554736 ], [ 13.4652599, 52.5555133 ], [ 13.4651707, 52.5555521 ], [ 13.4651055, 52.5555713 ], [ 13.4650151, 52.5555986 ], [ 13.4649302, 52.5556104 ], [ 13.4648512, 52.5556148 ], [ 13.4647551, 52.555621699999989 ], [ 13.4646178, 52.5556267 ], [ 13.4644761, 52.5556233 ], [ 13.4643641, 52.5556167 ], [ 13.4642806, 52.5556102 ], [ 13.46418, 52.5556006 ], [ 13.4639782, 52.5555813 ], [ 13.4638776, 52.5555767 ], [ 13.4637846, 52.5555771 ], [ 13.4635859, 52.555574 ], [ 13.4634246, 52.555564 ], [ 13.4631513, 52.5555552 ], [ 13.4630703, 52.5555548 ], [ 13.4629817, 52.5555529 ], [ 13.4627622, 52.5555444 ], [ 13.462666, 52.5555313 ], [ 13.4625781, 52.5555133 ], [ 13.4623029, 52.5554548 ], [ 13.4622219, 52.5554306 ], [ 13.4621314, 52.5554029 ], [ 13.4620202, 52.5553726 ], [ 13.4619951, 52.5553731 ], [ 13.4619762, 52.5553778 ], [ 13.4619645, 52.5553744 ], [ 13.4619535, 52.5553712 ], [ 13.4619678, 52.5553531 ], [ 13.4617796, 52.555298199999989 ], [ 13.4617544, 52.5552578 ], [ 13.4616993, 52.5551686 ], [ 13.4616576, 52.5551009 ], [ 13.4616462, 52.5550648 ], [ 13.4616335, 52.555033199999983 ], [ 13.4616247, 52.555003199999987 ], [ 13.4616082, 52.5549655 ], [ 13.4616032, 52.554937 ], [ 13.4615817, 52.5548886 ], [ 13.4615178, 52.5547982 ], [ 13.4614944, 52.554772 ], [ 13.4614937, 52.5547582 ], [ 13.4614963, 52.5547451 ], [ 13.4614554, 52.5546947 ], [ 13.4614092, 52.5546377 ], [ 13.4613704, 52.5546047 ], [ 13.4613522, 52.554581699999986 ], [ 13.4611741, 52.5543304 ], [ 13.4611723, 52.5543235 ] ] ] } },
{ "type": "Feature", "properties": { "name": "Weltenmeer", "name_norm": "weltenmeer", "natural": "water", "water": "pond", "wikidata": null, "area_sqkm": 4.7300295093129068e-05, "centroid_lon": 13.441962020870839, "centroid_lat": 52.474981854180228 }, "geometry": { "type": "Polygon", "coordinates": [ [ [ 13.4419763, 52.4749312 ], [ 13.4419953, 52.4749332 ], [ 13.4420132, 52.4749372 ], [ 13.4420233, 52.4749442 ], [ 13.4420242, 52.4749498 ], [ 13.4420204, 52.4749568 ], [ 13.442015, 52.4749615 ], [ 13.4419957, 52.4749824 ], [ 13.4419898, 52.4749927 ], [ 13.4419855, 52.4750022 ], [ 13.4419809, 52.4750091 ], [ 13.4419784, 52.4750129 ], [ 13.4419703, 52.4750195 ], [ 13.4419582, 52.475025399999986 ], [ 13.4419491, 52.4750271 ], [ 13.4419391, 52.4750273 ], [ 13.4419294, 52.4750265 ], [ 13.44192, 52.4750245 ], [ 13.4419125, 52.4750214 ], [ 13.4419082, 52.4750172 ], [ 13.4419052, 52.4750123 ], [ 13.4419048, 52.4750038 ], [ 13.4419062, 52.474998699999986 ], [ 13.441909, 52.4749903 ], [ 13.4419126, 52.474982 ], [ 13.4419161, 52.474976599999984 ], [ 13.441921, 52.4749705 ], [ 13.4419302, 52.4749698 ], [ 13.441943, 52.4749682 ], [ 13.4419578, 52.474967 ], [ 13.4419672, 52.4749636 ], [ 13.4419699, 52.474957099999983 ], [ 13.4419658, 52.4749482 ], [ 13.4419609, 52.4749399 ], [ 13.4419636, 52.474932699999982 ], [ 13.4419763, 52.4749312 ] ] ] } },
{ "type": "Feature", "properties": { "name": "Griebnitzsee", "name_norm": "griebnitzsee", "natural": "water", "water": "lake", "wikidata": "Q896125", "area_sqkm": 0.56993074609502115, "centroid_lon": 13.122555274321437, "centroid_lat": 52.401097068892767 }, "geometry": { "type": "Polygon", "coordinates": [ [ [ 13.12599, 52.397362 ], [ 13.1257626, 52.3975024 ], [ 13.1254045, 52.3979059 ], [ 13.1248947, 52.3983803 ], [ 13.124475, 52.3987167 ], [ 13.1242497, 52.3988282 ], [ 13.1238448, 52.3989824 ], [ 13.1234312, 52.3990639 ], [ 13.1230015, 52.3991851 ], [ 13.1225965, 52.399302 ], [ 13.1220536, 52.399562 ], [ 13.1217162, 52.3997472 ], [ 13.1212748, 52.3999579 ], [ 13.120997, 52.40007640000001 ], [ 13.1208105, 52.4001203 ], [ 13.1206, 52.4002169 ], [ 13.1205164, 52.4003529 ], [ 13.1204072, 52.4004875 ], [ 13.1203931, 52.4006314 ], [ 13.1203386, 52.4007833 ], [ 13.1202191, 52.4010101 ], [ 13.1201085, 52.401145 ], [ 13.1199246, 52.4013299 ], [ 13.1196817, 52.4014913 ], [ 13.1194391, 52.4017767 ], [ 13.119174, 52.402177 ], [ 13.1191914, 52.4022474 ], [ 13.118959, 52.4023933 ], [ 13.1187852, 52.4024127 ], [ 13.1183512, 52.4026424 ], [ 13.1181772, 52.4026742 ], [ 13.1177815, 52.4026586 ], [ 13.1173937, 52.4026673 ], [ 13.1171678, 52.4026995 ], [ 13.1169876, 52.4027276 ], [ 13.116843, 52.4027699 ], [ 13.1166995, 52.4027928 ], [ 13.1164949, 52.4029699 ], [ 13.1160801, 52.4033492 ], [ 13.1159555, 52.403379799999989 ], [ 13.1159094, 52.4034194 ], [ 13.1157022, 52.403535 ], [ 13.1153711, 52.4037119 ], [ 13.1150054, 52.40387960000001 ], [ 13.1147031, 52.4039955 ], [ 13.114349, 52.4040808 ], [ 13.1141377, 52.404162199999988 ], [ 13.113713, 52.4042923 ], [ 13.1133404, 52.4043933 ], [ 13.11304, 52.4044849 ], [ 13.112723, 52.40452530000001 ], [ 13.1125602, 52.4045057 ], [ 13.1123862, 52.40454230000001 ], [ 13.1122317, 52.4046074 ], [ 13.1122144, 52.4046861 ], [ 13.1122348, 52.4048497 ], [ 13.1123465, 52.4054002 ], [ 13.1123018, 52.4055502 ], [ 13.1123706, 52.405615699999984 ], [ 13.1124026, 52.4057091 ], [ 13.1122717, 52.405870299999989 ], [ 13.1117734, 52.4063336 ], [ 13.1115603, 52.4065209 ], [ 13.1111215, 52.4068688 ], [ 13.1105155, 52.4072056 ], [ 13.1100009, 52.4074568 ], [ 13.1095632, 52.4077203 ], [ 13.109343, 52.4078275 ], [ 13.1092424, 52.4078822 ], [ 13.1092354, 52.407886499999989 ], [ 13.1092101, 52.4079126 ], [ 13.1090888, 52.4079347 ], [ 13.1086019, 52.4079436 ], [ 13.1080791, 52.4080232 ], [ 13.1079832, 52.4080393 ], [ 13.1077195, 52.4081388 ], [ 13.1074541, 52.4082251 ], [ 13.1072291, 52.4082983 ], [ 13.1069089, 52.4082953 ], [ 13.1067057, 52.408295099999989 ], [ 13.1064797, 52.4083107 ], [ 13.1062792, 52.408326699999989 ], [ 13.106265, 52.4083253 ], [ 13.1062483, 52.4083223 ], [ 13.1062337, 52.4083205 ], [ 13.1060539, 52.408297699999984 ], [ 13.105795, 52.4082958 ], [ 13.1056544, 52.408287899999983 ], [ 13.1056514, 52.4082874 ], [ 13.1055931, 52.4082777 ], [ 13.1055458, 52.4082775 ], [ 13.1054713, 52.4082733 ], [ 13.1054207, 52.4082687 ], [ 13.1053937, 52.4082629 ], [ 13.1053489, 52.4082585 ], [ 13.1052887, 52.4082615 ], [ 13.1052444, 52.4082708 ], [ 13.1049439, 52.4082727 ], [ 13.1049297, 52.4082202 ], [ 13.1048928, 52.4082133 ], [ 13.1048014, 52.4081511 ], [ 13.1047785, 52.408128100000013 ], [ 13.1046674, 52.4080606 ], [ 13.1045412, 52.4080315 ], [ 13.1043992, 52.4080062 ], [ 13.1040363, 52.4080486 ], [ 13.1038524, 52.4080199 ], [ 13.1037636, 52.4080369 ], [ 13.1037335, 52.40795 ], [ 13.1037135, 52.4078583 ], [ 13.1039777, 52.4076953 ], [ 13.1041289, 52.4075238 ], [ 13.1043308, 52.407311 ], [ 13.1044625, 52.4072141 ], [ 13.1052189, 52.407018 ], [ 13.1056507, 52.4068987 ], [ 13.1059357, 52.4068535 ], [ 13.1061651, 52.4068019 ], [ 13.1063532, 52.4067433 ], [ 13.106812, 52.4066831 ], [ 13.1072417, 52.4065822 ], [ 13.1073052, 52.406554 ], [ 13.1077392, 52.4063573 ], [ 13.1083155, 52.406096 ], [ 13.1087278, 52.4060349 ], [ 13.1088015, 52.4059793 ], [ 13.1088196, 52.4059152 ], [ 13.1089582, 52.4058183 ], [ 13.109113, 52.4057097 ], [ 13.1092817, 52.405449 ], [ 13.1094273, 52.4052813 ], [ 13.109634, 52.4050869 ], [ 13.1097889, 52.40494 ], [ 13.1099451, 52.404812299999989 ], [ 13.1099232, 52.4047695 ], [ 13.1099454, 52.4047012 ], [ 13.1101087, 52.4046241 ], [ 13.1102004, 52.4044887 ], [ 13.1102123, 52.4044713 ], [ 13.110282, 52.404369400000014 ], [ 13.110352, 52.4042339 ], [ 13.1103794, 52.4040538 ], [ 13.1104343, 52.4039976 ], [ 13.1106666, 52.40377440000001 ], [ 13.1109089, 52.403623 ], [ 13.1110048, 52.4035609 ], [ 13.1110744, 52.4035092 ], [ 13.1110898, 52.4035169 ], [ 13.1111552, 52.4034684 ], [ 13.1111631, 52.403467 ], [ 13.111319, 52.4032862 ], [ 13.1113761, 52.4032644 ], [ 13.111549, 52.4032139 ], [ 13.1118191, 52.4031336 ], [ 13.1118575, 52.4031218 ], [ 13.111924, 52.4030855 ], [ 13.1122085, 52.4029868 ], [ 13.1125456, 52.4028597 ], [ 13.1126128, 52.4028343 ], [ 13.1133286, 52.4025656 ], [ 13.1135685, 52.402475 ], [ 13.1139935, 52.4023161 ], [ 13.1143413, 52.402210899999986 ], [ 13.1144811, 52.4021842 ], [ 13.1150386, 52.402077599999984 ], [ 13.1151757, 52.4020538 ], [ 13.1153605, 52.4020376 ], [ 13.1155358, 52.4019783 ], [ 13.1155883, 52.4019537 ], [ 13.1160786, 52.4018933 ], [ 13.1163785, 52.4018107 ], [ 13.1168042, 52.4016852 ], [ 13.1168667, 52.4016522 ], [ 13.1168839, 52.4016184 ], [ 13.1169712, 52.4015547 ], [ 13.1173551, 52.401044299999988 ], [ 13.1174989, 52.4008284 ], [ 13.1175218, 52.400807 ], [ 13.117587, 52.400742 ], [ 13.1176369, 52.4006986 ], [ 13.1177106, 52.4006303 ], [ 13.11788, 52.400557 ], [ 13.1179328, 52.4005362 ], [ 13.1184646, 52.4003305 ], [ 13.1184734, 52.40031780000001 ], [ 13.1186377, 52.4002604 ], [ 13.1187819, 52.4002249 ], [ 13.1191461, 52.400122 ], [ 13.1192619, 52.4000636 ], [ 13.1194088, 52.3999383 ], [ 13.1194545, 52.399851 ], [ 13.1195153, 52.3997326 ], [ 13.1196528, 52.39953160000001 ], [ 13.1198383, 52.3994315 ], [ 13.1199094, 52.3993843 ], [ 13.1200232, 52.3993088 ], [ 13.1201785, 52.3990215 ], [ 13.1202602, 52.3987684 ], [ 13.1202751, 52.398612 ], [ 13.1203248, 52.3985306 ], [ 13.120388, 52.3984124 ], [ 13.1205509, 52.3982756 ], [ 13.1207587, 52.3981462 ], [ 13.1207895, 52.3981346 ], [ 13.1210525, 52.3980688 ], [ 13.1214852, 52.3978943 ], [ 13.1216293, 52.3978076 ], [ 13.1218633, 52.3976312 ], [ 13.1219811, 52.3975387 ], [ 13.1220787, 52.3974818 ], [ 13.1223687, 52.3973171 ], [ 13.1227906, 52.3971373 ], [ 13.123028, 52.3970188 ], [ 13.1231941, 52.3968833 ], [ 13.1234272, 52.3966317 ], [ 13.1236433, 52.396395 ], [ 13.1237292, 52.3963141 ], [ 13.1237936, 52.3962663 ], [ 13.1237988, 52.39624 ], [ 13.1239442, 52.39617 ], [ 13.1241387, 52.3960942 ], [ 13.1242191, 52.3960394 ], [ 13.1246156, 52.395943 ], [ 13.1246185, 52.3959313 ], [ 13.1249404, 52.3958533 ], [ 13.125348, 52.3957852 ], [ 13.125476, 52.3957654 ], [ 13.1255796, 52.3957384 ], [ 13.1266583, 52.3956141 ], [ 13.127317, 52.3955781 ], [ 13.1275897, 52.3955853 ], [ 13.1278433, 52.3956414 ], [ 13.1281223, 52.3957139 ], [ 13.1281155, 52.3957245 ], [ 13.1281974, 52.3957424 ], [ 13.128182, 52.3957633 ], [ 13.1282212, 52.3957723 ], [ 13.1283156, 52.3957941 ], [ 13.1284457, 52.395777 ], [ 13.1289311, 52.3958928 ], [ 13.1296383, 52.3961258 ], [ 13.1301397, 52.396291 ], [ 13.1306336, 52.3965175 ], [ 13.1308973, 52.3966808 ], [ 13.1311688, 52.3968745 ], [ 13.1316047, 52.3970869 ], [ 13.1319271, 52.3972587 ], [ 13.1322624, 52.3974185 ], [ 13.1325674, 52.3975772 ], [ 13.1335793, 52.3980322 ], [ 13.1337588, 52.3981238 ], [ 13.1342976, 52.3983486 ], [ 13.1345985, 52.39854110000001 ], [ 13.134793, 52.398635 ], [ 13.13485, 52.39865660000001 ], [ 13.1348984, 52.3986777 ], [ 13.1350977, 52.398795 ], [ 13.1353413, 52.398941199999989 ], [ 13.1354787, 52.3990243 ], [ 13.1355516, 52.3991696 ], [ 13.1357232, 52.3994576 ], [ 13.1361252, 52.3999339 ], [ 13.1367342, 52.4004373 ], [ 13.1370571, 52.4006444 ], [ 13.1373821, 52.4007762 ], [ 13.1376339, 52.4007988 ], [ 13.1377679, 52.4007621 ], [ 13.1378856, 52.4007359 ], [ 13.1380382, 52.4007342 ], [ 13.1381127, 52.400794500000011 ], [ 13.1381036, 52.4008386 ], [ 13.1380157, 52.4008671 ], [ 13.1380968, 52.4009092 ], [ 13.1381697, 52.40092 ], [ 13.1383513, 52.4009223 ], [ 13.1385545, 52.4009057 ], [ 13.1388425, 52.400874 ], [ 13.1390067, 52.4008536 ], [ 13.1392549, 52.4008193 ], [ 13.1397731, 52.400725 ], [ 13.1401747, 52.4006268 ], [ 13.1404348, 52.4005662 ], [ 13.1406879, 52.4004937 ], [ 13.1407993, 52.4004438 ], [ 13.1409535, 52.4006334 ], [ 13.1410807, 52.4008015 ], [ 13.1405173, 52.4009857 ], [ 13.1402215, 52.4010484 ], [ 13.1399866, 52.4011418 ], [ 13.1398847, 52.401315 ], [ 13.1398081, 52.401452799999987 ], [ 13.1397969, 52.4016134 ], [ 13.1398073, 52.4016881 ], [ 13.1398769, 52.4018114 ], [ 13.1400309, 52.4019243 ], [ 13.1401339, 52.4019876 ], [ 13.1404118, 52.4021534 ], [ 13.1405772, 52.4022389 ], [ 13.1404627, 52.402327 ], [ 13.140333, 52.4024305 ], [ 13.1402043, 52.4023743 ], [ 13.1399799, 52.4022858 ], [ 13.1396262, 52.4022396 ], [ 13.1388854, 52.4021567 ], [ 13.1382171, 52.4020322 ], [ 13.1378059, 52.401979 ], [ 13.1373968, 52.401949099999989 ], [ 13.1371906, 52.4019755 ], [ 13.136995, 52.4019671 ], [ 13.1366096, 52.4018888 ], [ 13.1361126, 52.4017992 ], [ 13.1356951, 52.4017532 ], [ 13.135312, 52.4016491 ], [ 13.1349476, 52.4016436 ], [ 13.1346087, 52.4015525 ], [ 13.1343159, 52.4013972 ], [ 13.1339417, 52.4011556 ], [ 13.1338313, 52.4011292 ], [ 13.1336294, 52.4010701 ], [ 13.133535, 52.4009368 ], [ 13.133081, 52.4007732 ], [ 13.1328345, 52.4006028 ], [ 13.1326384, 52.4004717 ], [ 13.1324503, 52.4003832 ], [ 13.132246, 52.400192299999986 ], [ 13.1320895, 52.4000777 ], [ 13.1319247, 52.3999364 ], [ 13.1317118, 52.3995741 ], [ 13.1315918, 52.3994428 ], [ 13.1313499, 52.3993551 ], [ 13.1311724, 52.3993175 ], [ 13.130955, 52.399185 ], [ 13.1306952, 52.399107 ], [ 13.1304957, 52.3990038 ], [ 13.1303353, 52.3989324 ], [ 13.1300499, 52.3988481 ], [ 13.1299425, 52.3988814 ], [ 13.1297893, 52.398841 ], [ 13.1298206, 52.3987742 ], [ 13.1297342, 52.3987151 ], [ 13.1296034, 52.3986587 ], [ 13.1295074, 52.3986566 ], [ 13.1293996, 52.3986206 ], [ 13.1293378, 52.398573299999988 ], [ 13.1292934, 52.3984321 ], [ 13.1291435, 52.3983013 ], [ 13.1287991, 52.3981789 ], [ 13.1283915, 52.3979839 ], [ 13.1281953, 52.3979423 ], [ 13.1279857, 52.3978634 ], [ 13.1278918, 52.3977541 ], [ 13.1278783, 52.397734 ], [ 13.1278803, 52.3976862 ], [ 13.1278598, 52.3976346 ], [ 13.127676, 52.3975745 ], [ 13.1275319, 52.3975751 ], [ 13.1274005, 52.3975621 ], [ 13.1273146, 52.3976152 ], [ 13.1270925, 52.3975867 ], [ 13.1267846, 52.3975153 ], [ 13.1266207, 52.3974467 ], [ 13.1264376, 52.3973632 ], [ 13.1262115, 52.3973456 ], [ 13.12599, 52.397362 ] ] ] } },
{ "type": "Feature", "properties": { "name": "Teich an der Sensburger Allee", "name_norm": "teich an der sensburger allee", "natural": "water", "water": "lake", "wikidata": null, "area_sqkm": 0.00084060578193407729, "centroid_lon": 13.251844108463185, "centroid_lat": 52.511144445680557 }, "geometry": { "type": "Polygon", "coordinates": [ [ [ 13.2517485, 52.511053 ], [ 13.2517971, 52.5110089 ], [ 13.2518651, 52.5109753 ], [ 13.2519656, 52.5109479 ], [ 13.2520271, 52.5109327 ], [ 13.2520472, 52.5109215 ], [ 13.2520698, 52.5109102 ], [ 13.2520832, 52.51090760000001 ], [ 13.2520941, 52.510914 ], [ 13.2520975, 52.5109247 ], [ 13.2520935, 52.5109397 ], [ 13.2520591, 52.5110397 ], [ 13.2520078, 52.5111125 ], [ 13.2518713, 52.5113082 ], [ 13.2518273, 52.5113365 ], [ 13.2517687, 52.5113544 ], [ 13.2517155, 52.5113503 ], [ 13.2516487, 52.5113398 ], [ 13.2516086, 52.5113044 ], [ 13.2516064, 52.511278 ], [ 13.251627, 52.511236 ], [ 13.2517485, 52.511053 ] ] ] } },
{ "type": "Feature", "properties": { "name": "Olmteich", "name_norm": "olmteich", "natural": "water", "water": "pond", "wikidata": null, "area_sqkm": 0.00053393124757155968, "centroid_lon": 13.565916219165773, "centroid_lat": 52.434760629642291 }, "geometry": { "type": "Polygon", "coordinates": [ [ [ 13.5660976, 52.434756899999989 ], [ 13.566119, 52.4347962 ], [ 13.5660976, 52.4348289 ], [ 13.5660466, 52.4348861 ], [ 13.566005, 52.4349164 ], [ 13.5658575, 52.4348493 ], [ 13.5656939, 52.4347291 ], [ 13.5657757, 52.4346523 ], [ 13.5658401, 52.434613 ], [ 13.5659152, 52.4346326 ], [ 13.5660976, 52.434756899999989 ] ] ] } },
{ "type": "Feature", "properties": { "name": "Amselteich", "name_norm": "amselteich", "natural": "water", "water": "pond", "wikidata": null, "area_sqkm": 0.0009333769387509487, "centroid_lon": 13.281985833223287, "centroid_lat": 52.635458639098978 }, "geometry": { "type": "Polygon", "coordinates": [ [ [ 13.2821395, 52.6356026 ], [ 13.2820905, 52.6356126 ], [ 13.2820081, 52.6356141 ], [ 13.2819479, 52.6356032 ], [ 13.2818491, 52.6355738 ], [ 13.2818006, 52.635546 ], [ 13.2817413, 52.6354892 ], [ 13.2817292, 52.6354427 ], [ 13.2817304, 52.6354077 ], [ 13.2817427, 52.6353755 ], [ 13.2817728, 52.6353451 ], [ 13.2818106, 52.6353205 ], [ 13.2818883, 52.6353058 ], [ 13.2820213, 52.6353101 ], [ 13.2820988, 52.6353282 ], [ 13.2821431, 52.635349899999987 ], [ 13.2821796, 52.635379 ], [ 13.282224, 52.6354296 ], [ 13.2822389, 52.6354822 ], [ 13.2822332, 52.6355282 ], [ 13.2822127, 52.6355733 ], [ 13.2821395, 52.6356026 ] ] ] } },
{ "type": "Feature", "properties": { "name": "Stolzingteich", "name_norm": "stolzingteich", "natural": "water", "water": "pond", "wikidata": null, "area_sqkm": 0.00063376810352101104, "centroid_lon": 13.277215690539466, "centroid_lat": 52.635996159716242 }, "geometry": { "type": "Polygon", "coordinates": [ [ [ 13.277005, 52.6358304 ], [ 13.2768012, 52.63566440000001 ], [ 13.2768548, 52.6356449 ], [ 13.2773537, 52.6360339 ], [ 13.2773873, 52.6361023 ], [ 13.2774818, 52.636134 ], [ 13.2775416, 52.636208 ], [ 13.2775227, 52.636278 ], [ 13.2773944, 52.6362416 ], [ 13.2773135, 52.6361397 ], [ 13.2770479, 52.6359509 ], [ 13.277005, 52.6358304 ] ] ] } },
{ "type": "Feature", "properties": { "name": "Eckernpfuhl", "name_norm": "eckernpfuhl", "natural": "water", "water": "pond", "wikidata": null, "area_sqkm": 0.0040232419967915333, "centroid_lon": 13.394039616345209, "centroid_lat": 52.441255782390108 }, "geometry": { "type": "Polygon", "coordinates": [ [ [ 13.3936879, 52.4415488 ], [ 13.3939098, 52.4415191 ], [ 13.3939772, 52.4414714 ], [ 13.3940956, 52.441273 ], [ 13.3941929, 52.4409143 ], [ 13.3942549, 52.4408006 ], [ 13.3943391, 52.4407131 ], [ 13.3944099, 52.4406548 ], [ 13.3945357, 52.4406369 ], [ 13.3946683, 52.4406733 ], [ 13.3947016, 52.4407284 ], [ 13.3946812, 52.4407857 ], [ 13.3946146, 52.440887 ], [ 13.3945044, 52.4414022 ], [ 13.3944495, 52.441497399999989 ], [ 13.3943298, 52.4415413 ], [ 13.3941173, 52.4416188 ], [ 13.3938984, 52.4416333 ], [ 13.3931947, 52.4416311 ], [ 13.3927582, 52.4416186 ], [ 13.3923846, 52.4416342 ], [ 13.3922627, 52.4416563 ], [ 13.3921021, 52.4417025 ], [ 13.3920847, 52.4416847 ], [ 13.3920682, 52.4416683 ], [ 13.3922404, 52.4416006 ], [ 13.3924129, 52.4415798 ], [ 13.392685, 52.441564199999988 ], [ 13.3936879, 52.4415488 ] ] ] } },
{ "type": "Feature", "properties": { "name": "Erlengrabenteich", "name_norm": "erlengrabenteich", "natural": "water", "water": "pond", "wikidata": null, "area_sqkm": 0.0067136949069279651, "centroid_lon": 13.221743371377176, "centroid_lat": 52.615123458148567 }, "geometry": { "type": "Polygon", "coordinates": [ [ [ 13.2210697, 52.6155539 ], [ 13.2210371, 52.6155321 ], [ 13.2209815, 52.6154817 ], [ 13.2208577, 52.615318 ], [ 13.2208568, 52.6151217 ], [ 13.2209058, 52.615118800000012 ], [ 13.2209422, 52.6151202 ], [ 13.2211452, 52.615148799999986 ], [ 13.2211987, 52.6150579 ], [ 13.2214173, 52.6149653 ], [ 13.2217784, 52.6148297 ], [ 13.221863, 52.6147931 ], [ 13.2220444, 52.614713 ], [ 13.2223699, 52.6146687 ], [ 13.2226034, 52.614697199999988 ], [ 13.2226711, 52.6147525 ], [ 13.2226839, 52.6147615 ], [ 13.222697, 52.6147707 ], [ 13.2227549, 52.6148348 ], [ 13.2226685, 52.614909499999989 ], [ 13.2226227, 52.6149516 ], [ 13.222505, 52.6150385 ], [ 13.22244, 52.6150288 ], [ 13.222373, 52.6150822 ], [ 13.2221413, 52.6151922 ], [ 13.2220983, 52.6152863 ], [ 13.2219821, 52.6153355 ], [ 13.2217262, 52.6153978 ], [ 13.2217654, 52.615459 ], [ 13.2217058, 52.6154938 ], [ 13.2216071, 52.6154849 ], [ 13.2215412, 52.6155262 ], [ 13.2214161, 52.61558680000001 ], [ 13.2212953, 52.6156272 ], [ 13.2210697, 52.6155539 ] ] ] } },
{ "type": "Feature", "properties": { "name": "Vierling", "name_norm": "vierling", "natural": "water", "water": "pond", "wikidata": null, "area_sqkm": 0.0039240134962715712, "centroid_lon": 13.238341276243656, "centroid_lat": 52.446136047641794 }, "geometry": { "type": "Polygon", "coordinates": [ [ [ 13.2386408, 52.4462065 ], [ 13.2386301, 52.4463504 ], [ 13.2386427, 52.4464363 ], [ 13.2386348, 52.446491 ], [ 13.2385967, 52.4465895 ], [ 13.2385759, 52.4466385 ], [ 13.2385565, 52.4466586 ], [ 13.2385285, 52.4466665 ], [ 13.2384883, 52.4466683 ], [ 13.2384409, 52.446663 ], [ 13.2383712, 52.4466437 ], [ 13.2383303, 52.446624 ], [ 13.23828, 52.4465943 ], [ 13.2382154, 52.4465295 ], [ 13.2381392, 52.4464321 ], [ 13.2381098, 52.446359699999988 ], [ 13.2380933, 52.4463001 ], [ 13.2380509, 52.4462336 ], [ 13.2380179, 52.4461215 ], [ 13.2379741, 52.4460436 ], [ 13.2379533, 52.4459933 ], [ 13.2379554, 52.4459237 ], [ 13.2379741, 52.4458703 ], [ 13.2380122, 52.4458156 ], [ 13.238094, 52.4457473 ], [ 13.2381788, 52.4457022 ], [ 13.2382211, 52.4456877 ], [ 13.2382879, 52.4456689 ], [ 13.2383618, 52.4456572 ], [ 13.2384373, 52.445670699999987 ], [ 13.2384653, 52.4456794 ], [ 13.238489, 52.445693 ], [ 13.2385442, 52.445752 ], [ 13.2385802, 52.445810299999984 ], [ 13.2386061, 52.445861099999988 ], [ 13.2386355, 52.4459394 ], [ 13.2386384, 52.4459898 ], [ 13.2386427, 52.4460848 ], [ 13.2386408, 52.4462065 ] ] ] } },
{ "type": "Feature", "properties": { "name": "Hamburger Teich", "name_norm": "hamburger teich", "natural": "water", "water": "pond", "wikidata": null, "area_sqkm": 0.001725493612422506, "centroid_lon": 13.445441953140987, "centroid_lat": 52.567390127353811 }, "geometry": { "type": "Polygon", "coordinates": [ [ [ 13.4448977, 52.5674418 ], [ 13.4449835, 52.5674083 ], [ 13.445795, 52.5671855 ], [ 13.4458628, 52.5671314 ], [ 13.4458937, 52.5670939 ], [ 13.4459185, 52.5670792 ], [ 13.4459453, 52.567087 ], [ 13.4459157, 52.5671574 ], [ 13.4459109, 52.5672154 ], [ 13.4459548, 52.567330799999986 ], [ 13.4459267, 52.567375 ], [ 13.445047, 52.5676139 ], [ 13.4449793, 52.5676117 ], [ 13.4449453, 52.5675832 ], [ 13.444895, 52.5674843 ], [ 13.4448977, 52.5674418 ] ] ] } },
{ "type": "Feature", "properties": { "name": "Karutschenpfuhl", "name_norm": "karutschenpfuhl", "natural": "water", "water": "pond", "wikidata": null, "area_sqkm": 0.0029592014721950772, "centroid_lon": 13.352636725639469, "centroid_lat": 52.451544794332378 }, "geometry": { "type": "Polygon", "coordinates": [ [ [ 13.3520369, 52.451448699999979 ], [ 13.3522892, 52.4514211 ], [ 13.3524648, 52.4514259 ], [ 13.3525031, 52.4514322 ], [ 13.3526405, 52.451446 ], [ 13.3528936, 52.451460800000014 ], [ 13.3531145, 52.4514752 ], [ 13.353158, 52.4514741 ], [ 13.3531902, 52.4514656 ], [ 13.3532737, 52.4514285 ], [ 13.3533406, 52.4513872 ], [ 13.3533493, 52.451351099999982 ], [ 13.3533667, 52.45134370000001 ], [ 13.353432, 52.4513495 ], [ 13.3534659, 52.4513861 ], [ 13.3534894, 52.4514248 ], [ 13.3535537, 52.4514746 ], [ 13.3536208, 52.451507299999989 ], [ 13.3536442, 52.4515239 ], [ 13.3536363, 52.45162830000001 ], [ 13.3536137, 52.4516511 ], [ 13.3535755, 52.4516607 ], [ 13.3534824, 52.4516628 ], [ 13.3533285, 52.4516607 ], [ 13.3529014, 52.4516363 ], [ 13.3525936, 52.451605 ], [ 13.3524773, 52.451602199999989 ], [ 13.3521961, 52.45159550000001 ], [ 13.3520326, 52.4516002 ], [ 13.3519926, 52.4516082 ], [ 13.3517308, 52.4516803 ], [ 13.3515925, 52.4517179 ], [ 13.3515151, 52.4516967 ], [ 13.3514795, 52.4516766 ], [ 13.3514621, 52.4516342 ], [ 13.3515325, 52.4515706 ], [ 13.3516612, 52.4515133 ], [ 13.3517865, 52.4514905 ], [ 13.3518995, 52.4514741 ], [ 13.3519639, 52.4514693 ], [ 13.3520369, 52.451448699999979 ] ] ] } },
{ "type": "Feature", "properties": { "name": "Hüttenteich", "name_norm": "huttenteich", "natural": "water", "water": "pond", "wikidata": "Q112842575", "area_sqkm": 0.00031194559617947026, "centroid_lon": 13.238821748405471, "centroid_lat": 52.469512591185342 }, "geometry": { "type": "Polygon", "coordinates": [ [ [ 13.2387493, 52.469560799999989 ], [ 13.2386589, 52.4695033 ], [ 13.2386877, 52.469437599999985 ], [ 13.2387986, 52.4694047 ], [ 13.2389218, 52.4694704 ], [ 13.2389834, 52.4695937 ], [ 13.2388561, 52.4696183 ], [ 13.2387493, 52.469560799999989 ] ] ] } },
{ "type": "Feature", "properties": { "name": "Hufeisenteich", "name_norm": "hufeisenteich", "natural": "water", "water": "pond", "wikidata": null, "area_sqkm": 0.0013940254406451594, "centroid_lon": 13.448613308770833, "centroid_lat": 52.448227022200264 }, "geometry": { "type": "Polygon", "coordinates": [ [ [ 13.4491626, 52.4482707 ], [ 13.4489607, 52.4483072 ], [ 13.4487878, 52.4483283 ], [ 13.4486315, 52.4483396 ], [ 13.4485281, 52.4483432 ], [ 13.4484313, 52.4483437 ], [ 13.4483548, 52.4483399 ], [ 13.4483111, 52.4483361 ], [ 13.4482675, 52.4483258 ], [ 13.448236, 52.448313 ], [ 13.4482059, 52.4482943 ], [ 13.4481869, 52.4482766 ], [ 13.4481729, 52.448256399999984 ], [ 13.4481651, 52.4482344 ], [ 13.448164, 52.448212299999987 ], [ 13.4481699, 52.44819 ], [ 13.4481824, 52.4481688 ], [ 13.4482014, 52.4481493 ], [ 13.4482273, 52.4481315 ], [ 13.4482581, 52.4481174 ], [ 13.4482963, 52.4481065 ], [ 13.4483344, 52.4481012 ], [ 13.4483944, 52.448100099999984 ], [ 13.4484866, 52.4481028 ], [ 13.4485798, 52.4481112 ], [ 13.4487109, 52.4481255 ], [ 13.4487847, 52.448135 ], [ 13.4489624, 52.4481628 ], [ 13.4491686, 52.4482043 ], [ 13.4491626, 52.4482707 ] ] ] } },
{ "type": "Feature", "properties": { "name": "Goldfischteich", "name_norm": "goldfischteich", "natural": "water", "water": "pond", "wikidata": "Q113604366", "area_sqkm": 0.0016494860579723864, "centroid_lon": 13.456595441788634, "centroid_lat": 52.554942809052157 }, "geometry": { "type": "Polygon", "coordinates": [ [ [ 13.4567014, 52.555164 ], [ 13.4565232, 52.5551652 ], [ 13.4564989, 52.5551603 ], [ 13.4564649, 52.5551453 ], [ 13.4564092, 52.5551135 ], [ 13.4563709, 52.5550346 ], [ 13.4563349, 52.5549306 ], [ 13.4563035, 52.5548868 ], [ 13.4562654, 52.5548541 ], [ 13.4562313, 52.55481540000001 ], [ 13.4562279, 52.5547949 ], [ 13.4562547, 52.5547794 ], [ 13.4562771, 52.5547631 ], [ 13.4563269, 52.5547423 ], [ 13.4563792, 52.554739 ], [ 13.4564295, 52.554735 ], [ 13.4564876, 52.5547322 ], [ 13.4565288, 52.5547325 ], [ 13.4565896, 52.5547304 ], [ 13.4566779, 52.554741 ], [ 13.4567349, 52.5547824 ], [ 13.456838, 52.5548603 ], [ 13.4569191, 52.5549308 ], [ 13.4569594, 52.5549847 ], [ 13.45693, 52.5550643 ], [ 13.4568444, 52.5550926 ], [ 13.4567937, 52.5551291 ], [ 13.4567014, 52.555164 ] ] ] } },
{ "type": "Feature", "properties": { "name": "Kreuzpfuhl", "name_norm": "kreuzpfuhl", "natural": "water", "water": "pond", "wikidata": "Q110655293", "area_sqkm": 0.0069129426806502654, "centroid_lon": 13.452744771397406, "centroid_lat": 52.55297872780509 }, "geometry": { "type": "Polygon", "coordinates": [ [ [ 13.4516785, 52.5529071 ], [ 13.4517043, 52.5528796 ], [ 13.4517815, 52.5528593 ], [ 13.4518639, 52.5528405 ], [ 13.4530173, 52.5526542 ], [ 13.4532671, 52.552641700000017 ], [ 13.4533211, 52.5526479 ], [ 13.4533623, 52.552673 ], [ 13.4533932, 52.5527074 ], [ 13.4534154, 52.5527106 ], [ 13.4536695, 52.5530164 ], [ 13.4536883, 52.5530542 ], [ 13.4536895, 52.5530891 ], [ 13.4537059, 52.5531289 ], [ 13.4536945, 52.5531489 ], [ 13.4536507, 52.5531771 ], [ 13.4535515, 52.5531989 ], [ 13.4531049, 52.5532491 ], [ 13.4530405, 52.553271 ], [ 13.4529226, 52.553275 ], [ 13.4527326, 52.553262 ], [ 13.4524499, 52.5532299 ], [ 13.451851, 52.5531551 ], [ 13.4517874, 52.5531233 ], [ 13.4517069, 52.5530565 ], [ 13.4516704, 52.5530218 ], [ 13.4516657, 52.5529673 ], [ 13.4516785, 52.5529071 ] ] ] } },
{ "type": "Feature", "properties": { "name": "Fürstenteich", "name_norm": "furstenteich", "natural": "water", "water": "pond", "wikidata": null, "area_sqkm": 0.00035524599264080676, "centroid_lon": 13.298535548347258, "centroid_lat": 52.631821079476843 }, "geometry": { "type": "Polygon", "coordinates": [ [ [ 13.2984285, 52.6317442 ], [ 13.298468, 52.6317385 ], [ 13.298525, 52.6317334 ], [ 13.2985758, 52.6317375 ], [ 13.2986265, 52.631757 ], [ 13.2986842, 52.6317925 ], [ 13.2987166, 52.631827199999989 ], [ 13.2987202, 52.6318689 ], [ 13.298657, 52.6318959 ], [ 13.2985891, 52.6318991 ], [ 13.298525, 52.631901799999987 ], [ 13.2984788, 52.631895299999989 ], [ 13.2984278, 52.6318867 ], [ 13.2983825, 52.631859 ], [ 13.2983675, 52.6318372 ], [ 13.2983589, 52.6318179 ], [ 13.2983611, 52.6317933 ], [ 13.2983756, 52.631772 ], [ 13.2984026, 52.6317536 ], [ 13.2984285, 52.6317442 ] ] ] } },
{ "type": "Feature", "properties": { "name": "Kleiner Müggelsee", "name_norm": "kleiner muggelsee", "natural": "water", "water": "lake", "wikidata": "Q32579887", "area_sqkm": 0.11794220033073011, "centroid_lon": 13.676172173180538, "centroid_lat": 52.429714361635959 }, "geometry": { "type": "Polygon", "coordinates": [ [ [ 13.681697, 52.4293038 ], [ 13.6780302, 52.4308303 ], [ 13.6780653, 52.43070980000001 ], [ 13.6780166, 52.4305096 ], [ 13.6779875, 52.4304853 ], [ 13.677889, 52.4304861 ], [ 13.6778812, 52.4305254 ], [ 13.6778127, 52.430526599999986 ], [ 13.6777457, 52.430527799999986 ], [ 13.6777378, 52.4304733 ], [ 13.6775429, 52.4304794 ], [ 13.6775444, 52.4305348 ], [ 13.6774077, 52.4305371 ], [ 13.6770212, 52.4305438 ], [ 13.6768473, 52.4305381 ], [ 13.6765862, 52.4305295 ], [ 13.676532, 52.4305085 ], [ 13.6762677, 52.4305326 ], [ 13.6760211, 52.4305084 ], [ 13.6758807, 52.4305028 ], [ 13.6751736, 52.43058030000001 ], [ 13.6745381, 52.4309205 ], [ 13.6732053, 52.4314154 ], [ 13.6730099, 52.4314655 ], [ 13.6728533, 52.431501299999987 ], [ 13.6727106, 52.4315084 ], [ 13.6726021, 52.4314823 ], [ 13.6725437, 52.4314295 ], [ 13.6725281, 52.4313415 ], [ 13.6725751, 52.4312497 ], [ 13.6727141, 52.4310529 ], [ 13.6729127, 52.4308065 ], [ 13.6729392, 52.4307589 ], [ 13.6729312, 52.4307227 ], [ 13.6727601, 52.430457 ], [ 13.6725421, 52.4303348 ], [ 13.6723007, 52.4302158 ], [ 13.6722372, 52.4301531 ], [ 13.6721922, 52.4300933 ], [ 13.6721592, 52.430011699999987 ], [ 13.6722788, 52.4297132 ], [ 13.6724416, 52.4295293 ], [ 13.6726516, 52.4293392 ], [ 13.6729658, 52.4291942 ], [ 13.6734873, 52.4289814 ], [ 13.674331, 52.4286762 ], [ 13.6749484, 52.4285331 ], [ 13.6755746, 52.4284081 ], [ 13.6761793, 52.4283733 ], [ 13.6764238, 52.4283893 ], [ 13.676819, 52.4283542 ], [ 13.6770434, 52.4283748 ], [ 13.6772956, 52.4284586 ], [ 13.6778137, 52.428655799999987 ], [ 13.6779803, 52.4286775 ], [ 13.6781702, 52.4287635 ], [ 13.6784015, 52.4288478 ], [ 13.6785556, 52.4289251 ], [ 13.6786416, 52.4289845 ], [ 13.6789069, 52.4291293 ], [ 13.6791747, 52.4291799 ], [ 13.6793364, 52.4291726 ], [ 13.6794201, 52.4290901 ], [ 13.6795238, 52.4290569 ], [ 13.6795546, 52.4290614 ], [ 13.6796127, 52.4290426 ], [ 13.6796123, 52.4290495 ], [ 13.6797928, 52.42905050000001 ], [ 13.679897, 52.4290526 ], [ 13.6799003, 52.4290138 ], [ 13.6801275, 52.4290276 ], [ 13.6801875, 52.4290259 ], [ 13.680194, 52.4290166 ], [ 13.6803071, 52.4290315 ], [ 13.6804131, 52.4290394 ], [ 13.6806448, 52.429051599999987 ], [ 13.6808276, 52.429077 ], [ 13.6812311, 52.4291916 ], [ 13.681306, 52.4292292 ], [ 13.6814646, 52.4292569 ], [ 13.681697, 52.4293038 ] ] ] } },
{ "type": "Feature", "properties": { "name": "Blanke Helle", "name_norm": "blanke helle", "natural": "water", "water": "pond", "wikidata": "Q59786221", "area_sqkm": 0.0035090001677549197, "centroid_lon": 13.36929366617623, "centroid_lat": 52.459218229138756 }, "geometry": { "type": "Polygon", "coordinates": [ [ [ 13.3693654, 52.4590074 ], [ 13.3694769, 52.4590225 ], [ 13.3695726, 52.4590478 ], [ 13.3696745, 52.4590712 ], [ 13.3697549, 52.4590955 ], [ 13.3698383, 52.4591282 ], [ 13.3699082, 52.4591598 ], [ 13.3699696, 52.4592015 ], [ 13.3699994, 52.4592325 ], [ 13.3700192, 52.4592577 ], [ 13.3700157, 52.459281 ], [ 13.3699896, 52.4593213 ], [ 13.3699541, 52.4593513 ], [ 13.3699066, 52.4593698 ], [ 13.3698465, 52.459390799999987 ], [ 13.3697769, 52.4594018 ], [ 13.3697139, 52.4594141 ], [ 13.3695975, 52.4594249 ], [ 13.3695163, 52.4594316 ], [ 13.369436, 52.459429900000011 ], [ 13.3693476, 52.4594261 ], [ 13.3692423, 52.4594174 ], [ 13.3691875, 52.4594065 ], [ 13.3691436, 52.4593936 ], [ 13.3691156, 52.4593904 ], [ 13.3690845, 52.4593845 ], [ 13.3690376, 52.4593815 ], [ 13.3689825, 52.4593727 ], [ 13.3689054, 52.4593609 ], [ 13.3688423, 52.459358 ], [ 13.3687907, 52.4593566 ], [ 13.368733, 52.4593508 ], [ 13.3686935, 52.4593382 ], [ 13.3686815, 52.4593201 ], [ 13.3686879, 52.4592991 ], [ 13.3686627, 52.4592862 ], [ 13.3686446, 52.4592893 ], [ 13.3686172, 52.4592735 ], [ 13.3686121, 52.4592513 ], [ 13.3686045, 52.45921 ], [ 13.3686084, 52.459177 ], [ 13.3686175, 52.459153 ], [ 13.368631, 52.4591247 ], [ 13.3686494, 52.4591013 ], [ 13.3686788, 52.4590801 ], [ 13.3687177, 52.459065 ], [ 13.3687834, 52.4590399 ], [ 13.3688597, 52.4590268 ], [ 13.3689837, 52.4590087 ], [ 13.3690666, 52.4590051 ], [ 13.3691493, 52.4590023 ], [ 13.3692552, 52.45900060000001 ], [ 13.3693654, 52.4590074 ] ] ] } },
{ "type": "Feature", "properties": { "name": "Kattenpfuhl", "name_norm": "kattenpfuhl", "natural": "water", "water": "pond", "wikidata": null, "area_sqkm": 0.0041893475672376782, "centroid_lon": 13.501131254149149, "centroid_lat": 52.417435415612339 }, "geometry": { "type": "Polygon", "coordinates": [ [ [ 13.5003135, 52.4171934 ], [ 13.5004898, 52.4171686 ], [ 13.5007955, 52.4171733 ], [ 13.5010747, 52.4172302 ], [ 13.501208, 52.4172714 ], [ 13.5014336, 52.417303600000011 ], [ 13.5016716, 52.4173449 ], [ 13.501829, 52.4174111 ], [ 13.5019053, 52.4174707 ], [ 13.5019637, 52.4175208 ], [ 13.5018924, 52.4176237 ], [ 13.5017757, 52.4176733 ], [ 13.5016208, 52.417703 ], [ 13.5013795, 52.4176989 ], [ 13.5011245, 52.4176688 ], [ 13.5006685, 52.4175183 ], [ 13.5003032, 52.4173254 ], [ 13.5002636, 52.417247 ], [ 13.5003135, 52.4171934 ] ] ] } },
{ "type": "Feature", "properties": { "name": "Kiessee", "name_norm": "kiessee", "natural": "water", "water": "pond", "wikidata": null, "area_sqkm": 0.0042397565975630267, "centroid_lon": 13.52048443768113, "centroid_lat": 52.422971504974008 }, "geometry": { "type": "Polygon", "coordinates": [ [ [ 13.5207051, 52.4227095 ], [ 13.5207112, 52.42275320000001 ], [ 13.5207481, 52.4227968 ], [ 13.5208872, 52.4228717 ], [ 13.5210039, 52.4229191 ], [ 13.5211246, 52.4229578 ], [ 13.5211512, 52.4231151 ], [ 13.5212146, 52.423175 ], [ 13.521188, 52.4232187 ], [ 13.5211123, 52.4232586 ], [ 13.5209814, 52.4232661 ], [ 13.5209077, 52.4232236 ], [ 13.5206928, 52.4232286 ], [ 13.5205782, 52.4231962 ], [ 13.5200871, 52.4231525 ], [ 13.5199971, 52.4231375 ], [ 13.5199786, 52.423096399999984 ], [ 13.5197863, 52.423019 ], [ 13.5197781, 52.4229566 ], [ 13.5198313, 52.4228617 ], [ 13.5199438, 52.422756899999989 ], [ 13.5200932, 52.422722 ], [ 13.5203368, 52.4226696 ], [ 13.5205741, 52.4226746 ], [ 13.5207051, 52.4227095 ] ] ] } },
{ "type": "Feature", "properties": { "name": "Nikolassee", "name_norm": "nikolassee", "natural": "water", "water": "lake", "wikidata": "Q1991313", "area_sqkm": 0.058965585444293769, "centroid_lon": 13.192368973086964, "centroid_lat": 52.424096923684246 }, "geometry": { "type": "Polygon", "coordinates": [ [ [ 13.1926558, 52.424937 ], [ 13.1925628, 52.4249742 ], [ 13.1918463, 52.4255151 ], [ 13.1915358, 52.425615 ], [ 13.1910126, 52.425551599999984 ], [ 13.1907575, 52.4254722 ], [ 13.1906829, 52.4254034 ], [ 13.190592, 52.4253746 ], [ 13.1904138, 52.4253642 ], [ 13.1902973, 52.4252839 ], [ 13.1902672, 52.4252027 ], [ 13.1902365, 52.4250937 ], [ 13.1901547, 52.4250073 ], [ 13.1900129, 52.4249386 ], [ 13.1899144, 52.4248639 ], [ 13.1898467, 52.4248426 ], [ 13.1897641, 52.4248157 ], [ 13.1896997, 52.4248436 ], [ 13.1896185, 52.4248543 ], [ 13.1895239, 52.4248331 ], [ 13.1894722, 52.4247825 ], [ 13.1895521, 52.424673 ], [ 13.1896854, 52.4245314 ], [ 13.1897071, 52.4244603 ], [ 13.189779, 52.4243617 ], [ 13.1898441, 52.4243449 ], [ 13.1901888, 52.4243267 ], [ 13.190352, 52.4242998 ], [ 13.190466, 52.4242376 ], [ 13.1905433, 52.4241568 ], [ 13.1907086, 52.4240868 ], [ 13.1909648, 52.424025 ], [ 13.1916281, 52.4237345 ], [ 13.1919101, 52.4235617 ], [ 13.1922559, 52.4234026 ], [ 13.1925133, 52.4232177 ], [ 13.1925715, 52.4231331 ], [ 13.192823, 52.4229952 ], [ 13.1929906, 52.4229011 ], [ 13.1929393, 52.4228365 ], [ 13.1927306, 52.4228356 ], [ 13.1926434, 52.4227974 ], [ 13.1926337, 52.4227072 ], [ 13.1927811, 52.4225597 ], [ 13.1929273, 52.4225115 ], [ 13.1931759, 52.4225163 ], [ 13.1937832, 52.4226019 ], [ 13.1941514, 52.4224582 ], [ 13.1943789, 52.422449899999989 ], [ 13.1944454, 52.4224898 ], [ 13.1945346, 52.4226391 ], [ 13.1945686, 52.4228208 ], [ 13.1943461, 52.4229038 ], [ 13.1942565, 52.4229779 ], [ 13.1942402, 52.4230471 ], [ 13.1946574, 52.4231537 ], [ 13.1947895, 52.4232106 ], [ 13.1947958, 52.423331 ], [ 13.1944529, 52.423765 ], [ 13.1937782, 52.4243602 ], [ 13.1928586, 52.424886 ], [ 13.1926558, 52.424937 ] ] ] } },
{ "type": "Feature", "properties": { "name": "Elsensee", "name_norm": "elsensee", "natural": "water", "water": "lake", "wikidata": "Q26271493", "area_sqkm": 0.11484650405228695, "centroid_lon": 13.60202879108016, "centroid_lat": 52.49869322465134 }, "geometry": { "type": "Polygon", "coordinates": [ [ [ 13.6039313, 52.4978804 ], [ 13.6040361, 52.4980709 ], [ 13.60402, 52.4983413 ], [ 13.6038155, 52.4986499 ], [ 13.6037521, 52.4988017 ], [ 13.6037644, 52.4990102 ], [ 13.6039877, 52.4994655 ], [ 13.604162, 52.499708 ], [ 13.6042639, 52.4998769 ], [ 13.6043344, 52.5000647 ], [ 13.6045048, 52.5002454 ], [ 13.604496, 52.5005548 ], [ 13.6043344, 52.500712199999981 ], [ 13.6039935, 52.5008285 ], [ 13.6032825, 52.5008696 ], [ 13.6030239, 52.500937599999986 ], [ 13.6025836, 52.5009357 ], [ 13.6022967, 52.5009926 ], [ 13.6020085, 52.5010652 ], [ 13.601778, 52.5010217 ], [ 13.6016866, 52.5010151 ], [ 13.6015854, 52.5009913 ], [ 13.6014724, 52.5009126 ], [ 13.6012785, 52.5007069 ], [ 13.5998168, 52.497820799999985 ], [ 13.5996228, 52.4972997 ], [ 13.5995383, 52.4972531 ], [ 13.5995203, 52.4970903 ], [ 13.5998673, 52.4966845 ], [ 13.6000146, 52.4965995 ], [ 13.60016, 52.4965013 ], [ 13.6004258, 52.4964339 ], [ 13.6007715, 52.4963438 ], [ 13.6011896, 52.4962753 ], [ 13.601577, 52.496362099999985 ], [ 13.6017781, 52.4963436 ], [ 13.6018733, 52.4963667 ], [ 13.602005, 52.4964282 ], [ 13.6021548, 52.496527 ], [ 13.602144, 52.4966865 ], [ 13.6024413, 52.496782 ], [ 13.6026698, 52.497391699999987 ], [ 13.6029617, 52.497285399999988 ], [ 13.603201, 52.4972857 ], [ 13.603235, 52.4973411 ], [ 13.6034968, 52.4974904 ], [ 13.6037835, 52.4978268 ], [ 13.6039313, 52.4978804 ] ] ] } },
{ "type": "Feature", "properties": { "name": "Railroad Pond", "name_norm": "railroad pond", "natural": "water", "water": "lake", "wikidata": null, "area_sqkm": 0.11420953917931803, "centroid_lon": -72.772278218395059, "centroid_lat": 41.630830909395215 }, "geometry": { "type": "Polygon", "coordinates": [ [ [ -72.770464199999424, 41.632504299999276 ], [ -72.770483699999431, 41.632491899999273 ], [ -72.770513899999429, 41.632479399999262 ], [ -72.77058769999941, 41.632460799999265 ], [ -72.770628599999426, 41.632456799999282 ], [ -72.770698299999424, 41.632457799999266 ], [ -72.770710999999423, 41.632454299999274 ], [ -72.77072979999943, 41.632433299999271 ], [ -72.770763299999416, 41.632390199999271 ], [ -72.770786099999412, 41.632375099999273 ], [ -72.770838399999434, 41.632350099999265 ], [ -72.77092559999943, 41.632288399999275 ], [ -72.770947699999425, 41.632261799999263 ], [ -72.771003399999415, 41.632180199999269 ], [ -72.771026199999426, 41.632126999999272 ], [ -72.77110329999941, 41.63204529999927 ], [ -72.771124799999427, 41.632031299999277 ], [ -72.771154299999424, 41.632005699999269 ], [ -72.771197899999422, 41.631986199999261 ], [ -72.771240799999418, 41.63197719999927 ], [ -72.771346699999413, 41.631971699999276 ], [ -72.771435899999418, 41.631969699999274 ], [ -72.771462699999432, 41.631964599999257 ], [ -72.771524399999436, 41.631947599999272 ], [ -72.771538499999423, 41.63194259999927 ], [ -72.771551199999436, 41.631935099999282 ], [ -72.771609599999422, 41.631893499999265 ], [ -72.771647099999427, 41.631874899999261 ], [ -72.771756399999418, 41.63183129999927 ], [ -72.771793999999431, 41.631814799999262 ], [ -72.771847599999433, 41.631796699999278 ], [ -72.771889199999421, 41.631796699999285 ], [ -72.77196899999943, 41.631807299999259 ], [ -72.772008599999424, 41.631815299999268 ], [ -72.772077599999434, 41.631840799999267 ], [ -72.77217949999941, 41.631857899999261 ], [ -72.772206999999412, 41.631864399999273 ], [ -72.772355899999411, 41.631874899999261 ], [ -72.772383399999427, 41.63187239999926 ], [ -72.772466499999425, 41.631846399999276 ], [ -72.772478599999431, 41.631841299999273 ], [ -72.772725999999423, 41.631695999999266 ], [ -72.772738799999416, 41.631685499999271 ], [ -72.77274879999942, 41.631675999999267 ], [ -72.77277829999943, 41.631626299999262 ], [ -72.772783699999437, 41.631613799999258 ], [ -72.772791799999425, 41.631577699999283 ], [ -72.772796499999416, 41.631510099999261 ], [ -72.772799799999419, 41.631487499999274 ], [ -72.772817199999423, 41.631433399999267 ], [ -72.772831299999439, 41.631413299999267 ], [ -72.772872199999426, 41.631387299999261 ], [ -72.77288499999942, 41.63138229999926 ], [ -72.772947999999417, 41.631374199999257 ], [ -72.773094199999434, 41.631366199999263 ], [ -72.773134399999435, 41.631349199999278 ], [ -72.773150499999417, 41.631329099999277 ], [ -72.773159899999428, 41.631307099999269 ], [ -72.773157199999432, 41.631285999999271 ], [ -72.773145099999411, 41.631265999999272 ], [ -72.773143799999417, 41.631244899999267 ], [ -72.773157199999432, 41.63123089999926 ], [ -72.773179999999428, 41.631216899999266 ], [ -72.773249699999425, 41.631158699999268 ], [ -72.77332989999941, 41.63108279999927 ], [ -72.773394599999435, 41.63102139999927 ], [ -72.773433499999413, 41.630991299999273 ], [ -72.773450899999432, 41.630975299999271 ], [ -72.773499199999421, 41.630922199999276 ], [ -72.773516599999411, 41.630905099999268 ], [ -72.773594399999439, 41.630817899999272 ], [ -72.773728499999422, 41.630654499999274 ], [ -72.773837199999434, 41.63053619999927 ], [ -72.773878699999429, 41.63050519999927 ], [ -72.773948499999435, 41.630443999999265 ], [ -72.773980599999433, 41.63040789999927 ], [ -72.774027599999414, 41.630332699999265 ], [ -72.774038299999418, 41.630296699999271 ], [ -72.774036999999424, 41.630273599999263 ], [ -72.774027599999428, 41.630207399999279 ], [ -72.774027599999414, 41.630186399999261 ], [ -72.774055799999417, 41.630144299999259 ], [ -72.774048999999451, 41.630088199999271 ], [ -72.774057099999411, 41.630068099999271 ], [ -72.774069199999417, 41.630048099999286 ], [ -72.774095999999432, 41.629989899999266 ], [ -72.774099999999422, 41.629970899999257 ], [ -72.774110699999426, 41.629942799999256 ], [ -72.774108099999424, 41.629920799999276 ], [ -72.774075899999417, 41.629861599999259 ], [ -72.774070499999425, 41.629826499999268 ], [ -72.77414159999941, 41.629782399999272 ], [ -72.77416369999942, 41.629773899999257 ], [ -72.774207299999432, 41.629752899999268 ], [ -72.774205999999438, 41.629741799999266 ], [ -72.77419919999943, 41.629733799999258 ], [ -72.774186499999416, 41.629732299999255 ], [ -72.774157699999421, 41.629730799999265 ], [ -72.774130199999433, 41.629732299999276 ], [ -72.774113399999422, 41.629735299999268 ], [ -72.774075899999417, 41.629752399999262 ], [ -72.774062499999417, 41.629753899999258 ], [ -72.774031599999418, 41.629744799999266 ], [ -72.774002799999451, 41.629743799999268 ], [ -72.773988699999435, 41.629738799999274 ], [ -72.77397729999943, 41.629732299999255 ], [ -72.773988699999435, 41.629713799999266 ], [ -72.774008799999436, 41.629693199999274 ], [ -72.774066499999435, 41.629651599999271 ], [ -72.77409259999942, 41.629614499999256 ], [ -72.774124799999427, 41.629579899999264 ], [ -72.774112099999428, 41.629565399999265 ], [ -72.774089299999432, 41.629554899999263 ], [ -72.774073899999436, 41.629552399999262 ], [ -72.774060399999414, 41.629552899999261 ], [ -72.774029599999423, 41.629558399999262 ], [ -72.774000799999413, 41.629559399999266 ], [ -72.773972599999439, 41.629564399999268 ], [ -72.773935099999434, 41.629564699999271 ], [ -72.77387269999943, 41.629563899999262 ], [ -72.773852599999429, 41.629566899999269 ], [ -72.773839799999422, 41.629572399999269 ], [ -72.773786899999422, 41.629610999999272 ], [ -72.773721799999436, 41.629678699999261 ], [ -72.773696999999416, 41.629693699999265 ], [ -72.773546799999437, 41.629731299999271 ], [ -72.77336109999942, 41.629748299999271 ], [ -72.773261799999418, 41.629772399999268 ], [ -72.773233699999423, 41.629775399999268 ], [ -72.773167899999422, 41.629766399999269 ], [ -72.773091499999424, 41.629744299999274 ], [ -72.773048599999427, 41.629712299999269 ], [ -72.772960099999437, 41.629660099999271 ], [ -72.772931899999435, 41.62964609999927 ], [ -72.772907799999416, 41.629637099999272 ], [ -72.772679799999437, 41.629559899999272 ], [ -72.77261409999943, 41.629543899999277 ], [ -72.772550999999439, 41.62953779999927 ], [ -72.772483999999423, 41.629538799999274 ], [ -72.77242899999942, 41.629549899999269 ], [ -72.772402199999433, 41.629552899999268 ], [ -72.77227739999941, 41.629578899999274 ], [ -72.77224929999943, 41.629586999999262 ], [ -72.772191599999417, 41.62959799999927 ], [ -72.771928799999429, 41.629711299999265 ], [ -72.771903299999423, 41.629724299999268 ], [ -72.77188449999943, 41.629742299999265 ], [ -72.771794599999438, 41.629879699999265 ], [ -72.771782599999412, 41.629902699999263 ], [ -72.771755799999426, 41.629941799999266 ], [ -72.771687399999422, 41.630056099999273 ], [ -72.771657899999425, 41.630096199999265 ], [ -72.771648499999415, 41.630117199999262 ], [ -72.771644399999417, 41.630143299999268 ], [ -72.771636699999419, 41.630156799999263 ], [ -72.771617999999421, 41.630164799999264 ], [ -72.771589799999404, 41.630185899999262 ], [ -72.771582399999417, 41.630196399999264 ], [ -72.771346699999413, 41.630641499999278 ], [ -72.771290399999415, 41.630715699999271 ], [ -72.771254199999419, 41.630773799999261 ], [ -72.771179099999415, 41.630887099999278 ], [ -72.771152299999429, 41.630924199999271 ], [ -72.771081199999429, 41.631058499999284 ], [ -72.771054399999429, 41.63109959999926 ], [ -72.770973899999433, 41.631238899999268 ], [ -72.770960499999418, 41.631257999999278 ], [ -72.770812999999421, 41.631432399999269 ], [ -72.770800899999429, 41.631452399999262 ], [ -72.770768699999437, 41.631491499999271 ], [ -72.770745899999412, 41.63150659999927 ], [ -72.770720399999419, 41.63152059999927 ], [ -72.770650699999422, 41.631574699999277 ], [ -72.770630599999421, 41.631592799999275 ], [ -72.770576899999412, 41.631655899999259 ], [ -72.770562199999418, 41.631674999999277 ], [ -72.770521899999423, 41.631741099999253 ], [ -72.770508499999423, 41.631759199999266 ], [ -72.770470299999417, 41.631841099999271 ], [ -72.770444799999424, 41.631912599999275 ], [ -72.770375499999417, 41.632183299999262 ], [ -72.770359099999411, 41.632180899999263 ], [ -72.770333999999437, 41.632278799999263 ], [ -72.770307699999449, 41.632381599999277 ], [ -72.770343199999431, 41.632386699999273 ], [ -72.770329799999431, 41.63243899999928 ], [ -72.770312399999412, 41.632436499999265 ], [ -72.770301099999429, 41.63248099999926 ], [ -72.770464199999424, 41.632504299999276 ] ] ] } },
{ "type": "Feature", "properties": { "name": "Holmes Pond", "name_norm": "holmes pond", "natural": "water", "water": "pond", "wikidata": null, "area_sqkm": 0.013343876939573786, "centroid_lon": -72.755594497680008, "centroid_lat": 41.62937051931771 }, "geometry": { "type": "Polygon", "coordinates": [ [ [ -72.755438999999413, 41.629703499999266 ], [ -72.755565999999419, 41.629723099999268 ], [ -72.755679599999411, 41.629698099999281 ], [ -72.755723999999404, 41.629733299999252 ], [ -72.755776199999417, 41.629752599999271 ], [ -72.755880599999429, 41.629749699999259 ], [ -72.756041599999421, 41.629670999999277 ], [ -72.756146899999436, 41.629573799999278 ], [ -72.756227199999429, 41.629581699999278 ], [ -72.756269099999415, 41.629528799999278 ], [ -72.756317199999415, 41.629483599999276 ], [ -72.756292499999432, 41.629423399999268 ], [ -72.756227399999403, 41.629346999999278 ], [ -72.755998299999419, 41.629189599999272 ], [ -72.755886799999416, 41.629129399999272 ], [ -72.755799799999437, 41.629167499999262 ], [ -72.75576919999942, 41.629166499999265 ], [ -72.755761099999432, 41.629167099999272 ], [ -72.755737799999437, 41.62917699999926 ], [ -72.755718899999422, 41.629202699999276 ], [ -72.755578599999438, 41.629189099999273 ], [ -72.755465399999423, 41.629105999999268 ], [ -72.755338699999413, 41.629045399999278 ], [ -72.755231199999429, 41.628969799999268 ], [ -72.75509489999942, 41.628912299999264 ], [ -72.755033699999416, 41.628918899999263 ], [ -72.754983099999436, 41.628947099999266 ], [ -72.754948599999423, 41.62900949999927 ], [ -72.754881099999423, 41.629053999999272 ], [ -72.754882399999431, 41.629084199999276 ], [ -72.754915499999427, 41.629126199999263 ], [ -72.755025999999418, 41.629182699999269 ], [ -72.755056899999431, 41.629211399999271 ], [ -72.755080199999426, 41.629267099999261 ], [ -72.755098799999416, 41.629338099999281 ], [ -72.755103599999416, 41.629385999999265 ], [ -72.755171499999435, 41.629471999999275 ], [ -72.755279699999406, 41.629579899999271 ], [ -72.755371399999433, 41.629660799999272 ], [ -72.755438999999413, 41.629703499999266 ] ] ] } },
{ "type": "Feature", "properties": { "name": "Roetepfuhl Britz", "name_norm": "roetepfuhl britz", "natural": "water", "water": "pond", "wikidata": "Q59786179", "area_sqkm": 0.0020023715073272733, "centroid_lon": 13.427840622922089, "centroid_lat": 52.441534987127845 }, "geometry": { "type": "Polygon", "coordinates": [ [ [ 13.4276846, 52.4413331 ], [ 13.4281218, 52.4413961 ], [ 13.4282729, 52.4415608 ], [ 13.4282172, 52.4417159 ], [ 13.4279638, 52.4417627 ], [ 13.4275256, 52.4416141 ], [ 13.4273587, 52.4415027 ], [ 13.4274064, 52.4413864 ], [ 13.4276846, 52.4413331 ] ] ] } },
{ "type": "Feature", "properties": { "name": "Seerosenteich", "name_norm": "seerosenteich", "natural": "water", "water": "pond", "wikidata": null, "area_sqkm": 0.00088605089722817337, "centroid_lon": 13.351709936245218, "centroid_lat": 52.518145647360775 }, "geometry": { "type": "Polygon", "coordinates": [ [ [ 13.3519565, 52.5182485 ], [ 13.3519147, 52.5182717 ], [ 13.351883, 52.5182821 ], [ 13.3517732, 52.5182826 ], [ 13.3517731, 52.5182604 ], [ 13.351748, 52.5182267 ], [ 13.3516679, 52.5182119 ], [ 13.3516076, 52.5182228 ], [ 13.3515749, 52.5182438 ], [ 13.3515734, 52.5182791 ], [ 13.351545, 52.5182798 ], [ 13.3514514, 52.518234 ], [ 13.3514116, 52.5181572 ], [ 13.3514125, 52.518118200000011 ], [ 13.3514538, 52.518081 ], [ 13.3514917, 52.5180521 ], [ 13.3515522, 52.5180328 ], [ 13.3516603, 52.5180166 ], [ 13.3518022, 52.5180254 ], [ 13.3518927, 52.5180432 ], [ 13.3519524, 52.5180771 ], [ 13.3519842, 52.518113 ], [ 13.3519943, 52.518156 ], [ 13.3519842, 52.5182079 ], [ 13.3519565, 52.5182485 ] ] ] } },
{ "type": "Feature", "properties": { "name": "Dominikusteich", "name_norm": "dominikusteich", "natural": "water", "water": "pond", "wikidata": "Q33207215", "area_sqkm": 0.0014789016235705419, "centroid_lon": 13.29459981043501, "centroid_lat": 52.621769967564553 }, "geometry": { "type": "Polygon", "coordinates": [ [ [ 13.2941357, 52.6217473 ], [ 13.2942195, 52.621696499999985 ], [ 13.2942918, 52.621673800000011 ], [ 13.2943649, 52.6216785 ], [ 13.2944515, 52.6216808 ], [ 13.2945434, 52.621664099999983 ], [ 13.2946588, 52.6216137 ], [ 13.2947344, 52.6216053 ], [ 13.2948319, 52.62167419999998 ], [ 13.2948822, 52.6216441 ], [ 13.2949338, 52.6216533 ], [ 13.2950443, 52.6217223 ], [ 13.2950727, 52.621775 ], [ 13.2950498, 52.6218304 ], [ 13.2949967, 52.6218553 ], [ 13.2947702, 52.6218852 ], [ 13.2946548, 52.621890499999985 ], [ 13.2943895, 52.6218843 ], [ 13.2942248, 52.621871299999988 ], [ 13.2941275, 52.6218586 ], [ 13.2940915, 52.6218007 ], [ 13.2941357, 52.6217473 ] ] ] } },
{ "type": "Feature", "properties": { "name": "Kleiner Rohrpfuhl", "name_norm": "kleiner rohrpfuhl", "natural": "water", "water": "pond", "wikidata": null, "area_sqkm": 0.0014294769004150052, "centroid_lon": 13.491611914203546, "centroid_lat": 52.410041849492913 }, "geometry": { "type": "Polygon", "coordinates": [ [ [ 13.4919184, 52.4103611 ], [ 13.4919077, 52.4103629 ], [ 13.4913728, 52.4100744 ], [ 13.4913537, 52.4100682 ], [ 13.4913306, 52.4100706 ], [ 13.4912793, 52.4100818 ], [ 13.4912651, 52.4100813 ], [ 13.4912535, 52.4100765 ], [ 13.4911645, 52.4100064 ], [ 13.4911611, 52.4100017 ], [ 13.4911622, 52.4099958 ], [ 13.4912491, 52.4099502 ], [ 13.4912622, 52.4099471 ], [ 13.4912772, 52.409948 ], [ 13.4913957, 52.40997 ], [ 13.4914115, 52.4099695 ], [ 13.491419, 52.409962299999989 ], [ 13.4914388, 52.409911 ], [ 13.4914531, 52.4098956 ], [ 13.49153, 52.4098458 ], [ 13.4915877, 52.4097941 ], [ 13.4915908, 52.4097837 ], [ 13.4915895, 52.4097759 ], [ 13.4915913, 52.4097681 ], [ 13.4916547, 52.409721299999987 ], [ 13.491826, 52.41002 ], [ 13.4919265, 52.4103581 ], [ 13.4919184, 52.4103611 ] ] ] } },
{ "type": "Feature", "properties": { "name": "Wilhelmsruher See", "name_norm": "wilhelmsruher see", "natural": "water", "water": "pond", "wikidata": null, "area_sqkm": 0.0080990660302814928, "centroid_lon": 13.370021916089588, "centroid_lat": 52.584256000458012 }, "geometry": { "type": "Polygon", "coordinates": [ [ [ 13.3692143, 52.5843003 ], [ 13.3691568, 52.5842364 ], [ 13.3691508, 52.5841921 ], [ 13.3691735, 52.5841532 ], [ 13.3692275, 52.584113 ], [ 13.3692954, 52.5840738 ], [ 13.3693533, 52.5840456 ], [ 13.3695098, 52.5839864 ], [ 13.3697929, 52.5839021 ], [ 13.3700979, 52.5838227 ], [ 13.370229, 52.5837891 ], [ 13.3703009, 52.5837833 ], [ 13.3703784, 52.5837916 ], [ 13.3704782, 52.5838238 ], [ 13.370548, 52.5838573 ], [ 13.3706051, 52.5838942 ], [ 13.3707177, 52.5840344 ], [ 13.37076, 52.584108499999985 ], [ 13.3707683, 52.5841621 ], [ 13.3707935, 52.5843088 ], [ 13.3707666, 52.5843707 ], [ 13.3707331, 52.5844409 ], [ 13.370565, 52.5845334 ], [ 13.3703981, 52.5845852 ], [ 13.3702527, 52.5846314 ], [ 13.3700991, 52.5846785 ], [ 13.3700035, 52.5847071 ], [ 13.3698856, 52.5847328 ], [ 13.369821, 52.58474660000001 ], [ 13.3697596, 52.5847466 ], [ 13.3697113, 52.5847359 ], [ 13.3696078, 52.584673 ], [ 13.3695128, 52.584587699999986 ], [ 13.3693524, 52.5844449 ], [ 13.3692143, 52.5843003 ] ] ] } },
{ "type": "Feature", "properties": { "name": "Großer Rohrpfuhl", "name_norm": "großer rohrpfuhl", "natural": "water", "water": "pond", "wikidata": "Q59786181", "area_sqkm": 0.0060313893091605494, "centroid_lon": 13.49319874812551, "centroid_lat": 52.410974374073788 }, "geometry": { "type": "Polygon", "coordinates": [ [ [ 13.4931224, 52.4105914 ], [ 13.4931901, 52.4105478 ], [ 13.4933865, 52.4105297 ], [ 13.4934558, 52.410593 ], [ 13.4935252, 52.4106723 ], [ 13.4935934, 52.4107792 ], [ 13.4936183, 52.4109247 ], [ 13.4936837, 52.4109765 ], [ 13.4937592, 52.411048499999985 ], [ 13.493846, 52.411188499999987 ], [ 13.4938935, 52.4112928 ], [ 13.4939209, 52.4113117 ], [ 13.4939447, 52.4113499 ], [ 13.4939433, 52.411392599999985 ], [ 13.4939339, 52.4114155 ], [ 13.4939137, 52.41143 ], [ 13.4938791, 52.4114485 ], [ 13.4938222, 52.4114643 ], [ 13.4936815, 52.4114194 ], [ 13.4935156, 52.41138 ], [ 13.4934933, 52.4113807 ], [ 13.4934645, 52.4113873 ], [ 13.49344, 52.4113996 ], [ 13.4934061, 52.4114005 ], [ 13.4933664, 52.4113671 ], [ 13.493334, 52.4113367 ], [ 13.4933001, 52.4113207 ], [ 13.4931919, 52.411284 ], [ 13.4931602, 52.4112532 ], [ 13.4931178, 52.411241800000013 ], [ 13.4930511, 52.4112246 ], [ 13.4929706, 52.411214 ], [ 13.4929569, 52.4111947 ], [ 13.4929533, 52.411169199999989 ], [ 13.4929605, 52.4111432 ], [ 13.4929321, 52.411121099999988 ], [ 13.4928517, 52.4111074 ], [ 13.4925954, 52.4110636 ], [ 13.4924398, 52.4110372 ], [ 13.4924052, 52.411028 ], [ 13.4923822, 52.4110099 ], [ 13.492367, 52.4109844 ], [ 13.4923715, 52.4109587 ], [ 13.4923826, 52.4109304 ], [ 13.4923744, 52.4109261 ], [ 13.4925833, 52.4106822 ], [ 13.4926475, 52.4106981 ], [ 13.4927247, 52.4106581 ], [ 13.4927926, 52.4106522 ], [ 13.492853, 52.4106224 ], [ 13.4929856, 52.4105848 ], [ 13.4931224, 52.4105914 ] ] ] } },
{ "type": "Feature", "properties": { "name": "Theodosiusteich", "name_norm": "theodosiusteich", "natural": "water", "water": "pond", "wikidata": null, "area_sqkm": 0.00049748785990406691, "centroid_lon": 13.356648396398459, "centroid_lat": 52.44029691909661 }, "geometry": { "type": "Polygon", "coordinates": [ [ [ 13.3567253, 52.440192 ], [ 13.3568306, 52.440272 ], [ 13.3568093, 52.4403654 ], [ 13.3567523, 52.4404016 ], [ 13.3566777, 52.4404224 ], [ 13.3565723, 52.440409099999982 ], [ 13.3565172, 52.4403536 ], [ 13.356468, 52.4402763 ], [ 13.3564952, 52.4401959 ], [ 13.3565995, 52.4401807 ], [ 13.3567253, 52.440192 ] ] ] } },
{ "type": "Feature", "properties": { "name": "Blümelteich", "name_norm": "blumelteich", "natural": "water", "water": "pond", "wikidata": "Q117765431", "area_sqkm": 0.013147255350195361, "centroid_lon": 13.388824707827967, "centroid_lat": 52.442700055050949 }, "geometry": { "type": "Polygon", "coordinates": [ [ [ 13.3906955, 52.442698399999983 ], [ 13.3906997, 52.4427179 ], [ 13.3906932, 52.4427396 ], [ 13.3905677, 52.4430748 ], [ 13.390557, 52.4430969 ], [ 13.3905248, 52.4431133 ], [ 13.390502, 52.4431133 ], [ 13.3902903, 52.4430925 ], [ 13.3901143, 52.4430608 ], [ 13.3899557, 52.4430529 ], [ 13.3896332, 52.4430522 ], [ 13.389468, 52.4430447 ], [ 13.3893234, 52.4430343 ], [ 13.3891788, 52.4430167 ], [ 13.388878, 52.4429735 ], [ 13.3877262, 52.4428193 ], [ 13.3873437, 52.4427675 ], [ 13.3872056, 52.4427307 ], [ 13.3871101, 52.442694 ], [ 13.3870661, 52.4426674 ], [ 13.3870407, 52.4426344 ], [ 13.3870387, 52.44259910000001 ], [ 13.3870742, 52.4425288 ], [ 13.3871171, 52.442469899999985 ], [ 13.3871399, 52.4424176 ], [ 13.38716, 52.4422852 ], [ 13.3871694, 52.442241 ], [ 13.3872041, 52.4422291 ], [ 13.3872741, 52.4422317 ], [ 13.3873507, 52.4422405 ], [ 13.38745, 52.4422561 ], [ 13.3880572, 52.442347299999987 ], [ 13.3883549, 52.4423947 ], [ 13.38906, 52.4425 ], [ 13.3896394, 52.442571 ], [ 13.3902486, 52.4426301 ], [ 13.3905175, 52.442660099999983 ], [ 13.3906292, 52.4426688 ], [ 13.3906679, 52.4426793 ], [ 13.3906955, 52.442698399999983 ] ] ] } },
{ "type": "Feature", "properties": { "name": "Dillgesteich", "name_norm": "dillgesteich", "natural": "water", "water": "pond", "wikidata": null, "area_sqkm": 0.00092470738574130563, "centroid_lon": 13.388936363057701, "centroid_lat": 52.442193275764772 }, "geometry": { "type": "Polygon", "coordinates": [ [ [ 13.3891985, 52.4421789 ], [ 13.3892521, 52.4422459 ], [ 13.3892401, 52.442304 ], [ 13.3891864, 52.4423342 ], [ 13.3891261, 52.4423358 ], [ 13.3890443, 52.4423301 ], [ 13.3889544, 52.4423154 ], [ 13.3887894, 52.4422803 ], [ 13.3886795, 52.4422345 ], [ 13.3886486, 52.4421985 ], [ 13.3886433, 52.4421642 ], [ 13.3886607, 52.4421168 ], [ 13.3887371, 52.4420497 ], [ 13.3888069, 52.4420309 ], [ 13.3888793, 52.4420334 ], [ 13.3889611, 52.4420595 ], [ 13.3890174, 52.4421045 ], [ 13.3890682, 52.4421286 ], [ 13.3891985, 52.4421789 ] ] ] } },
{ "type": "Feature", "properties": { "name": "Kleiner Teich", "name_norm": "kleiner teich", "natural": "water", "water": "pond", "wikidata": null, "area_sqkm": 0.0007665224844725716, "centroid_lon": 13.390142926585533, "centroid_lat": 52.441989944004362 }, "geometry": { "type": "Polygon", "coordinates": [ [ [ 13.3900742, 52.4418552 ], [ 13.3901587, 52.4418282 ], [ 13.3902553, 52.4418298 ], [ 13.3903022, 52.4418494 ], [ 13.3903478, 52.4418862 ], [ 13.3903317, 52.441986 ], [ 13.3903089, 52.4420391 ], [ 13.39027, 52.4420816 ], [ 13.3902311, 52.44212 ], [ 13.390148, 52.4421584 ], [ 13.390097, 52.4421625 ], [ 13.3900541, 52.4421552 ], [ 13.3900058, 52.4421364 ], [ 13.3899508, 52.4420734 ], [ 13.3899415, 52.4419949 ], [ 13.389983, 52.4419099 ], [ 13.3900742, 52.4418552 ] ] ] } },
{ "type": "Feature", "properties": { "name": "Großer Karpfenpfuhl", "name_norm": "großer karpfenpfuhl", "natural": "water", "water": "pond", "wikidata": null, "area_sqkm": 0.0018050361557053899, "centroid_lon": 13.404093115370335, "centroid_lat": 52.43882245542607 }, "geometry": { "type": "Polygon", "coordinates": [ [ [ 13.4042329, 52.4389357 ], [ 13.4040826, 52.4389657 ], [ 13.403825, 52.4390007 ], [ 13.4035964, 52.4389578 ], [ 13.4035537, 52.4389083 ], [ 13.4035537, 52.4388302 ], [ 13.4037246, 52.4387755 ], [ 13.4040471, 52.438726 ], [ 13.4042179, 52.4386388 ], [ 13.4043467, 52.438624 ], [ 13.4045105, 52.4386622 ], [ 13.404613, 52.4387091 ], [ 13.4045751, 52.4388166 ], [ 13.4044571, 52.4388745 ], [ 13.4042404, 52.4389337 ], [ 13.4042329, 52.4389357 ] ] ] } },
{ "type": "Feature", "properties": { "name": "Rothepfuhl", "name_norm": "rothepfuhl", "natural": "water", "water": "pond", "wikidata": null, "area_sqkm": 0.0032738699636737185, "centroid_lon": 13.40625734473039, "centroid_lat": 52.440417556513339 }, "geometry": { "type": "Polygon", "coordinates": [ [ [ 13.4058723, 52.4404444 ], [ 13.4058574, 52.4403493 ], [ 13.40598, 52.4402247 ], [ 13.4061398, 52.4401296 ], [ 13.4063292, 52.4401002 ], [ 13.4065261, 52.4401047 ], [ 13.4067044, 52.4401658 ], [ 13.4067565, 52.4402474 ], [ 13.4067506, 52.4403512 ], [ 13.4065356, 52.4404396 ], [ 13.4065364, 52.4405197 ], [ 13.4064741, 52.4406142 ], [ 13.406411, 52.4406958 ], [ 13.4062019, 52.4407528 ], [ 13.4059996, 52.4407913 ], [ 13.4058759, 52.440715799999978 ], [ 13.4058649, 52.4406006 ], [ 13.4058723, 52.4404444 ] ] ] } },
{ "type": "Feature", "properties": { "name": "Dorfteich", "name_norm": "dorfteich", "natural": "water", "water": "pond", "wikidata": null, "area_sqkm": 0.0004983193044066892, "centroid_lon": 13.495494429252785, "centroid_lat": 52.418240424951883 }, "geometry": { "type": "Polygon", "coordinates": [ [ [ 13.495259, 52.4182299 ], [ 13.4952933, 52.4181982 ], [ 13.4953542, 52.4181519 ], [ 13.4953992, 52.4181424 ], [ 13.4954686, 52.4181439 ], [ 13.4955347, 52.4181482 ], [ 13.4956155, 52.4181717 ], [ 13.495681, 52.418198299999986 ], [ 13.4957153, 52.4182396 ], [ 13.4957168, 52.4182738 ], [ 13.4956882, 52.4182995 ], [ 13.4956562, 52.4183193 ], [ 13.4955594, 52.4183349 ], [ 13.4954427, 52.4183338 ], [ 13.4953775, 52.4183169 ], [ 13.4952973, 52.4182684 ], [ 13.495259, 52.4182299 ] ] ] } },
{ "type": "Feature", "properties": { "name": "Waldpfuhl", "name_norm": "waldpfuhl", "natural": "water", "water": "pond", "wikidata": null, "area_sqkm": 0.00082803977790235715, "centroid_lon": 13.414460512618149, "centroid_lat": 52.376912479099012 }, "geometry": { "type": "Polygon", "coordinates": [ [ [ 13.4140436, 52.3769191 ], [ 13.4140392, 52.3769092 ], [ 13.4140436, 52.376890299999985 ], [ 13.4140658, 52.3768731 ], [ 13.4140894, 52.3768506 ], [ 13.4141057, 52.3768236 ], [ 13.4141455, 52.3768173 ], [ 13.4142711, 52.3768506 ], [ 13.4142932, 52.3768506 ], [ 13.4143242, 52.376838 ], [ 13.414404, 52.3768091 ], [ 13.4144719, 52.376817300000013 ], [ 13.4145044, 52.3768317 ], [ 13.4145428, 52.376838 ], [ 13.4145768, 52.3768398 ], [ 13.414624, 52.3768335 ], [ 13.4147392, 52.37684070000001 ], [ 13.4147865, 52.3768659 ], [ 13.4148027, 52.376893 ], [ 13.4147953, 52.3769245 ], [ 13.4147879, 52.3769489 ], [ 13.4146861, 52.377012 ], [ 13.4147067, 52.37703 ], [ 13.4146875, 52.3770435 ], [ 13.4146609, 52.3770228 ], [ 13.4146107, 52.3770237 ], [ 13.4145605, 52.3770264 ], [ 13.4144941, 52.3770255 ], [ 13.4144394, 52.3770129 ], [ 13.414401, 52.3769931 ], [ 13.4143375, 52.376971399999988 ], [ 13.4142046, 52.376939 ], [ 13.4141574, 52.3769345 ], [ 13.4140436, 52.3769191 ] ] ] } },
{ "type": "Feature", "properties": { "name": "Teich Britz", "name_norm": "teich britz", "natural": "water", "water": "pond", "wikidata": "Q59786156", "area_sqkm": 0.00071645761862871953, "centroid_lon": 13.446013125970735, "centroid_lat": 52.45837795243375 }, "geometry": { "type": "Polygon", "coordinates": [ [ [ 13.4457438, 52.4583954 ], [ 13.4456947, 52.4583115 ], [ 13.4457203, 52.4582746 ], [ 13.4458945, 52.4582783 ], [ 13.4459834, 52.4582907 ], [ 13.4460827, 52.458300700000017 ], [ 13.4462077, 52.458322699999982 ], [ 13.4463432, 52.4583702 ], [ 13.4463286, 52.458418 ], [ 13.4462341, 52.4584775 ], [ 13.446055, 52.4584795 ], [ 13.4458912, 52.458459 ], [ 13.4458413, 52.458438 ], [ 13.4457438, 52.4583954 ] ] ] } },
{ "type": "Feature", "properties": { "name": "Poloteich", "name_norm": "poloteich", "natural": "water", "water": "pond", "wikidata": null, "area_sqkm": 0.00028729440260704786, "centroid_lon": 13.285889460315543, "centroid_lat": 52.644997811096559 }, "geometry": { "type": "Polygon", "coordinates": [ [ [ 13.2857934, 52.6450718 ], [ 13.2857355, 52.6450384 ], [ 13.2857123, 52.6449839 ], [ 13.2857239, 52.6449664 ], [ 13.2857586, 52.6449488 ], [ 13.2857992, 52.6449383 ], [ 13.2859266, 52.6449347 ], [ 13.2860366, 52.6449488 ], [ 13.286083, 52.6449734 ], [ 13.286083, 52.6450015 ], [ 13.2860482, 52.645029599999987 ], [ 13.2858571, 52.6450683 ], [ 13.2857934, 52.6450718 ] ] ] } },
{ "type": "Feature", "properties": { "name": "Laurinteich", "name_norm": "laurinteich", "natural": "water", "water": "pond", "wikidata": null, "area_sqkm": 0.00054139907538928013, "centroid_lon": 13.272488805897339, "centroid_lat": 52.635142062850299 }, "geometry": { "type": "Polygon", "coordinates": [ [ [ 13.2722591, 52.6352286 ], [ 13.2722282, 52.635184700000011 ], [ 13.272243, 52.6351479 ], [ 13.2723179, 52.6351062 ], [ 13.2724103, 52.6350724 ], [ 13.272521, 52.6350457 ], [ 13.2726347, 52.6350392 ], [ 13.2726878, 52.6350475 ], [ 13.2727299, 52.6350708 ], [ 13.2727416, 52.6351034 ], [ 13.2727319, 52.6351382 ], [ 13.2726777, 52.6351735 ], [ 13.2726064, 52.6352018 ], [ 13.2724689, 52.635234399999987 ], [ 13.2723226, 52.6352433 ], [ 13.2722591, 52.6352286 ] ] ] } },
{ "type": "Feature", "properties": { "name": "Tropfsteinteich", "name_norm": "tropfsteinteich", "natural": "water", "water": "pond", "wikidata": null, "area_sqkm": 0.0010803630553116745, "centroid_lon": 13.412625485133846, "centroid_lat": 52.423731873285142 }, "geometry": { "type": "Polygon", "coordinates": [ [ [ 13.4128045, 52.4235917 ], [ 13.4128507, 52.4235929 ], [ 13.4129005, 52.4236002 ], [ 13.4129627, 52.423616899999985 ], [ 13.4130044, 52.4236372 ], [ 13.413021, 52.4236591 ], [ 13.4130119, 52.4236802 ], [ 13.4129923, 52.423697 ], [ 13.4129341, 52.4237053 ], [ 13.4128657, 52.4237268 ], [ 13.4128188, 52.4237508 ], [ 13.412791, 52.4237726 ], [ 13.4127625, 52.4238073 ], [ 13.4126786, 52.4238803 ], [ 13.4126265, 52.4239006 ], [ 13.4125533, 52.4239097 ], [ 13.4124833, 52.4239046 ], [ 13.4124303, 52.423891 ], [ 13.4123945, 52.4238774 ], [ 13.4123629, 52.4238578 ], [ 13.412351, 52.4238237 ], [ 13.4123437, 52.4237992 ], [ 13.412344, 52.4237192 ], [ 13.4123458, 52.423699499999984 ], [ 13.4123624, 52.4236717 ], [ 13.4123925, 52.4236467 ], [ 13.4124218, 52.4236317 ], [ 13.4124935, 52.4236159 ], [ 13.4125847, 52.4235992 ], [ 13.4126322, 52.4235957 ], [ 13.4127261, 52.423597599999987 ], [ 13.4128045, 52.4235917 ] ] ] } },
{ "type": "Feature", "properties": { "name": "Grüntenteich", "name_norm": "gruntenteich", "natural": "water", "water": "pond", "wikidata": null, "area_sqkm": 0.00040669464985829498, "centroid_lon": 13.397987103179814, "centroid_lat": 52.439227195866977 }, "geometry": { "type": "Polygon", "coordinates": [ [ [ 13.3978287, 52.4392115 ], [ 13.3978646, 52.439183 ], [ 13.3979597, 52.439148 ], [ 13.3980817, 52.4391338 ], [ 13.3981445, 52.4391426 ], [ 13.3981857, 52.4391666 ], [ 13.3981893, 52.4392093 ], [ 13.3981786, 52.4392497 ], [ 13.3980763, 52.4392837 ], [ 13.3979723, 52.4393055 ], [ 13.3978682, 52.4393197 ], [ 13.3977965, 52.4393033 ], [ 13.3977534, 52.4392683 ], [ 13.3978287, 52.4392115 ] ] ] } },
{ "type": "Feature", "properties": { "name": "Beckley Pond", "name_norm": "beckley pond", "natural": "water", "water": "pond", "wikidata": null, "area_sqkm": 0.067725987117489478, "centroid_lon": -72.731350436322643, "centroid_lat": 41.643019749672568 }, "geometry": { "type": "Polygon", "coordinates": [ [ [ -72.731715899999415, 41.643522899999283 ], [ -72.73183669999942, 41.643396799999266 ], [ -72.731879699999411, 41.643303899999268 ], [ -72.73185919999942, 41.643205999999282 ], [ -72.732020899999412, 41.643100299999269 ], [ -72.732187799999423, 41.642749899999274 ], [ -72.732370999999418, 41.642472399999285 ], [ -72.732612099999429, 41.642057199999279 ], [ -72.732615699999414, 41.641928999999273 ], [ -72.732428499999429, 41.641722099999278 ], [ -72.732223499999421, 41.641613099999276 ], [ -72.732036399999416, 41.641633199999276 ], [ -72.731815499999414, 41.641684399999285 ], [ -72.731784599999429, 41.641792399999268 ], [ -72.731755499999409, 41.641895799999276 ], [ -72.731750099999417, 41.641963599999272 ], [ -72.731624399999404, 41.641891399999274 ], [ -72.731562499999413, 41.641807099999276 ], [ -72.731431099999426, 41.641929499999279 ], [ -72.731407199999424, 41.642094099999284 ], [ -72.731385799999416, 41.642230399999278 ], [ -72.731290999999416, 41.642347499999275 ], [ -72.731114399999413, 41.642438099999275 ], [ -72.731119799999419, 41.642569799999272 ], [ -72.731149199999422, 41.642686899999276 ], [ -72.731025999999432, 41.642746699999265 ], [ -72.730919199999434, 41.642670499999277 ], [ -72.730819499999413, 41.642588299999268 ], [ -72.730668299999408, 41.642786099999277 ], [ -72.730548999999414, 41.643054399999279 ], [ -72.730393099999418, 41.643309899999281 ], [ -72.730275699999424, 41.643576599999271 ], [ -72.730198299999415, 41.64385099999928 ], [ -72.730155799999423, 41.644175799999267 ], [ -72.730262399999404, 41.644322599999278 ], [ -72.730631599999413, 41.644306899999286 ], [ -72.731149599999426, 41.644220699999288 ], [ -72.731351699999422, 41.644101799999277 ], [ -72.731522599999408, 41.643626899999269 ], [ -72.731715899999415, 41.643522899999283 ] ] ] } },
{ "type": "Feature", "properties": { "name": "Rixdorfer Teich", "name_norm": "rixdorfer teich", "natural": "water", "water": "pond", "wikidata": null, "area_sqkm": 0.0038649348643732778, "centroid_lon": 13.412055936378058, "centroid_lat": 52.482281309063936 }, "geometry": { "type": "Polygon", "coordinates": [ [ [ 13.4128349, 52.4821027 ], [ 13.4128298, 52.4821111 ], [ 13.4128084, 52.4821235 ], [ 13.4127631, 52.4821354 ], [ 13.4126766, 52.4821438 ], [ 13.4125765, 52.4821581 ], [ 13.4125017, 52.4821765 ], [ 13.4124361, 52.4822058 ], [ 13.4123584, 52.4822522 ], [ 13.4123121, 52.4822868 ], [ 13.4122414, 52.4823373 ], [ 13.4122181, 52.4823702 ], [ 13.4121902, 52.4824371 ], [ 13.4121693, 52.482491 ], [ 13.4121333, 52.4825523 ], [ 13.4121101, 52.4825844 ], [ 13.4120796, 52.4826137 ], [ 13.4120543, 52.4826226 ], [ 13.412027, 52.4826236 ], [ 13.4119982, 52.4826156 ], [ 13.4119773, 52.4825982 ], [ 13.4119694, 52.4825837 ], [ 13.4119598, 52.482573500000015 ], [ 13.4119443, 52.4825693 ], [ 13.411923, 52.482572 ], [ 13.4119033, 52.482594 ], [ 13.4119049, 52.4826218 ], [ 13.4119055, 52.4826421 ], [ 13.4118857, 52.4826511 ], [ 13.4118608, 52.4826448 ], [ 13.4118359, 52.482647900000011 ], [ 13.4118267, 52.4826598 ], [ 13.4118265, 52.4826752 ], [ 13.4118204, 52.4826929 ], [ 13.4117945, 52.4827013 ], [ 13.4117417, 52.4827061 ], [ 13.4116819, 52.4827039 ], [ 13.4116286, 52.4826974 ], [ 13.4115212, 52.4826634 ], [ 13.4114889, 52.4826454 ], [ 13.4114672, 52.4826066 ], [ 13.4114682, 52.4825684 ], [ 13.4114742, 52.4825486 ], [ 13.4115326, 52.482505 ], [ 13.411562, 52.482466 ], [ 13.4115945, 52.4823331 ], [ 13.4116512, 52.4822199 ], [ 13.4117186, 52.4821575 ], [ 13.4117826, 52.4821023 ], [ 13.4118286, 52.4820683 ], [ 13.411876, 52.4820546 ], [ 13.4119422, 52.482060899999986 ], [ 13.4120146, 52.4820479 ], [ 13.4120866, 52.4820104 ], [ 13.4121516, 52.48197 ], [ 13.412194, 52.4819476 ], [ 13.4122458, 52.481929200000017 ], [ 13.4122953, 52.4819202 ], [ 13.4123541, 52.4819206 ], [ 13.4123843, 52.4819347 ], [ 13.4124208, 52.481949899999982 ], [ 13.412477, 52.4819544 ], [ 13.4125879, 52.4819455 ], [ 13.4126786, 52.4819474 ], [ 13.41276, 52.4819699 ], [ 13.4128006, 52.4819971 ], [ 13.4127981, 52.4820177 ], [ 13.4127842, 52.4820401 ], [ 13.4127848, 52.4820694 ], [ 13.4128116, 52.4820861 ], [ 13.4128281, 52.4820955 ], [ 13.4128349, 52.4821027 ] ] ] } },
{ "type": "Feature", "properties": { "name": "Carbo Pond", "name_norm": "carbo pond", "natural": "water", "water": "lake", "wikidata": null, "area_sqkm": 0.069190411470821639, "centroid_lon": -72.752376460307289, "centroid_lat": 41.638724955985836 }, "geometry": { "type": "Polygon", "coordinates": [ [ [ -72.751664699999424, 41.638116899999275 ], [ -72.751551999999421, 41.638362499999268 ], [ -72.751530599999427, 41.638405599999274 ], [ -72.751525199999421, 41.638417599999265 ], [ -72.751521199999416, 41.638428699999274 ], [ -72.751361599999399, 41.638707299999275 ], [ -72.751340099999396, 41.638736399999267 ], [ -72.751318699999416, 41.638768399999265 ], [ -72.751303899999414, 41.638798499999275 ], [ -72.751297199999428, 41.63881349999928 ], [ -72.751282499999419, 41.638838599999275 ], [ -72.751273099999437, 41.638852599999268 ], [ -72.751236899999412, 41.638915799999261 ], [ -72.751230199999412, 41.638924799999273 ], [ -72.751224799999434, 41.638933799999279 ], [ -72.751220799999402, 41.638944799999258 ], [ -72.751218099999434, 41.638955899999281 ], [ -72.751214099999416, 41.638966899999268 ], [ -72.751211399999406, 41.638977899999261 ], [ -72.751193899999407, 41.639035999999273 ], [ -72.751192599999428, 41.639047099999289 ], [ -72.751189899999417, 41.639058099999261 ], [ -72.751184599999419, 41.639069099999269 ], [ -72.751181899999423, 41.639079099999272 ], [ -72.751181899999438, 41.639100199999284 ], [ -72.751183199999417, 41.639111199999263 ], [ -72.751185899999413, 41.639122199999278 ], [ -72.751195299999424, 41.639143299999276 ], [ -72.751203299999418, 41.639152299999267 ], [ -72.75124219999941, 41.639168299999277 ], [ -72.751255599999411, 41.639172299999274 ], [ -72.751278399999421, 41.639182399999278 ], [ -72.751293199999438, 41.639189399999267 ], [ -72.75130529999943, 41.639196399999278 ], [ -72.75131599999942, 41.639204399999265 ], [ -72.751349499999421, 41.639258499999265 ], [ -72.751360199999411, 41.639277599999282 ], [ -72.751372299999431, 41.639295599999272 ], [ -72.75138039999942, 41.639302599999269 ], [ -72.751388399999428, 41.639311699999276 ], [ -72.75139779999941, 41.63932069999926 ], [ -72.751412499999418, 41.639338699999271 ], [ -72.751419199999432, 41.639347699999277 ], [ -72.751480899999422, 41.639381799999271 ], [ -72.75150509999942, 41.639389799999265 ], [ -72.751534599999431, 41.639395799999278 ], [ -72.751546699999437, 41.639398899999279 ], [ -72.751580199999424, 41.639403899999266 ], [ -72.751594899999432, 41.63940389999928 ], [ -72.751627099999411, 41.639407899999284 ], [ -72.751678099999438, 41.639418899999278 ], [ -72.751767899999422, 41.639444999999277 ], [ -72.751779999999414, 41.639448999999274 ], [ -72.751817599999427, 41.639464999999284 ], [ -72.751829599999425, 41.639470999999268 ], [ -72.751857799999414, 41.639481999999262 ], [ -72.751869899999434, 41.639500099999282 ], [ -72.751876599999434, 41.639513099999277 ], [ -72.751883299999406, 41.639524099999278 ], [ -72.751891299999414, 41.639546199999266 ], [ -72.751896699999435, 41.639557199999274 ], [ -72.75190069999941, 41.639569199999272 ], [ -72.751901999999404, 41.639579299999276 ], [ -72.751912799999431, 41.639622399999276 ], [ -72.751927499999425, 41.639675499999271 ], [ -72.751934199999425, 41.639684499999284 ], [ -72.751938299999424, 41.639693499999275 ], [ -72.751950299999436, 41.639715599999285 ], [ -72.751958399999424, 41.639726599999285 ], [ -72.752058999999406, 41.639822799999273 ], [ -72.752066999999428, 41.639829799999276 ], [ -72.752091099999433, 41.639840899999278 ], [ -72.752107199999429, 41.639845899999258 ], [ -72.752125999999421, 41.639852899999276 ], [ -72.752167599999424, 41.639870899999273 ], [ -72.752191699999415, 41.639883899999269 ], [ -72.752268199999421, 41.639892999999269 ], [ -72.752281599999421, 41.639889999999276 ], [ -72.752293599999419, 41.639885999999272 ], [ -72.752305699999411, 41.639882899999279 ], [ -72.752316399999401, 41.63987789999927 ], [ -72.752339199999412, 41.639862899999272 ], [ -72.752485399999415, 41.639790699999267 ], [ -72.752525699999438, 41.639771699999265 ], [ -72.75253909999941, 41.639766699999278 ], [ -72.752552499999396, 41.639760699999265 ], [ -72.752567199999419, 41.63975569999927 ], [ -72.752611499999418, 41.639738599999276 ], [ -72.752624899999418, 41.639731599999273 ], [ -72.752935999999423, 41.639578299999272 ], [ -72.752945399999433, 41.639568199999282 ], [ -72.752974899999415, 41.639526099999273 ], [ -72.752989699999418, 41.639507099999278 ], [ -72.752999099999428, 41.639496099999285 ], [ -72.753005799999414, 41.639486099999274 ], [ -72.753011099999426, 41.63947599999927 ], [ -72.753048699999411, 41.639412899999272 ], [ -72.753054099999432, 41.639400899999266 ], [ -72.753059399999415, 41.639390799999269 ], [ -72.753066099999401, 41.639380799999273 ], [ -72.753078199999436, 41.639360799999274 ], [ -72.753086199999416, 41.639349699999265 ], [ -72.753091599999436, 41.639339699999269 ], [ -72.753100999999418, 41.639327699999278 ], [ -72.753107699999418, 41.639314699999275 ], [ -72.753117099999415, 41.639302599999269 ], [ -72.753134499999419, 41.639283599999281 ], [ -72.753142599999421, 41.639271599999276 ], [ -72.753146599999411, 41.639261499999272 ], [ -72.753149299999421, 41.639246499999281 ], [ -72.753149299999421, 41.639235499999273 ], [ -72.753147899999405, 41.639223499999275 ], [ -72.753143899999415, 41.639213399999278 ], [ -72.753130499999415, 41.639194399999269 ], [ -72.753099699999424, 41.639127199999272 ], [ -72.753102299999426, 41.639104199999267 ], [ -72.753102299999412, 41.639081099999281 ], [ -72.753153299999411, 41.638922799999278 ], [ -72.753166699999412, 41.638904699999273 ], [ -72.753176099999422, 41.638894699999277 ], [ -72.753185499999432, 41.638886699999269 ], [ -72.753192199999432, 41.638877699999277 ], [ -72.753245799999434, 41.638791499999279 ], [ -72.753251199999411, 41.638781499999276 ], [ -72.753257899999412, 41.638771399999278 ], [ -72.753261899999416, 41.638760399999278 ], [ -72.753267299999436, 41.63874839999928 ], [ -72.753273999999408, 41.638738399999284 ], [ -72.753284699999426, 41.638717299999271 ], [ -72.753346399999415, 41.638614099999273 ], [ -72.753359799999416, 41.63859399999928 ], [ -72.753371899999422, 41.638562999999273 ], [ -72.753416199999435, 41.638356499999269 ], [ -72.753420199999397, 41.638345499999268 ], [ -72.753421499999419, 41.638334399999273 ], [ -72.753421499999433, 41.638301399999271 ], [ -72.753420199999411, 41.638290299999269 ], [ -72.753355799999412, 41.638129999999272 ], [ -72.75335039999942, 41.638105899999267 ], [ -72.753346399999415, 41.63806779999927 ], [ -72.753343699999419, 41.638055799999272 ], [ -72.753341099999417, 41.638031799999276 ], [ -72.753311499999427, 41.637926499999274 ], [ -72.753307499999437, 41.637915499999274 ], [ -72.753302199999411, 41.63790449999928 ], [ -72.753292799999429, 41.637895399999259 ], [ -72.753284699999398, 41.637886399999282 ], [ -72.753273999999422, 41.637878399999273 ], [ -72.753263299999432, 41.637869399999268 ], [ -72.753239099999419, 41.637851299999276 ], [ -72.753188199999428, 41.637807199999266 ], [ -72.753172099999418, 41.637789199999276 ], [ -72.75316399999943, 41.637779199999265 ], [ -72.753087599999418, 41.637692999999274 ], [ -72.7530768999994, 41.637685999999277 ], [ -72.753033899999437, 41.637653899999265 ], [ -72.753024499999412, 41.637645899999278 ], [ -72.75301519999941, 41.63763589999926 ], [ -72.753001799999439, 41.637616799999272 ], [ -72.752992399999428, 41.637605799999271 ], [ -72.752984299999412, 41.63759379999928 ], [ -72.752972199999405, 41.637583699999269 ], [ -72.752964199999411, 41.637574699999277 ], [ -72.752954799999429, 41.637565699999278 ], [ -72.752942699999437, 41.637557699999277 ], [ -72.752930699999425, 41.637551699999271 ], [ -72.752887799999399, 41.637543599999276 ], [ -72.752874299999434, 41.637550699999267 ], [ -72.752860899999433, 41.637556699999273 ], [ -72.752846199999425, 41.637556699999266 ], [ -72.75283279999941, 41.637559699999265 ], [ -72.752819399999424, 41.637563699999269 ], [ -72.752777799999421, 41.637616799999265 ], [ -72.752773799999432, 41.637626799999282 ], [ -72.752768399999411, 41.637636899999265 ], [ -72.752740199999423, 41.637708999999276 ], [ -72.752734899999425, 41.637718999999265 ], [ -72.752724099999412, 41.63772909999927 ], [ -72.752713399999436, 41.637737099999278 ], [ -72.75270129999943, 41.637743099999284 ], [ -72.752690599999397, 41.637750099999266 ], [ -72.752620899999414, 41.637788199999264 ], [ -72.752607499999428, 41.637791199999263 ], [ -72.752576599999429, 41.637799199999272 ], [ -72.752537699999422, 41.637813299999273 ], [ -72.752524299999436, 41.637816299999265 ], [ -72.752398299999413, 41.637833299999272 ], [ -72.752349999999424, 41.637836299999279 ], [ -72.752335199999436, 41.637838299999274 ], [ -72.752320499999428, 41.637839299999278 ], [ -72.752254799999434, 41.637839299999271 ], [ -72.752054899999422, 41.63785539999926 ], [ -72.752024099999431, 41.637860399999276 ], [ -72.752009299999415, 41.637861399999252 ], [ -72.751963699999436, 41.63787139999927 ], [ -72.751948999999428, 41.637873399999265 ], [ -72.751934199999397, 41.637876399999278 ], [ -72.751919499999417, 41.637878399999259 ], [ -72.7519046999994, 41.637881399999273 ], [ -72.751801499999402, 41.637906499999275 ], [ -72.751788099999416, 41.637914499999262 ], [ -72.751777299999418, 41.63792249999927 ], [ -72.751766599999414, 41.637930499999278 ], [ -72.751747799999407, 41.637946599999275 ], [ -72.751742499999438, 41.637956599999271 ], [ -72.751710299999417, 41.638035799999251 ], [ -72.751703599999416, 41.638045799999276 ], [ -72.751698199999424, 41.638055799999265 ], [ -72.75169019999943, 41.638065799999268 ], [ -72.751675399999414, 41.638087899999277 ], [ -72.751668699999414, 41.638102899999268 ], [ -72.751664699999424, 41.638116899999275 ] ] ] } },
{ "type": "Feature", "properties": { "name": "Wheeler Pond", "name_norm": "wheeler pond", "natural": "water", "water": "pond", "wikidata": null, "area_sqkm": 0.11943331196235681, "centroid_lon": -71.6308334193685, "centroid_lat": 42.357927588467696 }, "geometry": { "type": "Polygon", "coordinates": [ [ [ -71.631845199999375, 42.360494799999536 ], [ -71.632138899999376, 42.360254599999536 ], [ -71.632201799999393, 42.359781799999539 ], [ -71.632159799999371, 42.35910759999954 ], [ -71.631708899999381, 42.358844099999537 ], [ -71.631541099999382, 42.358596099999531 ], [ -71.631645999999364, 42.357983899999539 ], [ -71.631425699999369, 42.357170199999537 ], [ -71.631132099999391, 42.356650899999529 ], [ -71.630670599999362, 42.356092899999531 ], [ -71.630240599999354, 42.355751899999539 ], [ -71.630030899999369, 42.355658899999533 ], [ -71.629873999999376, 42.355751599999529 ], [ -71.629768699999389, 42.355813899999546 ], [ -71.629632299999358, 42.357921899999539 ], [ -71.63061819999939, 42.358867399999539 ], [ -71.631403899999384, 42.359921699999532 ], [ -71.631845199999375, 42.360494799999536 ] ] ] } },
{ "type": "Feature", "properties": { "name": "Kelchpfuhl", "name_norm": "kelchpfuhl", "natural": "water", "water": "pond", "wikidata": null, "area_sqkm": 0.00059590566355467018, "centroid_lon": 13.357372316546495, "centroid_lat": 52.44966000460186 }, "geometry": { "type": "Polygon", "coordinates": [ [ [ 13.3571265, 52.449761899999984 ], [ 13.3571098, 52.4497299 ], [ 13.3571444, 52.4496848 ], [ 13.3573019, 52.4495656 ], [ 13.3574272, 52.4495256 ], [ 13.3575155, 52.4495445 ], [ 13.3575716, 52.4495888 ], [ 13.357599, 52.4496434 ], [ 13.3575739, 52.449719 ], [ 13.3575203, 52.4497466 ], [ 13.3574475, 52.4497335 ], [ 13.357383, 52.4497372 ], [ 13.3573532, 52.4497488 ], [ 13.3572208, 52.4497786 ], [ 13.3571265, 52.449761899999984 ] ] ] } },
{ "type": "Feature", "properties": { "name": "Froschteich", "name_norm": "froschteich", "natural": "water", "water": "pond", "wikidata": null, "area_sqkm": 0.00023147913053259687, "centroid_lon": 13.230840363774531, "centroid_lat": 52.49845237932054 }, "geometry": { "type": "Polygon", "coordinates": [ [ [ 13.2306849, 52.4984284 ], [ 13.230686, 52.4983982 ], [ 13.2307458, 52.4983894 ], [ 13.2308119, 52.4983988 ], [ 13.2309389, 52.498397599999983 ], [ 13.2309925, 52.498439 ], [ 13.2309709, 52.4984906 ], [ 13.2309285, 52.4985138 ], [ 13.2308666, 52.4985251 ], [ 13.2307861, 52.4985132 ], [ 13.2307118, 52.4984661 ], [ 13.2306849, 52.4984284 ] ] ] } },
{ "type": "Feature", "properties": { "name": "Kleiner Karpfenpfuhl", "name_norm": "kleiner karpfenpfuhl", "natural": "water", "water": "pond", "wikidata": null, "area_sqkm": 0.00092515270878596172, "centroid_lon": 13.399647381780639, "centroid_lat": 52.439065968982597 }, "geometry": { "type": "Polygon", "coordinates": [ [ [ 13.3991424, 52.4390229 ], [ 13.3991464, 52.4389873 ], [ 13.3992229, 52.4389701 ], [ 13.3994946, 52.4389885 ], [ 13.3997643, 52.4389897 ], [ 13.3999193, 52.43899960000001 ], [ 13.3999938, 52.4390351 ], [ 13.4000522, 52.4390867 ], [ 13.4000441, 52.4391628 ], [ 13.3998791, 52.4391861 ], [ 13.399249, 52.439072 ], [ 13.3991424, 52.4390229 ] ] ] } },
{ "type": "Feature", "properties": { "name": "Juncuspfuhl", "name_norm": "juncuspfuhl", "natural": "water", "water": "pond", "wikidata": null, "area_sqkm": 0.0011808897175362432, "centroid_lon": 13.409563617834399, "centroid_lat": 52.435521147646156 }, "geometry": { "type": "Polygon", "coordinates": [ [ [ 13.4095671, 52.435666 ], [ 13.4094949, 52.435655 ], [ 13.4094291, 52.4356558 ], [ 13.4093582, 52.435665299999982 ], [ 13.409273, 52.435664499999987 ], [ 13.4092227, 52.4356385 ], [ 13.4091892, 52.4356118 ], [ 13.4091737, 52.4355811 ], [ 13.4091969, 52.435530799999988 ], [ 13.409264, 52.435486 ], [ 13.4093569, 52.4354742 ], [ 13.4094613, 52.4354506 ], [ 13.4094884, 52.4354215 ], [ 13.4095262, 52.4354035 ], [ 13.4095738, 52.4353872 ], [ 13.4096491, 52.4353569 ], [ 13.4098163, 52.4352955 ], [ 13.4098606, 52.435335499999987 ], [ 13.409798, 52.4353814 ], [ 13.4098405, 52.4354506 ], [ 13.4098883, 52.4355858 ], [ 13.4098289, 52.4356071 ], [ 13.4097722, 52.435611 ], [ 13.4096858, 52.4356401 ], [ 13.4095671, 52.435666 ] ] ] } },
{ "type": "Feature", "properties": { "name": "Rotkopf-Pfuhl", "name_norm": "rotkopf-pfuhl", "natural": "water", "water": "pond", "wikidata": null, "area_sqkm": 0.00065207114031944546, "centroid_lon": 13.40883033661809, "centroid_lat": 52.435717337658133 }, "geometry": { "type": "Polygon", "coordinates": [ [ [ 13.4085508, 52.4358548 ], [ 13.4085211, 52.435833499999987 ], [ 13.4085314, 52.435773 ], [ 13.4085972, 52.435737600000017 ], [ 13.408608, 52.4357065 ], [ 13.4086731, 52.4356877 ], [ 13.4087244, 52.435698699999989 ], [ 13.4087855, 52.4356896 ], [ 13.4088564, 52.4356369 ], [ 13.408908, 52.435589 ], [ 13.4090383, 52.4355536 ], [ 13.4091221, 52.4355945 ], [ 13.4091273, 52.4356668 ], [ 13.4090628, 52.4356912 ], [ 13.4090222, 52.435729 ], [ 13.408923, 52.4357606 ], [ 13.4088097, 52.435812199999987 ], [ 13.4087383, 52.4358296 ], [ 13.4086967, 52.4358459 ], [ 13.4086208, 52.4358725 ], [ 13.4085508, 52.4358548 ] ] ] } },
{ "type": "Feature", "properties": { "name": "Sembritzkiteich", "name_norm": "sembritzkiteich", "natural": "water", "water": "pond", "wikidata": null, "area_sqkm": 0.00012641462152599887, "centroid_lon": 13.350261537794259, "centroid_lat": 52.452620324280524 }, "geometry": { "type": "Polygon", "coordinates": [ [ [ 13.3501934, 52.4526841 ], [ 13.3501846, 52.4526708 ], [ 13.3501844, 52.4526518 ], [ 13.3501894, 52.452621399999984 ], [ 13.3502006, 52.4525952 ], [ 13.350214, 52.452575 ], [ 13.3502406, 52.4525588 ], [ 13.3502707, 52.4525522 ], [ 13.3502995, 52.452552699999984 ], [ 13.3503295, 52.4525632 ], [ 13.3503381, 52.4525781 ], [ 13.3503429, 52.45259690000001 ], [ 13.3503439, 52.4526177 ], [ 13.3503356, 52.452639399999988 ], [ 13.3503005, 52.4526614 ], [ 13.3502671, 52.4526797 ], [ 13.3502342, 52.4526923 ], [ 13.3502133, 52.452695 ], [ 13.3502041, 52.4526914 ], [ 13.3501934, 52.4526841 ] ] ] } },
{ "type": "Feature", "properties": { "name": "Massantepfuhl", "name_norm": "massantepfuhl", "natural": "water", "water": "pond", "wikidata": null, "area_sqkm": 0.0032636623718396022, "centroid_lon": 13.517685743221296, "centroid_lat": 52.405665654413035 }, "geometry": { "type": "Polygon", "coordinates": [ [ [ 13.5179008, 52.40581790000001 ], [ 13.5179383, 52.4060339 ], [ 13.5178686, 52.4061091 ], [ 13.5177667, 52.4061451 ], [ 13.5176111, 52.4061386 ], [ 13.5174716, 52.4060437 ], [ 13.5173482, 52.4057917 ], [ 13.5174072, 52.4055495 ], [ 13.5177774, 52.4051142 ], [ 13.5178632, 52.4050782 ], [ 13.5179329, 52.4050815 ], [ 13.5179759, 52.4051208 ], [ 13.5179651, 52.4051895 ], [ 13.5178686, 52.4055037 ], [ 13.5179008, 52.40581790000001 ] ] ] } },
{ "type": "Feature", "properties": { "name": "Schinkel-Fontäne", "name_norm": "schinkel-fontane", "natural": "water", "water": "pond", "wikidata": "Q113529077", "area_sqkm": 0.00016637258734846107, "centroid_lon": 13.399684449825154, "centroid_lat": 52.518586147490751 }, "geometry": { "type": "Polygon", "coordinates": [ [ [ 13.3995851, 52.5186114 ], [ 13.3995797, 52.5186011 ], [ 13.3995771, 52.5185904 ], [ 13.3995774, 52.518579599999988 ], [ 13.3995806, 52.518569 ], [ 13.3995867, 52.5185588 ], [ 13.3995954, 52.5185494 ], [ 13.3996065, 52.518541 ], [ 13.3996198, 52.5185338 ], [ 13.3996348, 52.518528 ], [ 13.3996512, 52.5185239 ], [ 13.3996685, 52.5185214 ], [ 13.3996862, 52.5185207 ], [ 13.3997039, 52.5185217 ], [ 13.3997211, 52.5185246 ], [ 13.3997372, 52.518529100000016 ], [ 13.3997519, 52.518535099999987 ], [ 13.3997648, 52.518542600000011 ], [ 13.3997755, 52.5185512 ], [ 13.3997837, 52.5185608 ], [ 13.3997892, 52.51857110000001 ], [ 13.3997918, 52.5185818 ], [ 13.3997915, 52.5185926 ], [ 13.3997883, 52.5186033 ], [ 13.3997823, 52.518613399999985 ], [ 13.3997735, 52.5186229 ], [ 13.3997624, 52.5186313 ], [ 13.3997491, 52.5186385 ], [ 13.3997341, 52.5186443 ], [ 13.3997177, 52.518648399999989 ], [ 13.3997003, 52.5186509 ], [ 13.3996826, 52.5186516 ], [ 13.3996649, 52.518650499999985 ], [ 13.3996477, 52.5186477 ], [ 13.3996316, 52.5186432 ], [ 13.3996169, 52.518637099999985 ], [ 13.399604, 52.5186297 ], [ 13.3995933, 52.518621 ], [ 13.3995851, 52.5186114 ] ] ] } },
{ "type": "Feature", "properties": { "name": "Scheringteich", "name_norm": "scheringteich", "natural": "water", "water": "pond", "wikidata": null, "area_sqkm": 0.00025103713104233298, "centroid_lon": 13.288089271705113, "centroid_lat": 52.641955240171086 }, "geometry": { "type": "Polygon", "coordinates": [ [ [ 13.2880085, 52.641878 ], [ 13.2880483, 52.6418594 ], [ 13.2881349, 52.6418634 ], [ 13.288163, 52.6418727 ], [ 13.2881863, 52.6418879 ], [ 13.2881852, 52.6419347 ], [ 13.2881836, 52.6420222 ], [ 13.2881594, 52.6420418 ], [ 13.2881231, 52.6420466 ], [ 13.2880719, 52.6420488 ], [ 13.2880381, 52.6420452 ], [ 13.288006, 52.642039 ], [ 13.287996, 52.6420202 ], [ 13.2879891, 52.6419298 ], [ 13.2880085, 52.641878 ] ] ] } },
{ "type": "Feature", "properties": { "name": "Neurandteich", "name_norm": "neurandteich", "natural": "water", "water": "pond", "wikidata": null, "area_sqkm": 0.00057143157505727519, "centroid_lon": 13.273767913437643, "centroid_lat": 52.638842050977892 }, "geometry": { "type": "Polygon", "coordinates": [ [ [ 13.2736426, 52.6390172 ], [ 13.2736197, 52.6389985 ], [ 13.2736198, 52.6389204 ], [ 13.2736231, 52.6388567 ], [ 13.2736716, 52.638742699999987 ], [ 13.2737315, 52.638700900000011 ], [ 13.2737888, 52.6386866 ], [ 13.2738586, 52.6386909 ], [ 13.2739178, 52.6387128 ], [ 13.2739431, 52.638747 ], [ 13.2739493, 52.6387743 ], [ 13.2739281, 52.6388227 ], [ 13.2738983, 52.63887 ], [ 13.2738355, 52.6389391 ], [ 13.2737448, 52.6389971 ], [ 13.2736869, 52.6390227 ], [ 13.2736426, 52.6390172 ] ] ] } },
{ "type": "Feature", "properties": { "name": "Neubrückerteich", "name_norm": "neubruckerteich", "natural": "water", "water": "pond", "wikidata": null, "area_sqkm": 0.00055930286965313175, "centroid_lon": 13.281825983997273, "centroid_lat": 52.640470151716919 }, "geometry": { "type": "Polygon", "coordinates": [ [ [ 13.2816637, 52.6405251 ], [ 13.2816593, 52.6404853 ], [ 13.2816812, 52.6404301 ], [ 13.2817197, 52.64035470000001 ], [ 13.2817617, 52.6403324 ], [ 13.2818168, 52.640330299999988 ], [ 13.2819131, 52.6403441 ], [ 13.2819463, 52.6403574 ], [ 13.2819752, 52.6403818 ], [ 13.2819936, 52.6404067 ], [ 13.2819918, 52.6404498 ], [ 13.2819787, 52.640517699999982 ], [ 13.2819262, 52.640574 ], [ 13.2818483, 52.6406059 ], [ 13.2817836, 52.6406276 ], [ 13.2817538, 52.640618599999989 ], [ 13.281732, 52.6405921 ], [ 13.2816863, 52.6405586 ], [ 13.2816637, 52.6405251 ] ] ] } },
{ "type": "Feature", "properties": { "name": "Ludwig-Lesser-Teich", "name_norm": "ludwig-lesser-teich", "natural": "water", "water": "pond", "wikidata": null, "area_sqkm": 0.00071251749739479177, "centroid_lon": 13.288871967172408, "centroid_lat": 52.638686422197821 }, "geometry": { "type": "Polygon", "coordinates": [ [ [ 13.2886874, 52.638631 ], [ 13.2887614, 52.6385673 ], [ 13.288876, 52.638538 ], [ 13.2889907, 52.63854 ], [ 13.2890646, 52.638603 ], [ 13.2890668, 52.6386798 ], [ 13.2890432, 52.6387546 ], [ 13.288965, 52.6388098 ], [ 13.2889189, 52.6388319 ], [ 13.2888267, 52.6388391 ], [ 13.2887721, 52.6388313 ], [ 13.2886896, 52.6387858 ], [ 13.2886789, 52.6387194 ], [ 13.288681, 52.6386557 ], [ 13.2886874, 52.638631 ] ] ] } },
{ "type": "Feature", "properties": { "name": "Großer Müggelsee", "name_norm": "großer muggelsee", "natural": "water", "water": "lake", "wikidata": "Q694789", "area_sqkm": 7.4253971663729859, "centroid_lon": 13.648328022996775, "centroid_lat": 52.437544279708348 }, "geometry": { "type": "Polygon", "coordinates": [ [ [ 13.6305306, 52.4269526 ], [ 13.6308386, 52.426989399999989 ], [ 13.6343356, 52.4275003 ], [ 13.6351443, 52.4275787 ], [ 13.6353063, 52.4275647 ], [ 13.6358161, 52.427531 ], [ 13.6359511, 52.4276116 ], [ 13.6361123, 52.4276407 ], [ 13.6363118, 52.4276452 ], [ 13.6369706, 52.4274621 ], [ 13.6377996, 52.4272445 ], [ 13.63868, 52.4271027 ], [ 13.6388945, 52.4271437 ], [ 13.6390287, 52.4271137 ], [ 13.6398201, 52.426929 ], [ 13.6406839, 52.4268508 ], [ 13.6417169, 52.4268601 ], [ 13.6427686, 52.4266478 ], [ 13.6435539, 52.4265945 ], [ 13.6437645, 52.4266009 ], [ 13.6440614, 52.42661 ], [ 13.6442831, 52.4266284 ], [ 13.6445495, 52.4266107 ], [ 13.6454252, 52.4264107 ], [ 13.646248, 52.4261266 ], [ 13.6470783, 52.425936499999985 ], [ 13.6478501, 52.4256986 ], [ 13.6479236, 52.425492 ], [ 13.6479834, 52.4253331 ], [ 13.6484087, 52.4251633 ], [ 13.6492569, 52.4249832 ], [ 13.6495712, 52.4250463 ], [ 13.6507751, 52.425349899999986 ], [ 13.6516296, 52.4257047 ], [ 13.6524138, 52.4262308 ], [ 13.6526565, 52.4263293 ], [ 13.6534831, 52.427009899999987 ], [ 13.6539171, 52.4274263 ], [ 13.654215, 52.4278021 ], [ 13.6545154, 52.4281387 ], [ 13.654931, 52.4284186 ], [ 13.6553937, 52.4286827 ], [ 13.6559567, 52.428897399999983 ], [ 13.6565782, 52.4290836 ], [ 13.6569034, 52.4291975 ], [ 13.65771, 52.4296072 ], [ 13.6580057, 52.429795 ], [ 13.6583268, 52.4299916 ], [ 13.6595278, 52.4304377 ], [ 13.6607964, 52.4308148 ], [ 13.6623905, 52.4310924 ], [ 13.6641037, 52.4314577 ], [ 13.6662602, 52.4320948 ], [ 13.6670219, 52.4321354 ], [ 13.6674343, 52.4322922 ], [ 13.6675346, 52.4323238 ], [ 13.6677679, 52.4324945 ], [ 13.6680968, 52.432615 ], [ 13.6685814, 52.4325899 ], [ 13.6693652, 52.4329427 ], [ 13.669765, 52.43303430000001 ], [ 13.6706649, 52.4330355 ], [ 13.6712098, 52.4328383 ], [ 13.6714661, 52.4328016 ], [ 13.6718546, 52.4327384 ], [ 13.672048, 52.4327668 ], [ 13.6722213, 52.4327526 ], [ 13.6723513, 52.4326896 ], [ 13.6727846, 52.4326388 ], [ 13.6731791, 52.432634299999989 ], [ 13.6735536, 52.432668 ], [ 13.6739553, 52.4327253 ], [ 13.6742836, 52.4328619 ], [ 13.6743897, 52.4329627 ], [ 13.6744561, 52.433081 ], [ 13.6744842, 52.4331815 ], [ 13.6744803, 52.4332796 ], [ 13.6745306, 52.433276 ], [ 13.6745884, 52.4332711 ], [ 13.6746287, 52.433478 ], [ 13.6745814, 52.4335924 ], [ 13.6745808, 52.4336145 ], [ 13.6746368, 52.433649199999984 ], [ 13.6746841, 52.4337072 ], [ 13.6747391, 52.433742599999988 ], [ 13.6747538, 52.4337672 ], [ 13.6747577, 52.4337961 ], [ 13.6747248, 52.4338186 ], [ 13.6746033, 52.4339252 ], [ 13.6745967, 52.4339373 ], [ 13.6745959, 52.433950299999985 ], [ 13.6745998, 52.4339697 ], [ 13.6746067, 52.4339779 ], [ 13.6746163, 52.4339844 ], [ 13.6746322, 52.4339949 ], [ 13.6746537, 52.4340023 ], [ 13.674685, 52.4340055 ], [ 13.6747189, 52.4340057 ], [ 13.6747421, 52.4340036 ], [ 13.6747642, 52.433998 ], [ 13.6748033, 52.4339833 ], [ 13.6748434, 52.4339597 ], [ 13.6756904, 52.4334129 ], [ 13.6758272, 52.433299299999987 ], [ 13.6759179, 52.4331716 ], [ 13.6762385, 52.433232 ], [ 13.6765008, 52.433209 ], [ 13.6766025, 52.4332071 ], [ 13.676747, 52.4332085 ], [ 13.6770427, 52.433210099999989 ], [ 13.6771429, 52.4332108 ], [ 13.6772698, 52.433217599999985 ], [ 13.6773478, 52.4332248 ], [ 13.6772009, 52.4333984 ], [ 13.677201, 52.4334214 ], [ 13.6775247, 52.4335459 ], [ 13.6777267, 52.4336247 ], [ 13.677919, 52.4336443 ], [ 13.6781362, 52.4337388 ], [ 13.6791581, 52.4346488 ], [ 13.6789283, 52.43463460000001 ], [ 13.6788034, 52.4346405 ], [ 13.678686, 52.4346651 ], [ 13.6785689, 52.4347735 ], [ 13.6785313, 52.434832 ], [ 13.6785313, 52.4348979 ], [ 13.6785681, 52.4350071 ], [ 13.678637, 52.4351578 ], [ 13.6786772, 52.4352457 ], [ 13.6786534, 52.4355272 ], [ 13.6786097, 52.4358311 ], [ 13.6786004, 52.4358699 ], [ 13.678583, 52.4359268 ], [ 13.6785665, 52.4359892 ], [ 13.6785131, 52.4361361 ], [ 13.6784718, 52.4361776 ], [ 13.6783987, 52.4362273 ], [ 13.6783523, 52.4363082 ], [ 13.6783973, 52.436365 ], [ 13.6784913, 52.4364028 ], [ 13.6787654, 52.4364662 ], [ 13.6790073, 52.4364861 ], [ 13.6792462, 52.4367176 ], [ 13.679279, 52.436799 ], [ 13.67929, 52.4368715 ], [ 13.6793346, 52.436955 ], [ 13.6793553, 52.437036 ], [ 13.6793406, 52.4371243 ], [ 13.6791929, 52.4372909 ], [ 13.6790028, 52.4374067 ], [ 13.6789373, 52.4374445 ], [ 13.6787903, 52.437497 ], [ 13.6787145, 52.4374304 ], [ 13.6785804, 52.4374486 ], [ 13.6785222, 52.4374213 ], [ 13.6785308, 52.437387 ], [ 13.6784766, 52.4373641 ], [ 13.6783634, 52.4374099 ], [ 13.6782069, 52.4375407 ], [ 13.6780898, 52.4376688 ], [ 13.678, 52.4379472 ], [ 13.6783578, 52.4380459 ], [ 13.6785564, 52.4380607 ], [ 13.6785483, 52.4383244 ], [ 13.6784774, 52.4383439 ], [ 13.6783455, 52.4384274 ], [ 13.6774852, 52.4384309 ], [ 13.6774262, 52.438452099999985 ], [ 13.677427, 52.4384717 ], [ 13.6774879, 52.4384963 ], [ 13.6783421, 52.4384853 ], [ 13.6783384, 52.4385108 ], [ 13.6783382, 52.4385372 ], [ 13.6774986, 52.4385421 ], [ 13.6774369, 52.4385682 ], [ 13.6774364, 52.438584099999986 ], [ 13.6774463, 52.4385899 ], [ 13.6774862, 52.4386135 ], [ 13.6775845, 52.4386127 ], [ 13.6774821, 52.4386734 ], [ 13.6773223, 52.4388967 ], [ 13.6774174, 52.4389732 ], [ 13.6776443, 52.4389844 ], [ 13.6777405, 52.4390214 ], [ 13.6777509, 52.43905130000001 ], [ 13.6777473, 52.4390807 ], [ 13.6777334, 52.439178 ], [ 13.6775472, 52.4392841 ], [ 13.6774804, 52.4394158 ], [ 13.677442, 52.4396057 ], [ 13.6774157, 52.4397957 ], [ 13.677355, 52.4398228 ], [ 13.6773165, 52.439792 ], [ 13.6772457, 52.43975 ], [ 13.6769633, 52.4396691 ], [ 13.6767361, 52.4397736 ], [ 13.676894, 52.4402621 ], [ 13.6772242, 52.4403742 ], [ 13.6771984, 52.440464899999988 ], [ 13.6770496, 52.4404876 ], [ 13.6768293, 52.440758 ], [ 13.6767863, 52.4408033 ], [ 13.6766309, 52.4412735 ], [ 13.6764043, 52.441683 ], [ 13.6766349, 52.441942 ], [ 13.6770356, 52.4419889 ], [ 13.6771853, 52.441947 ], [ 13.6774497, 52.4419454 ], [ 13.677439, 52.442037 ], [ 13.6773869, 52.4421296 ], [ 13.6772738, 52.4421911 ], [ 13.6771064, 52.4422201 ], [ 13.6768811, 52.4422201 ], [ 13.6766596, 52.4421835 ], [ 13.6765827, 52.44211940000001 ], [ 13.6762424, 52.4419519 ], [ 13.6758579, 52.4422454 ], [ 13.675952, 52.442474899999986 ], [ 13.6759834, 52.4425513 ], [ 13.676534, 52.4426383 ], [ 13.6765519, 52.4427696 ], [ 13.6764678, 52.4429593 ], [ 13.6763436, 52.4432959 ], [ 13.676291, 52.4434104 ], [ 13.6759906, 52.4439728 ], [ 13.6757891, 52.4443325 ], [ 13.6753965, 52.4448121 ], [ 13.675177, 52.4450438 ], [ 13.675031, 52.44513760000001 ], [ 13.6749484, 52.445217599999985 ], [ 13.6748297, 52.4453049 ], [ 13.6747238, 52.4454004 ], [ 13.6746133, 52.4454568 ], [ 13.6745286, 52.4455129 ], [ 13.6742892, 52.445613 ], [ 13.6741018, 52.4456702 ], [ 13.6731209, 52.4458941 ], [ 13.6726558, 52.4460003 ], [ 13.671623, 52.4461025 ], [ 13.6709757, 52.446224 ], [ 13.6708707, 52.4461992 ], [ 13.6707497, 52.4462431 ], [ 13.6705823, 52.446291 ], [ 13.6701032, 52.446283 ], [ 13.6700123, 52.4463948 ], [ 13.669609, 52.4465454 ], [ 13.6693575, 52.4465206 ], [ 13.6688908, 52.4465693 ], [ 13.668638, 52.4465952 ], [ 13.6683744, 52.4466698 ], [ 13.6681482, 52.446595 ], [ 13.6679519, 52.4466524 ], [ 13.6678612, 52.4466428 ], [ 13.6678765, 52.4465705 ], [ 13.6677903, 52.4465172 ], [ 13.6677204, 52.4465228 ], [ 13.6677145, 52.446582899999989 ], [ 13.6676158, 52.4465776 ], [ 13.6673784, 52.4465985 ], [ 13.6665303, 52.4465427 ], [ 13.6661307, 52.446587299999983 ], [ 13.666105, 52.4466903 ], [ 13.6660307, 52.4467103 ], [ 13.6658921, 52.4466083 ], [ 13.6656905, 52.446644 ], [ 13.6655616, 52.4466864 ], [ 13.6653842, 52.4467188 ], [ 13.6649565, 52.4469295 ], [ 13.6647116, 52.44696 ], [ 13.6644271, 52.4469442 ], [ 13.6639577, 52.4469741 ], [ 13.6636226, 52.4471048 ], [ 13.6630957, 52.4471608 ], [ 13.6625841, 52.447328 ], [ 13.6602402, 52.4475592 ], [ 13.6578398, 52.447902 ], [ 13.6570868, 52.4479324 ], [ 13.6559188, 52.448132 ], [ 13.6555768, 52.4482777 ], [ 13.6553097, 52.4482678 ], [ 13.6548888, 52.4480754 ], [ 13.6546783, 52.4481445 ], [ 13.6546743, 52.4482366 ], [ 13.6545362, 52.4482832 ], [ 13.6540678, 52.4482429 ], [ 13.653917, 52.4480762 ], [ 13.6536857, 52.448054 ], [ 13.6534521, 52.4481103 ], [ 13.6534221, 52.4481833 ], [ 13.6533712, 52.4482851 ], [ 13.6532668, 52.4483236 ], [ 13.6531902, 52.448325899999986 ], [ 13.6530563, 52.448249 ], [ 13.6526036, 52.4483821 ], [ 13.6524255, 52.4484719 ], [ 13.6523772, 52.4485851 ], [ 13.6523101, 52.448573 ], [ 13.6522687, 52.4484421 ], [ 13.6516528, 52.4484015 ], [ 13.6515446, 52.4483774 ], [ 13.6514063, 52.44835 ], [ 13.6501045, 52.4484328 ], [ 13.649983, 52.4483186 ], [ 13.6498906, 52.448162799999984 ], [ 13.6488028, 52.4481974 ], [ 13.6482892, 52.4481284 ], [ 13.6480838, 52.4479999 ], [ 13.647645, 52.447947 ], [ 13.6475893, 52.4480585 ], [ 13.6475483, 52.448111699999984 ], [ 13.6475135, 52.448118499999985 ], [ 13.6474154, 52.4480867 ], [ 13.6474734, 52.4480208 ], [ 13.6473552, 52.447994 ], [ 13.6471891, 52.447947 ], [ 13.6473008, 52.447713 ], [ 13.6472779, 52.4476683 ], [ 13.6461137, 52.4473251 ], [ 13.6453757, 52.4471966 ], [ 13.6453162, 52.4471385 ], [ 13.6429918, 52.446737400000011 ], [ 13.6429542, 52.4467768 ], [ 13.6418669, 52.4465844 ], [ 13.6413773, 52.4466192 ], [ 13.6410036, 52.4466353 ], [ 13.6406831, 52.446647 ], [ 13.6401258, 52.4466652 ], [ 13.6399892, 52.44667110000001 ], [ 13.6393351, 52.4467577 ], [ 13.6392518, 52.4467693 ], [ 13.6388763, 52.4468299 ], [ 13.6382073, 52.446924 ], [ 13.6380484, 52.4469391 ], [ 13.6377262, 52.4469802 ], [ 13.6374896, 52.4470104 ], [ 13.6372699, 52.4470385 ], [ 13.6367769, 52.4470519 ], [ 13.6364371, 52.4470514 ], [ 13.6358509, 52.4470567 ], [ 13.6357538, 52.447055400000011 ], [ 13.6355793, 52.4470416 ], [ 13.6354718, 52.44703410000001 ], [ 13.634938, 52.4469686 ], [ 13.634275, 52.4468798 ], [ 13.6341391, 52.4468569 ], [ 13.6338885, 52.4468219 ], [ 13.633717, 52.446792 ], [ 13.6334687, 52.446750599999987 ], [ 13.6331974, 52.446706499999983 ], [ 13.6331204, 52.4466849 ], [ 13.6329807, 52.4466283 ], [ 13.63296, 52.4466482 ], [ 13.6329241, 52.4466337 ], [ 13.632945, 52.4466138 ], [ 13.6329022, 52.4465965 ], [ 13.6327917, 52.4465389 ], [ 13.6324382, 52.4464075 ], [ 13.6319038, 52.4462256 ], [ 13.6314097, 52.4459492 ], [ 13.6311347, 52.4458088 ], [ 13.6310151, 52.4457364 ], [ 13.6309919, 52.4457217 ], [ 13.6309723, 52.4457108 ], [ 13.6304612, 52.4454286 ], [ 13.6304167, 52.4453998 ], [ 13.630347, 52.4453663 ], [ 13.6301933, 52.4452804 ], [ 13.6299635, 52.4451081 ], [ 13.6298161, 52.4450054 ], [ 13.6297291, 52.4449489 ], [ 13.6295408, 52.444907 ], [ 13.6292597, 52.4447373 ], [ 13.6287758, 52.444561 ], [ 13.6287068, 52.4445358 ], [ 13.6286875, 52.4445174 ], [ 13.6284743, 52.444437 ], [ 13.6283219, 52.444379499999982 ], [ 13.6283657, 52.4443192 ], [ 13.6282683, 52.4442562 ], [ 13.628175, 52.4441907 ], [ 13.6279076, 52.4441441 ], [ 13.6278296, 52.444148199999987 ], [ 13.627742, 52.4441598 ], [ 13.627556, 52.4441973 ], [ 13.6273633, 52.4440945 ], [ 13.6275563, 52.4439488 ], [ 13.6275238, 52.4439328 ], [ 13.6274274, 52.4440056 ], [ 13.6273288, 52.44408 ], [ 13.6272163, 52.4440198 ], [ 13.6270866, 52.4441203 ], [ 13.6269976, 52.4440796 ], [ 13.6269515, 52.4441131 ], [ 13.6268854, 52.4441611 ], [ 13.6268394, 52.4441946 ], [ 13.6268515, 52.4442195 ], [ 13.6269028, 52.4443085 ], [ 13.6268965, 52.444311 ], [ 13.626511, 52.4444273 ], [ 13.6262927, 52.444535 ], [ 13.6257069, 52.4443154 ], [ 13.6250884, 52.44417 ], [ 13.6249028, 52.443669 ], [ 13.62459, 52.4434746 ], [ 13.624362, 52.4432663 ], [ 13.6232622, 52.4422326 ], [ 13.6230797, 52.442143599999987 ], [ 13.6224642, 52.441617 ], [ 13.622414, 52.4415563 ], [ 13.6223397, 52.4414073 ], [ 13.6223521, 52.44114350000001 ], [ 13.6225269, 52.4409104 ], [ 13.6224096, 52.440712199999986 ], [ 13.6223408, 52.440492699999986 ], [ 13.6220939, 52.4401004 ], [ 13.6221366, 52.4398926 ], [ 13.6217742, 52.4392123 ], [ 13.6215354, 52.438788 ], [ 13.6214526, 52.4385594 ], [ 13.6213695, 52.4383143 ], [ 13.6212036, 52.438112 ], [ 13.6210603, 52.438009 ], [ 13.6211791, 52.437798 ], [ 13.6212153, 52.4376492 ], [ 13.6210147, 52.4370464 ], [ 13.6208412, 52.4370581 ], [ 13.6207833, 52.4370623 ], [ 13.6207379, 52.437048 ], [ 13.6207339, 52.4370177 ], [ 13.620742, 52.4369976 ], [ 13.6209208, 52.4368972 ], [ 13.6209752, 52.436866 ], [ 13.6209724, 52.436824799999989 ], [ 13.6204916, 52.4356979 ], [ 13.6205399, 52.4353735 ], [ 13.6205169, 52.435043 ], [ 13.6204913, 52.4346752 ], [ 13.6204932, 52.4336793 ], [ 13.6206936, 52.4333309 ], [ 13.6207495, 52.4328931 ], [ 13.620815, 52.432436 ], [ 13.6209305, 52.4317965 ], [ 13.6210256, 52.4316256 ], [ 13.62109, 52.4314648 ], [ 13.6212351, 52.4312366 ], [ 13.6223105, 52.4297982 ], [ 13.6222292, 52.4297211 ], [ 13.6227392, 52.429611199999989 ], [ 13.6230643, 52.4294253 ], [ 13.6232231, 52.4292692 ], [ 13.6234806, 52.4291855 ], [ 13.6241432, 52.4291619 ], [ 13.6248353, 52.4290248 ], [ 13.6256545, 52.4287784 ], [ 13.627083, 52.4281007 ], [ 13.6282614, 52.4275146 ], [ 13.6285843, 52.4273674 ], [ 13.6286923, 52.427304 ], [ 13.62903, 52.4271433 ], [ 13.6294414, 52.4270308 ], [ 13.630302, 52.4269575 ], [ 13.630494, 52.4269513 ], [ 13.6305306, 52.4269526 ] ] ] } },
{ "type": "Feature", "properties": { "name": "Pfuhl am Bullenwinkel", "name_norm": "pfuhl am bullenwinkel", "natural": "water", "water": "pond", "wikidata": null, "area_sqkm": 0.0022738840213847944, "centroid_lon": 13.259918312790429, "centroid_lat": 52.470090677307887 }, "geometry": { "type": "Polygon", "coordinates": [ [ [ 13.2596765, 52.4696806 ], [ 13.2597862, 52.4696948 ], [ 13.2598703, 52.4697688 ], [ 13.2599123, 52.4698527 ], [ 13.2600197, 52.4698683 ], [ 13.2600547, 52.469902399999988 ], [ 13.2600547, 52.4699252 ], [ 13.2600103, 52.4699423 ], [ 13.2600056, 52.4699764 ], [ 13.260141, 52.4700418 ], [ 13.2602157, 52.4701286 ], [ 13.2602578, 52.4703148 ], [ 13.2601784, 52.4704912 ], [ 13.260092, 52.4705026 ], [ 13.2599123, 52.470403 ], [ 13.2598679, 52.4703077 ], [ 13.2598049, 52.4702181 ], [ 13.2597442, 52.4701954 ], [ 13.2596905, 52.47012 ], [ 13.2596788, 52.470039 ], [ 13.2595948, 52.4699721 ], [ 13.2595738, 52.4699209 ], [ 13.2595948, 52.4697403 ], [ 13.2596765, 52.4696806 ] ] ] } },
{ "type": "Feature", "properties": { "name": "Schattenteich", "name_norm": "schattenteich", "natural": "water", "water": "pond", "wikidata": null, "area_sqkm": 0.00057772684973980758, "centroid_lon": 13.361931268669204, "centroid_lat": 52.402601611280296 }, "geometry": { "type": "Polygon", "coordinates": [ [ [ 13.3618554, 52.402815599999983 ], [ 13.3618554, 52.402774399999984 ], [ 13.3618597, 52.4026386 ], [ 13.3618683, 52.4026228 ], [ 13.3618654, 52.4026097 ], [ 13.3618496, 52.4025948 ], [ 13.3618482, 52.4025816 ], [ 13.361864, 52.4025667 ], [ 13.3618985, 52.4025492 ], [ 13.3619114, 52.4025387 ], [ 13.3619114, 52.4025203 ], [ 13.3619028, 52.4025089 ], [ 13.3618798, 52.4024975 ], [ 13.361864, 52.402487 ], [ 13.3618511, 52.402473 ], [ 13.3618453, 52.4024581 ], [ 13.361841, 52.4024423 ], [ 13.3618381, 52.4023266 ], [ 13.3618482, 52.402318799999989 ], [ 13.3618827, 52.4023135 ], [ 13.3619444, 52.4023161 ], [ 13.3619674, 52.4023275 ], [ 13.3619789, 52.40234860000001 ], [ 13.3619846, 52.4024756 ], [ 13.3619602, 52.4024923 ], [ 13.3619401, 52.4025045 ], [ 13.3619372, 52.4025203 ], [ 13.3619444, 52.40253689999998 ], [ 13.3619617, 52.402544 ], [ 13.3620119, 52.4025615 ], [ 13.3620335, 52.4025729 ], [ 13.3620392, 52.4025957 ], [ 13.3620363, 52.4026281 ], [ 13.3620177, 52.4026684 ], [ 13.3620277, 52.4027113 ], [ 13.3620191, 52.4028138 ], [ 13.3620119, 52.4028331 ], [ 13.3619933, 52.4028471 ], [ 13.361966, 52.4028568 ], [ 13.3619372, 52.4028603 ], [ 13.3619042, 52.4028568 ], [ 13.3618697, 52.4028436 ], [ 13.3618554, 52.4028322 ], [ 13.3618554, 52.402815599999983 ] ] ] } },
{ "type": "Feature", "properties": { "name": "Park Drive Pond", "name_norm": "park drive pond", "natural": "water", "water": "pond", "wikidata": null, "area_sqkm": 0.004640588998019805, "centroid_lon": -72.813078059489854, "centroid_lat": 41.571863671386787 }, "geometry": { "type": "Polygon", "coordinates": [ [ [ -72.813337799999402, 41.571564299999238 ], [ -72.812975899999415, 41.571667299999255 ], [ -72.812854499999432, 41.571735499999249 ], [ -72.812810099999396, 41.571831499999256 ], [ -72.812828799999423, 41.571852499999252 ], [ -72.812826499999431, 41.571918899999261 ], [ -72.812873199999416, 41.571945099999255 ], [ -72.8128614999994, 41.572020199999258 ], [ -72.812845099999421, 41.572130299999237 ], [ -72.812882499999418, 41.572191399999255 ], [ -72.812972099999428, 41.572215299999257 ], [ -72.813032799999434, 41.572203299999245 ], [ -72.813060299999421, 41.572176999999257 ], [ -72.813099599999433, 41.572112799999253 ], [ -72.813160799999423, 41.572006799999251 ], [ -72.813212099999419, 41.571944899999252 ], [ -72.813259399999424, 41.571876899999239 ], [ -72.813292599999414, 41.571840699999257 ], [ -72.813331499999407, 41.571818799999242 ], [ -72.813414899999401, 41.571793099999262 ], [ -72.813370499999422, 41.57171279999924 ], [ -72.813365799999417, 41.571669099999248 ], [ -72.813396199999431, 41.571606199999266 ], [ -72.813337799999402, 41.571564299999238 ] ] ] } },
{ "type": "Feature", "properties": { "name": "Swede Pond", "name_norm": "swede pond", "natural": "water", "water": "pond", "wikidata": null, "area_sqkm": 0.074046376567196329, "centroid_lon": -72.76840583492806, "centroid_lat": 41.601739894413136 }, "geometry": { "type": "Polygon", "coordinates": [ [ [ -72.768364399999399, 41.603060899999271 ], [ -72.768692899999408, 41.602907299999266 ], [ -72.768698799999413, 41.602823999999252 ], [ -72.769097699999421, 41.60261339999925 ], [ -72.769473099999416, 41.602543199999261 ], [ -72.769555299999411, 41.60242479999927 ], [ -72.769531799999427, 41.602310699999251 ], [ -72.769355799999431, 41.602249299999258 ], [ -72.76913289999942, 41.602104599999258 ], [ -72.769156299999437, 41.601964199999259 ], [ -72.768986199999404, 41.60167029999927 ], [ -72.769109399999422, 41.601455299999259 ], [ -72.769126999999415, 41.601292999999259 ], [ -72.769197399999427, 41.600994699999262 ], [ -72.769121099999438, 41.600915699999263 ], [ -72.769062499999407, 41.60075339999927 ], [ -72.768851299999426, 41.600595499999258 ], [ -72.768669399999411, 41.600490199999264 ], [ -72.768540399999424, 41.600525299999262 ], [ -72.768452399999404, 41.600380499999268 ], [ -72.768258799999401, 41.600253299999267 ], [ -72.767994799999414, 41.600301499999276 ], [ -72.767859799999414, 41.60042439999927 ], [ -72.76779529999942, 41.600779699999265 ], [ -72.767871599999424, 41.600849899999254 ], [ -72.767859799999414, 41.601481599999275 ], [ -72.767724899999422, 41.601569399999271 ], [ -72.767607599999423, 41.601867699999268 ], [ -72.767431599999412, 41.602117699999269 ], [ -72.76741989999941, 41.602455499999252 ], [ -72.767531299999405, 41.602582699999253 ], [ -72.768364399999399, 41.603060899999271 ] ] ] } },
{ "type": "Feature", "properties": { "name": "Mühlenfeldteich", "name_norm": "muhlenfeldteich", "natural": "water", "water": "pond", "wikidata": null, "area_sqkm": 0.00079869905428577449, "centroid_lon": 13.306199339775302, "centroid_lat": 52.606518229309444 }, "geometry": { "type": "Polygon", "coordinates": [ [ [ 13.3063239, 52.606553 ], [ 13.3060882, 52.6067399 ], [ 13.3059894, 52.6067111 ], [ 13.3059153, 52.6066453 ], [ 13.306189, 52.6064318 ], [ 13.3061148, 52.6063833 ], [ 13.3061069, 52.6063634 ], [ 13.3060996, 52.6063452 ], [ 13.3061567, 52.6063706 ], [ 13.3062441, 52.6062991 ], [ 13.3064911, 52.6064076 ], [ 13.3063552, 52.6065257 ], [ 13.3063239, 52.606553 ] ] ] } },
{ "type": "Feature", "properties": { "name": "Stubichtbecken", "name_norm": "stubichtbecken", "natural": "water", "water": "pond", "wikidata": null, "area_sqkm": 0.00085304486547297081, "centroid_lon": 13.306657672053664, "centroid_lat": 52.606667271867536 }, "geometry": { "type": "Polygon", "coordinates": [ [ [ 13.3064189, 52.606647599999988 ], [ 13.3064398, 52.6065599 ], [ 13.306474, 52.6065599 ], [ 13.3065671, 52.6065172 ], [ 13.3066622, 52.6065091 ], [ 13.3067648, 52.6065357 ], [ 13.3068446, 52.6065726 ], [ 13.3068826, 52.6066407 ], [ 13.3068674, 52.606748 ], [ 13.3067705, 52.6068219 ], [ 13.3066318, 52.6068565 ], [ 13.3066128, 52.6068115 ], [ 13.3065918, 52.6067803 ], [ 13.3065424, 52.6067642 ], [ 13.3064451, 52.6067353 ], [ 13.3064189, 52.606647599999988 ] ] ] } },
{ "type": "Feature", "properties": { "name": "Feldgrabenteich", "name_norm": "feldgrabenteich", "natural": "water", "water": "pond", "wikidata": null, "area_sqkm": 0.00078375311952345471, "centroid_lon": 13.349059159726847, "centroid_lat": 52.580995041699211 }, "geometry": { "type": "Polygon", "coordinates": [ [ [ 13.3490382, 52.5811646 ], [ 13.3489338, 52.5811494 ], [ 13.3488794, 52.5811122 ], [ 13.348757, 52.5810281 ], [ 13.3487706, 52.5809606 ], [ 13.3488749, 52.5809055 ], [ 13.3489338, 52.5808931 ], [ 13.3492831, 52.580911 ], [ 13.3494305, 52.5808738 ], [ 13.3494917, 52.5808807 ], [ 13.3495325, 52.5809179 ], [ 13.3494735, 52.5809648 ], [ 13.3492763, 52.5809537 ], [ 13.3491674, 52.5809854 ], [ 13.3491379, 52.5810199 ], [ 13.3491039, 52.5811012 ], [ 13.3490722, 52.5811659 ], [ 13.3490382, 52.5811646 ] ] ] } },
{ "type": "Feature", "properties": { "name": "Kafeld Pfuhl", "name_norm": "kafeld pfuhl", "natural": "water", "water": "pond", "wikidata": null, "area_sqkm": 0.00040417834844169915, "centroid_lon": 13.414193092758222, "centroid_lat": 52.441173832790156 }, "geometry": { "type": "Polygon", "coordinates": [ [ [ 13.4141653, 52.4412666 ], [ 13.4140273, 52.4412421 ], [ 13.4139757, 52.441223599999987 ], [ 13.414007, 52.44118610000001 ], [ 13.4140771, 52.441119899999983 ], [ 13.4141915, 52.4410755 ], [ 13.414233, 52.4410714 ], [ 13.4143373, 52.4410929 ], [ 13.4143764, 52.4411487 ], [ 13.4143736, 52.4411759 ], [ 13.4143552, 52.4412046 ], [ 13.4142806, 52.4412501 ], [ 13.414194, 52.4412673 ], [ 13.4141653, 52.4412666 ] ] ] } },
{ "type": "Feature", "properties": { "name": "Römerteich", "name_norm": "romerteich", "natural": "water", "water": "pond", "wikidata": null, "area_sqkm": 0.00021578739728915703, "centroid_lon": 13.408815183617797, "centroid_lat": 52.445744758697238 }, "geometry": { "type": "Polygon", "coordinates": [ [ [ 13.4087752, 52.4458232 ], [ 13.4087304, 52.44581 ], [ 13.408706, 52.4457819 ], [ 13.4087047, 52.4457315 ], [ 13.4087508, 52.4456811 ], [ 13.4088091, 52.4456629 ], [ 13.4088687, 52.4456662 ], [ 13.4089067, 52.4456819 ], [ 13.4089243, 52.4457125 ], [ 13.4089161, 52.4457761 ], [ 13.4088687, 52.4458158 ], [ 13.4088091, 52.4458274 ], [ 13.4087752, 52.4458232 ] ] ] } },
{ "type": "Feature", "properties": { "name": "Rohrpfuhl", "name_norm": "rohrpfuhl", "natural": "water", "water": "lake", "wikidata": "Q48261223", "area_sqkm": 0.0022223938677907898, "centroid_lon": 13.614603017594204, "centroid_lat": 52.514200023414148 }, "geometry": { "type": "Polygon", "coordinates": [ [ [ 13.6148233, 52.5139712 ], [ 13.6149864, 52.5140747 ], [ 13.6150207, 52.5142105 ], [ 13.6150036, 52.5143359 ], [ 13.6149123, 52.5143989 ], [ 13.614686, 52.5143986 ], [ 13.6144199, 52.5144038 ], [ 13.6143169, 52.5143307 ], [ 13.6141109, 52.514174 ], [ 13.6141453, 52.5140538 ], [ 13.6142604, 52.5140386 ], [ 13.6143455, 52.5140157 ], [ 13.6144767, 52.5140374 ], [ 13.6146359, 52.5140388 ], [ 13.6148233, 52.5139712 ] ] ] } },
{ "type": "Feature", "properties": { "name": "Südpfuhl", "name_norm": "sudpfuhl", "natural": "water", "water": "pond", "wikidata": null, "area_sqkm": 0.00091377109356419303, "centroid_lon": 13.316806632986248, "centroid_lat": 52.407220225640998 }, "geometry": { "type": "Polygon", "coordinates": [ [ [ 13.3167537, 52.4073708 ], [ 13.316718, 52.4073592 ], [ 13.3165432, 52.4072726 ], [ 13.3166073, 52.407094 ], [ 13.3167988, 52.4070513 ], [ 13.3170188, 52.4071509 ], [ 13.3170865, 52.4072806 ], [ 13.3169984, 52.4073441 ], [ 13.3167537, 52.4073708 ] ] ] } },
{ "type": "Feature", "properties": { "name": "Leinegans, Indische Laufente", "name_norm": "leinegans, indische laufente", "natural": "water", "water": "pond", "wikidata": null, "area_sqkm": 0.00024964738838870149, "centroid_lon": 13.529011318089161, "centroid_lat": 52.498799711078242 }, "geometry": { "type": "Polygon", "coordinates": [ [ [ 13.5289545, 52.4988909 ], [ 13.5289235, 52.4988834 ], [ 13.5288863, 52.4988853 ], [ 13.5288537, 52.4988824 ], [ 13.5288273, 52.4988635 ], [ 13.5288366, 52.4988352 ], [ 13.5288677, 52.4988211 ], [ 13.5289266, 52.4988078 ], [ 13.5289561, 52.4987956 ], [ 13.5289913, 52.4987825 ], [ 13.5289886, 52.4987729 ], [ 13.5290042, 52.4987191 ], [ 13.5290383, 52.4986983 ], [ 13.5290864, 52.4986927 ], [ 13.5291236, 52.4986964 ], [ 13.5291577, 52.4987172 ], [ 13.5291717, 52.4987455 ], [ 13.5291468, 52.49878420000001 ], [ 13.5290926, 52.4988003 ], [ 13.5290522, 52.4988239 ], [ 13.5290228, 52.4988636 ], [ 13.5290228, 52.498896599999988 ], [ 13.5290042, 52.4989108 ], [ 13.5289545, 52.4988909 ] ] ] } },
{ "type": "Feature", "properties": { "name": "Brandpfuhl", "name_norm": "brandpfuhl", "natural": "water", "water": "pond", "wikidata": "Q97379509", "area_sqkm": 0.00021625555611505469, "centroid_lon": 13.433918722369718, "centroid_lat": 52.449818824190011 }, "geometry": { "type": "Polygon", "coordinates": [ [ [ 13.4338484, 52.449896099999989 ], [ 13.433821, 52.4498742 ], [ 13.4338161, 52.4498118 ], [ 13.4338677, 52.44975 ], [ 13.4339285, 52.449725 ], [ 13.4339813, 52.4497257 ], [ 13.4340085, 52.449754 ], [ 13.4340167, 52.4498209 ], [ 13.4339792, 52.449885 ], [ 13.4339252, 52.4499165 ], [ 13.4338484, 52.449896099999989 ] ] ] } },
{ "type": "Feature", "properties": { "name": "Großer Ecker-Pfuhl", "name_norm": "großer ecker-pfuhl", "natural": "water", "water": "pond", "wikidata": null, "area_sqkm": 0.0013863936888165165, "centroid_lon": 13.433568149219028, "centroid_lat": 52.4485570090255 }, "geometry": { "type": "Polygon", "coordinates": [ [ [ 13.433193, 52.4486044 ], [ 13.4331781, 52.4485288 ], [ 13.4332607, 52.4484847 ], [ 13.4333927, 52.4484391 ], [ 13.4335915, 52.4483965 ], [ 13.4337012, 52.4483851 ], [ 13.4338169, 52.4483995 ], [ 13.4338858, 52.4484456 ], [ 13.4339151, 52.4485128 ], [ 13.4338884, 52.4485684 ], [ 13.4337853, 52.448694 ], [ 13.4337175, 52.448719 ], [ 13.4336465, 52.4487331 ], [ 13.4334676, 52.4487113 ], [ 13.4333103, 52.4486748 ], [ 13.433193, 52.4486044 ] ] ] } },
{ "type": "Feature", "properties": { "name": "Camp Meribrite Swimming Hole", "name_norm": "camp meribrite swimming hole", "natural": "water", "water": "pond", "wikidata": null, "area_sqkm": 0.0032456440414219711, "centroid_lon": -72.789418267465308, "centroid_lat": 41.598789903138098 }, "geometry": { "type": "Polygon", "coordinates": [ [ [ -72.789353399999413, 41.59899739999927 ], [ -72.789394199999435, 41.599019599999252 ], [ -72.789464299999437, 41.599001999999253 ], [ -72.789531299999425, 41.598984299999266 ], [ -72.789588799999422, 41.598950699999264 ], [ -72.789602399999438, 41.598769599999258 ], [ -72.789636399999424, 41.598737399999251 ], [ -72.789631299999428, 41.598671099999251 ], [ -72.789617899999428, 41.59859889999926 ], [ -72.789521599999432, 41.598543999999251 ], [ -72.789451699999418, 41.598573799999251 ], [ -72.789369699999412, 41.598600399999263 ], [ -72.789306299999438, 41.598637799999267 ], [ -72.789243999999414, 41.598686599999269 ], [ -72.789209899999435, 41.598733899999246 ], [ -72.789186499999417, 41.598823499999256 ], [ -72.789166299999437, 41.598864199999262 ], [ -72.789160299999423, 41.598896399999262 ], [ -72.789199799999423, 41.598924799999267 ], [ -72.78925449999943, 41.59894729999926 ], [ -72.789308099999417, 41.598983199999267 ], [ -72.789353399999413, 41.59899739999927 ] ] ] } },
{ "type": "Feature", "properties": { "name": "Priesterpfuhl", "name_norm": "priesterpfuhl", "natural": "water", "water": "pond", "wikidata": null, "area_sqkm": 0.0016563849429965618, "centroid_lon": 13.517308727976296, "centroid_lat": 52.419695630639211 }, "geometry": { "type": "Polygon", "coordinates": [ [ [ 13.5170132, 52.419669399999982 ], [ 13.5169964, 52.4196326 ], [ 13.5170808, 52.4194776 ], [ 13.5171419, 52.4194674 ], [ 13.5172451, 52.41948210000001 ], [ 13.5173222, 52.4194997 ], [ 13.5174094, 52.4195222 ], [ 13.5175777, 52.4195708 ], [ 13.5176736, 52.4196326 ], [ 13.5176776, 52.4196448 ], [ 13.5176494, 52.4197071 ], [ 13.5176267, 52.4197401 ], [ 13.5175945, 52.4197757 ], [ 13.5174235, 52.4198972 ], [ 13.5172661, 52.4199457 ], [ 13.5171995, 52.4199336 ], [ 13.5171204, 52.4198898 ], [ 13.5171016, 52.4198289 ], [ 13.5170513, 52.41979 ], [ 13.5170132, 52.419669399999982 ] ] ] } },
{ "type": "Feature", "properties": { "name": "Elfenteich", "name_norm": "elfenteich", "natural": "water", "water": "pond", "wikidata": null, "area_sqkm": 0.00047108099006994033, "centroid_lon": 13.436225386087854, "centroid_lat": 52.606650812221886 }, "geometry": { "type": "Polygon", "coordinates": [ [ [ 13.4360713, 52.60654370000001 ], [ 13.4361155, 52.6065113 ], [ 13.4362316, 52.6065185 ], [ 13.4362957, 52.6065552 ], [ 13.4363407, 52.6065971 ], [ 13.4363817, 52.6066643 ], [ 13.4363399, 52.606773 ], [ 13.4362716, 52.6068029 ], [ 13.4362235, 52.6068006 ], [ 13.4361075, 52.606698 ], [ 13.4360713, 52.60654370000001 ] ] ] } },
{ "type": "Feature", "properties": { "name": "Murellenteich", "name_norm": "murellenteich", "natural": "water", "water": "pond", "wikidata": null, "area_sqkm": 0.0058697720378718668, "centroid_lon": 13.243742524693415, "centroid_lat": 52.5227829742959 }, "geometry": { "type": "Polygon", "coordinates": [ [ [ 13.2431429, 52.5224367 ], [ 13.2432321, 52.5224139 ], [ 13.2434025, 52.522398899999985 ], [ 13.2436578, 52.5224369 ], [ 13.2437057, 52.5224543 ], [ 13.2437768, 52.5225056 ], [ 13.2438682, 52.522546 ], [ 13.244271, 52.5226216 ], [ 13.2443848, 52.5226273 ], [ 13.244512, 52.5226222 ], [ 13.2445917, 52.5226303 ], [ 13.2446391, 52.5226649 ], [ 13.2446372, 52.5227099 ], [ 13.2446121, 52.5227801 ], [ 13.2445689, 52.5228288 ], [ 13.2444472, 52.5228866 ], [ 13.2440968, 52.5230342 ], [ 13.2438789, 52.5231188 ], [ 13.2437133, 52.5231255 ], [ 13.2436194, 52.5231722 ], [ 13.2435511, 52.5232144 ], [ 13.2434687, 52.5232284 ], [ 13.2434128, 52.52321640000001 ], [ 13.2433737, 52.5231728 ], [ 13.2433566, 52.523127799999983 ], [ 13.2433177, 52.5230851 ], [ 13.2432817, 52.522991 ], [ 13.2432105, 52.5228652 ], [ 13.2431745, 52.5228346 ], [ 13.2431247, 52.5228124 ], [ 13.2431052, 52.5227792 ], [ 13.243099, 52.5226817 ], [ 13.243088, 52.5225909 ], [ 13.2430667, 52.5225463 ], [ 13.2430929, 52.5224929 ], [ 13.2431429, 52.5224367 ] ] ] } },
{ "type": "Feature", "properties": { "name": "Am Birkenteich", "name_norm": "am birkenteich", "natural": "water", "water": "pond", "wikidata": null, "area_sqkm": 0.00072501316682216507, "centroid_lon": 13.491823640419817, "centroid_lat": 52.561202313478084 }, "geometry": { "type": "Polygon", "coordinates": [ [ [ 13.4919457, 52.5610798 ], [ 13.49203, 52.5611055 ], [ 13.4920656, 52.5611532 ], [ 13.4920632, 52.5612156 ], [ 13.4920093, 52.5612699 ], [ 13.4919035, 52.5613179 ], [ 13.4918191, 52.5613293 ], [ 13.4917348, 52.5613229 ], [ 13.4916523, 52.5613079 ], [ 13.4916114, 52.561286699999989 ], [ 13.4915743, 52.5612436 ], [ 13.4915752, 52.5611879 ], [ 13.4916444, 52.5611342 ], [ 13.4916997, 52.5611053 ], [ 13.491762, 52.561089 ], [ 13.4918452, 52.5610781 ], [ 13.4919457, 52.5610798 ] ] ] } },
{ "type": "Feature", "properties": { "name": "Elisabethteich", "name_norm": "elisabethteich", "natural": "water", "water": "pond", "wikidata": null, "area_sqkm": 8.8303785258284041e-05, "centroid_lon": 13.387001439282624, "centroid_lat": 52.389335037685164 }, "geometry": { "type": "Polygon", "coordinates": [ [ [ 13.386981, 52.38936970000001 ], [ 13.386953, 52.3893677 ], [ 13.3869486, 52.3893651 ], [ 13.3869365, 52.3893611 ], [ 13.3869173, 52.3893343 ], [ 13.3869147, 52.3893256 ], [ 13.3869421, 52.3892997 ], [ 13.386977, 52.3892927 ], [ 13.3869773, 52.3892889 ], [ 13.3869883, 52.3892889 ], [ 13.3870007, 52.3892952 ], [ 13.3870747, 52.3892973 ], [ 13.387085, 52.389327 ], [ 13.3870638, 52.3893639 ], [ 13.387037, 52.3893681 ], [ 13.3870174, 52.3893689 ], [ 13.3870169, 52.389395 ], [ 13.3869805, 52.3893947 ], [ 13.386981, 52.38936970000001 ] ] ] } },
{ "type": "Feature", "properties": { "name": "Karower Becken", "name_norm": "karower becken", "natural": "water", "water": "pond", "wikidata": null, "area_sqkm": 0.00036091400185692476, "centroid_lon": 13.495071496185139, "centroid_lat": 52.60377693586004 }, "geometry": { "type": "Polygon", "coordinates": [ [ [ 13.4949632, 52.6038728 ], [ 13.4949363, 52.6037669 ], [ 13.4949417, 52.6037132 ], [ 13.4950034, 52.6036725 ], [ 13.4950678, 52.603679 ], [ 13.4952475, 52.6037197 ], [ 13.4952287, 52.6037686 ], [ 13.4951643, 52.6038272 ], [ 13.4951026, 52.6038956 ], [ 13.4949632, 52.6038728 ] ] ] } },
{ "type": "Feature", "properties": { "name": "Wernickepfuhl", "name_norm": "wernickepfuhl", "natural": "water", "water": "pond", "wikidata": null, "area_sqkm": 0.00021306462535496126, "centroid_lon": 13.312687317775609, "centroid_lat": 52.611860798464051 }, "geometry": { "type": "Polygon", "coordinates": [ [ [ 13.3125637, 52.6118941 ], [ 13.3125734, 52.6118634 ], [ 13.3126543, 52.6117806 ], [ 13.3126855, 52.6117726 ], [ 13.3127222, 52.6117798 ], [ 13.3128039, 52.6118206 ], [ 13.3128087, 52.6118479 ], [ 13.3127893, 52.611880199999987 ], [ 13.3127715, 52.6119036 ], [ 13.3127466, 52.6119221 ], [ 13.3127192, 52.6119324 ], [ 13.3126864, 52.6119374 ], [ 13.3126479, 52.6119384 ], [ 13.312604, 52.6119277 ], [ 13.3125728, 52.6119107 ], [ 13.3125637, 52.6118941 ] ] ] } },
{ "type": "Feature", "properties": { "name": "Langer Deichpfuhl", "name_norm": "langer deichpfuhl", "natural": "water", "water": "pond", "wikidata": null, "area_sqkm": 0.00047432403112744435, "centroid_lon": 13.312192497113642, "centroid_lat": 52.611883643693211 }, "geometry": { "type": "Polygon", "coordinates": [ [ [ 13.3121634, 52.6120217 ], [ 13.3120146, 52.611969599999988 ], [ 13.3119931, 52.6119417 ], [ 13.3120028, 52.611919 ], [ 13.3121705, 52.6117684 ], [ 13.3122025, 52.611748 ], [ 13.312247, 52.6117482 ], [ 13.3123619, 52.6117883 ], [ 13.3123767, 52.6118039 ], [ 13.3123822, 52.6118145 ], [ 13.31238, 52.6118379 ], [ 13.312217, 52.6120096 ], [ 13.3121634, 52.6120217 ] ] ] } },
{ "type": "Feature", "properties": { "name": "Madalenenhof Teich", "name_norm": "madalenenhof teich", "natural": "water", "water": "pond", "wikidata": null, "area_sqkm": 0.00045312076754493099, "centroid_lon": 13.201136836756541, "centroid_lat": 52.571923909625148 }, "geometry": { "type": "Polygon", "coordinates": [ [ [ 13.2009021, 52.5718244 ], [ 13.2009973, 52.5717796 ], [ 13.2011971, 52.5718668 ], [ 13.2013809, 52.5720078 ], [ 13.201342, 52.5720421 ], [ 13.2012937, 52.5720616 ], [ 13.2012253, 52.5720453 ], [ 13.2011341, 52.5720119 ], [ 13.2010523, 52.5719614 ], [ 13.2009128, 52.5718595 ], [ 13.2009125, 52.571844099999986 ], [ 13.2009021, 52.5718244 ] ] ] } },
{ "type": "Feature", "properties": { "name": "Parkgrabenteich", "name_norm": "parkgrabenteich", "natural": "water", "water": "pond", "wikidata": null, "area_sqkm": 0.0005519087542467416, "centroid_lon": 13.327721880525434, "centroid_lat": 52.594518813056524 }, "geometry": { "type": "Polygon", "coordinates": [ [ [ 13.3276347, 52.5944364 ], [ 13.3277387, 52.5944034 ], [ 13.3279016, 52.5944197 ], [ 13.3279378, 52.594473 ], [ 13.3279325, 52.5945154 ], [ 13.3278661, 52.594594 ], [ 13.3276924, 52.5946294 ], [ 13.3275034, 52.5945993 ], [ 13.327487, 52.5945241 ], [ 13.3276347, 52.5944364 ] ] ] } },
{ "type": "Feature", "properties": { "name": "Schlossteich", "name_norm": "schlossteich", "natural": "water", "water": "pond", "wikidata": null, "area_sqkm": 0.0038476466753650947, "centroid_lon": 13.097438487320217, "centroid_lat": 52.414442770129448 }, "geometry": { "type": "Polygon", "coordinates": [ [ [ 13.0974674, 52.413978899999982 ], [ 13.097531, 52.4139591 ], [ 13.0976359, 52.4140028 ], [ 13.0977389, 52.4139848 ], [ 13.0977875, 52.4139736 ], [ 13.0977946, 52.4139896 ], [ 13.0977714, 52.4140215 ], [ 13.0977644, 52.4140426 ], [ 13.0977845, 52.4140722 ], [ 13.0978028, 52.414107799999989 ], [ 13.0978921, 52.4141178 ], [ 13.0979337, 52.4141088 ], [ 13.0979659, 52.4141117 ], [ 13.0979622, 52.4141613 ], [ 13.0979565, 52.4142399 ], [ 13.0979909, 52.4143135 ], [ 13.0980544, 52.4143734 ], [ 13.0980074, 52.41443240000001 ], [ 13.0979914, 52.4144839 ], [ 13.097949, 52.4144834 ], [ 13.0978098, 52.414494799999986 ], [ 13.0977331, 52.4145142 ], [ 13.0976986, 52.4145471 ], [ 13.0976832, 52.4145913 ], [ 13.0976517, 52.4146204 ], [ 13.0975925, 52.414628199999989 ], [ 13.0975275, 52.4146267 ], [ 13.097476, 52.4146169 ], [ 13.0974251, 52.4146474 ], [ 13.0974304, 52.414679 ], [ 13.0973382, 52.4146964 ], [ 13.0973732, 52.414753500000018 ], [ 13.0974087, 52.4147914 ], [ 13.0973909, 52.4148241 ], [ 13.0973159, 52.414823 ], [ 13.0972104, 52.4148048 ], [ 13.0971086, 52.4148138 ], [ 13.0970723, 52.4148475 ], [ 13.0969708, 52.4148064 ], [ 13.096868, 52.4148148 ], [ 13.0968398, 52.4147601 ], [ 13.0969258, 52.414722 ], [ 13.0968762, 52.4146357 ], [ 13.0968066, 52.414607599999982 ], [ 13.0967233, 52.4146167 ], [ 13.0966472, 52.4146021 ], [ 13.0966128, 52.414572 ], [ 13.0966039, 52.4145358 ], [ 13.096682, 52.4145242 ], [ 13.096757, 52.4145511 ], [ 13.0967974, 52.4145505 ], [ 13.0968526, 52.414497899999986 ], [ 13.0971564, 52.4144703 ], [ 13.0972168, 52.4144377 ], [ 13.0972691, 52.4143954 ], [ 13.0973324, 52.4143456 ], [ 13.0973399, 52.414285 ], [ 13.097479, 52.414217299999983 ], [ 13.0975298, 52.4141273 ], [ 13.0974674, 52.413978899999982 ] ] ] } },
{ "type": "Feature", "properties": { "name": "Mehringteich", "name_norm": "mehringteich", "natural": "water", "water": "pond", "wikidata": null, "area_sqkm": 0.0003636865159472283, "centroid_lon": 13.298466001109842, "centroid_lat": 52.640072870462802 }, "geometry": { "type": "Polygon", "coordinates": [ [ [ 13.2983299, 52.6401757 ], [ 13.298282, 52.6401743 ], [ 13.2982526, 52.6401622 ], [ 13.2982391, 52.6401432 ], [ 13.2982407, 52.6401232 ], [ 13.2982991, 52.6400743 ], [ 13.2984033, 52.640033 ], [ 13.2985254, 52.6399888 ], [ 13.298571, 52.639977 ], [ 13.2986383, 52.6399663 ], [ 13.2986642, 52.6399709 ], [ 13.2986886, 52.6399837 ], [ 13.2986984, 52.6400024 ], [ 13.2986967, 52.6400146 ], [ 13.2986769, 52.6400342 ], [ 13.2986279, 52.6400678 ], [ 13.29846, 52.6401426 ], [ 13.2984195, 52.6401579 ], [ 13.2983299, 52.6401757 ] ] ] } },
{ "type": "Feature", "properties": { "name": "Teich Streckfußstraße", "name_norm": "teich streckfußstraße", "natural": "water", "water": "pond", "wikidata": null, "area_sqkm": 0.00010524746101022689, "centroid_lon": 13.464900291403936, "centroid_lat": 52.614433756800921 }, "geometry": { "type": "Polygon", "coordinates": [ [ [ 13.4648183, 52.6144974 ], [ 13.4647882, 52.6144856 ], [ 13.464764, 52.614462 ], [ 13.4648552, 52.6144152 ], [ 13.4649411, 52.6143847 ], [ 13.4650027, 52.6143826 ], [ 13.4650396, 52.614396099999986 ], [ 13.4650383, 52.6144217 ], [ 13.4650014, 52.6144319 ], [ 13.4649283, 52.6144364 ], [ 13.464868, 52.6144824 ], [ 13.4648183, 52.6144974 ] ] ] } },
{ "type": "Feature", "properties": { "name": "Teich am Außenring", "name_norm": "teich am außenring", "natural": "water", "water": "pond", "wikidata": null, "area_sqkm": 0.00080098363342216694, "centroid_lon": 13.487229628706332, "centroid_lat": 52.585460451698076 }, "geometry": { "type": "Polygon", "coordinates": [ [ [ 13.4871476, 52.5856135 ], [ 13.4869431, 52.5855471 ], [ 13.4869558, 52.5854515 ], [ 13.4871388, 52.5853691 ], [ 13.4873503, 52.5853254 ], [ 13.4874073, 52.5853248 ], [ 13.4875716, 52.5853649 ], [ 13.4873257, 52.5855573 ], [ 13.4871476, 52.5856135 ] ] ] } },
{ "type": "Feature", "properties": { "name": "Cecilienteich", "name_norm": "cecilienteich", "natural": "water", "water": "pond", "wikidata": null, "area_sqkm": 0.00035151284024141188, "centroid_lon": 13.313495576034656, "centroid_lat": 52.624346290614469 }, "geometry": { "type": "Polygon", "coordinates": [ [ [ 13.3137681, 52.6244083 ], [ 13.3135877, 52.6244051 ], [ 13.3133899, 52.6243834 ], [ 13.3132062, 52.62434 ], [ 13.3132172, 52.6243146 ], [ 13.3132196, 52.624294399999989 ], [ 13.313475, 52.62428580000001 ], [ 13.3135931, 52.624304499999987 ], [ 13.3137795, 52.624363099999989 ], [ 13.313774, 52.6243808 ], [ 13.3137681, 52.6244083 ] ] ] } },
{ "type": "Feature", "properties": { "name": "Viktoriateich", "name_norm": "viktoriateich", "natural": "water", "water": "pond", "wikidata": null, "area_sqkm": 0.00067766351507526576, "centroid_lon": 13.438847826751614, "centroid_lat": 52.604631856297587 }, "geometry": { "type": "Polygon", "coordinates": [ [ [ 13.4389543, 52.60474090000001 ], [ 13.4386625, 52.6046305 ], [ 13.438575, 52.6046149 ], [ 13.4384569, 52.6046669 ], [ 13.438418, 52.6046637 ], [ 13.4384109, 52.604638 ], [ 13.4384041, 52.6046259 ], [ 13.4384192, 52.6045983 ], [ 13.4384665, 52.604568199999981 ], [ 13.438572, 52.604559499999986 ], [ 13.4386458, 52.6045703 ], [ 13.4387576, 52.604547899999986 ], [ 13.4388638, 52.6045433 ], [ 13.4389751, 52.6045451 ], [ 13.4390213, 52.6045545 ], [ 13.4390694, 52.6045741 ], [ 13.4391032, 52.6046021 ], [ 13.4391339, 52.6046385 ], [ 13.4391444, 52.6046668 ], [ 13.4391501, 52.604713599999982 ], [ 13.4391398, 52.6047276 ], [ 13.4391218, 52.604744399999987 ], [ 13.4390958, 52.604754099999987 ], [ 13.4390626, 52.604751899999989 ], [ 13.4390012, 52.6047487 ], [ 13.4389543, 52.60474090000001 ] ] ] } },
{ "type": "Feature", "properties": { "name": "Inselteich", "name_norm": "inselteich", "natural": "water", "water": "lake", "wikidata": "Q115756975", "area_sqkm": 0.041606500391574597, "centroid_lon": 13.461152639711111, "centroid_lat": 52.62418355899262 }, "geometry": { "type": "Polygon", "coordinates": [ [ [ 13.4624302, 52.6267662 ], [ 13.4624024, 52.6267606 ], [ 13.4619517, 52.6264233 ], [ 13.4618179, 52.6263082 ], [ 13.461685, 52.6261249 ], [ 13.4616292, 52.6259788 ], [ 13.4613458, 52.6249218 ], [ 13.461199, 52.624677 ], [ 13.4610139, 52.624492 ], [ 13.4608894, 52.6243955 ], [ 13.4604898, 52.6242418 ], [ 13.4595834, 52.623909899999987 ], [ 13.4594328, 52.6238264 ], [ 13.4593548, 52.6236481 ], [ 13.4593176, 52.623409 ], [ 13.4593808, 52.6230728 ], [ 13.4594972, 52.622921 ], [ 13.4595185, 52.6228923 ], [ 13.4595422, 52.6228392 ], [ 13.4595245, 52.6227856 ], [ 13.4596017, 52.622819199999988 ], [ 13.4596914, 52.6228279 ], [ 13.4600547, 52.6227442 ], [ 13.4601523, 52.6227081 ], [ 13.4603112, 52.6226872 ], [ 13.4604255, 52.6226962 ], [ 13.4605323, 52.6227239 ], [ 13.4614657, 52.6230826 ], [ 13.4620056, 52.6234521 ], [ 13.4623266, 52.6238898 ], [ 13.4623259, 52.62391550000001 ], [ 13.4622964, 52.6249587 ], [ 13.4622764, 52.6256632 ], [ 13.4623382, 52.6258178 ], [ 13.4624341, 52.6264015 ], [ 13.4624688, 52.626705 ], [ 13.4624615, 52.6267716 ], [ 13.4624302, 52.6267662 ] ] ] } },
{ "type": "Feature", "properties": { "name": "Teich Heim-Krankenhaus", "name_norm": "teich heim-krankenhaus", "natural": "water", "water": "pond", "wikidata": null, "area_sqkm": 0.0004660644476808552, "centroid_lon": 13.492630916055766, "centroid_lat": 52.649056183422083 }, "geometry": { "type": "Polygon", "coordinates": [ [ [ 13.492562, 52.64914 ], [ 13.4924451, 52.649056 ], [ 13.4924466, 52.64901170000001 ], [ 13.4924585, 52.648976 ], [ 13.4925203, 52.6489435 ], [ 13.4925985, 52.6489435 ], [ 13.4926789, 52.6489516 ], [ 13.492813, 52.6490596 ], [ 13.4928085, 52.649110199999988 ], [ 13.4927795, 52.649159 ], [ 13.4927095, 52.6491829 ], [ 13.492562, 52.64914 ] ] ] } },
{ "type": "Feature", "properties": { "name": "Teich am Parkgraben", "name_norm": "teich am parkgraben", "natural": "water", "water": "pond", "wikidata": null, "area_sqkm": 0.00019747643147465156, "centroid_lon": 13.32540028848881, "centroid_lat": 52.595584422182341 }, "geometry": { "type": "Polygon", "coordinates": [ [ [ 13.3253559, 52.5955179 ], [ 13.325455, 52.5955146 ], [ 13.3255134, 52.5955469 ], [ 13.3255063, 52.5956071 ], [ 13.325455, 52.5956555 ], [ 13.3253629, 52.5956587 ], [ 13.3252851, 52.5956082 ], [ 13.3252886, 52.595549 ], [ 13.3253559, 52.5955179 ] ] ] } },
{ "type": "Feature", "properties": { "name": "Dorfteich Wartenberg", "name_norm": "dorfteich wartenberg", "natural": "water", "water": "pond", "wikidata": null, "area_sqkm": 0.00037680573138869729, "centroid_lon": 13.51477598223112, "centroid_lat": 52.575224972062635 }, "geometry": { "type": "Polygon", "coordinates": [ [ [ 13.5148361, 52.5752978 ], [ 13.5147298, 52.575311899999988 ], [ 13.5146584, 52.5753076 ], [ 13.5146102, 52.5753 ], [ 13.5145828, 52.5752624 ], [ 13.5145832, 52.5752167 ], [ 13.5146105, 52.5751936 ], [ 13.5148605, 52.5751296 ], [ 13.5149078, 52.5751306 ], [ 13.5149467, 52.5751539 ], [ 13.5149663, 52.5751927 ], [ 13.514961, 52.5752201 ], [ 13.51492, 52.5752592 ], [ 13.5148361, 52.5752978 ] ] ] } },
{ "type": "Feature", "properties": { "name": "Regenauffangbecken", "name_norm": "regenauffangbecken", "natural": "water", "water": "pond", "wikidata": null, "area_sqkm": 0.00014248072685549705, "centroid_lon": 13.331146161015168, "centroid_lat": 52.576179778542425 }, "geometry": { "type": "Polygon", "coordinates": [ [ [ 13.3310913, 52.576227 ], [ 13.3310294, 52.5762217 ], [ 13.3310416, 52.5761766 ], [ 13.3310739, 52.5761485 ], [ 13.3311228, 52.5761214 ], [ 13.3311673, 52.5761185 ], [ 13.331211, 52.576133 ], [ 13.331249, 52.5761588 ], [ 13.3312583, 52.5761945 ], [ 13.331235, 52.576215 ], [ 13.3311834, 52.5762276 ], [ 13.3311382, 52.5762313 ], [ 13.3310913, 52.576227 ] ] ] } },
{ "type": "Feature", "properties": { "name": "Niederheidesee", "name_norm": "niederheidesee", "natural": "water", "water": "pond", "wikidata": "Q59875593", "area_sqkm": 0.0017364122933593014, "centroid_lon": 13.186668740578058, "centroid_lat": 52.569136583454004 }, "geometry": { "type": "Polygon", "coordinates": [ [ [ 13.1869362, 52.5693253 ], [ 13.1867825, 52.5693314 ], [ 13.1866175, 52.5693254 ], [ 13.1864698, 52.5692791 ], [ 13.1862958, 52.5692014 ], [ 13.186267, 52.5691037 ], [ 13.1863799, 52.5690059 ], [ 13.1865191, 52.5689636 ], [ 13.186716, 52.5689154 ], [ 13.1869344, 52.5689884 ], [ 13.1869824, 52.5690949 ], [ 13.1870256, 52.5692554 ], [ 13.1869362, 52.5693253 ] ] ] } },
{ "type": "Feature", "properties": { "name": "Broff Pond", "name_norm": "broff pond", "natural": "water", "water": "pond", "wikidata": null, "area_sqkm": 0.01597321571591068, "centroid_lon": -72.760266434313507, "centroid_lat": 41.646048203091937 }, "geometry": { "type": "Polygon", "coordinates": [ [ [ -72.760175299999418, 41.646277999999278 ], [ -72.760380499999428, 41.64637119999928 ], [ -72.760393899999428, 41.646376199999274 ], [ -72.760405999999435, 41.646382199999273 ], [ -72.760448899999417, 41.646405299999266 ], [ -72.760459599999436, 41.646413299999274 ], [ -72.760481099999424, 41.646427299999274 ], [ -72.760533399999431, 41.646458399999283 ], [ -72.760545499999438, 41.64646339999927 ], [ -72.760557499999422, 41.646467399999281 ], [ -72.760582999999414, 41.646473399999273 ], [ -72.760624599999431, 41.646479499999266 ], [ -72.760739899999422, 41.646474399999285 ], [ -72.760766699999422, 41.646474399999278 ], [ -72.760805599999401, 41.646478499999276 ], [ -72.760820399999446, 41.646480499999278 ], [ -72.760836499999414, 41.646481499999275 ], [ -72.760849899999428, 41.646481499999275 ], [ -72.760867299999433, 41.646483499999263 ], [ -72.760987999999429, 41.646483499999277 ], [ -72.761001399999415, 41.646482499999273 ], [ -72.761064499999435, 41.646444399999282 ], [ -72.761072499999415, 41.646434399999265 ], [ -72.761077899999435, 41.646424299999282 ], [ -72.761084599999421, 41.646415299999283 ], [ -72.761088599999411, 41.646405299999273 ], [ -72.761089999999413, 41.646394299999272 ], [ -72.76110599999943, 41.646363199999271 ], [ -72.761119499999424, 41.646345199999274 ], [ -72.761126199999424, 41.646334099999265 ], [ -72.761142299999435, 41.646314099999273 ], [ -72.761148999999435, 41.646303099999265 ], [ -72.76115299999941, 41.646290999999266 ], [ -72.761150299999414, 41.646232899999276 ], [ -72.761147599999418, 41.646221899999276 ], [ -72.761135499999426, 41.646200899999265 ], [ -72.761128799999412, 41.646191799999279 ], [ -72.761112799999438, 41.646175799999277 ], [ -72.761091299999421, 41.646159799999275 ], [ -72.761029599999418, 41.646119699999275 ], [ -72.761017499999411, 41.646110699999291 ], [ -72.761004099999397, 41.646102599999267 ], [ -72.760993399999435, 41.64609459999928 ], [ -72.760979999999435, 41.646085599999275 ], [ -72.760899499999411, 41.646042499999275 ], [ -72.760886099999425, 41.646038499999271 ], [ -72.760853899999432, 41.64603049999927 ], [ -72.760837799999422, 41.646027499999271 ], [ -72.760679599999435, 41.645983399999274 ], [ -72.760662099999422, 41.645976399999277 ], [ -72.760632599999425, 41.645965299999276 ], [ -72.760568299999434, 41.645943299999274 ], [ -72.760553499999432, 41.645939299999263 ], [ -72.760534699999425, 41.645932299999266 ], [ -72.760381799999422, 41.645880199999269 ], [ -72.760349699999438, 41.645870099999279 ], [ -72.760293299999418, 41.64584809999927 ], [ -72.760277199999422, 41.645841099999267 ], [ -72.760173999999438, 41.645804999999278 ], [ -72.760161899999432, 41.645798999999272 ], [ -72.760148499999431, 41.645793999999263 ], [ -72.760136399999411, 41.645786999999267 ], [ -72.760122999999425, 41.645779899999276 ], [ -72.760109599999439, 41.645771899999275 ], [ -72.760086799999428, 41.64575689999927 ], [ -72.760046599999427, 41.645720799999282 ], [ -72.760035799999429, 41.645711799999276 ], [ -72.76002509999941, 41.645704799999265 ], [ -72.760010399999416, 41.645696799999278 ], [ -72.759995599999428, 41.645690799999265 ], [ -72.759983499999421, 41.645684699999286 ], [ -72.759940599999425, 41.645672699999267 ], [ -72.759794399999421, 41.645635599999281 ], [ -72.759767599999435, 41.645625599999292 ], [ -72.759735399999414, 41.645612599999268 ], [ -72.759703299999416, 41.645596599999273 ], [ -72.759664399999423, 41.645579499999265 ], [ -72.759648299999412, 41.645571499999278 ], [ -72.75961879999943, 41.645560499999277 ], [ -72.759587899999431, 41.645547399999273 ], [ -72.759570499999441, 41.645541399999267 ], [ -72.759557099999412, 41.645537399999284 ], [ -72.759542299999424, 41.645534399999278 ], [ -72.759523499999418, 41.645533399999266 ], [ -72.759492699999427, 41.64553339999928 ], [ -72.759479299999413, 41.645536399999266 ], [ -72.759472599999427, 41.645545399999257 ], [ -72.759456499999445, 41.645580499999284 ], [ -72.759449799999416, 41.645590499999287 ], [ -72.759418899999432, 41.645624599999273 ], [ -72.759397499999437, 41.645651699999284 ], [ -72.759377399999437, 41.645681699999265 ], [ -72.759370699999423, 41.645692799999289 ], [ -72.759361299999426, 41.645701799999273 ], [ -72.759351899999416, 41.645709799999281 ], [ -72.75934249999942, 41.645719799999277 ], [ -72.759331799999416, 41.645739899999278 ], [ -72.759339799999424, 41.645781999999272 ], [ -72.759347899999412, 41.645801999999279 ], [ -72.759354599999412, 41.645810999999277 ], [ -72.75936259999942, 41.645818999999285 ], [ -72.759440399999434, 41.645876199999272 ], [ -72.75946049999942, 41.645889199999267 ], [ -72.75947119999941, 41.645895199999281 ], [ -72.759654999999427, 41.645984399999278 ], [ -72.759668399999427, 41.645990399999285 ], [ -72.759681799999427, 41.645994399999275 ], [ -72.759696499999436, 41.646003399999287 ], [ -72.75970729999942, 41.646008399999268 ], [ -72.75972069999942, 41.646015499999272 ], [ -72.759754199999435, 41.646036499999269 ], [ -72.759776999999417, 41.646049499999251 ], [ -72.759924499999428, 41.646124699999277 ], [ -72.759937899999429, 41.646133699999275 ], [ -72.759947299999411, 41.646140699999272 ], [ -72.759960699999425, 41.64614869999928 ], [ -72.75998089999942, 41.64616179999927 ], [ -72.759990199999436, 41.646168799999273 ], [ -72.760002299999414, 41.646176799999274 ], [ -72.760080099999428, 41.646224899999289 ], [ -72.760092199999434, 41.646231899999265 ], [ -72.760104199999432, 41.646237899999285 ], [ -72.760116299999424, 41.646245999999266 ], [ -72.760128399999431, 41.646251999999265 ], [ -72.760163199999425, 41.646272999999269 ], [ -72.760175299999418, 41.646277999999278 ] ] ] } },
{ "type": "Feature", "properties": { "name": "Sage Pond", "name_norm": "sage pond", "natural": "water", "water": "pond", "wikidata": null, "area_sqkm": 0.022337699399056801, "centroid_lon": -72.743753306314716, "centroid_lat": 41.609571969196566 }, "geometry": { "type": "Polygon", "coordinates": [ [ [ -72.744105099999416, 41.608939099999276 ], [ -72.74409969999941, 41.608796699999267 ], [ -72.744094399999426, 41.608670299999268 ], [ -72.74393339999942, 41.608547999999267 ], [ -72.743847599999413, 41.608509899999277 ], [ -72.743783199999413, 41.608634199999265 ], [ -72.743772499999423, 41.608802699999259 ], [ -72.743724199999406, 41.609039299999267 ], [ -72.743579399999419, 41.609193799999268 ], [ -72.743539299999412, 41.609274399999258 ], [ -72.743511799999411, 41.609319799999248 ], [ -72.743479599999404, 41.609407699999259 ], [ -72.743454899999421, 41.60948859999926 ], [ -72.743412299999406, 41.609648099999269 ], [ -72.743408499999404, 41.609669399999262 ], [ -72.743434099999433, 41.609696999999272 ], [ -72.743423599999403, 41.60972109999927 ], [ -72.743395199999412, 41.60974029999926 ], [ -72.743378099999418, 41.609749499999268 ], [ -72.743326899999431, 41.609848799999277 ], [ -72.743283299999405, 41.609913999999272 ], [ -72.743235899999419, 41.609972799999255 ], [ -72.743199799999417, 41.610005499999268 ], [ -72.743102199999399, 41.610091999999263 ], [ -72.7430736999994, 41.610116099999267 ], [ -72.743042399999396, 41.610161399999285 ], [ -72.743024399999399, 41.610208199999263 ], [ -72.743050999999397, 41.61023869999925 ], [ -72.743141999999409, 41.610243699999266 ], [ -72.743243499999409, 41.610283399999268 ], [ -72.743356299999405, 41.610320299999259 ], [ -72.743420799999413, 41.610351499999268 ], [ -72.743496699999426, 41.610364899999261 ], [ -72.743545999999412, 41.610368499999268 ], [ -72.743614299999422, 41.61034649999926 ], [ -72.743652199999431, 41.610338699999261 ], [ -72.743703399999418, 41.610297599999264 ], [ -72.743783099999419, 41.61022029999927 ], [ -72.743822899999401, 41.610157899999265 ], [ -72.74388929999941, 41.610074899999269 ], [ -72.743968899999402, 41.609967199999261 ], [ -72.744011599999411, 41.609896299999278 ], [ -72.744056199999406, 41.609855799999274 ], [ -72.744088399999399, 41.609816799999273 ], [ -72.744109299999408, 41.609794199999264 ], [ -72.74413009999941, 41.609776399999276 ], [ -72.744161399999413, 41.609750199999269 ], [ -72.744180399999422, 41.609713299999264 ], [ -72.7441936999994, 41.609670799999265 ], [ -72.744199399999403, 41.609638899999261 ], [ -72.744216399999416, 41.609613399999262 ], [ -72.74423349999941, 41.60957579999927 ], [ -72.744253399999408, 41.609549499999268 ], [ -72.744268599999415, 41.609497799999268 ], [ -72.744291299999418, 41.609445299999273 ], [ -72.744287599999438, 41.609401399999264 ], [ -72.744264799999399, 41.609347499999259 ], [ -72.744234399999399, 41.609310599999269 ], [ -72.744216399999416, 41.609268799999256 ], [ -72.744190799999416, 41.609231899999266 ], [ -72.744161399999413, 41.609184399999279 ], [ -72.744136799999424, 41.609125499999273 ], [ -72.744135799999398, 41.609078699999259 ], [ -72.744127299999434, 41.609020599999262 ], [ -72.744105099999416, 41.608939099999276 ] ] ] } },
{ "type": "Feature", "properties": { "name": "Mosaisches Becken", "name_norm": "mosaisches becken", "natural": "water", "water": "pond", "wikidata": null, "area_sqkm": 2.024356900610477e-06, "centroid_lon": 13.441889525396794, "centroid_lat": 52.475143531758583 }, "geometry": { "type": "Polygon", "coordinates": [ [ [ 13.4418879, 52.475150699999986 ], [ 13.4418844, 52.4751501 ], [ 13.4418813, 52.4751488 ], [ 13.441879, 52.475147 ], [ 13.4418778, 52.4751448 ], [ 13.4418777, 52.4751426 ], [ 13.4418788, 52.4751404 ], [ 13.4418809, 52.4751385 ], [ 13.4418839, 52.4751371 ], [ 13.4418874, 52.4751364 ], [ 13.4418911, 52.4751363 ], [ 13.4418947, 52.475137 ], [ 13.4418978, 52.475138299999983 ], [ 13.4419, 52.4751401 ], [ 13.4419013, 52.4751422 ], [ 13.4419013, 52.4751445 ], [ 13.4419003, 52.4751467 ], [ 13.4418981, 52.475148599999983 ], [ 13.4418952, 52.4751499 ], [ 13.4418917, 52.4751507 ], [ 13.4418879, 52.475150699999986 ] ] ] } },
{ "type": "Feature", "properties": { "name": "Limonenteich", "name_norm": "limonenteich", "natural": "water", "water": "pond", "wikidata": null, "area_sqkm": 0.00051090765249186285, "centroid_lon": 13.299370239113266, "centroid_lat": 52.453346933960823 }, "geometry": { "type": "Polygon", "coordinates": [ [ [ 13.2991106, 52.4535294 ], [ 13.299132, 52.4534624 ], [ 13.2992393, 52.453348 ], [ 13.2993949, 52.4532352 ], [ 13.299478, 52.4532058 ], [ 13.299596, 52.4531878 ], [ 13.2996416, 52.4532352 ], [ 13.2995773, 52.4532858 ], [ 13.299419, 52.4534003 ], [ 13.2991696, 52.4535294 ], [ 13.2991106, 52.4535294 ] ] ] } },
{ "type": "Feature", "properties": { "name": "Finkenteich", "name_norm": "finkenteich", "natural": "water", "water": "pond", "wikidata": null, "area_sqkm": 0.00023308758337197056, "centroid_lon": 13.28719554948171, "centroid_lat": 52.465566534463328 }, "geometry": { "type": "Polygon", "coordinates": [ [ [ 13.2870518, 52.4655675 ], [ 13.2870501, 52.465537 ], [ 13.2871123, 52.4655212 ], [ 13.2872142, 52.4655033 ], [ 13.2872937, 52.4654991 ], [ 13.2873455, 52.4654981 ], [ 13.2873455, 52.465537 ], [ 13.2872937, 52.4655781 ], [ 13.2872781, 52.4656296 ], [ 13.2871762, 52.4656412 ], [ 13.2870777, 52.4656222 ], [ 13.2870518, 52.4655675 ] ] ] } },
{ "type": "Feature", "properties": { "name": "Königsheideteich", "name_norm": "konigsheideteich", "natural": "water", "water": "pond", "wikidata": null, "area_sqkm": 0.00038977475491328017, "centroid_lon": 13.485958060366018, "centroid_lat": 52.454878383386585 }, "geometry": { "type": "Polygon", "coordinates": [ [ [ 13.4858671, 52.4549596 ], [ 13.4858235, 52.4549121 ], [ 13.485802, 52.4548739 ], [ 13.4857983, 52.454847 ], [ 13.4858008, 52.4548335 ], [ 13.4858125, 52.4548219 ], [ 13.4858266, 52.4548114 ], [ 13.4858438, 52.4548021 ], [ 13.4858616, 52.4547949 ], [ 13.4858997, 52.4547818 ], [ 13.4859193, 52.454777 ], [ 13.4859421, 52.45477360000001 ], [ 13.4859881, 52.454777 ], [ 13.4860102, 52.45478 ], [ 13.4860508, 52.454790799999984 ], [ 13.4860692, 52.4547991 ], [ 13.4860845, 52.4548092 ], [ 13.4860938, 52.4548211 ], [ 13.4860993, 52.454835 ], [ 13.4861073, 52.4548612 ], [ 13.4861085, 52.4548754 ], [ 13.4861073, 52.4548896 ], [ 13.4860956, 52.4549162 ], [ 13.4860686, 52.45495360000001 ], [ 13.4860563, 52.4549656 ], [ 13.4860403, 52.4549761 ], [ 13.4860219, 52.454984 ], [ 13.4859783, 52.4549885 ], [ 13.4859556, 52.4549892 ], [ 13.4858898, 52.454978 ], [ 13.4858671, 52.4549596 ] ] ] } },
{ "type": "Feature", "properties": { "name": "Mittelmeerteich", "name_norm": "mittelmeerteich", "natural": "water", "water": "pond", "wikidata": null, "area_sqkm": 8.0690785598447828e-05, "centroid_lon": 13.304654280522895, "centroid_lat": 52.455862670858252 }, "geometry": { "type": "Polygon", "coordinates": [ [ [ 13.3045777, 52.4558621 ], [ 13.3045773, 52.455828899999986 ], [ 13.3045969, 52.455797 ], [ 13.3046233, 52.4558257 ], [ 13.3046743, 52.4558367 ], [ 13.3047321, 52.4558501 ], [ 13.3047576, 52.4558698 ], [ 13.3047394, 52.4558866 ], [ 13.3046939, 52.455900899999989 ], [ 13.3046537, 52.4559084 ], [ 13.3046062, 52.4558916 ], [ 13.3045777, 52.4558621 ] ] ] } },
{ "type": "Feature", "properties": { "name": "Eichenteich", "name_norm": "eichenteich", "natural": "water", "water": "pond", "wikidata": null, "area_sqkm": 0.0050374715390065538, "centroid_lon": 13.308758153145527, "centroid_lat": 52.452018025663179 }, "geometry": { "type": "Polygon", "coordinates": [ [ [ 13.3083029, 52.4524509 ], [ 13.3083911, 52.4524531 ], [ 13.3085129, 52.4524825 ], [ 13.3086206, 52.45249 ], [ 13.3086914, 52.4524621 ], [ 13.3087329, 52.4524285 ], [ 13.3087468, 52.4523898 ], [ 13.3087325, 52.452317499999978 ], [ 13.3086926, 52.4522191 ], [ 13.3086377, 52.4521369 ], [ 13.3084029, 52.4520427 ], [ 13.3083024, 52.4519917 ], [ 13.3082447, 52.4519357 ], [ 13.3082034, 52.4518322 ], [ 13.3082109, 52.451815 ], [ 13.308214, 52.451748099999989 ], [ 13.3082769, 52.4516968 ], [ 13.3082705, 52.4516212 ], [ 13.3081999, 52.4515807 ], [ 13.3081955, 52.4515619 ], [ 13.3082248, 52.4515423 ], [ 13.3082692, 52.4515209 ], [ 13.3083301, 52.4515196 ], [ 13.3083919, 52.45153950000001 ], [ 13.3084914, 52.451551 ], [ 13.3085525, 52.4515798 ], [ 13.3086264, 52.4516273 ], [ 13.3087287, 52.4516716 ], [ 13.3088794, 52.4516947 ], [ 13.3089917, 52.4517034 ], [ 13.3090977, 52.4517365 ], [ 13.3091642, 52.4517741 ], [ 13.3092228, 52.4518233 ], [ 13.3092601, 52.4518846 ], [ 13.3092805, 52.451943 ], [ 13.3092657, 52.4520184 ], [ 13.3091994, 52.4521432 ], [ 13.3091854, 52.452235 ], [ 13.3091996, 52.4522985 ], [ 13.3091683, 52.4523692 ], [ 13.3090847, 52.4524379 ], [ 13.3089452, 52.452513 ], [ 13.3088273, 52.45255130000001 ], [ 13.3086286, 52.452578 ], [ 13.3084263, 52.4525413 ], [ 13.3082926, 52.4525264 ], [ 13.3083029, 52.4524509 ] ] ] } },
{ "type": "Feature", "properties": { "name": "Eulenteich", "name_norm": "eulenteich", "natural": "water", "water": "pond", "wikidata": null, "area_sqkm": 0.0011096635878876627, "centroid_lon": 13.147303400151083, "centroid_lat": 52.396544819418288 }, "geometry": { "type": "Polygon", "coordinates": [ [ [ 13.1475475, 52.3969119 ], [ 13.1475167, 52.3968423 ], [ 13.1475113, 52.3967949 ], [ 13.1475125, 52.3967859 ], [ 13.1475154, 52.3967646 ], [ 13.1475006, 52.3967196 ], [ 13.1475006, 52.3966607 ], [ 13.1474724, 52.3966075 ], [ 13.1474604, 52.396461 ], [ 13.1471372, 52.3964643 ], [ 13.1469011, 52.3964675 ], [ 13.1466289, 52.3964577 ], [ 13.1463714, 52.3964561 ], [ 13.1462467, 52.396461 ], [ 13.1461474, 52.3964733 ], [ 13.1460361, 52.3964978 ], [ 13.1459382, 52.3964954 ], [ 13.145792, 52.3965158 ], [ 13.1456713, 52.396522399999988 ], [ 13.1456395, 52.3965187 ], [ 13.1456324, 52.396502699999985 ], [ 13.1456499, 52.3964872 ], [ 13.1457719, 52.3964855 ], [ 13.146008, 52.3964618 ], [ 13.1462131, 52.396444599999988 ], [ 13.1464224, 52.3964356 ], [ 13.1466329, 52.3964332 ], [ 13.1468032, 52.3964405 ], [ 13.1469052, 52.3964446 ], [ 13.1470567, 52.3964405 ], [ 13.1472243, 52.3964373 ], [ 13.1472713, 52.3964299 ], [ 13.1473678, 52.3964422 ], [ 13.1473973, 52.3964323 ], [ 13.1475529, 52.3964373 ], [ 13.1475851, 52.3964471 ], [ 13.1476146, 52.3964724 ], [ 13.1476133, 52.3964986 ], [ 13.1476495, 52.396520700000011 ], [ 13.1477031, 52.3965158 ], [ 13.1477635, 52.3964921 ], [ 13.1478037, 52.3964446 ], [ 13.147856, 52.3964086 ], [ 13.1479123, 52.3963931 ], [ 13.1479512, 52.3963849 ], [ 13.1480142, 52.3963734 ], [ 13.1481457, 52.3963792 ], [ 13.1481644, 52.3964127 ], [ 13.1481376, 52.39642580000001 ], [ 13.1480639, 52.3964332 ], [ 13.1479847, 52.3964332 ], [ 13.1479043, 52.3964446 ], [ 13.1478547, 52.3964749 ], [ 13.1478506, 52.3964929 ], [ 13.1478171, 52.3965027 ], [ 13.1478184, 52.396519099999985 ], [ 13.14786, 52.3965314 ], [ 13.1478694, 52.3965526 ], [ 13.1479096, 52.3965715 ], [ 13.1478319, 52.3965911 ], [ 13.1477728, 52.3965404 ], [ 13.1476629, 52.3965813 ], [ 13.1476521, 52.396704 ], [ 13.1476387, 52.3968055 ], [ 13.1476012, 52.396861199999989 ], [ 13.1475475, 52.3969119 ] ] ] } },
{ "type": "Feature", "properties": { "name": "Teich", "name_norm": "teich", "natural": "water", "water": "pond", "wikidata": null, "area_sqkm": 0.00010291485938249724, "centroid_lon": 13.34277843148746, "centroid_lat": 52.414273662684778 }, "geometry": { "type": "Polygon", "coordinates": [ [ [ 13.3427396, 52.4143272 ], [ 13.3427221, 52.414318 ], [ 13.3427151, 52.414308 ], [ 13.3427046, 52.4142988 ], [ 13.3426976, 52.4142795 ], [ 13.3427081, 52.4142667 ], [ 13.3427104, 52.4142496 ], [ 13.3427162, 52.4142338 ], [ 13.3427384, 52.4142218 ], [ 13.3427571, 52.4142133 ], [ 13.3427828, 52.4142147 ], [ 13.3427898, 52.414219 ], [ 13.3428085, 52.4142283 ], [ 13.3428318, 52.4142461 ], [ 13.3428447, 52.4142553 ], [ 13.342861, 52.4142681 ], [ 13.3428633, 52.4142781 ], [ 13.3428633, 52.4142923 ], [ 13.3428645, 52.414298 ], [ 13.3428622, 52.4143101 ], [ 13.3428423, 52.4143166 ], [ 13.3428213, 52.4143144 ], [ 13.3427945, 52.414318 ], [ 13.3427699, 52.4143223 ], [ 13.3427396, 52.4143272 ] ] ] } },
{ "type": "Feature", "properties": { "name": "Pond #35", "name_norm": "pond #35", "natural": "water", "water": "pond", "wikidata": null, "area_sqkm": 0.083632809905415537, "centroid_lon": -72.742276319797284, "centroid_lat": 41.634916941399403 }, "geometry": { "type": "Polygon", "coordinates": [ [ [ -72.743471399999422, 41.634326699999271 ], [ -72.743388399999404, 41.634333799999268 ], [ -72.743289399999426, 41.634386399999272 ], [ -72.743308499999415, 41.634498599999276 ], [ -72.74322869999942, 41.634555899999285 ], [ -72.743132899999424, 41.634548699999279 ], [ -72.743084999999411, 41.634493799999269 ], [ -72.743046599999417, 41.634393499999277 ], [ -72.743017899999415, 41.634393499999277 ], [ -72.743011499999398, 41.634424599999271 ], [ -72.742928399999428, 41.634469899999281 ], [ -72.74288369999941, 41.634438899999274 ], [ -72.7428517999994, 41.634379199999273 ], [ -72.742739999999429, 41.634367299999262 ], [ -72.742733599999426, 41.634276499999274 ], [ -72.742778299999429, 41.634204899999276 ], [ -72.742861399999398, 41.634099899999285 ], [ -72.742810299999419, 41.634054499999273 ], [ -72.74273679999942, 41.634092699999279 ], [ -72.742580299999418, 41.634042599999283 ], [ -72.742535599999414, 41.634047399999275 ], [ -72.74248769999943, 41.634092699999272 ], [ -72.742382199999412, 41.634009199999277 ], [ -72.742414199999416, 41.633935199999272 ], [ -72.742347099999407, 41.633896999999266 ], [ -72.742228899999418, 41.633966199999264 ], [ -72.74220659999942, 41.634009199999262 ], [ -72.742161899999417, 41.634009199999269 ], [ -72.742085199999423, 41.63404259999929 ], [ -72.741931899999415, 41.633999599999278 ], [ -72.741596499999403, 41.633851599999261 ], [ -72.741392099999416, 41.633913699999269 ], [ -72.741395299999397, 41.633997199999271 ], [ -72.741219599999411, 41.634147599999274 ], [ -72.741098199999428, 41.634214499999281 ], [ -72.741126999999409, 41.634319499999279 ], [ -72.741050299999415, 41.634383999999272 ], [ -72.741047099999435, 41.634426899999276 ], [ -72.741082199999411, 41.634553499999285 ], [ -72.741123799999428, 41.634608399999266 ], [ -72.741094999999419, 41.634665699999267 ], [ -72.741024699999414, 41.634675199999272 ], [ -72.740979999999411, 41.63461789999927 ], [ -72.7409097999994, 41.634570199999267 ], [ -72.740868199999412, 41.634560599999276 ], [ -72.740810699999415, 41.634567799999267 ], [ -72.740759599999407, 41.634615499999271 ], [ -72.740797999999415, 41.634679999999278 ], [ -72.740903399999425, 41.634694299999268 ], [ -72.740951299999423, 41.634720599999277 ], [ -72.741002399999417, 41.634713399999278 ], [ -72.741091799999424, 41.634784999999262 ], [ -72.741130199999432, 41.634792199999275 ], [ -72.741082199999411, 41.634827999999274 ], [ -72.740989599999409, 41.634820799999275 ], [ -72.740877799999438, 41.634849499999284 ], [ -72.740833099999435, 41.634835199999273 ], [ -72.740756399999427, 41.634861399999288 ], [ -72.740734099999415, 41.634904399999265 ], [ -72.740714899999418, 41.635038099999271 ], [ -72.740772399999415, 41.635171799999284 ], [ -72.74094489999942, 41.635319799999266 ], [ -72.741168499999418, 41.63543199999927 ], [ -72.741411199999405, 41.635515499999272 ], [ -72.741532599999417, 41.635496399999276 ], [ -72.741695499999409, 41.635517899999279 ], [ -72.741756199999415, 41.635410499999274 ], [ -72.741810499999417, 41.635434399999276 ], [ -72.741810499999417, 41.63546299999927 ], [ -72.741810499999417, 41.63552989999927 ], [ -72.74186159999941, 41.635568099999276 ], [ -72.741903099999419, 41.635575199999266 ], [ -72.741954199999412, 41.635522699999271 ], [ -72.742037299999424, 41.635453499999272 ], [ -72.742110699999415, 41.635458199999277 ], [ -72.742270499999421, 41.63552749999927 ], [ -72.742436499999428, 41.635532199999261 ], [ -72.742615399999409, 41.635565699999276 ], [ -72.742880499999416, 41.635484499999272 ], [ -72.742928399999428, 41.635534599999282 ], [ -72.742685699999399, 41.635589499999284 ], [ -72.742570699999419, 41.635682599999271 ], [ -72.742503599999424, 41.635696999999269 ], [ -72.742401399999437, 41.635773399999266 ], [ -72.742372699999422, 41.635859299999275 ], [ -72.742212999999424, 41.635957199999275 ], [ -72.742168199999412, 41.636016799999261 ], [ -72.742343899999426, 41.636119499999268 ], [ -72.742471699999427, 41.636069399999272 ], [ -72.742656899999417, 41.636100399999272 ], [ -72.742723999999427, 41.636152899999274 ], [ -72.742848599999419, 41.636126699999267 ], [ -72.742918899999438, 41.63609559999928 ], [ -72.74299549999941, 41.636131399999257 ], [ -72.743097699999424, 41.636064599999273 ], [ -72.743206299999414, 41.635966699999273 ], [ -72.743215899999413, 41.635899899999274 ], [ -72.743193599999429, 41.635875999999278 ], [ -72.743142399999428, 41.635844999999279 ], [ -72.743142399999414, 41.635790099999269 ], [ -72.743174399999404, 41.635723199999269 ], [ -72.743171199999423, 41.635570399999274 ], [ -72.743120099999416, 41.635534599999275 ], [ -72.743021099999424, 41.635532199999268 ], [ -72.743001899999413, 41.635484499999272 ], [ -72.743046599999417, 41.635417699999266 ], [ -72.743036999999418, 41.635372299999275 ], [ -72.743123299999425, 41.635357999999272 ], [ -72.743177599999413, 41.63525049999928 ], [ -72.743295799999416, 41.635195599999285 ], [ -72.743359599999408, 41.63520519999927 ], [ -72.743410699999401, 41.635171799999284 ], [ -72.743496999999437, 41.635178899999275 ], [ -72.743564099999432, 41.635238599999276 ], [ -72.74369499999942, 41.63529829999927 ], [ -72.74382599999943, 41.635312599999274 ], [ -72.74400169999943, 41.635283999999267 ], [ -72.744110299999434, 41.635267299999271 ], [ -72.74422519999942, 41.635312599999267 ], [ -72.744308299999417, 41.635298299999278 ], [ -72.744336999999433, 41.635343699999275 ], [ -72.744461599999426, 41.635350799999273 ], [ -72.744535099999425, 41.635312599999281 ], [ -72.744480799999437, 41.635229099999265 ], [ -72.744525499999426, 41.635193299999266 ], [ -72.744522299999417, 41.635116899999282 ], [ -72.744388099999412, 41.635116899999282 ], [ -72.744388099999426, 41.635188499999266 ], [ -72.744199699999427, 41.635226699999265 ], [ -72.744091099999409, 41.635195599999285 ], [ -72.74407829999943, 41.635145499999268 ], [ -72.743972899999434, 41.635145499999261 ], [ -72.743870699999434, 41.635169399999285 ], [ -72.743851499999408, 41.635219499999266 ], [ -72.743806799999419, 41.635209999999269 ], [ -72.743746099999413, 41.635164599999278 ], [ -72.743659899999415, 41.635169399999278 ], [ -72.743541699999412, 41.635076299999263 ], [ -72.743455499999399, 41.635009399999284 ], [ -72.743362799999431, 41.634949799999276 ], [ -72.743263799999426, 41.634935399999279 ], [ -72.743257399999436, 41.63491159999927 ], [ -72.743343699999429, 41.634901999999272 ], [ -72.743394799999436, 41.634890099999268 ], [ -72.743464999999418, 41.63492589999926 ], [ -72.743548099999401, 41.634932999999265 ], [ -72.743564099999418, 41.634992699999273 ], [ -72.743640699999418, 41.635011799999276 ], [ -72.74369499999942, 41.634990299999266 ], [ -72.743716199999426, 41.634928999999275 ], [ -72.743730199999405, 41.634842299999285 ], [ -72.74365669999942, 41.634699099999274 ], [ -72.743675899999403, 41.634582099999278 ], [ -72.743653499999425, 41.634503299999267 ], [ -72.743583199999406, 41.634469899999267 ], [ -72.743471399999422, 41.634326699999271 ] ] ] } },
{ "type": "Feature", "properties": { "name": "Lindengrabenteich", "name_norm": "lindengrabenteich", "natural": "water", "water": "pond", "wikidata": null, "area_sqkm": 0.00070764558706089742, "centroid_lon": 13.228270392175316, "centroid_lat": 52.621413754723157 }, "geometry": { "type": "Polygon", "coordinates": [ [ [ 13.2281899, 52.6216227 ], [ 13.2281053, 52.6216559 ], [ 13.2280305, 52.6216865 ], [ 13.2279824, 52.6217129 ], [ 13.2279735, 52.621704 ], [ 13.2280866, 52.621641 ], [ 13.2281463, 52.6215983 ], [ 13.2281863, 52.6215583 ], [ 13.2282068, 52.6215108 ], [ 13.2281872, 52.621427 ], [ 13.2281747, 52.62138 ], [ 13.228173, 52.621339399999989 ], [ 13.228173, 52.6212097 ], [ 13.2281543, 52.6211583 ], [ 13.2281311, 52.6211275 ], [ 13.2280626, 52.6210654 ], [ 13.2280278, 52.6210086 ], [ 13.2279993, 52.6209129 ], [ 13.2280243, 52.6208963 ], [ 13.2280466, 52.6209664 ], [ 13.2280619, 52.6210046 ], [ 13.2280755, 52.6210261 ], [ 13.2280943, 52.6210463 ], [ 13.2281227, 52.6210705 ], [ 13.2281699, 52.62111 ], [ 13.228211, 52.6211546 ], [ 13.2282457, 52.6213072 ], [ 13.2282592, 52.6213227 ], [ 13.2282753, 52.6213412 ], [ 13.2284134, 52.6214054 ], [ 13.2284607, 52.6214481 ], [ 13.2284825, 52.6214805 ], [ 13.2285042, 52.6215108 ], [ 13.2285291, 52.6215356 ], [ 13.2285621, 52.6215427 ], [ 13.2285639, 52.6215648 ], [ 13.2283965, 52.621580499999986 ], [ 13.2283092, 52.6215859 ], [ 13.2282754, 52.6215919 ], [ 13.2281899, 52.6216227 ] ] ] } },
{ "type": "Feature", "properties": { "name": "Rosenhagteich", "name_norm": "rosenhagteich", "natural": "water", "water": "pond", "wikidata": null, "area_sqkm": 0.00085259825737210593, "centroid_lon": 13.621085089251002, "centroid_lat": 52.525418075928293 }, "geometry": { "type": "Polygon", "coordinates": [ [ [ 13.6212121, 52.5252539 ], [ 13.621273, 52.525316 ], [ 13.6213161, 52.5253279 ], [ 13.6213233, 52.5253798 ], [ 13.621311, 52.5254104 ], [ 13.6212759, 52.5254653 ], [ 13.6212091, 52.5255196 ], [ 13.6211365, 52.525560300000016 ], [ 13.6210465, 52.525589 ], [ 13.6209327, 52.5255834 ], [ 13.6208674, 52.5254949 ], [ 13.6208537, 52.5254764 ], [ 13.6208611, 52.5254089 ], [ 13.6209004, 52.5253564 ], [ 13.6209938, 52.5253218 ], [ 13.6210429, 52.5252497 ], [ 13.6211178, 52.5252428 ], [ 13.6212121, 52.5252539 ] ] ] } },
{ "type": "Feature", "properties": { "name": "Erlengrundteich", "name_norm": "erlengrundteich", "natural": "water", "water": "pond", "wikidata": null, "area_sqkm": 5.6122464325806397e-05, "centroid_lon": 13.21383267241292, "centroid_lat": 52.586961619044111 }, "geometry": { "type": "Polygon", "coordinates": [ [ [ 13.2137337, 52.5869589 ], [ 13.2137354, 52.5869391 ], [ 13.2137542, 52.5869332 ], [ 13.213772, 52.5869344 ], [ 13.2137817, 52.5869397 ], [ 13.2137958, 52.5869389 ], [ 13.2137998, 52.5869434 ], [ 13.2138189, 52.586947 ], [ 13.213839, 52.5869426 ], [ 13.2138595, 52.5869409 ], [ 13.2139054, 52.586942400000012 ], [ 13.2139212, 52.5869505 ], [ 13.2139285, 52.5869633 ], [ 13.2139238, 52.5869656 ], [ 13.2139245, 52.5869723 ], [ 13.2139195, 52.5869743 ], [ 13.2139128, 52.5869739 ], [ 13.2138963, 52.5869835 ], [ 13.2138655, 52.5869908 ], [ 13.2138504, 52.5869915 ], [ 13.2138243, 52.5869876 ], [ 13.2137937, 52.5869805 ], [ 13.2137337, 52.5869589 ] ] ] } },
{ "type": "Feature", "properties": { "name": "Marks Dam", "name_norm": "marks dam", "natural": "water", "water": "pond", "wikidata": null, "area_sqkm": 0.015091800504078205, "centroid_lon": -72.82330066153034, "centroid_lat": 41.569269149784667 }, "geometry": { "type": "Polygon", "coordinates": [ [ [ -72.823219299999423, 41.569075799999254 ], [ -72.823070299999415, 41.569124299999245 ], [ -72.822979299999417, 41.569186899999245 ], [ -72.822873799999414, 41.569279499999254 ], [ -72.822688199999433, 41.56945639999924 ], [ -72.822615399999421, 41.569543499999249 ], [ -72.822528099999431, 41.569638799999233 ], [ -72.822498999999425, 41.569712299999246 ], [ -72.822546299999431, 41.569755899999244 ], [ -72.822615399999421, 41.569772199999242 ], [ -72.822699099999411, 41.569769499999239 ], [ -72.822951099999429, 41.569738099999249 ], [ -72.822999399999418, 41.569721999999246 ], [ -72.823120099999414, 41.569695899999239 ], [ -72.823179099999422, 41.569687899999252 ], [ -72.823229999999427, 41.56968589999925 ], [ -72.823283699999436, 41.569675799999239 ], [ -72.823339999999419, 41.569659799999258 ], [ -72.823393599999434, 41.569649799999254 ], [ -72.823425799999427, 41.569617699999256 ], [ -72.823463399999426, 41.569517299999248 ], [ -72.823482199999418, 41.569479199999265 ], [ -72.823506299999423, 41.569437099999256 ], [ -72.823535799999419, 41.569398899999243 ], [ -72.823557299999408, 41.569354799999246 ], [ -72.823584099999437, 41.569314599999238 ], [ -72.823621599999413, 41.569282499999247 ], [ -72.823664499999438, 41.569250399999234 ], [ -72.823707499999429, 41.569224299999242 ], [ -72.823755699999424, 41.569200299999245 ], [ -72.823812099999415, 41.569186199999244 ], [ -72.82386569999943, 41.569176199999262 ], [ -72.823919399999426, 41.569172199999237 ], [ -72.823972999999413, 41.569160099999245 ], [ -72.824018599999434, 41.569135999999254 ], [ -72.824050799999412, 41.569097899999257 ], [ -72.824034699999416, 41.569057799999257 ], [ -72.823970299999431, 41.568989599999242 ], [ -72.82394079999942, 41.568953399999252 ], [ -72.823903299999415, 41.568921299999246 ], [ -72.823871099999437, 41.568879199999245 ], [ -72.823846899999438, 41.568841099999247 ], [ -72.823828199999411, 41.568800899999232 ], [ -72.823814799999425, 41.568758799999252 ], [ -72.823793299999437, 41.568718699999259 ], [ -72.823769199999433, 41.568678499999244 ], [ -72.823742299999438, 41.568642399999241 ], [ -72.823694099999429, 41.568620299999253 ], [ -72.823651599999423, 41.568612399999253 ], [ -72.823629699999415, 41.568608299999248 ], [ -72.82357599999942, 41.56861029999925 ], [ -72.823514299999403, 41.568616299999242 ], [ -72.823485499999421, 41.568627599999253 ], [ -72.82346339999944, 41.568636399999235 ], [ -72.823449999999411, 41.568676499999242 ], [ -72.823455299999438, 41.568716599999256 ], [ -72.823466099999422, 41.56875679999925 ], [ -72.823490199999412, 41.568796899999228 ], [ -72.823498299999414, 41.568839099999245 ], [ -72.823498299999414, 41.568925299999229 ], [ -72.823487499999416, 41.569005599999244 ], [ -72.823449999999411, 41.569037699999249 ], [ -72.823398999999412, 41.569051799999237 ], [ -72.823345399999411, 41.569065799999237 ], [ -72.823219299999423, 41.569075799999254 ] ] ] } },
{ "type": "Feature", "properties": { "name": "Fischerbrunnen", "name_norm": "fischerbrunnen", "natural": "water", "water": "pond", "wikidata": null, "area_sqkm": 0.00014379008289735779, "centroid_lon": 13.478128989722373, "centroid_lat": 52.513749750428488 }, "geometry": { "type": "Polygon", "coordinates": [ [ [ 13.4781472, 52.5136662 ], [ 13.4781629, 52.5137092 ], [ 13.4782315, 52.5137129 ], [ 13.4782108, 52.5137629 ], [ 13.4781308, 52.5138426 ], [ 13.4780399, 52.5137723 ], [ 13.478076, 52.5136825 ], [ 13.4781472, 52.5136662 ] ] ] } },
{ "type": "Feature", "properties": { "name": "Büffelteich", "name_norm": "buffelteich", "natural": "water", "water": "pond", "wikidata": null, "area_sqkm": 0.0012456277380984669, "centroid_lon": 13.129654966774222, "centroid_lat": 52.439478175059683 }, "geometry": { "type": "Polygon", "coordinates": [ [ [ 13.1294252, 52.4395727 ], [ 13.1293407, 52.439572699999985 ], [ 13.129334, 52.4395539 ], [ 13.1293903, 52.4393135 ], [ 13.1294104, 52.4393004 ], [ 13.1294507, 52.439288199999986 ], [ 13.1294976, 52.4392865 ], [ 13.1295714, 52.43930120000001 ], [ 13.1296733, 52.4393397 ], [ 13.1297471, 52.439358499999983 ], [ 13.1298248, 52.439392 ], [ 13.1298678, 52.4394059 ], [ 13.1299509, 52.4394468 ], [ 13.1299724, 52.4394615 ], [ 13.1300072, 52.43950730000001 ], [ 13.1300126, 52.4395252 ], [ 13.1300086, 52.43956690000001 ], [ 13.1299616, 52.439607 ], [ 13.1299013, 52.4396315 ], [ 13.1298503, 52.4396389 ], [ 13.1297497, 52.4396405 ], [ 13.1295566, 52.4395939 ], [ 13.1294252, 52.4395727 ] ] ] } },
{ "type": "Feature", "properties": { "name": "Meiereiteich", "name_norm": "meiereiteich", "natural": "water", "water": "pond", "wikidata": null, "area_sqkm": 0.00042819765840613474, "centroid_lon": 13.132966872834697, "centroid_lat": 52.439210439237407 }, "geometry": { "type": "Polygon", "coordinates": [ [ [ 13.1327498, 52.4393732 ], [ 13.1327632, 52.439329 ], [ 13.132837, 52.4392546 ], [ 13.1328557, 52.4392056 ], [ 13.132892, 52.43915 ], [ 13.1329349, 52.4391206 ], [ 13.1329483, 52.439102599999984 ], [ 13.1329899, 52.4390838 ], [ 13.1330757, 52.4390821 ], [ 13.1330918, 52.4390846 ], [ 13.1331468, 52.4391067 ], [ 13.1331615, 52.4391222 ], [ 13.1331575, 52.439168 ], [ 13.133132, 52.4392007 ], [ 13.133081, 52.4392203 ], [ 13.1329805, 52.439289799999983 ], [ 13.1329094, 52.439329 ], [ 13.1327873, 52.4393691 ], [ 13.1327498, 52.4393732 ] ] ] } },
{ "type": "Feature", "properties": { "name": "Wasservogelteich", "name_norm": "wasservogelteich", "natural": "water", "water": "pond", "wikidata": null, "area_sqkm": 0.00082815866322029309, "centroid_lon": 13.127399663976451, "centroid_lat": 52.432840903737024 }, "geometry": { "type": "Polygon", "coordinates": [ [ [ 13.1276308, 52.433027 ], [ 13.1275852, 52.4330155 ], [ 13.1275584, 52.4330033 ], [ 13.1275262, 52.4329673 ], [ 13.1274135, 52.43295590000001 ], [ 13.1273264, 52.4329272 ], [ 13.1272419, 52.4329232 ], [ 13.1272124, 52.432915 ], [ 13.1270863, 52.4328062 ], [ 13.1270823, 52.4327882 ], [ 13.1270984, 52.4327694 ], [ 13.1271574, 52.4327604 ], [ 13.127262, 52.4327326 ], [ 13.1273317, 52.4327065 ], [ 13.1273901, 52.4326709 ], [ 13.1274202, 52.4326746 ], [ 13.1274524, 52.4326799 ], [ 13.1274404, 52.4327294 ], [ 13.1274457, 52.4327392 ], [ 13.1275088, 52.4327425 ], [ 13.1275932, 52.4327842 ], [ 13.1276469, 52.4327989 ], [ 13.1276523, 52.4328177 ], [ 13.1276281, 52.4328774 ], [ 13.1276228, 52.4329215 ], [ 13.1276335, 52.432973 ], [ 13.1276496, 52.4330115 ], [ 13.1276469, 52.433021299999986 ], [ 13.1276308, 52.433027 ] ] ] } },
{ "type": "Feature", "properties": { "name": "Biberteich", "name_norm": "biberteich", "natural": "water", "water": "pond", "wikidata": null, "area_sqkm": 0.00048654826655492028, "centroid_lon": 13.13421158282701, "centroid_lat": 52.433330487408959 }, "geometry": { "type": "Polygon", "coordinates": [ [ [ 13.1340694, 52.4331701 ], [ 13.1340634, 52.4331377 ], [ 13.1340574, 52.433105899999987 ], [ 13.134054, 52.4330801 ], [ 13.1340419, 52.4330401 ], [ 13.1340199, 52.4330005 ], [ 13.1340614, 52.4330016 ], [ 13.1340796, 52.4330032 ], [ 13.1340829, 52.4330233 ], [ 13.1340943, 52.4330564 ], [ 13.1341097, 52.433128 ], [ 13.1341111, 52.43314 ], [ 13.134115, 52.4331746 ], [ 13.1341144, 52.433197499999984 ], [ 13.1341875, 52.4332314 ], [ 13.1342196, 52.4332747 ], [ 13.1342505, 52.4333103 ], [ 13.1343028, 52.4333508 ], [ 13.1343645, 52.433406 ], [ 13.1343873, 52.433447699999988 ], [ 13.1344027, 52.433495899999983 ], [ 13.1344309, 52.4335231 ], [ 13.1344409, 52.4335327 ], [ 13.1344694, 52.4335476 ], [ 13.1344885, 52.43355769999998 ], [ 13.1345341, 52.4335679 ], [ 13.1345455, 52.4335736 ], [ 13.1345469, 52.4335785 ], [ 13.1344845, 52.4335842 ], [ 13.134438, 52.4335683 ], [ 13.1344154, 52.4335605 ], [ 13.1343893, 52.4335495 ], [ 13.1343631, 52.4335266 ], [ 13.1343511, 52.43352 ], [ 13.1343068, 52.4334808 ], [ 13.1342733, 52.4334604 ], [ 13.1342062, 52.4334334 ], [ 13.1341848, 52.4334203 ], [ 13.134158, 52.4333958 ], [ 13.1341258, 52.4333753 ], [ 13.1340949, 52.4333426 ], [ 13.1340788, 52.4333148 ], [ 13.1340614, 52.4332993 ], [ 13.134044, 52.4332707 ], [ 13.1340399, 52.4332396 ], [ 13.1340453, 52.4332183 ], [ 13.1340694, 52.4331701 ] ] ] } },
{ "type": "Feature", "properties": { "name": "Teich KGA Falkenhöhe Nord", "name_norm": "teich kga falkenhohe nord", "natural": "water", "water": "pond", "wikidata": null, "area_sqkm": 0.00065189856582775719, "centroid_lon": 13.537013772063391, "centroid_lat": 52.582508026554812 }, "geometry": { "type": "Polygon", "coordinates": [ [ [ 13.537136, 52.5826534 ], [ 13.5370641, 52.5826659 ], [ 13.5370059, 52.5826597 ], [ 13.5369169, 52.582634699999986 ], [ 13.5368724, 52.5825764 ], [ 13.536845, 52.5825172 ], [ 13.5368331, 52.5824558 ], [ 13.5368365, 52.5824256 ], [ 13.5368776, 52.582384 ], [ 13.536934, 52.5823601 ], [ 13.5370008, 52.582356 ], [ 13.5370727, 52.5823664 ], [ 13.5371309, 52.5823892 ], [ 13.5371634, 52.5824277 ], [ 13.5371822, 52.5825692 ], [ 13.5371685, 52.582618 ], [ 13.537136, 52.5826534 ] ] ] } },
{ "type": "Feature", "properties": { "name": "Donnlys Pond", "name_norm": "donnlys pond", "natural": "water", "water": "lake", "wikidata": null, "area_sqkm": 0.008794275738294317, "centroid_lon": -72.764250540773745, "centroid_lat": 41.641190607766809 }, "geometry": { "type": "Polygon", "coordinates": [ [ [ -72.764545999999427, 41.641022499999259 ], [ -72.764457499999438, 41.641017499999265 ], [ -72.764376999999428, 41.641017499999258 ], [ -72.764346199999423, 41.641015499999277 ], [ -72.764331399999435, 41.641013499999275 ], [ -72.764316599999432, 41.64101249999927 ], [ -72.764299199999414, 41.64100849999928 ], [ -72.764285799999428, 41.641003499999265 ], [ -72.764277799999434, 41.640993399999267 ], [ -72.764281799999424, 41.640983399999271 ], [ -72.764277799999434, 41.640950299999261 ], [ -72.764269699999417, 41.640940299999272 ], [ -72.764257599999425, 41.640934299999273 ], [ -72.764244199999411, 41.640930299999262 ], [ -72.764201299999414, 41.64092129999927 ], [ -72.764183899999423, 41.640915299999271 ], [ -72.764151699999417, 41.640909199999278 ], [ -72.764135599999435, 41.640907199999276 ], [ -72.764095399999434, 41.640907199999269 ], [ -72.764080599999417, 41.640908199999274 ], [ -72.764049799999412, 41.640908199999274 ], [ -72.764033699999402, 41.640909199999271 ], [ -72.764001499999438, 41.640930299999276 ], [ -72.763997499999419, 41.640940299999272 ], [ -72.763990799999434, 41.64095129999928 ], [ -72.763971999999427, 41.640971399999273 ], [ -72.763934399999428, 41.641020499999286 ], [ -72.76391569999943, 41.641036499999274 ], [ -72.763891499999417, 41.641052599999277 ], [ -72.763879399999411, 41.641059599999274 ], [ -72.763864699999431, 41.641066599999277 ], [ -72.763852599999439, 41.641070599999267 ], [ -72.763819099999424, 41.641076599999273 ], [ -72.763781499999425, 41.641078599999268 ], [ -72.76375339999943, 41.641084599999267 ], [ -72.763725199999428, 41.641095699999276 ], [ -72.763711799999413, 41.64110369999927 ], [ -72.763702399999417, 41.641112699999276 ], [ -72.763695699999431, 41.641122699999258 ], [ -72.763692999999421, 41.641133699999266 ], [ -72.763709099999431, 41.641160799999277 ], [ -72.763715799999432, 41.641169799999268 ], [ -72.763719899999415, 41.641179899999266 ], [ -72.763725199999442, 41.641187899999267 ], [ -72.763731899999414, 41.641211899999284 ], [ -72.763747999999424, 41.641240999999276 ], [ -72.763751999999414, 41.641250999999258 ], [ -72.763760099999431, 41.641260999999282 ], [ -72.763788299999433, 41.641288099999272 ], [ -72.763796299999427, 41.641297099999271 ], [ -72.763809699999427, 41.641318199999269 ], [ -72.763813699999432, 41.641328199999265 ], [ -72.763815099999405, 41.641340199999256 ], [ -72.76381509999942, 41.641361299999268 ], [ -72.763820399999432, 41.641381299999267 ], [ -72.763833899999412, 41.641400299999269 ], [ -72.76384189999942, 41.641409399999283 ], [ -72.763860699999412, 41.641427399999266 ], [ -72.763872699999425, 41.641436399999279 ], [ -72.76395719999941, 41.641450499999266 ], [ -72.764179899999419, 41.641435399999267 ], [ -72.764194599999428, 41.641433399999272 ], [ -72.764225499999412, 41.641433399999251 ], [ -72.764275099999438, 41.641437399999276 ], [ -72.764293899999416, 41.641441399999266 ], [ -72.764327399999431, 41.641446399999275 ], [ -72.764342099999411, 41.641447399999272 ], [ -72.764360899999431, 41.641447399999272 ], [ -72.764378299999422, 41.64144539999927 ], [ -72.764393099999424, 41.641444399999273 ], [ -72.764410499999428, 41.641441399999273 ], [ -72.764425299999417, 41.641439399999271 ], [ -72.764452099999417, 41.641431399999277 ], [ -72.764462799999421, 41.641425399999271 ], [ -72.76447359999942, 41.641418399999267 ], [ -72.764482899999422, 41.641409399999276 ], [ -72.764490999999424, 41.641399299999286 ], [ -72.764497699999424, 41.641389299999275 ], [ -72.764505699999418, 41.641367299999267 ], [ -72.764508399999414, 41.64135719999927 ], [ -72.76451379999942, 41.641348199999278 ], [ -72.764523199999417, 41.641339199999258 ], [ -72.764533899999435, 41.641332199999269 ], [ -72.764547299999421, 41.641327199999267 ], [ -72.764560699999421, 41.641323199999263 ], [ -72.764590199999418, 41.641317199999278 ], [ -72.764603599999433, 41.641315199999269 ], [ -72.764618399999421, 41.641314199999265 ], [ -72.764631799999421, 41.641314199999265 ], [ -72.76465859999945, 41.641312099999276 ], [ -72.764674699999418, 41.641310099999266 ], [ -72.764716299999435, 41.64127509999927 ], [ -72.764717599999443, 41.641263999999275 ], [ -72.764722999999435, 41.641242999999278 ], [ -72.764731099999437, 41.641221899999273 ], [ -72.764757899999424, 41.64117179999927 ], [ -72.764763199999422, 41.641162799999265 ], [ -72.764783399999445, 41.641147799999267 ], [ -72.76479409999942, 41.64114079999927 ], [ -72.764807499999435, 41.641133699999273 ], [ -72.764820899999435, 41.641128699999278 ], [ -72.764836999999417, 41.64112369999927 ], [ -72.764851799999434, 41.641119699999273 ], [ -72.764867799999436, 41.641116699999273 ], [ -72.76488529999942, 41.641110699999267 ], [ -72.764913399999415, 41.641098699999276 ], [ -72.764925499999435, 41.641091699999272 ], [ -72.764936199999411, 41.64108459999926 ], [ -72.764944299999414, 41.641074599999271 ], [ -72.764946999999438, 41.641064599999268 ], [ -72.764946999999424, 41.641052599999277 ], [ -72.764944299999414, 41.641041499999275 ], [ -72.764936199999426, 41.64103249999927 ], [ -72.764925499999435, 41.641025499999273 ], [ -72.764909399999411, 41.641023499999285 ], [ -72.764831599999425, 41.641021499999269 ], [ -72.764815499999415, 41.641020499999271 ], [ -72.764767299999448, 41.641020499999279 ], [ -72.764643899999413, 41.641018499999269 ], [ -72.764596899999432, 41.641018499999269 ], [ -72.764575499999424, 41.641019499999274 ], [ -72.764560699999436, 41.641019499999274 ], [ -72.764545999999427, 41.641022499999259 ] ] ] } },
{ "type": "Feature", "properties": { "name": "Frog Pond", "name_norm": "frog pond", "natural": "water", "water": "pond", "wikidata": null, "area_sqkm": 0.0012450078695298097, "centroid_lon": -71.673458694632487, "centroid_lat": 42.393124515870994 }, "geometry": { "type": "Polygon", "coordinates": [ [ [ -71.673718899999386, 42.393173899999525 ], [ -71.673724499999409, 42.393139199999538 ], [ -71.673656399999373, 42.393104599999532 ], [ -71.673583799999406, 42.39307489999954 ], [ -71.673515599999391, 42.393042699999533 ], [ -71.673427399999383, 42.393024599999535 ], [ -71.673387199999382, 42.393041099999536 ], [ -71.673315699999392, 42.393040299999534 ], [ -71.673244199999402, 42.393058399999539 ], [ -71.673217399999388, 42.393083999999533 ], [ -71.673211899999373, 42.393116999999535 ], [ -71.673248699999391, 42.39313509999954 ], [ -71.673296699999369, 42.393141699999546 ], [ -71.673348099999387, 42.393173099999522 ], [ -71.673355899999407, 42.393211799999534 ], [ -71.673440799999383, 42.393243999999534 ], [ -71.67347769999941, 42.393237399999521 ], [ -71.673491699999389, 42.393198399999548 ], [ -71.673485299999385, 42.393177399999537 ], [ -71.673510799999377, 42.393156999999526 ], [ -71.673545899999397, 42.393163799999535 ], [ -71.673584899999369, 42.39319199999953 ], [ -71.673640699999396, 42.393203599999538 ], [ -71.673718899999386, 42.393173899999525 ] ] ] } },
{ "type": "Feature", "properties": { "name": "Kleine Libelle", "name_norm": "kleine libelle", "natural": "water", "water": "pond", "wikidata": null, "area_sqkm": 0.0010005525606666332, "centroid_lon": 13.313435639734493, "centroid_lat": 52.548992128355728 }, "geometry": { "type": "Polygon", "coordinates": [ [ [ 13.3135612, 52.54908360000001 ], [ 13.3135066, 52.5490796 ], [ 13.3134431, 52.549080599999989 ], [ 13.3133846, 52.549092 ], [ 13.3133399, 52.5490954 ], [ 13.3133052, 52.5491036 ], [ 13.3132419, 52.549109399999985 ], [ 13.3131918, 52.5491032 ], [ 13.3131461, 52.549081 ], [ 13.3131213, 52.5490555 ], [ 13.3130666, 52.5490286 ], [ 13.3130347, 52.549005200000011 ], [ 13.31301, 52.5489773 ], [ 13.3130138, 52.5489459 ], [ 13.313037, 52.5489198 ], [ 13.3130826, 52.5489015 ], [ 13.3131119, 52.5488996 ], [ 13.3131465, 52.5489045 ], [ 13.3131817, 52.5489122 ], [ 13.3132224, 52.5489307 ], [ 13.3132817, 52.5489507 ], [ 13.313343, 52.5489664 ], [ 13.3133846, 52.5489728 ], [ 13.313429, 52.5489714 ], [ 13.3134544, 52.5489588 ], [ 13.3134744, 52.5489345 ], [ 13.3134749, 52.5489067 ], [ 13.3134507, 52.5488782 ], [ 13.3134586, 52.5488628 ], [ 13.3134759, 52.5488532 ], [ 13.3135095, 52.5488518 ], [ 13.3135955, 52.5488558 ], [ 13.3136669, 52.5488631 ], [ 13.3137172, 52.5488804 ], [ 13.3137618, 52.5489196 ], [ 13.313785, 52.5489572 ], [ 13.3137921, 52.5489899 ], [ 13.3137922, 52.5490257 ], [ 13.313774, 52.5490598 ], [ 13.3137416, 52.549079 ], [ 13.3137011, 52.5490974 ], [ 13.3136606, 52.5490994 ], [ 13.3136115, 52.5490933 ], [ 13.3135612, 52.54908360000001 ] ] ] } },
{ "type": "Feature", "properties": { "name": "Pferdepfuhl", "name_norm": "pferdepfuhl", "natural": "water", "water": "pond", "wikidata": null, "area_sqkm": 0.00024494530864312911, "centroid_lon": 13.480945973787184, "centroid_lat": 52.577239277689131 }, "geometry": { "type": "Polygon", "coordinates": [ [ [ 13.4810814, 52.5772923 ], [ 13.4808399, 52.57732140000001 ], [ 13.4808179, 52.5772113 ], [ 13.4808926, 52.5771688 ], [ 13.4810338, 52.5771526 ], [ 13.4810814, 52.5772923 ] ] ] } },
{ "type": "Feature", "properties": { "name": "Museumspfuhl", "name_norm": "museumspfuhl", "natural": "water", "water": "pond", "wikidata": null, "area_sqkm": 0.0027078415102373059, "centroid_lon": 13.534475559992039, "centroid_lat": 52.563288360893914 }, "geometry": { "type": "Polygon", "coordinates": [ [ [ 13.5349003, 52.563473 ], [ 13.534853, 52.5635001 ], [ 13.5347638, 52.5635348 ], [ 13.5346777, 52.5635464 ], [ 13.5345755, 52.5635409 ], [ 13.5344566, 52.5635124 ], [ 13.5340715, 52.5633685 ], [ 13.5339928, 52.5633128 ], [ 13.5339507, 52.563247399999987 ], [ 13.5339524, 52.5631936 ], [ 13.5339906, 52.5631553 ], [ 13.5340811, 52.563099300000012 ], [ 13.5341897, 52.56306020000001 ], [ 13.5343324, 52.563044 ], [ 13.5345167, 52.5630609 ], [ 13.5346604, 52.5630987 ], [ 13.5348281, 52.5631755 ], [ 13.5349064, 52.5632347 ], [ 13.5349602, 52.563307 ], [ 13.5349653, 52.5633923 ], [ 13.5349003, 52.563473 ] ] ] } },
{ "type": "Feature", "properties": { "name": "Versunkener See", "name_norm": "versunkener see", "natural": "water", "water": "pond", "wikidata": null, "area_sqkm": 0.014832216190468653, "centroid_lon": 13.721509044909233, "centroid_lat": 52.427940637534128 }, "geometry": { "type": "Polygon", "coordinates": [ [ [ 13.7223641, 52.428081400000011 ], [ 13.7225126, 52.4281134 ], [ 13.7224514, 52.428156 ], [ 13.7224864, 52.4282572 ], [ 13.7222592, 52.4282306 ], [ 13.7221457, 52.428305099999989 ], [ 13.722102, 52.4283584 ], [ 13.721971, 52.4283584 ], [ 13.7218312, 52.428337099999986 ], [ 13.7217613, 52.4284223 ], [ 13.7215604, 52.4284117 ], [ 13.7214731, 52.4283744 ], [ 13.7213682, 52.4283691 ], [ 13.7211761, 52.4284277 ], [ 13.7210625, 52.4284649 ], [ 13.7210713, 52.4285555 ], [ 13.7209664, 52.428592799999983 ], [ 13.7209228, 52.4285395 ], [ 13.7208616, 52.4284862 ], [ 13.7206432, 52.428449 ], [ 13.7205559, 52.4283371 ], [ 13.7204685, 52.4282199 ], [ 13.7202851, 52.428161299999985 ], [ 13.7201279, 52.4279217 ], [ 13.7202851, 52.4277619 ], [ 13.7207568, 52.4277192 ], [ 13.7210363, 52.4275382 ], [ 13.7211324, 52.427452899999984 ], [ 13.721342, 52.4274902 ], [ 13.7216652, 52.4275435 ], [ 13.7217526, 52.4274423 ], [ 13.7219622, 52.4274742 ], [ 13.7224252, 52.4274476 ], [ 13.7225999, 52.4275062 ], [ 13.7228794, 52.4275701 ], [ 13.7229581, 52.4276607 ], [ 13.7228707, 52.427719199999984 ], [ 13.7228183, 52.4278045 ], [ 13.7227135, 52.4278737 ], [ 13.7225213, 52.4279483 ], [ 13.7223641, 52.428081400000011 ] ] ] } },
{ "type": "Feature", "properties": { "name": "ohne Name", "name_norm": "ohne name", "natural": "water", "water": "pond", "wikidata": null, "area_sqkm": 2.7914680528575536e-05, "centroid_lon": 13.285185957561813, "centroid_lat": 52.432969481726808 }, "geometry": { "type": "Polygon", "coordinates": [ [ [ 13.285152, 52.4329607 ], [ 13.2851722, 52.4329346 ], [ 13.2852114, 52.43292670000001 ], [ 13.2852137, 52.4329484 ], [ 13.285199, 52.4329706 ], [ 13.2852126, 52.4329875 ], [ 13.2852149, 52.433002 ], [ 13.2852042, 52.4330092 ], [ 13.2851852, 52.43301 ], [ 13.2851686, 52.4330042 ], [ 13.285152, 52.4329607 ] ] ] } },
{ "type": "Feature", "properties": { "name": "Friedhofsteich", "name_norm": "friedhofsteich", "natural": "water", "water": "pond", "wikidata": null, "area_sqkm": 3.7511018777094904e-05, "centroid_lon": 13.205465764294413, "centroid_lat": 52.426423887387749 }, "geometry": { "type": "Polygon", "coordinates": [ [ [ 13.2054573, 52.4264608 ], [ 13.2054412, 52.4264633 ], [ 13.2054231, 52.4264608 ], [ 13.2054143, 52.4264473 ], [ 13.205419, 52.4264388 ], [ 13.2054251, 52.4264248 ], [ 13.2054418, 52.4264081 ], [ 13.2054526, 52.426390499999989 ], [ 13.2054807, 52.4263893 ], [ 13.2055122, 52.4263889 ], [ 13.2055176, 52.4264142 ], [ 13.2055015, 52.4264302 ], [ 13.2054874, 52.4264416 ], [ 13.2054573, 52.4264608 ] ] ] } },
{ "type": "Feature", "properties": { "name": "Duck’s pond", "name_norm": "duck’s pond", "natural": "water", "water": "pond", "wikidata": null, "area_sqkm": 1.4915476192206644e-06, "centroid_lon": 13.28284697174778, "centroid_lat": 52.542785215042656 }, "geometry": { "type": "Polygon", "coordinates": [ [ [ 13.2828479, 52.5427927 ], [ 13.2828402, 52.5427896 ], [ 13.2828373, 52.5427834 ], [ 13.2828421, 52.542777399999984 ], [ 13.2828501, 52.5427792 ], [ 13.2828588, 52.5427878 ], [ 13.2828479, 52.5427927 ] ] ] } },
{ "type": "Feature", "properties": { "name": "Kranichpfuhl", "name_norm": "kranichpfuhl", "natural": "water", "water": "pond", "wikidata": null, "area_sqkm": 0.00069618673637737803, "centroid_lon": 13.332453583759639, "centroid_lat": 52.589265998020629 }, "geometry": { "type": "Polygon", "coordinates": [ [ [ 13.3325386, 52.5894377 ], [ 13.3324365, 52.5894377 ], [ 13.3323431, 52.5893715 ], [ 13.3322773, 52.5892159 ], [ 13.3322929, 52.5891233 ], [ 13.3324054, 52.5890813 ], [ 13.3325023, 52.589092899999983 ], [ 13.3326408, 52.5893294 ], [ 13.3326217, 52.589407199999989 ], [ 13.332575, 52.5894304 ], [ 13.3325386, 52.5894377 ] ] ] } }
]
}
